matchId,deckId,botType,side,winner,startingPlayer,roundsPlayed,baseHealth,cardsDrawn,cardsPlayed,energySpent,energyUnused,creaturesSummoned,creaturesDestroyed,baseDamage,healing,laneMoves
pc-4a05004f-0,forschung_muskelkraft__ohne_pc,control,0,1,1,10,4,19,11,41,5,9,11,10,0,0
pc-4a05004f-0,rudeljaeger__ohne_pc,control,1,0,0,10,0,15,13,35,16,12,4,6,0,0
pc-c352710c-1,forschung_muskelkraft__ohne_pc,control,0,1,1,7,6,15,9,27,1,7,6,12,0,0
pc-c352710c-1,rudeljaeger__ohne_pc,control,1,0,0,7,-2,11,10,24,1,8,3,4,0,0
pc-3c9fc1ca-2,forschung_muskelkraft__ohne_pc,control,0,1,1,8,6,16,8,26,2,7,11,13,0,0
pc-3c9fc1ca-2,rudeljaeger__ohne_pc,control,1,0,0,8,-3,12,11,25,7,10,2,4,0,0
pc-b5ed3287-3,forschung_muskelkraft__ohne_pc,control,0,1,1,9,2,16,10,36,8,8,11,10,0,0
pc-b5ed3287-3,rudeljaeger__ohne_pc,control,1,0,0,9,0,12,12,33,8,11,3,8,0,0
pc-2f3a8345-4,forschung_muskelkraft__ohne_pc,control,0,1,1,9,3,16,9,32,4,8,11,13,0,0
pc-2f3a8345-4,rudeljaeger__ohne_pc,control,1,0,0,9,-3,14,13,36,5,12,3,7,0,0
pc-a887f402-5,forschung_muskelkraft__ohne_pc,control,0,1,1,12,2,21,13,43,23,11,14,11,0,0
pc-a887f402-5,rudeljaeger__ohne_pc,control,1,0,0,12,-1,16,15,39,28,14,6,8,0,0
pc-21d544c0-6,forschung_muskelkraft__ohne_pc,control,0,1,1,8,1,18,8,29,5,6,8,12,0,0
pc-21d544c0-6,rudeljaeger__ohne_pc,control,1,0,0,8,-2,11,11,31,1,9,2,9,0,1
pc-9b22b57d-7,forschung_muskelkraft__ohne_pc,control,0,0,1,5,0,14,4,13,2,4,2,3,0,0
pc-9b22b57d-7,rudeljaeger__ohne_pc,control,1,1,0,5,7,12,5,15,0,5,1,10,0,0
pc-7f9a1a63-8,forschung_muskelkraft__ohne_pc,control,0,1,1,6,1,13,6,19,1,5,5,11,0,0
pc-7f9a1a63-8,rudeljaeger__ohne_pc,control,1,0,0,6,-1,10,7,21,0,7,1,9,0,1
pc-f8e76b20-9,forschung_muskelkraft__ohne_pc,control,0,1,1,10,1,23,10,38,8,9,14,12,0,0
pc-f8e76b20-9,rudeljaeger__ohne_pc,control,1,0,0,10,-2,14,13,35,14,13,4,9,0,0
pc-7234dbde-10,forschung_muskelkraft__ohne_pc,control,0,0,1,6,0,14,6,17,3,5,4,7,0,0
pc-7234dbde-10,rudeljaeger__ohne_pc,control,1,1,0,6,3,11,8,19,1,6,2,10,0,0
pc-eb822c9b-11,forschung_muskelkraft__ohne_pc,control,0,0,1,5,-1,12,5,14,1,4,3,6,0,0
pc-eb822c9b-11,rudeljaeger__ohne_pc,control,1,1,0,5,4,8,5,14,1,5,1,11,0,0
pc-64cf9d59-12,forschung_muskelkraft__ohne_pc,control,0,0,1,6,0,15,6,19,1,5,4,0,0,0
pc-64cf9d59-12,rudeljaeger__ohne_pc,control,1,1,0,6,10,10,8,18,0,8,1,10,0,0
pc-de1cee16-13,forschung_muskelkraft__ohne_pc,control,0,0,1,5,0,14,4,13,2,4,3,0,0,0
pc-de1cee16-13,rudeljaeger__ohne_pc,control,1,1,0,5,10,9,6,14,1,6,3,10,0,0
pc-576a5ed4-14,forschung_muskelkraft__ohne_pc,control,0,1,1,7,2,16,7,25,2,6,7,10,0,0
pc-576a5ed4-14,rudeljaeger__ohne_pc,control,1,0,0,7,0,11,9,25,2,9,4,8,0,1
pc-d0b7af91-15,forschung_muskelkraft__ohne_pc,control,0,0,1,5,0,12,5,14,1,4,2,3,0,0
pc-d0b7af91-15,rudeljaeger__ohne_pc,control,1,1,0,5,7,10,5,13,0,5,2,10,0,0
pc-b52f1477-16,forschung_muskelkraft__ohne_pc,control,0,1,1,8,3,15,10,33,1,8,6,13,0,0
pc-b52f1477-16,rudeljaeger__ohne_pc,control,1,0,0,8,-3,12,11,30,2,9,3,7,0,0
pc-2e7c6535-17,forschung_muskelkraft__ohne_pc,control,0,1,1,6,1,11,5,17,2,5,6,11,0,0
pc-2e7c6535-17,rudeljaeger__ohne_pc,control,1,0,0,6,-1,9,7,19,1,6,1,9,0,0
pc-a7c9d5f2-18,forschung_muskelkraft__ohne_pc,control,0,0,1,7,0,15,6,25,2,6,5,0,0,0
pc-a7c9d5f2-18,rudeljaeger__ohne_pc,control,1,1,0,7,10,10,9,24,2,8,3,10,0,0
pc-211726b0-19,forschung_muskelkraft__ohne_pc,control,0,1,1,6,1,13,6,20,1,5,4,10,0,0
pc-211726b0-19,rudeljaeger__ohne_pc,control,1,0,0,6,0,10,7,20,0,7,1,9,0,0
pc-9a64976d-20,forschung_muskelkraft__ohne_pc,control,0,1,1,8,1,19,8,26,3,7,9,12,0,0
pc-9a64976d-20,rudeljaeger__ohne_pc,control,1,0,0,8,-2,12,11,25,4,10,2,9,0,0
pc-13b1e82b-21,forschung_muskelkraft__ohne_pc,control,0,1,1,9,1,14,9,30,6,7,9,10,0,0
pc-13b1e82b-21,rudeljaeger__ohne_pc,control,1,0,0,9,0,13,13,32,9,12,2,9,0,0
pc-8cff58e8-22,forschung_muskelkraft__ohne_pc,control,0,0,1,4,0,9,3,8,2,3,0,0,0,0
pc-8cff58e8-22,rudeljaeger__ohne_pc,control,1,1,0,4,10,7,4,10,0,3,1,10,0,0
pc-064ca9a6-23,forschung_muskelkraft__ohne_pc,control,0,0,1,5,-3,11,5,12,3,4,5,0,0,0
pc-064ca9a6-23,rudeljaeger__ohne_pc,control,1,1,0,5,10,8,6,14,0,6,1,13,0,0
pc-eac40e8b-24,forschung_muskelkraft__ohne_pc,control,0,0,1,9,0,18,10,34,11,8,7,9,0,0
pc-eac40e8b-24,rudeljaeger__ohne_pc,control,1,1,0,9,1,14,11,34,8,10,4,10,0,2
pc-64117f49-25,forschung_muskelkraft__ohne_pc,control,0,1,1,8,5,15,8,30,3,7,10,14,0,0
pc-64117f49-25,rudeljaeger__ohne_pc,control,1,0,0,8,-4,11,11,30,3,9,2,5,0,0
pc-dd5ed006-26,forschung_muskelkraft__ohne_pc,control,0,0,1,4,-1,9,5,8,1,3,2,3,0,0
pc-dd5ed006-26,rudeljaeger__ohne_pc,control,1,1,0,4,7,7,5,10,0,4,1,11,0,0
pc-56ac20c4-27,forschung_muskelkraft__ohne_pc,control,0,0,1,4,0,10,4,7,1,3,0,3,0,0
pc-56ac20c4-27,rudeljaeger__ohne_pc,control,1,1,0,4,7,9,4,10,0,3,0,10,0,0
pc-cff99181-28,forschung_muskelkraft__ohne_pc,control,0,0,1,8,-2,19,10,31,4,8,7,2,0,0
pc-cff99181-28,rudeljaeger__ohne_pc,control,1,1,0,8,8,13,12,30,3,10,5,12,0,0
pc-4946e23f-29,forschung_muskelkraft__ohne_pc,control,0,0,1,9,0,17,11,42,3,10,8,3,0,0
pc-4946e23f-29,rudeljaeger__ohne_pc,control,1,1,0,9,7,15,12,36,3,11,8,10,0,1
pc-c29452fc-30,forschung_muskelkraft__ohne_pc,control,0,0,1,3,0,10,3,5,1,2,0,0,0,0
pc-c29452fc-30,rudeljaeger__ohne_pc,control,1,1,0,3,10,7,3,6,0,3,0,10,0,0
pc-3be1a3ba-31,forschung_muskelkraft__ohne_pc,control,0,1,1,8,6,17,9,32,3,8,8,12,0,0
pc-3be1a3ba-31,rudeljaeger__ohne_pc,control,1,0,0,8,-2,12,11,31,4,10,3,4,0,1
pc-205908a0-32,forschung_muskelkraft__ohne_pc,control,0,1,1,8,3,16,10,34,1,9,8,10,0,0
pc-205908a0-32,rudeljaeger__ohne_pc,control,1,0,0,8,0,13,11,31,3,11,4,7,0,1
pc-99a6795d-33,forschung_muskelkraft__ohne_pc,control,0,1,1,7,1,16,7,24,3,5,6,10,0,0
pc-99a6795d-33,rudeljaeger__ohne_pc,control,1,0,0,7,0,11,9,26,2,9,0,9,0,0
pc-12f3ca1b-34,forschung_muskelkraft__ohne_pc,control,0,1,1,5,4,12,4,13,2,4,3,10,0,0
pc-12f3ca1b-34,rudeljaeger__ohne_pc,control,1,0,0,5,0,9,4,14,1,4,1,6,0,0
pc-8c413ad8-35,forschung_muskelkraft__ohne_pc,control,0,1,1,12,3,24,13,49,22,11,16,13,0,0
pc-8c413ad8-35,rudeljaeger__ohne_pc,control,1,0,0,12,-3,18,16,43,27,15,6,7,0,1
pc-058e8b96-36,forschung_muskelkraft__ohne_pc,control,0,1,1,11,2,20,12,46,10,10,14,13,0,0
pc-058e8b96-36,rudeljaeger__ohne_pc,control,1,0,0,11,-3,17,15,34,22,13,5,8,0,0
pc-7edbfc53-37,forschung_muskelkraft__ohne_pc,control,0,0,1,3,0,11,3,5,1,2,0,0,0,0
pc-7edbfc53-37,rudeljaeger__ohne_pc,control,1,1,0,3,10,8,3,6,0,3,0,10,0,0
pc-f8294d10-38,forschung_muskelkraft__ohne_pc,control,0,1,1,9,1,19,10,33,3,8,10,15,0,0
pc-f8294d10-38,rudeljaeger__ohne_pc,control,1,0,0,9,-5,14,12,33,8,11,4,9,0,0
pc-7176bdce-39,forschung_muskelkraft__ohne_pc,control,0,0,1,5,0,10,5,14,1,4,4,4,0,0
pc-7176bdce-39,rudeljaeger__ohne_pc,control,1,1,0,5,6,9,5,13,0,5,1,10,0,0
pc-55ee02b4-40,forschung_muskelkraft__ohne_pc,control,0,0,1,6,-3,16,7,20,1,5,5,2,0,0
pc-55ee02b4-40,rudeljaeger__ohne_pc,control,1,1,0,6,8,10,9,21,0,8,2,13,0,0
pc-cf3b7371-41,forschung_muskelkraft__ohne_pc,control,0,1,1,10,1,15,9,32,13,7,14,14,0,0
pc-cf3b7371-41,rudeljaeger__ohne_pc,control,1,0,0,10,-4,16,13,32,13,12,2,9,0,0
pc-4888c42f-42,forschung_muskelkraft__ohne_pc,control,0,1,1,12,4,22,12,44,23,10,15,14,0,0
pc-4888c42f-42,rudeljaeger__ohne_pc,control,1,0,0,12,-4,16,16,41,27,14,5,6,0,1
pc-c1d634ec-43,forschung_muskelkraft__ohne_pc,control,0,1,1,6,4,15,6,19,1,5,5,11,0,0
pc-c1d634ec-43,rudeljaeger__ohne_pc,control,1,0,0,6,-1,10,9,17,2,7,1,6,0,0
pc-3b2385aa-44,forschung_muskelkraft__ohne_pc,control,0,0,1,6,-1,12,6,19,2,6,5,7,0,0
pc-3b2385aa-44,rudeljaeger__ohne_pc,control,1,1,0,6,3,10,6,18,3,6,2,11,0,0
pc-b470f667-45,forschung_muskelkraft__ohne_pc,control,0,1,1,8,3,17,9,29,5,7,9,13,0,0
pc-b470f667-45,rudeljaeger__ohne_pc,control,1,0,0,8,-3,11,10,30,4,10,2,7,0,2
pc-2dbe4725-46,forschung_muskelkraft__ohne_pc,control,0,0,1,10,-1,17,12,44,11,10,7,8,0,0
pc-2dbe4725-46,rudeljaeger__ohne_pc,control,1,1,0,10,2,14,12,31,14,11,6,11,0,1
pc-a70bb7e2-47,forschung_muskelkraft__ohne_pc,control,0,0,1,8,-1,18,10,33,3,9,6,7,0,0
pc-a70bb7e2-47,rudeljaeger__ohne_pc,control,1,1,0,8,3,11,11,28,3,10,5,11,0,0
pc-8b831cc8-48,forschung_muskelkraft__ohne_pc,control,0,1,1,9,3,19,11,35,2,9,10,12,0,0
pc-8b831cc8-48,rudeljaeger__ohne_pc,control,1,0,0,9,-2,15,13,33,7,11,4,7,0,1
pc-04d06d86-49,forschung_muskelkraft__ohne_pc,control,0,1,1,11,5,21,12,42,13,10,11,12,0,0
pc-04d06d86-49,rudeljaeger__ohne_pc,control,1,0,0,11,-2,14,14,33,25,12,5,5,0,0
pc-7e1dde43-50,forschung_muskelkraft__ohne_pc,control,0,0,1,8,-5,15,8,26,2,6,10,9,0,0
pc-7e1dde43-50,rudeljaeger__ohne_pc,control,1,1,0,8,1,12,11,26,4,10,4,15,0,0
pc-f76b2f00-51,forschung_muskelkraft__ohne_pc,control,0,1,1,7,1,14,8,27,1,7,6,11,0,0
pc-f76b2f00-51,rudeljaeger__ohne_pc,control,1,0,0,7,-1,12,9,25,2,9,2,9,0,0
pc-70b89fbe-52,forschung_muskelkraft__ohne_pc,control,0,1,1,6,3,11,6,20,1,5,5,11,0,0
pc-70b89fbe-52,rudeljaeger__ohne_pc,control,1,0,0,6,-1,10,6,19,2,6,1,7,0,0
pc-ea05f07b-53,forschung_muskelkraft__ohne_pc,control,0,0,1,5,-1,13,4,13,2,4,3,6,0,0
pc-ea05f07b-53,rudeljaeger__ohne_pc,control,1,1,0,5,4,10,5,15,0,5,1,11,0,0
pc-63534139-54,forschung_muskelkraft__ohne_pc,control,0,0,1,6,-1,15,5,19,2,5,1,1,0,0
pc-63534139-54,rudeljaeger__ohne_pc,control,1,1,0,6,9,10,6,19,1,5,3,11,0,0
pc-dca0b1f6-55,forschung_muskelkraft__ohne_pc,control,0,1,1,14,2,20,20,71,20,18,15,11,0,0
pc-dca0b1f6-55,rudeljaeger__ohne_pc,control,1,0,0,14,-1,20,18,50,42,16,17,8,0,3
pc-c11816dc-56,forschung_muskelkraft__ohne_pc,control,0,1,1,9,3,20,12,42,3,10,9,10,0,0
pc-c11816dc-56,rudeljaeger__ohne_pc,control,1,0,0,9,0,13,13,32,5,11,5,7,0,0
pc-3a65679a-57,forschung_muskelkraft__ohne_pc,control,0,0,1,8,-1,15,8,31,4,7,6,8,0,0
pc-3a65679a-57,rudeljaeger__ohne_pc,control,1,1,0,8,2,13,11,30,1,9,4,11,0,2
pc-b3b2d857-58,forschung_muskelkraft__ohne_pc,control,0,0,1,5,-2,12,4,13,2,4,4,0,0,0
pc-b3b2d857-58,rudeljaeger__ohne_pc,control,1,1,0,5,10,9,7,15,0,7,2,12,0,0
pc-2d002915-59,forschung_muskelkraft__ohne_pc,control,0,0,1,8,-1,18,11,34,2,9,8,6,0,0
pc-2d002915-59,rudeljaeger__ohne_pc,control,1,1,0,8,4,11,11,29,3,9,6,11,0,0
pc-a64d99d2-60,forschung_muskelkraft__ohne_pc,control,0,0,1,5,-1,11,4,13,2,4,4,0,0,0
pc-a64d99d2-60,rudeljaeger__ohne_pc,control,1,1,0,5,10,8,5,12,2,5,2,11,0,0
pc-1f9aea90-61,forschung_muskelkraft__ohne_pc,control,0,0,1,8,-1,15,9,32,4,8,5,5,0,0
pc-1f9aea90-61,rudeljaeger__ohne_pc,control,1,1,0,8,5,12,10,32,0,9,4,11,0,2
pc-98e85b4d-62,forschung_muskelkraft__ohne_pc,control,0,0,1,6,-1,12,7,20,1,5,3,5,0,0
pc-98e85b4d-62,rudeljaeger__ohne_pc,control,1,1,0,6,5,10,9,20,1,7,2,11,0,0
pc-1235ac0b-63,forschung_muskelkraft__ohne_pc,control,0,1,1,7,4,14,8,26,2,6,5,10,0,0
pc-1235ac0b-63,rudeljaeger__ohne_pc,control,1,0,0,7,0,12,9,26,2,8,2,6,0,1
pc-f6ad10f0-64,forschung_muskelkraft__ohne_pc,control,0,0,1,9,-1,17,10,39,6,9,12,0,0,0
pc-f6ad10f0-64,rudeljaeger__ohne_pc,control,1,1,0,9,10,13,13,38,3,12,5,11,0,0
pc-6ffa61ae-65,forschung_muskelkraft__ohne_pc,control,0,1,1,11,1,22,12,52,13,12,9,13,0,0
pc-6ffa61ae-65,rudeljaeger__ohne_pc,control,1,0,0,11,-3,15,14,39,20,12,7,9,0,4
pc-e947d26b-66,forschung_muskelkraft__ohne_pc,control,0,1,1,6,3,16,6,19,2,5,5,10,0,0
pc-e947d26b-66,rudeljaeger__ohne_pc,control,1,0,0,6,0,10,9,18,2,7,2,7,0,0
pc-62952329-67,forschung_muskelkraft__ohne_pc,control,0,0,1,5,0,13,5,14,1,4,4,8,0,0
pc-62952329-67,rudeljaeger__ohne_pc,control,1,1,0,5,2,9,5,12,1,5,1,10,0,0
pc-dbe293e6-68,forschung_muskelkraft__ohne_pc,control,0,0,1,3,-2,10,3,5,1,2,1,0,0,0
pc-dbe293e6-68,rudeljaeger__ohne_pc,control,1,1,0,3,10,8,4,5,0,4,1,12,0,0
pc-552fe4a4-69,forschung_muskelkraft__ohne_pc,control,0,0,1,6,-1,13,7,20,1,5,6,0,0,0
pc-552fe4a4-69,rudeljaeger__ohne_pc,control,1,1,0,6,10,10,8,18,2,7,2,11,0,1
pc-ce7d5561-70,forschung_muskelkraft__ohne_pc,control,0,1,1,9,4,19,10,32,4,8,11,10,0,0
pc-ce7d5561-70,rudeljaeger__ohne_pc,control,1,0,0,9,0,14,13,34,8,12,4,6,0,0
pc-47caa61f-71,forschung_muskelkraft__ohne_pc,control,0,1,1,10,5,21,11,39,12,9,13,11,0,0
pc-47caa61f-71,rudeljaeger__ohne_pc,control,1,0,0,10,-1,14,14,37,13,13,4,5,0,1
pc-2c420b05-72,forschung_muskelkraft__ohne_pc,control,0,1,1,7,1,16,8,26,2,7,7,13,0,0
pc-2c420b05-72,rudeljaeger__ohne_pc,control,1,0,0,7,-3,10,8,20,6,8,3,9,0,0
pc-a58f7bc2-73,forschung_muskelkraft__ohne_pc,control,0,1,1,7,4,11,7,24,1,6,8,10,0,0
pc-a58f7bc2-73,rudeljaeger__ohne_pc,control,1,0,0,7,0,11,10,23,2,10,1,6,0,0
pc-1edccc80-74,forschung_muskelkraft__ohne_pc,control,0,1,1,9,4,13,9,33,8,7,12,14,0,0
pc-1edccc80-74,rudeljaeger__ohne_pc,control,1,0,0,9,-4,14,13,28,11,12,2,6,0,0
pc-982a3d3d-75,forschung_muskelkraft__ohne_pc,control,0,1,1,12,2,20,14,48,18,12,8,11,0,0
pc-982a3d3d-75,rudeljaeger__ohne_pc,control,1,0,0,12,-1,17,14,41,25,12,8,8,0,0
pc-11778dfb-76,forschung_muskelkraft__ohne_pc,control,0,1,1,11,2,20,11,42,13,9,9,14,0,0
pc-11778dfb-76,rudeljaeger__ohne_pc,control,1,0,0,11,-4,15,14,30,26,12,4,8,0,0
pc-8ac4feb8-77,forschung_muskelkraft__ohne_pc,control,0,1,1,6,1,13,7,20,1,5,3,10,0,0
pc-8ac4feb8-77,rudeljaeger__ohne_pc,control,1,0,0,6,0,10,7,20,1,6,1,9,0,1
pc-04124f76-78,forschung_muskelkraft__ohne_pc,control,0,0,1,4,-1,9,3,7,3,2,3,3,0,0
pc-04124f76-78,rudeljaeger__ohne_pc,control,1,1,0,4,7,7,5,10,0,5,0,11,0,0
pc-7d5fa033-79,forschung_muskelkraft__ohne_pc,control,0,1,1,10,2,19,10,38,16,8,13,12,0,0
pc-7d5fa033-79,rudeljaeger__ohne_pc,control,1,0,0,10,-2,16,14,40,12,13,5,8,0,0
pc-61d70519-80,forschung_muskelkraft__ohne_pc,control,0,0,1,3,0,9,3,5,1,2,0,0,0,0
pc-61d70519-80,rudeljaeger__ohne_pc,control,1,1,0,3,10,7,3,6,0,3,0,10,0,0
pc-db2475d6-81,forschung_muskelkraft__ohne_pc,control,0,0,1,5,-1,10,6,14,1,4,3,4,0,0
pc-db2475d6-81,rudeljaeger__ohne_pc,control,1,1,0,5,6,9,4,14,1,4,1,11,0,0
pc-5471c694-82,forschung_muskelkraft__ohne_pc,control,0,1,1,10,6,19,12,43,7,10,10,13,0,0
pc-5471c694-82,rudeljaeger__ohne_pc,control,1,0,0,10,-3,14,14,34,14,12,5,4,0,0
pc-cdbf3751-83,forschung_muskelkraft__ohne_pc,control,0,0,1,6,-2,14,4,16,4,4,4,4,0,0
pc-cdbf3751-83,rudeljaeger__ohne_pc,control,1,1,0,6,6,11,7,18,2,7,1,12,0,0
pc-470c880f-84,forschung_muskelkraft__ohne_pc,control,0,0,1,5,-3,12,5,14,1,4,2,0,0,0
pc-470c880f-84,rudeljaeger__ohne_pc,control,1,1,0,5,10,9,5,15,0,4,1,13,0,0
pc-c059f8cc-85,forschung_muskelkraft__ohne_pc,control,0,1,1,10,3,21,11,40,11,9,9,13,0,0
pc-c059f8cc-85,rudeljaeger__ohne_pc,control,1,0,0,10,-3,14,13,30,20,11,4,7,0,0
pc-39a7498a-86,forschung_muskelkraft__ohne_pc,control,0,1,1,5,6,12,5,14,1,4,1,12,0,0
pc-39a7498a-86,rudeljaeger__ohne_pc,control,1,0,0,5,-2,8,5,14,1,5,0,4,0,0
pc-b2f4ba47-87,forschung_muskelkraft__ohne_pc,control,0,1,1,7,3,17,7,23,3,5,5,12,0,0
pc-b2f4ba47-87,rudeljaeger__ohne_pc,control,1,0,0,7,-2,12,10,26,2,8,0,7,0,0
pc-976c1f2d-88,forschung_muskelkraft__ohne_pc,control,0,1,1,8,4,15,8,29,4,6,11,11,0,0
pc-976c1f2d-88,rudeljaeger__ohne_pc,control,1,0,0,8,-1,11,11,27,4,11,1,6,0,0
pc-10b96feb-89,forschung_muskelkraft__ohne_pc,control,0,1,1,10,5,17,12,46,5,11,9,10,0,0
pc-10b96feb-89,rudeljaeger__ohne_pc,control,1,0,0,10,0,14,13,35,12,11,8,5,0,0
pc-8a06c0a8-90,forschung_muskelkraft__ohne_pc,control,0,1,1,7,4,18,9,26,2,8,6,12,0,0
pc-8a06c0a8-90,rudeljaeger__ohne_pc,control,1,0,0,7,-2,11,9,26,1,8,3,6,0,0
pc-03543166-91,forschung_muskelkraft__ohne_pc,control,0,0,1,9,0,20,11,34,10,9,6,4,0,0
pc-03543166-91,rudeljaeger__ohne_pc,control,1,1,0,9,6,13,10,32,4,9,6,10,0,1
pc-7ca18223-92,forschung_muskelkraft__ohne_pc,control,0,1,1,6,1,14,6,19,1,5,6,13,0,0
pc-7ca18223-92,rudeljaeger__ohne_pc,control,1,0,0,6,-3,9,8,19,0,7,1,9,0,0
pc-f5eef2e0-93,forschung_muskelkraft__ohne_pc,control,0,1,1,15,2,23,16,59,50,14,16,12,0,0
pc-f5eef2e0-93,rudeljaeger__ohne_pc,control,1,0,0,15,-2,20,19,49,60,17,9,8,0,1
pc-6f3c439e-94,forschung_muskelkraft__ohne_pc,control,0,0,1,6,0,16,5,15,5,4,5,0,0,0
pc-6f3c439e-94,rudeljaeger__ohne_pc,control,1,1,0,6,10,10,9,18,0,9,2,10,0,0
pc-e889b45b-95,forschung_muskelkraft__ohne_pc,control,0,1,1,10,4,20,13,47,4,11,10,13,0,0
pc-e889b45b-95,rudeljaeger__ohne_pc,control,1,0,0,10,-3,14,13,39,9,11,7,6,0,1
pc-cd011941-96,forschung_muskelkraft__ohne_pc,control,0,1,1,11,2,20,15,52,10,13,11,10,0,0
pc-cd011941-96,rudeljaeger__ohne_pc,control,1,0,0,11,0,16,15,41,17,13,9,8,0,0
pc-464e69ff-97,forschung_muskelkraft__ohne_pc,control,0,1,1,12,1,22,14,49,22,12,13,10,0,0
pc-464e69ff-97,rudeljaeger__ohne_pc,control,1,0,0,12,0,17,16,42,26,15,9,9,0,1
pc-bf9bdabc-98,forschung_muskelkraft__ohne_pc,control,0,0,1,7,-2,15,7,22,4,6,9,9,0,0
pc-bf9bdabc-98,rudeljaeger__ohne_pc,control,1,1,0,7,1,11,9,25,0,9,2,12,0,1
pc-38e92b7a-99,forschung_muskelkraft__ohne_pc,control,0,1,1,12,6,22,14,53,18,12,13,15,0,0
pc-38e92b7a-99,rudeljaeger__ohne_pc,control,1,0,0,12,-5,16,16,43,26,14,9,4,0,1
pc-0b7240a7-100,forschung_muskelkraft__ohne_pc,control,0,1,0,6,4,14,6,19,1,5,3,10,0,0
pc-0b7240a7-100,rudeljaeger__ohne_pc,control,1,0,1,6,0,11,7,19,1,7,2,6,0,1
pc-84bfb164-101,forschung_muskelkraft__ohne_pc,control,0,0,0,6,0,14,6,19,2,5,2,3,0,0
pc-84bfb164-101,rudeljaeger__ohne_pc,control,1,1,1,6,7,11,6,19,1,6,2,10,0,0
pc-18d79f2c-102,forschung_muskelkraft__ohne_pc,control,0,0,0,5,-3,12,5,14,1,4,0,0,0,0
pc-18d79f2c-102,rudeljaeger__ohne_pc,control,1,1,1,5,10,9,4,13,1,4,1,13,0,0
pc-9224efe9-103,forschung_muskelkraft__ohne_pc,control,0,1,0,9,1,20,9,27,9,7,11,14,0,0
pc-9224efe9-103,rudeljaeger__ohne_pc,control,1,0,1,9,-4,12,12,29,8,11,2,9,0,0
pc-263cddb1-104,forschung_muskelkraft__ohne_pc,control,0,1,0,9,6,19,10,36,5,8,9,11,0,0
pc-263cddb1-104,rudeljaeger__ohne_pc,control,1,0,1,9,-1,13,12,35,6,10,3,4,0,1
pc-9f8a2e6e-105,forschung_muskelkraft__ohne_pc,control,0,1,0,10,3,16,12,43,7,10,13,14,0,0
pc-9f8a2e6e-105,rudeljaeger__ohne_pc,control,1,0,1,10,-4,14,14,37,10,13,5,7,0,0
pc-33a21c36-106,forschung_muskelkraft__ohne_pc,control,0,0,0,6,0,16,5,18,2,5,4,5,0,0
pc-33a21c36-106,rudeljaeger__ohne_pc,control,1,1,1,6,5,11,6,18,2,6,2,10,0,0
pc-acef6cf3-107,forschung_muskelkraft__ohne_pc,control,0,1,0,9,1,18,10,34,3,8,9,10,0,0
pc-acef6cf3-107,rudeljaeger__ohne_pc,control,1,0,1,9,0,13,12,32,7,11,3,9,0,1
pc-d5dd4692-108,forschung_muskelkraft__ohne_pc,control,0,0,0,7,-1,18,8,26,1,6,4,0,0,0
pc-d5dd4692-108,rudeljaeger__ohne_pc,control,1,1,1,7,10,10,9,25,0,7,6,11,0,0
pc-4f2ab750-109,forschung_muskelkraft__ohne_pc,control,0,0,0,5,-1,13,4,13,2,4,4,0,0,0
pc-4f2ab750-109,rudeljaeger__ohne_pc,control,1,1,1,5,10,9,7,14,0,6,2,11,0,0
pc-e3428517-110,forschung_muskelkraft__ohne_pc,control,0,0,0,6,0,12,6,16,4,4,5,3,0,0
pc-e3428517-110,rudeljaeger__ohne_pc,control,1,1,1,6,7,10,7,18,1,7,1,10,0,0
pc-5c8ff5d5-111,forschung_muskelkraft__ohne_pc,control,0,0,0,5,-3,11,5,14,1,4,3,4,0,0
pc-5c8ff5d5-111,rudeljaeger__ohne_pc,control,1,1,1,5,6,10,5,14,1,5,1,13,0,0
pc-f0a7c39c-112,forschung_muskelkraft__ohne_pc,control,0,1,0,9,6,19,9,34,7,7,11,12,0,0
pc-f0a7c39c-112,rudeljaeger__ohne_pc,control,1,0,1,9,-2,13,12,32,7,12,2,4,0,0
pc-69f5345a-113,forschung_muskelkraft__ohne_pc,control,0,1,0,10,4,18,9,32,13,7,11,12,0,0
pc-69f5345a-113,rudeljaeger__ohne_pc,control,1,0,1,10,-2,15,13,33,16,12,2,6,0,1
pc-fe0d0221-114,forschung_muskelkraft__ohne_pc,control,0,0,0,7,0,15,8,26,2,7,8,0,0,0
pc-fe0d0221-114,rudeljaeger__ohne_pc,control,1,1,1,7,10,12,10,25,1,9,4,10,0,0
pc-775a72df-115,forschung_muskelkraft__ohne_pc,control,0,1,0,12,1,22,11,42,24,9,15,14,0,0
pc-775a72df-115,rudeljaeger__ohne_pc,control,1,0,1,12,-4,17,16,44,26,15,4,9,0,1
pc-769c54cf-116,forschung_muskelkraft__ohne_pc,control,0,1,0,10,3,19,10,33,12,8,14,10,0,0
pc-769c54cf-116,rudeljaeger__ohne_pc,control,1,0,1,10,0,15,14,31,18,13,3,7,0,0
pc-efe9a58c-117,forschung_muskelkraft__ohne_pc,control,0,0,0,7,-1,13,6,22,5,5,8,4,0,0
pc-efe9a58c-117,rudeljaeger__ohne_pc,control,1,1,1,7,6,12,9,26,1,9,3,11,0,1
pc-84019354-118,forschung_muskelkraft__ohne_pc,control,0,0,0,4,-3,10,2,6,4,2,3,0,0,0
pc-84019354-118,rudeljaeger__ohne_pc,control,1,1,1,4,10,8,4,10,0,4,0,13,0,0
pc-fd4ee411-119,forschung_muskelkraft__ohne_pc,control,0,1,0,6,4,13,6,19,2,5,5,11,0,0
pc-fd4ee411-119,rudeljaeger__ohne_pc,control,1,0,1,6,-1,12,8,19,1,7,2,6,0,0
pc-9166d1d9-120,forschung_muskelkraft__ohne_pc,control,0,0,0,7,0,14,9,26,2,7,5,5,0,0
pc-9166d1d9-120,rudeljaeger__ohne_pc,control,1,1,1,7,5,11,9,27,0,8,4,10,0,0
pc-0ab42297-121,forschung_muskelkraft__ohne_pc,control,0,1,0,7,1,16,8,26,2,7,5,12,0,0
pc-0ab42297-121,rudeljaeger__ohne_pc,control,1,0,1,7,-2,10,8,25,1,8,2,9,0,1
pc-9ecc105e-122,forschung_muskelkraft__ohne_pc,control,0,1,0,10,4,22,11,43,8,10,11,12,0,0
pc-9ecc105e-122,rudeljaeger__ohne_pc,control,1,0,1,10,-2,16,14,35,11,13,5,6,0,0
pc-1819611c-123,forschung_muskelkraft__ohne_pc,control,0,1,0,5,1,10,5,13,1,4,2,12,0,0
pc-1819611c-123,rudeljaeger__ohne_pc,control,1,0,1,5,-2,10,5,14,1,5,0,9,0,0
pc-41075abb-124,forschung_muskelkraft__ohne_pc,control,0,0,0,4,0,9,4,9,1,3,3,3,0,0
pc-41075abb-124,rudeljaeger__ohne_pc,control,1,1,1,4,7,9,4,8,0,4,1,10,0,0
pc-ba54ab78-125,forschung_muskelkraft__ohne_pc,control,0,0,0,6,0,12,5,17,4,4,3,4,0,0
pc-ba54ab78-125,rudeljaeger__ohne_pc,control,1,1,1,6,6,9,6,17,1,6,1,10,0,1
pc-4e6c9940-126,forschung_muskelkraft__ohne_pc,control,0,0,0,7,-2,14,7,25,3,7,3,4,0,0
pc-4e6c9940-126,rudeljaeger__ohne_pc,control,1,1,1,7,6,11,9,25,1,8,3,12,0,1
pc-c7b9e9fd-127,forschung_muskelkraft__ohne_pc,control,0,1,0,10,4,20,10,34,11,8,13,14,0,0
pc-c7b9e9fd-127,rudeljaeger__ohne_pc,control,1,0,1,10,-4,15,12,31,14,11,3,6,0,0
pc-5bd1d7c5-128,forschung_muskelkraft__ohne_pc,control,0,1,0,11,3,19,11,45,15,10,15,10,0,0
pc-5bd1d7c5-128,rudeljaeger__ohne_pc,control,1,0,1,11,0,17,15,40,20,14,5,7,0,0
pc-d51f2882-129,forschung_muskelkraft__ohne_pc,control,0,0,0,5,0,11,5,14,1,4,3,3,0,0
pc-d51f2882-129,rudeljaeger__ohne_pc,control,1,1,1,5,7,9,6,15,0,6,1,10,0,0
pc-6937164a-130,forschung_muskelkraft__ohne_pc,control,0,1,0,11,6,20,14,50,11,12,13,12,0,0
pc-6937164a-130,rudeljaeger__ohne_pc,control,1,0,1,11,-2,15,14,37,20,12,7,4,0,0
pc-e2846707-131,forschung_muskelkraft__ohne_pc,control,0,0,0,4,0,10,3,8,2,3,3,0,0,0
pc-e2846707-131,rudeljaeger__ohne_pc,control,1,1,1,4,10,9,5,10,0,5,1,10,0,0
pc-e1c648f7-132,forschung_muskelkraft__ohne_pc,control,0,1,0,7,6,16,8,25,2,6,4,10,0,0
pc-e1c648f7-132,rudeljaeger__ohne_pc,control,1,0,1,7,0,12,9,25,1,8,3,4,0,0
pc-5b13b9b5-133,forschung_muskelkraft__ohne_pc,control,0,1,0,9,2,19,10,36,6,8,10,10,0,0
pc-5b13b9b5-133,rudeljaeger__ohne_pc,control,1,0,1,9,0,13,12,34,7,12,3,8,0,0
pc-ef2b877c-134,forschung_muskelkraft__ohne_pc,control,0,0,0,7,-1,18,8,26,2,7,4,5,0,0
pc-ef2b877c-134,rudeljaeger__ohne_pc,control,1,1,1,7,5,11,10,23,1,8,4,11,0,2
pc-6878f83a-135,forschung_muskelkraft__ohne_pc,control,0,0,0,4,-1,11,3,8,2,3,0,0,0,0
pc-6878f83a-135,rudeljaeger__ohne_pc,control,1,1,1,4,10,8,4,10,0,4,1,11,0,0
pc-fc90c601-136,forschung_muskelkraft__ohne_pc,control,0,1,0,6,1,14,6,19,1,5,5,11,0,0
pc-fc90c601-136,rudeljaeger__ohne_pc,control,1,0,1,6,-1,10,8,19,2,7,2,9,0,0
pc-75de36bf-137,forschung_muskelkraft__ohne_pc,control,0,0,0,5,-1,11,4,13,2,4,0,0,0,0
pc-75de36bf-137,rudeljaeger__ohne_pc,control,1,1,1,5,10,9,4,13,2,4,1,11,0,0
pc-09f60487-138,forschung_muskelkraft__ohne_pc,control,0,0,0,9,-3,17,11,41,4,9,8,8,0,0
pc-09f60487-138,rudeljaeger__ohne_pc,control,1,1,1,9,2,14,12,35,3,11,5,13,0,1
pc-83437544-139,forschung_muskelkraft__ohne_pc,control,0,1,0,8,1,18,10,30,2,8,8,10,0,0
pc-83437544-139,rudeljaeger__ohne_pc,control,1,0,1,8,0,12,11,26,4,10,3,9,0,0
pc-ac314ee3-140,forschung_muskelkraft__ohne_pc,control,0,1,0,10,3,20,10,36,13,8,14,11,0,0
pc-ac314ee3-140,rudeljaeger__ohne_pc,control,1,0,1,10,-1,14,14,35,12,13,3,7,0,0
pc-257ebfa1-141,forschung_muskelkraft__ohne_pc,control,0,1,0,10,1,17,11,39,9,10,8,11,0,0
pc-257ebfa1-141,rudeljaeger__ohne_pc,control,1,0,1,10,-1,14,13,34,16,11,5,9,0,0
pc-b9968d68-142,forschung_muskelkraft__ohne_pc,control,0,0,0,15,-1,21,20,71,36,18,15,8,0,0
pc-b9968d68-142,rudeljaeger__ohne_pc,control,1,1,1,15,2,19,19,49,59,17,15,11,0,1
pc-32e3fe26-143,forschung_muskelkraft__ohne_pc,control,0,1,0,10,1,19,11,39,6,9,11,12,0,0
pc-32e3fe26-143,rudeljaeger__ohne_pc,control,1,0,1,10,-2,14,13,35,14,12,4,9,0,0
pc-c6fbcbed-144,forschung_muskelkraft__ohne_pc,control,0,0,0,3,-2,8,1,2,1,1,0,0,0,0
pc-c6fbcbed-144,rudeljaeger__ohne_pc,control,1,1,1,3,10,7,3,5,0,3,1,12,0,0
pc-40493cab-145,forschung_muskelkraft__ohne_pc,control,0,1,0,7,1,13,9,26,1,7,8,10,0,0
pc-40493cab-145,rudeljaeger__ohne_pc,control,1,0,1,7,0,10,10,26,2,9,2,9,0,0
pc-d4610a72-146,forschung_muskelkraft__ohne_pc,control,0,0,0,5,-2,12,5,14,1,4,4,0,0,0
pc-d4610a72-146,rudeljaeger__ohne_pc,control,1,1,1,5,10,9,6,15,0,6,1,12,0,0
pc-4dae7b30-147,forschung_muskelkraft__ohne_pc,control,0,1,0,6,1,12,6,20,1,5,6,11,0,0
pc-4dae7b30-147,rudeljaeger__ohne_pc,control,1,0,1,6,-1,10,9,18,1,7,2,9,0,0
pc-4cf05d20-148,forschung_muskelkraft__ohne_pc,control,0,1,0,10,4,18,11,39,6,9,12,10,0,0
pc-4cf05d20-148,rudeljaeger__ohne_pc,control,1,0,1,10,0,15,14,39,11,12,4,6,0,0
pc-c63daddd-149,forschung_muskelkraft__ohne_pc,control,0,0,0,6,-3,14,5,18,2,5,3,4,0,0
pc-c63daddd-149,rudeljaeger__ohne_pc,control,1,1,1,6,6,11,6,20,0,5,1,13,0,0
pc-5a559ba5-150,forschung_muskelkraft__ohne_pc,control,0,0,0,6,-1,14,7,20,1,6,2,5,0,0
pc-5a559ba5-150,rudeljaeger__ohne_pc,control,1,1,1,6,5,10,7,19,1,6,2,11,0,1
pc-d3a2ec62-151,forschung_muskelkraft__ohne_pc,control,0,0,0,6,0,14,5,19,2,5,2,3,0,0
pc-d3a2ec62-151,rudeljaeger__ohne_pc,control,1,1,1,6,7,10,5,18,1,5,3,10,0,0
pc-67bada2a-152,forschung_muskelkraft__ohne_pc,control,0,1,0,11,1,23,12,47,14,10,13,14,0,0
pc-67bada2a-152,rudeljaeger__ohne_pc,control,1,0,1,11,-4,15,15,38,19,13,6,9,0,0
pc-e1082ae7-153,forschung_muskelkraft__ohne_pc,control,0,0,0,6,-1,12,7,20,1,5,4,4,0,0
pc-e1082ae7-153,rudeljaeger__ohne_pc,control,1,1,1,6,6,9,7,19,1,6,2,11,0,0
pc-752018af-154,forschung_muskelkraft__ohne_pc,control,0,0,0,6,0,14,6,19,2,5,5,5,0,0
pc-752018af-154,rudeljaeger__ohne_pc,control,1,1,1,6,5,9,7,17,4,7,2,10,0,1
pc-ee6d696c-155,forschung_muskelkraft__ohne_pc,control,0,0,0,4,0,10,4,9,1,3,4,2,0,0
pc-ee6d696c-155,rudeljaeger__ohne_pc,control,1,1,1,4,8,9,5,10,0,5,1,10,0,0
pc-175b430c-156,forschung_muskelkraft__ohne_pc,control,0,1,0,10,3,21,11,38,8,9,7,14,0,0
pc-175b430c-156,rudeljaeger__ohne_pc,control,1,0,1,10,-4,14,13,33,19,12,4,7,0,1
pc-90a8b3c9-157,forschung_muskelkraft__ohne_pc,control,0,1,0,9,2,19,8,29,7,6,10,14,0,0
pc-90a8b3c9-157,rudeljaeger__ohne_pc,control,1,0,1,9,-4,16,13,32,12,11,3,8,0,1
pc-24c08191-158,forschung_muskelkraft__ohne_pc,control,0,0,0,9,-1,18,12,36,6,10,6,9,0,0
pc-24c08191-158,rudeljaeger__ohne_pc,control,1,1,1,9,1,14,13,31,6,11,8,11,0,0
pc-9e0df24e-159,forschung_muskelkraft__ohne_pc,control,0,1,0,8,5,18,9,30,3,7,9,11,0,0
pc-9e0df24e-159,rudeljaeger__ohne_pc,control,1,0,1,8,-1,13,10,32,4,10,2,5,0,0
pc-3225c016-160,forschung_muskelkraft__ohne_pc,control,0,1,0,8,2,15,10,33,1,8,9,13,0,0
pc-3225c016-160,rudeljaeger__ohne_pc,control,1,0,1,8,-3,11,11,28,5,9,3,8,0,0
pc-ab7330d3-161,forschung_muskelkraft__ohne_pc,control,0,0,0,5,-2,12,4,12,3,3,2,0,0,0
pc-ab7330d3-161,rudeljaeger__ohne_pc,control,1,1,1,5,10,9,5,15,0,4,1,12,0,0
pc-3f8b1e9b-162,forschung_muskelkraft__ohne_pc,control,0,1,0,9,1,21,11,34,2,9,13,13,0,0
pc-3f8b1e9b-162,rudeljaeger__ohne_pc,control,1,0,1,9,-3,14,12,30,8,11,5,9,0,2
pc-b8d86f58-163,forschung_muskelkraft__ohne_pc,control,0,1,0,9,1,16,9,35,10,9,11,13,0,0
pc-b8d86f58-163,rudeljaeger__ohne_pc,control,1,0,1,9,-3,14,13,34,6,12,4,9,0,1
pc-5eca5005-164,forschung_muskelkraft__ohne_pc,control,0,0,0,5,-2,11,5,14,1,4,4,7,0,0
pc-5eca5005-164,rudeljaeger__ohne_pc,control,1,1,1,5,3,8,5,13,2,5,1,12,0,0
pc-d817a0c2-165,forschung_muskelkraft__ohne_pc,control,0,0,0,8,-2,19,11,33,3,9,5,3,0,0
pc-d817a0c2-165,rudeljaeger__ohne_pc,control,1,1,1,8,7,14,10,27,8,9,6,12,0,2
pc-6c2f8e8a-166,forschung_muskelkraft__ohne_pc,control,0,0,0,3,0,9,3,5,1,2,0,0,0,0
pc-6c2f8e8a-166,rudeljaeger__ohne_pc,control,1,1,1,3,10,9,3,6,0,3,1,10,0,0
pc-e57cff47-167,forschung_muskelkraft__ohne_pc,control,0,0,0,5,-3,11,5,14,1,4,4,7,0,0
pc-e57cff47-167,rudeljaeger__ohne_pc,control,1,1,1,5,3,9,5,14,1,5,1,13,0,0
pc-7994cd0f-168,forschung_muskelkraft__ohne_pc,control,0,1,0,10,1,22,13,48,3,12,9,11,0,0
pc-7994cd0f-168,rudeljaeger__ohne_pc,control,1,0,1,10,-1,14,13,32,16,12,8,9,0,0
pc-f2e23dcc-169,forschung_muskelkraft__ohne_pc,control,0,1,0,7,2,15,8,26,2,7,6,10,0,0
pc-f2e23dcc-169,rudeljaeger__ohne_pc,control,1,0,1,7,0,12,9,25,2,9,2,8,0,0
pc-86fa0b94-170,forschung_muskelkraft__ohne_pc,control,0,0,0,7,0,15,9,26,2,7,5,4,0,0
pc-86fa0b94-170,rudeljaeger__ohne_pc,control,1,1,1,7,6,10,10,25,1,8,3,10,0,0
pc-00477c52-171,forschung_muskelkraft__ohne_pc,control,0,1,0,9,1,15,10,34,3,8,9,10,0,0
pc-00477c52-171,rudeljaeger__ohne_pc,control,1,0,1,9,0,13,12,32,8,10,3,9,0,1
pc-293555f1-172,forschung_muskelkraft__ohne_pc,control,0,1,0,13,1,22,17,63,20,15,11,15,0,0
pc-293555f1-172,rudeljaeger__ohne_pc,control,1,0,1,13,-5,18,16,41,41,14,10,9,0,3
pc-a282a6ae-173,forschung_muskelkraft__ohne_pc,control,0,0,0,5,-1,13,5,14,1,4,2,0,0,0
pc-a282a6ae-173,rudeljaeger__ohne_pc,control,1,1,1,5,10,9,6,15,0,6,1,11,0,0
pc-369a9476-174,forschung_muskelkraft__ohne_pc,control,0,1,0,9,5,16,9,31,5,7,11,16,0,0
pc-369a9476-174,rudeljaeger__ohne_pc,control,1,0,1,9,-6,15,13,32,5,11,2,5,0,0
pc-afe7e533-175,forschung_muskelkraft__ohne_pc,control,0,0,0,4,0,10,2,6,4,2,4,0,0,0
pc-afe7e533-175,rudeljaeger__ohne_pc,control,1,1,1,4,10,8,5,6,1,5,1,10,0,0
pc-43ffd2fb-176,forschung_muskelkraft__ohne_pc,control,0,1,0,9,6,19,8,28,13,7,12,12,0,0
pc-43ffd2fb-176,rudeljaeger__ohne_pc,control,1,0,1,9,-2,12,12,31,6,11,5,4,0,1
pc-bd4d23b8-177,forschung_muskelkraft__ohne_pc,control,0,0,0,4,-2,10,4,7,1,3,0,2,0,0
pc-bd4d23b8-177,rudeljaeger__ohne_pc,control,1,1,1,4,8,9,4,8,1,4,1,12,0,0
pc-51651180-178,forschung_muskelkraft__ohne_pc,control,0,1,0,11,1,21,12,44,15,10,14,11,0,0
pc-51651180-178,rudeljaeger__ohne_pc,control,1,0,1,11,-1,15,15,38,21,13,5,9,0,0
pc-cab2623d-179,forschung_muskelkraft__ohne_pc,control,0,0,0,5,0,10,5,14,1,4,2,0,0,0
pc-cab2623d-179,rudeljaeger__ohne_pc,control,1,1,1,5,10,9,4,14,1,4,2,10,0,0
pc-c9f4442d-180,forschung_muskelkraft__ohne_pc,control,0,1,0,11,4,22,11,38,17,9,14,14,0,0
pc-c9f4442d-180,rudeljaeger__ohne_pc,control,1,0,1,11,-4,16,15,38,23,13,4,6,0,0
pc-4341b4eb-181,forschung_muskelkraft__ohne_pc,control,0,1,0,11,2,21,12,41,14,10,11,10,0,0
pc-4341b4eb-181,rudeljaeger__ohne_pc,control,1,0,1,11,0,16,15,37,22,13,6,8,0,0
pc-d75982b2-182,forschung_muskelkraft__ohne_pc,control,0,1,0,7,4,18,8,26,1,6,6,10,0,0
pc-d75982b2-182,rudeljaeger__ohne_pc,control,1,0,1,7,0,11,9,23,2,7,3,6,0,0
pc-50a6f370-183,forschung_muskelkraft__ohne_pc,control,0,1,0,10,1,20,14,49,3,12,13,14,0,0
pc-50a6f370-183,rudeljaeger__ohne_pc,control,1,0,1,10,-4,15,14,38,11,13,7,9,0,2
pc-e4bec137-184,forschung_muskelkraft__ohne_pc,control,0,1,0,8,6,15,11,33,2,9,8,12,0,0
pc-e4bec137-184,rudeljaeger__ohne_pc,control,1,0,1,8,-2,13,11,31,5,9,4,4,0,1
pc-5e0c31f5-185,forschung_muskelkraft__ohne_pc,control,0,0,0,5,-2,12,5,14,1,4,5,0,0,0
pc-5e0c31f5-185,rudeljaeger__ohne_pc,control,1,1,1,5,10,8,6,14,1,6,1,12,0,0
pc-f2241fbc-186,forschung_muskelkraft__ohne_pc,control,0,1,0,14,3,22,17,65,31,15,15,12,0,0
pc-f2241fbc-186,rudeljaeger__ohne_pc,control,1,0,1,14,-2,19,17,44,48,16,10,7,0,0
pc-6b71707a-187,forschung_muskelkraft__ohne_pc,control,0,0,0,5,-1,14,4,13,2,4,4,0,0,0
pc-6b71707a-187,rudeljaeger__ohne_pc,control,1,1,1,5,10,9,7,15,0,7,2,11,0,0
pc-945f4a19-188,forschung_muskelkraft__ohne_pc,control,0,0,0,6,-1,13,6,19,1,5,5,4,0,0
pc-945f4a19-188,rudeljaeger__ohne_pc,control,1,1,1,6,6,11,7,15,1,7,1,11,0,0
pc-0dacbad7-189,forschung_muskelkraft__ohne_pc,control,0,0,0,6,-2,13,7,20,1,5,5,5,0,0
pc-0dacbad7-189,rudeljaeger__ohne_pc,control,1,1,1,6,5,9,7,20,0,7,3,12,0,0
pc-a1c4889e-190,forschung_muskelkraft__ohne_pc,control,0,0,0,5,-2,12,4,13,2,4,1,0,0,0
pc-a1c4889e-190,rudeljaeger__ohne_pc,control,1,1,1,5,10,9,7,14,0,6,1,12,0,0
pc-1b11f95c-191,forschung_muskelkraft__ohne_pc,control,0,0,0,4,0,12,4,9,1,3,3,2,0,0
pc-1b11f95c-191,rudeljaeger__ohne_pc,control,1,1,1,4,8,7,4,9,0,4,1,10,0,0
pc-af29c723-192,forschung_muskelkraft__ohne_pc,control,0,1,0,10,2,18,10,38,12,9,11,14,0,0
pc-af29c723-192,rudeljaeger__ohne_pc,control,1,0,1,10,-4,15,14,38,11,12,4,8,0,1
pc-287737e1-193,forschung_muskelkraft__ohne_pc,control,0,1,0,7,4,18,7,24,2,6,9,11,0,0
pc-287737e1-193,rudeljaeger__ohne_pc,control,1,0,1,7,-1,11,10,21,2,9,2,6,0,0
pc-bc8f05a8-194,forschung_muskelkraft__ohne_pc,control,0,0,0,6,-4,16,6,19,2,5,5,5,0,0
pc-bc8f05a8-194,rudeljaeger__ohne_pc,control,1,1,1,6,5,11,8,17,2,7,2,14,0,0
pc-35dc7666-195,forschung_muskelkraft__ohne_pc,control,0,1,0,9,6,19,10,33,3,8,12,16,0,0
pc-35dc7666-195,rudeljaeger__ohne_pc,control,1,0,1,9,-6,13,12,33,7,12,3,4,0,2
pc-351e5856-196,forschung_muskelkraft__ohne_pc,control,0,0,0,5,-1,12,5,14,1,4,4,4,0,0
pc-351e5856-196,rudeljaeger__ohne_pc,control,1,1,1,5,6,10,5,13,2,5,2,11,0,0
pc-ae6ba913-197,forschung_muskelkraft__ohne_pc,control,0,0,0,6,-1,16,5,18,2,5,6,0,0,0
pc-ae6ba913-197,rudeljaeger__ohne_pc,control,1,1,1,6,10,9,6,19,1,6,3,11,0,0
pc-428396db-198,forschung_muskelkraft__ohne_pc,control,0,1,0,10,1,22,12,45,9,11,12,12,0,0
pc-428396db-198,rudeljaeger__ohne_pc,control,1,0,1,10,-2,14,13,39,7,11,6,9,0,1
pc-bbd0e798-199,forschung_muskelkraft__ohne_pc,control,0,1,0,11,4,22,13,49,12,11,12,12,0,0
pc-bbd0e798-199,rudeljaeger__ohne_pc,control,1,0,1,11,-2,18,15,39,18,14,6,6,0,0
pc-714c548e-200,forschung_muskelkraft__mit_pc,control,0,1,1,13,3,21,16,59,24,14,12,10,0,0
pc-714c548e-200,rudeljaeger__mit_pc,control,1,0,0,13,0,17,16,43,37,14,9,7,0,0
pc-ea99a54b-201,forschung_muskelkraft__mit_pc,control,0,1,1,12,4,21,14,53,19,12,12,10,0,0
pc-ea99a54b-201,rudeljaeger__mit_pc,control,1,0,0,12,0,17,16,44,24,14,7,6,0,1
pc-7eb19313-202,forschung_muskelkraft__mit_pc,control,0,0,1,4,0,10,4,8,2,2,2,3,0,0
pc-7eb19313-202,rudeljaeger__mit_pc,control,1,1,0,4,7,10,5,10,0,5,0,10,0,0
pc-f7fee3d0-203,forschung_muskelkraft__mit_pc,control,0,1,1,12,1,20,10,44,28,9,12,11,0,0
pc-f7fee3d0-203,rudeljaeger__mit_pc,control,1,0,0,12,-1,16,16,40,28,14,4,9,0,0
pc-8c16d198-204,forschung_muskelkraft__mit_pc,control,0,1,1,5,3,9,5,14,1,4,1,12,0,0
pc-8c16d198-204,rudeljaeger__mit_pc,control,1,0,0,5,-2,10,5,14,1,5,0,7,0,0
pc-05642256-205,forschung_muskelkraft__mit_pc,control,0,0,1,5,0,12,5,14,1,4,2,0,0,0
pc-05642256-205,rudeljaeger__mit_pc,control,1,1,0,5,10,8,6,15,0,6,1,10,0,0
pc-997c101d-206,forschung_muskelkraft__mit_pc,control,0,0,1,3,0,10,3,5,1,2,0,0,0,0
pc-997c101d-206,rudeljaeger__mit_pc,control,1,1,0,3,10,7,3,6,0,3,0,10,0,0
pc-12c960db-207,forschung_muskelkraft__mit_pc,control,0,0,1,7,0,13,7,26,2,6,5,0,0,0
pc-12c960db-207,rudeljaeger__mit_pc,control,1,1,0,7,10,13,8,28,0,8,3,10,0,0
pc-3bb75a7a-208,forschung_muskelkraft__mit_pc,control,0,0,1,10,-2,19,12,43,12,10,9,5,0,0
pc-3bb75a7a-208,rudeljaeger__mit_pc,control,1,1,0,10,5,16,14,44,7,13,7,12,0,2
pc-b504ab37-209,forschung_muskelkraft__mit_pc,control,0,0,1,8,-2,19,9,32,3,8,7,7,0,0
pc-b504ab37-209,rudeljaeger__mit_pc,control,1,1,0,8,3,13,12,30,1,10,4,12,0,1
pc-491c98ff-210,forschung_muskelkraft__mit_pc,control,0,0,1,6,-3,15,6,19,2,5,4,7,0,0
pc-491c98ff-210,rudeljaeger__mit_pc,control,1,1,0,6,3,11,6,19,2,6,1,13,0,1
pc-c269e9bc-211,forschung_muskelkraft__mit_pc,control,0,0,1,10,-3,19,10,44,11,8,7,4,0,0
pc-c269e9bc-211,rudeljaeger__mit_pc,control,1,1,0,10,6,14,13,37,10,11,4,13,0,1
pc-5681d784-212,forschung_muskelkraft__mit_pc,control,0,0,1,5,-1,11,4,12,3,3,4,4,0,0
pc-5681d784-212,rudeljaeger__mit_pc,control,1,1,0,5,6,10,5,14,1,5,0,11,0,0
pc-cfcf2841-213,forschung_muskelkraft__mit_pc,control,0,0,1,8,-2,18,10,32,3,8,8,0,0,0
pc-cfcf2841-213,rudeljaeger__mit_pc,control,1,1,0,8,10,14,12,35,0,11,5,12,0,0
pc-63e71609-214,forschung_muskelkraft__mit_pc,control,0,0,1,11,-1,20,13,49,11,11,13,7,0,0
pc-63e71609-214,rudeljaeger__mit_pc,control,1,1,0,11,3,14,14,41,18,13,8,11,0,2
pc-dd3466c6-215,forschung_muskelkraft__mit_pc,control,0,1,1,8,2,19,7,24,4,6,11,10,0,0
pc-dd3466c6-215,rudeljaeger__mit_pc,control,1,0,0,8,0,12,12,33,1,11,2,8,0,0
pc-06224066-216,forschung_muskelkraft__mit_pc,control,0,0,1,3,0,9,3,4,1,1,0,0,0,0
pc-06224066-216,rudeljaeger__mit_pc,control,1,1,0,3,10,8,3,5,0,3,0,10,0,0
pc-7f6fb123-217,forschung_muskelkraft__mit_pc,control,0,1,1,9,2,19,9,37,5,8,9,16,0,0
pc-7f6fb123-217,rudeljaeger__mit_pc,control,1,0,0,9,-6,13,12,31,10,10,4,8,0,1
pc-13879eeb-218,forschung_muskelkraft__mit_pc,control,0,1,1,12,4,23,13,53,18,11,5,12,0,0
pc-13879eeb-218,rudeljaeger__mit_pc,control,1,0,0,12,-2,17,11,35,31,9,7,6,0,0
pc-8cd4efa8-219,forschung_muskelkraft__mit_pc,control,0,0,1,5,-3,10,5,14,1,4,2,3,0,0
pc-8cd4efa8-219,rudeljaeger__mit_pc,control,1,1,0,5,7,10,5,14,0,5,1,13,0,0
pc-20ecdd70-220,forschung_muskelkraft__mit_pc,control,0,0,1,4,0,11,3,8,2,3,0,3,0,0
pc-20ecdd70-220,rudeljaeger__mit_pc,control,1,1,0,4,7,8,3,8,1,3,1,10,0,0
pc-9a3a2e2d-221,forschung_muskelkraft__mit_pc,control,0,0,1,5,0,14,3,11,4,3,3,0,0,0
pc-9a3a2e2d-221,rudeljaeger__mit_pc,control,1,1,0,5,10,11,6,11,0,6,1,10,0,0
pc-2e521bf5-222,forschung_muskelkraft__mit_pc,control,0,1,1,13,4,22,15,59,28,13,14,10,0,0
pc-2e521bf5-222,rudeljaeger__mit_pc,control,1,0,0,13,0,18,17,48,32,15,8,6,0,3
pc-a79f6cb2-223,forschung_muskelkraft__mit_pc,control,0,1,1,15,2,23,16,63,46,14,15,12,0,0
pc-a79f6cb2-223,rudeljaeger__mit_pc,control,1,0,0,15,-2,20,19,53,54,17,9,8,0,2
pc-d08d4651-224,forschung_muskelkraft__mit_pc,control,0,0,1,4,0,10,4,9,1,3,0,3,0,0
pc-d08d4651-224,rudeljaeger__mit_pc,control,1,1,0,4,7,10,3,9,1,3,0,10,0,0
pc-49dab70f-225,forschung_muskelkraft__mit_pc,control,0,1,1,8,4,16,8,30,3,8,7,11,0,0
pc-49dab70f-225,rudeljaeger__mit_pc,control,1,0,0,8,-1,11,11,25,5,9,3,6,0,1
pc-ddf284d6-226,forschung_muskelkraft__mit_pc,control,0,1,1,6,3,14,6,19,1,5,4,10,0,0
pc-ddf284d6-226,rudeljaeger__mit_pc,control,1,0,0,6,0,9,6,20,0,6,1,7,0,0
pc-573ff594-227,forschung_muskelkraft__mit_pc,control,0,1,1,11,1,22,11,40,16,9,10,10,0,0
pc-573ff594-227,rudeljaeger__mit_pc,control,1,0,0,11,0,14,14,35,24,12,4,9,0,0
pc-eb57c35b-228,forschung_muskelkraft__mit_pc,control,0,1,1,10,4,19,11,44,7,10,10,12,0,0
pc-eb57c35b-228,rudeljaeger__mit_pc,control,1,0,0,10,-2,15,13,36,11,11,5,6,0,0
pc-64a53419-229,forschung_muskelkraft__mit_pc,control,0,0,1,7,0,17,9,26,2,7,3,9,0,0
pc-64a53419-229,rudeljaeger__mit_pc,control,1,1,0,7,1,11,8,25,0,7,3,10,0,0
pc-f8bd01e0-230,forschung_muskelkraft__mit_pc,control,0,0,1,5,0,14,5,14,1,4,3,3,0,0
pc-f8bd01e0-230,rudeljaeger__mit_pc,control,1,1,0,5,7,9,6,15,0,6,1,10,0,0
pc-720a729e-231,forschung_muskelkraft__mit_pc,control,0,0,1,5,-3,12,5,14,1,4,1,0,0,0
pc-720a729e-231,rudeljaeger__mit_pc,control,1,1,0,5,10,9,5,15,0,4,1,13,0,0
pc-47a05cdf-232,forschung_muskelkraft__mit_pc,control,0,1,1,12,2,23,14,50,22,12,12,10,0,0
pc-47a05cdf-232,rudeljaeger__mit_pc,control,1,0,0,12,0,17,16,50,18,15,9,8,0,1
pc-c0edad9c-233,forschung_muskelkraft__mit_pc,control,0,0,1,6,-1,15,6,19,2,5,4,0,0,0
pc-c0edad9c-233,rudeljaeger__mit_pc,control,1,1,0,6,10,10,8,20,0,7,2,11,0,0
pc-55059b64-234,forschung_muskelkraft__mit_pc,control,0,0,1,5,-2,11,6,14,1,4,4,9,0,0
pc-55059b64-234,rudeljaeger__mit_pc,control,1,1,0,5,1,11,5,15,0,5,0,12,0,0
pc-ce52ec21-235,forschung_muskelkraft__mit_pc,control,0,0,1,5,0,12,6,14,1,5,4,4,0,0
pc-ce52ec21-235,rudeljaeger__mit_pc,control,1,1,0,5,6,9,6,15,0,6,2,10,0,0
pc-626ad9e9-236,forschung_muskelkraft__mit_pc,control,0,0,1,5,-1,10,4,12,3,3,1,3,0,0
pc-626ad9e9-236,rudeljaeger__mit_pc,control,1,1,0,5,7,9,5,13,2,5,0,11,0,0
pc-dbb82aa6-237,forschung_muskelkraft__mit_pc,control,0,0,1,5,-3,13,4,13,2,4,3,6,0,0
pc-dbb82aa6-237,rudeljaeger__mit_pc,control,1,1,0,5,4,10,5,15,0,5,2,13,0,0
pc-6fd0186e-238,forschung_muskelkraft__mit_pc,control,0,1,1,8,3,16,9,32,1,8,7,12,0,0
pc-6fd0186e-238,rudeljaeger__mit_pc,control,1,0,0,8,-2,15,11,32,0,10,4,7,0,0
pc-e91d692b-239,forschung_muskelkraft__mit_pc,control,0,0,1,4,-1,11,5,9,1,4,1,0,0,0
pc-e91d692b-239,rudeljaeger__mit_pc,control,1,1,0,4,10,8,4,10,0,4,2,11,0,0
pc-120b42cb-240,forschung_muskelkraft__mit_pc,control,0,1,1,15,2,23,18,71,38,16,15,11,0,0
pc-120b42cb-240,rudeljaeger__mit_pc,control,1,0,0,15,-1,19,19,51,58,17,11,8,0,0
pc-8b58b388-241,forschung_muskelkraft__mit_pc,control,0,1,1,14,3,23,17,65,30,15,14,13,0,0
pc-8b58b388-241,rudeljaeger__mit_pc,control,1,0,0,14,-3,20,18,49,44,16,11,7,0,3
pc-1f708150-242,forschung_muskelkraft__mit_pc,control,0,1,1,14,1,22,20,75,18,18,15,11,0,0
pc-1f708150-242,rudeljaeger__mit_pc,control,1,0,0,14,-1,19,18,51,41,17,14,9,0,1
pc-98bdf20d-243,forschung_muskelkraft__mit_pc,control,0,0,1,4,0,9,1,4,6,1,2,0,0,0
pc-98bdf20d-243,rudeljaeger__mit_pc,control,1,1,0,4,10,8,5,10,0,5,0,10,0,0
pc-2cd5dfd5-244,forschung_muskelkraft__mit_pc,control,0,1,1,8,5,14,8,26,2,6,8,11,0,0
pc-2cd5dfd5-244,rudeljaeger__mit_pc,control,1,0,0,8,-1,12,11,31,4,10,1,5,0,0
pc-a6233092-245,forschung_muskelkraft__mit_pc,control,0,1,1,11,1,19,10,38,17,8,12,10,0,0
pc-a6233092-245,rudeljaeger__mit_pc,control,1,0,0,11,0,16,15,45,11,14,3,9,0,1
pc-3a3b1e5a-246,forschung_muskelkraft__mit_pc,control,0,1,1,11,3,21,11,45,10,10,13,14,0,0
pc-3a3b1e5a-246,rudeljaeger__mit_pc,control,1,0,0,11,-4,16,15,39,21,14,5,7,0,0
pc-b3886f17-247,forschung_muskelkraft__mit_pc,control,0,0,1,5,0,13,4,13,2,4,2,5,0,0
pc-b3886f17-247,rudeljaeger__mit_pc,control,1,1,0,5,5,9,4,12,3,4,0,10,0,0
pc-dc7648b6-248,forschung_muskelkraft__mit_pc,control,0,1,1,10,1,21,13,48,2,12,11,10,0,0
pc-dc7648b6-248,rudeljaeger__mit_pc,control,1,0,0,10,0,16,14,38,10,13,7,9,0,1
pc-55c3b974-249,forschung_muskelkraft__mit_pc,control,0,0,1,5,0,11,4,12,3,3,1,0,0,0
pc-55c3b974-249,rudeljaeger__mit_pc,control,1,1,0,5,10,10,4,13,2,4,0,10,0,0
pc-e9db873b-250,forschung_muskelkraft__mit_pc,control,0,0,1,7,-1,18,7,24,4,6,5,9,0,0
pc-e9db873b-250,rudeljaeger__mit_pc,control,1,1,0,7,1,12,8,23,5,8,2,11,0,0
pc-6328f7f9-251,forschung_muskelkraft__mit_pc,control,0,1,1,14,3,23,17,63,32,15,15,12,0,0
pc-6328f7f9-251,rudeljaeger__mit_pc,control,1,0,0,14,-2,18,18,52,43,16,10,7,0,1
pc-f740c5c0-252,forschung_muskelkraft__mit_pc,control,0,0,1,4,0,11,3,8,2,3,0,3,0,0
pc-f740c5c0-252,rudeljaeger__mit_pc,control,1,1,0,4,7,8,3,9,1,3,1,10,0,0
pc-708e367e-253,forschung_muskelkraft__mit_pc,control,0,0,1,4,-1,10,3,7,3,2,2,4,0,0
pc-708e367e-253,rudeljaeger__mit_pc,control,1,1,0,4,6,8,4,9,0,4,0,11,0,0
pc-04a60446-254,forschung_muskelkraft__mit_pc,control,0,0,1,5,0,15,5,14,1,4,2,0,0,0
pc-04a60446-254,rudeljaeger__mit_pc,control,1,1,0,5,10,9,4,12,2,4,2,10,0,0
pc-7df37503-255,forschung_muskelkraft__mit_pc,control,0,0,1,5,-1,13,4,13,2,4,3,0,0,0
pc-7df37503-255,rudeljaeger__mit_pc,control,1,1,0,5,10,9,6,13,0,6,2,11,0,0
pc-a6e14ea2-256,forschung_muskelkraft__mit_pc,control,0,1,1,11,4,22,16,58,2,14,11,12,0,0
pc-a6e14ea2-256,rudeljaeger__mit_pc,control,1,0,0,11,-2,16,14,35,21,12,9,6,0,2
pc-202ebf60-257,forschung_muskelkraft__mit_pc,control,0,1,1,9,6,17,9,34,11,7,8,14,0,0
pc-202ebf60-257,rudeljaeger__mit_pc,control,1,0,0,9,-4,14,13,39,5,12,3,4,0,1
pc-b4468d27-258,forschung_muskelkraft__mit_pc,control,0,0,1,8,-2,16,10,34,2,8,8,6,0,0
pc-b4468d27-258,rudeljaeger__mit_pc,control,1,1,0,8,4,14,11,30,2,10,5,12,0,0
pc-2d93fde5-259,forschung_muskelkraft__mit_pc,control,0,0,1,15,0,23,16,67,42,14,17,6,0,0
pc-2d93fde5-259,rudeljaeger__mit_pc,control,1,1,0,15,3,21,19,53,53,17,12,9,0,1
pc-c1abcbac-260,forschung_muskelkraft__mit_pc,control,0,0,1,3,0,9,2,3,1,1,0,3,0,0
pc-c1abcbac-260,rudeljaeger__mit_pc,control,1,1,0,3,7,6,3,6,0,3,0,10,0,0
pc-3af93c6a-261,forschung_muskelkraft__mit_pc,control,0,0,1,5,0,11,2,9,6,2,0,0,0,0
pc-3af93c6a-261,rudeljaeger__mit_pc,control,1,1,0,5,10,10,5,13,0,5,0,10,0,0
pc-cf110a31-262,forschung_muskelkraft__mit_pc,control,0,1,1,12,4,22,13,50,16,11,11,10,0,0
pc-cf110a31-262,rudeljaeger__mit_pc,control,1,0,0,12,0,17,16,43,27,15,6,6,0,0
pc-485e7aef-263,forschung_muskelkraft__mit_pc,control,0,1,1,12,4,22,14,51,15,12,11,13,0,0
pc-485e7aef-263,rudeljaeger__mit_pc,control,1,0,0,12,-3,16,15,37,33,13,7,6,0,0
pc-c4a443ec-264,forschung_muskelkraft__mit_pc,control,0,1,1,8,1,16,7,24,4,6,4,11,0,0
pc-c4a443ec-264,rudeljaeger__mit_pc,control,1,0,0,8,-1,14,9,27,1,8,3,9,0,1
pc-3df1b4aa-265,forschung_muskelkraft__mit_pc,control,0,0,1,10,-1,19,10,39,16,9,10,9,0,0
pc-3df1b4aa-265,rudeljaeger__mit_pc,control,1,1,0,10,1,15,13,37,10,12,5,11,0,1
pc-d2098271-266,forschung_muskelkraft__mit_pc,control,0,0,1,9,-1,21,12,41,4,11,8,6,0,0
pc-d2098271-266,rudeljaeger__mit_pc,control,1,1,0,9,4,14,13,39,2,12,8,11,0,0
pc-4b56f32f-267,forschung_muskelkraft__mit_pc,control,0,1,1,10,3,21,12,43,7,10,11,10,0,0
pc-4b56f32f-267,rudeljaeger__mit_pc,control,1,0,0,10,0,14,13,33,14,12,6,7,0,0
pc-df6ec0f6-268,forschung_muskelkraft__mit_pc,control,0,1,1,13,1,22,14,57,25,12,12,12,0,0
pc-df6ec0f6-268,rudeljaeger__mit_pc,control,1,0,0,13,-2,18,16,43,38,15,7,9,0,3
pc-58bc31b4-269,forschung_muskelkraft__mit_pc,control,0,0,1,5,-1,11,5,14,1,4,4,9,0,0
pc-58bc31b4-269,rudeljaeger__mit_pc,control,1,1,0,5,1,9,8,15,0,6,2,11,0,0
pc-ecd41f7b-270,forschung_muskelkraft__mit_pc,control,0,1,1,15,1,23,19,73,34,17,16,11,0,0
pc-ecd41f7b-270,rudeljaeger__mit_pc,control,1,0,0,15,-1,19,19,54,54,18,12,9,0,4
pc-66217039-271,forschung_muskelkraft__mit_pc,control,0,0,1,5,0,11,5,14,1,4,4,3,0,0
pc-66217039-271,rudeljaeger__mit_pc,control,1,1,0,5,7,11,5,13,0,5,1,10,0,0
pc-8f0f49d8-272,forschung_muskelkraft__mit_pc,control,0,1,1,14,6,22,13,53,44,11,13,13,0,0
pc-8f0f49d8-272,rudeljaeger__mit_pc,control,1,0,0,14,-3,17,17,46,50,15,7,4,0,0
pc-085cba96-273,forschung_muskelkraft__mit_pc,control,0,1,1,8,1,16,6,25,9,5,9,15,0,0
pc-085cba96-273,rudeljaeger__mit_pc,control,1,0,0,8,-5,12,11,29,2,10,1,9,0,1
pc-9c74885d-274,forschung_muskelkraft__mit_pc,control,0,0,1,5,0,13,3,11,4,3,4,1,0,0
pc-9c74885d-274,rudeljaeger__mit_pc,control,1,1,0,5,9,9,6,13,1,6,2,10,0,0
pc-15c1f91b-275,forschung_muskelkraft__mit_pc,control,0,1,1,16,2,22,19,73,55,17,16,7,0,0
pc-15c1f91b-275,rudeljaeger__mit_pc,control,1,0,0,16,0,21,20,56,69,18,14,5,0,2
pc-a9d9c6e2-276,forschung_muskelkraft__mit_pc,control,0,1,1,9,4,20,12,38,3,10,11,10,0,0
pc-a9d9c6e2-276,rudeljaeger__mit_pc,control,1,0,0,9,0,12,12,32,8,12,5,6,0,4
pc-232737a0-277,forschung_muskelkraft__mit_pc,control,0,0,1,5,-1,11,3,11,4,3,2,0,0,0
pc-232737a0-277,rudeljaeger__mit_pc,control,1,1,0,5,10,9,5,14,1,5,0,11,0,0
pc-b73f0567-278,forschung_muskelkraft__mit_pc,control,0,1,1,9,2,19,12,42,3,10,9,12,0,0
pc-b73f0567-278,rudeljaeger__mit_pc,control,1,0,0,9,-2,14,12,34,7,11,7,8,0,0
pc-308c7625-279,forschung_muskelkraft__mit_pc,control,0,0,1,5,-2,14,4,13,2,4,2,0,0,0
pc-308c7625-279,rudeljaeger__mit_pc,control,1,1,0,5,10,11,4,12,1,4,3,12,0,0
pc-597a4fc4-280,forschung_muskelkraft__mit_pc,control,0,0,1,6,0,14,5,17,3,4,5,3,0,0
pc-597a4fc4-280,rudeljaeger__mit_pc,control,1,1,0,6,7,9,7,18,1,7,1,10,0,0
pc-d2c7a081-281,forschung_muskelkraft__mit_pc,control,0,0,1,4,0,9,3,8,2,3,0,0,0,0
pc-d2c7a081-281,rudeljaeger__mit_pc,control,1,1,0,4,10,8,4,9,1,4,1,10,0,0
pc-66df8e49-282,forschung_muskelkraft__mit_pc,control,0,1,1,12,6,23,13,51,15,11,13,11,0,0
pc-66df8e49-282,rudeljaeger__mit_pc,control,1,0,0,12,-1,17,16,42,28,14,7,4,0,0
pc-e02cff06-283,forschung_muskelkraft__mit_pc,control,0,0,1,6,-1,12,5,19,2,5,3,0,0,0
pc-e02cff06-283,rudeljaeger__mit_pc,control,1,1,0,6,10,10,6,19,2,6,2,11,0,1
pc-7444ccce-284,forschung_muskelkraft__mit_pc,control,0,0,1,6,0,13,5,18,3,4,2,0,0,0
pc-7444ccce-284,rudeljaeger__mit_pc,control,1,1,0,6,10,11,5,19,2,5,1,10,0,0
pc-ed923d8b-285,forschung_muskelkraft__mit_pc,control,0,0,1,4,0,10,1,4,6,1,0,0,0,0
pc-ed923d8b-285,rudeljaeger__mit_pc,control,1,1,0,4,10,9,5,10,0,5,0,10,0,0
pc-81aa0b53-286,forschung_muskelkraft__mit_pc,control,0,0,1,5,-1,12,5,14,1,4,2,2,0,0
pc-81aa0b53-286,rudeljaeger__mit_pc,control,1,1,0,5,8,9,5,14,1,5,1,11,0,0
pc-faf77c10-287,forschung_muskelkraft__mit_pc,control,0,1,1,8,4,17,8,25,3,7,10,11,0,0
pc-faf77c10-287,rudeljaeger__mit_pc,control,1,0,0,8,-1,14,12,33,3,10,5,6,0,0
pc-23e555b0-288,forschung_muskelkraft__mit_pc,control,0,0,1,4,0,10,3,5,3,2,3,0,0,0
pc-23e555b0-288,rudeljaeger__mit_pc,control,1,1,0,4,10,9,4,8,1,4,0,10,0,0
pc-9d32a66d-289,forschung_muskelkraft__mit_pc,control,0,1,1,8,1,17,8,30,3,7,8,15,0,0
pc-9d32a66d-289,rudeljaeger__mit_pc,control,1,0,0,8,-5,11,11,29,3,9,3,9,0,0
pc-314a9435-290,forschung_muskelkraft__mit_pc,control,0,1,1,10,4,19,12,47,4,11,11,11,0,0
pc-314a9435-290,rudeljaeger__mit_pc,control,1,0,0,10,-1,15,13,34,14,11,7,6,0,0
pc-aa97e4f2-291,forschung_muskelkraft__mit_pc,control,0,1,1,10,3,19,11,46,5,10,13,14,0,0
pc-aa97e4f2-291,rudeljaeger__mit_pc,control,1,0,0,10,-4,15,14,40,10,14,8,7,0,0
pc-3eafd2ba-292,forschung_muskelkraft__mit_pc,control,0,1,1,8,4,16,6,23,5,5,9,12,0,0
pc-3eafd2ba-292,rudeljaeger__mit_pc,control,1,0,0,8,-2,12,12,27,4,11,0,6,0,0
pc-b7fd2377-293,forschung_muskelkraft__mit_pc,control,0,0,1,6,-1,12,6,19,1,5,6,6,0,0
pc-b7fd2377-293,rudeljaeger__mit_pc,control,1,1,0,6,4,10,8,18,1,8,2,11,0,0
pc-4c15113f-294,forschung_muskelkraft__mit_pc,control,0,0,1,5,0,14,5,14,1,4,5,3,0,0
pc-4c15113f-294,rudeljaeger__mit_pc,control,1,1,0,5,7,10,6,15,0,6,1,10,0,0
pc-c56261fc-295,forschung_muskelkraft__mit_pc,control,0,0,1,5,0,11,3,8,7,2,1,3,0,0
pc-c56261fc-295,rudeljaeger__mit_pc,control,1,1,0,5,7,11,4,12,1,4,0,10,0,0
pc-9af84c3d-296,forschung_muskelkraft__mit_pc,control,0,0,1,3,0,8,3,5,1,2,0,2,0,0
pc-9af84c3d-296,rudeljaeger__mit_pc,control,1,1,0,3,8,8,3,5,0,2,0,10,0,0
pc-1445bcfb-297,forschung_muskelkraft__mit_pc,control,0,1,1,9,3,17,10,39,2,9,9,12,0,0
pc-1445bcfb-297,rudeljaeger__mit_pc,control,1,0,0,9,-2,14,13,35,5,11,4,7,0,0
pc-a85d8ac2-298,forschung_muskelkraft__mit_pc,control,0,1,1,9,3,17,11,40,2,9,10,11,0,0
pc-a85d8ac2-298,rudeljaeger__mit_pc,control,1,0,0,9,-1,13,13,37,4,11,4,7,0,0
pc-21aafb80-299,forschung_muskelkraft__mit_pc,control,0,1,1,14,3,23,13,53,43,11,14,13,0,0
pc-21aafb80-299,rudeljaeger__mit_pc,control,1,0,0,14,-3,18,17,48,45,15,6,7,0,1
pc-86b985bc-300,forschung_muskelkraft__mit_pc,control,0,1,0,13,4,22,14,55,23,12,12,12,0,0
pc-86b985bc-300,rudeljaeger__mit_pc,control,1,0,1,13,-2,17,16,39,43,14,8,6,0,0
pc-0006f67a-301,forschung_muskelkraft__mit_pc,control,0,0,0,5,-2,11,4,13,2,4,3,8,0,0
pc-0006f67a-301,rudeljaeger__mit_pc,control,1,1,1,5,2,10,6,14,1,6,1,12,0,0
pc-79544737-302,forschung_muskelkraft__mit_pc,control,0,1,0,13,1,23,15,59,23,13,12,12,0,0
pc-79544737-302,rudeljaeger__mit_pc,control,1,0,1,13,-2,17,17,47,34,15,8,9,0,1
pc-f2a1b7f4-303,forschung_muskelkraft__mit_pc,control,0,0,0,3,0,10,3,5,1,2,0,0,0,0
pc-f2a1b7f4-303,rudeljaeger__mit_pc,control,1,1,1,3,10,8,4,6,0,3,1,10,0,0
pc-a18402c6-304,forschung_muskelkraft__mit_pc,control,0,1,0,7,2,17,9,27,1,7,7,14,0,0
pc-a18402c6-304,rudeljaeger__mit_pc,control,1,0,1,7,-4,10,10,24,1,9,3,8,0,0
pc-1ad17384-305,forschung_muskelkraft__mit_pc,control,0,,0,15,0,23,18,71,38,16,13,9,0,0
pc-1ad17384-305,rudeljaeger__mit_pc,control,1,,1,15,0,19,18,49,57,16,13,9,0,1
pc-941ec441-306,forschung_muskelkraft__mit_pc,control,0,1,0,8,2,20,9,27,2,7,6,10,0,0
pc-941ec441-306,rudeljaeger__mit_pc,control,1,0,1,8,0,12,10,27,7,8,2,8,0,2
pc-0d6c34ff-307,forschung_muskelkraft__mit_pc,control,0,1,0,10,4,21,10,38,7,9,10,11,0,0
pc-0d6c34ff-307,rudeljaeger__mit_pc,control,1,0,1,10,-1,15,13,33,15,11,5,6,0,0
pc-51248ba8-308,forschung_muskelkraft__mit_pc,control,0,0,0,4,0,10,3,7,3,2,1,3,0,0
pc-51248ba8-308,rudeljaeger__mit_pc,control,1,1,1,4,7,10,4,10,0,3,0,10,0,0
pc-ca71fc65-309,forschung_muskelkraft__mit_pc,control,0,0,0,4,-1,9,3,7,3,2,2,0,0,0
pc-ca71fc65-309,rudeljaeger__mit_pc,control,1,1,1,4,10,8,5,9,0,4,0,11,0,0
pc-43bf4d23-310,forschung_muskelkraft__mit_pc,control,0,1,0,13,1,20,17,66,18,15,14,12,0,0
pc-43bf4d23-310,rudeljaeger__mit_pc,control,1,0,1,13,-2,18,17,47,32,16,11,9,0,4
pc-bd0cbde0-311,forschung_muskelkraft__mit_pc,control,0,1,0,12,6,22,12,48,18,10,14,13,0,0
pc-bd0cbde0-311,rudeljaeger__mit_pc,control,1,0,1,12,-3,17,16,49,22,15,5,4,0,0
pc-6bef08b2-312,forschung_muskelkraft__mit_pc,control,0,0,0,8,0,17,8,32,4,8,3,6,0,0
pc-6bef08b2-312,rudeljaeger__mit_pc,control,1,1,1,8,4,11,9,24,4,8,4,10,0,0
pc-e53c796f-313,forschung_muskelkraft__mit_pc,control,0,1,0,15,6,22,19,73,40,17,15,12,0,0
pc-e53c796f-313,rudeljaeger__mit_pc,control,1,0,1,15,-2,22,19,51,58,17,13,4,0,2
pc-5e89ca2d-314,forschung_muskelkraft__mit_pc,control,0,0,0,4,0,9,1,4,6,1,0,0,0,0
pc-5e89ca2d-314,rudeljaeger__mit_pc,control,1,1,1,4,10,8,4,8,0,4,0,10,0,0
pc-d7d73aea-315,forschung_muskelkraft__mit_pc,control,0,0,0,4,0,9,1,4,6,1,0,0,0,0
pc-d7d73aea-315,rudeljaeger__mit_pc,control,1,1,1,4,10,8,3,8,1,3,0,10,0,0
pc-1b8f9194-316,forschung_muskelkraft__mit_pc,control,0,0,0,6,0,13,7,18,2,5,3,4,0,0
pc-1b8f9194-316,rudeljaeger__mit_pc,control,1,1,1,6,6,10,7,17,0,7,3,10,0,0
pc-94dce251-317,forschung_muskelkraft__mit_pc,control,0,0,0,5,-3,12,3,11,4,3,4,0,0,0
pc-94dce251-317,rudeljaeger__mit_pc,control,1,1,1,5,10,9,6,15,0,5,2,13,0,0
pc-0e2a530f-318,forschung_muskelkraft__mit_pc,control,0,0,0,6,-1,15,6,18,3,5,5,0,0,0
pc-0e2a530f-318,rudeljaeger__mit_pc,control,1,1,1,6,10,11,9,19,0,8,3,11,0,1
pc-8777a3cc-319,forschung_muskelkraft__mit_pc,control,0,1,0,7,3,13,8,25,1,6,5,10,0,0
pc-8777a3cc-319,rudeljaeger__mit_pc,control,1,0,1,7,0,11,10,23,2,8,1,7,0,0
pc-365a0e9e-320,forschung_muskelkraft__mit_pc,control,0,0,0,4,0,10,2,6,4,2,0,3,0,0
pc-365a0e9e-320,rudeljaeger__mit_pc,control,1,1,1,4,7,9,4,10,0,4,0,10,0,0
pc-afa77f5b-321,forschung_muskelkraft__mit_pc,control,0,0,0,5,-1,14,5,14,1,4,4,3,0,0
pc-afa77f5b-321,rudeljaeger__mit_pc,control,1,1,1,5,7,11,6,15,0,6,2,11,0,0
pc-28f4d019-322,forschung_muskelkraft__mit_pc,control,0,1,0,17,3,22,15,61,75,13,18,13,0,0
pc-28f4d019-322,rudeljaeger__mit_pc,control,1,0,1,17,-6,23,20,56,80,18,9,4,0,0
pc-a24220d6-323,forschung_muskelkraft__mit_pc,control,0,1,0,14,7,23,15,61,30,13,15,10,0,0
pc-a24220d6-323,rudeljaeger__mit_pc,control,1,0,1,14,0,21,18,51,42,16,8,3,0,0
pc-e5fa977f-324,forschung_muskelkraft__mit_pc,control,0,0,0,4,-1,10,2,6,4,2,3,0,0,0
pc-e5fa977f-324,rudeljaeger__mit_pc,control,1,1,1,4,10,8,5,9,1,5,1,11,0,0
pc-5f47e83d-325,forschung_muskelkraft__mit_pc,control,0,0,0,4,-1,10,4,9,1,3,0,0,0,0
pc-5f47e83d-325,rudeljaeger__mit_pc,control,1,1,1,4,10,9,4,10,0,4,1,11,0,0
pc-d89558fa-326,forschung_muskelkraft__mit_pc,control,0,0,0,11,0,22,14,58,8,13,10,6,0,0
pc-d89558fa-326,rudeljaeger__mit_pc,control,1,1,1,11,4,16,15,46,11,13,11,10,0,0
pc-51e2a9b8-327,forschung_muskelkraft__mit_pc,control,0,0,0,11,0,20,12,45,15,10,12,9,0,0
pc-51e2a9b8-327,rudeljaeger__mit_pc,control,1,1,1,11,1,16,15,42,14,13,8,10,0,0
pc-00c5148a-328,forschung_muskelkraft__mit_pc,control,0,1,0,10,4,19,8,29,16,6,12,12,0,0
pc-00c5148a-328,rudeljaeger__mit_pc,control,1,0,1,10,-2,13,13,31,15,11,2,6,0,0
pc-7a126547-329,forschung_muskelkraft__mit_pc,control,0,1,0,15,1,22,17,69,38,15,17,10,0,0
pc-7a126547-329,rudeljaeger__mit_pc,control,1,0,1,15,0,20,19,54,55,17,12,9,0,1
pc-f35fd604-330,forschung_muskelkraft__mit_pc,control,0,1,0,9,1,21,9,31,5,7,12,10,0,0
pc-f35fd604-330,rudeljaeger__mit_pc,control,1,0,1,9,0,13,11,27,9,11,4,9,0,0
pc-6cad26c2-331,forschung_muskelkraft__mit_pc,control,0,0,0,6,-2,14,5,17,4,4,5,9,0,0
pc-6cad26c2-331,rudeljaeger__mit_pc,control,1,1,1,6,1,11,7,14,5,7,1,12,0,0
pc-5d0d8e0d-332,forschung_muskelkraft__mit_pc,control,0,0,0,7,-4,14,7,26,2,6,5,2,0,0
pc-5d0d8e0d-332,rudeljaeger__mit_pc,control,1,1,1,7,8,11,9,24,2,7,3,14,0,2
pc-d65afeca-333,forschung_muskelkraft__mit_pc,control,0,0,0,4,-1,10,4,9,1,3,2,3,0,0
pc-d65afeca-333,rudeljaeger__mit_pc,control,1,1,1,4,7,9,4,10,0,4,0,11,0,0
pc-4fa84f88-334,forschung_muskelkraft__mit_pc,control,0,0,0,4,-2,10,4,9,1,3,0,0,0,0
pc-4fa84f88-334,rudeljaeger__mit_pc,control,1,1,1,4,10,9,4,9,0,4,0,12,0,0
pc-c8f5a045-335,forschung_muskelkraft__mit_pc,control,0,0,0,5,0,15,4,13,2,4,4,2,0,0
pc-c8f5a045-335,rudeljaeger__mit_pc,control,1,1,1,5,8,10,7,15,0,6,2,10,0,0
pc-77d80b17-336,forschung_muskelkraft__mit_pc,control,0,0,0,5,-2,12,3,11,4,3,4,0,0,0
pc-77d80b17-336,rudeljaeger__mit_pc,control,1,1,1,5,10,9,6,14,0,6,1,12,0,0
pc-f1257bd4-337,forschung_muskelkraft__mit_pc,control,0,1,0,9,4,19,11,39,3,9,12,11,0,0
pc-f1257bd4-337,rudeljaeger__mit_pc,control,1,0,1,9,-1,14,13,33,8,13,4,6,0,0
pc-6a72cc92-338,forschung_muskelkraft__mit_pc,control,0,0,0,9,-2,20,11,42,3,10,8,1,0,0
pc-6a72cc92-338,rudeljaeger__mit_pc,control,1,1,1,9,9,15,13,34,3,11,6,12,0,0
pc-e3c03d4f-339,forschung_muskelkraft__mit_pc,control,0,0,0,4,-1,11,3,8,2,3,3,0,0,0
pc-e3c03d4f-339,rudeljaeger__mit_pc,control,1,1,1,4,10,8,4,9,1,4,1,11,0,0
pc-277893f9-340,forschung_muskelkraft__mit_pc,control,0,1,0,10,3,20,14,47,2,12,10,12,0,0
pc-277893f9-340,rudeljaeger__mit_pc,control,1,0,1,10,-2,13,13,35,15,12,7,7,0,0
pc-a0c5e4b6-341,forschung_muskelkraft__mit_pc,control,0,0,0,9,-1,21,12,42,3,10,3,9,0,0
pc-a0c5e4b6-341,rudeljaeger__mit_pc,control,1,1,1,9,1,13,10,31,8,8,6,11,0,2
pc-1a135574-342,forschung_muskelkraft__mit_pc,control,0,0,0,6,0,16,6,19,2,5,5,6,0,0
pc-1a135574-342,rudeljaeger__mit_pc,control,1,1,1,6,4,9,7,20,1,7,2,10,0,0
pc-9360a631-343,forschung_muskelkraft__mit_pc,control,0,1,0,12,3,22,17,66,11,15,10,11,0,0
pc-9360a631-343,rudeljaeger__mit_pc,control,1,0,1,12,-1,18,14,42,30,13,11,7,0,1
pc-42431103-344,forschung_muskelkraft__mit_pc,control,0,0,0,7,-3,15,6,23,5,5,2,0,0,0
pc-42431103-344,rudeljaeger__mit_pc,control,1,1,1,7,10,12,7,26,2,7,2,13,0,0
pc-bb9061c0-345,forschung_muskelkraft__mit_pc,control,0,0,0,3,-1,9,0,0,3,0,0,0,0,0
pc-bb9061c0-345,rudeljaeger__mit_pc,control,1,1,1,3,10,6,3,6,0,2,0,11,0,0
pc-34ddd27e-346,forschung_muskelkraft__mit_pc,control,0,1,0,12,2,21,15,57,9,13,13,10,0,0
pc-34ddd27e-346,rudeljaeger__mit_pc,control,1,0,1,12,0,18,16,41,30,14,8,8,0,1
pc-ae2b233b-347,forschung_muskelkraft__mit_pc,control,0,0,0,3,0,10,2,4,1,2,0,0,0,0
pc-ae2b233b-347,rudeljaeger__mit_pc,control,1,1,1,3,10,8,3,4,1,2,1,10,0,0
pc-f1e399e4-348,forschung_muskelkraft__mit_pc,control,0,0,0,5,0,12,6,14,1,4,1,0,0,0
pc-f1e399e4-348,rudeljaeger__mit_pc,control,1,1,1,5,10,9,4,14,1,4,1,10,0,0
pc-6b30eaa2-349,forschung_muskelkraft__mit_pc,control,0,0,0,4,-1,8,1,4,6,1,2,0,0,0
pc-6b30eaa2-349,rudeljaeger__mit_pc,control,1,1,1,4,10,9,5,8,0,5,0,11,0,0
pc-e47e5b5f-350,forschung_muskelkraft__mit_pc,control,0,0,0,9,-1,19,9,30,6,7,10,7,0,0
pc-e47e5b5f-350,rudeljaeger__mit_pc,control,1,1,1,9,3,13,12,35,6,12,3,11,0,0
pc-5dcbac1d-351,forschung_muskelkraft__mit_pc,control,0,0,0,4,0,10,2,6,4,2,0,0,0,0
pc-5dcbac1d-351,rudeljaeger__mit_pc,control,1,1,1,4,10,8,4,8,0,4,1,10,0,0
pc-0cae16ef-352,forschung_muskelkraft__mit_pc,control,0,0,0,6,-1,16,5,18,2,5,5,3,0,0
pc-0cae16ef-352,rudeljaeger__mit_pc,control,1,1,1,6,7,10,7,18,0,7,3,11,0,0
pc-85fb67ac-353,forschung_muskelkraft__mit_pc,control,0,0,0,7,-1,11,6,24,4,6,2,0,0,0
pc-85fb67ac-353,rudeljaeger__mit_pc,control,1,1,1,7,10,10,8,25,0,7,3,11,0,0
pc-ff48d869-354,forschung_muskelkraft__mit_pc,control,0,1,0,6,1,12,6,18,2,5,5,10,0,0
pc-ff48d869-354,rudeljaeger__mit_pc,control,1,0,1,6,0,9,6,19,1,6,2,9,0,0
pc-78962927-355,forschung_muskelkraft__mit_pc,control,0,1,0,7,2,16,7,25,2,6,5,14,0,0
pc-78962927-355,rudeljaeger__mit_pc,control,1,0,1,7,-4,12,8,26,1,7,3,8,0,2
pc-bc4e9fd0-356,forschung_muskelkraft__mit_pc,control,0,1,0,13,3,23,15,61,21,13,16,15,0,0
pc-bc4e9fd0-356,rudeljaeger__mit_pc,control,1,0,1,13,-5,18,17,48,35,16,8,7,0,2
pc-359bf08e-357,forschung_muskelkraft__mit_pc,control,0,0,0,4,0,10,3,8,2,3,0,3,0,0
pc-359bf08e-357,rudeljaeger__mit_pc,control,1,1,1,4,7,8,4,10,0,3,1,10,0,0
pc-aee9414b-358,forschung_muskelkraft__mit_pc,control,0,0,0,10,0,20,11,43,12,10,11,3,0,0
pc-aee9414b-358,rudeljaeger__mit_pc,control,1,1,1,10,7,15,14,41,7,12,6,10,0,0
pc-2836b209-359,forschung_muskelkraft__mit_pc,control,0,1,0,11,2,19,14,50,6,12,12,11,0,0
pc-2836b209-359,rudeljaeger__mit_pc,control,1,0,1,11,-1,17,14,38,18,13,7,8,0,0
pc-d7191cda-360,forschung_muskelkraft__mit_pc,control,0,1,0,7,1,14,8,25,2,6,6,10,0,0
pc-d7191cda-360,rudeljaeger__mit_pc,control,1,0,1,7,0,12,8,22,5,8,1,9,0,0
pc-50666d98-361,forschung_muskelkraft__mit_pc,control,0,1,0,7,3,16,7,25,1,6,7,11,0,0
pc-50666d98-361,rudeljaeger__mit_pc,control,1,0,1,7,-1,12,10,21,2,8,2,7,0,0
pc-c9b3de55-362,forschung_muskelkraft__mit_pc,control,0,0,0,4,0,11,4,7,1,3,3,0,0,0
pc-c9b3de55-362,rudeljaeger__mit_pc,control,1,1,1,4,10,8,5,10,0,5,1,10,0,0
pc-43012f13-363,forschung_muskelkraft__mit_pc,control,0,1,0,11,3,24,14,55,6,12,9,11,0,0
pc-43012f13-363,rudeljaeger__mit_pc,control,1,0,1,11,-1,16,14,41,16,12,8,7,0,1
pc-3361965e-364,forschung_muskelkraft__mit_pc,control,0,0,0,3,0,9,1,2,1,1,0,0,0,0
pc-3361965e-364,rudeljaeger__mit_pc,control,1,1,1,3,10,8,3,6,0,3,1,10,0,0
pc-acaee71b-365,forschung_muskelkraft__mit_pc,control,0,0,0,9,-1,20,12,38,6,10,6,6,0,0
pc-acaee71b-365,rudeljaeger__mit_pc,control,1,1,1,9,4,13,11,36,2,10,7,11,0,1
pc-25fc57d9-366,forschung_muskelkraft__mit_pc,control,0,1,0,12,6,22,15,59,12,13,14,13,0,0
pc-25fc57d9-366,rudeljaeger__mit_pc,control,1,0,1,12,-3,17,16,41,29,15,8,4,0,0
pc-9f49a896-367,forschung_muskelkraft__mit_pc,control,0,1,0,7,2,14,6,24,3,6,6,10,0,0
pc-9f49a896-367,rudeljaeger__mit_pc,control,1,0,1,7,0,12,8,26,1,7,3,8,0,1
pc-4e2c1368-368,forschung_muskelkraft__mit_pc,control,0,0,0,8,-1,15,9,27,9,7,7,4,0,0
pc-4e2c1368-368,rudeljaeger__mit_pc,control,1,1,1,8,6,13,11,33,1,10,5,11,0,1
pc-c7796425-369,forschung_muskelkraft__mit_pc,control,0,0,0,7,-1,15,7,25,2,6,4,0,0,0
pc-c7796425-369,rudeljaeger__mit_pc,control,1,1,1,7,10,12,9,22,6,8,3,11,0,0
pc-40c6d4e3-370,forschung_muskelkraft__mit_pc,control,0,1,0,13,6,23,16,65,17,14,14,12,0,0
pc-40c6d4e3-370,rudeljaeger__mit_pc,control,1,0,1,13,-2,17,16,49,32,14,10,4,0,2
pc-ba1425a0-371,forschung_muskelkraft__mit_pc,control,0,0,0,5,0,12,5,14,1,4,3,0,0,0
pc-ba1425a0-371,rudeljaeger__mit_pc,control,1,1,1,5,10,9,4,14,1,4,2,10,0,0
pc-fdcc9c49-372,forschung_muskelkraft__mit_pc,control,0,0,0,4,-1,9,2,6,4,2,3,0,0,0
pc-fdcc9c49-372,rudeljaeger__mit_pc,control,1,1,1,4,10,9,5,10,0,5,1,11,0,0
pc-7719ed07-373,forschung_muskelkraft__mit_pc,control,0,1,0,9,3,20,9,31,5,7,12,11,0,0
pc-7719ed07-373,rudeljaeger__mit_pc,control,1,0,1,9,-1,12,11,28,8,11,2,7,0,1
pc-f0675dc4-374,forschung_muskelkraft__mit_pc,control,0,1,0,9,4,17,11,38,3,9,8,13,0,0
pc-f0675dc4-374,rudeljaeger__mit_pc,control,1,0,1,9,-3,13,12,32,6,11,5,6,0,0
pc-69b4ae82-375,forschung_muskelkraft__mit_pc,control,0,0,0,4,-3,12,4,9,1,3,3,0,0,0
pc-69b4ae82-375,rudeljaeger__mit_pc,control,1,1,1,4,10,9,5,10,0,4,1,13,0,0
pc-18971954-376,forschung_muskelkraft__mit_pc,control,0,1,0,10,5,21,11,45,10,10,12,11,0,0
pc-18971954-376,rudeljaeger__mit_pc,control,1,0,1,10,-1,16,14,32,15,12,5,5,0,0
pc-91e46a11-377,forschung_muskelkraft__mit_pc,control,0,0,0,4,-1,9,2,6,4,2,0,0,0,0
pc-91e46a11-377,rudeljaeger__mit_pc,control,1,1,1,4,10,8,4,7,1,4,1,11,0,0
pc-0b31dacf-378,forschung_muskelkraft__mit_pc,control,0,1,0,14,4,22,15,63,34,13,14,10,0,0
pc-0b31dacf-378,rudeljaeger__mit_pc,control,1,0,1,14,0,19,17,44,49,15,8,6,0,1
pc-847f2b8c-379,forschung_muskelkraft__mit_pc,control,0,1,0,11,5,19,13,45,16,11,13,11,0,0
pc-847f2b8c-379,rudeljaeger__mit_pc,control,1,0,1,11,-1,16,15,43,13,13,8,5,0,0
pc-c8378235-380,forschung_muskelkraft__mit_pc,control,0,0,0,9,0,15,11,36,9,9,8,8,0,0
pc-c8378235-380,rudeljaeger__mit_pc,control,1,1,1,9,2,14,12,38,3,11,6,10,0,1
pc-4184f2f3-381,forschung_muskelkraft__mit_pc,control,0,0,0,16,-1,23,15,61,59,13,16,3,0,0
pc-4184f2f3-381,rudeljaeger__mit_pc,control,1,1,1,16,4,21,18,50,70,16,10,8,0,1
pc-bad243b0-382,forschung_muskelkraft__mit_pc,control,0,1,0,14,2,23,18,69,22,16,13,10,0,0
pc-bad243b0-382,rudeljaeger__mit_pc,control,1,0,1,14,0,18,18,48,47,16,11,8,0,1
pc-341fb46e-383,forschung_muskelkraft__mit_pc,control,0,1,0,5,3,12,5,14,1,4,4,10,0,0
pc-341fb46e-383,rudeljaeger__mit_pc,control,1,0,1,5,0,9,6,12,1,6,1,7,0,0
pc-e3021f3f-384,forschung_muskelkraft__mit_pc,control,0,1,0,10,6,19,11,38,12,9,11,14,0,0
pc-e3021f3f-384,rudeljaeger__mit_pc,control,1,0,1,10,-4,14,13,37,10,11,4,4,0,1
pc-5c4f6ffd-385,forschung_muskelkraft__mit_pc,control,0,0,0,15,0,22,17,67,38,15,17,4,0,0
pc-5c4f6ffd-385,rudeljaeger__mit_pc,control,1,1,1,15,5,21,19,55,52,17,11,9,0,1
pc-d59cc0ba-386,forschung_muskelkraft__mit_pc,control,0,0,0,4,0,10,2,6,4,2,0,0,0,0
pc-d59cc0ba-386,rudeljaeger__mit_pc,control,1,1,1,4,10,8,4,9,0,4,1,10,0,0
pc-4eea3178-387,forschung_muskelkraft__mit_pc,control,0,1,0,10,4,19,10,39,7,8,10,11,0,0
pc-4eea3178-387,rudeljaeger__mit_pc,control,1,0,1,10,-1,13,13,39,7,12,3,6,0,1
pc-92a28821-388,forschung_muskelkraft__mit_pc,control,0,1,0,10,1,21,12,43,7,10,12,10,0,0
pc-92a28821-388,rudeljaeger__mit_pc,control,1,0,1,10,0,14,13,31,16,11,5,9,0,0
pc-0beff8df-389,forschung_muskelkraft__mit_pc,control,0,0,0,4,0,11,3,8,2,3,0,0,0,0
pc-0beff8df-389,rudeljaeger__mit_pc,control,1,1,1,4,10,8,5,10,0,5,1,10,0,0
pc-853d499c-390,forschung_muskelkraft__mit_pc,control,0,1,0,16,2,23,17,69,55,15,16,9,0,0
pc-853d499c-390,rudeljaeger__mit_pc,control,1,0,1,16,0,20,20,56,67,18,13,7,0,1
pc-fe8aba59-391,forschung_muskelkraft__mit_pc,control,0,0,0,8,-3,15,10,33,3,8,4,0,0,0
pc-fe8aba59-391,rudeljaeger__mit_pc,control,1,1,1,8,10,12,11,32,1,9,5,13,0,0
pc-ad6d052b-392,forschung_muskelkraft__mit_pc,control,0,0,0,6,-1,17,6,19,1,5,1,2,0,0
pc-ad6d052b-392,rudeljaeger__mit_pc,control,1,1,1,6,8,11,6,18,1,6,2,11,0,0
pc-26ba75e9-393,forschung_muskelkraft__mit_pc,control,0,1,0,8,6,16,9,33,3,8,8,11,0,0
pc-26ba75e9-393,rudeljaeger__mit_pc,control,1,0,1,8,-1,11,11,27,3,11,4,4,0,1
pc-a007c6a6-394,forschung_muskelkraft__mit_pc,control,0,1,0,12,4,23,13,55,15,11,13,13,0,0
pc-a007c6a6-394,rudeljaeger__mit_pc,control,1,0,1,12,-3,16,15,42,26,13,6,6,0,2
pc-19553764-395,forschung_muskelkraft__mit_pc,control,0,1,0,14,4,23,18,71,20,16,11,11,0,0
pc-19553764-395,rudeljaeger__mit_pc,control,1,0,1,14,-1,19,17,49,44,15,11,6,0,1
pc-09b59eaf-396,forschung_muskelkraft__mit_pc,control,0,0,0,10,-1,21,12,48,7,11,11,6,0,0
pc-09b59eaf-396,rudeljaeger__mit_pc,control,1,1,1,10,4,15,14,40,12,13,7,11,0,1
pc-8302ef6c-397,forschung_muskelkraft__mit_pc,control,0,0,0,5,-2,12,5,14,1,4,3,3,0,0
pc-8302ef6c-397,rudeljaeger__mit_pc,control,1,1,1,5,7,8,5,15,0,5,1,12,0,0
pc-fc504029-398,forschung_muskelkraft__mit_pc,control,0,1,0,12,3,22,12,47,19,10,14,13,0,0
pc-fc504029-398,rudeljaeger__mit_pc,control,1,0,1,12,-3,17,16,44,25,15,7,7,0,1
pc-759db0e7-399,forschung_muskelkraft__mit_pc,control,0,0,0,7,0,17,9,27,1,8,4,0,0,0
pc-759db0e7-399,rudeljaeger__mit_pc,control,1,1,1,7,10,12,8,26,2,8,5,10,0,0
pc-f99211a0-400,forschung_muskelkraft__mit_pc,control,0,0,1,6,-1,13,6,17,3,5,6,0,0,0
pc-f99211a0-400,rudeljaeger__ohne_pc,control,1,1,0,6,10,10,9,18,1,8,3,11,0,0
pc-72df625e-401,forschung_muskelkraft__mit_pc,control,0,1,1,10,1,17,13,45,2,11,12,12,0,0
pc-72df625e-401,rudeljaeger__ohne_pc,control,1,0,0,10,-2,15,13,34,17,13,6,9,0,0
pc-ec2cd31b-402,forschung_muskelkraft__mit_pc,control,0,1,1,13,4,23,13,51,27,11,17,15,0,0
pc-ec2cd31b-402,rudeljaeger__ohne_pc,control,1,0,0,13,-5,17,17,48,32,16,6,6,0,0
pc-657a23d9-403,forschung_muskelkraft__mit_pc,control,0,1,1,14,6,22,13,55,41,11,16,12,0,0
pc-657a23d9-403,rudeljaeger__ohne_pc,control,1,0,0,14,-2,18,18,46,47,16,6,4,0,0
pc-dec79496-404,forschung_muskelkraft__mit_pc,control,0,0,1,6,0,13,6,20,1,5,4,8,0,0
pc-dec79496-404,rudeljaeger__ohne_pc,control,1,1,0,6,2,10,7,21,0,7,3,10,0,0
pc-5814e554-405,forschung_muskelkraft__mit_pc,control,0,0,1,5,-1,11,5,13,1,4,3,5,0,0
pc-5814e554-405,rudeljaeger__ohne_pc,control,1,1,0,5,5,10,6,15,0,5,2,11,0,0
pc-d1625611-406,forschung_muskelkraft__mit_pc,control,0,1,1,14,3,24,16,65,30,14,15,11,0,0
pc-d1625611-406,rudeljaeger__ohne_pc,control,1,0,0,14,-1,20,18,45,48,16,11,7,0,2
pc-4aafa6cf-407,forschung_muskelkraft__mit_pc,control,0,0,1,4,0,11,4,9,1,3,1,0,0,0
pc-4aafa6cf-407,rudeljaeger__ohne_pc,control,1,1,0,4,10,9,4,9,1,4,1,10,0,0
pc-c3fd178c-408,forschung_muskelkraft__mit_pc,control,0,1,1,6,3,15,6,19,1,5,5,10,0,0
pc-c3fd178c-408,rudeljaeger__ohne_pc,control,1,0,0,6,0,10,8,21,0,8,1,7,0,0
pc-3d4a684a-409,forschung_muskelkraft__mit_pc,control,0,0,1,3,0,9,2,3,1,1,0,0,0,0
pc-3d4a684a-409,rudeljaeger__ohne_pc,control,1,1,0,3,10,7,3,6,0,3,0,10,0,0
pc-b697d907-410,forschung_muskelkraft__mit_pc,control,0,0,1,6,-1,16,6,19,2,5,5,0,0,0
pc-b697d907-410,rudeljaeger__ohne_pc,control,1,1,0,6,10,9,9,21,0,9,2,11,0,0
pc-2fe529c5-411,forschung_muskelkraft__mit_pc,control,0,1,1,11,2,21,11,37,24,9,13,11,0,0
pc-2fe529c5-411,rudeljaeger__ohne_pc,control,1,0,0,11,-1,17,15,38,19,13,4,8,0,0
pc-a9329a82-412,forschung_muskelkraft__mit_pc,control,0,0,1,3,0,8,3,5,1,2,0,0,0,0
pc-a9329a82-412,rudeljaeger__ohne_pc,control,1,1,0,3,10,8,3,6,0,3,0,10,0,0
pc-227feb40-413,forschung_muskelkraft__mit_pc,control,0,1,1,8,6,17,9,31,2,8,8,12,0,0
pc-227feb40-413,rudeljaeger__ohne_pc,control,1,0,0,8,-2,13,11,28,2,10,5,4,0,0
pc-9bcd5bfd-414,forschung_muskelkraft__mit_pc,control,0,0,1,5,-3,11,5,14,1,4,3,6,0,0
pc-9bcd5bfd-414,rudeljaeger__ohne_pc,control,1,1,0,5,4,8,6,15,0,5,1,13,0,0
pc-151aacbb-415,forschung_muskelkraft__mit_pc,control,0,0,1,6,-1,13,6,19,1,5,3,4,0,0
pc-151aacbb-415,rudeljaeger__ohne_pc,control,1,1,0,6,6,10,7,19,1,7,3,11,0,0
pc-64bc05c9-416,forschung_muskelkraft__mit_pc,control,0,1,1,8,4,18,8,24,5,6,8,11,0,0
pc-64bc05c9-416,rudeljaeger__ohne_pc,control,1,0,0,8,-1,12,11,28,2,9,1,6,0,0
pc-de097686-417,forschung_muskelkraft__mit_pc,control,0,1,1,6,6,13,5,17,3,4,3,10,0,0
pc-de097686-417,rudeljaeger__ohne_pc,control,1,0,0,6,0,9,7,17,1,5,1,4,0,0
pc-5756c744-418,forschung_muskelkraft__mit_pc,control,0,1,1,12,2,22,15,56,14,13,10,11,0,0
pc-5756c744-418,rudeljaeger__ohne_pc,control,1,0,0,12,-1,15,15,36,33,13,8,8,0,2
pc-d0a43801-419,forschung_muskelkraft__mit_pc,control,0,1,1,12,3,22,15,57,14,13,8,13,0,0
pc-d0a43801-419,rudeljaeger__ohne_pc,control,1,0,0,12,-3,17,15,35,34,13,9,7,0,1
pc-49f188bf-420,forschung_muskelkraft__mit_pc,control,0,1,1,8,3,17,7,22,6,5,10,14,0,0
pc-49f188bf-420,rudeljaeger__ohne_pc,control,1,0,0,8,-4,14,11,25,6,10,1,7,0,0
pc-c33ef97c-421,forschung_muskelkraft__mit_pc,control,0,1,1,13,6,24,14,57,31,12,14,11,0,0
pc-c33ef97c-421,rudeljaeger__ohne_pc,control,1,0,0,13,-1,18,17,44,35,15,7,4,0,1
pc-3c8c4a3a-422,forschung_muskelkraft__mit_pc,control,0,1,1,12,1,23,12,48,18,10,15,15,0,0
pc-3c8c4a3a-422,rudeljaeger__ohne_pc,control,1,0,0,12,-5,17,16,43,25,14,5,9,0,0
pc-b5d9baf7-423,forschung_muskelkraft__mit_pc,control,0,1,1,10,1,20,11,36,10,9,10,10,0,0
pc-b5d9baf7-423,rudeljaeger__ohne_pc,control,1,0,0,10,0,14,13,33,14,11,4,9,0,1
pc-2f270bb5-424,forschung_muskelkraft__mit_pc,control,0,1,1,14,3,22,17,65,30,15,14,13,0,0
pc-2f270bb5-424,rudeljaeger__ohne_pc,control,1,0,0,14,-3,19,18,50,43,16,10,7,0,3
pc-a8747c72-425,forschung_muskelkraft__mit_pc,control,0,0,1,5,0,11,4,13,2,4,2,3,0,0
pc-a8747c72-425,rudeljaeger__ohne_pc,control,1,1,0,5,7,8,4,14,1,4,3,10,0,0
pc-21c1cd30-426,forschung_muskelkraft__mit_pc,control,0,1,1,9,4,20,12,40,2,10,9,13,0,0
pc-21c1cd30-426,rudeljaeger__ohne_pc,control,1,0,0,9,-3,13,12,31,6,10,5,6,0,0
pc-9b0f3ded-427,forschung_muskelkraft__mit_pc,control,0,0,1,4,0,11,4,9,1,3,5,4,0,0
pc-9b0f3ded-427,rudeljaeger__ohne_pc,control,1,1,0,4,6,7,5,9,1,5,0,10,0,0
pc-145c8eab-428,forschung_muskelkraft__mit_pc,control,0,1,1,10,6,18,11,40,10,9,14,14,0,0
pc-145c8eab-428,rudeljaeger__ohne_pc,control,1,0,0,10,-4,14,13,31,15,13,4,4,0,1
pc-8da9ff68-429,forschung_muskelkraft__mit_pc,control,0,1,1,11,4,22,10,37,18,8,13,14,0,0
pc-8da9ff68-429,rudeljaeger__ohne_pc,control,1,0,0,11,-4,16,15,45,15,13,3,6,0,0
pc-06f75026-430,forschung_muskelkraft__mit_pc,control,0,0,1,6,0,15,6,19,1,5,7,7,0,0
pc-06f75026-430,rudeljaeger__ohne_pc,control,1,1,0,6,3,9,9,16,1,7,3,10,0,0
pc-8044a0e3-431,forschung_muskelkraft__mit_pc,control,0,0,1,4,-1,9,4,9,1,3,0,2,0,0
pc-8044a0e3-431,rudeljaeger__ohne_pc,control,1,1,0,4,8,7,5,10,0,4,0,11,0,0
pc-cfe619f1-432,forschung_muskelkraft__mit_pc,control,0,0,1,6,-3,16,7,20,1,5,4,0,0,0
pc-cfe619f1-432,rudeljaeger__ohne_pc,control,1,1,0,6,10,9,8,19,2,8,3,13,0,0
pc-49336aaf-433,forschung_muskelkraft__mit_pc,control,0,1,1,9,1,17,10,34,2,8,12,17,0,0
pc-49336aaf-433,rudeljaeger__ohne_pc,control,1,0,0,9,-7,13,13,33,6,12,5,9,0,0
pc-c280db6c-434,forschung_muskelkraft__mit_pc,control,0,0,1,6,-2,12,4,17,4,4,2,0,0,0
pc-c280db6c-434,rudeljaeger__ohne_pc,control,1,1,0,6,10,11,8,18,2,7,2,12,0,0
pc-3bce2c2a-435,forschung_muskelkraft__mit_pc,control,0,1,1,11,6,20,10,33,22,8,13,12,0,0
pc-3bce2c2a-435,rudeljaeger__ohne_pc,control,1,0,0,11,-2,16,14,40,20,13,4,4,0,0
pc-b51b9ce7-436,forschung_muskelkraft__mit_pc,control,0,0,1,4,0,8,4,8,2,2,3,0,0,0
pc-b51b9ce7-436,rudeljaeger__ohne_pc,control,1,1,0,4,10,9,5,10,0,5,0,10,0,0
pc-2e68eda5-437,forschung_muskelkraft__mit_pc,control,0,1,1,14,4,23,14,59,32,12,15,12,0,0
pc-2e68eda5-437,rudeljaeger__ohne_pc,control,1,0,0,14,-2,18,17,45,48,15,7,6,0,1
pc-a7b65e62-438,forschung_muskelkraft__mit_pc,control,0,1,1,11,3,22,13,48,17,11,11,13,0,0
pc-a7b65e62-438,rudeljaeger__ohne_pc,control,1,0,0,11,-3,15,14,38,22,13,6,7,0,2
pc-2103af20-439,forschung_muskelkraft__mit_pc,control,0,0,1,7,-1,17,8,26,1,6,7,9,0,0
pc-2103af20-439,rudeljaeger__ohne_pc,control,1,1,0,7,1,14,10,27,1,10,3,11,0,0
pc-9a511fdd-440,forschung_muskelkraft__mit_pc,control,0,0,1,7,-2,13,8,27,1,6,4,7,0,0
pc-9a511fdd-440,rudeljaeger__ohne_pc,control,1,1,0,7,3,11,10,26,1,8,2,12,0,0
pc-139e709b-441,forschung_muskelkraft__mit_pc,control,0,0,1,7,-4,16,8,25,2,6,4,2,0,0
pc-139e709b-441,rudeljaeger__ohne_pc,control,1,1,0,7,8,12,9,25,1,9,3,14,0,0
pc-8cebc158-442,forschung_muskelkraft__mit_pc,control,0,0,1,5,0,11,5,13,1,4,3,3,0,0
pc-8cebc158-442,rudeljaeger__ohne_pc,control,1,1,0,5,7,9,6,14,0,5,0,10,0,0
pc-06393216-443,forschung_muskelkraft__mit_pc,control,0,0,1,7,-2,13,9,26,1,7,4,7,0,0
pc-06393216-443,rudeljaeger__ohne_pc,control,1,1,0,7,3,11,9,26,0,8,4,12,0,0
pc-7f8682d3-444,forschung_muskelkraft__mit_pc,control,0,1,1,16,5,23,13,57,67,11,17,13,0,0
pc-7f8682d3-444,rudeljaeger__ohne_pc,control,1,0,0,16,-4,21,20,53,71,18,7,4,0,1
pc-f8d3f390-445,forschung_muskelkraft__mit_pc,control,0,1,1,10,3,19,11,42,8,9,13,10,0,0
pc-f8d3f390-445,rudeljaeger__ohne_pc,control,1,0,0,10,0,15,14,39,9,12,4,7,0,0
pc-7221444e-446,forschung_muskelkraft__mit_pc,control,0,1,1,7,2,14,8,27,1,7,5,11,0,0
pc-7221444e-446,rudeljaeger__ohne_pc,control,1,0,0,7,-1,11,9,25,1,8,3,8,0,1
pc-eb6eb50b-447,forschung_muskelkraft__mit_pc,control,0,1,1,9,3,19,10,36,5,8,11,11,0,0
pc-eb6eb50b-447,rudeljaeger__ohne_pc,control,1,0,0,9,-1,12,12,36,4,11,4,7,0,1
pc-3b100e1a-448,forschung_muskelkraft__mit_pc,control,0,0,1,15,0,22,14,55,55,12,19,7,0,0
pc-3b100e1a-448,rudeljaeger__ohne_pc,control,1,1,0,15,2,20,19,49,58,17,7,9,0,1
pc-b45d7ed7-449,forschung_muskelkraft__mit_pc,control,0,0,1,6,0,13,6,20,1,5,5,3,0,0
pc-b45d7ed7-449,rudeljaeger__ohne_pc,control,1,1,0,6,7,11,8,20,1,7,2,10,0,0
pc-2daacf95-450,forschung_muskelkraft__mit_pc,control,0,0,1,6,-1,13,6,19,2,4,6,3,0,0
pc-2daacf95-450,rudeljaeger__ohne_pc,control,1,1,0,6,7,9,7,21,0,7,1,11,0,0
pc-a6f82052-451,forschung_muskelkraft__mit_pc,control,0,1,1,6,3,14,6,19,1,5,4,10,0,0
pc-a6f82052-451,rudeljaeger__ohne_pc,control,1,0,0,6,0,11,9,19,0,7,2,7,0,0
pc-20459110-452,forschung_muskelkraft__mit_pc,control,0,0,1,5,0,12,5,14,1,4,5,3,0,0
pc-20459110-452,rudeljaeger__ohne_pc,control,1,1,0,5,7,8,5,13,0,5,0,10,0,0
pc-9992e1cd-453,forschung_muskelkraft__mit_pc,control,0,0,1,4,-1,8,3,5,1,2,1,3,0,0
pc-9992e1cd-453,rudeljaeger__ohne_pc,control,1,1,0,4,7,7,3,8,1,3,0,11,0,0
pc-12e0528b-454,forschung_muskelkraft__mit_pc,control,0,1,1,12,1,23,14,54,18,12,12,11,0,0
pc-12e0528b-454,rudeljaeger__ohne_pc,control,1,0,0,12,-1,16,15,37,32,14,7,9,0,0
pc-8c2da348-455,forschung_muskelkraft__mit_pc,control,0,0,1,6,0,15,4,17,4,4,5,0,0,0
pc-8c2da348-455,rudeljaeger__ohne_pc,control,1,1,0,6,10,10,8,17,2,8,1,10,0,0
pc-057b1406-456,forschung_muskelkraft__mit_pc,control,0,1,1,10,1,19,15,54,1,13,9,13,0,0
pc-057b1406-456,rudeljaeger__ohne_pc,control,1,0,0,10,-3,15,14,36,14,12,8,9,0,0
pc-7ec864c3-457,forschung_muskelkraft__mit_pc,control,0,0,1,7,0,14,7,25,3,5,6,0,0,0
pc-7ec864c3-457,rudeljaeger__ohne_pc,control,1,1,0,7,10,11,9,22,2,8,2,10,0,0
pc-f815d580-458,forschung_muskelkraft__mit_pc,control,0,1,1,13,3,23,13,50,39,11,14,11,0,0
pc-f815d580-458,rudeljaeger__ohne_pc,control,1,0,0,13,-1,20,17,42,41,15,7,7,0,0
pc-7163263e-459,forschung_muskelkraft__mit_pc,control,0,0,1,5,0,12,4,10,5,3,2,0,0,0
pc-7163263e-459,rudeljaeger__ohne_pc,control,1,1,0,5,10,8,6,13,0,6,1,10,0,0
pc-eab096fb-460,forschung_muskelkraft__mit_pc,control,0,1,1,6,3,15,6,19,1,5,6,12,0,0
pc-eab096fb-460,rudeljaeger__ohne_pc,control,1,0,0,6,-2,11,7,19,1,7,2,7,0,1
pc-63fde7b9-461,forschung_muskelkraft__mit_pc,control,0,1,1,9,2,19,8,25,11,6,12,12,0,0
pc-63fde7b9-461,rudeljaeger__ohne_pc,control,1,0,0,9,-2,14,12,28,8,11,1,8,0,2
pc-dd4b5876-462,forschung_muskelkraft__mit_pc,control,0,0,1,5,0,13,4,13,2,4,2,4,0,0
pc-dd4b5876-462,rudeljaeger__ohne_pc,control,1,1,0,5,6,11,6,14,0,6,1,10,0,0
pc-5698a934-463,forschung_muskelkraft__mit_pc,control,0,1,1,14,2,23,16,64,27,14,17,15,0,0
pc-5698a934-463,rudeljaeger__ohne_pc,control,1,0,0,14,-5,19,18,47,47,16,9,8,0,1
pc-4cea00ff-464,forschung_muskelkraft__mit_pc,control,0,1,1,10,4,19,12,41,4,10,12,10,0,0
pc-4cea00ff-464,rudeljaeger__ohne_pc,control,1,0,0,10,0,15,14,40,7,12,5,6,0,1
pc-c63771bc-465,forschung_muskelkraft__mit_pc,control,0,0,1,6,-1,15,5,19,2,5,5,0,0,0
pc-c63771bc-465,rudeljaeger__ohne_pc,control,1,1,0,6,10,12,8,20,1,8,2,11,0,0
pc-3f84c27a-466,forschung_muskelkraft__mit_pc,control,0,1,1,6,3,11,6,20,1,5,5,10,0,0
pc-3f84c27a-466,rudeljaeger__ohne_pc,control,1,0,0,6,0,10,7,18,2,7,2,7,0,1
pc-b8d23337-467,forschung_muskelkraft__mit_pc,control,0,0,1,7,-4,16,8,25,3,6,6,8,0,0
pc-b8d23337-467,rudeljaeger__ohne_pc,control,1,1,0,7,2,10,10,22,2,8,3,14,0,0
pc-321f83f5-468,forschung_muskelkraft__mit_pc,control,0,0,1,5,-1,12,4,12,3,3,1,6,0,0
pc-321f83f5-468,rudeljaeger__ohne_pc,control,1,1,0,5,4,9,5,15,0,4,0,11,0,0
pc-ab6cf4b2-469,forschung_muskelkraft__mit_pc,control,0,0,1,3,0,9,2,3,1,1,0,0,0,0
pc-ab6cf4b2-469,rudeljaeger__ohne_pc,control,1,1,0,3,10,7,3,6,0,3,0,10,0,0
pc-24ba4570-470,forschung_muskelkraft__mit_pc,control,0,0,1,9,-4,18,11,40,5,9,7,6,0,0
pc-24ba4570-470,rudeljaeger__ohne_pc,control,1,1,0,9,4,12,12,27,12,10,5,14,0,0
pc-9e07b62d-471,forschung_muskelkraft__mit_pc,control,0,1,1,10,1,19,8,41,10,8,10,17,0,0
pc-9e07b62d-471,rudeljaeger__ohne_pc,control,1,0,0,10,-7,15,13,30,20,11,3,9,0,0
pc-175506eb-472,forschung_muskelkraft__mit_pc,control,0,1,1,11,4,19,12,44,11,10,12,12,0,0
pc-175506eb-472,rudeljaeger__ohne_pc,control,1,0,0,11,-2,15,14,35,22,12,5,6,0,0
pc-90a277a8-473,forschung_muskelkraft__mit_pc,control,0,1,1,7,2,16,8,26,1,6,7,10,0,0
pc-90a277a8-473,rudeljaeger__ohne_pc,control,1,0,0,7,0,11,9,25,1,8,2,8,0,1
pc-09efc866-474,forschung_muskelkraft__mit_pc,control,0,1,1,10,2,21,11,40,5,9,11,14,0,0
pc-09efc866-474,rudeljaeger__ohne_pc,control,1,0,0,10,-4,14,14,35,15,12,4,8,0,1
pc-833d3923-475,forschung_muskelkraft__mit_pc,control,0,1,1,10,4,21,9,33,13,7,11,14,0,0
pc-833d3923-475,rudeljaeger__ohne_pc,control,1,0,0,10,-4,15,13,34,15,11,2,6,0,0
pc-fc8a89e0-476,forschung_muskelkraft__mit_pc,control,0,1,1,9,3,18,10,38,3,9,11,14,0,0
pc-fc8a89e0-476,rudeljaeger__ohne_pc,control,1,0,0,9,-4,13,12,36,5,11,4,7,0,1
pc-75d7fa9e-477,forschung_muskelkraft__mit_pc,control,0,0,1,6,-2,13,6,19,1,5,7,8,0,0
pc-75d7fa9e-477,rudeljaeger__ohne_pc,control,1,1,0,6,2,9,9,18,0,8,2,12,0,0
pc-ef254b5b-478,forschung_muskelkraft__mit_pc,control,0,1,1,12,2,21,12,48,18,10,12,12,0,0
pc-ef254b5b-478,rudeljaeger__ohne_pc,control,1,0,0,12,-2,17,16,40,28,14,5,8,0,1
pc-6872bc19-479,forschung_muskelkraft__mit_pc,control,0,0,1,5,-1,14,5,14,1,4,4,6,0,0
pc-6872bc19-479,rudeljaeger__ohne_pc,control,1,1,0,5,4,9,5,14,1,5,2,11,0,0
pc-b8141527-480,forschung_muskelkraft__mit_pc,control,0,0,1,5,0,12,4,12,3,3,4,4,0,0
pc-b8141527-480,rudeljaeger__ohne_pc,control,1,1,0,5,6,9,6,15,0,6,1,10,0,0
pc-316165e5-481,forschung_muskelkraft__mit_pc,control,0,1,1,9,10,20,10,33,3,8,9,11,0,0
pc-316165e5-481,rudeljaeger__ohne_pc,control,1,0,0,9,-1,14,12,37,6,10,3,0,0,0
pc-aaaed6a2-482,forschung_muskelkraft__mit_pc,control,0,0,1,15,0,22,18,71,42,16,16,8,0,0
pc-aaaed6a2-482,rudeljaeger__ohne_pc,control,1,1,0,15,1,19,19,50,57,17,13,9,0,0
pc-23fc2760-483,forschung_muskelkraft__mit_pc,control,0,0,1,6,-1,13,6,20,1,5,3,3,0,0
pc-23fc2760-483,rudeljaeger__ohne_pc,control,1,1,0,6,7,11,7,19,2,7,3,11,0,0
pc-9d49981d-484,forschung_muskelkraft__mit_pc,control,0,1,1,10,3,20,11,44,6,10,10,14,0,0
pc-9d49981d-484,rudeljaeger__ohne_pc,control,1,0,0,10,-4,13,13,35,12,12,6,7,0,1
pc-1696e8db-485,forschung_muskelkraft__mit_pc,control,0,0,1,3,0,9,2,3,1,1,0,0,0,0
pc-1696e8db-485,rudeljaeger__ohne_pc,control,1,1,0,3,10,8,3,6,0,3,0,10,0,0
pc-8fe45998-486,forschung_muskelkraft__mit_pc,control,0,1,1,7,1,13,6,24,3,5,2,12,0,0
pc-8fe45998-486,rudeljaeger__ohne_pc,control,1,0,0,7,-2,11,8,18,6,7,1,9,0,0
pc-0931aa56-487,forschung_muskelkraft__mit_pc,control,0,1,1,12,1,23,14,57,14,12,15,10,0,0
pc-0931aa56-487,rudeljaeger__ohne_pc,control,1,0,0,12,0,17,16,40,28,14,7,9,0,0
pc-827f1b13-488,forschung_muskelkraft__mit_pc,control,0,1,1,11,4,21,12,45,19,10,14,13,0,0
pc-827f1b13-488,rudeljaeger__ohne_pc,control,1,0,0,11,-3,16,15,41,18,14,5,6,0,1
pc-fbcc6bd0-489,forschung_muskelkraft__mit_pc,control,0,1,1,11,4,23,13,48,18,11,15,12,0,0
pc-fbcc6bd0-489,rudeljaeger__ohne_pc,control,1,0,0,11,-2,16,15,41,15,14,6,6,0,0
pc-7519dc8e-490,forschung_muskelkraft__mit_pc,control,0,0,1,3,0,10,3,5,1,2,0,0,0,0
pc-7519dc8e-490,rudeljaeger__ohne_pc,control,1,1,0,3,10,9,3,6,0,3,0,10,0,0
pc-ee672d4b-491,forschung_muskelkraft__mit_pc,control,0,0,1,8,0,19,11,35,1,9,9,0,0,0
pc-ee672d4b-491,rudeljaeger__ohne_pc,control,1,1,0,8,10,13,12,28,2,10,6,10,0,0
pc-67b49e09-492,forschung_muskelkraft__mit_pc,control,0,0,1,5,0,13,4,12,3,3,3,3,0,0
pc-67b49e09-492,rudeljaeger__ohne_pc,control,1,1,0,5,7,10,5,14,0,4,0,10,0,0
pc-e101eec6-493,forschung_muskelkraft__mit_pc,control,0,1,1,12,2,22,16,61,10,14,15,10,0,0
pc-e101eec6-493,rudeljaeger__ohne_pc,control,1,0,0,12,0,18,16,46,26,14,10,8,0,1
pc-5a4f5f84-494,forschung_muskelkraft__mit_pc,control,0,0,1,4,-2,10,4,9,1,3,0,0,0,0
pc-5a4f5f84-494,rudeljaeger__ohne_pc,control,1,1,0,4,10,8,5,10,0,5,0,12,0,0
pc-d39cb041-495,forschung_muskelkraft__mit_pc,control,0,1,1,12,1,19,13,51,20,11,12,12,0,0
pc-d39cb041-495,rudeljaeger__ohne_pc,control,1,0,0,12,-2,16,15,39,30,13,6,9,0,2
pc-233e0950-496,forschung_muskelkraft__mit_pc,control,0,1,1,14,4,22,11,48,49,9,15,11,0,0
pc-233e0950-496,rudeljaeger__ohne_pc,control,1,0,0,14,-1,18,18,48,45,16,4,6,0,1
pc-9c8b7a0d-497,forschung_muskelkraft__mit_pc,control,0,1,1,5,1,14,5,14,1,4,3,12,0,0
pc-9c8b7a0d-497,rudeljaeger__ohne_pc,control,1,0,0,5,-2,8,5,14,1,5,0,9,0,0
pc-15d8cacb-498,forschung_muskelkraft__mit_pc,control,0,0,1,3,0,9,3,5,1,2,0,0,0,0
pc-15d8cacb-498,rudeljaeger__ohne_pc,control,1,1,0,3,10,9,3,6,0,3,0,10,0,0
pc-8f263b88-499,forschung_muskelkraft__mit_pc,control,0,1,1,7,6,18,8,25,2,6,7,10,0,0
pc-8f263b88-499,rudeljaeger__ohne_pc,control,1,0,0,7,0,10,10,22,3,8,2,4,0,0
pc-e424c072-500,forschung_muskelkraft__mit_pc,control,0,1,0,10,6,18,11,42,4,10,12,12,0,0
pc-e424c072-500,rudeljaeger__ohne_pc,control,1,0,1,10,-2,15,13,35,15,12,5,4,0,0
pc-5d723130-501,forschung_muskelkraft__mit_pc,control,0,0,0,6,-1,15,6,20,1,5,4,0,0,0
pc-5d723130-501,rudeljaeger__ohne_pc,control,1,1,1,6,10,9,7,17,2,7,3,11,0,0
pc-f18a1ef7-502,forschung_muskelkraft__mit_pc,control,0,1,0,9,4,20,10,34,2,8,10,10,0,0
pc-f18a1ef7-502,rudeljaeger__ohne_pc,control,1,0,1,9,0,15,13,39,4,12,3,6,0,0
pc-6ad76fb5-503,forschung_muskelkraft__mit_pc,control,0,1,0,11,1,22,11,42,18,9,12,18,0,0
pc-6ad76fb5-503,rudeljaeger__ohne_pc,control,1,0,1,11,-8,14,14,38,19,12,4,9,0,0
pc-c95a4368-504,forschung_muskelkraft__mit_pc,control,0,1,0,9,1,20,8,26,10,7,12,12,0,0
pc-c95a4368-504,rudeljaeger__ohne_pc,control,1,0,1,9,-2,13,12,32,7,11,3,9,0,0
pc-42a7b426-505,forschung_muskelkraft__mit_pc,control,0,1,0,9,4,18,11,34,2,9,9,11,0,0
pc-42a7b426-505,rudeljaeger__ohne_pc,control,1,0,1,9,-1,12,12,33,7,10,4,6,0,1
pc-d6bf81ed-506,forschung_muskelkraft__mit_pc,control,0,0,0,6,-1,16,6,20,1,5,4,5,0,0
pc-d6bf81ed-506,rudeljaeger__ohne_pc,control,1,1,1,6,5,10,6,18,1,6,3,11,0,0
pc-500cf2ab-507,forschung_muskelkraft__mit_pc,control,0,1,0,14,4,22,19,71,20,17,16,16,0,0
pc-500cf2ab-507,rudeljaeger__ohne_pc,control,1,0,1,14,-6,21,18,50,46,17,12,6,0,0
pc-ae8fc65e-508,forschung_muskelkraft__mit_pc,control,0,0,0,9,-1,19,11,40,3,9,7,8,0,0
pc-ae8fc65e-508,rudeljaeger__ohne_pc,control,1,1,1,9,2,14,13,37,4,11,6,11,0,0
pc-27dd371c-509,forschung_muskelkraft__mit_pc,control,0,1,0,6,1,11,6,20,1,5,7,10,0,0
pc-27dd371c-509,rudeljaeger__ohne_pc,control,1,0,1,6,0,10,9,15,1,8,1,9,0,0
pc-bbf504e3-510,forschung_muskelkraft__mit_pc,control,0,1,0,9,2,18,10,35,6,8,12,11,0,0
pc-bbf504e3-510,rudeljaeger__ohne_pc,control,1,0,1,9,-1,14,13,31,7,12,4,8,0,0
pc-354275a1-511,forschung_muskelkraft__mit_pc,control,0,1,0,11,2,23,12,46,9,10,11,11,0,0
pc-354275a1-511,rudeljaeger__ohne_pc,control,1,0,1,11,-1,14,14,36,23,12,5,8,0,0
pc-93c54954-512,forschung_muskelkraft__mit_pc,control,0,1,0,8,6,18,10,33,2,8,10,15,0,0
pc-93c54954-512,rudeljaeger__ohne_pc,control,1,0,1,8,-5,12,12,32,2,11,4,4,0,1
pc-0d12ba12-513,forschung_muskelkraft__mit_pc,control,0,1,0,7,1,17,9,26,2,8,8,12,0,0
pc-0d12ba12-513,rudeljaeger__ohne_pc,control,1,0,1,7,-2,10,10,27,1,10,3,9,0,0
pc-a12a87d9-514,forschung_muskelkraft__mit_pc,control,0,1,0,5,4,14,5,14,1,4,0,10,0,0
pc-a12a87d9-514,rudeljaeger__ohne_pc,control,1,0,1,5,0,9,6,15,0,4,0,6,0,0
pc-1a77f897-515,forschung_muskelkraft__mit_pc,control,0,1,0,10,2,18,10,38,7,8,15,14,0,0
pc-1a77f897-515,rudeljaeger__ohne_pc,control,1,0,1,10,-4,14,14,40,8,13,3,8,0,1
pc-4f4ed49b-516,forschung_muskelkraft__mit_pc,control,0,1,0,11,4,21,12,45,16,10,12,14,0,0
pc-4f4ed49b-516,rudeljaeger__ohne_pc,control,1,0,1,11,-4,17,15,36,24,13,5,6,0,0
pc-c89c2558-517,forschung_muskelkraft__mit_pc,control,0,0,0,5,0,11,5,12,3,4,4,3,0,0
pc-c89c2558-517,rudeljaeger__ohne_pc,control,1,1,1,5,7,8,5,12,2,5,2,10,0,0
pc-5cb41320-518,forschung_muskelkraft__mit_pc,control,0,1,0,6,1,12,6,20,1,5,3,10,0,0
pc-5cb41320-518,rudeljaeger__ohne_pc,control,1,0,1,6,0,10,5,19,1,5,1,9,0,1
pc-d60163dd-519,forschung_muskelkraft__mit_pc,control,0,0,0,6,0,17,6,19,2,5,6,0,0,0
pc-d60163dd-519,rudeljaeger__ohne_pc,control,1,1,1,6,10,10,7,17,1,7,3,10,0,0
pc-34845791-520,forschung_muskelkraft__mit_pc,control,0,1,0,10,3,21,12,40,5,10,12,10,0,0
pc-34845791-520,rudeljaeger__ohne_pc,control,1,0,1,10,0,14,13,31,16,12,5,7,0,0
pc-add1a84e-521,forschung_muskelkraft__mit_pc,control,0,0,0,4,-1,12,4,9,1,3,0,0,0,0
pc-add1a84e-521,rudeljaeger__ohne_pc,control,1,1,1,4,10,8,4,10,0,4,1,11,0,0
pc-41e99616-522,forschung_muskelkraft__mit_pc,control,0,1,0,7,1,16,6,23,4,5,7,10,0,0
pc-41e99616-522,rudeljaeger__ohne_pc,control,1,0,1,7,0,11,8,25,3,8,1,9,0,1
pc-bb36e6d3-523,forschung_muskelkraft__mit_pc,control,0,1,0,10,1,20,8,33,12,6,12,11,0,0
pc-bb36e6d3-523,rudeljaeger__ohne_pc,control,1,0,1,10,-1,14,13,37,10,11,1,9,0,1
pc-19b9da87-524,forschung_muskelkraft__mit_pc,control,0,0,0,6,-1,14,5,19,2,5,1,0,0,0
pc-19b9da87-524,rudeljaeger__ohne_pc,control,1,1,1,6,10,10,7,18,1,6,2,11,0,0
pc-93072b44-525,forschung_muskelkraft__mit_pc,control,0,0,0,6,-2,15,5,19,2,5,3,0,0,0
pc-93072b44-525,rudeljaeger__ohne_pc,control,1,1,1,6,10,11,7,17,1,6,2,12,0,0
pc-271f190c-526,forschung_muskelkraft__mit_pc,control,0,1,0,6,1,11,6,18,3,4,4,10,0,0
pc-271f190c-526,rudeljaeger__ohne_pc,control,1,0,1,6,0,10,7,20,1,7,0,9,0,0
pc-a06c69c9-527,forschung_muskelkraft__mit_pc,control,0,1,0,10,4,19,10,43,7,9,10,11,0,0
pc-a06c69c9-527,rudeljaeger__ohne_pc,control,1,0,1,10,-1,15,14,37,12,12,4,6,0,1
pc-feef5d7c-528,forschung_muskelkraft__mit_pc,control,0,1,0,7,4,11,7,26,1,6,8,13,0,0
pc-feef5d7c-528,rudeljaeger__ohne_pc,control,1,0,1,7,-3,10,9,25,3,7,1,6,0,0
pc-783cae3a-529,forschung_muskelkraft__mit_pc,control,0,1,0,14,1,22,16,65,34,14,15,12,0,0
pc-783cae3a-529,rudeljaeger__ohne_pc,control,1,0,1,14,-2,19,18,47,47,16,9,9,0,1
pc-0c549c02-530,forschung_muskelkraft__mit_pc,control,0,1,0,7,1,14,7,26,1,6,4,10,0,0
pc-0c549c02-530,rudeljaeger__ohne_pc,control,1,0,1,7,0,10,9,26,0,8,3,9,0,0
pc-85a1ecbf-531,forschung_muskelkraft__mit_pc,control,0,0,0,6,-2,13,6,20,1,5,6,6,0,0
pc-85a1ecbf-531,rudeljaeger__ohne_pc,control,1,1,1,6,4,10,7,18,1,7,2,12,0,0
pc-ba78c8c3-532,forschung_muskelkraft__mit_pc,control,0,1,0,11,6,23,11,39,16,9,13,12,0,0
pc-ba78c8c3-532,rudeljaeger__ohne_pc,control,1,0,1,11,-2,16,14,36,22,13,4,4,0,1
pc-33c63981-533,forschung_muskelkraft__mit_pc,control,0,1,0,9,2,21,10,33,4,8,10,13,0,0
pc-33c63981-533,rudeljaeger__ohne_pc,control,1,0,1,9,-3,14,13,33,10,11,3,8,0,0
pc-c7de0748-534,forschung_muskelkraft__mit_pc,control,0,1,0,7,1,16,7,25,2,6,7,10,0,0
pc-c7de0748-534,rudeljaeger__ohne_pc,control,1,0,1,7,0,12,10,24,3,9,1,9,0,1
pc-412b7806-535,forschung_muskelkraft__mit_pc,control,0,0,0,4,0,9,4,9,1,3,0,0,0,0
pc-412b7806-535,rudeljaeger__ohne_pc,control,1,1,1,4,10,8,4,9,1,4,1,10,0,0
pc-9fae4bb9-536,forschung_muskelkraft__mit_pc,control,0,1,0,8,4,19,10,33,3,8,9,12,0,0
pc-9fae4bb9-536,rudeljaeger__ohne_pc,control,1,0,1,8,-2,11,11,24,7,10,4,6,0,0
pc-18fbbc77-537,forschung_muskelkraft__mit_pc,control,0,1,0,7,6,17,8,26,1,6,6,10,0,0
pc-18fbbc77-537,rudeljaeger__ohne_pc,control,1,0,1,7,0,10,10,19,6,8,2,4,0,0
pc-ad138a3e-538,forschung_muskelkraft__mit_pc,control,0,0,0,6,-1,15,6,19,2,5,3,0,0,0
pc-ad138a3e-538,rudeljaeger__ohne_pc,control,1,1,1,6,10,10,7,20,1,6,2,11,0,0
pc-2660fafc-539,forschung_muskelkraft__mit_pc,control,0,0,0,5,0,15,3,11,4,3,0,0,0,0
pc-2660fafc-539,rudeljaeger__ohne_pc,control,1,1,1,5,10,9,5,13,0,5,1,10,0,0
pc-84e3ceaf-540,forschung_muskelkraft__mit_pc,control,0,1,0,13,4,21,13,49,29,11,15,11,0,0
pc-84e3ceaf-540,rudeljaeger__ohne_pc,control,1,0,1,13,-1,17,17,42,38,15,6,6,0,0
pc-fe313f6c-541,forschung_muskelkraft__mit_pc,control,0,1,0,7,1,15,8,27,1,7,6,13,0,0
pc-fe313f6c-541,rudeljaeger__ohne_pc,control,1,0,1,7,-3,12,10,21,3,8,2,9,0,0
pc-92490d34-542,forschung_muskelkraft__mit_pc,control,0,1,0,12,2,21,16,63,14,14,14,10,0,0
pc-92490d34-542,rudeljaeger__ohne_pc,control,1,0,1,12,0,17,16,38,30,15,10,8,0,0
pc-0b967df2-543,forschung_muskelkraft__mit_pc,control,0,1,0,9,1,17,10,36,6,9,8,14,0,0
pc-0b967df2-543,rudeljaeger__ohne_pc,control,1,0,1,9,-4,12,12,31,8,10,4,9,0,0
pc-6a1951a5-544,forschung_muskelkraft__mit_pc,control,0,0,0,4,0,11,4,9,1,3,3,0,0,0
pc-6a1951a5-544,rudeljaeger__ohne_pc,control,1,1,1,4,10,7,5,10,0,5,1,10,0,0
pc-e366a262-545,forschung_muskelkraft__mit_pc,control,0,0,0,4,0,9,4,9,1,3,4,0,0,0
pc-e366a262-545,rudeljaeger__ohne_pc,control,1,1,1,4,10,7,5,10,0,5,1,10,0,0
pc-777e902a-546,forschung_muskelkraft__mit_pc,control,0,1,0,15,1,22,15,59,50,13,16,11,0,0
pc-777e902a-546,rudeljaeger__ohne_pc,control,1,0,1,15,-1,20,18,48,62,17,8,9,0,0
pc-f0cbe0e7-547,forschung_muskelkraft__mit_pc,control,0,0,0,6,-2,15,6,18,3,5,5,0,0,0
pc-f0cbe0e7-547,rudeljaeger__ohne_pc,control,1,1,1,6,10,9,7,18,0,7,3,12,0,0
pc-25a2dcec-548,forschung_muskelkraft__mit_pc,control,0,0,0,7,-3,15,8,26,1,6,7,9,0,0
pc-25a2dcec-548,rudeljaeger__ohne_pc,control,1,1,1,7,1,11,9,26,1,7,2,13,0,0
pc-9ef02da9-549,forschung_muskelkraft__mit_pc,control,0,1,0,7,2,17,8,25,1,6,7,12,0,0
pc-9ef02da9-549,rudeljaeger__ohne_pc,control,1,0,1,7,-2,14,11,26,1,9,1,8,0,0
pc-33081b71-550,forschung_muskelkraft__mit_pc,control,0,1,0,10,1,20,9,32,13,7,13,12,0,0
pc-33081b71-550,rudeljaeger__ohne_pc,control,1,0,1,10,-2,14,13,32,15,12,2,9,0,0
pc-ac556c2e-551,forschung_muskelkraft__mit_pc,control,0,0,0,4,0,11,2,6,4,2,3,0,0,0
pc-ac556c2e-551,rudeljaeger__ohne_pc,control,1,1,1,4,10,8,4,9,1,4,1,10,0,0
pc-0ad85fe2-552,forschung_muskelkraft__mit_pc,control,0,1,0,12,4,23,12,47,29,10,15,15,0,0
pc-0ad85fe2-552,rudeljaeger__ohne_pc,control,1,0,1,12,-5,16,16,42,28,14,5,6,0,1
pc-8425b09f-553,forschung_muskelkraft__mit_pc,control,0,1,0,12,6,20,11,47,31,10,15,14,0,0
pc-8425b09f-553,rudeljaeger__ohne_pc,control,1,0,1,12,-4,17,16,44,27,16,5,4,0,1
pc-183d9e67-554,forschung_muskelkraft__mit_pc,control,0,1,0,14,2,22,15,59,36,13,16,16,0,0
pc-183d9e67-554,rudeljaeger__ohne_pc,control,1,0,1,14,-6,18,18,46,46,16,8,8,0,0
pc-918aef24-555,forschung_muskelkraft__mit_pc,control,0,1,0,13,8,23,14,48,35,12,16,16,0,0
pc-918aef24-555,rudeljaeger__ohne_pc,control,1,0,1,13,-6,18,17,43,37,15,7,2,0,1
pc-f00dc2d7-556,forschung_muskelkraft__mit_pc,control,0,0,0,4,0,10,2,6,4,2,0,0,0,0
pc-f00dc2d7-556,rudeljaeger__ohne_pc,control,1,1,1,4,10,7,5,7,1,5,1,10,0,0
pc-695b3395-557,forschung_muskelkraft__mit_pc,control,0,0,0,7,-3,15,7,25,3,6,6,8,0,0
pc-695b3395-557,rudeljaeger__ohne_pc,control,1,1,1,7,2,12,10,23,3,8,2,13,0,0
pc-fd73015c-558,forschung_muskelkraft__mit_pc,control,0,1,0,11,6,22,12,46,15,10,11,10,0,0
pc-fd73015c-558,rudeljaeger__ohne_pc,control,1,0,1,11,0,16,15,42,17,13,5,4,0,1
pc-76c0721a-559,forschung_muskelkraft__mit_pc,control,0,0,0,8,0,16,10,34,2,8,6,6,0,0
pc-76c0721a-559,rudeljaeger__ohne_pc,control,1,1,1,8,4,11,10,27,4,9,5,10,0,0
pc-d54345cd-560,forschung_muskelkraft__mit_pc,control,0,1,0,7,4,16,8,24,4,7,5,12,0,0
pc-d54345cd-560,rudeljaeger__ohne_pc,control,1,0,1,7,-2,12,11,26,1,9,3,6,0,0
pc-4e90b68b-561,forschung_muskelkraft__mit_pc,control,0,1,0,10,2,21,9,34,11,8,14,14,0,0
pc-4e90b68b-561,rudeljaeger__ohne_pc,control,1,0,1,10,-4,16,14,41,9,13,4,8,0,0
pc-e2a88452-562,forschung_muskelkraft__mit_pc,control,0,1,0,7,6,16,8,26,1,6,4,12,0,0
pc-e2a88452-562,rudeljaeger__ohne_pc,control,1,0,1,7,-2,10,9,23,4,8,2,4,0,0
pc-5bf5f510-563,forschung_muskelkraft__mit_pc,control,0,1,0,10,2,22,9,36,9,8,13,15,0,0
pc-5bf5f510-563,rudeljaeger__ohne_pc,control,1,0,1,10,-5,14,13,34,12,12,3,8,0,1
pc-90ccd114-564,forschung_muskelkraft__mit_pc,control,0,1,0,10,2,17,13,48,6,11,13,10,0,0
pc-90ccd114-564,rudeljaeger__ohne_pc,control,1,0,1,10,0,14,13,32,14,12,7,8,0,0
pc-0a1a21d2-565,forschung_muskelkraft__mit_pc,control,0,0,0,5,0,10,3,11,4,3,4,0,0,0
pc-0a1a21d2-565,rudeljaeger__ohne_pc,control,1,1,1,5,10,8,5,15,0,5,1,10,0,0
pc-9e320f99-566,forschung_muskelkraft__mit_pc,control,0,1,0,11,2,21,13,49,11,11,13,11,0,0
pc-9e320f99-566,rudeljaeger__ohne_pc,control,1,0,1,11,-1,15,14,35,22,13,7,8,0,1
pc-177f6057-567,forschung_muskelkraft__mit_pc,control,0,0,0,6,-1,14,3,15,6,3,4,5,0,0
pc-177f6057-567,rudeljaeger__ohne_pc,control,1,1,1,6,5,11,6,20,0,6,1,11,0,0
pc-7602540a-568,forschung_muskelkraft__mit_pc,control,0,1,0,10,6,20,10,35,20,8,14,10,0,0
pc-7602540a-568,rudeljaeger__ohne_pc,control,1,0,1,10,0,15,14,35,11,13,3,4,0,1
pc-ef4fa4c7-569,forschung_muskelkraft__mit_pc,control,0,0,0,4,0,11,4,9,1,3,0,3,0,0
pc-ef4fa4c7-569,rudeljaeger__ohne_pc,control,1,1,1,4,7,7,5,8,1,4,1,10,0,0
pc-8367928f-570,forschung_muskelkraft__mit_pc,control,0,0,0,8,-1,14,11,35,1,9,8,6,0,0
pc-8367928f-570,rudeljaeger__ohne_pc,control,1,1,1,8,4,11,11,31,0,11,7,11,0,1
pc-fcb4e34c-571,forschung_muskelkraft__mit_pc,control,0,1,0,9,4,18,9,31,5,7,12,12,0,0
pc-fcb4e34c-571,rudeljaeger__ohne_pc,control,1,0,1,9,-2,12,12,34,8,11,3,6,0,1
pc-5b37d700-572,forschung_muskelkraft__mit_pc,control,0,1,0,8,1,14,8,29,5,6,12,12,0,0
pc-5b37d700-572,rudeljaeger__ohne_pc,control,1,0,1,8,-2,12,11,23,8,10,2,9,0,0
pc-d48527bd-573,forschung_muskelkraft__mit_pc,control,0,0,0,4,-1,11,2,6,4,2,0,0,0,0
pc-d48527bd-573,rudeljaeger__ohne_pc,control,1,1,1,4,10,8,4,10,0,4,1,11,0,0
pc-689d1585-574,forschung_muskelkraft__mit_pc,control,0,0,0,4,-1,10,4,9,1,3,4,0,0,0
pc-689d1585-574,rudeljaeger__ohne_pc,control,1,1,1,4,10,8,5,10,0,5,1,11,0,0
pc-e1ea6642-575,forschung_muskelkraft__mit_pc,control,0,0,0,5,0,13,5,14,1,4,3,0,0,0
pc-e1ea6642-575,rudeljaeger__ohne_pc,control,1,1,1,5,10,9,5,13,2,5,1,10,0,0
pc-406d59f6-576,forschung_muskelkraft__mit_pc,control,0,1,0,8,6,19,9,32,2,8,9,12,0,0
pc-406d59f6-576,rudeljaeger__ohne_pc,control,1,0,1,8,-2,12,11,27,4,11,3,4,0,0
pc-b9baaab3-577,forschung_muskelkraft__mit_pc,control,0,0,0,5,0,10,2,9,6,2,1,4,0,0
pc-b9baaab3-577,rudeljaeger__ohne_pc,control,1,1,1,5,6,8,6,15,0,5,0,10,0,0
pc-4dd2987b-578,forschung_muskelkraft__mit_pc,control,0,0,0,5,0,12,5,14,1,4,3,3,0,0
pc-4dd2987b-578,rudeljaeger__ohne_pc,control,1,1,1,5,7,9,5,13,2,5,1,10,0,0
pc-c71fe938-579,forschung_muskelkraft__mit_pc,control,0,1,0,10,3,22,10,35,14,8,14,11,0,0
pc-c71fe938-579,rudeljaeger__ohne_pc,control,1,0,1,10,-1,13,13,30,19,13,3,7,0,0
pc-fbf6c53c-580,forschung_muskelkraft__mit_pc,control,0,0,0,5,-1,12,2,7,8,2,3,0,0,0
pc-fbf6c53c-580,rudeljaeger__ohne_pc,control,1,1,1,5,10,9,7,15,0,5,1,11,0,0
pc-754435fa-581,forschung_muskelkraft__mit_pc,control,0,1,0,5,2,12,5,14,1,4,3,12,0,0
pc-754435fa-581,rudeljaeger__ohne_pc,control,1,0,1,5,-2,10,6,14,1,6,1,8,0,0
pc-095c03c2-582,forschung_muskelkraft__mit_pc,control,0,1,0,8,6,14,8,31,3,7,9,11,0,0
pc-095c03c2-582,rudeljaeger__ohne_pc,control,1,0,1,8,-1,11,11,24,7,9,3,4,0,0
pc-82a9747f-583,forschung_muskelkraft__mit_pc,control,0,1,0,6,2,14,5,18,2,5,5,10,0,0
pc-82a9747f-583,rudeljaeger__ohne_pc,control,1,0,1,6,0,11,9,19,2,8,2,8,0,0
pc-e12c4832-584,forschung_muskelkraft__mit_pc,control,0,1,0,12,6,22,13,49,22,11,13,10,0,0
pc-e12c4832-584,rudeljaeger__ohne_pc,control,1,0,1,12,0,17,16,44,27,15,6,4,0,0
pc-5a79b8f0-585,forschung_muskelkraft__mit_pc,control,0,1,0,9,4,18,9,36,6,8,12,15,0,0
pc-5a79b8f0-585,rudeljaeger__ohne_pc,control,1,0,1,9,-5,13,12,31,9,12,3,6,0,0
pc-ee9186b7-586,forschung_muskelkraft__mit_pc,control,0,0,0,9,0,21,9,27,9,7,12,7,0,0
pc-ee9186b7-586,rudeljaeger__ohne_pc,control,1,1,1,9,3,15,13,36,6,12,5,10,0,0
pc-67def775-587,forschung_muskelkraft__mit_pc,control,0,0,0,8,-1,18,8,32,4,8,5,0,0,0
pc-67def775-587,rudeljaeger__ohne_pc,control,1,1,1,8,10,13,11,25,5,9,4,11,0,0
pc-c661cb28-588,forschung_muskelkraft__mit_pc,control,0,1,0,10,2,21,12,44,6,10,13,12,0,0
pc-c661cb28-588,rudeljaeger__ohne_pc,control,1,0,1,10,-2,17,14,36,10,13,6,8,0,0
pc-3faf3be6-589,forschung_muskelkraft__mit_pc,control,0,1,0,10,6,21,12,45,6,10,9,10,0,0
pc-3faf3be6-589,rudeljaeger__ohne_pc,control,1,0,1,10,0,13,13,33,14,11,5,4,0,1
pc-d3c709ad-590,forschung_muskelkraft__mit_pc,control,0,1,0,9,3,18,9,26,10,7,10,10,0,0
pc-d3c709ad-590,rudeljaeger__ohne_pc,control,1,0,1,9,0,13,13,33,9,12,2,7,0,0
pc-4d147a6b-591,forschung_muskelkraft__mit_pc,control,0,1,0,10,3,19,11,41,14,9,11,13,0,0
pc-4d147a6b-591,rudeljaeger__ohne_pc,control,1,0,1,10,-3,14,14,32,14,13,4,7,0,0
pc-ab974e1e-592,forschung_muskelkraft__mit_pc,control,0,1,0,9,5,21,9,31,5,8,8,10,0,0
pc-ab974e1e-592,rudeljaeger__ohne_pc,control,1,0,1,9,0,13,12,27,12,11,3,5,0,0
pc-24e4bedc-593,forschung_muskelkraft__mit_pc,control,0,1,0,10,1,20,9,32,13,7,12,13,0,0
pc-24e4bedc-593,rudeljaeger__ohne_pc,control,1,0,1,10,-3,15,14,37,11,13,2,9,0,1
pc-b8fc8ca3-594,forschung_muskelkraft__mit_pc,control,0,0,0,8,-1,13,8,32,4,7,5,7,0,0
pc-b8fc8ca3-594,rudeljaeger__ohne_pc,control,1,1,1,8,3,12,8,23,10,8,3,11,0,0
pc-3249fd61-595,forschung_muskelkraft__mit_pc,control,0,1,0,8,1,16,9,31,3,7,8,10,0,0
pc-3249fd61-595,rudeljaeger__ohne_pc,control,1,0,1,8,0,13,10,32,4,10,2,9,0,0
pc-6720d965-596,forschung_muskelkraft__mit_pc,control,0,0,0,6,-2,13,5,17,4,4,5,4,0,0
pc-6720d965-596,rudeljaeger__ohne_pc,control,1,1,1,6,6,10,7,20,0,6,2,12,0,1
pc-e06e2a22-597,forschung_muskelkraft__mit_pc,control,0,1,0,9,5,21,9,32,4,8,10,12,0,0
pc-e06e2a22-597,rudeljaeger__ohne_pc,control,1,0,1,9,-2,14,12,31,7,10,3,5,0,1
pc-748617ea-598,forschung_muskelkraft__mit_pc,control,0,0,0,4,0,10,2,6,4,2,3,0,0,0
pc-748617ea-598,rudeljaeger__ohne_pc,control,1,1,1,4,10,8,5,9,1,5,1,10,0,0
pc-edd368a7-599,forschung_muskelkraft__mit_pc,control,0,1,0,9,4,19,7,27,9,5,11,14,0,0
pc-edd368a7-599,rudeljaeger__ohne_pc,control,1,0,1,9,-4,15,13,30,10,12,0,6,0,0
pc-20d945e0-600,forschung_muskelkraft__ohne_pc,control,0,0,1,16,-1,23,20,71,55,18,15,5,0,0
pc-20d945e0-600,rudeljaeger__mit_pc,control,1,1,0,16,2,22,20,56,66,18,16,8,0,1
pc-9a26b69d-601,forschung_muskelkraft__ohne_pc,control,0,0,1,5,-1,11,5,14,1,4,4,6,0,0
pc-9a26b69d-601,rudeljaeger__mit_pc,control,1,1,0,5,4,9,6,12,0,6,1,11,0,0
pc-2e3e8465-602,forschung_muskelkraft__ohne_pc,control,0,0,1,7,-2,13,7,26,1,6,4,0,0,0
pc-2e3e8465-602,rudeljaeger__mit_pc,control,1,1,0,7,10,12,9,22,1,8,4,12,0,0
pc-a78bf522-603,forschung_muskelkraft__ohne_pc,control,0,1,1,11,4,22,15,55,10,13,14,11,0,0
pc-a78bf522-603,rudeljaeger__mit_pc,control,1,0,0,11,-1,17,15,43,13,15,8,6,0,1
pc-3ba3c2ea-604,forschung_muskelkraft__ohne_pc,control,0,0,1,6,0,10,7,19,1,5,1,9,0,0
pc-3ba3c2ea-604,rudeljaeger__mit_pc,control,1,1,0,6,1,9,7,17,1,5,2,10,0,0
pc-b4f133a7-605,forschung_muskelkraft__ohne_pc,control,0,1,1,6,2,15,6,19,1,5,3,10,0,0
pc-b4f133a7-605,rudeljaeger__mit_pc,control,1,0,0,6,0,10,6,20,1,5,1,8,0,0
pc-4909016f-606,forschung_muskelkraft__ohne_pc,control,0,0,1,8,-1,17,9,34,2,9,4,9,0,0
pc-4909016f-606,rudeljaeger__mit_pc,control,1,1,0,8,1,13,10,29,3,8,6,11,0,0
pc-c256722c-607,forschung_muskelkraft__ohne_pc,control,0,1,1,10,6,21,13,48,7,11,10,11,0,0
pc-c256722c-607,rudeljaeger__mit_pc,control,1,0,0,10,-1,15,13,41,9,13,6,4,0,2
pc-566e5ff4-608,forschung_muskelkraft__ohne_pc,control,0,1,1,14,3,21,17,65,30,15,12,12,0,0
pc-566e5ff4-608,rudeljaeger__mit_pc,control,1,0,0,14,-2,18,18,51,43,16,11,7,0,2
pc-cfbbb0b1-609,forschung_muskelkraft__ohne_pc,control,0,1,1,11,3,22,14,56,9,13,11,11,0,0
pc-cfbbb0b1-609,rudeljaeger__mit_pc,control,1,0,0,11,-1,15,15,43,14,14,10,7,0,0
pc-63d39e79-610,forschung_muskelkraft__ohne_pc,control,0,0,1,11,0,19,14,52,13,12,9,7,0,0
pc-63d39e79-610,rudeljaeger__mit_pc,control,1,1,0,11,3,16,13,36,19,13,8,10,0,0
pc-dd20ef36-611,forschung_muskelkraft__ohne_pc,control,0,1,1,10,6,17,11,41,4,10,9,17,0,0
pc-dd20ef36-611,rudeljaeger__mit_pc,control,1,0,0,10,-7,15,14,40,7,12,6,4,0,2
pc-7138dcfe-612,forschung_muskelkraft__ohne_pc,control,0,0,1,5,0,12,5,14,1,4,3,5,0,0
pc-7138dcfe-612,rudeljaeger__mit_pc,control,1,1,0,5,5,8,5,15,0,5,1,10,0,0
pc-ea862dbb-613,forschung_muskelkraft__ohne_pc,control,0,1,1,9,1,20,11,38,5,9,12,11,0,0
pc-ea862dbb-613,rudeljaeger__mit_pc,control,1,0,0,9,-1,13,12,31,8,11,4,9,0,1
pc-7e9e1b83-614,forschung_muskelkraft__ohne_pc,control,0,0,1,5,0,15,4,13,2,4,4,3,0,0
pc-7e9e1b83-614,rudeljaeger__mit_pc,control,1,1,0,5,7,10,5,14,0,5,1,10,0,0
pc-f7eb6c40-615,forschung_muskelkraft__ohne_pc,control,0,0,1,9,-1,17,11,40,4,10,7,8,0,0
pc-f7eb6c40-615,rudeljaeger__mit_pc,control,1,1,0,9,2,13,11,36,3,10,8,11,0,2
pc-8c035a08-616,forschung_muskelkraft__ohne_pc,control,0,0,1,9,-1,17,12,42,3,10,8,4,0,0
pc-8c035a08-616,rudeljaeger__mit_pc,control,1,1,0,9,6,13,12,36,3,11,7,11,0,0
pc-0550aac6-617,forschung_muskelkraft__ohne_pc,control,0,0,1,7,-1,16,7,24,3,6,6,8,0,0
pc-0550aac6-617,rudeljaeger__mit_pc,control,1,1,0,7,2,11,10,22,3,9,3,11,0,0
pc-9968988d-618,forschung_muskelkraft__ohne_pc,control,0,0,1,3,0,10,3,5,1,2,0,0,0,0
pc-9968988d-618,rudeljaeger__mit_pc,control,1,1,0,3,10,6,4,5,0,4,0,10,0,0
pc-12b5e94b-619,forschung_muskelkraft__ohne_pc,control,0,0,1,5,-1,12,4,10,5,3,3,3,0,0
pc-12b5e94b-619,rudeljaeger__mit_pc,control,1,1,0,5,7,12,5,13,2,5,1,11,0,0
pc-a6cdd712-620,forschung_muskelkraft__ohne_pc,control,0,1,1,8,1,17,8,30,3,7,9,10,0,0
pc-a6cdd712-620,rudeljaeger__mit_pc,control,1,0,0,8,0,13,12,28,5,11,2,9,0,0
pc-201b27d0-621,forschung_muskelkraft__ohne_pc,control,0,0,1,8,-2,16,10,31,5,8,4,3,0,0
pc-201b27d0-621,rudeljaeger__mit_pc,control,1,1,0,8,7,13,9,32,2,9,5,12,0,1
pc-b4331597-622,forschung_muskelkraft__ohne_pc,control,0,1,1,11,4,23,13,52,12,12,10,12,0,0
pc-b4331597-622,rudeljaeger__mit_pc,control,1,0,0,11,-2,17,15,44,15,13,7,6,0,0
pc-2d806655-623,forschung_muskelkraft__ohne_pc,control,0,1,1,11,5,20,14,53,7,13,10,10,0,0
pc-2d806655-623,rudeljaeger__mit_pc,control,1,0,0,11,0,17,14,40,21,13,9,5,0,0
pc-c198541c-624,forschung_muskelkraft__ohne_pc,control,0,0,1,14,-1,23,20,71,24,18,11,6,0,0
pc-c198541c-624,rudeljaeger__mit_pc,control,1,1,0,14,4,17,16,46,45,15,14,11,0,2
pc-3ae5a4da-625,forschung_muskelkraft__ohne_pc,control,0,1,1,15,4,22,16,61,44,14,13,11,0,0
pc-3ae5a4da-625,rudeljaeger__mit_pc,control,1,0,0,15,-1,21,19,52,56,17,9,6,0,1
pc-cefd92a1-626,forschung_muskelkraft__ohne_pc,control,0,0,1,7,-1,17,7,25,2,6,2,6,0,0
pc-cefd92a1-626,rudeljaeger__mit_pc,control,1,1,0,7,4,10,8,22,1,7,3,11,0,0
pc-484ae35f-627,forschung_muskelkraft__ohne_pc,control,0,1,1,12,1,23,15,55,16,13,14,14,0,0
pc-484ae35f-627,rudeljaeger__mit_pc,control,1,0,0,12,-4,17,16,42,29,15,8,9,0,0
pc-dc62d126-628,forschung_muskelkraft__ohne_pc,control,0,0,1,6,-2,13,6,19,2,5,3,0,0,0
pc-dc62d126-628,rudeljaeger__mit_pc,control,1,1,0,6,10,10,8,17,3,7,2,12,0,0
pc-55b021e4-629,forschung_muskelkraft__ohne_pc,control,0,0,1,7,-2,16,8,26,2,7,5,6,0,0
pc-55b021e4-629,rudeljaeger__mit_pc,control,1,1,0,7,4,12,10,24,1,9,4,12,0,0
pc-e9c80fab-630,forschung_muskelkraft__ohne_pc,control,0,0,1,8,-3,18,9,31,4,7,3,6,0,0
pc-e9c80fab-630,rudeljaeger__mit_pc,control,1,1,0,8,4,13,7,26,2,7,5,13,0,1
pc-63156069-631,forschung_muskelkraft__ohne_pc,control,0,1,1,11,1,23,16,59,5,14,13,10,0,0
pc-63156069-631,rudeljaeger__mit_pc,control,1,0,0,11,0,16,14,41,17,12,11,9,0,3
pc-4a855d8f-632,forschung_muskelkraft__ohne_pc,control,0,1,1,9,2,19,12,42,3,10,7,11,0,0
pc-4a855d8f-632,rudeljaeger__mit_pc,control,1,0,0,9,-1,16,13,32,8,11,7,8,0,0
pc-c3d2ae4c-633,forschung_muskelkraft__ohne_pc,control,0,1,1,6,3,11,6,18,2,5,4,11,0,0
pc-c3d2ae4c-633,rudeljaeger__mit_pc,control,1,0,0,6,-1,11,8,21,0,7,1,7,0,0
pc-57ea9c14-634,forschung_muskelkraft__ohne_pc,control,0,1,1,9,1,15,9,31,9,7,11,13,0,0
pc-57ea9c14-634,rudeljaeger__mit_pc,control,1,0,0,9,-3,15,12,29,9,11,2,9,0,0
pc-d137ecd1-635,forschung_muskelkraft__ohne_pc,control,0,0,1,5,0,13,5,14,1,4,3,0,0,0
pc-d137ecd1-635,rudeljaeger__mit_pc,control,1,1,0,5,10,9,6,15,0,6,2,10,0,0
pc-654fda99-636,forschung_muskelkraft__ohne_pc,control,0,1,1,13,2,22,20,71,7,18,14,13,0,0
pc-654fda99-636,rudeljaeger__mit_pc,control,1,0,0,13,-3,17,17,50,32,15,14,8,0,1
pc-de9d2b56-637,forschung_muskelkraft__ohne_pc,control,0,0,1,9,-1,20,12,42,3,11,5,4,0,0
pc-de9d2b56-637,rudeljaeger__mit_pc,control,1,1,0,9,6,14,11,36,2,9,7,11,0,1
pc-72b5191e-638,forschung_muskelkraft__ohne_pc,control,0,0,1,5,0,12,5,14,1,4,5,4,0,0
pc-72b5191e-638,rudeljaeger__mit_pc,control,1,1,0,5,6,8,8,14,0,6,2,10,0,0
pc-ec0269db-639,forschung_muskelkraft__ohne_pc,control,0,0,1,6,-1,15,6,19,1,5,5,9,0,0
pc-ec0269db-639,rudeljaeger__mit_pc,control,1,1,0,6,1,11,6,19,2,6,1,11,0,1
pc-801a57a3-640,forschung_muskelkraft__ohne_pc,control,0,0,1,7,-1,17,8,26,2,6,5,4,0,0
pc-801a57a3-640,rudeljaeger__mit_pc,control,1,1,0,7,6,12,9,24,2,8,3,11,0,0
pc-f967a860-641,forschung_muskelkraft__ohne_pc,control,0,0,1,4,0,9,4,7,1,3,4,0,0,0
pc-f967a860-641,rudeljaeger__mit_pc,control,1,1,0,4,10,8,5,10,0,5,0,10,0,0
pc-8d7f9628-642,forschung_muskelkraft__ohne_pc,control,0,1,1,8,3,18,9,29,3,7,9,12,0,0
pc-8d7f9628-642,rudeljaeger__mit_pc,control,1,0,0,8,-2,12,11,29,4,10,2,7,0,0
pc-06cce6e6-643,forschung_muskelkraft__ohne_pc,control,0,1,1,15,1,23,18,67,44,16,14,9,0,0
pc-06cce6e6-643,rudeljaeger__mit_pc,control,1,0,0,15,0,19,18,49,59,17,14,8,0,1
pc-9ae4d4ad-644,forschung_muskelkraft__ohne_pc,control,0,1,1,12,4,22,14,53,17,12,11,10,0,0
pc-9ae4d4ad-644,rudeljaeger__mit_pc,control,1,0,0,12,0,18,16,45,24,14,7,6,0,0
pc-1432256b-645,forschung_muskelkraft__ohne_pc,control,0,0,1,5,0,15,4,13,2,4,1,2,0,0
pc-1432256b-645,rudeljaeger__mit_pc,control,1,1,0,5,8,10,5,14,1,5,2,10,0,0
pc-a84a1332-646,forschung_muskelkraft__ohne_pc,control,0,0,1,7,0,18,8,26,2,6,5,5,0,0
pc-a84a1332-646,rudeljaeger__mit_pc,control,1,1,0,7,5,11,8,25,3,8,3,10,0,0
pc-219763f0-647,forschung_muskelkraft__ohne_pc,control,0,0,1,7,-1,15,7,26,2,7,4,9,0,0
pc-219763f0-647,rudeljaeger__mit_pc,control,1,1,0,7,1,12,9,28,0,8,3,11,0,0
pc-b5af51b7-648,forschung_muskelkraft__ohne_pc,control,0,0,1,6,0,15,7,20,1,5,7,9,0,0
pc-b5af51b7-648,rudeljaeger__mit_pc,control,1,1,0,6,1,9,7,19,1,7,2,10,0,0
pc-2efca275-649,forschung_muskelkraft__ohne_pc,control,0,0,1,5,0,10,5,12,3,4,5,2,0,0
pc-2efca275-649,rudeljaeger__mit_pc,control,1,1,0,5,8,9,7,14,1,7,2,10,0,0
pc-c314903c-650,forschung_muskelkraft__ohne_pc,control,0,1,1,13,6,23,14,53,34,12,14,11,0,0
pc-c314903c-650,rudeljaeger__mit_pc,control,1,0,0,13,-1,17,17,47,35,16,7,4,0,2
pc-3c61e0fa-651,forschung_muskelkraft__ohne_pc,control,0,1,1,8,3,15,10,34,2,9,7,10,0,0
pc-3c61e0fa-651,rudeljaeger__mit_pc,control,1,0,0,8,0,14,11,27,3,10,5,7,0,0
pc-d079cec1-652,forschung_muskelkraft__ohne_pc,control,0,0,1,4,-2,10,4,8,2,2,0,3,0,0
pc-d079cec1-652,rudeljaeger__mit_pc,control,1,1,0,4,7,9,4,9,1,4,0,12,0,0
pc-49c73f7f-653,forschung_muskelkraft__ohne_pc,control,0,1,1,7,4,14,7,25,1,6,6,13,0,0
pc-49c73f7f-653,rudeljaeger__mit_pc,control,1,0,0,7,-3,12,9,24,4,9,1,6,0,0
pc-dddf0d46-654,forschung_muskelkraft__ohne_pc,control,0,1,1,11,1,19,13,49,12,12,13,11,0,0
pc-dddf0d46-654,rudeljaeger__mit_pc,control,1,0,0,11,-1,16,15,43,14,14,8,9,0,1
pc-572c7e04-655,forschung_muskelkraft__ohne_pc,control,0,0,1,5,-1,10,5,14,1,4,1,3,0,0
pc-572c7e04-655,rudeljaeger__mit_pc,control,1,1,0,5,7,9,4,14,1,4,1,11,0,0
pc-eb444bcb-656,forschung_muskelkraft__ohne_pc,control,0,1,1,13,1,23,16,61,21,14,11,12,0,0
pc-eb444bcb-656,rudeljaeger__mit_pc,control,1,0,0,13,-2,17,17,47,36,15,11,9,0,1
pc-6491bc89-657,forschung_muskelkraft__ohne_pc,control,0,0,1,8,0,18,9,31,3,7,10,7,0,0
pc-6491bc89-657,rudeljaeger__mit_pc,control,1,1,0,8,3,15,12,34,2,11,3,10,0,1
pc-f8a98a50-658,forschung_muskelkraft__ohne_pc,control,0,0,1,5,-1,11,4,13,2,4,1,4,0,0
pc-f8a98a50-658,rudeljaeger__mit_pc,control,1,1,0,5,6,9,4,14,1,4,2,11,0,0
pc-71f6fb0e-659,forschung_muskelkraft__ohne_pc,control,0,0,1,8,0,14,10,33,2,8,8,7,0,0
pc-71f6fb0e-659,rudeljaeger__mit_pc,control,1,1,0,8,3,13,12,32,3,10,5,10,0,0
pc-060ec8d6-660,forschung_muskelkraft__ohne_pc,control,0,0,1,6,-1,14,6,18,2,5,6,0,0,0
pc-060ec8d6-660,rudeljaeger__mit_pc,control,1,1,0,6,10,10,9,20,0,9,2,11,0,0
pc-7f5c3993-661,forschung_muskelkraft__ohne_pc,control,0,0,1,5,-1,11,4,12,3,3,3,0,0,0
pc-7f5c3993-661,rudeljaeger__mit_pc,control,1,1,0,5,10,10,5,13,1,5,0,11,0,0
pc-1374075b-662,forschung_muskelkraft__ohne_pc,control,0,0,1,6,-1,15,5,18,2,5,3,6,0,0
pc-1374075b-662,rudeljaeger__mit_pc,control,1,1,0,6,4,10,6,20,1,5,1,11,0,1
pc-8cc17818-663,forschung_muskelkraft__ohne_pc,control,0,0,1,7,-2,17,7,25,2,6,5,0,0,0
pc-8cc17818-663,rudeljaeger__mit_pc,control,1,1,0,7,10,11,8,25,0,8,4,12,0,0
pc-cd815681-664,forschung_muskelkraft__ohne_pc,control,0,1,1,6,4,15,6,19,1,5,5,11,0,0
pc-cd815681-664,rudeljaeger__mit_pc,control,1,0,0,6,-1,10,7,19,1,7,2,6,0,0
pc-46cea73f-665,forschung_muskelkraft__ohne_pc,control,0,1,1,14,3,23,20,71,22,18,12,12,0,0
pc-46cea73f-665,rudeljaeger__mit_pc,control,1,0,0,14,-2,19,18,52,43,16,16,7,0,1
pc-dae69506-666,forschung_muskelkraft__ohne_pc,control,0,1,1,8,3,19,8,25,8,6,10,15,0,0
pc-dae69506-666,rudeljaeger__mit_pc,control,1,0,0,8,-5,13,12,28,2,10,1,7,0,0
pc-5433e5c4-667,forschung_muskelkraft__ohne_pc,control,0,1,1,6,4,15,6,19,1,5,5,11,0,0
pc-5433e5c4-667,rudeljaeger__mit_pc,control,1,0,0,6,-1,9,6,19,2,6,0,6,0,0
pc-e84bd38b-668,forschung_muskelkraft__ohne_pc,control,0,0,1,6,-2,14,5,18,2,5,4,6,0,0
pc-e84bd38b-668,rudeljaeger__mit_pc,control,1,1,0,6,4,11,6,19,1,6,1,12,0,1
pc-61992449-669,forschung_muskelkraft__ohne_pc,control,0,0,1,6,0,14,3,15,6,3,3,0,0,0
pc-61992449-669,rudeljaeger__mit_pc,control,1,1,0,6,10,9,8,18,0,7,1,10,0,0
pc-f5b11210-670,forschung_muskelkraft__ohne_pc,control,0,1,1,10,4,20,11,43,6,11,13,10,0,0
pc-f5b11210-670,rudeljaeger__mit_pc,control,1,0,0,10,0,15,14,39,11,13,6,6,0,0
pc-6efe62ce-671,forschung_muskelkraft__ohne_pc,control,0,1,1,6,2,14,6,19,1,5,6,10,0,0
pc-6efe62ce-671,rudeljaeger__mit_pc,control,1,0,0,6,0,9,9,19,1,7,2,8,0,0
pc-03165096-672,forschung_muskelkraft__ohne_pc,control,0,0,1,8,-2,17,11,35,1,9,6,7,0,0
pc-03165096-672,rudeljaeger__mit_pc,control,1,1,0,8,3,13,11,28,6,9,7,12,0,0
pc-7c63a153-673,forschung_muskelkraft__ohne_pc,control,0,0,1,3,0,9,3,5,1,2,0,0,0,0
pc-7c63a153-673,rudeljaeger__mit_pc,control,1,1,0,3,10,7,3,6,0,3,0,10,0,0
pc-107b8f1b-674,forschung_muskelkraft__ohne_pc,control,0,1,1,11,2,22,13,48,7,11,14,14,0,0
pc-107b8f1b-674,rudeljaeger__mit_pc,control,1,0,0,11,-4,15,15,43,18,14,8,8,0,3
pc-89c8ffd8-675,forschung_muskelkraft__ohne_pc,control,0,0,1,3,0,11,3,5,1,2,0,0,0,0
pc-89c8ffd8-675,rudeljaeger__mit_pc,control,1,1,0,3,10,6,3,6,0,3,0,10,0,0
pc-1de0cda0-676,forschung_muskelkraft__ohne_pc,control,0,0,1,7,-2,17,8,26,2,6,5,3,0,0
pc-1de0cda0-676,rudeljaeger__mit_pc,control,1,1,0,7,7,11,9,26,2,9,3,12,0,0
pc-972e3e5d-677,forschung_muskelkraft__ohne_pc,control,0,1,1,12,6,22,15,59,12,13,15,11,0,0
pc-972e3e5d-677,rudeljaeger__mit_pc,control,1,0,0,12,-1,16,15,42,25,14,8,4,0,2
pc-2b460c25-678,forschung_muskelkraft__ohne_pc,control,0,1,1,6,4,15,6,19,1,5,5,11,0,0
pc-2b460c25-678,rudeljaeger__mit_pc,control,1,0,0,6,-1,10,6,19,2,6,1,6,0,1
pc-a4937ce2-679,forschung_muskelkraft__ohne_pc,control,0,0,1,5,0,13,5,13,2,5,1,0,0,0
pc-a4937ce2-679,rudeljaeger__mit_pc,control,1,1,0,5,10,9,7,12,1,6,2,10,0,0
pc-38ab4aaa-680,forschung_muskelkraft__ohne_pc,control,0,1,1,7,6,14,9,26,2,7,5,12,0,0
pc-38ab4aaa-680,rudeljaeger__mit_pc,control,1,0,0,7,-2,11,9,24,3,8,4,4,0,0
pc-b1f8bb67-681,forschung_muskelkraft__ohne_pc,control,0,1,1,10,4,19,12,39,11,10,9,11,0,0
pc-b1f8bb67-681,rudeljaeger__mit_pc,control,1,0,0,10,-1,14,13,35,13,11,7,6,0,0
pc-4610892f-682,forschung_muskelkraft__ohne_pc,control,0,0,1,9,-2,15,8,31,13,7,6,6,0,0
pc-4610892f-682,rudeljaeger__mit_pc,control,1,1,0,9,4,13,11,33,5,10,3,12,0,0
pc-bf5df9ec-683,forschung_muskelkraft__ohne_pc,control,0,0,1,6,-1,12,7,20,1,5,5,0,0,0
pc-bf5df9ec-683,rudeljaeger__mit_pc,control,1,1,0,6,10,10,8,21,0,7,3,11,0,0
pc-5375c7b4-684,forschung_muskelkraft__ohne_pc,control,0,1,1,9,2,18,10,37,7,9,9,14,0,0
pc-5375c7b4-684,rudeljaeger__mit_pc,control,1,0,0,9,-4,13,12,31,9,11,5,8,0,0
pc-ccc33871-685,forschung_muskelkraft__ohne_pc,control,0,0,1,5,0,13,4,13,2,4,2,0,0,0
pc-ccc33871-685,rudeljaeger__mit_pc,control,1,1,0,5,10,11,4,13,1,4,3,10,0,0
pc-60db0639-686,forschung_muskelkraft__ohne_pc,control,0,1,1,11,1,22,16,58,3,14,10,12,0,0
pc-60db0639-686,rudeljaeger__mit_pc,control,1,0,0,11,-2,18,14,36,22,13,10,9,0,4
pc-da2876f6-687,forschung_muskelkraft__ohne_pc,control,0,0,1,5,-1,10,5,14,1,4,2,7,0,0
pc-da2876f6-687,rudeljaeger__mit_pc,control,1,1,0,5,3,11,4,14,1,4,2,11,0,0
pc-6e4044be-688,forschung_muskelkraft__ohne_pc,control,0,0,1,6,-6,14,7,18,3,5,2,6,0,0
pc-6e4044be-688,rudeljaeger__mit_pc,control,1,1,0,6,4,10,8,19,2,6,2,16,0,0
pc-e78db57b-689,forschung_muskelkraft__ohne_pc,control,0,0,1,5,0,13,5,14,1,4,4,5,0,0
pc-e78db57b-689,rudeljaeger__mit_pc,control,1,1,0,5,5,10,5,14,1,5,0,10,0,0
pc-7ba58343-690,forschung_muskelkraft__ohne_pc,control,0,0,1,7,-1,14,7,25,2,6,5,5,0,0
pc-7ba58343-690,rudeljaeger__mit_pc,control,1,1,0,7,5,11,10,26,2,8,2,11,0,0
pc-f4f2f400-691,forschung_muskelkraft__ohne_pc,control,0,0,1,8,0,17,9,27,8,8,6,9,0,0
pc-f4f2f400-691,rudeljaeger__mit_pc,control,1,1,0,8,1,13,11,34,0,10,7,10,0,1
pc-890ac1c8-692,forschung_muskelkraft__ohne_pc,control,0,1,1,5,1,12,5,14,1,4,4,10,0,0
pc-890ac1c8-692,rudeljaeger__mit_pc,control,1,0,0,5,0,10,7,15,0,6,1,9,0,0
pc-02583286-693,forschung_muskelkraft__ohne_pc,control,0,1,1,7,4,14,7,24,3,6,7,10,0,0
pc-02583286-693,rudeljaeger__mit_pc,control,1,0,0,7,0,10,9,23,3,8,3,6,0,0
pc-9670004d-694,forschung_muskelkraft__ohne_pc,control,0,0,1,7,-2,14,8,26,2,8,6,7,0,0
pc-9670004d-694,rudeljaeger__mit_pc,control,1,1,0,7,3,12,10,24,2,9,4,12,0,0
pc-0fbd710b-695,forschung_muskelkraft__ohne_pc,control,0,0,1,5,-2,12,5,14,1,4,2,3,0,0
pc-0fbd710b-695,rudeljaeger__mit_pc,control,1,1,0,5,7,10,6,14,1,6,1,12,0,0
pc-f72d4e30-696,forschung_muskelkraft__ohne_pc,control,0,1,1,9,1,20,11,35,2,9,7,10,0,0
pc-f72d4e30-696,rudeljaeger__mit_pc,control,1,0,0,9,0,14,13,39,6,11,4,9,0,0
pc-707abeee-697,forschung_muskelkraft__ohne_pc,control,0,1,1,8,3,17,8,29,4,7,5,10,0,0
pc-707abeee-697,rudeljaeger__mit_pc,control,1,0,0,8,0,11,10,29,2,9,3,7,0,1
pc-04928cb6-698,forschung_muskelkraft__ohne_pc,control,0,0,1,5,0,9,5,14,1,4,1,6,0,0
pc-04928cb6-698,rudeljaeger__mit_pc,control,1,1,0,5,4,10,5,14,1,5,2,10,0,0
pc-7ddffd73-699,forschung_muskelkraft__ohne_pc,control,0,0,1,3,0,8,2,3,1,1,0,2,0,0
pc-7ddffd73-699,rudeljaeger__mit_pc,control,1,1,0,3,8,7,3,6,0,3,0,10,0,0
pc-5f6c0588-700,forschung_muskelkraft__ohne_pc,control,0,0,0,9,-2,15,13,40,4,11,5,8,0,0
pc-5f6c0588-700,rudeljaeger__mit_pc,control,1,1,1,9,2,12,9,31,8,8,10,12,0,0
pc-d8b97645-701,forschung_muskelkraft__ohne_pc,control,0,1,0,13,1,19,18,61,21,16,12,11,0,0
pc-d8b97645-701,rudeljaeger__mit_pc,control,1,0,1,13,-1,17,16,49,30,14,14,9,0,0
pc-5206c703-702,forschung_muskelkraft__ohne_pc,control,0,0,0,6,-2,10,6,20,1,5,5,0,0,0
pc-5206c703-702,rudeljaeger__mit_pc,control,1,1,1,6,10,9,8,20,0,7,3,12,0,0
pc-cb5437c0-703,forschung_muskelkraft__ohne_pc,control,0,0,0,6,0,15,6,19,2,5,5,0,0,0
pc-cb5437c0-703,rudeljaeger__mit_pc,control,1,1,1,6,10,10,8,20,1,8,2,10,0,0
pc-44a1887e-704,forschung_muskelkraft__ohne_pc,control,0,1,0,8,3,19,8,25,8,6,10,15,0,0
pc-44a1887e-704,rudeljaeger__mit_pc,control,1,0,1,8,-5,12,12,33,1,11,2,7,0,1
pc-bdeef93b-705,forschung_muskelkraft__ohne_pc,control,0,1,0,10,5,21,12,47,3,11,10,12,0,0
pc-bdeef93b-705,rudeljaeger__mit_pc,control,1,0,1,10,-2,14,13,39,9,11,6,5,0,0
pc-373c49f9-706,forschung_muskelkraft__ohne_pc,control,0,1,0,11,4,22,16,57,6,14,10,13,0,0
pc-373c49f9-706,rudeljaeger__mit_pc,control,1,0,1,11,-3,17,15,45,15,13,10,6,0,1
pc-b089bab6-707,forschung_muskelkraft__ohne_pc,control,0,0,0,13,-3,22,20,71,7,18,11,7,0,0
pc-b089bab6-707,rudeljaeger__mit_pc,control,1,1,1,13,3,20,17,52,32,15,15,13,0,2
pc-29d70b74-708,forschung_muskelkraft__ohne_pc,control,0,1,0,14,1,22,20,71,26,18,16,10,0,0
pc-29d70b74-708,rudeljaeger__mit_pc,control,1,0,1,14,0,19,18,52,41,17,14,9,0,1
pc-a3247c31-709,forschung_muskelkraft__ohne_pc,control,0,1,0,13,2,22,17,61,22,15,10,13,0,0
pc-a3247c31-709,rudeljaeger__mit_pc,control,1,0,1,13,-3,18,16,46,33,14,11,8,0,1
pc-1c71ccef-710,forschung_muskelkraft__ohne_pc,control,0,0,0,6,0,14,6,19,1,5,3,7,0,0
pc-1c71ccef-710,rudeljaeger__mit_pc,control,1,1,1,6,3,9,6,17,1,6,1,10,0,0
pc-95bf3dac-711,forschung_muskelkraft__ohne_pc,control,0,0,0,5,-1,10,3,11,4,3,3,0,0,0
pc-95bf3dac-711,rudeljaeger__mit_pc,control,1,1,1,5,10,9,5,12,2,5,1,11,0,0
pc-0f0c8e6a-712,forschung_muskelkraft__ohne_pc,control,0,0,0,8,0,19,10,33,3,9,5,2,0,0
pc-0f0c8e6a-712,rudeljaeger__mit_pc,control,1,1,1,8,8,12,11,27,2,9,5,10,0,3
pc-8859ff27-713,forschung_muskelkraft__ohne_pc,control,0,0,0,6,-4,14,6,20,1,5,4,6,0,0
pc-8859ff27-713,rudeljaeger__mit_pc,control,1,1,1,6,4,10,7,20,0,7,1,14,0,0
pc-01a74fe5-714,forschung_muskelkraft__ohne_pc,control,0,0,0,8,0,20,10,33,2,8,7,3,0,0
pc-01a74fe5-714,rudeljaeger__mit_pc,control,1,1,1,8,7,11,10,34,2,9,5,10,0,0
pc-7af4a0a2-715,forschung_muskelkraft__ohne_pc,control,0,1,0,16,2,23,20,71,49,18,15,9,0,0
pc-7af4a0a2-715,rudeljaeger__mit_pc,control,1,0,1,16,0,22,20,56,66,18,16,7,0,1
pc-f442115f-716,forschung_muskelkraft__ohne_pc,control,0,1,0,6,4,12,5,19,2,5,3,12,0,0
pc-f442115f-716,rudeljaeger__mit_pc,control,1,0,1,6,-2,10,6,20,1,6,3,6,0,1
pc-6d8f621d-717,forschung_muskelkraft__ohne_pc,control,0,1,0,14,4,22,16,63,36,14,14,10,0,0
pc-6d8f621d-717,rudeljaeger__mit_pc,control,1,0,1,14,0,19,18,48,45,16,10,6,0,1
pc-e6dcd2da-718,forschung_muskelkraft__ohne_pc,control,0,1,0,9,1,20,10,37,4,9,7,13,0,0
pc-e6dcd2da-718,rudeljaeger__mit_pc,control,1,0,1,9,-3,13,12,33,8,11,5,9,0,0
pc-602a2398-719,forschung_muskelkraft__ohne_pc,control,0,0,0,6,0,13,6,19,2,5,2,0,0,0
pc-602a2398-719,rudeljaeger__mit_pc,control,1,1,1,6,10,11,7,19,1,6,1,10,0,0
pc-d9779455-720,forschung_muskelkraft__ohne_pc,control,0,0,0,3,-1,10,2,4,1,2,0,0,0,0
pc-d9779455-720,rudeljaeger__mit_pc,control,1,1,1,3,10,9,3,5,1,3,1,11,0,0
pc-52c4e513-721,forschung_muskelkraft__ohne_pc,control,0,0,0,4,-1,9,1,4,6,1,0,0,0,0
pc-52c4e513-721,rudeljaeger__mit_pc,control,1,1,1,4,10,9,4,9,0,3,0,11,0,0
pc-cc1255d0-722,forschung_muskelkraft__ohne_pc,control,0,0,0,4,0,11,4,9,1,3,3,2,0,0
pc-cc1255d0-722,rudeljaeger__mit_pc,control,1,1,1,4,8,8,4,9,1,4,1,10,0,0
pc-455fa68e-723,forschung_muskelkraft__ohne_pc,control,0,1,0,13,1,21,16,61,21,14,12,12,0,0
pc-455fa68e-723,rudeljaeger__mit_pc,control,1,0,1,13,-2,17,16,44,36,14,10,9,0,2
pc-bead174b-724,forschung_muskelkraft__ohne_pc,control,0,1,0,14,2,22,15,57,38,13,13,12,0,0
pc-bead174b-724,rudeljaeger__mit_pc,control,1,0,1,14,-2,18,18,49,46,16,8,8,0,1
pc-37fa6809-725,forschung_muskelkraft__ohne_pc,control,0,1,0,6,3,15,7,20,1,5,3,11,0,0
pc-37fa6809-725,rudeljaeger__mit_pc,control,1,0,1,6,-1,11,6,17,3,6,1,7,0,1
pc-b147d8c6-726,forschung_muskelkraft__ohne_pc,control,0,0,0,4,-2,10,4,9,1,3,0,2,0,0
pc-b147d8c6-726,rudeljaeger__mit_pc,control,1,1,1,4,8,9,4,8,1,4,1,12,0,0
pc-2a952984-727,forschung_muskelkraft__ohne_pc,control,0,0,0,6,-3,16,6,19,1,5,5,4,0,0
pc-2a952984-727,rudeljaeger__mit_pc,control,1,1,1,6,6,9,9,17,0,8,2,13,0,0
pc-a3e29a41-728,forschung_muskelkraft__ohne_pc,control,0,1,0,12,5,22,15,57,13,13,12,11,0,0
pc-a3e29a41-728,rudeljaeger__mit_pc,control,1,0,1,12,-1,17,15,39,30,14,9,5,0,4
pc-1d2feaff-729,forschung_muskelkraft__ohne_pc,control,0,0,0,8,-1,15,9,33,3,8,4,5,0,0
pc-1d2feaff-729,rudeljaeger__mit_pc,control,1,1,1,8,5,11,11,33,1,9,4,11,0,1
pc-967d5bbc-730,forschung_muskelkraft__ohne_pc,control,0,1,0,15,1,21,17,65,42,15,16,12,0,0
pc-967d5bbc-730,rudeljaeger__mit_pc,control,1,0,1,15,-2,20,19,54,54,18,11,9,0,2
pc-0fcaac7a-731,forschung_muskelkraft__ohne_pc,control,0,1,0,11,1,22,12,44,11,10,10,12,0,0
pc-0fcaac7a-731,rudeljaeger__mit_pc,control,1,0,1,11,-2,16,14,45,11,12,5,9,0,1
pc-35c00dd9-732,forschung_muskelkraft__ohne_pc,control,0,1,0,10,2,16,10,38,11,9,11,13,0,0
pc-35c00dd9-732,rudeljaeger__mit_pc,control,1,0,1,10,-3,15,14,39,10,13,4,8,0,1
pc-af0d7e96-733,forschung_muskelkraft__ohne_pc,control,0,0,0,6,-1,16,6,19,1,5,3,6,0,0
pc-af0d7e96-733,rudeljaeger__mit_pc,control,1,1,1,6,4,10,5,20,1,5,2,11,0,0
pc-285acf54-734,forschung_muskelkraft__ohne_pc,control,0,1,0,9,3,19,9,36,6,8,11,10,0,0
pc-285acf54-734,rudeljaeger__mit_pc,control,1,0,1,9,0,13,12,33,8,12,3,7,0,0
pc-a1a82011-735,forschung_muskelkraft__ohne_pc,control,0,1,0,12,4,21,15,57,18,13,11,13,0,0
pc-a1a82011-735,rudeljaeger__mit_pc,control,1,0,1,12,-3,17,15,41,28,13,8,6,0,0
pc-1af590cf-736,forschung_muskelkraft__ohne_pc,control,0,0,0,13,0,21,20,71,9,18,13,8,0,0
pc-1af590cf-736,rudeljaeger__mit_pc,control,1,1,1,13,2,19,17,47,32,16,15,10,0,2
pc-9442e18c-737,forschung_muskelkraft__ohne_pc,control,0,1,0,9,6,18,10,33,3,8,4,11,0,0
pc-9442e18c-737,rudeljaeger__mit_pc,control,1,0,1,9,-1,14,10,29,7,9,4,4,0,1
pc-0d90524a-738,forschung_muskelkraft__ohne_pc,control,0,1,0,12,5,22,15,55,15,13,11,14,0,0
pc-0d90524a-738,rudeljaeger__mit_pc,control,1,0,1,12,-4,17,16,42,29,14,9,5,0,0
pc-86dda307-739,forschung_muskelkraft__ohne_pc,control,0,1,0,13,1,21,18,67,15,16,13,13,0,0
pc-86dda307-739,rudeljaeger__mit_pc,control,1,0,1,13,-3,16,16,45,37,14,11,9,0,1
pc-002b13c5-740,forschung_muskelkraft__ohne_pc,control,0,1,0,11,1,23,15,54,12,13,11,10,0,0
pc-002b13c5-740,rudeljaeger__mit_pc,control,1,0,1,11,0,18,15,44,18,13,9,9,0,0
pc-79786482-741,forschung_muskelkraft__ohne_pc,control,0,1,0,13,2,22,15,57,25,13,13,14,0,0
pc-79786482-741,rudeljaeger__mit_pc,control,1,0,1,13,-4,17,16,41,40,14,9,8,0,1
pc-f2c5d53f-742,forschung_muskelkraft__ohne_pc,control,0,1,0,13,6,21,16,57,26,14,11,12,0,0
pc-f2c5d53f-742,rudeljaeger__mit_pc,control,1,0,1,13,-2,18,16,46,34,15,10,4,0,2
pc-6c1325fd-743,forschung_muskelkraft__ohne_pc,control,0,1,0,12,3,22,15,55,15,13,12,12,0,0
pc-6c1325fd-743,rudeljaeger__mit_pc,control,1,0,1,12,-2,18,16,43,25,14,8,7,0,2
pc-e56096ba-744,forschung_muskelkraft__ohne_pc,control,0,0,0,3,0,8,1,2,1,1,0,0,0,0
pc-e56096ba-744,rudeljaeger__mit_pc,control,1,1,1,3,10,7,3,4,1,2,1,10,0,0
pc-5eade778-745,forschung_muskelkraft__ohne_pc,control,0,0,0,10,-2,19,14,49,6,12,9,5,0,0
pc-5eade778-745,rudeljaeger__mit_pc,control,1,1,1,10,5,15,14,36,11,13,9,12,0,0
pc-d7fb5835-746,forschung_muskelkraft__ohne_pc,control,0,1,0,9,3,17,9,33,8,8,11,13,0,0
pc-d7fb5835-746,rudeljaeger__mit_pc,control,1,0,1,9,-3,12,12,31,7,11,3,7,0,0
pc-5148a8f3-747,forschung_muskelkraft__ohne_pc,control,0,0,0,7,-2,13,8,26,1,7,3,7,0,0
pc-5148a8f3-747,rudeljaeger__mit_pc,control,1,1,1,7,3,10,7,27,1,7,4,12,0,0
pc-ca9619b0-748,forschung_muskelkraft__ohne_pc,control,0,0,0,5,-2,11,5,14,1,4,3,2,0,0
pc-ca9619b0-748,rudeljaeger__mit_pc,control,1,1,1,5,8,9,5,13,2,5,1,12,0,0
pc-43e36a6e-749,forschung_muskelkraft__ohne_pc,control,0,1,0,11,6,22,12,48,13,11,8,13,0,0
pc-43e36a6e-749,rudeljaeger__mit_pc,control,1,0,1,11,-3,16,14,38,18,12,7,4,0,1
pc-bd30db2b-750,forschung_muskelkraft__ohne_pc,control,0,0,0,8,0,19,10,31,2,9,6,0,0,0
pc-bd30db2b-750,rudeljaeger__mit_pc,control,1,1,1,8,10,13,9,30,0,9,6,10,0,2
pc-367e2be9-751,forschung_muskelkraft__ohne_pc,control,0,0,0,6,0,13,6,19,1,5,6,7,0,0
pc-367e2be9-751,rudeljaeger__mit_pc,control,1,1,1,6,3,9,8,21,0,7,1,10,0,0
pc-afcb9ca6-752,forschung_muskelkraft__ohne_pc,control,0,0,0,7,-1,15,8,26,2,7,4,4,0,0
pc-afcb9ca6-752,rudeljaeger__mit_pc,control,1,1,1,7,6,13,9,26,1,9,4,11,0,1
pc-2918ed64-753,forschung_muskelkraft__ohne_pc,control,0,0,0,7,-2,18,9,27,1,7,4,3,0,0
pc-2918ed64-753,rudeljaeger__mit_pc,control,1,1,1,7,7,11,10,22,5,9,3,12,0,0
pc-a2665e21-754,forschung_muskelkraft__ohne_pc,control,0,1,0,10,3,21,13,41,10,11,10,10,0,0
pc-a2665e21-754,rudeljaeger__mit_pc,control,1,0,1,10,0,14,13,32,14,11,6,7,0,0
pc-1bb3aedf-755,forschung_muskelkraft__ohne_pc,control,0,1,0,14,3,23,18,67,32,16,12,14,0,0
pc-1bb3aedf-755,rudeljaeger__mit_pc,control,1,0,1,14,-4,20,18,50,43,16,14,7,0,2
pc-95011f9c-756,forschung_muskelkraft__ohne_pc,control,0,1,0,11,5,22,13,46,14,11,13,10,0,0
pc-95011f9c-756,rudeljaeger__mit_pc,control,1,0,1,11,0,16,15,40,19,14,7,5,0,0
pc-0e4e705a-757,forschung_muskelkraft__ohne_pc,control,0,1,0,9,1,19,9,31,5,7,12,12,0,0
pc-0e4e705a-757,rudeljaeger__mit_pc,control,1,0,1,9,-2,14,12,29,8,12,3,9,0,0
pc-879bc117-758,forschung_muskelkraft__ohne_pc,control,0,1,0,11,3,19,13,46,9,12,7,11,0,0
pc-879bc117-758,rudeljaeger__mit_pc,control,1,0,1,11,-1,16,13,40,15,11,9,7,0,1
pc-00e931d5-759,forschung_muskelkraft__ohne_pc,control,0,0,0,5,-2,11,3,11,4,3,4,0,0,0
pc-00e931d5-759,rudeljaeger__mit_pc,control,1,1,1,5,10,8,6,15,0,6,1,12,0,0
pc-7a368292-760,forschung_muskelkraft__ohne_pc,control,0,0,0,4,0,10,2,6,4,2,0,0,0,0
pc-7a368292-760,rudeljaeger__mit_pc,control,1,1,1,4,10,7,3,8,1,3,1,10,0,0
pc-f383f34f-761,forschung_muskelkraft__ohne_pc,control,0,0,0,5,0,13,4,13,2,4,3,0,0,0
pc-f383f34f-761,rudeljaeger__mit_pc,control,1,1,1,5,10,11,6,14,1,5,2,10,0,0
pc-6cd1440d-762,forschung_muskelkraft__ohne_pc,control,0,1,0,11,2,18,11,41,19,9,12,16,0,0
pc-6cd1440d-762,rudeljaeger__mit_pc,control,1,0,1,11,-6,16,14,35,25,13,5,8,0,2
pc-e61eb4ca-763,forschung_muskelkraft__ohne_pc,control,0,0,0,10,-1,20,12,40,5,10,10,6,0,0
pc-e61eb4ca-763,rudeljaeger__mit_pc,control,1,1,1,10,4,15,14,33,15,12,9,11,0,0
pc-b2c414e6-764,forschung_muskelkraft__ohne_pc,control,0,1,0,10,2,21,12,43,3,10,10,10,0,0
pc-b2c414e6-764,rudeljaeger__mit_pc,control,1,0,1,10,0,15,13,41,7,12,7,8,0,1
pc-2c1165a4-765,forschung_muskelkraft__ohne_pc,control,0,1,0,7,2,17,9,27,1,7,7,10,0,0
pc-2c1165a4-765,rudeljaeger__mit_pc,control,1,0,1,7,0,12,11,24,2,10,3,8,0,0
pc-a55ed661-766,forschung_muskelkraft__ohne_pc,control,0,0,0,8,-1,17,9,32,4,8,8,2,0,0
pc-a55ed661-766,rudeljaeger__mit_pc,control,1,1,1,8,8,12,11,30,2,10,4,11,0,0
pc-1eac271f-767,forschung_muskelkraft__ohne_pc,control,0,1,0,8,4,16,10,33,1,8,5,11,0,0
pc-1eac271f-767,rudeljaeger__mit_pc,control,1,0,1,8,-1,12,11,30,4,9,3,6,0,0
pc-97f997dc-768,forschung_muskelkraft__ohne_pc,control,0,1,0,8,4,20,10,33,2,8,9,13,0,0
pc-97f997dc-768,rudeljaeger__mit_pc,control,1,0,1,8,-3,14,12,29,1,12,3,6,0,0
pc-1146e89a-769,forschung_muskelkraft__ohne_pc,control,0,0,0,5,0,12,5,14,1,4,3,3,0,0
pc-1146e89a-769,rudeljaeger__mit_pc,control,1,1,1,5,7,9,7,14,1,7,1,10,0,0
pc-8a945957-770,forschung_muskelkraft__ohne_pc,control,0,1,0,10,6,20,11,39,12,9,8,10,0,0
pc-8a945957-770,rudeljaeger__mit_pc,control,1,0,1,10,0,14,13,31,15,11,4,4,0,0
pc-03e1aa15-771,forschung_muskelkraft__ohne_pc,control,0,0,0,7,0,16,7,22,6,6,3,0,0,0
pc-03e1aa15-771,rudeljaeger__mit_pc,control,1,1,1,7,10,11,7,24,0,7,3,10,0,0
pc-7d2f1ad2-772,forschung_muskelkraft__ohne_pc,control,0,1,0,9,1,19,10,33,4,8,11,11,0,0
pc-7d2f1ad2-772,rudeljaeger__mit_pc,control,1,0,1,9,-1,13,12,29,9,11,3,9,0,2
pc-f67c6b8f-773,forschung_muskelkraft__ohne_pc,control,0,1,0,8,1,20,9,32,2,8,9,11,0,0
pc-f67c6b8f-773,rudeljaeger__mit_pc,control,1,0,1,8,-1,13,11,25,5,9,3,9,0,0
pc-6fc9dc4d-774,forschung_muskelkraft__ohne_pc,control,0,1,0,10,1,19,10,40,11,8,13,15,0,0
pc-6fc9dc4d-774,rudeljaeger__mit_pc,control,1,0,1,10,-5,15,14,31,16,12,3,9,0,0
pc-e9172d0a-775,forschung_muskelkraft__ohne_pc,control,0,0,0,6,-2,15,7,20,1,5,4,0,0,0
pc-e9172d0a-775,rudeljaeger__mit_pc,control,1,1,1,6,10,10,7,20,0,7,1,12,0,0
pc-62649dc8-776,forschung_muskelkraft__ohne_pc,control,0,0,0,3,0,10,2,4,1,2,0,0,0,0
pc-62649dc8-776,rudeljaeger__mit_pc,control,1,1,1,3,10,7,3,6,0,3,1,10,0,0
pc-dbb1ee85-777,forschung_muskelkraft__ohne_pc,control,0,1,0,9,2,18,10,37,4,9,8,10,0,0
pc-dbb1ee85-777,rudeljaeger__mit_pc,control,1,0,1,9,0,15,13,34,8,11,4,8,0,0
pc-54ff5f43-778,forschung_muskelkraft__ohne_pc,control,0,0,0,4,-1,12,4,9,1,3,0,2,0,0
pc-54ff5f43-778,rudeljaeger__mit_pc,control,1,1,1,4,8,10,4,8,1,4,1,11,0,0
pc-ce4cb000-779,forschung_muskelkraft__ohne_pc,control,0,0,0,6,-2,15,6,19,2,5,4,5,0,0
pc-ce4cb000-779,rudeljaeger__mit_pc,control,1,1,1,6,5,11,8,20,0,7,1,12,0,1
pc-479a00be-780,forschung_muskelkraft__ohne_pc,control,0,0,0,3,0,9,3,5,1,2,0,0,0,0
pc-479a00be-780,rudeljaeger__mit_pc,control,1,1,1,3,10,6,3,6,0,3,1,10,0,0
pc-c0e7717b-781,forschung_muskelkraft__ohne_pc,control,0,1,0,15,4,23,17,63,46,15,15,10,0,0
pc-c0e7717b-781,rudeljaeger__mit_pc,control,1,0,1,15,0,21,19,55,55,17,12,6,0,2
pc-3a34c239-782,forschung_muskelkraft__ohne_pc,control,0,1,0,11,4,23,12,48,12,11,11,11,0,0
pc-3a34c239-782,rudeljaeger__mit_pc,control,1,0,1,11,-1,15,15,39,20,13,7,6,0,0
pc-b38232f6-783,forschung_muskelkraft__ohne_pc,control,0,0,0,6,0,13,4,16,4,4,1,0,0,0
pc-b38232f6-783,rudeljaeger__mit_pc,control,1,1,1,6,10,11,7,20,1,6,3,10,0,0
pc-2ccf83b4-784,forschung_muskelkraft__ohne_pc,control,0,0,0,7,-1,16,8,25,1,6,9,5,0,0
pc-2ccf83b4-784,rudeljaeger__mit_pc,control,1,1,1,7,5,12,11,23,5,11,2,11,0,0
pc-a61cf471-785,forschung_muskelkraft__ohne_pc,control,0,1,0,9,2,19,10,33,9,8,11,10,0,0
pc-a61cf471-785,rudeljaeger__mit_pc,control,1,0,1,9,0,13,12,35,7,12,3,8,0,1
pc-1f6a452f-786,forschung_muskelkraft__ohne_pc,control,0,1,0,10,4,21,13,46,4,11,12,15,0,0
pc-1f6a452f-786,rudeljaeger__mit_pc,control,1,0,1,10,-5,13,12,32,13,11,7,6,0,0
pc-98b7b5ec-787,forschung_muskelkraft__ohne_pc,control,0,1,0,13,2,22,16,61,22,14,13,12,0,0
pc-98b7b5ec-787,rudeljaeger__mit_pc,control,1,0,1,13,-2,17,16,47,33,15,10,8,0,2
pc-120506aa-788,forschung_muskelkraft__ohne_pc,control,0,1,0,11,6,21,14,51,8,13,12,14,0,0
pc-120506aa-788,rudeljaeger__mit_pc,control,1,0,1,11,-4,15,14,39,18,12,10,4,0,0
pc-8b527767-789,forschung_muskelkraft__ohne_pc,control,0,0,0,6,-2,17,7,20,1,5,5,0,0,0
pc-8b527767-789,rudeljaeger__mit_pc,control,1,1,1,6,10,10,8,20,0,8,2,12,0,0
pc-049fc825-790,forschung_muskelkraft__ohne_pc,control,0,0,0,4,0,9,4,9,1,3,2,3,0,0
pc-049fc825-790,rudeljaeger__mit_pc,control,1,1,1,4,7,7,4,8,2,3,1,10,0,0
pc-7ded38e2-791,forschung_muskelkraft__ohne_pc,control,0,0,0,5,0,11,5,14,1,4,1,0,0,0
pc-7ded38e2-791,rudeljaeger__mit_pc,control,1,1,1,5,10,9,4,14,1,4,1,10,0,0
pc-f73a899f-792,forschung_muskelkraft__ohne_pc,control,0,1,0,11,3,20,13,51,8,12,10,13,0,0
pc-f73a899f-792,rudeljaeger__mit_pc,control,1,0,1,11,-3,16,14,41,16,12,8,7,0,1
pc-7087fa5d-793,forschung_muskelkraft__ohne_pc,control,0,1,0,6,1,14,5,15,5,4,3,10,0,0
pc-7087fa5d-793,rudeljaeger__mit_pc,control,1,0,1,6,0,10,7,19,2,6,1,9,0,0
pc-e9d54b1a-794,forschung_muskelkraft__ohne_pc,control,0,1,0,13,3,22,15,55,23,13,14,11,0,0
pc-e9d54b1a-794,rudeljaeger__mit_pc,control,1,0,1,13,-1,19,17,51,28,15,9,7,0,0
pc-6322bbd8-795,forschung_muskelkraft__ohne_pc,control,0,1,0,14,3,23,18,67,26,16,13,11,0,0
pc-6322bbd8-795,rudeljaeger__mit_pc,control,1,0,1,14,-1,20,18,49,43,16,12,7,0,1
pc-89181d37-796,forschung_muskelkraft__ohne_pc,control,0,1,0,12,6,22,14,53,13,12,11,10,0,0
pc-89181d37-796,rudeljaeger__mit_pc,control,1,0,1,12,0,17,16,45,23,14,9,4,0,1
pc-02656df5-797,forschung_muskelkraft__ohne_pc,control,0,1,0,5,4,10,6,14,1,5,3,12,0,0
pc-02656df5-797,rudeljaeger__mit_pc,control,1,0,1,5,-2,9,6,13,2,5,1,6,0,0
pc-7bb2deb2-798,forschung_muskelkraft__ohne_pc,control,0,0,0,5,0,10,3,11,4,3,1,0,0,0
pc-7bb2deb2-798,rudeljaeger__mit_pc,control,1,1,1,5,10,9,4,14,1,4,1,10,0,0
pc-f5002f6f-799,forschung_muskelkraft__ohne_pc,control,0,1,0,8,6,17,10,33,3,8,10,10,0,0
pc-f5002f6f-799,rudeljaeger__mit_pc,control,1,0,1,8,0,13,12,32,2,10,3,4,0,0
pc-64386e69-800,forschung_muskelkraft__ohne_pc,control,0,1,1,6,2,15,6,20,1,5,5,10,0,0
pc-64386e69-800,solidaritaet_ueberleben__ohne_pc,control,1,0,0,6,0,12,7,19,2,7,0,8,0,0
pc-eaeb1dab-801,forschung_muskelkraft__ohne_pc,control,0,1,1,14,8,23,16,61,30,14,17,12,0,0
pc-eaeb1dab-801,solidaritaet_ueberleben__ohne_pc,control,1,0,0,14,-2,18,18,59,35,17,9,2,2,0
pc-56d32fe4-802,forschung_muskelkraft__ohne_pc,control,0,1,1,8,6,16,7,25,3,6,9,11,0,0
pc-56d32fe4-802,solidaritaet_ueberleben__ohne_pc,control,1,0,0,8,-1,11,11,29,3,10,1,4,0,0
pc-dd85df26-803,forschung_muskelkraft__ohne_pc,control,0,1,1,8,2,16,10,31,2,8,7,10,0,0
pc-dd85df26-803,solidaritaet_ueberleben__ohne_pc,control,1,0,0,8,0,13,10,35,1,9,4,8,0,0
pc-496df15f-804,forschung_muskelkraft__ohne_pc,control,0,1,1,8,3,15,10,34,1,8,8,14,0,0
pc-496df15f-804,solidaritaet_ueberleben__ohne_pc,control,1,0,0,8,-4,12,10,34,2,10,5,7,0,0
pc-d02080a1-805,forschung_muskelkraft__ohne_pc,control,0,0,1,8,-4,19,9,29,6,7,4,5,0,0
pc-d02080a1-805,solidaritaet_ueberleben__ohne_pc,control,1,1,0,8,5,13,8,30,3,8,2,14,0,0
pc-3c08b2da-806,forschung_muskelkraft__ohne_pc,control,0,0,1,10,-4,20,9,31,15,7,11,7,0,0
pc-3c08b2da-806,solidaritaet_ueberleben__ohne_pc,control,1,1,0,10,3,13,13,42,8,13,2,14,0,0
pc-c2bb421c-807,forschung_muskelkraft__ohne_pc,control,0,1,1,9,2,18,12,40,1,10,9,11,0,0
pc-c2bb421c-807,solidaritaet_ueberleben__ohne_pc,control,1,0,0,9,-1,15,11,39,6,11,5,8,0,0
pc-99cd687d-808,forschung_muskelkraft__ohne_pc,control,0,1,1,13,4,22,12,44,34,10,10,13,0,0
pc-99cd687d-808,solidaritaet_ueberleben__ohne_pc,control,1,0,0,13,-3,19,13,45,39,13,5,6,0,0
pc-208017c0-809,forschung_muskelkraft__ohne_pc,control,0,1,1,11,7,23,12,44,16,10,15,11,0,0
pc-208017c0-809,solidaritaet_ueberleben__ohne_pc,control,1,0,0,11,-1,16,15,43,14,14,5,3,1,0
pc-8c6829f8-810,forschung_muskelkraft__ohne_pc,control,0,1,1,9,1,17,10,35,6,8,8,12,0,0
pc-8c6829f8-810,solidaritaet_ueberleben__ohne_pc,control,1,0,0,9,-2,15,12,41,1,11,3,9,0,0
pc-131ad93b-811,forschung_muskelkraft__ohne_pc,control,0,1,1,12,3,22,14,50,16,12,11,11,0,0
pc-131ad93b-811,solidaritaet_ueberleben__ohne_pc,control,1,0,0,12,-1,18,15,54,16,14,7,7,0,0
pc-7f02eb73-812,forschung_muskelkraft__ohne_pc,control,0,1,1,16,4,21,16,59,65,14,17,15,0,0
pc-7f02eb73-812,solidaritaet_ueberleben__ohne_pc,control,1,0,0,16,-6,22,20,64,60,19,9,5,1,0
pc-05b59ab6-813,forschung_muskelkraft__ohne_pc,control,0,1,1,14,6,22,14,50,41,12,17,16,0,0
pc-05b59ab6-813,solidaritaet_ueberleben__ohne_pc,control,1,0,0,14,-6,19,18,58,36,18,7,4,1,0
pc-719dacee-814,forschung_muskelkraft__ohne_pc,control,0,0,1,9,-4,17,8,33,8,7,5,4,0,0
pc-719dacee-814,solidaritaet_ueberleben__ohne_pc,control,1,1,0,9,6,12,11,34,7,10,3,14,0,0
pc-f8505c30-815,forschung_muskelkraft__ohne_pc,control,0,1,1,10,7,19,7,29,16,6,10,16,0,0
pc-f8505c30-815,solidaritaet_ueberleben__ohne_pc,control,1,0,0,10,-6,15,12,45,10,12,1,3,0,0
pc-f90e7a40-816,forschung_muskelkraft__ohne_pc,control,0,0,1,7,0,14,7,26,2,7,2,8,0,0
pc-f90e7a40-816,solidaritaet_ueberleben__ohne_pc,control,1,1,0,7,2,12,7,25,1,6,4,10,0,0
pc-7fc10983-817,forschung_muskelkraft__ohne_pc,control,0,0,1,10,-1,18,10,34,11,8,13,5,0,0
pc-7fc10983-817,solidaritaet_ueberleben__ohne_pc,control,1,1,0,10,5,15,14,45,6,14,3,11,0,0
pc-eba93bbb-818,forschung_muskelkraft__ohne_pc,control,0,1,1,13,2,21,15,57,30,13,13,11,0,0
pc-eba93bbb-818,solidaritaet_ueberleben__ohne_pc,control,1,0,0,13,-1,18,16,48,36,15,8,8,0,0
pc-725bcafe-819,forschung_muskelkraft__ohne_pc,control,0,0,1,8,-1,17,7,24,4,6,8,6,0,0
pc-725bcafe-819,solidaritaet_ueberleben__ohne_pc,control,1,1,0,8,4,12,11,34,2,11,1,11,0,0
pc-de43fd36-820,forschung_muskelkraft__ohne_pc,control,0,1,1,9,9,17,8,26,10,6,11,13,0,0
pc-de43fd36-820,solidaritaet_ueberleben__ohne_pc,control,1,0,0,9,-3,16,12,37,6,11,1,1,0,0
pc-64f68c79-821,forschung_muskelkraft__ohne_pc,control,0,1,1,9,7,17,10,33,7,8,13,16,0,0
pc-64f68c79-821,solidaritaet_ueberleben__ohne_pc,control,1,0,0,9,-6,12,12,29,13,12,3,3,0,0
pc-d0debeb1-822,forschung_muskelkraft__ohne_pc,control,0,1,1,8,4,17,9,31,2,7,8,10,0,0
pc-d0debeb1-822,solidaritaet_ueberleben__ohne_pc,control,1,0,0,8,0,12,9,28,7,9,3,6,0,0
pc-57914df4-823,forschung_muskelkraft__ohne_pc,control,0,1,1,8,6,19,9,32,3,8,9,14,0,0
pc-57914df4-823,solidaritaet_ueberleben__ohne_pc,control,1,0,0,8,-4,12,11,34,1,11,3,4,0,0
pc-2ea37455-824,forschung_muskelkraft__ohne_pc,control,0,1,1,14,3,21,18,67,28,16,14,12,0,0
pc-2ea37455-824,solidaritaet_ueberleben__ohne_pc,control,1,0,0,14,-2,20,18,54,39,17,11,7,0,0
pc-b5560397-825,forschung_muskelkraft__ohne_pc,control,0,1,1,12,4,22,14,49,17,12,16,12,0,0
pc-b5560397-825,solidaritaet_ueberleben__ohne_pc,control,1,0,0,12,-2,17,16,52,16,15,7,6,0,0
pc-213e35d0-826,forschung_muskelkraft__ohne_pc,control,0,0,1,14,-3,21,19,69,24,17,12,7,0,0
pc-213e35d0-826,solidaritaet_ueberleben__ohne_pc,control,1,1,0,14,3,20,16,51,45,15,12,13,0,0
pc-a7f0c512-827,forschung_muskelkraft__ohne_pc,control,0,1,1,9,4,20,10,32,4,8,8,14,0,0
pc-a7f0c512-827,solidaritaet_ueberleben__ohne_pc,control,1,0,0,9,-4,14,12,38,1,11,3,6,0,0
pc-13d8f74b-828,forschung_muskelkraft__ohne_pc,control,0,1,1,11,6,21,11,38,17,9,14,11,0,0
pc-13d8f74b-828,solidaritaet_ueberleben__ohne_pc,control,1,0,0,11,-1,18,15,49,13,14,4,4,0,0
pc-9a8b868d-829,forschung_muskelkraft__ohne_pc,control,0,1,1,9,4,17,7,24,12,5,12,10,0,0
pc-9a8b868d-829,solidaritaet_ueberleben__ohne_pc,control,1,0,0,9,0,12,12,32,6,12,0,6,0,0
pc-0673b8c6-830,forschung_muskelkraft__ohne_pc,control,0,1,1,8,5,16,10,33,3,9,6,11,0,0
pc-0673b8c6-830,solidaritaet_ueberleben__ohne_pc,control,1,0,0,8,-1,14,7,26,8,7,5,5,0,0
pc-8d264808-831,forschung_muskelkraft__ohne_pc,control,0,0,1,9,-4,20,8,27,14,6,8,7,0,0
pc-8d264808-831,solidaritaet_ueberleben__ohne_pc,control,1,1,0,9,3,13,10,37,8,10,1,14,1,0
pc-8de46618-832,forschung_muskelkraft__ohne_pc,control,0,0,1,7,0,17,5,21,7,5,3,5,0,0
pc-8de46618-832,solidaritaet_ueberleben__ohne_pc,control,1,1,0,7,5,11,8,26,0,8,1,10,0,0
pc-1497155b-833,forschung_muskelkraft__ohne_pc,control,0,1,1,6,6,11,5,18,2,5,4,10,0,0
pc-1497155b-833,solidaritaet_ueberleben__ohne_pc,control,1,0,0,6,0,11,5,20,1,5,2,4,0,0
pc-807f2793-834,forschung_muskelkraft__ohne_pc,control,0,0,1,7,-2,17,8,26,2,7,5,2,0,0
pc-807f2793-834,solidaritaet_ueberleben__ohne_pc,control,1,1,0,7,8,13,8,24,3,8,3,12,0,0
pc-0731d6d6-835,forschung_muskelkraft__ohne_pc,control,0,0,1,9,-1,18,13,38,5,11,6,4,0,0
pc-0731d6d6-835,solidaritaet_ueberleben__ohne_pc,control,1,1,0,9,6,13,11,34,10,10,7,11,0,0
pc-7319e90e-836,forschung_muskelkraft__ohne_pc,control,0,1,1,9,4,16,9,25,11,7,9,12,0,0
pc-7319e90e-836,solidaritaet_ueberleben__ohne_pc,control,1,0,0,9,-2,14,12,35,6,11,3,6,0,0
pc-f9cc9850-837,forschung_muskelkraft__ohne_pc,control,0,0,1,8,-2,17,9,32,4,8,5,5,0,0
pc-f9cc9850-837,solidaritaet_ueberleben__ohne_pc,control,1,1,0,8,5,14,10,34,2,9,3,12,0,0
pc-65b4aa89-838,forschung_muskelkraft__ohne_pc,control,0,0,1,12,0,21,13,50,20,11,12,6,0,0
pc-65b4aa89-838,solidaritaet_ueberleben__ohne_pc,control,1,1,0,12,4,18,16,48,22,15,6,10,0,0
pc-ec6759cb-839,forschung_muskelkraft__ohne_pc,control,0,1,1,12,2,21,12,41,25,10,15,14,0,0
pc-ec6759cb-839,solidaritaet_ueberleben__ohne_pc,control,1,0,0,12,-4,17,16,51,19,15,5,8,2,0
pc-c379602c-840,forschung_muskelkraft__ohne_pc,control,0,0,1,9,-2,18,10,36,4,8,7,2,0,0
pc-c379602c-840,solidaritaet_ueberleben__ohne_pc,control,1,1,0,9,8,14,10,36,4,9,3,12,0,0
pc-4a2c0f6f-841,forschung_muskelkraft__ohne_pc,control,0,0,1,7,-4,15,7,25,3,6,3,4,0,0
pc-4a2c0f6f-841,solidaritaet_ueberleben__ohne_pc,control,1,1,0,7,6,10,8,22,6,8,2,14,1,0
pc-b61421a7-842,forschung_muskelkraft__ohne_pc,control,0,1,1,12,5,23,14,53,18,12,14,12,0,0
pc-b61421a7-842,solidaritaet_ueberleben__ohne_pc,control,1,0,0,12,-2,17,16,53,18,15,9,5,1,0
pc-3cc6d0ea-843,forschung_muskelkraft__ohne_pc,control,0,1,1,10,1,20,14,47,7,12,11,10,0,0
pc-3cc6d0ea-843,solidaritaet_ueberleben__ohne_pc,control,1,0,0,10,0,16,13,38,12,13,7,9,0,0
pc-a8aee322-844,forschung_muskelkraft__ohne_pc,control,0,1,1,12,6,21,13,49,17,11,17,12,0,0
pc-a8aee322-844,solidaritaet_ueberleben__ohne_pc,control,1,0,0,12,-2,17,16,50,18,16,8,4,0,0
pc-2f619265-845,forschung_muskelkraft__ohne_pc,control,0,0,1,16,-4,22,15,61,71,13,16,8,0,0
pc-2f619265-845,solidaritaet_ueberleben__ohne_pc,control,1,1,0,16,1,21,19,62,62,18,9,13,0,0
pc-9b49a49d-846,forschung_muskelkraft__ohne_pc,control,0,1,1,8,6,14,8,26,2,6,8,10,0,0
pc-9b49a49d-846,solidaritaet_ueberleben__ohne_pc,control,1,0,0,8,0,12,11,34,0,11,1,4,0,0
pc-21fc53e0-847,forschung_muskelkraft__ohne_pc,control,0,0,1,11,0,19,13,45,16,11,7,8,0,0
pc-21fc53e0-847,solidaritaet_ueberleben__ohne_pc,control,1,1,0,11,2,16,13,45,12,12,6,10,0,0
pc-22ba71f0-848,forschung_muskelkraft__ohne_pc,control,0,1,1,10,3,18,9,33,12,8,12,11,0,0
pc-22ba71f0-848,solidaritaet_ueberleben__ohne_pc,control,1,0,0,10,-1,14,13,37,11,13,3,7,0,0
pc-a96d0132-849,forschung_muskelkraft__ohne_pc,control,0,0,1,9,-1,18,10,40,5,10,6,0,0,0
pc-a96d0132-849,solidaritaet_ueberleben__ohne_pc,control,1,1,0,9,10,15,11,35,2,10,6,11,0,0
pc-1555336b-850,forschung_muskelkraft__ohne_pc,control,0,0,1,8,-1,15,9,26,7,7,6,8,0,0
pc-1555336b-850,solidaritaet_ueberleben__ohne_pc,control,1,1,0,8,2,11,10,32,3,10,2,11,0,0
pc-9c07c2ad-851,forschung_muskelkraft__ohne_pc,control,0,1,1,16,5,23,15,61,59,13,18,8,0,0
pc-9c07c2ad-851,solidaritaet_ueberleben__ohne_pc,control,1,0,0,16,-1,22,20,64,63,19,9,2,1,0
pc-07eff4e6-852,forschung_muskelkraft__ohne_pc,control,0,,1,15,0,21,14,55,54,12,17,9,0,0
pc-07eff4e6-852,solidaritaet_ueberleben__ohne_pc,control,1,,0,15,0,20,19,62,49,18,9,9,0,0
pc-8ea28428-853,forschung_muskelkraft__ohne_pc,control,0,0,1,8,-5,13,9,31,3,8,4,6,0,0
pc-8ea28428-853,solidaritaet_ueberleben__ohne_pc,control,1,1,0,8,4,14,9,31,1,9,3,15,0,0
pc-fa8ab660-854,forschung_muskelkraft__ohne_pc,control,0,1,1,15,1,22,17,65,40,15,16,12,0,0
pc-fa8ab660-854,solidaritaet_ueberleben__ohne_pc,control,1,0,0,15,-2,21,17,55,50,16,14,9,0,0
pc-813d45a3-855,forschung_muskelkraft__ohne_pc,control,0,0,1,12,-4,22,14,50,16,12,13,7,0,0
pc-813d45a3-855,solidaritaet_ueberleben__ohne_pc,control,1,1,0,12,3,19,16,52,16,15,8,14,0,0
pc-584f6c04-856,forschung_muskelkraft__ohne_pc,control,0,1,1,14,8,23,18,67,28,16,12,10,0,0
pc-584f6c04-856,solidaritaet_ueberleben__ohne_pc,control,1,0,0,14,0,20,16,52,49,15,11,2,3,0
pc-df021b46-857,forschung_muskelkraft__ohne_pc,control,0,1,1,12,4,23,11,42,30,9,10,10,0,0
pc-df021b46-857,solidaritaet_ueberleben__ohne_pc,control,1,0,0,12,0,19,15,41,25,14,5,6,0,0
pc-4aea2d7f-858,forschung_muskelkraft__ohne_pc,control,0,0,1,8,0,17,7,25,8,6,7,7,0,0
pc-4aea2d7f-858,solidaritaet_ueberleben__ohne_pc,control,1,1,0,8,3,12,11,32,4,11,1,10,0,0
pc-d19cdcc1-859,forschung_muskelkraft__ohne_pc,control,0,0,1,11,-1,23,12,38,27,10,9,6,0,0
pc-d19cdcc1-859,solidaritaet_ueberleben__ohne_pc,control,1,1,0,11,4,16,12,46,11,12,7,11,0,0
pc-3d84eefa-860,forschung_muskelkraft__ohne_pc,control,0,1,1,10,5,22,12,41,10,10,9,10,0,0
pc-3d84eefa-860,solidaritaet_ueberleben__ohne_pc,control,1,0,0,10,0,16,13,43,8,12,5,5,1,0
pc-c4379e3c-861,forschung_muskelkraft__ohne_pc,control,0,0,1,9,-3,20,11,33,5,9,6,4,0,0
pc-c4379e3c-861,solidaritaet_ueberleben__ohne_pc,control,1,1,0,9,6,16,10,36,4,9,4,13,2,0
pc-301fb075-862,forschung_muskelkraft__ohne_pc,control,0,1,1,15,1,21,18,67,40,16,15,10,0,0
pc-301fb075-862,solidaritaet_ueberleben__ohne_pc,control,1,0,0,15,0,21,18,58,47,18,12,9,0,0
pc-b6d25fb7-863,forschung_muskelkraft__ohne_pc,control,0,1,1,11,4,23,12,47,13,10,13,11,0,0
pc-b6d25fb7-863,solidaritaet_ueberleben__ohne_pc,control,1,0,0,11,-1,17,14,44,13,13,5,6,1,0
pc-b7907dc7-864,forschung_muskelkraft__ohne_pc,control,0,1,1,10,7,22,12,45,5,11,6,12,0,0
pc-b7907dc7-864,solidaritaet_ueberleben__ohne_pc,control,1,0,0,10,-2,15,10,36,14,9,6,3,0,0
pc-3e430d0a-865,forschung_muskelkraft__ohne_pc,control,0,1,1,13,7,21,12,42,36,10,16,11,0,0
pc-3e430d0a-865,solidaritaet_ueberleben__ohne_pc,control,1,0,0,13,-1,18,17,52,30,16,6,3,0,0
pc-aa2b3f42-866,forschung_muskelkraft__ohne_pc,control,0,1,1,14,1,22,16,63,28,14,17,16,0,0
pc-aa2b3f42-866,solidaritaet_ueberleben__ohne_pc,control,1,0,0,14,-6,20,18,58,35,17,9,9,1,0
pc-30ddce85-867,forschung_muskelkraft__ohne_pc,control,0,0,1,7,-1,13,7,20,1,6,3,3,0,0
pc-30ddce85-867,solidaritaet_ueberleben__ohne_pc,control,1,1,0,7,7,12,6,19,2,6,1,11,0,0
pc-9cc5e0bd-868,forschung_muskelkraft__ohne_pc,control,0,0,1,7,0,12,8,22,5,6,4,6,0,0
pc-9cc5e0bd-868,solidaritaet_ueberleben__ohne_pc,control,1,1,0,7,4,13,7,22,2,7,1,10,0,0
pc-23789000-869,forschung_muskelkraft__ohne_pc,control,0,1,1,12,2,22,15,52,15,13,10,12,0,0
pc-23789000-869,solidaritaet_ueberleben__ohne_pc,control,1,0,0,12,-2,17,14,46,31,13,8,8,0,0
pc-8f60a238-870,forschung_muskelkraft__ohne_pc,control,0,0,1,10,0,21,11,42,8,9,8,0,0,0
pc-8f60a238-870,solidaritaet_ueberleben__ohne_pc,control,1,1,0,10,10,15,13,42,9,12,4,10,0,0
pc-1613517b-871,forschung_muskelkraft__ohne_pc,control,0,1,1,9,2,20,9,31,11,7,7,11,0,0
pc-1613517b-871,solidaritaet_ueberleben__ohne_pc,control,1,0,0,9,-1,13,12,40,4,11,2,8,0,0
pc-ed2577db-872,forschung_muskelkraft__ohne_pc,control,0,0,1,7,-1,16,8,26,2,6,4,5,0,0
pc-ed2577db-872,solidaritaet_ueberleben__ohne_pc,control,1,1,0,7,5,13,7,25,2,7,1,11,0,0
pc-73d8071e-873,forschung_muskelkraft__ohne_pc,control,0,1,1,15,1,23,13,53,56,11,16,9,0,0
pc-73d8071e-873,solidaritaet_ueberleben__ohne_pc,control,1,0,0,15,0,19,19,59,52,18,7,8,0,0
pc-dfc03956-874,forschung_muskelkraft__ohne_pc,control,0,1,1,9,6,17,7,24,12,5,11,10,0,0
pc-dfc03956-874,solidaritaet_ueberleben__ohne_pc,control,1,0,0,9,0,14,13,34,5,12,0,4,0,0
pc-6672c899-875,forschung_muskelkraft__ohne_pc,control,0,1,1,12,4,20,14,55,15,13,15,14,0,0
pc-6672c899-875,solidaritaet_ueberleben__ohne_pc,control,1,0,0,12,-4,19,16,58,12,15,9,6,0,0
pc-d25afad1-876,forschung_muskelkraft__ohne_pc,control,0,0,1,16,0,23,15,57,67,13,19,8,0,0
pc-d25afad1-876,solidaritaet_ueberleben__ohne_pc,control,1,1,0,16,1,23,20,64,57,19,8,9,0,0
pc-590d8a14-877,forschung_muskelkraft__ohne_pc,control,0,1,1,11,5,20,10,41,24,9,16,15,0,0
pc-590d8a14-877,solidaritaet_ueberleben__ohne_pc,control,1,0,0,11,-5,16,15,43,14,15,4,5,0,0
pc-c4f5bc4c-878,forschung_muskelkraft__ohne_pc,control,0,1,1,10,4,22,11,39,11,9,12,12,0,0
pc-c4f5bc4c-878,solidaritaet_ueberleben__ohne_pc,control,1,0,0,10,-2,14,13,38,11,13,4,6,0,0
pc-4ba84b8f-879,forschung_muskelkraft__ohne_pc,control,0,0,1,14,-3,23,19,69,28,17,15,9,0,0
pc-4ba84b8f-879,solidaritaet_ueberleben__ohne_pc,control,1,1,0,14,1,20,18,56,37,17,12,13,0,0
pc-4c66699f-880,forschung_muskelkraft__ohne_pc,control,0,0,1,11,-2,17,10,37,18,8,12,4,0,0
pc-4c66699f-880,solidaritaet_ueberleben__ohne_pc,control,1,1,0,11,6,17,13,47,8,12,3,12,0,0
pc-d31918e1-881,forschung_muskelkraft__ohne_pc,control,0,0,1,8,0,16,10,35,1,9,6,2,0,0
pc-d31918e1-881,solidaritaet_ueberleben__ohne_pc,control,1,1,0,8,8,13,8,31,2,8,6,10,0,0
pc-3f012b1a-882,forschung_muskelkraft__ohne_pc,control,0,0,1,11,0,22,13,48,12,11,12,5,0,0
pc-3f012b1a-882,solidaritaet_ueberleben__ohne_pc,control,1,1,0,11,5,16,13,42,17,12,6,10,0,0
pc-c5b3da5c-883,forschung_muskelkraft__ohne_pc,control,0,1,1,11,6,23,11,41,20,9,13,12,0,0
pc-c5b3da5c-883,solidaritaet_ueberleben__ohne_pc,control,1,0,0,11,-2,17,14,37,22,13,4,4,1,0
pc-319bec95-884,forschung_muskelkraft__ohne_pc,control,0,1,1,15,1,22,12,42,63,10,18,9,0,0
pc-319bec95-884,solidaritaet_ueberleben__ohne_pc,control,1,0,0,15,0,21,19,60,47,18,5,8,0,0
pc-b84e9bd7-885,forschung_muskelkraft__ohne_pc,control,0,1,1,12,5,22,14,55,15,12,10,12,0,0
pc-b84e9bd7-885,solidaritaet_ueberleben__ohne_pc,control,1,0,0,12,-2,18,15,48,21,14,9,5,0,0
pc-2436ae10-886,forschung_muskelkraft__ohne_pc,control,0,1,1,14,3,23,18,67,26,16,15,10,0,0
pc-2436ae10-886,solidaritaet_ueberleben__ohne_pc,control,1,0,0,14,0,18,17,56,39,17,11,7,0,0
pc-aae95d52-887,forschung_muskelkraft__ohne_pc,control,0,0,1,7,-3,18,7,24,2,6,5,7,0,0
pc-aae95d52-887,solidaritaet_ueberleben__ohne_pc,control,1,1,0,7,3,11,7,23,0,7,2,13,0,0
pc-81fb63b3-888,forschung_muskelkraft__ohne_pc,control,0,0,1,8,0,18,9,33,2,8,4,0,0,0
pc-81fb63b3-888,solidaritaet_ueberleben__ohne_pc,control,1,1,0,8,10,14,9,33,3,9,4,10,0,0
pc-08ae12f6-889,forschung_muskelkraft__ohne_pc,control,0,1,1,10,2,21,12,43,7,10,13,10,0,0
pc-08ae12f6-889,solidaritaet_ueberleben__ohne_pc,control,1,0,0,10,0,16,14,40,9,14,5,8,0,0
pc-7496252e-890,forschung_muskelkraft__ohne_pc,control,0,0,1,7,-2,13,7,26,1,6,2,7,0,0
pc-7496252e-890,solidaritaet_ueberleben__ohne_pc,control,1,1,0,7,3,12,6,25,1,6,3,12,0,0
pc-fb48d470-891,forschung_muskelkraft__ohne_pc,control,0,1,1,9,1,17,10,32,4,8,12,10,0,0
pc-fb48d470-891,solidaritaet_ueberleben__ohne_pc,control,1,0,0,9,0,14,12,35,2,12,4,9,0,0
pc-6730e6a9-892,forschung_muskelkraft__ohne_pc,control,0,0,1,7,0,14,6,19,2,5,5,8,0,0
pc-6730e6a9-892,solidaritaet_ueberleben__ohne_pc,control,1,1,0,7,2,10,8,24,1,7,0,10,0,0
pc-ede395eb-893,forschung_muskelkraft__ohne_pc,control,0,0,1,9,-2,19,10,36,5,8,9,2,0,0
pc-ede395eb-893,solidaritaet_ueberleben__ohne_pc,control,1,1,0,9,8,14,12,38,4,11,3,12,0,0
pc-59cba824-894,forschung_muskelkraft__ohne_pc,control,0,0,1,15,0,23,13,51,59,11,15,8,0,0
pc-59cba824-894,solidaritaet_ueberleben__ohne_pc,control,1,1,0,15,2,22,19,61,47,18,6,10,0,0
pc-e07e5766-895,forschung_muskelkraft__ohne_pc,control,0,0,1,8,0,17,7,23,5,5,7,6,0,0
pc-e07e5766-895,solidaritaet_ueberleben__ohne_pc,control,1,1,0,8,4,12,11,30,3,10,1,10,0,0
pc-e13c7576-896,forschung_muskelkraft__ohne_pc,control,0,0,1,10,0,18,8,30,15,6,11,5,0,0
pc-e13c7576-896,solidaritaet_ueberleben__ohne_pc,control,1,1,0,10,5,15,14,44,3,13,4,10,0,0
pc-67ef04b9-897,forschung_muskelkraft__ohne_pc,control,0,1,1,12,6,23,13,46,25,11,12,13,0,0
pc-67ef04b9-897,solidaritaet_ueberleben__ohne_pc,control,1,0,0,12,-3,16,15,54,16,14,6,4,0,0
pc-d3d736f1-898,forschung_muskelkraft__ohne_pc,control,0,0,1,9,-2,19,9,29,7,7,10,6,0,0
pc-d3d736f1-898,solidaritaet_ueberleben__ohne_pc,control,1,1,0,9,4,13,10,33,7,9,4,12,0,0
pc-5a89c634-899,forschung_muskelkraft__ohne_pc,control,0,0,1,7,0,14,6,24,3,5,3,7,0,0
pc-5a89c634-899,solidaritaet_ueberleben__ohne_pc,control,1,1,0,7,3,12,7,22,1,7,0,10,0,0
pc-ac585e03-900,forschung_muskelkraft__ohne_pc,control,0,1,0,12,1,20,14,47,19,12,16,10,0,0
pc-ac585e03-900,solidaritaet_ueberleben__ohne_pc,control,1,0,1,12,0,18,16,55,13,15,8,9,0,0
pc-25a5aec1-901,forschung_muskelkraft__ohne_pc,control,0,0,0,10,-3,21,10,35,20,8,10,6,0,0
pc-25a5aec1-901,solidaritaet_ueberleben__ohne_pc,control,1,1,1,10,4,14,14,44,4,13,3,13,0,0
pc-b9bd9c88-902,forschung_muskelkraft__ohne_pc,control,0,0,0,7,-3,14,7,25,2,6,2,5,0,0
pc-b9bd9c88-902,solidaritaet_ueberleben__ohne_pc,control,1,1,1,7,5,13,7,25,0,7,2,13,0,0
pc-330aed46-903,forschung_muskelkraft__ohne_pc,control,0,0,0,13,-1,23,17,61,17,15,16,7,0,0
pc-330aed46-903,solidaritaet_ueberleben__ohne_pc,control,1,1,1,13,3,19,17,56,24,17,10,11,0,0
pc-c722db0d-904,forschung_muskelkraft__ohne_pc,control,0,1,0,12,1,23,14,50,16,12,15,11,0,0
pc-c722db0d-904,solidaritaet_ueberleben__ohne_pc,control,1,0,1,12,-1,17,16,51,23,15,7,9,0,0
pc-40702bcb-905,forschung_muskelkraft__ohne_pc,control,0,1,0,10,3,16,11,36,9,9,5,10,0,0
pc-40702bcb-905,solidaritaet_ueberleben__ohne_pc,control,1,0,1,10,0,16,11,41,6,10,4,7,0,0
pc-d4881992-906,forschung_muskelkraft__ohne_pc,control,0,1,0,13,8,21,11,42,41,9,15,13,0,0
pc-d4881992-906,solidaritaet_ueberleben__ohne_pc,control,1,0,1,13,-3,18,17,49,30,16,4,2,0,0
pc-4dd56a50-907,forschung_muskelkraft__ohne_pc,control,0,0,0,10,-2,16,11,40,9,10,10,9,0,0
pc-4dd56a50-907,solidaritaet_ueberleben__ohne_pc,control,1,1,1,10,1,13,13,49,2,12,5,12,0,0
pc-76c343ef-908,forschung_muskelkraft__ohne_pc,control,0,0,0,9,-2,18,10,34,3,8,9,0,0,0
pc-76c343ef-908,solidaritaet_ueberleben__ohne_pc,control,1,1,1,9,10,15,11,35,8,11,4,12,0,0
pc-f010b4ac-909,forschung_muskelkraft__ohne_pc,control,0,0,0,10,0,20,14,50,4,12,6,6,0,0
pc-f010b4ac-909,solidaritaet_ueberleben__ohne_pc,control,1,1,1,10,4,16,11,37,8,10,9,10,0,0
pc-84288274-910,forschung_muskelkraft__ohne_pc,control,0,1,0,11,4,21,14,48,13,12,14,13,0,0
pc-84288274-910,solidaritaet_ueberleben__ohne_pc,control,1,0,1,11,-3,15,15,48,13,14,7,6,0,0
pc-fd75f331-911,forschung_muskelkraft__ohne_pc,control,0,1,0,12,4,20,15,51,15,13,9,15,0,0
pc-fd75f331-911,solidaritaet_ueberleben__ohne_pc,control,1,0,1,12,-5,18,13,41,31,12,9,6,0,0
pc-918dc0f9-912,forschung_muskelkraft__ohne_pc,control,0,1,0,15,4,23,15,57,48,13,16,14,0,0
pc-918dc0f9-912,solidaritaet_ueberleben__ohne_pc,control,1,0,1,15,-4,19,19,59,52,18,8,6,0,0
pc-0adb31b7-913,forschung_muskelkraft__ohne_pc,control,0,1,0,9,1,20,12,39,2,10,6,11,0,0
pc-0adb31b7-913,solidaritaet_ueberleben__ohne_pc,control,1,0,1,9,-1,12,10,34,5,10,5,9,0,0
pc-9ef31f7e-914,forschung_muskelkraft__ohne_pc,control,0,1,0,8,3,17,10,33,2,9,8,10,0,0
pc-9ef31f7e-914,solidaritaet_ueberleben__ohne_pc,control,1,0,1,8,0,13,11,30,3,10,5,7,0,0
pc-1840703c-915,forschung_muskelkraft__ohne_pc,control,0,0,0,11,0,21,13,44,12,11,9,0,0,0
pc-1840703c-915,solidaritaet_ueberleben__ohne_pc,control,1,1,1,11,10,15,10,37,20,10,6,10,0,0
pc-412e49db-916,forschung_muskelkraft__ohne_pc,control,0,1,0,13,8,20,14,54,29,12,14,10,0,0
pc-412e49db-916,solidaritaet_ueberleben__ohne_pc,control,1,0,1,13,0,19,16,49,34,15,7,2,0,0
pc-ba7bba98-917,forschung_muskelkraft__ohne_pc,control,0,1,0,13,1,20,14,53,34,12,15,11,0,0
pc-ba7bba98-917,solidaritaet_ueberleben__ohne_pc,control,1,0,1,13,-1,19,17,53,31,16,8,9,0,0
pc-4e938860-918,forschung_muskelkraft__ohne_pc,control,0,1,0,13,8,21,14,53,30,12,12,13,0,0
pc-4e938860-918,solidaritaet_ueberleben__ohne_pc,control,1,0,1,13,-3,17,16,51,31,15,7,2,0,0
pc-c7e0f91d-919,forschung_muskelkraft__ohne_pc,control,0,1,0,15,2,21,16,59,50,14,16,12,0,0
pc-c7e0f91d-919,solidaritaet_ueberleben__ohne_pc,control,1,0,1,15,-2,20,19,63,47,18,10,8,0,0
pc-5bf8c6e5-920,forschung_muskelkraft__ohne_pc,control,0,0,0,10,-2,19,11,40,15,9,8,5,0,0
pc-5bf8c6e5-920,solidaritaet_ueberleben__ohne_pc,control,1,1,1,10,5,14,12,36,9,12,7,12,1,0
pc-d54637a2-921,forschung_muskelkraft__ohne_pc,control,0,1,0,8,1,15,8,26,7,6,9,10,0,0
pc-d54637a2-921,solidaritaet_ueberleben__ohne_pc,control,1,0,1,8,0,13,11,35,1,10,2,9,0,0
pc-695e056a-922,forschung_muskelkraft__ohne_pc,control,0,1,0,6,4,14,5,19,2,5,5,10,0,0
pc-695e056a-922,solidaritaet_ueberleben__ohne_pc,control,1,0,1,6,0,11,6,19,2,6,0,6,0,0
pc-e2ab7627-923,forschung_muskelkraft__ohne_pc,control,0,1,0,13,5,21,12,46,32,10,15,11,0,0
pc-e2ab7627-923,solidaritaet_ueberleben__ohne_pc,control,1,0,1,13,-1,18,16,54,28,15,5,5,3,0
pc-0b994fc7-924,forschung_muskelkraft__ohne_pc,control,0,0,0,10,-4,21,13,47,7,11,10,9,0,0
pc-0b994fc7-924,solidaritaet_ueberleben__ohne_pc,control,1,1,1,10,1,15,13,38,9,13,7,14,0,0
pc-84e6a084-925,forschung_muskelkraft__ohne_pc,control,0,1,0,12,5,21,17,63,7,15,13,12,0,0
pc-84e6a084-925,solidaritaet_ueberleben__ohne_pc,control,1,0,1,12,-2,17,16,52,19,15,10,5,1,0
pc-18fe8e4c-926,forschung_muskelkraft__ohne_pc,control,0,0,0,9,-1,21,11,39,3,9,6,2,0,0
pc-18fe8e4c-926,solidaritaet_ueberleben__ohne_pc,control,1,1,1,9,8,13,11,42,3,10,4,11,0,0
pc-924bff09-927,forschung_muskelkraft__ohne_pc,control,0,0,0,9,0,18,8,30,6,7,9,8,0,0
pc-924bff09-927,solidaritaet_ueberleben__ohne_pc,control,1,1,1,9,2,13,12,37,6,11,2,10,0,0
pc-2663ccd1-928,forschung_muskelkraft__ohne_pc,control,0,1,0,15,5,21,17,65,44,15,15,13,0,0
pc-2663ccd1-928,solidaritaet_ueberleben__ohne_pc,control,1,0,1,15,-3,19,19,59,50,18,11,5,0,0
pc-9fb13d8e-929,forschung_muskelkraft__ohne_pc,control,0,0,0,9,-2,20,10,35,6,8,8,6,0,0
pc-9fb13d8e-929,solidaritaet_ueberleben__ohne_pc,control,1,1,1,9,4,13,11,36,3,10,4,12,0,0
pc-33c90b56-930,forschung_muskelkraft__ohne_pc,control,0,1,0,10,3,18,11,40,9,9,9,13,0,0
pc-33c90b56-930,solidaritaet_ueberleben__ohne_pc,control,1,0,1,10,-3,15,13,42,7,12,4,7,0,0
pc-ad167c13-931,forschung_muskelkraft__ohne_pc,control,0,0,0,16,-2,23,16,61,67,14,13,8,0,0
pc-ad167c13-931,solidaritaet_ueberleben__ohne_pc,control,1,1,1,16,1,21,17,59,66,16,10,11,0,0
pc-d60455b2-932,forschung_muskelkraft__ohne_pc,control,0,0,0,8,-1,20,11,33,2,10,4,0,0,0
pc-d60455b2-932,solidaritaet_ueberleben__ohne_pc,control,1,1,1,8,10,13,8,31,3,8,7,11,0,0
pc-4f51a670-933,forschung_muskelkraft__ohne_pc,control,0,1,0,9,4,19,7,22,14,6,11,12,0,0
pc-4f51a670-933,solidaritaet_ueberleben__ohne_pc,control,1,0,1,9,-2,14,13,37,2,12,1,6,0,0
pc-e3699437-934,forschung_muskelkraft__ohne_pc,control,0,1,0,16,3,22,14,52,73,12,18,8,0,0
pc-e3699437-934,solidaritaet_ueberleben__ohne_pc,control,1,0,1,16,-1,23,20,64,63,19,8,4,0,0
pc-5cb6e4f5-935,forschung_muskelkraft__ohne_pc,control,0,1,0,12,6,23,13,50,26,12,16,10,0,0
pc-5cb6e4f5-935,solidaritaet_ueberleben__ohne_pc,control,1,0,1,12,0,18,16,52,15,15,7,4,0,0
pc-f0ced2bc-936,forschung_muskelkraft__ohne_pc,control,0,1,0,11,8,22,13,47,13,11,14,10,0,0
pc-f0ced2bc-936,solidaritaet_ueberleben__ohne_pc,control,1,0,1,11,0,16,15,44,15,14,7,2,0,0
pc-6a1c237a-937,forschung_muskelkraft__ohne_pc,control,0,1,0,8,6,18,9,31,3,7,5,10,0,0
pc-6a1c237a-937,solidaritaet_ueberleben__ohne_pc,control,1,0,1,8,0,13,9,33,3,9,2,4,0,0
pc-fe341141-938,forschung_muskelkraft__ohne_pc,control,0,1,0,15,4,22,17,65,44,15,16,11,0,0
pc-fe341141-938,solidaritaet_ueberleben__ohne_pc,control,1,0,1,15,-1,19,18,59,50,17,10,6,0,0
pc-778161ff-939,forschung_muskelkraft__ohne_pc,control,0,1,0,11,2,20,12,44,11,10,7,10,0,0
pc-778161ff-939,solidaritaet_ueberleben__ohne_pc,control,1,0,1,11,0,15,13,45,10,12,8,8,0,0
pc-a06f5b9e-940,forschung_muskelkraft__ohne_pc,control,0,0,0,7,0,17,7,20,1,5,4,6,0,0
pc-a06f5b9e-940,solidaritaet_ueberleben__ohne_pc,control,1,1,1,7,4,12,8,27,0,8,2,10,0,0
pc-19bcac5c-941,forschung_muskelkraft__ohne_pc,control,0,0,0,8,-3,14,9,29,4,7,4,4,0,0
pc-19bcac5c-941,solidaritaet_ueberleben__ohne_pc,control,1,1,1,8,6,12,9,30,2,8,3,13,0,0
pc-add49a23-942,forschung_muskelkraft__ohne_pc,control,0,1,0,10,6,20,10,33,12,8,11,14,0,0
pc-add49a23-942,solidaritaet_ueberleben__ohne_pc,control,1,0,1,10,-4,14,13,40,8,12,3,4,0,0
pc-2721eae1-943,forschung_muskelkraft__ohne_pc,control,0,1,0,14,1,23,18,67,26,16,16,11,0,0
pc-2721eae1-943,solidaritaet_ueberleben__ohne_pc,control,1,0,1,14,-1,18,18,54,42,18,12,9,1,0
pc-bb39d8a8-944,forschung_muskelkraft__ohne_pc,control,0,1,0,9,8,17,10,31,9,8,10,11,0,0
pc-bb39d8a8-944,solidaritaet_ueberleben__ohne_pc,control,1,0,1,9,-1,14,11,40,4,11,3,2,0,0
pc-34872966-945,forschung_muskelkraft__ohne_pc,control,0,0,0,8,-1,19,9,32,3,8,6,8,0,0
pc-34872966-945,solidaritaet_ueberleben__ohne_pc,control,1,1,1,8,2,14,10,35,1,9,3,11,0,0
pc-c89f172d-946,forschung_muskelkraft__ohne_pc,control,0,1,0,11,4,21,10,38,22,8,16,12,0,0
pc-c89f172d-946,solidaritaet_ueberleben__ohne_pc,control,1,0,1,11,-2,16,15,43,14,15,3,6,0,0
pc-41ec67eb-947,forschung_muskelkraft__ohne_pc,control,0,1,0,9,1,16,8,25,11,6,10,10,0,0
pc-41ec67eb-947,solidaritaet_ueberleben__ohne_pc,control,1,0,1,9,0,12,12,36,4,11,2,9,0,0
pc-6ada418a-948,forschung_muskelkraft__ohne_pc,control,0,0,0,14,-1,23,14,51,40,12,12,8,0,0
pc-6ada418a-948,solidaritaet_ueberleben__ohne_pc,control,1,1,1,14,2,19,15,49,42,15,7,11,1,0
pc-e427b247-949,forschung_muskelkraft__ohne_pc,control,0,1,0,12,10,23,13,51,25,11,14,12,0,0
pc-e427b247-949,solidaritaet_ueberleben__ohne_pc,control,1,0,1,12,-2,18,16,51,17,15,6,0,0,0
pc-783f800f-950,forschung_muskelkraft__ohne_pc,control,0,1,0,14,2,23,15,59,36,13,16,11,0,0
pc-783f800f-950,solidaritaet_ueberleben__ohne_pc,control,1,0,1,14,-1,19,18,55,40,17,9,8,0,0
pc-f18cf0cc-951,forschung_muskelkraft__ohne_pc,control,0,1,0,11,3,19,12,42,13,11,13,19,0,0
pc-f18cf0cc-951,solidaritaet_ueberleben__ohne_pc,control,1,0,1,11,-9,16,15,50,11,14,6,7,0,0
pc-85a4de94-952,forschung_muskelkraft__ohne_pc,control,0,1,0,9,6,20,9,31,6,7,12,11,0,0
pc-85a4de94-952,solidaritaet_ueberleben__ohne_pc,control,1,0,1,9,-1,14,12,30,9,12,2,4,0,0
pc-fef22f51-953,forschung_muskelkraft__ohne_pc,control,0,1,0,10,2,17,9,32,17,7,14,14,0,0
pc-fef22f51-953,solidaritaet_ueberleben__ohne_pc,control,1,0,1,10,-4,16,14,36,11,14,2,8,0,0
pc-930a1d19-954,forschung_muskelkraft__ohne_pc,control,0,1,0,13,1,22,12,45,43,10,14,13,0,0
pc-930a1d19-954,solidaritaet_ueberleben__ohne_pc,control,1,0,1,13,-3,20,17,57,26,16,5,9,0,0
pc-0c576dd7-955,forschung_muskelkraft__ohne_pc,control,0,1,0,8,2,17,8,30,4,7,6,12,0,0
pc-0c576dd7-955,solidaritaet_ueberleben__ohne_pc,control,1,0,1,8,-2,13,10,36,0,9,2,8,0,0
pc-35454776-956,forschung_muskelkraft__ohne_pc,control,0,1,0,14,8,23,15,57,39,13,16,10,0,0
pc-35454776-956,solidaritaet_ueberleben__ohne_pc,control,1,0,1,14,0,19,18,53,42,17,8,2,0,0
pc-ae92b833-957,forschung_muskelkraft__ohne_pc,control,0,0,0,14,0,23,17,63,32,15,14,5,0,0
pc-ae92b833-957,solidaritaet_ueberleben__ohne_pc,control,1,1,1,14,5,18,18,57,37,17,10,10,0,0
pc-42aa85fb-958,forschung_muskelkraft__ohne_pc,control,0,1,0,8,3,16,8,29,4,7,5,10,0,0
pc-42aa85fb-958,solidaritaet_ueberleben__ohne_pc,control,1,0,1,8,0,13,9,32,3,9,2,7,0,0
pc-bbf7f6b8-959,forschung_muskelkraft__ohne_pc,control,0,0,0,8,0,16,7,30,3,7,7,6,0,0
pc-bbf7f6b8-959,solidaritaet_ueberleben__ohne_pc,control,1,1,1,8,4,13,10,33,3,9,2,10,0,0
pc-500fc480-960,forschung_muskelkraft__ohne_pc,control,0,1,0,11,5,20,11,38,17,9,13,14,0,0
pc-500fc480-960,solidaritaet_ueberleben__ohne_pc,control,1,0,1,11,-4,16,15,43,13,14,4,5,0,0
pc-c95d353d-961,forschung_muskelkraft__ohne_pc,control,0,1,0,10,5,21,12,42,9,10,13,12,0,0
pc-c95d353d-961,solidaritaet_ueberleben__ohne_pc,control,1,0,1,10,-2,13,13,38,12,13,5,5,0,0
pc-5d750305-962,forschung_muskelkraft__ohne_pc,control,0,1,0,8,2,13,6,22,6,5,6,12,0,0
pc-5d750305-962,solidaritaet_ueberleben__ohne_pc,control,1,0,1,8,-2,13,11,34,2,10,0,8,0,0
pc-d6c273c2-963,forschung_muskelkraft__ohne_pc,control,0,1,0,13,4,22,12,49,29,10,16,10,0,0
pc-d6c273c2-963,solidaritaet_ueberleben__ohne_pc,control,1,0,1,13,0,19,17,53,31,17,5,6,1,0
pc-59004ea5-964,forschung_muskelkraft__ohne_pc,control,0,1,0,9,7,19,11,38,4,9,6,12,0,0
pc-59004ea5-964,solidaritaet_ueberleben__ohne_pc,control,1,0,1,9,-2,15,12,38,4,11,4,3,0,0
pc-d24dbf62-965,forschung_muskelkraft__ohne_pc,control,0,0,0,7,-1,14,6,25,2,6,4,3,0,0
pc-d24dbf62-965,solidaritaet_ueberleben__ohne_pc,control,1,1,1,7,7,12,8,23,1,7,1,11,0,0
pc-66658d2a-966,forschung_muskelkraft__ohne_pc,control,0,0,0,12,-4,22,15,57,9,13,12,6,0,0
pc-66658d2a-966,solidaritaet_ueberleben__ohne_pc,control,1,1,1,12,4,18,15,48,18,15,8,14,0,0
pc-dfb2fde7-967,forschung_muskelkraft__ohne_pc,control,0,1,0,11,2,21,11,42,18,9,15,10,0,0
pc-dfb2fde7-967,solidaritaet_ueberleben__ohne_pc,control,1,0,1,11,0,17,15,45,12,14,5,8,0,0
pc-73cacbaf-968,forschung_muskelkraft__ohne_pc,control,0,1,0,7,6,17,7,25,3,7,5,10,0,0
pc-73cacbaf-968,solidaritaet_ueberleben__ohne_pc,control,1,0,1,7,0,12,7,24,4,7,2,4,0,0
pc-ed183c6c-969,forschung_muskelkraft__ohne_pc,control,0,0,0,10,-1,18,14,48,7,13,10,4,0,0
pc-ed183c6c-969,solidaritaet_ueberleben__ohne_pc,control,1,1,1,10,6,18,13,45,4,12,8,11,0,0
pc-81300a34-970,forschung_muskelkraft__ohne_pc,control,0,0,0,11,0,20,12,42,24,10,10,7,0,0
pc-81300a34-970,solidaritaet_ueberleben__ohne_pc,control,1,1,1,11,3,18,14,48,12,13,6,10,0,0
pc-fa7d7af1-971,forschung_muskelkraft__ohne_pc,control,0,0,0,9,0,20,13,44,1,11,3,6,0,0
pc-fa7d7af1-971,solidaritaet_ueberleben__ohne_pc,control,1,1,1,9,4,13,9,30,11,8,7,10,0,0
pc-236b5491-972,forschung_muskelkraft__ohne_pc,control,0,1,0,11,3,21,9,35,20,7,11,14,0,0
pc-236b5491-972,solidaritaet_ueberleben__ohne_pc,control,1,0,1,11,-4,16,14,50,11,13,2,7,0,0
pc-9cb8a54e-973,forschung_muskelkraft__ohne_pc,control,0,1,0,15,5,22,15,57,53,13,18,9,0,0
pc-9cb8a54e-973,solidaritaet_ueberleben__ohne_pc,control,1,0,1,15,0,21,19,63,44,18,9,4,0,0
pc-30d09316-974,forschung_muskelkraft__ohne_pc,control,0,1,0,9,4,19,10,31,5,8,12,12,0,0
pc-30d09316-974,solidaritaet_ueberleben__ohne_pc,control,1,0,1,9,-2,13,12,39,3,12,3,6,0,0
pc-aa1de3d3-975,forschung_muskelkraft__ohne_pc,control,0,0,0,10,0,20,11,38,17,9,7,6,0,0
pc-aa1de3d3-975,solidaritaet_ueberleben__ohne_pc,control,1,1,1,10,4,15,13,41,7,12,5,10,0,0
pc-3e35d19b-976,forschung_muskelkraft__ohne_pc,control,0,1,0,6,4,12,6,19,2,5,3,10,0,0
pc-3e35d19b-976,solidaritaet_ueberleben__ohne_pc,control,1,0,1,6,0,13,8,17,0,7,1,6,0,0
pc-b7832258-977,forschung_muskelkraft__ohne_pc,control,0,1,0,10,6,22,15,49,6,13,8,11,0,0
pc-b7832258-977,solidaritaet_ueberleben__ohne_pc,control,1,0,1,10,-1,15,12,39,11,11,8,4,0,0
pc-4b9b1020-978,forschung_muskelkraft__ohne_pc,control,0,0,0,9,-1,19,9,31,5,8,11,7,0,0
pc-4b9b1020-978,solidaritaet_ueberleben__ohne_pc,control,1,1,1,9,3,14,12,36,5,11,3,11,0,0
pc-c4e860dd-979,forschung_muskelkraft__ohne_pc,control,0,0,0,11,-1,20,12,43,17,10,5,4,0,0
pc-c4e860dd-979,solidaritaet_ueberleben__ohne_pc,control,1,1,1,11,6,14,9,33,28,8,5,11,0,0
pc-edd65a7c-980,forschung_muskelkraft__ohne_pc,control,0,0,0,7,0,14,7,24,2,6,5,9,0,0
pc-edd65a7c-980,solidaritaet_ueberleben__ohne_pc,control,1,1,1,7,1,13,7,24,3,7,1,10,0,0
pc-6723ab3a-981,forschung_muskelkraft__ohne_pc,control,0,1,0,13,8,21,15,59,19,13,14,15,0,0
pc-6723ab3a-981,solidaritaet_ueberleben__ohne_pc,control,1,0,1,13,-5,19,17,55,31,16,8,2,0,0
pc-fb3b9901-982,forschung_muskelkraft__ohne_pc,control,0,1,0,9,6,20,8,25,11,6,11,10,0,0
pc-fb3b9901-982,solidaritaet_ueberleben__ohne_pc,control,1,0,1,9,0,13,11,35,9,11,1,4,0,0
pc-7488e9bf-983,forschung_muskelkraft__ohne_pc,control,0,1,0,13,3,22,13,46,38,11,14,14,0,0
pc-7488e9bf-983,solidaritaet_ueberleben__ohne_pc,control,1,0,1,13,-4,18,17,54,25,16,7,7,0,0
pc-08a0d787-984,forschung_muskelkraft__ohne_pc,control,0,1,0,9,9,19,9,32,9,7,12,10,0,0
pc-08a0d787-984,solidaritaet_ueberleben__ohne_pc,control,1,0,1,9,0,13,12,36,6,11,2,1,0,0
pc-81ee2844-985,forschung_muskelkraft__ohne_pc,control,0,1,0,11,5,21,8,29,26,6,14,15,0,0
pc-81ee2844-985,solidaritaet_ueberleben__ohne_pc,control,1,0,1,11,-5,17,15,47,13,15,2,5,0,0
pc-1606160c-986,forschung_muskelkraft__ohne_pc,control,0,0,0,8,-3,18,10,32,2,8,7,8,0,0
pc-1606160c-986,solidaritaet_ueberleben__ohne_pc,control,1,1,1,8,2,13,10,32,2,9,4,13,0,0
pc-8f5366c9-987,forschung_muskelkraft__ohne_pc,control,0,1,0,8,1,15,7,26,2,6,7,11,0,0
pc-8f5366c9-987,solidaritaet_ueberleben__ohne_pc,control,1,0,1,8,-1,14,11,32,2,10,2,9,0,0
pc-b8414068-988,forschung_muskelkraft__ohne_pc,control,0,1,0,10,4,17,10,40,10,8,13,12,0,0
pc-b8414068-988,solidaritaet_ueberleben__ohne_pc,control,1,0,1,10,-2,15,14,44,4,13,4,6,0,0
pc-318eb126-989,forschung_muskelkraft__ohne_pc,control,0,1,0,12,7,23,18,67,11,16,10,12,0,0
pc-318eb126-989,solidaritaet_ueberleben__ohne_pc,control,1,0,1,12,-2,19,14,47,27,13,11,3,0,0
pc-c5a69eed-990,forschung_muskelkraft__ohne_pc,control,0,0,0,7,0,14,9,26,1,7,3,0,0,0
pc-c5a69eed-990,solidaritaet_ueberleben__ohne_pc,control,1,1,1,7,10,13,8,27,1,8,2,10,0,0
pc-3ef3efab-991,forschung_muskelkraft__ohne_pc,control,0,0,0,7,-1,14,8,26,1,6,5,5,0,0
pc-3ef3efab-991,solidaritaet_ueberleben__ohne_pc,control,1,1,1,7,5,12,9,26,0,9,2,11,0,0
pc-d30bdd72-992,forschung_muskelkraft__ohne_pc,control,0,1,0,10,2,19,9,37,17,8,12,17,0,0
pc-d30bdd72-992,solidaritaet_ueberleben__ohne_pc,control,1,0,1,10,-7,15,14,46,3,13,4,8,0,0
pc-4c592e30-993,forschung_muskelkraft__ohne_pc,control,0,1,0,15,1,23,13,51,58,11,18,9,0,0
pc-4c592e30-993,solidaritaet_ueberleben__ohne_pc,control,1,0,1,15,0,21,19,58,52,18,8,8,0,0
pc-e0711bf7-994,forschung_muskelkraft__ohne_pc,control,0,1,0,15,4,23,16,61,48,14,12,13,0,0
pc-e0711bf7-994,solidaritaet_ueberleben__ohne_pc,control,1,0,1,15,-3,20,17,58,57,16,9,6,0,0
pc-59be6cb5-995,forschung_muskelkraft__ohne_pc,control,0,0,0,10,-1,18,8,29,16,6,11,6,0,0
pc-59be6cb5-995,solidaritaet_ueberleben__ohne_pc,control,1,1,1,10,4,15,13,41,9,13,2,11,0,0
pc-82ac4654-996,forschung_muskelkraft__ohne_pc,control,0,1,0,13,4,22,16,61,17,14,7,10,0,0
pc-82ac4654-996,solidaritaet_ueberleben__ohne_pc,control,1,0,1,13,0,16,13,39,39,12,10,6,0,0
pc-fbf9b711-997,forschung_muskelkraft__ohne_pc,control,0,1,0,13,3,21,15,60,23,14,13,10,0,0
pc-fbf9b711-997,solidaritaet_ueberleben__ohne_pc,control,1,0,1,13,0,19,17,53,27,16,10,7,0,0
pc-901184d9-998,forschung_muskelkraft__ohne_pc,control,0,1,0,7,1,16,7,26,2,6,5,13,0,0
pc-901184d9-998,solidaritaet_ueberleben__ohne_pc,control,1,0,1,7,-3,11,8,26,1,8,3,9,0,0
pc-095ef597-999,forschung_muskelkraft__ohne_pc,control,0,0,0,9,0,19,10,37,5,8,11,6,0,0
pc-095ef597-999,solidaritaet_ueberleben__ohne_pc,control,1,1,1,9,4,13,12,34,5,12,3,10,0,0
pc-8b7fa2a8-1000,forschung_muskelkraft__mit_pc,control,0,1,1,14,1,22,15,61,34,13,15,14,0,0
pc-8b7fa2a8-1000,solidaritaet_ueberleben__mit_pc,control,1,0,0,14,-4,19,17,60,37,16,8,9,0,0
pc-123251eb-1001,forschung_muskelkraft__mit_pc,control,0,1,1,13,7,22,13,50,28,11,8,12,0,0
pc-123251eb-1001,solidaritaet_ueberleben__mit_pc,control,1,0,0,13,-2,19,13,54,28,12,6,3,0,0
pc-98e4e12d-1002,forschung_muskelkraft__mit_pc,control,0,0,1,10,0,20,10,37,13,8,11,5,0,0
pc-98e4e12d-1002,solidaritaet_ueberleben__mit_pc,control,1,1,0,10,5,17,13,46,9,12,3,10,0,0
pc-1f979070-1003,forschung_muskelkraft__mit_pc,control,0,1,1,12,6,21,12,48,18,10,13,12,0,0
pc-1f979070-1003,solidaritaet_ueberleben__mit_pc,control,1,0,0,12,-2,18,16,54,18,15,5,4,0,0
pc-a64a3fb2-1004,forschung_muskelkraft__mit_pc,control,0,0,1,10,-3,22,12,47,8,11,7,4,0,0
pc-a64a3fb2-1004,solidaritaet_ueberleben__mit_pc,control,1,1,0,10,6,15,11,39,8,11,8,13,0,0
pc-2cfccef5-1005,forschung_muskelkraft__mit_pc,control,0,1,1,12,4,23,14,57,18,12,12,10,0,0
pc-2cfccef5-1005,solidaritaet_ueberleben__mit_pc,control,1,0,0,12,0,19,16,54,17,15,7,6,0,0
pc-b3af7e37-1006,forschung_muskelkraft__mit_pc,control,0,0,1,16,-1,22,14,59,65,12,17,4,0,0
pc-b3af7e37-1006,solidaritaet_ueberleben__mit_pc,control,1,1,0,16,3,22,20,68,57,19,7,8,0,0
pc-3a620d7a-1007,forschung_muskelkraft__mit_pc,control,0,1,1,16,2,22,16,67,61,14,16,9,0,0
pc-3a620d7a-1007,solidaritaet_ueberleben__mit_pc,control,1,0,0,16,0,23,20,68,60,19,9,7,0,0
pc-55eaa894-1008,forschung_muskelkraft__mit_pc,control,0,1,1,15,1,22,17,69,40,15,17,9,0,0
pc-55eaa894-1008,solidaritaet_ueberleben__mit_pc,control,1,0,0,15,0,20,19,66,43,18,12,8,0,0
pc-dc9d57d6-1009,forschung_muskelkraft__mit_pc,control,0,1,1,13,7,21,15,58,20,13,14,16,0,0
pc-dc9d57d6-1009,solidaritaet_ueberleben__mit_pc,control,1,0,0,13,-6,18,17,55,26,16,8,3,0,0
pc-634fe719-1010,forschung_muskelkraft__mit_pc,control,0,0,1,9,-2,20,8,30,11,7,7,5,0,0
pc-634fe719-1010,solidaritaet_ueberleben__mit_pc,control,1,1,0,9,5,15,12,43,0,11,5,12,0,0
pc-ea02965b-1011,forschung_muskelkraft__mit_pc,control,0,1,1,16,4,21,19,73,57,17,18,7,0,0
pc-ea02965b-1011,solidaritaet_ueberleben__mit_pc,control,1,0,0,16,0,23,20,68,58,19,13,3,0,0
pc-70b5259e-1012,forschung_muskelkraft__mit_pc,control,0,0,1,10,-1,22,11,42,13,10,10,1,0,0
pc-70b5259e-1012,solidaritaet_ueberleben__mit_pc,control,1,1,0,10,9,16,14,45,3,13,5,11,0,0
pc-f767d4e0-1013,forschung_muskelkraft__mit_pc,control,0,1,1,10,4,20,9,32,13,8,13,12,0,0
pc-f767d4e0-1013,solidaritaet_ueberleben__mit_pc,control,1,0,0,10,-2,14,13,36,13,12,3,6,0,0
pc-7e1a6423-1014,forschung_muskelkraft__mit_pc,control,0,0,1,9,-2,20,12,39,2,10,8,9,0,0
pc-7e1a6423-1014,solidaritaet_ueberleben__mit_pc,control,1,1,0,9,1,12,11,37,5,10,5,12,0,0
pc-04cd1366-1015,forschung_muskelkraft__mit_pc,control,0,0,1,9,-1,18,9,31,11,7,9,5,0,0
pc-04cd1366-1015,solidaritaet_ueberleben__mit_pc,control,1,1,0,9,5,12,12,40,5,12,2,11,0,0
pc-f6a9b6d0-1016,forschung_muskelkraft__mit_pc,control,0,1,1,14,4,21,15,60,36,13,15,13,0,0
pc-f6a9b6d0-1016,solidaritaet_ueberleben__mit_pc,control,1,0,0,14,-3,20,18,59,34,17,11,6,2,0
pc-7d5c4613-1017,forschung_muskelkraft__mit_pc,control,0,1,1,8,5,16,8,26,2,6,9,14,0,0
pc-7d5c4613-1017,solidaritaet_ueberleben__mit_pc,control,1,0,0,8,-4,12,11,33,1,10,1,5,0,0
pc-040ef556-1018,forschung_muskelkraft__mit_pc,control,0,1,1,10,6,22,10,33,12,8,12,12,0,0
pc-040ef556-1018,solidaritaet_ueberleben__mit_pc,control,1,0,0,10,-2,14,13,41,8,13,3,4,0,0
pc-8ac18498-1019,forschung_muskelkraft__mit_pc,control,0,0,1,8,0,14,7,25,9,6,7,4,0,0
pc-8ac18498-1019,solidaritaet_ueberleben__mit_pc,control,1,1,0,8,6,13,11,33,1,10,1,10,0,0
pc-117433db-1020,forschung_muskelkraft__mit_pc,control,0,1,1,10,5,20,8,30,20,6,13,15,0,0
pc-117433db-1020,solidaritaet_ueberleben__mit_pc,control,1,0,0,10,-5,17,14,40,12,14,1,5,0,0
pc-9826c31d-1021,forschung_muskelkraft__mit_pc,control,0,1,1,15,8,22,14,55,50,12,17,11,0,0
pc-9826c31d-1021,solidaritaet_ueberleben__mit_pc,control,1,0,0,15,-1,22,19,64,42,18,9,2,0,0
pc-1ed97260-1022,forschung_muskelkraft__mit_pc,control,0,1,1,14,4,23,12,47,50,10,14,13,0,0
pc-1ed97260-1022,solidaritaet_ueberleben__mit_pc,control,1,0,0,14,-3,21,18,64,33,17,5,6,0,0
pc-a58c01a2-1023,forschung_muskelkraft__mit_pc,control,0,0,1,4,0,11,4,9,1,3,1,0,0,0
pc-a58c01a2-1023,solidaritaet_ueberleben__mit_pc,control,1,1,0,4,10,7,5,8,0,5,0,10,0,0
pc-c114bcbc-1024,forschung_muskelkraft__mit_pc,control,0,1,1,7,7,18,7,24,3,6,4,14,0,0
pc-c114bcbc-1024,solidaritaet_ueberleben__mit_pc,control,1,0,0,7,-4,12,8,26,2,7,2,3,0,0
pc-47c74bff-1025,forschung_muskelkraft__mit_pc,control,0,1,1,16,5,22,12,48,72,10,17,11,0,0
pc-47c74bff-1025,solidaritaet_ueberleben__mit_pc,control,1,0,0,16,-2,21,20,68,57,19,5,4,0,0
pc-ce79fb41-1026,forschung_muskelkraft__mit_pc,control,0,0,1,9,0,19,8,28,13,6,6,0,0,0
pc-ce79fb41-1026,solidaritaet_ueberleben__mit_pc,control,1,1,0,9,10,16,9,31,9,9,1,10,0,0
pc-552c8a84-1027,forschung_muskelkraft__mit_pc,control,0,1,1,8,9,14,7,26,2,6,6,15,0,0
pc-552c8a84-1027,solidaritaet_ueberleben__mit_pc,control,1,0,0,8,-5,14,9,34,2,9,1,1,0,0
pc-dbdf39c6-1028,forschung_muskelkraft__mit_pc,control,0,1,1,11,5,23,12,44,17,10,16,10,0,0
pc-dbdf39c6-1028,solidaritaet_ueberleben__mit_pc,control,1,0,0,11,0,15,15,47,10,15,5,5,1,0
pc-6291c909-1029,forschung_muskelkraft__mit_pc,control,0,0,1,8,0,18,7,24,4,5,4,5,0,0
pc-6291c909-1029,solidaritaet_ueberleben__mit_pc,control,1,1,0,8,5,12,8,29,3,8,1,10,0,0
pc-e944784b-1030,forschung_muskelkraft__mit_pc,control,0,1,1,15,2,22,20,75,32,18,16,10,0,0
pc-e944784b-1030,solidaritaet_ueberleben__mit_pc,control,1,0,0,15,0,20,18,65,46,17,17,8,0,0
pc-6ff7078e-1031,forschung_muskelkraft__mit_pc,control,0,0,1,11,-2,20,13,50,13,11,11,8,0,0
pc-6ff7078e-1031,solidaritaet_ueberleben__mit_pc,control,1,1,0,11,2,16,15,51,8,14,7,12,0,0
pc-61d3aaf9-1032,forschung_muskelkraft__mit_pc,control,0,0,1,12,-1,23,16,61,17,14,13,3,0,0
pc-61d3aaf9-1032,solidaritaet_ueberleben__mit_pc,control,1,1,0,12,7,17,16,51,17,15,9,11,0,0
pc-e8865a3b-1033,forschung_muskelkraft__mit_pc,control,0,1,1,11,8,22,11,39,17,9,13,11,0,0
pc-e8865a3b-1033,solidaritaet_ueberleben__mit_pc,control,1,0,0,11,-1,16,14,45,15,13,4,2,0,0
pc-6f38e97e-1034,forschung_muskelkraft__mit_pc,control,0,0,1,9,0,17,10,37,5,9,3,7,0,0
pc-6f38e97e-1034,solidaritaet_ueberleben__mit_pc,control,1,1,0,9,3,12,9,35,3,8,6,10,0,0
pc-f5eb98c0-1035,forschung_muskelkraft__mit_pc,control,0,0,1,12,-1,23,12,46,20,10,12,9,0,0
pc-f5eb98c0-1035,solidaritaet_ueberleben__mit_pc,control,1,1,0,12,1,16,15,53,16,14,5,11,0,0
pc-7c9e2803-1036,forschung_muskelkraft__mit_pc,control,0,,1,16,-1,24,20,75,45,18,15,8,0,0
pc-7c9e2803-1036,solidaritaet_ueberleben__mit_pc,control,1,,0,16,-1,23,20,68,58,19,17,8,0,0
pc-0350d746-1037,forschung_muskelkraft__mit_pc,control,0,1,1,14,1,22,14,54,37,12,18,14,0,0
pc-0350d746-1037,solidaritaet_ueberleben__mit_pc,control,1,0,0,14,-4,21,18,60,33,17,8,9,0,0
pc-8a036688-1038,forschung_muskelkraft__mit_pc,control,0,1,1,15,6,22,13,55,54,11,17,10,0,0
pc-8a036688-1038,solidaritaet_ueberleben__mit_pc,control,1,0,0,15,0,21,18,59,49,18,6,4,1,0
pc-10b615cb-1039,forschung_muskelkraft__mit_pc,control,0,1,1,8,6,14,7,25,3,6,7,10,0,0
pc-10b615cb-1039,solidaritaet_ueberleben__mit_pc,control,1,0,0,8,0,15,10,35,0,9,1,4,0,0
pc-2c3eb0e5-1040,forschung_muskelkraft__mit_pc,control,0,1,1,13,4,21,13,52,32,11,16,10,0,0
pc-2c3eb0e5-1040,solidaritaet_ueberleben__mit_pc,control,1,0,0,13,0,17,17,53,31,16,6,6,0,0
pc-b2f14027-1041,forschung_muskelkraft__mit_pc,control,0,1,1,16,3,22,18,69,55,16,17,10,0,0
pc-b2f14027-1041,solidaritaet_ueberleben__mit_pc,control,1,0,0,16,-1,21,20,68,56,19,12,6,1,0
pc-39a3ef6a-1042,forschung_muskelkraft__mit_pc,control,0,1,1,13,3,21,10,47,31,9,17,12,0,0
pc-39a3ef6a-1042,solidaritaet_ueberleben__mit_pc,control,1,0,0,13,-2,16,16,55,26,16,4,7,0,0
pc-c0569eac-1043,forschung_muskelkraft__mit_pc,control,0,1,1,16,4,23,18,71,57,16,18,10,0,0
pc-c0569eac-1043,solidaritaet_ueberleben__mit_pc,control,1,0,0,16,-1,22,20,68,54,19,11,5,1,0
pc-47092def-1044,forschung_muskelkraft__mit_pc,control,0,0,1,16,-1,23,13,52,77,11,17,7,0,0
pc-47092def-1044,solidaritaet_ueberleben__mit_pc,control,1,1,0,16,2,21,19,66,57,18,6,10,0,0
pc-cdbbdd31-1045,forschung_muskelkraft__mit_pc,control,0,0,1,10,0,20,12,47,8,10,10,6,0,0
pc-cdbbdd31-1045,solidaritaet_ueberleben__mit_pc,control,1,1,0,10,4,16,12,43,8,12,5,10,0,0
pc-546e6c74-1046,forschung_muskelkraft__mit_pc,control,0,1,1,10,4,22,12,41,5,10,11,13,0,0
pc-546e6c74-1046,solidaritaet_ueberleben__mit_pc,control,1,0,0,10,-3,16,13,41,9,13,6,6,0,0
pc-db211bb6-1047,forschung_muskelkraft__mit_pc,control,0,1,1,15,3,23,14,55,50,12,17,13,0,0
pc-db211bb6-1047,solidaritaet_ueberleben__mit_pc,control,1,0,0,15,-3,20,19,63,46,18,7,7,1,0
pc-ccfdbf21-1048,forschung_muskelkraft__mit_pc,control,0,1,1,9,4,17,10,37,4,8,13,11,0,0
pc-ccfdbf21-1048,solidaritaet_ueberleben__mit_pc,control,1,0,0,9,-1,15,13,36,6,12,3,6,0,0
pc-53b04e64-1049,forschung_muskelkraft__mit_pc,control,0,1,1,14,3,22,16,61,34,14,15,11,0,0
pc-53b04e64-1049,solidaritaet_ueberleben__mit_pc,control,1,0,0,14,-1,19,17,55,38,16,9,7,0,0
pc-da62fda6-1050,forschung_muskelkraft__mit_pc,control,0,1,1,15,5,23,13,50,60,11,17,9,0,0
pc-da62fda6-1050,solidaritaet_ueberleben__mit_pc,control,1,0,0,15,0,21,19,64,46,18,8,4,0,0
pc-61158ce9-1051,forschung_muskelkraft__mit_pc,control,0,1,1,17,1,21,15,57,83,13,19,8,0,0
pc-61158ce9-1051,solidaritaet_ueberleben__mit_pc,control,1,0,0,17,-1,21,20,68,69,19,8,6,0,0
pc-e7c83c2b-1052,forschung_muskelkraft__mit_pc,control,0,0,1,6,0,12,6,20,1,5,4,7,0,0
pc-e7c83c2b-1052,solidaritaet_ueberleben__mit_pc,control,1,1,0,6,3,9,6,20,1,6,2,10,0,0
pc-6e7acb6e-1053,forschung_muskelkraft__mit_pc,control,0,0,1,9,0,20,12,40,2,10,6,3,0,0
pc-6e7acb6e-1053,solidaritaet_ueberleben__mit_pc,control,1,1,0,9,7,16,10,41,3,9,5,10,0,0
pc-f52d7ab0-1054,forschung_muskelkraft__mit_pc,control,0,1,1,15,2,23,18,69,44,16,19,14,0,0
pc-f52d7ab0-1054,solidaritaet_ueberleben__mit_pc,control,1,0,0,15,-4,19,19,62,47,18,11,8,0,0
pc-7be009f3-1055,forschung_muskelkraft__mit_pc,control,0,1,1,10,6,19,10,34,11,8,12,10,0,0
pc-7be009f3-1055,solidaritaet_ueberleben__mit_pc,control,1,0,0,10,0,16,13,44,5,12,3,4,0,0
pc-9768a50d-1056,forschung_muskelkraft__mit_pc,control,0,1,1,6,4,13,6,20,1,5,5,11,0,0
pc-9768a50d-1056,solidaritaet_ueberleben__mit_pc,control,1,0,0,6,-1,11,6,15,5,6,1,6,0,0
pc-1e1b5450-1057,forschung_muskelkraft__mit_pc,control,0,1,1,9,7,14,10,38,3,9,9,10,0,0
pc-1e1b5450-1057,solidaritaet_ueberleben__mit_pc,control,1,0,0,9,0,14,11,43,2,10,6,3,0,0
pc-a4cde392-1058,forschung_muskelkraft__mit_pc,control,0,1,1,15,4,22,16,65,44,14,13,11,0,0
pc-a4cde392-1058,solidaritaet_ueberleben__mit_pc,control,1,0,0,15,-1,19,18,63,46,17,9,6,0,0
pc-2b8092d5-1059,forschung_muskelkraft__mit_pc,control,0,0,1,12,-4,22,11,46,31,9,12,8,0,0
pc-2b8092d5-1059,solidaritaet_ueberleben__mit_pc,control,1,1,0,12,2,17,16,56,15,15,4,14,0,0
pc-b2332217-1060,forschung_muskelkraft__mit_pc,control,0,1,1,7,5,16,6,19,2,5,7,11,0,0
pc-b2332217-1060,solidaritaet_ueberleben__mit_pc,control,1,0,0,7,-1,13,10,25,0,10,1,5,0,0
pc-38e5d15a-1061,forschung_muskelkraft__mit_pc,control,0,0,1,9,-1,20,10,37,5,8,7,3,0,0
pc-38e5d15a-1061,solidaritaet_ueberleben__mit_pc,control,1,1,0,9,7,14,10,40,2,10,3,11,0,0
pc-bf98609c-1062,forschung_muskelkraft__mit_pc,control,0,1,1,7,2,13,8,26,2,7,3,10,0,0
pc-bf98609c-1062,solidaritaet_ueberleben__mit_pc,control,1,0,0,7,0,11,8,22,1,8,2,8,0,0
pc-464b0fdf-1063,forschung_muskelkraft__mit_pc,control,0,1,1,10,5,21,12,44,7,10,8,10,0,0
pc-464b0fdf-1063,solidaritaet_ueberleben__mit_pc,control,1,0,0,10,0,15,13,49,4,12,5,5,0,0
pc-ded7b206-1064,forschung_muskelkraft__mit_pc,control,0,0,1,8,0,18,9,32,3,9,2,0,0,0
pc-ded7b206-1064,solidaritaet_ueberleben__mit_pc,control,1,1,0,8,10,15,7,28,4,7,5,10,0,0
pc-658a4149-1065,forschung_muskelkraft__mit_pc,control,0,1,1,15,5,21,20,75,32,18,17,13,0,0
pc-658a4149-1065,solidaritaet_ueberleben__mit_pc,control,1,0,0,15,-3,21,18,62,46,17,13,5,0,0
pc-ec3cf08b-1066,forschung_muskelkraft__mit_pc,control,0,1,1,8,5,15,8,30,3,7,8,14,0,0
pc-ec3cf08b-1066,solidaritaet_ueberleben__mit_pc,control,1,0,0,8,-4,12,9,25,5,9,4,5,0,0
pc-72ef9fce-1067,forschung_muskelkraft__mit_pc,control,0,1,1,15,7,23,14,55,55,12,16,16,0,0
pc-72ef9fce-1067,solidaritaet_ueberleben__mit_pc,control,1,0,0,15,-6,21,19,62,47,18,7,3,0,0
pc-f9a22f10-1068,forschung_muskelkraft__mit_pc,control,0,1,1,9,3,14,10,39,6,10,5,11,0,0
pc-f9a22f10-1068,solidaritaet_ueberleben__mit_pc,control,1,0,0,9,-1,13,11,35,1,10,7,7,0,0
pc-8054de53-1069,forschung_muskelkraft__mit_pc,control,0,1,1,13,8,23,12,45,33,10,13,11,0,0
pc-8054de53-1069,solidaritaet_ueberleben__mit_pc,control,1,0,0,13,-1,18,16,50,32,15,6,2,0,0
pc-07076d96-1070,forschung_muskelkraft__mit_pc,control,0,0,1,14,0,20,15,59,42,13,15,9,0,0
pc-07076d96-1070,solidaritaet_ueberleben__mit_pc,control,1,1,0,14,1,19,18,62,32,17,8,10,1,0
pc-8dba1cd8-1071,forschung_muskelkraft__mit_pc,control,0,1,1,11,4,22,10,37,24,8,12,12,0,0
pc-8dba1cd8-1071,solidaritaet_ueberleben__mit_pc,control,1,0,0,11,-2,17,14,43,14,13,4,6,0,0
pc-a942b7f2-1072,forschung_muskelkraft__mit_pc,control,0,1,1,10,4,21,9,32,13,7,12,10,0,0
pc-a942b7f2-1072,solidaritaet_ueberleben__mit_pc,control,1,0,0,10,0,16,14,37,12,13,2,6,0,0
pc-2ff54735-1073,forschung_muskelkraft__mit_pc,control,0,0,1,8,-1,16,9,32,1,8,4,5,0,0
pc-2ff54735-1073,solidaritaet_ueberleben__mit_pc,control,1,1,0,8,5,12,9,33,3,8,3,11,0,0
pc-b6a7f677-1074,forschung_muskelkraft__mit_pc,control,0,1,1,13,7,23,11,46,32,9,17,12,0,0
pc-b6a7f677-1074,solidaritaet_ueberleben__mit_pc,control,1,0,0,13,-2,17,17,56,23,16,4,3,0,0
pc-3d5a85ba-1075,forschung_muskelkraft__mit_pc,control,0,0,1,12,-1,21,11,37,29,9,11,7,0,0
pc-3d5a85ba-1075,solidaritaet_ueberleben__mit_pc,control,1,1,0,12,3,16,13,50,22,12,4,11,0,0
pc-c40d34fc-1076,forschung_muskelkraft__mit_pc,control,0,1,1,12,2,20,11,45,27,9,15,14,0,0
pc-c40d34fc-1076,solidaritaet_ueberleben__mit_pc,control,1,0,0,12,-4,18,15,48,21,14,4,8,0,0
pc-4abfc43f-1077,forschung_muskelkraft__mit_pc,control,0,1,1,10,3,21,9,34,11,7,12,16,0,0
pc-4abfc43f-1077,solidaritaet_ueberleben__mit_pc,control,1,0,0,10,-6,14,13,43,6,12,2,7,0,0
pc-d1727381-1078,forschung_muskelkraft__mit_pc,control,0,0,1,7,-1,15,7,20,2,5,0,6,0,0
pc-d1727381-1078,solidaritaet_ueberleben__mit_pc,control,1,1,0,7,4,11,6,19,2,5,0,11,0,0
pc-582502c4-1079,forschung_muskelkraft__mit_pc,control,0,0,1,13,-2,22,16,62,16,14,13,5,0,0
pc-582502c4-1079,solidaritaet_ueberleben__mit_pc,control,1,1,0,13,5,20,16,52,26,15,9,12,0,0
pc-4a01a62f-1080,forschung_muskelkraft__mit_pc,control,0,1,1,5,5,10,4,13,2,4,1,10,0,0
pc-4a01a62f-1080,solidaritaet_ueberleben__mit_pc,control,1,0,0,5,0,8,5,14,0,4,0,5,0,0
pc-d0b45571-1081,forschung_muskelkraft__mit_pc,control,0,1,1,11,6,21,13,52,13,11,12,11,0,0
pc-d0b45571-1081,solidaritaet_ueberleben__mit_pc,control,1,0,0,11,-1,18,15,53,13,15,6,4,1,0
pc-5766e4b4-1082,forschung_muskelkraft__mit_pc,control,0,0,1,10,-3,18,11,40,15,9,7,6,0,0
pc-5766e4b4-1082,solidaritaet_ueberleben__mit_pc,control,1,1,0,10,4,13,12,42,8,12,5,13,0,0
pc-de1993f6-1083,forschung_muskelkraft__mit_pc,control,0,0,1,8,-2,17,7,23,6,5,8,2,0,0
pc-de1993f6-1083,solidaritaet_ueberleben__mit_pc,control,1,1,0,8,8,13,10,33,3,10,0,12,0,0
pc-64cc2339-1084,forschung_muskelkraft__mit_pc,control,0,0,1,8,0,16,9,32,2,7,5,7,0,0
pc-64cc2339-1084,solidaritaet_ueberleben__mit_pc,control,1,1,0,8,3,13,10,34,2,9,2,10,0,0
pc-eb7ed27b-1085,forschung_muskelkraft__mit_pc,control,0,0,1,12,-3,21,12,47,19,10,12,4,0,0
pc-eb7ed27b-1085,solidaritaet_ueberleben__mit_pc,control,1,1,0,12,6,18,15,48,23,14,5,13,0,0
pc-723161be-1086,forschung_muskelkraft__mit_pc,control,0,0,1,17,-5,23,19,73,69,17,17,6,0,0
pc-723161be-1086,solidaritaet_ueberleben__mit_pc,control,1,1,0,17,1,22,20,68,68,19,13,12,1,0
pc-f8e41100-1087,forschung_muskelkraft__mit_pc,control,0,1,1,11,7,22,12,47,14,10,13,14,0,0
pc-f8e41100-1087,solidaritaet_ueberleben__mit_pc,control,1,0,0,11,-4,17,15,50,11,15,5,3,0,0
pc-146cac1b-1088,forschung_muskelkraft__mit_pc,control,0,1,1,15,3,22,15,61,48,13,16,12,0,0
pc-146cac1b-1088,solidaritaet_ueberleben__mit_pc,control,1,0,0,15,-2,18,18,60,48,17,9,7,0,0
pc-9b1f5b5d-1089,forschung_muskelkraft__mit_pc,control,0,1,1,14,3,22,13,52,39,11,15,10,0,0
pc-9b1f5b5d-1089,solidaritaet_ueberleben__mit_pc,control,1,0,0,14,0,20,17,55,38,16,6,7,0,0
pc-21d1eaa0-1090,forschung_muskelkraft__mit_pc,control,0,0,1,7,0,17,6,22,6,5,2,0,0,0
pc-21d1eaa0-1090,solidaritaet_ueberleben__mit_pc,control,1,1,0,7,10,13,6,26,1,6,1,10,0,0
pc-a88499e2-1091,forschung_muskelkraft__mit_pc,control,0,1,1,11,7,20,9,40,15,8,9,10,0,0
pc-a88499e2-1091,solidaritaet_ueberleben__mit_pc,control,1,0,0,11,0,17,13,51,13,12,3,3,0,0
pc-2f372925-1092,forschung_muskelkraft__mit_pc,control,0,0,1,9,0,19,10,34,3,8,5,2,0,0
pc-2f372925-1092,solidaritaet_ueberleben__mit_pc,control,1,1,0,9,8,14,10,42,3,10,3,10,0,0
pc-b5e9d867-1093,forschung_muskelkraft__mit_pc,control,0,0,1,8,0,14,8,25,3,6,9,0,0,0
pc-b5e9d867-1093,solidaritaet_ueberleben__mit_pc,control,1,1,0,8,10,13,10,30,4,10,2,10,0,0
pc-3c9c67aa-1094,forschung_muskelkraft__mit_pc,control,0,,1,16,0,23,17,69,51,15,16,7,0,0
pc-3c9c67aa-1094,solidaritaet_ueberleben__mit_pc,control,1,,0,16,0,21,18,61,59,17,13,7,2,0
pc-c34f16ec-1095,forschung_muskelkraft__mit_pc,control,0,0,1,10,-3,17,10,36,14,8,10,8,0,0
pc-c34f16ec-1095,solidaritaet_ueberleben__mit_pc,control,1,1,0,10,2,15,13,47,3,13,3,13,0,0
pc-b52bba57-1096,forschung_muskelkraft__mit_pc,control,0,1,1,15,1,23,20,75,36,18,16,14,0,0
pc-b52bba57-1096,solidaritaet_ueberleben__mit_pc,control,1,0,0,15,-4,22,19,66,42,18,13,9,1,0
pc-3bde499a-1097,forschung_muskelkraft__mit_pc,control,0,1,1,9,4,17,10,34,10,8,9,10,0,0
pc-3bde499a-1097,solidaritaet_ueberleben__mit_pc,control,1,0,0,9,0,13,12,39,1,12,3,6,0,0
pc-c290f8dc-1098,forschung_muskelkraft__mit_pc,control,0,1,1,15,1,23,14,57,52,12,17,9,0,0
pc-c290f8dc-1098,solidaritaet_ueberleben__mit_pc,control,1,0,0,15,0,19,19,63,46,18,9,8,0,0
pc-4943881f-1099,forschung_muskelkraft__mit_pc,control,0,0,1,9,0,19,8,28,8,7,6,7,0,0
pc-4943881f-1099,solidaritaet_ueberleben__mit_pc,control,1,1,0,9,3,15,9,33,3,8,3,10,0,0
pc-a0ecf3d6-1100,forschung_muskelkraft__mit_pc,control,0,0,0,7,-1,13,7,25,3,6,2,0,0,0
pc-a0ecf3d6-1100,solidaritaet_ueberleben__mit_pc,control,1,1,1,7,10,11,7,27,1,7,4,11,0,0
pc-279f8319-1101,forschung_muskelkraft__mit_pc,control,0,0,0,8,-1,18,11,34,2,9,4,0,0,0
pc-279f8319-1101,solidaritaet_ueberleben__mit_pc,control,1,1,1,8,10,14,9,32,3,8,6,11,0,0
pc-9387b551-1102,forschung_muskelkraft__mit_pc,control,0,0,0,11,-3,22,13,48,12,11,11,5,0,0
pc-9387b551-1102,solidaritaet_ueberleben__mit_pc,control,1,1,1,11,5,17,15,53,7,14,7,13,0,0
pc-1a3a4494-1103,forschung_muskelkraft__mit_pc,control,0,0,0,12,-1,22,12,48,24,10,14,9,0,0
pc-1a3a4494-1103,solidaritaet_ueberleben__mit_pc,control,1,1,1,12,1,18,16,55,16,15,5,11,0,0
pc-bbb770e0-1104,forschung_muskelkraft__mit_pc,control,0,1,0,16,5,23,16,65,59,14,11,10,0,0
pc-bbb770e0-1104,solidaritaet_ueberleben__mit_pc,control,1,0,1,16,-1,23,16,59,65,15,9,4,0,0
pc-426a0023-1105,forschung_muskelkraft__mit_pc,control,0,1,0,9,8,19,9,31,5,7,7,13,0,0
pc-426a0023-1105,solidaritaet_ueberleben__mit_pc,control,1,0,1,9,-3,14,10,37,8,10,2,2,0,0
pc-ae52325b-1106,forschung_muskelkraft__mit_pc,control,0,0,0,14,0,21,17,69,26,15,15,5,0,0
pc-ae52325b-1106,solidaritaet_ueberleben__mit_pc,control,1,1,1,14,5,18,17,61,34,16,10,10,0,0
pc-3504c19e-1107,forschung_muskelkraft__mit_pc,control,0,1,0,11,2,21,12,44,21,11,6,10,0,0
pc-3504c19e-1107,solidaritaet_ueberleben__mit_pc,control,1,0,1,11,0,16,12,39,16,11,6,8,0,0
pc-6b57f9c2-1108,forschung_muskelkraft__mit_pc,control,0,1,0,13,6,22,13,53,25,11,15,10,0,0
pc-6b57f9c2-1108,solidaritaet_ueberleben__mit_pc,control,1,0,1,13,0,17,17,58,24,16,7,4,0,0
pc-f20a8904-1109,forschung_muskelkraft__mit_pc,control,0,1,0,8,6,15,8,29,3,7,7,10,0,0
pc-f20a8904-1109,solidaritaet_ueberleben__mit_pc,control,1,0,1,8,0,11,11,31,1,10,2,4,0,0
pc-5df2bb3d-1110,forschung_muskelkraft__mit_pc,control,0,0,0,12,-3,22,11,42,29,9,12,5,0,0
pc-5df2bb3d-1110,solidaritaet_ueberleben__mit_pc,control,1,1,1,12,5,18,16,51,21,16,5,13,0,0
pc-e4a54a7f-1111,forschung_muskelkraft__mit_pc,control,0,0,0,12,-3,23,14,53,25,12,11,5,0,0
pc-e4a54a7f-1111,solidaritaet_ueberleben__mit_pc,control,1,1,1,12,5,18,15,56,10,14,8,13,2,0
pc-862276cc-1112,forschung_muskelkraft__mit_pc,control,0,1,0,7,2,13,7,23,2,6,5,14,0,0
pc-862276cc-1112,solidaritaet_ueberleben__mit_pc,control,1,0,1,7,-4,12,7,25,2,7,2,8,0,0
pc-0cd5060f-1113,forschung_muskelkraft__mit_pc,control,0,1,0,8,2,18,7,25,3,6,7,10,0,0
pc-0cd5060f-1113,solidaritaet_ueberleben__mit_pc,control,1,0,1,8,0,12,11,33,1,10,1,8,0,0
pc-78bd3847-1114,forschung_muskelkraft__mit_pc,control,0,0,0,12,-1,21,15,58,8,13,14,8,0,0
pc-78bd3847-1114,solidaritaet_ueberleben__mit_pc,control,1,1,1,12,2,18,16,50,19,15,11,11,0,0
pc-ff6fc789-1115,forschung_muskelkraft__mit_pc,control,0,1,0,10,9,19,11,42,9,9,6,13,0,0
pc-ff6fc789-1115,solidaritaet_ueberleben__mit_pc,control,1,0,1,10,-3,16,11,41,7,10,6,1,0,0
pc-0c16e7ff-1116,forschung_muskelkraft__mit_pc,control,0,1,0,16,1,23,17,67,57,15,17,14,0,0
pc-0c16e7ff-1116,solidaritaet_ueberleben__mit_pc,control,1,0,1,16,-5,23,20,68,54,19,10,8,0,0
pc-92c99741-1117,forschung_muskelkraft__mit_pc,control,0,0,0,5,-1,12,4,13,2,4,1,3,0,0
pc-92c99741-1117,solidaritaet_ueberleben__mit_pc,control,1,1,1,5,7,9,5,13,2,5,1,11,0,0
pc-feb1a979-1118,forschung_muskelkraft__mit_pc,control,0,0,0,10,-1,17,12,41,12,10,7,4,0,0
pc-feb1a979-1118,solidaritaet_ueberleben__mit_pc,control,1,1,1,10,6,16,13,49,1,12,5,11,2,0
pc-856458bc-1119,forschung_muskelkraft__mit_pc,control,0,1,0,13,5,23,15,59,24,13,15,13,0,0
pc-856458bc-1119,solidaritaet_ueberleben__mit_pc,control,1,0,1,13,-3,18,17,56,24,16,8,5,0,0
pc-26e16509-1120,forschung_muskelkraft__mit_pc,control,0,0,0,8,-1,15,9,28,1,7,7,8,0,0
pc-26e16509-1120,solidaritaet_ueberleben__mit_pc,control,1,1,1,8,2,13,9,34,1,8,3,11,0,0
pc-ad94144b-1121,forschung_muskelkraft__mit_pc,control,0,1,0,14,7,22,17,69,26,15,14,11,0,0
pc-ad94144b-1121,solidaritaet_ueberleben__mit_pc,control,1,0,1,14,-1,19,17,60,31,17,10,3,0,0
pc-197c2684-1122,forschung_muskelkraft__mit_pc,control,0,0,0,16,-1,20,20,75,47,18,14,8,0,0
pc-197c2684-1122,solidaritaet_ueberleben__mit_pc,control,1,1,1,16,1,21,19,67,53,18,16,10,0,0
pc-a02ed5c6-1123,forschung_muskelkraft__mit_pc,control,0,1,0,12,6,22,13,46,20,11,16,13,0,0
pc-a02ed5c6-1123,solidaritaet_ueberleben__mit_pc,control,1,0,1,12,-3,19,16,55,13,15,6,4,0,0
pc-d681edea-1124,forschung_muskelkraft__mit_pc,control,0,1,0,15,2,23,20,75,32,18,16,11,0,0
pc-d681edea-1124,solidaritaet_ueberleben__mit_pc,control,1,0,1,15,-1,20,18,60,49,17,14,8,1,0
pc-5d349d2d-1125,forschung_muskelkraft__mit_pc,control,0,1,0,10,4,19,12,41,4,10,12,11,0,0
pc-5d349d2d-1125,solidaritaet_ueberleben__mit_pc,control,1,0,1,10,-1,15,13,42,5,12,6,6,0,0
pc-c91caf65-1126,forschung_muskelkraft__mit_pc,control,0,0,0,7,0,15,7,25,3,6,2,5,0,0
pc-c91caf65-1126,solidaritaet_ueberleben__mit_pc,control,1,1,1,7,5,11,8,26,1,7,1,10,0,0
pc-4fcf5ea8-1127,forschung_muskelkraft__mit_pc,control,0,1,0,12,6,21,15,56,19,13,11,11,0,0
pc-4fcf5ea8-1127,solidaritaet_ueberleben__mit_pc,control,1,0,1,12,-1,18,15,54,15,14,10,4,0,0
pc-f14c6af4-1128,forschung_muskelkraft__mit_pc,control,0,0,0,7,-3,14,9,26,1,7,4,4,0,0
pc-f14c6af4-1128,solidaritaet_ueberleben__mit_pc,control,1,1,1,7,6,11,9,26,2,8,3,13,0,0
pc-77ff1a37-1129,forschung_muskelkraft__mit_pc,control,0,1,0,10,5,21,12,45,9,10,11,11,0,0
pc-77ff1a37-1129,solidaritaet_ueberleben__mit_pc,control,1,0,1,10,-1,15,13,39,9,13,5,5,0,0
pc-e3e72c6f-1130,forschung_muskelkraft__mit_pc,control,0,0,0,7,-2,12,8,24,3,6,2,8,0,0
pc-e3e72c6f-1130,solidaritaet_ueberleben__mit_pc,control,1,1,1,7,2,13,7,24,3,6,1,12,0,0
pc-6a99dbb2-1131,forschung_muskelkraft__mit_pc,control,0,1,0,13,4,22,14,51,32,12,16,10,0,0
pc-6a99dbb2-1131,solidaritaet_ueberleben__mit_pc,control,1,0,1,13,0,20,17,62,18,16,8,6,0,0
pc-7740fc27-1132,forschung_muskelkraft__mit_pc,control,0,0,0,10,-2,22,9,32,13,8,10,9,0,0
pc-7740fc27-1132,solidaritaet_ueberleben__mit_pc,control,1,1,1,10,1,16,12,36,9,12,3,12,0,0
pc-fdf38b69-1133,forschung_muskelkraft__mit_pc,control,0,1,0,8,10,17,9,26,2,7,6,11,0,0
pc-fdf38b69-1133,solidaritaet_ueberleben__mit_pc,control,1,0,1,8,-1,12,8,32,3,7,2,0,0,0
pc-69dbbda2-1134,forschung_muskelkraft__mit_pc,control,0,1,0,11,1,21,12,52,9,12,11,14,0,0
pc-69dbbda2-1134,solidaritaet_ueberleben__mit_pc,control,1,0,1,11,-4,15,14,47,13,13,7,9,0,0
pc-f08e4ce4-1135,forschung_muskelkraft__mit_pc,control,0,,0,16,0,23,16,63,61,14,9,8,0,0
pc-f08e4ce4-1135,solidaritaet_ueberleben__mit_pc,control,1,,1,16,-1,22,13,54,70,12,10,7,0,0
pc-920b7931-1136,forschung_muskelkraft__mit_pc,control,0,0,0,12,-1,23,18,69,6,16,11,5,0,0
pc-920b7931-1136,solidaritaet_ueberleben__mit_pc,control,1,1,1,12,5,19,13,48,22,13,11,11,0,0
pc-18be0874-1137,forschung_muskelkraft__mit_pc,control,0,1,0,12,4,23,14,57,13,12,13,14,0,0
pc-18be0874-1137,solidaritaet_ueberleben__mit_pc,control,1,0,1,12,-4,18,15,52,19,14,7,6,0,0
pc-84a63aac-1138,forschung_muskelkraft__mit_pc,control,0,1,0,13,2,23,16,65,17,14,15,14,0,0
pc-84a63aac-1138,solidaritaet_ueberleben__mit_pc,control,1,0,1,13,-4,18,17,57,27,16,9,8,0,0
pc-0b58c9ef-1139,forschung_muskelkraft__mit_pc,control,0,1,0,7,4,13,6,19,2,5,7,13,0,0
pc-0b58c9ef-1139,solidaritaet_ueberleben__mit_pc,control,1,0,1,7,-3,11,8,27,0,8,1,6,0,0
pc-41abe213-1140,forschung_muskelkraft__mit_pc,control,0,1,0,12,7,22,13,53,19,11,17,12,0,0
pc-41abe213-1140,solidaritaet_ueberleben__mit_pc,control,1,0,1,12,-2,17,16,55,19,16,6,3,1,0
pc-c85e9155-1141,forschung_muskelkraft__mit_pc,control,0,1,0,11,2,21,11,38,23,9,12,10,0,0
pc-c85e9155-1141,solidaritaet_ueberleben__mit_pc,control,1,0,1,11,0,17,14,44,17,14,4,8,0,0
pc-3446a38e-1142,forschung_muskelkraft__mit_pc,control,0,1,0,13,3,23,13,53,31,11,15,16,0,0
pc-3446a38e-1142,solidaritaet_ueberleben__mit_pc,control,1,0,1,13,-6,19,16,52,32,15,6,7,0,0
pc-baf952d0-1143,forschung_muskelkraft__mit_pc,control,0,1,0,16,2,22,19,73,47,17,17,11,0,0
pc-baf952d0-1143,solidaritaet_ueberleben__mit_pc,control,1,0,1,16,-2,21,20,68,54,19,12,7,1,0
pc-5c767f1d-1144,forschung_muskelkraft__mit_pc,control,0,0,0,9,0,19,11,41,4,9,7,0,0,0
pc-5c767f1d-1144,solidaritaet_ueberleben__mit_pc,control,1,1,1,9,10,16,9,34,11,8,5,10,0,0
pc-e3290e5f-1145,forschung_muskelkraft__mit_pc,control,0,0,0,7,-1,16,6,24,3,6,6,9,0,0
pc-e3290e5f-1145,solidaritaet_ueberleben__mit_pc,control,1,1,1,7,1,12,8,27,0,8,1,11,0,0
pc-4f112098-1146,forschung_muskelkraft__mit_pc,control,0,1,0,16,5,22,16,63,57,14,16,8,0,0
pc-4f112098-1146,solidaritaet_ueberleben__mit_pc,control,1,0,1,16,-1,21,19,67,55,18,11,2,2,0
pc-d5c3cfda-1147,forschung_muskelkraft__mit_pc,control,0,0,0,7,-1,13,7,26,1,6,4,3,0,0
pc-d5c3cfda-1147,solidaritaet_ueberleben__mit_pc,control,1,1,1,7,7,11,7,24,1,7,3,11,0,0
pc-e26af04f-1148,forschung_muskelkraft__mit_pc,control,0,1,0,9,5,18,10,34,2,8,11,12,0,0
pc-e26af04f-1148,solidaritaet_ueberleben__mit_pc,control,1,0,1,9,-2,13,12,39,2,12,4,5,1,0
pc-691d9f92-1149,forschung_muskelkraft__mit_pc,control,0,1,0,13,5,22,18,67,15,16,17,15,0,0
pc-691d9f92-1149,solidaritaet_ueberleben__mit_pc,control,1,0,1,13,-5,18,17,59,25,17,12,5,0,0
pc-d505b1ca-1150,forschung_muskelkraft__mit_pc,control,0,1,0,12,8,23,13,49,21,11,16,10,0,0
pc-d505b1ca-1150,solidaritaet_ueberleben__mit_pc,control,1,0,1,12,0,19,16,53,18,15,6,2,0,0
pc-5bb8410d-1151,forschung_muskelkraft__mit_pc,control,0,0,0,10,-2,21,10,40,15,9,8,7,0,0
pc-5bb8410d-1151,solidaritaet_ueberleben__mit_pc,control,1,1,1,10,3,16,12,39,6,12,5,12,0,0
pc-fd356d59-1152,forschung_muskelkraft__mit_pc,control,0,0,0,8,0,18,9,31,4,7,5,2,0,0
pc-fd356d59-1152,solidaritaet_ueberleben__mit_pc,control,1,1,1,8,8,12,8,32,4,8,2,10,0,0
pc-83e81c9c-1153,forschung_muskelkraft__mit_pc,control,0,1,0,9,3,15,9,36,6,8,6,10,0,0
pc-83e81c9c-1153,solidaritaet_ueberleben__mit_pc,control,1,0,1,9,0,14,12,39,6,11,3,7,1,0
pc-efd02ed4-1154,forschung_muskelkraft__mit_pc,control,0,1,0,12,4,23,13,53,13,11,15,11,0,0
pc-efd02ed4-1154,solidaritaet_ueberleben__mit_pc,control,1,0,1,12,-1,19,16,54,15,15,7,6,1,0
pc-7682de17-1155,forschung_muskelkraft__mit_pc,control,0,0,0,15,-1,22,19,73,34,17,18,8,0,0
pc-7682de17-1155,solidaritaet_ueberleben__mit_pc,control,1,1,1,15,2,22,19,64,42,19,12,11,2,0
pc-acd5f63b-1156,forschung_muskelkraft__mit_pc,control,0,0,0,7,0,18,8,24,2,6,4,2,0,0
pc-acd5f63b-1156,solidaritaet_ueberleben__mit_pc,control,1,1,1,7,8,11,8,28,0,8,1,10,0,0
pc-3388857e-1157,forschung_muskelkraft__mit_pc,control,0,1,0,12,7,22,13,50,16,11,16,13,0,0
pc-3388857e-1157,solidaritaet_ueberleben__mit_pc,control,1,0,1,12,-3,18,16,51,18,16,7,3,0,0
pc-9f70b7b6-1158,forschung_muskelkraft__mit_pc,control,0,1,0,12,1,22,12,48,24,10,11,13,0,0
pc-9f70b7b6-1158,solidaritaet_ueberleben__mit_pc,control,1,0,1,12,-3,17,15,52,20,15,6,9,3,0
pc-262346f9-1159,forschung_muskelkraft__mit_pc,control,0,0,0,13,0,22,14,57,25,12,13,5,0,0
pc-262346f9-1159,solidaritaet_ueberleben__mit_pc,control,1,1,1,13,5,18,17,58,24,17,8,10,0,0
pc-c7a07345-1160,forschung_muskelkraft__mit_pc,control,0,1,0,7,8,15,6,24,3,6,4,10,0,0
pc-c7a07345-1160,solidaritaet_ueberleben__mit_pc,control,1,0,1,7,0,12,7,25,2,7,2,2,0,0
pc-4e530288-1161,forschung_muskelkraft__mit_pc,control,0,1,0,13,2,22,14,55,29,12,12,10,0,0
pc-4e530288-1161,solidaritaet_ueberleben__mit_pc,control,1,0,1,13,0,18,16,55,26,15,8,8,2,0
pc-ba3b34c0-1162,forschung_muskelkraft__mit_pc,control,0,0,0,14,-3,22,14,59,36,12,16,5,0,0
pc-ba3b34c0-1162,solidaritaet_ueberleben__mit_pc,control,1,1,1,14,5,20,18,62,31,17,7,13,0,0
pc-40edc403-1163,forschung_muskelkraft__mit_pc,control,0,1,0,14,4,22,16,63,32,14,13,11,0,0
pc-40edc403-1163,solidaritaet_ueberleben__mit_pc,control,1,0,1,14,-1,18,17,57,37,16,9,6,0,0
pc-4d94e478-1164,forschung_muskelkraft__mit_pc,control,0,0,0,16,-1,23,16,65,59,14,16,3,0,0
pc-4d94e478-1164,solidaritaet_ueberleben__mit_pc,control,1,1,1,16,6,21,19,67,58,18,9,10,1,0
pc-d44793ba-1165,forschung_muskelkraft__mit_pc,control,0,1,0,11,6,21,12,45,15,10,12,11,0,0
pc-d44793ba-1165,solidaritaet_ueberleben__mit_pc,control,1,0,1,11,-1,17,15,50,11,15,5,4,1,0
pc-402fa5f3-1166,forschung_muskelkraft__mit_pc,control,0,1,0,14,6,23,12,47,44,10,15,10,0,0
pc-402fa5f3-1166,solidaritaet_ueberleben__mit_pc,control,1,0,1,14,0,20,18,62,36,17,5,4,0,0
pc-c6e25535-1167,forschung_muskelkraft__mit_pc,control,0,1,0,12,4,20,10,40,26,8,7,10,0,0
pc-c6e25535-1167,solidaritaet_ueberleben__mit_pc,control,1,0,1,12,0,18,12,42,28,12,3,6,0,0
pc-685f6182-1168,forschung_muskelkraft__mit_pc,control,0,1,0,14,3,23,15,59,43,13,17,10,0,0
pc-685f6182-1168,solidaritaet_ueberleben__mit_pc,control,1,0,1,14,0,19,18,58,34,17,10,7,0,0
pc-ef1210c4-1169,forschung_muskelkraft__mit_pc,control,0,0,0,15,-2,22,14,55,56,12,18,7,0,0
pc-ef1210c4-1169,solidaritaet_ueberleben__mit_pc,control,1,1,1,15,3,19,19,64,47,18,7,12,0,0
pc-5afa22fd-1170,forschung_muskelkraft__mit_pc,control,0,0,0,10,-5,16,10,43,12,9,5,6,0,0
pc-5afa22fd-1170,solidaritaet_ueberleben__mit_pc,control,1,1,1,10,4,14,10,41,4,9,6,15,0,0
pc-e1acd23f-1171,forschung_muskelkraft__mit_pc,control,0,1,0,11,4,21,13,50,11,11,12,11,0,0
pc-e1acd23f-1171,solidaritaet_ueberleben__mit_pc,control,1,0,1,11,-1,17,15,49,10,15,6,6,0,0
pc-17ffea64-1172,forschung_muskelkraft__mit_pc,control,0,1,0,15,4,23,15,59,46,13,19,9,0,0
pc-17ffea64-1172,solidaritaet_ueberleben__mit_pc,control,1,0,1,15,0,20,19,63,44,18,9,5,0,0
pc-9eb299a6-1173,forschung_muskelkraft__mit_pc,control,0,1,0,11,2,23,14,52,8,12,14,10,0,0
pc-9eb299a6-1173,solidaritaet_ueberleben__mit_pc,control,1,0,1,11,0,15,14,46,14,13,8,8,0,0
pc-0a9aabdf-1174,forschung_muskelkraft__mit_pc,control,0,1,0,12,5,23,15,58,8,13,9,13,0,0
pc-0a9aabdf-1174,solidaritaet_ueberleben__mit_pc,control,1,0,1,12,-3,19,14,48,20,13,8,5,0,0
pc-914d5b21-1175,forschung_muskelkraft__mit_pc,control,0,1,0,12,5,23,12,43,23,10,13,11,0,0
pc-914d5b21-1175,solidaritaet_ueberleben__mit_pc,control,1,0,1,12,-1,17,15,50,22,14,6,5,0,0
pc-32ca676e-1176,forschung_muskelkraft__mit_pc,control,0,1,0,10,5,18,9,35,10,8,13,12,0,0
pc-32ca676e-1176,solidaritaet_ueberleben__mit_pc,control,1,0,1,10,-2,16,14,41,7,14,3,5,3,0
pc-b97d16b0-1177,forschung_muskelkraft__mit_pc,control,0,1,0,7,6,15,7,20,1,5,5,11,0,0
pc-b97d16b0-1177,solidaritaet_ueberleben__mit_pc,control,1,0,1,7,-1,11,9,27,1,9,0,4,0,0
pc-256528e9-1178,forschung_muskelkraft__mit_pc,control,0,0,0,14,0,22,17,69,26,15,15,6,0,0
pc-256528e9-1178,solidaritaet_ueberleben__mit_pc,control,1,1,1,14,4,20,18,61,33,17,12,10,0,0
pc-ac17d82b-1179,forschung_muskelkraft__mit_pc,control,0,1,0,15,7,23,20,75,32,18,16,12,0,0
pc-ac17d82b-1179,solidaritaet_ueberleben__mit_pc,control,1,0,1,15,-2,21,18,63,46,17,15,3,2,0
pc-b8bef8a0-1180,forschung_muskelkraft__mit_pc,control,0,1,0,13,4,22,14,54,29,12,16,13,0,0
pc-b8bef8a0-1180,solidaritaet_ueberleben__mit_pc,control,1,0,1,13,-3,19,17,59,25,17,7,6,1,0
pc-3f7187e3-1181,forschung_muskelkraft__mit_pc,control,0,0,0,15,0,23,15,54,57,13,16,6,0,0
pc-3f7187e3-1181,solidaritaet_ueberleben__mit_pc,control,1,1,1,15,3,21,18,61,45,17,9,9,0,0
pc-ab59ba1b-1182,forschung_muskelkraft__mit_pc,control,0,0,0,6,0,14,6,19,1,5,2,4,0,0
pc-ab59ba1b-1182,solidaritaet_ueberleben__mit_pc,control,1,1,1,6,6,10,6,13,2,6,1,10,0,0
pc-320c495e-1183,forschung_muskelkraft__mit_pc,control,0,1,0,10,6,18,10,40,5,8,10,13,0,0
pc-320c495e-1183,solidaritaet_ueberleben__mit_pc,control,1,0,1,10,-3,15,13,36,13,12,3,4,3,0
pc-d38975aa-1184,forschung_muskelkraft__mit_pc,control,0,0,0,16,-1,22,17,69,51,15,17,7,0,0
pc-d38975aa-1184,solidaritaet_ueberleben__mit_pc,control,1,1,1,16,2,21,20,68,55,19,10,10,0,0
pc-5a3c04ed-1185,forschung_muskelkraft__mit_pc,control,0,0,0,11,-3,22,13,45,10,11,10,5,0,0
pc-5a3c04ed-1185,solidaritaet_ueberleben__mit_pc,control,1,1,1,11,5,16,14,48,9,13,8,13,1,0
pc-c6243725-1186,forschung_muskelkraft__mit_pc,control,0,1,0,8,6,20,8,30,3,7,5,10,0,0
pc-c6243725-1186,solidaritaet_ueberleben__mit_pc,control,1,0,1,8,0,13,9,33,1,8,2,4,1,0
pc-4cd6c668-1187,forschung_muskelkraft__mit_pc,control,0,1,0,14,2,23,17,65,26,15,15,13,0,0
pc-4cd6c668-1187,solidaritaet_ueberleben__mit_pc,control,1,0,1,14,-3,20,18,60,35,17,10,8,1,0
pc-8329fe8c-1188,forschung_muskelkraft__mit_pc,control,0,1,0,14,6,23,13,49,42,11,15,18,0,0
pc-8329fe8c-1188,solidaritaet_ueberleben__mit_pc,control,1,0,1,14,-8,21,18,60,37,17,6,4,0,0
pc-09dc8dcf-1189,forschung_muskelkraft__mit_pc,control,0,0,0,11,0,22,11,43,17,9,8,9,0,0
pc-09dc8dcf-1189,solidaritaet_ueberleben__mit_pc,control,1,1,1,11,1,15,12,47,15,11,5,10,0,0
pc-75c4a007-1190,forschung_muskelkraft__mit_pc,control,0,1,0,8,5,18,8,26,2,6,9,10,0,0
pc-75c4a007-1190,solidaritaet_ueberleben__mit_pc,control,1,0,1,8,0,15,10,34,0,9,3,5,1,0
pc-fc774f49-1191,forschung_muskelkraft__mit_pc,control,0,0,0,11,-2,22,13,48,14,11,5,9,0,0
pc-fc774f49-1191,solidaritaet_ueberleben__mit_pc,control,1,1,1,11,1,16,10,37,18,10,6,12,0,0
pc-9df47b96-1192,forschung_muskelkraft__mit_pc,control,0,1,0,12,1,23,14,52,19,12,14,11,0,0
pc-9df47b96-1192,solidaritaet_ueberleben__mit_pc,control,1,0,1,12,-1,17,15,52,20,15,7,9,0,0
pc-24a70ad9-1193,forschung_muskelkraft__mit_pc,control,0,1,0,15,5,21,12,51,59,10,17,13,0,0
pc-24a70ad9-1193,solidaritaet_ueberleben__mit_pc,control,1,0,1,15,-3,21,19,62,45,18,6,5,0,0
pc-908f3d11-1194,forschung_muskelkraft__mit_pc,control,0,0,0,10,0,22,11,44,11,10,12,5,0,0
pc-908f3d11-1194,solidaritaet_ueberleben__mit_pc,control,1,1,1,10,5,15,13,46,4,13,6,10,0,0
pc-1741cc54-1195,forschung_muskelkraft__mit_pc,control,0,1,0,8,5,18,9,29,7,7,4,12,0,0
pc-1741cc54-1195,solidaritaet_ueberleben__mit_pc,control,1,0,1,8,-2,13,8,27,9,8,2,5,0,0
pc-23e8ecc9-1196,forschung_muskelkraft__mit_pc,control,0,0,0,10,-1,17,9,39,16,8,12,9,0,0
pc-23e8ecc9-1196,solidaritaet_ueberleben__mit_pc,control,1,1,1,10,1,16,13,48,3,12,5,11,0,0
pc-aa9b9c0b-1197,forschung_muskelkraft__mit_pc,control,0,1,0,12,7,22,14,55,22,12,14,14,0,0
pc-aa9b9c0b-1197,solidaritaet_ueberleben__mit_pc,control,1,0,1,12,-4,19,16,56,16,15,8,3,0,0
pc-1683ae44-1198,forschung_muskelkraft__mit_pc,control,0,1,0,14,3,22,16,63,32,14,15,13,0,0
pc-1683ae44-1198,solidaritaet_ueberleben__mit_pc,control,1,0,1,14,-3,20,17,54,40,16,9,7,0,0
pc-9d365d86-1199,forschung_muskelkraft__mit_pc,control,0,0,0,9,-1,16,11,40,2,9,8,4,0,0
pc-9d365d86-1199,solidaritaet_ueberleben__mit_pc,control,1,1,1,9,6,13,12,35,6,12,4,11,0,0
pc-13c57fbb-1200,forschung_muskelkraft__mit_pc,control,0,0,1,8,0,17,8,26,8,6,5,8,0,0
pc-13c57fbb-1200,solidaritaet_ueberleben__ohne_pc,control,1,1,0,8,2,12,10,33,3,10,1,10,0,0
pc-9a780efd-1201,forschung_muskelkraft__mit_pc,control,0,1,1,7,8,14,6,21,6,5,3,11,0,0
pc-9a780efd-1201,solidaritaet_ueberleben__ohne_pc,control,1,0,0,7,-1,12,6,25,2,6,0,2,2,0
pc-06602136-1202,forschung_muskelkraft__mit_pc,control,0,1,1,16,2,21,16,63,65,14,16,8,0,0
pc-06602136-1202,solidaritaet_ueberleben__ohne_pc,control,1,0,0,16,-1,21,19,63,60,18,9,5,0,0
pc-8d12d078-1203,forschung_muskelkraft__mit_pc,control,0,1,1,10,4,18,11,39,6,9,10,12,0,0
pc-8d12d078-1203,solidaritaet_ueberleben__ohne_pc,control,1,0,0,10,-2,16,13,42,5,12,5,6,0,0
pc-f8fae2b0-1204,forschung_muskelkraft__mit_pc,control,0,1,1,10,7,21,9,31,14,7,13,12,0,0
pc-f8fae2b0-1204,solidaritaet_ueberleben__ohne_pc,control,1,0,0,10,-2,14,14,39,8,13,3,3,0,0
pc-7fad91f3-1205,forschung_muskelkraft__mit_pc,control,0,1,1,9,5,18,9,28,9,7,9,11,0,0
pc-7fad91f3-1205,solidaritaet_ueberleben__ohne_pc,control,1,0,0,9,-1,12,12,33,7,11,2,5,0,0
pc-eb95a42b-1206,forschung_muskelkraft__mit_pc,control,0,0,1,8,-4,17,9,30,4,7,4,9,0,0
pc-eb95a42b-1206,solidaritaet_ueberleben__ohne_pc,control,1,1,0,8,1,13,9,28,7,9,2,14,1,0
pc-7248536e-1207,forschung_muskelkraft__mit_pc,control,0,0,1,15,0,22,13,55,54,11,19,8,0,0
pc-7248536e-1207,solidaritaet_ueberleben__ohne_pc,control,1,1,0,15,1,19,19,60,47,18,8,9,0,0
pc-de3065a6-1208,forschung_muskelkraft__mit_pc,control,0,1,1,10,7,19,7,27,18,6,9,19,0,0
pc-de3065a6-1208,solidaritaet_ueberleben__ohne_pc,control,1,0,0,10,-9,13,12,37,12,12,2,3,1,0
pc-64e314e9-1209,forschung_muskelkraft__mit_pc,control,0,1,1,16,4,23,17,67,57,15,20,7,0,0
pc-64e314e9-1209,solidaritaet_ueberleben__ohne_pc,control,1,0,0,16,0,21,20,64,57,19,12,3,0,0
pc-d0cb2721-1210,forschung_muskelkraft__mit_pc,control,0,1,1,10,1,22,11,39,6,9,10,11,0,0
pc-d0cb2721-1210,solidaritaet_ueberleben__ohne_pc,control,1,0,0,10,-1,16,13,40,6,12,4,9,0,0
pc-577dd664-1211,forschung_muskelkraft__mit_pc,control,0,0,1,15,-2,22,13,52,53,11,17,6,0,0
pc-577dd664-1211,solidaritaet_ueberleben__ohne_pc,control,1,1,0,15,4,20,18,61,44,17,7,12,0,0
pc-c365e89c-1212,forschung_muskelkraft__mit_pc,control,0,1,1,10,8,21,11,43,8,10,13,12,0,0
pc-c365e89c-1212,solidaritaet_ueberleben__ohne_pc,control,1,0,0,10,-2,15,14,41,10,14,5,2,0,0
pc-4a1897df-1213,forschung_muskelkraft__mit_pc,control,0,1,1,12,5,20,13,53,18,11,11,11,0,0
pc-4a1897df-1213,solidaritaet_ueberleben__ohne_pc,control,1,0,0,12,-1,16,13,43,29,12,8,5,0,0
pc-b600aa17-1214,forschung_muskelkraft__mit_pc,control,0,1,1,9,6,20,9,29,12,8,10,15,0,0
pc-b600aa17-1214,solidaritaet_ueberleben__ohne_pc,control,1,0,0,9,-5,14,13,37,7,12,3,4,2,0
pc-3cb3595a-1215,forschung_muskelkraft__mit_pc,control,0,1,1,10,4,14,11,41,9,9,13,12,0,0
pc-3cb3595a-1215,solidaritaet_ueberleben__ohne_pc,control,1,0,0,10,-2,14,13,41,10,13,4,6,0,0
pc-a89b6b92-1216,forschung_muskelkraft__mit_pc,control,0,1,1,10,5,20,9,30,15,7,11,10,0,0
pc-a89b6b92-1216,solidaritaet_ueberleben__ohne_pc,control,1,0,0,10,0,14,14,40,9,13,2,5,0,0
pc-2f4e1ad5-1217,forschung_muskelkraft__mit_pc,control,0,1,1,15,3,23,15,63,42,13,16,11,0,0
pc-2f4e1ad5-1217,solidaritaet_ueberleben__ohne_pc,control,1,0,0,15,-1,21,19,61,45,18,8,7,0,0
pc-9b362d0d-1218,forschung_muskelkraft__mit_pc,control,0,1,1,15,4,22,14,57,53,12,19,11,0,0
pc-9b362d0d-1218,solidaritaet_ueberleben__ohne_pc,control,1,0,0,15,-1,22,19,61,49,18,8,6,0,0
pc-21e8dc50-1219,forschung_muskelkraft__mit_pc,control,0,1,1,11,2,23,12,43,14,10,16,10,0,0
pc-21e8dc50-1219,solidaritaet_ueberleben__ohne_pc,control,1,0,0,11,0,17,15,45,12,15,6,8,0,0
pc-8dd0ee88-1220,forschung_muskelkraft__mit_pc,control,0,0,1,10,0,19,8,28,17,7,14,8,0,0
pc-8dd0ee88-1220,solidaritaet_ueberleben__ohne_pc,control,1,1,0,10,2,16,14,42,8,14,2,10,0,0
pc-14839dcb-1221,forschung_muskelkraft__mit_pc,control,0,1,1,12,6,23,15,61,9,13,12,13,0,0
pc-14839dcb-1221,solidaritaet_ueberleben__ohne_pc,control,1,0,0,12,-3,18,15,52,20,14,8,4,0,0
pc-806bb003-1222,forschung_muskelkraft__mit_pc,control,0,1,1,10,2,19,9,34,11,7,10,11,0,0
pc-806bb003-1222,solidaritaet_ueberleben__ohne_pc,control,1,0,0,10,-1,16,14,44,5,13,2,8,0,0
pc-071e5f46-1223,forschung_muskelkraft__mit_pc,control,0,1,1,15,4,23,14,57,52,12,17,9,0,0
pc-071e5f46-1223,solidaritaet_ueberleben__ohne_pc,control,1,0,0,15,0,20,19,62,49,18,9,5,0,0
pc-7306717e-1224,forschung_muskelkraft__mit_pc,control,0,1,1,10,2,17,10,35,15,8,13,10,0,0
pc-7306717e-1224,solidaritaet_ueberleben__ohne_pc,control,1,0,0,10,0,15,14,40,7,14,3,8,0,0
pc-f9b900c0-1225,forschung_muskelkraft__mit_pc,control,0,0,1,12,-2,22,15,57,10,13,12,5,0,0
pc-f9b900c0-1225,solidaritaet_ueberleben__ohne_pc,control,1,1,0,12,5,18,15,49,25,15,8,12,0,0
pc-65a132f9-1226,forschung_muskelkraft__mit_pc,control,0,,1,15,0,23,14,54,56,12,16,9,0,0
pc-65a132f9-1226,solidaritaet_ueberleben__ohne_pc,control,1,,0,15,0,20,19,61,46,18,7,9,0,0
pc-ec53c23b-1227,forschung_muskelkraft__mit_pc,control,0,1,1,10,2,19,8,32,13,7,11,14,0,0
pc-ec53c23b-1227,solidaritaet_ueberleben__ohne_pc,control,1,0,0,10,-4,15,13,41,8,12,2,8,0,0
pc-583bf474-1228,forschung_muskelkraft__mit_pc,control,0,1,1,10,6,21,9,31,14,7,13,12,0,0
pc-583bf474-1228,solidaritaet_ueberleben__ohne_pc,control,1,0,0,10,-2,14,13,40,8,12,2,4,0,0
pc-deee83b6-1229,forschung_muskelkraft__mit_pc,control,0,1,1,12,4,22,13,47,19,11,15,12,0,0
pc-deee83b6-1229,solidaritaet_ueberleben__ohne_pc,control,1,0,0,12,-2,18,16,52,18,15,6,6,0,0
pc-4ad6b5ef-1230,forschung_muskelkraft__mit_pc,control,0,1,1,9,5,16,8,29,8,6,9,10,0,0
pc-4ad6b5ef-1230,solidaritaet_ueberleben__ohne_pc,control,1,0,0,9,0,13,11,35,6,11,2,5,0,0
pc-d1894531-1231,forschung_muskelkraft__mit_pc,control,0,1,1,11,4,21,11,39,16,9,15,12,0,0
pc-d1894531-1231,solidaritaet_ueberleben__ohne_pc,control,1,0,0,11,-2,16,15,46,13,14,5,6,0,0
pc-3d71776a-1232,forschung_muskelkraft__mit_pc,control,0,1,1,9,6,20,7,24,12,6,10,10,0,0
pc-3d71776a-1232,solidaritaet_ueberleben__ohne_pc,control,1,0,0,9,0,14,12,35,8,12,1,4,0,0
pc-c42406ac-1233,forschung_muskelkraft__mit_pc,control,0,0,1,11,-1,21,11,48,17,10,10,7,0,0
pc-c42406ac-1233,solidaritaet_ueberleben__ohne_pc,control,1,1,0,11,3,16,14,44,14,13,5,11,1,0
pc-300c38e5-1234,forschung_muskelkraft__mit_pc,control,0,1,1,15,3,23,18,69,36,16,17,12,0,0
pc-300c38e5-1234,solidaritaet_ueberleben__ohne_pc,control,1,0,0,15,-2,21,19,60,47,19,11,7,2,0
pc-b6bec827-1235,forschung_muskelkraft__mit_pc,control,0,1,1,6,5,13,6,20,1,5,5,10,0,0
pc-b6bec827-1235,solidaritaet_ueberleben__ohne_pc,control,1,0,0,6,0,11,6,21,0,6,0,5,0,0
pc-22a6fa60-1236,forschung_muskelkraft__mit_pc,control,0,0,1,15,0,22,19,73,34,17,16,8,0,0
pc-22a6fa60-1236,solidaritaet_ueberleben__ohne_pc,control,1,1,0,15,2,21,18,60,48,17,12,10,0,0
pc-a95989a2-1237,forschung_muskelkraft__mit_pc,control,0,1,1,9,3,20,8,28,10,6,8,10,0,0
pc-a95989a2-1237,solidaritaet_ueberleben__ohne_pc,control,1,0,0,9,0,14,11,36,6,11,1,7,0,0
pc-1541bbdb-1238,forschung_muskelkraft__mit_pc,control,0,1,1,13,2,23,16,66,21,15,13,11,0,0
pc-1541bbdb-1238,solidaritaet_ueberleben__ohne_pc,control,1,0,0,13,-1,19,16,55,25,15,10,8,1,0
pc-9bf44b1d-1239,forschung_muskelkraft__mit_pc,control,0,1,1,9,7,19,9,29,12,7,11,11,0,0
pc-9bf44b1d-1239,solidaritaet_ueberleben__ohne_pc,control,1,0,0,9,-1,13,12,38,6,12,2,3,0,0
pc-07dc7d56-1240,forschung_muskelkraft__mit_pc,control,0,0,1,15,0,21,12,47,58,10,14,8,0,0
pc-07dc7d56-1240,solidaritaet_ueberleben__ohne_pc,control,1,1,0,15,1,19,17,53,52,16,6,9,0,0
pc-8e8f0c98-1241,forschung_muskelkraft__mit_pc,control,0,1,1,10,4,20,8,29,16,6,13,12,0,0
pc-8e8f0c98-1241,solidaritaet_ueberleben__ohne_pc,control,1,0,0,10,-2,16,14,39,8,13,1,6,0,0
pc-fa773ed0-1242,forschung_muskelkraft__mit_pc,control,0,1,1,12,6,22,14,51,15,12,17,13,0,0
pc-fa773ed0-1242,solidaritaet_ueberleben__ohne_pc,control,1,0,0,12,-3,16,16,50,18,15,7,4,0,0
pc-8129ce13-1243,forschung_muskelkraft__mit_pc,control,0,1,1,7,6,19,8,26,2,6,5,10,0,0
pc-8129ce13-1243,solidaritaet_ueberleben__ohne_pc,control,1,0,0,7,0,12,7,20,7,7,1,4,0,0
pc-ed11e04b-1244,forschung_muskelkraft__mit_pc,control,0,0,1,10,0,20,10,37,13,8,9,5,0,0
pc-ed11e04b-1244,solidaritaet_ueberleben__ohne_pc,control,1,1,0,10,5,15,13,43,5,12,4,10,0,0
pc-73c48f8e-1245,forschung_muskelkraft__mit_pc,control,0,1,1,10,8,20,11,40,5,9,12,13,0,0
pc-73c48f8e-1245,solidaritaet_ueberleben__ohne_pc,control,1,0,0,10,-3,15,13,44,7,12,5,2,0,0
pc-dfaca1c6-1246,forschung_muskelkraft__mit_pc,control,0,0,1,14,-1,23,16,59,37,14,16,9,0,0
pc-dfaca1c6-1246,solidaritaet_ueberleben__ohne_pc,control,1,1,0,14,1,20,18,61,34,17,10,11,0,0
pc-665f5109-1247,forschung_muskelkraft__mit_pc,control,0,1,1,7,10,15,7,25,2,6,3,10,0,0
pc-665f5109-1247,solidaritaet_ueberleben__ohne_pc,control,1,0,0,7,0,12,6,24,3,5,1,0,0,0
pc-d2476341-1248,forschung_muskelkraft__mit_pc,control,0,0,1,6,-2,12,6,19,1,5,2,3,0,0
pc-d2476341-1248,solidaritaet_ueberleben__ohne_pc,control,1,1,0,6,7,12,6,21,0,6,3,12,0,0
pc-58fa1284-1249,forschung_muskelkraft__mit_pc,control,0,1,1,14,2,23,18,71,25,16,16,10,0,0
pc-58fa1284-1249,solidaritaet_ueberleben__ohne_pc,control,1,0,0,14,0,19,18,57,38,17,12,8,1,0
pc-c4e224bc-1250,forschung_muskelkraft__mit_pc,control,0,1,1,11,3,21,12,46,15,10,11,13,0,0
pc-c4e224bc-1250,solidaritaet_ueberleben__ohne_pc,control,1,0,0,11,-3,18,15,54,8,14,5,7,0,0
pc-4b94d3ff-1251,forschung_muskelkraft__mit_pc,control,0,0,1,13,-4,22,16,60,23,14,9,6,0,0
pc-4b94d3ff-1251,solidaritaet_ueberleben__ohne_pc,control,1,1,0,13,4,17,13,44,36,12,9,14,0,0
pc-b77ce637-1252,forschung_muskelkraft__mit_pc,control,0,1,1,10,6,21,7,29,16,7,11,12,0,0
pc-b77ce637-1252,solidaritaet_ueberleben__ohne_pc,control,1,0,0,10,-2,14,13,40,11,13,2,4,0,0
pc-3e2f957a-1253,forschung_muskelkraft__mit_pc,control,0,0,1,8,-1,17,9,31,2,7,5,2,0,0
pc-3e2f957a-1253,solidaritaet_ueberleben__ohne_pc,control,1,1,0,8,8,13,9,30,6,9,2,11,0,0
pc-aa17a7b2-1254,forschung_muskelkraft__mit_pc,control,0,1,1,10,7,19,10,36,9,8,10,12,0,0
pc-aa17a7b2-1254,solidaritaet_ueberleben__ohne_pc,control,1,0,0,10,-2,16,14,43,8,13,3,3,1,0
pc-30ca56f5-1255,forschung_muskelkraft__mit_pc,control,0,0,1,6,0,16,7,20,1,5,1,2,0,0
pc-30ca56f5-1255,solidaritaet_ueberleben__ohne_pc,control,1,1,0,6,8,10,6,18,1,5,2,10,0,0
pc-9cb2692d-1256,forschung_muskelkraft__mit_pc,control,0,0,1,17,-5,22,12,49,87,10,12,4,0,0
pc-9cb2692d-1256,solidaritaet_ueberleben__ohne_pc,control,1,1,0,17,3,20,16,57,79,15,6,12,0,0
pc-23651870-1257,forschung_muskelkraft__mit_pc,control,0,1,1,8,8,16,7,24,4,5,9,12,0,0
pc-23651870-1257,solidaritaet_ueberleben__ohne_pc,control,1,0,0,8,-2,13,10,35,1,10,0,2,0,0
pc-8f4d2aa8-1258,forschung_muskelkraft__mit_pc,control,0,1,1,12,2,22,12,43,23,10,14,15,0,0
pc-8f4d2aa8-1258,solidaritaet_ueberleben__ohne_pc,control,1,0,0,12,-5,16,15,48,21,14,5,8,0,0
pc-15ffd9eb-1259,forschung_muskelkraft__mit_pc,control,0,1,1,14,6,23,15,59,32,13,14,14,0,0
pc-15ffd9eb-1259,solidaritaet_ueberleben__ohne_pc,control,1,0,0,14,-4,18,17,56,40,16,8,4,0,0
pc-81e7ec23-1260,forschung_muskelkraft__mit_pc,control,0,1,1,8,6,14,7,25,3,5,5,12,0,0
pc-81e7ec23-1260,solidaritaet_ueberleben__ohne_pc,control,1,0,0,8,-2,14,10,33,3,9,0,4,0,0
pc-089a9b66-1261,forschung_muskelkraft__mit_pc,control,0,1,1,11,4,20,12,47,8,11,14,11,0,0
pc-089a9b66-1261,solidaritaet_ueberleben__ohne_pc,control,1,0,0,11,-1,17,15,46,11,14,7,6,0,0
pc-7482ad9e-1262,forschung_muskelkraft__mit_pc,control,0,1,1,11,10,21,12,46,19,10,11,15,0,0
pc-7482ad9e-1262,solidaritaet_ueberleben__ohne_pc,control,1,0,0,11,-5,16,15,42,17,14,5,0,0,0
pc-fb355ce0-1263,forschung_muskelkraft__mit_pc,control,0,1,1,11,5,19,9,32,23,7,15,11,0,0
pc-fb355ce0-1263,solidaritaet_ueberleben__ohne_pc,control,1,0,0,11,-1,16,15,45,14,15,2,5,0,0
pc-c06d705c-1264,forschung_muskelkraft__mit_pc,control,0,0,1,9,-2,18,11,38,4,9,6,6,0,0
pc-c06d705c-1264,solidaritaet_ueberleben__ohne_pc,control,1,1,0,9,4,14,10,36,3,9,4,12,0,0
pc-47201f9f-1265,forschung_muskelkraft__mit_pc,control,0,1,1,11,6,22,12,44,17,10,14,13,0,0
pc-47201f9f-1265,solidaritaet_ueberleben__ohne_pc,control,1,0,0,11,-3,14,14,45,13,14,5,4,0,0
pc-b30831d7-1266,forschung_muskelkraft__mit_pc,control,0,1,1,11,4,23,13,46,15,11,14,11,0,0
pc-b30831d7-1266,solidaritaet_ueberleben__ohne_pc,control,1,0,0,11,-1,17,14,42,14,13,6,6,0,0
pc-39bac11a-1267,forschung_muskelkraft__mit_pc,control,0,1,1,14,4,24,18,69,26,16,16,11,0,0
pc-39bac11a-1267,solidaritaet_ueberleben__ohne_pc,control,1,0,0,14,-1,19,17,55,41,16,11,6,0,0
pc-a5a2f352-1268,forschung_muskelkraft__mit_pc,control,0,0,1,8,-1,16,8,31,3,7,4,8,0,0
pc-a5a2f352-1268,solidaritaet_ueberleben__ohne_pc,control,1,1,0,8,2,14,9,32,4,9,2,11,0,0
pc-2c558295-1269,forschung_muskelkraft__mit_pc,control,0,0,1,8,0,18,10,33,2,8,6,5,0,0
pc-2c558295-1269,solidaritaet_ueberleben__ohne_pc,control,1,1,0,8,5,13,9,34,2,9,3,10,0,0
pc-983db4cd-1270,forschung_muskelkraft__mit_pc,control,0,0,1,8,0,18,10,33,2,8,6,6,0,0
pc-983db4cd-1270,solidaritaet_ueberleben__ohne_pc,control,1,1,0,8,4,14,8,29,3,8,3,10,0,0
pc-1ef04410-1271,forschung_muskelkraft__mit_pc,control,0,1,1,11,4,22,8,29,26,6,13,12,0,0
pc-1ef04410-1271,solidaritaet_ueberleben__ohne_pc,control,1,0,0,11,-2,16,15,47,12,14,1,6,0,0
pc-8ad87648-1272,forschung_muskelkraft__mit_pc,control,0,1,1,13,1,22,14,59,19,12,13,11,0,0
pc-8ad87648-1272,solidaritaet_ueberleben__ohne_pc,control,1,0,0,13,-1,18,16,50,31,15,8,9,3,0
pc-118b058b-1273,forschung_muskelkraft__mit_pc,control,0,0,1,8,-3,18,9,33,2,8,5,1,0,0
pc-118b058b-1273,solidaritaet_ueberleben__ohne_pc,control,1,1,0,8,9,13,9,30,5,9,5,13,0,0
pc-7d7337c3-1274,forschung_muskelkraft__mit_pc,control,0,0,1,8,0,14,8,27,7,6,6,8,0,0
pc-7d7337c3-1274,solidaritaet_ueberleben__ohne_pc,control,1,1,0,8,2,12,11,32,1,11,2,10,0,0
pc-0425c706-1275,forschung_muskelkraft__mit_pc,control,0,1,1,9,9,19,10,37,4,8,8,10,0,0
pc-0425c706-1275,solidaritaet_ueberleben__ohne_pc,control,1,0,0,9,0,14,12,38,2,11,3,1,0,0
pc-700df93e-1276,forschung_muskelkraft__mit_pc,control,0,1,1,14,8,23,18,69,22,16,17,15,0,0
pc-700df93e-1276,solidaritaet_ueberleben__ohne_pc,control,1,0,0,14,-5,19,18,61,36,17,11,2,0,0
pc-f6c08880-1277,forschung_muskelkraft__mit_pc,control,0,1,1,8,8,18,8,29,5,6,8,10,0,0
pc-f6c08880-1277,solidaritaet_ueberleben__ohne_pc,control,1,0,0,8,0,12,8,33,3,8,2,2,0,0
pc-62a8bab9-1278,forschung_muskelkraft__mit_pc,control,0,1,1,13,6,22,14,57,21,12,14,15,0,0
pc-62a8bab9-1278,solidaritaet_ueberleben__ohne_pc,control,1,0,0,13,-5,18,17,52,31,16,7,4,0,0
pc-e95b49fb-1279,forschung_muskelkraft__mit_pc,control,0,1,1,10,4,20,8,29,16,6,12,13,0,0
pc-e95b49fb-1279,solidaritaet_ueberleben__ohne_pc,control,1,0,0,10,-3,14,14,43,10,14,1,6,0,0
pc-55437c34-1280,forschung_muskelkraft__mit_pc,control,0,0,1,13,-2,22,12,45,39,10,16,6,0,0
pc-55437c34-1280,solidaritaet_ueberleben__ohne_pc,control,1,1,0,13,4,20,17,56,26,17,5,12,0,0
pc-dbf60b76-1281,forschung_muskelkraft__mit_pc,control,0,1,1,11,2,22,13,49,12,11,9,11,0,0
pc-dbf60b76-1281,solidaritaet_ueberleben__ohne_pc,control,1,0,0,11,-1,16,14,45,10,13,7,8,0,0
pc-47de3daf-1282,forschung_muskelkraft__mit_pc,control,0,0,1,8,-1,15,8,33,3,8,3,0,0,0
pc-47de3daf-1282,solidaritaet_ueberleben__ohne_pc,control,1,1,0,8,10,13,9,28,3,8,4,11,0,0
pc-ce90ccf1-1283,forschung_muskelkraft__mit_pc,control,0,0,1,12,-4,23,13,52,19,11,14,9,0,0
pc-ce90ccf1-1283,solidaritaet_ueberleben__ohne_pc,control,1,1,0,12,1,19,16,54,15,15,7,14,1,0
pc-3a78ff2a-1284,forschung_muskelkraft__mit_pc,control,0,1,1,15,6,23,14,57,57,12,17,10,0,0
pc-3a78ff2a-1284,solidaritaet_ueberleben__ohne_pc,control,1,0,0,15,0,19,19,58,49,18,8,4,0,0
pc-c12b8e6c-1285,forschung_muskelkraft__mit_pc,control,0,1,1,11,8,20,12,50,15,11,9,12,0,0
pc-c12b8e6c-1285,solidaritaet_ueberleben__ohne_pc,control,1,0,0,11,-2,16,14,42,14,13,6,2,0,0
pc-2d13a0a5-1286,forschung_muskelkraft__mit_pc,control,0,1,1,8,4,17,11,34,1,9,7,11,0,0
pc-2d13a0a5-1286,solidaritaet_ueberleben__ohne_pc,control,1,0,0,8,-1,14,9,34,2,9,6,6,0,0
pc-b3c64fe7-1287,forschung_muskelkraft__mit_pc,control,0,1,1,6,4,13,6,20,1,5,2,10,0,0
pc-b3c64fe7-1287,solidaritaet_ueberleben__ohne_pc,control,1,0,0,6,0,11,6,18,3,6,0,6,0,0
pc-1fae6220-1288,forschung_muskelkraft__mit_pc,control,0,1,1,14,2,23,13,50,46,11,15,14,0,0
pc-1fae6220-1288,solidaritaet_ueberleben__ohne_pc,control,1,0,0,14,-4,20,18,57,38,18,6,8,0,0
pc-a6611162-1289,forschung_muskelkraft__mit_pc,control,0,1,1,15,2,22,11,42,68,9,14,12,0,0
pc-a6611162-1289,solidaritaet_ueberleben__ohne_pc,control,1,0,0,15,-2,21,19,61,49,18,4,8,0,0
pc-1249239b-1290,forschung_muskelkraft__mit_pc,control,0,1,1,10,5,20,9,28,18,7,12,11,0,0
pc-1249239b-1290,solidaritaet_ueberleben__ohne_pc,control,1,0,0,10,-1,15,13,41,10,13,2,5,0,0
pc-98fbd2dd-1291,forschung_muskelkraft__mit_pc,control,0,1,1,8,1,15,7,24,5,5,8,15,0,0
pc-98fbd2dd-1291,solidaritaet_ueberleben__ohne_pc,control,1,0,0,8,-5,13,10,35,0,10,1,9,0,0
pc-04e3e516-1292,forschung_muskelkraft__mit_pc,control,0,1,1,11,6,18,9,34,21,7,15,12,0,0
pc-04e3e516-1292,solidaritaet_ueberleben__ohne_pc,control,1,0,0,11,-2,15,14,44,14,14,2,4,0,0
pc-8b969458-1293,forschung_muskelkraft__mit_pc,control,0,1,1,7,5,15,7,21,1,5,6,10,0,0
pc-8b969458-1293,solidaritaet_ueberleben__ohne_pc,control,1,0,0,7,0,12,8,26,1,8,0,5,0,0
pc-f77ea690-1294,forschung_muskelkraft__mit_pc,control,0,1,1,9,8,20,10,33,4,8,9,12,0,0
pc-f77ea690-1294,solidaritaet_ueberleben__ohne_pc,control,1,0,0,9,-2,15,12,40,4,11,3,2,1,0
pc-7e3155d3-1295,forschung_muskelkraft__mit_pc,control,0,1,1,12,4,22,12,47,19,10,15,11,0,0
pc-7e3155d3-1295,solidaritaet_ueberleben__ohne_pc,control,1,0,0,12,-1,18,16,52,16,15,5,6,0,0
pc-ea19680b-1296,forschung_muskelkraft__mit_pc,control,0,0,1,11,-2,22,10,33,22,8,15,8,0,0
pc-ea19680b-1296,solidaritaet_ueberleben__ohne_pc,control,1,1,0,11,2,17,14,46,9,14,3,12,0,0
pc-70cc174e-1297,forschung_muskelkraft__mit_pc,control,0,0,1,11,-3,22,14,54,12,12,10,7,0,0
pc-70cc174e-1297,solidaritaet_ueberleben__ohne_pc,control,1,1,0,11,3,15,14,43,14,13,9,13,0,0
pc-dcb42986-1298,forschung_muskelkraft__mit_pc,control,0,1,1,13,7,22,16,65,21,14,16,15,0,0
pc-dcb42986-1298,solidaritaet_ueberleben__ohne_pc,control,1,0,0,13,-5,17,17,50,31,17,11,3,0,0
pc-6366d8c9-1299,forschung_muskelkraft__mit_pc,control,0,,1,16,-1,23,17,65,59,15,18,8,0,0
pc-6366d8c9-1299,solidaritaet_ueberleben__ohne_pc,control,1,,0,16,-1,22,20,64,57,19,11,8,1,0
pc-fe582e8c-1300,forschung_muskelkraft__mit_pc,control,0,1,0,14,4,22,9,38,59,7,16,13,0,0
pc-fe582e8c-1300,solidaritaet_ueberleben__ohne_pc,control,1,0,1,14,-3,18,18,60,32,17,2,6,0,0
pc-850addcf-1301,forschung_muskelkraft__mit_pc,control,0,0,0,7,0,15,7,20,2,5,7,6,0,0
pc-850addcf-1301,solidaritaet_ueberleben__ohne_pc,control,1,1,1,7,4,11,9,28,0,9,0,10,0,0
pc-0bbd6d12-1302,forschung_muskelkraft__mit_pc,control,0,1,0,14,3,23,18,71,24,16,17,13,0,0
pc-0bbd6d12-1302,solidaritaet_ueberleben__ohne_pc,control,1,0,1,14,-3,21,18,58,35,17,12,7,0,0
pc-92701c54-1303,forschung_muskelkraft__mit_pc,control,0,0,0,15,0,22,13,50,61,11,13,4,0,0
pc-92701c54-1303,solidaritaet_ueberleben__ohne_pc,control,1,1,1,15,5,21,17,57,51,16,6,9,0,0
pc-e38db182-1304,forschung_muskelkraft__mit_pc,control,0,1,0,6,4,13,7,20,1,5,5,11,0,0
pc-e38db182-1304,solidaritaet_ueberleben__ohne_pc,control,1,0,1,6,-1,11,6,19,2,6,1,6,0,0
pc-6a4040c5-1305,forschung_muskelkraft__mit_pc,control,0,1,0,9,1,17,8,28,8,6,9,11,0,0
pc-6a4040c5-1305,solidaritaet_ueberleben__ohne_pc,control,1,0,1,9,-1,14,11,36,9,11,2,9,0,0
pc-f0f2f007-1306,forschung_muskelkraft__mit_pc,control,0,1,0,9,2,15,7,24,12,5,11,10,0,0
pc-f0f2f007-1306,solidaritaet_ueberleben__ohne_pc,control,1,0,1,9,0,13,13,40,4,13,0,8,0,0
pc-77a59f4a-1307,forschung_muskelkraft__mit_pc,control,0,1,0,8,1,13,7,24,4,5,6,10,0,0
pc-77a59f4a-1307,solidaritaet_ueberleben__ohne_pc,control,1,0,1,8,0,12,10,33,2,9,2,9,0,0
pc-c8c33478-1308,forschung_muskelkraft__mit_pc,control,0,1,0,14,5,23,14,57,40,12,16,13,0,0
pc-c8c33478-1308,solidaritaet_ueberleben__ohne_pc,control,1,0,1,14,-3,19,18,56,39,18,7,5,1,0
pc-4f75c3bb-1309,forschung_muskelkraft__mit_pc,control,0,0,0,10,0,18,9,37,18,8,4,5,0,0
pc-4f75c3bb-1309,solidaritaet_ueberleben__ohne_pc,control,1,1,1,10,5,14,10,31,14,9,4,10,0,0
pc-d62872fd-1310,forschung_muskelkraft__mit_pc,control,0,0,0,13,0,22,14,54,24,12,17,8,0,0
pc-d62872fd-1310,solidaritaet_ueberleben__ohne_pc,control,1,1,1,13,2,19,17,52,28,16,7,10,1,0
pc-5cdb0240-1311,forschung_muskelkraft__mit_pc,control,0,1,0,8,4,16,7,24,4,5,8,13,0,0
pc-5cdb0240-1311,solidaritaet_ueberleben__ohne_pc,control,1,0,1,8,-3,11,9,33,2,9,0,6,0,0
pc-adf8b76e-1312,forschung_muskelkraft__mit_pc,control,0,1,0,13,8,23,12,49,34,10,17,11,0,0
pc-adf8b76e-1312,solidaritaet_ueberleben__ohne_pc,control,1,0,1,13,-1,18,17,56,23,17,6,2,1,0
pc-34ab46b1-1313,forschung_muskelkraft__mit_pc,control,0,0,0,13,-1,23,12,47,36,10,10,6,0,0
pc-34ab46b1-1313,solidaritaet_ueberleben__ohne_pc,control,1,1,1,13,4,18,14,46,36,13,6,11,0,0
pc-bb5df5f3-1314,forschung_muskelkraft__mit_pc,control,0,1,0,8,6,19,9,30,4,8,8,10,0,0
pc-bb5df5f3-1314,solidaritaet_ueberleben__ohne_pc,control,1,0,1,8,0,11,9,32,2,9,3,4,0,0
pc-42108536-1315,forschung_muskelkraft__mit_pc,control,0,1,0,12,6,22,15,59,16,13,12,11,0,0
pc-42108536-1315,solidaritaet_ueberleben__ohne_pc,control,1,0,1,12,-1,18,16,55,15,15,8,4,0,0
pc-932e3a64-1316,forschung_muskelkraft__mit_pc,control,0,1,0,9,2,16,8,27,9,6,9,13,0,0
pc-932e3a64-1316,solidaritaet_ueberleben__ohne_pc,control,1,0,1,9,-3,13,12,42,2,11,1,8,0,0
pc-19e0c9a7-1317,forschung_muskelkraft__mit_pc,control,0,1,0,12,10,23,15,54,16,13,16,11,0,0
pc-19e0c9a7-1317,solidaritaet_ueberleben__ohne_pc,control,1,0,1,12,-1,18,16,48,20,16,8,0,0,0
pc-a09378e9-1318,forschung_muskelkraft__mit_pc,control,0,0,0,14,0,23,17,67,28,15,15,7,0,0
pc-a09378e9-1318,solidaritaet_ueberleben__ohne_pc,control,1,1,1,14,3,20,18,57,40,17,10,10,0,0
pc-2746082c-1319,forschung_muskelkraft__mit_pc,control,0,0,0,13,-4,23,11,45,39,9,15,9,0,0
pc-2746082c-1319,solidaritaet_ueberleben__ohne_pc,control,1,1,1,13,1,18,17,51,29,16,4,14,1,0
pc-7863bd5a-1320,forschung_muskelkraft__mit_pc,control,0,1,0,13,7,22,14,57,26,12,12,13,0,0
pc-7863bd5a-1320,solidaritaet_ueberleben__ohne_pc,control,1,0,1,13,-3,18,16,54,26,15,8,3,0,0
pc-ff164c9c-1321,forschung_muskelkraft__mit_pc,control,0,1,0,10,8,21,9,31,15,7,14,10,0,0
pc-ff164c9c-1321,solidaritaet_ueberleben__ohne_pc,control,1,0,1,10,0,15,13,41,10,13,2,2,0,0
pc-85c8fbdf-1322,forschung_muskelkraft__mit_pc,control,0,1,0,8,5,16,7,25,3,6,8,10,0,0
pc-85c8fbdf-1322,solidaritaet_ueberleben__ohne_pc,control,1,0,1,8,0,13,10,35,0,10,1,5,0,0
pc-0c7b8b22-1323,forschung_muskelkraft__mit_pc,control,0,1,0,7,2,19,8,25,1,6,6,11,0,0
pc-0c7b8b22-1323,solidaritaet_ueberleben__ohne_pc,control,1,0,1,7,-1,12,7,22,5,7,1,8,0,0
pc-5d992050-1324,forschung_muskelkraft__mit_pc,control,0,1,0,8,2,16,9,33,1,8,5,13,0,0
pc-5d992050-1324,solidaritaet_ueberleben__ohne_pc,control,1,0,1,8,-3,14,10,31,4,9,3,8,0,0
pc-e44bcf92-1325,forschung_muskelkraft__mit_pc,control,0,0,0,7,0,13,8,25,1,6,4,9,0,0
pc-e44bcf92-1325,solidaritaet_ueberleben__ohne_pc,control,1,1,1,7,1,11,8,27,1,7,1,10,0,0
pc-6afe7ed5-1326,forschung_muskelkraft__mit_pc,control,0,1,0,10,4,21,10,36,14,8,9,11,0,0
pc-6afe7ed5-1326,solidaritaet_ueberleben__ohne_pc,control,1,0,1,10,-1,14,13,41,10,12,3,6,0,0
pc-f1b10e17-1327,forschung_muskelkraft__mit_pc,control,0,1,0,10,8,16,7,30,15,6,11,13,0,0
pc-f1b10e17-1327,solidaritaet_ueberleben__ohne_pc,control,1,0,1,10,-3,15,14,40,11,13,1,2,0,0
pc-42cea346-1328,forschung_muskelkraft__mit_pc,control,0,1,0,14,6,22,16,61,30,14,16,11,0,0
pc-42cea346-1328,solidaritaet_ueberleben__ohne_pc,control,1,0,1,14,-1,20,18,57,40,17,9,4,0,0
pc-c9815288-1329,forschung_muskelkraft__mit_pc,control,0,1,0,14,7,21,19,73,22,17,17,17,0,0
pc-c9815288-1329,solidaritaet_ueberleben__ohne_pc,control,1,0,1,14,-7,20,18,55,42,17,14,3,0,0
pc-5033e1cb-1330,forschung_muskelkraft__mit_pc,control,0,0,0,9,-1,19,11,36,5,9,8,2,0,0
pc-5033e1cb-1330,solidaritaet_ueberleben__ohne_pc,control,1,1,1,9,8,14,12,35,7,11,4,11,0,0
pc-d6e6910d-1331,forschung_muskelkraft__mit_pc,control,0,1,0,8,7,16,7,28,8,6,4,10,0,0
pc-d6e6910d-1331,solidaritaet_ueberleben__ohne_pc,control,1,0,1,8,0,13,9,27,8,8,1,3,0,0
pc-2804263c-1332,forschung_muskelkraft__mit_pc,control,0,1,0,12,5,21,11,43,29,9,15,16,0,0
pc-2804263c-1332,solidaritaet_ueberleben__ohne_pc,control,1,0,1,12,-6,18,16,52,16,15,4,5,0,0
pc-aeb6d57e-1333,forschung_muskelkraft__mit_pc,control,0,1,0,14,8,23,14,57,43,12,15,13,0,0
pc-aeb6d57e-1333,solidaritaet_ueberleben__ohne_pc,control,1,0,1,14,-3,19,18,58,35,17,8,2,0,0
pc-356964c1-1334,forschung_muskelkraft__mit_pc,control,0,1,0,17,1,21,13,50,86,11,19,13,0,0
pc-356964c1-1334,solidaritaet_ueberleben__ohne_pc,control,1,0,1,17,-6,21,20,64,72,19,8,6,0,0
pc-bc1c1403-1335,forschung_muskelkraft__mit_pc,control,0,1,0,9,9,19,9,31,5,7,9,10,0,0
pc-bc1c1403-1335,solidaritaet_ueberleben__ohne_pc,control,1,0,1,9,0,16,13,39,3,12,3,1,0,0
pc-0d39a932-1336,forschung_muskelkraft__mit_pc,control,0,0,0,14,-1,23,12,50,47,10,16,5,0,0
pc-0d39a932-1336,solidaritaet_ueberleben__ohne_pc,control,1,1,1,14,5,21,18,60,36,17,6,11,0,0
pc-93ec5874-1337,forschung_muskelkraft__mit_pc,control,0,0,0,7,-2,14,8,24,2,7,2,7,0,0
pc-93ec5874-1337,solidaritaet_ueberleben__ohne_pc,control,1,1,1,7,3,11,8,25,1,7,3,12,0,0
pc-1a9ee7b7-1338,forschung_muskelkraft__mit_pc,control,0,1,0,12,8,22,11,43,34,9,15,16,0,0
pc-1a9ee7b7-1338,solidaritaet_ueberleben__ohne_pc,control,1,0,1,12,-6,16,16,50,20,15,4,2,0,0
pc-a15196f9-1339,forschung_muskelkraft__mit_pc,control,0,0,0,9,0,18,10,37,4,9,5,4,0,0
pc-a15196f9-1339,solidaritaet_ueberleben__ohne_pc,control,1,1,1,9,6,13,10,40,4,9,4,10,0,0
pc-f26f2c27-1340,forschung_muskelkraft__mit_pc,control,0,0,0,17,-1,23,18,69,75,16,17,6,0,0
pc-f26f2c27-1340,solidaritaet_ueberleben__ohne_pc,control,1,1,1,17,1,21,20,64,77,19,11,8,0,0
pc-7921db6a-1341,forschung_muskelkraft__mit_pc,control,0,1,0,12,5,21,11,44,22,9,15,13,0,0
pc-7921db6a-1341,solidaritaet_ueberleben__ohne_pc,control,1,0,1,12,-3,18,16,48,20,15,4,5,0,0
pc-ffd46aac-1342,forschung_muskelkraft__mit_pc,control,0,1,0,11,6,21,12,45,10,10,15,10,0,0
pc-ffd46aac-1342,solidaritaet_ueberleben__ohne_pc,control,1,0,1,11,0,18,15,45,12,15,5,4,0,0
pc-868719ef-1343,forschung_muskelkraft__mit_pc,control,0,1,0,8,5,16,8,26,2,6,8,12,0,0
pc-868719ef-1343,solidaritaet_ueberleben__ohne_pc,control,1,0,1,8,-2,15,11,32,2,10,2,5,4,0
pc-d7a4af1d-1344,forschung_muskelkraft__mit_pc,control,0,0,0,15,-2,22,11,46,65,9,16,9,0,0
pc-d7a4af1d-1344,solidaritaet_ueberleben__ohne_pc,control,1,1,1,15,1,21,19,62,46,18,4,12,0,0
pc-5e575e60-1345,forschung_muskelkraft__mit_pc,control,0,,0,18,-3,23,15,61,96,13,13,3,0,0
pc-5e575e60-1345,solidaritaet_ueberleben__ohne_pc,control,1,,1,18,-3,22,17,60,95,16,8,3,0,0
pc-e509eda2-1346,forschung_muskelkraft__mit_pc,control,0,0,0,7,-2,12,8,27,1,6,4,6,0,0
pc-e509eda2-1346,solidaritaet_ueberleben__ohne_pc,control,1,1,1,7,4,11,8,27,0,8,2,12,0,0
pc-6bbc9ce5-1347,forschung_muskelkraft__mit_pc,control,0,1,0,13,4,23,14,59,25,12,14,13,0,0
pc-6bbc9ce5-1347,solidaritaet_ueberleben__ohne_pc,control,1,0,1,13,-3,20,17,56,24,16,8,6,1,0
pc-bcda3213-1348,forschung_muskelkraft__mit_pc,control,0,1,0,11,3,22,12,46,9,10,10,11,0,0
pc-bcda3213-1348,solidaritaet_ueberleben__ohne_pc,control,1,0,1,11,-1,15,14,42,16,13,5,7,0,0
pc-438cc156-1349,forschung_muskelkraft__mit_pc,control,0,1,0,10,6,20,7,25,20,6,14,14,0,0
pc-438cc156-1349,solidaritaet_ueberleben__ohne_pc,control,1,0,1,10,-4,17,14,42,5,14,1,4,0,0
pc-ca3f7098-1350,forschung_muskelkraft__mit_pc,control,0,1,0,13,2,24,15,60,18,13,12,12,0,0
pc-ca3f7098-1350,solidaritaet_ueberleben__ohne_pc,control,1,0,1,13,-2,19,15,48,32,14,8,8,0,0
pc-50f21fdb-1351,forschung_muskelkraft__mit_pc,control,0,0,0,15,0,23,17,67,38,15,15,8,0,0
pc-50f21fdb-1351,solidaritaet_ueberleben__ohne_pc,control,1,1,1,15,1,22,18,60,48,17,11,9,1,0
pc-a20fb509-1352,forschung_muskelkraft__mit_pc,control,0,1,0,14,8,23,13,49,43,11,17,15,0,0
pc-a20fb509-1352,solidaritaet_ueberleben__ohne_pc,control,1,0,1,14,-5,19,17,55,41,16,6,2,1,0
pc-28c2444c-1353,forschung_muskelkraft__mit_pc,control,0,1,0,15,4,22,15,57,52,13,15,10,0,0
pc-28c2444c-1353,solidaritaet_ueberleben__ohne_pc,control,1,0,1,15,0,20,19,62,49,18,8,6,1,0
pc-af74f38e-1354,forschung_muskelkraft__mit_pc,control,0,,0,15,0,23,16,63,46,14,19,9,0,0
pc-af74f38e-1354,solidaritaet_ueberleben__ohne_pc,control,1,,1,15,0,20,19,60,51,19,9,9,0,0
pc-362782d1-1355,forschung_muskelkraft__mit_pc,control,0,1,0,10,4,17,11,41,4,9,10,13,0,0
pc-362782d1-1355,solidaritaet_ueberleben__ohne_pc,control,1,0,1,10,-3,15,13,37,10,12,4,6,0,0
pc-874537ff-1356,forschung_muskelkraft__mit_pc,control,0,0,0,8,-3,19,8,29,5,7,5,4,0,0
pc-874537ff-1356,solidaritaet_ueberleben__ohne_pc,control,1,1,1,8,6,13,9,31,2,8,2,13,0,0
pc-0df7c742-1357,forschung_muskelkraft__mit_pc,control,0,1,0,14,3,22,18,67,28,16,14,10,0,0
pc-0df7c742-1357,solidaritaet_ueberleben__ohne_pc,control,1,0,1,14,0,18,17,57,37,16,11,7,1,0
pc-94aa7684-1358,forschung_muskelkraft__mit_pc,control,0,1,0,12,8,23,12,45,22,10,16,10,0,0
pc-94aa7684-1358,solidaritaet_ueberleben__ohne_pc,control,1,0,1,12,0,18,16,50,19,15,6,2,0,0
pc-1b5d05c7-1359,forschung_muskelkraft__mit_pc,control,0,1,0,11,4,21,14,51,10,12,11,13,0,0
pc-1b5d05c7-1359,solidaritaet_ueberleben__ohne_pc,control,1,0,1,11,-3,17,14,40,18,14,7,6,0,0
pc-6c7abaf5-1360,forschung_muskelkraft__mit_pc,control,0,1,0,13,7,22,14,55,23,12,14,12,0,0
pc-6c7abaf5-1360,solidaritaet_ueberleben__ohne_pc,control,1,0,1,13,-2,17,16,50,29,15,8,3,0,0
pc-f32d4a37-1361,forschung_muskelkraft__mit_pc,control,0,0,0,15,-3,22,15,61,48,13,20,5,0,0
pc-f32d4a37-1361,solidaritaet_ueberleben__ohne_pc,control,1,1,1,15,5,21,19,60,50,19,10,13,0,0
pc-79dff97a-1362,forschung_muskelkraft__mit_pc,control,0,1,0,10,4,22,12,45,5,10,10,14,0,0
pc-79dff97a-1362,solidaritaet_ueberleben__ohne_pc,control,1,0,1,10,-4,15,13,44,6,13,5,6,0,0
pc-009288bd-1363,forschung_muskelkraft__mit_pc,control,0,1,0,14,3,22,16,61,34,14,14,13,0,0
pc-009288bd-1363,solidaritaet_ueberleben__ohne_pc,control,1,0,1,14,-3,20,18,60,34,17,9,7,0,0
pc-51b03deb-1364,forschung_muskelkraft__mit_pc,control,0,1,0,13,4,24,12,52,32,11,13,12,0,0
pc-51b03deb-1364,solidaritaet_ueberleben__ohne_pc,control,1,0,1,13,-2,19,17,57,23,16,6,6,0,0
pc-d862cd2d-1365,forschung_muskelkraft__mit_pc,control,0,0,0,8,-3,19,7,23,5,5,5,6,0,0
pc-d862cd2d-1365,solidaritaet_ueberleben__ohne_pc,control,1,1,1,8,4,12,8,30,3,8,0,13,0,0
pc-5f157c70-1366,forschung_muskelkraft__mit_pc,control,0,0,0,14,-2,22,15,56,35,13,17,9,0,0
pc-5f157c70-1366,solidaritaet_ueberleben__ohne_pc,control,1,1,1,14,1,21,18,55,38,17,9,12,0,0
pc-e5c80bb2-1367,forschung_muskelkraft__mit_pc,control,0,1,0,11,2,22,11,42,18,10,12,11,0,0
pc-e5c80bb2-1367,solidaritaet_ueberleben__ohne_pc,control,1,0,1,11,-1,16,14,41,16,13,5,8,0,0
pc-36e5a0e1-1368,forschung_muskelkraft__mit_pc,control,0,0,0,9,0,16,9,33,4,8,9,4,0,0
pc-36e5a0e1-1368,solidaritaet_ueberleben__ohne_pc,control,1,1,1,9,6,12,12,39,3,12,3,10,0,0
pc-bd985023-1369,forschung_muskelkraft__mit_pc,control,0,0,0,8,0,13,6,20,8,5,6,7,0,0
pc-bd985023-1369,solidaritaet_ueberleben__ohne_pc,control,1,1,1,8,3,13,8,27,1,7,0,10,0,0
pc-444aff66-1370,forschung_muskelkraft__mit_pc,control,0,0,0,14,-2,21,17,65,30,15,14,8,0,0
pc-444aff66-1370,solidaritaet_ueberleben__ohne_pc,control,1,1,1,14,2,19,18,59,33,17,10,12,0,0
pc-cafd8ea8-1371,forschung_muskelkraft__mit_pc,control,0,1,0,14,2,22,14,57,34,12,16,10,0,0
pc-cafd8ea8-1371,solidaritaet_ueberleben__ohne_pc,control,1,0,1,14,0,20,18,58,37,17,7,8,0,0
pc-1c1b23d7-1372,forschung_muskelkraft__mit_pc,control,0,1,0,8,5,18,8,30,3,7,9,11,0,0
pc-1c1b23d7-1372,solidaritaet_ueberleben__ohne_pc,control,1,0,1,8,-1,12,11,28,2,10,2,5,0,0
pc-a2cdd319-1373,forschung_muskelkraft__mit_pc,control,0,1,0,12,6,23,13,50,22,11,17,12,0,0
pc-a2cdd319-1373,solidaritaet_ueberleben__ohne_pc,control,1,0,1,12,-2,16,16,45,27,16,6,4,0,0
pc-2980625c-1374,forschung_muskelkraft__mit_pc,control,0,0,0,11,-2,21,13,50,11,11,11,5,0,0
pc-2980625c-1374,solidaritaet_ueberleben__ohne_pc,control,1,1,1,11,5,16,13,42,17,13,7,12,0,0
pc-b033119e-1375,forschung_muskelkraft__mit_pc,control,0,1,0,15,5,23,19,73,36,17,15,9,0,0
pc-b033119e-1375,solidaritaet_ueberleben__ohne_pc,control,1,0,1,15,0,20,19,61,46,18,14,4,0,0
pc-0150a6cd-1376,forschung_muskelkraft__mit_pc,control,0,1,0,14,1,22,14,55,36,12,14,13,0,0
pc-0150a6cd-1376,solidaritaet_ueberleben__ohne_pc,control,1,0,1,14,-3,20,18,61,32,17,7,9,0,0
pc-8803560f-1377,forschung_muskelkraft__mit_pc,control,0,1,0,12,4,23,14,54,19,12,15,13,0,0
pc-8803560f-1377,solidaritaet_ueberleben__ohne_pc,control,1,0,1,12,-3,16,15,45,24,15,7,6,0,0
pc-0eb5e552-1378,forschung_muskelkraft__mit_pc,control,0,1,0,9,2,18,9,32,4,7,8,12,0,0
pc-0eb5e552-1378,solidaritaet_ueberleben__ohne_pc,control,1,0,1,9,-2,13,12,42,3,11,2,8,0,0
pc-95689494-1379,forschung_muskelkraft__mit_pc,control,0,1,0,10,9,22,10,37,8,8,13,13,0,0
pc-95689494-1379,solidaritaet_ueberleben__ohne_pc,control,1,0,1,10,-3,15,14,41,6,13,3,1,0,0
pc-e68629c2-1380,forschung_muskelkraft__mit_pc,control,0,1,0,12,6,18,14,51,15,12,15,11,0,0
pc-e68629c2-1380,solidaritaet_ueberleben__ohne_pc,control,1,0,1,12,-1,19,16,47,22,15,9,4,0,0
pc-6d38d905-1381,forschung_muskelkraft__mit_pc,control,0,1,0,8,5,14,7,27,5,7,7,12,0,0
pc-6d38d905-1381,solidaritaet_ueberleben__ohne_pc,control,1,0,1,8,-2,12,9,31,3,8,2,5,0,0
pc-f3eb6847-1382,forschung_muskelkraft__mit_pc,control,0,1,0,11,3,22,11,39,16,9,12,11,0,0
pc-f3eb6847-1382,solidaritaet_ueberleben__ohne_pc,control,1,0,1,11,-1,15,15,46,11,14,4,7,0,0
pc-7a9e178a-1383,forschung_muskelkraft__mit_pc,control,0,1,0,14,6,22,17,67,24,15,15,15,0,0
pc-7a9e178a-1383,solidaritaet_ueberleben__ohne_pc,control,1,0,1,14,-5,19,17,53,40,16,11,4,0,0
pc-cbbbacb8-1384,forschung_muskelkraft__mit_pc,control,0,0,0,7,-3,11,6,19,2,5,5,6,0,0
pc-cbbbacb8-1384,solidaritaet_ueberleben__ohne_pc,control,1,1,1,7,4,11,8,23,2,8,0,13,0,0
pc-526e5bfb-1385,forschung_muskelkraft__mit_pc,control,0,0,0,8,-1,13,7,26,8,5,5,3,0,0
pc-526e5bfb-1385,solidaritaet_ueberleben__ohne_pc,control,1,1,1,8,7,14,9,32,4,8,0,11,0,0
pc-d920eb3d-1386,forschung_muskelkraft__mit_pc,control,0,1,0,13,7,23,13,52,30,11,15,10,0,0
pc-d920eb3d-1386,solidaritaet_ueberleben__ohne_pc,control,1,0,1,13,0,19,17,57,27,16,7,3,0,0
pc-5fd39a80-1387,forschung_muskelkraft__mit_pc,control,0,1,0,13,4,20,15,56,22,13,11,10,0,0
pc-5fd39a80-1387,solidaritaet_ueberleben__ohne_pc,control,1,0,1,13,0,17,16,52,29,15,8,6,0,0
pc-b0f12fae-1388,forschung_muskelkraft__mit_pc,control,0,1,0,10,4,19,12,45,6,10,10,17,0,0
pc-b0f12fae-1388,solidaritaet_ueberleben__ohne_pc,control,1,0,1,10,-7,17,14,44,3,13,5,6,1,0
pc-37a3def1-1389,forschung_muskelkraft__mit_pc,control,0,1,0,10,6,18,11,37,8,9,7,11,0,0
pc-37a3def1-1389,solidaritaet_ueberleben__ohne_pc,control,1,0,1,10,-1,15,12,35,17,11,4,4,0,0
pc-be566e33-1390,forschung_muskelkraft__mit_pc,control,0,0,0,15,0,21,15,59,51,13,18,7,0,0
pc-be566e33-1390,solidaritaet_ueberleben__ohne_pc,control,1,1,1,15,2,20,19,62,51,18,8,9,1,0
pc-45091d76-1391,forschung_muskelkraft__mit_pc,control,0,1,0,9,6,18,8,27,9,6,10,12,0,0
pc-45091d76-1391,solidaritaet_ueberleben__ohne_pc,control,1,0,1,9,-2,14,12,39,3,12,1,4,0,0
pc-9626b2a4-1392,forschung_muskelkraft__mit_pc,control,0,1,0,10,7,18,10,34,11,8,12,10,0,0
pc-9626b2a4-1392,solidaritaet_ueberleben__ohne_pc,control,1,0,1,10,0,14,14,44,8,13,3,3,1,0
pc-1cd941e7-1393,forschung_muskelkraft__mit_pc,control,0,0,0,8,-5,16,9,33,2,8,4,2,0,0
pc-1cd941e7-1393,solidaritaet_ueberleben__ohne_pc,control,1,1,1,8,8,12,9,31,1,8,5,15,0,0
pc-a38bf129-1394,forschung_muskelkraft__mit_pc,control,0,1,0,10,7,22,11,41,13,10,13,13,0,0
pc-a38bf129-1394,solidaritaet_ueberleben__ohne_pc,control,1,0,1,10,-3,17,14,36,12,14,5,3,0,0
pc-2a3e806c-1395,forschung_muskelkraft__mit_pc,control,0,1,0,14,6,21,16,65,26,14,11,13,0,0
pc-2a3e806c-1395,solidaritaet_ueberleben__ohne_pc,control,1,0,1,14,-3,20,16,54,37,15,9,4,0,0
pc-7b5c359a-1396,forschung_muskelkraft__mit_pc,control,0,1,0,16,5,24,10,41,79,8,19,10,0,0
pc-7b5c359a-1396,solidaritaet_ueberleben__ohne_pc,control,1,0,1,16,-1,21,20,64,60,19,3,4,0,0
pc-020ec4dd-1397,forschung_muskelkraft__mit_pc,control,0,1,0,11,4,21,10,35,26,9,10,11,0,0
pc-020ec4dd-1397,solidaritaet_ueberleben__ohne_pc,control,1,0,1,11,-1,15,14,41,19,13,6,6,0,0
pc-88c1741f-1398,forschung_muskelkraft__mit_pc,control,0,1,0,8,9,16,9,33,3,8,7,10,0,0
pc-88c1741f-1398,solidaritaet_ueberleben__ohne_pc,control,1,0,1,8,0,13,10,32,4,10,3,1,1,0
pc-0f740362-1399,forschung_muskelkraft__mit_pc,control,0,0,0,11,0,19,11,41,25,9,11,6,0,0
pc-0f740362-1399,solidaritaet_ueberleben__ohne_pc,control,1,1,1,11,4,14,14,42,16,14,4,10,0,0
pc-3b0cb3fa-1400,forschung_muskelkraft__ohne_pc,control,0,1,1,14,6,23,20,71,20,18,13,11,0,0
pc-3b0cb3fa-1400,solidaritaet_ueberleben__mit_pc,control,1,0,0,14,-1,20,13,49,42,12,17,4,0,0
pc-c1bf433c-1401,forschung_muskelkraft__ohne_pc,control,0,0,1,9,0,16,9,36,6,8,9,2,0,0
pc-c1bf433c-1401,solidaritaet_ueberleben__mit_pc,control,1,1,0,9,8,14,10,33,6,10,3,10,0,0
pc-4871f27f-1402,forschung_muskelkraft__ohne_pc,control,0,1,1,12,1,20,13,51,15,12,15,13,0,0
pc-4871f27f-1402,solidaritaet_ueberleben__mit_pc,control,1,0,0,12,-3,19,16,57,13,15,8,9,0,0
pc-cf2481c1-1403,forschung_muskelkraft__ohne_pc,control,0,0,1,14,-1,22,17,65,30,15,14,9,0,0
pc-cf2481c1-1403,solidaritaet_ueberleben__mit_pc,control,1,1,0,14,1,21,18,62,31,17,10,11,0,0
pc-55d73104-1404,forschung_muskelkraft__ohne_pc,control,0,0,1,14,-4,22,17,63,36,15,16,8,0,0
pc-55d73104-1404,solidaritaet_ueberleben__mit_pc,control,1,1,0,14,2,19,18,61,32,18,11,14,1,0
pc-dc89c046-1405,forschung_muskelkraft__ohne_pc,control,0,0,1,10,-1,20,13,50,5,11,4,8,0,0
pc-dc89c046-1405,solidaritaet_ueberleben__mit_pc,control,1,1,0,10,2,15,10,40,5,9,9,11,0,0
pc-633c6f89-1406,forschung_muskelkraft__ohne_pc,control,0,0,1,9,0,17,11,42,3,10,4,7,0,0
pc-633c6f89-1406,solidaritaet_ueberleben__mit_pc,control,1,1,0,9,3,16,9,31,5,8,5,10,0,0
pc-e9ef1ecb-1407,forschung_muskelkraft__ohne_pc,control,0,0,1,7,0,14,6,19,2,5,7,0,0,0
pc-e9ef1ecb-1407,solidaritaet_ueberleben__mit_pc,control,1,1,0,7,10,11,8,27,0,8,0,10,0,0
pc-70a1ae0e-1408,forschung_muskelkraft__ohne_pc,control,0,1,1,11,2,23,12,47,9,10,14,14,0,0
pc-70a1ae0e-1408,solidaritaet_ueberleben__mit_pc,control,1,0,0,11,-4,16,15,45,12,15,5,8,1,0
pc-f7545d50-1409,forschung_muskelkraft__ohne_pc,control,0,0,1,10,0,19,11,43,11,9,13,4,0,0
pc-f7545d50-1409,solidaritaet_ueberleben__mit_pc,control,1,1,0,10,6,15,14,45,5,14,4,10,0,0
pc-7e06ec93-1410,forschung_muskelkraft__ohne_pc,control,0,1,1,12,1,22,14,53,14,12,12,12,0,0
pc-7e06ec93-1410,solidaritaet_ueberleben__mit_pc,control,1,0,0,12,-2,18,16,51,17,15,7,9,0,0
pc-04b99bd6-1411,forschung_muskelkraft__ohne_pc,control,0,0,1,9,-1,16,10,39,5,9,3,7,0,0
pc-04b99bd6-1411,solidaritaet_ueberleben__mit_pc,control,1,1,0,9,3,14,8,32,7,8,4,11,0,0
pc-8b6c2b18-1412,forschung_muskelkraft__ohne_pc,control,0,0,1,7,0,14,8,26,2,6,4,1,0,0
pc-8b6c2b18-1412,solidaritaet_ueberleben__mit_pc,control,1,1,0,7,9,13,8,26,1,7,2,10,0,0
pc-121eda5b-1413,forschung_muskelkraft__ohne_pc,control,0,0,1,13,-2,20,18,67,18,16,10,6,0,0
pc-121eda5b-1413,solidaritaet_ueberleben__mit_pc,control,1,1,0,13,4,18,16,56,22,15,11,12,2,0
pc-98d1699d-1414,forschung_muskelkraft__ohne_pc,control,0,1,1,6,2,13,6,18,2,4,3,11,0,0
pc-98d1699d-1414,solidaritaet_ueberleben__mit_pc,control,1,0,0,6,-1,9,7,19,2,7,0,8,0,0
pc-1f8418e0-1415,forschung_muskelkraft__ohne_pc,control,0,1,1,7,8,15,7,25,2,6,5,10,0,0
pc-1f8418e0-1415,solidaritaet_ueberleben__mit_pc,control,1,0,0,7,0,12,7,24,3,7,2,2,0,0
pc-cfe2bfd1-1416,forschung_muskelkraft__ohne_pc,control,0,0,1,11,-3,20,11,44,22,9,9,6,0,0
pc-cfe2bfd1-1416,solidaritaet_ueberleben__mit_pc,control,1,1,0,11,4,15,14,42,13,13,6,13,0,0
pc-56954f14-1417,forschung_muskelkraft__ohne_pc,control,0,0,1,16,-1,21,20,71,49,18,16,8,0,0
pc-56954f14-1417,solidaritaet_ueberleben__mit_pc,control,1,1,0,16,1,22,20,68,55,19,15,10,0,0
pc-dd47fe56-1418,forschung_muskelkraft__ohne_pc,control,0,1,1,11,2,20,13,49,13,11,12,10,0,0
pc-dd47fe56-1418,solidaritaet_ueberleben__mit_pc,control,1,0,0,11,0,17,15,44,13,14,6,8,1,0
pc-63fa8d99-1419,forschung_muskelkraft__ohne_pc,control,0,1,1,7,2,13,8,23,3,6,4,12,0,0
pc-63fa8d99-1419,solidaritaet_ueberleben__mit_pc,control,1,0,0,7,-2,13,7,25,2,6,4,8,0,0
pc-eaad3cdb-1420,forschung_muskelkraft__ohne_pc,control,0,1,1,12,1,22,15,57,14,13,10,12,0,0
pc-eaad3cdb-1420,solidaritaet_ueberleben__mit_pc,control,1,0,0,12,-2,17,15,46,25,14,9,9,2,0
pc-715fcc1e-1421,forschung_muskelkraft__ohne_pc,control,0,0,1,11,-2,21,15,58,3,13,8,5,0,0
pc-715fcc1e-1421,solidaritaet_ueberleben__mit_pc,control,1,1,0,11,5,18,12,46,9,11,10,12,0,0
pc-f8127b60-1422,forschung_muskelkraft__ohne_pc,control,0,1,1,6,5,12,6,20,1,5,5,12,0,0
pc-f8127b60-1422,solidaritaet_ueberleben__mit_pc,control,1,0,0,6,-2,10,6,18,3,6,1,5,0,0
pc-7ec50aa3-1423,forschung_muskelkraft__ohne_pc,control,0,0,1,11,-1,23,14,51,14,12,12,5,0,0
pc-7ec50aa3-1423,solidaritaet_ueberleben__mit_pc,control,1,1,0,11,5,15,15,50,12,15,7,11,0,0
pc-0577b9e6-1424,forschung_muskelkraft__ohne_pc,control,0,0,1,8,-2,14,8,24,10,6,6,6,0,0
pc-0577b9e6-1424,solidaritaet_ueberleben__mit_pc,control,1,1,0,8,4,12,9,30,2,9,1,12,0,0
pc-8c2a4928-1425,forschung_muskelkraft__ohne_pc,control,0,0,1,10,-3,19,12,42,13,10,8,4,0,0
pc-8c2a4928-1425,solidaritaet_ueberleben__mit_pc,control,1,1,0,10,6,16,12,40,10,11,6,13,0,0
pc-12dcf86b-1426,forschung_muskelkraft__ohne_pc,control,0,1,1,9,3,20,11,38,6,9,8,13,0,0
pc-12dcf86b-1426,solidaritaet_ueberleben__mit_pc,control,1,0,0,9,-3,13,10,37,7,10,4,7,0,0
pc-998f87ad-1427,forschung_muskelkraft__ohne_pc,control,0,1,1,15,4,23,18,67,38,16,15,11,0,0
pc-998f87ad-1427,solidaritaet_ueberleben__mit_pc,control,1,0,0,15,-1,20,18,60,46,17,11,6,0,0
pc-204236f0-1428,forschung_muskelkraft__ohne_pc,control,0,1,1,10,3,19,12,41,4,10,11,12,0,0
pc-204236f0-1428,solidaritaet_ueberleben__mit_pc,control,1,0,0,10,-2,16,12,44,11,12,5,7,0,0
pc-a6f4c632-1429,forschung_muskelkraft__ohne_pc,control,0,0,1,8,0,17,9,28,7,7,3,5,0,0
pc-a6f4c632-1429,solidaritaet_ueberleben__mit_pc,control,1,1,0,8,5,15,9,33,1,8,2,10,0,0
pc-2da77575-1430,forschung_muskelkraft__ohne_pc,control,0,1,1,15,2,22,14,57,52,12,16,9,0,0
pc-2da77575-1430,solidaritaet_ueberleben__mit_pc,control,1,0,0,15,0,22,19,64,43,18,9,7,0,0
pc-b45a04b7-1431,forschung_muskelkraft__ohne_pc,control,0,1,1,10,4,18,12,42,8,10,11,10,0,0
pc-b45a04b7-1431,solidaritaet_ueberleben__mit_pc,control,1,0,0,10,0,16,13,41,6,12,6,6,0,0
pc-1160bc4b-1432,forschung_muskelkraft__ohne_pc,control,0,1,1,8,5,19,8,25,3,6,5,11,0,0
pc-1160bc4b-1432,solidaritaet_ueberleben__mit_pc,control,1,0,0,8,-1,14,10,36,0,9,1,5,0,0
pc-98134b8d-1433,forschung_muskelkraft__ohne_pc,control,0,1,1,10,6,22,11,38,7,9,9,11,0,0
pc-98134b8d-1433,solidaritaet_ueberleben__mit_pc,control,1,0,0,10,-1,15,13,41,7,12,4,4,0,0
pc-1ec5fad0-1434,forschung_muskelkraft__ohne_pc,control,0,1,1,8,1,15,8,30,4,7,7,10,0,0
pc-1ec5fad0-1434,solidaritaet_ueberleben__mit_pc,control,1,0,0,8,0,14,11,34,1,10,3,9,0,0
pc-a5788a12-1435,forschung_muskelkraft__ohne_pc,control,0,1,1,10,2,18,10,33,13,8,14,12,0,0
pc-a5788a12-1435,solidaritaet_ueberleben__mit_pc,control,1,0,0,10,-2,15,13,41,9,13,3,8,0,0
pc-2c2b3955-1436,forschung_muskelkraft__ohne_pc,control,0,0,1,9,0,20,10,39,6,9,8,6,0,0
pc-2c2b3955-1436,solidaritaet_ueberleben__mit_pc,control,1,1,0,9,4,14,11,37,4,11,4,10,0,0
pc-b2ddc897-1437,forschung_muskelkraft__ohne_pc,control,0,0,1,15,-1,23,20,71,36,18,11,6,0,0
pc-b2ddc897-1437,solidaritaet_ueberleben__mit_pc,control,1,1,0,15,4,20,15,55,50,14,14,11,0,0
pc-399077da-1438,forschung_muskelkraft__ohne_pc,control,0,0,1,11,-1,22,13,45,15,11,8,5,0,0
pc-399077da-1438,solidaritaet_ueberleben__mit_pc,control,1,1,0,11,5,17,13,49,6,12,7,11,0,0
pc-c043071c-1439,forschung_muskelkraft__ohne_pc,control,0,0,1,12,0,22,14,51,26,12,12,6,0,0
pc-c043071c-1439,solidaritaet_ueberleben__mit_pc,control,1,1,0,12,4,18,16,59,12,15,8,10,0,0
pc-46f5b65f-1440,forschung_muskelkraft__ohne_pc,control,0,0,1,8,-1,16,8,26,2,6,8,8,0,0
pc-46f5b65f-1440,solidaritaet_ueberleben__mit_pc,control,1,1,0,8,2,13,11,32,0,10,1,11,0,0
pc-cda845a1-1441,forschung_muskelkraft__ohne_pc,control,0,,1,9,0,19,10,36,5,8,10,10,0,0
pc-cda845a1-1441,solidaritaet_ueberleben__mit_pc,control,1,,0,9,0,15,10,34,5,10,4,10,1,0
pc-545af4e4-1442,forschung_muskelkraft__ohne_pc,control,0,0,1,14,-4,22,17,65,32,15,14,7,0,0
pc-545af4e4-1442,solidaritaet_ueberleben__mit_pc,control,1,1,0,14,3,19,17,56,35,17,11,14,0,0
pc-db0d8426-1443,forschung_muskelkraft__ohne_pc,control,0,0,1,7,-1,18,7,25,2,6,3,0,0,0
pc-db0d8426-1443,solidaritaet_ueberleben__mit_pc,control,1,1,0,7,10,13,7,27,0,7,1,11,0,0
pc-61c03369-1444,forschung_muskelkraft__ohne_pc,control,0,0,1,10,-2,16,9,32,13,7,13,5,0,0
pc-61c03369-1444,solidaritaet_ueberleben__mit_pc,control,1,1,0,10,5,16,13,44,7,12,2,12,0,0
pc-e872c2ab-1445,forschung_muskelkraft__ohne_pc,control,0,1,1,9,6,15,11,36,3,9,5,12,0,0
pc-e872c2ab-1445,solidaritaet_ueberleben__mit_pc,control,1,0,0,9,-2,12,10,30,10,9,6,4,1,0
pc-6f2571ee-1446,forschung_muskelkraft__ohne_pc,control,0,0,1,16,0,21,20,71,49,18,14,6,0,0
pc-6f2571ee-1446,solidaritaet_ueberleben__mit_pc,control,1,1,0,16,3,22,18,58,62,17,18,9,0,0
pc-f5d80130-1447,forschung_muskelkraft__ohne_pc,control,0,0,1,15,-1,23,15,55,50,13,10,5,0,0
pc-f5d80130-1447,solidaritaet_ueberleben__mit_pc,control,1,1,0,15,5,21,13,54,51,12,8,11,0,0
pc-a636a822-1448,forschung_muskelkraft__ohne_pc,control,0,1,1,8,3,19,9,32,2,8,6,10,0,0
pc-a636a822-1448,solidaritaet_ueberleben__mit_pc,control,1,0,0,8,0,12,9,31,1,9,3,7,0,0
pc-2ce95765-1449,forschung_muskelkraft__ohne_pc,control,0,1,1,9,3,14,8,31,5,7,7,12,0,0
pc-2ce95765-1449,solidaritaet_ueberleben__mit_pc,control,1,0,0,9,-2,15,11,38,4,11,2,7,0,0
pc-b39be6a7-1450,forschung_muskelkraft__ohne_pc,control,0,1,1,15,4,22,15,55,56,13,16,9,0,0
pc-b39be6a7-1450,solidaritaet_ueberleben__mit_pc,control,1,0,0,15,0,21,19,64,43,18,9,5,0,0
pc-3a4e95ea-1451,forschung_muskelkraft__ohne_pc,control,0,1,1,14,3,22,20,71,22,18,16,11,0,0
pc-3a4e95ea-1451,solidaritaet_ueberleben__mit_pc,control,1,0,0,14,-1,20,18,63,34,17,14,7,1,0
pc-c101252c-1452,forschung_muskelkraft__ohne_pc,control,0,0,1,13,-1,23,16,59,23,14,11,7,0,0
pc-c101252c-1452,solidaritaet_ueberleben__mit_pc,control,1,1,0,13,3,19,16,49,31,15,9,11,0,0
pc-47b3d46f-1453,forschung_muskelkraft__ohne_pc,control,0,1,1,13,2,22,13,51,31,11,15,12,0,0
pc-47b3d46f-1453,solidaritaet_ueberleben__mit_pc,control,1,0,0,13,-2,19,17,52,30,16,8,8,1,0
pc-ce6663b1-1454,forschung_muskelkraft__ohne_pc,control,0,0,1,11,-2,23,13,48,7,11,12,8,0,0
pc-ce6663b1-1454,solidaritaet_ueberleben__mit_pc,control,1,1,0,11,2,18,14,51,8,13,8,12,0,0
pc-551912f4-1455,forschung_muskelkraft__ohne_pc,control,0,0,1,9,-3,21,10,31,5,8,10,3,0,0
pc-551912f4-1455,solidaritaet_ueberleben__mit_pc,control,1,1,0,9,7,14,12,42,2,11,4,13,0,0
pc-dbcba236-1456,forschung_muskelkraft__ohne_pc,control,0,0,1,13,0,22,15,57,26,13,6,7,0,0
pc-dbcba236-1456,solidaritaet_ueberleben__mit_pc,control,1,1,0,13,3,18,11,45,37,10,8,10,2,0
pc-627e5179-1457,forschung_muskelkraft__ohne_pc,control,0,0,1,7,-2,16,7,26,2,6,2,0,0,0
pc-627e5179-1457,solidaritaet_ueberleben__mit_pc,control,1,1,0,7,10,12,6,26,1,6,4,12,0,0
pc-e930e0bb-1458,forschung_muskelkraft__ohne_pc,control,0,0,1,11,-3,20,12,46,20,10,9,4,0,0
pc-e930e0bb-1458,solidaritaet_ueberleben__mit_pc,control,1,1,0,11,6,16,13,49,11,13,7,13,0,0
pc-6fe38ffe-1459,forschung_muskelkraft__ohne_pc,control,0,1,1,9,6,14,10,34,6,8,6,10,0,0
pc-6fe38ffe-1459,solidaritaet_ueberleben__mit_pc,control,1,0,0,9,0,15,11,33,3,10,4,4,0,0
pc-f6963f40-1460,forschung_muskelkraft__ohne_pc,control,0,1,1,10,7,20,11,40,6,10,8,13,0,0
pc-f6963f40-1460,solidaritaet_ueberleben__mit_pc,control,1,0,0,10,-3,15,11,32,19,11,5,3,0,0
pc-7d48ce83-1461,forschung_muskelkraft__ohne_pc,control,0,0,1,10,-1,17,12,41,4,10,10,6,0,0
pc-7d48ce83-1461,solidaritaet_ueberleben__mit_pc,control,1,1,0,10,4,16,12,47,2,12,6,11,0,0
pc-03fb7dc6-1462,forschung_muskelkraft__ohne_pc,control,0,0,1,15,-1,21,20,71,34,18,9,5,0,0
pc-03fb7dc6-1462,solidaritaet_ueberleben__mit_pc,control,1,1,0,15,5,20,13,49,56,12,17,11,0,0
pc-8aae0d08-1463,forschung_muskelkraft__ohne_pc,control,0,0,1,12,0,21,10,41,31,8,12,4,0,0
pc-8aae0d08-1463,solidaritaet_ueberleben__mit_pc,control,1,1,0,12,6,16,14,52,18,13,4,10,0,0
pc-e7b4a49b-1464,forschung_muskelkraft__ohne_pc,control,0,0,1,9,-1,18,12,43,2,10,3,4,0,0
pc-e7b4a49b-1464,solidaritaet_ueberleben__mit_pc,control,1,1,0,9,6,13,7,27,9,7,7,11,0,0
pc-6e6753de-1465,forschung_muskelkraft__ohne_pc,control,0,1,1,9,5,18,8,29,7,6,11,11,0,0
pc-6e6753de-1465,solidaritaet_ueberleben__mit_pc,control,1,0,0,9,-1,13,12,38,4,12,1,5,0,0
pc-f519e320-1466,forschung_muskelkraft__ohne_pc,control,0,0,1,6,-1,17,6,19,2,5,1,0,0,0
pc-f519e320-1466,solidaritaet_ueberleben__mit_pc,control,1,1,0,6,10,11,6,20,1,6,3,11,0,0
pc-7bcc9263-1467,forschung_muskelkraft__ohne_pc,control,0,1,1,14,1,22,18,67,26,16,18,13,0,0
pc-7bcc9263-1467,solidaritaet_ueberleben__mit_pc,control,1,0,0,14,-3,18,18,63,31,18,13,9,1,0
pc-027f21a6-1468,forschung_muskelkraft__ohne_pc,control,0,0,1,8,0,18,7,24,4,6,6,4,0,0
pc-027f21a6-1468,solidaritaet_ueberleben__mit_pc,control,1,1,0,8,6,13,9,32,2,9,2,10,0,0
pc-8931d0e8-1469,forschung_muskelkraft__ohne_pc,control,0,0,1,15,0,23,20,71,34,18,14,8,0,0
pc-8931d0e8-1469,solidaritaet_ueberleben__mit_pc,control,1,1,0,15,2,21,17,57,48,16,16,10,0,0
pc-0fe4602b-1470,forschung_muskelkraft__ohne_pc,control,0,0,1,8,0,16,8,31,2,7,4,3,0,0
pc-0fe4602b-1470,solidaritaet_ueberleben__mit_pc,control,1,1,0,8,7,12,8,30,4,7,4,10,0,0
pc-96970f6d-1471,forschung_muskelkraft__ohne_pc,control,0,1,1,14,2,23,13,49,47,11,16,13,0,0
pc-96970f6d-1471,solidaritaet_ueberleben__mit_pc,control,1,0,0,14,-3,20,17,55,37,16,6,8,0,0
pc-1d49beb0-1472,forschung_muskelkraft__ohne_pc,control,0,0,1,11,-2,23,14,51,13,12,12,9,0,0
pc-1d49beb0-1472,solidaritaet_ueberleben__mit_pc,control,1,1,0,11,1,17,15,46,15,15,8,12,0,0
pc-a3fc4df2-1473,forschung_muskelkraft__ohne_pc,control,0,1,1,9,2,18,8,23,13,6,10,13,0,0
pc-a3fc4df2-1473,solidaritaet_ueberleben__mit_pc,control,1,0,0,9,-3,13,12,35,3,12,1,8,0,0
pc-2aaefd35-1474,forschung_muskelkraft__ohne_pc,control,0,0,1,7,-1,13,7,26,1,6,4,5,0,0
pc-2aaefd35-1474,solidaritaet_ueberleben__mit_pc,control,1,1,0,7,5,12,7,26,1,7,1,11,0,0
pc-b1618c77-1475,forschung_muskelkraft__ohne_pc,control,0,0,1,10,-1,23,11,41,14,9,9,2,0,0
pc-b1618c77-1475,solidaritaet_ueberleben__mit_pc,control,1,1,0,10,8,16,13,45,10,12,4,11,0,0
pc-38143bba-1476,forschung_muskelkraft__ohne_pc,control,0,0,1,13,-2,22,16,61,17,14,16,7,0,0
pc-38143bba-1476,solidaritaet_ueberleben__mit_pc,control,1,1,0,13,3,19,17,54,28,16,9,12,2,0
pc-bec6cafc-1477,forschung_muskelkraft__ohne_pc,control,0,1,1,6,2,13,6,19,1,5,6,10,0,0
pc-bec6cafc-1477,solidaritaet_ueberleben__mit_pc,control,1,0,0,6,0,10,6,16,5,6,1,8,0,0
pc-45797a3f-1478,forschung_muskelkraft__ohne_pc,control,0,0,1,10,-4,20,10,33,12,8,10,7,0,0
pc-45797a3f-1478,solidaritaet_ueberleben__mit_pc,control,1,1,0,10,3,14,12,41,8,11,5,14,0,0
pc-cc2c0981-1479,forschung_muskelkraft__ohne_pc,control,0,1,1,10,2,19,10,36,9,8,12,12,0,0
pc-cc2c0981-1479,solidaritaet_ueberleben__mit_pc,control,1,0,0,10,-2,16,14,46,5,13,3,8,0,0
pc-7c8ab073-1480,forschung_muskelkraft__ohne_pc,control,0,0,1,11,0,19,12,47,18,11,9,8,0,0
pc-7c8ab073-1480,solidaritaet_ueberleben__mit_pc,control,1,1,0,11,2,14,13,45,10,12,7,10,0,0
pc-033d5fb6-1481,forschung_muskelkraft__ohne_pc,control,0,1,1,14,6,22,16,63,32,14,13,13,0,0
pc-033d5fb6-1481,solidaritaet_ueberleben__mit_pc,control,1,0,0,14,-3,20,17,59,36,16,9,4,0,0
pc-89efeef8-1482,forschung_muskelkraft__ohne_pc,control,0,1,1,13,2,22,14,53,29,12,13,16,0,0
pc-89efeef8-1482,solidaritaet_ueberleben__mit_pc,control,1,0,0,13,-6,17,16,56,26,15,7,8,0,0
pc-10a29e3b-1483,forschung_muskelkraft__ohne_pc,control,0,0,1,8,-5,14,9,32,4,8,5,8,0,0
pc-10a29e3b-1483,solidaritaet_ueberleben__mit_pc,control,1,1,0,8,2,11,9,31,3,9,5,15,2,0
pc-97552d7d-1484,forschung_muskelkraft__ohne_pc,control,0,1,1,10,9,22,12,45,5,10,10,10,0,0
pc-97552d7d-1484,solidaritaet_ueberleben__mit_pc,control,1,0,0,10,0,15,13,42,8,12,5,1,0,0
pc-1e07dcc0-1485,forschung_muskelkraft__ohne_pc,control,0,0,1,9,-4,17,11,39,5,9,5,7,0,0
pc-1e07dcc0-1485,solidaritaet_ueberleben__mit_pc,control,1,1,0,9,3,14,9,33,3,9,4,14,0,0
pc-a4ba6c02-1486,forschung_muskelkraft__ohne_pc,control,0,1,1,13,2,23,16,59,19,14,16,13,0,0
pc-a4ba6c02-1486,solidaritaet_ueberleben__mit_pc,control,1,0,0,13,-3,20,17,53,26,17,9,8,0,0
pc-2b6d1b45-1487,forschung_muskelkraft__ohne_pc,control,0,0,1,9,-5,20,11,35,6,9,8,7,0,0
pc-2b6d1b45-1487,solidaritaet_ueberleben__mit_pc,control,1,1,0,9,3,15,12,38,3,11,6,15,0,0
pc-b21faa87-1488,forschung_muskelkraft__ohne_pc,control,0,0,1,9,-1,21,12,41,4,10,7,1,0,0
pc-b21faa87-1488,solidaritaet_ueberleben__mit_pc,control,1,1,0,9,9,15,12,42,1,11,5,11,0,0
pc-38d259ca-1489,forschung_muskelkraft__ohne_pc,control,0,1,1,12,5,22,11,39,27,9,14,13,0,0
pc-38d259ca-1489,solidaritaet_ueberleben__mit_pc,control,1,0,0,12,-3,18,16,54,14,15,4,5,0,0
pc-bf84e90c-1490,forschung_muskelkraft__ohne_pc,control,0,1,1,12,4,23,14,58,13,13,17,10,0,0
pc-bf84e90c-1490,solidaritaet_ueberleben__mit_pc,control,1,0,0,12,0,18,16,52,16,15,8,6,0,0
pc-4637984f-1491,forschung_muskelkraft__ohne_pc,control,0,1,1,8,8,19,10,33,3,8,6,10,0,0
pc-4637984f-1491,solidaritaet_ueberleben__mit_pc,control,1,0,0,8,0,14,8,31,4,8,3,2,0,0
pc-ccea2791-1492,forschung_muskelkraft__ohne_pc,control,0,0,1,8,0,15,9,33,3,8,5,5,0,0
pc-ccea2791-1492,solidaritaet_ueberleben__mit_pc,control,1,1,0,8,5,13,10,32,2,10,4,10,0,0
pc-539cd6d4-1493,forschung_muskelkraft__ohne_pc,control,0,1,1,6,4,14,7,19,1,6,2,10,0,0
pc-539cd6d4-1493,solidaritaet_ueberleben__mit_pc,control,1,0,0,6,0,10,6,19,2,6,2,6,0,0
pc-da4f6616-1494,forschung_muskelkraft__ohne_pc,control,0,0,1,13,-2,22,20,71,9,18,11,8,0,0
pc-da4f6616-1494,solidaritaet_ueberleben__mit_pc,control,1,1,0,13,2,19,14,51,29,13,15,12,1,0
pc-61021559-1495,forschung_muskelkraft__ohne_pc,control,0,1,1,13,2,23,16,61,22,14,15,10,0,0
pc-61021559-1495,solidaritaet_ueberleben__mit_pc,control,1,0,0,13,0,20,17,55,29,16,9,8,0,0
pc-be08acec-1496,forschung_muskelkraft__ohne_pc,control,0,1,1,15,3,21,20,71,40,18,15,12,0,0
pc-be08acec-1496,solidaritaet_ueberleben__mit_pc,control,1,0,0,15,-2,22,19,66,42,18,15,7,0,0
pc-44bb5c2f-1497,forschung_muskelkraft__ohne_pc,control,0,0,1,10,0,20,11,41,4,10,11,4,0,0
pc-44bb5c2f-1497,solidaritaet_ueberleben__mit_pc,control,1,1,0,10,6,16,13,45,6,12,5,10,0,0
pc-cb6deb71-1498,forschung_muskelkraft__ohne_pc,control,0,1,1,11,2,19,11,41,19,9,15,14,0,0
pc-cb6deb71-1498,solidaritaet_ueberleben__mit_pc,control,1,0,0,11,-4,15,15,50,7,15,5,8,0,0
pc-52209ab4-1499,forschung_muskelkraft__ohne_pc,control,0,1,1,7,2,15,7,25,3,7,3,11,0,0
pc-52209ab4-1499,solidaritaet_ueberleben__mit_pc,control,1,0,0,7,-1,13,7,21,2,7,2,8,0,0
pc-799f73a2-1500,forschung_muskelkraft__ohne_pc,control,0,0,0,6,0,13,6,20,1,5,4,2,0,0
pc-799f73a2-1500,solidaritaet_ueberleben__mit_pc,control,1,1,1,6,8,13,7,19,0,7,2,10,0,0
pc-005202e5-1501,forschung_muskelkraft__ohne_pc,control,0,0,0,10,-1,20,13,47,7,11,8,5,0,0
pc-005202e5-1501,solidaritaet_ueberleben__mit_pc,control,1,1,1,10,5,15,11,46,7,11,7,11,1,0
pc-6c3a351d-1502,forschung_muskelkraft__ohne_pc,control,0,1,0,10,1,21,9,31,14,7,14,13,0,0
pc-6c3a351d-1502,solidaritaet_ueberleben__mit_pc,control,1,0,1,10,-3,14,14,42,7,14,2,9,0,0
pc-f2ecc45f-1503,forschung_muskelkraft__ohne_pc,control,0,1,0,9,2,20,9,36,5,8,8,13,0,0
pc-f2ecc45f-1503,solidaritaet_ueberleben__mit_pc,control,1,0,1,9,-3,14,12,38,3,11,3,8,1,0
pc-5ed4f698-1504,forschung_muskelkraft__ohne_pc,control,0,1,0,7,2,16,8,25,2,6,3,12,0,0
pc-5ed4f698-1504,solidaritaet_ueberleben__mit_pc,control,1,0,1,7,-2,13,8,26,2,8,1,8,0,0
pc-e58785da-1505,forschung_muskelkraft__ohne_pc,control,0,1,0,13,1,22,17,59,19,15,15,11,0,0
pc-e58785da-1505,solidaritaet_ueberleben__mit_pc,control,1,0,1,13,-1,18,17,60,25,16,10,9,1,0
pc-516fb813-1506,forschung_muskelkraft__ohne_pc,control,0,0,0,9,0,16,12,41,3,11,7,5,0,0
pc-516fb813-1506,solidaritaet_ueberleben__mit_pc,control,1,1,1,9,5,14,10,36,5,9,9,10,0,0
pc-d8224755-1507,forschung_muskelkraft__ohne_pc,control,0,0,0,16,-1,23,17,65,57,15,17,5,0,0
pc-d8224755-1507,solidaritaet_ueberleben__mit_pc,control,1,1,1,16,2,21,20,68,58,19,13,8,0,0
pc-440a798e-1508,forschung_muskelkraft__ohne_pc,control,0,1,0,8,4,19,8,25,8,6,7,10,0,0
pc-440a798e-1508,solidaritaet_ueberleben__mit_pc,control,1,0,1,8,0,11,11,33,1,10,2,6,1,0
pc-cabd08d0-1509,forschung_muskelkraft__ohne_pc,control,0,0,0,15,-1,22,20,71,34,18,15,6,0,0
pc-cabd08d0-1509,solidaritaet_ueberleben__mit_pc,control,1,1,1,15,4,21,18,61,46,17,17,11,2,0
pc-36a53b09-1510,forschung_muskelkraft__ohne_pc,control,0,1,0,11,4,22,14,51,9,12,14,13,0,0
pc-36a53b09-1510,solidaritaet_ueberleben__mit_pc,control,1,0,1,11,-3,17,14,48,11,13,8,6,0,0
pc-bd57ca4b-1511,forschung_muskelkraft__ohne_pc,control,0,0,0,16,-1,20,20,71,55,18,15,6,0,0
pc-bd57ca4b-1511,solidaritaet_ueberleben__mit_pc,control,1,1,1,16,3,22,19,66,58,18,14,10,0,0
pc-293ffc84-1512,forschung_muskelkraft__ohne_pc,control,0,1,0,8,2,18,10,30,3,8,7,11,0,0
pc-293ffc84-1512,solidaritaet_ueberleben__mit_pc,control,1,0,1,8,-1,13,8,28,2,8,5,8,0,0
pc-aff28bc6-1513,forschung_muskelkraft__ohne_pc,control,0,0,0,7,0,13,7,25,1,6,6,6,0,0
pc-aff28bc6-1513,solidaritaet_ueberleben__mit_pc,control,1,1,1,7,4,13,8,26,1,8,1,10,0,0
pc-1bdabdff-1514,forschung_muskelkraft__ohne_pc,control,0,0,0,8,0,19,10,33,2,9,4,0,0,0
pc-1bdabdff-1514,solidaritaet_ueberleben__mit_pc,control,1,1,1,8,10,13,9,34,1,9,5,10,0,0
pc-a28d4d41-1515,forschung_muskelkraft__ohne_pc,control,0,1,0,11,2,21,13,48,12,11,9,14,0,0
pc-a28d4d41-1515,solidaritaet_ueberleben__mit_pc,control,1,0,1,11,-4,16,14,45,13,13,8,8,2,0
pc-e4c967ca-1516,forschung_muskelkraft__ohne_pc,control,0,1,0,12,2,22,13,49,23,11,14,14,0,0
pc-e4c967ca-1516,solidaritaet_ueberleben__mit_pc,control,1,0,1,12,-4,18,16,51,17,16,7,8,0,0
pc-6b7c170d-1517,forschung_muskelkraft__ohne_pc,control,0,0,0,14,-4,21,17,65,30,15,11,9,0,0
pc-6b7c170d-1517,solidaritaet_ueberleben__mit_pc,control,1,1,1,14,1,20,15,56,39,14,11,14,0,0
pc-d7642945-1518,forschung_muskelkraft__ohne_pc,control,0,1,0,9,7,17,10,36,6,8,10,11,0,0
pc-d7642945-1518,solidaritaet_ueberleben__mit_pc,control,1,0,1,9,-1,13,12,40,3,12,4,3,0,0
pc-5e16d888-1519,forschung_muskelkraft__ohne_pc,control,0,0,0,7,0,16,8,26,2,7,2,0,0,0
pc-5e16d888-1519,solidaritaet_ueberleben__mit_pc,control,1,1,1,7,10,12,7,24,3,7,2,10,0,0
pc-c9feeac0-1520,forschung_muskelkraft__ohne_pc,control,0,1,0,9,7,18,9,36,5,8,7,13,0,0
pc-c9feeac0-1520,solidaritaet_ueberleben__mit_pc,control,1,0,1,9,-3,14,10,40,4,9,3,3,0,0
pc-50b19a03-1521,forschung_muskelkraft__ohne_pc,control,0,1,0,7,5,13,6,24,3,6,5,14,0,0
pc-50b19a03-1521,solidaritaet_ueberleben__mit_pc,control,1,0,1,7,-4,10,9,27,0,8,2,5,0,0
pc-bc99ac3b-1522,forschung_muskelkraft__ohne_pc,control,0,1,0,8,3,15,9,30,3,8,3,11,0,0
pc-bc99ac3b-1522,solidaritaet_ueberleben__mit_pc,control,1,0,1,8,-1,13,7,26,2,7,6,7,0,0
pc-434c5b7e-1523,forschung_muskelkraft__ohne_pc,control,0,1,0,8,2,14,8,27,8,7,6,11,0,0
pc-434c5b7e-1523,solidaritaet_ueberleben__mit_pc,control,1,0,1,8,-1,12,10,33,2,9,2,8,0,0
pc-af346db6-1524,forschung_muskelkraft__ohne_pc,control,0,1,0,16,1,23,17,61,63,15,19,8,0,0
pc-af346db6-1524,solidaritaet_ueberleben__mit_pc,control,1,0,1,16,-1,22,20,68,58,19,10,6,0,0
pc-35e71cf9-1525,forschung_muskelkraft__ohne_pc,control,0,0,0,10,-3,22,14,50,4,12,7,0,0,0
pc-35e71cf9-1525,solidaritaet_ueberleben__mit_pc,control,1,1,1,10,10,15,12,45,4,11,8,13,0,0
pc-a1cf2f31-1526,forschung_muskelkraft__ohne_pc,control,0,1,0,13,3,22,17,63,19,15,14,15,0,0
pc-a1cf2f31-1526,solidaritaet_ueberleben__mit_pc,control,1,0,1,13,-5,19,17,54,28,16,10,7,0,0
pc-2881de74-1527,forschung_muskelkraft__ohne_pc,control,0,1,0,10,4,23,13,48,3,12,6,11,0,0
pc-2881de74-1527,solidaritaet_ueberleben__mit_pc,control,1,0,1,10,-1,14,9,30,18,8,7,6,0,0
pc-9469f0ac-1528,forschung_muskelkraft__ohne_pc,control,0,1,0,9,8,18,10,37,5,9,8,10,0,0
pc-9469f0ac-1528,solidaritaet_ueberleben__mit_pc,control,1,0,1,9,0,13,12,37,4,12,4,2,0,0
pc-1b1c9fef-1529,forschung_muskelkraft__ohne_pc,control,0,1,0,11,1,21,14,52,3,13,10,11,0,0
pc-1b1c9fef-1529,solidaritaet_ueberleben__mit_pc,control,1,0,1,11,-1,18,15,50,8,14,8,9,0,0
pc-8704b227-1530,forschung_muskelkraft__ohne_pc,control,0,0,0,13,-1,21,20,71,7,18,8,6,0,0
pc-8704b227-1530,solidaritaet_ueberleben__mit_pc,control,1,1,1,13,4,19,12,48,32,11,15,11,0,0
pc-0db7416a-1531,forschung_muskelkraft__ohne_pc,control,0,0,0,13,-1,22,15,59,27,13,13,9,0,0
pc-0db7416a-1531,solidaritaet_ueberleben__mit_pc,control,1,1,1,13,1,18,17,58,26,16,8,11,0,0
pc-4ff37bf3-1532,forschung_muskelkraft__ohne_pc,control,0,0,0,10,0,21,12,37,18,10,11,9,0,0
pc-4ff37bf3-1532,solidaritaet_ueberleben__mit_pc,control,1,1,1,10,1,14,14,44,10,13,5,10,0,0
pc-d6a60b35-1533,forschung_muskelkraft__ohne_pc,control,0,,0,16,-1,23,14,49,71,12,14,8,0,0
pc-d6a60b35-1533,solidaritaet_ueberleben__mit_pc,control,1,,1,16,-1,21,18,64,56,17,8,8,0,0
pc-428e3d6e-1534,forschung_muskelkraft__ohne_pc,control,0,0,0,8,-1,19,9,30,6,8,6,5,0,0
pc-428e3d6e-1534,solidaritaet_ueberleben__mit_pc,control,1,1,1,8,5,13,11,32,2,10,3,11,0,0
pc-c940ccb0-1535,forschung_muskelkraft__ohne_pc,control,0,0,0,9,0,20,11,34,2,9,5,1,0,0
pc-c940ccb0-1535,solidaritaet_ueberleben__mit_pc,control,1,1,1,9,9,13,9,37,3,8,5,10,0,0
pc-3528fee9-1536,forschung_muskelkraft__ohne_pc,control,0,1,0,14,7,22,17,65,28,15,11,10,0,0
pc-3528fee9-1536,solidaritaet_ueberleben__mit_pc,control,1,0,1,14,0,20,14,54,37,13,13,3,0,0
pc-bbdb8e2b-1537,forschung_muskelkraft__ohne_pc,control,0,1,0,11,7,20,13,50,9,11,13,11,0,0
pc-bbdb8e2b-1537,solidaritaet_ueberleben__mit_pc,control,1,0,1,11,-1,16,14,47,12,14,6,3,1,0
pc-27c3a064-1538,forschung_muskelkraft__ohne_pc,control,0,0,0,9,-3,18,10,38,3,9,6,4,0,0
pc-27c3a064-1538,solidaritaet_ueberleben__mit_pc,control,1,1,1,9,6,15,9,36,6,9,5,13,0,0
pc-ae764fa6-1539,forschung_muskelkraft__ohne_pc,control,0,,0,10,-1,18,11,43,10,10,8,10,0,0
pc-ae764fa6-1539,solidaritaet_ueberleben__mit_pc,control,1,,1,10,0,16,11,35,10,11,5,11,0,0
pc-1a5e61df-1540,forschung_muskelkraft__ohne_pc,control,0,1,0,7,4,14,7,25,2,6,4,10,0,0
pc-1a5e61df-1540,solidaritaet_ueberleben__mit_pc,control,1,0,1,7,0,12,7,27,0,7,2,6,0,0
pc-a1111121-1541,forschung_muskelkraft__ohne_pc,control,0,0,0,8,-1,15,8,32,4,8,5,6,0,0
pc-a1111121-1541,solidaritaet_ueberleben__mit_pc,control,1,1,1,8,4,13,9,33,1,9,3,11,1,0
pc-0cf9235a-1542,forschung_muskelkraft__ohne_pc,control,0,0,0,8,0,13,8,30,2,7,6,6,0,0
pc-0cf9235a-1542,solidaritaet_ueberleben__mit_pc,control,1,1,1,8,4,14,9,31,3,9,3,10,0,0
pc-93abd29c-1543,forschung_muskelkraft__ohne_pc,control,0,0,0,9,0,20,12,40,1,10,5,0,0,0
pc-93abd29c-1543,solidaritaet_ueberleben__mit_pc,control,1,1,1,9,10,14,9,35,6,9,7,10,0,0
pc-ff93e4d4-1544,forschung_muskelkraft__ohne_pc,control,0,1,0,14,1,22,18,67,26,16,12,10,0,0
pc-ff93e4d4-1544,solidaritaet_ueberleben__mit_pc,control,1,0,1,14,0,20,18,60,37,17,12,9,2,0
pc-86469417-1545,forschung_muskelkraft__ohne_pc,control,0,0,0,12,-1,21,15,57,17,13,11,9,0,0
pc-86469417-1545,solidaritaet_ueberleben__mit_pc,control,1,1,1,12,1,18,16,54,16,15,9,11,1,0
pc-f22ea64f-1546,forschung_muskelkraft__ohne_pc,control,0,0,0,11,-4,21,11,41,15,9,10,5,0,0
pc-f22ea64f-1546,solidaritaet_ueberleben__mit_pc,control,1,1,1,11,5,16,14,47,15,13,4,14,0,0
pc-78e15592-1547,forschung_muskelkraft__ohne_pc,control,0,1,0,8,6,16,8,26,2,6,8,13,0,0
pc-78e15592-1547,solidaritaet_ueberleben__mit_pc,control,1,0,1,8,-3,14,11,31,1,10,1,4,0,0
pc-bb1d701b-1548,forschung_muskelkraft__ohne_pc,control,0,1,0,14,2,22,14,53,42,12,14,15,0,0
pc-bb1d701b-1548,solidaritaet_ueberleben__mit_pc,control,1,0,1,14,-5,19,17,54,41,16,7,8,0,0
pc-41d01f5e-1549,forschung_muskelkraft__ohne_pc,control,0,1,0,9,4,17,12,37,4,10,5,10,0,0
pc-41d01f5e-1549,solidaritaet_ueberleben__mit_pc,control,1,0,1,9,0,15,9,33,3,9,8,6,0,0
pc-adb83196-1550,forschung_muskelkraft__ohne_pc,control,0,1,0,8,2,16,10,34,1,8,6,13,0,0
pc-adb83196-1550,solidaritaet_ueberleben__mit_pc,control,1,0,1,8,-3,15,10,33,0,9,3,8,0,0
pc-346ac0d9-1551,forschung_muskelkraft__ohne_pc,control,0,0,0,10,-1,18,12,40,5,10,8,2,0,0
pc-346ac0d9-1551,solidaritaet_ueberleben__mit_pc,control,1,1,1,10,8,15,10,38,7,10,5,11,0,0
pc-a052f311-1552,forschung_muskelkraft__ohne_pc,control,0,0,0,9,-3,17,11,38,3,11,8,8,0,0
pc-a052f311-1552,solidaritaet_ueberleben__mit_pc,control,1,1,1,9,2,14,10,39,2,10,10,13,0,0
pc-27058254-1553,forschung_muskelkraft__ohne_pc,control,0,0,0,12,-2,19,16,60,11,14,13,7,0,0
pc-27058254-1553,solidaritaet_ueberleben__mit_pc,control,1,1,1,12,3,18,15,51,20,14,9,12,0,0
pc-92edb48c-1554,forschung_muskelkraft__ohne_pc,control,0,1,0,7,2,14,7,21,1,5,5,15,0,0
pc-92edb48c-1554,solidaritaet_ueberleben__mit_pc,control,1,0,1,7,-5,12,8,28,0,8,0,8,0,0
pc-19a043cf-1555,forschung_muskelkraft__ohne_pc,control,0,0,0,7,0,13,8,25,3,6,3,2,0,0
pc-19a043cf-1555,solidaritaet_ueberleben__mit_pc,control,1,1,1,7,8,13,7,26,1,7,4,10,0,0
pc-85887607-1556,forschung_muskelkraft__ohne_pc,control,0,1,0,15,1,21,13,47,58,11,18,11,0,0
pc-85887607-1556,solidaritaet_ueberleben__mit_pc,control,1,0,1,15,-1,21,19,64,43,18,6,9,0,0
pc-0c3b054a-1557,forschung_muskelkraft__ohne_pc,control,0,0,0,5,0,11,5,13,2,3,2,0,0,0
pc-0c3b054a-1557,solidaritaet_ueberleben__mit_pc,control,1,1,1,5,10,11,5,15,0,5,1,10,0,0
pc-78233782-1558,forschung_muskelkraft__ohne_pc,control,0,0,0,16,-4,21,17,65,61,15,17,8,0,0
pc-78233782-1558,solidaritaet_ueberleben__mit_pc,control,1,1,1,16,1,21,20,68,57,19,11,13,0,0
pc-fed5c6c4-1559,forschung_muskelkraft__ohne_pc,control,0,0,0,13,-1,22,14,53,25,12,13,6,0,0
pc-fed5c6c4-1559,solidaritaet_ueberleben__mit_pc,control,1,1,1,13,4,18,17,54,26,16,7,11,3,0
pc-6abdf8fd-1560,forschung_muskelkraft__ohne_pc,control,0,1,0,16,1,23,14,55,69,12,15,7,0,0
pc-6abdf8fd-1560,solidaritaet_ueberleben__mit_pc,control,1,0,1,16,0,20,19,64,59,18,10,6,0,0
pc-f170883f-1561,forschung_muskelkraft__ohne_pc,control,0,0,0,13,-4,21,17,61,17,15,15,8,0,0
pc-f170883f-1561,solidaritaet_ueberleben__mit_pc,control,1,1,1,13,2,20,17,61,22,16,12,14,1,0
pc-5d58ba78-1562,forschung_muskelkraft__ohne_pc,control,0,1,0,15,6,22,17,65,40,15,16,10,0,0
pc-5d58ba78-1562,solidaritaet_ueberleben__mit_pc,control,1,0,1,15,0,21,19,65,41,18,11,4,1,0
pc-e40b49ba-1563,forschung_muskelkraft__ohne_pc,control,0,1,0,7,2,15,6,24,3,6,4,13,0,0
pc-e40b49ba-1563,solidaritaet_ueberleben__mit_pc,control,1,0,1,7,-3,11,9,27,1,9,2,8,0,0
pc-ccf76300-1564,forschung_muskelkraft__ohne_pc,control,0,0,0,14,-1,23,17,65,34,15,16,5,0,0
pc-ccf76300-1564,solidaritaet_ueberleben__mit_pc,control,1,1,1,14,5,19,18,59,38,17,11,11,0,0
pc-53aa1243-1565,forschung_muskelkraft__ohne_pc,control,0,0,0,8,0,14,7,26,2,6,5,4,0,0
pc-53aa1243-1565,solidaritaet_ueberleben__mit_pc,control,1,1,1,8,6,14,8,32,2,8,1,10,0,0
pc-bf92247b-1566,forschung_muskelkraft__ohne_pc,control,0,0,0,7,-3,15,7,20,1,5,4,9,0,0
pc-bf92247b-1566,solidaritaet_ueberleben__mit_pc,control,1,1,1,7,1,12,7,23,2,7,0,13,0,0
pc-4644d3be-1567,forschung_muskelkraft__ohne_pc,control,0,0,0,9,0,21,9,31,5,8,7,5,0,0
pc-4644d3be-1567,solidaritaet_ueberleben__mit_pc,control,1,1,1,9,5,13,11,34,4,11,4,10,0,0
pc-b22ce5f6-1568,forschung_muskelkraft__ohne_pc,control,0,1,0,12,3,19,12,47,19,11,15,11,0,0
pc-b22ce5f6-1568,solidaritaet_ueberleben__mit_pc,control,1,0,1,12,-1,17,15,55,16,14,7,7,0,0
pc-38df9539-1569,forschung_muskelkraft__ohne_pc,control,0,1,0,14,6,22,13,49,42,11,15,10,0,0
pc-38df9539-1569,solidaritaet_ueberleben__mit_pc,control,1,0,1,14,0,19,17,55,39,17,6,4,0,0
pc-a4c7a771-1570,forschung_muskelkraft__ohne_pc,control,0,0,0,8,-1,18,6,22,6,5,5,3,0,0
pc-a4c7a771-1570,solidaritaet_ueberleben__mit_pc,control,1,1,1,8,7,12,8,25,3,7,0,11,0,0
pc-2b7a56b4-1571,forschung_muskelkraft__ohne_pc,control,0,1,0,16,1,23,20,71,49,18,17,11,0,0
pc-2b7a56b4-1571,solidaritaet_ueberleben__mit_pc,control,1,0,1,16,-2,22,20,68,54,19,15,8,0,0
pc-976268ec-1572,forschung_muskelkraft__ohne_pc,control,0,1,0,12,4,21,13,48,18,11,14,10,0,0
pc-976268ec-1572,solidaritaet_ueberleben__mit_pc,control,1,0,1,12,0,15,15,48,21,15,6,6,0,0
pc-1e15182f-1573,forschung_muskelkraft__ohne_pc,control,0,1,0,9,5,17,8,29,7,6,10,13,0,0
pc-1e15182f-1573,solidaritaet_ueberleben__mit_pc,control,1,0,1,9,-3,14,12,40,4,11,1,5,0,0
pc-89fd2a67-1574,forschung_muskelkraft__ohne_pc,control,0,1,0,14,6,23,11,42,54,9,8,10,0,0
pc-89fd2a67-1574,solidaritaet_ueberleben__mit_pc,control,1,0,1,14,0,19,11,45,50,11,4,4,0,0
pc-10afd9aa-1575,forschung_muskelkraft__ohne_pc,control,0,1,0,12,4,22,8,28,38,6,17,12,0,0
pc-10afd9aa-1575,solidaritaet_ueberleben__mit_pc,control,1,0,1,12,-2,18,16,51,17,16,1,6,0,0
pc-7c97ebe2-1576,forschung_muskelkraft__ohne_pc,control,0,0,0,11,0,20,13,47,14,11,12,9,0,0
pc-7c97ebe2-1576,solidaritaet_ueberleben__mit_pc,control,1,1,1,11,1,16,15,50,7,14,8,10,0,0
pc-034a9b25-1577,forschung_muskelkraft__ohne_pc,control,0,0,0,9,-1,15,11,36,6,9,6,4,0,0
pc-034a9b25-1577,solidaritaet_ueberleben__mit_pc,control,1,1,1,9,6,14,11,39,4,10,5,11,0,0
pc-6f32ad5d-1578,forschung_muskelkraft__ohne_pc,control,0,0,0,14,0,23,13,49,47,11,14,6,0,0
pc-6f32ad5d-1578,solidaritaet_ueberleben__mit_pc,control,1,1,1,14,4,19,17,56,38,16,6,10,0,0
pc-f5e55c9f-1579,forschung_muskelkraft__ohne_pc,control,0,0,0,9,-2,16,10,36,7,8,7,6,0,0
pc-f5e55c9f-1579,solidaritaet_ueberleben__mit_pc,control,1,1,1,9,4,13,12,38,4,12,3,12,0,0
pc-38217729-1580,forschung_muskelkraft__ohne_pc,control,0,1,0,10,1,19,10,37,8,8,10,10,0,0
pc-38217729-1580,solidaritaet_ueberleben__mit_pc,control,1,0,1,10,0,15,13,43,7,12,3,9,0,0
pc-bed4066b-1581,forschung_muskelkraft__ohne_pc,control,0,1,0,14,2,22,17,65,32,15,15,12,0,0
pc-bed4066b-1581,solidaritaet_ueberleben__mit_pc,control,1,0,1,14,-2,20,18,58,34,17,10,8,0,0
pc-2abc38a4-1582,forschung_muskelkraft__ohne_pc,control,0,1,0,13,5,23,16,61,21,14,12,10,0,0
pc-2abc38a4-1582,solidaritaet_ueberleben__mit_pc,control,1,0,1,13,0,19,16,53,27,15,12,5,2,0
pc-b16ec7e6-1583,forschung_muskelkraft__ohne_pc,control,0,1,0,12,3,22,15,53,19,13,15,13,0,0
pc-b16ec7e6-1583,solidaritaet_ueberleben__mit_pc,control,1,0,1,12,-3,17,16,54,16,15,8,7,0,0
pc-1d56fa1f-1584,forschung_muskelkraft__ohne_pc,control,0,0,0,14,-4,22,16,61,35,14,15,7,0,0
pc-1d56fa1f-1584,solidaritaet_ueberleben__mit_pc,control,1,1,1,14,3,20,18,59,36,17,9,14,2,0
pc-a4098961-1585,forschung_muskelkraft__ohne_pc,control,0,0,0,9,-1,19,12,42,3,10,6,6,0,0
pc-a4098961-1585,solidaritaet_ueberleben__mit_pc,control,1,1,1,9,4,14,11,35,4,11,7,11,0,0
pc-0ff1bb9a-1586,forschung_muskelkraft__ohne_pc,control,0,1,0,13,6,23,15,55,23,13,13,12,0,0
pc-0ff1bb9a-1586,solidaritaet_ueberleben__mit_pc,control,1,0,1,13,-2,18,16,56,26,15,8,4,0,0
pc-96a44adc-1587,forschung_muskelkraft__ohne_pc,control,0,1,0,9,4,16,11,38,2,9,9,13,0,0
pc-96a44adc-1587,solidaritaet_ueberleben__mit_pc,control,1,0,1,9,-3,13,12,41,1,11,4,6,0,0
pc-028c7d15-1588,forschung_muskelkraft__ohne_pc,control,0,1,0,14,4,22,20,71,22,18,13,11,0,0
pc-028c7d15-1588,solidaritaet_ueberleben__mit_pc,control,1,0,1,14,-1,19,18,63,32,17,14,6,0,0
pc-893f0c57-1589,forschung_muskelkraft__ohne_pc,control,0,0,0,8,-1,13,10,32,3,8,6,3,0,0
pc-893f0c57-1589,solidaritaet_ueberleben__mit_pc,control,1,1,1,8,7,12,9,35,1,9,3,11,0,0
pc-f5273e8f-1590,forschung_muskelkraft__ohne_pc,control,0,0,0,9,-2,15,11,40,4,9,6,2,0,0
pc-f5273e8f-1590,solidaritaet_ueberleben__mit_pc,control,1,1,1,9,8,14,9,30,10,9,4,12,1,0
pc-7bd9cdd2-1591,forschung_muskelkraft__ohne_pc,control,0,0,0,9,0,20,11,38,3,9,7,7,0,0
pc-7bd9cdd2-1591,solidaritaet_ueberleben__mit_pc,control,1,1,1,9,3,13,11,38,5,10,4,10,0,0
pc-e7c1e00a-1592,forschung_muskelkraft__ohne_pc,control,0,0,0,10,-1,20,11,40,14,9,8,0,0,0
pc-e7c1e00a-1592,solidaritaet_ueberleben__mit_pc,control,1,1,1,10,10,17,13,44,9,12,4,11,0,0
pc-6e748f4d-1593,forschung_muskelkraft__ohne_pc,control,0,0,0,10,0,17,10,39,6,9,10,8,0,0
pc-6e748f4d-1593,solidaritaet_ueberleben__mit_pc,control,1,1,1,10,2,16,12,37,8,11,4,10,0,0
pc-da5ca185-1594,forschung_muskelkraft__ohne_pc,control,0,0,0,9,-1,16,10,33,3,8,7,7,0,0
pc-da5ca185-1594,solidaritaet_ueberleben__mit_pc,control,1,1,1,9,3,16,10,37,4,10,3,11,0,0
pc-610f50c8-1595,forschung_muskelkraft__ohne_pc,control,0,0,0,13,0,22,13,48,30,11,13,6,0,0
pc-610f50c8-1595,solidaritaet_ueberleben__mit_pc,control,1,1,1,13,4,20,17,55,25,16,6,10,0,0
pc-a34b6b51-1596,forschung_muskelkraft__ohne_pc,control,0,0,0,8,0,17,7,25,9,6,4,6,0,0
pc-a34b6b51-1596,solidaritaet_ueberleben__mit_pc,control,1,1,1,8,4,14,9,33,2,8,1,10,0,0
pc-29fe1a94-1597,forschung_muskelkraft__ohne_pc,control,0,0,0,8,0,16,10,34,2,8,7,7,0,0
pc-29fe1a94-1597,solidaritaet_ueberleben__mit_pc,control,1,1,1,8,3,13,8,25,3,8,4,10,0,0
pc-95e62ccc-1598,forschung_muskelkraft__ohne_pc,control,0,0,0,11,-2,21,11,38,18,9,11,8,0,0
pc-95e62ccc-1598,solidaritaet_ueberleben__mit_pc,control,1,1,1,11,2,17,15,50,12,14,4,12,0,0
pc-1c98dc0f-1599,forschung_muskelkraft__ohne_pc,control,0,0,0,14,0,21,15,57,34,13,15,7,0,0
pc-1c98dc0f-1599,solidaritaet_ueberleben__mit_pc,control,1,1,1,14,3,20,16,56,35,16,8,10,0,0
pc-d70b8472-1600,forschung_muskelkraft__ohne_pc,control,0,0,1,8,-3,20,9,32,2,8,2,7,0,0
pc-d70b8472-1600,urzeitliche_kolosse__ohne_pc,control,1,1,0,8,3,13,8,31,5,6,3,13,0,0
pc-5058f530-1601,forschung_muskelkraft__ohne_pc,control,0,0,1,10,0,18,13,46,3,12,7,8,0,0
pc-5058f530-1601,urzeitliche_kolosse__ohne_pc,control,1,1,0,10,2,15,12,46,4,11,7,10,0,2
pc-c9a645ed-1602,forschung_muskelkraft__ohne_pc,control,0,0,1,11,-1,17,14,50,11,13,11,8,0,0
pc-c9a645ed-1602,urzeitliche_kolosse__ohne_pc,control,1,1,0,11,2,16,14,48,8,12,9,11,0,1
pc-42f3b6ab-1603,forschung_muskelkraft__ohne_pc,control,0,0,1,5,-1,13,4,13,2,4,1,3,0,0
pc-42f3b6ab-1603,urzeitliche_kolosse__ohne_pc,control,1,1,0,5,7,10,4,14,1,4,3,11,0,0
pc-f1d6017c-1604,forschung_muskelkraft__ohne_pc,control,0,0,1,7,-1,20,9,27,1,7,5,5,0,0
pc-f1d6017c-1604,urzeitliche_kolosse__ohne_pc,control,1,1,0,7,5,11,8,27,1,8,3,11,0,0
pc-6b23723a-1605,forschung_muskelkraft__ohne_pc,control,0,0,1,5,0,13,4,13,2,4,1,0,0,0
pc-6b23723a-1605,urzeitliche_kolosse__ohne_pc,control,1,1,0,5,10,10,5,13,2,5,2,10,0,0
pc-e470c2f7-1606,forschung_muskelkraft__ohne_pc,control,0,1,1,8,4,19,9,33,3,8,4,10,0,0
pc-e470c2f7-1606,urzeitliche_kolosse__ohne_pc,control,1,0,0,8,0,13,9,30,6,8,3,6,0,1
pc-5dbe33b5-1607,forschung_muskelkraft__ohne_pc,control,0,1,1,10,6,21,11,38,7,9,7,10,0,0
pc-5dbe33b5-1607,urzeitliche_kolosse__ohne_pc,control,1,0,0,10,0,14,13,36,12,11,5,4,0,2
pc-a1768a5e-1608,forschung_muskelkraft__ohne_pc,control,0,0,1,5,-1,12,5,14,1,4,1,0,0,0
pc-a1768a5e-1608,urzeitliche_kolosse__ohne_pc,control,1,1,0,5,10,10,6,15,0,5,2,11,0,1
pc-1ac3fb1c-1609,forschung_muskelkraft__ohne_pc,control,0,0,1,7,0,14,7,25,2,6,3,8,0,0
pc-1ac3fb1c-1609,urzeitliche_kolosse__ohne_pc,control,1,1,0,7,2,14,7,24,4,7,3,10,0,0
pc-94114bd9-1610,forschung_muskelkraft__ohne_pc,control,0,1,1,6,1,15,6,19,1,5,3,10,0,0
pc-94114bd9-1610,urzeitliche_kolosse__ohne_pc,control,1,0,0,6,0,11,6,19,0,6,0,9,0,1
pc-0d5ebc97-1611,forschung_muskelkraft__ohne_pc,control,0,0,1,8,-1,17,10,33,2,8,6,6,0,0
pc-0d5ebc97-1611,urzeitliche_kolosse__ohne_pc,control,1,1,0,8,4,13,10,33,2,10,6,11,0,0
pc-bc410768-1612,forschung_muskelkraft__ohne_pc,control,0,1,1,9,3,16,11,39,6,9,7,15,0,0
pc-bc410768-1612,urzeitliche_kolosse__ohne_pc,control,1,0,0,9,-5,13,12,44,0,11,4,7,0,1
pc-358e7826-1613,forschung_muskelkraft__ohne_pc,control,0,1,1,9,1,16,11,37,6,9,6,17,0,0
pc-358e7826-1613,urzeitliche_kolosse__ohne_pc,control,1,0,0,9,-7,14,11,39,6,9,5,9,0,0
pc-aedbc8e3-1614,forschung_muskelkraft__ohne_pc,control,0,1,1,7,4,15,7,24,3,5,3,11,0,0
pc-aedbc8e3-1614,urzeitliche_kolosse__ohne_pc,control,1,0,0,7,-1,12,8,24,4,7,2,6,0,1
pc-282939a1-1615,forschung_muskelkraft__ohne_pc,control,0,1,1,6,4,13,6,20,1,5,1,12,0,0
pc-282939a1-1615,urzeitliche_kolosse__ohne_pc,control,1,0,0,6,-2,10,7,17,1,5,2,6,0,0
pc-4235989b-1616,forschung_muskelkraft__ohne_pc,control,0,0,1,7,0,14,7,25,2,6,2,5,0,0
pc-4235989b-1616,urzeitliche_kolosse__ohne_pc,control,1,1,0,7,5,13,6,22,3,6,4,10,0,2
pc-bb82e958-1617,forschung_muskelkraft__ohne_pc,control,0,1,1,8,2,18,7,30,4,7,4,10,0,0
pc-bb82e958-1617,urzeitliche_kolosse__ohne_pc,control,1,0,0,8,0,12,9,34,2,8,4,8,0,2
pc-34d05a16-1618,forschung_muskelkraft__ohne_pc,control,0,1,1,10,10,22,13,46,4,11,9,13,0,0
pc-34d05a16-1618,urzeitliche_kolosse__ohne_pc,control,1,0,0,10,-3,14,13,44,4,12,6,0,0,1
pc-ae1daad3-1619,forschung_muskelkraft__ohne_pc,control,0,1,1,5,4,12,6,13,2,4,1,10,0,0
pc-ae1daad3-1619,urzeitliche_kolosse__ohne_pc,control,1,0,0,5,0,10,4,14,1,4,1,6,0,0
pc-5d0015a5-1620,forschung_muskelkraft__ohne_pc,control,0,0,1,4,-1,8,3,6,2,3,0,0,0,0
pc-5d0015a5-1620,urzeitliche_kolosse__ohne_pc,control,1,1,0,4,10,9,4,10,0,3,1,11,0,0
pc-d64d6662-1621,forschung_muskelkraft__ohne_pc,control,0,0,1,6,-3,15,6,19,1,5,3,4,0,0
pc-d64d6662-1621,urzeitliche_kolosse__ohne_pc,control,1,1,0,6,6,12,7,20,1,6,2,13,0,1
pc-4f9ad720-1622,forschung_muskelkraft__ohne_pc,control,0,0,1,8,-1,18,9,32,2,7,7,8,0,0
pc-4f9ad720-1622,urzeitliche_kolosse__ohne_pc,control,1,1,0,8,2,14,10,34,1,9,3,11,0,0
pc-c8e827dd-1623,forschung_muskelkraft__ohne_pc,control,0,1,1,8,2,17,8,32,2,8,6,10,0,0
pc-c8e827dd-1623,urzeitliche_kolosse__ohne_pc,control,1,0,0,8,0,13,10,30,6,8,4,8,0,0
pc-0ca09e87-1624,forschung_muskelkraft__ohne_pc,control,0,1,1,6,4,12,6,20,1,5,5,10,0,0
pc-0ca09e87-1624,urzeitliche_kolosse__ohne_pc,control,1,0,0,6,0,12,7,18,0,6,2,6,0,0
pc-85edef44-1625,forschung_muskelkraft__ohne_pc,control,0,1,1,5,4,10,5,14,1,4,2,13,0,0
pc-85edef44-1625,urzeitliche_kolosse__ohne_pc,control,1,0,0,5,-3,10,5,14,1,4,0,6,0,0
pc-ff3b4001-1626,forschung_muskelkraft__ohne_pc,control,0,1,1,8,2,19,9,31,2,8,6,15,0,0
pc-ff3b4001-1626,urzeitliche_kolosse__ohne_pc,control,1,0,0,8,-5,13,9,31,4,8,4,8,0,0
pc-7888b0bf-1627,forschung_muskelkraft__ohne_pc,control,0,1,1,7,5,15,8,25,1,6,6,11,0,0
pc-7888b0bf-1627,urzeitliche_kolosse__ohne_pc,control,1,0,0,7,-1,11,8,25,3,7,3,5,0,0
pc-276b1b91-1628,forschung_muskelkraft__ohne_pc,control,0,0,1,13,-2,22,14,53,29,12,11,9,0,0
pc-276b1b91-1628,urzeitliche_kolosse__ohne_pc,control,1,1,0,13,1,18,16,58,23,14,7,12,0,2
pc-a0b86c4e-1629,forschung_muskelkraft__ohne_pc,control,0,0,1,8,-2,21,9,27,1,7,5,8,0,0
pc-a0b86c4e-1629,urzeitliche_kolosse__ohne_pc,control,1,1,0,8,2,14,9,35,0,8,2,12,0,0
pc-1a05dd0c-1630,forschung_muskelkraft__ohne_pc,control,0,1,1,9,1,15,10,35,5,9,11,11,0,0
pc-1a05dd0c-1630,urzeitliche_kolosse__ohne_pc,control,1,0,0,9,-1,15,12,42,1,12,5,9,0,1
pc-93532dc9-1631,forschung_muskelkraft__ohne_pc,control,0,0,1,12,0,23,17,65,12,15,11,6,0,0
pc-93532dc9-1631,urzeitliche_kolosse__ohne_pc,control,1,1,0,12,4,18,15,53,20,14,10,10,0,1
pc-00b79c22-1632,forschung_muskelkraft__ohne_pc,control,0,0,1,5,-3,15,5,14,1,4,3,4,0,0
pc-00b79c22-1632,urzeitliche_kolosse__ohne_pc,control,1,1,0,5,6,9,5,14,1,5,0,13,0,0
pc-7a04ecdf-1633,forschung_muskelkraft__ohne_pc,control,0,1,1,13,4,21,17,63,20,15,10,11,0,0
pc-7a04ecdf-1633,urzeitliche_kolosse__ohne_pc,control,1,0,0,13,-1,17,16,57,29,14,10,6,0,3
pc-f3525d9c-1634,forschung_muskelkraft__ohne_pc,control,0,0,1,5,0,12,5,11,4,3,3,6,0,0
pc-f3525d9c-1634,urzeitliche_kolosse__ohne_pc,control,1,1,0,5,4,9,6,15,0,5,0,10,0,0
pc-6c9fae5a-1635,forschung_muskelkraft__ohne_pc,control,0,1,1,9,5,17,10,38,6,9,5,11,0,0
pc-6c9fae5a-1635,urzeitliche_kolosse__ohne_pc,control,1,0,0,9,-1,15,9,39,6,9,4,5,0,0
pc-1b82192c-1636,forschung_muskelkraft__ohne_pc,control,0,0,1,8,0,19,9,32,1,7,5,9,0,0
pc-1b82192c-1636,urzeitliche_kolosse__ohne_pc,control,1,1,0,8,1,12,9,29,6,8,3,10,0,0
pc-94cf69e9-1637,forschung_muskelkraft__ohne_pc,control,0,1,1,5,6,10,5,14,1,4,2,11,0,0
pc-94cf69e9-1637,urzeitliche_kolosse__ohne_pc,control,1,0,0,5,-1,10,4,13,2,4,0,4,0,0
pc-0e1cdaa7-1638,forschung_muskelkraft__ohne_pc,control,0,1,1,13,3,23,16,61,21,14,12,13,0,0
pc-0e1cdaa7-1638,urzeitliche_kolosse__ohne_pc,control,1,0,0,13,-3,17,16,61,24,15,9,7,0,1
pc-876a2b64-1639,forschung_muskelkraft__ohne_pc,control,0,0,1,8,-3,18,8,27,6,7,4,6,0,0
pc-876a2b64-1639,urzeitliche_kolosse__ohne_pc,control,1,1,0,8,4,12,8,34,2,7,3,13,0,5
pc-cb22820d-1640,forschung_muskelkraft__ohne_pc,control,0,0,1,5,0,11,5,14,1,4,2,4,0,0
pc-cb22820d-1640,urzeitliche_kolosse__ohne_pc,control,1,1,0,5,6,11,5,14,1,5,2,10,0,0
pc-446ff2cb-1641,forschung_muskelkraft__ohne_pc,control,0,1,1,9,3,20,12,41,4,11,7,11,0,0
pc-446ff2cb-1641,urzeitliche_kolosse__ohne_pc,control,1,0,0,9,-1,13,11,39,4,10,7,7,0,2
pc-bdbd4388-1642,forschung_muskelkraft__ohne_pc,control,0,1,1,6,6,11,5,18,3,4,3,13,0,0
pc-bdbd4388-1642,urzeitliche_kolosse__ohne_pc,control,1,0,0,6,-3,11,6,18,3,6,0,4,0,0
pc-370ab446-1643,forschung_muskelkraft__ohne_pc,control,0,0,1,10,-5,20,12,40,5,10,9,9,0,0
pc-370ab446-1643,urzeitliche_kolosse__ohne_pc,control,1,1,0,10,1,16,13,40,7,11,5,15,0,0
pc-e5ed1f17-1644,forschung_muskelkraft__ohne_pc,control,0,0,1,5,0,12,4,13,2,4,2,4,0,0
pc-e5ed1f17-1644,urzeitliche_kolosse__ohne_pc,control,1,1,0,5,6,10,5,13,2,4,2,10,0,0
pc-5f3a6fd5-1645,forschung_muskelkraft__ohne_pc,control,0,0,1,10,0,20,12,38,12,10,9,9,0,0
pc-5f3a6fd5-1645,urzeitliche_kolosse__ohne_pc,control,1,1,0,10,1,16,13,46,3,12,5,10,0,1
pc-d887c092-1646,forschung_muskelkraft__ohne_pc,control,0,1,1,6,3,14,7,20,1,5,2,10,0,0
pc-d887c092-1646,urzeitliche_kolosse__ohne_pc,control,1,0,0,6,0,11,7,19,2,6,1,7,0,1
pc-51d53150-1647,forschung_muskelkraft__ohne_pc,control,0,1,1,8,4,16,11,34,1,9,5,11,0,0
pc-51d53150-1647,urzeitliche_kolosse__ohne_pc,control,1,0,0,8,-1,14,9,33,2,8,5,6,0,2
pc-6be1904a-1648,forschung_muskelkraft__ohne_pc,control,0,0,1,6,-2,15,6,20,1,5,2,2,0,0
pc-6be1904a-1648,urzeitliche_kolosse__ohne_pc,control,1,1,0,6,8,11,5,19,1,5,3,12,0,1
pc-e52ee107-1649,forschung_muskelkraft__ohne_pc,control,0,0,1,9,-3,19,9,32,4,8,5,9,0,0
pc-e52ee107-1649,urzeitliche_kolosse__ohne_pc,control,1,1,0,9,1,15,9,31,5,8,4,13,0,0
pc-5e7c51c5-1650,forschung_muskelkraft__ohne_pc,control,0,1,1,8,6,18,7,29,4,7,6,10,0,0
pc-5e7c51c5-1650,urzeitliche_kolosse__ohne_pc,control,1,0,0,8,0,14,8,33,3,8,2,4,0,0
pc-d7c9a282-1651,forschung_muskelkraft__ohne_pc,control,0,0,1,8,-1,17,11,35,1,9,3,9,0,0
pc-d7c9a282-1651,urzeitliche_kolosse__ohne_pc,control,1,1,0,8,1,12,7,31,5,7,5,11,0,1
pc-86ac0d54-1652,forschung_muskelkraft__ohne_pc,control,0,0,1,6,-3,13,6,18,2,4,3,4,0,0
pc-86ac0d54-1652,urzeitliche_kolosse__ohne_pc,control,1,1,0,6,6,12,6,17,4,6,0,13,0,1
pc-fff97e11-1653,forschung_muskelkraft__ohne_pc,control,0,0,1,7,-2,14,8,26,2,7,4,4,0,0
pc-fff97e11-1653,urzeitliche_kolosse__ohne_pc,control,1,1,0,7,6,12,7,25,3,7,3,12,0,0
pc-7946cecf-1654,forschung_muskelkraft__ohne_pc,control,0,1,1,8,3,19,9,32,2,8,6,13,0,0
pc-7946cecf-1654,urzeitliche_kolosse__ohne_pc,control,1,0,0,8,-3,13,9,34,1,8,4,7,0,1
pc-f2943f8c-1655,forschung_muskelkraft__ohne_pc,control,0,1,1,14,1,23,20,71,20,18,12,12,0,0
pc-f2943f8c-1655,urzeitliche_kolosse__ohne_pc,control,1,0,0,14,-2,18,17,61,33,15,14,9,0,1
pc-364c9636-1656,forschung_muskelkraft__ohne_pc,control,0,1,1,7,4,16,8,26,2,7,7,14,0,0
pc-364c9636-1656,urzeitliche_kolosse__ohne_pc,control,1,0,0,7,-4,11,9,22,4,8,4,6,0,0
pc-af99e6f3-1657,forschung_muskelkraft__ohne_pc,control,0,1,1,5,4,9,5,14,1,4,3,10,0,0
pc-af99e6f3-1657,urzeitliche_kolosse__ohne_pc,control,1,0,0,5,0,10,5,14,1,4,2,6,0,0
pc-28e757b1-1658,forschung_muskelkraft__ohne_pc,control,0,1,1,7,5,16,6,19,2,5,5,11,0,0
pc-28e757b1-1658,urzeitliche_kolosse__ohne_pc,control,1,0,0,7,-1,10,8,26,2,7,0,5,0,0
pc-a234a86e-1659,forschung_muskelkraft__ohne_pc,control,0,0,1,9,0,20,11,36,5,9,7,8,0,0
pc-a234a86e-1659,urzeitliche_kolosse__ohne_pc,control,1,1,0,9,2,14,10,39,4,10,4,10,0,0
pc-51171340-1660,forschung_muskelkraft__ohne_pc,control,0,0,1,9,-1,18,10,35,5,8,8,8,0,0
pc-51171340-1660,urzeitliche_kolosse__ohne_pc,control,1,1,0,9,2,14,11,38,2,10,3,11,0,1
pc-ca6463fd-1661,forschung_muskelkraft__ohne_pc,control,0,1,1,8,4,14,9,27,2,7,3,11,0,0
pc-ca6463fd-1661,urzeitliche_kolosse__ohne_pc,control,1,0,0,8,-1,14,8,34,2,6,2,6,0,1
pc-43b1d4bb-1662,forschung_muskelkraft__ohne_pc,control,0,1,1,8,3,18,9,32,2,8,6,10,0,0
pc-43b1d4bb-1662,urzeitliche_kolosse__ohne_pc,control,1,0,0,8,0,13,9,33,3,8,3,7,0,0
pc-bcff2578-1663,forschung_muskelkraft__ohne_pc,control,0,1,1,9,2,20,11,38,6,9,4,11,0,0
pc-bcff2578-1663,urzeitliche_kolosse__ohne_pc,control,1,0,0,9,-1,15,10,40,3,9,5,8,0,0
pc-2a6393d1-1664,forschung_muskelkraft__ohne_pc,control,0,0,1,7,-1,15,7,25,3,7,4,6,0,0
pc-2a6393d1-1664,urzeitliche_kolosse__ohne_pc,control,1,1,0,7,4,12,8,28,0,7,3,11,0,0
pc-a3b0e48e-1665,forschung_muskelkraft__ohne_pc,control,0,1,1,9,4,17,11,40,2,10,4,12,0,0
pc-a3b0e48e-1665,urzeitliche_kolosse__ohne_pc,control,1,0,0,9,-2,15,9,41,4,8,6,6,0,0
pc-1cfe554c-1666,forschung_muskelkraft__ohne_pc,control,0,1,1,11,2,20,14,53,6,12,10,11,0,0
pc-1cfe554c-1666,urzeitliche_kolosse__ohne_pc,control,1,0,0,11,-1,15,14,50,9,12,8,8,0,0
pc-964ba609-1667,forschung_muskelkraft__ohne_pc,control,0,1,1,10,6,18,11,45,5,10,9,10,0,0
pc-964ba609-1667,urzeitliche_kolosse__ohne_pc,control,1,0,0,10,0,14,13,44,5,12,6,4,0,0
pc-452e10db-1668,forschung_muskelkraft__ohne_pc,control,0,0,1,8,-1,15,11,35,1,9,5,5,0,0
pc-452e10db-1668,urzeitliche_kolosse__ohne_pc,control,1,1,0,8,5,13,9,34,2,9,4,11,0,1
pc-be7b6198-1669,forschung_muskelkraft__ohne_pc,control,0,1,1,8,1,16,11,35,1,9,4,14,0,0
pc-be7b6198-1669,urzeitliche_kolosse__ohne_pc,control,1,0,0,8,-4,13,9,32,4,8,6,9,0,2
pc-37c8d256-1670,forschung_muskelkraft__ohne_pc,control,0,0,1,13,-2,22,15,53,25,13,12,6,0,0
pc-37c8d256-1670,urzeitliche_kolosse__ohne_pc,control,1,1,0,13,4,18,15,59,19,13,8,12,0,1
pc-b1162313-1671,forschung_muskelkraft__ohne_pc,control,0,1,1,9,1,19,9,31,11,7,9,11,0,0
pc-b1162313-1671,urzeitliche_kolosse__ohne_pc,control,1,0,0,9,-1,14,12,40,2,10,2,9,0,1
pc-f4ce99bc-1672,forschung_muskelkraft__ohne_pc,control,0,1,1,7,4,18,8,26,2,7,4,10,0,0
pc-f4ce99bc-1672,urzeitliche_kolosse__ohne_pc,control,1,0,0,7,0,12,6,24,4,6,3,6,0,0
pc-6e1bea7a-1673,forschung_muskelkraft__ohne_pc,control,0,1,1,5,6,9,5,14,1,4,3,10,0,0
pc-6e1bea7a-1673,urzeitliche_kolosse__ohne_pc,control,1,0,0,5,0,8,6,15,0,5,2,4,0,0
pc-e7695b37-1674,forschung_muskelkraft__ohne_pc,control,0,0,1,5,0,12,4,13,2,4,2,3,0,0
pc-e7695b37-1674,urzeitliche_kolosse__ohne_pc,control,1,1,0,5,7,9,5,12,1,4,3,10,0,0
pc-60b6abf5-1675,forschung_muskelkraft__ohne_pc,control,0,0,1,10,-1,22,12,40,10,10,7,5,0,0
pc-60b6abf5-1675,urzeitliche_kolosse__ohne_pc,control,1,1,0,10,5,15,13,45,4,12,6,11,0,1
pc-0f9916c7-1676,forschung_muskelkraft__ohne_pc,control,0,0,1,13,-2,23,20,71,7,18,10,7,0,0
pc-0f9916c7-1676,urzeitliche_kolosse__ohne_pc,control,1,1,0,13,3,19,15,52,26,13,17,12,0,2
pc-88e66784-1677,forschung_muskelkraft__ohne_pc,control,0,0,1,9,0,20,10,41,4,10,5,6,0,0
pc-88e66784-1677,urzeitliche_kolosse__ohne_pc,control,1,1,0,9,4,14,8,37,6,8,5,10,0,1
pc-0233d842-1678,forschung_muskelkraft__ohne_pc,control,0,0,1,8,-2,17,10,32,4,8,5,6,0,0
pc-0233d842-1678,urzeitliche_kolosse__ohne_pc,control,1,1,0,8,4,12,9,31,2,8,3,12,0,2
pc-7b8128ff-1679,forschung_muskelkraft__ohne_pc,control,0,0,1,6,-2,12,6,18,2,4,2,2,0,0
pc-7b8128ff-1679,urzeitliche_kolosse__ohne_pc,control,1,1,0,6,8,11,6,19,2,6,1,12,0,0
pc-958d87f9-1680,forschung_muskelkraft__ohne_pc,control,0,1,1,10,1,20,11,40,9,9,10,12,0,0
pc-958d87f9-1680,urzeitliche_kolosse__ohne_pc,control,1,0,0,10,-2,16,12,49,4,12,4,9,0,0
pc-0edaf8b7-1681,forschung_muskelkraft__ohne_pc,control,0,1,1,8,2,19,10,34,1,9,5,14,0,0
pc-0edaf8b7-1681,urzeitliche_kolosse__ohne_pc,control,1,0,0,8,-4,13,10,36,0,8,4,8,0,1
pc-88284974-1682,forschung_muskelkraft__ohne_pc,control,0,0,1,8,0,20,11,34,1,9,6,6,0,0
pc-88284974-1682,urzeitliche_kolosse__ohne_pc,control,1,1,0,8,4,14,9,34,2,8,4,10,0,1
pc-0175ba32-1683,forschung_muskelkraft__ohne_pc,control,0,1,1,12,2,20,12,49,21,11,9,16,0,0
pc-0175ba32-1683,urzeitliche_kolosse__ohne_pc,control,1,0,0,12,-6,17,15,53,17,13,6,8,0,3
pc-b0580503-1684,forschung_muskelkraft__ohne_pc,control,0,1,1,7,7,17,8,26,2,7,3,13,0,0
pc-b0580503-1684,urzeitliche_kolosse__ohne_pc,control,1,0,0,7,-3,13,8,23,4,7,3,3,0,1
pc-29a575c1-1685,forschung_muskelkraft__ohne_pc,control,0,1,1,10,2,23,12,43,7,10,7,10,0,0
pc-29a575c1-1685,urzeitliche_kolosse__ohne_pc,control,1,0,0,10,0,16,13,43,12,11,6,8,0,1
pc-a2f2c67e-1686,forschung_muskelkraft__ohne_pc,control,0,1,1,7,1,19,7,24,4,6,2,12,0,0
pc-a2f2c67e-1686,urzeitliche_kolosse__ohne_pc,control,1,0,0,7,-2,13,6,26,2,6,1,9,0,4
pc-1c40373c-1687,forschung_muskelkraft__ohne_pc,control,0,0,1,7,-2,16,9,26,2,8,2,7,0,0
pc-1c40373c-1687,urzeitliche_kolosse__ohne_pc,control,1,1,0,7,3,11,7,22,6,7,4,12,0,1
pc-5ff88de5-1688,forschung_muskelkraft__ohne_pc,control,0,1,1,6,2,14,6,20,1,5,3,11,0,0
pc-5ff88de5-1688,urzeitliche_kolosse__ohne_pc,control,1,0,0,6,-1,11,6,20,0,5,3,8,0,0
pc-d945fea2-1689,forschung_muskelkraft__ohne_pc,control,0,1,1,8,4,16,10,32,3,8,6,10,0,0
pc-d945fea2-1689,urzeitliche_kolosse__ohne_pc,control,1,0,0,8,0,12,10,29,6,10,3,6,0,0
pc-52934f60-1690,forschung_muskelkraft__ohne_pc,control,0,1,1,5,4,12,5,14,1,4,2,10,0,0
pc-52934f60-1690,urzeitliche_kolosse__ohne_pc,control,1,0,0,5,0,10,4,13,2,4,1,6,0,0
pc-cbe0a01d-1691,forschung_muskelkraft__ohne_pc,control,0,0,1,10,0,17,12,42,7,10,6,6,0,0
pc-cbe0a01d-1691,urzeitliche_kolosse__ohne_pc,control,1,1,0,10,4,15,12,49,4,11,5,10,0,1
pc-7ac30aef-1692,forschung_muskelkraft__ohne_pc,control,0,0,1,5,0,13,4,13,2,4,2,3,0,0
pc-7ac30aef-1692,urzeitliche_kolosse__ohne_pc,control,1,1,0,5,7,9,5,13,0,4,1,10,0,0
pc-f4107bac-1693,forschung_muskelkraft__ohne_pc,control,0,1,1,7,1,16,8,26,1,6,4,12,0,0
pc-f4107bac-1693,urzeitliche_kolosse__ohne_pc,control,1,0,0,7,-2,12,7,26,2,7,4,9,0,1
pc-6d5dcc6a-1694,forschung_muskelkraft__ohne_pc,control,0,1,1,8,4,19,9,31,2,8,7,15,0,0
pc-6d5dcc6a-1694,urzeitliche_kolosse__ohne_pc,control,1,0,0,8,-5,13,10,33,3,9,3,6,0,0
pc-e6ab3d27-1695,forschung_muskelkraft__ohne_pc,control,0,1,1,7,6,18,7,25,3,7,3,12,0,0
pc-e6ab3d27-1695,urzeitliche_kolosse__ohne_pc,control,1,0,0,7,-2,12,8,23,3,6,2,4,0,2
pc-540f8b80-1696,forschung_muskelkraft__ohne_pc,control,0,0,1,6,-1,11,7,20,1,5,1,8,0,0
pc-540f8b80-1696,urzeitliche_kolosse__ohne_pc,control,1,1,0,6,2,11,5,18,3,4,1,11,0,1
pc-cd5cfc3d-1697,forschung_muskelkraft__ohne_pc,control,0,1,1,6,6,14,6,19,1,5,3,10,0,0
pc-cd5cfc3d-1697,urzeitliche_kolosse__ohne_pc,control,1,0,0,6,0,11,6,19,1,6,2,4,0,0
pc-46aa4cfb-1698,forschung_muskelkraft__ohne_pc,control,0,0,1,12,0,23,14,55,11,12,11,7,0,0
pc-46aa4cfb-1698,urzeitliche_kolosse__ohne_pc,control,1,1,0,12,3,17,15,54,13,13,9,10,0,3
pc-bff7bdb8-1699,forschung_muskelkraft__ohne_pc,control,0,0,1,12,-2,22,13,48,23,11,8,5,0,0
pc-bff7bdb8-1699,urzeitliche_kolosse__ohne_pc,control,1,1,0,12,5,18,14,52,19,12,7,12,0,0
pc-8eebb4d8-1700,forschung_muskelkraft__ohne_pc,control,0,1,0,7,4,16,7,24,2,6,5,12,0,0
pc-8eebb4d8-1700,urzeitliche_kolosse__ohne_pc,control,1,0,1,7,-2,11,10,25,0,9,2,6,0,0
pc-159e441b-1701,forschung_muskelkraft__ohne_pc,control,0,1,0,6,4,12,6,19,1,5,2,10,0,0
pc-159e441b-1701,urzeitliche_kolosse__ohne_pc,control,1,0,1,6,0,11,6,15,3,4,2,6,0,0
pc-9c50f35d-1702,forschung_muskelkraft__ohne_pc,control,0,0,0,4,0,9,3,8,2,3,1,0,0,0
pc-9c50f35d-1702,urzeitliche_kolosse__ohne_pc,control,1,1,1,4,10,10,4,10,0,4,1,10,0,0
pc-230382a0-1703,forschung_muskelkraft__ohne_pc,control,0,1,0,7,4,12,7,23,2,6,5,13,0,0
pc-230382a0-1703,urzeitliche_kolosse__ohne_pc,control,1,0,1,7,-3,11,8,25,3,7,2,6,0,0
pc-a9b631e2-1704,forschung_muskelkraft__ohne_pc,control,0,0,0,4,-1,12,3,8,2,3,0,0,0,0
pc-a9b631e2-1704,urzeitliche_kolosse__ohne_pc,control,1,1,1,4,10,8,4,8,1,4,0,11,0,0
pc-3068c125-1705,forschung_muskelkraft__ohne_pc,control,0,1,0,6,4,12,7,20,1,6,4,12,0,0
pc-3068c125-1705,urzeitliche_kolosse__ohne_pc,control,1,0,1,6,-2,12,6,18,1,6,1,6,0,1
pc-b71b7067-1706,forschung_muskelkraft__ohne_pc,control,0,0,0,9,-4,17,10,37,7,9,4,8,0,0
pc-b71b7067-1706,urzeitliche_kolosse__ohne_pc,control,1,1,1,9,2,14,9,41,2,8,4,14,0,0
pc-3dce1faa-1707,forschung_muskelkraft__ohne_pc,control,0,0,0,7,0,17,7,24,3,5,3,6,0,0
pc-3dce1faa-1707,urzeitliche_kolosse__ohne_pc,control,1,1,1,7,4,12,9,25,3,8,1,10,0,0
pc-5956bac4-1708,forschung_muskelkraft__ohne_pc,control,0,1,0,7,1,16,6,23,3,6,5,11,0,0
pc-5956bac4-1708,urzeitliche_kolosse__ohne_pc,control,1,0,1,7,-1,13,7,26,2,7,3,9,0,0
pc-e0094a06-1709,forschung_muskelkraft__ohne_pc,control,0,1,0,8,2,20,9,32,4,8,5,10,0,0
pc-e0094a06-1709,urzeitliche_kolosse__ohne_pc,control,1,0,1,8,0,12,8,31,5,7,3,8,0,1
pc-66bbf949-1710,forschung_muskelkraft__ohne_pc,control,0,0,0,7,-1,15,9,27,1,7,4,9,0,0
pc-66bbf949-1710,urzeitliche_kolosse__ohne_pc,control,1,1,1,7,1,12,8,24,4,7,4,11,0,0
pc-ed6e888b-1711,forschung_muskelkraft__ohne_pc,control,0,1,0,7,6,16,7,25,1,6,5,13,0,0
pc-ed6e888b-1711,urzeitliche_kolosse__ohne_pc,control,1,0,1,7,-3,12,8,27,1,7,2,4,0,1
pc-742137ce-1712,forschung_muskelkraft__ohne_pc,control,0,1,0,12,3,22,16,63,11,14,11,17,0,0
pc-742137ce-1712,urzeitliche_kolosse__ohne_pc,control,1,0,1,12,-7,18,15,48,23,13,9,7,0,1
pc-fad3c710-1713,forschung_muskelkraft__ohne_pc,control,0,1,0,10,6,24,14,49,2,12,10,14,0,0
pc-fad3c710-1713,urzeitliche_kolosse__ohne_pc,control,1,0,1,10,-4,15,13,43,10,12,7,4,0,0
pc-81867653-1714,forschung_muskelkraft__ohne_pc,control,0,1,0,6,6,15,7,20,1,5,3,10,0,0
pc-81867653-1714,urzeitliche_kolosse__ohne_pc,control,1,0,1,6,0,11,7,18,1,6,1,4,0,0
pc-08390596-1715,forschung_muskelkraft__ohne_pc,control,0,0,0,9,0,15,12,40,2,10,8,7,0,0
pc-08390596-1715,urzeitliche_kolosse__ohne_pc,control,1,1,1,9,3,12,12,42,1,11,6,10,0,2
pc-fa15a900-1716,forschung_muskelkraft__ohne_pc,control,0,1,0,5,4,11,4,13,2,4,3,11,0,0
pc-fa15a900-1716,urzeitliche_kolosse__ohne_pc,control,1,0,1,5,-1,10,4,13,2,4,0,6,0,0
pc-80c85843-1717,forschung_muskelkraft__ohne_pc,control,0,1,0,11,4,20,14,49,10,13,8,13,0,0
pc-80c85843-1717,urzeitliche_kolosse__ohne_pc,control,1,0,1,11,-3,17,14,55,6,12,8,6,0,1
pc-077ae786-1718,forschung_muskelkraft__ohne_pc,control,0,1,0,7,2,15,9,27,1,7,5,10,0,0
pc-077ae786-1718,urzeitliche_kolosse__ohne_pc,control,1,0,1,7,0,11,9,27,0,8,3,8,0,1
pc-8e2d96c8-1719,forschung_muskelkraft__ohne_pc,control,0,1,0,7,2,15,4,21,6,4,3,10,0,0
pc-8e2d96c8-1719,urzeitliche_kolosse__ohne_pc,control,1,0,1,7,0,12,7,24,4,6,2,8,0,0
pc-14e0260b-1720,forschung_muskelkraft__ohne_pc,control,0,1,0,6,5,10,6,19,2,5,2,10,0,0
pc-14e0260b-1720,urzeitliche_kolosse__ohne_pc,control,1,0,1,6,0,12,4,17,3,4,3,5,0,1
pc-9b92d54d-1721,forschung_muskelkraft__ohne_pc,control,0,0,0,7,-5,14,8,25,2,6,4,6,0,0
pc-9b92d54d-1721,urzeitliche_kolosse__ohne_pc,control,1,1,1,7,4,11,8,25,2,7,3,15,0,1
pc-22456490-1722,forschung_muskelkraft__ohne_pc,control,0,0,0,8,0,17,9,33,1,8,5,4,0,0
pc-22456490-1722,urzeitliche_kolosse__ohne_pc,control,1,1,1,8,6,13,8,31,5,8,3,10,0,0
pc-a8f813d2-1723,forschung_muskelkraft__ohne_pc,control,0,0,0,5,-1,12,6,14,1,4,1,5,0,0
pc-a8f813d2-1723,urzeitliche_kolosse__ohne_pc,control,1,1,1,5,5,11,4,14,1,4,0,11,0,0
pc-c480aeec-1724,forschung_muskelkraft__ohne_pc,control,0,0,0,9,-1,17,11,38,2,9,6,8,0,0
pc-c480aeec-1724,urzeitliche_kolosse__ohne_pc,control,1,1,1,9,2,13,12,43,2,11,4,11,0,0
pc-4b335e2f-1725,forschung_muskelkraft__ohne_pc,control,0,0,0,8,0,17,8,29,6,6,5,8,0,0
pc-4b335e2f-1725,urzeitliche_kolosse__ohne_pc,control,1,1,1,8,2,14,9,32,3,8,1,10,0,0
pc-d1e5ed71-1726,forschung_muskelkraft__ohne_pc,control,0,1,0,6,6,14,6,19,1,5,2,10,0,0
pc-d1e5ed71-1726,urzeitliche_kolosse__ohne_pc,control,1,0,1,6,0,12,6,18,1,5,0,4,0,0
pc-58989cb4-1727,forschung_muskelkraft__ohne_pc,control,0,1,0,7,1,15,7,24,1,6,4,11,0,0
pc-58989cb4-1727,urzeitliche_kolosse__ohne_pc,control,1,0,1,7,-1,11,7,27,1,7,1,9,0,1
pc-df4b2bf6-1728,forschung_muskelkraft__ohne_pc,control,0,1,0,8,2,15,10,32,2,8,4,11,0,0
pc-df4b2bf6-1728,urzeitliche_kolosse__ohne_pc,control,1,0,1,8,-1,14,9,35,1,8,3,8,0,1
pc-65fddb39-1729,forschung_muskelkraft__ohne_pc,control,0,0,0,13,-1,22,20,71,9,18,14,9,0,0
pc-65fddb39-1729,urzeitliche_kolosse__ohne_pc,control,1,1,1,13,1,16,16,53,28,15,15,11,0,3
pc-ecb06a7b-1730,forschung_muskelkraft__ohne_pc,control,0,0,0,8,-1,14,9,32,4,8,5,3,0,0
pc-ecb06a7b-1730,urzeitliche_kolosse__ohne_pc,control,1,1,1,8,7,13,8,33,3,8,4,11,0,2
pc-736319be-1731,forschung_muskelkraft__ohne_pc,control,0,1,0,11,3,22,13,51,8,11,13,15,0,0
pc-736319be-1731,urzeitliche_kolosse__ohne_pc,control,1,0,1,11,-5,17,14,47,12,13,7,7,0,4
pc-b897ac87-1732,forschung_muskelkraft__ohne_pc,control,0,1,0,7,1,13,7,25,3,6,3,12,0,0
pc-b897ac87-1732,urzeitliche_kolosse__ohne_pc,control,1,0,1,7,-2,11,7,22,5,6,1,9,0,0
pc-3f4a5bca-1733,forschung_muskelkraft__ohne_pc,control,0,0,0,4,0,9,1,4,6,1,0,0,0,0
pc-3f4a5bca-1733,urzeitliche_kolosse__ohne_pc,control,1,1,1,4,10,8,3,7,2,3,0,10,0,0
pc-c5fceb0c-1734,forschung_muskelkraft__ohne_pc,control,0,0,0,9,-3,20,9,30,8,7,5,6,0,0
pc-c5fceb0c-1734,urzeitliche_kolosse__ohne_pc,control,1,1,1,9,4,15,11,42,3,10,2,13,0,2
pc-4caf9a4f-1735,forschung_muskelkraft__ohne_pc,control,0,0,0,6,0,13,7,20,1,6,4,4,0,0
pc-4caf9a4f-1735,urzeitliche_kolosse__ohne_pc,control,1,1,1,6,6,12,7,19,1,6,2,10,0,0
pc-d3622991-1736,forschung_muskelkraft__ohne_pc,control,0,0,0,6,0,15,7,20,1,5,4,8,0,0
pc-d3622991-1736,urzeitliche_kolosse__ohne_pc,control,1,1,1,6,2,11,8,20,1,6,2,10,0,0
pc-5a14d8d4-1737,forschung_muskelkraft__ohne_pc,control,0,1,0,11,2,21,13,45,15,11,9,10,0,0
pc-5a14d8d4-1737,urzeitliche_kolosse__ohne_pc,control,1,0,1,11,0,15,14,51,12,12,8,8,0,0
pc-e0c76816-1738,forschung_muskelkraft__ohne_pc,control,0,0,0,4,-1,10,3,8,2,3,0,0,0,0
pc-e0c76816-1738,urzeitliche_kolosse__ohne_pc,control,1,1,1,4,10,8,4,10,0,4,1,11,0,0
pc-677a1759-1739,forschung_muskelkraft__ohne_pc,control,0,,0,10,0,19,10,34,13,8,6,10,0,0
pc-677a1759-1739,urzeitliche_kolosse__ohne_pc,control,1,,1,10,0,14,10,35,17,10,3,10,0,0
pc-8302b273-1740,forschung_muskelkraft__ohne_pc,control,0,0,0,13,0,23,18,67,21,16,11,6,0,0
pc-8302b273-1740,urzeitliche_kolosse__ohne_pc,control,1,1,1,13,4,19,16,59,21,14,11,10,0,1
pc-09b541b6-1741,forschung_muskelkraft__ohne_pc,control,0,1,0,5,4,11,4,13,2,4,2,10,0,0
pc-09b541b6-1741,urzeitliche_kolosse__ohne_pc,control,1,0,1,5,0,10,5,14,1,3,0,6,0,0
pc-9067f0f8-1742,forschung_muskelkraft__ohne_pc,control,0,0,0,11,-2,23,16,61,4,14,6,4,0,0
pc-9067f0f8-1742,urzeitliche_kolosse__ohne_pc,control,1,1,1,11,6,17,11,50,10,11,10,12,0,0
pc-171a803b-1743,forschung_muskelkraft__ohne_pc,control,0,1,0,15,5,23,16,63,46,14,15,13,0,0
pc-171a803b-1743,urzeitliche_kolosse__ohne_pc,control,1,0,1,15,-3,21,18,69,44,17,10,5,0,4
pc-9dcd2f7d-1744,forschung_muskelkraft__ohne_pc,control,0,1,0,6,4,15,6,19,1,5,4,10,0,0
pc-9dcd2f7d-1744,urzeitliche_kolosse__ohne_pc,control,1,0,1,6,0,10,6,17,2,6,0,6,0,0
pc-247fdec0-1745,forschung_muskelkraft__ohne_pc,control,0,1,0,5,2,9,5,13,2,3,3,10,0,0
pc-247fdec0-1745,urzeitliche_kolosse__ohne_pc,control,1,0,1,5,0,11,6,14,1,5,0,8,0,0
pc-ab326e02-1746,forschung_muskelkraft__ohne_pc,control,0,1,0,9,2,16,10,34,3,8,8,13,0,0
pc-ab326e02-1746,urzeitliche_kolosse__ohne_pc,control,1,0,1,9,-3,13,11,40,4,11,3,8,0,0
pc-31e51d45-1747,forschung_muskelkraft__ohne_pc,control,0,1,0,7,3,15,8,25,1,6,3,12,0,0
pc-31e51d45-1747,urzeitliche_kolosse__ohne_pc,control,1,0,1,7,-2,13,5,23,5,5,2,7,0,1
pc-23c1a0b0-1748,forschung_muskelkraft__ohne_pc,control,0,0,0,8,0,15,8,30,4,7,4,6,0,0
pc-23c1a0b0-1748,urzeitliche_kolosse__ohne_pc,control,1,1,1,8,4,14,9,34,2,8,3,10,0,0
pc-aa744ff2-1749,forschung_muskelkraft__ohne_pc,control,0,1,0,11,7,21,11,42,19,9,12,16,0,0
pc-aa744ff2-1749,urzeitliche_kolosse__ohne_pc,control,1,0,1,11,-6,17,14,56,4,13,6,3,0,1
pc-3126ff35-1750,forschung_muskelkraft__ohne_pc,control,0,0,0,5,-2,11,3,11,4,3,1,0,0,0
pc-3126ff35-1750,urzeitliche_kolosse__ohne_pc,control,1,1,1,5,10,10,6,12,3,5,1,12,0,0
pc-b7d98e77-1751,forschung_muskelkraft__ohne_pc,control,0,0,0,6,0,11,6,20,1,5,2,5,0,0
pc-b7d98e77-1751,urzeitliche_kolosse__ohne_pc,control,1,1,1,6,5,12,5,17,2,5,2,10,0,0
pc-3e8c3dba-1752,forschung_muskelkraft__ohne_pc,control,0,0,0,8,0,21,10,34,2,8,4,9,0,0
pc-3e8c3dba-1752,urzeitliche_kolosse__ohne_pc,control,1,1,1,8,1,14,8,32,4,7,5,10,0,2
pc-c53eccfc-1753,forschung_muskelkraft__ohne_pc,control,0,0,0,6,0,15,7,20,1,5,4,9,0,0
pc-c53eccfc-1753,urzeitliche_kolosse__ohne_pc,control,1,1,1,6,1,10,8,19,1,6,1,10,0,1
pc-4bf17c3f-1754,forschung_muskelkraft__ohne_pc,control,0,1,0,7,10,17,7,24,2,6,2,11,0,0
pc-4bf17c3f-1754,urzeitliche_kolosse__ohne_pc,control,1,0,1,7,-1,12,5,21,7,4,2,0,0,1
pc-d2a40b81-1755,forschung_muskelkraft__ohne_pc,control,0,1,0,5,6,9,5,14,1,4,3,10,0,0
pc-d2a40b81-1755,urzeitliche_kolosse__ohne_pc,control,1,0,1,5,0,10,4,13,2,4,0,4,0,0
pc-ee2ca69b-1756,forschung_muskelkraft__ohne_pc,control,0,0,0,6,-1,15,5,18,2,5,2,5,0,0
pc-ee2ca69b-1756,urzeitliche_kolosse__ohne_pc,control,1,1,1,6,5,11,6,18,1,5,3,11,0,0
pc-74df55de-1757,forschung_muskelkraft__ohne_pc,control,0,1,0,10,6,17,13,45,6,11,8,13,0,0
pc-74df55de-1757,urzeitliche_kolosse__ohne_pc,control,1,0,1,10,-3,14,13,45,2,11,8,4,0,5
pc-fb91e520-1758,forschung_muskelkraft__ohne_pc,control,0,1,0,7,6,16,7,24,2,6,5,10,0,0
pc-fb91e520-1758,urzeitliche_kolosse__ohne_pc,control,1,0,1,7,0,11,7,24,4,7,2,4,0,0
pc-82449463-1759,forschung_muskelkraft__ohne_pc,control,0,0,0,9,-2,16,7,25,11,6,5,6,0,0
pc-82449463-1759,urzeitliche_kolosse__ohne_pc,control,1,1,1,9,4,14,9,41,2,9,2,12,0,2
pc-08f723a6-1760,forschung_muskelkraft__ohne_pc,control,0,0,0,9,-3,18,11,41,4,9,6,7,0,0
pc-08f723a6-1760,urzeitliche_kolosse__ohne_pc,control,1,1,1,9,3,14,11,40,4,10,5,13,0,3
pc-8fa9d2e8-1761,forschung_muskelkraft__ohne_pc,control,0,1,0,10,2,20,11,35,10,9,7,13,0,0
pc-8fa9d2e8-1761,urzeitliche_kolosse__ohne_pc,control,1,0,1,10,-3,16,13,40,10,11,4,8,0,3
pc-165c622b-1762,forschung_muskelkraft__ohne_pc,control,0,1,0,7,3,16,7,25,2,6,4,13,0,0
pc-165c622b-1762,urzeitliche_kolosse__ohne_pc,control,1,0,1,7,-3,13,9,22,3,7,2,7,0,0
pc-9d0f116d-1763,forschung_muskelkraft__ohne_pc,control,0,0,0,6,-2,17,7,20,1,5,2,5,0,0
pc-9d0f116d-1763,urzeitliche_kolosse__ohne_pc,control,1,1,1,6,5,12,6,20,0,6,1,12,0,0
pc-3b93a57a-1764,forschung_muskelkraft__ohne_pc,control,0,0,0,6,-1,12,7,19,2,6,4,8,0,0
pc-3b93a57a-1764,urzeitliche_kolosse__ohne_pc,control,1,1,1,6,2,10,7,19,1,5,3,11,0,0
pc-c24654bc-1765,forschung_muskelkraft__ohne_pc,control,0,0,0,11,-1,23,14,51,14,12,7,9,0,0
pc-c24654bc-1765,urzeitliche_kolosse__ohne_pc,control,1,1,1,11,1,17,13,52,7,12,8,11,0,2
pc-48f8e3ff-1766,forschung_muskelkraft__ohne_pc,control,0,0,0,6,0,14,5,17,4,4,1,0,0,0
pc-48f8e3ff-1766,urzeitliche_kolosse__ohne_pc,control,1,1,1,6,10,12,7,18,1,5,2,10,0,0
pc-cfab9341-1767,forschung_muskelkraft__ohne_pc,control,0,0,0,9,-2,20,10,37,5,8,7,6,0,0
pc-cfab9341-1767,urzeitliche_kolosse__ohne_pc,control,1,1,1,9,4,14,11,43,1,10,3,12,0,0
pc-565e2284-1768,forschung_muskelkraft__ohne_pc,control,0,1,0,8,1,19,10,33,3,8,5,12,0,0
pc-565e2284-1768,urzeitliche_kolosse__ohne_pc,control,1,0,1,8,-2,12,9,34,2,8,4,9,0,0
pc-dd10d1c6-1769,forschung_muskelkraft__ohne_pc,control,0,1,0,6,4,11,6,18,3,4,3,11,0,0
pc-dd10d1c6-1769,urzeitliche_kolosse__ohne_pc,control,1,0,1,6,-1,12,5,17,3,5,0,6,0,0
pc-63c36109-1770,forschung_muskelkraft__ohne_pc,control,0,1,0,9,1,21,10,32,4,8,5,15,0,0
pc-63c36109-1770,urzeitliche_kolosse__ohne_pc,control,1,0,1,9,-5,15,10,43,2,9,3,9,0,0
pc-ea76104b-1771,forschung_muskelkraft__ohne_pc,control,0,0,0,6,-2,15,7,20,1,5,3,9,0,0
pc-ea76104b-1771,urzeitliche_kolosse__ohne_pc,control,1,1,1,6,1,12,6,19,1,5,1,12,0,0
pc-05feab66-1772,forschung_muskelkraft__ohne_pc,control,0,0,0,11,0,22,13,51,8,11,8,9,0,0
pc-05feab66-1772,urzeitliche_kolosse__ohne_pc,control,1,1,1,11,1,16,14,48,11,13,6,10,0,2
pc-8cb15aa8-1773,forschung_muskelkraft__ohne_pc,control,0,1,0,6,1,14,6,19,2,5,3,13,0,0
pc-8cb15aa8-1773,urzeitliche_kolosse__ohne_pc,control,1,0,1,6,-3,12,6,19,0,6,1,9,0,1
pc-1363e9eb-1774,forschung_muskelkraft__ohne_pc,control,0,1,0,7,2,16,8,27,1,7,4,12,0,0
pc-1363e9eb-1774,urzeitliche_kolosse__ohne_pc,control,1,0,1,7,-2,13,8,26,2,7,4,8,0,2
pc-9a16992d-1775,forschung_muskelkraft__ohne_pc,control,0,1,0,8,4,15,10,32,2,8,5,10,0,0
pc-9a16992d-1775,urzeitliche_kolosse__ohne_pc,control,1,0,1,8,0,13,8,31,4,8,3,6,0,0
pc-20c92870-1776,forschung_muskelkraft__ohne_pc,control,0,1,0,12,3,21,16,60,14,14,11,13,0,0
pc-20c92870-1776,urzeitliche_kolosse__ohne_pc,control,1,0,1,12,-3,18,15,51,17,13,9,7,0,1
pc-a77bd7b2-1777,forschung_muskelkraft__ohne_pc,control,0,1,0,10,2,19,12,48,7,11,6,10,0,0
pc-a77bd7b2-1777,urzeitliche_kolosse__ohne_pc,control,1,0,1,10,0,16,12,41,14,11,7,8,0,0
pc-2e2e66f5-1778,forschung_muskelkraft__ohne_pc,control,0,0,0,6,-1,12,6,20,1,5,3,6,0,0
pc-2e2e66f5-1778,urzeitliche_kolosse__ohne_pc,control,1,1,1,6,4,10,6,18,3,6,3,11,0,0
pc-b4e11637-1779,forschung_muskelkraft__ohne_pc,control,0,0,0,6,-1,13,7,20,1,5,3,4,0,0
pc-b4e11637-1779,urzeitliche_kolosse__ohne_pc,control,1,1,1,6,6,11,7,18,1,7,2,11,0,1
pc-a6bdb9a2-1780,forschung_muskelkraft__ohne_pc,control,0,0,0,3,-1,10,3,5,1,2,0,2,0,0
pc-a6bdb9a2-1780,urzeitliche_kolosse__ohne_pc,control,1,1,1,3,8,8,3,6,0,3,0,11,0,0
pc-2d7048e5-1781,forschung_muskelkraft__ohne_pc,control,0,1,0,6,4,11,5,17,3,4,2,12,0,0
pc-2d7048e5-1781,urzeitliche_kolosse__ohne_pc,control,1,0,1,6,-2,11,7,21,0,5,0,6,0,1
pc-b422f827-1782,forschung_muskelkraft__ohne_pc,control,0,1,0,8,5,18,7,24,4,6,8,13,0,0
pc-b422f827-1782,urzeitliche_kolosse__ohne_pc,control,1,0,1,8,-3,14,9,33,2,9,3,5,0,2
pc-3ad5876a-1783,forschung_muskelkraft__ohne_pc,control,0,1,0,12,6,18,16,60,11,14,9,13,0,0
pc-3ad5876a-1783,urzeitliche_kolosse__ohne_pc,control,1,0,1,12,-3,18,15,59,8,13,10,4,0,3
pc-c18836ac-1784,forschung_muskelkraft__ohne_pc,control,0,1,0,6,5,14,6,19,1,5,1,10,0,0
pc-c18836ac-1784,urzeitliche_kolosse__ohne_pc,control,1,0,1,6,0,10,4,17,3,4,2,5,0,1
pc-483ac5ef-1785,forschung_muskelkraft__ohne_pc,control,0,0,0,6,-1,15,7,19,1,6,3,4,0,0
pc-483ac5ef-1785,urzeitliche_kolosse__ohne_pc,control,1,1,1,6,6,10,6,18,1,6,3,11,0,0
pc-ceed7531-1786,forschung_muskelkraft__ohne_pc,control,0,0,0,6,-2,13,5,19,2,5,4,0,0,0
pc-ceed7531-1786,urzeitliche_kolosse__ohne_pc,control,1,1,1,6,10,11,6,17,1,6,2,12,0,1
pc-55a00474-1787,forschung_muskelkraft__ohne_pc,control,0,0,0,9,-2,20,10,33,4,8,7,5,0,0
pc-55a00474-1787,urzeitliche_kolosse__ohne_pc,control,1,1,1,9,5,14,11,38,3,10,4,12,0,0
pc-7128bf8e-1788,forschung_muskelkraft__ohne_pc,control,0,0,0,8,-1,17,8,31,4,7,3,0,0,0
pc-7128bf8e-1788,urzeitliche_kolosse__ohne_pc,control,1,1,1,8,10,14,9,34,2,8,4,11,0,0
pc-f7db4ed0-1789,forschung_muskelkraft__ohne_pc,control,0,0,0,3,0,10,3,5,1,2,0,2,0,0
pc-f7db4ed0-1789,urzeitliche_kolosse__ohne_pc,control,1,1,1,3,8,6,3,6,0,2,0,10,0,0
pc-7e8dfe13-1790,forschung_muskelkraft__ohne_pc,control,0,1,0,6,3,11,6,20,1,5,0,10,0,0
pc-7e8dfe13-1790,urzeitliche_kolosse__ohne_pc,control,1,0,1,6,0,11,5,18,3,5,1,7,0,1
pc-05408d56-1791,forschung_muskelkraft__ohne_pc,control,0,1,0,6,10,13,7,19,1,6,3,11,0,0
pc-05408d56-1791,urzeitliche_kolosse__ohne_pc,control,1,0,1,6,-1,10,5,15,5,5,3,0,0,0
pc-8bf33c98-1792,forschung_muskelkraft__ohne_pc,control,0,1,0,8,1,19,8,30,5,7,6,12,0,0
pc-8bf33c98-1792,urzeitliche_kolosse__ohne_pc,control,1,0,1,8,-2,14,9,34,1,9,4,9,0,1
pc-12a5cbdb-1793,forschung_muskelkraft__ohne_pc,control,0,1,0,7,4,15,7,24,2,6,4,10,0,0
pc-12a5cbdb-1793,urzeitliche_kolosse__ohne_pc,control,1,0,1,7,0,13,6,25,3,6,2,6,0,0
pc-99587b1d-1794,forschung_muskelkraft__ohne_pc,control,0,0,0,12,-1,22,16,57,9,14,11,9,0,0
pc-99587b1d-1794,urzeitliche_kolosse__ohne_pc,control,1,1,1,12,1,18,15,52,14,13,9,11,0,2
pc-200b0a60-1795,forschung_muskelkraft__ohne_pc,control,0,1,0,7,5,18,8,26,2,7,6,11,0,0
pc-200b0a60-1795,urzeitliche_kolosse__ohne_pc,control,1,0,1,7,-1,11,10,26,1,8,2,5,0,0
pc-653fbd29-1796,forschung_muskelkraft__ohne_pc,control,0,1,0,10,1,22,12,40,5,10,12,12,0,0
pc-653fbd29-1796,urzeitliche_kolosse__ohne_pc,control,1,0,1,10,-2,15,13,50,2,12,6,9,0,0
pc-ebf24c6b-1797,forschung_muskelkraft__ohne_pc,control,0,0,0,9,-4,20,11,38,3,9,5,9,0,0
pc-ebf24c6b-1797,urzeitliche_kolosse__ohne_pc,control,1,1,1,9,1,13,10,40,2,9,4,14,0,1
pc-72a4fbae-1798,forschung_muskelkraft__ohne_pc,control,0,1,0,6,4,15,5,18,2,5,2,10,0,0
pc-72a4fbae-1798,urzeitliche_kolosse__ohne_pc,control,1,0,1,6,0,12,5,16,5,5,1,6,0,1
pc-f9578af0-1799,forschung_muskelkraft__ohne_pc,control,0,1,0,7,2,16,8,26,2,6,5,10,0,0
pc-f9578af0-1799,urzeitliche_kolosse__ohne_pc,control,1,0,1,7,0,10,10,26,1,8,3,8,0,0
pc-7984af9f-1800,forschung_muskelkraft__mit_pc,control,0,0,1,5,-1,13,5,13,2,3,0,4,0,0
pc-7984af9f-1800,urzeitliche_kolosse__mit_pc,control,1,1,0,5,6,11,4,11,4,4,0,11,0,0
pc-00375ee2-1801,forschung_muskelkraft__mit_pc,control,0,1,1,8,4,15,8,30,3,7,6,13,0,0
pc-00375ee2-1801,urzeitliche_kolosse__mit_pc,control,1,0,0,8,-3,14,8,33,3,8,3,6,0,0
pc-86e9ee24-1802,forschung_muskelkraft__mit_pc,control,0,1,1,11,2,23,14,51,8,12,10,11,0,0
pc-86e9ee24-1802,urzeitliche_kolosse__mit_pc,control,1,0,0,11,-1,16,14,52,7,13,7,8,0,1
pc-0d9c9d67-1803,forschung_muskelkraft__mit_pc,control,0,0,1,5,0,14,5,14,1,4,1,9,0,0
pc-0d9c9d67-1803,urzeitliche_kolosse__mit_pc,control,1,1,0,5,1,11,6,14,1,5,0,10,0,0
pc-944f2ca9-1804,forschung_muskelkraft__mit_pc,control,0,1,1,11,2,21,13,57,7,13,10,15,0,0
pc-944f2ca9-1804,urzeitliche_kolosse__mit_pc,control,1,0,0,11,-5,16,14,44,15,13,8,8,0,1
pc-1b01dbec-1805,forschung_muskelkraft__mit_pc,control,0,0,1,12,-1,22,13,50,16,11,7,5,0,0
pc-1b01dbec-1805,urzeitliche_kolosse__mit_pc,control,1,1,0,12,5,17,13,59,13,12,6,11,0,4
pc-a1b46b2e-1806,forschung_muskelkraft__mit_pc,control,0,0,1,13,-1,23,16,63,23,14,13,6,0,0
pc-a1b46b2e-1806,urzeitliche_kolosse__mit_pc,control,1,1,0,13,4,18,16,63,17,15,9,11,0,1
pc-28671a71-1807,forschung_muskelkraft__mit_pc,control,0,1,1,6,3,11,6,20,1,5,1,10,0,0
pc-28671a71-1807,urzeitliche_kolosse__mit_pc,control,1,0,0,6,0,12,4,18,3,4,1,7,0,1
pc-af19a9b3-1808,forschung_muskelkraft__mit_pc,control,0,0,1,6,0,14,5,19,2,5,2,1,0,0
pc-af19a9b3-1808,urzeitliche_kolosse__mit_pc,control,1,1,0,6,9,11,7,19,1,7,3,10,0,0
pc-35cc58f6-1809,forschung_muskelkraft__mit_pc,control,0,0,1,9,-4,22,9,36,5,8,6,6,0,0
pc-35cc58f6-1809,urzeitliche_kolosse__mit_pc,control,1,1,0,9,4,14,9,38,5,9,3,14,0,2
pc-bc7ee838-1810,forschung_muskelkraft__mit_pc,control,0,1,1,13,1,22,13,50,28,11,9,12,0,0
pc-bc7ee838-1810,urzeitliche_kolosse__mit_pc,control,1,0,0,13,-2,19,14,59,23,13,7,9,0,3
pc-4331977b-1811,forschung_muskelkraft__mit_pc,control,0,0,1,11,0,22,12,48,12,10,11,4,0,0
pc-4331977b-1811,urzeitliche_kolosse__mit_pc,control,1,1,0,11,6,17,14,55,4,13,5,10,0,1
pc-c9e426bd-1812,forschung_muskelkraft__mit_pc,control,0,1,1,9,2,14,10,39,3,9,3,10,0,0
pc-c9e426bd-1812,urzeitliche_kolosse__mit_pc,control,1,0,0,9,0,14,9,31,5,8,6,8,0,7
pc-5096d600-1813,forschung_muskelkraft__mit_pc,control,0,0,1,7,-1,14,7,26,1,6,3,9,0,0
pc-5096d600-1813,urzeitliche_kolosse__mit_pc,control,1,1,0,7,1,12,7,24,3,7,4,11,0,0
pc-d7496542-1814,forschung_muskelkraft__mit_pc,control,0,1,1,7,5,16,7,23,4,6,5,10,0,0
pc-d7496542-1814,urzeitliche_kolosse__mit_pc,control,1,0,0,7,0,12,7,27,1,7,3,5,0,0
pc-5dfc1485-1815,forschung_muskelkraft__mit_pc,control,0,1,1,8,2,19,10,34,2,9,5,10,0,0
pc-5dfc1485-1815,urzeitliche_kolosse__mit_pc,control,1,0,0,8,0,13,7,33,3,7,5,8,0,0
pc-0e5abb77-1816,forschung_muskelkraft__mit_pc,control,0,0,1,9,-4,19,10,37,4,8,7,4,0,0
pc-0e5abb77-1816,urzeitliche_kolosse__mit_pc,control,1,1,0,9,6,15,10,41,2,10,3,14,0,0
pc-950d4ab9-1817,forschung_muskelkraft__mit_pc,control,0,0,1,8,-1,19,9,31,3,7,5,7,0,0
pc-950d4ab9-1817,urzeitliche_kolosse__mit_pc,control,1,1,0,8,3,14,9,33,3,8,2,11,0,0
pc-1bbff9fc-1818,forschung_muskelkraft__mit_pc,control,0,0,1,9,-4,16,11,38,5,9,6,9,0,0
pc-1bbff9fc-1818,urzeitliche_kolosse__mit_pc,control,1,1,0,9,1,14,10,41,4,10,4,14,0,0
pc-a272893e-1819,forschung_muskelkraft__mit_pc,control,0,0,1,3,-1,7,3,5,1,2,0,3,0,0
pc-a272893e-1819,urzeitliche_kolosse__mit_pc,control,1,1,0,3,7,7,3,5,0,2,0,11,0,0
pc-29253881-1820,forschung_muskelkraft__mit_pc,control,0,1,1,7,6,20,7,24,3,6,3,11,0,0
pc-29253881-1820,urzeitliche_kolosse__mit_pc,control,1,0,0,7,-1,12,6,27,1,6,2,4,0,1
pc-afd7c7c3-1821,forschung_muskelkraft__mit_pc,control,0,1,1,7,2,17,7,25,2,6,4,10,0,0
pc-afd7c7c3-1821,urzeitliche_kolosse__mit_pc,control,1,0,0,7,0,13,7,26,2,7,2,8,0,1
pc-368a7706-1822,forschung_muskelkraft__mit_pc,control,0,0,1,6,-2,15,7,20,1,5,2,4,0,0
pc-368a7706-1822,urzeitliche_kolosse__mit_pc,control,1,1,0,6,6,12,6,19,1,6,2,12,0,1
pc-bd3d0648-1823,forschung_muskelkraft__mit_pc,control,0,1,1,8,1,19,9,32,1,8,6,12,0,0
pc-bd3d0648-1823,urzeitliche_kolosse__mit_pc,control,1,0,0,8,-2,13,9,33,3,8,4,9,0,0
pc-43efb58b-1824,forschung_muskelkraft__mit_pc,control,0,0,1,6,-4,14,5,17,4,4,4,3,0,0
pc-43efb58b-1824,urzeitliche_kolosse__mit_pc,control,1,1,0,6,7,10,8,20,1,7,1,14,0,0
pc-caa244cd-1825,forschung_muskelkraft__mit_pc,control,0,0,1,6,-1,16,6,19,1,5,3,4,0,0
pc-caa244cd-1825,urzeitliche_kolosse__mit_pc,control,1,1,0,6,6,12,6,20,1,6,2,11,0,1
pc-5154f410-1826,forschung_muskelkraft__mit_pc,control,0,1,1,12,3,21,15,57,15,13,13,11,0,0
pc-5154f410-1826,urzeitliche_kolosse__mit_pc,control,1,0,0,12,-1,18,15,54,15,15,11,7,0,4
pc-d8078352-1827,forschung_muskelkraft__mit_pc,control,0,1,1,9,4,21,10,33,3,8,9,10,0,0
pc-d8078352-1827,urzeitliche_kolosse__mit_pc,control,1,0,0,9,0,14,11,43,1,11,3,6,0,0
pc-5eba3295-1828,forschung_muskelkraft__mit_pc,control,0,0,1,9,-3,19,10,37,5,9,5,8,0,0
pc-5eba3295-1828,urzeitliche_kolosse__mit_pc,control,1,1,0,9,2,14,10,45,0,10,4,13,0,0
pc-e56cc1d7-1829,forschung_muskelkraft__mit_pc,control,0,1,1,12,2,23,14,55,17,12,12,12,0,0
pc-e56cc1d7-1829,urzeitliche_kolosse__mit_pc,control,1,0,0,12,-2,18,15,53,16,14,7,8,0,3
pc-6c1f711a-1830,forschung_muskelkraft__mit_pc,control,0,0,1,10,-3,21,14,50,2,12,6,5,0,0
pc-6c1f711a-1830,urzeitliche_kolosse__mit_pc,control,1,1,0,10,5,14,10,39,15,9,8,13,0,0
pc-f2d2005c-1831,forschung_muskelkraft__mit_pc,control,0,1,1,6,3,13,6,20,1,5,2,11,0,0
pc-f2d2005c-1831,urzeitliche_kolosse__mit_pc,control,1,0,0,6,-1,12,5,18,3,5,1,7,0,1
pc-4fd8b7f0-1832,forschung_muskelkraft__mit_pc,control,0,0,1,6,-3,15,6,19,1,5,5,3,0,0
pc-4fd8b7f0-1832,urzeitliche_kolosse__mit_pc,control,1,1,0,6,7,11,7,20,0,7,1,13,0,0
pc-d68b4732-1833,forschung_muskelkraft__mit_pc,control,0,1,1,8,6,19,9,31,2,8,5,10,0,0
pc-d68b4732-1833,urzeitliche_kolosse__mit_pc,control,1,0,0,8,0,13,9,34,2,8,4,4,0,0
pc-5d3df675-1834,forschung_muskelkraft__mit_pc,control,0,0,1,8,0,21,9,31,2,7,7,4,0,0
pc-5d3df675-1834,urzeitliche_kolosse__mit_pc,control,1,1,0,8,6,14,9,33,3,9,3,10,0,0
pc-e3f085b7-1835,forschung_muskelkraft__mit_pc,control,0,1,1,6,1,14,5,18,2,5,3,10,0,0
pc-e3f085b7-1835,urzeitliche_kolosse__mit_pc,control,1,0,0,6,0,12,6,18,3,6,1,9,0,0
pc-6aa334fa-1836,forschung_muskelkraft__mit_pc,control,0,0,1,4,-1,10,3,7,3,2,1,3,0,0
pc-6aa334fa-1836,urzeitliche_kolosse__mit_pc,control,1,1,0,4,7,10,4,9,1,4,0,11,0,0
pc-f155c43c-1837,forschung_muskelkraft__mit_pc,control,0,0,1,10,0,18,11,38,7,9,8,8,0,0
pc-f155c43c-1837,urzeitliche_kolosse__mit_pc,control,1,1,0,10,2,15,10,45,4,10,4,10,0,0
pc-7808737f-1838,forschung_muskelkraft__mit_pc,control,0,1,1,9,3,18,10,40,5,9,7,10,0,0
pc-7808737f-1838,urzeitliche_kolosse__mit_pc,control,1,0,0,9,0,14,11,42,2,10,4,7,0,1
pc-febb02c1-1839,forschung_muskelkraft__mit_pc,control,0,1,1,6,4,12,5,18,3,4,3,13,0,0
pc-febb02c1-1839,urzeitliche_kolosse__mit_pc,control,1,0,0,6,-3,12,6,18,1,6,0,6,0,0
pc-856db204-1840,forschung_muskelkraft__mit_pc,control,0,0,1,7,-1,17,9,26,1,7,7,0,0,0
pc-856db204-1840,urzeitliche_kolosse__mit_pc,control,1,1,0,7,10,12,9,25,2,8,3,11,0,1
pc-0c204147-1841,forschung_muskelkraft__mit_pc,control,0,1,1,5,4,11,4,13,2,4,2,11,0,0
pc-0c204147-1841,urzeitliche_kolosse__mit_pc,control,1,0,0,5,-1,11,3,10,5,3,0,6,0,0
pc-92d2f089-1842,forschung_muskelkraft__mit_pc,control,0,1,1,7,2,14,6,23,4,5,3,12,0,0
pc-92d2f089-1842,urzeitliche_kolosse__mit_pc,control,1,0,0,7,-2,11,6,24,4,6,0,8,0,2
pc-19859fcc-1843,forschung_muskelkraft__mit_pc,control,0,0,1,7,-2,13,7,26,1,6,4,4,0,0
pc-19859fcc-1843,urzeitliche_kolosse__mit_pc,control,1,1,0,7,6,13,8,27,1,8,4,12,0,1
pc-a0382f0e-1844,forschung_muskelkraft__mit_pc,control,0,0,1,10,-3,18,11,41,8,9,7,8,0,0
pc-a0382f0e-1844,urzeitliche_kolosse__mit_pc,control,1,1,0,10,2,15,12,53,2,11,5,13,0,1
pc-26eade51-1845,forschung_muskelkraft__mit_pc,control,0,0,1,6,-1,14,7,20,1,6,3,6,0,0
pc-26eade51-1845,urzeitliche_kolosse__mit_pc,control,1,1,0,6,4,10,7,21,0,7,3,11,0,0
pc-ad9d6d93-1846,forschung_muskelkraft__mit_pc,control,0,1,1,14,1,22,15,63,28,13,15,17,0,0
pc-ad9d6d93-1846,urzeitliche_kolosse__mit_pc,control,1,0,0,14,-7,19,17,69,25,16,10,9,0,1
pc-34501cd6-1847,forschung_muskelkraft__mit_pc,control,0,0,1,5,-2,9,5,13,2,3,2,0,0,0
pc-34501cd6-1847,urzeitliche_kolosse__mit_pc,control,1,1,0,5,10,9,5,13,0,5,0,12,0,0
pc-e4aea3c7-1848,forschung_muskelkraft__mit_pc,control,0,0,1,10,0,21,12,45,6,10,10,7,0,0
pc-e4aea3c7-1848,urzeitliche_kolosse__mit_pc,control,1,1,0,10,3,14,13,52,1,12,5,10,0,1
pc-6b61530a-1849,forschung_muskelkraft__mit_pc,control,0,1,1,8,8,18,9,31,2,7,5,16,0,0
pc-6b61530a-1849,urzeitliche_kolosse__mit_pc,control,1,0,0,8,-6,12,8,32,4,7,3,2,0,1
pc-f213e24c-1850,forschung_muskelkraft__mit_pc,control,0,1,1,14,2,22,17,69,26,15,13,12,0,0
pc-f213e24c-1850,urzeitliche_kolosse__mit_pc,control,1,0,0,14,-2,21,17,68,25,16,11,8,0,1
pc-78c6918f-1851,forschung_muskelkraft__mit_pc,control,0,1,1,10,2,21,12,43,2,11,12,13,0,0
pc-78c6918f-1851,urzeitliche_kolosse__mit_pc,control,1,0,0,10,-3,15,13,39,9,13,6,8,0,0
pc-ff7920d1-1852,forschung_muskelkraft__mit_pc,control,0,0,1,8,-1,19,10,33,2,8,4,6,0,0
pc-ff7920d1-1852,urzeitliche_kolosse__mit_pc,control,1,1,0,8,4,12,8,33,3,8,4,11,0,0
pc-862bd014-1853,forschung_muskelkraft__mit_pc,control,0,1,1,6,1,11,5,17,3,4,3,12,0,0
pc-862bd014-1853,urzeitliche_kolosse__mit_pc,control,1,0,0,6,-2,11,7,21,0,6,0,9,0,1
pc-0cde7f57-1854,forschung_muskelkraft__mit_pc,control,0,1,1,9,1,17,11,38,3,9,4,10,0,0
pc-0cde7f57-1854,urzeitliche_kolosse__mit_pc,control,1,0,0,9,0,14,10,38,2,9,4,9,0,1
pc-93910e99-1855,forschung_muskelkraft__mit_pc,control,0,0,1,9,0,18,11,40,5,9,7,6,0,0
pc-93910e99-1855,urzeitliche_kolosse__mit_pc,control,1,1,0,9,4,13,11,43,2,10,4,10,0,1
pc-1a43bddc-1856,forschung_muskelkraft__mit_pc,control,0,,1,16,-1,23,18,69,51,16,16,7,0,0
pc-1a43bddc-1856,urzeitliche_kolosse__mit_pc,control,1,,0,16,0,20,19,74,51,18,12,8,0,1
pc-a0f64d1e-1857,forschung_muskelkraft__mit_pc,control,0,0,1,8,-2,16,7,25,3,5,6,8,0,0
pc-a0f64d1e-1857,urzeitliche_kolosse__mit_pc,control,1,1,0,8,2,13,8,32,3,8,0,12,0,1
pc-27a8fc61-1858,forschung_muskelkraft__mit_pc,control,0,1,1,9,4,18,7,28,8,5,7,11,0,0
pc-27a8fc61-1858,urzeitliche_kolosse__mit_pc,control,1,0,0,9,-1,15,9,35,7,9,0,6,0,0
pc-ae5b8ba3-1859,forschung_muskelkraft__mit_pc,control,0,0,1,14,0,22,15,61,34,13,12,8,0,0
pc-ae5b8ba3-1859,urzeitliche_kolosse__mit_pc,control,1,1,0,14,2,19,17,62,36,16,8,10,0,1
pc-350e3ae6-1860,forschung_muskelkraft__mit_pc,control,0,1,1,8,8,15,9,32,1,8,4,10,0,0
pc-350e3ae6-1860,urzeitliche_kolosse__mit_pc,control,1,0,0,8,0,13,6,32,4,6,4,2,0,0
pc-bbc0ca28-1861,forschung_muskelkraft__mit_pc,control,0,1,1,13,4,22,15,61,21,13,12,14,0,0
pc-bbc0ca28-1861,urzeitliche_kolosse__mit_pc,control,1,0,0,13,-4,19,16,60,22,15,8,6,0,0
pc-4273796b-1862,forschung_muskelkraft__mit_pc,control,0,1,1,9,1,19,11,38,3,9,7,12,0,0
pc-4273796b-1862,urzeitliche_kolosse__mit_pc,control,1,0,0,9,-2,13,12,41,1,11,4,9,0,0
pc-c92608ad-1863,forschung_muskelkraft__mit_pc,control,0,1,1,10,2,21,12,45,6,10,9,11,0,0
pc-c92608ad-1863,urzeitliche_kolosse__mit_pc,control,1,0,0,10,-1,14,12,48,6,11,5,8,0,2
pc-ccdcbefd-1864,forschung_muskelkraft__mit_pc,control,0,0,1,8,-1,18,9,32,4,7,4,9,0,0
pc-ccdcbefd-1864,urzeitliche_kolosse__mit_pc,control,1,1,0,8,1,13,8,32,4,8,3,11,0,0
pc-538f4e40-1865,forschung_muskelkraft__mit_pc,control,0,1,1,9,6,21,9,31,5,8,6,10,0,0
pc-538f4e40-1865,urzeitliche_kolosse__mit_pc,control,1,0,0,9,0,14,10,37,6,9,3,4,0,1
pc-da41fd82-1866,forschung_muskelkraft__mit_pc,control,0,0,1,10,-2,18,13,48,6,11,9,6,0,0
pc-da41fd82-1866,urzeitliche_kolosse__mit_pc,control,1,1,0,10,4,15,12,49,5,12,6,12,0,0
pc-60f48cc5-1867,forschung_muskelkraft__mit_pc,control,0,0,1,4,0,12,4,9,1,3,2,0,0,0
pc-60f48cc5-1867,urzeitliche_kolosse__mit_pc,control,1,1,0,4,10,8,5,10,0,4,2,10,0,0
pc-e7a73c07-1868,forschung_muskelkraft__mit_pc,control,0,0,1,9,-2,18,8,34,8,6,5,2,0,0
pc-e7a73c07-1868,urzeitliche_kolosse__mit_pc,control,1,1,0,9,8,15,9,36,7,8,1,12,0,0
pc-6e59cb4a-1869,forschung_muskelkraft__mit_pc,control,0,1,1,7,4,13,9,26,1,7,5,10,0,0
pc-6e59cb4a-1869,urzeitliche_kolosse__mit_pc,control,1,0,0,7,0,12,6,24,4,6,3,6,0,0
pc-f50c7a8c-1870,forschung_muskelkraft__mit_pc,control,0,1,1,11,3,23,14,53,8,12,11,11,0,0
pc-f50c7a8c-1870,urzeitliche_kolosse__mit_pc,control,1,0,0,11,-1,15,14,54,5,13,8,7,0,0
pc-7bbf09cf-1871,forschung_muskelkraft__mit_pc,control,0,0,1,8,-1,18,9,30,3,7,3,6,0,0
pc-7bbf09cf-1871,urzeitliche_kolosse__mit_pc,control,1,1,0,8,4,14,7,33,3,7,4,11,0,1
pc-0271b912-1872,forschung_muskelkraft__mit_pc,control,0,1,1,7,4,17,9,27,1,7,5,11,0,0
pc-0271b912-1872,urzeitliche_kolosse__mit_pc,control,1,0,0,7,-1,13,8,26,2,8,2,6,0,1
pc-89244854-1873,forschung_muskelkraft__mit_pc,control,0,1,1,7,6,14,7,24,4,6,5,10,0,0
pc-89244854-1873,urzeitliche_kolosse__mit_pc,control,1,0,0,7,0,13,7,25,3,7,1,4,0,0
pc-0fd6f797-1874,forschung_muskelkraft__mit_pc,control,0,0,1,7,-3,15,8,27,1,6,3,3,0,0
pc-0fd6f797-1874,urzeitliche_kolosse__mit_pc,control,1,1,0,7,7,13,7,26,2,7,3,13,0,2
pc-968986d9-1875,forschung_muskelkraft__mit_pc,control,0,0,1,8,0,19,8,30,3,7,4,5,0,0
pc-968986d9-1875,urzeitliche_kolosse__mit_pc,control,1,1,0,8,5,15,7,34,2,7,2,10,0,1
pc-1d3c361c-1876,forschung_muskelkraft__mit_pc,control,0,0,1,6,0,10,6,20,1,5,2,6,0,0
pc-1d3c361c-1876,urzeitliche_kolosse__mit_pc,control,1,1,0,6,4,10,6,20,1,6,2,10,0,1
pc-a3eec55e-1877,forschung_muskelkraft__mit_pc,control,0,0,1,11,0,20,14,51,14,12,10,4,0,0
pc-a3eec55e-1877,urzeitliche_kolosse__mit_pc,control,1,1,0,11,6,16,14,61,5,13,8,10,0,0
pc-2aa174a1-1878,forschung_muskelkraft__mit_pc,control,0,0,1,5,-1,11,3,11,4,3,1,3,0,0
pc-2aa174a1-1878,urzeitliche_kolosse__mit_pc,control,1,1,0,5,7,10,4,13,2,4,1,11,0,0
pc-b15403e3-1879,forschung_muskelkraft__mit_pc,control,0,1,1,12,2,24,16,66,8,15,9,10,0,0
pc-b15403e3-1879,urzeitliche_kolosse__mit_pc,control,1,0,0,12,0,17,14,57,17,13,11,8,0,0
pc-61b2aad5-1880,forschung_muskelkraft__mit_pc,control,0,1,1,6,1,10,3,14,6,3,2,11,0,0
pc-61b2aad5-1880,urzeitliche_kolosse__mit_pc,control,1,0,0,6,-1,11,5,18,2,5,0,9,0,0
pc-e8655a17-1881,forschung_muskelkraft__mit_pc,control,0,1,1,9,3,18,8,30,6,7,8,10,0,0
pc-e8655a17-1881,urzeitliche_kolosse__mit_pc,control,1,0,0,9,0,14,12,40,5,11,2,7,0,0
pc-6f17e95a-1882,forschung_muskelkraft__mit_pc,control,0,0,1,8,-1,18,10,34,2,9,5,6,0,0
pc-6f17e95a-1882,urzeitliche_kolosse__mit_pc,control,1,1,0,8,4,13,9,33,2,9,4,11,0,0
pc-f5ca989c-1883,forschung_muskelkraft__mit_pc,control,0,0,1,6,0,13,6,20,1,5,3,6,0,0
pc-f5ca989c-1883,urzeitliche_kolosse__mit_pc,control,1,1,0,6,4,10,7,20,1,6,1,10,0,0
pc-7c7d27df-1884,forschung_muskelkraft__mit_pc,control,0,0,1,10,-2,20,11,42,8,9,7,8,0,0
pc-7c7d27df-1884,urzeitliche_kolosse__mit_pc,control,1,1,0,10,2,14,12,42,6,11,5,12,0,0
pc-032fd722-1885,forschung_muskelkraft__mit_pc,control,0,0,1,8,0,17,8,26,2,6,5,8,0,0
pc-032fd722-1885,urzeitliche_kolosse__mit_pc,control,1,1,0,8,2,14,8,31,5,8,1,10,0,0
pc-89e26664-1886,forschung_muskelkraft__mit_pc,control,0,0,1,6,-1,15,5,19,2,5,2,6,0,0
pc-89e26664-1886,urzeitliche_kolosse__mit_pc,control,1,1,0,6,4,12,5,19,2,5,1,11,0,1
pc-109515a7-1887,forschung_muskelkraft__mit_pc,control,0,0,1,9,0,20,12,40,5,10,6,6,0,0
pc-109515a7-1887,urzeitliche_kolosse__mit_pc,control,1,1,0,9,4,13,10,40,3,10,5,10,0,2
pc-9747a4e9-1888,forschung_muskelkraft__mit_pc,control,0,1,1,6,4,12,7,20,1,5,5,11,0,0
pc-9747a4e9-1888,urzeitliche_kolosse__mit_pc,control,1,0,0,6,-1,11,7,19,1,7,2,6,0,1
pc-1dfa542c-1889,forschung_muskelkraft__mit_pc,control,0,0,1,10,-1,22,13,47,7,11,11,6,0,0
pc-1dfa542c-1889,urzeitliche_kolosse__mit_pc,control,1,1,0,10,4,13,13,42,6,12,8,11,0,0
pc-a4ace36e-1890,forschung_muskelkraft__mit_pc,control,0,1,1,8,4,15,8,31,3,7,4,12,0,0
pc-a4ace36e-1890,urzeitliche_kolosse__mit_pc,control,1,0,0,8,-2,13,6,33,3,6,4,6,0,1
pc-2b5f92b1-1891,forschung_muskelkraft__mit_pc,control,0,0,1,6,-2,13,6,20,1,5,2,0,0,0
pc-2b5f92b1-1891,urzeitliche_kolosse__mit_pc,control,1,1,0,6,10,11,6,19,2,6,2,12,0,0
pc-b21221f3-1892,forschung_muskelkraft__mit_pc,control,0,1,1,8,2,16,6,23,6,5,5,10,0,0
pc-b21221f3-1892,urzeitliche_kolosse__mit_pc,control,1,0,0,8,0,13,9,34,1,9,0,8,0,1
pc-38c4d136-1893,forschung_muskelkraft__mit_pc,control,0,0,1,10,-4,18,13,48,6,11,6,4,0,0
pc-38c4d136-1893,urzeitliche_kolosse__mit_pc,control,1,1,0,10,6,16,12,49,5,11,7,14,0,0
pc-bf776078-1894,forschung_muskelkraft__mit_pc,control,0,0,1,9,-1,17,10,40,5,8,4,4,0,0
pc-bf776078-1894,urzeitliche_kolosse__mit_pc,control,1,1,0,9,6,15,8,39,4,8,3,11,0,0
pc-462a0fbb-1895,forschung_muskelkraft__mit_pc,control,0,0,1,4,-1,10,3,8,2,3,0,0,0,0
pc-462a0fbb-1895,urzeitliche_kolosse__mit_pc,control,1,1,0,4,10,9,4,10,0,4,1,11,0,0
pc-a330a74e-1896,forschung_muskelkraft__mit_pc,control,0,0,1,15,-3,22,17,67,46,15,14,9,0,0
pc-a330a74e-1896,urzeitliche_kolosse__mit_pc,control,1,1,0,15,1,18,18,68,45,17,10,13,0,5
pc-29e35691-1897,forschung_muskelkraft__mit_pc,control,0,1,1,10,6,18,13,49,5,11,8,11,0,0
pc-29e35691-1897,urzeitliche_kolosse__mit_pc,control,1,0,0,10,-1,15,12,48,3,12,7,4,0,0
pc-b095e5d3-1898,forschung_muskelkraft__mit_pc,control,0,1,1,8,3,17,8,31,3,7,5,15,0,0
pc-b095e5d3-1898,urzeitliche_kolosse__mit_pc,control,1,0,0,8,-5,12,8,33,3,7,4,7,0,2
pc-37489516-1899,forschung_muskelkraft__mit_pc,control,0,1,1,9,2,20,10,37,4,8,6,11,0,0
pc-37489516-1899,urzeitliche_kolosse__mit_pc,control,1,0,0,9,-1,15,9,39,4,8,4,8,0,2
pc-c1a49f39-1900,forschung_muskelkraft__mit_pc,control,0,0,0,9,-3,19,9,34,11,8,4,7,0,0
pc-c1a49f39-1900,urzeitliche_kolosse__mit_pc,control,1,1,1,9,3,13,9,39,2,9,3,13,0,0
pc-3af1eff7-1901,forschung_muskelkraft__mit_pc,control,0,1,0,14,6,23,16,65,30,14,12,15,0,0
pc-3af1eff7-1901,urzeitliche_kolosse__mit_pc,control,1,0,1,14,-5,19,17,63,36,16,9,4,0,1
pc-b43f40b4-1902,forschung_muskelkraft__mit_pc,control,0,0,0,6,-3,13,6,20,1,5,4,8,0,0
pc-b43f40b4-1902,urzeitliche_kolosse__mit_pc,control,1,1,1,6,2,11,6,19,1,6,2,13,0,0
pc-2d8cb172-1903,forschung_muskelkraft__mit_pc,control,0,0,0,11,-5,18,12,50,16,11,8,9,0,0
pc-2d8cb172-1903,urzeitliche_kolosse__mit_pc,control,1,1,1,11,1,15,13,48,7,13,7,15,0,0
pc-dc6f1c43-1904,forschung_muskelkraft__mit_pc,control,0,0,0,6,-1,14,6,19,1,5,3,9,0,0
pc-dc6f1c43-1904,urzeitliche_kolosse__mit_pc,control,1,1,1,6,1,11,7,21,0,6,2,11,0,1
pc-55bc6d01-1905,forschung_muskelkraft__mit_pc,control,0,1,0,11,8,21,15,58,3,13,10,10,0,0
pc-55bc6d01-1905,urzeitliche_kolosse__mit_pc,control,1,0,1,11,0,17,14,58,8,14,8,2,0,1
pc-cf09ddbe-1906,forschung_muskelkraft__mit_pc,control,0,0,0,7,0,15,8,26,2,6,3,7,0,0
pc-cf09ddbe-1906,urzeitliche_kolosse__mit_pc,control,1,1,1,7,3,13,7,26,2,7,3,10,0,0
pc-48572e7c-1907,forschung_muskelkraft__mit_pc,control,0,0,0,9,-1,20,11,37,5,9,8,9,0,0
pc-48572e7c-1907,urzeitliche_kolosse__mit_pc,control,1,1,1,9,1,16,12,43,1,11,4,11,0,1
pc-f739994d-1908,forschung_muskelkraft__mit_pc,control,0,1,0,8,4,16,10,34,2,8,7,13,0,0
pc-f739994d-1908,urzeitliche_kolosse__mit_pc,control,1,0,1,8,-3,13,8,33,2,8,3,6,0,1
pc-7086ea0b-1909,forschung_muskelkraft__mit_pc,control,0,1,0,11,5,23,13,48,13,11,10,14,0,0
pc-7086ea0b-1909,urzeitliche_kolosse__mit_pc,control,1,0,1,11,-4,15,14,45,12,13,7,5,0,3
pc-e9d45ac8-1910,forschung_muskelkraft__mit_pc,control,0,0,0,5,-2,13,5,13,1,4,2,2,0,0
pc-e9d45ac8-1910,urzeitliche_kolosse__mit_pc,control,1,1,1,5,8,9,5,15,0,5,0,12,0,0
pc-6321ab86-1911,forschung_muskelkraft__mit_pc,control,0,0,0,4,-2,10,2,6,4,2,0,0,0,0
pc-6321ab86-1911,urzeitliche_kolosse__mit_pc,control,1,1,1,4,10,9,4,8,1,4,1,12,0,0
pc-12041658-1912,forschung_muskelkraft__mit_pc,control,0,0,0,15,0,23,19,73,36,17,16,6,0,0
pc-12041658-1912,urzeitliche_kolosse__mit_pc,control,1,1,1,15,3,20,18,72,38,18,13,9,0,2
pc-8b516715-1913,forschung_muskelkraft__mit_pc,control,0,1,0,8,4,17,10,33,2,8,5,13,0,0
pc-8b516715-1913,urzeitliche_kolosse__mit_pc,control,1,0,1,8,-3,14,8,31,5,7,3,6,0,0
pc-049ed7d3-1914,forschung_muskelkraft__mit_pc,control,0,0,0,10,-2,19,10,42,13,9,10,4,0,0
pc-049ed7d3-1914,urzeitliche_kolosse__mit_pc,control,1,1,1,10,6,16,13,44,5,12,5,12,0,3
pc-7dec2890-1915,forschung_muskelkraft__mit_pc,control,0,0,0,10,-1,20,12,48,7,10,7,5,0,0
pc-7dec2890-1915,urzeitliche_kolosse__mit_pc,control,1,1,1,10,5,14,11,48,6,10,5,11,0,1
pc-567a8b11-1916,forschung_muskelkraft__mit_pc,control,0,0,0,9,-3,17,10,37,4,8,4,3,0,0
pc-567a8b11-1916,urzeitliche_kolosse__mit_pc,control,1,1,1,9,7,14,9,41,4,8,3,13,0,0
pc-cfc7fbce-1917,forschung_muskelkraft__mit_pc,control,0,0,0,10,0,21,11,42,9,9,9,8,0,0
pc-cfc7fbce-1917,urzeitliche_kolosse__mit_pc,control,1,1,1,10,2,15,13,49,6,12,6,10,0,3
pc-49154c8c-1918,forschung_muskelkraft__mit_pc,control,0,0,0,4,0,11,3,6,2,3,0,0,0,0
pc-49154c8c-1918,urzeitliche_kolosse__mit_pc,control,1,1,1,4,10,8,4,10,0,3,1,10,0,0
pc-c262bd49-1919,forschung_muskelkraft__mit_pc,control,0,1,0,10,2,19,12,47,2,11,11,10,0,0
pc-c262bd49-1919,urzeitliche_kolosse__mit_pc,control,1,0,1,10,0,15,13,49,3,13,7,8,0,2
pc-7145081b-1920,forschung_muskelkraft__mit_pc,control,0,1,0,12,3,23,16,61,6,14,13,12,0,0
pc-7145081b-1920,urzeitliche_kolosse__mit_pc,control,1,0,1,12,-2,18,15,52,19,14,10,7,0,3
pc-ea9278d8-1921,forschung_muskelkraft__mit_pc,control,0,1,0,12,6,22,15,59,17,13,12,13,0,0
pc-ea9278d8-1921,urzeitliche_kolosse__mit_pc,control,1,0,1,12,-3,17,15,61,10,14,8,4,0,2
pc-63dfc996-1922,forschung_muskelkraft__mit_pc,control,0,1,0,8,6,18,10,33,2,8,5,10,0,0
pc-63dfc996-1922,urzeitliche_kolosse__mit_pc,control,1,0,1,8,0,13,7,30,5,7,3,4,0,0
pc-dd2d3a53-1923,forschung_muskelkraft__mit_pc,control,0,0,0,8,-2,16,9,31,2,7,3,4,0,0
pc-dd2d3a53-1923,urzeitliche_kolosse__mit_pc,control,1,1,1,8,6,13,7,31,4,7,2,12,0,0
pc-8c0f8525-1924,forschung_muskelkraft__mit_pc,control,0,1,0,8,4,17,8,32,3,8,6,12,0,0
pc-8c0f8525-1924,urzeitliche_kolosse__mit_pc,control,1,0,1,8,-2,11,8,32,4,8,3,6,0,1
pc-055cf5e3-1925,forschung_muskelkraft__mit_pc,control,0,1,0,14,2,21,17,67,28,15,14,13,0,0
pc-055cf5e3-1925,urzeitliche_kolosse__mit_pc,control,1,0,1,14,-3,20,17,68,28,16,10,8,0,3
pc-7eaa46a0-1926,forschung_muskelkraft__mit_pc,control,0,1,0,10,2,19,12,45,7,10,7,12,0,0
pc-7eaa46a0-1926,urzeitliche_kolosse__mit_pc,control,1,0,1,10,-2,15,12,48,6,11,5,8,0,0
pc-f7f7b75d-1927,forschung_muskelkraft__mit_pc,control,0,1,0,8,4,20,10,34,1,9,7,11,0,0
pc-f7f7b75d-1927,urzeitliche_kolosse__mit_pc,control,1,0,1,8,-1,14,9,33,3,9,5,6,0,0
pc-a6da022f-1928,forschung_muskelkraft__mit_pc,control,0,1,0,8,7,16,9,32,4,7,3,10,0,0
pc-a6da022f-1928,urzeitliche_kolosse__mit_pc,control,1,0,1,8,0,13,6,31,5,6,3,3,0,0
pc-202772ed-1929,forschung_muskelkraft__mit_pc,control,0,1,0,13,3,23,16,58,20,14,13,13,0,0
pc-202772ed-1929,urzeitliche_kolosse__mit_pc,control,1,0,1,13,-3,19,16,67,14,15,9,7,0,2
pc-9974c3aa-1930,forschung_muskelkraft__mit_pc,control,0,1,0,15,5,23,16,61,44,14,16,12,0,0
pc-9974c3aa-1930,urzeitliche_kolosse__mit_pc,control,1,0,1,15,-2,21,18,75,37,18,9,5,0,2
pc-12c23468-1931,forschung_muskelkraft__mit_pc,control,0,0,0,8,0,17,8,26,2,6,3,4,0,0
pc-12c23468-1931,urzeitliche_kolosse__mit_pc,control,1,1,1,8,6,13,7,22,6,6,1,10,0,0
pc-97f8878a-1932,forschung_muskelkraft__mit_pc,control,0,1,0,8,2,18,9,32,2,8,6,12,0,0
pc-97f8878a-1932,urzeitliche_kolosse__mit_pc,control,1,0,1,8,-2,12,9,36,0,8,3,8,0,0
pc-1145f848-1933,forschung_muskelkraft__mit_pc,control,0,0,0,9,-4,18,8,35,6,8,6,3,0,0
pc-1145f848-1933,urzeitliche_kolosse__mit_pc,control,1,1,1,9,7,15,10,43,2,10,3,14,0,0
pc-8a934905-1934,forschung_muskelkraft__mit_pc,control,0,0,0,7,-1,15,7,26,2,6,4,7,0,0
pc-8a934905-1934,urzeitliche_kolosse__mit_pc,control,1,1,1,7,3,13,8,27,1,8,3,11,0,0
pc-03e0b9c3-1935,forschung_muskelkraft__mit_pc,control,0,0,0,8,0,16,10,30,3,8,4,5,0,0
pc-03e0b9c3-1935,urzeitliche_kolosse__mit_pc,control,1,1,1,8,5,13,9,34,1,9,3,10,0,0
pc-b2c30494-1936,forschung_muskelkraft__mit_pc,control,0,1,0,12,1,23,12,45,26,10,12,18,0,0
pc-b2c30494-1936,urzeitliche_kolosse__mit_pc,control,1,0,1,12,-8,17,15,55,15,14,6,9,0,1
pc-2c107552-1937,forschung_muskelkraft__mit_pc,control,0,0,0,5,-1,13,3,11,4,3,0,3,0,0
pc-2c107552-1937,urzeitliche_kolosse__mit_pc,control,1,1,1,5,7,8,5,14,1,5,1,11,0,0
pc-a55dc60f-1938,forschung_muskelkraft__mit_pc,control,0,0,0,8,0,16,7,25,10,6,5,8,0,0
pc-a55dc60f-1938,urzeitliche_kolosse__mit_pc,control,1,1,1,8,2,14,9,34,1,9,1,10,0,0
pc-1eab36cd-1939,forschung_muskelkraft__mit_pc,control,0,1,0,8,6,16,10,32,2,8,7,11,0,0
pc-1eab36cd-1939,urzeitliche_kolosse__mit_pc,control,1,0,1,8,-1,13,10,33,2,10,3,4,0,0
pc-cd8d819e-1940,forschung_muskelkraft__mit_pc,control,0,0,0,9,-2,19,10,40,5,9,2,6,0,0
pc-cd8d819e-1940,urzeitliche_kolosse__mit_pc,control,1,1,1,9,4,14,8,31,10,7,4,12,0,2
pc-46daf25c-1941,forschung_muskelkraft__mit_pc,control,0,0,0,8,0,16,8,29,5,7,5,8,0,0
pc-46daf25c-1941,urzeitliche_kolosse__mit_pc,control,1,1,1,8,2,12,9,32,4,8,2,10,0,0
pc-c0284319-1942,forschung_muskelkraft__mit_pc,control,0,0,0,7,-1,14,7,26,1,6,5,0,0,0
pc-c0284319-1942,urzeitliche_kolosse__mit_pc,control,1,1,1,7,10,13,9,26,2,8,5,11,0,0
pc-3975b3d7-1943,forschung_muskelkraft__mit_pc,control,0,1,0,7,4,17,8,26,2,7,4,10,0,0
pc-3975b3d7-1943,urzeitliche_kolosse__mit_pc,control,1,0,1,7,0,12,7,24,4,7,2,6,0,0
pc-e8581ea8-1944,forschung_muskelkraft__mit_pc,control,0,0,0,15,-1,22,20,75,32,18,13,6,0,0
pc-e8581ea8-1944,urzeitliche_kolosse__mit_pc,control,1,1,1,15,4,20,18,67,42,17,15,11,0,2
pc-61a56f66-1945,forschung_muskelkraft__mit_pc,control,0,0,0,9,-1,17,9,33,3,7,8,9,0,0
pc-61a56f66-1945,urzeitliche_kolosse__mit_pc,control,1,1,1,9,1,14,11,43,1,10,3,11,0,0
pc-daf2c023-1946,forschung_muskelkraft__mit_pc,control,0,0,0,9,-1,19,7,28,8,6,7,4,0,0
pc-daf2c023-1946,urzeitliche_kolosse__mit_pc,control,1,1,1,9,6,14,9,35,4,9,1,11,0,1
pc-544030e1-1947,forschung_muskelkraft__mit_pc,control,0,1,0,11,4,20,12,42,13,10,13,10,0,0
pc-544030e1-1947,urzeitliche_kolosse__mit_pc,control,1,0,1,11,0,17,14,58,2,14,6,6,0,0
pc-2cce9362-1948,forschung_muskelkraft__mit_pc,control,0,1,0,8,2,17,8,32,3,8,5,14,0,0
pc-2cce9362-1948,urzeitliche_kolosse__mit_pc,control,1,0,1,8,-4,13,8,32,4,7,3,8,0,0
pc-a61be41f-1949,forschung_muskelkraft__mit_pc,control,0,0,0,6,-1,14,4,17,4,4,4,8,0,0
pc-a61be41f-1949,urzeitliche_kolosse__mit_pc,control,1,1,1,6,2,12,7,19,0,7,2,11,0,0
pc-1f6954dd-1950,forschung_muskelkraft__mit_pc,control,0,1,0,8,2,14,10,32,2,8,5,11,0,0
pc-1f6954dd-1950,urzeitliche_kolosse__mit_pc,control,1,0,1,8,-1,13,8,33,2,8,3,8,0,1
pc-98b6a59a-1951,forschung_muskelkraft__mit_pc,control,0,1,0,8,4,18,9,33,2,9,3,16,0,0
pc-98b6a59a-1951,urzeitliche_kolosse__mit_pc,control,1,0,1,8,-6,14,7,32,4,7,5,6,0,4
pc-4799106c-1952,forschung_muskelkraft__mit_pc,control,0,0,0,11,0,18,12,47,13,10,10,8,0,0
pc-4799106c-1952,urzeitliche_kolosse__mit_pc,control,1,1,1,11,2,16,14,53,9,13,6,10,0,1
pc-c0e66129-1953,forschung_muskelkraft__mit_pc,control,0,0,0,7,-2,17,8,26,2,7,5,7,0,0
pc-c0e66129-1953,urzeitliche_kolosse__mit_pc,control,1,1,1,7,3,12,7,26,2,7,2,12,0,0
pc-3a33d1e7-1954,forschung_muskelkraft__mit_pc,control,0,1,0,6,8,12,4,17,4,4,2,11,0,0
pc-3a33d1e7-1954,urzeitliche_kolosse__mit_pc,control,1,0,1,6,-1,12,5,17,4,5,1,2,0,1
pc-b38122a4-1955,forschung_muskelkraft__mit_pc,control,0,0,0,9,-3,21,10,33,9,8,5,7,0,0
pc-b38122a4-1955,urzeitliche_kolosse__mit_pc,control,1,1,1,9,3,16,9,35,9,9,3,13,0,0
pc-62638d76-1956,forschung_muskelkraft__mit_pc,control,0,0,0,9,-2,20,11,39,3,9,4,9,0,0
pc-62638d76-1956,urzeitliche_kolosse__mit_pc,control,1,1,1,9,1,15,10,42,3,9,4,12,0,0
pc-dbb0fe33-1957,forschung_muskelkraft__mit_pc,control,0,1,0,7,1,15,7,25,2,6,5,13,0,0
pc-dbb0fe33-1957,urzeitliche_kolosse__mit_pc,control,1,0,1,7,-3,13,9,25,1,9,3,9,0,1
pc-54fe4ef1-1958,forschung_muskelkraft__mit_pc,control,0,1,0,9,6,19,10,36,5,8,4,13,0,0
pc-54fe4ef1-1958,urzeitliche_kolosse__mit_pc,control,1,0,1,9,-3,13,9,36,4,8,4,4,0,0
pc-ce4bbfae-1959,forschung_muskelkraft__mit_pc,control,0,1,0,12,4,21,17,63,3,15,9,12,0,0
pc-ce4bbfae-1959,urzeitliche_kolosse__mit_pc,control,1,0,1,12,-2,18,13,51,23,12,11,6,0,4
pc-7d2e0a80-1960,forschung_muskelkraft__mit_pc,control,0,0,0,10,-1,21,10,34,11,8,6,9,0,0
pc-7d2e0a80-1960,urzeitliche_kolosse__mit_pc,control,1,1,1,10,1,15,10,43,12,9,3,11,0,0
pc-f67b7b3d-1961,forschung_muskelkraft__mit_pc,control,0,1,0,8,3,17,9,33,2,8,6,12,0,0
pc-f67b7b3d-1961,urzeitliche_kolosse__mit_pc,control,1,0,1,8,-2,14,9,33,3,9,3,7,0,2
pc-6fc8cbfb-1962,forschung_muskelkraft__mit_pc,control,0,0,0,9,-4,18,10,39,3,9,4,7,0,0
pc-6fc8cbfb-1962,urzeitliche_kolosse__mit_pc,control,1,1,1,9,3,15,10,39,4,9,4,14,0,0
pc-e9163cb8-1963,forschung_muskelkraft__mit_pc,control,0,0,0,3,0,10,3,5,1,2,0,2,0,0
pc-e9163cb8-1963,urzeitliche_kolosse__mit_pc,control,1,1,1,3,8,9,3,6,0,2,0,10,0,0
pc-6e4c8fdb-1964,forschung_muskelkraft__mit_pc,control,0,1,0,9,1,16,9,33,3,8,7,12,0,0
pc-6e4c8fdb-1964,urzeitliche_kolosse__mit_pc,control,1,0,1,9,-2,13,11,39,4,11,3,9,0,0
pc-e799e098-1965,forschung_muskelkraft__mit_pc,control,0,0,0,10,0,18,12,47,7,11,6,3,0,0
pc-e799e098-1965,urzeitliche_kolosse__mit_pc,control,1,1,1,10,7,15,12,47,3,11,6,10,0,0
pc-60e75156-1966,forschung_muskelkraft__mit_pc,control,0,0,0,13,-2,21,15,61,21,13,12,6,0,0
pc-60e75156-1966,urzeitliche_kolosse__mit_pc,control,1,1,1,13,4,19,16,55,26,15,8,12,0,1
pc-da34a213-1967,forschung_muskelkraft__mit_pc,control,0,1,0,9,2,19,9,27,9,7,10,14,0,0
pc-da34a213-1967,urzeitliche_kolosse__mit_pc,control,1,0,1,9,-4,15,12,41,3,12,2,8,0,1
pc-89170ce5-1968,forschung_muskelkraft__mit_pc,control,0,1,0,10,1,20,12,46,8,10,9,12,0,0
pc-89170ce5-1968,urzeitliche_kolosse__mit_pc,control,1,0,1,10,-2,16,13,43,8,13,5,9,0,0
pc-02647da3-1969,forschung_muskelkraft__mit_pc,control,0,0,0,6,0,14,7,19,2,5,3,0,0,0
pc-02647da3-1969,urzeitliche_kolosse__mit_pc,control,1,1,1,6,10,10,6,16,2,6,3,10,0,0
pc-7bb1ce60-1970,forschung_muskelkraft__mit_pc,control,0,1,0,8,3,18,10,32,2,8,5,10,0,0
pc-7bb1ce60-1970,urzeitliche_kolosse__mit_pc,control,1,0,1,8,0,14,9,33,3,9,3,7,0,0
pc-f4ff3f1d-1971,forschung_muskelkraft__mit_pc,control,0,0,0,12,-2,22,15,58,14,13,11,8,0,0
pc-f4ff3f1d-1971,urzeitliche_kolosse__mit_pc,control,1,1,1,12,2,16,14,60,15,14,9,12,0,5
pc-a3e189ef-1972,forschung_muskelkraft__mit_pc,control,0,1,0,7,6,14,7,24,3,5,4,14,0,0
pc-a3e189ef-1972,urzeitliche_kolosse__mit_pc,control,1,0,1,7,-4,11,7,23,5,6,0,4,0,0
pc-1d2efaad-1973,forschung_muskelkraft__mit_pc,control,0,1,0,9,4,20,10,35,6,9,6,10,0,0
pc-1d2efaad-1973,urzeitliche_kolosse__mit_pc,control,1,0,1,9,0,15,9,42,2,9,4,6,0,0
pc-967c4b6a-1974,forschung_muskelkraft__mit_pc,control,0,1,0,6,4,14,5,18,2,5,3,10,0,0
pc-967c4b6a-1974,urzeitliche_kolosse__mit_pc,control,1,0,1,6,0,11,6,18,3,6,2,6,0,0
pc-0fc9bc28-1975,forschung_muskelkraft__mit_pc,control,0,1,0,10,6,20,13,48,2,11,7,11,0,0
pc-0fc9bc28-1975,urzeitliche_kolosse__mit_pc,control,1,0,1,10,-1,16,11,48,3,10,7,4,0,1
pc-beac06f9-1976,forschung_muskelkraft__mit_pc,control,0,1,0,6,5,13,6,19,1,5,4,10,0,0
pc-beac06f9-1976,urzeitliche_kolosse__mit_pc,control,1,0,1,6,0,10,7,17,1,7,2,5,0,0
pc-37f977b7-1977,forschung_muskelkraft__mit_pc,control,0,1,0,12,3,23,16,64,8,15,12,11,0,0
pc-37f977b7-1977,urzeitliche_kolosse__mit_pc,control,1,0,1,12,-1,17,15,54,15,14,10,7,0,0
pc-b146c874-1978,forschung_muskelkraft__mit_pc,control,0,1,0,11,2,21,11,49,10,10,11,11,0,0
pc-b146c874-1978,urzeitliche_kolosse__mit_pc,control,1,0,1,11,-1,15,14,57,6,14,6,8,0,0
pc-2a943932-1979,forschung_muskelkraft__mit_pc,control,0,1,0,10,7,20,12,48,3,11,7,10,0,0
pc-2a943932-1979,urzeitliche_kolosse__mit_pc,control,1,0,1,10,0,15,12,45,8,11,6,3,0,3
pc-03229bb3-1980,forschung_muskelkraft__mit_pc,control,0,0,0,9,0,21,12,40,2,10,8,6,0,0
pc-03229bb3-1980,urzeitliche_kolosse__mit_pc,control,1,1,1,9,4,14,11,37,2,11,9,10,0,0
pc-7c6fec70-1981,forschung_muskelkraft__mit_pc,control,0,0,0,12,-2,20,13,52,14,11,8,7,0,0
pc-7c6fec70-1981,urzeitliche_kolosse__mit_pc,control,1,1,1,12,3,18,11,47,19,10,6,12,0,3
pc-f5bd5d2d-1982,forschung_muskelkraft__mit_pc,control,0,0,0,9,0,17,9,33,9,7,6,7,0,0
pc-f5bd5d2d-1982,urzeitliche_kolosse__mit_pc,control,1,1,1,9,3,13,11,39,3,10,4,10,0,1
pc-6f0aadeb-1983,forschung_muskelkraft__mit_pc,control,0,1,0,8,5,20,8,28,4,7,8,10,0,0
pc-6f0aadeb-1983,urzeitliche_kolosse__mit_pc,control,1,0,1,8,0,13,10,31,5,10,2,5,0,0
pc-1ded18bd-1984,forschung_muskelkraft__mit_pc,control,0,1,0,5,1,12,5,14,1,4,3,12,0,0
pc-1ded18bd-1984,urzeitliche_kolosse__mit_pc,control,1,0,1,5,-2,9,5,15,0,5,0,9,0,0
pc-973a697a-1985,forschung_muskelkraft__mit_pc,control,0,0,0,15,-3,22,20,75,32,18,13,4,0,0
pc-973a697a-1985,urzeitliche_kolosse__mit_pc,control,1,1,1,15,6,19,18,67,46,17,14,13,0,2
pc-1087da38-1986,forschung_muskelkraft__mit_pc,control,0,1,0,8,4,15,10,35,1,8,5,15,0,0
pc-1087da38-1986,urzeitliche_kolosse__mit_pc,control,1,0,1,8,-5,14,9,33,2,9,4,6,0,0
pc-89d52af5-1987,forschung_muskelkraft__mit_pc,control,0,0,0,7,0,18,9,27,1,7,4,6,0,0
pc-89d52af5-1987,urzeitliche_kolosse__mit_pc,control,1,1,1,7,4,12,8,22,3,7,3,10,0,0
pc-38b795c7-1988,forschung_muskelkraft__mit_pc,control,0,1,0,7,2,15,7,24,3,5,5,12,0,0
pc-38b795c7-1988,urzeitliche_kolosse__mit_pc,control,1,0,1,7,-2,13,8,25,2,8,2,8,0,0
pc-b204e684-1989,forschung_muskelkraft__mit_pc,control,0,1,0,7,3,15,7,24,2,6,6,10,0,0
pc-b204e684-1989,urzeitliche_kolosse__mit_pc,control,1,0,1,7,0,12,9,22,2,8,1,7,0,0
pc-2b525742-1990,forschung_muskelkraft__mit_pc,control,0,0,0,10,-1,20,9,37,8,8,9,9,0,0
pc-2b525742-1990,urzeitliche_kolosse__mit_pc,control,1,1,1,10,1,15,13,44,9,12,4,11,0,0
pc-a49fa7ff-1991,forschung_muskelkraft__mit_pc,control,0,0,0,6,-1,17,7,20,1,5,2,3,0,0
pc-a49fa7ff-1991,urzeitliche_kolosse__mit_pc,control,1,1,1,6,7,12,8,21,0,7,3,11,0,0
pc-538212d1-1992,forschung_muskelkraft__mit_pc,control,0,0,0,7,-1,17,8,26,2,6,4,3,0,0
pc-538212d1-1992,urzeitliche_kolosse__mit_pc,control,1,1,1,7,7,13,7,24,1,7,3,11,0,2
pc-cccf638e-1993,forschung_muskelkraft__mit_pc,control,0,1,0,8,2,18,7,27,7,5,6,13,0,0
pc-cccf638e-1993,urzeitliche_kolosse__mit_pc,control,1,0,1,8,-3,14,8,33,3,8,0,8,0,1
pc-461cd44c-1994,forschung_muskelkraft__mit_pc,control,0,1,0,7,5,18,7,24,2,6,2,11,0,0
pc-461cd44c-1994,urzeitliche_kolosse__mit_pc,control,1,0,1,7,-1,12,5,23,5,5,3,5,0,1
pc-bf6a2509-1995,forschung_muskelkraft__mit_pc,control,0,0,0,9,-2,20,11,40,5,9,4,3,0,0
pc-bf6a2509-1995,urzeitliche_kolosse__mit_pc,control,1,1,1,9,7,14,8,41,4,8,5,12,0,0
pc-44a0982c-1996,forschung_muskelkraft__mit_pc,control,0,1,0,13,1,23,17,67,15,15,11,14,0,0
pc-44a0982c-1996,urzeitliche_kolosse__mit_pc,control,1,0,1,13,-4,18,16,60,23,15,10,9,0,1
pc-bdede8e9-1997,forschung_muskelkraft__mit_pc,control,0,1,0,5,7,11,4,13,2,4,0,10,0,0
pc-bdede8e9-1997,urzeitliche_kolosse__mit_pc,control,1,0,1,5,0,10,3,12,3,3,0,3,0,0
pc-373b59a7-1998,forschung_muskelkraft__mit_pc,control,0,1,0,11,3,20,13,48,13,11,10,11,0,0
pc-373b59a7-1998,urzeitliche_kolosse__mit_pc,control,1,0,1,11,-1,17,14,53,10,13,6,7,0,2
pc-b088aa64-1999,forschung_muskelkraft__mit_pc,control,0,0,0,5,0,13,5,14,1,4,2,0,0,0
pc-b088aa64-1999,urzeitliche_kolosse__mit_pc,control,1,1,1,5,10,10,6,15,0,5,1,10,0,0
pc-869895c4-2000,forschung_muskelkraft__mit_pc,control,0,1,1,14,3,22,14,59,36,12,11,12,0,0
pc-869895c4-2000,urzeitliche_kolosse__ohne_pc,control,1,0,0,14,-2,18,17,63,35,15,8,7,0,4
pc-ffe5e681-2001,forschung_muskelkraft__mit_pc,control,0,0,1,5,0,13,3,11,4,3,1,3,0,0
pc-ffe5e681-2001,urzeitliche_kolosse__ohne_pc,control,1,1,0,5,7,11,5,14,1,5,0,10,0,0
pc-7933573f-2002,forschung_muskelkraft__mit_pc,control,0,1,1,5,1,10,5,11,4,3,2,10,0,0
pc-7933573f-2002,urzeitliche_kolosse__ohne_pc,control,1,0,0,5,0,10,4,13,2,4,0,9,0,0
pc-f280a7fc-2003,forschung_muskelkraft__mit_pc,control,0,0,1,5,-1,12,6,13,2,4,1,5,0,0
pc-f280a7fc-2003,urzeitliche_kolosse__ohne_pc,control,1,1,0,5,5,10,4,14,1,4,0,11,0,0
pc-a16312ce-2004,forschung_muskelkraft__mit_pc,control,0,0,1,9,-1,22,9,32,4,7,6,7,0,0
pc-a16312ce-2004,urzeitliche_kolosse__ohne_pc,control,1,1,0,9,3,15,9,34,2,9,2,11,0,0
pc-1ab0638c-2005,forschung_muskelkraft__mit_pc,control,0,0,1,8,-2,18,8,25,3,6,7,6,0,0
pc-1ab0638c-2005,urzeitliche_kolosse__ohne_pc,control,1,1,0,8,4,12,9,31,2,9,1,12,0,0
pc-93fdd449-2006,forschung_muskelkraft__mit_pc,control,0,1,1,5,4,11,5,14,1,4,2,12,0,0
pc-93fdd449-2006,urzeitliche_kolosse__ohne_pc,control,1,0,0,5,-2,10,5,15,0,4,0,6,0,0
pc-0d4b2507-2007,forschung_muskelkraft__mit_pc,control,0,1,1,9,6,18,8,30,6,6,9,10,0,0
pc-0d4b2507-2007,urzeitliche_kolosse__ohne_pc,control,1,0,0,9,0,14,12,40,4,11,1,4,0,1
pc-bc2d8fd8-2008,forschung_muskelkraft__mit_pc,control,0,0,1,6,0,11,5,18,3,4,1,6,0,0
pc-bc2d8fd8-2008,urzeitliche_kolosse__ohne_pc,control,1,1,0,6,4,11,5,18,3,5,1,10,0,1
pc-357ae096-2009,forschung_muskelkraft__mit_pc,control,0,0,1,9,-2,20,11,37,4,9,7,9,0,0
pc-357ae096-2009,urzeitliche_kolosse__ohne_pc,control,1,1,0,9,1,15,12,38,1,10,5,12,0,0
pc-aec85153-2010,forschung_muskelkraft__mit_pc,control,0,0,1,8,0,17,8,31,5,7,4,6,0,0
pc-aec85153-2010,urzeitliche_kolosse__ohne_pc,control,1,1,0,8,4,14,9,34,2,9,3,10,0,4
pc-2815a211-2011,forschung_muskelkraft__mit_pc,control,0,1,1,12,3,23,14,52,19,12,11,11,0,0
pc-2815a211-2011,urzeitliche_kolosse__ohne_pc,control,1,0,0,12,-1,18,15,51,17,13,9,7,0,3
pc-d6f80ce2-2012,forschung_muskelkraft__mit_pc,control,0,0,1,7,-2,17,7,26,2,7,4,6,0,0
pc-d6f80ce2-2012,urzeitliche_kolosse__ohne_pc,control,1,1,0,7,4,13,9,26,2,8,3,12,0,0
pc-50457da0-2013,forschung_muskelkraft__mit_pc,control,0,0,1,3,0,8,2,3,1,1,0,3,0,0
pc-50457da0-2013,urzeitliche_kolosse__ohne_pc,control,1,1,0,3,7,8,3,5,0,1,0,10,0,0
pc-c992ce5d-2014,forschung_muskelkraft__mit_pc,control,0,1,1,8,7,20,9,33,1,8,4,10,0,0
pc-c992ce5d-2014,urzeitliche_kolosse__ohne_pc,control,1,0,0,8,0,14,7,31,5,7,3,3,0,1
pc-42e03f1b-2015,forschung_muskelkraft__mit_pc,control,0,1,1,9,3,20,11,39,3,9,8,10,0,0
pc-42e03f1b-2015,urzeitliche_kolosse__ohne_pc,control,1,0,0,9,0,14,12,34,5,10,4,7,0,1
pc-1b6e819c-2016,forschung_muskelkraft__mit_pc,control,0,1,1,8,1,16,7,28,5,6,4,11,0,0
pc-1b6e819c-2016,urzeitliche_kolosse__ohne_pc,control,1,0,0,8,-1,13,9,31,5,7,2,9,0,0
pc-94bbf259-2017,forschung_muskelkraft__mit_pc,control,0,1,1,7,6,13,7,24,3,5,4,11,0,0
pc-94bbf259-2017,urzeitliche_kolosse__ohne_pc,control,1,0,0,7,-1,12,7,27,1,7,0,4,0,0
pc-0e094317-2018,forschung_muskelkraft__mit_pc,control,0,1,1,11,1,21,12,43,12,10,9,12,0,0
pc-0e094317-2018,urzeitliche_kolosse__ohne_pc,control,1,0,0,11,-2,16,13,48,15,11,5,9,0,0
pc-8756b3d4-2019,forschung_muskelkraft__mit_pc,control,0,0,1,9,-2,18,11,40,4,10,4,9,0,0
pc-8756b3d4-2019,urzeitliche_kolosse__ohne_pc,control,1,1,0,9,1,14,10,41,4,9,6,12,0,3
pc-36391ea6-2020,forschung_muskelkraft__mit_pc,control,0,1,1,9,4,19,8,27,9,7,10,10,0,0
pc-36391ea6-2020,urzeitliche_kolosse__ohne_pc,control,1,0,0,9,0,14,12,37,1,11,3,6,0,2
pc-af866f63-2021,forschung_muskelkraft__mit_pc,control,0,1,1,9,7,21,10,37,5,8,6,12,0,0
pc-af866f63-2021,urzeitliche_kolosse__ohne_pc,control,1,0,0,9,-2,14,9,38,6,9,3,3,0,0
pc-28d3c021-2022,forschung_muskelkraft__mit_pc,control,0,1,1,7,4,15,7,26,1,6,2,12,0,0
pc-28d3c021-2022,urzeitliche_kolosse__ohne_pc,control,1,0,0,7,-2,12,7,25,3,6,3,6,0,0
pc-a22130de-2023,forschung_muskelkraft__mit_pc,control,0,0,1,10,-2,21,12,41,14,10,8,7,0,0
pc-a22130de-2023,urzeitliche_kolosse__ohne_pc,control,1,1,0,10,3,14,13,43,6,12,5,12,0,1
pc-51039bb0-2024,forschung_muskelkraft__mit_pc,control,0,1,1,9,1,21,10,33,5,8,9,17,0,0
pc-51039bb0-2024,urzeitliche_kolosse__ohne_pc,control,1,0,0,9,-7,13,11,41,2,10,3,9,0,1
pc-ca50ec6d-2025,forschung_muskelkraft__mit_pc,control,0,1,1,8,1,17,10,32,2,9,6,13,0,0
pc-ca50ec6d-2025,urzeitliche_kolosse__ohne_pc,control,1,0,0,8,-3,14,10,33,2,9,6,9,0,0
pc-439e5d2b-2026,forschung_muskelkraft__mit_pc,control,0,1,1,7,3,16,8,25,3,6,6,10,0,0
pc-439e5d2b-2026,urzeitliche_kolosse__ohne_pc,control,1,0,0,7,0,13,8,24,2,8,1,7,0,0
pc-bcebade8-2027,forschung_muskelkraft__mit_pc,control,0,1,1,13,4,22,12,45,39,10,12,14,0,0
pc-bcebade8-2027,urzeitliche_kolosse__ohne_pc,control,1,0,0,13,-4,18,16,52,30,14,6,6,0,2
pc-6bce18ba-2028,forschung_muskelkraft__mit_pc,control,0,0,1,9,-1,17,10,38,4,8,3,4,0,0
pc-6bce18ba-2028,urzeitliche_kolosse__ohne_pc,control,1,1,0,9,6,13,10,29,7,8,3,11,0,0
pc-e51b6977-2029,forschung_muskelkraft__mit_pc,control,0,1,1,11,7,21,14,55,10,12,8,10,0,0
pc-e51b6977-2029,urzeitliche_kolosse__ohne_pc,control,1,0,0,11,0,16,14,52,7,12,7,3,0,1
pc-5e68da35-2030,forschung_muskelkraft__mit_pc,control,0,1,1,10,1,18,12,42,3,10,10,10,0,0
pc-5e68da35-2030,urzeitliche_kolosse__ohne_pc,control,1,0,0,10,0,15,13,46,4,12,6,9,0,0
pc-d7b62af2-2031,forschung_muskelkraft__mit_pc,control,0,0,1,6,-3,15,7,20,1,5,4,6,0,0
pc-d7b62af2-2031,urzeitliche_kolosse__ohne_pc,control,1,1,0,6,4,10,8,20,1,8,1,13,0,1
pc-b0448d73-2032,forschung_muskelkraft__mit_pc,control,0,1,1,11,3,22,15,56,9,13,11,10,0,0
pc-b0448d73-2032,urzeitliche_kolosse__ohne_pc,control,1,0,0,11,0,16,14,44,14,12,9,7,0,1
pc-2991fe31-2033,forschung_muskelkraft__mit_pc,control,0,0,1,5,0,14,5,14,1,4,3,4,0,0
pc-2991fe31-2033,urzeitliche_kolosse__ohne_pc,control,1,1,0,5,6,11,5,12,1,5,1,10,0,0
pc-a2df4eee-2034,forschung_muskelkraft__mit_pc,control,0,1,1,7,1,18,8,25,3,6,4,11,0,0
pc-a2df4eee-2034,urzeitliche_kolosse__ohne_pc,control,1,0,0,7,-1,13,7,25,3,6,2,9,0,0
pc-1c2cbfac-2035,forschung_muskelkraft__mit_pc,control,0,0,1,15,0,23,16,63,53,14,12,8,0,0
pc-1c2cbfac-2035,urzeitliche_kolosse__ohne_pc,control,1,1,0,15,1,21,18,70,44,16,9,9,0,2
pc-cb0f0a7d-2036,forschung_muskelkraft__mit_pc,control,0,0,1,8,0,14,8,32,4,7,4,6,0,0
pc-cb0f0a7d-2036,urzeitliche_kolosse__ohne_pc,control,1,1,0,8,4,14,9,33,3,9,4,10,0,0
pc-445c7b3b-2037,forschung_muskelkraft__mit_pc,control,0,1,1,6,7,14,5,18,3,4,2,11,0,0
pc-445c7b3b-2037,urzeitliche_kolosse__ohne_pc,control,1,0,0,6,-1,12,5,17,4,4,1,3,0,1
pc-bda9cbf8-2038,forschung_muskelkraft__mit_pc,control,0,1,1,8,3,16,8,31,2,7,6,13,0,0
pc-bda9cbf8-2038,urzeitliche_kolosse__ohne_pc,control,1,0,0,8,-3,13,8,34,2,8,3,7,0,1
pc-36f73cb6-2039,forschung_muskelkraft__mit_pc,control,0,0,1,6,-2,13,3,15,6,3,1,1,0,0
pc-36f73cb6-2039,urzeitliche_kolosse__ohne_pc,control,1,1,0,6,9,11,4,17,3,4,1,12,0,1
pc-e5d98787-2040,forschung_muskelkraft__mit_pc,control,0,1,1,14,1,21,17,65,30,15,12,10,0,0
pc-e5d98787-2040,urzeitliche_kolosse__ohne_pc,control,1,0,0,14,0,19,17,65,27,15,10,9,0,2
pc-5f26f845-2041,forschung_muskelkraft__mit_pc,control,0,1,1,11,4,22,14,54,7,12,11,11,0,0
pc-5f26f845-2041,urzeitliche_kolosse__ohne_pc,control,1,0,0,11,-1,15,14,52,11,12,7,6,0,1
pc-d8744902-2042,forschung_muskelkraft__mit_pc,control,0,0,1,7,-1,16,7,24,3,5,6,6,0,0
pc-d8744902-2042,urzeitliche_kolosse__ohne_pc,control,1,1,0,7,4,10,10,27,1,9,2,11,0,1
pc-51c1b9c0-2043,forschung_muskelkraft__mit_pc,control,0,1,1,12,3,23,16,63,8,14,11,14,0,0
pc-51c1b9c0-2043,urzeitliche_kolosse__ohne_pc,control,1,0,0,12,-4,15,15,48,25,13,10,7,0,0
pc-00a40492-2044,forschung_muskelkraft__mit_pc,control,0,0,1,8,0,18,10,33,2,8,5,8,0,0
pc-00a40492-2044,urzeitliche_kolosse__ohne_pc,control,1,1,0,8,2,14,9,33,3,9,5,10,0,0
pc-79f1754f-2045,forschung_muskelkraft__mit_pc,control,0,1,1,10,5,21,12,43,2,10,10,14,0,0
pc-79f1754f-2045,urzeitliche_kolosse__ohne_pc,control,1,0,0,10,-4,16,12,47,8,12,5,5,0,1
pc-f33ec60c-2046,forschung_muskelkraft__mit_pc,control,0,1,1,6,10,11,6,20,1,5,1,10,0,0
pc-f33ec60c-2046,urzeitliche_kolosse__ohne_pc,control,1,0,0,6,0,11,5,17,3,5,2,0,0,0
pc-6c8c36ca-2047,forschung_muskelkraft__mit_pc,control,0,1,1,12,2,22,14,57,15,12,11,14,0,0
pc-6c8c36ca-2047,urzeitliche_kolosse__ohne_pc,control,1,0,0,12,-4,16,15,55,16,13,8,8,0,1
pc-451a994b-2048,forschung_muskelkraft__mit_pc,control,0,1,1,9,1,17,9,34,6,7,8,12,0,0
pc-451a994b-2048,urzeitliche_kolosse__ohne_pc,control,1,0,0,9,-2,15,10,39,5,9,2,9,0,1
pc-be67ea08-2049,forschung_muskelkraft__mit_pc,control,0,1,1,8,6,17,7,27,7,6,6,16,0,0
pc-be67ea08-2049,urzeitliche_kolosse__ohne_pc,control,1,0,0,8,-6,14,9,31,5,8,2,4,0,0
pc-37b55ac6-2050,forschung_muskelkraft__mit_pc,control,0,1,1,6,2,12,4,17,4,4,4,11,0,0
pc-37b55ac6-2050,urzeitliche_kolosse__ohne_pc,control,1,0,0,6,-1,11,7,20,1,7,0,8,0,0
pc-b102ab83-2051,forschung_muskelkraft__mit_pc,control,0,1,1,11,2,20,12,48,12,10,8,11,0,0
pc-b102ab83-2051,urzeitliche_kolosse__ohne_pc,control,1,0,0,11,-1,17,14,50,7,12,5,8,0,0
pc-5fe51655-2052,forschung_muskelkraft__mit_pc,control,0,1,1,12,1,24,12,45,27,10,11,17,0,0
pc-5fe51655-2052,urzeitliche_kolosse__ohne_pc,control,1,0,0,12,-7,17,15,54,19,13,5,9,0,0
pc-d9326712-2053,forschung_muskelkraft__mit_pc,control,0,1,1,8,3,18,8,29,4,7,7,12,0,0
pc-d9326712-2053,urzeitliche_kolosse__ohne_pc,control,1,0,0,8,-2,13,10,32,4,9,3,7,0,0
pc-527fd7d0-2054,forschung_muskelkraft__mit_pc,control,0,0,1,6,0,12,5,17,3,4,2,7,0,0
pc-527fd7d0-2054,urzeitliche_kolosse__ohne_pc,control,1,1,0,6,3,10,5,16,3,5,0,10,0,0
pc-cbcd288d-2055,forschung_muskelkraft__mit_pc,control,0,0,1,6,-2,18,5,18,2,5,2,6,0,0
pc-cbcd288d-2055,urzeitliche_kolosse__ohne_pc,control,1,1,0,6,4,11,6,20,0,5,1,12,0,1
pc-7aaf935f-2056,forschung_muskelkraft__mit_pc,control,0,1,1,7,6,18,8,27,1,7,4,13,0,0
pc-7aaf935f-2056,urzeitliche_kolosse__ohne_pc,control,1,0,0,7,-3,11,8,25,2,7,2,4,0,1
pc-f3fce41c-2057,forschung_muskelkraft__mit_pc,control,0,1,1,10,2,20,12,46,4,10,11,12,0,0
pc-f3fce41c-2057,urzeitliche_kolosse__ohne_pc,control,1,0,0,10,-2,14,13,40,8,11,6,8,0,2
pc-6d4a54da-2058,forschung_muskelkraft__mit_pc,control,0,0,1,4,0,11,3,8,2,3,0,3,0,0
pc-6d4a54da-2058,urzeitliche_kolosse__ohne_pc,control,1,1,0,4,7,9,4,10,0,3,1,10,0,0
pc-e697a597-2059,forschung_muskelkraft__mit_pc,control,0,1,1,11,5,19,11,40,15,9,9,13,0,0
pc-e697a597-2059,urzeitliche_kolosse__ohne_pc,control,1,0,0,11,-3,17,14,49,8,12,5,5,0,0
pc-957a1069-2060,forschung_muskelkraft__mit_pc,control,0,1,1,7,6,17,8,25,1,6,5,13,0,0
pc-957a1069-2060,urzeitliche_kolosse__ohne_pc,control,1,0,0,7,-3,12,7,25,3,7,1,4,0,0
pc-0ec76127-2061,forschung_muskelkraft__mit_pc,control,0,1,1,13,3,23,16,61,17,14,12,16,0,0
pc-0ec76127-2061,urzeitliche_kolosse__ohne_pc,control,1,0,0,13,-6,19,16,61,25,14,9,7,0,4
pc-8814d1e4-2062,forschung_muskelkraft__mit_pc,control,0,0,1,5,-1,10,4,12,3,3,1,5,0,0
pc-8814d1e4-2062,urzeitliche_kolosse__ohne_pc,control,1,1,0,5,5,9,5,15,0,4,0,11,0,0
pc-016222a2-2063,forschung_muskelkraft__mit_pc,control,0,0,1,9,0,18,9,33,3,8,6,8,0,0
pc-016222a2-2063,urzeitliche_kolosse__ohne_pc,control,1,1,0,9,2,14,8,30,6,7,3,10,0,0
pc-33408666-2064,forschung_muskelkraft__mit_pc,control,0,0,1,8,-2,14,10,35,1,8,5,6,0,0
pc-33408666-2064,urzeitliche_kolosse__ohne_pc,control,1,1,0,8,4,12,10,35,0,9,3,12,0,0
pc-ac8df723-2065,forschung_muskelkraft__mit_pc,control,0,1,1,6,8,15,6,19,1,5,3,10,0,0
pc-ac8df723-2065,urzeitliche_kolosse__ohne_pc,control,1,0,0,6,0,11,5,17,3,5,2,2,0,0
pc-25db47e1-2066,forschung_muskelkraft__mit_pc,control,0,0,1,9,-3,21,10,37,6,8,5,8,0,0
pc-25db47e1-2066,urzeitliche_kolosse__ohne_pc,control,1,1,0,9,2,14,10,38,5,8,3,13,0,0
pc-9f28b89e-2067,forschung_muskelkraft__mit_pc,control,0,1,1,8,2,15,8,30,3,7,5,15,0,0
pc-9f28b89e-2067,urzeitliche_kolosse__ohne_pc,control,1,0,0,8,-5,13,8,33,2,7,2,8,0,0
pc-4e0b0370-2068,forschung_muskelkraft__mit_pc,control,0,1,1,7,2,18,9,27,1,7,4,10,0,0
pc-4e0b0370-2068,urzeitliche_kolosse__ohne_pc,control,1,0,0,7,0,11,9,25,0,8,2,8,0,0
pc-c758742d-2069,forschung_muskelkraft__mit_pc,control,0,1,1,5,6,11,5,14,1,4,4,11,0,0
pc-c758742d-2069,urzeitliche_kolosse__ohne_pc,control,1,0,0,5,-1,9,5,13,1,5,1,4,0,0
pc-40a5c4eb-2070,forschung_muskelkraft__mit_pc,control,0,0,1,12,-3,22,12,53,13,10,11,9,0,0
pc-40a5c4eb-2070,urzeitliche_kolosse__ohne_pc,control,1,1,0,12,1,17,15,55,14,13,6,13,0,1
pc-b9f335a8-2071,forschung_muskelkraft__mit_pc,control,0,1,1,8,3,14,9,29,5,7,6,14,0,0
pc-b9f335a8-2071,urzeitliche_kolosse__ohne_pc,control,1,0,0,8,-4,11,9,35,1,9,2,7,0,0
pc-68d5807a-2072,forschung_muskelkraft__mit_pc,control,0,0,1,7,0,11,7,25,2,5,2,6,0,0
pc-68d5807a-2072,urzeitliche_kolosse__ohne_pc,control,1,1,0,7,4,13,8,27,1,7,2,10,0,1
pc-e222f137-2073,forschung_muskelkraft__mit_pc,control,0,1,1,8,2,16,9,27,2,7,6,12,0,0
pc-e222f137-2073,urzeitliche_kolosse__ohne_pc,control,1,0,0,8,-2,13,11,35,0,10,2,8,0,0
pc-5b7041f5-2074,forschung_muskelkraft__mit_pc,control,0,0,1,6,-1,11,6,19,2,4,3,1,0,0
pc-5b7041f5-2074,urzeitliche_kolosse__ohne_pc,control,1,1,0,6,9,12,8,20,1,6,1,11,0,0
pc-d4bdb2b2-2075,forschung_muskelkraft__mit_pc,control,0,0,1,6,0,12,5,18,3,4,2,5,0,0
pc-d4bdb2b2-2075,urzeitliche_kolosse__ohne_pc,control,1,1,0,6,5,10,6,17,3,5,1,10,0,0
pc-83a01d84-2076,forschung_muskelkraft__mit_pc,control,0,0,1,5,0,13,4,13,2,4,0,0,0,0
pc-83a01d84-2076,urzeitliche_kolosse__ohne_pc,control,1,1,0,5,10,10,4,14,1,4,1,10,0,0
pc-fced6e41-2077,forschung_muskelkraft__mit_pc,control,0,1,1,10,4,18,12,48,7,10,10,11,0,0
pc-fced6e41-2077,urzeitliche_kolosse__ohne_pc,control,1,0,0,10,-1,15,13,45,3,11,7,6,0,0
pc-763adeff-2078,forschung_muskelkraft__mit_pc,control,0,0,1,7,-1,15,7,25,2,6,4,8,0,0
pc-763adeff-2078,urzeitliche_kolosse__ohne_pc,control,1,1,0,7,2,12,7,25,3,7,3,11,0,0
pc-ef882fbc-2079,forschung_muskelkraft__mit_pc,control,0,1,1,10,8,19,13,49,3,11,9,12,0,0
pc-ef882fbc-2079,urzeitliche_kolosse__ohne_pc,control,1,0,0,10,-2,15,13,51,4,11,6,2,0,0
pc-c816923d-2080,forschung_muskelkraft__mit_pc,control,0,1,1,6,6,12,6,20,1,5,5,11,0,0
pc-c816923d-2080,urzeitliche_kolosse__ohne_pc,control,1,0,0,6,-1,11,7,17,2,6,1,4,0,0
pc-4163e2fb-2081,forschung_muskelkraft__mit_pc,control,0,0,1,5,0,12,4,9,6,2,0,3,0,0
pc-4163e2fb-2081,urzeitliche_kolosse__ohne_pc,control,1,1,0,5,7,10,4,13,2,4,0,10,0,0
pc-bab153b8-2082,forschung_muskelkraft__mit_pc,control,0,0,1,5,-1,12,2,9,6,2,1,0,0,0
pc-bab153b8-2082,urzeitliche_kolosse__ohne_pc,control,1,1,0,5,10,10,4,11,2,4,0,11,0,0
pc-33fea476-2083,forschung_muskelkraft__mit_pc,control,0,1,1,10,4,21,10,32,13,8,6,12,0,0
pc-33fea476-2083,urzeitliche_kolosse__ohne_pc,control,1,0,0,10,-2,15,12,41,14,10,3,6,0,1
pc-e2e10f47-2084,forschung_muskelkraft__mit_pc,control,0,0,1,4,0,12,4,7,2,3,0,0,0,0
pc-e2e10f47-2084,urzeitliche_kolosse__ohne_pc,control,1,1,0,4,10,9,4,9,0,3,1,10,0,0
pc-5c2e6005-2085,forschung_muskelkraft__mit_pc,control,0,1,1,7,2,18,7,22,4,6,5,10,0,0
pc-5c2e6005-2085,urzeitliche_kolosse__ohne_pc,control,1,0,0,7,0,13,7,26,2,7,1,8,0,0
pc-d57bd0c2-2086,forschung_muskelkraft__mit_pc,control,0,1,1,6,3,12,6,19,2,4,3,12,0,0
pc-d57bd0c2-2086,urzeitliche_kolosse__ohne_pc,control,1,0,0,6,-2,10,5,18,3,5,1,7,0,1
pc-4ec92180-2087,forschung_muskelkraft__mit_pc,control,0,0,1,8,-2,13,8,32,2,8,6,8,0,0
pc-4ec92180-2087,urzeitliche_kolosse__ohne_pc,control,1,1,0,8,2,14,8,30,5,8,4,12,0,1
pc-fdab8c51-2088,forschung_muskelkraft__mit_pc,control,0,0,1,10,0,21,10,36,9,8,5,6,0,0
pc-fdab8c51-2088,urzeitliche_kolosse__ohne_pc,control,1,1,0,10,4,16,11,44,4,10,3,10,0,1
pc-76f8fd0f-2089,forschung_muskelkraft__mit_pc,control,0,0,1,11,0,21,17,65,1,15,10,7,0,0
pc-76f8fd0f-2089,urzeitliche_kolosse__ohne_pc,control,1,1,0,11,3,15,14,50,8,12,11,10,0,0
pc-f0464dcc-2090,forschung_muskelkraft__mit_pc,control,0,0,1,9,-1,20,13,43,2,11,5,6,0,0
pc-f0464dcc-2090,urzeitliche_kolosse__ohne_pc,control,1,1,0,9,4,15,9,32,4,9,8,11,0,0
pc-6993be8a-2091,forschung_muskelkraft__mit_pc,control,0,1,1,7,6,15,7,26,1,6,4,10,0,0
pc-6993be8a-2091,urzeitliche_kolosse__ohne_pc,control,1,0,0,7,0,11,7,27,1,7,3,4,0,0
pc-1876095c-2092,forschung_muskelkraft__mit_pc,control,0,0,1,4,0,10,3,8,2,3,0,3,0,0
pc-1876095c-2092,urzeitliche_kolosse__ohne_pc,control,1,1,0,4,7,8,4,9,1,4,1,10,0,0
pc-91c37a19-2093,forschung_muskelkraft__mit_pc,control,0,0,1,9,-1,16,10,39,2,9,6,8,0,0
pc-91c37a19-2093,urzeitliche_kolosse__ohne_pc,control,1,1,0,9,2,12,9,38,1,8,5,11,0,0
pc-0b10cad7-2094,forschung_muskelkraft__mit_pc,control,0,1,1,13,3,22,16,63,19,14,14,15,0,0
pc-0b10cad7-2094,urzeitliche_kolosse__ohne_pc,control,1,0,0,13,-5,18,16,55,26,14,10,7,0,1
pc-845e3b94-2095,forschung_muskelkraft__mit_pc,control,0,1,1,11,2,21,14,53,6,12,10,13,0,0
pc-845e3b94-2095,urzeitliche_kolosse__ohne_pc,control,1,0,0,11,-3,16,14,45,11,12,7,8,0,1
pc-5cec9e15-2096,forschung_muskelkraft__mit_pc,control,0,0,1,5,-2,12,5,14,1,4,3,5,0,0
pc-5cec9e15-2096,urzeitliche_kolosse__ohne_pc,control,1,1,0,5,5,11,5,15,0,5,1,12,0,0
pc-d639eed2-2097,forschung_muskelkraft__mit_pc,control,0,1,1,9,5,20,11,38,4,9,7,10,0,0
pc-d639eed2-2097,urzeitliche_kolosse__ohne_pc,control,1,0,0,9,0,15,12,40,5,10,5,5,0,0
pc-4f875f90-2098,forschung_muskelkraft__mit_pc,control,0,1,1,6,4,12,6,20,1,5,3,12,0,0
pc-4f875f90-2098,urzeitliche_kolosse__ohne_pc,control,1,0,0,6,-2,11,6,18,2,6,1,6,0,1
pc-c8d4b04d-2099,forschung_muskelkraft__mit_pc,control,0,0,1,8,0,19,9,28,1,7,2,6,0,0
pc-c8d4b04d-2099,urzeitliche_kolosse__ohne_pc,control,1,1,0,8,4,13,7,28,8,6,2,10,0,0
pc-22b87635-2100,forschung_muskelkraft__mit_pc,control,0,1,0,8,4,19,9,33,2,8,4,10,0,0
pc-22b87635-2100,urzeitliche_kolosse__ohne_pc,control,1,0,1,8,0,13,8,34,2,7,3,6,0,0
pc-a96b0577-2101,forschung_muskelkraft__mit_pc,control,0,1,0,9,3,18,11,37,4,9,6,14,0,0
pc-a96b0577-2101,urzeitliche_kolosse__ohne_pc,control,1,0,1,9,-4,15,9,41,2,9,5,7,0,3
pc-155337b0-2102,forschung_muskelkraft__mit_pc,control,0,0,0,9,0,20,11,40,2,9,6,6,0,0
pc-155337b0-2102,urzeitliche_kolosse__ohne_pc,control,1,1,1,9,4,13,11,42,2,10,4,10,0,0
pc-9c05c6f2-2103,forschung_muskelkraft__mit_pc,control,0,0,0,6,-5,13,6,19,1,5,2,6,0,0
pc-9c05c6f2-2103,urzeitliche_kolosse__ohne_pc,control,1,1,1,6,4,11,6,20,0,5,1,15,0,1
pc-07edf92b-2104,forschung_muskelkraft__mit_pc,control,0,1,0,7,2,15,7,26,1,6,4,13,0,0
pc-07edf92b-2104,urzeitliche_kolosse__ohne_pc,control,1,0,1,7,-3,12,7,27,1,7,3,8,0,0
pc-8ea0886d-2105,forschung_muskelkraft__mit_pc,control,0,0,0,9,0,19,8,36,9,7,5,8,0,0
pc-8ea0886d-2105,urzeitliche_kolosse__ohne_pc,control,1,1,1,9,2,14,10,43,2,8,2,10,0,2
pc-fa88baa5-2106,forschung_muskelkraft__mit_pc,control,0,0,0,9,-1,18,9,32,4,8,5,9,0,0
pc-fa88baa5-2106,urzeitliche_kolosse__ohne_pc,control,1,1,1,9,1,14,10,35,5,8,4,11,0,0
pc-813b49e8-2107,forschung_muskelkraft__mit_pc,control,0,1,0,15,1,22,19,73,32,17,11,12,0,0
pc-813b49e8-2107,urzeitliche_kolosse__ohne_pc,control,1,0,1,15,-2,20,17,68,37,16,13,9,0,4
pc-584d7049-2108,forschung_muskelkraft__mit_pc,control,0,0,0,11,-1,20,14,55,10,12,9,6,0,0
pc-584d7049-2108,urzeitliche_kolosse__ohne_pc,control,1,1,1,11,4,15,14,48,15,13,8,11,0,1
pc-df001f8b-2109,forschung_muskelkraft__mit_pc,control,0,1,0,7,6,18,8,26,1,6,3,10,0,0
pc-df001f8b-2109,urzeitliche_kolosse__ohne_pc,control,1,0,1,7,0,11,7,25,3,7,3,4,0,0
pc-4ae831c4-2110,forschung_muskelkraft__mit_pc,control,0,0,0,6,0,14,6,18,2,6,3,8,0,0
pc-4ae831c4-2110,urzeitliche_kolosse__ohne_pc,control,1,1,1,6,2,11,6,19,0,5,2,10,0,0
pc-d19ac106-2111,forschung_muskelkraft__mit_pc,control,0,0,0,9,-3,20,11,39,3,9,5,4,0,0
pc-d19ac106-2111,urzeitliche_kolosse__ohne_pc,control,1,1,1,9,6,14,10,38,4,9,4,13,0,2
pc-3d82f33f-2112,forschung_muskelkraft__mit_pc,control,0,1,0,7,4,17,9,25,1,7,2,13,0,0
pc-3d82f33f-2112,urzeitliche_kolosse__ohne_pc,control,1,0,1,7,-3,12,7,23,5,6,3,6,0,0
pc-c4358281-2113,forschung_muskelkraft__mit_pc,control,0,1,0,8,1,17,8,31,4,7,4,14,0,0
pc-c4358281-2113,urzeitliche_kolosse__ohne_pc,control,1,0,1,8,-4,14,9,33,3,8,2,9,0,0
pc-301db4ba-2114,forschung_muskelkraft__mit_pc,control,0,0,0,8,0,15,8,28,5,6,3,9,0,0
pc-301db4ba-2114,urzeitliche_kolosse__ohne_pc,control,1,1,1,8,1,13,7,32,4,6,1,10,0,1
pc-b6d043fc-2115,forschung_muskelkraft__mit_pc,control,0,1,0,6,3,12,6,20,1,5,3,12,0,0
pc-b6d043fc-2115,urzeitliche_kolosse__ohne_pc,control,1,0,1,6,-2,12,6,20,0,6,1,7,0,0
pc-b78e620c-2116,forschung_muskelkraft__mit_pc,control,0,1,0,12,1,23,13,55,15,11,12,16,0,0
pc-b78e620c-2116,urzeitliche_kolosse__ohne_pc,control,1,0,1,12,-6,17,15,53,15,14,7,9,0,1
pc-3e41114f-2117,forschung_muskelkraft__mit_pc,control,0,1,0,10,2,21,13,48,3,11,7,11,0,0
pc-3e41114f-2117,urzeitliche_kolosse__ohne_pc,control,1,0,1,10,-1,17,13,37,11,11,6,8,0,3
pc-aa292387-2118,forschung_muskelkraft__mit_pc,control,0,1,0,7,7,16,8,25,1,6,5,10,0,0
pc-aa292387-2118,urzeitliche_kolosse__ohne_pc,control,1,0,1,7,0,12,6,24,4,6,2,3,0,0
pc-30dbd2ca-2119,forschung_muskelkraft__mit_pc,control,0,1,0,10,10,21,13,52,3,12,8,13,0,0
pc-30dbd2ca-2119,urzeitliche_kolosse__ohne_pc,control,1,0,1,10,-3,14,13,45,6,11,7,0,0,3
pc-9cc3e502-2120,forschung_muskelkraft__mit_pc,control,0,0,0,6,0,13,6,19,2,5,3,4,0,0
pc-9cc3e502-2120,urzeitliche_kolosse__ohne_pc,control,1,1,1,6,6,11,6,20,1,6,2,10,0,1
pc-23769445-2121,forschung_muskelkraft__mit_pc,control,0,1,0,8,1,16,9,31,3,7,6,10,0,0
pc-23769445-2121,urzeitliche_kolosse__ohne_pc,control,1,0,1,8,0,12,9,33,2,8,2,9,0,1
pc-8f5ea67d-2122,forschung_muskelkraft__mit_pc,control,0,0,0,9,0,18,11,39,3,9,5,8,0,0
pc-8f5ea67d-2122,urzeitliche_kolosse__ohne_pc,control,1,1,1,9,2,13,11,42,1,9,5,10,0,1
pc-161155c0-2123,forschung_muskelkraft__mit_pc,control,0,1,0,7,1,16,7,25,2,6,2,10,0,0
pc-161155c0-2123,urzeitliche_kolosse__ohne_pc,control,1,0,1,7,0,12,9,22,2,7,2,9,0,2
pc-ed237c20-2124,forschung_muskelkraft__mit_pc,control,0,1,0,9,8,18,10,37,4,8,8,10,0,0
pc-ed237c20-2124,urzeitliche_kolosse__ohne_pc,control,1,0,1,9,0,14,11,41,3,10,3,2,0,3
pc-73d60b63-2125,forschung_muskelkraft__mit_pc,control,0,1,0,6,6,13,5,17,3,4,2,10,0,0
pc-73d60b63-2125,urzeitliche_kolosse__ohne_pc,control,1,0,1,6,0,12,8,18,2,6,0,4,0,0
pc-dfbe3d9b-2126,forschung_muskelkraft__mit_pc,control,0,0,0,9,-1,21,8,31,5,7,7,9,0,0
pc-dfbe3d9b-2126,urzeitliche_kolosse__ohne_pc,control,1,1,1,9,1,15,10,39,1,9,2,11,0,2
pc-6670ccde-2127,forschung_muskelkraft__mit_pc,control,0,0,0,3,0,9,3,5,1,2,0,2,0,0
pc-6670ccde-2127,urzeitliche_kolosse__ohne_pc,control,1,1,1,3,8,8,3,6,0,2,0,10,0,0
pc-d258ff16-2128,forschung_muskelkraft__mit_pc,control,0,1,0,7,1,15,6,20,7,4,3,10,0,0
pc-d258ff16-2128,urzeitliche_kolosse__ohne_pc,control,1,0,1,7,0,13,6,25,3,6,0,9,0,1
pc-590b8e59-2129,forschung_muskelkraft__mit_pc,control,0,1,0,7,1,17,7,26,1,6,7,10,0,0
pc-590b8e59-2129,urzeitliche_kolosse__ohne_pc,control,1,0,1,7,0,11,9,25,3,8,2,9,0,0
pc-c4f3a091-2130,forschung_muskelkraft__mit_pc,control,0,1,0,11,1,17,9,35,20,7,10,12,0,0
pc-c4f3a091-2130,urzeitliche_kolosse__ohne_pc,control,1,0,1,11,-2,17,14,48,11,12,2,9,0,1
pc-4ba64fd4-2131,forschung_muskelkraft__mit_pc,control,0,1,0,7,4,14,6,24,2,6,5,10,0,0
pc-4ba64fd4-2131,urzeitliche_kolosse__ohne_pc,control,1,0,1,7,0,12,7,27,1,7,1,6,0,2
pc-4c646de4-2132,forschung_muskelkraft__mit_pc,control,0,1,0,5,3,12,4,13,2,4,2,11,0,0
pc-4c646de4-2132,urzeitliche_kolosse__ohne_pc,control,1,0,1,5,-1,10,6,13,2,5,2,7,0,0
pc-d3171d26-2133,forschung_muskelkraft__mit_pc,control,0,0,0,7,-2,17,7,23,4,6,1,6,0,0
pc-d3171d26-2133,urzeitliche_kolosse__ohne_pc,control,1,1,1,7,4,12,6,20,1,6,3,12,0,0
pc-3eff2f5f-2134,forschung_muskelkraft__mit_pc,control,0,0,0,9,0,21,10,33,3,8,6,9,0,0
pc-3eff2f5f-2134,urzeitliche_kolosse__ohne_pc,control,1,1,1,9,1,14,9,38,7,9,3,10,0,7
pc-c5b1dea1-2135,forschung_muskelkraft__mit_pc,control,0,1,0,8,2,19,8,32,3,8,7,16,0,0
pc-c5b1dea1-2135,urzeitliche_kolosse__ohne_pc,control,1,0,1,8,-6,13,9,29,4,8,3,8,0,0
pc-3199f0da-2136,forschung_muskelkraft__mit_pc,control,0,0,0,5,-2,12,4,13,2,4,3,0,0,0
pc-3199f0da-2136,urzeitliche_kolosse__ohne_pc,control,1,1,1,5,10,10,5,13,1,5,3,12,0,0
pc-b84c801c-2137,forschung_muskelkraft__mit_pc,control,0,1,0,6,4,14,6,19,2,5,4,10,0,0
pc-b84c801c-2137,urzeitliche_kolosse__ohne_pc,control,1,0,1,6,0,11,6,18,2,6,1,6,0,0
pc-2434b255-2138,forschung_muskelkraft__mit_pc,control,0,0,0,9,-2,17,8,31,5,7,6,8,0,0
pc-2434b255-2138,urzeitliche_kolosse__ohne_pc,control,1,1,1,9,2,13,10,36,5,9,2,12,0,0
pc-aae74197-2139,forschung_muskelkraft__mit_pc,control,0,0,0,3,0,8,3,5,1,2,0,0,0,0
pc-aae74197-2139,urzeitliche_kolosse__ohne_pc,control,1,1,1,3,10,7,3,6,0,2,0,10,0,0
pc-81f967f8-2140,forschung_muskelkraft__mit_pc,control,0,1,0,6,6,14,6,17,3,5,2,11,0,0
pc-81f967f8-2140,urzeitliche_kolosse__ohne_pc,control,1,0,1,6,-1,10,6,19,1,6,2,4,0,0
pc-08ac173b-2141,forschung_muskelkraft__mit_pc,control,0,0,0,6,0,15,4,16,4,4,2,2,0,0
pc-08ac173b-2141,urzeitliche_kolosse__ohne_pc,control,1,1,1,6,8,9,6,18,0,6,1,10,0,0
pc-74942973-2142,forschung_muskelkraft__mit_pc,control,0,1,0,9,2,19,8,34,8,7,8,11,0,0
pc-74942973-2142,urzeitliche_kolosse__ohne_pc,control,1,0,1,9,-1,13,9,36,8,9,2,8,0,0
pc-fb46d8b5-2143,forschung_muskelkraft__mit_pc,control,0,0,0,7,-3,18,8,25,2,6,2,5,0,0
pc-fb46d8b5-2143,urzeitliche_kolosse__ohne_pc,control,1,1,1,7,5,13,7,24,3,6,4,13,0,1
pc-672eeaee-2144,forschung_muskelkraft__mit_pc,control,0,0,0,8,0,14,10,31,5,8,2,9,0,0
pc-672eeaee-2144,urzeitliche_kolosse__ohne_pc,control,1,1,1,8,1,13,8,30,4,7,6,10,0,3
pc-ede19a30-2145,forschung_muskelkraft__mit_pc,control,0,1,0,6,7,12,5,17,3,4,2,10,0,0
pc-ede19a30-2145,urzeitliche_kolosse__ohne_pc,control,1,0,1,6,0,12,4,17,3,4,1,3,0,1
pc-59c9ac69-2146,forschung_muskelkraft__mit_pc,control,0,1,0,10,2,21,10,41,10,8,11,14,0,0
pc-59c9ac69-2146,urzeitliche_kolosse__ohne_pc,control,1,0,1,10,-4,13,13,45,4,12,4,8,0,2
pc-e07c5bab-2147,forschung_muskelkraft__mit_pc,control,0,0,0,9,-3,19,8,32,10,7,3,8,0,0
pc-e07c5bab-2147,urzeitliche_kolosse__ohne_pc,control,1,1,1,9,2,14,10,42,1,8,3,13,0,2
pc-e13a79bb-2148,forschung_muskelkraft__mit_pc,control,0,1,0,6,7,13,5,18,2,5,3,10,0,0
pc-e13a79bb-2148,urzeitliche_kolosse__ohne_pc,control,1,0,1,6,0,11,6,19,2,6,1,3,0,1
pc-67ed08fe-2149,forschung_muskelkraft__mit_pc,control,0,1,0,7,6,18,7,24,2,6,4,10,0,0
pc-67ed08fe-2149,urzeitliche_kolosse__ohne_pc,control,1,0,1,7,0,11,7,25,3,7,2,4,0,0
pc-d3d53b36-2150,forschung_muskelkraft__mit_pc,control,0,0,0,9,-1,19,12,41,3,10,6,8,0,0
pc-d3d53b36-2150,urzeitliche_kolosse__ohne_pc,control,1,1,1,9,2,14,12,38,3,11,5,11,0,0
pc-5a87ca79-2151,forschung_muskelkraft__mit_pc,control,0,0,0,8,0,18,9,31,3,7,3,5,0,0
pc-5a87ca79-2151,urzeitliche_kolosse__ohne_pc,control,1,1,1,8,5,12,7,32,4,7,2,10,0,0
pc-c66ffcb1-2152,forschung_muskelkraft__mit_pc,control,0,1,0,7,10,12,7,26,1,6,6,10,0,0
pc-c66ffcb1-2152,urzeitliche_kolosse__ohne_pc,control,1,0,1,7,0,12,6,23,5,6,2,0,0,0
pc-4d228bf4-2153,forschung_muskelkraft__mit_pc,control,0,0,0,6,-3,16,6,19,2,5,3,6,0,0
pc-4d228bf4-2153,urzeitliche_kolosse__ohne_pc,control,1,1,1,6,4,10,6,19,0,5,1,13,0,0
pc-b90abe2c-2154,forschung_muskelkraft__mit_pc,control,0,0,0,10,-1,16,9,35,10,7,7,0,0,0
pc-b90abe2c-2154,urzeitliche_kolosse__ohne_pc,control,1,1,1,10,10,14,10,32,13,9,2,11,0,1
pc-3fbd4d6f-2155,forschung_muskelkraft__mit_pc,control,0,0,0,6,-4,16,5,18,2,5,4,0,0,0
pc-3fbd4d6f-2155,urzeitliche_kolosse__ohne_pc,control,1,1,1,6,10,10,6,19,1,6,3,14,0,0
pc-16cf73d0-2156,forschung_muskelkraft__mit_pc,control,0,1,0,8,1,15,9,32,4,8,3,10,0,0
pc-16cf73d0-2156,urzeitliche_kolosse__ohne_pc,control,1,0,1,8,0,13,9,32,3,8,3,9,0,0
pc-9d820312-2157,forschung_muskelkraft__mit_pc,control,0,0,0,6,-2,15,6,20,1,5,2,4,0,0
pc-9d820312-2157,urzeitliche_kolosse__ohne_pc,control,1,1,1,6,6,11,6,20,1,6,3,12,0,1
pc-096a354b-2158,forschung_muskelkraft__mit_pc,control,0,0,0,5,0,13,4,12,3,3,3,6,0,0
pc-096a354b-2158,urzeitliche_kolosse__ohne_pc,control,1,1,1,5,4,10,6,15,0,6,1,10,0,0
pc-901cc48d-2159,forschung_muskelkraft__mit_pc,control,0,1,0,7,8,16,6,21,6,5,2,10,0,0
pc-901cc48d-2159,urzeitliche_kolosse__ohne_pc,control,1,0,1,7,0,12,6,25,3,5,3,2,0,0
pc-fc04f6c5-2160,forschung_muskelkraft__mit_pc,control,0,0,0,6,-1,13,4,15,6,3,1,0,0,0
pc-fc04f6c5-2160,urzeitliche_kolosse__ohne_pc,control,1,1,1,6,10,12,5,17,3,5,0,11,0,0
pc-82b78608-2161,forschung_muskelkraft__mit_pc,control,0,0,0,9,-4,18,9,35,5,8,6,6,0,0
pc-82b78608-2161,urzeitliche_kolosse__ohne_pc,control,1,1,1,9,4,14,10,40,3,10,4,14,0,1
pc-ee9fb840-2162,forschung_muskelkraft__mit_pc,control,0,0,0,5,-1,10,5,13,1,4,1,6,0,0
pc-ee9fb840-2162,urzeitliche_kolosse__ohne_pc,control,1,1,1,5,4,10,5,15,0,5,0,11,0,0
pc-75524783-2163,forschung_muskelkraft__mit_pc,control,0,0,0,6,-2,14,6,19,1,5,2,9,0,0
pc-75524783-2163,urzeitliche_kolosse__ohne_pc,control,1,1,1,6,1,11,6,20,0,5,1,12,0,0
pc-76106593-2164,forschung_muskelkraft__mit_pc,control,0,1,0,6,7,14,7,20,1,5,3,10,0,0
pc-76106593-2164,urzeitliche_kolosse__ohne_pc,control,1,0,1,6,0,12,6,20,1,5,2,3,0,1
pc-fcc314d5-2165,forschung_muskelkraft__mit_pc,control,0,1,0,11,3,20,13,49,11,11,12,11,0,0
pc-fcc314d5-2165,urzeitliche_kolosse__ohne_pc,control,1,0,1,11,-1,16,14,53,4,13,6,7,0,0
pc-68ab270e-2166,forschung_muskelkraft__mit_pc,control,0,0,0,9,-1,18,11,40,5,10,3,7,0,0
pc-68ab270e-2166,urzeitliche_kolosse__ohne_pc,control,1,1,1,9,3,14,10,41,3,8,6,11,0,0
pc-ef5dd650-2167,forschung_muskelkraft__mit_pc,control,0,1,0,9,1,21,10,36,5,8,6,12,0,0
pc-ef5dd650-2167,urzeitliche_kolosse__ohne_pc,control,1,0,1,9,-2,14,12,39,4,11,3,9,0,0
pc-5b45e889-2168,forschung_muskelkraft__mit_pc,control,0,0,0,10,0,18,12,45,5,10,8,9,0,0
pc-5b45e889-2168,urzeitliche_kolosse__ohne_pc,control,1,1,1,10,1,15,11,45,3,10,6,10,0,2
pc-e1f897cb-2169,forschung_muskelkraft__mit_pc,control,0,1,0,9,4,17,9,33,3,8,9,10,0,0
pc-e1f897cb-2169,urzeitliche_kolosse__ohne_pc,control,1,0,1,9,0,13,11,40,4,10,4,6,0,0
pc-4de0aa04-2170,forschung_muskelkraft__mit_pc,control,0,0,0,8,-1,17,9,31,3,7,6,5,0,0
pc-4de0aa04-2170,urzeitliche_kolosse__ohne_pc,control,1,1,1,8,5,12,9,34,1,9,2,11,0,0
pc-d4935946-2171,forschung_muskelkraft__mit_pc,control,0,0,0,11,0,21,12,45,15,10,6,6,0,0
pc-d4935946-2171,urzeitliche_kolosse__ohne_pc,control,1,1,1,11,4,15,12,46,13,11,5,10,0,2
pc-aba57fa7-2172,forschung_muskelkraft__mit_pc,control,0,0,0,6,-4,13,5,18,3,4,2,0,0,0
pc-aba57fa7-2172,urzeitliche_kolosse__ohne_pc,control,1,1,1,6,10,11,6,19,1,5,1,14,0,0
pc-32580eea-2173,forschung_muskelkraft__mit_pc,control,0,0,0,4,0,10,4,9,1,3,0,0,0,0
pc-32580eea-2173,urzeitliche_kolosse__ohne_pc,control,1,1,1,4,10,9,4,9,0,3,0,10,0,0
pc-9e402122-2174,forschung_muskelkraft__mit_pc,control,0,1,0,12,4,23,15,54,17,13,13,13,0,0
pc-9e402122-2174,urzeitliche_kolosse__ohne_pc,control,1,0,1,12,-3,18,15,56,13,14,8,6,0,3
pc-24f2d065-2175,forschung_muskelkraft__mit_pc,control,0,0,0,9,-2,17,12,38,3,10,4,5,0,0
pc-24f2d065-2175,urzeitliche_kolosse__ohne_pc,control,1,1,1,9,5,15,10,39,2,9,6,12,0,1
pc-90dae29d-2176,forschung_muskelkraft__mit_pc,control,0,1,0,7,4,12,7,26,2,7,6,11,0,0
pc-90dae29d-2176,urzeitliche_kolosse__ohne_pc,control,1,0,1,7,-1,11,8,25,2,8,3,6,0,0
pc-178d91e0-2177,forschung_muskelkraft__mit_pc,control,0,1,0,7,4,17,8,25,1,6,5,12,0,0
pc-178d91e0-2177,urzeitliche_kolosse__ohne_pc,control,1,0,1,7,-2,11,9,25,2,8,3,6,0,1
pc-8375a418-2178,forschung_muskelkraft__mit_pc,control,0,1,0,9,1,19,10,36,6,8,7,12,0,0
pc-8375a418-2178,urzeitliche_kolosse__ohne_pc,control,1,0,1,9,-2,14,11,42,2,11,3,9,0,0
pc-0a28535b-2179,forschung_muskelkraft__mit_pc,control,0,0,0,8,-1,18,9,32,4,8,5,9,0,0
pc-0a28535b-2179,urzeitliche_kolosse__ohne_pc,control,1,1,1,8,1,12,9,31,2,9,4,11,0,2
pc-0ae6716b-2180,forschung_muskelkraft__mit_pc,control,0,0,0,6,-5,17,5,17,3,4,3,5,0,0
pc-0ae6716b-2180,urzeitliche_kolosse__ohne_pc,control,1,1,1,6,5,11,6,19,1,6,1,15,0,0
pc-919900ad-2181,forschung_muskelkraft__mit_pc,control,0,1,0,6,2,12,5,19,2,5,3,10,0,0
pc-919900ad-2181,urzeitliche_kolosse__ohne_pc,control,1,0,1,6,0,12,6,19,2,5,1,8,0,1
pc-fd8132e5-2182,forschung_muskelkraft__mit_pc,control,0,1,0,7,3,14,7,25,1,6,5,11,0,0
pc-fd8132e5-2182,urzeitliche_kolosse__ohne_pc,control,1,0,1,7,-1,12,7,24,4,7,3,7,0,0
pc-8433c228-2183,forschung_muskelkraft__mit_pc,control,0,1,0,6,6,14,5,18,2,5,4,12,0,0
pc-8433c228-2183,urzeitliche_kolosse__ohne_pc,control,1,0,1,6,-2,10,6,19,1,6,1,4,0,0
pc-f01bf460-2184,forschung_muskelkraft__mit_pc,control,0,1,0,9,6,17,9,35,6,7,8,16,0,0
pc-f01bf460-2184,urzeitliche_kolosse__ohne_pc,control,1,0,1,9,-6,15,11,43,2,10,2,4,0,0
pc-76ce83a3-2185,forschung_muskelkraft__mit_pc,control,0,1,0,6,5,15,7,20,1,5,3,10,0,0
pc-76ce83a3-2185,urzeitliche_kolosse__ohne_pc,control,1,0,1,6,0,11,5,17,3,5,1,5,0,0
pc-e2b6b5db-2186,forschung_muskelkraft__mit_pc,control,0,0,0,9,-3,15,11,43,2,10,6,4,0,0
pc-e2b6b5db-2186,urzeitliche_kolosse__ohne_pc,control,1,1,1,9,6,14,10,41,3,9,6,13,0,0
pc-6969451e-2187,forschung_muskelkraft__mit_pc,control,0,0,0,7,0,16,9,26,1,7,2,9,0,0
pc-6969451e-2187,urzeitliche_kolosse__ohne_pc,control,1,1,1,7,1,12,7,23,5,7,4,10,0,0
pc-407b6b7f-2188,forschung_muskelkraft__mit_pc,control,0,1,0,7,6,16,7,26,1,6,2,10,0,0
pc-407b6b7f-2188,urzeitliche_kolosse__ohne_pc,control,1,0,1,7,0,12,5,23,5,5,2,4,0,1
pc-c72e1ac1-2189,forschung_muskelkraft__mit_pc,control,0,0,0,11,0,21,15,55,11,13,8,5,0,0
pc-c72e1ac1-2189,urzeitliche_kolosse__ohne_pc,control,1,1,1,11,5,15,14,57,6,12,10,10,0,3
pc-33162cfa-2190,forschung_muskelkraft__mit_pc,control,0,1,0,7,4,15,5,21,6,4,2,10,0,0
pc-33162cfa-2190,urzeitliche_kolosse__ohne_pc,control,1,0,1,7,0,11,6,25,3,6,0,6,0,0
pc-b9c8dc3c-2191,forschung_muskelkraft__mit_pc,control,0,0,0,4,-1,9,1,4,6,1,0,0,0,0
pc-b9c8dc3c-2191,urzeitliche_kolosse__ohne_pc,control,1,1,1,4,10,9,3,8,1,3,0,11,0,0
pc-25b0ee75-2192,forschung_muskelkraft__mit_pc,control,0,1,0,6,2,12,6,18,3,4,4,10,0,0
pc-25b0ee75-2192,urzeitliche_kolosse__ohne_pc,control,1,0,1,6,0,12,6,19,1,5,0,8,0,0
pc-ac639db7-2193,forschung_muskelkraft__mit_pc,control,0,0,0,6,-1,13,7,20,1,5,1,5,0,0
pc-ac639db7-2193,urzeitliche_kolosse__ohne_pc,control,1,1,1,6,5,12,6,18,2,6,2,11,0,0
pc-184baff0-2194,forschung_muskelkraft__mit_pc,control,0,0,0,6,-2,12,5,18,3,4,2,4,0,0
pc-184baff0-2194,urzeitliche_kolosse__ohne_pc,control,1,1,1,6,6,11,5,16,2,5,2,12,0,0
pc-9efe5f32-2195,forschung_muskelkraft__mit_pc,control,0,1,0,10,4,22,13,45,10,11,9,12,0,0
pc-9efe5f32-2195,urzeitliche_kolosse__ohne_pc,control,1,0,1,10,-2,15,12,50,5,11,6,6,0,0
pc-9fbc7d42-2196,forschung_muskelkraft__mit_pc,control,0,0,0,9,0,13,9,36,6,7,5,6,0,0
pc-9fbc7d42-2196,urzeitliche_kolosse__ohne_pc,control,1,1,1,9,4,15,10,43,1,9,2,10,0,0
pc-266f0c85-2197,forschung_muskelkraft__mit_pc,control,0,1,0,7,3,12,7,24,2,5,2,10,0,0
pc-266f0c85-2197,urzeitliche_kolosse__ohne_pc,control,1,0,1,7,0,12,7,25,3,6,2,7,0,1
pc-92573ebd-2198,forschung_muskelkraft__mit_pc,control,0,0,0,4,-1,9,3,7,3,2,0,6,0,0
pc-92573ebd-2198,urzeitliche_kolosse__ohne_pc,control,1,1,1,4,4,8,4,9,0,4,0,11,0,0
pc-1909ce00-2199,forschung_muskelkraft__mit_pc,control,0,1,0,8,1,21,10,33,2,9,5,13,0,0
pc-1909ce00-2199,urzeitliche_kolosse__ohne_pc,control,1,0,1,8,-3,13,10,32,3,9,6,9,0,1
pc-afc45033-2200,forschung_muskelkraft__ohne_pc,control,0,0,1,6,-1,12,5,18,2,5,2,2,0,0
pc-afc45033-2200,urzeitliche_kolosse__mit_pc,control,1,1,0,6,8,10,7,20,1,7,3,11,0,0
pc-2911a0f1-2201,forschung_muskelkraft__ohne_pc,control,0,0,1,8,-1,17,10,32,3,8,5,2,0,0
pc-2911a0f1-2201,urzeitliche_kolosse__mit_pc,control,1,1,0,8,8,13,8,32,3,8,6,11,0,2
pc-bd298eb8-2202,forschung_muskelkraft__ohne_pc,control,0,1,1,6,6,13,6,19,2,5,2,11,0,0
pc-bd298eb8-2202,urzeitliche_kolosse__mit_pc,control,1,0,0,6,-1,9,7,20,1,6,1,4,0,1
pc-3676ff76-2203,forschung_muskelkraft__ohne_pc,control,0,0,1,8,-2,15,9,32,4,7,4,7,0,0
pc-3676ff76-2203,urzeitliche_kolosse__mit_pc,control,1,1,0,8,3,13,10,33,2,9,2,12,0,1
pc-ca8ecd3d-2204,forschung_muskelkraft__ohne_pc,control,0,0,1,9,-2,21,11,34,3,9,6,3,0,0
pc-ca8ecd3d-2204,urzeitliche_kolosse__mit_pc,control,1,1,0,9,7,15,10,39,5,9,4,12,0,0
pc-43dc3dfb-2205,forschung_muskelkraft__ohne_pc,control,0,1,1,15,3,22,18,67,46,16,13,9,0,0
pc-43dc3dfb-2205,urzeitliche_kolosse__mit_pc,control,1,0,0,15,0,20,18,67,42,17,12,6,0,2
pc-d7f40bc2-2206,forschung_muskelkraft__ohne_pc,control,0,0,1,3,-1,8,3,5,1,2,0,0,0,0
pc-d7f40bc2-2206,urzeitliche_kolosse__mit_pc,control,1,1,0,3,10,7,3,5,0,2,0,11,0,0
pc-51417c80-2207,forschung_muskelkraft__ohne_pc,control,0,1,1,14,5,23,19,69,22,17,11,11,0,0
pc-51417c80-2207,urzeitliche_kolosse__mit_pc,control,1,0,0,14,-1,19,16,58,33,16,13,5,0,4
pc-7a2f561f-2208,forschung_muskelkraft__ohne_pc,control,0,0,1,7,0,12,7,26,2,6,4,0,0,0
pc-7a2f561f-2208,urzeitliche_kolosse__mit_pc,control,1,1,0,7,10,11,8,28,0,8,3,10,0,2
pc-f37ca6dc-2209,forschung_muskelkraft__ohne_pc,control,0,1,1,8,4,17,7,29,4,7,6,11,0,0
pc-f37ca6dc-2209,urzeitliche_kolosse__mit_pc,control,1,0,0,8,-1,14,9,36,0,8,3,6,0,2
pc-879494a4-2210,forschung_muskelkraft__ohne_pc,control,0,1,1,8,1,17,11,35,1,9,6,13,0,0
pc-879494a4-2210,urzeitliche_kolosse__mit_pc,control,1,0,0,8,-3,13,10,35,0,9,4,9,0,0
pc-00e1e562-2211,forschung_muskelkraft__ohne_pc,control,0,0,1,10,-1,19,14,51,1,12,8,7,0,0
pc-00e1e562-2211,urzeitliche_kolosse__mit_pc,control,1,1,0,10,3,16,11,44,4,11,8,11,0,0
pc-94f9d329-2212,forschung_muskelkraft__ohne_pc,control,0,1,1,6,3,15,7,20,1,5,2,11,0,0
pc-94f9d329-2212,urzeitliche_kolosse__mit_pc,control,1,0,0,6,-1,11,5,18,3,5,2,7,0,1
pc-0e4723e7-2213,forschung_muskelkraft__ohne_pc,control,0,0,1,16,0,22,16,61,63,14,9,5,0,0
pc-0e4723e7-2213,urzeitliche_kolosse__mit_pc,control,1,1,0,16,4,21,15,65,55,14,10,9,0,1
pc-a25f11ae-2214,forschung_muskelkraft__ohne_pc,control,0,1,1,14,4,22,16,59,36,14,13,11,0,0
pc-a25f11ae-2214,urzeitliche_kolosse__mit_pc,control,1,0,0,14,-1,20,17,68,30,16,9,6,0,2
pc-1bac626c-2215,forschung_muskelkraft__ohne_pc,control,0,0,1,8,0,19,9,33,3,8,3,7,0,0
pc-1bac626c-2215,urzeitliche_kolosse__mit_pc,control,1,1,0,8,3,12,8,34,2,8,3,10,0,0
pc-449a5c0b-2216,forschung_muskelkraft__ohne_pc,control,0,0,1,7,-1,15,8,27,1,7,3,3,0,0
pc-449a5c0b-2216,urzeitliche_kolosse__mit_pc,control,1,1,0,7,7,12,8,28,0,7,3,11,0,0
pc-bde7acc8-2217,forschung_muskelkraft__ohne_pc,control,0,0,1,6,0,13,6,17,3,5,3,7,0,0
pc-bde7acc8-2217,urzeitliche_kolosse__mit_pc,control,1,1,0,6,3,11,6,18,2,6,2,10,0,0
pc-51ff9a90-2218,forschung_muskelkraft__ohne_pc,control,0,0,1,3,0,11,2,3,1,1,0,2,0,0
pc-51ff9a90-2218,urzeitliche_kolosse__mit_pc,control,1,1,0,3,8,8,3,6,0,2,0,10,0,0
pc-cb4ceb4d-2219,forschung_muskelkraft__ohne_pc,control,0,0,1,6,-1,12,5,19,2,5,1,3,0,0
pc-cb4ceb4d-2219,urzeitliche_kolosse__mit_pc,control,1,1,0,6,7,11,5,19,2,5,3,11,0,0
pc-5f64d915-2220,forschung_muskelkraft__ohne_pc,control,0,0,1,8,0,17,10,33,1,8,5,8,0,0
pc-5f64d915-2220,urzeitliche_kolosse__mit_pc,control,1,1,0,8,2,13,8,32,4,8,5,10,0,1
pc-d8b229d2-2221,forschung_muskelkraft__ohne_pc,control,0,1,1,9,1,19,11,38,3,9,9,12,0,0
pc-d8b229d2-2221,urzeitliche_kolosse__mit_pc,control,1,0,0,9,-2,15,12,44,0,11,4,9,0,0
pc-6cca179a-2222,forschung_muskelkraft__ohne_pc,control,0,1,1,7,6,14,7,26,2,7,4,13,0,0
pc-6cca179a-2222,urzeitliche_kolosse__mit_pc,control,1,0,0,7,-3,13,6,22,3,6,2,4,0,1
pc-e6176857-2223,forschung_muskelkraft__ohne_pc,control,0,0,1,8,0,17,9,31,4,7,8,8,0,0
pc-e6176857-2223,urzeitliche_kolosse__mit_pc,control,1,1,0,8,2,13,11,32,4,10,3,10,0,1
pc-0f0541f7-2224,forschung_muskelkraft__ohne_pc,control,0,0,1,8,-1,18,9,32,3,8,2,7,0,0
pc-0f0541f7-2224,urzeitliche_kolosse__mit_pc,control,1,1,0,8,3,13,7,32,3,7,4,11,0,0
pc-8852b2b4-2225,forschung_muskelkraft__ohne_pc,control,0,1,1,9,1,20,11,36,9,9,9,13,0,0
pc-8852b2b4-2225,urzeitliche_kolosse__mit_pc,control,1,0,0,9,-3,14,12,42,1,11,5,9,0,0
pc-1c6a807c-2226,forschung_muskelkraft__ohne_pc,control,0,1,1,8,4,16,7,29,4,6,3,13,0,0
pc-1c6a807c-2226,urzeitliche_kolosse__mit_pc,control,1,0,0,8,-3,13,7,32,4,7,3,6,0,0
pc-95b7f139-2227,forschung_muskelkraft__ohne_pc,control,0,1,1,8,3,16,9,32,1,7,6,10,0,0
pc-95b7f139-2227,urzeitliche_kolosse__mit_pc,control,1,0,0,8,0,13,9,34,2,9,3,7,0,1
pc-29cfdf01-2228,forschung_muskelkraft__ohne_pc,control,0,0,1,7,-1,16,8,26,2,6,3,0,0,0
pc-29cfdf01-2228,urzeitliche_kolosse__mit_pc,control,1,1,0,7,10,12,7,27,1,7,3,11,0,1
pc-a31d2fbe-2229,forschung_muskelkraft__ohne_pc,control,0,1,1,8,7,16,8,29,4,7,3,12,0,0
pc-a31d2fbe-2229,urzeitliche_kolosse__mit_pc,control,1,0,0,8,-2,15,6,32,4,6,4,3,0,2
pc-37351d86-2230,forschung_muskelkraft__ohne_pc,control,0,0,1,5,0,14,5,14,1,4,2,0,0,0
pc-37351d86-2230,urzeitliche_kolosse__mit_pc,control,1,1,0,5,10,9,5,11,0,4,2,10,0,0
pc-b0826e43-2231,forschung_muskelkraft__ohne_pc,control,0,1,1,10,1,21,13,47,3,11,6,11,0,0
pc-b0826e43-2231,urzeitliche_kolosse__mit_pc,control,1,0,0,10,-1,16,11,43,7,10,6,9,0,3
pc-86185884-2232,forschung_muskelkraft__ohne_pc,control,0,0,1,7,-1,16,7,26,2,6,2,4,0,0
pc-86185884-2232,urzeitliche_kolosse__mit_pc,control,1,1,0,7,6,11,7,27,1,6,3,11,0,0
pc-ff65a941-2233,forschung_muskelkraft__ohne_pc,control,0,1,1,7,7,16,8,26,2,7,3,10,0,0
pc-ff65a941-2233,urzeitliche_kolosse__mit_pc,control,1,0,0,7,0,13,7,26,2,7,3,3,0,1
pc-937d9709-2234,forschung_muskelkraft__ohne_pc,control,0,0,1,7,0,13,8,26,1,6,3,6,0,0
pc-937d9709-2234,urzeitliche_kolosse__mit_pc,control,1,1,0,7,4,13,6,26,2,6,5,10,0,3
pc-0ccae7c7-2235,forschung_muskelkraft__ohne_pc,control,0,1,1,7,6,12,9,27,1,7,4,10,0,0
pc-0ccae7c7-2235,urzeitliche_kolosse__mit_pc,control,1,0,0,7,0,13,7,22,6,7,3,4,0,0
pc-a0e2d58e-2236,forschung_muskelkraft__ohne_pc,control,0,0,1,9,0,20,11,38,3,10,5,0,0,0
pc-a0e2d58e-2236,urzeitliche_kolosse__mit_pc,control,1,1,0,9,10,13,9,43,1,9,5,10,0,0
pc-1a30264c-2237,forschung_muskelkraft__ohne_pc,control,0,0,1,8,0,18,9,27,1,7,6,9,0,0
pc-1a30264c-2237,urzeitliche_kolosse__mit_pc,control,1,1,0,8,1,13,10,30,2,9,2,10,0,0
pc-ae481413-2238,forschung_muskelkraft__ohne_pc,control,0,0,1,5,-1,14,5,14,1,4,1,2,0,0
pc-ae481413-2238,urzeitliche_kolosse__mit_pc,control,1,1,0,5,8,9,6,14,0,6,1,11,0,0
pc-279564d1-2239,forschung_muskelkraft__ohne_pc,control,0,0,1,6,-2,13,6,18,2,4,2,2,0,0
pc-279564d1-2239,urzeitliche_kolosse__mit_pc,control,1,1,0,6,8,12,6,18,3,6,0,12,0,0
pc-50835e70-2240,forschung_muskelkraft__ohne_pc,control,0,1,1,9,5,20,9,30,8,7,9,14,0,0
pc-50835e70-2240,urzeitliche_kolosse__mit_pc,control,1,0,0,9,-4,15,12,34,5,11,3,5,0,0
pc-c9d0af2d-2241,forschung_muskelkraft__ohne_pc,control,0,0,1,6,0,14,6,19,1,5,4,4,0,0
pc-c9d0af2d-2241,urzeitliche_kolosse__mit_pc,control,1,1,0,6,6,12,6,20,0,6,3,10,0,0
pc-5de89cf5-2242,forschung_muskelkraft__ohne_pc,control,0,0,1,10,-1,21,10,35,10,8,7,0,0,0
pc-5de89cf5-2242,urzeitliche_kolosse__mit_pc,control,1,1,0,10,10,16,11,45,4,10,3,11,0,0
pc-d735edb2-2243,forschung_muskelkraft__ohne_pc,control,0,1,1,7,6,14,9,25,2,7,5,10,0,0
pc-d735edb2-2243,urzeitliche_kolosse__mit_pc,control,1,0,0,7,0,11,8,23,3,7,3,4,0,1
pc-6b4ddb7a-2244,forschung_muskelkraft__ohne_pc,control,0,0,1,8,-1,18,9,32,4,8,3,5,0,0
pc-6b4ddb7a-2244,urzeitliche_kolosse__mit_pc,control,1,1,0,8,5,13,8,32,3,8,6,11,0,2
pc-e49b2c37-2245,forschung_muskelkraft__ohne_pc,control,0,0,1,11,-2,21,14,48,13,12,8,7,0,0
pc-e49b2c37-2245,urzeitliche_kolosse__mit_pc,control,1,1,0,11,3,16,13,58,5,12,7,12,0,4
pc-78b319ff-2246,forschung_muskelkraft__ohne_pc,control,0,0,1,6,0,13,7,20,1,5,1,2,0,0
pc-78b319ff-2246,urzeitliche_kolosse__mit_pc,control,1,1,0,6,8,11,5,20,1,5,2,10,0,1
pc-f2006abc-2247,forschung_muskelkraft__ohne_pc,control,0,0,1,5,0,12,5,14,1,4,2,7,0,0
pc-f2006abc-2247,urzeitliche_kolosse__mit_pc,control,1,1,0,5,3,8,5,14,1,4,1,10,0,0
pc-1aee445c-2248,forschung_muskelkraft__ohne_pc,control,0,1,1,6,5,11,6,19,1,5,1,11,0,0
pc-1aee445c-2248,urzeitliche_kolosse__mit_pc,control,1,0,0,6,-1,12,5,18,3,4,1,5,0,1
pc-943bb519-2249,forschung_muskelkraft__ohne_pc,control,0,1,1,7,4,17,9,27,1,7,2,11,0,0
pc-943bb519-2249,urzeitliche_kolosse__mit_pc,control,1,0,0,7,-1,12,7,26,2,6,3,6,0,0
pc-285382e1-2250,forschung_muskelkraft__ohne_pc,control,0,0,1,6,-1,14,6,20,1,5,3,3,0,0
pc-285382e1-2250,urzeitliche_kolosse__mit_pc,control,1,1,0,6,7,10,7,20,0,7,2,11,0,1
pc-a1a0f39e-2251,forschung_muskelkraft__ohne_pc,control,0,1,1,7,4,16,7,26,2,7,4,11,0,0
pc-a1a0f39e-2251,urzeitliche_kolosse__mit_pc,control,1,0,0,7,-1,11,7,25,3,7,2,6,0,0
pc-35b8c166-2252,forschung_muskelkraft__ohne_pc,control,0,0,1,8,0,18,9,31,3,7,3,6,0,0
pc-35b8c166-2252,urzeitliche_kolosse__mit_pc,control,1,1,0,8,4,13,8,33,3,7,2,10,0,0
pc-af063223-2253,forschung_muskelkraft__ohne_pc,control,0,1,1,8,7,19,9,32,1,8,4,15,0,0
pc-af063223-2253,urzeitliche_kolosse__mit_pc,control,1,0,0,8,-5,14,7,30,6,7,5,3,0,1
pc-431e1feb-2254,forschung_muskelkraft__ohne_pc,control,0,0,1,5,0,14,5,14,1,4,3,8,0,0
pc-431e1feb-2254,urzeitliche_kolosse__mit_pc,control,1,1,0,5,2,9,5,14,1,5,0,10,0,1
pc-bc6b70a8-2255,forschung_muskelkraft__ohne_pc,control,0,1,1,6,6,14,6,19,1,5,5,11,0,0
pc-bc6b70a8-2255,urzeitliche_kolosse__mit_pc,control,1,0,0,6,-1,11,6,18,2,6,0,4,0,0
pc-e5594a47-2256,forschung_muskelkraft__ohne_pc,control,0,0,1,8,-2,17,10,33,2,8,7,5,0,0
pc-e5594a47-2256,urzeitliche_kolosse__mit_pc,control,1,1,0,8,5,13,10,33,2,10,5,12,0,1
pc-5ea6bb05-2257,forschung_muskelkraft__ohne_pc,control,0,0,1,4,0,10,3,8,2,3,0,0,0,0
pc-5ea6bb05-2257,urzeitliche_kolosse__mit_pc,control,1,1,0,4,10,10,4,10,0,3,1,10,0,0
pc-f2be88cc-2258,forschung_muskelkraft__ohne_pc,control,0,1,1,15,1,23,14,50,59,12,14,14,0,0
pc-f2be88cc-2258,urzeitliche_kolosse__mit_pc,control,1,0,0,15,-4,21,18,67,42,17,7,9,0,5
pc-6c0bf98a-2259,forschung_muskelkraft__ohne_pc,control,0,1,1,13,1,23,16,55,28,14,15,13,0,0
pc-6c0bf98a-2259,urzeitliche_kolosse__mit_pc,control,1,0,0,13,-3,19,16,63,18,15,12,9,0,2
pc-0023c752-2260,forschung_muskelkraft__ohne_pc,control,0,0,1,8,-2,20,10,34,2,9,4,4,0,0
pc-0023c752-2260,urzeitliche_kolosse__mit_pc,control,1,1,0,8,6,13,8,35,1,8,5,12,0,2
pc-7971380f-2261,forschung_muskelkraft__ohne_pc,control,0,1,1,9,1,20,10,38,4,9,7,10,0,0
pc-7971380f-2261,urzeitliche_kolosse__mit_pc,control,1,0,0,9,0,16,9,36,7,9,4,9,0,0
pc-0d8905d7-2262,forschung_muskelkraft__ohne_pc,control,0,0,1,10,-3,20,13,44,7,11,10,6,0,0
pc-0d8905d7-2262,urzeitliche_kolosse__mit_pc,control,1,1,0,10,4,14,13,48,4,13,7,13,0,0
pc-86d67694-2263,forschung_muskelkraft__ohne_pc,control,0,0,1,6,0,17,5,18,2,5,4,6,0,0
pc-86d67694-2263,urzeitliche_kolosse__mit_pc,control,1,1,0,6,4,11,6,19,2,6,2,10,0,0
pc-5c6c40d5-2264,forschung_muskelkraft__ohne_pc,control,0,1,1,8,4,17,8,31,2,8,6,12,0,0
pc-5c6c40d5-2264,urzeitliche_kolosse__mit_pc,control,1,0,0,8,-2,13,9,33,3,9,4,6,0,0
pc-d5b9b192-2265,forschung_muskelkraft__ohne_pc,control,0,0,1,10,-2,19,11,39,15,9,10,8,0,0
pc-d5b9b192-2265,urzeitliche_kolosse__mit_pc,control,1,1,0,10,2,15,13,43,6,12,4,12,0,1
pc-69d19f5a-2266,forschung_muskelkraft__ohne_pc,control,0,0,1,9,-2,18,11,42,3,10,6,8,0,0
pc-69d19f5a-2266,urzeitliche_kolosse__mit_pc,control,1,1,0,9,2,14,10,39,5,10,6,12,0,2
pc-e31ef017-2267,forschung_muskelkraft__ohne_pc,control,0,1,1,8,5,19,10,33,1,8,4,14,0,0
pc-e31ef017-2267,urzeitliche_kolosse__mit_pc,control,1,0,0,8,-4,14,8,32,4,8,4,5,0,0
pc-7736dddf-2268,forschung_muskelkraft__ohne_pc,control,0,0,1,6,0,12,6,19,2,5,2,7,0,0
pc-7736dddf-2268,urzeitliche_kolosse__mit_pc,control,1,1,0,6,3,11,7,21,0,7,1,10,0,0
pc-f0842e9c-2269,forschung_muskelkraft__ohne_pc,control,0,1,1,6,1,12,6,18,1,5,2,10,0,0
pc-f0842e9c-2269,urzeitliche_kolosse__mit_pc,control,1,0,0,6,0,10,5,18,2,5,2,9,0,1
pc-849c1c64-2270,forschung_muskelkraft__ohne_pc,control,0,0,1,4,-1,10,4,9,1,3,1,2,0,0
pc-849c1c64-2270,urzeitliche_kolosse__mit_pc,control,1,1,0,4,8,9,4,10,0,4,1,11,0,0
pc-fde96d21-2271,forschung_muskelkraft__ohne_pc,control,0,1,1,8,5,17,8,30,3,7,4,11,0,0
pc-fde96d21-2271,urzeitliche_kolosse__mit_pc,control,1,0,0,8,-1,14,6,32,4,6,4,5,0,2
pc-26d746c1-2272,forschung_muskelkraft__ohne_pc,control,0,1,1,6,6,12,5,19,2,5,4,11,0,0
pc-26d746c1-2272,urzeitliche_kolosse__mit_pc,control,1,0,0,6,-1,9,6,18,1,6,1,4,0,0
pc-a024b77e-2273,forschung_muskelkraft__ohne_pc,control,0,0,1,5,-1,13,4,13,2,4,0,0,0,0
pc-a024b77e-2273,urzeitliche_kolosse__mit_pc,control,1,1,0,5,10,10,4,14,1,4,1,11,0,0
pc-343c8546-2274,forschung_muskelkraft__ohne_pc,control,0,0,1,10,-2,20,11,40,10,9,9,7,0,0
pc-343c8546-2274,urzeitliche_kolosse__mit_pc,control,1,1,0,10,3,16,13,42,7,12,4,12,0,1
pc-ad89f603-2275,forschung_muskelkraft__ohne_pc,control,0,0,1,3,-1,10,3,5,1,2,0,2,0,0
pc-ad89f603-2275,urzeitliche_kolosse__mit_pc,control,1,1,0,3,8,8,4,6,0,3,0,11,0,0
pc-41a1c3cb-2276,forschung_muskelkraft__ohne_pc,control,0,1,1,9,8,14,10,39,6,9,4,15,0,0
pc-41a1c3cb-2276,urzeitliche_kolosse__mit_pc,control,1,0,0,9,-5,15,8,41,3,8,5,2,0,0
pc-baef3488-2277,forschung_muskelkraft__ohne_pc,control,0,1,1,12,2,21,17,59,12,15,13,20,0,0
pc-baef3488-2277,urzeitliche_kolosse__mit_pc,control,1,0,0,12,-10,18,15,55,16,14,12,8,0,0
pc-4f070250-2278,forschung_muskelkraft__ohne_pc,control,0,1,1,13,1,22,15,59,27,13,12,16,0,0
pc-4f070250-2278,urzeitliche_kolosse__mit_pc,control,1,0,0,13,-6,17,16,62,24,15,10,9,0,0
pc-c854730d-2279,forschung_muskelkraft__ohne_pc,control,0,1,1,9,1,18,11,39,2,9,7,10,0,0
pc-c854730d-2279,urzeitliche_kolosse__mit_pc,control,1,0,0,9,0,14,11,42,3,10,5,9,0,0
pc-f1424cac-2280,forschung_muskelkraft__ohne_pc,control,0,0,1,10,-1,21,12,41,13,10,8,7,0,0
pc-f1424cac-2280,urzeitliche_kolosse__mit_pc,control,1,1,0,10,3,15,13,44,9,12,8,11,0,0
pc-6a8fbd6a-2281,forschung_muskelkraft__ohne_pc,control,0,1,1,10,2,22,10,36,9,8,6,10,0,0
pc-6a8fbd6a-2281,urzeitliche_kolosse__mit_pc,control,1,0,0,10,0,14,12,52,3,11,3,8,0,2
pc-fea78b31-2282,forschung_muskelkraft__ohne_pc,control,0,0,1,3,0,8,3,5,1,2,0,0,0,0
pc-fea78b31-2282,urzeitliche_kolosse__mit_pc,control,1,1,0,3,10,9,3,5,1,3,0,10,0,0
pc-77f4fbef-2283,forschung_muskelkraft__ohne_pc,control,0,0,1,9,-1,17,10,37,3,9,9,9,0,0
pc-77f4fbef-2283,urzeitliche_kolosse__mit_pc,control,1,1,0,9,1,15,10,38,1,10,6,11,0,2
pc-0c0cc9b7-2284,forschung_muskelkraft__ohne_pc,control,0,1,1,6,2,13,6,19,1,5,3,11,0,0
pc-0c0cc9b7-2284,urzeitliche_kolosse__mit_pc,control,1,0,0,6,-1,12,7,20,1,6,2,8,0,0
pc-855a3a74-2285,forschung_muskelkraft__ohne_pc,control,0,0,1,10,-3,21,13,47,4,11,7,7,0,0
pc-855a3a74-2285,urzeitliche_kolosse__mit_pc,control,1,1,0,10,3,15,12,45,8,11,6,13,0,1
pc-1972083c-2286,forschung_muskelkraft__ohne_pc,control,0,0,1,8,0,20,9,25,3,7,3,9,0,0
pc-1972083c-2286,urzeitliche_kolosse__mit_pc,control,1,1,0,8,1,12,7,31,4,7,2,10,0,0
pc-92bf78f9-2287,forschung_muskelkraft__ohne_pc,control,0,0,1,5,-4,13,2,9,6,2,1,0,0,0
pc-92bf78f9-2287,urzeitliche_kolosse__mit_pc,control,1,1,0,5,10,11,4,14,1,4,1,14,0,0
pc-bbad5298-2288,forschung_muskelkraft__ohne_pc,control,0,0,1,5,-1,11,5,14,1,4,3,4,0,0
pc-bbad5298-2288,urzeitliche_kolosse__mit_pc,control,1,1,0,5,6,10,5,15,0,5,0,11,0,0
pc-34faa356-2289,forschung_muskelkraft__ohne_pc,control,0,0,1,9,-3,16,13,43,2,11,5,6,0,0
pc-34faa356-2289,urzeitliche_kolosse__mit_pc,control,1,1,0,9,4,14,9,40,4,9,6,13,0,1
pc-c912911d-2290,forschung_muskelkraft__ohne_pc,control,0,0,1,7,0,18,7,25,3,6,3,0,0,0
pc-c912911d-2290,urzeitliche_kolosse__mit_pc,control,1,1,0,7,10,13,7,25,1,7,3,10,0,0
pc-425fe1db-2291,forschung_muskelkraft__ohne_pc,control,0,0,1,8,-2,16,10,35,1,9,2,7,0,0
pc-425fe1db-2291,urzeitliche_kolosse__mit_pc,control,1,1,0,8,3,13,7,28,0,7,4,12,0,1
pc-d677cfa2-2292,forschung_muskelkraft__ohne_pc,control,0,1,1,7,7,16,8,26,1,6,3,11,0,0
pc-d677cfa2-2292,urzeitliche_kolosse__mit_pc,control,1,0,0,7,-1,12,6,25,3,6,3,3,0,2
pc-4fc52060-2293,forschung_muskelkraft__ohne_pc,control,0,0,1,8,0,19,10,30,5,8,6,7,0,0
pc-4fc52060-2293,urzeitliche_kolosse__mit_pc,control,1,1,0,8,3,12,8,29,7,8,3,10,0,0
pc-e3dd0e27-2294,forschung_muskelkraft__ohne_pc,control,0,1,1,9,4,18,11,39,3,9,8,13,0,0
pc-e3dd0e27-2294,urzeitliche_kolosse__mit_pc,control,1,0,0,9,-3,13,11,43,1,10,6,6,0,0
pc-5d2a7ee5-2295,forschung_muskelkraft__ohne_pc,control,0,0,1,10,0,19,13,43,7,11,9,9,0,0
pc-5d2a7ee5-2295,urzeitliche_kolosse__mit_pc,control,1,1,0,10,1,15,12,50,4,12,7,10,0,0
pc-32c04926-2296,forschung_muskelkraft__ohne_pc,control,0,1,1,6,2,13,5,17,3,4,1,12,0,0
pc-32c04926-2296,urzeitliche_kolosse__mit_pc,control,1,0,0,6,-2,12,4,17,3,4,1,8,0,1
pc-ac0db9e3-2297,forschung_muskelkraft__ohne_pc,control,0,1,1,11,2,20,13,45,16,11,9,10,0,0
pc-ac0db9e3-2297,urzeitliche_kolosse__mit_pc,control,1,0,0,11,0,16,14,47,12,13,6,8,0,0
pc-402587ab-2298,forschung_muskelkraft__ohne_pc,control,0,0,1,8,0,17,8,25,3,6,4,8,0,0
pc-402587ab-2298,urzeitliche_kolosse__mit_pc,control,1,1,0,8,2,14,9,30,1,8,2,10,0,0
pc-b972f868-2299,forschung_muskelkraft__ohne_pc,control,0,0,1,10,0,17,12,48,6,10,8,0,0,0
pc-b972f868-2299,urzeitliche_kolosse__mit_pc,control,1,1,0,10,10,15,13,45,5,12,6,10,0,3
pc-13a46fc3-2300,forschung_muskelkraft__ohne_pc,control,0,1,0,9,1,17,10,38,3,9,8,15,0,0
pc-13a46fc3-2300,urzeitliche_kolosse__mit_pc,control,1,0,1,9,-5,13,10,37,6,9,5,9,0,2
pc-9a571f05-2301,forschung_muskelkraft__ohne_pc,control,0,1,0,7,10,15,7,25,2,6,4,11,0,0
pc-9a571f05-2301,urzeitliche_kolosse__mit_pc,control,1,0,1,7,-1,12,7,23,3,6,3,0,0,0
pc-063f313e-2302,forschung_muskelkraft__ohne_pc,control,0,0,0,9,-2,18,11,40,5,10,4,0,0,0
pc-063f313e-2302,urzeitliche_kolosse__mit_pc,control,1,1,1,9,10,14,9,40,3,8,5,12,0,0
pc-8cf1c080-2303,forschung_muskelkraft__ohne_pc,control,0,0,0,9,-1,21,12,40,2,10,5,7,0,0
pc-8cf1c080-2303,urzeitliche_kolosse__mit_pc,control,1,1,1,9,3,14,11,39,3,10,5,11,0,1
pc-f8d9f2b8-2304,forschung_muskelkraft__ohne_pc,control,0,1,0,7,4,14,7,25,1,6,4,11,0,0
pc-f8d9f2b8-2304,urzeitliche_kolosse__mit_pc,control,1,0,1,7,-1,11,6,24,4,6,3,6,0,0
pc-7f8c81fb-2305,forschung_muskelkraft__ohne_pc,control,0,1,0,8,7,19,9,31,4,8,5,10,0,0
pc-7f8c81fb-2305,urzeitliche_kolosse__mit_pc,control,1,0,1,8,0,13,8,33,3,7,3,3,0,0
pc-eb74b433-2306,forschung_muskelkraft__ohne_pc,control,0,0,0,11,-1,21,16,57,6,14,11,9,0,0
pc-eb74b433-2306,urzeitliche_kolosse__mit_pc,control,1,1,1,11,1,17,14,50,7,13,9,11,0,2
pc-72274376-2307,forschung_muskelkraft__ohne_pc,control,0,1,0,6,6,13,6,18,2,4,4,10,0,0
pc-72274376-2307,urzeitliche_kolosse__mit_pc,control,1,0,1,6,0,11,6,19,2,6,1,4,0,0
pc-493969d7-2308,forschung_muskelkraft__ohne_pc,control,0,0,0,8,-2,16,8,24,9,6,4,7,0,0
pc-493969d7-2308,urzeitliche_kolosse__mit_pc,control,1,1,1,8,3,13,7,33,2,7,1,12,0,0
pc-cfec1919-2309,forschung_muskelkraft__ohne_pc,control,0,1,0,8,1,18,8,30,5,7,6,11,0,0
pc-cfec1919-2309,urzeitliche_kolosse__mit_pc,control,1,0,1,8,-1,13,8,31,3,8,2,9,0,0
pc-3bd42b52-2310,forschung_muskelkraft__ohne_pc,control,0,0,0,6,-4,14,6,19,2,5,4,9,0,0
pc-3bd42b52-2310,urzeitliche_kolosse__mit_pc,control,1,1,1,6,1,11,7,21,0,6,2,14,0,0
pc-c286da94-2311,forschung_muskelkraft__ohne_pc,control,0,1,0,10,1,21,11,42,8,9,11,16,0,0
pc-c286da94-2311,urzeitliche_kolosse__mit_pc,control,1,0,1,10,-6,13,13,42,8,12,4,9,0,0
pc-2e6eeccd-2312,forschung_muskelkraft__ohne_pc,control,0,1,0,6,6,14,6,19,2,5,5,10,0,0
pc-2e6eeccd-2312,urzeitliche_kolosse__mit_pc,control,1,0,1,6,0,12,7,17,2,7,1,4,0,0
pc-b5219c0f-2313,forschung_muskelkraft__ohne_pc,control,0,1,0,9,4,20,10,36,5,8,5,13,0,0
pc-b5219c0f-2313,urzeitliche_kolosse__mit_pc,control,1,0,1,9,-3,14,9,39,5,9,4,6,0,0
pc-2109ae48-2314,forschung_muskelkraft__ohne_pc,control,0,1,0,7,4,15,7,24,2,6,6,14,0,0
pc-2109ae48-2314,urzeitliche_kolosse__mit_pc,control,1,0,1,7,-4,11,9,23,1,8,2,6,0,0
pc-a7bc5d8a-2315,forschung_muskelkraft__ohne_pc,control,0,1,0,8,2,17,10,32,2,8,5,12,0,0
pc-a7bc5d8a-2315,urzeitliche_kolosse__mit_pc,control,1,0,1,8,-2,13,9,36,0,8,3,8,0,0
pc-a87a7b9a-2316,forschung_muskelkraft__ohne_pc,control,0,0,0,9,-3,20,10,32,4,8,5,4,0,0
pc-a87a7b9a-2316,urzeitliche_kolosse__mit_pc,control,1,1,1,9,6,14,9,39,4,9,3,13,0,3
pc-2f2d0add-2317,forschung_muskelkraft__ohne_pc,control,0,0,0,4,-2,9,3,8,2,3,0,0,0,0
pc-2f2d0add-2317,urzeitliche_kolosse__mit_pc,control,1,1,1,4,10,10,4,10,0,4,1,12,0,0
pc-9b153d15-2318,forschung_muskelkraft__ohne_pc,control,0,0,0,6,0,12,5,17,4,4,2,5,0,0
pc-9b153d15-2318,urzeitliche_kolosse__mit_pc,control,1,1,1,6,5,10,7,21,0,6,1,10,0,0
pc-21c7cc58-2319,forschung_muskelkraft__ohne_pc,control,0,0,0,8,-1,19,9,31,4,7,3,9,0,0
pc-21c7cc58-2319,urzeitliche_kolosse__mit_pc,control,1,1,1,8,1,11,8,32,4,7,2,11,0,0
pc-8daffe90-2320,forschung_muskelkraft__ohne_pc,control,0,0,0,4,0,10,4,9,1,3,0,2,0,0
pc-8daffe90-2320,urzeitliche_kolosse__mit_pc,control,1,1,1,4,8,10,3,7,2,3,1,10,0,0
pc-14628dd3-2321,forschung_muskelkraft__ohne_pc,control,0,0,0,6,0,14,7,20,1,5,2,3,0,0
pc-14628dd3-2321,urzeitliche_kolosse__mit_pc,control,1,1,1,6,7,11,6,18,2,5,3,10,0,0
pc-804aa00b-2322,forschung_muskelkraft__ohne_pc,control,0,1,0,12,7,22,18,67,7,16,11,13,0,0
pc-804aa00b-2322,urzeitliche_kolosse__mit_pc,control,1,0,1,12,-3,17,15,56,13,14,11,3,0,0
pc-06fd4f4e-2323,forschung_muskelkraft__ohne_pc,control,0,0,0,5,0,10,5,14,1,4,3,5,0,0
pc-06fd4f4e-2323,urzeitliche_kolosse__mit_pc,control,1,1,1,5,5,11,6,15,0,5,1,10,0,0
pc-de0f75ae-2324,forschung_muskelkraft__ohne_pc,control,0,0,0,10,0,21,12,44,6,10,8,6,0,0
pc-de0f75ae-2324,urzeitliche_kolosse__mit_pc,control,1,1,1,10,4,16,11,43,6,10,5,10,0,0
pc-64c204f1-2325,forschung_muskelkraft__ohne_pc,control,0,0,0,8,0,19,9,32,3,8,2,8,0,0
pc-64c204f1-2325,urzeitliche_kolosse__mit_pc,control,1,1,1,8,2,13,5,29,7,5,3,10,0,3
pc-d0aa3729-2326,forschung_muskelkraft__ohne_pc,control,0,0,0,8,-2,16,10,34,1,9,7,4,0,0
pc-d0aa3729-2326,urzeitliche_kolosse__mit_pc,control,1,1,1,8,6,12,9,34,1,9,7,12,0,0
pc-575cc66c-2327,forschung_muskelkraft__ohne_pc,control,0,0,0,8,-3,16,7,24,9,6,3,9,0,0
pc-575cc66c-2327,urzeitliche_kolosse__mit_pc,control,1,1,1,8,1,13,7,33,3,7,1,13,0,1
pc-c344f8a4-2328,forschung_muskelkraft__ohne_pc,control,0,1,0,7,1,16,7,25,2,6,6,11,0,0
pc-c344f8a4-2328,urzeitliche_kolosse__mit_pc,control,1,0,1,7,-1,11,9,26,2,9,3,9,0,0
pc-49f787e7-2329,forschung_muskelkraft__ohne_pc,control,0,1,0,7,2,17,7,24,2,6,6,12,0,0
pc-49f787e7-2329,urzeitliche_kolosse__mit_pc,control,1,0,1,7,-2,12,8,24,4,8,2,8,0,0
pc-b5dfba1f-2330,forschung_muskelkraft__ohne_pc,control,0,0,0,9,-4,18,12,38,5,10,6,7,0,0
pc-b5dfba1f-2330,urzeitliche_kolosse__mit_pc,control,1,1,1,9,3,14,11,43,1,11,5,14,0,0
pc-3c924962-2331,forschung_muskelkraft__ohne_pc,control,0,1,0,12,5,21,15,52,18,13,12,10,0,0
pc-3c924962-2331,urzeitliche_kolosse__mit_pc,control,1,0,1,12,0,18,15,64,7,14,8,5,0,0
pc-e9f87813-2332,forschung_muskelkraft__ohne_pc,control,0,0,0,10,-1,20,15,52,2,13,9,4,0,0
pc-e9f87813-2332,urzeitliche_kolosse__mit_pc,control,1,1,1,10,6,15,13,47,5,12,9,11,0,4
pc-70ab0756-2333,forschung_muskelkraft__ohne_pc,control,0,0,0,3,-1,9,1,2,1,1,0,2,0,0
pc-70ab0756-2333,urzeitliche_kolosse__mit_pc,control,1,1,1,3,8,7,3,5,0,2,0,11,0,0
pc-dc93398e-2334,forschung_muskelkraft__ohne_pc,control,0,0,0,6,-1,14,5,18,2,5,2,0,0,0
pc-dc93398e-2334,urzeitliche_kolosse__mit_pc,control,1,1,1,6,10,12,5,20,1,5,3,11,0,0
pc-6345c8d1-2335,forschung_muskelkraft__ohne_pc,control,0,0,0,12,0,21,14,53,13,12,13,6,0,0
pc-6345c8d1-2335,urzeitliche_kolosse__mit_pc,control,1,1,1,12,4,18,15,55,15,14,7,10,0,2
pc-cf2dfb09-2336,forschung_muskelkraft__ohne_pc,control,0,0,0,9,-1,18,10,37,4,8,6,8,0,0
pc-cf2dfb09-2336,urzeitliche_kolosse__mit_pc,control,1,1,1,9,2,14,9,41,3,9,3,11,0,0
pc-55e08a4c-2337,forschung_muskelkraft__ohne_pc,control,0,0,0,6,-2,16,4,15,6,3,1,0,0,0
pc-55e08a4c-2337,urzeitliche_kolosse__mit_pc,control,1,1,1,6,10,11,6,17,1,6,1,12,0,0
pc-c1c8bc84-2338,forschung_muskelkraft__ohne_pc,control,0,1,0,8,10,18,10,34,1,8,3,14,0,0
pc-c1c8bc84-2338,urzeitliche_kolosse__mit_pc,control,1,0,1,8,-4,12,6,32,3,6,3,0,0,0
pc-487b4bc7-2339,forschung_muskelkraft__ohne_pc,control,0,1,0,6,4,16,7,19,1,6,3,10,0,0
pc-487b4bc7-2339,urzeitliche_kolosse__mit_pc,control,1,0,1,6,0,11,5,18,2,5,1,6,0,0
pc-1f8d7228-2340,forschung_muskelkraft__ohne_pc,control,0,0,0,9,0,20,11,37,4,9,5,3,0,0
pc-1f8d7228-2340,urzeitliche_kolosse__mit_pc,control,1,1,1,9,7,14,9,41,4,8,4,10,0,0
pc-a640016a-2341,forschung_muskelkraft__ohne_pc,control,0,1,0,6,3,15,6,19,2,5,2,12,0,0
pc-a640016a-2341,urzeitliche_kolosse__mit_pc,control,1,0,1,6,-2,12,5,17,3,5,2,7,0,0
pc-122833a3-2342,forschung_muskelkraft__ohne_pc,control,0,0,0,3,0,9,3,5,1,2,0,0,0,0
pc-122833a3-2342,urzeitliche_kolosse__mit_pc,control,1,1,1,3,10,8,3,6,0,2,0,10,0,0
pc-98dac2e5-2343,forschung_muskelkraft__ohne_pc,control,0,1,0,6,1,14,5,18,2,5,3,10,0,0
pc-98dac2e5-2343,urzeitliche_kolosse__mit_pc,control,1,0,1,6,0,12,6,20,1,6,3,9,0,0
pc-04c2f51e-2344,forschung_muskelkraft__ohne_pc,control,0,0,0,6,0,13,7,20,1,5,2,4,0,0
pc-04c2f51e-2344,urzeitliche_kolosse__mit_pc,control,1,1,1,6,6,11,7,20,0,6,2,10,0,1
pc-8b758460-2345,forschung_muskelkraft__ohne_pc,control,0,1,0,14,1,22,19,69,26,17,14,14,0,0
pc-8b758460-2345,urzeitliche_kolosse__mit_pc,control,1,0,1,14,-4,19,17,62,33,16,14,9,0,3
pc-f75db698-2346,forschung_muskelkraft__ohne_pc,control,0,1,0,7,4,13,7,24,4,6,4,10,0,0
pc-f75db698-2346,urzeitliche_kolosse__mit_pc,control,1,0,1,7,0,11,9,23,3,8,1,6,0,0
pc-7e1045db-2347,forschung_muskelkraft__ohne_pc,control,0,0,0,5,-2,13,4,12,3,3,0,3,0,0
pc-7e1045db-2347,urzeitliche_kolosse__mit_pc,control,1,1,1,5,7,9,4,12,1,4,0,12,0,0
pc-7ece63eb-2348,forschung_muskelkraft__ohne_pc,control,0,1,0,13,3,22,16,61,25,14,13,13,0,0
pc-7ece63eb-2348,urzeitliche_kolosse__mit_pc,control,1,0,1,13,-3,18,16,57,24,15,10,7,0,3
pc-0581132e-2349,forschung_muskelkraft__ohne_pc,control,0,0,0,9,-3,20,10,38,4,9,4,5,0,0
pc-0581132e-2349,urzeitliche_kolosse__mit_pc,control,1,1,1,9,5,15,10,39,3,9,4,13,0,0
pc-71692566-2350,forschung_muskelkraft__ohne_pc,control,0,1,0,15,4,22,18,67,38,16,15,13,0,0
pc-71692566-2350,urzeitliche_kolosse__mit_pc,control,1,0,1,15,-3,20,18,71,41,17,11,6,0,1
pc-f81bd4a8-2351,forschung_muskelkraft__ohne_pc,control,0,1,0,11,5,19,13,49,7,12,7,13,0,0
pc-f81bd4a8-2351,urzeitliche_kolosse__mit_pc,control,1,0,1,11,-3,17,11,53,9,11,7,5,0,0
pc-6403e6e1-2352,forschung_muskelkraft__ohne_pc,control,0,0,0,11,-3,19,15,54,11,13,8,9,0,0
pc-6403e6e1-2352,urzeitliche_kolosse__mit_pc,control,1,1,1,11,1,16,14,53,12,13,9,13,0,2
pc-eab69623-2353,forschung_muskelkraft__ohne_pc,control,0,0,0,6,-2,14,6,18,2,5,6,7,0,0
pc-eab69623-2353,urzeitliche_kolosse__mit_pc,control,1,1,1,6,3,10,7,20,1,7,2,12,0,0
pc-569ea85c-2354,forschung_muskelkraft__ohne_pc,control,0,1,0,11,2,23,15,57,6,13,10,12,0,0
pc-569ea85c-2354,urzeitliche_kolosse__mit_pc,control,1,0,1,11,-2,16,14,51,8,13,8,8,0,2
pc-dd51579e-2355,forschung_muskelkraft__ohne_pc,control,0,1,0,7,2,17,7,25,3,7,5,11,0,0
pc-dd51579e-2355,urzeitliche_kolosse__mit_pc,control,1,0,1,7,-1,13,8,26,2,8,2,8,0,0
pc-b4637dff-2356,forschung_muskelkraft__ohne_pc,control,0,1,0,9,1,20,11,40,5,10,6,10,0,0
pc-b4637dff-2356,urzeitliche_kolosse__mit_pc,control,1,0,1,9,0,15,11,42,2,10,6,9,0,0
pc-3b160d42-2357,forschung_muskelkraft__ohne_pc,control,0,1,0,9,2,19,9,31,5,8,8,10,0,0
pc-3b160d42-2357,urzeitliche_kolosse__mit_pc,control,1,0,1,9,0,14,12,42,3,11,3,8,0,0
pc-a6fe3f7a-2358,forschung_muskelkraft__ohne_pc,control,0,1,0,6,6,11,7,20,1,6,5,13,0,0
pc-a6fe3f7a-2358,urzeitliche_kolosse__mit_pc,control,1,0,1,6,-3,11,7,18,2,6,2,4,0,0
pc-2db0cebd-2359,forschung_muskelkraft__ohne_pc,control,0,0,0,7,-2,15,7,24,4,5,2,3,0,0
pc-2db0cebd-2359,urzeitliche_kolosse__mit_pc,control,1,1,1,7,7,12,7,26,0,6,2,12,0,2
pc-9998e0f5-2360,forschung_muskelkraft__ohne_pc,control,0,0,0,6,0,14,6,17,3,5,3,4,0,0
pc-9998e0f5-2360,urzeitliche_kolosse__mit_pc,control,1,1,1,6,6,12,6,21,0,5,2,10,0,0
pc-204b9038-2361,forschung_muskelkraft__ohne_pc,control,0,0,0,6,-1,14,6,19,1,5,4,3,0,0
pc-204b9038-2361,urzeitliche_kolosse__mit_pc,control,1,1,1,6,7,12,7,18,0,7,2,11,0,0
pc-8c33a270-2362,forschung_muskelkraft__ohne_pc,control,0,0,0,6,-1,15,6,20,1,5,3,7,0,0
pc-8c33a270-2362,urzeitliche_kolosse__mit_pc,control,1,1,1,6,3,11,7,20,1,6,2,11,0,0
pc-12e651b3-2363,forschung_muskelkraft__ohne_pc,control,0,0,0,11,-2,19,16,57,3,14,6,6,0,0
pc-12e651b3-2363,urzeitliche_kolosse__mit_pc,control,1,1,1,11,4,17,10,52,7,10,9,12,0,2
pc-66fc7f21-2364,forschung_muskelkraft__ohne_pc,control,0,0,0,9,-3,21,9,31,11,7,6,9,0,0
pc-66fc7f21-2364,urzeitliche_kolosse__mit_pc,control,1,1,1,9,1,14,10,40,4,9,2,13,0,0
pc-edaf0e63-2365,forschung_muskelkraft__ohne_pc,control,0,1,0,8,7,17,10,34,2,9,5,13,0,0
pc-edaf0e63-2365,urzeitliche_kolosse__mit_pc,control,1,0,1,8,-3,13,8,34,2,8,4,3,0,2
pc-5997209c-2366,forschung_muskelkraft__ohne_pc,control,0,1,0,8,2,18,9,31,3,7,5,10,0,0
pc-5997209c-2366,urzeitliche_kolosse__mit_pc,control,1,0,1,8,0,14,8,32,4,8,3,8,0,0
pc-e049cfde-2367,forschung_muskelkraft__ohne_pc,control,0,0,0,3,0,9,2,4,1,2,0,2,0,0
pc-e049cfde-2367,urzeitliche_kolosse__mit_pc,control,1,1,1,3,8,9,3,6,0,2,0,10,0,0
pc-4c31e217-2368,forschung_muskelkraft__ohne_pc,control,0,0,0,10,0,21,13,48,3,11,4,9,0,0
pc-4c31e217-2368,urzeitliche_kolosse__mit_pc,control,1,1,1,10,1,15,9,46,3,9,6,10,0,0
pc-d2e49159-2369,forschung_muskelkraft__ohne_pc,control,0,0,0,14,0,21,20,71,24,18,11,6,0,0
pc-d2e49159-2369,urzeitliche_kolosse__mit_pc,control,1,1,1,14,4,19,17,68,35,16,13,10,0,3
pc-3ecca392-2370,forschung_muskelkraft__ohne_pc,control,0,0,0,9,-3,16,12,43,2,11,5,5,0,0
pc-3ecca392-2370,urzeitliche_kolosse__mit_pc,control,1,1,1,9,5,14,10,40,3,9,6,13,0,0
pc-c57f52d4-2371,forschung_muskelkraft__ohne_pc,control,0,0,0,6,0,14,5,18,2,5,3,5,0,0
pc-c57f52d4-2371,urzeitliche_kolosse__mit_pc,control,1,1,1,6,5,11,7,18,2,6,3,10,0,0
pc-9c917935-2372,forschung_muskelkraft__ohne_pc,control,0,1,0,7,1,18,7,25,2,6,5,10,0,0
pc-9c917935-2372,urzeitliche_kolosse__mit_pc,control,1,0,1,7,0,12,7,27,1,6,3,9,0,0
pc-23440878-2373,forschung_muskelkraft__ohne_pc,control,0,0,0,11,-3,22,14,50,5,12,8,8,0,0
pc-23440878-2373,urzeitliche_kolosse__mit_pc,control,1,1,1,11,2,17,13,55,11,12,7,13,0,3
pc-8f2c3ab0-2374,forschung_muskelkraft__ohne_pc,control,0,1,0,9,2,18,11,40,4,10,5,11,0,0
pc-8f2c3ab0-2374,urzeitliche_kolosse__mit_pc,control,1,0,1,9,-1,13,8,40,4,8,6,8,0,2
pc-15dec9f3-2375,forschung_muskelkraft__ohne_pc,control,0,1,0,8,4,18,9,31,3,8,6,10,0,0
pc-15dec9f3-2375,urzeitliche_kolosse__mit_pc,control,1,0,1,8,0,13,8,35,1,8,3,6,0,0
pc-81c6fc2b-2376,forschung_muskelkraft__ohne_pc,control,0,0,0,9,-4,20,10,37,7,9,4,5,0,0
pc-81c6fc2b-2376,urzeitliche_kolosse__mit_pc,control,1,1,1,9,5,16,8,41,3,8,5,14,0,1
pc-08798b6e-2377,forschung_muskelkraft__ohne_pc,control,0,0,0,14,0,23,20,71,24,18,12,5,0,0
pc-08798b6e-2377,urzeitliche_kolosse__mit_pc,control,1,1,1,14,5,19,17,70,29,17,17,10,0,1
pc-7461bda6-2378,forschung_muskelkraft__ohne_pc,control,0,1,0,9,3,20,12,42,3,10,6,13,0,0
pc-7461bda6-2378,urzeitliche_kolosse__mit_pc,control,1,0,1,9,-3,15,10,41,3,10,6,7,0,3
pc-fb144ce8-2379,forschung_muskelkraft__ohne_pc,control,0,0,0,15,0,23,16,61,52,14,15,9,0,0
pc-fb144ce8-2379,urzeitliche_kolosse__mit_pc,control,1,1,1,15,1,20,18,71,42,17,9,10,0,1
pc-fbd26af8-2380,forschung_muskelkraft__ohne_pc,control,0,1,0,6,6,16,7,20,1,5,3,13,0,0
pc-fbd26af8-2380,urzeitliche_kolosse__mit_pc,control,1,0,1,6,-3,12,6,18,3,6,1,4,0,0
pc-82851a3b-2381,forschung_muskelkraft__ohne_pc,control,0,0,0,14,0,22,20,71,20,18,13,9,0,0
pc-82851a3b-2381,urzeitliche_kolosse__mit_pc,control,1,1,1,14,1,19,16,64,27,15,14,10,0,5
pc-ee6d2c73-2382,forschung_muskelkraft__ohne_pc,control,0,1,0,9,4,20,11,39,3,9,5,12,0,0
pc-ee6d2c73-2382,urzeitliche_kolosse__mit_pc,control,1,0,1,9,-2,14,8,34,10,8,5,6,0,0
pc-751fdbb6-2383,forschung_muskelkraft__ohne_pc,control,0,0,0,8,0,18,8,30,3,7,5,5,0,0
pc-751fdbb6-2383,urzeitliche_kolosse__mit_pc,control,1,1,1,8,5,13,8,35,1,8,2,10,0,1
pc-e107edee-2384,forschung_muskelkraft__ohne_pc,control,0,1,0,7,1,14,6,24,2,6,4,11,0,0
pc-e107edee-2384,urzeitliche_kolosse__mit_pc,control,1,0,1,7,-1,12,6,24,4,6,3,9,0,0
pc-67ba9d31-2385,forschung_muskelkraft__ohne_pc,control,0,0,0,9,-4,19,12,39,4,10,6,6,0,0
pc-67ba9d31-2385,urzeitliche_kolosse__mit_pc,control,1,1,1,9,4,12,10,44,0,10,6,14,0,1
pc-d3a2af69-2386,forschung_muskelkraft__ohne_pc,control,0,1,0,6,1,14,6,20,1,5,5,10,0,0
pc-d3a2af69-2386,urzeitliche_kolosse__mit_pc,control,1,0,1,6,0,12,6,18,2,5,3,9,0,0
pc-5a555eac-2387,forschung_muskelkraft__ohne_pc,control,0,0,0,6,0,15,5,18,2,5,3,7,0,0
pc-5a555eac-2387,urzeitliche_kolosse__mit_pc,control,1,1,1,6,3,11,6,20,0,6,2,10,0,0
pc-3167650d-2388,forschung_muskelkraft__ohne_pc,control,0,1,0,11,2,17,13,40,15,11,13,11,0,0
pc-3167650d-2388,urzeitliche_kolosse__mit_pc,control,1,0,1,11,-1,17,14,48,9,13,6,8,0,0
pc-b81a144f-2389,forschung_muskelkraft__ohne_pc,control,0,1,0,9,5,18,9,33,3,8,7,10,0,0
pc-b81a144f-2389,urzeitliche_kolosse__mit_pc,control,1,0,1,9,0,15,10,42,1,10,3,5,0,0
pc-24022688-2390,forschung_muskelkraft__ohne_pc,control,0,0,0,14,-1,24,19,69,24,17,13,7,0,0
pc-24022688-2390,urzeitliche_kolosse__mit_pc,control,1,1,1,14,3,19,17,70,23,16,17,11,0,2
pc-aab4d5ca-2391,forschung_muskelkraft__ohne_pc,control,0,1,0,4,6,7,4,9,1,3,0,11,0,0
pc-aab4d5ca-2391,urzeitliche_kolosse__mit_pc,control,1,0,1,4,-1,9,3,6,2,3,0,4,0,0
pc-169ce803-2392,forschung_muskelkraft__ohne_pc,control,0,0,0,8,-2,18,9,32,3,8,4,8,0,0
pc-169ce803-2392,urzeitliche_kolosse__mit_pc,control,1,1,1,8,2,13,7,32,4,7,3,12,0,2
pc-9d4f9745-2393,forschung_muskelkraft__ohne_pc,control,0,1,0,7,10,15,7,24,2,6,3,11,0,0
pc-9d4f9745-2393,urzeitliche_kolosse__mit_pc,control,1,0,1,7,-1,13,6,24,4,6,3,0,0,0
pc-0937a97e-2394,forschung_muskelkraft__ohne_pc,control,0,1,0,11,2,22,12,49,11,11,11,18,0,0
pc-0937a97e-2394,urzeitliche_kolosse__mit_pc,control,1,0,1,11,-8,16,14,52,11,13,8,8,0,1
pc-8fea58c0-2395,forschung_muskelkraft__ohne_pc,control,0,1,0,8,4,17,9,30,4,8,6,14,0,0
pc-8fea58c0-2395,urzeitliche_kolosse__mit_pc,control,1,0,1,8,-4,12,8,33,3,8,3,6,0,0
pc-3d506772-2396,forschung_muskelkraft__ohne_pc,control,0,1,0,10,1,21,10,33,12,8,12,15,0,0
pc-3d506772-2396,urzeitliche_kolosse__mit_pc,control,1,0,1,10,-5,14,13,47,6,13,4,9,0,1
pc-c40316b4-2397,forschung_muskelkraft__ohne_pc,control,0,0,0,14,0,21,19,69,26,17,14,9,0,0
pc-c40316b4-2397,urzeitliche_kolosse__mit_pc,control,1,1,1,14,1,18,17,64,31,17,13,10,0,0
pc-2feb28ed-2398,forschung_muskelkraft__ohne_pc,control,0,0,0,8,-2,13,10,32,3,8,5,6,0,0
pc-2feb28ed-2398,urzeitliche_kolosse__mit_pc,control,1,1,1,8,4,12,9,34,1,9,5,12,0,2
pc-b69dd82f-2399,forschung_muskelkraft__ohne_pc,control,0,0,0,9,-4,20,10,37,6,8,4,7,0,0
pc-b69dd82f-2399,urzeitliche_kolosse__mit_pc,control,1,1,1,9,3,14,9,39,1,9,3,14,0,1
pc-a91f02f2-2400,rudeljaeger__ohne_pc,control,0,1,1,8,8,12,8,25,5,7,6,11,0,3
pc-a91f02f2-2400,solidaritaet_ueberleben__ohne_pc,control,1,0,0,8,-1,12,9,29,5,9,3,2,0,0
pc-226c73b0-2401,rudeljaeger__ohne_pc,control,0,1,1,6,5,10,8,19,1,7,3,10,0,0
pc-226c73b0-2401,solidaritaet_ueberleben__ohne_pc,control,1,0,0,6,0,10,7,18,3,7,6,5,0,0
pc-9bb9c46d-2402,rudeljaeger__ohne_pc,control,0,0,1,10,-3,14,13,36,11,12,6,3,0,1
pc-9bb9c46d-2402,solidaritaet_ueberleben__ohne_pc,control,1,1,0,10,7,15,12,41,13,11,12,13,0,0
pc-1507352b-2403,rudeljaeger__ohne_pc,control,0,1,1,11,1,14,14,35,23,13,11,12,0,2
pc-1507352b-2403,solidaritaet_ueberleben__ohne_pc,control,1,0,0,11,-2,17,14,47,16,13,10,9,0,0
pc-8e5485e8-2404,rudeljaeger__ohne_pc,control,0,0,1,12,-2,17,15,37,30,14,10,8,0,0
pc-8e5485e8-2404,solidaritaet_ueberleben__ohne_pc,control,1,1,0,12,2,17,14,48,24,13,12,12,0,0
pc-07a1f6a6-2405,rudeljaeger__ohne_pc,control,0,1,1,5,10,9,7,15,0,5,2,12,0,0
pc-07a1f6a6-2405,solidaritaet_ueberleben__ohne_pc,control,1,0,0,5,-2,10,4,14,1,4,1,0,0,0
pc-80ef4763-2406,rudeljaeger__ohne_pc,control,0,0,1,8,-1,14,9,26,9,9,3,8,0,0
pc-80ef4763-2406,solidaritaet_ueberleben__ohne_pc,control,1,1,0,8,2,13,8,33,3,7,4,11,0,0
pc-fa3cb820-2407,rudeljaeger__ohne_pc,control,0,1,1,12,6,18,15,41,28,14,13,12,0,1
pc-fa3cb820-2407,solidaritaet_ueberleben__ohne_pc,control,1,0,0,12,-2,18,16,44,25,15,11,4,0,0
pc-deb41d06-2408,rudeljaeger__ohne_pc,control,0,0,1,9,0,14,12,30,11,11,7,9,0,1
pc-deb41d06-2408,solidaritaet_ueberleben__ohne_pc,control,1,1,0,9,1,14,11,37,6,10,8,10,0,0
pc-58016dc4-2409,rudeljaeger__ohne_pc,control,0,1,1,6,8,10,6,16,2,6,3,11,0,1
pc-58016dc4-2409,solidaritaet_ueberleben__ohne_pc,control,1,0,0,6,-1,10,6,18,3,6,1,2,0,0
pc-d14ede81-2410,rudeljaeger__ohne_pc,control,0,1,1,7,8,12,10,21,3,8,4,12,0,0
pc-d14ede81-2410,solidaritaet_ueberleben__ohne_pc,control,1,0,0,7,-2,12,7,25,2,7,4,2,0,0
pc-4a9c2f3f-2411,rudeljaeger__ohne_pc,control,0,0,1,8,-3,14,12,30,1,10,7,8,0,1
pc-4a9c2f3f-2411,solidaritaet_ueberleben__ohne_pc,control,1,1,0,8,2,12,10,32,2,10,5,13,0,0
pc-c3e99ffc-2412,rudeljaeger__ohne_pc,control,0,1,1,4,8,9,4,8,2,4,1,10,0,0
pc-c3e99ffc-2412,solidaritaet_ueberleben__ohne_pc,control,1,0,0,4,0,8,4,9,1,4,1,2,0,0
pc-3d36f0ba-2413,rudeljaeger__ohne_pc,control,0,1,1,8,10,12,11,29,1,10,8,12,0,0
pc-3d36f0ba-2413,solidaritaet_ueberleben__ohne_pc,control,1,0,0,8,-2,12,11,34,0,10,6,0,0,0
pc-b6844177-2414,rudeljaeger__ohne_pc,control,0,1,1,7,8,12,10,22,3,8,5,11,0,0
pc-b6844177-2414,solidaritaet_ueberleben__ohne_pc,control,1,0,0,7,-1,11,8,26,2,8,4,2,0,0
pc-2fd1b235-2415,rudeljaeger__ohne_pc,control,0,1,1,6,5,10,9,15,2,8,4,10,0,0
pc-2fd1b235-2415,solidaritaet_ueberleben__ohne_pc,control,1,0,0,6,0,10,7,19,2,7,7,5,0,0
pc-3df50eca-2416,rudeljaeger__ohne_pc,control,0,0,1,7,0,12,9,26,2,8,3,3,0,0
pc-3df50eca-2416,solidaritaet_ueberleben__ohne_pc,control,1,1,0,7,7,11,7,25,2,7,6,10,0,0
pc-b7427f87-2417,rudeljaeger__ohne_pc,control,0,1,1,6,5,10,6,17,1,6,3,12,0,0
pc-b7427f87-2417,solidaritaet_ueberleben__ohne_pc,control,1,0,0,6,-2,9,6,19,2,6,1,5,0,0
pc-308fd045-2418,rudeljaeger__ohne_pc,control,0,1,1,7,7,10,8,22,3,7,5,12,0,2
pc-308fd045-2418,solidaritaet_ueberleben__ohne_pc,control,1,0,0,7,-2,13,7,26,1,7,3,3,0,0
pc-a9dd2102-2419,rudeljaeger__ohne_pc,control,0,1,1,14,2,19,18,45,50,16,14,11,0,1
pc-a9dd2102-2419,solidaritaet_ueberleben__ohne_pc,control,1,0,0,14,-1,18,15,52,41,14,15,8,0,0
pc-232a91c0-2420,rudeljaeger__ohne_pc,control,0,1,1,6,7,10,5,18,1,5,5,10,0,0
pc-232a91c0-2420,solidaritaet_ueberleben__ohne_pc,control,1,0,0,6,0,11,6,21,0,6,4,3,0,0
pc-9c77e27d-2421,rudeljaeger__ohne_pc,control,0,1,1,4,10,7,4,8,0,4,1,11,0,0
pc-9c77e27d-2421,solidaritaet_ueberleben__ohne_pc,control,1,0,0,4,-1,7,3,8,1,3,1,0,0,0
pc-15c5533b-2422,rudeljaeger__ohne_pc,control,0,0,1,13,-3,18,17,43,39,15,11,2,0,0
pc-15c5533b-2422,solidaritaet_ueberleben__ohne_pc,control,1,1,0,13,8,18,16,53,25,15,13,13,0,0
pc-8f12a3f8-2423,rudeljaeger__ohne_pc,control,0,1,1,6,5,11,7,20,0,6,2,12,0,0
pc-8f12a3f8-2423,solidaritaet_ueberleben__ohne_pc,control,1,0,0,6,-2,10,6,20,1,6,2,5,0,0
pc-738a08de-2424,rudeljaeger__ohne_pc,control,0,1,1,13,4,18,16,39,42,15,15,10,0,2
pc-738a08de-2424,solidaritaet_ueberleben__ohne_pc,control,1,0,0,13,0,20,17,51,29,16,13,6,1,0
pc-ecd7799b-2425,rudeljaeger__ohne_pc,control,0,1,1,4,10,9,4,9,0,4,0,10,0,0
pc-ecd7799b-2425,solidaritaet_ueberleben__ohne_pc,control,1,0,0,4,0,9,2,7,3,2,3,0,0,0
pc-6624ca59-2426,rudeljaeger__ohne_pc,control,0,1,1,6,3,10,6,19,1,6,2,10,0,0
pc-6624ca59-2426,solidaritaet_ueberleben__ohne_pc,control,1,0,0,6,0,10,6,21,0,6,4,7,0,0
pc-df723b16-2427,rudeljaeger__ohne_pc,control,0,1,1,12,5,17,14,37,32,12,14,10,0,0
pc-df723b16-2427,solidaritaet_ueberleben__ohne_pc,control,1,0,0,12,0,16,15,44,27,15,8,5,0,0
pc-58bf8bd4-2428,rudeljaeger__ohne_pc,control,0,1,1,6,4,11,7,19,1,7,3,11,0,0
pc-58bf8bd4-2428,solidaritaet_ueberleben__ohne_pc,control,1,0,0,6,-1,11,6,19,1,6,3,6,0,0
pc-d20cfc91-2429,rudeljaeger__ohne_pc,control,0,1,1,14,1,18,18,50,46,17,16,11,0,0
pc-d20cfc91-2429,solidaritaet_ueberleben__ohne_pc,control,1,0,0,14,-1,18,17,53,43,16,15,9,1,0
pc-4b5a4d4f-2430,rudeljaeger__ohne_pc,control,0,0,1,10,-3,14,9,29,16,8,6,8,0,0
pc-4b5a4d4f-2430,solidaritaet_ueberleben__ohne_pc,control,1,1,0,10,2,15,12,43,6,11,4,13,1,0
pc-c4a7be0c-2431,rudeljaeger__ohne_pc,control,0,0,1,12,-4,15,15,37,33,13,11,9,0,0
pc-c4a7be0c-2431,solidaritaet_ueberleben__ohne_pc,control,1,1,0,12,1,16,15,44,25,14,9,14,2,0
pc-7f730b43-2432,rudeljaeger__ohne_pc,control,0,1,1,4,10,8,5,9,0,5,1,10,0,0
pc-7f730b43-2432,solidaritaet_ueberleben__ohne_pc,control,1,0,0,4,0,8,3,9,1,3,1,0,0,0
pc-f8c07c00-2433,rudeljaeger__ohne_pc,control,0,1,1,10,2,14,14,40,12,13,9,12,0,0
pc-f8c07c00-2433,solidaritaet_ueberleben__ohne_pc,control,1,0,0,10,-2,14,13,41,11,12,10,8,0,0
pc-720dccbe-2434,rudeljaeger__ohne_pc,control,0,1,1,16,4,21,15,46,74,13,15,7,0,0
pc-720dccbe-2434,solidaritaet_ueberleben__ohne_pc,control,1,0,0,16,0,20,19,58,66,18,11,3,0,0
pc-eb5b3d7b-2435,rudeljaeger__ohne_pc,control,0,0,1,15,-3,20,18,46,62,16,14,4,0,0
pc-eb5b3d7b-2435,solidaritaet_ueberleben__ohne_pc,control,1,1,0,15,6,19,18,60,47,17,13,13,1,0
pc-64a88e39-2436,rudeljaeger__ohne_pc,control,0,1,1,6,4,10,8,19,0,7,3,11,0,0
pc-64a88e39-2436,solidaritaet_ueberleben__ohne_pc,control,1,0,0,6,-1,9,7,18,3,6,4,6,0,0
pc-ddf5fef6-2437,rudeljaeger__ohne_pc,control,0,0,1,8,-1,11,11,28,4,10,4,8,0,0
pc-ddf5fef6-2437,solidaritaet_ueberleben__ohne_pc,control,1,1,0,8,2,14,8,30,4,8,8,11,0,0
pc-57434fb4-2438,rudeljaeger__ohne_pc,control,0,1,1,6,8,9,7,18,1,6,3,13,0,1
pc-57434fb4-2438,solidaritaet_ueberleben__ohne_pc,control,1,0,0,6,-3,9,6,20,1,6,2,2,0,0
pc-d090a071-2439,rudeljaeger__ohne_pc,control,0,1,1,6,10,10,5,16,2,5,4,12,0,0
pc-d090a071-2439,solidaritaet_ueberleben__ohne_pc,control,1,0,0,6,-2,11,5,19,2,5,2,0,0,0
pc-b5080557-2440,rudeljaeger__ohne_pc,control,0,0,1,8,-3,12,10,30,5,9,4,6,0,1
pc-b5080557-2440,solidaritaet_ueberleben__ohne_pc,control,1,1,0,8,4,13,8,33,3,7,6,13,0,0
pc-2e557615-2441,rudeljaeger__ohne_pc,control,0,1,1,11,2,16,14,37,26,13,12,11,0,0
pc-2e557615-2441,solidaritaet_ueberleben__ohne_pc,control,1,0,0,11,-1,15,14,41,17,14,11,8,0,0
pc-a7a2c6d2-2442,rudeljaeger__ohne_pc,control,0,1,1,6,10,12,8,21,0,8,4,11,0,0
pc-a7a2c6d2-2442,solidaritaet_ueberleben__ohne_pc,control,1,0,0,6,-1,11,6,20,1,6,5,0,0,0
pc-20f03790-2443,rudeljaeger__ohne_pc,control,0,0,1,8,0,11,11,27,3,10,5,5,0,0
pc-20f03790-2443,solidaritaet_ueberleben__ohne_pc,control,1,1,0,8,5,15,7,25,3,6,9,10,0,0
pc-9a3d884d-2444,rudeljaeger__ohne_pc,control,0,0,1,9,0,13,12,32,7,10,12,7,0,4
pc-9a3d884d-2444,solidaritaet_ueberleben__ohne_pc,control,1,1,0,9,3,14,13,35,6,13,10,10,0,0
pc-138af90b-2445,rudeljaeger__ohne_pc,control,0,0,1,8,-1,12,11,29,6,10,3,3,0,1
pc-138af90b-2445,solidaritaet_ueberleben__ohne_pc,control,1,1,0,8,7,13,8,28,2,8,8,11,0,0
pc-8cd849c8-2446,rudeljaeger__ohne_pc,control,0,0,1,8,-3,11,10,27,4,8,6,5,0,0
pc-8cd849c8-2446,solidaritaet_ueberleben__ohne_pc,control,1,1,0,8,5,12,10,32,3,9,4,13,0,0
pc-0625ba86-2447,rudeljaeger__ohne_pc,control,0,1,1,8,4,11,9,24,4,9,5,10,0,0
pc-0625ba86-2447,solidaritaet_ueberleben__ohne_pc,control,1,0,0,8,0,12,8,26,2,8,9,6,0,0
pc-1449171b-2448,rudeljaeger__ohne_pc,control,0,1,1,6,4,10,8,18,0,8,4,10,0,1
pc-1449171b-2448,solidaritaet_ueberleben__ohne_pc,control,1,0,0,6,0,10,6,20,1,5,5,6,0,0
pc-8d9667d8-2449,rudeljaeger__ohne_pc,control,0,0,1,12,-2,15,15,39,31,14,6,6,0,0
pc-8d9667d8-2449,solidaritaet_ueberleben__ohne_pc,control,1,1,0,12,4,18,10,38,33,9,11,12,0,0
pc-06e3d896-2450,rudeljaeger__ohne_pc,control,0,0,1,8,-1,12,11,24,6,9,4,5,0,0
pc-06e3d896-2450,solidaritaet_ueberleben__ohne_pc,control,1,1,0,8,5,14,9,29,4,8,6,11,0,0
pc-80312953-2451,rudeljaeger__ohne_pc,control,0,0,1,13,-4,18,16,44,36,14,11,9,0,4
pc-80312953-2451,solidaritaet_ueberleben__ohne_pc,control,1,1,0,13,1,19,15,48,33,14,11,14,0,0
pc-f97e9a10-2452,rudeljaeger__ohne_pc,control,0,0,1,11,0,16,15,38,22,13,6,7,0,0
pc-f97e9a10-2452,solidaritaet_ueberleben__ohne_pc,control,1,1,0,11,3,17,12,37,23,11,14,10,0,0
pc-72cbeace-2453,rudeljaeger__ohne_pc,control,0,1,1,7,3,11,9,23,3,8,5,12,0,2
pc-72cbeace-2453,solidaritaet_ueberleben__ohne_pc,control,1,0,0,7,-2,13,6,24,3,6,5,7,0,0
pc-ec195b8b-2454,rudeljaeger__ohne_pc,control,0,1,1,5,8,8,6,14,1,6,2,12,0,0
pc-ec195b8b-2454,solidaritaet_ueberleben__ohne_pc,control,1,0,0,5,-2,8,6,14,1,6,1,2,0,0
pc-6566ac49-2455,rudeljaeger__ohne_pc,control,0,1,1,13,1,17,14,43,40,12,16,10,0,0
pc-6566ac49-2455,solidaritaet_ueberleben__ohne_pc,control,1,0,0,13,0,18,17,49,34,17,7,9,2,0
pc-49de112f-2456,rudeljaeger__ohne_pc,control,0,1,1,4,10,8,5,10,0,4,3,12,0,0
pc-49de112f-2456,solidaritaet_ueberleben__ohne_pc,control,1,0,0,4,-2,9,4,9,1,4,2,0,0,0
pc-c32b61ec-2457,rudeljaeger__ohne_pc,control,0,1,1,15,3,21,19,52,54,17,15,9,0,1
pc-c32b61ec-2457,solidaritaet_ueberleben__ohne_pc,control,1,0,0,15,0,20,19,59,54,18,18,6,1,0
pc-3c78d2aa-2458,rudeljaeger__ohne_pc,control,0,1,1,8,8,13,12,30,3,11,5,11,0,0
pc-3c78d2aa-2458,solidaritaet_ueberleben__ohne_pc,control,1,0,0,8,-1,13,8,26,10,8,8,2,0,0
pc-b5c62367-2459,rudeljaeger__ohne_pc,control,0,1,1,6,7,9,8,19,2,7,1,10,0,0
pc-b5c62367-2459,solidaritaet_ueberleben__ohne_pc,control,1,0,0,6,0,12,5,18,2,5,5,3,0,0
pc-2f139425-2460,rudeljaeger__ohne_pc,control,0,1,1,15,4,20,19,49,61,17,19,13,0,3
pc-2f139425-2460,solidaritaet_ueberleben__ohne_pc,control,1,0,0,15,-3,21,19,60,49,19,15,6,1,0
pc-a860e4e2-2461,rudeljaeger__ohne_pc,control,0,0,1,12,-4,17,14,41,30,12,7,7,0,1
pc-a860e4e2-2461,solidaritaet_ueberleben__ohne_pc,control,1,1,0,12,3,17,11,41,25,10,10,14,0,0
pc-21ae55a0-2462,rudeljaeger__ohne_pc,control,0,0,1,7,0,12,10,26,2,8,2,6,0,0
pc-21ae55a0-2462,solidaritaet_ueberleben__ohne_pc,control,1,1,0,7,4,12,5,20,1,5,6,10,0,0
pc-9afba65d-2463,rudeljaeger__ohne_pc,control,0,0,1,12,-3,17,16,41,27,14,12,8,0,3
pc-9afba65d-2463,solidaritaet_ueberleben__ohne_pc,control,1,1,0,12,2,17,15,48,23,15,13,13,0,0
pc-55c71394-2464,rudeljaeger__ohne_pc,control,0,0,1,13,-1,18,17,46,33,15,12,5,0,0
pc-55c71394-2464,solidaritaet_ueberleben__ohne_pc,control,1,1,0,13,5,19,17,56,26,16,14,11,1,0
pc-cf146451-2465,rudeljaeger__ohne_pc,control,0,0,1,6,-1,11,9,20,1,7,3,4,0,0
pc-cf146451-2465,solidaritaet_ueberleben__ohne_pc,control,1,1,0,6,6,11,6,21,0,6,8,11,0,0
pc-4861d50f-2466,rudeljaeger__ohne_pc,control,0,1,1,9,4,13,12,34,6,11,7,13,0,2
pc-4861d50f-2466,solidaritaet_ueberleben__ohne_pc,control,1,0,0,9,-3,13,9,27,9,8,10,6,0,0
pc-c1af25cc-2467,rudeljaeger__ohne_pc,control,0,1,1,14,3,17,17,44,50,16,15,10,0,1
pc-c1af25cc-2467,solidaritaet_ueberleben__ohne_pc,control,1,0,0,14,0,18,17,57,41,16,13,7,0,0
pc-3afc968a-2468,rudeljaeger__ohne_pc,control,0,,1,15,0,19,17,45,63,15,15,9,0,0
pc-3afc968a-2468,solidaritaet_ueberleben__ohne_pc,control,1,,0,15,0,20,19,62,49,18,15,9,0,0
pc-b449e747-2469,rudeljaeger__ohne_pc,control,0,1,1,11,1,14,13,31,24,11,15,11,0,0
pc-b449e747-2469,solidaritaet_ueberleben__ohne_pc,control,1,0,0,11,-1,16,15,45,15,14,7,9,0,0
pc-2d975805-2470,rudeljaeger__ohne_pc,control,0,0,1,5,0,9,5,15,0,5,1,5,0,0
pc-2d975805-2470,solidaritaet_ueberleben__ohne_pc,control,1,1,0,5,5,10,5,15,0,5,4,10,0,0
pc-a6e4a8c2-2471,rudeljaeger__ohne_pc,control,0,0,1,7,-1,12,10,23,5,8,4,5,0,0
pc-a6e4a8c2-2471,solidaritaet_ueberleben__ohne_pc,control,1,1,0,7,5,13,8,27,1,8,6,11,0,0
pc-8b5c0da8-2472,rudeljaeger__ohne_pc,control,0,0,1,12,0,17,16,39,31,14,12,7,0,0
pc-8b5c0da8-2472,solidaritaet_ueberleben__ohne_pc,control,1,1,0,12,3,18,16,50,22,16,14,10,0,0
pc-04a97e66-2473,rudeljaeger__ohne_pc,control,0,0,1,8,-2,12,11,26,5,9,4,8,0,0
pc-04a97e66-2473,solidaritaet_ueberleben__ohne_pc,control,1,1,0,8,2,13,8,28,2,8,6,12,0,0
pc-7df6cf23-2474,rudeljaeger__ohne_pc,control,0,1,1,7,8,12,10,25,0,9,7,10,0,2
pc-7df6cf23-2474,solidaritaet_ueberleben__ohne_pc,control,1,0,0,7,0,11,10,25,3,10,5,2,0,0
pc-f7443fe0-2475,rudeljaeger__ohne_pc,control,0,1,1,7,5,11,9,24,1,9,5,11,0,0
pc-f7443fe0-2475,solidaritaet_ueberleben__ohne_pc,control,1,0,0,7,-1,11,7,24,3,7,6,5,0,0
pc-7091909e-2476,rudeljaeger__ohne_pc,control,0,1,1,4,10,7,4,9,0,4,1,11,0,0
pc-7091909e-2476,solidaritaet_ueberleben__ohne_pc,control,1,0,0,4,-1,8,3,9,1,3,1,0,0,0
pc-e9dee15b-2477,rudeljaeger__ohne_pc,control,0,1,1,13,5,17,17,46,38,15,15,11,0,0
pc-e9dee15b-2477,solidaritaet_ueberleben__ohne_pc,control,1,0,0,13,-1,17,17,53,31,16,12,5,0,0
pc-632c5219-2478,rudeljaeger__ohne_pc,control,0,1,1,4,8,7,3,9,1,3,1,10,0,0
pc-632c5219-2478,solidaritaet_ueberleben__ohne_pc,control,1,0,0,4,0,8,3,9,1,3,1,2,0,0
pc-dc79a2d6-2479,rudeljaeger__ohne_pc,control,0,0,1,8,-2,12,11,22,9,10,7,9,0,0
pc-dc79a2d6-2479,solidaritaet_ueberleben__ohne_pc,control,1,1,0,8,1,13,10,33,1,9,9,12,0,0
pc-ea9d1f6b-2480,rudeljaeger__ohne_pc,control,0,1,1,7,5,13,10,23,2,8,3,10,0,0
pc-ea9d1f6b-2480,solidaritaet_ueberleben__ohne_pc,control,1,0,0,7,0,13,8,27,1,7,6,5,1,0
pc-63ea7029-2481,rudeljaeger__ohne_pc,control,0,0,1,7,-4,12,10,21,3,8,3,9,0,0
pc-63ea7029-2481,solidaritaet_ueberleben__ohne_pc,control,1,1,0,7,1,11,7,25,0,6,6,14,0,0
pc-dd37c0e6-2482,rudeljaeger__ohne_pc,control,0,1,1,5,10,8,8,13,0,7,3,10,0,0
pc-dd37c0e6-2482,solidaritaet_ueberleben__ohne_pc,control,1,0,0,5,0,9,4,13,1,4,4,0,0,0
pc-568531a4-2483,rudeljaeger__ohne_pc,control,0,,1,15,0,21,17,47,58,16,18,9,0,1
pc-568531a4-2483,solidaritaet_ueberleben__ohne_pc,control,1,,0,15,0,21,19,62,48,18,14,9,0,0
pc-cfd28261-2484,rudeljaeger__ohne_pc,control,0,1,1,12,6,16,15,44,26,14,15,12,0,3
pc-cfd28261-2484,solidaritaet_ueberleben__ohne_pc,control,1,0,0,12,-2,17,16,49,22,15,12,4,0,0
pc-491ff31f-2485,rudeljaeger__ohne_pc,control,0,0,1,8,0,13,11,24,7,10,3,9,0,0
pc-491ff31f-2485,solidaritaet_ueberleben__ohne_pc,control,1,1,0,8,1,12,8,29,3,7,8,10,0,0
pc-c26d43dc-2486,rudeljaeger__ohne_pc,control,0,0,1,8,0,12,10,24,7,8,3,6,0,0
pc-c26d43dc-2486,solidaritaet_ueberleben__ohne_pc,control,1,1,0,8,4,13,8,33,3,7,4,10,0,0
pc-3bbab49a-2487,rudeljaeger__ohne_pc,control,0,1,1,15,3,19,18,50,58,16,15,11,0,2
pc-3bbab49a-2487,solidaritaet_ueberleben__ohne_pc,control,1,0,0,15,-1,20,19,59,48,18,14,7,0,0
pc-20321980-2488,rudeljaeger__ohne_pc,control,0,1,1,10,4,15,14,33,16,13,9,13,0,0
pc-20321980-2488,solidaritaet_ueberleben__ohne_pc,control,1,0,0,10,-3,16,11,36,9,10,13,6,0,0
pc-997f6a3d-2489,rudeljaeger__ohne_pc,control,0,0,1,8,0,12,11,26,5,9,5,2,0,3
pc-997f6a3d-2489,solidaritaet_ueberleben__ohne_pc,control,1,1,0,8,8,12,9,28,2,9,6,10,0,0
pc-12ccdafb-2490,rudeljaeger__ohne_pc,control,0,0,1,11,-2,16,15,37,20,13,11,9,0,2
pc-12ccdafb-2490,solidaritaet_ueberleben__ohne_pc,control,1,1,0,11,1,15,12,41,19,12,9,12,0,0
pc-8c1a2bb8-2491,rudeljaeger__ohne_pc,control,0,0,1,8,-5,13,11,28,6,9,6,6,0,0
pc-8c1a2bb8-2491,solidaritaet_ueberleben__ohne_pc,control,1,1,0,8,4,12,10,29,3,9,8,15,0,0
pc-05679c76-2492,rudeljaeger__ohne_pc,control,0,0,1,14,-4,18,17,44,50,15,13,3,0,1
pc-05679c76-2492,solidaritaet_ueberleben__ohne_pc,control,1,1,0,14,7,19,16,56,43,15,14,14,0,0
pc-7eb4ed33-2493,rudeljaeger__ohne_pc,control,0,0,1,8,0,13,10,26,3,9,7,6,0,2
pc-7eb4ed33-2493,solidaritaet_ueberleben__ohne_pc,control,1,1,0,8,4,13,11,28,2,10,7,10,0,0
pc-f8025df0-2494,rudeljaeger__ohne_pc,control,0,0,1,13,-6,19,17,42,39,15,9,5,0,1
pc-f8025df0-2494,solidaritaet_ueberleben__ohne_pc,control,1,1,0,13,5,18,14,49,33,13,12,16,0,0
pc-714faeae-2495,rudeljaeger__ohne_pc,control,0,1,1,7,2,12,10,23,2,8,3,11,0,0
pc-714faeae-2495,solidaritaet_ueberleben__ohne_pc,control,1,0,0,7,-1,13,5,23,4,5,5,8,0,0
pc-2c1b1be5-2496,rudeljaeger__ohne_pc,control,0,0,1,8,0,12,11,28,4,10,1,6,0,0
pc-2c1b1be5-2496,solidaritaet_ueberleben__ohne_pc,control,1,1,0,8,4,13,7,25,3,6,6,10,0,0
pc-a5686ca2-2497,rudeljaeger__ohne_pc,control,0,1,1,4,6,7,4,8,1,4,1,10,0,0
pc-a5686ca2-2497,solidaritaet_ueberleben__ohne_pc,control,1,0,0,4,0,9,4,10,0,4,1,4,0,0
pc-1eb5dd60-2498,rudeljaeger__ohne_pc,control,0,0,1,6,0,11,6,20,1,6,3,9,0,0
pc-1eb5dd60-2498,solidaritaet_ueberleben__ohne_pc,control,1,1,0,6,1,11,6,20,1,6,5,10,0,0
pc-98032e1d-2499,rudeljaeger__ohne_pc,control,0,1,1,6,6,10,7,19,0,7,2,11,0,0
pc-98032e1d-2499,solidaritaet_ueberleben__ohne_pc,control,1,0,0,6,-1,11,6,18,3,5,3,4,0,0
pc-f13ef28c-2500,rudeljaeger__ohne_pc,control,0,0,0,10,0,15,13,33,15,12,9,7,0,0
pc-f13ef28c-2500,solidaritaet_ueberleben__ohne_pc,control,1,1,1,10,3,16,13,39,11,12,10,10,0,0
pc-77f181cf-2501,rudeljaeger__ohne_pc,control,0,1,0,6,5,10,9,20,0,8,5,10,0,0
pc-77f181cf-2501,solidaritaet_ueberleben__ohne_pc,control,1,0,1,6,0,11,6,19,0,6,6,5,0,0
pc-e3d9b407-2502,rudeljaeger__ohne_pc,control,0,0,0,7,0,11,8,24,4,8,3,5,0,0
pc-e3d9b407-2502,solidaritaet_ueberleben__ohne_pc,control,1,1,1,7,5,12,7,21,3,7,8,10,0,0
pc-6a8c434a-2503,rudeljaeger__ohne_pc,control,0,0,0,9,-2,12,12,29,8,11,3,7,0,3
pc-6a8c434a-2503,solidaritaet_ueberleben__ohne_pc,control,1,1,1,9,3,14,9,33,7,8,9,12,6,0
pc-0c096f97-2504,rudeljaeger__ohne_pc,control,0,1,0,13,4,17,15,40,38,13,15,12,0,3
pc-0c096f97-2504,solidaritaet_ueberleben__ohne_pc,control,1,0,1,13,-2,19,17,47,35,16,8,6,0,0
pc-92bc1ed9-2505,rudeljaeger__ohne_pc,control,0,0,0,11,-3,16,15,40,16,14,14,4,0,4
pc-92bc1ed9-2505,solidaritaet_ueberleben__ohne_pc,control,1,1,1,11,6,18,15,50,11,15,11,13,0,0
pc-fea43111-2506,rudeljaeger__ohne_pc,control,0,1,0,6,2,10,6,18,1,6,2,11,0,1
pc-fea43111-2506,solidaritaet_ueberleben__ohne_pc,control,1,0,1,6,-1,10,5,20,1,5,3,8,0,0
pc-8556c054-2507,rudeljaeger__ohne_pc,control,0,1,0,10,1,16,13,40,12,12,14,11,0,3
pc-8556c054-2507,solidaritaet_ueberleben__ohne_pc,control,1,0,1,10,-1,18,14,47,5,14,8,9,0,0
pc-bba9f878-2508,rudeljaeger__ohne_pc,control,0,0,0,8,-2,14,11,30,3,10,4,6,0,0
pc-bba9f878-2508,solidaritaet_ueberleben__ohne_pc,control,1,1,1,8,4,12,7,27,3,7,9,12,0,0
pc-425c87bb-2509,rudeljaeger__ohne_pc,control,0,0,0,13,0,18,17,45,36,16,9,9,0,2
pc-425c87bb-2509,solidaritaet_ueberleben__ohne_pc,control,1,1,1,13,1,19,12,44,38,11,15,10,0,0
pc-ae44b9f3-2510,rudeljaeger__ohne_pc,control,0,1,0,4,10,7,5,9,0,4,1,11,0,0
pc-ae44b9f3-2510,solidaritaet_ueberleben__ohne_pc,control,1,0,1,4,-1,9,4,9,1,4,1,0,0,0
pc-34f74936-2511,rudeljaeger__ohne_pc,control,0,1,0,9,8,15,13,32,6,11,8,11,0,0
pc-34f74936-2511,solidaritaet_ueberleben__ohne_pc,control,1,0,1,9,-1,12,10,34,10,9,9,2,3,0
pc-d6747582-2512,rudeljaeger__ohne_pc,control,0,0,0,8,-4,11,11,30,4,9,4,3,0,0
pc-d6747582-2512,solidaritaet_ueberleben__ohne_pc,control,1,1,1,8,7,12,9,27,1,9,8,14,0,0
pc-5d2704c5-2513,rudeljaeger__ohne_pc,control,0,1,0,6,10,10,7,21,0,7,4,10,0,0
pc-5d2704c5-2513,solidaritaet_ueberleben__ohne_pc,control,1,0,1,6,0,10,6,19,2,6,2,0,0,0
pc-c90f36fd-2514,rudeljaeger__ohne_pc,control,0,0,0,15,0,21,18,48,60,17,15,5,0,0
pc-c90f36fd-2514,solidaritaet_ueberleben__ohne_pc,control,1,1,1,15,4,21,18,62,52,17,16,9,1,0
pc-4fc1c640-2515,rudeljaeger__ohne_pc,control,0,0,0,7,0,12,10,22,4,10,3,7,0,0
pc-4fc1c640-2515,solidaritaet_ueberleben__ohne_pc,control,1,1,1,7,3,12,7,23,2,7,7,10,0,0
pc-8614fe64-2516,rudeljaeger__ohne_pc,control,0,1,0,13,5,18,16,43,39,16,17,10,0,1
pc-8614fe64-2516,solidaritaet_ueberleben__ohne_pc,control,1,0,1,13,0,19,17,55,28,16,11,5,4,0
pc-0cc78da7-2517,rudeljaeger__ohne_pc,control,0,1,0,5,7,9,4,13,2,4,1,11,0,0
pc-0cc78da7-2517,solidaritaet_ueberleben__ohne_pc,control,1,0,1,5,-1,10,5,13,1,4,1,3,0,0
pc-78afbfdf-2518,rudeljaeger__ohne_pc,control,0,0,0,8,-1,11,11,27,5,10,3,5,0,0
pc-78afbfdf-2518,solidaritaet_ueberleben__ohne_pc,control,1,1,1,8,5,14,8,23,5,8,8,11,0,0
pc-ff624f21-2519,rudeljaeger__ohne_pc,control,0,0,0,7,0,11,10,22,2,8,3,8,0,0
pc-ff624f21-2519,solidaritaet_ueberleben__ohne_pc,control,1,1,1,7,2,10,7,24,2,7,6,10,0,0
pc-a0df7b6e-2520,rudeljaeger__ohne_pc,control,0,0,0,8,-3,12,11,25,8,9,4,8,0,0
pc-a0df7b6e-2520,solidaritaet_ueberleben__ohne_pc,control,1,1,1,8,2,11,8,29,4,8,9,13,0,0
pc-27920ab1-2521,rudeljaeger__ohne_pc,control,0,0,0,9,0,14,12,28,11,10,5,5,0,0
pc-27920ab1-2521,solidaritaet_ueberleben__ohne_pc,control,1,1,1,9,5,15,10,34,8,10,8,10,0,0
pc-937a3ce9-2522,rudeljaeger__ohne_pc,control,0,0,0,13,-4,17,17,48,31,15,13,9,0,2
pc-937a3ce9-2522,solidaritaet_ueberleben__ohne_pc,control,1,1,1,13,1,20,16,52,30,16,13,14,0,0
pc-1a2ccc2c-2523,rudeljaeger__ohne_pc,control,0,0,0,8,0,12,11,29,4,10,3,9,0,1
pc-1a2ccc2c-2523,solidaritaet_ueberleben__ohne_pc,control,1,1,1,8,1,14,8,27,1,8,7,10,0,0
pc-507fe450-2524,rudeljaeger__ohne_pc,control,0,1,0,5,10,10,5,13,0,5,1,11,0,0
pc-507fe450-2524,solidaritaet_ueberleben__ohne_pc,control,1,0,1,5,-1,8,4,13,2,4,4,0,0,0
pc-d7329392-2525,rudeljaeger__ohne_pc,control,0,1,0,5,10,9,5,14,0,5,3,13,0,0
pc-d7329392-2525,solidaritaet_ueberleben__ohne_pc,control,1,0,1,5,-3,9,5,14,0,5,2,0,0,0
pc-431aa5cb-2526,rudeljaeger__ohne_pc,control,0,0,0,8,0,12,11,27,4,9,3,8,0,1
pc-431aa5cb-2526,solidaritaet_ueberleben__ohne_pc,control,1,1,1,8,2,12,8,29,3,8,8,10,0,0
pc-c9cd550d-2527,rudeljaeger__ohne_pc,control,0,1,0,14,1,20,18,45,49,16,15,10,0,0
pc-c9cd550d-2527,solidaritaet_ueberleben__ohne_pc,control,1,0,1,14,0,20,18,59,37,17,13,9,0,0
pc-6b4a615a-2528,rudeljaeger__ohne_pc,control,0,0,0,13,0,18,16,41,42,14,11,4,0,2
pc-6b4a615a-2528,solidaritaet_ueberleben__ohne_pc,control,1,1,1,13,6,18,15,52,29,15,11,10,0,0
pc-f1fd109c-2529,rudeljaeger__ohne_pc,control,0,0,0,10,-1,15,13,30,17,11,5,9,0,0
pc-f1fd109c-2529,solidaritaet_ueberleben__ohne_pc,control,1,1,1,10,1,14,10,38,9,9,9,11,0,0
pc-5de522d5-2530,rudeljaeger__ohne_pc,control,0,1,0,11,4,16,15,39,20,14,8,12,0,0
pc-5de522d5-2530,solidaritaet_ueberleben__ohne_pc,control,1,0,1,11,-2,16,12,38,19,11,15,6,0,0
pc-e497d217-2531,rudeljaeger__ohne_pc,control,0,1,0,4,10,8,5,10,0,5,3,11,0,0
pc-e497d217-2531,solidaritaet_ueberleben__ohne_pc,control,1,0,1,4,-1,7,5,10,0,5,1,0,0,0
pc-c792fadd-2532,rudeljaeger__ohne_pc,control,0,0,0,11,-2,16,14,38,23,14,10,8,0,1
pc-c792fadd-2532,solidaritaet_ueberleben__ohne_pc,control,1,1,1,11,2,17,14,46,13,13,13,12,0,0
pc-4e458a20-2533,rudeljaeger__ohne_pc,control,0,0,0,8,-3,12,11,22,7,10,5,5,0,0
pc-4e458a20-2533,solidaritaet_ueberleben__ohne_pc,control,1,1,1,8,5,11,10,30,2,9,8,13,0,0
pc-ba2dbc58-2534,rudeljaeger__ohne_pc,control,0,0,0,11,-3,17,15,38,22,13,8,4,0,2
pc-ba2dbc58-2534,solidaritaet_ueberleben__ohne_pc,control,1,1,1,11,6,18,13,45,14,12,11,13,0,0
pc-40e04b9b-2535,rudeljaeger__ohne_pc,control,0,1,0,6,8,12,5,18,2,5,5,10,0,0
pc-40e04b9b-2535,solidaritaet_ueberleben__ohne_pc,control,1,0,1,6,0,11,7,18,2,7,1,2,0,0
pc-e25d77e7-2536,rudeljaeger__ohne_pc,control,0,1,0,6,10,11,7,17,0,7,2,10,0,0
pc-e25d77e7-2536,solidaritaet_ueberleben__ohne_pc,control,1,0,1,6,0,11,5,19,1,5,3,0,0,0
pc-6910072a-2537,rudeljaeger__ohne_pc,control,0,0,0,7,-2,10,8,25,3,8,2,5,0,1
pc-6910072a-2537,solidaritaet_ueberleben__ohne_pc,control,1,1,1,7,5,12,7,27,1,7,6,12,0,0
pc-d4f83962-2538,rudeljaeger__ohne_pc,control,0,0,0,12,-4,15,13,36,31,12,10,9,0,2
pc-d4f83962-2538,solidaritaet_ueberleben__ohne_pc,control,1,1,1,12,1,18,15,53,16,14,9,14,0,0
pc-5baac8a5-2539,rudeljaeger__ohne_pc,control,0,0,0,8,0,12,11,28,8,10,5,7,0,0
pc-5baac8a5-2539,solidaritaet_ueberleben__ohne_pc,control,1,1,1,8,3,14,9,34,2,9,6,10,0,0
pc-91fde0c9-2540,rudeljaeger__ohne_pc,control,0,0,0,13,-1,17,14,39,41,12,14,9,0,1
pc-91fde0c9-2540,solidaritaet_ueberleben__ohne_pc,control,1,1,1,13,1,19,17,52,28,16,9,11,0,0
pc-18b0900c-2541,rudeljaeger__ohne_pc,control,0,1,0,4,10,7,4,10,0,4,1,11,0,0
pc-18b0900c-2541,solidaritaet_ueberleben__ohne_pc,control,1,0,1,4,-1,9,3,8,2,3,0,0,0,0
pc-8498a244-2542,rudeljaeger__ohne_pc,control,0,0,0,13,-2,19,17,45,38,15,13,6,0,2
pc-8498a244-2542,solidaritaet_ueberleben__ohne_pc,control,1,1,1,13,4,18,16,51,29,15,13,12,0,0
pc-0b4b5187-2543,rudeljaeger__ohne_pc,control,0,1,0,13,1,16,12,35,46,12,14,11,0,3
pc-0b4b5187-2543,solidaritaet_ueberleben__ohne_pc,control,1,0,1,13,-1,18,15,50,28,14,9,9,0,0
pc-acc87dd3-2544,rudeljaeger__ohne_pc,control,0,0,0,8,-4,11,10,29,6,9,4,5,0,0
pc-acc87dd3-2544,solidaritaet_ueberleben__ohne_pc,control,1,1,1,8,5,12,9,31,3,8,5,14,0,0
pc-337b0d16-2545,rudeljaeger__ohne_pc,control,0,1,0,10,1,14,13,35,14,12,9,12,0,0
pc-337b0d16-2545,solidaritaet_ueberleben__ohne_pc,control,1,0,1,10,-2,14,12,40,7,12,9,9,0,0
pc-9f633f4e-2546,rudeljaeger__ohne_pc,control,0,0,0,8,0,12,11,25,9,9,4,7,0,0
pc-9f633f4e-2546,solidaritaet_ueberleben__ohne_pc,control,1,1,1,8,3,12,8,26,2,8,7,10,0,0
pc-2615ce91-2547,rudeljaeger__ohne_pc,control,0,0,0,9,-1,13,12,36,4,11,8,3,0,2
pc-2615ce91-2547,solidaritaet_ueberleben__ohne_pc,control,1,1,1,9,7,12,12,39,3,12,8,11,0,0
pc-5c68e6b5-2548,rudeljaeger__ohne_pc,control,0,1,0,8,3,12,10,28,3,9,8,12,0,2
pc-5c68e6b5-2548,solidaritaet_ueberleben__ohne_pc,control,1,0,1,8,-2,13,9,25,3,8,9,7,0,0
pc-e31b95f7-2549,rudeljaeger__ohne_pc,control,0,0,0,8,-1,13,8,24,9,7,3,2,0,1
pc-e31b95f7-2549,solidaritaet_ueberleben__ohne_pc,control,1,1,1,8,8,14,7,26,2,6,5,11,0,0
pc-4f03a830-2550,rudeljaeger__ohne_pc,control,0,0,0,9,0,15,13,34,7,11,9,7,0,0
pc-4f03a830-2550,solidaritaet_ueberleben__ohne_pc,control,1,1,1,9,3,13,12,39,3,12,10,10,0,0
pc-d5b65772-2551,rudeljaeger__ohne_pc,control,0,1,0,12,1,16,15,40,29,13,15,12,0,0
pc-d5b65772-2551,solidaritaet_ueberleben__ohne_pc,control,1,0,1,12,-2,18,15,51,23,15,11,9,0,0
pc-773363bf-2552,rudeljaeger__ohne_pc,control,0,0,0,9,-1,15,12,35,10,10,9,5,0,0
pc-773363bf-2552,solidaritaet_ueberleben__ohne_pc,control,1,1,1,9,5,14,12,35,8,12,7,11,0,0
pc-fde61301-2553,rudeljaeger__ohne_pc,control,0,0,0,9,0,15,12,34,6,11,5,7,0,1
pc-fde61301-2553,solidaritaet_ueberleben__ohne_pc,control,1,1,1,9,3,16,11,30,15,10,9,10,0,0
pc-69ce253a-2554,rudeljaeger__ohne_pc,control,0,0,0,9,0,13,13,34,7,11,2,4,0,1
pc-69ce253a-2554,solidaritaet_ueberleben__ohne_pc,control,1,1,1,9,6,14,8,25,14,7,8,10,0,0
pc-f080d47c-2555,rudeljaeger__ohne_pc,control,0,0,0,11,0,16,14,35,22,12,7,2,0,0
pc-f080d47c-2555,solidaritaet_ueberleben__ohne_pc,control,1,1,1,11,8,17,11,36,25,10,11,10,0,0
pc-26d3eca1-2556,rudeljaeger__ohne_pc,control,0,0,0,10,-2,16,13,34,15,13,6,6,0,1
pc-26d3eca1-2556,solidaritaet_ueberleben__ohne_pc,control,1,1,1,10,4,14,10,29,16,10,13,12,0,0
pc-ad869be3-2557,rudeljaeger__ohne_pc,control,0,1,0,15,4,21,19,50,58,17,18,9,0,3
pc-ad869be3-2557,solidaritaet_ueberleben__ohne_pc,control,1,0,1,15,0,20,19,60,50,18,13,5,0,0
pc-196eae1c-2558,rudeljaeger__ohne_pc,control,0,1,0,11,1,15,13,34,23,12,11,12,0,0
pc-196eae1c-2558,solidaritaet_ueberleben__ohne_pc,control,1,0,1,11,-2,16,15,50,11,14,9,9,0,0
pc-a0215d5e-2559,rudeljaeger__ohne_pc,control,0,1,0,14,1,17,17,43,51,15,15,10,0,0
pc-a0215d5e-2559,solidaritaet_ueberleben__ohne_pc,control,1,0,1,14,0,19,18,54,39,17,15,9,1,0
pc-419e69ab-2560,rudeljaeger__ohne_pc,control,0,0,0,13,0,18,17,41,39,15,10,4,0,0
pc-419e69ab-2560,solidaritaet_ueberleben__ohne_pc,control,1,1,1,13,6,18,15,51,37,14,13,10,0,0
pc-c85118ed-2561,rudeljaeger__ohne_pc,control,0,0,0,10,-3,14,12,30,16,12,13,7,0,0
pc-c85118ed-2561,solidaritaet_ueberleben__ohne_pc,control,1,1,1,10,3,17,14,45,5,14,10,13,0,0
pc-34392b26-2562,rudeljaeger__ohne_pc,control,0,1,0,5,10,8,6,15,0,5,1,10,0,0
pc-34392b26-2562,solidaritaet_ueberleben__ohne_pc,control,1,0,1,5,0,10,5,14,1,5,3,0,0,0
pc-baebda68-2563,rudeljaeger__ohne_pc,control,0,1,0,16,5,21,20,53,68,18,16,10,0,1
pc-baebda68-2563,solidaritaet_ueberleben__ohne_pc,control,1,0,1,16,-1,24,20,64,62,19,17,4,1,0
pc-4496e1eb-2564,rudeljaeger__ohne_pc,control,0,0,0,8,0,11,11,25,8,10,3,8,0,0
pc-4496e1eb-2564,solidaritaet_ueberleben__ohne_pc,control,1,1,1,8,2,13,8,27,5,7,6,10,0,0
pc-cb49912d-2565,rudeljaeger__ohne_pc,control,0,1,0,8,7,12,10,28,2,9,6,13,0,0
pc-cb49912d-2565,solidaritaet_ueberleben__ohne_pc,control,1,0,1,8,-3,15,11,35,1,10,4,3,0,0
pc-3731a366-2566,rudeljaeger__ohne_pc,control,0,0,0,12,-2,16,16,39,29,14,8,6,0,0
pc-3731a366-2566,solidaritaet_ueberleben__ohne_pc,control,1,1,1,12,4,18,13,41,29,12,12,12,0,0
pc-bde452a8-2567,rudeljaeger__ohne_pc,control,0,1,0,7,4,12,10,27,0,9,5,11,0,0
pc-bde452a8-2567,solidaritaet_ueberleben__ohne_pc,control,1,0,1,7,-1,12,8,26,2,8,7,6,0,0
pc-5f617ef5-2568,rudeljaeger__ohne_pc,control,0,0,0,7,-2,12,9,24,4,8,3,6,0,0
pc-5f617ef5-2568,solidaritaet_ueberleben__ohne_pc,control,1,1,1,7,4,12,7,22,1,7,8,12,0,0
pc-e6140e37-2569,rudeljaeger__ohne_pc,control,0,0,0,12,-5,16,14,40,29,12,12,8,0,1
pc-e6140e37-2569,solidaritaet_ueberleben__ohne_pc,control,1,1,1,12,2,18,14,49,25,13,9,15,0,0
pc-51fc2070-2570,rudeljaeger__ohne_pc,control,0,0,0,8,0,13,11,29,2,10,3,6,0,0
pc-51fc2070-2570,solidaritaet_ueberleben__ohne_pc,control,1,1,1,8,4,12,8,25,7,8,8,10,0,0
pc-d8aecfb2-2571,rudeljaeger__ohne_pc,control,0,1,0,11,3,15,13,31,24,12,12,11,0,0
pc-d8aecfb2-2571,solidaritaet_ueberleben__ohne_pc,control,1,0,1,11,-1,18,15,47,15,15,8,7,0,0
pc-0f01e7d7-2572,rudeljaeger__ohne_pc,control,0,0,0,7,-1,12,9,26,1,8,1,8,0,0
pc-0f01e7d7-2572,solidaritaet_ueberleben__ohne_pc,control,1,1,1,7,2,11,6,21,6,6,4,11,0,0
pc-95b49719-2573,rudeljaeger__ohne_pc,control,0,0,0,11,-3,15,15,39,20,13,9,7,0,0
pc-95b49719-2573,solidaritaet_ueberleben__ohne_pc,control,1,1,1,11,3,17,13,40,20,12,14,13,0,0
pc-019ca952-2574,rudeljaeger__ohne_pc,control,0,0,0,9,-4,14,13,35,7,12,6,8,0,3
pc-019ca952-2574,solidaritaet_ueberleben__ohne_pc,control,1,1,1,9,2,14,9,29,7,9,10,14,0,0
pc-884f5894-2575,rudeljaeger__ohne_pc,control,0,1,0,5,7,9,5,14,1,4,4,12,0,0
pc-884f5894-2575,solidaritaet_ueberleben__ohne_pc,control,1,0,1,5,-2,11,4,14,1,4,1,3,0,0
pc-29cc64e1-2576,rudeljaeger__ohne_pc,control,0,0,0,13,0,19,17,47,35,16,11,8,0,0
pc-29cc64e1-2576,solidaritaet_ueberleben__ohne_pc,control,1,1,1,13,2,18,15,47,35,14,15,10,0,0
pc-b07f1423-2577,rudeljaeger__ohne_pc,control,0,1,0,13,2,17,16,45,37,15,16,14,0,1
pc-b07f1423-2577,solidaritaet_ueberleben__ohne_pc,control,1,0,1,13,-4,18,17,48,34,16,11,8,0,0
pc-1c67265c-2578,rudeljaeger__ohne_pc,control,0,1,0,4,8,8,6,9,1,6,1,10,0,0
pc-1c67265c-2578,solidaritaet_ueberleben__ohne_pc,control,1,0,1,4,0,8,3,9,1,3,4,2,0,0
pc-a319d59e-2579,rudeljaeger__ohne_pc,control,0,0,0,8,0,13,9,25,8,8,5,4,0,0
pc-a319d59e-2579,solidaritaet_ueberleben__ohne_pc,control,1,1,1,8,6,12,9,31,1,8,5,10,0,0
pc-d96cedc2-2580,rudeljaeger__ohne_pc,control,0,1,0,5,7,10,5,15,0,5,2,13,0,0
pc-d96cedc2-2580,solidaritaet_ueberleben__ohne_pc,control,1,0,1,5,-3,8,5,15,0,5,1,3,0,0
pc-601f9d05-2581,rudeljaeger__ohne_pc,control,0,1,0,4,6,8,3,9,1,3,1,10,0,0
pc-601f9d05-2581,solidaritaet_ueberleben__ohne_pc,control,1,0,1,4,0,8,5,10,0,5,1,4,0,0
pc-cc07af3d-2582,rudeljaeger__ohne_pc,control,0,0,0,8,-1,11,11,28,3,11,3,5,0,1
pc-cc07af3d-2582,solidaritaet_ueberleben__ohne_pc,control,1,1,1,8,5,12,7,21,7,7,10,11,0,0
pc-52ba5e80-2583,rudeljaeger__ohne_pc,control,0,0,0,14,-3,19,18,46,47,16,8,9,0,3
pc-52ba5e80-2583,solidaritaet_ueberleben__ohne_pc,control,1,1,1,14,1,18,14,47,44,13,14,13,4,0
pc-f4376acc-2584,rudeljaeger__ohne_pc,control,0,0,0,9,-3,13,13,35,2,12,7,8,0,1
pc-f4376acc-2584,solidaritaet_ueberleben__ohne_pc,control,1,1,1,9,2,13,10,30,12,10,9,13,0,0
pc-7aea1a0f-2585,rudeljaeger__ohne_pc,control,0,1,0,8,5,13,11,30,5,10,5,11,0,1
pc-7aea1a0f-2585,solidaritaet_ueberleben__ohne_pc,control,1,0,1,8,-1,12,9,26,8,9,5,5,0,0
pc-e6d22c47-2586,rudeljaeger__ohne_pc,control,0,0,0,8,-3,12,11,29,2,9,3,5,0,0
pc-e6d22c47-2586,solidaritaet_ueberleben__ohne_pc,control,1,1,1,8,5,13,8,27,3,8,6,13,0,0
pc-6d84db8a-2587,rudeljaeger__ohne_pc,control,0,1,0,5,6,8,4,14,1,4,2,11,0,0
pc-6d84db8a-2587,solidaritaet_ueberleben__ohne_pc,control,1,0,1,5,-1,10,6,15,0,6,1,4,0,0
pc-a3d7f3ae-2588,rudeljaeger__ohne_pc,control,0,1,0,7,6,12,10,24,3,8,4,10,0,0
pc-a3d7f3ae-2588,solidaritaet_ueberleben__ohne_pc,control,1,0,1,7,0,12,7,26,2,7,3,4,0,0
pc-2a8a82f1-2589,rudeljaeger__ohne_pc,control,0,0,0,8,-2,12,11,29,3,9,5,9,0,1
pc-2a8a82f1-2589,solidaritaet_ueberleben__ohne_pc,control,1,1,1,8,1,12,7,24,7,7,6,12,2,0
pc-9672b529-2590,rudeljaeger__ohne_pc,control,0,1,0,5,6,9,6,12,1,6,0,11,0,0
pc-9672b529-2590,solidaritaet_ueberleben__ohne_pc,control,1,0,1,5,-1,11,4,14,1,4,3,4,0,0
pc-1d25446c-2591,rudeljaeger__ohne_pc,control,0,0,0,12,-3,16,15,42,27,13,6,5,0,1
pc-1d25446c-2591,solidaritaet_ueberleben__ohne_pc,control,1,1,1,12,5,16,11,42,24,10,11,13,0,0
pc-bea270b8-2592,rudeljaeger__ohne_pc,control,0,0,0,8,-1,11,9,23,8,8,3,9,0,0
pc-bea270b8-2592,solidaritaet_ueberleben__ohne_pc,control,1,1,1,8,1,13,9,32,0,8,5,11,0,0
pc-45551ffb-2593,rudeljaeger__ohne_pc,control,0,0,0,9,0,13,13,32,8,12,7,5,0,3
pc-45551ffb-2593,solidaritaet_ueberleben__ohne_pc,control,1,1,1,9,5,14,10,33,11,10,11,10,0,0
pc-b13d3233-2594,rudeljaeger__ohne_pc,control,0,0,0,8,-1,12,11,26,5,10,4,7,0,1
pc-b13d3233-2594,solidaritaet_ueberleben__ohne_pc,control,1,1,1,8,3,11,9,29,3,8,8,11,0,0
pc-37efc176-2595,rudeljaeger__ohne_pc,control,0,1,0,7,4,13,8,21,2,8,7,11,0,0
pc-37efc176-2595,solidaritaet_ueberleben__ohne_pc,control,1,0,1,7,-1,12,10,26,1,10,4,6,1,0
pc-1aeaea3c-2596,rudeljaeger__ohne_pc,control,0,0,0,12,-1,16,16,40,28,15,5,8,0,2
pc-1aeaea3c-2596,solidaritaet_ueberleben__ohne_pc,control,1,1,1,12,2,18,10,40,32,10,13,11,0,0
pc-a19d997e-2597,rudeljaeger__ohne_pc,control,0,0,0,11,0,14,14,35,24,13,9,8,0,2
pc-a19d997e-2597,solidaritaet_ueberleben__ohne_pc,control,1,1,1,11,2,16,14,44,17,13,10,10,0,0
pc-0d85abb7-2598,rudeljaeger__ohne_pc,control,0,0,0,12,-4,19,16,46,22,15,9,6,0,2
pc-0d85abb7-2598,solidaritaet_ueberleben__ohne_pc,control,1,1,1,12,4,15,14,43,25,13,14,14,0,0
pc-94385af9-2599,rudeljaeger__ohne_pc,control,0,0,0,7,-3,11,10,25,3,9,5,8,0,0
pc-94385af9-2599,solidaritaet_ueberleben__ohne_pc,control,1,1,1,7,2,13,9,28,0,8,7,13,1,0
pc-1a6aacfc-2600,rudeljaeger__mit_pc,control,0,1,1,6,10,10,6,18,1,6,3,10,0,0
pc-1a6aacfc-2600,solidaritaet_ueberleben__mit_pc,control,1,0,0,6,0,12,6,20,1,6,2,0,0,0
pc-a11d5c3e-2601,rudeljaeger__mit_pc,control,0,1,1,9,3,13,12,30,7,11,9,11,0,0
pc-a11d5c3e-2601,solidaritaet_ueberleben__mit_pc,control,1,0,0,9,-1,12,12,32,6,11,10,7,0,0
pc-27cfeb81-2602,rudeljaeger__mit_pc,control,0,1,1,9,1,13,13,39,3,12,5,12,0,0
pc-27cfeb81-2602,solidaritaet_ueberleben__mit_pc,control,1,0,0,9,-2,14,10,37,7,9,8,9,0,0
pc-ae829ac3-2603,rudeljaeger__mit_pc,control,0,1,1,7,2,13,8,22,1,8,5,13,0,0
pc-ae829ac3-2603,solidaritaet_ueberleben__mit_pc,control,1,0,0,7,-3,12,6,19,8,6,4,8,0,0
pc-35352a06-2604,rudeljaeger__mit_pc,control,0,1,1,14,1,20,18,47,46,16,12,11,0,0
pc-35352a06-2604,solidaritaet_ueberleben__mit_pc,control,1,0,0,14,-1,21,15,54,42,14,12,9,4,0
pc-bbe7d948-2605,rudeljaeger__mit_pc,control,0,0,1,14,-1,18,18,51,44,16,10,8,0,3
pc-bbe7d948-2605,solidaritaet_ueberleben__mit_pc,control,1,1,0,14,2,20,16,61,39,15,13,11,0,0
pc-429a688b-2606,rudeljaeger__mit_pc,control,0,1,1,13,7,18,17,47,33,15,15,11,0,2
pc-429a688b-2606,solidaritaet_ueberleben__mit_pc,control,1,0,0,13,-1,19,17,58,24,16,13,3,0,0
pc-c94d17cd-2607,rudeljaeger__mit_pc,control,0,0,1,9,-2,14,12,29,8,12,6,4,0,2
pc-c94d17cd-2607,solidaritaet_ueberleben__mit_pc,control,1,1,0,9,6,13,9,36,6,9,10,12,0,0
pc-4fffa710-2608,rudeljaeger__mit_pc,control,0,0,1,11,-1,15,14,37,21,12,9,7,0,0
pc-4fffa710-2608,solidaritaet_ueberleben__mit_pc,control,1,1,0,11,3,15,14,49,11,13,9,11,0,0
pc-d6b25652-2609,rudeljaeger__mit_pc,control,0,1,1,16,4,20,17,52,74,16,15,8,0,2
pc-d6b25652-2609,solidaritaet_ueberleben__mit_pc,control,1,0,0,16,-1,20,19,67,63,18,12,3,0,0
pc-5d64e595-2610,rudeljaeger__mit_pc,control,0,1,1,13,3,19,16,47,35,14,14,12,0,0
pc-5d64e595-2610,solidaritaet_ueberleben__mit_pc,control,1,0,0,13,-2,17,17,52,27,16,10,7,0,0
pc-e41794d7-2611,rudeljaeger__mit_pc,control,0,0,1,12,-2,16,15,44,25,13,12,9,0,0
pc-e41794d7-2611,solidaritaet_ueberleben__mit_pc,control,1,1,0,12,1,19,16,50,20,16,10,12,0,0
pc-6aca241a-2612,rudeljaeger__mit_pc,control,0,1,1,4,10,8,5,10,0,4,2,11,0,0
pc-6aca241a-2612,solidaritaet_ueberleben__mit_pc,control,1,0,0,4,-1,8,3,9,1,3,2,0,0,0
pc-f17cd35c-2613,rudeljaeger__mit_pc,control,0,1,1,9,5,16,13,37,7,12,5,10,0,0
pc-f17cd35c-2613,solidaritaet_ueberleben__mit_pc,control,1,0,0,9,0,13,9,31,8,9,10,5,0,0
pc-782f629f-2614,rudeljaeger__mit_pc,control,0,1,1,14,2,20,17,50,43,15,18,11,0,0
pc-782f629f-2614,solidaritaet_ueberleben__mit_pc,control,1,0,0,14,-1,20,18,62,33,17,14,8,0,0
pc-fee211e1-2615,rudeljaeger__mit_pc,control,0,1,1,12,5,17,14,40,28,12,13,10,0,2
pc-fee211e1-2615,solidaritaet_ueberleben__mit_pc,control,1,0,0,12,0,18,16,49,19,15,8,5,0,0
pc-8594a124-2616,rudeljaeger__mit_pc,control,0,0,1,7,0,11,10,26,0,9,1,8,0,1
pc-8594a124-2616,solidaritaet_ueberleben__mit_pc,control,1,1,0,7,2,12,6,26,1,6,6,10,0,0
pc-0c475067-2617,rudeljaeger__mit_pc,control,0,0,1,11,-2,16,15,43,17,13,12,4,0,0
pc-0c475067-2617,solidaritaet_ueberleben__mit_pc,control,1,1,0,11,6,16,15,53,8,14,10,12,0,0
pc-92f9ffa9-2618,rudeljaeger__mit_pc,control,0,0,1,8,-1,12,10,23,9,9,6,8,0,0
pc-92f9ffa9-2618,solidaritaet_ueberleben__mit_pc,control,1,1,0,8,2,13,10,36,0,10,4,11,0,0
pc-19ac8eec-2619,rudeljaeger__mit_pc,control,0,0,1,7,0,11,10,26,0,8,4,6,0,0
pc-19ac8eec-2619,solidaritaet_ueberleben__mit_pc,control,1,1,0,7,4,13,7,24,3,7,5,10,0,0
pc-a05f3e2e-2620,rudeljaeger__mit_pc,control,0,1,1,14,6,19,17,46,46,16,14,10,0,1
pc-a05f3e2e-2620,solidaritaet_ueberleben__mit_pc,control,1,0,0,14,0,19,18,56,39,17,16,4,0,0
pc-2711cd71-2621,rudeljaeger__mit_pc,control,0,0,1,9,0,13,12,33,5,10,6,6,0,2
pc-2711cd71-2621,solidaritaet_ueberleben__mit_pc,control,1,1,0,9,4,15,9,30,10,8,6,10,0,0
pc-adc47cb3-2622,rudeljaeger__mit_pc,control,0,0,1,9,-1,13,12,36,5,12,4,6,0,1
pc-adc47cb3-2622,solidaritaet_ueberleben__mit_pc,control,1,1,0,9,4,14,8,30,6,8,9,11,0,0
pc-34770bf6-2623,rudeljaeger__mit_pc,control,0,0,1,13,-6,17,17,51,31,15,10,8,0,3
pc-34770bf6-2623,solidaritaet_ueberleben__mit_pc,control,1,1,0,13,2,17,13,49,32,12,12,16,0,0
pc-bb29bb38-2624,rudeljaeger__mit_pc,control,0,0,1,15,-2,19,19,55,51,17,15,8,0,2
pc-bb29bb38-2624,solidaritaet_ueberleben__mit_pc,control,1,1,0,15,2,20,19,62,45,18,15,12,2,0
pc-41dc4a7b-2625,rudeljaeger__mit_pc,control,0,1,1,7,1,11,10,26,2,8,6,10,0,0
pc-41dc4a7b-2625,solidaritaet_ueberleben__mit_pc,control,1,0,0,7,0,11,7,19,2,7,6,9,0,0
pc-c88ef9bd-2626,rudeljaeger__mit_pc,control,0,1,1,9,3,13,13,37,4,11,7,11,0,2
pc-c88ef9bd-2626,solidaritaet_ueberleben__mit_pc,control,1,0,0,9,-1,13,9,31,5,8,8,7,0,0
pc-4f418900-2627,rudeljaeger__mit_pc,control,0,1,1,15,1,22,19,52,55,17,17,12,0,4
pc-4f418900-2627,solidaritaet_ueberleben__mit_pc,control,1,0,0,15,-2,21,18,65,43,17,15,9,0,0
pc-d5f43842-2628,rudeljaeger__mit_pc,control,0,1,1,11,2,15,15,43,13,14,11,11,0,1
pc-d5f43842-2628,solidaritaet_ueberleben__mit_pc,control,1,0,0,11,-1,18,12,43,12,12,12,8,0,0
pc-5ca6c785-2629,rudeljaeger__mit_pc,control,0,0,1,9,-1,15,10,33,5,9,6,8,0,0
pc-5ca6c785-2629,solidaritaet_ueberleben__mit_pc,control,1,1,0,9,2,14,8,34,8,8,5,11,0,0
pc-e35976c7-2630,rudeljaeger__mit_pc,control,0,1,1,9,3,13,12,34,6,11,8,12,0,0
pc-e35976c7-2630,solidaritaet_ueberleben__mit_pc,control,1,0,0,9,-2,14,11,42,3,10,7,7,0,0
pc-6a0c060a-2631,rudeljaeger__mit_pc,control,0,1,1,8,2,11,11,29,1,9,5,12,0,0
pc-6a0c060a-2631,solidaritaet_ueberleben__mit_pc,control,1,0,0,8,-2,13,8,25,5,8,6,8,0,0
pc-f0beb54c-2632,rudeljaeger__mit_pc,control,0,1,1,5,6,9,4,13,2,4,1,12,0,0
pc-f0beb54c-2632,solidaritaet_ueberleben__mit_pc,control,1,0,0,5,-2,10,4,14,1,4,0,4,0,0
pc-7771448f-2633,rudeljaeger__mit_pc,control,0,0,1,12,0,19,16,46,22,14,9,9,0,0
pc-7771448f-2633,solidaritaet_ueberleben__mit_pc,control,1,1,0,12,1,18,13,52,20,13,13,10,0,0
pc-fe23f3d1-2634,rudeljaeger__mit_pc,control,0,0,1,12,0,15,15,40,31,13,11,6,0,0
pc-fe23f3d1-2634,solidaritaet_ueberleben__mit_pc,control,1,1,0,12,4,17,14,47,26,13,9,10,0,0
pc-84d68314-2635,rudeljaeger__mit_pc,control,0,1,1,15,7,19,19,52,56,17,15,9,0,1
pc-84d68314-2635,solidaritaet_ueberleben__mit_pc,control,1,0,0,15,0,20,18,64,44,17,16,2,0,0
pc-0b893257-2636,rudeljaeger__mit_pc,control,0,0,1,13,-4,18,17,46,36,16,12,5,0,1
pc-0b893257-2636,solidaritaet_ueberleben__mit_pc,control,1,1,0,13,5,18,16,55,24,15,12,14,0,0
pc-923bc199-2637,rudeljaeger__mit_pc,control,0,0,1,14,-2,17,17,46,50,15,15,5,0,0
pc-923bc199-2637,solidaritaet_ueberleben__mit_pc,control,1,1,0,14,5,19,18,59,38,17,12,12,1,0
pc-18ee70dc-2638,rudeljaeger__mit_pc,control,0,1,1,7,10,11,8,25,3,7,3,11,0,0
pc-18ee70dc-2638,solidaritaet_ueberleben__mit_pc,control,1,0,0,7,-1,11,7,27,1,7,4,0,0,0
pc-9fa1001e-2639,rudeljaeger__mit_pc,control,0,0,1,16,0,21,18,51,74,17,16,4,0,0
pc-9fa1001e-2639,solidaritaet_ueberleben__mit_pc,control,1,1,0,16,3,22,18,61,59,17,13,7,0,0
pc-2653af61-2640,rudeljaeger__mit_pc,control,0,1,1,11,5,16,14,43,17,12,13,11,0,0
pc-2653af61-2640,solidaritaet_ueberleben__mit_pc,control,1,0,0,11,-1,17,14,47,12,14,8,5,0,0
pc-ad065ea3-2641,rudeljaeger__mit_pc,control,0,1,1,6,10,11,6,17,1,6,2,12,0,0
pc-ad065ea3-2641,solidaritaet_ueberleben__mit_pc,control,1,0,0,6,-2,10,5,20,1,4,3,0,0,0
pc-33b8ede6-2642,rudeljaeger__mit_pc,control,0,1,1,11,3,16,13,38,24,11,11,11,0,0
pc-33b8ede6-2642,solidaritaet_ueberleben__mit_pc,control,1,0,0,11,-1,16,14,47,9,13,8,7,0,0
pc-ba6b9d28-2643,rudeljaeger__mit_pc,control,0,1,1,5,8,9,7,14,1,6,2,10,0,0
pc-ba6b9d28-2643,solidaritaet_ueberleben__mit_pc,control,1,0,0,5,0,10,5,15,0,5,3,2,0,0
pc-411e2c6b-2644,rudeljaeger__mit_pc,control,0,0,1,8,-1,11,11,28,3,10,4,6,0,0
pc-411e2c6b-2644,solidaritaet_ueberleben__mit_pc,control,1,1,0,8,4,14,9,34,2,8,7,11,0,0
pc-c7d0dbad-2645,rudeljaeger__mit_pc,control,0,1,1,5,7,9,6,14,1,6,1,11,0,0
pc-c7d0dbad-2645,solidaritaet_ueberleben__mit_pc,control,1,0,0,5,-1,9,4,12,2,3,4,3,0,0
pc-4e836af0-2646,rudeljaeger__mit_pc,control,0,1,1,12,4,17,16,45,23,14,13,11,0,0
pc-4e836af0-2646,solidaritaet_ueberleben__mit_pc,control,1,0,0,12,-1,19,15,51,17,14,12,6,0,0
pc-d5361a32-2647,rudeljaeger__mit_pc,control,0,1,1,4,8,8,5,10,0,5,2,10,0,0
pc-d5361a32-2647,solidaritaet_ueberleben__mit_pc,control,1,0,0,4,0,9,5,9,1,5,2,2,0,0
pc-5be8a975-2648,rudeljaeger__mit_pc,control,0,0,1,9,-1,13,12,33,4,10,7,6,0,0
pc-5be8a975-2648,solidaritaet_ueberleben__mit_pc,control,1,1,0,9,4,15,10,33,7,9,7,11,0,0
pc-e29b58b7-2649,rudeljaeger__mit_pc,control,0,0,1,12,-5,16,15,44,24,14,11,6,0,1
pc-e29b58b7-2649,solidaritaet_ueberleben__mit_pc,control,1,1,0,12,4,17,16,54,19,15,11,15,0,0
pc-694de7fa-2650,rudeljaeger__mit_pc,control,0,0,1,13,-3,19,17,49,30,15,11,5,0,2
pc-694de7fa-2650,solidaritaet_ueberleben__mit_pc,control,1,1,0,13,5,17,15,54,27,15,13,13,0,0
pc-f000973c-2651,rudeljaeger__mit_pc,control,0,1,1,13,5,19,17,42,40,15,15,13,0,0
pc-f000973c-2651,solidaritaet_ueberleben__mit_pc,control,1,0,0,13,-3,18,17,57,25,16,13,5,0,0
pc-76b3267f-2652,rudeljaeger__mit_pc,control,0,1,1,7,6,12,10,24,0,8,4,14,0,0
pc-76b3267f-2652,solidaritaet_ueberleben__mit_pc,control,1,0,0,7,-4,13,7,25,2,7,4,4,0,0
pc-fd65d5c1-2653,rudeljaeger__mit_pc,control,0,1,1,6,7,11,5,19,1,5,5,12,0,0
pc-fd65d5c1-2653,solidaritaet_ueberleben__mit_pc,control,1,0,0,6,-2,11,6,21,0,6,2,3,0,0
pc-84186504-2654,rudeljaeger__mit_pc,control,0,1,1,9,1,13,11,32,9,10,4,11,0,1
pc-84186504-2654,solidaritaet_ueberleben__mit_pc,control,1,0,0,9,-1,14,8,32,4,7,8,9,0,0
pc-0acb1447-2655,rudeljaeger__mit_pc,control,0,0,1,14,0,18,18,53,41,16,15,4,0,0
pc-0acb1447-2655,solidaritaet_ueberleben__mit_pc,control,1,1,0,14,6,19,17,57,39,16,14,10,0,0
pc-917da389-2656,rudeljaeger__mit_pc,control,0,0,1,8,-1,14,11,33,1,10,4,3,0,1
pc-917da389-2656,solidaritaet_ueberleben__mit_pc,control,1,1,0,8,7,12,8,31,3,8,7,11,1,0
pc-183052cc-2657,rudeljaeger__mit_pc,control,0,1,1,6,8,12,6,17,2,6,2,11,0,0
pc-183052cc-2657,solidaritaet_ueberleben__mit_pc,control,1,0,0,6,-1,9,6,18,3,6,1,2,0,0
pc-9ee2e20e-2658,rudeljaeger__mit_pc,control,0,1,1,6,6,9,8,19,0,8,3,11,0,0
pc-9ee2e20e-2658,solidaritaet_ueberleben__mit_pc,control,1,0,0,6,-1,11,6,19,1,6,4,4,0,0
pc-25959151-2659,rudeljaeger__mit_pc,control,0,0,1,12,-1,16,15,41,28,14,10,6,0,0
pc-25959151-2659,solidaritaet_ueberleben__mit_pc,control,1,1,0,12,4,18,13,49,17,13,12,11,0,0
pc-ac482093-2660,rudeljaeger__mit_pc,control,0,0,1,9,-1,14,12,33,5,10,6,6,0,1
pc-ac482093-2660,solidaritaet_ueberleben__mit_pc,control,1,1,0,9,4,13,8,31,7,8,7,11,0,0
pc-32facfd6-2661,rudeljaeger__mit_pc,control,0,0,1,9,0,13,12,32,7,10,6,8,0,0
pc-32facfd6-2661,solidaritaet_ueberleben__mit_pc,control,1,1,0,9,2,14,11,37,1,11,5,10,0,0
pc-b9ad7f18-2662,rudeljaeger__mit_pc,control,0,0,1,8,0,12,11,29,2,10,3,7,0,1
pc-b9ad7f18-2662,solidaritaet_ueberleben__mit_pc,control,1,1,0,8,3,12,8,29,4,7,8,10,0,0
pc-40600e5b-2663,rudeljaeger__mit_pc,control,0,1,1,12,5,17,13,42,26,11,13,11,0,1
pc-40600e5b-2663,solidaritaet_ueberleben__mit_pc,control,1,0,0,12,-1,17,15,49,20,14,7,5,0,0
pc-6dc2bc5a-2664,rudeljaeger__mit_pc,control,0,1,1,13,3,17,15,44,36,13,12,11,0,2
pc-6dc2bc5a-2664,solidaritaet_ueberleben__mit_pc,control,1,0,0,13,-1,18,16,51,30,15,9,7,0,0
pc-f4754b9c-2665,rudeljaeger__mit_pc,control,0,1,1,12,4,17,15,43,27,13,16,13,0,2
pc-f4754b9c-2665,solidaritaet_ueberleben__mit_pc,control,1,0,0,12,-3,19,16,49,20,15,11,6,0,0
pc-7b27fadf-2666,rudeljaeger__mit_pc,control,0,1,1,13,2,19,17,45,36,15,16,12,0,2
pc-7b27fadf-2666,solidaritaet_ueberleben__mit_pc,control,1,0,0,13,-2,19,17,57,26,16,13,8,0,0
pc-01da8a22-2667,rudeljaeger__mit_pc,control,0,1,1,7,6,12,7,20,1,5,4,10,0,0
pc-01da8a22-2667,solidaritaet_ueberleben__mit_pc,control,1,0,0,7,0,13,7,18,3,7,1,4,0,0
pc-888d3964-2668,rudeljaeger__mit_pc,control,0,0,1,8,-5,11,11,26,5,9,7,8,0,0
pc-888d3964-2668,solidaritaet_ueberleben__mit_pc,control,1,1,0,8,2,13,10,36,0,10,5,15,0,0
pc-0f3fc8a7-2669,rudeljaeger__mit_pc,control,0,0,1,13,-3,17,15,42,36,13,12,9,0,0
pc-0f3fc8a7-2669,solidaritaet_ueberleben__mit_pc,control,1,1,0,13,1,17,16,53,32,16,9,13,0,0
pc-95f277e9-2670,rudeljaeger__mit_pc,control,0,1,1,7,7,11,8,24,1,7,8,11,0,0
pc-95f277e9-2670,solidaritaet_ueberleben__mit_pc,control,1,0,0,7,-1,11,9,23,2,9,4,3,0,0
pc-1ca5072c-2671,rudeljaeger__mit_pc,control,0,0,1,14,0,20,18,50,46,16,15,6,0,0
pc-1ca5072c-2671,solidaritaet_ueberleben__mit_pc,control,1,1,0,14,4,19,18,57,37,17,15,10,0,0
pc-a357b66e-2672,rudeljaeger__mit_pc,control,0,1,1,14,5,20,17,48,45,15,18,11,0,0
pc-a357b66e-2672,solidaritaet_ueberleben__mit_pc,control,1,0,0,14,-1,20,18,64,29,17,13,5,0,0
pc-2a0a45b1-2673,rudeljaeger__mit_pc,control,0,0,1,11,-3,16,14,44,14,12,9,9,0,1
pc-2a0a45b1-2673,solidaritaet_ueberleben__mit_pc,control,1,1,0,11,1,16,13,43,15,13,9,13,0,0
pc-b0bcf4f3-2674,rudeljaeger__mit_pc,control,0,0,1,11,-1,16,14,35,23,12,9,7,0,0
pc-b0bcf4f3-2674,solidaritaet_ueberleben__mit_pc,control,1,1,0,11,3,17,14,47,11,13,9,11,0,0
pc-376f8436-2675,rudeljaeger__mit_pc,control,0,0,1,11,0,16,14,35,23,12,10,7,0,0
pc-376f8436-2675,solidaritaet_ueberleben__mit_pc,control,1,1,0,11,3,17,14,44,13,13,9,10,0,0
pc-be223378-2676,rudeljaeger__mit_pc,control,0,0,1,15,-2,21,19,54,54,17,15,7,0,1
pc-be223378-2676,solidaritaet_ueberleben__mit_pc,control,1,1,0,15,3,20,18,60,45,17,13,12,0,0
pc-44d4c2bb-2677,rudeljaeger__mit_pc,control,0,0,1,15,0,19,18,52,56,17,14,4,0,3
pc-44d4c2bb-2677,solidaritaet_ueberleben__mit_pc,control,1,1,0,15,6,21,15,56,55,14,13,10,0,0
pc-cb8771fd-2678,rudeljaeger__mit_pc,control,0,1,1,7,8,12,6,21,5,5,3,10,0,2
pc-cb8771fd-2678,solidaritaet_ueberleben__mit_pc,control,1,0,0,7,0,11,7,26,1,7,0,2,0,0
pc-523a0140-2679,rudeljaeger__mit_pc,control,0,0,1,8,0,12,6,17,11,6,7,5,0,0
pc-523a0140-2679,solidaritaet_ueberleben__mit_pc,control,1,1,0,8,5,12,10,33,3,10,2,10,0,0
pc-d8ecb082-2680,rudeljaeger__mit_pc,control,0,1,1,5,10,9,7,14,0,6,1,10,0,0
pc-d8ecb082-2680,solidaritaet_ueberleben__mit_pc,control,1,0,0,5,0,12,4,13,1,4,3,0,0,0
pc-5f9f5fc5-2681,rudeljaeger__mit_pc,control,0,1,1,6,10,10,7,19,2,7,3,11,0,0
pc-5f9f5fc5-2681,solidaritaet_ueberleben__mit_pc,control,1,0,0,6,-1,11,6,20,1,6,3,0,0,0
pc-e651ef07-2682,rudeljaeger__mit_pc,control,0,0,1,8,-1,11,11,31,4,10,5,7,0,0
pc-e651ef07-2682,solidaritaet_ueberleben__mit_pc,control,1,1,0,8,3,12,9,32,2,9,6,11,0,0
pc-6d049e4a-2683,rudeljaeger__mit_pc,control,0,0,1,11,-2,16,14,34,24,12,12,6,0,5
pc-6d049e4a-2683,solidaritaet_ueberleben__mit_pc,control,1,1,0,11,4,16,14,48,12,14,8,12,1,0
pc-f3b72d8c-2684,rudeljaeger__mit_pc,control,0,0,1,8,0,12,11,28,2,9,4,7,0,0
pc-f3b72d8c-2684,solidaritaet_ueberleben__mit_pc,control,1,1,0,8,3,14,9,32,4,9,8,10,0,0
pc-7a69dccf-2685,rudeljaeger__mit_pc,control,0,0,1,11,0,15,14,39,18,13,5,8,0,0
pc-7a69dccf-2685,solidaritaet_ueberleben__mit_pc,control,1,1,0,11,2,16,10,40,19,10,11,10,0,0
pc-011c6c12-2686,rudeljaeger__mit_pc,control,0,1,1,7,5,10,8,25,1,8,4,13,0,2
pc-011c6c12-2686,solidaritaet_ueberleben__mit_pc,control,1,0,0,7,-3,12,8,26,2,8,3,5,0,0
pc-87cf1b54-2687,rudeljaeger__mit_pc,control,0,0,1,10,-3,13,13,34,13,11,6,8,0,1
pc-87cf1b54-2687,solidaritaet_ueberleben__mit_pc,control,1,1,0,10,2,16,11,39,12,10,9,13,0,0
pc-0e81aa97-2688,rudeljaeger__mit_pc,control,0,0,1,13,-1,18,16,39,43,14,10,7,0,0
pc-0e81aa97-2688,solidaritaet_ueberleben__mit_pc,control,1,1,0,13,3,16,13,42,39,13,12,11,0,0
pc-953459d9-2689,rudeljaeger__mit_pc,control,0,1,1,11,4,15,8,26,29,7,12,10,0,2
pc-953459d9-2689,solidaritaet_ueberleben__mit_pc,control,1,0,0,11,0,15,14,40,20,14,2,6,0,0
pc-1be6e91c-2690,rudeljaeger__mit_pc,control,0,1,1,16,2,20,19,54,71,17,19,9,0,0
pc-1be6e91c-2690,solidaritaet_ueberleben__mit_pc,control,1,0,0,16,0,21,20,68,56,19,16,7,0,0
pc-a299985e-2691,rudeljaeger__mit_pc,control,0,0,1,10,-2,14,13,32,15,12,7,6,0,0
pc-a299985e-2691,solidaritaet_ueberleben__mit_pc,control,1,1,0,10,4,14,11,35,10,10,9,12,0,0
pc-294c27a1-2692,rudeljaeger__mit_pc,control,0,0,1,8,-3,13,11,26,3,11,3,8,0,3
pc-294c27a1-2692,solidaritaet_ueberleben__mit_pc,control,1,1,0,8,2,13,7,29,3,7,8,13,0,0
pc-affed6e3-2693,rudeljaeger__mit_pc,control,0,1,1,14,3,18,15,44,51,13,17,11,0,0
pc-affed6e3-2693,solidaritaet_ueberleben__mit_pc,control,1,0,0,14,-1,20,18,61,34,18,8,7,0,0
pc-36b16626-2694,rudeljaeger__mit_pc,control,0,1,1,6,6,11,7,19,0,6,2,12,0,1
pc-36b16626-2694,solidaritaet_ueberleben__mit_pc,control,1,0,0,6,-2,12,5,19,2,5,2,4,0,0
pc-bd641568-2695,rudeljaeger__mit_pc,control,0,1,1,15,4,20,18,48,58,16,16,10,0,2
pc-bd641568-2695,solidaritaet_ueberleben__mit_pc,control,1,0,0,15,0,19,19,62,45,18,13,6,0,0
pc-4416a4ab-2696,rudeljaeger__mit_pc,control,0,1,1,6,4,12,9,19,1,7,3,12,0,0
pc-4416a4ab-2696,solidaritaet_ueberleben__mit_pc,control,1,0,0,6,-2,10,5,19,2,5,5,6,0,0
pc-cac953ed-2697,rudeljaeger__mit_pc,control,0,1,1,15,1,21,19,54,52,17,17,13,0,2
pc-cac953ed-2697,solidaritaet_ueberleben__mit_pc,control,1,0,0,15,-3,20,19,63,47,18,14,9,1,0
pc-517be330-2698,rudeljaeger__mit_pc,control,0,0,1,9,-1,12,12,30,8,10,6,5,0,0
pc-517be330-2698,solidaritaet_ueberleben__mit_pc,control,1,1,0,9,5,14,10,36,4,10,9,11,0,0
pc-d82e9272-2699,rudeljaeger__mit_pc,control,0,0,1,17,-1,22,18,54,84,16,14,6,0,2
pc-d82e9272-2699,solidaritaet_ueberleben__mit_pc,control,1,1,0,17,1,21,19,66,73,18,12,8,0,0
pc-dbd7ed53-2700,rudeljaeger__mit_pc,control,0,0,0,8,0,13,9,28,6,8,4,9,0,0
pc-dbd7ed53-2700,solidaritaet_ueberleben__mit_pc,control,1,1,1,8,1,13,8,32,3,8,7,10,2,0
pc-628a9c96-2701,rudeljaeger__mit_pc,control,0,0,0,8,-2,14,10,31,4,10,4,8,0,0
pc-628a9c96-2701,solidaritaet_ueberleben__mit_pc,control,1,1,1,8,2,12,8,31,2,8,5,12,1,0
pc-ce72aece-2702,rudeljaeger__mit_pc,control,0,1,0,12,5,17,16,47,21,15,13,10,0,0
pc-ce72aece-2702,solidaritaet_ueberleben__mit_pc,control,1,0,1,12,0,17,16,56,15,15,11,5,0,0
pc-55255e11-2703,rudeljaeger__mit_pc,control,0,1,0,7,3,11,10,21,3,9,5,10,0,0
pc-55255e11-2703,solidaritaet_ueberleben__mit_pc,control,1,0,1,7,0,12,8,28,0,7,6,7,0,0
pc-f6a26a5d-2704,rudeljaeger__mit_pc,control,0,1,0,6,10,10,7,17,0,7,4,10,0,0
pc-f6a26a5d-2704,solidaritaet_ueberleben__mit_pc,control,1,0,1,6,0,10,8,20,1,7,2,0,0,0
pc-7d5519a0-2705,rudeljaeger__mit_pc,control,0,1,0,14,2,20,18,50,42,16,15,10,0,1
pc-7d5519a0-2705,solidaritaet_ueberleben__mit_pc,control,1,0,1,14,0,21,18,60,37,17,14,8,0,0
pc-e93d2bd8-2706,rudeljaeger__mit_pc,control,0,0,0,8,-4,12,11,22,7,9,4,9,0,0
pc-e93d2bd8-2706,solidaritaet_ueberleben__mit_pc,control,1,1,1,8,1,12,7,28,4,7,8,14,0,0
pc-6fefdb1b-2707,rudeljaeger__mit_pc,control,0,0,0,10,-2,14,13,36,11,12,5,7,0,1
pc-6fefdb1b-2707,solidaritaet_ueberleben__mit_pc,control,1,1,1,10,3,14,11,40,5,10,9,12,0,0
pc-116ce768-2708,rudeljaeger__mit_pc,control,0,1,0,5,7,8,5,15,0,5,2,13,0,0
pc-116ce768-2708,solidaritaet_ueberleben__mit_pc,control,1,0,1,5,-3,10,5,14,1,5,2,3,0,0
pc-981f96aa-2709,rudeljaeger__mit_pc,control,0,0,0,15,0,19,18,47,60,16,17,7,0,0
pc-981f96aa-2709,solidaritaet_ueberleben__mit_pc,control,1,1,1,15,2,20,19,64,43,18,14,9,1,0
pc-0407a8e3-2710,rudeljaeger__mit_pc,control,0,1,0,4,10,8,4,10,0,4,3,10,0,0
pc-0407a8e3-2710,solidaritaet_ueberleben__mit_pc,control,1,0,1,4,0,10,4,7,0,4,1,0,0,0
pc-8aba5825-2711,rudeljaeger__mit_pc,control,0,0,0,10,-3,15,14,37,12,13,6,7,0,1
pc-8aba5825-2711,solidaritaet_ueberleben__mit_pc,control,1,1,1,10,3,15,11,43,6,10,9,13,0,0
pc-2c376472-2712,rudeljaeger__mit_pc,control,0,0,0,7,-1,11,9,27,0,8,2,5,0,0
pc-2c376472-2712,solidaritaet_ueberleben__mit_pc,control,1,1,1,7,5,13,6,24,2,6,5,11,0,0
pc-b2ea13b4-2713,rudeljaeger__mit_pc,control,0,1,0,9,1,12,12,32,6,10,9,10,0,0
pc-b2ea13b4-2713,solidaritaet_ueberleben__mit_pc,control,1,0,1,9,0,14,10,37,5,9,8,9,2,0
pc-1ed225ed-2714,rudeljaeger__mit_pc,control,0,1,0,9,6,13,8,31,5,7,9,11,0,1
pc-1ed225ed-2714,solidaritaet_ueberleben__mit_pc,control,1,0,1,9,-1,14,12,36,4,11,2,4,0,0
pc-a584d52f-2715,rudeljaeger__mit_pc,control,0,0,0,8,-1,12,9,27,3,7,6,9,0,2
pc-a584d52f-2715,solidaritaet_ueberleben__mit_pc,control,1,1,1,8,1,13,9,33,1,8,5,11,0,0
pc-4701e17c-2716,rudeljaeger__mit_pc,control,0,0,0,8,0,13,12,32,0,11,4,6,0,0
pc-4701e17c-2716,solidaritaet_ueberleben__mit_pc,control,1,1,1,8,4,13,8,27,1,8,7,10,0,0
pc-cdb490be-2717,rudeljaeger__mit_pc,control,0,1,0,11,5,16,14,38,17,13,12,11,0,3
pc-cdb490be-2717,solidaritaet_ueberleben__mit_pc,control,1,0,1,11,-1,16,14,49,11,13,10,5,0,0
pc-399ca2f7-2718,rudeljaeger__mit_pc,control,0,0,0,7,-3,11,10,27,0,8,3,9,0,1
pc-399ca2f7-2718,solidaritaet_ueberleben__mit_pc,control,1,1,1,7,1,12,7,26,1,7,5,13,0,0
pc-c04f5239-2719,rudeljaeger__mit_pc,control,0,0,0,7,-1,11,9,27,1,7,2,6,0,0
pc-c04f5239-2719,solidaritaet_ueberleben__mit_pc,control,1,1,1,7,4,11,6,25,1,6,5,11,0,0
pc-61cc7e86-2720,rudeljaeger__mit_pc,control,0,0,0,15,-3,20,19,54,53,18,17,7,0,3
pc-61cc7e86-2720,solidaritaet_ueberleben__mit_pc,control,1,1,1,15,3,21,19,62,50,18,16,13,0,0
pc-e87f0dc8-2721,rudeljaeger__mit_pc,control,0,1,0,14,4,18,17,44,52,16,17,10,0,0
pc-e87f0dc8-2721,solidaritaet_ueberleben__mit_pc,control,1,0,1,14,0,20,18,60,35,17,12,6,0,0
pc-54672001-2722,rudeljaeger__mit_pc,control,0,0,0,10,-2,15,12,37,11,11,10,5,0,0
pc-54672001-2722,solidaritaet_ueberleben__mit_pc,control,1,1,1,10,5,15,12,44,5,12,9,12,0,0
pc-db19cf43-2723,rudeljaeger__mit_pc,control,0,1,0,5,8,10,4,12,1,4,3,10,0,0
pc-db19cf43-2723,solidaritaet_ueberleben__mit_pc,control,1,0,1,5,0,11,4,14,1,4,1,2,0,0
pc-7c96fb90-2724,rudeljaeger__mit_pc,control,0,0,0,11,-1,16,13,33,22,11,8,8,0,0
pc-7c96fb90-2724,solidaritaet_ueberleben__mit_pc,control,1,1,1,11,2,17,12,40,18,12,7,11,0,0
pc-03498ad3-2725,rudeljaeger__mit_pc,control,0,1,0,8,1,14,11,33,2,9,4,10,0,0
pc-03498ad3-2725,solidaritaet_ueberleben__mit_pc,control,1,0,1,8,0,14,7,26,8,7,5,9,0,0
pc-6f31bd0b-2726,rudeljaeger__mit_pc,control,0,1,0,5,10,10,6,15,0,5,1,10,0,0
pc-6f31bd0b-2726,solidaritaet_ueberleben__mit_pc,control,1,0,1,5,0,10,4,14,1,3,1,0,0,0
pc-f5e44c4d-2727,rudeljaeger__mit_pc,control,0,1,0,5,10,9,6,14,1,6,3,10,0,0
pc-f5e44c4d-2727,solidaritaet_ueberleben__mit_pc,control,1,0,1,5,0,9,5,15,0,5,2,0,0,0
pc-9761789a-2728,rudeljaeger__mit_pc,control,0,1,0,13,7,18,16,45,36,14,16,10,0,2
pc-9761789a-2728,solidaritaet_ueberleben__mit_pc,control,1,0,1,13,0,19,17,57,26,16,12,3,1,0
pc-1e1407dd-2729,rudeljaeger__mit_pc,control,0,0,0,9,0,14,13,32,5,12,7,9,0,0
pc-1e1407dd-2729,solidaritaet_ueberleben__mit_pc,control,1,1,1,9,1,13,10,32,9,10,10,10,0,0
pc-89fc3a15-2730,rudeljaeger__mit_pc,control,0,1,0,4,9,9,5,10,0,5,1,10,0,0
pc-89fc3a15-2730,solidaritaet_ueberleben__mit_pc,control,1,0,1,4,0,9,2,7,3,2,2,1,0,0
pc-10aec958-2731,rudeljaeger__mit_pc,control,0,0,0,14,-2,19,18,49,44,17,12,7,0,0
pc-10aec958-2731,solidaritaet_ueberleben__mit_pc,control,1,1,1,14,3,21,15,52,42,15,13,12,3,0
pc-b22bf5a4-2732,rudeljaeger__mit_pc,control,0,1,0,12,1,16,16,44,25,14,15,10,0,0
pc-b22bf5a4-2732,solidaritaet_ueberleben__mit_pc,control,1,0,1,12,0,18,14,49,19,14,12,9,0,0
pc-38de84e7-2733,rudeljaeger__mit_pc,control,0,0,0,12,0,18,14,43,28,13,11,5,0,1
pc-38de84e7-2733,solidaritaet_ueberleben__mit_pc,control,1,1,1,12,5,18,16,57,12,15,9,10,0,0
pc-a4c6b71f-2734,rudeljaeger__mit_pc,control,0,1,0,15,3,19,16,51,56,14,16,9,0,1
pc-a4c6b71f-2734,solidaritaet_ueberleben__mit_pc,control,1,0,1,15,0,21,18,64,44,17,14,6,0,0
pc-2b794662-2735,rudeljaeger__mit_pc,control,0,1,0,7,4,12,9,22,4,9,3,12,0,0
pc-2b794662-2735,solidaritaet_ueberleben__mit_pc,control,1,0,1,7,-2,12,7,27,1,6,7,6,0,0
pc-ccf672ae-2736,rudeljaeger__mit_pc,control,0,0,0,9,-4,15,13,33,8,12,4,9,0,2
pc-ccf672ae-2736,solidaritaet_ueberleben__mit_pc,control,1,1,1,9,1,14,10,34,2,9,8,14,0,0
pc-53a901f1-2737,rudeljaeger__mit_pc,control,0,0,0,16,-1,21,20,56,67,18,15,6,0,2
pc-53a901f1-2737,solidaritaet_ueberleben__mit_pc,control,1,1,1,16,1,21,18,63,63,17,17,8,0,0
pc-bf913429-2738,rudeljaeger__mit_pc,control,0,1,0,7,5,11,10,24,1,9,6,10,0,1
pc-bf913429-2738,solidaritaet_ueberleben__mit_pc,control,1,0,1,7,0,12,7,20,1,7,7,5,0,0
pc-4643c36c-2739,rudeljaeger__mit_pc,control,0,0,0,11,-2,16,14,40,17,12,12,9,0,1
pc-4643c36c-2739,solidaritaet_ueberleben__mit_pc,control,1,1,1,11,1,16,14,50,10,14,8,12,0,0
pc-e7c0efb8-2740,rudeljaeger__mit_pc,control,0,0,0,8,0,11,9,24,5,8,6,8,0,0
pc-e7c0efb8-2740,solidaritaet_ueberleben__mit_pc,control,1,1,1,8,2,12,10,33,3,10,5,10,0,0
pc-6e739efb-2741,rudeljaeger__mit_pc,control,0,1,0,10,5,16,13,35,15,12,10,12,0,0
pc-6e739efb-2741,solidaritaet_ueberleben__mit_pc,control,1,0,1,10,-2,15,13,40,7,13,8,5,2,0
pc-da5bb133-2742,rudeljaeger__mit_pc,control,0,1,0,5,10,9,5,15,0,5,4,10,0,0
pc-da5bb133-2742,solidaritaet_ueberleben__mit_pc,control,1,0,1,5,0,10,5,14,1,5,1,0,0,0
pc-610e4076-2743,rudeljaeger__mit_pc,control,0,0,0,14,-4,20,18,54,42,16,12,9,0,0
pc-610e4076-2743,solidaritaet_ueberleben__mit_pc,control,1,1,1,14,1,20,16,53,38,15,16,14,0,0
pc-028b6cc3-2744,rudeljaeger__mit_pc,control,0,0,0,15,-4,19,18,46,63,16,15,9,0,0
pc-028b6cc3-2744,solidaritaet_ueberleben__mit_pc,control,1,1,1,15,1,20,18,61,50,17,14,14,2,0
pc-893e1c05-2745,rudeljaeger__mit_pc,control,0,0,0,11,-1,15,14,34,23,12,10,9,0,0
pc-893e1c05-2745,solidaritaet_ueberleben__mit_pc,control,1,1,1,11,1,16,14,47,13,14,10,11,0,0
pc-f5262e3d-2746,rudeljaeger__mit_pc,control,0,0,0,8,-1,14,12,26,3,10,4,6,0,0
pc-f5262e3d-2746,solidaritaet_ueberleben__mit_pc,control,1,1,1,8,4,14,8,29,1,8,8,11,0,0
pc-7bd8dd80-2747,rudeljaeger__mit_pc,control,0,1,0,14,1,20,15,50,47,13,16,10,0,4
pc-7bd8dd80-2747,solidaritaet_ueberleben__mit_pc,control,1,0,1,14,0,20,18,63,32,17,10,9,0,0
pc-1d55e9cd-2748,rudeljaeger__mit_pc,control,0,1,0,15,1,19,18,48,59,16,14,9,0,3
pc-1d55e9cd-2748,solidaritaet_ueberleben__mit_pc,control,1,0,1,15,0,22,19,64,44,18,17,8,0,0
pc-a408990f-2749,rudeljaeger__mit_pc,control,0,1,0,5,6,9,4,12,1,4,5,11,0,0
pc-a408990f-2749,solidaritaet_ueberleben__mit_pc,control,1,0,1,5,-1,9,5,15,0,5,1,4,0,0
pc-0ff0ab48-2750,rudeljaeger__mit_pc,control,0,0,0,8,-1,12,10,25,6,8,5,4,0,0
pc-0ff0ab48-2750,solidaritaet_ueberleben__mit_pc,control,1,1,1,8,6,13,9,29,3,9,5,11,0,0
pc-96a35a8a-2751,rudeljaeger__mit_pc,control,0,0,0,8,0,14,10,29,3,10,3,7,0,0
pc-96a35a8a-2751,solidaritaet_ueberleben__mit_pc,control,1,1,1,8,3,14,8,29,5,7,6,10,0,0
pc-382066d7-2752,rudeljaeger__mit_pc,control,0,1,0,10,7,15,10,32,13,9,12,11,0,0
pc-382066d7-2752,solidaritaet_ueberleben__mit_pc,control,1,0,1,10,-1,15,14,44,10,13,6,3,0,0
pc-bed31619-2753,rudeljaeger__mit_pc,control,0,1,0,7,1,11,9,22,2,7,3,12,0,1
pc-bed31619-2753,solidaritaet_ueberleben__mit_pc,control,1,0,1,7,-2,11,7,26,1,7,4,9,0,0
pc-2abb2852-2754,rudeljaeger__mit_pc,control,0,1,0,12,1,16,15,46,22,13,12,13,0,3
pc-2abb2852-2754,solidaritaet_ueberleben__mit_pc,control,1,0,1,12,-3,17,15,52,16,14,12,9,0,0
pc-b16dd794-2755,rudeljaeger__mit_pc,control,0,1,0,5,8,9,6,15,0,6,3,13,0,0
pc-b16dd794-2755,solidaritaet_ueberleben__mit_pc,control,1,0,1,5,-3,9,5,12,3,5,5,2,0,0
pc-52eae3e1-2756,rudeljaeger__mit_pc,control,0,0,0,12,-2,19,16,48,22,14,11,8,0,3
pc-52eae3e1-2756,solidaritaet_ueberleben__mit_pc,control,1,1,1,12,2,17,15,56,16,14,9,12,0,0
pc-d99d9323-2757,rudeljaeger__mit_pc,control,0,1,0,6,6,12,7,20,0,7,2,13,0,1
pc-d99d9323-2757,solidaritaet_ueberleben__mit_pc,control,1,0,1,6,-3,12,4,18,3,4,4,4,0,0
pc-4585a55c-2758,rudeljaeger__mit_pc,control,0,1,0,6,10,10,8,19,1,8,2,10,0,0
pc-4585a55c-2758,solidaritaet_ueberleben__mit_pc,control,1,0,1,6,0,10,5,20,1,4,4,0,0,0
pc-cc38549e-2759,rudeljaeger__mit_pc,control,0,0,0,12,0,17,14,38,28,12,7,2,0,0
pc-cc38549e-2759,solidaritaet_ueberleben__mit_pc,control,1,1,1,12,8,18,12,42,24,11,8,10,0,0
pc-6db560eb-2760,rudeljaeger__mit_pc,control,0,1,0,3,10,8,3,5,0,3,1,11,0,0
pc-6db560eb-2760,solidaritaet_ueberleben__mit_pc,control,1,0,1,3,-1,7,2,4,2,2,0,0,0,0
pc-f468102d-2761,rudeljaeger__mit_pc,control,0,1,0,14,4,20,18,51,42,16,15,13,0,1
pc-f468102d-2761,solidaritaet_ueberleben__mit_pc,control,1,0,1,14,-3,20,18,56,38,17,12,6,0,0
pc-60502266-2762,rudeljaeger__mit_pc,control,0,1,0,14,4,20,18,50,46,16,15,11,0,0
pc-60502266-2762,solidaritaet_ueberleben__mit_pc,control,1,0,1,14,-1,21,18,57,36,17,14,6,0,0
pc-e702d1a8-2763,rudeljaeger__mit_pc,control,0,0,0,15,-3,19,19,53,54,17,15,5,0,2
pc-e702d1a8-2763,solidaritaet_ueberleben__mit_pc,control,1,1,1,15,5,22,19,66,42,18,15,13,0,0
pc-887ffdf5-2764,rudeljaeger__mit_pc,control,0,0,0,9,0,13,13,34,4,12,7,6,0,1
pc-887ffdf5-2764,solidaritaet_ueberleben__mit_pc,control,1,1,1,9,4,15,11,37,8,10,11,10,0,0
pc-0f328d38-2765,rudeljaeger__mit_pc,control,0,1,0,4,6,10,3,8,1,3,1,12,0,0
pc-0f328d38-2765,solidaritaet_ueberleben__mit_pc,control,1,0,1,4,-2,9,4,10,0,4,0,4,0,0
pc-7b1abf70-2766,rudeljaeger__mit_pc,control,0,1,0,8,1,12,11,28,5,9,5,13,0,0
pc-7b1abf70-2766,solidaritaet_ueberleben__mit_pc,control,1,0,1,8,-3,13,9,33,1,8,7,9,0,0
pc-01cd4eb3-2767,rudeljaeger__mit_pc,control,0,1,0,6,9,10,8,21,0,7,6,11,0,0
pc-01cd4eb3-2767,solidaritaet_ueberleben__mit_pc,control,1,0,1,6,-1,10,8,19,0,8,4,1,1,0
pc-a34a7aff-2768,rudeljaeger__mit_pc,control,0,0,0,12,-3,16,15,43,23,14,12,7,0,0
pc-a34a7aff-2768,solidaritaet_ueberleben__mit_pc,control,1,1,1,12,3,17,15,52,14,15,15,13,2,0
pc-29fd0a42-2769,rudeljaeger__mit_pc,control,0,0,0,12,-4,17,15,41,29,13,9,7,0,0
pc-29fd0a42-2769,solidaritaet_ueberleben__mit_pc,control,1,1,1,12,3,18,14,54,16,13,11,14,0,0
pc-95e53c7a-2770,rudeljaeger__mit_pc,control,0,1,0,11,3,15,14,41,17,12,11,12,0,0
pc-95e53c7a-2770,solidaritaet_ueberleben__mit_pc,control,1,0,1,11,-2,16,14,45,11,14,7,7,1,0
pc-1c97cbbd-2771,rudeljaeger__mit_pc,control,0,1,0,9,3,13,11,32,6,11,8,10,0,0
pc-1c97cbbd-2771,solidaritaet_ueberleben__mit_pc,control,1,0,1,9,0,14,10,33,11,10,6,7,0,0
pc-be14f809-2772,rudeljaeger__mit_pc,control,0,1,0,9,8,15,10,30,8,8,9,10,0,2
pc-be14f809-2772,solidaritaet_ueberleben__mit_pc,control,1,0,1,9,0,15,12,40,4,12,3,2,0,0
pc-44c7874c-2773,rudeljaeger__mit_pc,control,0,1,0,10,1,16,14,41,7,12,11,14,0,0
pc-44c7874c-2773,solidaritaet_ueberleben__mit_pc,control,1,0,1,10,-4,14,13,40,10,12,9,9,0,0
pc-b0afb984-2774,rudeljaeger__mit_pc,control,0,0,0,12,-2,16,16,45,26,15,13,7,0,0
pc-b0afb984-2774,solidaritaet_ueberleben__mit_pc,control,1,1,1,12,3,18,15,51,18,14,13,12,0,0
pc-376248c7-2775,rudeljaeger__mit_pc,control,0,0,0,12,-4,16,14,38,28,14,11,7,0,1
pc-376248c7-2775,solidaritaet_ueberleben__mit_pc,control,1,1,1,12,3,16,13,41,25,12,15,14,0,0
pc-d8df7513-2776,rudeljaeger__mit_pc,control,0,0,0,8,-3,13,7,27,4,6,2,6,0,0
pc-d8df7513-2776,solidaritaet_ueberleben__mit_pc,control,1,1,1,8,4,11,8,26,6,7,2,13,0,0
pc-5f920456-2777,rudeljaeger__mit_pc,control,0,1,0,15,3,18,18,49,57,16,17,10,0,1
pc-5f920456-2777,solidaritaet_ueberleben__mit_pc,control,1,0,1,15,0,21,19,62,47,18,12,7,0,0
pc-cb7a368e-2778,rudeljaeger__mit_pc,control,0,1,0,11,6,17,14,36,23,13,9,10,0,0
pc-cb7a368e-2778,solidaritaet_ueberleben__mit_pc,control,1,0,1,11,0,16,12,44,11,11,10,4,0,0
pc-522cc5d1-2779,rudeljaeger__mit_pc,control,0,0,0,10,0,14,12,36,11,11,9,4,0,3
pc-522cc5d1-2779,solidaritaet_ueberleben__mit_pc,control,1,1,1,10,6,16,11,37,11,11,7,10,0,0
pc-f3a9f21d-2780,rudeljaeger__mit_pc,control,0,1,0,5,7,9,6,15,0,6,2,10,0,0
pc-f3a9f21d-2780,solidaritaet_ueberleben__mit_pc,control,1,0,1,5,0,10,6,14,0,6,2,3,0,0
pc-7a5c8160-2781,rudeljaeger__mit_pc,control,0,0,0,11,-3,15,14,42,14,12,10,5,0,0
pc-7a5c8160-2781,solidaritaet_ueberleben__mit_pc,control,1,1,1,11,5,16,11,43,14,10,9,13,0,0
pc-e644b398-2782,rudeljaeger__mit_pc,control,0,1,0,11,4,17,15,41,18,13,11,12,0,2
pc-e644b398-2782,solidaritaet_ueberleben__mit_pc,control,1,0,1,11,-2,17,14,46,14,13,9,6,0,0
pc-6cf742db-2783,rudeljaeger__mit_pc,control,0,1,0,8,4,13,10,32,1,9,7,10,0,0
pc-6cf742db-2783,solidaritaet_ueberleben__mit_pc,control,1,0,1,8,0,11,9,30,5,9,5,6,0,0
pc-0e746f28-2784,rudeljaeger__mit_pc,control,0,1,0,8,3,13,11,28,5,9,7,12,0,0
pc-0e746f28-2784,solidaritaet_ueberleben__mit_pc,control,1,0,1,8,-2,13,9,29,7,9,6,7,0,0
pc-95271e6a-2785,rudeljaeger__mit_pc,control,0,0,0,10,-2,15,13,36,13,12,4,7,0,1
pc-95271e6a-2785,solidaritaet_ueberleben__mit_pc,control,1,1,1,10,3,15,9,35,16,8,7,12,2,0
pc-010f30a3-2786,rudeljaeger__mit_pc,control,0,0,0,16,-3,21,20,56,66,18,14,5,0,3
pc-010f30a3-2786,solidaritaet_ueberleben__mit_pc,control,1,1,1,16,4,22,18,65,59,17,16,12,0,0
pc-87c1dfe5-2787,rudeljaeger__mit_pc,control,0,0,0,8,-1,13,9,27,1,7,7,9,0,0
pc-87c1dfe5-2787,solidaritaet_ueberleben__mit_pc,control,1,1,1,8,1,14,10,35,1,10,3,11,0,0
pc-293eec32-2788,rudeljaeger__mit_pc,control,0,1,0,13,7,17,16,44,37,15,12,12,0,0
pc-293eec32-2788,solidaritaet_ueberleben__mit_pc,control,1,0,1,13,-2,17,16,50,31,16,12,3,0,0
pc-aff19b74-2789,rudeljaeger__mit_pc,control,0,0,0,14,-3,19,18,47,47,16,10,5,0,0
pc-aff19b74-2789,solidaritaet_ueberleben__mit_pc,control,1,1,1,14,5,21,14,52,39,13,14,13,0,0
pc-1bd9adad-2790,rudeljaeger__mit_pc,control,0,0,0,15,-1,22,19,54,53,17,13,6,0,2
pc-1bd9adad-2790,solidaritaet_ueberleben__mit_pc,control,1,1,1,15,4,22,18,58,53,17,14,11,1,0
pc-a28c5cef-2791,rudeljaeger__mit_pc,control,0,1,0,10,3,14,13,32,17,12,13,11,0,1
pc-a28c5cef-2791,solidaritaet_ueberleben__mit_pc,control,1,0,1,10,-1,16,12,40,7,12,10,7,0,0
pc-4409693c-2792,rudeljaeger__mit_pc,control,0,1,0,7,6,10,9,24,2,7,8,11,0,0
pc-4409693c-2792,solidaritaet_ueberleben__mit_pc,control,1,0,1,7,-1,11,10,26,0,10,2,4,0,0
pc-cabc187e-2793,rudeljaeger__mit_pc,control,0,1,0,8,10,13,10,26,2,9,6,10,0,0
pc-cabc187e-2793,solidaritaet_ueberleben__mit_pc,control,1,0,1,8,0,12,9,31,3,9,7,0,0,0
pc-36a42ab7-2794,rudeljaeger__mit_pc,control,0,1,0,5,9,9,5,12,1,5,0,10,0,0
pc-36a42ab7-2794,solidaritaet_ueberleben__mit_pc,control,1,0,1,5,0,10,4,12,2,4,3,1,0,0
pc-bd56d9f9-2795,rudeljaeger__mit_pc,control,0,1,0,14,1,18,17,47,48,15,16,10,0,4
pc-bd56d9f9-2795,solidaritaet_ueberleben__mit_pc,control,1,0,1,14,0,20,18,61,34,17,12,9,0,0
pc-5ed3e646-2796,rudeljaeger__mit_pc,control,0,0,0,8,-2,12,11,32,1,10,7,3,0,0
pc-5ed3e646-2796,solidaritaet_ueberleben__mit_pc,control,1,1,1,8,7,12,10,35,1,10,10,12,0,0
pc-e5869588-2797,rudeljaeger__mit_pc,control,0,1,0,8,5,13,11,31,2,10,7,11,0,0
pc-e5869588-2797,solidaritaet_ueberleben__mit_pc,control,1,0,1,8,-1,13,10,36,0,10,5,5,0,0
pc-516ea7c1-2798,rudeljaeger__mit_pc,control,0,1,0,10,1,16,14,39,8,12,14,11,0,2
pc-516ea7c1-2798,solidaritaet_ueberleben__mit_pc,control,1,0,1,10,-1,15,13,36,14,12,9,9,0,0
pc-d8215703-2799,rudeljaeger__mit_pc,control,0,1,0,13,3,17,15,40,41,14,16,10,0,1
pc-d8215703-2799,solidaritaet_ueberleben__mit_pc,control,1,0,1,13,0,19,17,52,28,17,11,7,0,0
pc-df5ea386-2800,rudeljaeger__mit_pc,control,0,1,1,4,9,8,3,9,1,3,0,12,0,0
pc-df5ea386-2800,solidaritaet_ueberleben__ohne_pc,control,1,0,0,4,-2,9,3,9,1,3,0,1,0,0
pc-661152c9-2801,rudeljaeger__mit_pc,control,0,0,1,6,0,9,9,19,1,8,3,8,0,0
pc-661152c9-2801,solidaritaet_ueberleben__ohne_pc,control,1,1,0,6,2,11,6,21,0,6,7,10,0,0
pc-ecc3e20b-2802,rudeljaeger__mit_pc,control,0,1,1,6,10,10,7,16,2,7,4,11,0,0
pc-ecc3e20b-2802,solidaritaet_ueberleben__ohne_pc,control,1,0,0,6,-1,11,6,20,1,6,2,0,0,0
pc-7376914e-2803,rudeljaeger__mit_pc,control,0,0,1,14,-1,19,18,53,43,17,11,9,0,0
pc-7376914e-2803,solidaritaet_ueberleben__ohne_pc,control,1,1,0,14,1,19,15,52,41,14,15,11,0,0
pc-fa292090-2804,rudeljaeger__mit_pc,control,0,0,1,11,-4,15,14,34,25,12,10,7,0,0
pc-fa292090-2804,solidaritaet_ueberleben__ohne_pc,control,1,1,0,11,3,17,14,45,15,13,9,14,0,0
pc-80dbcfd3-2805,rudeljaeger__mit_pc,control,0,1,1,6,6,10,7,19,0,7,3,10,0,0
pc-80dbcfd3-2805,solidaritaet_ueberleben__ohne_pc,control,1,0,0,6,0,12,6,20,1,6,4,4,0,0
pc-078e7f16-2806,rudeljaeger__mit_pc,control,0,1,1,13,6,18,17,46,35,16,18,13,0,1
pc-078e7f16-2806,solidaritaet_ueberleben__ohne_pc,control,1,0,0,13,-3,19,17,57,23,17,12,4,0,0
pc-8e410e58-2807,rudeljaeger__mit_pc,control,0,1,1,4,5,9,3,9,1,3,2,10,0,0
pc-8e410e58-2807,solidaritaet_ueberleben__ohne_pc,control,1,0,0,4,0,9,4,10,0,4,0,5,0,0
pc-14f3bd9b-2808,rudeljaeger__mit_pc,control,0,1,1,3,10,8,3,5,0,2,1,10,0,0
pc-14f3bd9b-2808,solidaritaet_ueberleben__ohne_pc,control,1,0,0,3,0,8,2,5,1,2,1,0,0,0
pc-9ba64cdd-2809,rudeljaeger__mit_pc,control,0,0,1,14,-3,19,18,53,40,17,11,7,0,1
pc-9ba64cdd-2809,solidaritaet_ueberleben__ohne_pc,control,1,1,0,14,3,18,14,52,43,13,16,13,0,0
pc-2258fc20-2810,rudeljaeger__mit_pc,control,0,0,1,9,-2,13,12,25,15,10,3,4,0,0
pc-2258fc20-2810,solidaritaet_ueberleben__ohne_pc,control,1,1,0,9,6,14,9,32,4,8,8,12,0,0
pc-a90b8b62-2811,rudeljaeger__mit_pc,control,0,0,1,8,0,11,10,31,3,9,2,7,0,0
pc-a90b8b62-2811,solidaritaet_ueberleben__ohne_pc,control,1,1,0,8,3,14,8,27,1,7,6,10,0,0
pc-2fbe3aa5-2812,rudeljaeger__mit_pc,control,0,1,1,5,8,11,5,15,0,5,3,11,0,0
pc-2fbe3aa5-2812,solidaritaet_ueberleben__ohne_pc,control,1,0,0,5,-1,9,5,14,1,5,2,2,0,0
pc-b670c9e7-2813,rudeljaeger__mit_pc,control,0,1,1,15,3,21,18,48,58,16,13,11,0,3
pc-b670c9e7-2813,solidaritaet_ueberleben__ohne_pc,control,1,0,0,15,-1,20,16,54,53,15,12,7,0,0
pc-3d23792a-2814,rudeljaeger__mit_pc,control,0,1,1,15,7,20,17,49,58,15,18,13,0,0
pc-3d23792a-2814,solidaritaet_ueberleben__ohne_pc,control,1,0,0,15,-3,20,19,61,46,18,11,3,0,0
pc-c3d6086c-2815,rudeljaeger__mit_pc,control,0,1,1,11,1,15,14,36,20,12,11,10,0,0
pc-c3d6086c-2815,solidaritaet_ueberleben__ohne_pc,control,1,0,0,11,0,15,14,46,12,13,9,9,0,0
pc-4a88b7af-2816,rudeljaeger__mit_pc,control,0,1,1,9,6,12,12,37,4,11,7,11,0,1
pc-4a88b7af-2816,solidaritaet_ueberleben__ohne_pc,control,1,0,0,9,-1,15,11,34,10,10,7,4,0,0
pc-d13b46f1-2817,rudeljaeger__mit_pc,control,0,0,1,11,0,16,15,42,16,13,9,9,0,0
pc-d13b46f1-2817,solidaritaet_ueberleben__ohne_pc,control,1,1,0,11,1,14,14,42,15,13,10,10,1,0
pc-57edf634-2818,rudeljaeger__mit_pc,control,0,1,1,4,7,7,4,9,0,4,3,11,0,0
pc-57edf634-2818,solidaritaet_ueberleben__ohne_pc,control,1,0,0,4,-1,10,4,9,1,4,1,3,0,0
pc-dea08576-2819,rudeljaeger__mit_pc,control,0,1,1,5,10,8,6,13,1,5,1,11,0,0
pc-dea08576-2819,solidaritaet_ueberleben__ohne_pc,control,1,0,0,5,-1,9,4,13,1,3,3,0,0,0
pc-655334b9-2820,rudeljaeger__mit_pc,control,0,0,1,8,-1,13,11,32,4,10,5,4,0,1
pc-655334b9-2820,solidaritaet_ueberleben__ohne_pc,control,1,1,0,8,6,12,9,31,3,9,7,11,0,0
pc-ec05c3fb-2821,rudeljaeger__mit_pc,control,0,1,1,14,4,20,16,45,51,14,15,10,0,0
pc-ec05c3fb-2821,solidaritaet_ueberleben__ohne_pc,control,1,0,0,14,0,21,18,58,35,17,11,6,0,0
pc-72b8733e-2822,rudeljaeger__mit_pc,control,0,1,1,14,4,18,17,50,41,15,17,12,0,6
pc-72b8733e-2822,solidaritaet_ueberleben__ohne_pc,control,1,0,0,14,-2,19,18,61,34,17,11,6,0,0
pc-f96b0280-2823,rudeljaeger__mit_pc,control,0,1,1,7,10,11,10,25,0,9,4,10,0,0
pc-f96b0280-2823,solidaritaet_ueberleben__ohne_pc,control,1,0,0,7,0,13,7,25,1,7,6,0,0,0
pc-801db1c3-2824,rudeljaeger__mit_pc,control,0,0,1,9,-1,12,12,33,8,10,4,9,0,0
pc-801db1c3-2824,solidaritaet_ueberleben__ohne_pc,control,1,1,0,9,1,13,9,36,4,8,5,11,0,0
pc-06d04106-2825,rudeljaeger__mit_pc,control,0,1,1,5,6,8,6,14,1,5,1,10,0,0
pc-06d04106-2825,solidaritaet_ueberleben__ohne_pc,control,1,0,0,5,0,9,5,14,1,5,2,4,0,0
pc-8d82f048-2826,rudeljaeger__mit_pc,control,0,0,1,11,-2,16,15,39,19,14,8,7,0,0
pc-8d82f048-2826,solidaritaet_ueberleben__ohne_pc,control,1,1,0,11,3,17,12,44,17,11,14,12,0,0
pc-14359f8b-2827,rudeljaeger__mit_pc,control,0,1,1,6,7,9,7,20,0,6,2,11,0,1
pc-14359f8b-2827,solidaritaet_ueberleben__ohne_pc,control,1,0,0,6,-1,12,6,20,1,6,4,3,0,0
pc-9ae82ecd-2828,rudeljaeger__mit_pc,control,0,0,1,11,0,16,15,42,19,13,9,9,0,2
pc-9ae82ecd-2828,solidaritaet_ueberleben__ohne_pc,control,1,1,0,11,1,16,13,40,21,12,11,10,0,0
pc-219ade10-2829,rudeljaeger__mit_pc,control,0,1,1,13,6,17,17,45,38,15,15,12,0,0
pc-219ade10-2829,solidaritaet_ueberleben__ohne_pc,control,1,0,0,13,-2,20,17,54,28,16,12,4,0,0
pc-a84d6d52-2830,rudeljaeger__mit_pc,control,0,1,1,10,2,13,12,36,13,10,9,10,0,0
pc-a84d6d52-2830,solidaritaet_ueberleben__ohne_pc,control,1,0,0,10,0,15,13,40,10,12,5,8,1,0
pc-2f001c95-2831,rudeljaeger__mit_pc,control,0,0,1,14,-1,18,17,51,42,15,15,9,0,2
pc-2f001c95-2831,solidaritaet_ueberleben__ohne_pc,control,1,1,0,14,1,20,18,58,37,18,13,11,1,0
pc-090abb36-2832,rudeljaeger__mit_pc,control,0,1,1,9,5,14,12,34,7,10,8,11,0,0
pc-090abb36-2832,solidaritaet_ueberleben__ohne_pc,control,1,0,0,9,-1,13,10,30,6,9,8,5,0,0
pc-8fbd4a78-2833,rudeljaeger__mit_pc,control,0,1,1,5,8,9,6,13,1,6,1,10,0,0
pc-8fbd4a78-2833,solidaritaet_ueberleben__ohne_pc,control,1,0,0,5,0,11,4,14,1,4,4,2,0,0
pc-166ff9bb-2834,rudeljaeger__mit_pc,control,0,1,1,13,8,18,15,44,34,14,15,11,0,0
pc-166ff9bb-2834,solidaritaet_ueberleben__ohne_pc,control,1,0,0,13,-1,19,17,48,34,16,10,2,0,0
pc-9d2288fd-2835,rudeljaeger__mit_pc,control,0,1,1,6,7,10,7,19,0,7,3,10,0,0
pc-9d2288fd-2835,solidaritaet_ueberleben__ohne_pc,control,1,0,0,6,0,9,6,16,5,6,2,3,0,0
pc-23d53840-2836,rudeljaeger__mit_pc,control,0,1,1,8,5,12,10,32,2,9,8,10,0,1
pc-23d53840-2836,solidaritaet_ueberleben__ohne_pc,control,1,0,0,8,0,12,11,29,7,10,7,5,0,0
pc-aa87c782-2837,rudeljaeger__mit_pc,control,0,0,1,9,-3,12,12,33,4,11,5,9,0,0
pc-aa87c782-2837,solidaritaet_ueberleben__ohne_pc,control,1,1,0,9,1,12,11,37,3,10,10,13,0,0
pc-313a76c5-2838,rudeljaeger__mit_pc,control,0,1,1,6,6,11,6,18,0,5,2,10,0,0
pc-313a76c5-2838,solidaritaet_ueberleben__ohne_pc,control,1,0,0,6,0,12,6,19,2,5,2,4,0,0
pc-b7ed0607-2839,rudeljaeger__mit_pc,control,0,1,1,4,10,9,3,9,1,3,2,10,0,0
pc-b7ed0607-2839,solidaritaet_ueberleben__ohne_pc,control,1,0,0,4,0,8,5,9,1,5,0,0,0,0
pc-3e9fb54a-2840,rudeljaeger__mit_pc,control,0,1,1,4,10,7,4,9,1,4,1,11,0,0
pc-3e9fb54a-2840,solidaritaet_ueberleben__ohne_pc,control,1,0,0,4,-1,10,3,9,1,3,1,0,0,0
pc-c552448c-2841,rudeljaeger__mit_pc,control,0,1,1,16,6,22,16,51,71,15,18,11,0,1
pc-c552448c-2841,solidaritaet_ueberleben__ohne_pc,control,1,0,0,16,-2,21,20,64,62,19,13,3,0,0
pc-4c04f3cf-2842,rudeljaeger__mit_pc,control,0,0,1,8,0,11,10,33,2,10,2,9,0,1
pc-4c04f3cf-2842,solidaritaet_ueberleben__ohne_pc,control,1,1,0,8,1,13,7,25,6,6,5,10,0,0
pc-d2b78311-2843,rudeljaeger__mit_pc,control,0,1,1,8,10,13,9,28,0,8,6,10,0,0
pc-d2b78311-2843,solidaritaet_ueberleben__ohne_pc,control,1,0,0,8,0,12,10,31,2,10,5,0,0,0
pc-596a3254-2844,rudeljaeger__mit_pc,control,0,1,1,6,10,10,8,20,1,7,5,10,0,0
pc-596a3254-2844,solidaritaet_ueberleben__ohne_pc,control,1,0,0,6,0,11,6,19,2,6,3,0,0,0
pc-e01cc196-2845,rudeljaeger__mit_pc,control,0,1,1,9,2,15,11,31,8,9,10,10,0,0
pc-e01cc196-2845,solidaritaet_ueberleben__ohne_pc,control,1,0,0,9,0,14,11,37,8,11,5,8,0,0
pc-66cf70d9-2846,rudeljaeger__mit_pc,control,0,0,1,9,0,13,11,34,6,10,8,6,0,0
pc-66cf70d9-2846,solidaritaet_ueberleben__ohne_pc,control,1,1,0,9,4,13,11,34,5,11,6,10,0,0
pc-ed82001b-2847,rudeljaeger__mit_pc,control,0,0,1,9,-1,14,9,25,11,8,6,9,0,0
pc-ed82001b-2847,solidaritaet_ueberleben__ohne_pc,control,1,1,0,9,1,13,10,35,10,9,3,11,0,0
pc-7434af5e-2848,rudeljaeger__mit_pc,control,0,1,1,12,6,17,14,40,31,13,16,12,0,4
pc-7434af5e-2848,solidaritaet_ueberleben__ohne_pc,control,1,0,0,12,-2,16,16,48,25,16,9,4,0,0
pc-fae75ea0-2849,rudeljaeger__mit_pc,control,0,1,1,9,6,14,9,31,5,9,7,13,0,1
pc-fae75ea0-2849,solidaritaet_ueberleben__ohne_pc,control,1,0,0,9,-3,13,10,30,15,10,5,4,0,0
pc-8199ede3-2850,rudeljaeger__mit_pc,control,0,1,1,6,10,10,8,19,0,8,2,10,0,0
pc-8199ede3-2850,solidaritaet_ueberleben__ohne_pc,control,1,0,0,6,0,12,7,19,2,6,5,0,0,0
pc-084c9d26-2851,rudeljaeger__mit_pc,control,0,1,1,8,10,12,9,30,2,8,5,12,0,2
pc-084c9d26-2851,solidaritaet_ueberleben__ohne_pc,control,1,0,0,8,-2,12,9,32,3,8,5,0,0,0
pc-8eff2c68-2852,rudeljaeger__mit_pc,control,0,1,1,13,1,18,16,42,37,15,14,10,0,1
pc-8eff2c68-2852,solidaritaet_ueberleben__ohne_pc,control,1,0,0,13,0,17,16,49,35,16,12,9,0,0
pc-15b1dbab-2853,rudeljaeger__mit_pc,control,0,0,1,8,0,13,7,21,9,6,4,9,0,0
pc-15b1dbab-2853,solidaritaet_ueberleben__ohne_pc,control,1,1,0,8,1,12,9,32,3,8,3,10,0,0
pc-9c646aed-2854,rudeljaeger__mit_pc,control,0,0,1,11,-2,14,11,32,23,9,12,9,0,0
pc-9c646aed-2854,solidaritaet_ueberleben__ohne_pc,control,1,1,0,11,1,15,13,44,11,13,4,12,0,0
pc-23171a30-2855,rudeljaeger__mit_pc,control,0,1,1,9,10,15,13,34,6,12,12,10,0,2
pc-23171a30-2855,solidaritaet_ueberleben__ohne_pc,control,1,0,0,9,0,14,13,31,10,13,7,0,0,0
pc-a9c9a972-2856,rudeljaeger__mit_pc,control,0,1,1,9,10,12,11,27,13,10,9,12,0,0
pc-a9c9a972-2856,solidaritaet_ueberleben__ohne_pc,control,1,0,0,9,-2,14,12,35,2,11,7,0,0,0
pc-307c58b5-2857,rudeljaeger__mit_pc,control,0,0,1,11,-1,14,14,38,22,13,11,7,0,2
pc-307c58b5-2857,solidaritaet_ueberleben__ohne_pc,control,1,1,0,11,3,16,15,45,14,14,10,11,0,0
pc-b72ee7f7-2858,rudeljaeger__mit_pc,control,0,1,1,14,4,19,18,49,45,17,18,10,0,2
pc-b72ee7f7-2858,solidaritaet_ueberleben__ohne_pc,control,1,0,0,14,0,20,18,54,41,18,14,6,0,0
pc-3de1973a-2859,rudeljaeger__mit_pc,control,0,1,1,4,10,9,4,10,0,4,1,12,0,0
pc-3de1973a-2859,solidaritaet_ueberleben__ohne_pc,control,1,0,0,4,-2,8,3,7,2,3,1,0,0,0
pc-c494267c-2860,rudeljaeger__mit_pc,control,0,1,1,7,3,13,9,28,0,8,3,13,0,0
pc-c494267c-2860,solidaritaet_ueberleben__ohne_pc,control,1,0,0,7,-3,12,6,25,2,6,5,7,0,0
pc-4b46d5bf-2861,rudeljaeger__mit_pc,control,0,1,1,5,3,10,6,15,0,6,2,10,0,0
pc-4b46d5bf-2861,solidaritaet_ueberleben__ohne_pc,control,1,0,0,5,0,9,5,14,1,5,3,7,0,0
pc-d1f96501-2862,rudeljaeger__mit_pc,control,0,1,1,10,7,16,13,36,12,11,10,11,0,2
pc-d1f96501-2862,solidaritaet_ueberleben__ohne_pc,control,1,0,0,10,-1,16,14,41,10,13,8,3,0,0
pc-58ac1444-2863,rudeljaeger__mit_pc,control,0,1,1,5,7,11,5,13,2,4,2,12,0,0
pc-58ac1444-2863,solidaritaet_ueberleben__ohne_pc,control,1,0,0,5,-2,8,6,14,1,6,1,3,0,0
pc-32b6b2e5-2864,rudeljaeger__mit_pc,control,0,,1,15,0,19,14,42,67,12,13,9,0,1
pc-32b6b2e5-2864,solidaritaet_ueberleben__ohne_pc,control,1,,0,15,0,22,17,59,50,16,9,9,0,0
pc-b9694227-2865,rudeljaeger__mit_pc,control,0,1,1,10,3,14,12,36,9,10,12,13,0,2
pc-b9694227-2865,solidaritaet_ueberleben__ohne_pc,control,1,0,0,10,-3,16,14,45,5,14,6,7,0,0
pc-401bf16a-2866,rudeljaeger__mit_pc,control,0,1,1,8,1,12,10,28,3,8,6,11,0,1
pc-401bf16a-2866,solidaritaet_ueberleben__ohne_pc,control,1,0,0,8,-1,13,10,31,5,9,4,9,0,0
pc-c6ce80ac-2867,rudeljaeger__mit_pc,control,0,1,1,8,8,12,11,28,6,10,7,11,0,0
pc-c6ce80ac-2867,solidaritaet_ueberleben__ohne_pc,control,1,0,0,8,-1,12,8,30,4,8,7,2,0,0
pc-4d812fef-2868,rudeljaeger__mit_pc,control,0,1,1,3,9,7,3,5,1,3,0,11,0,0
pc-4d812fef-2868,solidaritaet_ueberleben__ohne_pc,control,1,0,0,3,-1,7,2,4,1,2,0,1,0,0
pc-d433df31-2869,rudeljaeger__mit_pc,control,0,1,1,3,10,6,3,6,0,3,0,10,0,0
pc-d433df31-2869,solidaritaet_ueberleben__ohne_pc,control,1,0,0,3,0,7,1,3,3,1,0,0,0,0
pc-5ae66e74-2870,rudeljaeger__mit_pc,control,0,0,1,15,-1,20,19,51,56,17,15,9,0,1
pc-5ae66e74-2870,solidaritaet_ueberleben__ohne_pc,control,1,1,0,15,1,18,18,59,49,17,15,11,0,0
pc-e1991db6-2871,rudeljaeger__mit_pc,control,0,0,1,9,0,12,10,31,8,10,9,6,0,0
pc-e1991db6-2871,solidaritaet_ueberleben__ohne_pc,control,1,1,0,9,4,14,12,38,4,11,7,10,0,0
pc-684bacf9-2872,rudeljaeger__mit_pc,control,0,0,1,15,0,20,19,54,55,18,13,6,0,3
pc-684bacf9-2872,solidaritaet_ueberleben__ohne_pc,control,1,1,0,15,3,21,17,56,54,16,16,9,0,0
pc-eefe5c3b-2873,rudeljaeger__mit_pc,control,0,1,1,16,4,21,18,48,72,16,14,10,0,0
pc-eefe5c3b-2873,solidaritaet_ueberleben__ohne_pc,control,1,0,0,16,-1,21,16,56,64,15,15,5,0,0
pc-75b0eb7e-2874,rudeljaeger__mit_pc,control,0,1,1,14,1,19,18,52,41,16,12,13,0,1
pc-75b0eb7e-2874,solidaritaet_ueberleben__ohne_pc,control,1,0,0,14,-3,20,14,46,45,13,13,9,3,0
pc-fc639ac0-2875,rudeljaeger__mit_pc,control,0,1,1,10,3,14,13,36,15,12,14,11,0,0
pc-fc639ac0-2875,solidaritaet_ueberleben__ohne_pc,control,1,0,0,10,-1,13,13,43,5,13,10,7,0,0
pc-83162a03-2876,rudeljaeger__mit_pc,control,0,0,1,11,0,15,15,35,22,13,10,8,0,2
pc-83162a03-2876,solidaritaet_ueberleben__ohne_pc,control,1,1,0,11,2,15,12,39,19,11,10,10,0,0
pc-09c8d946-2877,rudeljaeger__mit_pc,control,0,0,1,9,0,16,13,39,4,11,5,9,0,0
pc-09c8d946-2877,solidaritaet_ueberleben__ohne_pc,control,1,1,0,9,1,16,9,31,5,9,8,10,0,0
pc-907b6888-2878,rudeljaeger__mit_pc,control,0,0,1,10,-5,14,13,35,13,11,8,9,0,1
pc-907b6888-2878,solidaritaet_ueberleben__ohne_pc,control,1,1,0,10,1,14,13,36,16,13,8,15,0,0
pc-172e17cb-2879,rudeljaeger__mit_pc,control,0,0,1,8,0,13,12,30,3,10,4,7,0,0
pc-172e17cb-2879,solidaritaet_ueberleben__ohne_pc,control,1,1,0,8,3,13,9,30,5,8,8,10,0,0
pc-9de0a70d-2880,rudeljaeger__mit_pc,control,0,0,1,7,0,11,10,21,2,8,3,9,0,0
pc-9de0a70d-2880,solidaritaet_ueberleben__ohne_pc,control,1,1,0,7,1,11,7,23,2,7,9,10,0,0
pc-24935650-2881,rudeljaeger__mit_pc,control,0,1,1,13,5,18,13,41,37,11,17,14,0,0
pc-24935650-2881,solidaritaet_ueberleben__ohne_pc,control,1,0,0,13,-4,20,17,51,29,16,7,5,0,0
pc-ab45e592-2882,rudeljaeger__mit_pc,control,0,0,1,15,0,21,19,53,55,17,18,8,0,1
pc-ab45e592-2882,solidaritaet_ueberleben__ohne_pc,control,1,1,0,15,1,20,19,62,49,18,15,9,0,0
pc-31f894d5-2883,rudeljaeger__mit_pc,control,0,0,1,6,-1,11,7,18,2,7,1,4,0,0
pc-31f894d5-2883,solidaritaet_ueberleben__ohne_pc,control,1,1,0,6,6,11,6,20,1,6,5,11,0,0
pc-b8ab2417-2884,rudeljaeger__mit_pc,control,0,1,1,4,6,7,5,10,0,5,1,10,0,0
pc-b8ab2417-2884,solidaritaet_ueberleben__ohne_pc,control,1,0,0,4,0,10,4,10,0,4,4,4,0,0
pc-3f5dd35a-2885,rudeljaeger__mit_pc,control,0,1,1,9,6,12,12,30,10,10,6,11,0,0
pc-3f5dd35a-2885,solidaritaet_ueberleben__ohne_pc,control,1,0,0,9,-1,16,10,31,13,10,6,4,0,0
pc-c610629c-2886,rudeljaeger__mit_pc,control,0,0,1,12,-2,16,15,38,30,13,11,6,0,0
pc-c610629c-2886,solidaritaet_ueberleben__ohne_pc,control,1,1,0,12,4,16,14,47,24,14,12,12,0,0
pc-4cc311df-2887,rudeljaeger__mit_pc,control,0,1,1,8,4,12,8,27,1,8,9,11,0,2
pc-4cc311df-2887,solidaritaet_ueberleben__ohne_pc,control,1,0,0,8,-1,12,11,33,2,11,4,6,0,0
pc-d375a121-2888,rudeljaeger__mit_pc,control,0,0,1,7,-1,12,9,26,2,7,4,0,0,1
pc-d375a121-2888,solidaritaet_ueberleben__ohne_pc,control,1,1,0,7,10,12,9,26,1,8,6,11,0,0
pc-5a285064-2889,rudeljaeger__mit_pc,control,0,0,1,8,-3,12,11,28,5,9,4,8,0,0
pc-5a285064-2889,solidaritaet_ueberleben__ohne_pc,control,1,1,0,8,2,14,9,35,1,8,6,13,0,0
pc-e0daffa6-2890,rudeljaeger__mit_pc,control,0,1,1,3,10,7,3,6,0,3,0,11,0,0
pc-e0daffa6-2890,solidaritaet_ueberleben__ohne_pc,control,1,0,0,3,-1,8,2,5,1,2,0,0,0,0
pc-678d8ee9-2891,rudeljaeger__mit_pc,control,0,1,1,7,2,10,10,23,2,10,4,11,0,0
pc-678d8ee9-2891,solidaritaet_ueberleben__ohne_pc,control,1,0,0,7,-1,13,6,19,2,6,7,8,0,0
pc-ee403e2b-2892,rudeljaeger__mit_pc,control,0,0,1,7,0,12,10,23,1,9,5,7,0,0
pc-ee403e2b-2892,solidaritaet_ueberleben__ohne_pc,control,1,1,0,7,3,12,7,26,1,7,7,10,0,0
pc-74f2cd6e-2893,rudeljaeger__mit_pc,control,0,1,1,5,4,9,6,15,0,6,2,11,0,0
pc-74f2cd6e-2893,solidaritaet_ueberleben__ohne_pc,control,1,0,0,5,-1,10,5,15,0,5,2,6,0,0
pc-fba57cb0-2894,rudeljaeger__mit_pc,control,0,1,1,9,5,14,12,29,8,10,7,12,0,0
pc-fba57cb0-2894,solidaritaet_ueberleben__ohne_pc,control,1,0,0,9,-2,14,11,40,3,10,7,5,0,0
pc-82580bf3-2895,rudeljaeger__mit_pc,control,0,0,1,10,-1,15,9,32,16,8,8,6,0,3
pc-82580bf3-2895,solidaritaet_ueberleben__ohne_pc,control,1,1,0,10,4,15,11,37,13,10,4,11,0,0
pc-5c62aa94-2896,rudeljaeger__mit_pc,control,0,1,1,5,6,9,5,15,0,5,2,11,0,0
pc-5c62aa94-2896,solidaritaet_ueberleben__ohne_pc,control,1,0,0,5,-1,8,4,12,2,4,1,4,0,0
pc-e31559d6-2897,rudeljaeger__mit_pc,control,0,1,1,15,4,20,18,48,57,16,18,13,0,0
pc-e31559d6-2897,solidaritaet_ueberleben__ohne_pc,control,1,0,0,15,-3,21,19,62,49,18,12,6,3,0
pc-69c7e919-2898,rudeljaeger__mit_pc,control,0,0,1,8,-1,13,12,27,6,11,2,8,0,0
pc-69c7e919-2898,solidaritaet_ueberleben__ohne_pc,control,1,1,0,8,2,14,7,32,4,7,8,11,0,0
pc-f07a985b-2899,rudeljaeger__mit_pc,control,0,0,1,8,-2,12,11,30,4,9,7,8,0,0
pc-f07a985b-2899,solidaritaet_ueberleben__ohne_pc,control,1,1,0,8,2,14,10,31,0,10,4,12,0,0
pc-433ec316-2900,rudeljaeger__mit_pc,control,0,1,0,7,3,11,10,25,0,8,2,12,0,0
pc-433ec316-2900,solidaritaet_ueberleben__ohne_pc,control,1,0,1,7,-2,11,7,24,2,6,5,7,0,0
pc-bc8c33d3-2901,rudeljaeger__mit_pc,control,0,1,0,5,10,9,6,14,0,6,3,10,0,0
pc-bc8c33d3-2901,solidaritaet_ueberleben__ohne_pc,control,1,0,1,5,0,10,5,13,1,5,1,0,0,0
pc-50a4019b-2902,rudeljaeger__mit_pc,control,0,0,0,8,0,12,11,26,4,9,4,5,0,0
pc-50a4019b-2902,solidaritaet_ueberleben__ohne_pc,control,1,1,1,8,5,11,8,25,5,8,8,10,0,0
pc-c9f17258-2903,rudeljaeger__mit_pc,control,0,1,0,12,3,16,14,37,29,12,9,10,0,0
pc-c9f17258-2903,solidaritaet_ueberleben__ohne_pc,control,1,0,1,12,0,16,14,46,25,13,8,7,0,0
pc-2874460c-2904,rudeljaeger__mit_pc,control,0,0,0,8,-5,13,11,29,5,10,3,7,0,0
pc-2874460c-2904,solidaritaet_ueberleben__ohne_pc,control,1,1,1,8,3,14,9,30,2,8,8,15,0,0
pc-a1c1b6c9-2905,rudeljaeger__mit_pc,control,0,0,0,14,-4,18,16,48,43,14,9,8,0,1
pc-a1c1b6c9-2905,solidaritaet_ueberleben__ohne_pc,control,1,1,1,14,2,20,12,43,48,12,9,14,0,0
pc-35d98491-2906,rudeljaeger__mit_pc,control,0,1,0,4,8,9,6,10,0,6,0,10,0,0
pc-35d98491-2906,solidaritaet_ueberleben__ohne_pc,control,1,0,1,4,0,10,3,9,1,3,4,2,0,0
pc-af26f54e-2907,rudeljaeger__mit_pc,control,0,0,0,8,-2,14,12,31,3,11,2,7,0,0
pc-af26f54e-2907,solidaritaet_ueberleben__ohne_pc,control,1,1,1,8,3,14,8,26,8,7,8,12,0,0
pc-0da9c902-2908,rudeljaeger__mit_pc,control,0,1,0,14,6,18,17,46,47,15,18,10,0,1
pc-0da9c902-2908,solidaritaet_ueberleben__ohne_pc,control,1,0,1,14,0,20,18,55,38,18,12,4,0,0
pc-86f739bf-2909,rudeljaeger__mit_pc,control,0,0,0,7,-2,12,10,25,1,8,6,9,0,0
pc-86f739bf-2909,solidaritaet_ueberleben__ohne_pc,control,1,1,1,7,1,11,8,25,1,8,8,12,0,0
pc-1b0f0787-2910,rudeljaeger__mit_pc,control,0,1,0,5,4,9,6,14,1,5,1,11,0,0
pc-1b0f0787-2910,solidaritaet_ueberleben__ohne_pc,control,1,0,1,5,-1,11,5,13,2,5,3,6,0,0
pc-945c7844-2911,rudeljaeger__mit_pc,control,0,1,0,8,4,13,10,29,5,10,7,11,0,0
pc-945c7844-2911,solidaritaet_ueberleben__ohne_pc,control,1,0,1,8,-1,12,8,26,6,8,7,6,3,0
pc-f2df4bf7-2912,rudeljaeger__mit_pc,control,0,0,0,13,0,18,15,42,36,14,14,8,0,0
pc-f2df4bf7-2912,solidaritaet_ueberleben__ohne_pc,control,1,1,1,13,2,17,16,50,30,15,15,10,1,0
pc-6c2cbcb5-2913,rudeljaeger__mit_pc,control,0,,0,16,0,22,20,56,65,18,16,7,0,2
pc-6c2cbcb5-2913,solidaritaet_ueberleben__ohne_pc,control,1,,1,16,0,23,19,63,68,18,17,7,0,0
pc-00448a7d-2914,rudeljaeger__mit_pc,control,0,1,0,9,2,15,13,35,3,11,8,12,0,0
pc-00448a7d-2914,solidaritaet_ueberleben__ohne_pc,control,1,0,1,9,-2,13,9,28,8,8,9,8,0,0
pc-7991fb3a-2915,rudeljaeger__mit_pc,control,0,1,0,12,5,16,16,46,22,15,14,13,0,1
pc-7991fb3a-2915,solidaritaet_ueberleben__ohne_pc,control,1,0,1,12,-3,17,16,48,24,15,11,5,1,0
pc-d814ceed-2916,rudeljaeger__mit_pc,control,0,1,0,7,8,11,9,25,1,9,3,10,0,0
pc-d814ceed-2916,solidaritaet_ueberleben__ohne_pc,control,1,0,1,7,0,13,7,20,7,7,7,2,0,0
pc-51623fab-2917,rudeljaeger__mit_pc,control,0,0,0,15,-2,21,18,50,60,16,13,8,0,0
pc-51623fab-2917,solidaritaet_ueberleben__ohne_pc,control,1,1,1,15,2,20,18,58,51,17,13,12,0,0
pc-e57a0d72-2918,rudeljaeger__mit_pc,control,0,0,0,11,-5,17,14,34,23,12,10,6,0,1
pc-e57a0d72-2918,solidaritaet_ueberleben__ohne_pc,control,1,1,1,11,4,18,13,44,16,13,9,15,0,0
pc-5ec77e30-2919,rudeljaeger__mit_pc,control,0,1,0,6,6,11,6,15,4,4,4,11,0,0
pc-5ec77e30-2919,solidaritaet_ueberleben__ohne_pc,control,1,0,1,6,-1,11,6,20,1,6,1,4,0,0
pc-bd4a51e3-2920,rudeljaeger__mit_pc,control,0,1,0,5,10,9,5,15,0,5,3,10,0,0
pc-bd4a51e3-2920,solidaritaet_ueberleben__ohne_pc,control,1,0,1,5,0,11,5,14,1,5,2,0,0,0
pc-3697a2a1-2921,rudeljaeger__mit_pc,control,0,0,0,8,0,13,10,24,5,8,6,6,0,0
pc-3697a2a1-2921,solidaritaet_ueberleben__ohne_pc,control,1,1,1,8,4,12,9,29,2,8,4,10,0,0
pc-caaf9068-2922,rudeljaeger__mit_pc,control,0,1,0,5,6,10,5,14,1,5,1,11,0,0
pc-caaf9068-2922,solidaritaet_ueberleben__ohne_pc,control,1,0,1,5,-1,9,4,14,1,4,1,4,0,0
pc-43fce126-2923,rudeljaeger__mit_pc,control,0,1,0,7,2,11,10,24,4,9,6,12,0,1
pc-43fce126-2923,solidaritaet_ueberleben__ohne_pc,control,1,0,1,7,-2,13,8,28,0,7,5,8,0,0
pc-a27fd4d9-2924,rudeljaeger__mit_pc,control,0,0,0,10,0,14,13,35,15,11,7,8,0,0
pc-a27fd4d9-2924,solidaritaet_ueberleben__ohne_pc,control,1,1,1,10,2,15,11,34,11,10,9,10,0,0
pc-1bcd2597-2925,rudeljaeger__mit_pc,control,0,1,0,12,8,18,15,47,23,14,13,10,0,2
pc-1bcd2597-2925,solidaritaet_ueberleben__ohne_pc,control,1,0,1,12,0,18,15,48,21,14,10,2,1,0
pc-afe5135e-2926,rudeljaeger__mit_pc,control,0,0,0,8,-2,15,11,28,3,10,2,9,0,1
pc-afe5135e-2926,solidaritaet_ueberleben__ohne_pc,control,1,1,1,8,1,13,8,29,5,7,8,12,0,0
pc-2932641c-2927,rudeljaeger__mit_pc,control,0,1,0,8,7,13,11,27,3,10,5,11,0,1
pc-2932641c-2927,solidaritaet_ueberleben__ohne_pc,control,1,0,1,8,-1,14,8,31,5,8,7,3,0,0
pc-87b557cf-2928,rudeljaeger__mit_pc,control,0,0,0,10,-4,14,13,34,15,12,8,5,0,1
pc-87b557cf-2928,solidaritaet_ueberleben__ohne_pc,control,1,1,1,10,5,15,13,40,8,13,10,14,0,0
pc-0102a88d-2929,rudeljaeger__mit_pc,control,0,1,0,10,2,15,13,39,7,12,7,10,0,0
pc-0102a88d-2929,solidaritaet_ueberleben__ohne_pc,control,1,0,1,10,0,15,10,37,17,9,8,8,0,0
pc-951a9654-2930,rudeljaeger__mit_pc,control,0,1,0,8,5,14,11,32,2,10,7,10,0,0
pc-951a9654-2930,solidaritaet_ueberleben__ohne_pc,control,1,0,1,8,0,13,8,22,6,8,7,5,0,0
pc-0e67e712-2931,rudeljaeger__mit_pc,control,0,1,0,12,2,16,14,39,31,13,15,10,0,0
pc-0e67e712-2931,solidaritaet_ueberleben__ohne_pc,control,1,0,1,12,0,16,15,47,25,14,10,8,1,0
pc-1992cb67-2932,rudeljaeger__mit_pc,control,0,1,0,15,1,19,15,46,59,14,6,9,0,1
pc-1992cb67-2932,solidaritaet_ueberleben__ohne_pc,control,1,0,1,15,0,18,11,39,70,10,9,8,0,0
pc-92e03c24-2933,rudeljaeger__mit_pc,control,0,1,0,11,2,16,14,35,22,13,13,11,0,0
pc-92e03c24-2933,solidaritaet_ueberleben__ohne_pc,control,1,0,1,11,-1,16,15,42,18,14,9,8,0,0
pc-26f809ec-2934,rudeljaeger__mit_pc,control,0,0,0,7,0,11,10,20,3,8,4,5,0,0
pc-26f809ec-2934,solidaritaet_ueberleben__ohne_pc,control,1,1,1,7,5,12,8,25,1,8,7,10,0,0
pc-a0457aa9-2935,rudeljaeger__mit_pc,control,0,0,0,9,-3,13,12,32,7,11,7,7,0,0
pc-a0457aa9-2935,solidaritaet_ueberleben__ohne_pc,control,1,1,1,9,3,13,11,41,2,11,7,13,0,0
pc-fec84e5c-2936,rudeljaeger__mit_pc,control,0,0,0,15,-4,19,14,43,64,13,10,4,0,0
pc-fec84e5c-2936,solidaritaet_ueberleben__ohne_pc,control,1,1,1,15,6,20,14,53,55,13,8,14,0,0
pc-7815bf1a-2937,rudeljaeger__mit_pc,control,0,1,0,7,7,12,7,25,3,7,4,11,0,0
pc-7815bf1a-2937,solidaritaet_ueberleben__ohne_pc,control,1,0,1,7,-1,13,8,26,2,7,3,3,0,0
pc-0c2d8ce2-2938,rudeljaeger__mit_pc,control,0,1,0,12,9,16,15,45,21,13,16,14,0,0
pc-0c2d8ce2-2938,solidaritaet_ueberleben__ohne_pc,control,1,0,1,12,-4,17,16,49,23,15,10,1,0,0
pc-857afd9f-2939,rudeljaeger__mit_pc,control,0,1,0,8,10,12,11,26,6,10,8,10,0,0
pc-857afd9f-2939,solidaritaet_ueberleben__ohne_pc,control,1,0,1,8,0,13,11,29,1,11,8,0,1,0
pc-e3fdd152-2940,rudeljaeger__mit_pc,control,0,0,0,15,-3,22,19,50,58,17,15,9,0,6
pc-e3fdd152-2940,solidaritaet_ueberleben__ohne_pc,control,1,1,1,15,1,21,18,61,47,17,15,13,0,0
pc-5d4b2210-2941,rudeljaeger__mit_pc,control,0,1,0,4,9,10,4,10,0,3,1,13,0,0
pc-5d4b2210-2941,solidaritaet_ueberleben__ohne_pc,control,1,0,1,4,-3,8,3,9,1,3,1,1,0,0
pc-f1630fd7-2942,rudeljaeger__mit_pc,control,0,0,0,6,-3,10,8,20,1,7,3,4,0,0
pc-f1630fd7-2942,solidaritaet_ueberleben__ohne_pc,control,1,1,1,6,6,10,6,21,0,6,5,13,0,0
pc-6ab06095-2943,rudeljaeger__mit_pc,control,0,1,0,4,9,8,4,10,0,4,0,11,0,0
pc-6ab06095-2943,solidaritaet_ueberleben__ohne_pc,control,1,0,1,4,-1,8,3,8,2,3,1,1,0,0
pc-c9335448-2944,rudeljaeger__mit_pc,control,0,1,0,11,5,16,14,43,19,14,10,10,0,0
pc-c9335448-2944,solidaritaet_ueberleben__ohne_pc,control,1,0,1,11,0,16,14,43,19,13,10,5,0,0
pc-4280a506-2945,rudeljaeger__mit_pc,control,0,0,0,8,-1,13,11,30,2,9,4,8,0,0
pc-4280a506-2945,solidaritaet_ueberleben__ohne_pc,control,1,1,1,8,2,12,7,30,3,7,4,11,0,0
pc-d69892cd-2946,rudeljaeger__mit_pc,control,0,1,0,7,10,13,9,25,3,8,3,11,0,1
pc-d69892cd-2946,solidaritaet_ueberleben__ohne_pc,control,1,0,1,7,-1,12,7,25,2,7,3,0,0,0
pc-4fe5e38b-2947,rudeljaeger__mit_pc,control,0,1,0,7,9,12,8,21,3,8,5,11,0,0
pc-4fe5e38b-2947,solidaritaet_ueberleben__ohne_pc,control,1,0,1,7,-1,10,7,27,0,6,4,1,0,0
pc-ae68d73e-2948,rudeljaeger__mit_pc,control,0,1,0,5,7,11,5,13,1,5,1,11,0,0
pc-ae68d73e-2948,solidaritaet_ueberleben__ohne_pc,control,1,0,1,5,-1,11,4,14,1,3,2,3,0,0
pc-27b627fc-2949,rudeljaeger__mit_pc,control,0,1,0,8,6,14,11,30,1,10,7,11,0,0
pc-27b627fc-2949,solidaritaet_ueberleben__ohne_pc,control,1,0,1,8,-1,13,9,28,0,9,6,4,0,0
pc-bbce15c3-2950,rudeljaeger__mit_pc,control,0,0,0,12,-4,17,15,45,25,14,10,6,0,1
pc-bbce15c3-2950,solidaritaet_ueberleben__ohne_pc,control,1,1,1,12,4,16,14,44,25,13,11,14,0,0
pc-351b6681-2951,rudeljaeger__mit_pc,control,0,1,0,6,10,10,8,17,2,7,2,11,0,0
pc-351b6681-2951,solidaritaet_ueberleben__ohne_pc,control,1,0,1,6,-1,10,6,20,1,6,3,0,0,0
pc-939e5a34-2952,rudeljaeger__mit_pc,control,0,1,0,6,9,10,6,20,1,6,5,12,0,0
pc-939e5a34-2952,solidaritaet_ueberleben__ohne_pc,control,1,0,1,6,-2,11,6,20,0,6,1,1,0,0
pc-0cebaaf2-2953,rudeljaeger__mit_pc,control,0,1,0,14,4,19,17,42,50,15,14,10,0,1
pc-0cebaaf2-2953,solidaritaet_ueberleben__ohne_pc,control,1,0,1,14,0,19,18,58,39,17,13,6,0,0
pc-a10398b9-2954,rudeljaeger__mit_pc,control,0,1,0,8,2,13,11,28,4,9,6,11,0,0
pc-a10398b9-2954,solidaritaet_ueberleben__ohne_pc,control,1,0,1,8,-1,12,11,30,4,10,4,8,0,0
pc-1a50e977-2955,rudeljaeger__mit_pc,control,0,1,0,6,8,11,5,17,3,5,3,12,0,0
pc-1a50e977-2955,solidaritaet_ueberleben__ohne_pc,control,1,0,1,6,-2,11,6,18,3,6,3,2,0,0
pc-78d3dd2a-2956,rudeljaeger__mit_pc,control,0,0,0,8,0,11,9,26,5,8,2,4,0,0
pc-78d3dd2a-2956,solidaritaet_ueberleben__ohne_pc,control,1,1,1,8,6,12,8,28,2,7,5,10,0,0
pc-f2212de7-2957,rudeljaeger__mit_pc,control,0,0,0,9,-3,13,11,30,8,9,6,6,0,0
pc-f2212de7-2957,solidaritaet_ueberleben__ohne_pc,control,1,1,1,9,4,15,10,37,5,9,5,13,0,0
pc-86391baf-2958,rudeljaeger__mit_pc,control,0,1,0,5,10,9,6,13,0,6,3,10,0,0
pc-86391baf-2958,solidaritaet_ueberleben__ohne_pc,control,1,0,1,5,0,8,4,12,2,4,3,0,0,0
pc-ff866c6c-2959,rudeljaeger__mit_pc,control,0,1,0,12,2,16,14,37,29,12,12,10,0,1
pc-ff866c6c-2959,solidaritaet_ueberleben__ohne_pc,control,1,0,1,12,0,16,15,45,27,15,8,8,0,0
pc-5e094020-2960,rudeljaeger__mit_pc,control,0,1,0,14,7,19,18,52,41,16,15,10,0,3
pc-5e094020-2960,solidaritaet_ueberleben__ohne_pc,control,1,0,1,14,0,19,18,57,43,17,13,3,0,0
pc-d756b0dd-2961,rudeljaeger__mit_pc,control,0,1,0,10,6,13,13,40,9,12,9,10,0,1
pc-d756b0dd-2961,solidaritaet_ueberleben__ohne_pc,control,1,0,1,10,0,15,12,41,12,11,9,4,0,0
pc-6b6e9ea5-2962,rudeljaeger__mit_pc,control,0,1,0,11,4,16,13,42,14,11,13,12,0,2
pc-6b6e9ea5-2962,solidaritaet_ueberleben__ohne_pc,control,1,0,1,11,-2,17,15,46,15,14,7,6,0,0
pc-e4bbef62-2963,rudeljaeger__mit_pc,control,0,1,0,7,7,11,8,23,0,7,6,10,0,1
pc-e4bbef62-2963,solidaritaet_ueberleben__ohne_pc,control,1,0,1,7,0,13,10,26,1,9,3,3,0,0
pc-efe6d3b7-2964,rudeljaeger__mit_pc,control,0,1,0,4,10,9,4,8,0,4,1,11,0,0
pc-efe6d3b7-2964,solidaritaet_ueberleben__ohne_pc,control,1,0,1,4,-1,10,3,8,1,3,1,0,0,0
pc-69342475-2965,rudeljaeger__mit_pc,control,0,0,0,8,-1,13,11,24,5,10,3,9,0,0
pc-69342475-2965,solidaritaet_ueberleben__ohne_pc,control,1,1,1,8,1,14,8,28,3,8,6,11,0,0
pc-fd4c123c-2966,rudeljaeger__mit_pc,control,0,0,0,8,0,11,11,22,9,9,5,7,0,1
pc-fd4c123c-2966,solidaritaet_ueberleben__ohne_pc,control,1,1,1,8,3,15,10,35,1,10,4,10,0,0
pc-769962fa-2967,rudeljaeger__mit_pc,control,0,1,0,11,3,15,15,42,17,13,13,11,0,4
pc-769962fa-2967,solidaritaet_ueberleben__ohne_pc,control,1,0,1,11,-1,17,14,42,16,13,12,7,1,0
pc-d51c56ad-2968,rudeljaeger__mit_pc,control,0,0,0,15,0,21,19,50,58,17,12,5,0,1
pc-d51c56ad-2968,solidaritaet_ueberleben__ohne_pc,control,1,1,1,15,5,18,15,51,58,14,14,10,0,0
pc-4e69a76b-2969,rudeljaeger__mit_pc,control,0,0,0,11,-1,16,14,37,19,12,7,9,0,0
pc-4e69a76b-2969,solidaritaet_ueberleben__ohne_pc,control,1,1,1,11,1,16,11,40,18,10,7,11,0,0
pc-e2819532-2970,rudeljaeger__mit_pc,control,0,1,0,13,6,18,15,44,38,14,15,10,0,2
pc-e2819532-2970,solidaritaet_ueberleben__ohne_pc,control,1,0,1,13,0,17,16,49,35,15,10,4,1,0
pc-5bcee5f0-2971,rudeljaeger__mit_pc,control,0,0,0,7,0,11,9,24,2,7,5,6,0,2
pc-5bcee5f0-2971,solidaritaet_ueberleben__ohne_pc,control,1,1,1,7,4,11,8,27,1,8,3,10,0,0
pc-ba51d9a3-2972,rudeljaeger__mit_pc,control,0,0,0,9,-3,14,12,34,5,10,6,4,0,1
pc-ba51d9a3-2972,solidaritaet_ueberleben__ohne_pc,control,1,1,1,9,6,15,10,39,5,10,7,13,0,0
pc-339f2a61-2973,rudeljaeger__mit_pc,control,0,1,0,5,10,9,6,15,0,6,2,11,0,0
pc-339f2a61-2973,solidaritaet_ueberleben__ohne_pc,control,1,0,1,5,-1,10,5,13,1,5,2,0,0,0
pc-c7b71828-2974,rudeljaeger__mit_pc,control,0,0,0,8,-2,15,12,32,2,10,6,3,0,0
pc-c7b71828-2974,solidaritaet_ueberleben__ohne_pc,control,1,1,1,8,7,13,9,27,6,9,9,12,1,0
pc-410468e6-2975,rudeljaeger__mit_pc,control,0,0,0,9,0,13,12,36,4,11,7,4,0,0
pc-410468e6-2975,solidaritaet_ueberleben__ohne_pc,control,1,1,1,9,6,14,11,32,8,11,10,10,0,0
pc-9f875c99-2976,rudeljaeger__mit_pc,control,0,1,0,8,8,12,10,32,0,9,4,12,0,3
pc-9f875c99-2976,solidaritaet_ueberleben__ohne_pc,control,1,0,1,8,-2,13,7,24,10,6,5,2,0,0
pc-18d4ad57-2977,rudeljaeger__mit_pc,control,0,1,0,7,1,11,10,23,0,8,3,13,0,1
pc-18d4ad57-2977,solidaritaet_ueberleben__ohne_pc,control,1,0,1,7,-3,13,7,25,2,7,6,9,0,0
pc-acec9b1e-2978,rudeljaeger__mit_pc,control,0,1,0,8,4,12,11,28,4,10,4,11,0,1
pc-acec9b1e-2978,solidaritaet_ueberleben__ohne_pc,control,1,0,1,8,-1,13,7,23,5,6,8,6,0,0
pc-2639ebdc-2979,rudeljaeger__mit_pc,control,0,1,0,4,10,9,5,8,1,4,2,10,0,0
pc-2639ebdc-2979,solidaritaet_ueberleben__ohne_pc,control,1,0,1,4,0,9,3,8,1,3,1,0,0,0
pc-84bcdf8f-2980,rudeljaeger__mit_pc,control,0,0,0,8,-1,12,10,30,4,9,3,7,0,1
pc-84bcdf8f-2980,solidaritaet_ueberleben__ohne_pc,control,1,1,1,8,3,12,8,29,4,8,6,11,0,0
pc-fe0a304c-2981,rudeljaeger__mit_pc,control,0,0,0,11,-4,15,14,39,19,12,7,6,0,1
pc-fe0a304c-2981,solidaritaet_ueberleben__ohne_pc,control,1,1,1,11,4,16,12,44,20,11,8,14,0,0
pc-92221e14-2982,rudeljaeger__mit_pc,control,0,0,0,7,-1,10,10,23,3,9,5,8,0,0
pc-92221e14-2982,solidaritaet_ueberleben__ohne_pc,control,1,1,1,7,2,12,8,26,1,8,7,11,0,0
pc-0b6f6ed2-2983,rudeljaeger__mit_pc,control,0,0,0,8,-2,12,11,26,5,10,3,8,0,0
pc-0b6f6ed2-2983,solidaritaet_ueberleben__ohne_pc,control,1,1,1,8,2,12,8,29,4,7,9,12,0,0
pc-69f24285-2984,rudeljaeger__mit_pc,control,0,1,0,17,4,21,20,56,80,18,18,9,0,1
pc-69f24285-2984,solidaritaet_ueberleben__ohne_pc,control,1,0,1,17,-2,21,20,64,72,19,17,3,0,0
pc-e33fb342-2985,rudeljaeger__mit_pc,control,0,0,0,7,0,11,10,26,2,9,2,5,0,1
pc-e33fb342-2985,solidaritaet_ueberleben__ohne_pc,control,1,1,1,7,5,12,7,25,2,7,4,10,0,0
pc-7757810a-2986,rudeljaeger__mit_pc,control,0,0,0,8,-1,13,11,31,0,11,4,7,0,0
pc-7757810a-2986,solidaritaet_ueberleben__ohne_pc,control,1,1,1,8,3,11,8,24,4,7,7,11,0,0
pc-f0a4f1c7-2987,rudeljaeger__mit_pc,control,0,1,0,13,5,17,15,45,33,14,16,11,0,1
pc-f0a4f1c7-2987,solidaritaet_ueberleben__ohne_pc,control,1,0,1,13,-1,18,17,53,30,17,10,5,0,0
pc-4f27c57b-2988,rudeljaeger__mit_pc,control,0,1,0,13,5,19,17,46,33,15,15,10,0,1
pc-4f27c57b-2988,solidaritaet_ueberleben__ohne_pc,control,1,0,1,13,0,20,17,55,29,16,12,5,0,0
pc-c8753638-2989,rudeljaeger__mit_pc,control,0,1,0,5,7,10,6,13,0,6,2,10,0,0
pc-c8753638-2989,solidaritaet_ueberleben__ohne_pc,control,1,0,1,5,0,9,5,15,0,5,4,3,0,0
pc-5c8d0400-2990,rudeljaeger__mit_pc,control,0,0,0,7,0,11,8,24,2,7,3,8,0,0
pc-5c8d0400-2990,solidaritaet_ueberleben__ohne_pc,control,1,1,1,7,2,13,8,27,1,8,3,10,0,0
pc-d5da74bd-2991,rudeljaeger__mit_pc,control,0,1,0,14,3,19,18,48,46,16,16,12,0,2
pc-d5da74bd-2991,solidaritaet_ueberleben__ohne_pc,control,1,0,1,14,-2,19,18,58,36,17,12,7,0,0
pc-345d4871-2992,rudeljaeger__mit_pc,control,0,1,0,9,6,13,10,34,8,10,10,12,0,3
pc-345d4871-2992,solidaritaet_ueberleben__ohne_pc,control,1,0,1,9,-2,14,12,30,10,11,7,4,1,0
pc-adaab92e-2993,rudeljaeger__mit_pc,control,0,0,0,7,-1,10,10,26,1,8,1,8,0,0
pc-adaab92e-2993,solidaritaet_ueberleben__ohne_pc,control,1,1,1,7,2,13,6,25,2,6,4,11,0,0
pc-41c286f6-2994,rudeljaeger__mit_pc,control,0,1,0,8,10,13,8,27,1,6,9,10,0,0
pc-41c286f6-2994,solidaritaet_ueberleben__ohne_pc,control,1,0,1,8,0,12,10,32,2,9,4,0,0,0
pc-bb0ff7b3-2995,rudeljaeger__mit_pc,control,0,1,0,12,8,17,15,45,25,15,15,11,0,3
pc-bb0ff7b3-2995,solidaritaet_ueberleben__ohne_pc,control,1,0,1,12,-1,18,15,46,26,15,12,2,1,0
pc-c63adc08-2996,rudeljaeger__mit_pc,control,0,0,0,8,0,11,11,28,4,9,5,8,0,0
pc-c63adc08-2996,solidaritaet_ueberleben__ohne_pc,control,1,1,1,8,2,14,8,28,4,8,6,10,0,0
pc-3f882cc6-2997,rudeljaeger__mit_pc,control,0,1,0,6,9,10,7,20,0,6,3,11,0,1
pc-3f882cc6-2997,solidaritaet_ueberleben__ohne_pc,control,1,0,1,6,-1,11,7,19,1,7,4,1,0,0
pc-d3a01a8d-2998,rudeljaeger__mit_pc,control,0,1,0,14,3,18,17,50,44,15,14,11,0,1
pc-d3a01a8d-2998,solidaritaet_ueberleben__ohne_pc,control,1,0,1,14,-1,18,17,52,42,16,14,7,0,0
pc-4ced6b4b-2999,rudeljaeger__mit_pc,control,0,1,0,10,8,15,14,33,17,12,12,10,0,0
pc-4ced6b4b-2999,solidaritaet_ueberleben__ohne_pc,control,1,0,1,10,0,15,13,36,12,12,8,2,0,0
pc-c9f7be4d-3000,rudeljaeger__ohne_pc,control,0,0,1,10,0,13,13,31,19,12,8,8,0,0
pc-c9f7be4d-3000,solidaritaet_ueberleben__mit_pc,control,1,1,0,10,2,15,12,38,10,11,10,10,0,0
pc-50aa4d90-3001,rudeljaeger__ohne_pc,control,0,1,1,11,1,15,14,37,22,13,12,13,0,0
pc-50aa4d90-3001,solidaritaet_ueberleben__mit_pc,control,1,0,0,11,-3,15,14,45,13,13,11,9,0,0
pc-d75cfcd2-3002,rudeljaeger__ohne_pc,control,0,0,1,7,0,12,9,21,5,8,6,5,0,0
pc-d75cfcd2-3002,solidaritaet_ueberleben__mit_pc,control,1,1,0,7,5,12,8,27,0,8,9,10,0,0
pc-5e0f8c15-3003,rudeljaeger__ohne_pc,control,0,0,1,10,0,14,13,33,15,12,6,8,0,0
pc-5e0f8c15-3003,solidaritaet_ueberleben__mit_pc,control,1,1,0,10,2,16,11,39,10,10,8,10,0,0
pc-e4c23b57-3004,rudeljaeger__ohne_pc,control,0,0,1,10,-2,13,13,33,14,13,4,4,0,0
pc-e4c23b57-3004,solidaritaet_ueberleben__mit_pc,control,1,1,0,10,6,16,8,28,17,7,12,12,0,0
pc-6b74ca9a-3005,rudeljaeger__ohne_pc,control,0,1,1,6,5,11,7,18,1,7,4,12,0,1
pc-6b74ca9a-3005,solidaritaet_ueberleben__mit_pc,control,1,0,0,6,-2,10,6,19,2,6,4,5,0,0
pc-f22779dc-3006,rudeljaeger__ohne_pc,control,0,1,1,4,8,9,3,9,1,3,0,12,0,0
pc-f22779dc-3006,solidaritaet_ueberleben__mit_pc,control,1,0,0,4,-2,8,3,9,1,3,0,2,0,0
pc-78da091f-3007,rudeljaeger__ohne_pc,control,0,1,1,7,4,10,9,21,5,8,5,10,0,0
pc-78da091f-3007,solidaritaet_ueberleben__mit_pc,control,1,0,0,7,0,11,7,23,4,7,7,6,0,0
pc-9462a439-3008,rudeljaeger__ohne_pc,control,0,0,1,12,-2,16,16,45,24,15,9,5,0,0
pc-9462a439-3008,solidaritaet_ueberleben__mit_pc,control,1,1,0,12,5,17,14,48,23,13,13,12,4,0
pc-1b15537c-3009,rudeljaeger__ohne_pc,control,0,1,1,7,4,13,10,27,0,9,4,10,0,0
pc-1b15537c-3009,solidaritaet_ueberleben__mit_pc,control,1,0,0,7,0,12,7,25,2,7,6,6,0,0
pc-a1c7e2be-3010,rudeljaeger__ohne_pc,control,0,0,1,11,-4,15,13,38,19,12,10,5,0,0
pc-a1c7e2be-3010,solidaritaet_ueberleben__mit_pc,control,1,1,0,11,5,17,13,50,9,12,11,14,0,0
pc-287a9201-3011,rudeljaeger__ohne_pc,control,0,0,1,8,0,13,12,26,6,10,4,6,0,0
pc-287a9201-3011,solidaritaet_ueberleben__mit_pc,control,1,1,0,8,4,13,9,33,2,8,8,10,0,0
pc-af2d2143-3012,rudeljaeger__ohne_pc,control,0,0,1,13,0,18,17,45,36,15,11,9,0,1
pc-af2d2143-3012,solidaritaet_ueberleben__mit_pc,control,1,1,0,13,1,19,15,53,28,14,13,10,0,0
pc-35dfd086-3013,rudeljaeger__ohne_pc,control,0,1,1,4,5,8,4,9,1,3,1,11,0,0
pc-35dfd086-3013,solidaritaet_ueberleben__mit_pc,control,1,0,0,4,-1,10,4,10,0,4,1,5,0,0
pc-bc927fc8-3014,rudeljaeger__ohne_pc,control,0,1,1,10,8,15,13,36,10,12,12,10,0,1
pc-bc927fc8-3014,solidaritaet_ueberleben__mit_pc,control,1,0,0,10,0,16,14,43,6,13,8,2,1,0
pc-43450f0b-3015,rudeljaeger__ohne_pc,control,0,0,1,12,-2,17,15,39,30,13,10,1,0,0
pc-43450f0b-3015,solidaritaet_ueberleben__mit_pc,control,1,1,0,12,9,19,15,48,21,14,12,12,0,0
pc-3521b276-3016,rudeljaeger__ohne_pc,control,0,1,1,4,10,8,4,10,0,4,0,11,0,0
pc-3521b276-3016,solidaritaet_ueberleben__mit_pc,control,1,0,0,4,-1,10,2,7,3,2,3,0,0,0
pc-bbd441b8-3017,rudeljaeger__ohne_pc,control,0,0,1,9,0,15,13,36,8,11,7,6,0,1
pc-bbd441b8-3017,solidaritaet_ueberleben__mit_pc,control,1,1,0,9,4,15,10,33,3,9,10,10,0,0
pc-4286f0fb-3018,rudeljaeger__ohne_pc,control,0,0,1,8,-2,11,9,23,9,8,4,8,0,0
pc-4286f0fb-3018,solidaritaet_ueberleben__mit_pc,control,1,1,0,8,2,11,8,34,2,8,5,12,0,0
pc-c939803d-3019,rudeljaeger__ohne_pc,control,0,1,1,8,2,12,10,31,4,9,5,11,0,2
pc-c939803d-3019,solidaritaet_ueberleben__mit_pc,control,1,0,0,8,-1,14,9,35,1,8,6,8,0,0
pc-4fec2f80-3020,rudeljaeger__ohne_pc,control,0,0,1,11,-2,14,14,36,21,12,6,9,0,0
pc-4fec2f80-3020,solidaritaet_ueberleben__mit_pc,control,1,1,0,11,1,16,10,44,20,9,10,12,0,0
pc-d69edec2-3021,rudeljaeger__ohne_pc,control,0,0,1,9,-4,12,12,33,4,12,4,6,0,1
pc-d69edec2-3021,solidaritaet_ueberleben__mit_pc,control,1,1,0,9,4,14,8,33,7,8,12,14,0,0
pc-5d516e05-3022,rudeljaeger__ohne_pc,control,0,1,1,6,7,10,7,18,0,7,4,13,0,0
pc-5d516e05-3022,solidaritaet_ueberleben__mit_pc,control,1,0,0,6,-3,12,6,19,2,6,3,3,0,0
pc-e4041d47-3023,rudeljaeger__ohne_pc,control,0,0,1,12,0,16,15,42,28,13,14,4,0,4
pc-e4041d47-3023,solidaritaet_ueberleben__mit_pc,control,1,1,0,12,6,18,16,56,14,16,13,10,0,0
pc-ff8cb861-3024,rudeljaeger__ohne_pc,control,0,0,1,11,-1,16,15,37,22,13,11,6,0,2
pc-ff8cb861-3024,solidaritaet_ueberleben__mit_pc,control,1,1,0,11,4,15,13,44,15,13,10,11,0,0
pc-863f47a4-3025,rudeljaeger__ohne_pc,control,0,0,1,8,0,13,12,27,4,11,3,6,0,0
pc-863f47a4-3025,solidaritaet_ueberleben__mit_pc,control,1,1,0,8,4,13,8,31,1,7,9,10,1,0
pc-0cf1f6e7-3026,rudeljaeger__ohne_pc,control,0,1,1,12,2,16,14,40,28,12,14,12,0,3
pc-0cf1f6e7-3026,solidaritaet_ueberleben__mit_pc,control,1,0,0,12,-2,18,16,49,20,15,7,8,0,0
pc-93a48629-3027,rudeljaeger__ohne_pc,control,0,1,1,8,7,11,10,25,5,9,8,13,0,0
pc-93a48629-3027,solidaritaet_ueberleben__mit_pc,control,1,0,0,8,-3,13,9,30,6,8,5,3,0,0
pc-1a57356c-3028,rudeljaeger__ohne_pc,control,0,0,1,8,-1,12,11,23,8,10,2,8,0,0
pc-1a57356c-3028,solidaritaet_ueberleben__mit_pc,control,1,1,0,8,2,12,7,29,5,7,9,11,0,0
pc-a109c4ae-3029,rudeljaeger__ohne_pc,control,0,0,1,8,-3,15,11,27,4,9,7,9,0,0
pc-a109c4ae-3029,solidaritaet_ueberleben__mit_pc,control,1,1,0,8,1,14,11,33,1,10,5,13,0,0
pc-27bc73f1-3030,rudeljaeger__ohne_pc,control,0,1,1,5,10,9,5,14,1,5,2,10,0,0
pc-27bc73f1-3030,solidaritaet_ueberleben__mit_pc,control,1,0,0,5,0,10,5,13,1,5,3,0,1,0
pc-ae6f0333-3031,rudeljaeger__ohne_pc,control,0,1,1,4,6,9,5,10,0,5,2,10,0,0
pc-ae6f0333-3031,solidaritaet_ueberleben__mit_pc,control,1,0,0,4,0,9,4,7,1,4,4,4,0,0
pc-a04ba69e-3032,rudeljaeger__ohne_pc,control,0,0,1,9,-5,13,12,33,5,11,5,9,0,0
pc-a04ba69e-3032,solidaritaet_ueberleben__mit_pc,control,1,1,0,9,1,14,8,32,10,8,10,15,0,0
pc-26fe55e1-3033,rudeljaeger__ohne_pc,control,0,1,1,5,6,9,6,14,1,6,0,10,0,0
pc-26fe55e1-3033,solidaritaet_ueberleben__mit_pc,control,1,0,0,5,0,9,3,12,3,3,3,4,0,0
pc-adb0e523-3034,rudeljaeger__ohne_pc,control,0,0,1,11,-4,15,14,31,27,12,7,8,0,0
pc-adb0e523-3034,solidaritaet_ueberleben__mit_pc,control,1,1,0,11,2,18,11,45,15,10,10,14,0,0
pc-34639466-3035,rudeljaeger__ohne_pc,control,0,0,1,16,-4,22,20,53,69,18,18,6,0,4
pc-34639466-3035,solidaritaet_ueberleben__mit_pc,control,1,1,0,16,3,23,20,68,55,19,16,13,1,0
pc-bb1623a8-3036,rudeljaeger__ohne_pc,control,0,0,1,7,0,11,8,23,3,7,3,8,0,0
pc-bb1623a8-3036,solidaritaet_ueberleben__mit_pc,control,1,1,0,7,2,12,7,27,1,7,4,10,0,0
pc-41c8d2eb-3037,rudeljaeger__ohne_pc,control,0,0,1,8,-5,14,12,29,6,10,4,7,0,0
pc-41c8d2eb-3037,solidaritaet_ueberleben__mit_pc,control,1,1,0,8,3,13,9,29,7,9,7,15,0,0
pc-c87b622d-3038,rudeljaeger__ohne_pc,control,0,0,1,10,-4,16,14,33,15,13,5,7,0,0
pc-c87b622d-3038,solidaritaet_ueberleben__mit_pc,control,1,1,0,10,3,16,9,38,10,9,13,14,0,0
pc-4f2e1170-3039,rudeljaeger__ohne_pc,control,0,0,1,9,-3,14,13,34,7,12,8,7,0,0
pc-4f2e1170-3039,solidaritaet_ueberleben__mit_pc,control,1,1,0,9,3,13,12,40,5,12,10,13,0,0
pc-6ab6ac8a-3040,rudeljaeger__ohne_pc,control,0,0,1,10,-4,15,13,33,13,11,7,8,0,0
pc-6ab6ac8a-3040,solidaritaet_ueberleben__mit_pc,control,1,1,0,10,2,16,11,40,14,11,9,14,1,0
pc-f1695bcc-3041,rudeljaeger__ohne_pc,control,0,0,1,12,-3,16,15,35,34,13,12,9,0,0
pc-f1695bcc-3041,solidaritaet_ueberleben__mit_pc,control,1,1,0,12,1,19,16,50,20,15,11,13,1,0
pc-781beb0f-3042,rudeljaeger__ohne_pc,control,0,0,1,9,-2,14,12,29,11,11,4,8,0,1
pc-781beb0f-3042,solidaritaet_ueberleben__mit_pc,control,1,1,0,9,2,13,9,34,6,9,10,12,0,0
pc-fece9a51-3043,rudeljaeger__ohne_pc,control,0,0,1,12,-2,17,15,38,32,13,13,7,0,1
pc-fece9a51-3043,solidaritaet_ueberleben__mit_pc,control,1,1,0,12,3,18,16,50,17,16,12,12,1,0
pc-85812994-3044,rudeljaeger__ohne_pc,control,0,1,1,7,5,13,8,24,2,7,4,10,0,0
pc-85812994-3044,solidaritaet_ueberleben__mit_pc,control,1,0,0,7,0,11,8,23,0,8,6,5,0,0
pc-0c33d8d7-3045,rudeljaeger__ohne_pc,control,0,1,1,7,5,10,10,28,0,8,4,11,0,0
pc-0c33d8d7-3045,solidaritaet_ueberleben__mit_pc,control,1,0,0,7,-1,12,8,28,0,8,4,5,0,0
pc-92e66819-3046,rudeljaeger__ohne_pc,control,0,1,1,4,10,7,4,9,0,4,1,10,0,0
pc-92e66819-3046,solidaritaet_ueberleben__mit_pc,control,1,0,0,4,0,8,3,9,1,3,1,0,0,0
pc-1999175c-3047,rudeljaeger__ohne_pc,control,0,0,1,10,-1,14,13,34,16,12,8,9,0,1
pc-1999175c-3047,solidaritaet_ueberleben__mit_pc,control,1,1,0,10,1,13,13,43,7,12,11,11,0,0
pc-0b75bac7-3048,rudeljaeger__ohne_pc,control,0,1,1,14,2,18,18,47,47,16,15,10,0,0
pc-0b75bac7-3048,solidaritaet_ueberleben__mit_pc,control,1,0,0,14,0,20,18,57,36,17,13,8,1,0
pc-92284a09-3049,rudeljaeger__ohne_pc,control,0,0,1,11,-1,16,13,36,24,11,11,7,0,0
pc-92284a09-3049,solidaritaet_ueberleben__mit_pc,control,1,1,0,11,3,16,14,45,14,13,8,11,0,0
pc-18daf94c-3050,rudeljaeger__ohne_pc,control,0,0,1,12,-2,17,16,44,29,15,13,5,0,3
pc-18daf94c-3050,solidaritaet_ueberleben__mit_pc,control,1,1,0,12,5,17,16,59,15,15,12,12,0,0
pc-9f8d888e-3051,rudeljaeger__ohne_pc,control,0,0,1,14,-1,19,18,48,45,16,15,5,0,2
pc-9f8d888e-3051,solidaritaet_ueberleben__mit_pc,control,1,1,0,14,5,20,16,59,41,16,15,11,0,0
pc-264037d1-3052,rudeljaeger__ohne_pc,control,0,1,1,7,2,11,9,23,3,8,4,12,0,1
pc-264037d1-3052,solidaritaet_ueberleben__mit_pc,control,1,0,0,7,-2,13,7,25,2,7,5,8,0,0
pc-acf2c713-3053,rudeljaeger__ohne_pc,control,0,0,1,11,0,15,13,38,21,11,7,9,0,4
pc-acf2c713-3053,solidaritaet_ueberleben__mit_pc,control,1,1,0,11,1,15,12,40,15,11,6,10,3,0
pc-33a57656-3054,rudeljaeger__ohne_pc,control,0,1,1,12,2,16,14,40,26,12,13,10,0,2
pc-33a57656-3054,solidaritaet_ueberleben__mit_pc,control,1,0,0,12,0,17,16,53,17,15,8,8,1,0
pc-ba580598-3055,rudeljaeger__ohne_pc,control,0,1,1,14,5,19,18,47,47,16,15,13,0,2
pc-ba580598-3055,solidaritaet_ueberleben__mit_pc,control,1,0,0,14,-3,18,17,54,39,16,12,5,2,0
pc-d5e0a0b2-3056,rudeljaeger__ohne_pc,control,0,1,1,3,10,6,4,6,0,4,1,10,0,0
pc-d5e0a0b2-3056,solidaritaet_ueberleben__mit_pc,control,1,0,0,3,0,6,2,5,1,2,1,0,0,0
pc-5c934ff5-3057,rudeljaeger__ohne_pc,control,0,1,1,15,3,20,19,49,60,17,16,9,0,0
pc-5c934ff5-3057,solidaritaet_ueberleben__mit_pc,control,1,0,0,15,0,21,18,60,45,17,16,6,0,0
pc-e345ff37-3058,rudeljaeger__ohne_pc,control,0,1,1,6,3,9,7,18,2,6,1,12,0,0
pc-e345ff37-3058,solidaritaet_ueberleben__mit_pc,control,1,0,0,6,-2,12,4,18,3,4,4,7,0,0
pc-69f88e7a-3059,rudeljaeger__ohne_pc,control,0,1,1,6,7,10,6,19,1,6,3,10,0,0
pc-69f88e7a-3059,solidaritaet_ueberleben__mit_pc,control,1,0,0,6,0,11,7,20,0,7,4,3,0,0
pc-f0ab3dbc-3060,rudeljaeger__ohne_pc,control,0,1,1,8,8,12,10,27,4,9,5,11,0,3
pc-f0ab3dbc-3060,solidaritaet_ueberleben__mit_pc,control,1,0,0,8,-1,14,9,32,4,8,6,2,0,0
pc-775dccff-3061,rudeljaeger__ohne_pc,control,0,1,1,6,5,11,7,18,0,6,3,12,0,0
pc-775dccff-3061,solidaritaet_ueberleben__mit_pc,control,1,0,0,6,-2,10,6,21,0,6,5,5,0,0
pc-fe107c41-3062,rudeljaeger__ohne_pc,control,0,0,1,8,-1,12,11,26,5,10,2,5,0,0
pc-fe107c41-3062,solidaritaet_ueberleben__mit_pc,control,1,1,0,8,5,12,7,30,2,6,9,11,0,0
pc-84c30b84-3063,rudeljaeger__ohne_pc,control,0,0,1,13,-1,18,14,41,40,12,9,7,0,0
pc-84c30b84-3063,solidaritaet_ueberleben__mit_pc,control,1,1,0,13,3,19,14,47,31,13,8,11,0,0
pc-769faeef-3064,rudeljaeger__ohne_pc,control,0,1,1,4,10,7,5,9,1,4,1,10,0,0
pc-769faeef-3064,solidaritaet_ueberleben__mit_pc,control,1,0,0,4,0,8,4,9,1,4,1,0,0,0
pc-fd525e31-3065,rudeljaeger__ohne_pc,control,0,0,1,13,0,18,17,44,37,15,13,8,0,1
pc-fd525e31-3065,solidaritaet_ueberleben__mit_pc,control,1,1,0,13,2,17,17,57,26,16,12,10,0,0
pc-8404ed74-3066,rudeljaeger__ohne_pc,control,0,0,1,8,0,11,9,30,2,9,8,8,0,1
pc-8404ed74-3066,solidaritaet_ueberleben__mit_pc,control,1,1,0,8,2,13,11,35,1,11,4,10,0,0
pc-0ab79cb7-3067,rudeljaeger__ohne_pc,control,0,1,1,6,5,11,9,17,0,8,3,12,0,0
pc-0ab79cb7-3067,solidaritaet_ueberleben__mit_pc,control,1,0,0,6,-2,12,5,20,1,5,6,5,0,0
pc-916a2bf9-3068,rudeljaeger__ohne_pc,control,0,0,1,7,0,11,9,25,2,9,4,4,0,0
pc-916a2bf9-3068,solidaritaet_ueberleben__mit_pc,control,1,1,0,7,6,13,7,26,1,7,5,10,0,0
pc-181cdb3c-3069,rudeljaeger__ohne_pc,control,0,0,1,8,-4,11,11,27,4,10,6,4,0,0
pc-181cdb3c-3069,solidaritaet_ueberleben__mit_pc,control,1,1,0,8,6,13,10,31,1,9,9,14,0,0
pc-9ecf6a7e-3070,rudeljaeger__ohne_pc,control,0,1,1,7,6,11,10,22,4,9,5,12,0,0
pc-9ecf6a7e-3070,solidaritaet_ueberleben__mit_pc,control,1,0,0,7,-2,11,8,26,0,8,7,4,0,0
pc-258219c1-3071,rudeljaeger__ohne_pc,control,0,0,1,7,-1,12,10,19,5,8,2,3,0,0
pc-258219c1-3071,solidaritaet_ueberleben__mit_pc,control,1,1,0,7,7,13,7,26,1,7,7,11,0,0
pc-410ab4db-3072,rudeljaeger__ohne_pc,control,0,1,1,5,10,9,6,15,0,6,1,11,0,0
pc-410ab4db-3072,solidaritaet_ueberleben__mit_pc,control,1,0,0,5,-1,10,3,11,3,3,4,0,0,0
pc-c7bd441d-3073,rudeljaeger__ohne_pc,control,0,0,1,9,0,14,12,32,9,10,5,4,0,0
pc-c7bd441d-3073,solidaritaet_ueberleben__mit_pc,control,1,1,0,9,6,14,9,34,6,9,7,10,0,0
pc-4e6ff360-3074,rudeljaeger__ohne_pc,control,0,0,1,13,-2,17,17,47,33,15,13,9,0,1
pc-4e6ff360-3074,solidaritaet_ueberleben__mit_pc,control,1,1,0,13,1,18,17,58,24,17,13,12,1,0
pc-d52282a2-3075,rudeljaeger__ohne_pc,control,0,0,1,11,-2,16,14,36,22,13,6,8,0,0
pc-d52282a2-3075,solidaritaet_ueberleben__mit_pc,control,1,1,0,11,2,15,11,37,18,10,12,12,0,0
pc-5bd531e5-3076,rudeljaeger__ohne_pc,control,0,1,1,9,2,12,12,27,11,11,7,12,0,0
pc-5bd531e5-3076,solidaritaet_ueberleben__mit_pc,control,1,0,0,9,-2,14,10,33,5,10,9,8,0,0
pc-e287c127-3077,rudeljaeger__ohne_pc,control,0,1,1,10,1,14,13,34,11,11,10,10,0,0
pc-e287c127-3077,solidaritaet_ueberleben__mit_pc,control,1,0,0,10,0,15,13,45,5,12,7,9,0,0
pc-693a706a-3078,rudeljaeger__ohne_pc,control,0,0,1,8,0,13,9,26,5,9,3,9,0,1
pc-693a706a-3078,solidaritaet_ueberleben__mit_pc,control,1,1,0,8,1,13,8,31,3,8,5,10,0,0
pc-efed1fac-3079,rudeljaeger__ohne_pc,control,0,0,1,8,-4,11,11,26,5,10,2,6,0,0
pc-efed1fac-3079,solidaritaet_ueberleben__mit_pc,control,1,1,0,8,4,13,7,26,2,7,9,14,0,0
pc-e1c9a317-3080,rudeljaeger__ohne_pc,control,0,1,1,6,10,10,9,18,1,7,1,11,0,0
pc-e1c9a317-3080,solidaritaet_ueberleben__mit_pc,control,1,0,0,6,-1,12,4,18,3,4,4,0,0,0
pc-687c525a-3081,rudeljaeger__ohne_pc,control,0,0,1,9,-1,15,13,32,5,12,4,4,0,3
pc-687c525a-3081,solidaritaet_ueberleben__mit_pc,control,1,1,0,9,6,13,9,33,6,9,10,11,0,0
pc-ef2ee19c-3082,rudeljaeger__ohne_pc,control,0,1,1,6,2,10,7,17,1,6,4,10,0,0
pc-ef2ee19c-3082,solidaritaet_ueberleben__mit_pc,control,1,0,0,6,0,11,6,21,0,6,3,8,0,0
pc-75e190df-3083,rudeljaeger__ohne_pc,control,0,0,1,14,-2,18,18,49,47,18,14,4,0,1
pc-75e190df-3083,solidaritaet_ueberleben__mit_pc,control,1,1,0,14,6,21,18,59,35,18,15,12,0,0
pc-fc942021-3084,rudeljaeger__ohne_pc,control,0,1,1,6,10,10,8,21,0,8,5,10,0,0
pc-fc942021-3084,solidaritaet_ueberleben__mit_pc,control,1,0,0,6,0,12,8,20,0,8,3,0,0,0
pc-8346cf64-3085,rudeljaeger__ohne_pc,control,0,1,1,8,5,13,11,29,5,10,5,10,0,3
pc-8346cf64-3085,solidaritaet_ueberleben__mit_pc,control,1,0,0,8,0,13,9,32,3,8,6,5,0,0
pc-09f97ea7-3086,rudeljaeger__ohne_pc,control,0,1,1,6,4,10,6,19,0,6,2,11,0,1
pc-09f97ea7-3086,solidaritaet_ueberleben__mit_pc,control,1,0,0,6,-1,11,6,21,0,6,3,6,0,0
pc-90ac0de9-3087,rudeljaeger__ohne_pc,control,0,1,1,8,4,13,11,28,4,9,5,11,0,2
pc-90ac0de9-3087,solidaritaet_ueberleben__mit_pc,control,1,0,0,8,-1,14,10,32,3,9,7,6,0,0
pc-ac34a903-3088,rudeljaeger__ohne_pc,control,0,0,1,16,-2,22,20,53,72,18,14,7,0,2
pc-ac34a903-3088,solidaritaet_ueberleben__mit_pc,control,1,1,0,16,2,20,18,59,71,17,17,11,1,0
pc-32e75846-3089,rudeljaeger__ohne_pc,control,0,0,1,10,-1,15,13,35,10,11,10,6,0,1
pc-32e75846-3089,solidaritaet_ueberleben__mit_pc,control,1,1,0,10,4,17,12,45,4,12,7,11,0,0
pc-b999e788-3090,rudeljaeger__ohne_pc,control,0,1,1,11,3,15,14,35,25,13,11,11,0,0
pc-b999e788-3090,solidaritaet_ueberleben__mit_pc,control,1,0,0,11,-1,16,14,46,12,14,12,7,0,0
pc-404c96cb-3091,rudeljaeger__ohne_pc,control,0,1,1,4,8,8,4,9,1,4,1,11,0,0
pc-404c96cb-3091,solidaritaet_ueberleben__mit_pc,control,1,0,0,4,-1,9,3,8,1,3,1,2,0,0
pc-c6ff260d-3092,rudeljaeger__ohne_pc,control,0,1,1,6,4,11,8,20,1,7,3,10,0,0
pc-c6ff260d-3092,solidaritaet_ueberleben__mit_pc,control,1,0,0,6,0,11,6,19,2,6,3,6,0,0
pc-4db1d550-3093,rudeljaeger__ohne_pc,control,0,0,1,8,-1,11,9,21,13,7,3,9,0,0
pc-4db1d550-3093,solidaritaet_ueberleben__mit_pc,control,1,1,0,8,1,13,8,32,4,8,2,11,0,0
pc-d4646492-3094,rudeljaeger__ohne_pc,control,0,0,1,15,-2,21,19,51,57,17,14,8,0,0
pc-d4646492-3094,solidaritaet_ueberleben__mit_pc,control,1,1,0,15,2,21,19,64,47,18,14,12,0,0
pc-5b1713d5-3095,rudeljaeger__ohne_pc,control,0,0,1,15,0,19,11,35,70,10,13,6,0,0
pc-5b1713d5-3095,solidaritaet_ueberleben__mit_pc,control,1,1,0,15,3,20,18,64,48,17,7,9,0,0
pc-4cf3b740-3096,rudeljaeger__ohne_pc,control,0,0,1,13,-4,18,17,41,38,15,13,9,0,2
pc-4cf3b740-3096,solidaritaet_ueberleben__mit_pc,control,1,1,0,13,1,18,16,57,28,15,11,14,1,0
pc-d3a64682-3097,rudeljaeger__ohne_pc,control,0,1,1,4,10,7,4,9,0,4,0,10,0,0
pc-d3a64682-3097,solidaritaet_ueberleben__mit_pc,control,1,0,0,4,0,8,3,8,2,3,1,0,0,0
pc-5a58f5c5-3098,rudeljaeger__ohne_pc,control,0,1,1,7,5,11,8,25,3,8,5,12,0,1
pc-5a58f5c5-3098,solidaritaet_ueberleben__mit_pc,control,1,0,0,7,-2,11,9,25,3,9,5,5,0,0
pc-e10b8507-3099,rudeljaeger__ohne_pc,control,0,0,1,7,0,12,10,25,3,8,5,7,0,0
pc-e10b8507-3099,solidaritaet_ueberleben__mit_pc,control,1,1,0,7,3,12,8,28,0,8,4,10,0,0
pc-b48a6d1f-3100,rudeljaeger__ohne_pc,control,0,0,0,7,0,12,10,26,2,9,3,2,0,0
pc-b48a6d1f-3100,solidaritaet_ueberleben__mit_pc,control,1,1,1,7,8,12,7,26,1,7,6,10,0,0
pc-3b3d1c62-3101,rudeljaeger__ohne_pc,control,0,1,0,6,9,10,8,18,0,7,4,12,0,1
pc-3b3d1c62-3101,solidaritaet_ueberleben__mit_pc,control,1,0,1,6,-2,11,6,21,0,6,3,1,0,0
pc-a7252e9a-3102,rudeljaeger__ohne_pc,control,0,1,0,11,1,15,13,31,26,11,13,11,0,0
pc-a7252e9a-3102,solidaritaet_ueberleben__mit_pc,control,1,0,1,11,-1,17,15,47,13,14,10,9,0,0
pc-2dd7dddd-3103,rudeljaeger__ohne_pc,control,0,1,0,6,8,10,7,17,1,6,2,10,0,1
pc-2dd7dddd-3103,solidaritaet_ueberleben__mit_pc,control,1,0,1,6,0,11,6,20,1,6,3,2,0,0
pc-99bff015-3104,rudeljaeger__ohne_pc,control,0,0,0,12,-3,16,15,39,32,13,8,6,0,1
pc-99bff015-3104,solidaritaet_ueberleben__mit_pc,control,1,1,1,12,4,19,14,47,19,13,11,13,1,0
pc-20729f58-3105,rudeljaeger__ohne_pc,control,0,0,0,8,0,13,10,28,7,9,4,6,0,0
pc-20729f58-3105,solidaritaet_ueberleben__mit_pc,control,1,1,1,8,4,13,9,27,1,8,6,10,0,0
pc-8c5ab190-3106,rudeljaeger__ohne_pc,control,0,1,0,7,10,10,9,23,3,8,7,10,0,0
pc-8c5ab190-3106,solidaritaet_ueberleben__mit_pc,control,1,0,1,7,0,13,9,28,0,8,5,0,0,0
pc-130d40d3-3107,rudeljaeger__ohne_pc,control,0,0,0,9,-5,12,11,27,13,9,4,6,0,0
pc-130d40d3-3107,solidaritaet_ueberleben__mit_pc,control,1,1,1,9,4,14,10,38,6,9,7,15,0,0
pc-ea1f6733-3108,rudeljaeger__ohne_pc,control,0,0,0,9,0,14,12,30,11,10,8,5,0,0
pc-ea1f6733-3108,solidaritaet_ueberleben__mit_pc,control,1,1,1,9,5,13,12,42,1,11,8,10,1,0
pc-70d21676-3109,rudeljaeger__ohne_pc,control,0,1,0,7,7,13,8,24,0,8,4,12,0,0
pc-70d21676-3109,solidaritaet_ueberleben__mit_pc,control,1,0,1,7,-2,12,7,25,2,6,6,3,0,0
pc-dcba28ae-3110,rudeljaeger__ohne_pc,control,0,0,0,14,-4,19,18,50,43,16,9,6,0,0
pc-dcba28ae-3110,solidaritaet_ueberleben__mit_pc,control,1,1,1,14,4,19,14,54,37,13,16,14,0,0
pc-636cd7f1-3111,rudeljaeger__ohne_pc,control,0,0,0,12,-5,17,16,42,29,15,8,3,0,0
pc-636cd7f1-3111,solidaritaet_ueberleben__mit_pc,control,1,1,1,12,7,17,12,42,24,11,14,15,0,0
pc-cf54ea29-3112,rudeljaeger__ohne_pc,control,0,1,0,14,2,18,14,39,52,13,17,10,0,2
pc-cf54ea29-3112,solidaritaet_ueberleben__mit_pc,control,1,0,1,14,0,20,18,58,36,17,10,8,0,0
pc-5607996c-3113,rudeljaeger__ohne_pc,control,0,1,0,4,9,7,4,9,0,4,4,12,0,0
pc-5607996c-3113,solidaritaet_ueberleben__mit_pc,control,1,0,1,4,-2,8,5,10,0,5,1,1,0,0
pc-c1efaba4-3114,rudeljaeger__ohne_pc,control,0,0,0,9,-1,12,12,31,7,11,4,8,0,0
pc-c1efaba4-3114,solidaritaet_ueberleben__mit_pc,control,1,1,1,9,2,15,9,40,4,8,10,11,0,0
pc-48a25ae7-3115,rudeljaeger__ohne_pc,control,0,1,0,5,10,11,6,12,1,5,4,12,0,0
pc-48a25ae7-3115,solidaritaet_ueberleben__mit_pc,control,1,0,1,5,-2,11,5,13,1,5,3,0,0,0
pc-1fb46148-3116,rudeljaeger__ohne_pc,control,0,0,0,7,-2,12,9,25,2,8,4,7,0,0
pc-1fb46148-3116,solidaritaet_ueberleben__mit_pc,control,1,1,1,7,3,11,9,28,0,8,3,12,0,0
pc-a667108a-3117,rudeljaeger__ohne_pc,control,0,1,0,8,1,11,11,25,5,9,10,13,0,0
pc-a667108a-3117,solidaritaet_ueberleben__mit_pc,control,1,0,1,8,-3,14,11,32,2,11,7,9,0,0
pc-124f22c3-3118,rudeljaeger__ohne_pc,control,0,1,0,11,6,16,14,37,19,12,12,11,0,3
pc-124f22c3-3118,solidaritaet_ueberleben__mit_pc,control,1,0,1,11,-1,16,14,39,20,13,9,4,0,0
pc-9901d205-3119,rudeljaeger__ohne_pc,control,0,1,0,6,9,10,8,17,2,7,3,11,0,0
pc-9901d205-3119,solidaritaet_ueberleben__mit_pc,control,1,0,1,6,-1,11,6,18,3,6,4,1,0,0
pc-04e9e43e-3120,rudeljaeger__ohne_pc,control,0,1,0,13,6,17,17,47,36,15,14,10,0,2
pc-04e9e43e-3120,solidaritaet_ueberleben__mit_pc,control,1,0,1,13,0,19,17,55,27,16,12,4,0,0
pc-8b9c9380-3121,rudeljaeger__ohne_pc,control,0,0,0,13,-2,18,17,39,42,15,14,7,0,0
pc-8b9c9380-3121,solidaritaet_ueberleben__mit_pc,control,1,1,1,13,3,18,16,56,30,16,16,12,0,0
pc-f784a5b8-3122,rudeljaeger__ohne_pc,control,0,0,0,14,-3,19,18,48,45,16,16,9,0,3
pc-f784a5b8-3122,solidaritaet_ueberleben__mit_pc,control,1,1,1,14,1,19,18,65,29,17,17,13,1,0
pc-7e3754fb-3123,rudeljaeger__ohne_pc,control,0,1,0,5,4,10,6,13,1,6,1,11,0,0
pc-7e3754fb-3123,solidaritaet_ueberleben__mit_pc,control,1,0,1,5,-1,10,4,10,5,4,5,6,0,0
pc-55497b5c-3124,rudeljaeger__ohne_pc,control,0,0,0,9,-2,12,12,27,10,12,7,9,0,0
pc-55497b5c-3124,solidaritaet_ueberleben__mit_pc,control,1,1,1,9,1,14,11,36,6,10,12,12,0,0
pc-dbfc0a9e-3125,rudeljaeger__ohne_pc,control,0,1,0,6,10,10,7,20,1,7,5,12,0,0
pc-dbfc0a9e-3125,solidaritaet_ueberleben__mit_pc,control,1,0,1,6,-2,11,6,21,0,6,3,0,0,0
pc-47e43cd7-3126,rudeljaeger__ohne_pc,control,0,0,0,10,-5,15,14,36,14,12,6,9,0,0
pc-47e43cd7-3126,solidaritaet_ueberleben__mit_pc,control,1,1,1,10,1,16,11,39,8,10,11,15,0,0
pc-ce96cc19-3127,rudeljaeger__ohne_pc,control,0,0,0,7,-1,11,10,22,2,8,3,8,0,0
pc-ce96cc19-3127,solidaritaet_ueberleben__mit_pc,control,1,1,1,7,2,12,8,27,1,7,6,11,0,0
pc-3a7efe52-3128,rudeljaeger__ohne_pc,control,0,1,0,7,6,11,10,23,2,8,3,11,0,0
pc-3a7efe52-3128,solidaritaet_ueberleben__mit_pc,control,1,0,1,7,-1,10,6,26,1,6,5,4,0,0
pc-c1318d94-3129,rudeljaeger__ohne_pc,control,0,0,0,7,-1,13,10,26,2,10,5,9,0,0
pc-c1318d94-3129,solidaritaet_ueberleben__mit_pc,control,1,1,1,7,1,11,8,26,1,8,7,11,0,0
pc-2d19bfcd-3130,rudeljaeger__ohne_pc,control,0,0,0,7,-3,10,10,21,3,9,2,3,0,0
pc-2d19bfcd-3130,solidaritaet_ueberleben__mit_pc,control,1,1,1,7,7,13,6,24,1,6,7,13,0,0
pc-b3cc4f0f-3131,rudeljaeger__ohne_pc,control,0,0,0,8,-1,13,11,25,5,9,6,6,0,0
pc-b3cc4f0f-3131,solidaritaet_ueberleben__mit_pc,control,1,1,1,8,4,13,8,30,2,8,6,11,0,0
pc-8ade7570-3132,rudeljaeger__ohne_pc,control,0,1,0,4,10,7,4,10,0,4,2,11,0,0
pc-8ade7570-3132,solidaritaet_ueberleben__mit_pc,control,1,0,1,4,-1,9,4,10,0,4,2,0,0,0
pc-119104b3-3133,rudeljaeger__ohne_pc,control,0,0,0,8,-2,13,11,31,3,10,3,4,0,1
pc-119104b3-3133,solidaritaet_ueberleben__mit_pc,control,1,1,1,8,6,13,8,33,2,7,8,12,0,0
pc-7d7936eb-3134,rudeljaeger__ohne_pc,control,0,0,0,13,-2,17,17,48,35,15,10,9,0,2
pc-7d7936eb-3134,solidaritaet_ueberleben__mit_pc,control,1,1,1,13,1,18,14,53,31,13,11,12,0,0
pc-042bc62e-3135,rudeljaeger__ohne_pc,control,0,0,0,11,-2,16,15,39,17,14,6,3,0,2
pc-042bc62e-3135,solidaritaet_ueberleben__mit_pc,control,1,1,1,11,7,16,12,40,17,11,12,12,0,0
pc-7013f866-3136,rudeljaeger__ohne_pc,control,0,1,0,5,10,9,5,15,0,5,4,12,0,0
pc-7013f866-3136,solidaritaet_ueberleben__mit_pc,control,1,0,1,5,-2,9,6,12,0,6,1,0,0,0
pc-f6c687a8-3137,rudeljaeger__ohne_pc,control,0,1,0,4,9,8,5,9,0,4,2,10,0,0
pc-f6c687a8-3137,solidaritaet_ueberleben__mit_pc,control,1,0,1,4,0,10,3,9,1,3,1,1,0,0
pc-62aeb9e1-3138,rudeljaeger__ohne_pc,control,0,1,0,5,7,10,6,14,1,5,2,10,0,0
pc-62aeb9e1-3138,solidaritaet_ueberleben__mit_pc,control,1,0,1,5,0,10,4,14,1,4,3,3,0,0
pc-e9614923-3139,rudeljaeger__ohne_pc,control,0,0,0,9,-1,13,11,30,10,10,5,9,0,0
pc-e9614923-3139,solidaritaet_ueberleben__mit_pc,control,1,1,1,9,1,15,9,39,3,9,8,11,0,0
pc-c0736f84-3140,rudeljaeger__ohne_pc,control,0,0,0,14,-1,20,18,48,47,16,16,3,0,2
pc-c0736f84-3140,solidaritaet_ueberleben__mit_pc,control,1,1,1,14,7,19,17,53,44,16,15,11,0,0
pc-47261ec7-3141,rudeljaeger__ohne_pc,control,0,0,0,14,-3,19,18,46,46,16,12,6,0,1
pc-47261ec7-3141,solidaritaet_ueberleben__mit_pc,control,1,1,1,14,4,21,15,58,37,14,14,13,0,0
pc-b30e30ff-3142,rudeljaeger__ohne_pc,control,0,0,0,12,-4,16,15,45,25,13,11,4,0,0
pc-b30e30ff-3142,solidaritaet_ueberleben__mit_pc,control,1,1,1,12,6,17,14,54,12,13,13,14,0,0
pc-39c0c042-3143,rudeljaeger__ohne_pc,control,0,0,0,8,0,13,11,24,5,9,4,8,0,0
pc-39c0c042-3143,solidaritaet_ueberleben__mit_pc,control,1,1,1,8,2,12,8,32,2,7,4,10,0,0
pc-a5a8f27a-3144,rudeljaeger__ohne_pc,control,0,0,0,13,-1,17,16,44,38,14,8,5,0,3
pc-a5a8f27a-3144,solidaritaet_ueberleben__mit_pc,control,1,1,1,13,5,19,11,45,42,11,11,11,0,0
pc-2c5b81bd-3145,rudeljaeger__ohne_pc,control,0,0,0,12,0,15,15,41,28,14,13,7,0,4
pc-2c5b81bd-3145,solidaritaet_ueberleben__mit_pc,control,1,1,1,12,3,16,15,50,21,14,11,10,0,0
pc-9843b3f5-3146,rudeljaeger__ohne_pc,control,0,1,0,13,3,18,17,46,34,16,14,10,0,1
pc-9843b3f5-3146,solidaritaet_ueberleben__mit_pc,control,1,0,1,13,0,18,16,52,32,15,14,7,1,0
pc-1ef64338-3147,rudeljaeger__ohne_pc,control,0,0,0,14,-2,18,17,44,50,15,14,4,0,0
pc-1ef64338-3147,solidaritaet_ueberleben__mit_pc,control,1,1,1,14,6,19,17,57,37,16,14,12,2,0
pc-f6086998-3148,rudeljaeger__ohne_pc,control,0,0,0,13,-3,17,15,42,36,13,10,7,0,1
pc-f6086998-3148,solidaritaet_ueberleben__mit_pc,control,1,1,1,13,3,19,14,49,31,13,9,13,0,0
pc-7cbb18db-3149,rudeljaeger__ohne_pc,control,0,0,0,8,-5,12,11,24,6,10,4,7,0,0
pc-7cbb18db-3149,solidaritaet_ueberleben__mit_pc,control,1,1,1,8,3,13,9,26,2,8,8,15,1,0
pc-e8a32b13-3150,rudeljaeger__ohne_pc,control,0,0,0,12,-3,17,15,39,32,13,8,7,0,0
pc-e8a32b13-3150,solidaritaet_ueberleben__mit_pc,control,1,1,1,12,3,18,12,48,21,11,10,13,0,0
pc-6f55da56-3151,rudeljaeger__ohne_pc,control,0,1,0,6,6,11,9,20,1,8,3,10,0,0
pc-6f55da56-3151,solidaritaet_ueberleben__mit_pc,control,1,0,1,6,0,11,5,20,1,5,6,4,0,0
pc-db3dec8e-3152,rudeljaeger__ohne_pc,control,0,0,0,8,-4,13,12,26,5,10,6,8,0,0
pc-db3dec8e-3152,solidaritaet_ueberleben__mit_pc,control,1,1,1,8,2,13,9,31,1,8,7,14,0,0
pc-61f09bd1-3153,rudeljaeger__ohne_pc,control,0,1,0,4,6,8,5,10,0,5,0,10,0,0
pc-61f09bd1-3153,solidaritaet_ueberleben__mit_pc,control,1,0,1,4,0,9,3,8,1,3,4,4,0,0
pc-cdd8ae09-3154,rudeljaeger__ohne_pc,control,0,0,0,9,-2,13,12,34,5,12,8,5,0,1
pc-cdd8ae09-3154,solidaritaet_ueberleben__mit_pc,control,1,1,1,9,5,14,11,37,4,11,11,12,0,0
pc-548b5d4c-3155,rudeljaeger__ohne_pc,control,0,0,0,13,-1,17,16,44,35,15,13,7,0,1
pc-548b5d4c-3155,solidaritaet_ueberleben__mit_pc,control,1,1,1,13,3,18,17,63,21,16,14,11,0,0
pc-2b9d63ad-3156,rudeljaeger__ohne_pc,control,0,0,0,8,-6,13,11,22,7,10,4,8,0,0
pc-2b9d63ad-3156,solidaritaet_ueberleben__mit_pc,control,1,1,1,8,2,12,8,30,2,8,9,16,1,0
pc-b25012ef-3157,rudeljaeger__ohne_pc,control,0,0,0,9,0,12,12,28,12,10,7,3,0,0
pc-b25012ef-3157,solidaritaet_ueberleben__mit_pc,control,1,1,1,9,7,14,13,43,2,12,7,10,1,0
pc-1e382528-3158,rudeljaeger__ohne_pc,control,0,1,0,5,7,9,6,14,1,6,1,10,0,0
pc-1e382528-3158,solidaritaet_ueberleben__mit_pc,control,1,0,1,5,0,9,4,14,1,4,1,3,0,0
pc-a4ead46a-3159,rudeljaeger__ohne_pc,control,0,1,0,8,5,12,8,25,7,7,7,12,0,0
pc-a4ead46a-3159,solidaritaet_ueberleben__mit_pc,control,1,0,1,8,-2,13,10,35,1,10,4,5,0,0
pc-10d2e6a3-3160,rudeljaeger__ohne_pc,control,0,0,0,12,-3,18,15,38,32,13,13,9,0,3
pc-10d2e6a3-3160,solidaritaet_ueberleben__mit_pc,control,1,1,1,12,1,18,16,48,19,15,10,13,2,0
pc-978595e5-3161,rudeljaeger__ohne_pc,control,0,0,0,8,-3,12,12,31,4,10,3,7,0,0
pc-978595e5-3161,solidaritaet_ueberleben__mit_pc,control,1,1,1,8,3,13,8,31,3,8,8,13,0,0
pc-036da81e-3162,rudeljaeger__ohne_pc,control,0,0,0,10,-3,15,13,34,15,12,6,6,0,2
pc-036da81e-3162,solidaritaet_ueberleben__mit_pc,control,1,1,1,10,4,16,11,42,7,11,10,13,0,0
pc-8a205760-3163,rudeljaeger__ohne_pc,control,0,1,0,12,7,18,16,39,30,15,12,10,0,2
pc-8a205760-3163,solidaritaet_ueberleben__mit_pc,control,1,0,1,12,0,16,15,47,24,14,14,3,2,0
pc-07e27c7e-3164,rudeljaeger__ohne_pc,control,0,0,0,10,-4,16,14,40,14,14,4,4,0,0
pc-07e27c7e-3164,solidaritaet_ueberleben__mit_pc,control,1,1,1,10,6,14,8,30,15,8,13,14,0,0
pc-8e950bc0-3165,rudeljaeger__ohne_pc,control,0,1,0,8,5,11,11,27,4,9,8,10,0,2
pc-8e950bc0-3165,solidaritaet_ueberleben__mit_pc,control,1,0,1,8,0,11,11,29,3,10,4,5,0,0
pc-fa7d3df8-3166,rudeljaeger__ohne_pc,control,0,1,0,5,8,8,5,14,1,5,1,10,0,0
pc-fa7d3df8-3166,solidaritaet_ueberleben__mit_pc,control,1,0,1,5,0,9,5,15,0,5,4,2,0,0
pc-812fcd3b-3167,rudeljaeger__ohne_pc,control,0,1,0,7,7,11,9,26,2,9,5,12,0,1
pc-812fcd3b-3167,solidaritaet_ueberleben__mit_pc,control,1,0,1,7,-2,12,8,27,1,8,5,3,0,0
pc-ed17ff73-3168,rudeljaeger__ohne_pc,control,0,0,0,16,0,20,20,53,69,18,15,7,0,2
pc-ed17ff73-3168,solidaritaet_ueberleben__mit_pc,control,1,1,1,16,2,23,19,66,59,18,16,9,1,0
pc-73ca8eb6-3169,rudeljaeger__ohne_pc,control,0,1,0,6,10,10,8,20,1,7,4,10,0,0
pc-73ca8eb6-3169,solidaritaet_ueberleben__mit_pc,control,1,0,1,6,0,10,7,21,0,7,5,0,0,0
pc-dfb2a0ee-3170,rudeljaeger__ohne_pc,control,0,0,0,10,-1,15,14,34,12,13,5,6,0,0
pc-dfb2a0ee-3170,solidaritaet_ueberleben__mit_pc,control,1,1,1,10,4,14,11,34,14,10,13,11,1,0
pc-66655031-3171,rudeljaeger__ohne_pc,control,0,0,0,12,0,16,15,38,30,13,8,4,0,0
pc-66655031-3171,solidaritaet_ueberleben__mit_pc,control,1,1,1,12,6,16,11,41,27,11,12,10,0,0
pc-3d777692-3172,rudeljaeger__ohne_pc,control,0,0,0,8,-1,13,11,29,3,10,5,4,0,0
pc-3d777692-3172,solidaritaet_ueberleben__mit_pc,control,1,1,1,8,6,14,10,33,2,10,9,11,0,0
pc-c42a05d4-3173,rudeljaeger__ohne_pc,control,0,0,0,8,-1,13,12,29,7,11,5,7,0,0
pc-c42a05d4-3173,solidaritaet_ueberleben__mit_pc,control,1,1,1,8,3,13,10,34,1,9,9,11,0,0
pc-3012380d-3174,rudeljaeger__ohne_pc,control,0,1,0,15,1,21,19,50,62,17,16,9,0,3
pc-3012380d-3174,solidaritaet_ueberleben__mit_pc,control,1,0,1,15,0,21,19,62,48,18,14,8,0,0
pc-b6c4c74f-3175,rudeljaeger__ohne_pc,control,0,0,0,12,-2,15,15,41,32,13,11,7,0,2
pc-b6c4c74f-3175,solidaritaet_ueberleben__mit_pc,control,1,1,1,12,3,18,15,52,14,14,10,12,1,0
pc-22acf988-3176,rudeljaeger__ohne_pc,control,0,0,0,12,-3,15,15,38,31,14,12,7,0,2
pc-22acf988-3176,solidaritaet_ueberleben__mit_pc,control,1,1,1,12,3,18,15,50,19,14,13,13,1,0
pc-a95f88ca-3177,rudeljaeger__ohne_pc,control,0,0,0,13,0,18,17,47,33,15,12,5,0,2
pc-a95f88ca-3177,solidaritaet_ueberleben__mit_pc,control,1,1,1,13,5,18,16,52,28,16,12,10,0,0
pc-1547bb03-3178,rudeljaeger__ohne_pc,control,0,0,0,16,-4,21,20,53,74,18,19,7,0,3
pc-1547bb03-3178,solidaritaet_ueberleben__mit_pc,control,1,1,1,16,2,20,20,68,54,19,16,13,0,0
pc-9bfa4a45-3179,rudeljaeger__ohne_pc,control,0,1,0,7,8,11,8,20,1,6,3,11,0,0
pc-9bfa4a45-3179,solidaritaet_ueberleben__mit_pc,control,1,0,1,7,-1,11,6,25,2,6,1,2,0,0
pc-730c70a6-3180,rudeljaeger__ohne_pc,control,0,0,0,7,0,12,7,24,4,7,1,7,0,1
pc-730c70a6-3180,solidaritaet_ueberleben__mit_pc,control,1,1,1,7,3,12,6,24,2,6,7,10,0,0
pc-f9bf1fe8-3181,rudeljaeger__ohne_pc,control,0,0,0,12,0,15,15,42,26,14,6,8,0,0
pc-f9bf1fe8-3181,solidaritaet_ueberleben__mit_pc,control,1,1,1,12,2,19,11,42,24,10,12,10,0,0
pc-65a73221-3182,rudeljaeger__ohne_pc,control,0,0,0,11,-1,15,15,33,24,13,6,6,0,0
pc-65a73221-3182,solidaritaet_ueberleben__mit_pc,control,1,1,1,11,4,16,10,38,23,10,10,11,0,0
pc-ec59c163-3183,rudeljaeger__ohne_pc,control,0,0,0,14,-1,18,17,46,48,15,17,8,0,3
pc-ec59c163-3183,solidaritaet_ueberleben__mit_pc,control,1,1,1,14,2,19,18,60,37,18,15,11,0,0
pc-5841f39c-3184,rudeljaeger__ohne_pc,control,0,1,0,6,10,10,7,19,1,6,4,12,0,0
pc-5841f39c-3184,solidaritaet_ueberleben__mit_pc,control,1,0,1,6,-2,10,5,19,2,5,3,0,0,0
pc-def482de-3185,rudeljaeger__ohne_pc,control,0,1,0,10,5,13,13,33,16,12,10,11,0,1
pc-def482de-3185,solidaritaet_ueberleben__mit_pc,control,1,0,1,10,-1,13,13,41,6,12,9,5,0,0
pc-4adcb517-3186,rudeljaeger__ohne_pc,control,0,1,0,6,6,10,7,19,1,7,5,11,0,0
pc-4adcb517-3186,solidaritaet_ueberleben__mit_pc,control,1,0,1,6,-1,12,6,19,2,6,2,4,0,0
pc-d18f4459-3187,rudeljaeger__ohne_pc,control,0,1,0,13,6,19,14,43,39,13,14,12,0,2
pc-d18f4459-3187,solidaritaet_ueberleben__mit_pc,control,1,0,1,13,-2,19,17,51,31,16,9,4,0,0
pc-a8a16aba-3188,rudeljaeger__ohne_pc,control,0,1,0,6,5,9,9,18,3,8,2,10,0,0
pc-a8a16aba-3188,solidaritaet_ueberleben__mit_pc,control,1,0,1,6,0,11,6,21,0,5,7,5,0,0
pc-2f5419fd-3189,rudeljaeger__ohne_pc,control,0,0,0,9,-5,13,11,33,8,9,5,6,0,3
pc-2f5419fd-3189,solidaritaet_ueberleben__mit_pc,control,1,1,1,9,4,14,11,37,7,10,6,15,0,0
pc-9b3c2c35-3190,rudeljaeger__ohne_pc,control,0,1,0,7,10,12,8,22,1,7,5,13,0,1
pc-9b3c2c35-3190,solidaritaet_ueberleben__mit_pc,control,1,0,1,7,-3,12,7,26,1,7,3,0,0,0
pc-21eedb78-3191,rudeljaeger__ohne_pc,control,0,1,0,5,9,8,6,15,0,6,0,10,0,0
pc-21eedb78-3191,solidaritaet_ueberleben__mit_pc,control,1,0,1,5,0,10,4,14,1,3,5,1,0,0
pc-8dd6edb0-3192,rudeljaeger__ohne_pc,control,0,1,0,15,3,21,18,49,58,16,18,12,0,2
pc-8dd6edb0-3192,solidaritaet_ueberleben__mit_pc,control,1,0,1,15,-2,21,19,62,49,18,13,7,0,0
pc-14899cf3-3193,rudeljaeger__ohne_pc,control,0,0,0,8,-2,13,11,23,9,10,5,8,0,0
pc-14899cf3-3193,solidaritaet_ueberleben__mit_pc,control,1,1,1,8,2,13,8,28,2,8,9,12,0,0
pc-8071af2b-3194,rudeljaeger__ohne_pc,control,0,0,0,8,-3,12,11,20,10,9,4,8,0,0
pc-8071af2b-3194,solidaritaet_ueberleben__mit_pc,control,1,1,1,8,2,14,8,26,2,8,7,13,0,0
pc-07245e6e-3195,rudeljaeger__ohne_pc,control,0,0,0,8,0,13,9,25,3,9,7,7,0,1
pc-07245e6e-3195,solidaritaet_ueberleben__mit_pc,control,1,1,1,8,3,14,9,30,1,9,6,10,0,0
pc-de3664ce-3196,rudeljaeger__ohne_pc,control,0,0,0,8,-4,13,9,26,4,8,5,7,0,0
pc-de3664ce-3196,solidaritaet_ueberleben__mit_pc,control,1,1,1,8,3,13,8,28,5,8,5,14,0,0
pc-64e91411-3197,rudeljaeger__ohne_pc,control,0,0,0,15,-1,21,19,50,57,17,13,9,0,0
pc-64e91411-3197,solidaritaet_ueberleben__mit_pc,control,1,1,1,15,1,20,16,58,53,15,17,11,0,0
pc-d0d12649-3198,rudeljaeger__ohne_pc,control,0,0,0,8,-3,12,11,24,7,10,3,7,0,0
pc-d0d12649-3198,solidaritaet_ueberleben__mit_pc,control,1,1,1,8,3,11,8,30,3,8,6,13,0,0
pc-5783d58c-3199,rudeljaeger__ohne_pc,control,0,0,0,7,-1,10,8,25,3,7,3,9,0,0
pc-5783d58c-3199,solidaritaet_ueberleben__mit_pc,control,1,1,1,7,1,13,7,26,1,7,6,11,0,0
pc-398527fa-3200,rudeljaeger__ohne_pc,control,0,1,1,6,8,10,8,21,0,8,3,12,0,0
pc-398527fa-3200,urzeitliche_kolosse__ohne_pc,control,1,0,0,6,-2,11,7,19,2,6,5,2,0,0
pc-c037d73c-3201,rudeljaeger__ohne_pc,control,0,1,1,7,6,11,9,26,1,8,4,12,0,0
pc-c037d73c-3201,urzeitliche_kolosse__ohne_pc,control,1,0,0,7,-2,12,7,23,5,6,5,4,0,0
pc-46ea667f-3202,rudeljaeger__ohne_pc,control,0,0,1,8,-2,12,11,32,3,9,4,8,0,1
pc-46ea667f-3202,urzeitliche_kolosse__ohne_pc,control,1,1,0,8,2,13,9,34,2,8,8,12,0,2
pc-cd9d15c1-3203,rudeljaeger__ohne_pc,control,0,1,1,7,3,11,10,23,0,8,6,10,0,0
pc-cd9d15c1-3203,urzeitliche_kolosse__ohne_pc,control,1,0,0,7,0,13,8,26,2,8,6,7,0,0
pc-1ebaaaf0-3204,rudeljaeger__ohne_pc,control,0,1,1,5,4,9,5,14,1,4,0,13,0,0
pc-1ebaaaf0-3204,urzeitliche_kolosse__ohne_pc,control,1,0,0,5,-3,10,3,12,3,3,3,6,0,0
pc-a56d5a32-3205,rudeljaeger__ohne_pc,control,0,1,1,7,5,11,8,26,0,8,3,13,0,0
pc-a56d5a32-3205,urzeitliche_kolosse__ohne_pc,control,1,0,0,7,-3,12,7,27,1,6,3,5,0,0
pc-2c1fe975-3206,rudeljaeger__ohne_pc,control,0,1,1,6,6,11,8,20,1,8,4,10,0,0
pc-2c1fe975-3206,urzeitliche_kolosse__ohne_pc,control,1,0,0,6,0,11,7,20,1,6,5,4,0,0
pc-b2d298b7-3207,rudeljaeger__ohne_pc,control,0,1,1,7,1,10,10,24,2,9,9,11,0,0
pc-b2d298b7-3207,urzeitliche_kolosse__ohne_pc,control,1,0,0,7,-1,12,10,26,1,9,5,9,0,0
pc-6f1a220e-3208,rudeljaeger__ohne_pc,control,0,1,1,4,7,8,5,7,0,5,0,11,0,0
pc-6f1a220e-3208,urzeitliche_kolosse__ohne_pc,control,1,0,0,4,-1,10,2,6,3,2,3,3,0,0
pc-f5ccd150-3209,rudeljaeger__ohne_pc,control,0,1,1,6,10,10,7,19,1,6,3,11,0,0
pc-f5ccd150-3209,urzeitliche_kolosse__ohne_pc,control,1,0,0,6,-1,10,6,20,1,6,3,0,0,1
pc-7c7f6093-3210,rudeljaeger__ohne_pc,control,0,1,1,7,7,11,10,21,3,9,4,11,0,0
pc-7c7f6093-3210,urzeitliche_kolosse__ohne_pc,control,1,0,0,7,-1,12,6,22,6,6,7,3,0,2
pc-03320fd6-3211,rudeljaeger__ohne_pc,control,0,0,1,11,-3,17,13,35,27,12,10,3,0,0
pc-03320fd6-3211,urzeitliche_kolosse__ohne_pc,control,1,1,0,11,7,15,14,55,4,13,8,13,0,2
pc-544fa504-3212,rudeljaeger__ohne_pc,control,0,1,1,9,4,13,13,32,6,12,7,13,0,0
pc-544fa504-3212,urzeitliche_kolosse__ohne_pc,control,1,0,0,9,-3,14,12,43,1,11,9,6,0,0
pc-db025446-3213,rudeljaeger__ohne_pc,control,0,1,1,5,6,10,4,14,1,4,1,10,0,0
pc-db025446-3213,urzeitliche_kolosse__ohne_pc,control,1,0,0,5,0,10,4,13,2,4,1,4,0,0
pc-61b4e389-3214,rudeljaeger__ohne_pc,control,0,1,1,7,2,10,10,20,5,9,7,11,0,0
pc-61b4e389-3214,urzeitliche_kolosse__ohne_pc,control,1,0,0,7,-1,11,9,25,2,8,6,8,0,0
pc-e86792cb-3215,rudeljaeger__ohne_pc,control,0,0,1,9,-2,13,12,31,6,11,8,8,0,0
pc-e86792cb-3215,urzeitliche_kolosse__ohne_pc,control,1,1,0,9,2,13,11,35,5,10,8,12,0,0
pc-a4af3c22-3216,rudeljaeger__ohne_pc,control,0,0,1,6,0,10,6,18,2,6,3,1,0,0
pc-a4af3c22-3216,urzeitliche_kolosse__ohne_pc,control,1,1,0,6,9,12,6,19,0,6,5,10,0,0
pc-2b61cb65-3217,rudeljaeger__ohne_pc,control,0,0,1,9,-1,14,13,31,7,11,7,6,0,0
pc-2b61cb65-3217,urzeitliche_kolosse__ohne_pc,control,1,1,0,9,4,14,10,42,1,10,9,11,0,3
pc-b2147aa7-3218,rudeljaeger__ohne_pc,control,0,1,1,7,4,12,10,26,2,9,7,10,0,0
pc-b2147aa7-3218,urzeitliche_kolosse__ohne_pc,control,1,0,0,7,0,12,8,26,2,7,7,6,0,1
pc-38c709ea-3219,rudeljaeger__ohne_pc,control,0,1,1,8,4,12,11,27,5,10,6,12,0,0
pc-38c709ea-3219,urzeitliche_kolosse__ohne_pc,control,1,0,0,8,-2,13,10,32,3,9,6,6,0,1
pc-89e4bf18-3220,rudeljaeger__ohne_pc,control,0,0,1,13,-1,17,17,43,38,16,5,8,0,0
pc-89e4bf18-3220,urzeitliche_kolosse__ohne_pc,control,1,1,0,13,2,18,12,37,41,10,14,11,0,0
pc-10974e5b-3221,rudeljaeger__ohne_pc,control,0,1,1,7,6,10,10,23,2,9,6,11,0,0
pc-10974e5b-3221,urzeitliche_kolosse__ohne_pc,control,1,0,0,7,-1,12,8,25,2,7,6,4,0,0
pc-9749fd9d-3222,rudeljaeger__ohne_pc,control,0,0,1,8,0,12,11,28,5,9,5,9,0,0
pc-9749fd9d-3222,urzeitliche_kolosse__ohne_pc,control,1,1,0,8,1,14,8,33,2,8,6,10,0,0
pc-1dfc8ce0-3223,rudeljaeger__ohne_pc,control,0,0,1,6,0,10,6,19,2,6,3,2,0,0
pc-1dfc8ce0-3223,urzeitliche_kolosse__ohne_pc,control,1,1,0,6,8,10,7,20,1,7,3,10,0,0
pc-da443636-3224,rudeljaeger__ohne_pc,control,0,1,1,7,6,10,9,24,3,9,3,11,0,2
pc-da443636-3224,urzeitliche_kolosse__ohne_pc,control,1,0,0,7,-1,11,8,27,1,7,7,4,0,2
pc-60f6c579-3225,rudeljaeger__ohne_pc,control,0,1,1,12,1,17,16,38,30,14,10,12,0,0
pc-60f6c579-3225,urzeitliche_kolosse__ohne_pc,control,1,0,0,12,-2,16,15,51,17,13,13,9,0,1
pc-e7a974bb-3226,rudeljaeger__ohne_pc,control,0,1,1,12,1,15,15,42,29,15,11,12,0,0
pc-e7a974bb-3226,urzeitliche_kolosse__ohne_pc,control,1,0,0,12,-2,17,15,47,23,13,14,9,0,3
pc-6e5c03fe-3227,rudeljaeger__ohne_pc,control,0,0,1,12,-5,15,15,40,31,13,10,3,0,0
pc-6e5c03fe-3227,urzeitliche_kolosse__ohne_pc,control,1,1,0,12,7,16,15,47,21,13,12,15,0,0
pc-bf79b92c-3228,rudeljaeger__ohne_pc,control,0,0,1,8,-1,13,11,29,5,10,3,7,0,1
pc-bf79b92c-3228,urzeitliche_kolosse__ohne_pc,control,1,1,0,8,3,14,8,33,3,8,9,11,0,0
pc-462c486f-3229,rudeljaeger__ohne_pc,control,0,1,1,7,3,12,10,26,0,9,2,11,0,0
pc-462c486f-3229,urzeitliche_kolosse__ohne_pc,control,1,0,0,7,-1,11,6,25,3,5,5,7,0,0
pc-ccdef7b1-3230,rudeljaeger__ohne_pc,control,0,1,1,8,2,11,11,24,6,10,5,13,0,2
pc-ccdef7b1-3230,urzeitliche_kolosse__ohne_pc,control,1,0,0,8,-3,13,8,33,2,7,7,8,0,2
pc-539186f4-3231,rudeljaeger__ohne_pc,control,0,1,1,4,5,8,5,10,0,5,1,10,0,0
pc-539186f4-3231,urzeitliche_kolosse__ohne_pc,control,1,0,0,4,0,9,4,10,0,3,4,5,0,0
pc-0fd9304b-3232,rudeljaeger__ohne_pc,control,0,1,1,6,5,10,9,18,1,7,5,12,0,0
pc-0fd9304b-3232,urzeitliche_kolosse__ohne_pc,control,1,0,0,6,-2,12,7,20,1,7,4,5,0,0
pc-968bdf8d-3233,rudeljaeger__ohne_pc,control,0,1,1,7,10,12,7,19,7,7,3,10,0,0
pc-968bdf8d-3233,urzeitliche_kolosse__ohne_pc,control,1,0,0,7,0,11,7,24,4,6,3,0,0,2
pc-1d3e6ed0-3234,rudeljaeger__ohne_pc,control,0,1,1,4,4,7,4,10,0,4,3,11,0,0
pc-1d3e6ed0-3234,urzeitliche_kolosse__ohne_pc,control,1,0,0,4,-1,9,4,7,2,4,0,6,0,0
pc-a3f11e12-3235,rudeljaeger__ohne_pc,control,0,0,1,6,-4,9,6,20,1,6,2,4,0,1
pc-a3f11e12-3235,urzeitliche_kolosse__ohne_pc,control,1,1,0,6,6,11,7,17,0,6,4,14,0,0
pc-f50eb340-3236,rudeljaeger__ohne_pc,control,0,1,1,4,10,7,4,10,0,4,1,11,0,0
pc-f50eb340-3236,urzeitliche_kolosse__ohne_pc,control,1,0,0,4,-1,8,3,8,2,3,1,0,0,0
pc-7bc14283-3237,rudeljaeger__ohne_pc,control,0,1,1,4,7,8,3,9,1,3,0,12,0,0
pc-7bc14283-3237,urzeitliche_kolosse__ohne_pc,control,1,0,0,4,-2,10,2,7,3,2,0,3,0,0
pc-0273f1c6-3238,rudeljaeger__ohne_pc,control,0,1,1,5,6,9,5,14,1,5,3,10,0,0
pc-0273f1c6-3238,urzeitliche_kolosse__ohne_pc,control,1,0,0,5,0,10,6,14,1,5,2,4,0,0
pc-89268108-3239,rudeljaeger__ohne_pc,control,0,1,1,6,10,11,8,18,1,8,1,13,0,0
pc-89268108-3239,urzeitliche_kolosse__ohne_pc,control,1,0,0,6,-3,11,5,18,3,5,4,0,0,0
pc-456e2a5f-3240,rudeljaeger__ohne_pc,control,0,0,1,9,-1,13,12,29,10,12,3,7,0,0
pc-456e2a5f-3240,urzeitliche_kolosse__ohne_pc,control,1,1,0,9,3,14,9,32,4,8,10,11,0,0
pc-cc20d9a1-3241,rudeljaeger__ohne_pc,control,0,0,1,4,-1,8,2,7,3,2,2,0,0,0
pc-cc20d9a1-3241,urzeitliche_kolosse__ohne_pc,control,1,1,0,4,10,9,4,10,0,4,1,11,0,0
pc-52d368e4-3242,rudeljaeger__ohne_pc,control,0,1,1,4,3,8,4,8,1,4,2,10,0,0
pc-52d368e4-3242,urzeitliche_kolosse__ohne_pc,control,1,0,0,4,0,7,3,7,2,3,2,7,0,0
pc-d9861826-3243,rudeljaeger__ohne_pc,control,0,1,1,6,3,11,8,21,0,8,4,11,0,0
pc-d9861826-3243,urzeitliche_kolosse__ohne_pc,control,1,0,0,6,-1,12,7,20,1,7,3,7,0,0
pc-2aa3ad55-3244,rudeljaeger__ohne_pc,control,0,0,1,8,-1,12,9,27,5,9,5,9,0,0
pc-2aa3ad55-3244,urzeitliche_kolosse__ohne_pc,control,1,1,0,8,1,12,9,35,1,9,6,11,0,0
pc-b1565c97-3245,rudeljaeger__ohne_pc,control,0,0,1,9,-3,13,8,25,13,7,6,8,0,3
pc-b1565c97-3245,urzeitliche_kolosse__ohne_pc,control,1,1,0,9,2,15,10,38,2,9,3,13,0,0
pc-3808ebda-3246,rudeljaeger__ohne_pc,control,0,1,1,7,2,13,10,27,0,8,4,12,0,0
pc-3808ebda-3246,urzeitliche_kolosse__ohne_pc,control,1,0,0,7,-2,12,10,26,0,8,5,8,0,0
pc-bebb9b1c-3247,rudeljaeger__ohne_pc,control,0,1,1,7,6,12,8,19,5,7,4,11,0,0
pc-bebb9b1c-3247,urzeitliche_kolosse__ohne_pc,control,1,0,0,7,-1,12,8,26,2,7,4,4,0,0
pc-7b032473-3248,rudeljaeger__ohne_pc,control,0,0,1,11,0,16,13,35,24,12,11,8,0,1
pc-7b032473-3248,urzeitliche_kolosse__ohne_pc,control,1,1,0,11,2,17,14,48,10,12,12,10,0,3
pc-01b5d3b6-3249,rudeljaeger__ohne_pc,control,0,1,1,7,10,11,8,24,1,8,4,11,0,1
pc-01b5d3b6-3249,urzeitliche_kolosse__ohne_pc,control,1,0,0,7,-1,12,8,24,4,6,4,0,0,2
pc-886862f8-3250,rudeljaeger__ohne_pc,control,0,1,1,3,10,6,3,6,0,3,0,10,0,0
pc-886862f8-3250,urzeitliche_kolosse__ohne_pc,control,1,0,0,3,0,8,1,3,3,1,0,0,0,0
pc-0f1b123b-3251,rudeljaeger__ohne_pc,control,0,1,1,7,3,10,10,25,2,8,5,11,0,2
pc-0f1b123b-3251,urzeitliche_kolosse__ohne_pc,control,1,0,0,7,-1,12,8,27,1,8,6,7,0,0
pc-6038a769-3252,rudeljaeger__ohne_pc,control,0,0,1,10,-1,14,14,36,14,12,8,9,0,0
pc-6038a769-3252,urzeitliche_kolosse__ohne_pc,control,1,1,0,10,1,14,13,42,7,11,8,11,0,0
pc-e6eb56ab-3253,rudeljaeger__ohne_pc,control,0,0,1,9,-4,14,12,29,10,11,6,7,0,0
pc-e6eb56ab-3253,urzeitliche_kolosse__ohne_pc,control,1,1,0,9,3,15,9,39,2,9,10,14,0,0
pc-6d9de5ee-3254,rudeljaeger__ohne_pc,control,0,1,1,13,2,18,17,44,36,16,13,10,0,2
pc-6d9de5ee-3254,urzeitliche_kolosse__ohne_pc,control,1,0,0,13,0,17,16,60,19,14,14,8,0,5
pc-f4509530-3255,rudeljaeger__ohne_pc,control,0,0,1,8,-2,13,9,25,3,8,4,4,0,0
pc-f4509530-3255,urzeitliche_kolosse__ohne_pc,control,1,1,0,8,6,13,9,35,1,9,5,12,0,1
pc-b0983e87-3256,rudeljaeger__ohne_pc,control,0,1,1,3,7,9,4,6,0,4,1,10,0,0
pc-b0983e87-3256,urzeitliche_kolosse__ohne_pc,control,1,0,0,3,0,9,2,5,1,2,1,3,0,0
pc-374acdca-3257,rudeljaeger__ohne_pc,control,0,0,1,8,-3,13,12,31,4,10,5,5,0,0
pc-374acdca-3257,urzeitliche_kolosse__ohne_pc,control,1,1,0,8,5,12,9,27,3,8,8,13,0,0
pc-bdfd7d0c-3258,rudeljaeger__ohne_pc,control,0,0,1,9,0,13,12,31,7,11,5,5,0,2
pc-bdfd7d0c-3258,urzeitliche_kolosse__ohne_pc,control,1,1,0,9,5,14,9,36,5,9,10,10,0,3
pc-44b00c4f-3259,rudeljaeger__ohne_pc,control,0,0,1,9,-4,12,9,26,10,8,4,6,0,0
pc-44b00c4f-3259,urzeitliche_kolosse__ohne_pc,control,1,1,0,9,4,14,8,34,2,8,3,14,0,0
pc-95cda17d-3260,rudeljaeger__ohne_pc,control,0,0,1,11,0,15,13,41,24,12,10,8,0,2
pc-95cda17d-3260,urzeitliche_kolosse__ohne_pc,control,1,1,0,11,2,17,14,53,6,12,10,10,0,6
pc-1c8050c0-3261,rudeljaeger__ohne_pc,control,0,0,1,8,-1,13,8,20,8,6,3,9,0,0
pc-1c8050c0-3261,urzeitliche_kolosse__ohne_pc,control,1,1,0,8,1,13,7,27,5,7,1,11,0,0
pc-a332e002-3262,rudeljaeger__ohne_pc,control,0,1,1,5,6,10,7,15,0,6,2,10,0,0
pc-a332e002-3262,urzeitliche_kolosse__ohne_pc,control,1,0,0,5,0,11,4,13,2,4,3,4,0,0
pc-29e58f45-3263,rudeljaeger__ohne_pc,control,0,1,1,9,1,13,10,31,10,9,7,13,0,0
pc-29e58f45-3263,urzeitliche_kolosse__ohne_pc,control,1,0,0,9,-3,14,11,38,5,10,8,9,0,0
pc-8cdd3758-3264,rudeljaeger__ohne_pc,control,0,1,1,6,7,10,7,20,1,7,4,10,0,0
pc-8cdd3758-3264,urzeitliche_kolosse__ohne_pc,control,1,0,0,6,0,10,6,18,3,6,6,3,0,0
pc-138fc69b-3265,rudeljaeger__ohne_pc,control,0,0,1,9,-3,13,12,30,12,11,5,4,0,0
pc-138fc69b-3265,urzeitliche_kolosse__ohne_pc,control,1,1,0,9,6,12,9,37,6,8,9,13,0,1
pc-9a4275dd-3266,rudeljaeger__ohne_pc,control,0,1,1,6,1,10,9,20,1,9,2,11,0,0
pc-9a4275dd-3266,urzeitliche_kolosse__ohne_pc,control,1,0,0,6,-1,10,7,20,1,6,6,9,0,0
pc-20f50520-3267,rudeljaeger__ohne_pc,control,0,1,1,7,4,10,10,23,2,10,6,10,0,0
pc-20f50520-3267,urzeitliche_kolosse__ohne_pc,control,1,0,0,7,0,13,8,26,2,8,7,6,0,0
pc-7212ba4e-3268,rudeljaeger__ohne_pc,control,0,1,1,6,8,11,6,17,3,6,2,11,0,0
pc-7212ba4e-3268,urzeitliche_kolosse__ohne_pc,control,1,0,0,6,-1,11,6,19,0,5,4,2,0,0
pc-f8c54990-3269,rudeljaeger__ohne_pc,control,0,0,1,7,0,11,10,24,3,10,3,7,0,0
pc-f8c54990-3269,urzeitliche_kolosse__ohne_pc,control,1,1,0,7,3,12,7,25,3,6,8,10,0,0
pc-7f77f8d3-3270,rudeljaeger__ohne_pc,control,0,1,1,5,10,9,6,15,0,6,0,13,0,0
pc-7f77f8d3-3270,urzeitliche_kolosse__ohne_pc,control,1,0,0,5,-3,10,3,12,3,3,5,0,0,0
pc-062a8816-3271,rudeljaeger__ohne_pc,control,0,1,1,5,6,10,7,14,0,5,3,11,0,0
pc-062a8816-3271,urzeitliche_kolosse__ohne_pc,control,1,0,0,5,-1,10,4,14,1,4,3,4,0,0
pc-c272316c-3272,rudeljaeger__ohne_pc,control,0,0,1,8,0,12,11,27,4,9,6,6,0,2
pc-c272316c-3272,urzeitliche_kolosse__ohne_pc,control,1,1,0,8,4,13,10,34,2,9,5,10,0,0
pc-4924c0af-3273,rudeljaeger__ohne_pc,control,0,0,1,5,0,8,3,11,3,3,3,0,0,0
pc-4924c0af-3273,urzeitliche_kolosse__ohne_pc,control,1,1,0,5,10,10,5,14,1,5,1,10,0,0
pc-cfd76ff1-3274,rudeljaeger__ohne_pc,control,0,1,1,6,10,11,9,20,0,7,3,10,0,0
pc-cfd76ff1-3274,urzeitliche_kolosse__ohne_pc,control,1,0,0,6,0,12,6,20,1,5,2,0,0,0
pc-568a1f34-3275,rudeljaeger__ohne_pc,control,0,0,1,8,-1,12,11,29,6,11,3,9,0,1
pc-568a1f34-3275,urzeitliche_kolosse__ohne_pc,control,1,1,0,8,1,13,8,33,3,7,8,11,0,2
pc-a7a7b462-3276,rudeljaeger__ohne_pc,control,0,1,1,8,5,12,8,25,3,7,5,13,0,1
pc-a7a7b462-3276,urzeitliche_kolosse__ohne_pc,control,1,0,0,8,-3,13,8,33,3,8,3,5,0,2
pc-2e5a43a5-3277,rudeljaeger__ohne_pc,control,0,0,1,9,-3,12,11,25,11,10,4,7,0,0
pc-2e5a43a5-3277,urzeitliche_kolosse__ohne_pc,control,1,1,0,9,3,15,9,34,2,8,11,13,0,0
pc-b50cf2e7-3278,rudeljaeger__ohne_pc,control,0,0,1,6,-1,9,9,17,2,9,3,7,0,0
pc-b50cf2e7-3278,urzeitliche_kolosse__ohne_pc,control,1,1,0,6,3,10,7,19,1,6,6,11,0,0
pc-3bbf822a-3279,rudeljaeger__ohne_pc,control,0,0,1,7,-1,11,8,21,6,8,4,4,0,0
pc-3bbf822a-3279,urzeitliche_kolosse__ohne_pc,control,1,1,0,7,6,13,8,25,3,8,7,11,0,0
pc-f8072b80-3280,rudeljaeger__ohne_pc,control,0,0,1,8,0,11,11,25,6,9,5,8,0,0
pc-f8072b80-3280,urzeitliche_kolosse__ohne_pc,control,1,1,0,8,2,13,10,32,4,9,5,10,0,0
pc-7eb9dac3-3281,rudeljaeger__ohne_pc,control,0,1,1,6,6,10,7,20,0,7,4,13,0,0
pc-7eb9dac3-3281,urzeitliche_kolosse__ohne_pc,control,1,0,0,6,-3,9,8,20,0,6,4,4,0,0
pc-056c6a06-3282,rudeljaeger__ohne_pc,control,0,0,1,10,-2,15,14,33,14,12,7,5,0,0
pc-056c6a06-3282,urzeitliche_kolosse__ohne_pc,control,1,1,0,10,5,14,12,49,5,11,10,12,0,0
pc-8c1f1948-3283,rudeljaeger__ohne_pc,control,0,0,1,13,-2,17,16,39,41,14,10,8,0,0
pc-8c1f1948-3283,urzeitliche_kolosse__ohne_pc,control,1,1,0,13,2,18,16,59,27,14,12,12,0,2
pc-dd3cae76-3284,rudeljaeger__ohne_pc,control,0,0,1,9,-2,15,11,30,10,10,6,9,0,1
pc-dd3cae76-3284,urzeitliche_kolosse__ohne_pc,control,1,1,0,9,1,14,10,41,3,9,8,12,0,1
pc-63ef5db9-3285,rudeljaeger__ohne_pc,control,0,1,1,6,4,10,7,17,1,6,5,11,0,0
pc-63ef5db9-3285,urzeitliche_kolosse__ohne_pc,control,1,0,0,6,-1,12,7,20,0,7,3,6,0,1
pc-eaa1ecfb-3286,rudeljaeger__ohne_pc,control,0,1,1,5,4,8,5,15,0,4,2,11,0,0
pc-eaa1ecfb-3286,urzeitliche_kolosse__ohne_pc,control,1,0,0,5,-1,10,5,14,0,5,2,6,0,0
pc-71549c3e-3287,rudeljaeger__ohne_pc,control,0,1,1,5,6,9,4,12,2,4,2,11,0,0
pc-71549c3e-3287,urzeitliche_kolosse__ohne_pc,control,1,0,0,5,-1,11,4,12,2,4,0,4,0,0
pc-2d9c2595-3288,rudeljaeger__ohne_pc,control,0,0,1,5,0,9,5,15,0,4,1,7,0,0
pc-2d9c2595-3288,urzeitliche_kolosse__ohne_pc,control,1,1,0,5,3,11,4,13,2,4,2,10,0,0
pc-b44ed4d7-3289,rudeljaeger__ohne_pc,control,0,1,1,11,6,17,15,40,18,14,9,11,0,1
pc-b44ed4d7-3289,urzeitliche_kolosse__ohne_pc,control,1,0,0,11,-1,17,14,50,9,12,13,4,0,0
pc-3b01641a-3290,rudeljaeger__ohne_pc,control,0,1,1,6,6,11,8,20,1,7,2,11,0,0
pc-3b01641a-3290,urzeitliche_kolosse__ohne_pc,control,1,0,0,6,-1,11,6,19,1,5,5,4,0,0
pc-c1b4135c-3291,rudeljaeger__ohne_pc,control,0,0,1,5,-2,9,6,14,1,5,2,7,0,0
pc-c1b4135c-3291,urzeitliche_kolosse__ohne_pc,control,1,1,0,5,3,9,4,13,2,4,3,12,0,0
pc-12d1a88b-3292,rudeljaeger__ohne_pc,control,0,0,1,12,-1,16,15,42,26,14,8,5,0,0
pc-12d1a88b-3292,urzeitliche_kolosse__ohne_pc,control,1,1,0,12,5,18,15,55,15,13,12,11,0,1
pc-998457cd-3293,rudeljaeger__ohne_pc,control,0,1,1,8,2,13,11,28,5,11,7,14,0,0
pc-998457cd-3293,urzeitliche_kolosse__ohne_pc,control,1,0,0,8,-4,11,11,33,1,11,10,8,0,0
pc-2036e710-3294,rudeljaeger__ohne_pc,control,0,0,1,7,-1,11,10,28,0,8,5,3,0,0
pc-2036e710-3294,urzeitliche_kolosse__ohne_pc,control,1,1,0,7,7,11,7,27,1,6,7,11,0,1
pc-a6e99652-3295,rudeljaeger__ohne_pc,control,0,1,1,8,4,13,12,30,1,11,4,12,0,0
pc-a6e99652-3295,urzeitliche_kolosse__ohne_pc,control,1,0,0,8,-2,14,10,31,4,8,8,6,0,0
pc-63313fa9-3296,rudeljaeger__ohne_pc,control,0,0,1,4,0,8,4,9,1,3,1,6,0,0
pc-63313fa9-3296,urzeitliche_kolosse__ohne_pc,control,1,1,0,4,4,9,3,7,3,2,2,10,0,0
pc-e9e3ceeb-3297,rudeljaeger__ohne_pc,control,0,0,1,8,-1,12,11,27,3,10,3,5,0,1
pc-e9e3ceeb-3297,urzeitliche_kolosse__ohne_pc,control,1,1,0,8,5,13,10,30,2,8,9,11,0,0
pc-70967e2e-3298,rudeljaeger__ohne_pc,control,0,0,1,7,0,11,10,24,2,8,3,7,0,1
pc-70967e2e-3298,urzeitliche_kolosse__ohne_pc,control,1,1,0,7,3,12,6,24,4,5,8,10,0,0
pc-f7490d70-3299,rudeljaeger__ohne_pc,control,0,1,1,7,2,11,10,24,2,8,4,10,0,0
pc-f7490d70-3299,urzeitliche_kolosse__ohne_pc,control,1,0,0,7,0,12,7,27,1,7,5,8,0,1
pc-4ef27928-3300,rudeljaeger__ohne_pc,control,0,1,0,12,4,16,16,40,28,15,12,12,0,1
pc-4ef27928-3300,urzeitliche_kolosse__ohne_pc,control,1,0,1,12,-2,16,15,53,14,14,15,6,0,0
pc-d5a5086a-3301,rudeljaeger__ohne_pc,control,0,0,0,13,0,18,17,44,39,15,9,8,0,3
pc-d5a5086a-3301,urzeitliche_kolosse__ohne_pc,control,1,1,1,13,2,17,16,57,22,14,14,10,0,0
pc-418d3aa3-3302,rudeljaeger__ohne_pc,control,0,0,0,9,-3,15,13,32,7,12,6,8,0,1
pc-418d3aa3-3302,urzeitliche_kolosse__ohne_pc,control,1,1,1,9,2,15,10,37,7,10,11,13,0,1
pc-c83fc9e5-3303,rudeljaeger__ohne_pc,control,0,0,0,9,-1,12,12,33,5,10,4,5,0,0
pc-c83fc9e5-3303,urzeitliche_kolosse__ohne_pc,control,1,1,1,9,5,15,10,43,1,9,7,11,0,4
pc-3427fc1e-3304,rudeljaeger__ohne_pc,control,0,0,0,7,-1,11,10,26,0,9,4,8,0,0
pc-3427fc1e-3304,urzeitliche_kolosse__ohne_pc,control,1,1,1,7,2,12,7,24,4,7,8,11,0,2
pc-bada8b60-3305,rudeljaeger__ohne_pc,control,0,1,0,9,5,14,13,30,8,12,7,10,0,0
pc-bada8b60-3305,urzeitliche_kolosse__ohne_pc,control,1,0,1,9,0,15,10,36,7,10,9,5,0,0
pc-26c2bd99-3306,rudeljaeger__ohne_pc,control,0,1,0,8,2,12,9,23,8,9,7,13,0,0
pc-26c2bd99-3306,urzeitliche_kolosse__ohne_pc,control,1,0,1,8,-3,13,10,35,0,10,5,8,0,1
pc-ad754cdb-3307,rudeljaeger__ohne_pc,control,0,0,0,8,0,13,11,25,6,9,5,3,0,0
pc-ad754cdb-3307,urzeitliche_kolosse__ohne_pc,control,1,1,1,8,7,12,9,32,0,8,7,10,0,0
pc-8487733c-3308,rudeljaeger__ohne_pc,control,0,1,0,5,1,9,5,13,2,5,0,11,0,0
pc-8487733c-3308,urzeitliche_kolosse__ohne_pc,control,1,0,1,5,-1,8,4,14,1,4,4,9,0,1
pc-0b3a027f-3309,rudeljaeger__ohne_pc,control,0,0,0,7,-2,11,9,27,0,9,6,8,0,0
pc-0b3a027f-3309,urzeitliche_kolosse__ohne_pc,control,1,1,1,7,2,13,8,24,2,8,6,12,0,1
pc-772234b7-3310,rudeljaeger__ohne_pc,control,0,1,0,8,2,11,10,30,2,9,5,15,0,2
pc-772234b7-3310,urzeitliche_kolosse__ohne_pc,control,1,0,1,8,-5,11,9,29,7,8,5,8,0,2
pc-fdd4c3f9-3311,rudeljaeger__ohne_pc,control,0,1,0,6,4,9,7,21,0,7,3,10,0,0
pc-fdd4c3f9-3311,urzeitliche_kolosse__ohne_pc,control,1,0,1,6,0,11,6,19,1,6,2,6,0,2
pc-69bcf632-3312,rudeljaeger__ohne_pc,control,0,1,0,4,6,8,5,10,0,5,0,10,0,0
pc-69bcf632-3312,urzeitliche_kolosse__ohne_pc,control,1,0,1,4,0,9,4,10,0,4,4,4,0,0
pc-f06f8574-3313,rudeljaeger__ohne_pc,control,0,0,0,9,-2,14,11,32,6,9,7,6,0,0
pc-f06f8574-3313,urzeitliche_kolosse__ohne_pc,control,1,1,1,9,4,14,10,42,3,10,6,12,0,3
pc-5c57b7ad-3314,rudeljaeger__ohne_pc,control,0,1,0,7,3,12,10,26,1,9,6,10,0,1
pc-5c57b7ad-3314,urzeitliche_kolosse__ohne_pc,control,1,0,1,7,0,12,9,26,1,8,7,7,0,2
pc-e30a46ef-3315,rudeljaeger__ohne_pc,control,0,0,0,6,-1,9,7,21,0,7,3,4,0,0
pc-e30a46ef-3315,urzeitliche_kolosse__ohne_pc,control,1,1,1,6,6,11,7,20,0,6,5,11,0,2
pc-ba1c6d50-3316,rudeljaeger__ohne_pc,control,0,1,0,4,8,8,4,9,1,4,1,10,0,0
pc-ba1c6d50-3316,urzeitliche_kolosse__ohne_pc,control,1,0,1,4,0,9,3,9,1,3,2,2,0,0
pc-40cf1c93-3317,rudeljaeger__ohne_pc,control,0,0,0,10,-1,16,14,33,14,12,5,6,0,1
pc-40cf1c93-3317,urzeitliche_kolosse__ohne_pc,control,1,1,1,10,4,15,10,45,4,10,10,11,0,0
pc-acb72ecb-3318,rudeljaeger__ohne_pc,control,0,0,0,6,0,10,6,19,1,5,1,2,0,1
pc-acb72ecb-3318,urzeitliche_kolosse__ohne_pc,control,1,1,1,6,8,12,4,15,5,4,2,10,0,0
pc-3369de0e-3319,rudeljaeger__ohne_pc,control,0,1,0,7,2,11,10,26,0,8,7,10,0,0
pc-3369de0e-3319,urzeitliche_kolosse__ohne_pc,control,1,0,1,7,0,12,9,26,2,8,5,8,0,0
pc-9f51f046-3320,rudeljaeger__ohne_pc,control,0,0,0,7,0,11,10,24,2,8,4,6,0,1
pc-9f51f046-3320,urzeitliche_kolosse__ohne_pc,control,1,1,1,7,4,11,8,26,2,8,7,10,0,2
pc-26049f89-3321,rudeljaeger__ohne_pc,control,0,1,0,7,10,11,10,24,2,8,7,10,0,0
pc-26049f89-3321,urzeitliche_kolosse__ohne_pc,control,1,0,1,7,0,13,8,27,1,8,5,0,0,1
pc-91ecb1c1-3322,rudeljaeger__ohne_pc,control,0,0,0,7,-1,12,9,22,2,8,3,8,0,0
pc-91ecb1c1-3322,urzeitliche_kolosse__ohne_pc,control,1,1,1,7,2,12,7,26,2,7,6,11,0,2
pc-189f4104-3323,rudeljaeger__ohne_pc,control,0,1,0,9,2,15,13,32,7,11,8,11,0,1
pc-189f4104-3323,urzeitliche_kolosse__ohne_pc,control,1,0,1,9,-1,14,11,36,9,10,8,8,0,0
pc-efb16764-3324,rudeljaeger__ohne_pc,control,0,1,0,6,4,10,6,17,3,5,5,12,0,0
pc-efb16764-3324,urzeitliche_kolosse__ohne_pc,control,1,0,1,6,-2,12,7,17,0,6,3,6,0,1
pc-766416a7-3325,rudeljaeger__ohne_pc,control,0,0,0,4,0,7,4,9,0,4,1,8,0,0
pc-766416a7-3325,urzeitliche_kolosse__ohne_pc,control,1,1,1,4,2,10,3,8,2,3,3,10,0,0
pc-e24c28df-3326,rudeljaeger__ohne_pc,control,0,1,0,7,8,12,9,21,3,9,5,10,0,0
pc-e24c28df-3326,urzeitliche_kolosse__ohne_pc,control,1,0,1,7,0,12,7,22,6,7,7,2,0,0
pc-68fed822-3327,rudeljaeger__ohne_pc,control,0,0,0,7,-1,12,9,26,2,9,2,8,0,0
pc-68fed822-3327,urzeitliche_kolosse__ohne_pc,control,1,1,1,7,2,13,7,25,3,7,6,11,0,3
pc-d4e6ea5a-3328,rudeljaeger__ohne_pc,control,0,0,0,4,0,8,4,10,0,4,2,8,0,0
pc-d4e6ea5a-3328,urzeitliche_kolosse__ohne_pc,control,1,1,1,4,2,8,4,10,0,4,1,10,0,0
pc-5b99999d-3329,rudeljaeger__ohne_pc,control,0,1,0,11,4,16,14,39,18,13,8,13,0,0
pc-5b99999d-3329,urzeitliche_kolosse__ohne_pc,control,1,0,1,11,-3,17,14,50,8,12,12,6,0,0
pc-c781abd5-3330,rudeljaeger__ohne_pc,control,0,1,0,7,5,11,10,20,5,8,4,11,0,0
pc-c781abd5-3330,urzeitliche_kolosse__ohne_pc,control,1,0,1,7,-1,13,6,21,7,6,6,5,0,0
pc-4e345b18-3331,rudeljaeger__ohne_pc,control,0,0,0,4,0,8,3,9,1,3,0,4,0,0
pc-4e345b18-3331,urzeitliche_kolosse__ohne_pc,control,1,1,1,4,6,8,4,9,0,4,3,10,0,0
pc-25466179-3332,rudeljaeger__ohne_pc,control,0,1,0,11,2,16,14,35,23,13,10,11,0,3
pc-25466179-3332,urzeitliche_kolosse__ohne_pc,control,1,0,1,11,-1,16,14,45,15,12,12,8,0,0
pc-abf910bb-3333,rudeljaeger__ohne_pc,control,0,1,0,6,4,10,8,20,1,7,3,10,0,0
pc-abf910bb-3333,urzeitliche_kolosse__ohne_pc,control,1,0,1,6,0,10,6,19,1,6,6,6,0,0
pc-17e122f4-3334,rudeljaeger__ohne_pc,control,0,0,0,7,-1,11,10,22,2,9,4,6,0,0
pc-17e122f4-3334,urzeitliche_kolosse__ohne_pc,control,1,1,1,7,4,12,7,24,4,7,8,11,0,0
pc-9e93d236-3335,rudeljaeger__ohne_pc,control,0,1,0,13,1,18,17,43,40,15,11,11,0,0
pc-9e93d236-3335,urzeitliche_kolosse__ohne_pc,control,1,0,1,13,-1,19,16,64,18,15,15,9,0,0
pc-0a7be46f-3336,rudeljaeger__ohne_pc,control,0,1,0,5,6,9,6,12,1,6,1,10,0,0
pc-0a7be46f-3336,urzeitliche_kolosse__ohne_pc,control,1,0,1,5,0,10,3,12,3,3,2,4,0,0
pc-912e93b1-3337,rudeljaeger__ohne_pc,control,0,1,0,5,10,9,4,13,2,4,2,10,0,0
pc-912e93b1-3337,urzeitliche_kolosse__ohne_pc,control,1,0,1,5,0,10,5,14,1,5,2,0,0,0
pc-fd16a5e9-3338,rudeljaeger__ohne_pc,control,0,1,0,3,10,7,3,4,0,3,0,12,0,0
pc-fd16a5e9-3338,urzeitliche_kolosse__ohne_pc,control,1,0,1,3,-2,8,1,3,3,1,0,0,0,0
pc-83c9552c-3339,rudeljaeger__ohne_pc,control,0,1,0,6,10,10,8,20,1,7,2,10,0,0
pc-83c9552c-3339,urzeitliche_kolosse__ohne_pc,control,1,0,1,6,0,11,6,20,1,6,3,0,0,0
pc-5adb7b8d-3340,rudeljaeger__ohne_pc,control,0,0,0,4,-1,9,4,9,1,4,0,6,0,0
pc-5adb7b8d-3340,urzeitliche_kolosse__ohne_pc,control,1,1,1,4,4,8,4,9,0,3,4,11,0,0
pc-e18e0acf-3341,rudeljaeger__ohne_pc,control,0,0,0,9,-3,13,12,30,11,12,4,7,0,0
pc-e18e0acf-3341,urzeitliche_kolosse__ohne_pc,control,1,1,1,9,3,14,10,39,3,9,11,13,0,3
pc-4d763d08-3342,rudeljaeger__ohne_pc,control,0,0,0,8,-2,12,8,23,7,8,7,8,0,2
pc-4d763d08-3342,urzeitliche_kolosse__ohne_pc,control,1,1,1,8,2,14,9,31,2,9,4,12,0,1
pc-d428cc4a-3343,rudeljaeger__ohne_pc,control,0,1,0,8,3,12,11,28,3,10,5,10,0,0
pc-d428cc4a-3343,urzeitliche_kolosse__ohne_pc,control,1,0,1,8,0,13,8,32,4,8,10,7,0,3
pc-4010fe83-3344,rudeljaeger__ohne_pc,control,0,1,0,3,7,7,4,6,0,4,1,10,0,0
pc-4010fe83-3344,urzeitliche_kolosse__ohne_pc,control,1,0,1,3,0,8,2,5,1,2,1,3,0,0
pc-c6c38dc5-3345,rudeljaeger__ohne_pc,control,0,1,0,9,6,13,13,37,8,13,9,13,0,0
pc-c6c38dc5-3345,urzeitliche_kolosse__ohne_pc,control,1,0,1,9,-3,13,12,38,4,11,9,4,0,0
pc-32abbffe-3346,rudeljaeger__ohne_pc,control,0,1,0,4,3,8,5,10,0,5,0,10,0,0
pc-32abbffe-3346,urzeitliche_kolosse__ohne_pc,control,1,0,1,4,0,8,3,8,2,3,4,7,0,0
pc-b95e4f40-3347,rudeljaeger__ohne_pc,control,0,0,0,10,-4,13,13,31,17,12,6,5,0,0
pc-b95e4f40-3347,urzeitliche_kolosse__ohne_pc,control,1,1,1,10,5,15,11,43,5,10,10,14,0,1
pc-907075a1-3348,rudeljaeger__ohne_pc,control,0,1,0,5,6,8,5,14,1,5,2,12,0,0
pc-907075a1-3348,urzeitliche_kolosse__ohne_pc,control,1,0,1,5,-2,11,5,14,0,5,1,4,0,0
pc-172304e4-3349,rudeljaeger__ohne_pc,control,0,1,0,5,4,8,6,12,0,5,2,11,0,0
pc-172304e4-3349,urzeitliche_kolosse__ohne_pc,control,1,0,1,5,-1,9,5,15,0,4,3,6,0,0
pc-830b371c-3350,rudeljaeger__ohne_pc,control,0,1,0,7,1,11,10,24,0,9,5,12,0,0
pc-830b371c-3350,urzeitliche_kolosse__ohne_pc,control,1,0,1,7,-2,12,8,26,2,8,7,9,0,0
pc-09bdc65f-3351,rudeljaeger__ohne_pc,control,0,1,0,7,10,10,7,22,2,7,5,10,0,0
pc-09bdc65f-3351,urzeitliche_kolosse__ohne_pc,control,1,0,1,7,0,13,7,24,4,7,3,0,0,0
pc-75a5f897-3352,rudeljaeger__ohne_pc,control,0,1,0,7,6,12,11,25,2,10,5,10,0,0
pc-75a5f897-3352,urzeitliche_kolosse__ohne_pc,control,1,0,1,7,0,12,8,24,4,7,8,4,0,2
pc-fc5887d9-3353,rudeljaeger__ohne_pc,control,0,0,0,9,0,13,13,37,3,11,7,4,0,0
pc-fc5887d9-3353,urzeitliche_kolosse__ohne_pc,control,1,1,1,9,6,14,12,38,6,11,8,10,0,1
pc-6840ba12-3354,rudeljaeger__ohne_pc,control,0,0,0,9,-2,14,10,27,13,9,7,8,0,0
pc-6840ba12-3354,urzeitliche_kolosse__ohne_pc,control,1,1,1,9,2,15,11,41,4,11,5,12,0,1
pc-eef34954-3355,rudeljaeger__ohne_pc,control,0,0,0,10,-2,16,13,32,18,12,6,6,0,0
pc-eef34954-3355,urzeitliche_kolosse__ohne_pc,control,1,1,1,10,4,16,11,40,8,11,11,12,0,3
pc-c6056fb5-3356,rudeljaeger__ohne_pc,control,0,0,0,12,-1,16,16,46,24,14,9,7,0,1
pc-c6056fb5-3356,urzeitliche_kolosse__ohne_pc,control,1,1,1,12,3,17,14,55,13,12,15,11,0,2
pc-4cb81ef8-3357,rudeljaeger__ohne_pc,control,0,0,0,13,-3,16,16,41,40,15,9,9,0,1
pc-4cb81ef8-3357,urzeitliche_kolosse__ohne_pc,control,1,1,1,13,1,17,16,54,28,14,14,13,0,7
pc-b8a03130-3358,rudeljaeger__ohne_pc,control,0,1,0,10,1,16,14,35,15,13,8,10,0,0
pc-b8a03130-3358,urzeitliche_kolosse__ohne_pc,control,1,0,1,10,0,13,13,43,7,11,14,9,0,2
pc-3f52c073-3359,rudeljaeger__ohne_pc,control,0,1,0,8,2,11,10,26,6,8,5,11,0,0
pc-3f52c073-3359,urzeitliche_kolosse__ohne_pc,control,1,0,1,8,-1,13,9,34,2,8,4,8,0,0
pc-ab3af2ab-3360,rudeljaeger__ohne_pc,control,0,0,0,5,0,9,6,13,2,6,1,6,0,0
pc-ab3af2ab-3360,urzeitliche_kolosse__ohne_pc,control,1,1,1,5,4,11,4,12,3,4,4,10,0,0
pc-31ed81ee-3361,rudeljaeger__ohne_pc,control,0,1,0,4,10,8,5,10,0,5,2,10,0,0
pc-31ed81ee-3361,urzeitliche_kolosse__ohne_pc,control,1,0,1,4,0,9,3,9,1,3,3,0,0,0
pc-9dd5b426-3362,rudeljaeger__ohne_pc,control,0,1,0,7,1,12,9,25,0,9,4,12,0,1
pc-9dd5b426-3362,urzeitliche_kolosse__ohne_pc,control,1,0,1,7,-2,11,7,26,2,7,6,9,0,2
pc-24884369-3363,rudeljaeger__ohne_pc,control,0,0,0,8,-2,13,11,30,2,9,6,4,0,1
pc-24884369-3363,urzeitliche_kolosse__ohne_pc,control,1,1,1,8,6,14,11,34,1,9,5,12,0,3
pc-fb9a69c9-3364,rudeljaeger__ohne_pc,control,0,1,0,4,7,9,6,9,0,5,1,11,0,0
pc-fb9a69c9-3364,urzeitliche_kolosse__ohne_pc,control,1,0,1,4,-1,9,2,6,3,2,3,3,0,0
pc-824d190c-3365,rudeljaeger__ohne_pc,control,0,1,0,7,10,11,10,24,2,9,5,10,0,0
pc-824d190c-3365,urzeitliche_kolosse__ohne_pc,control,1,0,1,7,0,12,8,24,4,7,8,0,0,0
pc-ee352b44-3366,rudeljaeger__ohne_pc,control,0,0,0,8,-2,12,8,26,5,8,7,9,0,2
pc-ee352b44-3366,urzeitliche_kolosse__ohne_pc,control,1,1,1,8,1,14,11,34,2,9,4,12,0,0
pc-74e7da87-3367,rudeljaeger__ohne_pc,control,0,0,0,5,0,8,4,13,1,4,2,8,0,0
pc-74e7da87-3367,urzeitliche_kolosse__ohne_pc,control,1,1,1,5,2,10,5,13,1,4,3,10,0,0
pc-e0cfecbf-3368,rudeljaeger__ohne_pc,control,0,0,0,7,0,12,10,26,1,9,3,6,0,0
pc-e0cfecbf-3368,urzeitliche_kolosse__ohne_pc,control,1,1,1,7,4,13,8,26,2,7,10,10,0,2
pc-67829c02-3369,rudeljaeger__ohne_pc,control,0,0,0,5,0,8,7,15,0,7,1,6,0,0
pc-67829c02-3369,urzeitliche_kolosse__ohne_pc,control,1,1,1,5,4,11,5,15,0,4,5,10,0,0
pc-d36aae3a-3370,rudeljaeger__ohne_pc,control,0,1,0,3,10,8,3,6,0,3,0,10,0,0
pc-d36aae3a-3370,urzeitliche_kolosse__ohne_pc,control,1,0,1,3,0,10,1,3,3,1,1,0,0,0
pc-5a1d5d7d-3371,rudeljaeger__ohne_pc,control,0,1,0,7,4,12,6,20,3,5,3,13,0,0
pc-5a1d5d7d-3371,urzeitliche_kolosse__ohne_pc,control,1,0,1,7,-3,13,7,27,1,6,0,6,0,1
pc-312f63de-3372,rudeljaeger__ohne_pc,control,0,0,0,10,0,14,13,34,13,12,9,5,0,0
pc-312f63de-3372,urzeitliche_kolosse__ohne_pc,control,1,1,1,10,5,15,13,46,7,12,10,10,0,3
pc-b7e21320-3373,rudeljaeger__ohne_pc,control,0,0,0,7,-3,11,8,19,4,7,3,8,0,0
pc-b7e21320-3373,urzeitliche_kolosse__ohne_pc,control,1,1,1,7,2,12,8,23,3,7,6,13,0,0
pc-23ca2559-3374,rudeljaeger__ohne_pc,control,0,1,0,6,8,11,7,21,0,6,1,14,0,0
pc-23ca2559-3374,urzeitliche_kolosse__ohne_pc,control,1,0,1,6,-4,10,6,19,1,4,3,2,0,0
pc-aa7cd49b-3375,rudeljaeger__ohne_pc,control,0,1,0,6,5,10,7,20,0,7,5,11,0,1
pc-aa7cd49b-3375,urzeitliche_kolosse__ohne_pc,control,1,0,1,6,-1,12,7,19,1,6,6,5,0,0
pc-1664e6d4-3376,rudeljaeger__ohne_pc,control,0,0,0,4,0,9,2,6,3,2,0,0,0,0
pc-1664e6d4-3376,urzeitliche_kolosse__ohne_pc,control,1,1,1,4,10,9,4,9,0,4,1,10,0,0
pc-9d179616-3377,rudeljaeger__ohne_pc,control,0,0,0,4,0,9,5,10,0,5,0,4,0,0
pc-9d179616-3377,urzeitliche_kolosse__ohne_pc,control,1,1,1,4,6,11,3,8,2,3,3,10,0,0
pc-08ffa84f-3378,rudeljaeger__ohne_pc,control,0,0,0,14,0,19,16,44,47,16,12,9,0,1
pc-08ffa84f-3378,urzeitliche_kolosse__ohne_pc,control,1,1,1,14,1,18,17,58,36,15,18,10,0,5
pc-8fb25791-3379,rudeljaeger__ohne_pc,control,0,1,0,5,6,11,5,14,1,4,2,12,0,0
pc-8fb25791-3379,urzeitliche_kolosse__ohne_pc,control,1,0,1,5,-2,11,5,14,0,5,0,4,0,0
pc-66c47df2-3380,rudeljaeger__ohne_pc,control,0,1,0,7,4,11,8,26,0,8,6,11,0,0
pc-66c47df2-3380,urzeitliche_kolosse__ohne_pc,control,1,0,1,7,-1,13,7,26,2,7,7,6,0,0
pc-ed770d34-3381,rudeljaeger__ohne_pc,control,0,0,0,9,-1,13,11,29,7,11,5,5,0,2
pc-ed770d34-3381,urzeitliche_kolosse__ohne_pc,control,1,1,1,9,5,14,9,36,4,8,9,11,0,0
pc-595f3f6d-3382,rudeljaeger__ohne_pc,control,0,0,0,8,-2,13,11,24,6,9,4,9,0,0
pc-595f3f6d-3382,urzeitliche_kolosse__ohne_pc,control,1,1,1,8,1,14,8,33,3,7,6,12,0,2
pc-e011ceaf-3383,rudeljaeger__ohne_pc,control,0,1,0,5,4,8,5,12,0,5,1,12,0,0
pc-e011ceaf-3383,urzeitliche_kolosse__ohne_pc,control,1,0,1,5,-2,10,4,13,2,4,5,6,0,0
pc-4bf9e0e8-3384,rudeljaeger__ohne_pc,control,0,1,0,4,7,9,4,9,1,4,0,10,0,0
pc-4bf9e0e8-3384,urzeitliche_kolosse__ohne_pc,control,1,0,1,4,0,9,2,7,3,2,0,3,0,0
pc-d2ac902a-3385,rudeljaeger__ohne_pc,control,0,0,0,12,-2,16,16,42,29,14,9,9,0,2
pc-d2ac902a-3385,urzeitliche_kolosse__ohne_pc,control,1,1,1,12,1,17,14,58,16,13,14,12,0,0
pc-3e94a263-3386,rudeljaeger__ohne_pc,control,0,0,0,10,0,15,13,31,18,12,6,9,0,0
pc-3e94a263-3386,urzeitliche_kolosse__ohne_pc,control,1,1,1,10,1,15,12,38,11,10,8,10,0,0
pc-c54751a5-3387,rudeljaeger__ohne_pc,control,0,0,0,13,0,17,17,45,35,15,11,4,0,2
pc-c54751a5-3387,urzeitliche_kolosse__ohne_pc,control,1,1,1,13,6,18,16,53,29,14,16,10,0,0
pc-9c597806-3388,rudeljaeger__ohne_pc,control,0,1,0,6,5,11,9,19,1,7,5,10,0,0
pc-9c597806-3388,urzeitliche_kolosse__ohne_pc,control,1,0,1,6,0,10,7,19,1,7,4,5,0,1
pc-230c0749-3389,rudeljaeger__ohne_pc,control,0,0,0,8,-2,11,11,27,5,10,4,4,0,0
pc-230c0749-3389,urzeitliche_kolosse__ohne_pc,control,1,1,1,8,6,13,9,32,4,7,7,12,0,0
pc-8ef43981-3390,rudeljaeger__ohne_pc,control,0,0,0,4,0,8,3,9,1,3,0,6,0,0
pc-8ef43981-3390,urzeitliche_kolosse__ohne_pc,control,1,1,1,4,4,9,4,10,0,4,2,10,0,0
pc-15a6c8c4-3391,rudeljaeger__ohne_pc,control,0,0,0,7,0,11,10,26,2,10,3,8,0,2
pc-15a6c8c4-3391,urzeitliche_kolosse__ohne_pc,control,1,1,1,7,2,12,7,24,4,7,7,10,0,0
pc-818efafc-3392,rudeljaeger__ohne_pc,control,0,0,0,8,0,11,11,26,5,10,4,5,0,0
pc-818efafc-3392,urzeitliche_kolosse__ohne_pc,control,1,1,1,8,5,13,9,27,5,8,9,10,0,0
pc-08418a3f-3393,rudeljaeger__ohne_pc,control,0,0,0,8,0,13,12,32,4,11,2,3,0,0
pc-08418a3f-3393,urzeitliche_kolosse__ohne_pc,control,1,1,1,8,7,14,9,26,4,7,10,10,0,0
pc-7429bc77-3394,rudeljaeger__ohne_pc,control,0,0,0,9,-3,13,12,30,8,11,5,8,0,0
pc-7429bc77-3394,urzeitliche_kolosse__ohne_pc,control,1,1,1,9,2,14,10,38,2,9,9,13,0,0
pc-fadc4bb9-3395,rudeljaeger__ohne_pc,control,0,0,0,11,0,15,14,38,21,13,10,4,0,0
pc-fadc4bb9-3395,urzeitliche_kolosse__ohne_pc,control,1,1,1,11,6,15,13,52,9,12,11,10,0,1
pc-d1ee721a-3396,rudeljaeger__ohne_pc,control,0,1,0,6,6,11,7,18,2,7,4,10,0,0
pc-d1ee721a-3396,urzeitliche_kolosse__ohne_pc,control,1,0,1,6,0,11,6,18,1,5,5,4,0,0
pc-58a1015d-3397,rudeljaeger__ohne_pc,control,0,0,0,6,-4,9,9,19,0,8,1,9,0,1
pc-58a1015d-3397,urzeitliche_kolosse__ohne_pc,control,1,1,1,6,1,11,6,19,2,5,5,14,0,1
pc-c4893395-3398,rudeljaeger__ohne_pc,control,0,1,0,7,4,10,9,25,3,9,4,11,0,0
pc-c4893395-3398,urzeitliche_kolosse__ohne_pc,control,1,0,1,7,-1,13,7,25,3,6,7,6,0,0
pc-4b3bc2d8-3399,rudeljaeger__ohne_pc,control,0,0,0,9,0,13,13,31,7,12,5,7,0,0
pc-4b3bc2d8-3399,urzeitliche_kolosse__ohne_pc,control,1,1,1,9,3,14,9,37,7,8,12,10,0,0
pc-18ac8c9f-3400,rudeljaeger__mit_pc,control,0,1,1,5,6,11,4,14,1,4,4,11,0,0
pc-18ac8c9f-3400,urzeitliche_kolosse__mit_pc,control,1,0,0,5,-1,10,6,15,0,6,2,4,0,0
pc-91f9fd5c-3401,rudeljaeger__mit_pc,control,0,0,1,9,0,13,12,26,11,10,5,8,0,0
pc-91f9fd5c-3401,urzeitliche_kolosse__mit_pc,control,1,1,0,9,2,13,9,40,1,9,7,10,0,0
pc-0b474e1a-3402,rudeljaeger__mit_pc,control,0,0,1,10,0,14,13,39,10,12,7,9,0,2
pc-0b474e1a-3402,urzeitliche_kolosse__mit_pc,control,1,1,0,10,1,13,13,46,5,12,10,10,0,4
pc-8494bed7-3403,rudeljaeger__mit_pc,control,0,1,1,5,8,9,5,15,0,5,1,12,0,0
pc-8494bed7-3403,urzeitliche_kolosse__mit_pc,control,1,0,0,5,-2,11,4,12,3,3,2,2,0,0
pc-337709a9-3404,rudeljaeger__mit_pc,control,0,0,1,9,0,13,11,30,11,10,4,6,0,2
pc-337709a9-3404,urzeitliche_kolosse__mit_pc,control,1,1,0,9,4,16,9,41,3,9,7,10,0,0
pc-acc47a66-3405,rudeljaeger__mit_pc,control,0,1,1,4,10,8,5,10,0,5,0,11,0,0
pc-acc47a66-3405,urzeitliche_kolosse__mit_pc,control,1,0,0,4,-1,9,3,7,3,2,2,0,0,0
pc-2611cb24-3406,rudeljaeger__mit_pc,control,0,0,1,8,-2,13,9,26,6,8,4,8,0,0
pc-2611cb24-3406,urzeitliche_kolosse__mit_pc,control,1,1,0,8,2,13,9,35,0,9,4,12,0,4
pc-9f5f3be1-3407,rudeljaeger__mit_pc,control,0,1,1,5,5,9,5,14,1,5,2,10,0,0
pc-9f5f3be1-3407,urzeitliche_kolosse__mit_pc,control,1,0,0,5,0,11,5,15,0,5,2,5,0,0
pc-4e4186b3-3408,rudeljaeger__mit_pc,control,0,1,1,7,4,10,10,22,3,9,4,11,0,0
pc-4e4186b3-3408,urzeitliche_kolosse__mit_pc,control,1,0,0,7,-1,13,6,22,5,6,5,6,0,0
pc-c78ef770-3409,rudeljaeger__mit_pc,control,0,1,1,11,1,16,14,36,24,13,12,10,0,1
pc-c78ef770-3409,urzeitliche_kolosse__mit_pc,control,1,0,0,11,0,17,14,52,4,13,11,9,0,0
pc-40dc482e-3410,rudeljaeger__mit_pc,control,0,1,1,8,6,11,11,32,1,10,6,10,0,0
pc-40dc482e-3410,urzeitliche_kolosse__mit_pc,control,1,0,0,8,0,13,8,31,4,8,5,4,0,0
pc-ba29b8eb-3411,rudeljaeger__mit_pc,control,0,1,1,10,5,14,12,34,11,10,11,10,0,0
pc-ba29b8eb-3411,urzeitliche_kolosse__mit_pc,control,1,0,0,10,0,14,13,49,2,12,7,5,0,1
pc-690c03bd-3412,rudeljaeger__mit_pc,control,0,0,1,11,-2,16,14,41,24,12,10,9,0,0
pc-690c03bd-3412,urzeitliche_kolosse__mit_pc,control,1,1,0,11,1,14,14,51,12,14,7,12,0,1
pc-e259747a-3413,rudeljaeger__mit_pc,control,0,1,1,13,2,18,17,45,37,16,13,10,0,0
pc-e259747a-3413,urzeitliche_kolosse__mit_pc,control,1,0,0,13,0,19,16,64,16,15,13,8,0,4
pc-5ba6c538-3414,rudeljaeger__mit_pc,control,0,1,1,6,3,10,7,17,3,7,5,11,0,1
pc-5ba6c538-3414,urzeitliche_kolosse__mit_pc,control,1,0,0,6,-1,10,6,20,1,6,2,7,0,0
pc-d4f435f5-3415,rudeljaeger__mit_pc,control,0,1,1,6,6,11,7,21,0,7,6,12,0,0
pc-d4f435f5-3415,urzeitliche_kolosse__mit_pc,control,1,0,0,6,-2,11,8,20,0,7,5,4,0,0
pc-ad829876-3416,rudeljaeger__mit_pc,control,0,0,1,9,-4,13,12,34,7,10,7,7,0,0
pc-ad829876-3416,urzeitliche_kolosse__mit_pc,control,1,1,0,9,3,15,10,40,4,10,8,14,0,0
pc-26cfe934-3417,rudeljaeger__mit_pc,control,0,1,1,4,7,7,4,9,0,4,1,11,0,0
pc-26cfe934-3417,urzeitliche_kolosse__mit_pc,control,1,0,0,4,-1,9,3,8,2,3,1,3,0,0
pc-a01d59f1-3418,rudeljaeger__mit_pc,control,0,1,1,7,6,11,7,21,0,5,6,10,0,0
pc-a01d59f1-3418,urzeitliche_kolosse__mit_pc,control,1,0,0,7,0,13,7,23,5,7,0,4,0,0
pc-196aaaaf-3419,rudeljaeger__mit_pc,control,0,1,1,7,9,11,9,28,0,9,4,10,0,0
pc-196aaaaf-3419,urzeitliche_kolosse__mit_pc,control,1,0,0,7,0,12,8,24,3,7,8,1,0,0
pc-c84d1580-3420,rudeljaeger__mit_pc,control,0,1,1,5,2,9,4,13,2,4,0,11,0,0
pc-c84d1580-3420,urzeitliche_kolosse__mit_pc,control,1,0,0,5,-1,9,4,13,2,4,2,8,0,0
pc-419a663e-3421,rudeljaeger__mit_pc,control,0,1,1,7,4,11,9,24,2,9,5,11,0,0
pc-419a663e-3421,urzeitliche_kolosse__mit_pc,control,1,0,0,7,-1,12,7,26,2,7,5,6,0,0
pc-bae7d6fb-3422,rudeljaeger__mit_pc,control,0,0,1,9,-1,13,12,34,5,11,4,5,0,0
pc-bae7d6fb-3422,urzeitliche_kolosse__mit_pc,control,1,1,0,9,5,15,9,38,3,8,10,11,0,0
pc-343527b9-3423,rudeljaeger__mit_pc,control,0,1,1,4,7,10,4,10,0,4,1,10,0,0
pc-343527b9-3423,urzeitliche_kolosse__mit_pc,control,1,0,0,4,0,8,3,9,1,3,4,3,0,0
pc-e317928a-3424,rudeljaeger__mit_pc,control,0,0,1,10,0,16,14,35,12,13,7,9,0,1
pc-e317928a-3424,urzeitliche_kolosse__mit_pc,control,1,1,0,10,1,16,11,49,6,10,13,10,0,0
pc-5c64e348-3425,rudeljaeger__mit_pc,control,0,1,1,10,1,14,13,33,16,11,7,13,0,1
pc-5c64e348-3425,urzeitliche_kolosse__mit_pc,control,1,0,0,10,-3,15,11,43,12,11,9,9,0,4
pc-d5b25405-3426,rudeljaeger__mit_pc,control,0,1,1,6,3,11,5,18,3,5,2,10,0,0
pc-d5b25405-3426,urzeitliche_kolosse__mit_pc,control,1,0,0,6,0,12,5,19,2,5,2,7,0,0
pc-4effa4c3-3427,rudeljaeger__mit_pc,control,0,1,1,4,10,9,4,10,0,4,2,11,0,0
pc-4effa4c3-3427,urzeitliche_kolosse__mit_pc,control,1,0,0,4,-1,8,3,9,1,3,2,0,0,0
pc-fde20f94-3428,rudeljaeger__mit_pc,control,0,0,1,5,-2,8,5,14,1,5,2,7,0,0
pc-fde20f94-3428,urzeitliche_kolosse__mit_pc,control,1,1,0,5,3,10,5,14,1,5,3,12,0,0
pc-772f6052-3429,rudeljaeger__mit_pc,control,0,0,1,9,-1,15,10,33,8,9,6,6,0,0
pc-772f6052-3429,urzeitliche_kolosse__mit_pc,control,1,1,0,9,4,13,10,38,5,9,5,11,0,0
pc-f07cd10f-3430,rudeljaeger__mit_pc,control,0,1,1,6,2,12,8,18,0,8,4,10,0,0
pc-f07cd10f-3430,urzeitliche_kolosse__mit_pc,control,1,0,0,6,0,11,6,20,1,6,5,8,0,0
pc-69ca21cd-3431,rudeljaeger__mit_pc,control,0,0,1,8,-1,12,10,26,2,9,5,6,0,1
pc-69ca21cd-3431,urzeitliche_kolosse__mit_pc,control,1,1,0,8,4,13,8,32,2,8,7,11,0,0
pc-ef0094ef-3432,rudeljaeger__mit_pc,control,0,0,1,8,0,13,11,30,3,10,5,9,0,2
pc-ef0094ef-3432,urzeitliche_kolosse__mit_pc,control,1,1,0,8,1,12,9,33,3,8,8,10,0,0
pc-684de5ad-3433,rudeljaeger__mit_pc,control,0,1,1,4,10,8,5,9,0,5,2,10,0,0
pc-684de5ad-3433,urzeitliche_kolosse__mit_pc,control,1,0,0,4,0,9,3,9,1,3,2,0,0,0
pc-e19b566a-3434,rudeljaeger__mit_pc,control,0,1,1,8,3,13,10,28,2,9,5,10,0,2
pc-e19b566a-3434,urzeitliche_kolosse__mit_pc,control,1,0,0,8,0,14,8,31,5,8,4,7,0,3
pc-5ae8a728-3435,rudeljaeger__mit_pc,control,0,1,1,6,5,10,9,18,2,8,4,10,0,0
pc-5ae8a728-3435,urzeitliche_kolosse__mit_pc,control,1,0,0,6,0,10,7,21,0,6,4,5,0,0
pc-09cb11fa-3436,rudeljaeger__mit_pc,control,0,1,1,5,7,9,6,15,0,6,1,10,0,0
pc-09cb11fa-3436,urzeitliche_kolosse__mit_pc,control,1,0,0,5,0,10,4,12,3,4,2,3,0,0
pc-831862b7-3437,rudeljaeger__mit_pc,control,0,1,1,8,1,11,9,27,3,8,7,11,0,0
pc-831862b7-3437,urzeitliche_kolosse__mit_pc,control,1,0,0,8,-1,14,8,32,4,8,4,9,0,0
pc-fc65d374-3438,rudeljaeger__mit_pc,control,0,1,1,12,6,17,16,43,24,15,13,10,0,0
pc-fc65d374-3438,urzeitliche_kolosse__mit_pc,control,1,0,0,12,0,18,15,58,12,14,14,4,0,0
pc-75b32432-3439,rudeljaeger__mit_pc,control,0,1,1,8,2,14,11,31,2,11,5,11,0,0
pc-75b32432-3439,urzeitliche_kolosse__mit_pc,control,1,0,0,8,-1,14,9,33,3,8,9,8,0,2
pc-24958f04-3440,rudeljaeger__mit_pc,control,0,0,1,8,0,13,10,30,2,10,5,8,0,2
pc-24958f04-3440,urzeitliche_kolosse__mit_pc,control,1,1,0,8,2,12,8,35,1,8,6,10,0,3
pc-9de2ffc1-3441,rudeljaeger__mit_pc,control,0,1,1,6,3,9,7,21,0,7,2,10,0,0
pc-9de2ffc1-3441,urzeitliche_kolosse__mit_pc,control,1,0,0,6,0,11,5,18,3,5,5,7,0,1
pc-1730507f-3442,rudeljaeger__mit_pc,control,0,0,1,9,-2,14,12,33,8,11,7,6,0,0
pc-1730507f-3442,urzeitliche_kolosse__mit_pc,control,1,1,0,9,4,12,10,36,4,9,7,12,0,1
pc-907da13c-3443,rudeljaeger__mit_pc,control,0,0,1,6,0,11,6,21,0,6,0,7,0,1
pc-907da13c-3443,urzeitliche_kolosse__mit_pc,control,1,1,0,6,3,12,4,18,3,4,3,10,0,1
pc-3f600c0e-3444,rudeljaeger__mit_pc,control,0,0,1,9,0,13,12,34,5,10,5,6,0,1
pc-3f600c0e-3444,urzeitliche_kolosse__mit_pc,control,1,1,0,9,4,14,9,38,2,9,10,10,0,0
pc-b8ad7ccb-3445,rudeljaeger__mit_pc,control,0,1,1,9,3,16,13,36,4,12,8,10,0,2
pc-b8ad7ccb-3445,urzeitliche_kolosse__mit_pc,control,1,0,0,9,0,15,11,44,1,11,8,7,0,1
pc-31facd89-3446,rudeljaeger__mit_pc,control,0,0,1,9,0,15,13,37,6,12,5,9,0,1
pc-31facd89-3446,urzeitliche_kolosse__mit_pc,control,1,1,0,9,1,15,9,39,5,9,8,10,0,2
pc-ab483e46-3447,rudeljaeger__mit_pc,control,0,1,1,8,3,12,10,27,1,8,5,10,0,2
pc-ab483e46-3447,urzeitliche_kolosse__mit_pc,control,1,0,0,8,0,12,7,31,5,7,4,7,0,0
pc-83d680c7-3448,rudeljaeger__mit_pc,control,0,1,1,6,3,10,5,19,2,5,2,10,0,1
pc-83d680c7-3448,urzeitliche_kolosse__mit_pc,control,1,0,0,6,0,11,6,16,1,5,1,7,0,1
pc-fd23f184-3449,rudeljaeger__mit_pc,control,0,1,1,9,1,13,10,31,8,9,8,13,0,3
pc-fd23f184-3449,urzeitliche_kolosse__mit_pc,control,1,0,0,9,-3,14,10,40,5,9,6,9,0,0
pc-76714242-3450,rudeljaeger__mit_pc,control,0,1,1,8,3,13,11,27,7,10,5,10,0,0
pc-76714242-3450,urzeitliche_kolosse__mit_pc,control,1,0,0,8,0,14,6,33,3,6,7,7,0,3
pc-efbeb2ff-3451,rudeljaeger__mit_pc,control,0,0,1,6,0,10,9,19,1,7,4,5,0,0
pc-efbeb2ff-3451,urzeitliche_kolosse__mit_pc,control,1,1,0,6,5,10,7,21,0,7,5,10,0,1
pc-9ea11dd1-3452,rudeljaeger__mit_pc,control,0,0,1,4,0,8,2,7,3,2,1,0,0,0
pc-9ea11dd1-3452,urzeitliche_kolosse__mit_pc,control,1,1,0,4,10,9,4,9,0,4,2,10,0,0
pc-17ee6e8f-3453,rudeljaeger__mit_pc,control,0,1,1,8,3,13,11,33,2,10,7,13,0,0
pc-17ee6e8f-3453,urzeitliche_kolosse__mit_pc,control,1,0,0,8,-3,13,11,34,1,10,5,7,0,0
pc-913bdf4c-3454,rudeljaeger__mit_pc,control,0,0,1,8,-4,12,11,27,6,10,5,5,0,0
pc-913bdf4c-3454,urzeitliche_kolosse__mit_pc,control,1,1,0,8,5,13,9,30,5,9,8,14,0,0
pc-0a89300a-3455,rudeljaeger__mit_pc,control,0,1,1,4,5,8,3,9,1,3,1,10,0,0
pc-0a89300a-3455,urzeitliche_kolosse__mit_pc,control,1,0,0,4,0,10,3,6,0,3,1,5,0,0
pc-b96b9adb-3456,rudeljaeger__mit_pc,control,0,1,1,7,5,10,10,25,1,9,4,13,0,0
pc-b96b9adb-3456,urzeitliche_kolosse__mit_pc,control,1,0,0,7,-3,12,7,25,3,7,4,5,0,0
pc-32b8eb99-3457,rudeljaeger__mit_pc,control,0,1,1,7,3,12,7,24,1,6,2,13,0,1
pc-32b8eb99-3457,urzeitliche_kolosse__mit_pc,control,1,0,0,7,-3,13,5,25,3,5,1,7,0,1
pc-ac065c56-3458,rudeljaeger__mit_pc,control,0,1,1,5,4,9,4,14,1,4,0,12,0,0
pc-ac065c56-3458,urzeitliche_kolosse__mit_pc,control,1,0,0,5,-2,11,3,12,3,3,1,6,0,0
pc-2553ad14-3459,rudeljaeger__mit_pc,control,0,1,1,8,2,14,10,26,5,10,5,10,0,0
pc-2553ad14-3459,urzeitliche_kolosse__mit_pc,control,1,0,0,8,0,14,8,34,2,8,7,8,0,2
pc-d43617e5-3460,rudeljaeger__mit_pc,control,0,1,1,8,4,11,10,26,3,10,7,12,0,0
pc-d43617e5-3460,urzeitliche_kolosse__mit_pc,control,1,0,0,8,-2,13,10,33,3,9,8,6,0,2
pc-4d8368a3-3461,rudeljaeger__mit_pc,control,0,0,1,7,-2,12,10,21,4,9,2,9,0,0
pc-4d8368a3-3461,urzeitliche_kolosse__mit_pc,control,1,1,0,7,1,13,6,26,2,6,7,12,0,0
pc-c6d0d960-3462,rudeljaeger__mit_pc,control,0,0,1,11,-2,15,15,40,20,14,6,9,0,0
pc-c6d0d960-3462,urzeitliche_kolosse__mit_pc,control,1,1,0,11,1,17,11,45,13,11,13,12,0,2
pc-401e2a1e-3463,rudeljaeger__mit_pc,control,0,1,1,5,10,9,7,14,0,6,2,11,0,0
pc-401e2a1e-3463,urzeitliche_kolosse__mit_pc,control,1,0,0,5,-1,11,4,12,3,3,3,0,0,0
pc-6c049bfd-3464,rudeljaeger__mit_pc,control,0,1,1,5,7,10,6,14,1,6,1,12,0,0
pc-6c049bfd-3464,urzeitliche_kolosse__mit_pc,control,1,0,0,5,-2,10,4,13,2,4,4,3,0,0
pc-e551ecba-3465,rudeljaeger__mit_pc,control,0,1,1,6,10,12,7,19,0,6,3,10,0,0
pc-e551ecba-3465,urzeitliche_kolosse__mit_pc,control,1,0,0,6,0,10,6,18,1,6,3,0,0,0
pc-5e9f5d78-3466,rudeljaeger__mit_pc,control,0,0,1,14,-3,20,18,51,44,16,12,5,0,3
pc-5e9f5d78-3466,urzeitliche_kolosse__mit_pc,control,1,1,0,14,5,18,17,60,38,16,15,13,0,1
pc-d7ecae35-3467,rudeljaeger__mit_pc,control,0,1,1,4,7,8,5,10,0,5,1,10,0,0
pc-d7ecae35-3467,urzeitliche_kolosse__mit_pc,control,1,0,0,4,0,10,3,9,1,3,1,3,0,0
pc-86cf1907-3468,rudeljaeger__mit_pc,control,0,0,1,4,-1,8,3,9,1,3,1,3,0,0
pc-86cf1907-3468,urzeitliche_kolosse__mit_pc,control,1,1,0,4,7,9,4,10,0,4,1,11,0,0
pc-001c69c5-3469,rudeljaeger__mit_pc,control,0,0,1,5,0,8,7,14,0,7,3,7,0,0
pc-001c69c5-3469,urzeitliche_kolosse__mit_pc,control,1,1,0,5,3,10,5,13,2,5,6,10,0,0
pc-7969da82-3470,rudeljaeger__mit_pc,control,0,0,1,8,0,12,11,30,6,11,5,6,0,0
pc-7969da82-3470,urzeitliche_kolosse__mit_pc,control,1,1,0,8,4,12,10,33,3,9,8,10,0,1
pc-f2b72b3f-3471,rudeljaeger__mit_pc,control,0,1,1,15,2,21,19,51,56,17,12,9,0,2
pc-f2b72b3f-3471,urzeitliche_kolosse__mit_pc,control,1,0,0,15,0,20,17,71,42,16,15,7,0,0
pc-a1999611-3472,rudeljaeger__mit_pc,control,0,1,1,3,6,7,4,6,0,4,0,10,0,0
pc-a1999611-3472,urzeitliche_kolosse__mit_pc,control,1,0,0,3,0,9,3,5,0,3,0,4,0,0
pc-1ae6e6cf-3473,rudeljaeger__mit_pc,control,0,1,1,7,4,11,8,21,1,8,4,11,0,0
pc-1ae6e6cf-3473,urzeitliche_kolosse__mit_pc,control,1,0,0,7,-1,12,7,26,2,6,5,6,0,0
pc-9434578c-3474,rudeljaeger__mit_pc,control,0,1,1,4,10,7,4,10,0,4,1,10,0,0
pc-9434578c-3474,urzeitliche_kolosse__mit_pc,control,1,0,0,4,0,10,3,9,1,3,4,0,0,0
pc-0d81a84a-3475,rudeljaeger__mit_pc,control,0,0,1,10,-1,15,13,30,18,11,6,5,0,0
pc-0d81a84a-3475,urzeitliche_kolosse__mit_pc,control,1,1,0,10,5,15,11,41,4,10,9,11,0,0
pc-bc64131b-3476,rudeljaeger__mit_pc,control,0,0,1,10,-3,16,14,31,15,12,4,8,0,0
pc-bc64131b-3476,urzeitliche_kolosse__mit_pc,control,1,1,0,10,2,16,10,40,13,9,7,13,0,4
pc-35b163d9-3477,rudeljaeger__mit_pc,control,0,0,1,6,0,11,7,20,1,7,2,8,0,0
pc-35b163d9-3477,urzeitliche_kolosse__mit_pc,control,1,1,0,6,2,11,7,20,1,7,5,10,0,0
pc-aefed496-3478,rudeljaeger__mit_pc,control,0,1,1,4,4,9,5,8,1,5,2,10,0,0
pc-aefed496-3478,urzeitliche_kolosse__mit_pc,control,1,0,0,4,0,9,4,9,1,4,4,6,0,0
pc-284c2554-3479,rudeljaeger__mit_pc,control,0,0,1,8,0,13,8,27,1,7,3,9,0,2
pc-284c2554-3479,urzeitliche_kolosse__mit_pc,control,1,1,0,8,1,13,8,32,3,7,2,10,0,0
pc-00da87d5-3480,rudeljaeger__mit_pc,control,0,1,1,6,5,12,7,21,0,7,3,13,0,0
pc-00da87d5-3480,urzeitliche_kolosse__mit_pc,control,1,0,0,6,-3,13,7,19,0,6,5,5,0,0
pc-7a27f892-3481,rudeljaeger__mit_pc,control,0,0,1,9,-1,15,12,32,6,10,7,9,0,0
pc-7a27f892-3481,urzeitliche_kolosse__mit_pc,control,1,1,0,9,1,15,11,40,3,10,7,11,0,3
pc-f375494f-3482,rudeljaeger__mit_pc,control,0,1,1,7,3,11,10,27,1,8,5,11,0,0
pc-f375494f-3482,urzeitliche_kolosse__mit_pc,control,1,0,0,7,-1,12,7,25,3,7,5,7,0,0
pc-6cc2ba0d-3483,rudeljaeger__mit_pc,control,0,0,1,12,0,17,15,39,28,13,7,8,0,1
pc-6cc2ba0d-3483,urzeitliche_kolosse__mit_pc,control,1,1,0,12,2,16,13,51,18,12,10,10,0,0
pc-1ba504df-3484,rudeljaeger__mit_pc,control,0,1,1,14,3,19,17,49,43,15,14,12,0,1
pc-1ba504df-3484,urzeitliche_kolosse__mit_pc,control,1,0,0,14,-2,19,17,67,28,16,12,7,0,1
pc-94f2759c-3485,rudeljaeger__mit_pc,control,0,1,1,8,2,12,11,32,4,9,6,12,0,0
pc-94f2759c-3485,urzeitliche_kolosse__mit_pc,control,1,0,0,8,-2,13,8,32,3,8,6,8,0,0
pc-0e3fc65a-3486,rudeljaeger__mit_pc,control,0,0,1,6,-1,10,7,20,0,7,1,4,0,1
pc-0e3fc65a-3486,urzeitliche_kolosse__mit_pc,control,1,1,0,6,6,10,5,16,5,5,6,11,0,0
pc-878d3717-3487,rudeljaeger__mit_pc,control,0,0,1,10,-3,15,13,34,12,12,7,6,0,0
pc-878d3717-3487,urzeitliche_kolosse__mit_pc,control,1,1,0,10,4,15,12,46,6,12,9,13,0,0
pc-366f81e9-3488,rudeljaeger__mit_pc,control,0,1,1,9,4,14,12,35,5,11,9,16,0,4
pc-366f81e9-3488,urzeitliche_kolosse__mit_pc,control,1,0,0,9,-6,14,12,34,5,11,7,6,0,4
pc-afbcf2a6-3489,rudeljaeger__mit_pc,control,0,1,1,5,10,10,5,15,0,5,2,12,0,0
pc-afbcf2a6-3489,urzeitliche_kolosse__mit_pc,control,1,0,0,5,-2,11,4,12,1,4,2,0,0,0
pc-290a4364-3490,rudeljaeger__mit_pc,control,0,1,1,8,10,12,11,33,2,9,6,11,0,0
pc-290a4364-3490,urzeitliche_kolosse__mit_pc,control,1,0,0,8,-1,13,9,34,1,9,6,0,0,1
pc-a257b421-3491,rudeljaeger__mit_pc,control,0,0,1,11,-2,14,14,37,20,12,9,4,0,3
pc-a257b421-3491,urzeitliche_kolosse__mit_pc,control,1,1,0,11,6,17,14,51,6,13,11,12,0,2
pc-513a1ef3-3492,rudeljaeger__mit_pc,control,0,1,1,6,1,10,7,19,0,7,2,10,0,0
pc-513a1ef3-3492,urzeitliche_kolosse__mit_pc,control,1,0,0,6,0,12,5,17,4,4,5,9,0,0
pc-ca876fb0-3493,rudeljaeger__mit_pc,control,0,0,1,7,-2,11,8,24,3,7,3,8,0,1
pc-ca876fb0-3493,urzeitliche_kolosse__mit_pc,control,1,1,0,7,2,13,8,26,2,8,2,12,0,0
pc-43d4c06e-3494,rudeljaeger__mit_pc,control,0,0,1,12,0,18,16,43,27,14,8,3,0,2
pc-43d4c06e-3494,urzeitliche_kolosse__mit_pc,control,1,1,0,12,7,18,13,52,17,13,10,10,0,2
pc-bd22312b-3495,rudeljaeger__mit_pc,control,0,1,1,4,10,8,4,10,0,4,1,10,0,0
pc-bd22312b-3495,urzeitliche_kolosse__mit_pc,control,1,0,0,4,0,9,3,9,1,3,2,0,0,0
pc-4258844e-3496,rudeljaeger__mit_pc,control,0,1,1,8,8,13,11,31,0,10,6,10,0,0
pc-4258844e-3496,urzeitliche_kolosse__mit_pc,control,1,0,0,8,0,13,9,29,6,8,7,2,0,0
pc-bba5f50b-3497,rudeljaeger__mit_pc,control,0,1,1,10,3,14,13,38,12,12,9,11,0,1
pc-bba5f50b-3497,urzeitliche_kolosse__mit_pc,control,1,0,0,10,-1,16,13,46,6,12,9,7,0,1
pc-34f345c9-3498,rudeljaeger__mit_pc,control,0,1,1,7,2,11,10,23,3,9,3,10,0,0
pc-34f345c9-3498,urzeitliche_kolosse__mit_pc,control,1,0,0,7,0,12,8,24,4,7,5,8,0,0
pc-ae40b686-3499,rudeljaeger__mit_pc,control,0,0,1,8,-1,12,11,31,3,9,5,9,0,0
pc-ae40b686-3499,urzeitliche_kolosse__mit_pc,control,1,1,0,8,1,12,9,34,1,9,5,11,0,0
pc-573f4c47-3500,rudeljaeger__mit_pc,control,0,1,0,6,4,11,6,20,1,6,2,10,0,1
pc-573f4c47-3500,urzeitliche_kolosse__mit_pc,control,1,0,1,6,0,11,6,17,2,5,2,6,0,0
pc-d08cbd04-3501,rudeljaeger__mit_pc,control,0,1,0,5,10,9,6,13,1,6,1,12,0,0
pc-d08cbd04-3501,urzeitliche_kolosse__mit_pc,control,1,0,1,5,-2,11,4,13,2,3,3,0,0,0
pc-64a48acc-3502,rudeljaeger__mit_pc,control,0,0,0,9,-2,13,10,28,8,8,5,7,0,2
pc-64a48acc-3502,urzeitliche_kolosse__mit_pc,control,1,1,1,9,3,14,10,40,1,10,4,12,0,0
pc-ddf1fb89-3503,rudeljaeger__mit_pc,control,0,1,0,7,8,10,10,21,3,9,5,10,0,0
pc-ddf1fb89-3503,urzeitliche_kolosse__mit_pc,control,1,0,1,7,0,13,9,27,1,9,5,2,0,0
pc-7209c951-3504,rudeljaeger__mit_pc,control,0,1,0,9,6,13,12,37,3,11,6,10,0,1
pc-7209c951-3504,urzeitliche_kolosse__mit_pc,control,1,0,1,9,0,14,11,33,11,10,6,4,0,0
pc-eb573a0e-3505,rudeljaeger__mit_pc,control,0,0,0,12,-1,16,15,37,31,13,9,9,0,1
pc-eb573a0e-3505,urzeitliche_kolosse__mit_pc,control,1,1,1,12,1,18,15,52,21,14,11,11,0,0
pc-7f6f07d6-3506,rudeljaeger__mit_pc,control,0,1,0,11,7,16,14,41,17,13,11,11,0,1
pc-7f6f07d6-3506,urzeitliche_kolosse__mit_pc,control,1,0,1,11,-1,15,14,51,12,13,12,3,0,1
pc-f8bc7893-3507,rudeljaeger__mit_pc,control,0,0,0,8,0,12,10,22,9,8,5,8,0,0
pc-f8bc7893-3507,urzeitliche_kolosse__mit_pc,control,1,1,1,8,2,13,9,34,2,8,6,10,0,2
pc-8cd4465b-3508,rudeljaeger__mit_pc,control,0,0,0,3,0,7,3,6,0,3,1,5,0,0
pc-8cd4465b-3508,urzeitliche_kolosse__mit_pc,control,1,1,1,3,5,7,3,6,0,3,3,10,0,0
pc-0621b719-3509,rudeljaeger__mit_pc,control,0,0,0,5,0,8,7,15,0,6,1,5,0,0
pc-0621b719-3509,urzeitliche_kolosse__mit_pc,control,1,1,1,5,5,9,6,15,0,5,3,10,0,0
pc-9a3984e0-3510,rudeljaeger__mit_pc,control,0,1,0,7,1,11,9,27,0,9,3,11,0,0
pc-9a3984e0-3510,urzeitliche_kolosse__mit_pc,control,1,0,1,7,-1,11,8,26,2,7,6,9,0,1
pc-1386f59e-3511,rudeljaeger__mit_pc,control,0,1,0,8,8,12,11,32,4,10,5,12,0,0
pc-1386f59e-3511,urzeitliche_kolosse__mit_pc,control,1,0,1,8,-2,13,9,31,5,8,6,2,0,0
pc-a79ec365-3512,rudeljaeger__mit_pc,control,0,1,0,8,4,13,11,28,6,10,5,10,0,0
pc-a79ec365-3512,urzeitliche_kolosse__mit_pc,control,1,0,1,8,0,13,9,32,4,8,6,6,0,0
pc-20ec3423-3513,rudeljaeger__mit_pc,control,0,0,0,6,-1,10,6,17,4,5,1,9,0,0
pc-20ec3423-3513,urzeitliche_kolosse__mit_pc,control,1,1,1,6,1,12,4,17,3,4,4,11,0,0
pc-b50401ea-3514,rudeljaeger__mit_pc,control,0,0,0,9,-2,14,12,36,3,10,6,5,0,1
pc-b50401ea-3514,urzeitliche_kolosse__mit_pc,control,1,1,1,9,5,15,9,39,4,9,11,12,0,0
pc-2e5172a8-3515,rudeljaeger__mit_pc,control,0,1,0,8,4,12,10,24,6,8,4,12,0,0
pc-2e5172a8-3515,urzeitliche_kolosse__mit_pc,control,1,0,1,8,-2,14,7,33,3,7,4,6,0,0
pc-ec15581e-3516,rudeljaeger__mit_pc,control,0,1,0,7,8,11,10,22,0,9,4,10,0,0
pc-ec15581e-3516,urzeitliche_kolosse__mit_pc,control,1,0,1,7,0,12,8,24,2,7,6,2,0,1
pc-6562a8dc-3517,rudeljaeger__mit_pc,control,0,0,0,10,-4,15,13,36,11,13,9,9,0,0
pc-6562a8dc-3517,urzeitliche_kolosse__mit_pc,control,1,1,1,10,1,16,12,46,6,12,10,14,0,3
pc-f97a96a3-3518,rudeljaeger__mit_pc,control,0,1,0,5,8,9,5,13,0,4,1,11,0,0
pc-f97a96a3-3518,urzeitliche_kolosse__mit_pc,control,1,0,1,5,-1,10,4,13,1,4,1,2,0,0
pc-72c7e761-3519,rudeljaeger__mit_pc,control,0,1,0,4,4,9,3,9,1,3,0,12,0,0
pc-72c7e761-3519,urzeitliche_kolosse__mit_pc,control,1,0,1,4,-2,10,3,9,1,3,0,6,0,0
pc-06dfd529-3520,rudeljaeger__mit_pc,control,0,1,0,10,2,14,14,32,16,12,8,11,0,0
pc-06dfd529-3520,urzeitliche_kolosse__mit_pc,control,1,0,1,10,-1,16,13,45,5,12,11,8,0,3
pc-802d25e6-3521,rudeljaeger__mit_pc,control,0,0,0,15,-4,19,18,45,60,16,15,5,0,2
pc-802d25e6-3521,urzeitliche_kolosse__mit_pc,control,1,1,1,15,5,20,18,71,37,17,13,14,0,2
pc-144513ae-3522,rudeljaeger__mit_pc,control,0,1,0,5,5,10,6,14,0,5,2,10,0,0
pc-144513ae-3522,urzeitliche_kolosse__mit_pc,control,1,0,1,5,0,10,4,12,3,4,3,5,0,0
pc-8d92646b-3523,rudeljaeger__mit_pc,control,0,0,0,9,-1,12,12,27,11,11,4,7,0,1
pc-8d92646b-3523,urzeitliche_kolosse__mit_pc,control,1,1,1,9,3,15,10,34,4,9,9,11,0,0
pc-21aa5233-3524,rudeljaeger__mit_pc,control,0,1,0,5,4,8,7,13,0,7,2,11,0,0
pc-21aa5233-3524,urzeitliche_kolosse__mit_pc,control,1,0,1,5,-1,10,5,13,2,5,6,6,0,0
pc-9af7a2f0-3525,rudeljaeger__mit_pc,control,0,0,0,12,-3,17,15,40,28,14,10,7,0,1
pc-9af7a2f0-3525,urzeitliche_kolosse__mit_pc,control,1,1,1,12,3,16,15,54,16,14,11,13,0,0
pc-2f0f90b8-3526,rudeljaeger__mit_pc,control,0,0,0,6,-1,10,7,18,3,7,1,5,0,0
pc-2f0f90b8-3526,urzeitliche_kolosse__mit_pc,control,1,1,1,6,5,11,6,19,1,5,5,11,0,0
pc-a85ce175-3527,rudeljaeger__mit_pc,control,0,0,0,5,0,8,4,14,1,4,1,3,0,0
pc-a85ce175-3527,urzeitliche_kolosse__mit_pc,control,1,1,1,5,7,9,6,15,0,6,1,10,0,0
pc-3c74cf3d-3528,rudeljaeger__mit_pc,control,0,1,0,5,3,8,6,14,0,6,2,10,0,0
pc-3c74cf3d-3528,urzeitliche_kolosse__mit_pc,control,1,0,1,5,0,9,5,15,0,5,5,7,0,0
pc-b5c23ffa-3529,rudeljaeger__mit_pc,control,0,1,0,11,5,17,15,39,20,14,10,12,0,0
pc-b5c23ffa-3529,urzeitliche_kolosse__mit_pc,control,1,0,1,11,-2,16,14,48,10,13,11,5,0,1
pc-49da0dc2-3530,rudeljaeger__mit_pc,control,0,1,0,5,5,8,5,13,0,5,1,10,0,0
pc-49da0dc2-3530,urzeitliche_kolosse__mit_pc,control,1,0,1,5,0,9,5,14,1,5,3,5,0,0
pc-c3277e7f-3531,rudeljaeger__mit_pc,control,0,1,0,7,6,10,10,27,0,9,7,10,0,0
pc-c3277e7f-3531,urzeitliche_kolosse__mit_pc,control,1,0,1,7,0,11,9,26,2,8,5,4,0,0
pc-2d935498-3532,rudeljaeger__mit_pc,control,0,1,0,7,1,11,10,22,1,9,4,11,0,0
pc-2d935498-3532,urzeitliche_kolosse__mit_pc,control,1,0,1,7,-1,13,7,27,1,7,7,9,0,0
pc-a6e0a555-3533,rudeljaeger__mit_pc,control,0,0,0,11,-2,16,14,39,23,12,6,6,0,0
pc-a6e0a555-3533,urzeitliche_kolosse__mit_pc,control,1,1,1,11,4,16,12,54,3,11,8,12,0,0
pc-3af8931d-3534,rudeljaeger__mit_pc,control,0,0,0,10,0,16,13,38,12,12,5,7,0,0
pc-3af8931d-3534,urzeitliche_kolosse__mit_pc,control,1,1,1,10,3,15,10,46,3,9,8,10,0,0
pc-b445e3da-3535,rudeljaeger__mit_pc,control,0,1,0,5,6,8,5,14,1,5,3,10,0,0
pc-b445e3da-3535,urzeitliche_kolosse__mit_pc,control,1,0,1,5,0,9,5,14,0,5,3,4,0,0
pc-485dd1a2-3536,rudeljaeger__mit_pc,control,0,1,0,5,6,8,4,11,2,4,1,10,0,0
pc-485dd1a2-3536,urzeitliche_kolosse__mit_pc,control,1,0,1,5,0,9,4,13,2,4,1,4,0,0
pc-c1ab225f-3537,rudeljaeger__mit_pc,control,0,0,0,5,-1,10,3,11,3,3,1,0,0,0
pc-c1ab225f-3537,urzeitliche_kolosse__mit_pc,control,1,1,1,5,10,11,6,14,0,6,1,11,0,0
pc-55c31027-3538,rudeljaeger__mit_pc,control,0,0,0,11,-1,16,14,39,20,13,9,8,0,2
pc-55c31027-3538,urzeitliche_kolosse__mit_pc,control,1,1,1,11,2,16,14,47,12,13,9,11,0,0
pc-cf1060e4-3539,rudeljaeger__mit_pc,control,0,0,0,9,0,13,12,31,6,11,8,9,0,1
pc-cf1060e4-3539,urzeitliche_kolosse__mit_pc,control,1,1,1,9,1,15,10,41,2,10,7,10,0,0
pc-63284eac-3540,rudeljaeger__mit_pc,control,0,0,0,15,-3,21,19,55,54,17,11,7,0,1
pc-63284eac-3540,urzeitliche_kolosse__mit_pc,control,1,1,1,15,3,21,16,68,42,15,14,13,0,1
pc-dc75bf69-3541,rudeljaeger__mit_pc,control,0,1,0,5,6,8,4,12,1,4,1,12,0,0
pc-dc75bf69-3541,urzeitliche_kolosse__mit_pc,control,1,0,1,5,-2,11,4,13,2,4,2,4,0,1
pc-708d8d31-3542,rudeljaeger__mit_pc,control,0,0,0,6,0,9,7,20,1,7,2,8,0,0
pc-708d8d31-3542,urzeitliche_kolosse__mit_pc,control,1,1,1,6,2,11,6,20,1,6,3,10,0,0
pc-e9dafdee-3543,rudeljaeger__mit_pc,control,0,1,0,4,3,7,5,10,0,5,3,11,0,0
pc-e9dafdee-3543,urzeitliche_kolosse__mit_pc,control,1,0,1,4,-1,10,4,10,0,4,2,7,0,0
pc-7df2cbb6-3544,rudeljaeger__mit_pc,control,0,1,0,5,10,10,4,14,1,4,1,14,0,0
pc-7df2cbb6-3544,urzeitliche_kolosse__mit_pc,control,1,0,1,5,-4,11,3,11,4,3,0,0,0,0
pc-f7403c73-3545,rudeljaeger__mit_pc,control,0,1,0,9,6,14,13,36,5,11,6,11,0,1
pc-f7403c73-3545,urzeitliche_kolosse__mit_pc,control,1,0,1,9,-1,14,11,38,5,10,9,4,0,0
pc-8b580a3b-3546,rudeljaeger__mit_pc,control,0,1,0,7,10,11,7,23,1,7,4,11,0,0
pc-8b580a3b-3546,urzeitliche_kolosse__mit_pc,control,1,0,1,7,-1,12,6,25,3,6,3,0,0,0
pc-04a57af9-3547,rudeljaeger__mit_pc,control,0,0,0,12,-2,16,15,41,27,14,11,9,0,0
pc-04a57af9-3547,urzeitliche_kolosse__mit_pc,control,1,1,1,12,1,18,14,57,16,13,11,12,0,4
pc-c269406f-3548,rudeljaeger__mit_pc,control,0,1,0,6,6,10,7,21,0,7,2,10,0,0
pc-c269406f-3548,urzeitliche_kolosse__mit_pc,control,1,0,1,6,0,11,6,19,2,5,5,4,0,0
pc-3bb6b12d-3549,rudeljaeger__mit_pc,control,0,1,0,5,6,11,7,14,0,7,3,11,0,0
pc-3bb6b12d-3549,urzeitliche_kolosse__mit_pc,control,1,0,1,5,-1,10,5,14,1,5,5,4,0,0
pc-cfce9ef4-3550,rudeljaeger__mit_pc,control,0,1,0,5,1,9,5,14,1,5,3,10,0,0
pc-cfce9ef4-3550,urzeitliche_kolosse__mit_pc,control,1,0,1,5,0,9,5,13,1,5,3,9,0,0
pc-491befb2-3551,rudeljaeger__mit_pc,control,0,0,0,14,0,18,17,49,47,15,11,8,0,1
pc-491befb2-3551,urzeitliche_kolosse__mit_pc,control,1,1,1,14,2,19,16,64,31,15,15,10,0,1
pc-dd33dd79-3552,rudeljaeger__mit_pc,control,0,0,0,8,-2,13,9,24,6,7,5,4,0,1
pc-dd33dd79-3552,urzeitliche_kolosse__mit_pc,control,1,1,1,8,6,14,8,33,2,8,2,12,0,2
pc-56812e37-3553,rudeljaeger__mit_pc,control,0,0,0,7,-3,11,10,24,4,9,3,6,0,0
pc-56812e37-3553,urzeitliche_kolosse__mit_pc,control,1,1,1,7,4,13,6,26,2,6,9,13,0,1
pc-ea991bfe-3554,rudeljaeger__mit_pc,control,0,1,0,8,2,14,10,28,3,8,9,12,0,2
pc-ea991bfe-3554,urzeitliche_kolosse__mit_pc,control,1,0,1,8,-2,13,10,34,2,10,3,8,0,0
pc-63e66cbc-3555,rudeljaeger__mit_pc,control,0,0,0,11,0,15,15,38,21,13,9,6,0,1
pc-63e66cbc-3555,urzeitliche_kolosse__mit_pc,control,1,1,1,11,4,16,14,52,12,14,12,10,0,3
pc-f7fe5a83-3556,rudeljaeger__mit_pc,control,0,0,0,10,0,15,13,43,5,12,6,8,0,1
pc-f7fe5a83-3556,urzeitliche_kolosse__mit_pc,control,1,1,1,10,2,15,11,42,9,10,11,10,0,2
pc-714bab41-3557,rudeljaeger__mit_pc,control,0,1,0,5,1,9,4,14,1,4,1,11,0,0
pc-714bab41-3557,urzeitliche_kolosse__mit_pc,control,1,0,1,5,-1,9,5,13,2,4,2,9,0,0
pc-05639909-3558,rudeljaeger__mit_pc,control,0,1,0,5,10,9,6,15,0,6,3,11,0,0
pc-05639909-3558,urzeitliche_kolosse__mit_pc,control,1,0,1,5,-1,11,4,14,1,4,3,0,0,0
pc-7eb0e9c6-3559,rudeljaeger__mit_pc,control,0,1,0,6,4,10,7,20,1,7,2,12,0,0
pc-7eb0e9c6-3559,urzeitliche_kolosse__mit_pc,control,1,0,1,6,-2,11,6,20,1,5,3,6,0,0
pc-12c8d78e-3560,rudeljaeger__mit_pc,control,0,1,0,12,4,17,15,46,23,14,10,12,0,2
pc-12c8d78e-3560,urzeitliche_kolosse__mit_pc,control,1,0,1,12,-2,17,15,55,18,14,12,6,0,1
pc-8c16284b-3561,rudeljaeger__mit_pc,control,0,1,0,4,3,9,5,10,0,4,1,12,0,0
pc-8c16284b-3561,urzeitliche_kolosse__mit_pc,control,1,0,1,4,-2,10,4,8,2,3,2,7,0,0
pc-202e1613-3562,rudeljaeger__mit_pc,control,0,1,0,5,10,9,6,13,0,6,3,10,0,0
pc-202e1613-3562,urzeitliche_kolosse__mit_pc,control,1,0,1,5,0,9,4,14,1,4,4,0,0,0
pc-997b66d0-3563,rudeljaeger__mit_pc,control,0,0,0,7,0,12,10,23,0,8,3,8,0,0
pc-997b66d0-3563,urzeitliche_kolosse__mit_pc,control,1,1,1,7,2,11,7,26,2,7,6,10,0,1
pc-03e75ce9-3564,rudeljaeger__mit_pc,control,0,1,0,12,3,15,15,45,22,14,12,11,0,1
pc-03e75ce9-3564,urzeitliche_kolosse__mit_pc,control,1,0,1,12,-1,16,15,55,18,14,12,7,0,1
pc-7d34ada6-3565,rudeljaeger__mit_pc,control,0,1,0,5,7,9,7,13,0,7,1,12,0,0
pc-7d34ada6-3565,urzeitliche_kolosse__mit_pc,control,1,0,1,5,-2,10,3,10,4,3,3,3,0,0
pc-114c9b6e-3566,rudeljaeger__mit_pc,control,0,1,0,5,10,9,5,11,0,5,3,11,0,0
pc-114c9b6e-3566,urzeitliche_kolosse__mit_pc,control,1,0,1,5,-1,11,4,14,1,4,2,0,0,0
pc-8a99ec2b-3567,rudeljaeger__mit_pc,control,0,0,0,11,0,16,15,40,21,13,9,4,0,1
pc-8a99ec2b-3567,urzeitliche_kolosse__mit_pc,control,1,1,1,11,6,17,14,50,11,13,13,10,0,1
pc-1eb1d9f3-3568,rudeljaeger__mit_pc,control,0,0,0,10,0,13,12,40,10,11,7,8,0,0
pc-1eb1d9f3-3568,urzeitliche_kolosse__mit_pc,control,1,1,1,10,2,16,12,48,4,11,7,10,0,2
pc-97ff2ab0-3569,rudeljaeger__mit_pc,control,0,1,0,8,5,13,12,32,3,11,4,10,0,0
pc-97ff2ab0-3569,urzeitliche_kolosse__mit_pc,control,1,0,1,8,0,13,8,31,5,7,8,5,0,3
pc-2c171878-3570,rudeljaeger__mit_pc,control,0,1,0,6,4,11,8,19,2,6,4,11,0,1
pc-2c171878-3570,urzeitliche_kolosse__mit_pc,control,1,0,1,6,-1,10,7,18,3,6,3,6,0,0
pc-a5646935-3571,rudeljaeger__mit_pc,control,0,1,0,5,5,10,6,12,0,6,2,10,0,0
pc-a5646935-3571,urzeitliche_kolosse__mit_pc,control,1,0,1,5,0,10,4,13,2,4,3,5,0,0
pc-397c56fd-3572,rudeljaeger__mit_pc,control,0,1,0,5,10,8,5,12,2,5,1,10,0,0
pc-397c56fd-3572,urzeitliche_kolosse__mit_pc,control,1,0,1,5,0,11,4,12,3,4,2,0,0,0
pc-b2c9a7ba-3573,rudeljaeger__mit_pc,control,0,0,0,13,-2,19,17,47,35,16,12,8,0,2
pc-b2c9a7ba-3573,urzeitliche_kolosse__mit_pc,control,1,1,1,13,2,18,16,58,24,15,12,12,0,3
pc-46e19582-3574,rudeljaeger__mit_pc,control,0,1,0,5,10,9,6,15,0,6,2,10,0,0
pc-46e19582-3574,urzeitliche_kolosse__mit_pc,control,1,0,1,5,0,11,4,14,1,4,2,0,0,1
pc-c02ee63f-3575,rudeljaeger__mit_pc,control,0,1,0,4,6,8,5,10,0,4,5,10,0,0
pc-c02ee63f-3575,urzeitliche_kolosse__mit_pc,control,1,0,1,4,0,9,5,10,0,5,1,4,0,0
pc-5446d407-3576,rudeljaeger__mit_pc,control,0,0,0,4,0,9,4,8,1,4,0,7,0,0
pc-5446d407-3576,urzeitliche_kolosse__mit_pc,control,1,1,1,4,3,10,4,10,0,3,3,10,0,0
pc-cd9424c4-3577,rudeljaeger__mit_pc,control,0,1,0,6,1,12,7,20,1,6,3,10,0,0
pc-cd9424c4-3577,urzeitliche_kolosse__mit_pc,control,1,0,1,6,0,11,7,20,1,7,2,9,0,0
pc-61ac128c-3578,rudeljaeger__mit_pc,control,0,1,0,7,6,11,11,25,0,9,8,11,0,0
pc-61ac128c-3578,urzeitliche_kolosse__mit_pc,control,1,0,1,7,-1,12,9,25,1,9,7,4,0,0
pc-daf96349-3579,rudeljaeger__mit_pc,control,0,1,0,7,1,12,8,23,2,8,3,10,0,1
pc-daf96349-3579,urzeitliche_kolosse__mit_pc,control,1,0,1,7,0,12,8,24,1,7,6,9,0,0
pc-98bd48c0-3580,rudeljaeger__mit_pc,control,0,0,0,8,-4,11,11,25,6,10,2,4,0,0
pc-98bd48c0-3580,urzeitliche_kolosse__mit_pc,control,1,1,1,8,6,14,7,34,2,7,8,14,0,0
pc-120ab97e-3581,rudeljaeger__mit_pc,control,0,1,0,5,4,8,5,14,1,5,0,11,0,0
pc-120ab97e-3581,urzeitliche_kolosse__mit_pc,control,1,0,1,5,-1,10,3,12,3,3,2,6,0,0
pc-a6228745-3582,rudeljaeger__mit_pc,control,0,1,0,7,6,11,8,24,2,8,5,12,0,0
pc-a6228745-3582,urzeitliche_kolosse__mit_pc,control,1,0,1,7,-2,10,8,26,2,7,4,4,0,0
pc-1f6ff803-3583,rudeljaeger__mit_pc,control,0,1,0,8,1,11,9,27,3,8,4,12,0,0
pc-1f6ff803-3583,urzeitliche_kolosse__mit_pc,control,1,0,1,8,-2,13,6,32,4,6,4,9,0,0
pc-b387c5ca-3584,rudeljaeger__mit_pc,control,0,1,0,8,1,13,11,34,1,10,6,10,0,1
pc-b387c5ca-3584,urzeitliche_kolosse__mit_pc,control,1,0,1,8,0,11,9,35,1,9,5,9,0,0
pc-2cd53688-3585,rudeljaeger__mit_pc,control,0,0,0,8,0,13,11,33,1,10,3,8,0,0
pc-2cd53688-3585,urzeitliche_kolosse__mit_pc,control,1,1,1,8,2,14,8,32,2,7,5,10,0,0
pc-c0ed044f-3586,rudeljaeger__mit_pc,control,0,1,0,5,6,8,5,14,1,5,3,12,0,0
pc-c0ed044f-3586,urzeitliche_kolosse__mit_pc,control,1,0,1,5,-2,11,5,13,2,5,1,4,0,0
pc-3a3a750d-3587,rudeljaeger__mit_pc,control,0,0,0,3,0,8,3,6,0,3,1,5,0,0
pc-3a3a750d-3587,urzeitliche_kolosse__mit_pc,control,1,1,1,3,5,8,3,6,0,3,3,10,0,0
pc-ce5242d4-3588,rudeljaeger__mit_pc,control,0,1,0,5,10,9,5,15,0,5,0,12,0,0
pc-ce5242d4-3588,urzeitliche_kolosse__mit_pc,control,1,0,1,5,-2,11,3,12,3,3,2,0,0,0
pc-479fb392-3589,rudeljaeger__mit_pc,control,0,0,0,11,0,16,14,38,17,13,8,8,0,0
pc-479fb392-3589,urzeitliche_kolosse__mit_pc,control,1,1,1,11,2,16,12,54,7,11,9,10,0,3
pc-dbb78159-3590,rudeljaeger__mit_pc,control,0,0,0,11,-1,17,14,38,20,12,8,8,0,0
pc-dbb78159-3590,urzeitliche_kolosse__mit_pc,control,1,1,1,11,2,15,12,50,9,12,10,11,0,1
pc-5504f217-3591,rudeljaeger__mit_pc,control,0,1,0,6,7,11,7,20,0,6,2,13,0,0
pc-5504f217-3591,urzeitliche_kolosse__mit_pc,control,1,0,1,6,-3,12,4,17,3,4,5,3,0,0
pc-e91cdfde-3592,rudeljaeger__mit_pc,control,0,1,0,7,3,12,9,27,1,8,6,11,0,0
pc-e91cdfde-3592,urzeitliche_kolosse__mit_pc,control,1,0,1,7,-1,13,8,25,2,8,6,7,0,3
pc-626a309c-3593,rudeljaeger__mit_pc,control,0,0,0,8,0,12,10,31,3,8,3,7,0,0
pc-626a309c-3593,urzeitliche_kolosse__mit_pc,control,1,1,1,8,3,13,8,28,2,7,3,10,0,2
pc-f6821e63-3594,rudeljaeger__mit_pc,control,0,0,0,12,-2,19,16,47,23,15,10,9,0,2
pc-f6821e63-3594,urzeitliche_kolosse__mit_pc,control,1,1,1,12,1,17,14,55,18,13,13,12,0,6
pc-6fcf6f21-3595,rudeljaeger__mit_pc,control,0,1,0,12,2,17,15,44,23,14,11,12,0,1
pc-6fcf6f21-3595,urzeitliche_kolosse__mit_pc,control,1,0,1,12,-2,17,15,58,16,14,12,8,0,2
pc-da3b4539-3596,rudeljaeger__mit_pc,control,0,1,0,7,6,11,9,25,0,9,3,10,0,0
pc-da3b4539-3596,urzeitliche_kolosse__mit_pc,control,1,0,1,7,0,12,7,27,1,6,5,4,0,0
pc-5388b5f7-3597,rudeljaeger__mit_pc,control,0,0,0,5,0,9,4,12,3,4,2,2,0,0
pc-5388b5f7-3597,urzeitliche_kolosse__mit_pc,control,1,1,1,5,8,10,5,13,0,5,2,10,0,0
pc-e7a083be-3598,rudeljaeger__mit_pc,control,0,0,0,9,-3,14,13,27,11,11,2,5,0,0
pc-e7a083be-3598,urzeitliche_kolosse__mit_pc,control,1,1,1,9,5,15,8,35,5,7,9,13,0,0
pc-60edf47c-3599,rudeljaeger__mit_pc,control,0,1,0,15,6,19,19,54,55,17,15,11,0,1
pc-60edf47c-3599,urzeitliche_kolosse__mit_pc,control,1,0,1,15,-1,21,18,68,38,17,14,4,0,1
pc-e912394b-3600,rudeljaeger__mit_pc,control,0,0,1,11,-1,16,11,38,23,11,6,4,0,1
pc-e912394b-3600,urzeitliche_kolosse__ohne_pc,control,1,1,0,11,6,17,13,51,8,11,7,11,0,2
pc-6fc4c88e-3601,rudeljaeger__mit_pc,control,0,1,1,7,1,11,9,27,1,8,5,11,0,1
pc-6fc4c88e-3601,urzeitliche_kolosse__ohne_pc,control,1,0,0,7,-1,11,7,24,2,7,5,9,0,0
pc-f67777d0-3602,rudeljaeger__mit_pc,control,0,1,1,8,3,12,11,31,3,9,8,12,0,2
pc-f67777d0-3602,urzeitliche_kolosse__ohne_pc,control,1,0,0,8,-2,13,9,32,4,9,5,7,0,2
pc-7d2a0713-3603,rudeljaeger__mit_pc,control,0,1,1,4,10,9,4,9,1,4,0,13,0,0
pc-7d2a0713-3603,urzeitliche_kolosse__ohne_pc,control,1,0,0,4,-3,9,2,7,3,2,4,0,0,0
pc-ce47bc41-3604,rudeljaeger__mit_pc,control,0,1,1,9,2,13,11,31,5,9,8,11,0,0
pc-ce47bc41-3604,urzeitliche_kolosse__ohne_pc,control,1,0,0,9,-1,14,12,37,6,10,4,8,0,0
pc-54fa4b84-3605,rudeljaeger__mit_pc,control,0,1,1,8,4,12,9,24,9,8,6,10,0,0
pc-54fa4b84-3605,urzeitliche_kolosse__ohne_pc,control,1,0,0,8,0,14,8,34,2,8,3,6,0,0
pc-dbacfac6-3606,rudeljaeger__mit_pc,control,0,1,1,7,5,11,10,22,2,9,4,11,0,0
pc-dbacfac6-3606,urzeitliche_kolosse__ohne_pc,control,1,0,0,7,-1,12,7,22,4,6,8,5,0,0
pc-625f8a09-3607,rudeljaeger__mit_pc,control,0,1,1,7,5,12,10,24,2,9,5,12,0,0
pc-625f8a09-3607,urzeitliche_kolosse__ohne_pc,control,1,0,0,7,-2,12,7,25,3,7,5,5,0,1
pc-b37d3f37-3608,rudeljaeger__mit_pc,control,0,1,1,6,6,10,6,20,0,5,3,13,0,0
pc-b37d3f37-3608,urzeitliche_kolosse__ohne_pc,control,1,0,0,6,-3,12,7,19,2,7,0,4,0,0
pc-3a2fce7a-3609,rudeljaeger__mit_pc,control,0,1,1,8,6,13,10,25,5,8,5,10,0,0
pc-3a2fce7a-3609,urzeitliche_kolosse__ohne_pc,control,1,0,0,8,0,14,8,31,4,8,4,4,0,2
pc-c0e27dbc-3610,rudeljaeger__mit_pc,control,0,1,1,8,3,13,11,28,1,11,7,10,0,1
pc-c0e27dbc-3610,urzeitliche_kolosse__ohne_pc,control,1,0,0,8,0,14,10,35,1,10,6,7,0,0
pc-47950cff-3611,rudeljaeger__mit_pc,control,0,1,1,6,8,9,6,19,2,6,2,12,0,0
pc-47950cff-3611,urzeitliche_kolosse__ohne_pc,control,1,0,0,6,-2,11,6,16,5,5,2,2,0,0
pc-98b2a22d-3612,rudeljaeger__mit_pc,control,0,1,1,5,5,10,5,15,0,5,2,12,0,0
pc-98b2a22d-3612,urzeitliche_kolosse__ohne_pc,control,1,0,0,5,-2,9,5,15,0,5,4,5,0,0
pc-1f655170-3613,rudeljaeger__mit_pc,control,0,1,1,7,3,11,10,26,0,10,4,10,0,0
pc-1f655170-3613,urzeitliche_kolosse__ohne_pc,control,1,0,0,7,0,12,6,25,3,6,8,7,0,0
pc-a617e0b2-3614,rudeljaeger__mit_pc,control,0,0,1,10,-2,15,13,38,11,12,7,7,0,0
pc-a617e0b2-3614,urzeitliche_kolosse__ohne_pc,control,1,1,0,10,3,16,12,49,4,11,9,12,0,0
pc-2cca8ff5-3615,rudeljaeger__mit_pc,control,0,0,1,5,-1,10,7,14,1,7,3,7,0,0
pc-2cca8ff5-3615,urzeitliche_kolosse__ohne_pc,control,1,1,0,5,3,9,5,14,1,5,5,11,0,0
pc-543c2d74-3616,rudeljaeger__mit_pc,control,0,1,1,4,10,8,5,10,0,5,2,10,0,0
pc-543c2d74-3616,urzeitliche_kolosse__ohne_pc,control,1,0,0,4,0,9,3,9,1,3,2,0,0,0
pc-daeedcb6-3617,rudeljaeger__mit_pc,control,0,1,1,7,5,10,10,25,2,9,6,15,0,0
pc-daeedcb6-3617,urzeitliche_kolosse__ohne_pc,control,1,0,0,7,-5,11,9,26,2,8,5,5,0,0
pc-61a16bf9-3618,rudeljaeger__mit_pc,control,0,1,1,6,1,9,7,20,0,6,2,10,0,0
pc-61a16bf9-3618,urzeitliche_kolosse__ohne_pc,control,1,0,0,6,0,11,7,15,4,6,4,9,0,0
pc-e8541b3b-3619,rudeljaeger__mit_pc,control,0,0,1,8,-1,12,11,24,9,9,6,7,0,0
pc-e8541b3b-3619,urzeitliche_kolosse__ohne_pc,control,1,1,0,8,3,13,11,33,2,10,6,11,0,1
pc-3971b06a-3620,rudeljaeger__mit_pc,control,0,1,1,9,6,15,13,39,3,11,9,10,0,2
pc-3971b06a-3620,urzeitliche_kolosse__ohne_pc,control,1,0,0,9,0,14,12,39,4,11,8,4,0,0
pc-c0245fac-3621,rudeljaeger__mit_pc,control,0,1,1,9,3,12,12,37,3,11,9,12,0,1
pc-c0245fac-3621,urzeitliche_kolosse__ohne_pc,control,1,0,0,9,-2,15,12,41,4,11,7,7,0,3
pc-46d6eeef-3622,rudeljaeger__mit_pc,control,0,1,1,7,4,10,10,20,4,9,5,10,0,0
pc-46d6eeef-3622,urzeitliche_kolosse__ohne_pc,control,1,0,0,7,0,12,9,24,0,7,7,6,0,0
pc-cd899e31-3623,rudeljaeger__mit_pc,control,0,1,1,10,2,14,13,31,14,11,9,10,0,0
pc-cd899e31-3623,urzeitliche_kolosse__ohne_pc,control,1,0,0,10,0,16,13,42,9,12,7,8,0,2
pc-1ea73360-3624,rudeljaeger__mit_pc,control,0,1,1,8,3,13,9,26,9,9,4,12,0,0
pc-1ea73360-3624,urzeitliche_kolosse__ohne_pc,control,1,0,0,8,-2,14,9,33,2,8,6,7,0,0
pc-a559c2a2-3625,rudeljaeger__mit_pc,control,0,0,1,9,-2,13,12,29,12,10,6,6,0,0
pc-a559c2a2-3625,urzeitliche_kolosse__ohne_pc,control,1,1,0,9,4,15,10,36,4,9,7,12,0,0
pc-2c0c71e5-3626,rudeljaeger__mit_pc,control,0,1,1,7,2,12,10,27,1,9,4,12,0,0
pc-2c0c71e5-3626,urzeitliche_kolosse__ohne_pc,control,1,0,0,7,-2,11,8,27,1,7,5,8,0,0
pc-b2bf0127-3627,rudeljaeger__mit_pc,control,0,0,1,9,0,14,12,32,7,10,6,9,0,0
pc-b2bf0127-3627,urzeitliche_kolosse__ohne_pc,control,1,1,0,9,1,15,9,37,4,9,8,10,0,0
pc-03dcb656-3628,rudeljaeger__mit_pc,control,0,1,1,11,2,14,14,40,19,12,10,10,0,1
pc-03dcb656-3628,urzeitliche_kolosse__ohne_pc,control,1,0,0,11,0,17,14,50,10,12,9,8,0,0
pc-8a8f4598-3629,rudeljaeger__mit_pc,control,0,1,1,6,2,11,7,21,0,6,3,11,0,0
pc-8a8f4598-3629,urzeitliche_kolosse__ohne_pc,control,1,0,0,6,-1,12,6,16,2,6,5,8,0,0
pc-1141f4db-3630,rudeljaeger__mit_pc,control,0,1,1,12,1,18,15,40,29,14,9,12,0,0
pc-1141f4db-3630,urzeitliche_kolosse__ohne_pc,control,1,0,0,12,-2,17,15,53,15,13,13,9,0,2
pc-97f4841d-3631,rudeljaeger__mit_pc,control,0,1,1,8,3,12,10,29,1,9,4,11,0,0
pc-97f4841d-3631,urzeitliche_kolosse__ohne_pc,control,1,0,0,8,-1,13,8,31,5,7,5,7,0,0
pc-bf66219c-3632,rudeljaeger__mit_pc,control,0,1,1,8,6,12,9,29,4,8,4,10,0,0
pc-bf66219c-3632,urzeitliche_kolosse__ohne_pc,control,1,0,0,8,0,13,9,34,2,7,5,4,0,1
pc-4618d0df-3633,rudeljaeger__mit_pc,control,0,0,1,4,-2,7,4,9,0,4,0,4,0,0
pc-4618d0df-3633,urzeitliche_kolosse__ohne_pc,control,1,1,0,4,6,10,5,10,0,4,2,12,0,0
pc-cccb6021-3634,rudeljaeger__mit_pc,control,0,1,1,8,4,11,11,33,3,10,7,11,0,0
pc-cccb6021-3634,urzeitliche_kolosse__ohne_pc,control,1,0,0,8,-1,13,11,34,2,10,8,6,0,0
pc-537e0f64-3635,rudeljaeger__mit_pc,control,0,1,1,6,4,10,5,17,3,5,4,14,0,0
pc-537e0f64-3635,urzeitliche_kolosse__ohne_pc,control,1,0,0,6,-4,10,6,18,2,6,3,6,0,0
pc-a49ba492-3636,rudeljaeger__mit_pc,control,0,1,1,7,5,11,10,24,2,9,5,12,0,0
pc-a49ba492-3636,urzeitliche_kolosse__ohne_pc,control,1,0,0,7,-2,12,10,25,2,8,7,5,0,1
pc-2b4e53d5-3637,rudeljaeger__mit_pc,control,0,1,1,8,3,14,12,28,5,10,5,11,0,0
pc-2b4e53d5-3637,urzeitliche_kolosse__ohne_pc,control,1,0,0,8,-1,14,7,31,5,7,7,7,0,0
pc-b200e317-3638,rudeljaeger__mit_pc,control,0,1,1,8,4,13,10,32,0,10,7,12,0,0
pc-b200e317-3638,urzeitliche_kolosse__ohne_pc,control,1,0,0,8,-2,14,9,34,2,9,7,6,0,0
pc-38b3925a-3639,rudeljaeger__mit_pc,control,0,1,1,6,5,10,7,20,1,6,2,10,0,0
pc-38b3925a-3639,urzeitliche_kolosse__ohne_pc,control,1,0,0,6,0,11,5,17,3,5,3,5,0,1
pc-89d12788-3640,rudeljaeger__mit_pc,control,0,1,1,7,3,11,10,25,2,8,5,12,0,0
pc-89d12788-3640,urzeitliche_kolosse__ohne_pc,control,1,0,0,7,-2,11,9,22,1,7,5,7,0,1
pc-1083d6cb-3641,rudeljaeger__mit_pc,control,0,0,1,6,0,10,7,19,2,7,2,8,0,0
pc-1083d6cb-3641,urzeitliche_kolosse__ohne_pc,control,1,1,0,6,2,11,6,18,1,6,3,10,0,0
pc-9736660d-3642,rudeljaeger__mit_pc,control,0,0,1,12,-3,17,15,41,29,13,10,8,0,4
pc-9736660d-3642,urzeitliche_kolosse__ohne_pc,control,1,1,0,12,2,17,15,50,20,13,9,13,0,4
pc-1de91550-3643,rudeljaeger__mit_pc,control,0,1,1,7,1,12,8,23,4,7,3,11,0,2
pc-1de91550-3643,urzeitliche_kolosse__ohne_pc,control,1,0,0,7,-1,11,7,23,4,6,4,9,0,2
pc-6f06aa7e-3644,rudeljaeger__mit_pc,control,0,1,1,8,7,12,9,29,3,8,5,10,0,0
pc-6f06aa7e-3644,urzeitliche_kolosse__ohne_pc,control,1,0,0,8,0,12,8,33,3,8,6,3,0,1
pc-f5b959c0-3645,rudeljaeger__mit_pc,control,0,0,1,16,-5,21,20,56,68,18,15,7,0,4
pc-f5b959c0-3645,urzeitliche_kolosse__ohne_pc,control,1,1,0,16,2,21,19,73,49,17,17,14,0,3
pc-7c6be903-3646,rudeljaeger__mit_pc,control,0,1,1,8,3,13,9,29,1,8,4,12,0,0
pc-7c6be903-3646,urzeitliche_kolosse__ohne_pc,control,1,0,0,8,-2,13,7,34,2,7,3,7,0,2
pc-031e9846-3647,rudeljaeger__mit_pc,control,0,1,1,8,2,12,11,25,5,10,4,11,0,0
pc-031e9846-3647,urzeitliche_kolosse__ohne_pc,control,1,0,0,8,-1,14,8,33,3,7,6,8,0,0
pc-2a9035c5-3648,rudeljaeger__mit_pc,control,0,1,1,3,10,7,3,6,0,3,0,10,0,0
pc-2a9035c5-3648,urzeitliche_kolosse__ohne_pc,control,1,0,0,3,0,8,1,3,3,1,0,0,0,0
pc-b142c507-3649,rudeljaeger__mit_pc,control,0,0,1,8,0,13,10,29,3,8,4,9,0,0
pc-b142c507-3649,urzeitliche_kolosse__ohne_pc,control,1,1,0,8,1,14,9,32,3,8,4,10,0,0
pc-37f5744a-3650,rudeljaeger__mit_pc,control,0,0,1,9,-2,15,8,26,10,7,7,9,0,0
pc-37f5744a-3650,urzeitliche_kolosse__ohne_pc,control,1,1,0,9,1,14,9,40,3,9,2,12,0,0
pc-bea8038c-3651,rudeljaeger__mit_pc,control,0,0,1,10,0,16,13,37,10,11,8,7,0,1
pc-bea8038c-3651,urzeitliche_kolosse__ohne_pc,control,1,1,0,10,3,13,13,38,14,11,7,10,0,2
pc-0fc5b8bb-3652,rudeljaeger__mit_pc,control,0,1,1,6,6,10,6,20,0,6,3,12,0,0
pc-0fc5b8bb-3652,urzeitliche_kolosse__ohne_pc,control,1,0,0,6,-2,10,5,16,4,5,2,4,0,0
pc-967847fd-3653,rudeljaeger__mit_pc,control,0,0,1,9,-2,12,12,29,11,10,5,8,0,4
pc-967847fd-3653,urzeitliche_kolosse__ohne_pc,control,1,1,0,9,2,14,10,37,4,9,8,12,0,0
pc-1d2af740-3654,rudeljaeger__mit_pc,control,0,0,1,9,-5,13,11,36,5,10,8,5,0,0
pc-1d2af740-3654,urzeitliche_kolosse__ohne_pc,control,1,1,0,9,5,14,12,40,3,11,7,15,0,0
pc-a3dd8682-3655,rudeljaeger__mit_pc,control,0,0,1,8,-1,12,11,30,2,9,5,8,0,0
pc-a3dd8682-3655,urzeitliche_kolosse__ohne_pc,control,1,1,0,8,2,14,9,34,2,8,8,11,0,0
pc-f4fb3bb0-3656,rudeljaeger__mit_pc,control,0,1,1,5,10,9,4,14,1,4,2,11,0,0
pc-f4fb3bb0-3656,urzeitliche_kolosse__ohne_pc,control,1,0,0,5,-1,11,4,14,1,4,1,0,0,0
pc-7badcaf3-3657,rudeljaeger__mit_pc,control,0,0,1,9,-2,15,11,29,12,9,6,7,0,1
pc-7badcaf3-3657,urzeitliche_kolosse__ohne_pc,control,1,1,0,9,3,14,11,41,4,10,5,12,0,2
pc-02607a36-3658,rudeljaeger__mit_pc,control,0,1,1,9,7,13,13,34,5,12,5,11,0,0
pc-02607a36-3658,urzeitliche_kolosse__ohne_pc,control,1,0,0,9,-1,14,10,35,9,9,9,3,0,1
pc-89130978-3659,rudeljaeger__mit_pc,control,0,1,1,9,3,12,12,34,7,10,6,11,0,0
pc-89130978-3659,urzeitliche_kolosse__ohne_pc,control,1,0,0,9,-1,13,11,42,1,9,6,7,0,6
pc-da30bea6-3660,rudeljaeger__mit_pc,control,0,0,1,7,-1,10,10,24,1,8,5,8,0,0
pc-da30bea6-3660,urzeitliche_kolosse__ohne_pc,control,1,1,0,7,2,13,8,27,1,8,5,11,0,0
pc-60e34de9-3661,rudeljaeger__mit_pc,control,0,0,1,5,0,10,5,15,0,5,2,5,0,0
pc-60e34de9-3661,urzeitliche_kolosse__ohne_pc,control,1,1,0,5,5,10,5,13,0,5,4,10,0,0
pc-e795fd2b-3662,rudeljaeger__mit_pc,control,0,1,1,9,6,14,12,32,6,11,7,12,0,0
pc-e795fd2b-3662,urzeitliche_kolosse__ohne_pc,control,1,0,0,9,-2,14,11,41,3,10,7,4,0,0
pc-6e488c6e-3663,rudeljaeger__mit_pc,control,0,1,1,9,5,13,10,31,5,8,5,12,0,0
pc-6e488c6e-3663,urzeitliche_kolosse__ohne_pc,control,1,0,0,9,-2,14,9,39,6,9,3,5,0,3
pc-95ba29ed-3664,rudeljaeger__mit_pc,control,0,1,1,12,2,17,15,47,24,14,11,13,0,3
pc-95ba29ed-3664,urzeitliche_kolosse__ohne_pc,control,1,0,0,12,-3,17,15,52,18,13,11,8,0,1
pc-1c6cd930-3665,rudeljaeger__mit_pc,control,0,1,1,6,10,9,8,20,0,8,1,10,0,0
pc-1c6cd930-3665,urzeitliche_kolosse__ohne_pc,control,1,0,0,6,0,11,5,18,3,5,6,0,0,1
pc-a31f6872-3666,rudeljaeger__mit_pc,control,0,1,1,5,5,9,4,13,2,4,2,10,0,0
pc-a31f6872-3666,urzeitliche_kolosse__ohne_pc,control,1,0,0,5,0,9,5,15,0,4,1,5,0,0
pc-29d217b5-3667,rudeljaeger__mit_pc,control,0,0,1,5,0,9,4,13,2,4,2,5,0,0
pc-29d217b5-3667,urzeitliche_kolosse__ohne_pc,control,1,1,0,5,5,9,5,14,1,5,2,10,0,0
pc-7aeface3-3668,rudeljaeger__mit_pc,control,0,1,1,8,1,13,10,23,5,10,7,10,0,0
pc-7aeface3-3668,urzeitliche_kolosse__ohne_pc,control,1,0,0,8,0,12,9,31,4,8,7,9,0,0
pc-01a25c26-3669,rudeljaeger__mit_pc,control,0,1,1,6,6,10,7,16,2,7,4,12,0,0
pc-01a25c26-3669,urzeitliche_kolosse__ohne_pc,control,1,0,0,6,-2,11,8,19,1,6,4,4,0,0
pc-8854eb68-3670,rudeljaeger__mit_pc,control,0,0,1,9,-1,14,12,31,7,11,5,4,0,2
pc-8854eb68-3670,urzeitliche_kolosse__ohne_pc,control,1,1,0,9,6,14,11,35,4,10,9,11,0,1
pc-0f079aab-3671,rudeljaeger__mit_pc,control,0,1,1,6,6,11,6,19,1,6,1,11,0,0
pc-0f079aab-3671,urzeitliche_kolosse__ohne_pc,control,1,0,0,6,-1,11,6,15,4,4,2,4,0,0
pc-60252fd9-3672,rudeljaeger__mit_pc,control,0,1,1,3,10,7,4,6,0,4,0,10,0,0
pc-60252fd9-3672,urzeitliche_kolosse__ohne_pc,control,1,0,0,3,0,9,1,3,3,1,1,0,0,0
pc-e6d7df1b-3673,rudeljaeger__mit_pc,control,0,0,1,13,-3,18,17,49,34,15,12,9,0,2
pc-e6d7df1b-3673,urzeitliche_kolosse__ohne_pc,control,1,1,0,13,1,18,16,62,18,16,11,13,0,1
pc-6d8a6e5e-3674,rudeljaeger__mit_pc,control,0,1,1,13,6,18,17,49,32,16,12,10,0,2
pc-6d8a6e5e-3674,urzeitliche_kolosse__ohne_pc,control,1,0,0,13,0,18,16,59,23,14,12,4,0,5
pc-f43d1da0-3675,rudeljaeger__mit_pc,control,0,0,1,11,0,14,14,36,21,13,9,8,0,0
pc-f43d1da0-3675,urzeitliche_kolosse__ohne_pc,control,1,1,0,11,2,14,12,42,19,12,13,10,0,4
pc-455ab2cf-3676,rudeljaeger__mit_pc,control,0,0,1,9,-3,13,12,34,8,11,6,9,0,0
pc-455ab2cf-3676,urzeitliche_kolosse__ohne_pc,control,1,1,0,9,1,14,10,40,5,10,7,13,0,0
pc-cc0d4211-3677,rudeljaeger__mit_pc,control,0,1,1,5,5,9,5,14,1,5,2,12,0,0
pc-cc0d4211-3677,urzeitliche_kolosse__ohne_pc,control,1,0,0,5,-2,9,5,14,1,4,2,5,0,0
pc-52bff154-3678,rudeljaeger__mit_pc,control,0,1,1,8,4,12,10,31,1,9,8,13,0,1
pc-52bff154-3678,urzeitliche_kolosse__ohne_pc,control,1,0,0,8,-3,13,10,34,2,10,5,6,0,1
pc-d9728096-3679,rudeljaeger__mit_pc,control,0,0,1,12,0,17,15,42,26,14,13,6,0,4
pc-d9728096-3679,urzeitliche_kolosse__ohne_pc,control,1,1,0,12,4,18,15,52,19,15,14,10,0,1
pc-00e43e16-3680,rudeljaeger__mit_pc,control,0,1,1,11,2,16,15,43,16,14,11,12,0,0
pc-00e43e16-3680,urzeitliche_kolosse__ohne_pc,control,1,0,0,11,-2,16,14,56,7,12,13,8,0,1
pc-8796cd58-3681,rudeljaeger__mit_pc,control,0,1,1,14,3,18,18,53,40,16,12,10,0,1
pc-8796cd58-3681,urzeitliche_kolosse__ohne_pc,control,1,0,0,14,0,19,17,59,37,15,14,7,0,0
pc-0e497c9b-3682,rudeljaeger__mit_pc,control,0,0,1,6,-3,12,8,20,1,8,1,8,0,0
pc-0e497c9b-3682,urzeitliche_kolosse__ohne_pc,control,1,1,0,6,2,10,6,18,2,6,5,13,0,0
pc-94fc0bdd-3683,rudeljaeger__mit_pc,control,0,1,1,9,1,15,12,34,6,10,7,11,0,1
pc-94fc0bdd-3683,urzeitliche_kolosse__ohne_pc,control,1,0,0,9,-1,14,12,40,5,10,7,9,0,0
pc-e619a10b-3684,rudeljaeger__mit_pc,control,0,1,1,4,10,9,4,9,1,4,1,11,0,0
pc-e619a10b-3684,urzeitliche_kolosse__ohne_pc,control,1,0,0,4,-1,9,3,9,1,3,2,0,0,0
pc-6ccc504e-3685,rudeljaeger__mit_pc,control,0,1,1,4,6,8,4,10,0,4,1,10,0,0
pc-6ccc504e-3685,urzeitliche_kolosse__ohne_pc,control,1,0,0,4,0,8,4,10,0,3,1,4,0,0
pc-f37eff90-3686,rudeljaeger__mit_pc,control,0,1,1,7,2,11,10,24,4,9,4,12,0,0
pc-f37eff90-3686,urzeitliche_kolosse__ohne_pc,control,1,0,0,7,-2,12,6,23,5,6,5,8,0,0
pc-7a318ed3-3687,rudeljaeger__mit_pc,control,0,1,1,8,1,13,7,26,2,7,5,10,0,2
pc-7a318ed3-3687,urzeitliche_kolosse__ohne_pc,control,1,0,0,8,0,12,8,31,5,8,3,9,0,0
pc-cb4f2401-3688,rudeljaeger__mit_pc,control,0,1,1,8,8,12,11,28,6,10,3,11,0,1
pc-cb4f2401-3688,urzeitliche_kolosse__ohne_pc,control,1,0,0,8,-1,14,8,31,5,7,6,2,0,2
pc-5201d344-3689,rudeljaeger__mit_pc,control,0,1,1,4,3,8,3,9,1,3,2,10,0,0
pc-5201d344-3689,urzeitliche_kolosse__ohne_pc,control,1,0,0,4,0,10,4,10,0,4,0,7,0,0
pc-d8b46286-3690,rudeljaeger__mit_pc,control,0,1,1,6,8,12,7,20,1,6,4,11,0,0
pc-d8b46286-3690,urzeitliche_kolosse__ohne_pc,control,1,0,0,6,-1,12,8,20,1,7,3,2,0,0
pc-5f6711c9-3691,rudeljaeger__mit_pc,control,0,1,1,15,1,20,19,51,55,17,15,12,0,0
pc-5f6711c9-3691,urzeitliche_kolosse__ohne_pc,control,1,0,0,15,-2,19,18,66,41,16,16,9,0,1
pc-b084a6f7-3692,rudeljaeger__mit_pc,control,0,1,1,8,8,13,9,24,6,9,5,11,0,0
pc-b084a6f7-3692,urzeitliche_kolosse__ohne_pc,control,1,0,0,8,-1,13,8,34,1,7,6,2,0,2
pc-3737563a-3693,rudeljaeger__mit_pc,control,0,0,1,7,-1,11,8,21,2,8,3,7,0,1
pc-3737563a-3693,urzeitliche_kolosse__ohne_pc,control,1,1,0,7,3,12,8,24,1,7,3,11,0,1
pc-bde9e57c-3694,rudeljaeger__mit_pc,control,0,1,1,6,8,10,8,18,0,8,4,11,0,0
pc-bde9e57c-3694,urzeitliche_kolosse__ohne_pc,control,1,0,0,6,-1,10,6,17,2,6,4,2,0,0
pc-449c94bf-3695,rudeljaeger__mit_pc,control,0,1,1,4,8,10,5,9,0,5,2,10,0,0
pc-449c94bf-3695,urzeitliche_kolosse__ohne_pc,control,1,0,0,4,0,9,5,10,0,3,2,2,0,0
pc-6c0e323e-3696,rudeljaeger__mit_pc,control,0,1,1,8,5,13,11,29,3,10,5,11,0,0
pc-6c0e323e-3696,urzeitliche_kolosse__ohne_pc,control,1,0,0,8,-1,13,10,32,2,8,5,5,0,2
pc-f2c0c180-3697,rudeljaeger__mit_pc,control,0,0,1,11,-1,16,15,36,23,13,4,8,0,0
pc-f2c0c180-3697,urzeitliche_kolosse__ohne_pc,control,1,1,0,11,2,16,11,41,18,9,10,11,0,4
pc-797370c3-3698,rudeljaeger__mit_pc,control,0,0,1,6,-2,11,7,21,0,6,2,9,0,0
pc-797370c3-3698,urzeitliche_kolosse__ohne_pc,control,1,1,0,6,1,11,7,20,1,6,4,12,0,0
pc-00260006-3699,rudeljaeger__mit_pc,control,0,1,1,8,1,11,11,29,3,10,6,11,0,1
pc-00260006-3699,urzeitliche_kolosse__ohne_pc,control,1,0,0,8,-1,13,8,31,4,7,8,9,0,0
pc-d3a4e81d-3700,rudeljaeger__mit_pc,control,0,1,0,5,1,10,7,15,0,7,1,10,0,0
pc-d3a4e81d-3700,urzeitliche_kolosse__ohne_pc,control,1,0,1,5,0,10,6,15,0,5,4,9,0,1
pc-5a579760-3701,rudeljaeger__mit_pc,control,0,1,0,13,6,17,17,47,33,15,10,11,0,0
pc-5a579760-3701,urzeitliche_kolosse__ohne_pc,control,1,0,1,13,-1,19,16,65,17,14,12,4,0,1
pc-c63fa998-3702,rudeljaeger__mit_pc,control,0,1,0,8,8,14,12,24,6,10,4,12,0,0
pc-c63fa998-3702,urzeitliche_kolosse__ohne_pc,control,1,0,1,8,-2,14,8,31,5,8,7,2,0,2
pc-4cf258db-3703,rudeljaeger__mit_pc,control,0,1,0,7,2,11,7,24,2,6,2,12,0,0
pc-4cf258db-3703,urzeitliche_kolosse__ohne_pc,control,1,0,1,7,-2,11,6,26,2,6,4,8,0,2
pc-ee6f6527-3704,rudeljaeger__mit_pc,control,0,1,0,11,5,16,14,42,20,13,10,11,0,1
pc-ee6f6527-3704,urzeitliche_kolosse__ohne_pc,control,1,0,1,11,-1,17,14,46,12,13,10,5,0,3
pc-7522146a-3705,rudeljaeger__mit_pc,control,0,1,0,6,1,11,7,21,0,7,3,10,0,0
pc-7522146a-3705,urzeitliche_kolosse__ohne_pc,control,1,0,1,6,0,9,6,18,2,6,5,9,0,0
pc-e10a26a2-3706,rudeljaeger__mit_pc,control,0,1,0,7,3,12,11,25,1,10,7,12,0,0
pc-e10a26a2-3706,urzeitliche_kolosse__ohne_pc,control,1,0,1,7,-2,11,10,26,1,9,6,7,0,0
pc-67bcd5e5-3707,rudeljaeger__mit_pc,control,0,1,0,10,3,16,13,37,10,11,10,12,0,0
pc-67bcd5e5-3707,urzeitliche_kolosse__ohne_pc,control,1,0,1,10,-2,16,12,51,4,11,8,7,0,3
pc-9e0fee09-3708,rudeljaeger__mit_pc,control,0,1,0,7,1,11,9,24,1,8,3,13,0,0
pc-9e0fee09-3708,urzeitliche_kolosse__ohne_pc,control,1,0,1,7,-3,12,6,25,3,6,5,9,0,0
pc-24c29d4c-3709,rudeljaeger__mit_pc,control,0,0,0,9,-4,14,11,31,5,9,6,7,0,0
pc-24c29d4c-3709,urzeitliche_kolosse__ohne_pc,control,1,1,1,9,3,14,10,38,2,9,5,14,0,2
pc-90aaaf84-3710,rudeljaeger__mit_pc,control,0,1,0,7,7,10,8,24,1,8,4,11,0,1
pc-90aaaf84-3710,urzeitliche_kolosse__ohne_pc,control,1,0,1,7,-1,12,7,23,5,6,6,3,0,0
pc-175d5ec7-3711,rudeljaeger__mit_pc,control,0,1,0,7,1,12,7,20,3,5,7,11,0,0
pc-175d5ec7-3711,urzeitliche_kolosse__ohne_pc,control,1,0,1,7,-1,12,9,27,1,9,1,9,0,0
pc-b8da6b13-3712,rudeljaeger__mit_pc,control,0,1,0,7,10,12,7,22,2,7,4,11,0,0
pc-b8da6b13-3712,urzeitliche_kolosse__ohne_pc,control,1,0,1,7,-1,13,7,24,4,6,2,0,0,1
pc-3f8d1a56-3713,rudeljaeger__mit_pc,control,0,1,0,5,10,9,5,15,0,5,0,11,0,0
pc-3f8d1a56-3713,urzeitliche_kolosse__ohne_pc,control,1,0,1,5,-1,9,3,12,3,3,1,0,0,0
pc-ab752c8e-3714,rudeljaeger__mit_pc,control,0,1,0,6,4,11,6,19,2,6,6,13,0,0
pc-ab752c8e-3714,urzeitliche_kolosse__ohne_pc,control,1,0,1,6,-3,11,6,20,0,6,2,6,0,0
pc-3227dbd1-3715,rudeljaeger__mit_pc,control,0,0,0,12,0,17,16,42,28,14,10,9,0,1
pc-3227dbd1-3715,urzeitliche_kolosse__ohne_pc,control,1,1,1,12,1,19,14,49,22,13,12,10,0,3
pc-3ecefc46-3716,rudeljaeger__mit_pc,control,0,0,0,5,0,9,5,13,2,5,3,3,0,0
pc-3ecefc46-3716,urzeitliche_kolosse__ohne_pc,control,1,1,1,5,7,9,6,14,0,5,3,10,0,0
pc-c5818b88-3717,rudeljaeger__mit_pc,control,0,0,0,10,-2,14,13,37,12,11,6,7,0,1
pc-c5818b88-3717,urzeitliche_kolosse__ohne_pc,control,1,1,1,10,3,16,10,38,11,9,6,12,0,1
pc-3169bdc1-3718,rudeljaeger__mit_pc,control,0,1,0,6,1,11,7,19,1,6,2,11,0,0
pc-3169bdc1-3718,urzeitliche_kolosse__ohne_pc,control,1,0,1,6,-1,11,5,15,5,4,3,9,0,1
pc-b81c4d03-3719,rudeljaeger__mit_pc,control,0,1,0,6,4,11,7,20,0,6,3,13,0,0
pc-b81c4d03-3719,urzeitliche_kolosse__ohne_pc,control,1,0,1,6,-3,9,6,16,1,4,4,6,0,0
pc-59997950-3720,rudeljaeger__mit_pc,control,0,1,0,5,10,10,5,14,1,5,3,11,0,0
pc-59997950-3720,urzeitliche_kolosse__ohne_pc,control,1,0,1,5,-1,10,4,13,2,4,2,0,0,0
pc-e04c0892-3721,rudeljaeger__mit_pc,control,0,1,0,7,7,10,10,23,2,8,4,11,0,0
pc-e04c0892-3721,urzeitliche_kolosse__ohne_pc,control,1,0,1,7,-1,12,6,25,3,6,4,3,0,0
pc-4c343acb-3722,rudeljaeger__mit_pc,control,0,1,0,5,6,10,7,13,2,5,4,10,0,0
pc-4c343acb-3722,urzeitliche_kolosse__ohne_pc,control,1,0,1,5,0,9,6,15,0,5,5,4,0,0
pc-d2e6ca0d-3723,rudeljaeger__mit_pc,control,0,1,0,8,1,12,11,30,3,10,5,11,0,0
pc-d2e6ca0d-3723,urzeitliche_kolosse__ohne_pc,control,1,0,1,8,-1,14,8,33,2,8,8,9,0,3
pc-0939e232-3724,rudeljaeger__mit_pc,control,0,1,0,6,4,10,7,19,1,7,1,11,0,0
pc-0939e232-3724,urzeitliche_kolosse__ohne_pc,control,1,0,1,6,-1,10,5,16,4,4,4,6,0,0
pc-8fec9174-3725,rudeljaeger__mit_pc,control,0,1,0,6,7,11,6,20,1,6,2,10,0,0
pc-8fec9174-3725,urzeitliche_kolosse__ohne_pc,control,1,0,1,6,0,12,6,19,2,5,2,3,0,0
pc-fbd4a3ac-3726,rudeljaeger__mit_pc,control,0,0,0,9,0,15,10,29,13,10,5,9,0,0
pc-fbd4a3ac-3726,urzeitliche_kolosse__ohne_pc,control,1,1,1,9,1,15,10,39,5,9,7,10,0,0
pc-828752ef-3727,rudeljaeger__mit_pc,control,0,1,0,6,10,10,8,18,1,7,3,10,0,0
pc-828752ef-3727,urzeitliche_kolosse__ohne_pc,control,1,0,1,6,0,11,6,18,1,5,3,0,0,1
pc-24047f3c-3728,rudeljaeger__mit_pc,control,0,1,0,5,10,9,7,14,0,7,2,11,0,0
pc-24047f3c-3728,urzeitliche_kolosse__ohne_pc,control,1,0,1,5,-1,10,4,13,2,4,2,0,0,0
pc-aab70e7e-3729,rudeljaeger__mit_pc,control,0,0,0,8,-1,12,8,25,7,7,4,6,0,1
pc-aab70e7e-3729,urzeitliche_kolosse__ohne_pc,control,1,1,1,8,4,13,8,31,5,7,2,11,0,1
pc-169f20b7-3730,rudeljaeger__mit_pc,control,0,1,0,8,4,11,10,31,2,9,4,11,0,1
pc-169f20b7-3730,urzeitliche_kolosse__ohne_pc,control,1,0,1,8,-1,13,7,33,3,7,5,6,0,2
pc-9d51cff9-3731,rudeljaeger__mit_pc,control,0,1,0,7,5,13,8,21,3,8,5,11,0,2
pc-9d51cff9-3731,urzeitliche_kolosse__ohne_pc,control,1,0,1,7,-1,12,8,26,2,7,6,5,0,0
pc-a9f8f06e-3732,rudeljaeger__mit_pc,control,0,1,0,6,10,11,7,20,1,7,3,10,0,0
pc-a9f8f06e-3732,urzeitliche_kolosse__ohne_pc,control,1,0,1,6,0,12,7,18,3,5,2,0,0,0
pc-30ab9fb1-3733,rudeljaeger__mit_pc,control,0,0,0,9,0,14,10,33,9,9,4,7,0,2
pc-30ab9fb1-3733,urzeitliche_kolosse__ohne_pc,control,1,1,1,9,3,13,10,39,5,9,6,10,0,2
pc-9c93b1e9-3734,rudeljaeger__mit_pc,control,0,0,0,11,-1,16,14,36,21,13,7,8,0,1
pc-9c93b1e9-3734,urzeitliche_kolosse__ohne_pc,control,1,1,1,11,2,14,14,47,12,12,12,11,0,3
pc-2346412c-3735,rudeljaeger__mit_pc,control,0,1,0,5,7,11,6,14,0,6,1,11,0,0
pc-2346412c-3735,urzeitliche_kolosse__ohne_pc,control,1,0,1,5,-1,9,5,14,1,4,3,3,0,0
pc-c4c36d78-3736,rudeljaeger__mit_pc,control,0,1,0,7,10,11,8,23,2,8,3,12,0,0
pc-c4c36d78-3736,urzeitliche_kolosse__ohne_pc,control,1,0,1,7,-2,13,6,24,4,5,4,0,0,0
pc-4b761cbb-3737,rudeljaeger__mit_pc,control,0,0,0,9,-2,14,13,32,5,11,7,6,0,0
pc-4b761cbb-3737,urzeitliche_kolosse__ohne_pc,control,1,1,1,9,4,14,12,44,1,11,8,12,0,0
pc-b75e2ef3-3738,rudeljaeger__mit_pc,control,0,1,0,3,10,7,3,6,0,3,1,11,0,0
pc-b75e2ef3-3738,urzeitliche_kolosse__ohne_pc,control,1,0,1,3,-1,8,2,4,1,1,1,0,0,0
pc-3e10de36-3739,rudeljaeger__mit_pc,control,0,1,0,5,10,9,5,14,0,5,2,10,0,0
pc-3e10de36-3739,urzeitliche_kolosse__ohne_pc,control,1,0,1,5,0,11,4,14,1,4,3,0,0,0
pc-7463f65a-3740,rudeljaeger__mit_pc,control,0,1,0,7,3,11,8,22,1,8,6,10,0,0
pc-7463f65a-3740,urzeitliche_kolosse__ohne_pc,control,1,0,1,7,0,11,8,27,1,7,4,7,0,0
pc-fb16859c-3741,rudeljaeger__mit_pc,control,0,0,0,9,-2,15,12,33,4,11,7,9,0,1
pc-fb16859c-3741,urzeitliche_kolosse__ohne_pc,control,1,1,1,9,1,14,12,42,2,11,7,12,0,2
pc-66feb7d5-3742,rudeljaeger__mit_pc,control,0,1,0,8,1,12,9,25,7,9,5,10,0,0
pc-66feb7d5-3742,urzeitliche_kolosse__ohne_pc,control,1,0,1,8,0,11,10,32,4,9,4,9,0,0
pc-edb14717-3743,rudeljaeger__mit_pc,control,0,0,0,13,-1,18,17,46,37,16,9,8,0,0
pc-edb14717-3743,urzeitliche_kolosse__ohne_pc,control,1,1,1,13,2,18,16,53,26,14,16,11,0,2
pc-8f2e7364-3744,rudeljaeger__mit_pc,control,0,0,0,13,0,19,17,49,33,15,8,7,0,0
pc-8f2e7364-3744,urzeitliche_kolosse__ohne_pc,control,1,1,1,13,3,18,13,54,24,11,15,10,0,2
pc-15e102a7-3745,rudeljaeger__mit_pc,control,0,0,0,5,-1,8,6,13,2,5,1,8,0,0
pc-15e102a7-3745,urzeitliche_kolosse__ohne_pc,control,1,1,1,5,2,10,5,14,1,4,1,11,0,0
pc-81c934df-3746,rudeljaeger__mit_pc,control,0,1,0,9,1,13,12,34,6,12,7,11,0,0
pc-81c934df-3746,urzeitliche_kolosse__ohne_pc,control,1,0,1,9,-1,15,11,43,2,10,8,9,0,1
pc-087bc422-3747,rudeljaeger__mit_pc,control,0,1,0,5,10,10,6,15,0,6,1,11,0,0
pc-087bc422-3747,urzeitliche_kolosse__ohne_pc,control,1,0,1,5,-1,10,4,13,2,4,5,0,0,0
pc-1522e497-3748,rudeljaeger__mit_pc,control,0,1,0,6,6,10,7,18,3,7,3,13,0,0
pc-1522e497-3748,urzeitliche_kolosse__ohne_pc,control,1,0,1,6,-3,12,5,17,3,5,4,4,0,1
pc-9bd593d9-3749,rudeljaeger__mit_pc,control,0,1,0,7,4,13,8,24,2,8,3,10,0,0
pc-9bd593d9-3749,urzeitliche_kolosse__ohne_pc,control,1,0,1,7,0,12,9,27,1,7,3,6,0,0
pc-07bda612-3750,rudeljaeger__mit_pc,control,0,0,0,9,-3,14,12,28,10,11,3,7,0,0
pc-07bda612-3750,urzeitliche_kolosse__ohne_pc,control,1,1,1,9,3,16,10,34,4,8,9,13,0,0
pc-8e705554-3751,rudeljaeger__mit_pc,control,0,1,0,8,4,12,11,26,4,10,5,10,0,1
pc-8e705554-3751,urzeitliche_kolosse__ohne_pc,control,1,0,1,8,0,13,8,32,4,8,5,6,0,2
pc-2fed61a1-3752,rudeljaeger__mit_pc,control,0,1,0,6,5,11,6,20,1,6,2,13,0,1
pc-2fed61a1-3752,urzeitliche_kolosse__ohne_pc,control,1,0,1,6,-3,12,7,19,2,5,2,5,0,0
pc-b6a010e3-3753,rudeljaeger__mit_pc,control,0,1,0,11,1,14,14,39,20,13,10,10,0,0
pc-b6a010e3-3753,urzeitliche_kolosse__ohne_pc,control,1,0,1,11,0,17,14,47,13,13,10,9,0,0
pc-2288231c-3754,rudeljaeger__mit_pc,control,0,0,0,8,0,12,12,30,3,10,5,9,0,1
pc-2288231c-3754,urzeitliche_kolosse__ohne_pc,control,1,1,1,8,1,12,10,32,4,8,7,10,0,0
pc-a93ad25e-3755,rudeljaeger__mit_pc,control,0,1,0,9,1,13,12,36,2,10,7,10,0,1
pc-a93ad25e-3755,urzeitliche_kolosse__ohne_pc,control,1,0,1,9,0,13,11,41,2,10,6,9,0,0
pc-df8dea82-3756,rudeljaeger__mit_pc,control,0,1,0,7,2,12,10,26,0,8,3,10,0,0
pc-df8dea82-3756,urzeitliche_kolosse__ohne_pc,control,1,0,1,7,0,12,6,25,3,6,5,8,0,1
pc-664099c5-3757,rudeljaeger__mit_pc,control,0,1,0,8,4,11,10,25,7,9,8,10,0,0
pc-664099c5-3757,urzeitliche_kolosse__ohne_pc,control,1,0,1,8,0,11,9,33,2,8,5,6,0,0
pc-d228abfd-3758,rudeljaeger__mit_pc,control,0,1,0,8,4,13,11,30,5,9,7,11,0,0
pc-d228abfd-3758,urzeitliche_kolosse__ohne_pc,control,1,0,1,8,-1,12,11,34,2,9,4,6,0,0
pc-58db5b40-3759,rudeljaeger__mit_pc,control,0,0,0,8,0,12,9,27,5,9,3,6,0,1
pc-58db5b40-3759,urzeitliche_kolosse__ohne_pc,control,1,1,1,8,4,14,9,34,1,8,5,10,0,0
pc-fa58678c-3760,rudeljaeger__mit_pc,control,0,1,0,9,5,13,11,34,6,9,9,12,0,0
pc-fa58678c-3760,urzeitliche_kolosse__ohne_pc,control,1,0,1,9,-2,14,12,33,5,11,5,5,0,1
pc-810b16cf-3761,rudeljaeger__mit_pc,control,0,1,0,3,10,8,3,6,0,3,0,10,0,0
pc-810b16cf-3761,urzeitliche_kolosse__ohne_pc,control,1,0,1,3,0,8,1,3,3,1,1,0,0,0
pc-ecf32907-3762,rudeljaeger__mit_pc,control,0,0,0,4,-2,10,3,8,1,3,1,8,0,0
pc-ecf32907-3762,urzeitliche_kolosse__ohne_pc,control,1,1,1,4,2,10,4,10,0,3,1,12,0,0
pc-73a5d84a-3763,rudeljaeger__mit_pc,control,0,1,0,3,3,6,4,6,0,3,2,10,0,0
pc-73a5d84a-3763,urzeitliche_kolosse__ohne_pc,control,1,0,1,3,0,8,3,6,0,3,2,7,0,0
pc-26fcf77c-3764,rudeljaeger__mit_pc,control,0,1,0,5,6,10,6,11,0,6,3,10,0,0
pc-26fcf77c-3764,urzeitliche_kolosse__ohne_pc,control,1,0,1,5,0,11,5,14,1,4,3,4,0,0
pc-adaf86be-3765,rudeljaeger__mit_pc,control,0,1,0,8,1,12,11,36,0,11,5,12,0,1
pc-adaf86be-3765,urzeitliche_kolosse__ohne_pc,control,1,0,1,8,-2,14,8,34,2,8,7,9,0,2
pc-1997b8f7-3766,rudeljaeger__mit_pc,control,0,0,0,9,0,13,10,30,13,8,5,7,0,0
pc-1997b8f7-3766,urzeitliche_kolosse__ohne_pc,control,1,1,1,9,3,14,11,40,2,10,4,10,0,2
pc-a04a4839-3767,rudeljaeger__mit_pc,control,0,1,0,6,1,9,7,20,0,7,3,10,0,0
pc-a04a4839-3767,urzeitliche_kolosse__ohne_pc,control,1,0,1,6,0,11,7,19,1,6,4,9,0,1
pc-41c77486-3768,rudeljaeger__mit_pc,control,0,0,0,9,0,14,11,29,7,9,6,6,0,0
pc-41c77486-3768,urzeitliche_kolosse__ohne_pc,control,1,1,1,9,4,15,9,36,7,9,5,10,0,0
pc-c87a03c8-3769,rudeljaeger__mit_pc,control,0,1,0,5,10,9,6,13,0,6,0,11,0,0
pc-c87a03c8-3769,urzeitliche_kolosse__ohne_pc,control,1,0,1,5,-1,9,3,12,3,3,3,0,0,0
pc-34623601-3770,rudeljaeger__mit_pc,control,0,1,0,5,4,8,6,15,0,6,0,12,0,0
pc-34623601-3770,urzeitliche_kolosse__ohne_pc,control,1,0,1,5,-2,8,5,13,0,4,4,6,0,0
pc-bb14c543-3771,rudeljaeger__mit_pc,control,0,1,0,8,2,12,11,22,7,9,5,11,0,1
pc-bb14c543-3771,urzeitliche_kolosse__ohne_pc,control,1,0,1,8,-1,13,8,35,1,8,8,8,0,2
pc-f167fd67-3772,rudeljaeger__mit_pc,control,0,0,0,8,0,11,11,32,1,10,6,8,0,1
pc-f167fd67-3772,urzeitliche_kolosse__ohne_pc,control,1,1,1,8,2,14,8,31,5,8,6,10,0,0
pc-781a8caa-3773,rudeljaeger__mit_pc,control,0,1,0,10,7,16,14,41,6,13,7,12,0,1
pc-781a8caa-3773,urzeitliche_kolosse__ohne_pc,control,1,0,1,10,-2,14,13,40,6,11,11,3,0,1
pc-e402bee2-3774,rudeljaeger__mit_pc,control,0,1,0,8,6,12,11,27,5,9,6,10,0,0
pc-e402bee2-3774,urzeitliche_kolosse__ohne_pc,control,1,0,1,8,0,12,10,32,2,9,6,4,0,1
pc-6ab54e25-3775,rudeljaeger__mit_pc,control,0,0,0,8,0,14,11,25,4,10,2,5,0,0
pc-6ab54e25-3775,urzeitliche_kolosse__ohne_pc,control,1,1,1,8,5,13,8,34,2,7,7,10,0,2
pc-0c327a72-3776,rudeljaeger__mit_pc,control,0,1,0,5,8,9,6,12,2,6,3,10,0,0
pc-0c327a72-3776,urzeitliche_kolosse__ohne_pc,control,1,0,1,5,0,9,4,11,4,4,3,2,0,0
pc-92e509b4-3777,rudeljaeger__mit_pc,control,0,1,0,5,10,9,6,14,1,6,1,10,0,0
pc-92e509b4-3777,urzeitliche_kolosse__ohne_pc,control,1,0,1,5,0,10,3,12,3,3,2,0,0,0
pc-fecd3bec-3778,rudeljaeger__mit_pc,control,0,1,0,3,10,8,3,6,0,3,0,10,0,0
pc-fecd3bec-3778,urzeitliche_kolosse__ohne_pc,control,1,0,1,3,0,9,1,3,3,1,0,0,0,0
pc-857fcb2f-3779,rudeljaeger__mit_pc,control,0,0,0,6,-2,10,7,18,2,6,2,5,0,0
pc-857fcb2f-3779,urzeitliche_kolosse__ohne_pc,control,1,1,1,6,5,10,6,18,0,6,4,12,0,0
pc-9226eba4-3780,rudeljaeger__mit_pc,control,0,0,0,10,-1,15,13,37,11,11,8,9,0,1
pc-9226eba4-3780,urzeitliche_kolosse__ohne_pc,control,1,1,1,10,1,14,13,41,8,11,8,11,0,0
pc-18d99ae7-3781,rudeljaeger__mit_pc,control,0,0,0,10,-5,15,13,40,10,12,7,7,0,1
pc-18d99ae7-3781,urzeitliche_kolosse__ohne_pc,control,1,1,1,10,3,14,12,45,7,11,11,15,0,0
pc-84c1ad1f-3782,rudeljaeger__mit_pc,control,0,1,0,6,8,11,6,20,1,5,3,10,0,0
pc-84c1ad1f-3782,urzeitliche_kolosse__ohne_pc,control,1,0,1,6,0,11,6,18,3,5,3,2,0,0
pc-0b745c62-3783,rudeljaeger__mit_pc,control,0,0,0,9,0,13,11,33,7,10,5,5,0,0
pc-0b745c62-3783,urzeitliche_kolosse__ohne_pc,control,1,1,1,9,5,14,11,40,2,10,5,10,0,2
pc-acf168ae-3784,rudeljaeger__mit_pc,control,0,1,0,6,7,11,7,20,1,6,2,14,0,1
pc-acf168ae-3784,urzeitliche_kolosse__ohne_pc,control,1,0,1,6,-4,11,5,17,3,5,3,3,0,0
pc-33a417f1-3785,rudeljaeger__mit_pc,control,0,1,0,3,3,8,4,6,0,3,1,10,0,0
pc-33a417f1-3785,urzeitliche_kolosse__ohne_pc,control,1,0,1,3,0,8,3,6,0,3,1,7,0,0
pc-9f8c2a29-3786,rudeljaeger__mit_pc,control,0,0,0,6,-1,11,8,19,1,7,1,7,0,0
pc-9f8c2a29-3786,urzeitliche_kolosse__ohne_pc,control,1,1,1,6,3,12,7,20,0,6,4,11,0,0
pc-263ed96c-3787,rudeljaeger__mit_pc,control,0,0,0,8,-1,12,10,31,4,9,4,4,0,0
pc-263ed96c-3787,urzeitliche_kolosse__ohne_pc,control,1,1,1,8,6,13,9,33,2,7,7,11,0,1
pc-5c91f190-3788,rudeljaeger__mit_pc,control,0,1,0,8,2,14,8,30,1,8,4,10,0,3
pc-5c91f190-3788,urzeitliche_kolosse__ohne_pc,control,1,0,1,8,0,13,8,34,2,8,3,8,0,0
pc-e34480d2-3789,rudeljaeger__mit_pc,control,0,0,0,10,-1,15,13,35,13,12,6,8,0,0
pc-e34480d2-3789,urzeitliche_kolosse__ohne_pc,control,1,1,1,10,2,16,12,42,8,11,9,11,0,0
pc-4f2cb30b-3790,rudeljaeger__mit_pc,control,0,1,0,6,2,10,8,17,3,7,4,13,0,0
pc-4f2cb30b-3790,urzeitliche_kolosse__ohne_pc,control,1,0,1,6,-3,9,8,17,3,6,2,8,0,0
pc-d5df424d-3791,rudeljaeger__mit_pc,control,0,1,0,14,4,19,18,54,39,16,12,13,0,0
pc-d5df424d-3791,urzeitliche_kolosse__ohne_pc,control,1,0,1,14,-3,20,17,67,32,15,14,6,0,0
pc-775c6e9a-3792,rudeljaeger__mit_pc,control,0,1,0,5,7,10,5,15,0,5,0,10,0,0
pc-775c6e9a-3792,urzeitliche_kolosse__ohne_pc,control,1,0,1,5,0,10,4,13,2,4,4,3,0,0
pc-fe0f1ddc-3793,rudeljaeger__mit_pc,control,0,1,0,9,2,14,13,38,7,12,7,12,0,0
pc-fe0f1ddc-3793,urzeitliche_kolosse__ohne_pc,control,1,0,1,9,-2,13,11,40,5,9,9,8,0,4
pc-69f73015-3794,rudeljaeger__mit_pc,control,0,0,0,5,-2,10,7,14,1,6,0,8,0,0
pc-69f73015-3794,urzeitliche_kolosse__ohne_pc,control,1,1,1,5,2,11,4,14,1,4,3,12,0,0
pc-f0a9df57-3795,rudeljaeger__mit_pc,control,0,1,0,14,4,18,18,50,47,17,13,12,0,1
pc-f0a9df57-3795,urzeitliche_kolosse__ohne_pc,control,1,0,1,14,-2,20,17,66,29,15,15,6,0,1
pc-fd50ffcc-3796,rudeljaeger__mit_pc,control,0,0,0,4,0,7,5,9,0,4,1,4,0,0
pc-fd50ffcc-3796,urzeitliche_kolosse__ohne_pc,control,1,1,1,4,6,9,3,8,2,3,2,10,0,0
pc-84038f0f-3797,rudeljaeger__mit_pc,control,0,0,0,7,-1,11,10,26,2,9,3,7,0,0
pc-84038f0f-3797,urzeitliche_kolosse__ohne_pc,control,1,1,1,7,3,11,8,27,1,7,8,11,0,0
pc-efeba147-3798,rudeljaeger__mit_pc,control,0,1,0,4,6,8,4,9,1,4,0,11,0,0
pc-efeba147-3798,urzeitliche_kolosse__ohne_pc,control,1,0,1,4,-1,9,3,7,2,3,3,4,0,0
pc-769e508a-3799,rudeljaeger__mit_pc,control,0,1,0,7,6,11,9,21,1,9,3,10,0,0
pc-769e508a-3799,urzeitliche_kolosse__ohne_pc,control,1,0,1,7,0,13,8,27,1,6,5,4,0,0
pc-4eec2d33-3800,rudeljaeger__ohne_pc,control,0,1,1,7,2,11,9,21,3,9,3,11,0,0
pc-4eec2d33-3800,urzeitliche_kolosse__mit_pc,control,1,0,0,7,-1,12,8,26,2,7,7,8,0,2
pc-d59edc75-3801,rudeljaeger__ohne_pc,control,0,1,1,7,4,10,9,23,1,9,4,13,0,1
pc-d59edc75-3801,urzeitliche_kolosse__mit_pc,control,1,0,0,7,-3,11,6,25,3,6,6,6,0,1
pc-5c516bb8-3802,rudeljaeger__ohne_pc,control,0,1,1,5,4,9,6,13,1,5,0,11,0,0
pc-5c516bb8-3802,urzeitliche_kolosse__mit_pc,control,1,0,0,5,-1,10,3,12,3,3,3,6,0,0
pc-e3041afa-3803,rudeljaeger__ohne_pc,control,0,1,1,6,7,11,7,19,1,6,0,11,0,1
pc-e3041afa-3803,urzeitliche_kolosse__mit_pc,control,1,0,0,6,-1,11,4,17,3,4,6,3,0,0
pc-3421b029-3804,rudeljaeger__ohne_pc,control,0,0,1,6,0,10,7,19,1,6,3,6,0,0
pc-3421b029-3804,urzeitliche_kolosse__mit_pc,control,1,1,0,6,4,11,5,18,2,5,1,10,0,0
pc-bad45f6b-3805,rudeljaeger__ohne_pc,control,0,0,1,10,-3,13,13,37,11,11,9,9,0,2
pc-bad45f6b-3805,urzeitliche_kolosse__mit_pc,control,1,1,0,10,1,16,13,47,5,13,11,13,0,0
pc-4186eeae-3806,rudeljaeger__ohne_pc,control,0,0,1,9,-2,16,13,35,9,12,2,4,0,0
pc-4186eeae-3806,urzeitliche_kolosse__mit_pc,control,1,1,0,9,6,15,8,38,7,7,9,12,0,3
pc-c8399df0-3807,rudeljaeger__ohne_pc,control,0,0,1,7,-1,11,10,25,1,8,3,8,0,1
pc-c8399df0-3807,urzeitliche_kolosse__mit_pc,control,1,1,0,7,2,13,8,28,0,7,6,11,0,2
pc-1957331f-3808,rudeljaeger__ohne_pc,control,0,1,1,9,2,15,13,33,6,11,4,10,0,1
pc-1957331f-3808,urzeitliche_kolosse__mit_pc,control,1,0,0,9,0,15,9,39,4,8,9,8,0,1
pc-a009c261-3809,rudeljaeger__ohne_pc,control,0,0,1,8,-1,11,11,27,4,10,3,5,0,1
pc-a009c261-3809,urzeitliche_kolosse__mit_pc,control,1,1,0,8,5,13,8,34,2,8,6,11,0,0
pc-26bc71a4-3810,rudeljaeger__ohne_pc,control,0,0,1,4,-1,8,5,10,0,5,1,8,0,0
pc-26bc71a4-3810,urzeitliche_kolosse__mit_pc,control,1,1,0,4,2,8,4,9,1,4,4,11,0,0
pc-ad6f00e6-3811,rudeljaeger__ohne_pc,control,0,0,1,10,-1,15,13,29,18,12,7,4,0,0
pc-ad6f00e6-3811,urzeitliche_kolosse__mit_pc,control,1,1,0,10,6,15,13,44,6,12,11,11,0,2
pc-fe8cb614-3812,rudeljaeger__ohne_pc,control,0,1,1,6,6,11,7,19,0,7,4,12,0,1
pc-fe8cb614-3812,urzeitliche_kolosse__mit_pc,control,1,0,0,6,-2,11,6,20,1,6,5,4,0,0
pc-853f4557-3813,rudeljaeger__ohne_pc,control,0,1,1,8,1,12,10,26,2,9,5,10,0,1
pc-853f4557-3813,urzeitliche_kolosse__mit_pc,control,1,0,0,8,0,14,9,35,1,8,6,9,0,0
pc-0bf1f49a-3814,rudeljaeger__ohne_pc,control,0,0,1,8,-2,11,9,28,0,8,6,5,0,0
pc-0bf1f49a-3814,urzeitliche_kolosse__mit_pc,control,1,1,0,8,5,12,8,35,1,8,4,12,0,0
pc-92a483dc-3815,rudeljaeger__ohne_pc,control,0,1,1,6,2,11,6,19,1,6,2,10,0,0
pc-92a483dc-3815,urzeitliche_kolosse__mit_pc,control,1,0,0,6,0,11,6,19,1,5,5,8,0,1
pc-e3c2390a-3816,rudeljaeger__ohne_pc,control,0,1,1,5,4,8,6,13,0,6,2,12,0,0
pc-e3c2390a-3816,urzeitliche_kolosse__mit_pc,control,1,0,0,5,-2,11,4,11,2,4,3,6,0,0
pc-6a74c84d-3817,rudeljaeger__ohne_pc,control,0,0,1,12,-1,18,15,41,26,14,10,8,0,1
pc-6a74c84d-3817,urzeitliche_kolosse__mit_pc,control,1,1,0,12,2,16,14,63,10,14,11,11,0,3
pc-f127778f-3818,rudeljaeger__ohne_pc,control,0,0,1,5,0,9,6,14,0,6,2,7,0,0
pc-f127778f-3818,urzeitliche_kolosse__mit_pc,control,1,1,0,5,3,10,5,13,2,5,2,10,0,0
pc-77da06d2-3819,rudeljaeger__ohne_pc,control,0,1,1,6,6,9,8,20,1,8,3,11,0,0
pc-77da06d2-3819,urzeitliche_kolosse__mit_pc,control,1,0,0,6,-1,10,7,21,0,6,4,4,0,1
pc-c8f7bc00-3820,rudeljaeger__ohne_pc,control,0,0,1,8,-2,13,8,22,11,7,3,9,0,0
pc-c8f7bc00-3820,urzeitliche_kolosse__mit_pc,control,1,1,0,8,1,12,7,35,1,7,4,12,0,0
pc-4faa4b43-3821,rudeljaeger__ohne_pc,control,0,1,1,4,10,11,4,10,0,4,1,12,0,0
pc-4faa4b43-3821,urzeitliche_kolosse__mit_pc,control,1,0,0,4,-2,10,3,9,1,3,2,0,0,0
pc-d65cfa85-3822,rudeljaeger__ohne_pc,control,0,1,1,6,3,9,6,18,1,6,1,10,0,1
pc-d65cfa85-3822,urzeitliche_kolosse__mit_pc,control,1,0,0,6,0,11,5,17,2,5,4,7,0,0
pc-5d0f89c8-3823,rudeljaeger__ohne_pc,control,0,1,1,4,2,8,6,10,0,6,1,11,0,0
pc-5d0f89c8-3823,urzeitliche_kolosse__mit_pc,control,1,0,0,4,-1,9,3,7,2,3,2,8,0,0
pc-ae2d3ef6-3824,rudeljaeger__ohne_pc,control,0,0,1,10,-2,14,13,37,9,11,9,8,0,0
pc-ae2d3ef6-3824,urzeitliche_kolosse__mit_pc,control,1,1,0,10,2,13,13,41,6,13,10,12,0,0
pc-34dfce39-3825,rudeljaeger__ohne_pc,control,0,0,1,12,-2,17,15,39,28,14,10,8,0,1
pc-34dfce39-3825,urzeitliche_kolosse__mit_pc,control,1,1,0,12,2,18,15,57,14,14,12,12,0,0
pc-bb927d7b-3826,rudeljaeger__ohne_pc,control,0,0,1,10,-3,15,13,32,17,11,5,6,0,0
pc-bb927d7b-3826,urzeitliche_kolosse__mit_pc,control,1,1,0,10,4,16,11,42,10,10,8,13,0,0
pc-42450cbe-3827,rudeljaeger__ohne_pc,control,0,0,1,9,-1,12,12,35,6,11,7,5,0,0
pc-42450cbe-3827,urzeitliche_kolosse__mit_pc,control,1,1,0,9,5,14,10,32,13,9,10,11,0,0
pc-9362a1ec-3828,rudeljaeger__ohne_pc,control,0,0,1,7,-1,12,8,22,4,7,6,5,0,0
pc-9362a1ec-3828,urzeitliche_kolosse__mit_pc,control,1,1,0,7,5,13,9,27,1,9,6,11,0,1
pc-1a15512f-3829,rudeljaeger__ohne_pc,control,0,1,1,6,3,10,6,19,2,6,6,10,0,0
pc-1a15512f-3829,urzeitliche_kolosse__mit_pc,control,1,0,0,6,0,11,7,21,0,7,5,7,0,0
pc-a0c7e071-3830,rudeljaeger__ohne_pc,control,0,1,1,4,7,9,4,10,0,4,1,11,0,0
pc-a0c7e071-3830,urzeitliche_kolosse__mit_pc,control,1,0,0,4,-1,10,3,8,2,3,1,3,0,0
pc-277a8fb4-3831,rudeljaeger__ohne_pc,control,0,0,1,7,0,11,10,20,4,10,7,8,0,0
pc-277a8fb4-3831,urzeitliche_kolosse__mit_pc,control,1,1,0,7,2,11,9,26,0,9,8,10,0,1
pc-25403584-3832,rudeljaeger__ohne_pc,control,0,1,1,8,6,11,11,28,1,10,6,11,0,0
pc-25403584-3832,urzeitliche_kolosse__mit_pc,control,1,0,0,8,-1,11,9,33,3,8,6,4,0,0
pc-abf2c4c6-3833,rudeljaeger__ohne_pc,control,0,1,1,6,7,11,8,20,0,7,2,11,0,0
pc-abf2c4c6-3833,urzeitliche_kolosse__mit_pc,control,1,0,0,6,-1,10,5,18,3,5,3,3,0,0
pc-32a57409-3834,rudeljaeger__ohne_pc,control,0,0,1,8,-3,12,11,24,6,10,3,9,0,0
pc-32a57409-3834,urzeitliche_kolosse__mit_pc,control,1,1,0,8,1,13,7,32,4,7,8,13,0,0
pc-b958034b-3835,rudeljaeger__ohne_pc,control,0,1,1,5,10,8,4,13,1,4,2,10,0,0
pc-b958034b-3835,urzeitliche_kolosse__mit_pc,control,1,0,0,5,0,11,4,12,3,4,2,0,0,0
pc-0a75b87a-3836,rudeljaeger__ohne_pc,control,0,1,1,4,6,9,4,10,0,4,2,12,0,0
pc-0a75b87a-3836,urzeitliche_kolosse__mit_pc,control,1,0,0,4,-2,8,4,9,1,4,3,4,0,0
pc-912847bc-3837,rudeljaeger__ohne_pc,control,0,1,1,4,7,7,4,10,0,4,0,10,0,0
pc-912847bc-3837,urzeitliche_kolosse__mit_pc,control,1,0,0,4,0,8,2,7,3,2,2,3,0,0
pc-17daf6ff-3838,rudeljaeger__ohne_pc,control,0,1,1,8,4,11,11,26,4,9,6,11,0,0
pc-17daf6ff-3838,urzeitliche_kolosse__mit_pc,control,1,0,0,8,-1,12,9,31,5,8,7,6,0,0
pc-9e8d8641-3839,rudeljaeger__ohne_pc,control,0,0,1,7,-1,12,7,17,7,7,4,6,0,0
pc-9e8d8641-3839,urzeitliche_kolosse__mit_pc,control,1,1,0,7,4,11,7,26,2,7,4,11,0,1
pc-efab3b6f-3840,rudeljaeger__ohne_pc,control,0,0,1,9,-1,13,11,31,7,9,5,7,0,1
pc-efab3b6f-3840,urzeitliche_kolosse__mit_pc,control,1,1,0,9,3,15,8,36,3,8,5,11,0,0
pc-765dcab2-3841,rudeljaeger__ohne_pc,control,0,0,1,4,-2,9,5,9,0,4,1,9,0,0
pc-765dcab2-3841,urzeitliche_kolosse__mit_pc,control,1,1,0,4,1,10,3,7,3,3,4,12,0,0
pc-fd1079f4-3842,rudeljaeger__ohne_pc,control,0,0,1,6,0,10,8,20,0,7,1,5,0,1
pc-fd1079f4-3842,urzeitliche_kolosse__mit_pc,control,1,1,0,6,5,12,6,20,1,5,4,10,0,0
pc-83c30937-3843,rudeljaeger__ohne_pc,control,0,0,1,9,-2,12,10,30,10,9,7,9,0,0
pc-83c30937-3843,urzeitliche_kolosse__mit_pc,control,1,1,0,9,1,15,10,38,2,10,7,12,0,0
pc-d4e0be65-3844,rudeljaeger__ohne_pc,control,0,1,1,11,2,16,15,40,16,13,11,12,0,0
pc-d4e0be65-3844,urzeitliche_kolosse__mit_pc,control,1,0,0,11,-2,15,14,53,3,13,12,8,0,2
pc-5b934da8-3845,rudeljaeger__ohne_pc,control,0,1,1,5,8,10,7,15,0,7,2,10,0,0
pc-5b934da8-3845,urzeitliche_kolosse__mit_pc,control,1,0,0,5,0,10,4,12,2,4,4,2,0,0
pc-e245fcea-3846,rudeljaeger__ohne_pc,control,0,1,1,4,2,8,5,10,0,5,0,11,0,0
pc-e245fcea-3846,urzeitliche_kolosse__mit_pc,control,1,0,0,4,-1,8,4,9,1,4,3,8,0,0
pc-68f88c2d-3847,rudeljaeger__ohne_pc,control,0,1,1,4,6,7,4,10,0,4,1,10,0,0
pc-68f88c2d-3847,urzeitliche_kolosse__mit_pc,control,1,0,0,4,0,9,3,7,2,3,2,4,0,0
pc-ba16215b-3848,rudeljaeger__ohne_pc,control,0,1,1,6,6,10,7,21,0,7,3,10,0,0
pc-ba16215b-3848,urzeitliche_kolosse__mit_pc,control,1,0,0,6,0,10,7,19,2,6,5,4,0,0
pc-40c8d09e-3849,rudeljaeger__ohne_pc,control,0,0,1,9,-1,12,12,33,7,11,7,8,0,0
pc-40c8d09e-3849,urzeitliche_kolosse__mit_pc,control,1,1,0,9,2,13,12,39,1,11,10,11,0,3
pc-c77b7fe0-3850,rudeljaeger__ohne_pc,control,0,1,1,6,8,12,7,21,0,7,2,10,0,1
pc-c77b7fe0-3850,urzeitliche_kolosse__mit_pc,control,1,0,0,6,0,11,7,19,2,6,3,2,0,0
pc-4e2e0f23-3851,rudeljaeger__ohne_pc,control,0,0,1,7,-2,11,9,23,4,8,3,4,0,1
pc-4e2e0f23-3851,urzeitliche_kolosse__mit_pc,control,1,1,0,7,6,12,8,28,0,7,7,12,0,0
pc-9f4ba451-3852,rudeljaeger__ohne_pc,control,0,0,1,8,0,11,11,33,0,10,4,5,0,0
pc-9f4ba451-3852,urzeitliche_kolosse__mit_pc,control,1,1,0,8,5,14,8,35,1,8,6,10,0,0
pc-25fe5394-3853,rudeljaeger__ohne_pc,control,0,0,1,10,-6,15,14,33,14,12,7,6,0,1
pc-25fe5394-3853,urzeitliche_kolosse__mit_pc,control,1,1,0,10,4,15,12,53,1,11,8,16,0,1
pc-acb0e2d6-3854,rudeljaeger__ohne_pc,control,0,1,1,5,7,9,6,15,0,6,0,11,0,0
pc-acb0e2d6-3854,urzeitliche_kolosse__mit_pc,control,1,0,0,5,-1,12,3,12,3,3,2,3,0,0
pc-33639219-3855,rudeljaeger__ohne_pc,control,0,1,1,5,5,8,5,14,1,5,2,10,0,0
pc-33639219-3855,urzeitliche_kolosse__mit_pc,control,1,0,0,5,0,10,5,14,0,5,4,5,0,0
pc-84812747-3856,rudeljaeger__ohne_pc,control,0,1,1,9,3,13,11,28,13,9,7,10,0,1
pc-84812747-3856,urzeitliche_kolosse__mit_pc,control,1,0,0,9,0,15,9,33,10,8,5,7,0,2
pc-0b33d68a-3857,rudeljaeger__ohne_pc,control,0,0,1,8,-2,12,12,29,3,10,5,5,0,0
pc-0b33d68a-3857,urzeitliche_kolosse__mit_pc,control,1,1,0,8,5,13,8,35,1,8,7,12,0,0
pc-91e665cc-3858,rudeljaeger__ohne_pc,control,0,1,1,5,3,8,5,14,1,4,4,10,0,0
pc-91e665cc-3858,urzeitliche_kolosse__mit_pc,control,1,0,0,5,0,11,6,15,0,5,3,7,0,0
pc-1899150f-3859,rudeljaeger__ohne_pc,control,0,1,1,5,10,10,5,15,0,5,1,11,0,0
pc-1899150f-3859,urzeitliche_kolosse__mit_pc,control,1,0,0,5,-1,10,3,12,3,3,1,0,0,0
pc-69b6aa3d-3860,rudeljaeger__ohne_pc,control,0,1,1,7,6,10,8,25,1,8,5,10,0,2
pc-69b6aa3d-3860,urzeitliche_kolosse__mit_pc,control,1,0,0,7,0,13,7,25,3,7,4,4,0,0
pc-f069597f-3861,rudeljaeger__ohne_pc,control,0,1,1,6,6,10,8,19,1,8,4,11,0,0
pc-f069597f-3861,urzeitliche_kolosse__mit_pc,control,1,0,0,6,-1,12,6,18,3,6,5,4,0,0
pc-771be8c2-3862,rudeljaeger__ohne_pc,control,0,1,1,4,7,7,6,10,0,5,1,11,0,0
pc-771be8c2-3862,urzeitliche_kolosse__mit_pc,control,1,0,0,4,-1,9,3,9,1,3,1,3,0,0
pc-fdce9804-3863,rudeljaeger__ohne_pc,control,0,0,1,10,-5,14,13,35,14,12,9,8,0,2
pc-fdce9804-3863,urzeitliche_kolosse__mit_pc,control,1,1,0,10,2,14,12,47,8,12,10,15,0,0
pc-fb943dd4-3864,rudeljaeger__ohne_pc,control,0,0,1,8,-1,12,11,24,6,9,4,7,0,0
pc-fb943dd4-3864,urzeitliche_kolosse__mit_pc,control,1,1,0,8,3,13,7,30,5,7,4,11,0,0
pc-8246cd17-3865,rudeljaeger__ohne_pc,control,0,0,1,7,-2,10,10,21,4,8,6,8,0,0
pc-8246cd17-3865,urzeitliche_kolosse__mit_pc,control,1,1,0,7,2,10,9,25,1,9,6,12,0,0
pc-08f97c5a-3866,rudeljaeger__ohne_pc,control,0,0,1,7,0,12,10,25,1,9,4,7,0,0
pc-08f97c5a-3866,urzeitliche_kolosse__mit_pc,control,1,1,0,7,3,12,8,24,1,7,6,10,0,0
pc-8fac0b9c-3867,rudeljaeger__ohne_pc,control,0,0,1,13,-2,16,16,43,39,14,11,7,0,1
pc-8fac0b9c-3867,urzeitliche_kolosse__mit_pc,control,1,1,0,13,3,18,14,61,22,13,13,12,0,1
pc-e0c9a0ca-3868,rudeljaeger__ohne_pc,control,0,1,1,8,1,12,11,30,3,10,5,11,0,0
pc-e0c9a0ca-3868,urzeitliche_kolosse__mit_pc,control,1,0,0,8,-1,14,9,32,4,8,9,9,0,0
pc-677c500d-3869,rudeljaeger__ohne_pc,control,0,1,1,5,4,8,6,13,0,6,2,10,0,0
pc-677c500d-3869,urzeitliche_kolosse__mit_pc,control,1,0,0,5,0,11,5,12,2,5,3,6,0,0
pc-ee2eff4f-3870,rudeljaeger__ohne_pc,control,0,1,1,6,10,9,7,19,1,7,3,12,0,0
pc-ee2eff4f-3870,urzeitliche_kolosse__mit_pc,control,1,0,0,6,-2,11,6,17,2,5,3,0,0,0
pc-74e18e92-3871,rudeljaeger__ohne_pc,control,0,1,1,3,4,6,3,6,0,3,0,10,0,0
pc-74e18e92-3871,urzeitliche_kolosse__mit_pc,control,1,0,0,3,0,6,3,5,1,3,1,6,0,0
pc-c5ff23c0-3872,rudeljaeger__ohne_pc,control,0,1,1,8,5,12,9,27,5,9,8,13,0,0
pc-c5ff23c0-3872,urzeitliche_kolosse__mit_pc,control,1,0,0,8,-3,13,10,30,5,9,7,5,0,0
pc-4cb1d303-3873,rudeljaeger__ohne_pc,control,0,1,1,10,1,14,14,39,10,13,10,11,0,0
pc-4cb1d303-3873,urzeitliche_kolosse__mit_pc,control,1,0,0,10,-1,14,13,49,3,12,11,9,0,2
pc-d3646245-3874,rudeljaeger__ohne_pc,control,0,1,1,9,1,12,12,32,6,11,6,10,0,0
pc-d3646245-3874,urzeitliche_kolosse__mit_pc,control,1,0,0,9,0,14,9,42,3,9,7,9,0,0
pc-5a171188-3875,rudeljaeger__ohne_pc,control,0,1,1,6,1,9,7,21,0,7,3,10,0,0
pc-5a171188-3875,urzeitliche_kolosse__mit_pc,control,1,0,0,6,0,11,6,19,2,6,5,9,0,0
pc-ab34a6b6-3876,rudeljaeger__ohne_pc,control,0,0,1,10,0,13,12,37,8,11,4,9,0,0
pc-ab34a6b6-3876,urzeitliche_kolosse__mit_pc,control,1,1,0,10,1,14,10,45,7,9,8,10,0,2
pc-31e755f9-3877,rudeljaeger__ohne_pc,control,0,0,1,8,-2,12,11,29,1,10,5,9,0,0
pc-31e755f9-3877,urzeitliche_kolosse__mit_pc,control,1,1,0,8,1,13,8,32,4,8,9,12,0,2
pc-b899e53b-3878,rudeljaeger__ohne_pc,control,0,1,1,5,6,8,5,15,0,4,2,13,0,0
pc-b899e53b-3878,urzeitliche_kolosse__mit_pc,control,1,0,0,5,-3,10,4,13,2,4,1,4,0,0
pc-3f4c947e-3879,rudeljaeger__ohne_pc,control,0,0,1,8,-2,12,11,25,4,10,6,9,0,0
pc-3f4c947e-3879,urzeitliche_kolosse__mit_pc,control,1,1,0,8,1,12,8,36,0,8,7,12,0,0
pc-906a29ac-3880,rudeljaeger__ohne_pc,control,0,0,1,9,-1,14,12,30,7,11,4,9,0,2
pc-906a29ac-3880,urzeitliche_kolosse__mit_pc,control,1,1,0,9,1,15,9,36,2,8,8,11,0,0
pc-171cd8ef-3881,rudeljaeger__ohne_pc,control,0,0,1,9,0,12,12,28,11,10,5,3,0,1
pc-171cd8ef-3881,urzeitliche_kolosse__mit_pc,control,1,1,0,9,7,14,9,40,3,9,7,10,0,2
pc-9dcf6831-3882,rudeljaeger__ohne_pc,control,0,1,1,4,6,7,5,10,0,5,2,10,0,0
pc-9dcf6831-3882,urzeitliche_kolosse__mit_pc,control,1,0,0,4,0,10,4,9,1,3,2,4,0,0
pc-24821774-3883,rudeljaeger__ohne_pc,control,0,0,1,10,-1,14,13,31,16,11,9,4,0,0
pc-24821774-3883,urzeitliche_kolosse__mit_pc,control,1,1,0,10,6,15,12,46,6,12,10,11,0,0
pc-759faca2-3884,rudeljaeger__ohne_pc,control,0,0,1,5,-1,9,5,15,0,4,2,5,0,0
pc-759faca2-3884,urzeitliche_kolosse__mit_pc,control,1,1,0,5,5,10,6,15,0,5,2,11,0,0
pc-fc525be4-3885,rudeljaeger__ohne_pc,control,0,0,1,3,0,6,3,6,0,3,1,5,0,0
pc-fc525be4-3885,urzeitliche_kolosse__mit_pc,control,1,1,0,3,5,7,3,6,0,3,3,10,0,0
pc-8304eb27-3886,rudeljaeger__ohne_pc,control,0,0,1,15,-1,19,19,51,55,17,13,9,0,2
pc-8304eb27-3886,urzeitliche_kolosse__mit_pc,control,1,1,0,15,1,20,18,70,43,17,14,11,0,1
pc-09b79a6a-3887,rudeljaeger__ohne_pc,control,0,0,1,11,-4,16,15,42,16,14,6,3,0,1
pc-09b79a6a-3887,urzeitliche_kolosse__mit_pc,control,1,1,0,11,7,16,11,45,15,10,15,14,0,4
pc-5ad52f98-3888,rudeljaeger__ohne_pc,control,0,1,1,7,6,12,10,24,1,9,6,11,0,0
pc-5ad52f98-3888,urzeitliche_kolosse__mit_pc,control,1,0,0,7,-1,11,8,28,0,8,7,4,0,0
pc-e187deda-3889,rudeljaeger__ohne_pc,control,0,1,1,11,1,16,15,38,18,13,9,12,0,0
pc-e187deda-3889,urzeitliche_kolosse__mit_pc,control,1,0,0,11,-2,15,14,50,9,13,11,9,0,2
pc-683a6e1d-3890,rudeljaeger__ohne_pc,control,0,1,1,7,2,11,10,26,1,10,4,11,0,1
pc-683a6e1d-3890,urzeitliche_kolosse__mit_pc,control,1,0,0,7,-1,11,6,26,2,6,7,8,0,0
pc-eeed1d5f-3891,rudeljaeger__ohne_pc,control,0,1,1,3,6,7,3,6,0,3,0,10,0,0
pc-eeed1d5f-3891,urzeitliche_kolosse__mit_pc,control,1,0,0,3,0,7,2,4,2,2,0,4,0,0
pc-400ab28e-3892,rudeljaeger__ohne_pc,control,0,1,1,6,5,9,8,18,0,8,3,10,0,0
pc-400ab28e-3892,urzeitliche_kolosse__mit_pc,control,1,0,0,6,0,12,6,20,1,6,5,5,0,1
pc-c6bd41d0-3893,rudeljaeger__ohne_pc,control,0,1,1,7,1,10,9,21,4,8,5,12,0,0
pc-c6bd41d0-3893,urzeitliche_kolosse__mit_pc,control,1,0,0,7,-2,12,7,25,3,7,5,9,0,0
pc-4d6ff113-3894,rudeljaeger__ohne_pc,control,0,0,1,9,-2,12,12,34,11,10,6,6,0,0
pc-4d6ff113-3894,urzeitliche_kolosse__mit_pc,control,1,1,0,9,4,14,11,37,5,10,8,12,0,2
pc-d4228055-3895,rudeljaeger__ohne_pc,control,0,0,1,5,0,9,5,14,1,5,1,9,0,0
pc-d4228055-3895,urzeitliche_kolosse__mit_pc,control,1,1,0,5,1,8,4,14,1,4,4,10,0,0
pc-d1e82625-3896,rudeljaeger__ohne_pc,control,0,0,1,6,0,9,9,19,0,9,2,7,0,0
pc-d1e82625-3896,urzeitliche_kolosse__mit_pc,control,1,1,0,6,3,11,6,21,0,5,6,10,0,0
pc-589ad568-3897,rudeljaeger__ohne_pc,control,0,1,1,6,1,11,5,17,3,4,2,11,0,0
pc-589ad568-3897,urzeitliche_kolosse__mit_pc,control,1,0,0,6,-1,10,5,18,2,5,2,9,0,0
pc-df4d64aa-3898,rudeljaeger__ohne_pc,control,0,0,1,11,-2,14,14,32,26,12,5,7,0,0
pc-df4d64aa-3898,urzeitliche_kolosse__mit_pc,control,1,1,0,11,3,17,11,42,13,10,13,12,0,1
pc-660013ed-3899,rudeljaeger__ohne_pc,control,0,1,1,8,4,12,10,27,3,9,4,13,0,1
pc-660013ed-3899,urzeitliche_kolosse__mit_pc,control,1,0,0,8,-3,13,8,34,1,7,4,6,0,1
pc-64597e61-3900,rudeljaeger__ohne_pc,control,0,1,0,6,5,10,6,19,1,6,1,12,0,0
pc-64597e61-3900,urzeitliche_kolosse__mit_pc,control,1,0,1,6,-2,11,5,16,3,5,3,5,0,0
pc-eb0c0da3-3901,rudeljaeger__ohne_pc,control,0,0,0,10,-2,15,14,41,13,13,7,8,0,0
pc-eb0c0da3-3901,urzeitliche_kolosse__mit_pc,control,1,1,1,10,2,16,12,47,7,12,11,12,0,0
pc-56f43fdc-3902,rudeljaeger__ohne_pc,control,0,0,0,9,0,12,12,33,5,11,6,5,0,0
pc-56f43fdc-3902,urzeitliche_kolosse__mit_pc,control,1,1,1,9,5,14,10,41,3,10,9,10,0,0
pc-dda6cf1e-3903,rudeljaeger__ohne_pc,control,0,1,0,8,4,13,11,26,5,10,9,11,0,0
pc-dda6cf1e-3903,urzeitliche_kolosse__mit_pc,control,1,0,1,8,-1,12,11,29,2,10,8,6,0,3
pc-498ee157-3904,rudeljaeger__ohne_pc,control,0,1,0,5,5,9,5,14,1,5,2,11,0,0
pc-498ee157-3904,urzeitliche_kolosse__mit_pc,control,1,0,1,5,-1,11,5,12,3,5,2,5,0,0
pc-d0419099-3905,rudeljaeger__ohne_pc,control,0,1,0,5,5,9,5,12,1,5,2,10,0,0
pc-d0419099-3905,urzeitliche_kolosse__mit_pc,control,1,0,1,5,0,10,4,12,3,4,3,5,0,0
pc-3c29a2d2-3906,rudeljaeger__ohne_pc,control,0,1,0,5,4,9,4,12,2,4,1,10,0,0
pc-3c29a2d2-3906,urzeitliche_kolosse__mit_pc,control,1,0,1,5,0,10,4,13,2,4,1,6,0,0
pc-c2dc5214-3907,rudeljaeger__ohne_pc,control,0,0,0,12,0,18,16,45,26,14,11,8,0,1
pc-c2dc5214-3907,urzeitliche_kolosse__mit_pc,control,1,1,1,12,2,18,15,56,14,14,11,10,0,0
pc-2ec4644d-3908,rudeljaeger__ohne_pc,control,0,0,0,8,-1,13,12,26,7,11,4,8,0,0
pc-2ec4644d-3908,urzeitliche_kolosse__mit_pc,control,1,1,1,8,2,14,8,33,3,8,9,11,0,0
pc-b577138f-3909,rudeljaeger__ohne_pc,control,0,1,0,5,5,9,5,15,0,5,1,12,0,0
pc-b577138f-3909,urzeitliche_kolosse__mit_pc,control,1,0,1,5,-2,11,4,13,2,4,2,5,0,0
pc-215f25c8-3910,rudeljaeger__ohne_pc,control,0,1,0,5,10,9,6,12,0,6,2,11,0,0
pc-215f25c8-3910,urzeitliche_kolosse__mit_pc,control,1,0,1,5,-1,10,4,13,1,4,2,0,0,0
pc-a811d50a-3911,rudeljaeger__ohne_pc,control,0,1,0,7,3,11,7,22,1,6,5,12,0,2
pc-a811d50a-3911,urzeitliche_kolosse__mit_pc,control,1,0,1,7,-2,13,7,25,3,7,3,7,0,2
pc-13f9e743-3912,rudeljaeger__ohne_pc,control,0,1,0,6,2,10,9,19,2,7,3,10,0,0
pc-13f9e743-3912,urzeitliche_kolosse__mit_pc,control,1,0,1,6,0,9,7,19,2,7,5,8,0,0
pc-9aac9685-3913,rudeljaeger__ohne_pc,control,0,1,0,5,2,8,5,13,0,5,2,12,0,0
pc-9aac9685-3913,urzeitliche_kolosse__mit_pc,control,1,0,1,5,-2,8,5,13,2,5,3,8,0,0
pc-0694a8be-3914,rudeljaeger__ohne_pc,control,0,1,0,6,2,10,6,20,1,6,2,12,0,1
pc-0694a8be-3914,urzeitliche_kolosse__mit_pc,control,1,0,1,6,-2,11,5,16,5,5,4,8,0,0
pc-8d475800-3915,rudeljaeger__ohne_pc,control,0,0,0,9,-1,14,12,34,6,12,6,4,0,0
pc-8d475800-3915,urzeitliche_kolosse__mit_pc,control,1,1,1,9,6,14,11,40,4,11,11,11,0,2
pc-f92f6a38-3916,rudeljaeger__ohne_pc,control,0,1,0,8,3,11,11,28,5,10,6,11,0,1
pc-f92f6a38-3916,urzeitliche_kolosse__mit_pc,control,1,0,1,8,-1,11,10,30,6,9,7,7,0,0
pc-7fe2197b-3917,rudeljaeger__ohne_pc,control,0,1,0,6,5,11,7,16,4,7,4,13,0,0
pc-7fe2197b-3917,urzeitliche_kolosse__mit_pc,control,1,0,1,6,-3,11,6,17,1,5,3,5,0,0
pc-ebca2bb3-3918,rudeljaeger__ohne_pc,control,0,1,0,9,4,14,12,35,4,10,7,10,0,0
pc-ebca2bb3-3918,urzeitliche_kolosse__mit_pc,control,1,0,1,9,0,14,11,41,3,10,7,6,0,0
pc-727cdaf6-3919,rudeljaeger__ohne_pc,control,0,0,0,9,0,14,12,34,8,11,2,7,0,1
pc-727cdaf6-3919,urzeitliche_kolosse__mit_pc,control,1,1,1,9,3,14,8,39,4,7,8,10,0,3
pc-de64ed2e-3920,rudeljaeger__ohne_pc,control,0,0,0,4,0,7,4,10,0,4,2,9,0,0
pc-de64ed2e-3920,urzeitliche_kolosse__mit_pc,control,1,1,1,4,1,8,4,10,0,4,2,10,0,0
pc-65179c71-3921,rudeljaeger__ohne_pc,control,0,0,0,9,-4,13,12,29,11,11,4,5,0,0
pc-65179c71-3921,urzeitliche_kolosse__mit_pc,control,1,1,1,9,5,15,9,42,2,9,7,14,0,0
pc-d0ffaea9-3922,rudeljaeger__ohne_pc,control,0,1,0,4,10,7,5,10,0,5,1,10,0,0
pc-d0ffaea9-3922,urzeitliche_kolosse__mit_pc,control,1,0,1,4,0,8,2,7,3,2,0,0,0,0
pc-57b25dec-3923,rudeljaeger__ohne_pc,control,0,1,0,4,4,7,5,10,0,5,1,10,0,0
pc-57b25dec-3923,urzeitliche_kolosse__mit_pc,control,1,0,1,4,0,10,4,10,0,3,5,6,0,0
pc-c39a7024-3924,rudeljaeger__ohne_pc,control,0,1,0,7,7,11,9,23,3,9,4,12,0,0
pc-c39a7024-3924,urzeitliche_kolosse__mit_pc,control,1,0,1,7,-2,13,8,25,3,7,5,3,0,0
pc-4a4d1f67-3925,rudeljaeger__ohne_pc,control,0,1,0,5,8,9,6,15,0,6,1,11,0,0
pc-4a4d1f67-3925,urzeitliche_kolosse__mit_pc,control,1,0,1,5,-1,10,5,15,0,4,2,2,0,0
pc-b635319f-3926,rudeljaeger__ohne_pc,control,0,0,0,5,-4,9,4,14,1,4,1,8,0,0
pc-b635319f-3926,urzeitliche_kolosse__mit_pc,control,1,1,1,5,2,11,4,14,1,4,2,14,0,0
pc-3ce7c0e2-3927,rudeljaeger__ohne_pc,control,0,1,0,4,4,8,3,9,1,3,0,10,0,0
pc-3ce7c0e2-3927,urzeitliche_kolosse__mit_pc,control,1,0,1,4,0,9,3,9,1,3,2,6,0,0
pc-a8cff31a-3928,rudeljaeger__ohne_pc,control,0,0,0,5,-1,8,7,14,1,7,1,8,0,0
pc-a8cff31a-3928,urzeitliche_kolosse__mit_pc,control,1,1,1,5,2,11,4,13,2,4,5,11,0,0
pc-2f82825d-3929,rudeljaeger__ohne_pc,control,0,1,0,6,1,9,6,19,1,5,3,10,0,0
pc-2f82825d-3929,urzeitliche_kolosse__mit_pc,control,1,0,1,6,0,10,6,19,2,5,3,9,0,0
pc-9b6ab495-3930,rudeljaeger__ohne_pc,control,0,0,0,8,-3,13,12,30,4,11,6,5,0,0
pc-9b6ab495-3930,urzeitliche_kolosse__mit_pc,control,1,1,1,8,5,12,9,28,2,8,12,13,0,2
pc-221d43d8-3931,rudeljaeger__ohne_pc,control,0,1,0,7,4,11,8,22,1,7,3,12,0,1
pc-221d43d8-3931,urzeitliche_kolosse__mit_pc,control,1,0,1,7,-2,12,6,25,3,6,4,6,0,0
pc-3aad66b2-3932,rudeljaeger__ohne_pc,control,0,0,0,8,-2,11,11,27,4,10,1,9,0,0
pc-3aad66b2-3932,urzeitliche_kolosse__mit_pc,control,1,1,1,8,1,13,7,32,3,6,7,12,0,0
pc-c16015f4-3933,rudeljaeger__ohne_pc,control,0,1,0,9,2,14,11,30,7,10,6,11,0,2
pc-c16015f4-3933,urzeitliche_kolosse__mit_pc,control,1,0,1,9,-1,15,9,41,3,9,7,8,0,0
pc-2d48282d-3934,rudeljaeger__ohne_pc,control,0,1,0,5,8,10,6,15,0,6,1,10,0,0
pc-2d48282d-3934,urzeitliche_kolosse__mit_pc,control,1,0,1,5,0,10,4,13,1,4,3,2,0,0
pc-b3fad76f-3935,rudeljaeger__ohne_pc,control,0,1,0,6,10,11,6,18,2,5,2,10,0,0
pc-b3fad76f-3935,urzeitliche_kolosse__mit_pc,control,1,0,1,6,0,11,5,18,3,4,0,0,0,1
pc-1fe2e9a8-3936,rudeljaeger__ohne_pc,control,0,1,0,5,6,10,6,13,0,6,4,11,0,0
pc-1fe2e9a8-3936,urzeitliche_kolosse__mit_pc,control,1,0,1,5,-1,10,5,14,1,5,5,4,0,0
pc-a69598ea-3937,rudeljaeger__ohne_pc,control,0,1,0,7,4,11,9,24,2,9,6,12,0,0
pc-a69598ea-3937,urzeitliche_kolosse__mit_pc,control,1,0,1,7,-2,11,8,27,1,8,5,6,0,0
pc-127dab23-3938,rudeljaeger__ohne_pc,control,0,0,0,9,-4,13,9,28,8,9,4,7,0,2
pc-127dab23-3938,urzeitliche_kolosse__mit_pc,control,1,1,1,9,3,15,9,35,6,9,5,14,0,0
pc-99305a65-3939,rudeljaeger__ohne_pc,control,0,1,0,7,10,12,8,24,1,8,6,10,0,0
pc-99305a65-3939,urzeitliche_kolosse__mit_pc,control,1,0,1,7,0,12,7,26,2,7,4,0,0,0
pc-05186c9e-3940,rudeljaeger__ohne_pc,control,0,0,0,9,-1,12,12,31,9,11,6,9,0,2
pc-05186c9e-3940,urzeitliche_kolosse__mit_pc,control,1,1,1,9,1,15,9,41,4,9,8,11,0,0
pc-8bcb1be0-3941,rudeljaeger__ohne_pc,control,0,0,0,6,-3,10,6,18,3,6,4,2,0,0
pc-8bcb1be0-3941,urzeitliche_kolosse__mit_pc,control,1,1,1,6,8,11,6,19,1,6,4,13,0,0
pc-f7b32e18-3942,rudeljaeger__ohne_pc,control,0,0,0,5,-1,8,6,13,1,5,1,7,0,0
pc-f7b32e18-3942,urzeitliche_kolosse__mit_pc,control,1,1,1,5,3,10,4,12,3,3,1,11,0,0
pc-7e65dd5b-3943,rudeljaeger__ohne_pc,control,0,0,0,8,-1,12,9,23,5,9,4,9,0,0
pc-7e65dd5b-3943,urzeitliche_kolosse__mit_pc,control,1,1,1,8,1,14,7,33,2,7,5,11,0,1
pc-ea4def93-3944,rudeljaeger__ohne_pc,control,0,1,0,5,7,9,8,14,0,8,0,11,0,0
pc-ea4def93-3944,urzeitliche_kolosse__mit_pc,control,1,0,1,5,-1,11,3,12,3,3,4,3,0,0
pc-71009ed6-3945,rudeljaeger__ohne_pc,control,0,1,0,8,4,12,9,28,5,8,6,10,0,1
pc-71009ed6-3945,urzeitliche_kolosse__mit_pc,control,1,0,1,8,0,14,8,34,1,8,4,6,0,0
pc-dce8b10e-3946,rudeljaeger__ohne_pc,control,0,0,0,10,-3,14,13,37,11,12,5,4,0,1
pc-dce8b10e-3946,urzeitliche_kolosse__mit_pc,control,1,1,1,10,6,15,11,41,8,10,11,13,0,0
pc-639b4051-3947,rudeljaeger__ohne_pc,control,0,1,0,6,4,11,8,20,1,8,1,10,0,0
pc-639b4051-3947,urzeitliche_kolosse__mit_pc,control,1,0,1,6,0,12,5,17,4,4,6,6,0,0
pc-cf837289-3948,rudeljaeger__ohne_pc,control,0,1,0,7,6,12,10,24,1,9,4,10,0,0
pc-cf837289-3948,urzeitliche_kolosse__mit_pc,control,1,0,1,7,0,11,8,26,2,8,8,4,0,0
pc-563601cc-3949,rudeljaeger__ohne_pc,control,0,1,0,8,3,12,9,27,3,9,8,12,0,1
pc-563601cc-3949,urzeitliche_kolosse__mit_pc,control,1,0,1,8,-2,11,9,33,2,9,6,7,0,0
pc-c21e3404-3950,rudeljaeger__ohne_pc,control,0,1,0,6,6,9,9,20,0,7,5,11,0,0
pc-c21e3404-3950,urzeitliche_kolosse__mit_pc,control,1,0,1,6,-1,11,6,19,1,6,3,4,0,0
pc-48d0c347-3951,rudeljaeger__ohne_pc,control,0,0,0,8,-2,12,12,25,6,11,3,5,0,0
pc-48d0c347-3951,urzeitliche_kolosse__mit_pc,control,1,1,1,8,5,12,8,34,2,8,11,12,0,0
pc-b4b8f57f-3952,rudeljaeger__ohne_pc,control,0,0,0,10,0,13,13,34,15,11,7,7,0,0
pc-b4b8f57f-3952,urzeitliche_kolosse__mit_pc,control,1,1,1,10,3,14,12,45,4,11,8,10,0,0
pc-3b6b84c2-3953,rudeljaeger__ohne_pc,control,0,0,0,5,-1,10,7,15,0,5,2,4,0,0
pc-3b6b84c2-3953,urzeitliche_kolosse__mit_pc,control,1,1,1,5,6,10,5,14,1,5,4,11,0,0
pc-a753b6fa-3954,rudeljaeger__ohne_pc,control,0,1,0,4,10,7,5,9,0,5,2,10,0,0
pc-a753b6fa-3954,urzeitliche_kolosse__mit_pc,control,1,0,1,4,0,10,3,8,1,3,4,0,0,0
pc-2e06463d-3955,rudeljaeger__ohne_pc,control,0,0,0,6,0,11,6,19,1,6,3,9,0,0
pc-2e06463d-3955,urzeitliche_kolosse__mit_pc,control,1,1,1,6,1,11,6,17,2,6,4,10,0,0
pc-99ee7875-3956,rudeljaeger__ohne_pc,control,0,1,0,5,6,9,6,15,0,6,4,13,0,0
pc-99ee7875-3956,urzeitliche_kolosse__mit_pc,control,1,0,1,5,-3,11,6,12,1,5,3,4,0,0
pc-20a107b8-3957,rudeljaeger__ohne_pc,control,0,1,0,9,2,16,13,29,10,11,7,10,0,0
pc-20a107b8-3957,urzeitliche_kolosse__mit_pc,control,1,0,1,9,0,15,10,40,3,9,10,8,0,0
pc-8c8939f0-3958,rudeljaeger__ohne_pc,control,0,0,0,10,0,13,13,34,15,11,7,8,0,0
pc-8c8939f0-3958,urzeitliche_kolosse__mit_pc,control,1,1,1,10,2,15,12,47,2,12,11,10,0,0
pc-133bc933-3959,rudeljaeger__ohne_pc,control,0,1,0,7,10,11,8,19,2,8,4,10,0,0
pc-133bc933-3959,urzeitliche_kolosse__mit_pc,control,1,0,1,7,0,11,7,26,2,6,3,0,0,0
pc-7f23fb6b-3960,rudeljaeger__ohne_pc,control,0,0,0,8,0,13,11,26,6,10,2,7,0,0
pc-7f23fb6b-3960,urzeitliche_kolosse__mit_pc,control,1,1,1,8,3,14,7,35,1,7,9,10,0,2
pc-05d68aae-3961,rudeljaeger__ohne_pc,control,0,0,0,8,0,13,11,27,8,10,3,6,0,0
pc-05d68aae-3961,urzeitliche_kolosse__mit_pc,control,1,1,1,8,4,13,6,33,3,6,7,10,0,0
pc-71bebce6-3962,rudeljaeger__ohne_pc,control,0,0,0,8,-1,12,11,24,6,9,3,6,0,0
pc-71bebce6-3962,urzeitliche_kolosse__mit_pc,control,1,1,1,8,4,13,7,30,2,7,8,11,0,2
pc-f8714c28-3963,rudeljaeger__ohne_pc,control,0,0,0,5,0,10,6,14,1,6,1,4,0,0
pc-f8714c28-3963,urzeitliche_kolosse__mit_pc,control,1,1,1,5,6,10,5,15,0,4,7,10,0,0
pc-b7b16dbf-3964,rudeljaeger__ohne_pc,control,0,1,0,7,4,12,8,25,2,8,1,13,0,0
pc-b7b16dbf-3964,urzeitliche_kolosse__mit_pc,control,1,0,1,7,-3,13,5,24,4,5,8,6,0,3
pc-3e641d02-3965,rudeljaeger__ohne_pc,control,0,0,0,12,-1,16,15,43,26,13,11,7,0,1
pc-3e641d02-3965,urzeitliche_kolosse__mit_pc,control,1,1,1,12,3,17,15,59,12,14,11,11,0,1
pc-aa4c2f3a-3966,rudeljaeger__ohne_pc,control,0,1,0,6,6,11,8,20,0,8,4,12,0,1
pc-aa4c2f3a-3966,urzeitliche_kolosse__mit_pc,control,1,0,1,6,-2,10,7,18,0,6,6,4,0,0
pc-30fede7d-3967,rudeljaeger__ohne_pc,control,0,0,0,8,0,12,11,30,2,10,2,9,0,0
pc-30fede7d-3967,urzeitliche_kolosse__mit_pc,control,1,1,1,8,1,13,7,33,3,7,8,10,0,1
pc-9ce6f0b5-3968,rudeljaeger__ohne_pc,control,0,0,0,7,-3,11,8,21,3,8,2,9,0,1
pc-9ce6f0b5-3968,urzeitliche_kolosse__mit_pc,control,1,1,1,7,1,12,6,25,3,6,5,13,0,2
pc-23999ff8-3969,rudeljaeger__ohne_pc,control,0,1,0,7,4,10,10,25,1,9,6,11,0,0
pc-23999ff8-3969,urzeitliche_kolosse__mit_pc,control,1,0,1,7,-1,12,8,26,2,8,6,6,0,0
pc-8f81b230-3970,rudeljaeger__ohne_pc,control,0,1,0,5,6,10,6,13,1,6,3,10,0,0
pc-8f81b230-3970,urzeitliche_kolosse__mit_pc,control,1,0,1,5,0,11,4,13,2,4,4,4,0,0
pc-16344173-3971,rudeljaeger__ohne_pc,control,0,0,0,11,-4,17,15,35,22,13,9,4,0,0
pc-16344173-3971,urzeitliche_kolosse__mit_pc,control,1,1,1,11,6,16,14,58,1,14,13,14,0,2
pc-821c73ab-3972,rudeljaeger__ohne_pc,control,0,0,0,8,-1,13,11,28,2,10,6,4,0,0
pc-821c73ab-3972,urzeitliche_kolosse__mit_pc,control,1,1,1,8,6,13,9,31,5,8,8,11,0,1
pc-08cf02ee-3973,rudeljaeger__ohne_pc,control,0,1,0,8,3,13,10,28,7,10,8,10,0,0
pc-08cf02ee-3973,urzeitliche_kolosse__mit_pc,control,1,0,1,8,0,12,10,31,5,10,7,7,0,0
pc-74b73526-3974,rudeljaeger__ohne_pc,control,0,0,0,8,0,12,10,24,8,9,4,8,0,0
pc-74b73526-3974,urzeitliche_kolosse__mit_pc,control,1,1,1,8,2,13,7,28,4,7,5,10,0,0
pc-fb69c468-3975,rudeljaeger__ohne_pc,control,0,0,0,10,-1,14,13,35,11,12,7,5,0,3
pc-fb69c468-3975,urzeitliche_kolosse__mit_pc,control,1,1,1,10,5,14,13,41,8,12,10,11,0,1
pc-6751f6a1-3976,rudeljaeger__ohne_pc,control,0,0,0,8,0,13,11,33,0,10,5,7,0,1
pc-6751f6a1-3976,urzeitliche_kolosse__mit_pc,control,1,1,1,8,3,14,9,35,1,9,8,10,0,0
pc-ee0485e3-3977,rudeljaeger__ohne_pc,control,0,1,0,4,1,8,4,9,1,4,1,10,0,0
pc-ee0485e3-3977,urzeitliche_kolosse__mit_pc,control,1,0,1,4,0,9,4,9,1,4,2,9,0,0
pc-59ecb81c-3978,rudeljaeger__ohne_pc,control,0,1,0,5,1,8,4,13,2,4,3,10,0,0
pc-59ecb81c-3978,urzeitliche_kolosse__mit_pc,control,1,0,1,5,0,9,7,14,1,6,2,9,0,0
pc-e09f475e-3979,rudeljaeger__ohne_pc,control,0,1,0,4,6,9,5,9,1,5,2,11,0,0
pc-e09f475e-3979,urzeitliche_kolosse__mit_pc,control,1,0,1,4,-1,10,5,10,0,5,2,4,0,0
pc-4c877997-3980,rudeljaeger__ohne_pc,control,0,1,0,5,4,10,5,14,0,5,3,12,0,0
pc-4c877997-3980,urzeitliche_kolosse__mit_pc,control,1,0,1,5,-2,10,5,12,2,4,4,6,0,0
pc-d33a08d9-3981,rudeljaeger__ohne_pc,control,0,1,0,4,7,7,3,8,1,3,0,12,0,0
pc-d33a08d9-3981,urzeitliche_kolosse__mit_pc,control,1,0,1,4,-2,10,2,7,3,2,0,3,0,0
pc-3f223b12-3982,rudeljaeger__ohne_pc,control,0,0,0,7,-1,13,10,23,2,9,4,6,0,0
pc-3f223b12-3982,urzeitliche_kolosse__mit_pc,control,1,1,1,7,4,12,8,26,2,8,8,11,0,0
pc-c5d4ca54-3983,rudeljaeger__ohne_pc,control,0,0,0,9,-1,13,12,30,9,11,4,6,0,0
pc-c5d4ca54-3983,urzeitliche_kolosse__mit_pc,control,1,1,1,9,4,14,9,35,4,9,8,11,0,0
pc-31bcfc8d-3984,rudeljaeger__ohne_pc,control,0,1,0,4,4,7,4,10,0,3,0,10,0,0
pc-31bcfc8d-3984,urzeitliche_kolosse__mit_pc,control,1,0,1,4,0,8,4,9,0,4,1,6,0,0
pc-b86f8bcf-3985,rudeljaeger__ohne_pc,control,0,0,0,3,0,6,3,6,0,3,1,5,0,0
pc-b86f8bcf-3985,urzeitliche_kolosse__mit_pc,control,1,1,1,3,5,7,3,6,0,3,3,10,0,0
pc-2457be08-3986,rudeljaeger__ohne_pc,control,0,0,0,10,-1,14,13,36,14,13,6,8,0,0
pc-2457be08-3986,urzeitliche_kolosse__mit_pc,control,1,1,1,10,2,15,11,44,8,10,10,11,0,0
pc-ab0a4d4a-3987,rudeljaeger__ohne_pc,control,0,1,0,6,10,11,8,16,1,6,3,15,0,0
pc-ab0a4d4a-3987,urzeitliche_kolosse__mit_pc,control,1,0,1,6,-5,12,6,19,2,5,1,0,0,1
pc-16f27f83-3988,rudeljaeger__ohne_pc,control,0,1,0,10,1,15,13,31,15,12,10,11,0,0
pc-16f27f83-3988,urzeitliche_kolosse__mit_pc,control,1,0,1,10,-1,16,13,46,6,12,10,9,0,0
pc-9da50ec5-3989,rudeljaeger__ohne_pc,control,0,0,0,13,-1,18,16,43,38,14,11,8,0,1
pc-9da50ec5-3989,urzeitliche_kolosse__mit_pc,control,1,1,1,13,2,17,15,64,21,15,12,11,0,5
pc-098d20fe-3990,rudeljaeger__ohne_pc,control,0,0,0,8,0,13,11,29,4,9,6,6,0,0
pc-098d20fe-3990,urzeitliche_kolosse__mit_pc,control,1,1,1,8,4,12,10,34,0,9,5,10,0,1
pc-903fd040-3991,rudeljaeger__ohne_pc,control,0,1,0,4,10,8,4,10,0,4,2,11,0,0
pc-903fd040-3991,urzeitliche_kolosse__mit_pc,control,1,0,1,4,-1,10,3,9,1,3,2,0,0,0
pc-fc27e278-3992,rudeljaeger__ohne_pc,control,0,1,0,7,1,12,8,24,3,7,2,10,0,2
pc-fc27e278-3992,urzeitliche_kolosse__mit_pc,control,1,0,1,7,0,12,7,27,1,6,3,9,0,0
pc-82da91bb-3993,rudeljaeger__ohne_pc,control,0,0,0,6,0,10,6,19,2,6,2,7,0,1
pc-82da91bb-3993,urzeitliche_kolosse__mit_pc,control,1,1,1,6,3,11,6,21,0,6,3,10,0,0
pc-eec2a3f3-3994,rudeljaeger__ohne_pc,control,0,0,0,9,-2,14,12,34,7,10,3,4,0,0
pc-eec2a3f3-3994,urzeitliche_kolosse__mit_pc,control,1,1,1,9,6,14,8,35,1,8,9,12,0,3
pc-75755336-3995,rudeljaeger__ohne_pc,control,0,1,0,10,6,14,13,37,11,11,8,10,0,2
pc-75755336-3995,urzeitliche_kolosse__mit_pc,control,1,0,1,10,0,14,13,51,3,12,8,4,0,0
pc-8e057610-3996,rudeljaeger__ohne_pc,control,0,1,0,5,3,9,5,14,1,5,2,11,0,0
pc-8e057610-3996,urzeitliche_kolosse__mit_pc,control,1,0,1,5,-1,11,4,11,3,4,4,7,0,0
pc-14b80553-3997,rudeljaeger__ohne_pc,control,0,0,0,6,-3,10,7,19,1,6,3,8,0,0
pc-14b80553-3997,urzeitliche_kolosse__mit_pc,control,1,1,1,6,2,12,6,18,2,6,4,13,0,1
pc-80a0378b-3998,rudeljaeger__ohne_pc,control,0,0,0,8,-3,14,11,31,4,10,3,4,0,0
pc-80a0378b-3998,urzeitliche_kolosse__mit_pc,control,1,1,1,8,6,14,9,32,2,8,7,13,0,1
pc-0752c6ce-3999,rudeljaeger__ohne_pc,control,0,0,0,9,-4,13,12,33,4,10,8,9,0,0
pc-0752c6ce-3999,urzeitliche_kolosse__mit_pc,control,1,1,1,9,1,14,11,41,3,11,7,14,0,5
pc-e466c062-4000,solidaritaet_ueberleben__ohne_pc,control,0,0,1,8,-2,12,9,28,3,9,4,2,0,0
pc-e466c062-4000,urzeitliche_kolosse__ohne_pc,control,1,1,0,8,8,14,8,32,4,8,4,12,0,0
pc-5db43120-4001,solidaritaet_ueberleben__ohne_pc,control,0,0,1,11,0,16,15,43,20,14,10,7,0,0
pc-5db43120-4001,urzeitliche_kolosse__ohne_pc,control,1,1,0,11,3,14,14,55,7,13,12,10,0,1
pc-f1cc1ee7-4002,solidaritaet_ueberleben__ohne_pc,control,0,1,1,7,2,12,7,24,2,7,3,10,0,0
pc-f1cc1ee7-4002,urzeitliche_kolosse__ohne_pc,control,1,0,0,7,0,12,7,25,3,7,3,8,0,0
pc-6b196fa5-4003,solidaritaet_ueberleben__ohne_pc,control,0,0,1,9,-2,15,13,39,5,12,3,6,0,0
pc-6b196fa5-4003,urzeitliche_kolosse__ohne_pc,control,1,1,0,9,4,13,9,35,1,7,11,12,0,3
pc-c99c4358-4004,solidaritaet_ueberleben__ohne_pc,control,0,0,1,10,0,14,13,36,12,12,4,5,0,0
pc-c99c4358-4004,urzeitliche_kolosse__ohne_pc,control,1,1,0,10,5,15,10,37,17,9,10,10,0,3
pc-42e9b416-4005,solidaritaet_ueberleben__ohne_pc,control,0,0,1,11,-1,17,10,40,20,10,8,6,0,0
pc-42e9b416-4005,urzeitliche_kolosse__ohne_pc,control,1,1,0,11,4,16,12,48,12,12,6,11,0,5
pc-d70181dd-4006,solidaritaet_ueberleben__ohne_pc,control,0,1,1,8,5,12,8,30,2,8,4,10,0,0
pc-d70181dd-4006,urzeitliche_kolosse__ohne_pc,control,1,0,0,8,0,14,8,31,5,7,6,5,0,1
pc-504ef29b-4007,solidaritaet_ueberleben__ohne_pc,control,0,0,1,12,-2,18,15,51,17,14,8,4,0,0
pc-504ef29b-4007,urzeitliche_kolosse__ohne_pc,control,1,1,0,12,6,18,14,60,9,13,10,12,0,2
pc-aed1c64e-4008,solidaritaet_ueberleben__ohne_pc,control,0,1,1,8,4,13,9,32,3,8,6,11,0,0
pc-aed1c64e-4008,urzeitliche_kolosse__ohne_pc,control,1,0,0,8,-1,12,10,32,4,9,5,6,0,5
pc-281f370c-4009,solidaritaet_ueberleben__ohne_pc,control,0,1,1,11,4,17,14,46,11,14,8,10,0,0
pc-281f370c-4009,urzeitliche_kolosse__ohne_pc,control,1,0,0,11,0,16,14,43,14,13,12,6,0,1
pc-bc3704d3-4010,solidaritaet_ueberleben__ohne_pc,control,0,1,1,11,2,18,11,39,16,11,8,11,0,0
pc-bc3704d3-4010,urzeitliche_kolosse__ohne_pc,control,1,0,0,11,-1,15,14,54,11,13,7,8,0,1
pc-35847591-4011,solidaritaet_ueberleben__ohne_pc,control,0,0,1,6,-1,12,5,20,1,5,3,0,0,0
pc-35847591-4011,urzeitliche_kolosse__ohne_pc,control,1,1,0,6,10,10,7,20,1,7,4,11,0,0
pc-94074944-4012,solidaritaet_ueberleben__ohne_pc,control,0,1,1,7,5,11,7,26,2,7,0,10,0,0
pc-94074944-4012,urzeitliche_kolosse__ohne_pc,control,1,0,0,7,0,11,5,22,6,5,3,5,0,1
pc-0d54ba02-4013,solidaritaet_ueberleben__ohne_pc,control,0,0,1,9,-2,15,10,35,7,9,5,8,0,0
pc-0d54ba02-4013,urzeitliche_kolosse__ohne_pc,control,1,1,0,9,2,13,11,41,2,10,5,12,0,0
pc-a16c87c9-4014,solidaritaet_ueberleben__ohne_pc,control,0,1,1,12,2,18,15,52,14,14,8,15,2,0
pc-a16c87c9-4014,urzeitliche_kolosse__ohne_pc,control,1,0,0,12,-5,17,15,57,20,13,10,8,0,0
pc-1ab9f887-4015,solidaritaet_ueberleben__ohne_pc,control,0,1,1,9,1,15,13,39,6,13,4,11,0,0
pc-1ab9f887-4015,urzeitliche_kolosse__ohne_pc,control,1,0,0,9,-1,15,7,33,5,6,13,9,0,6
pc-793ccc3a-4016,solidaritaet_ueberleben__ohne_pc,control,0,0,1,10,-5,15,10,32,18,9,5,8,0,0
pc-793ccc3a-4016,urzeitliche_kolosse__ohne_pc,control,1,1,0,10,2,16,12,50,4,10,5,15,0,1
pc-f28a3cf7-4017,solidaritaet_ueberleben__ohne_pc,control,0,1,1,10,2,15,13,47,5,12,5,12,0,0
pc-f28a3cf7-4017,urzeitliche_kolosse__ohne_pc,control,1,0,0,10,-2,16,10,36,9,9,10,8,0,1
pc-86a20abf-4018,solidaritaet_ueberleben__ohne_pc,control,0,0,1,8,0,11,10,35,1,10,5,6,0,0
pc-86a20abf-4018,urzeitliche_kolosse__ohne_pc,control,1,1,0,8,4,13,8,33,3,8,6,10,0,0
pc-ffef7b7c-4019,solidaritaet_ueberleben__ohne_pc,control,0,1,1,13,4,18,14,48,36,13,10,13,0,0
pc-ffef7b7c-4019,urzeitliche_kolosse__ohne_pc,control,1,0,0,13,-3,18,16,55,35,14,9,6,0,3
pc-5e724f30-4020,solidaritaet_ueberleben__ohne_pc,control,0,1,1,8,1,13,9,33,3,9,3,10,0,0
pc-5e724f30-4020,urzeitliche_kolosse__ohne_pc,control,1,0,0,8,0,12,8,27,9,8,6,9,0,0
pc-d7bfbfed-4021,solidaritaet_ueberleben__ohne_pc,control,0,0,1,11,-1,15,11,32,23,11,10,3,0,0
pc-d7bfbfed-4021,urzeitliche_kolosse__ohne_pc,control,1,1,0,11,7,15,14,52,8,12,10,11,0,0
pc-6bd78db5-4022,solidaritaet_ueberleben__ohne_pc,control,0,0,1,8,-3,12,7,23,5,7,6,8,0,0
pc-6bd78db5-4022,urzeitliche_kolosse__ohne_pc,control,1,1,0,8,2,13,10,36,0,9,3,13,0,1
pc-e524fe72-4023,solidaritaet_ueberleben__ohne_pc,control,0,0,1,6,-2,10,4,18,3,4,1,0,0,0
pc-e524fe72-4023,urzeitliche_kolosse__ohne_pc,control,1,1,0,6,10,11,6,18,2,6,2,12,0,1
pc-43a7d226-4024,solidaritaet_ueberleben__ohne_pc,control,0,0,1,9,0,13,6,23,13,6,6,3,0,0
pc-43a7d226-4024,urzeitliche_kolosse__ohne_pc,control,1,1,0,9,7,14,10,38,5,9,2,10,0,1
pc-bcf522e3-4025,solidaritaet_ueberleben__ohne_pc,control,0,0,1,11,0,16,14,38,23,13,9,4,0,0
pc-bcf522e3-4025,urzeitliche_kolosse__ohne_pc,control,1,1,0,11,6,16,13,52,10,12,11,10,0,0
pc-510d10ab-4026,solidaritaet_ueberleben__ohne_pc,control,0,0,1,8,0,12,9,25,11,9,0,3,0,0
pc-510d10ab-4026,urzeitliche_kolosse__ohne_pc,control,1,1,0,8,7,13,7,27,5,5,7,10,0,1
pc-ca5a6168-4027,solidaritaet_ueberleben__ohne_pc,control,0,0,1,9,-3,12,12,38,7,11,6,9,0,0
pc-ca5a6168-4027,urzeitliche_kolosse__ohne_pc,control,1,1,0,9,1,13,11,40,5,10,7,13,0,1
pc-28dd551c-4028,solidaritaet_ueberleben__ohne_pc,control,0,0,1,9,0,13,10,37,5,9,4,8,0,0
pc-28dd551c-4028,urzeitliche_kolosse__ohne_pc,control,1,1,0,9,2,14,9,36,4,9,4,10,0,0
pc-a22aa5d9-4029,solidaritaet_ueberleben__ohne_pc,control,0,1,1,6,10,12,5,20,1,5,1,10,0,0
pc-a22aa5d9-4029,urzeitliche_kolosse__ohne_pc,control,1,0,0,6,0,11,4,16,4,4,3,0,0,0
pc-364293a1-4030,solidaritaet_ueberleben__ohne_pc,control,0,1,1,8,1,13,10,34,2,9,4,13,1,0
pc-364293a1-4030,urzeitliche_kolosse__ohne_pc,control,1,0,0,8,-3,13,8,29,1,6,6,9,0,0
pc-af8fe45e-4031,solidaritaet_ueberleben__ohne_pc,control,0,1,1,7,5,12,8,26,1,7,4,10,0,0
pc-af8fe45e-4031,urzeitliche_kolosse__ohne_pc,control,1,0,0,7,0,11,8,27,1,8,3,5,0,1
pc-babac8b3-4032,solidaritaet_ueberleben__ohne_pc,control,0,0,1,8,-1,13,9,31,3,9,6,5,0,0
pc-babac8b3-4032,urzeitliche_kolosse__ohne_pc,control,1,1,0,8,5,14,9,34,2,8,5,11,0,0
pc-34083971-4033,solidaritaet_ueberleben__ohne_pc,control,0,0,1,8,-2,12,7,26,2,7,7,7,0,0
pc-34083971-4033,urzeitliche_kolosse__ohne_pc,control,1,1,0,8,3,12,10,31,1,9,2,12,0,0
pc-c8200738-4034,solidaritaet_ueberleben__ohne_pc,control,0,0,1,5,0,10,4,13,2,4,1,4,0,0
pc-c8200738-4034,urzeitliche_kolosse__ohne_pc,control,1,1,0,5,6,10,3,12,3,3,0,10,0,0
pc-416d77f6-4035,solidaritaet_ueberleben__ohne_pc,control,0,1,1,7,5,13,6,24,2,6,5,11,0,0
pc-416d77f6-4035,urzeitliche_kolosse__ohne_pc,control,1,0,0,7,-1,12,8,25,3,8,2,5,0,0
pc-9ff04ba9-4036,solidaritaet_ueberleben__ohne_pc,control,0,1,1,7,5,11,7,27,0,7,4,11,0,0
pc-9ff04ba9-4036,urzeitliche_kolosse__ohne_pc,control,1,0,0,7,-1,12,8,26,2,7,3,5,0,1
pc-193dbc67-4037,solidaritaet_ueberleben__ohne_pc,control,0,0,1,4,-2,8,3,7,2,3,1,1,0,0
pc-193dbc67-4037,urzeitliche_kolosse__ohne_pc,control,1,1,0,4,9,9,4,10,0,3,0,12,0,0
pc-ad558a2e-4038,solidaritaet_ueberleben__ohne_pc,control,0,0,1,8,0,12,11,26,5,11,2,4,0,0
pc-ad558a2e-4038,urzeitliche_kolosse__ohne_pc,control,1,1,0,8,6,13,8,30,6,7,8,10,0,0
pc-26a2faec-4039,solidaritaet_ueberleben__ohne_pc,control,0,0,1,9,0,14,9,33,3,9,7,9,1,0
pc-26a2faec-4039,urzeitliche_kolosse__ohne_pc,control,1,1,0,9,1,14,10,39,5,9,4,10,0,0
pc-8525ce9f-4040,solidaritaet_ueberleben__ohne_pc,control,0,1,1,8,5,12,10,32,1,10,3,10,0,0
pc-8525ce9f-4040,urzeitliche_kolosse__ohne_pc,control,1,0,0,8,0,13,9,35,1,8,6,5,0,0
pc-fe733f5c-4041,solidaritaet_ueberleben__ohne_pc,control,0,0,1,5,0,11,5,14,0,5,2,0,0,0
pc-fe733f5c-4041,urzeitliche_kolosse__ohne_pc,control,1,1,0,5,10,10,5,13,2,5,5,10,0,0
pc-928b0d24-4042,solidaritaet_ueberleben__ohne_pc,control,0,0,1,5,0,10,5,15,0,4,1,0,0,0
pc-928b0d24-4042,urzeitliche_kolosse__ohne_pc,control,1,1,0,5,10,12,5,13,0,5,2,10,0,0
pc-0bd87de2-4043,solidaritaet_ueberleben__ohne_pc,control,0,0,1,8,0,13,9,24,4,9,6,5,0,0
pc-0bd87de2-4043,urzeitliche_kolosse__ohne_pc,control,1,1,0,8,5,13,9,32,3,9,5,10,0,2
pc-6a5b5195-4044,solidaritaet_ueberleben__ohne_pc,control,0,1,1,7,10,12,8,25,0,7,4,11,2,0
pc-6a5b5195-4044,urzeitliche_kolosse__ohne_pc,control,1,0,0,7,-1,12,7,24,4,7,2,0,0,1
pc-e3a8a252-4045,solidaritaet_ueberleben__ohne_pc,control,0,0,1,6,-2,12,6,21,0,6,2,2,0,0
pc-e3a8a252-4045,urzeitliche_kolosse__ohne_pc,control,1,1,0,6,8,12,7,19,1,5,3,12,0,0
pc-77c0901a-4046,solidaritaet_ueberleben__ohne_pc,control,0,0,1,9,-1,14,9,27,17,9,4,5,0,0
pc-77c0901a-4046,urzeitliche_kolosse__ohne_pc,control,1,1,0,9,5,14,11,40,5,9,6,11,0,0
pc-f10de0d7-4047,solidaritaet_ueberleben__ohne_pc,control,0,1,1,7,5,12,7,23,1,7,6,11,0,0
pc-f10de0d7-4047,urzeitliche_kolosse__ohne_pc,control,1,0,0,7,-1,11,10,27,0,8,2,5,0,1
pc-4f90d48b-4048,solidaritaet_ueberleben__ohne_pc,control,0,0,1,6,0,12,8,20,0,7,2,3,1,0
pc-4f90d48b-4048,urzeitliche_kolosse__ohne_pc,control,1,1,0,6,7,11,6,18,2,6,3,10,0,0
pc-c8de2548-4049,solidaritaet_ueberleben__ohne_pc,control,0,1,1,7,1,11,6,19,2,6,3,11,0,0
pc-c8de2548-4049,urzeitliche_kolosse__ohne_pc,control,1,0,0,7,-1,11,8,20,5,6,1,9,0,0
pc-5cf61310-4050,solidaritaet_ueberleben__ohne_pc,control,0,1,1,6,6,11,5,19,1,5,3,10,0,0
pc-5cf61310-4050,urzeitliche_kolosse__ohne_pc,control,1,0,0,6,0,13,5,15,5,5,1,4,0,0
pc-d64363cd-4051,solidaritaet_ueberleben__ohne_pc,control,0,0,1,14,-2,19,18,54,39,17,14,8,1,0
pc-d64363cd-4051,urzeitliche_kolosse__ohne_pc,control,1,1,0,14,2,19,17,61,34,16,15,12,0,4
pc-34c65781-4052,solidaritaet_ueberleben__ohne_pc,control,0,1,1,8,3,13,8,29,3,8,7,16,0,0
pc-34c65781-4052,urzeitliche_kolosse__ohne_pc,control,1,0,0,8,-6,13,10,35,1,9,4,7,0,1
pc-ae13a83e-4053,solidaritaet_ueberleben__ohne_pc,control,0,0,1,9,-4,13,8,19,17,7,5,7,0,0
pc-ae13a83e-4053,urzeitliche_kolosse__ohne_pc,control,1,1,0,9,3,13,8,29,7,8,3,14,0,1
pc-422b9606-4054,solidaritaet_ueberleben__ohne_pc,control,0,1,1,10,4,16,14,48,4,14,8,10,0,0
pc-422b9606-4054,urzeitliche_kolosse__ohne_pc,control,1,0,0,10,0,15,13,45,9,12,9,6,0,1
pc-bb78e6c3-4055,solidaritaet_ueberleben__ohne_pc,control,0,0,1,9,0,13,9,29,7,8,6,6,0,0
pc-bb78e6c3-4055,urzeitliche_kolosse__ohne_pc,control,1,1,0,9,4,13,10,31,5,8,5,10,0,0
pc-19fbda77-4056,solidaritaet_ueberleben__ohne_pc,control,0,0,1,6,-3,10,7,21,0,7,4,3,0,0
pc-19fbda77-4056,urzeitliche_kolosse__ohne_pc,control,1,1,0,6,7,9,7,18,1,7,3,13,0,0
pc-93492b34-4057,solidaritaet_ueberleben__ohne_pc,control,0,0,1,8,0,12,7,17,11,7,5,8,0,0
pc-93492b34-4057,urzeitliche_kolosse__ohne_pc,control,1,1,0,8,2,12,9,31,5,7,2,10,0,0
pc-276118fc-4058,solidaritaet_ueberleben__ohne_pc,control,0,0,1,4,0,9,5,10,0,5,1,0,0,0
pc-276118fc-4058,urzeitliche_kolosse__ohne_pc,control,1,1,0,4,10,9,5,9,0,4,2,10,0,0
pc-a0ae69b9-4059,solidaritaet_ueberleben__ohne_pc,control,0,0,1,10,0,15,11,36,15,10,10,6,0,0
pc-a0ae69b9-4059,urzeitliche_kolosse__ohne_pc,control,1,1,0,10,4,14,13,49,6,12,6,10,0,1
pc-ff315d6c-4060,solidaritaet_ueberleben__ohne_pc,control,0,0,1,6,-1,10,6,20,1,5,3,0,0,0
pc-ff315d6c-4060,urzeitliche_kolosse__ohne_pc,control,1,1,0,6,10,11,7,20,1,7,4,11,0,0
pc-787eae2a-4061,solidaritaet_ueberleben__ohne_pc,control,0,0,1,8,0,12,9,28,3,9,6,8,0,0
pc-787eae2a-4061,urzeitliche_kolosse__ohne_pc,control,1,1,0,8,2,12,9,34,2,9,4,10,0,0
pc-0c969bf2-4062,solidaritaet_ueberleben__ohne_pc,control,0,0,1,6,0,11,7,21,0,7,1,2,0,0
pc-0c969bf2-4062,urzeitliche_kolosse__ohne_pc,control,1,1,0,6,8,12,6,19,1,6,5,10,0,0
pc-85e3ecaf-4063,solidaritaet_ueberleben__ohne_pc,control,0,0,1,5,0,11,5,13,2,5,2,0,0,0
pc-85e3ecaf-4063,urzeitliche_kolosse__ohne_pc,control,1,1,0,5,10,9,6,14,1,4,2,10,0,0
pc-37becfc1-4064,solidaritaet_ueberleben__ohne_pc,control,0,1,1,9,6,12,11,36,8,11,6,13,0,0
pc-37becfc1-4064,urzeitliche_kolosse__ohne_pc,control,1,0,0,9,-3,15,12,33,4,10,8,4,0,4
pc-b10c207e-4065,solidaritaet_ueberleben__ohne_pc,control,0,0,1,10,-2,15,11,38,7,10,10,5,0,0
pc-b10c207e-4065,urzeitliche_kolosse__ohne_pc,control,1,1,0,10,5,14,13,45,7,12,6,12,0,1
pc-45240e46-4066,solidaritaet_ueberleben__ohne_pc,control,0,0,1,4,0,7,3,9,1,3,1,0,0,0
pc-45240e46-4066,urzeitliche_kolosse__ohne_pc,control,1,1,0,4,10,9,4,8,1,4,0,10,0,0
pc-be717f03-4067,solidaritaet_ueberleben__ohne_pc,control,0,0,1,13,0,19,17,57,25,16,12,3,0,0
pc-be717f03-4067,urzeitliche_kolosse__ohne_pc,control,1,1,0,13,7,17,16,60,22,14,13,10,0,1
pc-1cf452b7-4068,solidaritaet_ueberleben__ohne_pc,control,0,0,1,9,0,13,11,32,4,11,7,8,0,0
pc-1cf452b7-4068,urzeitliche_kolosse__ohne_pc,control,1,1,0,9,2,15,9,40,4,9,6,10,0,0
pc-9641a374-4069,solidaritaet_ueberleben__ohne_pc,control,0,1,1,8,4,13,9,31,2,9,5,12,0,0
pc-9641a374-4069,urzeitliche_kolosse__ohne_pc,control,1,0,0,8,-2,13,8,33,2,7,6,6,0,1
pc-2a59913c-4070,solidaritaet_ueberleben__ohne_pc,control,0,0,1,9,0,13,11,37,2,10,8,8,0,0
pc-2a59913c-4070,urzeitliche_kolosse__ohne_pc,control,1,1,0,9,2,14,10,36,6,10,9,10,0,2
pc-a3a6e1f9-4071,solidaritaet_ueberleben__ohne_pc,control,0,1,1,12,2,19,12,39,27,11,10,15,0,0
pc-a3a6e1f9-4071,urzeitliche_kolosse__ohne_pc,control,1,0,0,12,-5,16,15,52,18,13,8,8,0,4
pc-0229d5ad-4072,solidaritaet_ueberleben__ohne_pc,control,0,0,1,12,-1,18,15,50,24,14,9,8,0,0
pc-0229d5ad-4072,urzeitliche_kolosse__ohne_pc,control,1,1,0,12,2,17,15,53,17,13,11,11,0,5
pc-7b77266a-4073,solidaritaet_ueberleben__ohne_pc,control,0,0,1,9,0,14,10,31,5,9,7,6,0,0
pc-7b77266a-4073,urzeitliche_kolosse__ohne_pc,control,1,1,0,9,4,13,9,29,7,8,5,10,0,0
pc-0f8f1432-4074,solidaritaet_ueberleben__ohne_pc,control,0,0,1,9,-1,15,11,32,10,11,7,8,0,0
pc-0f8f1432-4074,urzeitliche_kolosse__ohne_pc,control,1,1,0,9,2,14,10,39,2,9,6,11,0,0
pc-88dc64ef-4075,solidaritaet_ueberleben__ohne_pc,control,0,1,1,8,4,14,10,31,1,10,6,11,1,0
pc-88dc64ef-4075,urzeitliche_kolosse__ohne_pc,control,1,0,0,8,-1,13,10,30,5,10,6,6,0,1
pc-e75f58a2-4076,solidaritaet_ueberleben__ohne_pc,control,0,1,1,10,2,15,13,43,5,12,4,12,0,0
pc-e75f58a2-4076,urzeitliche_kolosse__ohne_pc,control,1,0,0,10,-2,16,10,34,18,8,10,8,0,0
pc-60aca960-4077,solidaritaet_ueberleben__ohne_pc,control,0,0,1,10,-1,15,12,40,14,11,6,5,0,0
pc-60aca960-4077,urzeitliche_kolosse__ohne_pc,control,1,1,0,10,5,15,12,42,12,11,7,11,0,0
pc-f4c49727-4078,solidaritaet_ueberleben__ohne_pc,control,0,0,1,12,-1,19,16,46,21,15,5,6,0,0
pc-f4c49727-4078,urzeitliche_kolosse__ohne_pc,control,1,1,0,12,4,18,10,45,21,10,12,11,0,0
pc-6e11e7e5-4079,solidaritaet_ueberleben__ohne_pc,control,0,1,1,8,5,14,9,28,4,8,5,12,0,0
pc-6e11e7e5-4079,urzeitliche_kolosse__ohne_pc,control,1,0,0,8,-2,14,8,32,3,7,3,5,0,0
pc-cc94db98-4080,solidaritaet_ueberleben__ohne_pc,control,0,1,1,6,6,11,5,19,1,5,3,10,0,0
pc-cc94db98-4080,urzeitliche_kolosse__ohne_pc,control,1,0,0,6,0,10,6,16,4,5,2,4,0,0
pc-45e22c56-4081,solidaritaet_ueberleben__ohne_pc,control,0,1,1,8,3,14,9,30,2,9,2,10,0,0
pc-45e22c56-4081,urzeitliche_kolosse__ohne_pc,control,1,0,0,8,0,14,8,30,3,7,10,7,0,3
pc-d9fa1a1d-4082,solidaritaet_ueberleben__ohne_pc,control,0,1,1,8,1,12,8,34,2,7,1,12,0,0
pc-d9fa1a1d-4082,urzeitliche_kolosse__ohne_pc,control,1,0,0,8,-2,13,6,32,4,6,4,9,0,6
pc-53476adb-4083,solidaritaet_ueberleben__ohne_pc,control,0,1,1,9,4,14,11,34,2,10,7,10,0,0
pc-53476adb-4083,urzeitliche_kolosse__ohne_pc,control,1,0,0,9,0,15,11,37,8,10,6,6,0,0
pc-b1ca5e8e-4084,solidaritaet_ueberleben__ohne_pc,control,0,,1,15,0,20,16,54,54,15,14,9,0,0
pc-b1ca5e8e-4084,urzeitliche_kolosse__ohne_pc,control,1,,0,15,0,20,18,66,43,16,14,9,0,4
pc-2b17af4c-4085,solidaritaet_ueberleben__ohne_pc,control,0,0,1,9,-1,16,11,39,6,10,4,9,0,0
pc-2b17af4c-4085,urzeitliche_kolosse__ohne_pc,control,1,1,0,9,1,15,11,39,2,9,8,11,0,0
pc-bf2f9d13-4086,solidaritaet_ueberleben__ohne_pc,control,0,0,1,9,-2,14,12,31,9,11,5,7,1,0
pc-bf2f9d13-4086,urzeitliche_kolosse__ohne_pc,control,1,1,0,9,3,14,10,35,5,9,6,12,0,2
pc-387cedd1-4087,solidaritaet_ueberleben__ohne_pc,control,0,1,1,7,4,11,9,28,0,9,6,11,0,0
pc-387cedd1-4087,urzeitliche_kolosse__ohne_pc,control,1,0,0,7,-1,14,9,24,2,7,5,6,0,0
pc-96ffc184-4088,solidaritaet_ueberleben__ohne_pc,control,0,1,1,12,2,17,15,50,21,15,11,13,0,0
pc-96ffc184-4088,urzeitliche_kolosse__ohne_pc,control,1,0,0,12,-3,18,15,52,16,13,11,8,0,1
pc-104d3242-4089,solidaritaet_ueberleben__ohne_pc,control,0,1,1,9,2,15,12,40,3,11,8,12,0,0
pc-104d3242-4089,urzeitliche_kolosse__ohne_pc,control,1,0,0,9,-2,14,11,38,7,11,7,8,0,0
pc-a4650009-4090,solidaritaet_ueberleben__ohne_pc,control,0,0,1,6,-2,12,6,19,2,6,0,5,0,0
pc-a4650009-4090,urzeitliche_kolosse__ohne_pc,control,1,1,0,6,5,11,6,15,3,4,4,12,0,2
pc-1db270c7-4091,solidaritaet_ueberleben__ohne_pc,control,0,0,1,9,0,12,9,29,7,8,4,7,0,0
pc-1db270c7-4091,urzeitliche_kolosse__ohne_pc,control,1,1,0,9,3,14,8,34,2,8,4,10,0,2
pc-7c35447a-4092,solidaritaet_ueberleben__ohne_pc,control,0,0,1,5,0,10,5,14,1,5,1,2,0,0
pc-7c35447a-4092,urzeitliche_kolosse__ohne_pc,control,1,1,0,5,8,10,4,14,1,4,1,10,0,0
pc-f582b537-4093,solidaritaet_ueberleben__ohne_pc,control,0,1,1,8,1,14,10,30,2,9,3,12,0,0
pc-f582b537-4093,urzeitliche_kolosse__ohne_pc,control,1,0,0,8,-2,13,8,33,3,7,7,9,0,3
pc-899a82ff-4094,solidaritaet_ueberleben__ohne_pc,control,0,0,1,10,-2,16,10,33,14,9,7,7,0,0
pc-899a82ff-4094,urzeitliche_kolosse__ohne_pc,control,1,1,0,10,3,16,13,45,5,12,6,12,0,0
pc-02e7f3bd-4095,solidaritaet_ueberleben__ohne_pc,control,0,0,1,7,-2,12,7,25,2,7,1,5,0,0
pc-02e7f3bd-4095,urzeitliche_kolosse__ohne_pc,control,1,1,0,7,5,13,6,25,3,5,3,12,0,1
pc-0e12d812-4096,solidaritaet_ueberleben__ohne_pc,control,0,0,1,10,-3,16,13,42,7,13,6,6,1,0
pc-0e12d812-4096,urzeitliche_kolosse__ohne_pc,control,1,1,0,10,4,16,13,52,2,11,9,13,0,0
pc-876028cf-4097,solidaritaet_ueberleben__ohne_pc,control,0,1,1,9,2,16,13,37,6,12,2,14,0,0
pc-876028cf-4097,urzeitliche_kolosse__ohne_pc,control,1,0,0,9,-4,15,9,37,3,7,8,8,0,4
pc-1b781697-4098,solidaritaet_ueberleben__ohne_pc,control,0,1,1,12,3,18,15,49,21,14,9,10,0,0
pc-1b781697-4098,urzeitliche_kolosse__ohne_pc,control,1,0,0,12,0,18,15,50,20,14,11,7,0,5
pc-94c56754-4099,solidaritaet_ueberleben__ohne_pc,control,0,1,1,9,4,14,11,34,5,10,4,15,1,0
pc-94c56754-4099,urzeitliche_kolosse__ohne_pc,control,1,0,0,9,-5,14,10,35,10,8,6,6,0,3
pc-a5d400ba-4100,solidaritaet_ueberleben__ohne_pc,control,0,0,0,15,-1,20,19,60,51,18,12,8,0,0
pc-a5d400ba-4100,urzeitliche_kolosse__ohne_pc,control,1,1,1,15,2,20,18,65,43,16,17,11,0,2
pc-1f217178-4101,solidaritaet_ueberleben__ohne_pc,control,0,0,0,13,0,18,17,55,25,16,11,8,0,0
pc-1f217178-4101,urzeitliche_kolosse__ohne_pc,control,1,1,1,13,2,19,16,53,32,14,12,10,0,2
pc-986ec235-4102,solidaritaet_ueberleben__ohne_pc,control,0,0,0,6,0,11,6,20,1,6,0,4,0,0
pc-986ec235-4102,urzeitliche_kolosse__ohne_pc,control,1,1,1,6,6,11,5,17,1,5,3,10,0,1
pc-11bc32f3-4103,solidaritaet_ueberleben__ohne_pc,control,0,1,0,11,1,15,12,42,17,12,9,11,0,0
pc-11bc32f3-4103,urzeitliche_kolosse__ohne_pc,control,1,0,1,11,-1,15,14,49,11,12,8,9,0,3
pc-8b0983b0-4104,solidaritaet_ueberleben__ohne_pc,control,0,1,0,8,1,14,9,33,2,8,5,14,0,0
pc-8b0983b0-4104,urzeitliche_kolosse__ohne_pc,control,1,0,1,8,-4,11,10,31,5,8,5,9,0,1
pc-0456f46e-4105,solidaritaet_ueberleben__ohne_pc,control,0,0,0,6,0,9,8,20,1,8,3,2,0,0
pc-0456f46e-4105,urzeitliche_kolosse__ohne_pc,control,1,1,1,6,8,10,7,18,0,6,5,10,0,0
pc-7da4452b-4106,solidaritaet_ueberleben__ohne_pc,control,0,0,0,7,0,11,7,20,1,7,2,2,0,0
pc-7da4452b-4106,urzeitliche_kolosse__ohne_pc,control,1,1,1,7,8,12,7,22,2,7,3,10,0,0
pc-f6f1b5e8-4107,solidaritaet_ueberleben__ohne_pc,control,0,1,0,8,1,14,9,31,3,9,5,14,0,0
pc-f6f1b5e8-4107,urzeitliche_kolosse__ohne_pc,control,1,0,1,8,-4,12,9,33,3,9,5,9,0,0
pc-703f06a6-4108,solidaritaet_ueberleben__ohne_pc,control,0,0,0,14,-1,17,17,57,40,16,8,8,0,0
pc-703f06a6-4108,urzeitliche_kolosse__ohne_pc,control,1,1,1,14,2,19,15,55,36,13,15,11,0,0
pc-e98c7763-4109,solidaritaet_ueberleben__ohne_pc,control,0,1,0,7,6,11,6,25,2,6,5,14,0,0
pc-e98c7763-4109,urzeitliche_kolosse__ohne_pc,control,1,0,1,7,-4,13,6,24,4,6,3,4,0,1
pc-62d9c821-4110,solidaritaet_ueberleben__ohne_pc,control,0,0,0,17,-2,21,20,64,72,19,12,5,0,0
pc-62d9c821-4110,urzeitliche_kolosse__ohne_pc,control,1,1,1,17,2,22,18,68,73,16,19,9,0,1
pc-dc2738de-4111,solidaritaet_ueberleben__ohne_pc,control,0,0,0,13,-2,18,17,53,29,16,12,4,0,0
pc-dc2738de-4111,urzeitliche_kolosse__ohne_pc,control,1,1,1,13,6,18,16,61,22,15,15,12,0,6
pc-5574899c-4112,solidaritaet_ueberleben__ohne_pc,control,0,1,0,9,3,14,9,34,5,9,5,10,0,0
pc-5574899c-4112,urzeitliche_kolosse__ohne_pc,control,1,0,1,9,0,13,10,38,6,8,6,7,0,3
pc-cec1fa59-4113,solidaritaet_ueberleben__ohne_pc,control,0,0,0,11,-2,15,14,49,8,13,7,9,0,0
pc-cec1fa59-4113,urzeitliche_kolosse__ohne_pc,control,1,1,1,11,1,15,13,41,14,12,10,12,0,0
pc-480f4b17-4114,solidaritaet_ueberleben__ohne_pc,control,0,1,0,9,4,14,12,36,5,12,1,11,0,0
pc-480f4b17-4114,urzeitliche_kolosse__ohne_pc,control,1,0,1,9,-1,15,8,25,14,6,10,6,0,3
pc-c15cbbd4-4115,solidaritaet_ueberleben__ohne_pc,control,0,0,0,8,-1,13,9,27,1,9,2,7,0,0
pc-c15cbbd4-4115,urzeitliche_kolosse__ohne_pc,control,1,1,1,8,3,12,6,22,6,6,4,11,0,1
pc-3aaa0c92-4116,solidaritaet_ueberleben__ohne_pc,control,0,0,0,9,-4,14,10,33,7,10,5,8,0,0
pc-3aaa0c92-4116,urzeitliche_kolosse__ohne_pc,control,1,1,1,9,2,14,10,38,5,9,6,14,0,0
pc-b3f77d4f-4117,solidaritaet_ueberleben__ohne_pc,control,0,0,0,9,0,15,11,38,6,10,3,6,0,0
pc-b3f77d4f-4117,urzeitliche_kolosse__ohne_pc,control,1,1,1,9,4,12,9,32,12,8,5,10,0,0
pc-2d44ce0d-4118,solidaritaet_ueberleben__ohne_pc,control,0,0,0,9,-3,15,12,36,7,12,5,8,0,0
pc-2d44ce0d-4118,urzeitliche_kolosse__ohne_pc,control,1,1,1,9,2,15,11,37,3,9,10,13,0,2
pc-a6923eca-4119,solidaritaet_ueberleben__ohne_pc,control,0,1,0,12,1,17,15,48,21,14,6,10,0,0
pc-a6923eca-4119,urzeitliche_kolosse__ohne_pc,control,1,0,1,12,0,16,13,49,24,11,12,9,0,3
pc-1fdf8f88-4120,solidaritaet_ueberleben__ohne_pc,control,0,0,0,6,0,11,6,18,1,6,3,2,1,0
pc-1fdf8f88-4120,urzeitliche_kolosse__ohne_pc,control,1,1,1,6,8,10,5,17,1,5,2,10,0,0
pc-992ce045-4121,solidaritaet_ueberleben__ohne_pc,control,0,0,0,12,0,18,15,40,28,14,10,3,2,0
pc-992ce045-4121,urzeitliche_kolosse__ohne_pc,control,1,1,1,12,7,17,15,58,12,13,10,10,0,2
pc-127a5103-4122,solidaritaet_ueberleben__ohne_pc,control,0,1,0,7,6,12,7,25,0,7,5,10,0,0
pc-127a5103-4122,urzeitliche_kolosse__ohne_pc,control,1,0,1,7,0,11,8,22,6,7,3,4,0,0
pc-8bc7a1c0-4123,solidaritaet_ueberleben__ohne_pc,control,0,1,0,8,5,12,7,27,4,7,5,15,0,0
pc-8bc7a1c0-4123,urzeitliche_kolosse__ohne_pc,control,1,0,1,8,-5,12,11,31,2,9,2,5,0,0
pc-0515127e-4124,solidaritaet_ueberleben__ohne_pc,control,0,0,0,15,0,19,18,59,56,17,9,7,0,0
pc-0515127e-4124,urzeitliche_kolosse__ohne_pc,control,1,1,1,15,2,21,16,66,49,14,15,9,0,2
pc-7e62633b-4125,solidaritaet_ueberleben__ohne_pc,control,0,1,0,8,4,14,11,32,3,11,6,10,0,0
pc-7e62633b-4125,urzeitliche_kolosse__ohne_pc,control,1,0,1,8,0,12,10,26,2,8,9,6,0,2
pc-f7afd3f8-4126,solidaritaet_ueberleben__ohne_pc,control,0,0,0,5,0,12,5,12,2,5,2,1,0,0
pc-f7afd3f8-4126,urzeitliche_kolosse__ohne_pc,control,1,1,1,5,9,9,6,15,0,5,2,10,0,0
pc-70fd24b6-4127,solidaritaet_ueberleben__ohne_pc,control,0,1,0,13,5,18,16,53,25,15,9,14,1,0
pc-70fd24b6-4127,urzeitliche_kolosse__ohne_pc,control,1,0,1,13,-4,17,15,52,26,14,13,5,0,2
pc-ea4a9573-4128,solidaritaet_ueberleben__ohne_pc,control,0,0,0,12,-2,18,15,47,19,14,10,9,0,0
pc-ea4a9573-4128,urzeitliche_kolosse__ohne_pc,control,1,1,1,12,1,17,14,53,13,12,10,12,0,2
pc-6397e631-4129,solidaritaet_ueberleben__ohne_pc,control,0,0,0,11,-2,16,14,42,15,13,7,5,0,0
pc-6397e631-4129,urzeitliche_kolosse__ohne_pc,control,1,1,1,11,5,16,11,41,14,10,12,12,0,2
pc-dce556ee-4130,solidaritaet_ueberleben__ohne_pc,control,0,1,0,9,1,13,9,31,5,9,3,11,0,0
pc-dce556ee-4130,urzeitliche_kolosse__ohne_pc,control,1,0,1,9,-1,15,8,26,10,7,6,9,0,0
pc-5632a7ac-4131,solidaritaet_ueberleben__ohne_pc,control,0,0,0,6,-2,11,6,19,1,6,3,7,0,0
pc-5632a7ac-4131,urzeitliche_kolosse__ohne_pc,control,1,1,1,6,3,11,6,18,3,5,3,12,0,0
pc-7c28090b-4132,solidaritaet_ueberleben__ohne_pc,control,0,1,0,12,4,16,16,48,20,15,6,11,0,0
pc-7c28090b-4132,urzeitliche_kolosse__ohne_pc,control,1,0,1,12,-1,16,13,49,21,11,11,6,0,0
pc-f57579c8-4133,solidaritaet_ueberleben__ohne_pc,control,0,0,0,8,-1,12,11,32,3,10,3,2,0,0
pc-f57579c8-4133,urzeitliche_kolosse__ohne_pc,control,1,1,1,8,8,12,9,34,2,8,8,11,0,0
pc-6ec2ca86-4134,solidaritaet_ueberleben__ohne_pc,control,0,1,0,8,3,12,9,27,1,9,6,10,0,0
pc-6ec2ca86-4134,urzeitliche_kolosse__ohne_pc,control,1,0,1,8,0,13,10,34,2,8,4,7,0,0
pc-e8103b43-4135,solidaritaet_ueberleben__ohne_pc,control,0,0,0,13,-1,19,16,51,31,16,10,9,0,0
pc-e8103b43-4135,urzeitliche_kolosse__ohne_pc,control,1,1,1,13,1,17,16,61,21,15,13,11,0,1
pc-615d8c01-4136,solidaritaet_ueberleben__ohne_pc,control,0,0,0,9,-3,14,10,30,9,10,7,9,0,0
pc-615d8c01-4136,urzeitliche_kolosse__ohne_pc,control,1,1,1,9,1,14,11,40,3,11,6,13,0,0
pc-daaafcbe-4137,solidaritaet_ueberleben__ohne_pc,control,0,1,0,8,6,13,9,27,3,8,6,13,0,0
pc-daaafcbe-4137,urzeitliche_kolosse__ohne_pc,control,1,0,1,8,-3,12,9,32,4,8,3,4,0,0
pc-53f84d7c-4138,solidaritaet_ueberleben__ohne_pc,control,0,1,0,8,5,12,10,33,1,10,3,11,1,0
pc-53f84d7c-4138,urzeitliche_kolosse__ohne_pc,control,1,0,1,8,-1,13,9,31,5,8,5,5,0,3
pc-cd45be39-4139,solidaritaet_ueberleben__ohne_pc,control,0,1,0,10,1,15,12,35,16,11,6,13,0,0
pc-cd45be39-4139,urzeitliche_kolosse__ohne_pc,control,1,0,1,10,-3,15,12,45,3,10,7,9,0,2
pc-46930ef7-4140,solidaritaet_ueberleben__ohne_pc,control,0,0,0,14,-2,20,18,53,42,17,11,6,0,0
pc-46930ef7-4140,urzeitliche_kolosse__ohne_pc,control,1,1,1,14,4,18,17,59,34,15,17,12,0,4
pc-bfe07fb4-4141,solidaritaet_ueberleben__ohne_pc,control,0,0,0,9,0,13,9,30,6,9,6,9,0,0
pc-bfe07fb4-4141,urzeitliche_kolosse__ohne_pc,control,1,1,1,9,1,15,12,35,4,11,7,10,0,1
pc-392dd072-4142,solidaritaet_ueberleben__ohne_pc,control,0,1,0,7,3,11,8,22,1,8,6,12,0,0
pc-392dd072-4142,urzeitliche_kolosse__ohne_pc,control,1,0,1,7,-2,13,8,24,4,7,3,7,0,0
pc-b27b212f-4143,solidaritaet_ueberleben__ohne_pc,control,0,0,0,8,-2,13,10,27,6,10,4,8,0,0
pc-b27b212f-4143,urzeitliche_kolosse__ohne_pc,control,1,1,1,8,2,15,8,31,5,8,6,12,0,0
pc-2bc891ed-4144,solidaritaet_ueberleben__ohne_pc,control,0,0,0,10,-2,14,10,35,12,10,5,9,0,0
pc-2bc891ed-4144,urzeitliche_kolosse__ohne_pc,control,1,1,1,10,1,16,12,37,8,10,6,12,0,0
pc-a515e2aa-4145,solidaritaet_ueberleben__ohne_pc,control,0,0,0,12,-3,17,15,47,22,14,5,2,1,0
pc-a515e2aa-4145,urzeitliche_kolosse__ohne_pc,control,1,1,1,12,8,17,12,45,25,10,13,13,0,0
pc-1e635368-4146,solidaritaet_ueberleben__ohne_pc,control,0,1,0,13,2,18,13,46,40,12,12,11,0,0
pc-1e635368-4146,urzeitliche_kolosse__ohne_pc,control,1,0,1,13,-1,19,16,62,20,14,9,8,0,1
pc-97b0a425-4147,solidaritaet_ueberleben__ohne_pc,control,0,0,0,5,0,10,5,14,1,5,1,6,0,0
pc-97b0a425-4147,urzeitliche_kolosse__ohne_pc,control,1,1,1,5,4,9,5,14,1,4,1,10,0,1
pc-10fe14e3-4148,solidaritaet_ueberleben__ohne_pc,control,0,1,0,7,8,13,7,27,1,7,3,12,0,0
pc-10fe14e3-4148,urzeitliche_kolosse__ohne_pc,control,1,0,1,7,-2,13,8,24,4,7,3,2,0,0
pc-8a4b65a0-4149,solidaritaet_ueberleben__ohne_pc,control,0,0,0,8,-2,12,8,24,4,8,3,2,0,0
pc-8a4b65a0-4149,urzeitliche_kolosse__ohne_pc,control,1,1,1,8,8,13,6,26,2,6,4,12,0,1
pc-0398d65e-4150,solidaritaet_ueberleben__ohne_pc,control,0,1,0,7,4,12,8,27,1,8,2,10,0,0
pc-0398d65e-4150,urzeitliche_kolosse__ohne_pc,control,1,0,1,7,0,11,7,25,2,6,3,6,0,1
pc-7ce6271b-4151,solidaritaet_ueberleben__ohne_pc,control,0,0,0,13,-1,20,16,54,28,15,7,3,0,0
pc-7ce6271b-4151,urzeitliche_kolosse__ohne_pc,control,1,1,1,13,7,19,13,57,24,12,11,11,0,4
pc-f63397d8-4152,solidaritaet_ueberleben__ohne_pc,control,0,1,0,8,2,13,9,32,4,9,5,11,0,0
pc-f63397d8-4152,urzeitliche_kolosse__ohne_pc,control,1,0,1,8,-1,13,9,32,3,8,6,8,0,0
pc-6f80e896-4153,solidaritaet_ueberleben__ohne_pc,control,0,1,0,6,1,11,5,19,2,5,2,10,0,0
pc-6f80e896-4153,urzeitliche_kolosse__ohne_pc,control,1,0,1,6,0,10,8,21,0,6,2,9,0,0
pc-e8ce5953-4154,solidaritaet_ueberleben__ohne_pc,control,0,0,0,15,-3,20,19,58,49,18,13,3,0,0
pc-e8ce5953-4154,urzeitliche_kolosse__ohne_pc,control,1,1,1,15,7,20,18,64,45,16,16,13,0,3
pc-621baa11-4155,solidaritaet_ueberleben__ohne_pc,control,0,0,0,9,-3,13,9,31,8,9,3,4,0,0
pc-621baa11-4155,urzeitliche_kolosse__ohne_pc,control,1,1,1,9,6,14,9,40,3,8,5,13,0,0
pc-db691ace-4156,solidaritaet_ueberleben__ohne_pc,control,0,1,0,8,3,12,10,32,2,9,6,13,0,0
pc-db691ace-4156,urzeitliche_kolosse__ohne_pc,control,1,0,1,8,-3,13,10,31,3,9,5,7,0,0
pc-54b66b8c-4157,solidaritaet_ueberleben__ohne_pc,control,0,0,0,11,-1,16,13,39,21,13,7,8,1,0
pc-54b66b8c-4157,urzeitliche_kolosse__ohne_pc,control,1,1,1,11,2,15,13,45,19,11,10,11,0,0
pc-ce03dc49-4158,solidaritaet_ueberleben__ohne_pc,control,0,1,0,10,4,14,13,42,7,12,9,11,0,0
pc-ce03dc49-4158,urzeitliche_kolosse__ohne_pc,control,1,0,1,10,-1,15,13,49,3,12,10,6,0,0
pc-47512d07-4159,solidaritaet_ueberleben__ohne_pc,control,0,0,0,13,0,18,17,54,29,16,10,8,0,0
pc-47512d07-4159,urzeitliche_kolosse__ohne_pc,control,1,1,1,13,2,19,16,59,23,15,15,10,0,1
pc-c09e9dc4-4160,solidaritaet_ueberleben__ohne_pc,control,0,1,0,6,6,10,5,16,1,5,4,10,0,0
pc-c09e9dc4-4160,urzeitliche_kolosse__ohne_pc,control,1,0,1,6,0,11,7,17,2,5,1,4,0,0
pc-39ebee82-4161,solidaritaet_ueberleben__ohne_pc,control,0,0,0,6,-1,10,5,19,2,5,2,3,0,0
pc-39ebee82-4161,urzeitliche_kolosse__ohne_pc,control,1,1,1,6,7,10,6,16,4,5,2,11,0,0
pc-b3395f3f-4162,solidaritaet_ueberleben__ohne_pc,control,0,0,0,6,-1,9,5,20,1,4,2,0,0,0
pc-b3395f3f-4162,urzeitliche_kolosse__ohne_pc,control,1,1,1,6,10,11,6,20,0,6,2,11,0,0
pc-2c86affd-4163,solidaritaet_ueberleben__ohne_pc,control,0,0,0,11,0,17,15,46,13,14,9,9,0,0
pc-2c86affd-4163,urzeitliche_kolosse__ohne_pc,control,1,1,1,11,1,16,14,43,15,12,14,10,0,2
pc-527c115c-4164,solidaritaet_ueberleben__ohne_pc,control,0,0,0,9,0,15,13,40,3,12,5,6,0,0
pc-527c115c-4164,urzeitliche_kolosse__ohne_pc,control,1,1,1,9,4,15,10,39,3,9,10,10,0,0
pc-cbc96219-4165,solidaritaet_ueberleben__ohne_pc,control,0,1,0,7,4,12,7,22,1,7,4,10,0,0
pc-cbc96219-4165,urzeitliche_kolosse__ohne_pc,control,1,0,1,7,0,12,7,27,1,7,2,6,0,1
pc-4516d2d7-4166,solidaritaet_ueberleben__ohne_pc,control,0,1,0,15,2,20,15,55,50,14,6,14,2,0
pc-4516d2d7-4166,urzeitliche_kolosse__ohne_pc,control,1,0,1,15,-4,18,13,48,57,11,10,8,0,0
pc-be642394-4167,solidaritaet_ueberleben__ohne_pc,control,0,0,0,8,0,14,10,28,6,9,3,5,0,0
pc-be642394-4167,urzeitliche_kolosse__ohne_pc,control,1,1,1,8,5,11,9,28,8,8,7,10,0,0
pc-37b19452-4168,solidaritaet_ueberleben__ohne_pc,control,0,0,0,12,-1,18,12,40,26,12,8,7,0,0
pc-37b19452-4168,urzeitliche_kolosse__ohne_pc,control,1,1,1,12,3,17,13,47,23,12,8,11,0,4
pc-b0fee50f-4169,solidaritaet_ueberleben__ohne_pc,control,0,1,0,16,1,20,19,61,63,18,9,8,0,0
pc-b0fee50f-4169,urzeitliche_kolosse__ohne_pc,control,1,0,1,16,-1,21,15,59,65,13,15,6,0,2
pc-2a4c55cd-4170,solidaritaet_ueberleben__ohne_pc,control,0,0,0,7,0,11,7,26,2,7,4,7,0,0
pc-2a4c55cd-4170,urzeitliche_kolosse__ohne_pc,control,1,1,1,7,3,11,9,25,2,8,4,10,0,0
pc-a399a68a-4171,solidaritaet_ueberleben__ohne_pc,control,0,1,0,8,8,12,10,33,1,9,1,15,1,0
pc-a399a68a-4171,urzeitliche_kolosse__ohne_pc,control,1,0,1,8,-5,13,5,28,7,5,5,2,0,3
pc-1ce71748-4172,solidaritaet_ueberleben__ohne_pc,control,0,0,0,7,0,11,8,27,0,8,2,4,0,0
pc-1ce71748-4172,urzeitliche_kolosse__ohne_pc,control,1,1,1,7,6,13,6,24,4,6,5,10,0,1
pc-96346805-4173,solidaritaet_ueberleben__ohne_pc,control,0,0,0,10,-1,14,13,40,7,12,8,8,0,0
pc-96346805-4173,urzeitliche_kolosse__ohne_pc,control,1,1,1,10,2,16,11,46,2,11,8,11,0,2
pc-0f81d8c3-4174,solidaritaet_ueberleben__ohne_pc,control,0,1,0,8,5,14,10,31,3,10,4,11,0,0
pc-0f81d8c3-4174,urzeitliche_kolosse__ohne_pc,control,1,0,1,8,-1,13,9,31,5,8,7,5,0,0
pc-88cf2980-4175,solidaritaet_ueberleben__ohne_pc,control,0,1,0,12,5,16,15,49,23,14,11,10,1,0
pc-88cf2980-4175,urzeitliche_kolosse__ohne_pc,control,1,0,1,12,0,18,15,54,14,13,10,5,0,2
pc-021c9a3e-4176,solidaritaet_ueberleben__ohne_pc,control,0,0,0,14,-2,19,18,56,40,17,9,5,0,0
pc-021c9a3e-4176,urzeitliche_kolosse__ohne_pc,control,1,1,1,14,5,20,15,60,32,13,15,12,0,3
pc-7b69eafb-4177,solidaritaet_ueberleben__ohne_pc,control,0,0,0,8,0,13,9,35,1,8,2,7,0,0
pc-7b69eafb-4177,urzeitliche_kolosse__ohne_pc,control,1,1,1,8,3,12,8,29,7,7,3,10,0,0
pc-f4b75bb8-4178,solidaritaet_ueberleben__ohne_pc,control,0,0,0,9,-1,13,11,36,8,11,4,3,0,0
pc-f4b75bb8-4178,urzeitliche_kolosse__ohne_pc,control,1,1,1,9,7,13,10,40,4,9,9,11,0,2
pc-6e04ac76-4179,solidaritaet_ueberleben__ohne_pc,control,0,1,0,7,5,11,6,22,1,6,4,11,0,0
pc-6e04ac76-4179,urzeitliche_kolosse__ohne_pc,control,1,0,1,7,-1,12,7,26,2,6,3,5,0,0
pc-e7521d33-4180,solidaritaet_ueberleben__ohne_pc,control,0,1,0,8,2,12,7,25,3,7,7,11,0,0
pc-e7521d33-4180,urzeitliche_kolosse__ohne_pc,control,1,0,1,8,-1,12,10,34,2,9,3,8,0,0
pc-609f6df1-4181,solidaritaet_ueberleben__ohne_pc,control,0,1,0,12,3,19,15,50,23,14,12,10,1,0
pc-609f6df1-4181,urzeitliche_kolosse__ohne_pc,control,1,0,1,12,0,18,15,53,15,13,9,7,0,0
pc-d9ecdeae-4182,solidaritaet_ueberleben__ohne_pc,control,0,1,0,7,5,11,7,21,2,7,4,12,0,0
pc-d9ecdeae-4182,urzeitliche_kolosse__ohne_pc,control,1,0,1,7,-2,13,8,26,2,8,3,5,0,0
pc-533a2f6c-4183,solidaritaet_ueberleben__ohne_pc,control,0,1,0,15,3,21,18,55,56,17,13,12,0,0
pc-533a2f6c-4183,urzeitliche_kolosse__ohne_pc,control,1,0,1,15,-2,21,18,63,47,16,15,7,0,3
pc-cc878029-4184,solidaritaet_ueberleben__ohne_pc,control,0,0,0,9,0,13,11,35,4,11,3,6,0,0
pc-cc878029-4184,urzeitliche_kolosse__ohne_pc,control,1,1,1,9,4,14,10,32,4,8,9,10,0,1
pc-45d4f0e7-4185,solidaritaet_ueberleben__ohne_pc,control,0,1,0,7,5,11,7,24,2,6,2,10,0,0
pc-45d4f0e7-4185,urzeitliche_kolosse__ohne_pc,control,1,0,1,7,0,12,7,25,3,6,2,5,0,1
pc-bf2241a4-4186,solidaritaet_ueberleben__ohne_pc,control,0,1,0,8,4,13,8,28,3,8,3,12,0,0
pc-bf2241a4-4186,urzeitliche_kolosse__ohne_pc,control,1,0,1,8,-2,14,9,32,4,8,3,6,0,0
pc-386fb262-4187,solidaritaet_ueberleben__ohne_pc,control,0,1,0,8,6,12,9,26,4,9,8,12,0,0
pc-386fb262-4187,urzeitliche_kolosse__ohne_pc,control,1,0,1,8,-2,13,10,28,5,9,6,4,0,0
pc-b1bd031f-4188,solidaritaet_ueberleben__ohne_pc,control,0,0,0,9,-4,15,8,23,13,7,5,7,0,0
pc-b1bd031f-4188,urzeitliche_kolosse__ohne_pc,control,1,1,1,9,3,14,8,37,4,8,4,14,0,0
pc-2b0a73dd-4189,solidaritaet_ueberleben__ohne_pc,control,0,1,0,8,10,14,9,24,4,8,3,11,0,0
pc-2b0a73dd-4189,urzeitliche_kolosse__ohne_pc,control,1,0,1,8,-1,13,9,33,2,7,6,0,0,1
pc-a457c49a-4190,solidaritaet_ueberleben__ohne_pc,control,0,1,0,8,5,12,8,28,8,8,6,12,0,0
pc-a457c49a-4190,urzeitliche_kolosse__ohne_pc,control,1,0,1,8,-2,11,9,33,3,9,5,5,0,1
pc-1da53558-4191,solidaritaet_ueberleben__ohne_pc,control,0,1,0,9,7,14,12,40,4,11,3,11,0,0
pc-1da53558-4191,urzeitliche_kolosse__ohne_pc,control,1,0,1,9,-1,15,8,38,7,8,8,3,0,0
pc-96f28615-4192,solidaritaet_ueberleben__ohne_pc,control,0,0,0,10,0,15,13,41,10,12,3,2,0,0
pc-96f28615-4192,urzeitliche_kolosse__ohne_pc,control,1,1,1,10,8,16,9,35,13,8,11,10,0,2
pc-103ff6d3-4193,solidaritaet_ueberleben__ohne_pc,control,0,0,0,8,0,12,9,34,1,9,3,8,0,0
pc-103ff6d3-4193,urzeitliche_kolosse__ohne_pc,control,1,1,1,8,2,13,9,33,2,8,4,10,0,2
pc-898d4790-4194,solidaritaet_ueberleben__ohne_pc,control,0,1,0,11,5,16,15,47,9,14,9,10,0,0
pc-898d4790-4194,urzeitliche_kolosse__ohne_pc,control,1,0,1,11,0,16,14,42,15,12,10,5,0,0
pc-02dab84e-4195,solidaritaet_ueberleben__ohne_pc,control,0,0,0,9,0,15,10,38,4,10,6,6,0,0
pc-02dab84e-4195,urzeitliche_kolosse__ohne_pc,control,1,1,1,9,4,14,11,42,1,10,5,10,0,1
pc-28d019ad-4196,solidaritaet_ueberleben__ohne_pc,control,0,1,0,8,3,14,11,33,0,11,3,13,0,0
pc-28d019ad-4196,urzeitliche_kolosse__ohne_pc,control,1,0,1,8,-3,13,9,33,2,8,7,7,0,6
pc-a21d6a6a-4197,solidaritaet_ueberleben__ohne_pc,control,0,1,0,15,5,21,18,58,53,17,12,10,0,0
pc-a21d6a6a-4197,urzeitliche_kolosse__ohne_pc,control,1,0,1,15,0,20,18,63,45,16,15,5,0,4
pc-1b6adb28-4198,solidaritaet_ueberleben__ohne_pc,control,0,1,0,10,1,15,12,40,12,11,7,12,0,0
pc-1b6adb28-4198,urzeitliche_kolosse__ohne_pc,control,1,0,1,10,-2,15,13,41,7,11,6,9,0,0
pc-94b82be5-4199,solidaritaet_ueberleben__ohne_pc,control,0,0,0,6,-2,10,7,20,1,7,3,3,0,0
pc-94b82be5-4199,urzeitliche_kolosse__ohne_pc,control,1,1,1,6,7,10,8,20,0,7,6,12,0,0
pc-32dffab9-4200,solidaritaet_ueberleben__mit_pc,control,0,0,1,9,-1,15,9,30,6,8,6,8,0,0
pc-32dffab9-4200,urzeitliche_kolosse__mit_pc,control,1,1,0,9,2,14,8,30,6,8,4,11,0,1
pc-b99289fb-4201,solidaritaet_ueberleben__mit_pc,control,0,1,1,13,2,17,13,55,29,12,12,10,0,0
pc-b99289fb-4201,urzeitliche_kolosse__mit_pc,control,1,0,0,13,0,19,16,64,21,15,9,8,0,2
pc-257abc34-4202,solidaritaet_ueberleben__mit_pc,control,0,0,1,13,-4,19,16,55,29,15,11,7,0,0
pc-257abc34-4202,urzeitliche_kolosse__mit_pc,control,1,1,0,13,3,19,16,57,23,15,14,14,0,1
pc-ac2d4b76-4203,solidaritaet_ueberleben__mit_pc,control,0,0,1,9,0,14,11,41,2,10,5,9,0,0
pc-ac2d4b76-4203,urzeitliche_kolosse__mit_pc,control,1,1,0,9,1,15,10,39,5,9,7,10,0,0
pc-4daa77c3-4204,solidaritaet_ueberleben__mit_pc,control,0,0,1,5,0,10,5,13,2,5,1,6,0,0
pc-4daa77c3-4204,urzeitliche_kolosse__mit_pc,control,1,1,0,5,4,11,4,14,1,4,1,10,0,0
pc-d45d0705-4205,solidaritaet_ueberleben__mit_pc,control,0,0,1,8,0,13,8,28,3,8,5,8,0,0
pc-d45d0705-4205,urzeitliche_kolosse__mit_pc,control,1,1,0,8,2,14,8,32,3,8,5,10,0,0
pc-4045393e-4206,solidaritaet_ueberleben__mit_pc,control,0,0,1,10,0,16,12,42,11,12,5,6,0,0
pc-4045393e-4206,urzeitliche_kolosse__mit_pc,control,1,1,0,10,4,14,10,36,14,10,8,10,0,0
pc-c6f7c880-4207,solidaritaet_ueberleben__mit_pc,control,0,0,1,10,-4,15,12,38,10,11,6,5,0,0
pc-c6f7c880-4207,urzeitliche_kolosse__mit_pc,control,1,1,0,10,5,14,12,45,4,11,8,14,0,0
pc-6874f4cd-4208,solidaritaet_ueberleben__mit_pc,control,0,1,1,11,2,16,12,43,14,11,12,13,0,0
pc-6874f4cd-4208,urzeitliche_kolosse__mit_pc,control,1,0,0,11,-3,16,14,47,11,14,7,8,0,0
pc-ef27840f-4209,solidaritaet_ueberleben__mit_pc,control,0,0,1,7,0,11,8,24,3,8,1,0,0,0
pc-ef27840f-4209,urzeitliche_kolosse__mit_pc,control,1,1,0,7,10,12,6,17,4,6,7,10,0,0
pc-5b0fb648-4210,solidaritaet_ueberleben__mit_pc,control,0,0,1,9,0,14,11,37,3,10,6,8,0,0
pc-5b0fb648-4210,urzeitliche_kolosse__mit_pc,control,1,1,0,9,2,14,11,37,2,11,7,10,0,1
pc-e1c2458a-4211,solidaritaet_ueberleben__mit_pc,control,0,0,1,6,-1,12,7,21,0,7,1,4,0,0
pc-e1c2458a-4211,urzeitliche_kolosse__mit_pc,control,1,1,0,6,6,11,5,19,2,5,3,11,0,1
pc-833f71d7-4212,solidaritaet_ueberleben__mit_pc,control,0,1,1,12,1,17,15,54,18,14,10,10,0,0
pc-833f71d7-4212,urzeitliche_kolosse__mit_pc,control,1,0,0,12,0,18,15,57,13,14,12,9,0,4
pc-09f2011a-4213,solidaritaet_ueberleben__mit_pc,control,0,0,1,5,0,11,5,15,0,5,1,0,0,0
pc-09f2011a-4213,urzeitliche_kolosse__mit_pc,control,1,1,0,5,10,10,5,14,1,5,4,10,0,0
pc-75da3352-4214,solidaritaet_ueberleben__mit_pc,control,0,1,1,8,3,12,8,31,1,8,2,10,0,0
pc-75da3352-4214,urzeitliche_kolosse__mit_pc,control,1,0,0,8,0,13,8,32,3,7,5,7,0,4
pc-fc8cc294-4215,solidaritaet_ueberleben__mit_pc,control,0,1,1,8,5,13,7,32,2,7,5,11,0,0
pc-fc8cc294-4215,urzeitliche_kolosse__mit_pc,control,1,0,0,8,-1,14,7,29,6,7,3,5,0,0
pc-9e09eee1-4216,solidaritaet_ueberleben__mit_pc,control,0,1,1,9,4,15,11,41,1,10,8,11,0,0
pc-9e09eee1-4216,urzeitliche_kolosse__mit_pc,control,1,0,0,9,-1,15,11,39,2,11,6,6,0,2
pc-24bc9e24-4217,solidaritaet_ueberleben__mit_pc,control,0,0,1,3,0,9,1,3,3,1,0,0,0,0
pc-24bc9e24-4217,urzeitliche_kolosse__mit_pc,control,1,1,0,3,10,8,3,6,0,3,0,10,0,0
pc-90a4b05c-4218,solidaritaet_ueberleben__mit_pc,control,0,1,1,15,4,21,18,63,45,18,13,13,0,0
pc-90a4b05c-4218,urzeitliche_kolosse__mit_pc,control,1,0,0,15,-3,21,18,71,41,17,14,6,0,4
pc-17575f9f-4219,solidaritaet_ueberleben__mit_pc,control,0,0,1,8,0,13,7,19,9,7,4,9,0,0
pc-17575f9f-4219,urzeitliche_kolosse__mit_pc,control,1,1,0,8,1,14,7,34,2,7,2,10,0,0
pc-b8d46beb-4220,solidaritaet_ueberleben__mit_pc,control,0,0,1,12,-2,18,14,49,24,13,8,2,0,0
pc-b8d46beb-4220,urzeitliche_kolosse__mit_pc,control,1,1,0,12,8,17,13,51,15,12,10,12,0,4
pc-3f871b2e-4221,solidaritaet_ueberleben__mit_pc,control,0,1,1,15,3,22,17,57,48,16,15,9,0,0
pc-3f871b2e-4221,urzeitliche_kolosse__mit_pc,control,1,0,0,15,0,19,18,66,46,17,14,6,0,5
pc-ab6f2d66-4222,solidaritaet_ueberleben__mit_pc,control,0,0,1,5,-1,9,6,15,0,5,2,0,0,0
pc-ab6f2d66-4222,urzeitliche_kolosse__mit_pc,control,1,1,0,5,10,8,6,13,0,6,4,11,0,0
pc-3221dca9-4223,solidaritaet_ueberleben__mit_pc,control,0,1,1,12,1,18,14,52,16,13,11,11,0,0
pc-3221dca9-4223,urzeitliche_kolosse__mit_pc,control,1,0,0,12,-1,17,15,58,12,14,8,9,0,0
pc-d39ee8f5-4224,solidaritaet_ueberleben__mit_pc,control,0,0,1,9,0,15,11,39,3,11,7,4,0,0
pc-d39ee8f5-4224,urzeitliche_kolosse__mit_pc,control,1,1,0,9,6,13,11,38,4,10,7,10,0,0
pc-5a519838-4225,solidaritaet_ueberleben__mit_pc,control,0,1,1,7,4,13,8,27,0,8,5,10,0,0
pc-5a519838-4225,urzeitliche_kolosse__mit_pc,control,1,0,0,7,0,11,8,25,2,7,5,6,0,1
pc-c639aa70-4226,solidaritaet_ueberleben__mit_pc,control,0,1,1,8,3,14,8,30,2,8,4,11,0,0
pc-c639aa70-4226,urzeitliche_kolosse__mit_pc,control,1,0,0,8,-1,13,8,30,4,7,4,7,0,1
pc-4cec59b3-4227,solidaritaet_ueberleben__mit_pc,control,0,0,1,10,-4,15,10,41,8,9,7,8,0,0
pc-4cec59b3-4227,urzeitliche_kolosse__mit_pc,control,1,1,0,10,2,15,11,47,2,10,5,14,0,0
pc-ee6965ff-4228,solidaritaet_ueberleben__mit_pc,control,0,0,1,10,-3,16,11,39,8,10,4,4,0,0
pc-ee6965ff-4228,urzeitliche_kolosse__mit_pc,control,1,1,0,10,6,15,9,48,5,9,6,13,0,0
pc-751c1542-4229,solidaritaet_ueberleben__mit_pc,control,0,0,1,8,-2,13,9,32,0,9,6,3,0,0
pc-751c1542-4229,urzeitliche_kolosse__mit_pc,control,1,1,0,8,7,11,9,33,3,9,4,12,0,0
pc-e104277a-4230,solidaritaet_ueberleben__mit_pc,control,0,1,1,11,4,17,14,48,11,13,11,11,1,0
pc-e104277a-4230,urzeitliche_kolosse__mit_pc,control,1,0,0,11,-1,15,13,48,13,12,10,6,0,1
pc-67b6d6bd-4231,solidaritaet_ueberleben__mit_pc,control,0,0,1,12,0,19,14,51,17,14,9,8,0,0
pc-67b6d6bd-4231,urzeitliche_kolosse__mit_pc,control,1,1,0,12,2,17,14,55,18,13,10,10,0,3
pc-0933e30a-4232,solidaritaet_ueberleben__mit_pc,control,0,0,1,10,-2,15,13,37,10,12,5,0,0,0
pc-0933e30a-4232,urzeitliche_kolosse__mit_pc,control,1,1,0,10,10,16,11,46,4,10,11,12,0,0
pc-8fe6924c-4233,solidaritaet_ueberleben__mit_pc,control,0,0,1,9,-1,14,10,35,4,9,4,5,0,0
pc-8fe6924c-4233,urzeitliche_kolosse__mit_pc,control,1,1,0,9,5,14,9,36,5,8,4,11,0,3
pc-fbcea484-4234,solidaritaet_ueberleben__mit_pc,control,0,1,1,6,4,11,6,18,0,6,1,10,0,0
pc-fbcea484-4234,urzeitliche_kolosse__mit_pc,control,1,0,0,6,0,11,5,20,1,5,2,6,0,1
pc-828153c7-4235,solidaritaet_ueberleben__mit_pc,control,0,0,1,11,0,17,14,44,13,13,7,7,0,0
pc-828153c7-4235,urzeitliche_kolosse__mit_pc,control,1,1,0,11,3,16,12,40,18,11,11,10,0,0
pc-23fe6014-4236,solidaritaet_ueberleben__mit_pc,control,0,0,1,9,-5,13,12,39,3,11,4,1,0,0
pc-23fe6014-4236,urzeitliche_kolosse__mit_pc,control,1,1,0,9,9,14,10,43,0,9,9,15,0,0
pc-aab10f56-4237,solidaritaet_ueberleben__mit_pc,control,0,0,1,9,-1,14,9,36,7,8,5,7,0,0
pc-aab10f56-4237,urzeitliche_kolosse__mit_pc,control,1,1,0,9,3,13,10,43,1,10,3,11,0,1
pc-1699218f-4238,solidaritaet_ueberleben__mit_pc,control,0,0,1,14,-2,20,17,56,41,16,11,5,0,0
pc-1699218f-4238,urzeitliche_kolosse__mit_pc,control,1,1,0,14,5,17,17,68,31,16,15,12,0,2
pc-9d4bd0d1-4239,solidaritaet_ueberleben__mit_pc,control,0,1,1,9,2,15,8,32,8,8,6,13,0,0
pc-9d4bd0d1-4239,urzeitliche_kolosse__mit_pc,control,1,0,0,9,-3,13,11,43,1,10,3,8,0,1
pc-3ec8fd1e-4240,solidaritaet_ueberleben__mit_pc,control,0,1,1,5,10,9,6,15,0,6,0,10,0,0
pc-3ec8fd1e-4240,urzeitliche_kolosse__mit_pc,control,1,0,0,5,0,10,3,12,3,3,1,0,0,0
pc-c57b8c60-4241,solidaritaet_ueberleben__mit_pc,control,0,1,1,10,4,14,13,40,8,12,8,12,1,0
pc-c57b8c60-4241,urzeitliche_kolosse__mit_pc,control,1,0,0,10,-2,16,12,44,7,12,8,6,0,1
pc-3163be99-4242,solidaritaet_ueberleben__mit_pc,control,0,0,1,9,-1,16,10,34,8,9,8,4,0,0
pc-3163be99-4242,urzeitliche_kolosse__mit_pc,control,1,1,0,9,6,15,10,39,4,10,5,11,0,2
pc-b8164ddb-4243,solidaritaet_ueberleben__mit_pc,control,0,0,1,9,0,13,10,36,7,9,5,4,0,0
pc-b8164ddb-4243,urzeitliche_kolosse__mit_pc,control,1,1,0,9,6,14,9,40,4,9,5,10,0,0
pc-59937a28-4244,solidaritaet_ueberleben__mit_pc,control,0,0,1,5,-3,11,5,14,1,5,1,3,0,0
pc-59937a28-4244,urzeitliche_kolosse__mit_pc,control,1,1,0,5,7,11,5,14,1,4,1,13,0,0
pc-e046096a-4245,solidaritaet_ueberleben__mit_pc,control,0,0,1,8,-1,13,8,30,2,8,6,6,0,0
pc-e046096a-4245,urzeitliche_kolosse__mit_pc,control,1,1,0,8,4,11,9,32,3,8,4,11,0,0
pc-4c2e3ba3-4246,solidaritaet_ueberleben__mit_pc,control,0,0,1,10,-1,14,13,45,5,12,7,9,0,0
pc-4c2e3ba3-4246,urzeitliche_kolosse__mit_pc,control,1,1,0,10,1,16,13,51,4,12,12,11,0,3
pc-d2e0cae5-4247,solidaritaet_ueberleben__mit_pc,control,0,0,1,8,-1,14,8,28,3,8,4,3,0,0
pc-d2e0cae5-4247,urzeitliche_kolosse__mit_pc,control,1,1,0,8,7,13,9,34,1,8,3,11,0,1
pc-745df732-4248,solidaritaet_ueberleben__mit_pc,control,0,0,1,9,0,13,12,39,4,12,5,7,0,0
pc-745df732-4248,urzeitliche_kolosse__mit_pc,control,1,1,0,9,3,15,11,41,4,10,10,10,0,4
pc-fb108674-4249,solidaritaet_ueberleben__mit_pc,control,0,0,1,14,-2,19,18,63,31,17,12,6,0,0
pc-fb108674-4249,urzeitliche_kolosse__mit_pc,control,1,1,0,14,4,18,17,59,39,16,14,12,0,1
pc-66f8b8ad-4250,solidaritaet_ueberleben__mit_pc,control,0,0,1,7,-1,10,9,27,1,8,4,0,0,0
pc-66f8b8ad-4250,urzeitliche_kolosse__mit_pc,control,1,1,0,7,10,11,8,26,2,8,6,11,0,0
pc-edab47ef-4251,solidaritaet_ueberleben__mit_pc,control,0,0,1,9,-2,14,10,37,7,9,5,7,0,0
pc-edab47ef-4251,urzeitliche_kolosse__mit_pc,control,1,1,0,9,3,14,11,37,3,10,7,12,0,2
pc-8f28743c-4252,solidaritaet_ueberleben__mit_pc,control,0,1,1,8,4,13,11,32,1,11,4,12,0,0
pc-8f28743c-4252,urzeitliche_kolosse__mit_pc,control,1,0,0,8,-2,13,10,34,2,9,6,6,0,5
pc-15db037f-4253,solidaritaet_ueberleben__mit_pc,control,0,0,1,6,-2,9,5,20,1,5,3,8,0,0
pc-15db037f-4253,urzeitliche_kolosse__mit_pc,control,1,1,0,6,2,11,7,20,1,6,3,12,0,0
pc-81c335b7-4254,solidaritaet_ueberleben__mit_pc,control,0,1,1,10,2,15,12,48,3,11,3,13,0,0
pc-81c335b7-4254,urzeitliche_kolosse__mit_pc,control,1,0,0,10,-3,15,9,34,14,8,7,8,0,3
pc-0875c4fa-4255,solidaritaet_ueberleben__mit_pc,control,0,0,1,8,-2,12,6,19,9,6,4,9,0,0
pc-0875c4fa-4255,urzeitliche_kolosse__mit_pc,control,1,1,0,8,1,13,9,34,2,8,4,12,0,2
pc-a9f2f146-4256,solidaritaet_ueberleben__mit_pc,control,0,0,1,6,0,11,7,21,0,6,2,0,0,0
pc-a9f2f146-4256,urzeitliche_kolosse__mit_pc,control,1,1,0,6,10,12,7,20,1,7,3,10,0,0
pc-30a58089-4257,solidaritaet_ueberleben__mit_pc,control,0,0,1,8,-2,13,8,29,3,8,5,6,0,0
pc-30a58089-4257,urzeitliche_kolosse__mit_pc,control,1,1,0,8,4,13,9,34,2,8,3,12,0,0
pc-9c8db2c1-4258,solidaritaet_ueberleben__mit_pc,control,0,1,1,9,4,13,10,33,3,9,5,12,1,0
pc-9c8db2c1-4258,urzeitliche_kolosse__mit_pc,control,1,0,0,9,-2,13,11,41,1,10,5,6,0,1
pc-23404204-4259,solidaritaet_ueberleben__mit_pc,control,0,0,1,9,0,14,12,37,8,11,3,2,1,0
pc-23404204-4259,urzeitliche_kolosse__mit_pc,control,1,1,0,9,8,14,8,39,5,7,6,10,0,2
pc-c4bd6e50-4260,solidaritaet_ueberleben__mit_pc,control,0,0,1,11,0,16,14,45,12,13,9,7,1,0
pc-c4bd6e50-4260,urzeitliche_kolosse__mit_pc,control,1,1,0,11,3,15,12,46,13,12,11,10,0,3
pc-4b701d93-4261,solidaritaet_ueberleben__mit_pc,control,0,1,1,8,6,13,9,31,2,9,1,10,1,0
pc-4b701d93-4261,urzeitliche_kolosse__mit_pc,control,1,0,0,8,0,12,6,25,3,6,7,4,0,1
pc-b7582fcb-4262,solidaritaet_ueberleben__mit_pc,control,0,1,1,12,3,18,10,42,27,9,12,13,0,0
pc-b7582fcb-4262,urzeitliche_kolosse__mit_pc,control,1,0,0,12,-3,17,15,54,16,15,5,7,0,1
pc-3e0adf0e-4263,solidaritaet_ueberleben__mit_pc,control,0,0,1,10,0,15,10,29,16,9,5,8,0,0
pc-3e0adf0e-4263,urzeitliche_kolosse__mit_pc,control,1,1,0,10,2,15,8,35,18,8,4,10,0,2
pc-8637ea17-4264,solidaritaet_ueberleben__mit_pc,control,0,0,1,9,0,15,12,38,4,11,5,7,0,0
pc-8637ea17-4264,urzeitliche_kolosse__mit_pc,control,1,1,0,9,3,14,10,40,4,10,9,10,0,2
pc-0cea995a-4265,solidaritaet_ueberleben__mit_pc,control,0,0,1,9,-2,15,10,38,2,9,2,2,0,0
pc-0cea995a-4265,urzeitliche_kolosse__mit_pc,control,1,1,0,9,8,14,7,32,4,7,5,12,0,0
pc-78d2ab92-4266,solidaritaet_ueberleben__mit_pc,control,0,0,1,5,-2,10,6,15,0,5,1,3,0,0
pc-78d2ab92-4266,urzeitliche_kolosse__mit_pc,control,1,1,0,5,7,11,5,14,1,4,1,12,0,0
pc-ff855ad4-4267,solidaritaet_ueberleben__mit_pc,control,0,0,1,11,-1,17,12,44,14,12,10,4,0,0
pc-ff855ad4-4267,urzeitliche_kolosse__mit_pc,control,1,1,0,11,6,15,13,55,8,13,9,11,0,0
pc-a1026721-4268,solidaritaet_ueberleben__mit_pc,control,0,1,1,13,6,18,15,49,32,14,13,15,0,0
pc-a1026721-4268,urzeitliche_kolosse__mit_pc,control,1,0,0,13,-5,18,16,61,24,15,11,4,0,3
pc-27b51664-4269,solidaritaet_ueberleben__mit_pc,control,0,1,1,8,4,14,7,29,5,7,2,13,0,0
pc-27b51664-4269,urzeitliche_kolosse__mit_pc,control,1,0,0,8,-3,14,7,27,8,7,2,6,0,2
pc-939d289c-4270,solidaritaet_ueberleben__mit_pc,control,0,0,1,7,0,13,7,23,4,7,3,4,0,0
pc-939d289c-4270,urzeitliche_kolosse__mit_pc,control,1,1,0,7,6,12,7,26,2,7,4,10,0,0
pc-1a4fd7df-4271,solidaritaet_ueberleben__mit_pc,control,0,1,1,15,3,20,14,51,54,13,13,10,0,0
pc-1a4fd7df-4271,urzeitliche_kolosse__mit_pc,control,1,0,0,15,0,21,18,68,39,17,8,7,0,1
pc-bbcce42b-4272,solidaritaet_ueberleben__mit_pc,control,0,1,1,9,7,13,11,40,1,11,3,13,0,0
pc-bbcce42b-4272,urzeitliche_kolosse__mit_pc,control,1,0,0,9,-3,14,9,40,3,8,8,3,0,3
pc-427f936e-4273,solidaritaet_ueberleben__mit_pc,control,0,0,1,9,-2,15,10,35,7,10,5,5,0,0
pc-427f936e-4273,urzeitliche_kolosse__mit_pc,control,1,1,0,9,5,15,8,35,5,8,5,12,0,2
pc-ae67a5a6-4274,solidaritaet_ueberleben__mit_pc,control,0,0,1,9,-2,16,9,31,5,8,7,3,0,0
pc-ae67a5a6-4274,urzeitliche_kolosse__mit_pc,control,1,1,0,9,7,13,8,30,6,8,3,12,0,0
pc-351a54e9-4275,solidaritaet_ueberleben__mit_pc,control,0,1,1,11,3,16,14,49,8,13,9,11,0,0
pc-351a54e9-4275,urzeitliche_kolosse__mit_pc,control,1,0,0,11,-1,16,13,58,7,13,8,7,0,0
pc-d6976135-4276,solidaritaet_ueberleben__mit_pc,control,0,0,1,6,-2,10,5,20,1,5,2,6,0,0
pc-d6976135-4276,urzeitliche_kolosse__mit_pc,control,1,1,0,6,4,11,5,17,3,5,2,12,0,1
pc-5d4a1078-4277,solidaritaet_ueberleben__mit_pc,control,0,0,1,8,0,13,9,33,3,9,3,7,2,0
pc-5d4a1078-4277,urzeitliche_kolosse__mit_pc,control,1,1,0,8,3,14,7,33,3,7,4,10,0,0
pc-c93222b0-4278,solidaritaet_ueberleben__mit_pc,control,0,,1,15,0,22,17,63,48,16,14,9,0,0
pc-c93222b0-4278,urzeitliche_kolosse__mit_pc,control,1,,0,15,0,21,18,67,41,17,15,9,0,3
pc-4fe4d1f3-4279,solidaritaet_ueberleben__mit_pc,control,0,0,1,10,0,16,10,30,15,9,6,6,0,0
pc-4fe4d1f3-4279,urzeitliche_kolosse__mit_pc,control,1,1,0,10,4,14,10,49,3,9,7,10,0,5
pc-f161fe3f-4280,solidaritaet_ueberleben__mit_pc,control,0,0,1,12,-1,18,15,54,16,14,10,5,0,0
pc-f161fe3f-4280,urzeitliche_kolosse__mit_pc,control,1,1,0,12,5,18,15,61,12,14,12,11,0,3
pc-78148d82-4281,solidaritaet_ueberleben__mit_pc,control,0,0,1,8,0,14,8,32,4,7,3,3,0,0
pc-78148d82-4281,urzeitliche_kolosse__mit_pc,control,1,1,0,8,7,13,8,34,2,8,2,10,0,1
pc-e3fcbfba-4282,solidaritaet_ueberleben__mit_pc,control,0,1,1,8,8,12,9,31,1,9,2,13,0,0
pc-e3fcbfba-4282,urzeitliche_kolosse__mit_pc,control,1,0,0,8,-3,14,6,29,7,6,6,2,0,0
pc-6aaf4efd-4283,solidaritaet_ueberleben__mit_pc,control,0,0,1,9,-3,16,8,32,4,8,7,8,0,0
pc-6aaf4efd-4283,urzeitliche_kolosse__mit_pc,control,1,1,0,9,2,14,9,39,5,9,3,13,0,3
pc-0c2c7b4a-4284,solidaritaet_ueberleben__mit_pc,control,0,0,1,5,-1,9,4,14,1,4,2,1,0,0
pc-0c2c7b4a-4284,urzeitliche_kolosse__mit_pc,control,1,1,0,5,9,8,5,13,0,5,3,11,0,1
pc-92df0a8c-4285,solidaritaet_ueberleben__mit_pc,control,0,0,1,5,-1,11,5,14,1,4,1,4,0,0
pc-92df0a8c-4285,urzeitliche_kolosse__mit_pc,control,1,1,0,5,6,10,5,15,0,5,1,11,0,0
pc-fec73cc4-4286,solidaritaet_ueberleben__mit_pc,control,0,0,1,6,0,12,5,19,2,5,0,5,0,0
pc-fec73cc4-4286,urzeitliche_kolosse__mit_pc,control,1,1,0,6,5,10,5,15,4,5,2,10,0,0
pc-8579cc07-4287,solidaritaet_ueberleben__mit_pc,control,0,0,1,12,0,16,11,40,26,11,9,4,0,0
pc-8579cc07-4287,urzeitliche_kolosse__mit_pc,control,1,1,0,12,6,16,15,54,16,14,7,10,0,1
pc-26f6f854-4288,solidaritaet_ueberleben__mit_pc,control,0,0,1,9,-2,14,10,35,1,9,4,5,0,0
pc-26f6f854-4288,urzeitliche_kolosse__mit_pc,control,1,1,0,9,5,15,9,28,8,8,4,12,0,4
pc-ada98796-4289,solidaritaet_ueberleben__mit_pc,control,0,0,1,10,-3,15,11,40,11,10,6,4,0,0
pc-ada98796-4289,urzeitliche_kolosse__mit_pc,control,1,1,0,10,6,15,10,40,13,10,7,13,0,0
pc-1991b9cf-4290,solidaritaet_ueberleben__mit_pc,control,0,0,1,9,-1,14,8,24,12,7,6,6,0,0
pc-1991b9cf-4290,urzeitliche_kolosse__mit_pc,control,1,1,0,9,4,13,10,33,3,9,3,11,0,0
pc-a0444911-4291,solidaritaet_ueberleben__mit_pc,control,0,1,1,7,4,11,7,27,1,6,4,10,0,0
pc-a0444911-4291,urzeitliche_kolosse__mit_pc,control,1,0,0,7,0,12,8,25,3,7,2,6,0,1
pc-41c1755e-4292,solidaritaet_ueberleben__mit_pc,control,0,1,1,14,2,19,17,56,38,16,12,12,1,0
pc-41c1755e-4292,urzeitliche_kolosse__mit_pc,control,1,0,0,14,-2,20,17,66,32,16,15,8,0,0
pc-c87404a0-4293,solidaritaet_ueberleben__mit_pc,control,0,0,1,14,-2,19,15,54,37,14,13,9,0,0
pc-c87404a0-4293,urzeitliche_kolosse__mit_pc,control,1,1,0,14,1,19,17,60,34,16,10,12,0,0
pc-345c36d9-4294,solidaritaet_ueberleben__mit_pc,control,0,0,1,9,-1,13,12,39,4,11,5,9,0,0
pc-345c36d9-4294,urzeitliche_kolosse__mit_pc,control,1,1,0,9,1,14,9,43,2,9,6,11,0,0
pc-bb0ec61b-4295,solidaritaet_ueberleben__mit_pc,control,0,1,1,11,3,16,15,48,8,14,8,10,0,0
pc-bb0ec61b-4295,urzeitliche_kolosse__mit_pc,control,1,0,0,11,0,15,14,51,11,13,10,7,0,0
pc-5c8bf268-4296,solidaritaet_ueberleben__mit_pc,control,0,1,1,7,4,11,9,24,0,9,2,11,0,0
pc-5c8bf268-4296,urzeitliche_kolosse__mit_pc,control,1,0,0,7,-1,12,7,26,2,6,5,6,0,0
pc-e33e81aa-4297,solidaritaet_ueberleben__mit_pc,control,0,0,1,7,-1,13,7,25,0,6,3,5,0,0
pc-e33e81aa-4297,urzeitliche_kolosse__mit_pc,control,1,1,0,7,5,12,8,26,2,7,3,11,0,0
pc-4f26b3e3-4298,solidaritaet_ueberleben__mit_pc,control,0,0,1,9,-2,16,10,35,9,9,5,6,0,0
pc-4f26b3e3-4298,urzeitliche_kolosse__mit_pc,control,1,1,0,9,4,14,11,38,2,10,4,12,0,1
pc-d5d94325-4299,solidaritaet_ueberleben__mit_pc,control,0,0,1,6,-1,10,6,19,2,6,3,2,0,0
pc-d5d94325-4299,urzeitliche_kolosse__mit_pc,control,1,1,0,6,8,10,7,20,0,7,3,11,0,0
pc-7172ba61-4300,solidaritaet_ueberleben__mit_pc,control,0,1,0,13,4,19,17,53,29,16,12,10,1,0
pc-7172ba61-4300,urzeitliche_kolosse__mit_pc,control,1,0,1,13,0,19,16,63,22,15,11,6,0,0
pc-f82549a3-4301,solidaritaet_ueberleben__mit_pc,control,0,0,0,14,-1,21,17,56,38,17,12,5,0,0
pc-f82549a3-4301,urzeitliche_kolosse__mit_pc,control,1,1,1,14,5,19,17,73,19,16,17,11,0,4
pc-7ed7f8e6-4302,solidaritaet_ueberleben__mit_pc,control,0,0,0,8,-3,15,8,24,12,8,3,4,0,0
pc-7ed7f8e6-4302,urzeitliche_kolosse__mit_pc,control,1,1,1,8,6,14,7,30,4,7,6,13,0,2
pc-058a8829-4303,solidaritaet_ueberleben__mit_pc,control,0,0,0,14,0,18,18,57,36,17,14,3,0,0
pc-058a8829-4303,urzeitliche_kolosse__mit_pc,control,1,1,1,14,7,20,17,61,32,16,15,10,0,1
pc-8c3d376b-4304,solidaritaet_ueberleben__mit_pc,control,0,1,0,7,4,13,6,23,1,6,1,10,0,0
pc-8c3d376b-4304,urzeitliche_kolosse__mit_pc,control,1,0,1,7,0,11,7,22,6,6,2,6,0,0
pc-12efc6ae-4305,solidaritaet_ueberleben__mit_pc,control,0,0,0,6,0,13,7,20,1,7,1,6,0,0
pc-12efc6ae-4305,urzeitliche_kolosse__mit_pc,control,1,1,1,6,4,11,4,17,3,4,4,10,0,0
pc-99a275f0-4306,solidaritaet_ueberleben__mit_pc,control,0,1,0,11,3,17,13,51,7,12,6,13,0,0
pc-99a275f0-4306,urzeitliche_kolosse__mit_pc,control,1,0,1,11,-3,16,12,54,7,11,7,7,0,2
pc-20550533-4307,solidaritaet_ueberleben__mit_pc,control,0,0,0,7,-1,13,6,25,2,6,2,8,0,0
pc-20550533-4307,urzeitliche_kolosse__mit_pc,control,1,1,1,7,2,11,7,23,5,6,4,11,0,1
pc-a707b475-4308,solidaritaet_ueberleben__mit_pc,control,0,1,0,10,6,15,11,45,10,10,5,12,0,0
pc-a707b475-4308,urzeitliche_kolosse__mit_pc,control,1,0,1,10,-2,15,11,47,6,10,6,4,0,0
pc-2dba43b8-4309,solidaritaet_ueberleben__mit_pc,control,0,0,0,9,-1,14,10,27,9,9,6,6,0,0
pc-2dba43b8-4309,urzeitliche_kolosse__mit_pc,control,1,1,1,9,4,15,9,42,2,9,5,11,0,1
pc-b46cf2fa-4310,solidaritaet_ueberleben__mit_pc,control,0,1,0,8,5,12,10,29,5,9,8,11,0,0
pc-b46cf2fa-4310,urzeitliche_kolosse__mit_pc,control,1,0,1,8,-1,13,10,34,2,10,4,5,0,0
pc-3b1f823d-4311,solidaritaet_ueberleben__mit_pc,control,0,1,0,8,4,13,10,32,2,9,4,11,1,0
pc-3b1f823d-4311,urzeitliche_kolosse__mit_pc,control,1,0,1,8,-1,14,8,32,4,7,6,6,0,3
pc-c1d2317f-4312,solidaritaet_ueberleben__mit_pc,control,0,0,0,10,-5,15,12,42,11,11,5,9,0,0
pc-c1d2317f-4312,urzeitliche_kolosse__mit_pc,control,1,1,1,10,1,17,11,41,6,10,10,15,0,0
pc-4884c0c2-4313,solidaritaet_ueberleben__mit_pc,control,0,0,0,10,-2,13,12,39,12,12,5,7,0,0
pc-4884c0c2-4313,urzeitliche_kolosse__mit_pc,control,1,1,1,10,3,15,10,42,3,9,8,12,0,6
pc-cf377004-4314,solidaritaet_ueberleben__mit_pc,control,0,1,0,15,1,21,17,60,49,16,14,13,0,0
pc-cf377004-4314,urzeitliche_kolosse__mit_pc,control,1,0,1,15,-3,19,18,68,42,17,14,9,0,3
pc-55ea1f47-4315,solidaritaet_ueberleben__mit_pc,control,0,1,0,10,3,15,10,44,10,10,7,13,0,0
pc-55ea1f47-4315,urzeitliche_kolosse__mit_pc,control,1,0,1,10,-3,15,13,40,7,12,5,7,0,0
pc-dc9cae89-4316,solidaritaet_ueberleben__mit_pc,control,0,1,0,15,4,20,15,57,48,14,14,15,0,0
pc-dc9cae89-4316,urzeitliche_kolosse__mit_pc,control,1,0,1,15,-5,21,18,70,38,17,9,6,0,3
pc-634f5dcc-4317,solidaritaet_ueberleben__mit_pc,control,0,0,0,4,-1,9,4,9,1,4,1,1,0,0
pc-634f5dcc-4317,urzeitliche_kolosse__mit_pc,control,1,1,1,4,9,9,4,10,0,4,0,11,0,0
pc-ea01ed0e-4318,solidaritaet_ueberleben__mit_pc,control,0,0,0,12,-2,17,15,46,23,14,9,5,1,0
pc-ea01ed0e-4318,urzeitliche_kolosse__mit_pc,control,1,1,1,12,5,18,14,54,12,13,13,12,0,3
pc-70b49c51-4319,solidaritaet_ueberleben__mit_pc,control,0,0,0,6,-2,12,5,20,1,5,2,0,0,0
pc-70b49c51-4319,urzeitliche_kolosse__mit_pc,control,1,1,1,6,10,12,6,18,2,5,2,12,0,0
pc-f7672b93-4320,solidaritaet_ueberleben__mit_pc,control,0,1,0,14,8,19,18,63,32,18,13,13,0,0
pc-f7672b93-4320,urzeitliche_kolosse__mit_pc,control,1,0,1,14,-3,19,17,69,27,16,14,2,0,0
pc-7e19dad6-4321,solidaritaet_ueberleben__mit_pc,control,0,0,0,7,-1,12,7,26,1,7,1,0,0,0
pc-7e19dad6-4321,urzeitliche_kolosse__mit_pc,control,1,1,1,7,10,11,6,22,3,6,5,11,0,0
pc-04cc6a19-4322,solidaritaet_ueberleben__mit_pc,control,0,1,0,10,6,15,12,38,7,11,10,12,2,0
pc-04cc6a19-4322,urzeitliche_kolosse__mit_pc,control,1,0,1,10,-2,15,13,48,3,12,9,4,0,4
pc-8b7f195b-4323,solidaritaet_ueberleben__mit_pc,control,0,0,0,10,-3,16,11,41,8,11,6,6,0,0
pc-8b7f195b-4323,urzeitliche_kolosse__mit_pc,control,1,1,1,10,4,16,12,46,5,11,8,13,0,3
pc-1231a89e-4324,solidaritaet_ueberleben__mit_pc,control,0,1,0,13,1,19,15,50,33,14,6,11,0,0
pc-1231a89e-4324,urzeitliche_kolosse__mit_pc,control,1,0,1,13,-1,17,12,52,28,11,10,9,0,3
pc-98e457e0-4325,solidaritaet_ueberleben__mit_pc,control,0,1,0,9,5,16,9,33,7,9,9,11,0,0
pc-98e457e0-4325,urzeitliche_kolosse__mit_pc,control,1,0,1,9,-1,14,10,39,5,10,6,5,0,0
pc-1f96e723-4326,solidaritaet_ueberleben__mit_pc,control,0,0,0,14,0,19,17,56,38,16,10,4,1,0
pc-1f96e723-4326,urzeitliche_kolosse__mit_pc,control,1,1,1,14,6,19,16,67,24,15,13,10,0,3
pc-a6499665-4327,solidaritaet_ueberleben__mit_pc,control,0,0,0,6,0,12,7,21,0,7,4,1,0,0
pc-a6499665-4327,urzeitliche_kolosse__mit_pc,control,1,1,1,6,9,10,8,20,0,7,4,10,0,2
pc-2cfc25a8-4328,solidaritaet_ueberleben__mit_pc,control,0,0,0,7,0,13,7,25,1,7,5,9,2,0
pc-2cfc25a8-4328,urzeitliche_kolosse__mit_pc,control,1,1,1,7,1,13,8,25,1,8,2,10,0,1
pc-b3aed4ea-4329,solidaritaet_ueberleben__mit_pc,control,0,1,0,10,1,16,11,42,9,11,7,10,0,0
pc-b3aed4ea-4329,urzeitliche_kolosse__mit_pc,control,1,0,1,10,0,15,11,44,1,10,7,9,0,2
pc-3a61642d-4330,solidaritaet_ueberleben__mit_pc,control,0,1,0,8,4,13,9,31,5,8,2,10,0,0
pc-3a61642d-4330,urzeitliche_kolosse__mit_pc,control,1,0,1,8,0,14,6,31,5,6,4,6,0,0
pc-c114136f-4331,solidaritaet_ueberleben__mit_pc,control,0,1,0,7,4,12,5,22,3,5,3,10,0,0
pc-c114136f-4331,urzeitliche_kolosse__mit_pc,control,1,0,1,7,0,13,8,27,1,8,1,6,0,0
pc-47c6a2b2-4332,solidaritaet_ueberleben__mit_pc,control,0,0,0,11,-2,17,15,47,9,15,6,8,0,0
pc-47c6a2b2-4332,urzeitliche_kolosse__mit_pc,control,1,1,1,11,2,17,11,40,15,10,15,12,0,1
pc-ce7951f4-4333,solidaritaet_ueberleben__mit_pc,control,0,1,0,13,3,19,17,55,24,16,14,15,0,0
pc-ce7951f4-4333,urzeitliche_kolosse__mit_pc,control,1,0,1,13,-5,18,16,59,23,15,14,7,0,0
pc-552be137-4334,solidaritaet_ueberleben__mit_pc,control,0,0,0,7,0,13,7,21,0,6,3,4,0,0
pc-552be137-4334,urzeitliche_kolosse__mit_pc,control,1,1,1,7,6,12,7,27,1,7,1,10,0,1
pc-dbde9079-4335,solidaritaet_ueberleben__mit_pc,control,0,0,0,12,-1,18,15,50,20,14,7,8,0,0
pc-dbde9079-4335,urzeitliche_kolosse__mit_pc,control,1,1,1,12,2,17,13,51,19,12,11,11,0,2
pc-62913fbc-4336,solidaritaet_ueberleben__mit_pc,control,0,1,0,7,5,13,8,27,0,8,4,11,0,0
pc-62913fbc-4336,urzeitliche_kolosse__mit_pc,control,1,0,1,7,-1,12,7,23,5,7,5,5,0,1
pc-e943cefe-4337,solidaritaet_ueberleben__mit_pc,control,0,0,0,12,-2,17,14,48,18,13,8,3,0,0
pc-e943cefe-4337,urzeitliche_kolosse__mit_pc,control,1,1,1,12,7,17,12,53,13,12,9,12,0,3
pc-6ff67e41-4338,solidaritaet_ueberleben__mit_pc,control,0,0,0,8,-1,13,10,32,1,9,4,3,0,0
pc-6ff67e41-4338,urzeitliche_kolosse__mit_pc,control,1,1,1,8,7,14,9,28,2,8,8,11,0,0
pc-f6a90d83-4339,solidaritaet_ueberleben__mit_pc,control,0,1,0,10,4,13,13,45,5,12,5,10,2,0
pc-f6a90d83-4339,urzeitliche_kolosse__mit_pc,control,1,0,1,10,0,15,10,42,11,9,8,6,0,0
pc-7d5bbcc6-4340,solidaritaet_ueberleben__mit_pc,control,0,0,0,7,0,13,6,25,3,6,2,2,0,0
pc-7d5bbcc6-4340,urzeitliche_kolosse__mit_pc,control,1,1,1,7,8,13,8,25,3,7,1,10,0,1
pc-040e4c09-4341,solidaritaet_ueberleben__mit_pc,control,0,1,0,11,5,16,11,44,11,10,11,10,0,0
pc-040e4c09-4341,urzeitliche_kolosse__mit_pc,control,1,0,1,11,0,17,14,50,9,13,8,5,0,0
pc-8ac0fb4b-4342,solidaritaet_ueberleben__mit_pc,control,0,0,0,12,0,17,15,48,24,14,6,4,0,0
pc-8ac0fb4b-4342,urzeitliche_kolosse__mit_pc,control,1,1,1,12,6,18,11,49,20,11,10,10,0,2
pc-11738a8e-4343,solidaritaet_ueberleben__mit_pc,control,0,0,0,8,0,14,9,32,3,9,3,8,0,0
pc-11738a8e-4343,urzeitliche_kolosse__mit_pc,control,1,1,1,8,2,12,8,33,2,8,4,10,0,1
pc-982639d0-4344,solidaritaet_ueberleben__mit_pc,control,0,1,0,8,3,13,9,32,3,8,5,11,0,0
pc-982639d0-4344,urzeitliche_kolosse__mit_pc,control,1,0,1,8,-1,12,8,32,4,7,5,7,0,0
pc-1ed8c913-4345,solidaritaet_ueberleben__mit_pc,control,0,0,0,9,-1,14,11,38,3,10,7,7,0,0
pc-1ed8c913-4345,urzeitliche_kolosse__mit_pc,control,1,1,1,9,3,13,11,42,3,11,5,11,0,2
pc-a58b7855-4346,solidaritaet_ueberleben__mit_pc,control,0,1,0,9,5,14,11,38,5,10,2,10,0,0
pc-a58b7855-4346,urzeitliche_kolosse__mit_pc,control,1,0,1,9,0,14,7,35,7,6,7,5,0,2
pc-2c3e0798-4347,solidaritaet_ueberleben__mit_pc,control,0,1,0,12,6,16,13,50,22,12,13,10,0,0
pc-2c3e0798-4347,urzeitliche_kolosse__mit_pc,control,1,0,1,12,0,18,15,57,16,15,8,4,0,0
pc-b2f0b6da-4348,solidaritaet_ueberleben__mit_pc,control,0,1,0,7,2,13,6,24,1,6,3,15,0,0
pc-b2f0b6da-4348,urzeitliche_kolosse__mit_pc,control,1,0,1,7,-5,12,7,24,4,7,3,8,0,0
pc-39a3461d-4349,solidaritaet_ueberleben__mit_pc,control,0,0,0,12,-1,19,16,53,20,15,7,1,1,0
pc-39a3461d-4349,urzeitliche_kolosse__mit_pc,control,1,1,1,12,9,16,13,52,14,12,14,11,0,0
pc-c055f55f-4350,solidaritaet_ueberleben__mit_pc,control,0,1,0,14,1,19,16,56,35,15,10,11,0,0
pc-c055f55f-4350,urzeitliche_kolosse__mit_pc,control,1,0,1,14,-1,18,15,60,38,14,12,9,0,2
pc-470884a2-4351,solidaritaet_ueberleben__mit_pc,control,0,0,0,10,0,14,12,41,10,11,5,7,0,0
pc-470884a2-4351,urzeitliche_kolosse__mit_pc,control,1,1,1,10,3,16,9,40,5,9,7,10,0,0
pc-cdbb33e4-4352,solidaritaet_ueberleben__mit_pc,control,0,0,0,9,-3,13,9,31,5,9,4,4,0,0
pc-cdbb33e4-4352,urzeitliche_kolosse__mit_pc,control,1,1,1,9,6,13,9,40,4,9,5,13,0,0
pc-546dc327-4353,solidaritaet_ueberleben__mit_pc,control,0,0,0,13,-1,17,16,55,28,15,14,2,0,0
pc-546dc327-4353,urzeitliche_kolosse__mit_pc,control,1,1,1,13,8,18,16,61,19,15,12,11,0,4
pc-db207269-4354,solidaritaet_ueberleben__mit_pc,control,0,0,0,8,-1,14,9,31,3,9,3,6,0,0
pc-db207269-4354,urzeitliche_kolosse__mit_pc,control,1,1,1,8,4,13,8,33,2,7,5,11,0,0
pc-61d301ac-4355,solidaritaet_ueberleben__mit_pc,control,0,0,0,6,-1,10,6,18,2,6,3,2,0,0
pc-61d301ac-4355,urzeitliche_kolosse__mit_pc,control,1,1,1,6,8,11,5,19,1,5,3,11,0,0
pc-e885b0ee-4356,solidaritaet_ueberleben__mit_pc,control,0,1,0,9,5,16,8,37,4,8,3,10,0,0
pc-e885b0ee-4356,urzeitliche_kolosse__mit_pc,control,1,0,1,9,0,15,8,34,6,8,5,5,0,0
pc-6f384031-4357,solidaritaet_ueberleben__mit_pc,control,0,0,0,11,0,16,14,43,15,13,9,2,0,0
pc-6f384031-4357,urzeitliche_kolosse__mit_pc,control,1,1,1,11,8,16,11,47,18,11,12,10,0,0
pc-f5eaef73-4358,solidaritaet_ueberleben__mit_pc,control,0,1,0,12,1,17,14,48,24,14,11,12,0,0
pc-f5eaef73-4358,urzeitliche_kolosse__mit_pc,control,1,0,1,12,-2,16,15,57,12,14,12,9,0,4
pc-7c9d9eb6-4359,solidaritaet_ueberleben__mit_pc,control,0,0,0,8,-1,14,8,29,7,7,3,4,0,0
pc-7c9d9eb6-4359,urzeitliche_kolosse__mit_pc,control,1,1,1,8,6,12,8,32,4,8,4,11,0,2
pc-03502df9-4360,solidaritaet_ueberleben__mit_pc,control,0,0,0,13,-2,17,16,54,27,15,12,8,0,0
pc-03502df9-4360,urzeitliche_kolosse__mit_pc,control,1,1,1,13,2,18,16,60,21,15,12,12,0,4
pc-8a02dd3b-4361,solidaritaet_ueberleben__mit_pc,control,0,0,0,8,0,13,8,34,2,8,5,8,0,0
pc-8a02dd3b-4361,urzeitliche_kolosse__mit_pc,control,1,1,1,8,2,13,8,31,4,8,5,10,0,2
pc-10b56c7e-4362,solidaritaet_ueberleben__mit_pc,control,0,1,0,7,4,12,8,25,0,8,4,11,0,0
pc-10b56c7e-4362,urzeitliche_kolosse__mit_pc,control,1,0,1,7,-1,12,8,26,1,7,4,6,0,2
pc-97681bc0-4363,solidaritaet_ueberleben__mit_pc,control,0,0,0,12,0,19,13,41,25,13,10,5,0,0
pc-97681bc0-4363,urzeitliche_kolosse__mit_pc,control,1,1,1,12,5,16,14,57,9,13,9,10,0,2
pc-1e1aab03-4364,solidaritaet_ueberleben__mit_pc,control,0,1,0,14,1,20,15,51,40,14,14,10,0,0
pc-1e1aab03-4364,urzeitliche_kolosse__mit_pc,control,1,0,1,14,0,19,17,72,22,16,11,9,0,1
pc-a4cd5a45-4365,solidaritaet_ueberleben__mit_pc,control,0,0,0,9,0,14,10,38,2,9,7,6,0,0
pc-a4cd5a45-4365,urzeitliche_kolosse__mit_pc,control,1,1,1,9,4,14,10,38,6,9,7,10,0,0
pc-2b7fe988-4366,solidaritaet_ueberleben__mit_pc,control,0,0,0,9,-1,15,10,37,4,9,6,1,0,0
pc-2b7fe988-4366,urzeitliche_kolosse__mit_pc,control,1,1,1,9,9,13,9,41,2,9,5,11,0,0
pc-b23298ca-4367,solidaritaet_ueberleben__mit_pc,control,0,0,0,6,0,10,7,18,3,7,4,8,0,0
pc-b23298ca-4367,urzeitliche_kolosse__mit_pc,control,1,1,1,6,2,11,6,19,1,6,3,10,0,0
pc-38e5280d-4368,solidaritaet_ueberleben__mit_pc,control,0,1,0,8,6,12,9,25,3,8,4,11,2,0
pc-38e5280d-4368,urzeitliche_kolosse__mit_pc,control,1,0,1,8,-1,13,9,33,3,8,4,4,0,0
pc-bf97d74f-4369,solidaritaet_ueberleben__mit_pc,control,0,1,0,9,4,16,8,33,8,8,10,12,0,0
pc-bf97d74f-4369,urzeitliche_kolosse__mit_pc,control,1,0,1,9,-2,15,12,36,3,11,5,6,0,0
pc-464a6692-4370,solidaritaet_ueberleben__mit_pc,control,0,0,0,11,0,16,13,47,18,12,9,6,0,0
pc-464a6692-4370,urzeitliche_kolosse__mit_pc,control,1,1,1,11,4,16,14,58,6,14,10,10,0,1
pc-ccfd15d4-4371,solidaritaet_ueberleben__mit_pc,control,0,1,0,8,4,12,9,33,1,9,6,10,0,0
pc-ccfd15d4-4371,urzeitliche_kolosse__mit_pc,control,1,0,1,8,0,11,8,33,2,8,4,6,0,1
pc-53afa517-4372,solidaritaet_ueberleben__mit_pc,control,0,0,0,9,0,13,12,39,2,12,6,6,0,0
pc-53afa517-4372,urzeitliche_kolosse__mit_pc,control,1,1,1,9,4,14,11,38,1,11,8,10,0,3
pc-da625459-4373,solidaritaet_ueberleben__mit_pc,control,0,0,0,9,0,15,13,39,3,12,5,9,0,0
pc-da625459-4373,urzeitliche_kolosse__mit_pc,control,1,1,1,9,1,15,10,37,2,9,13,10,0,2
pc-6114e39c-4374,solidaritaet_ueberleben__mit_pc,control,0,0,0,15,-3,20,18,62,49,17,14,9,1,0
pc-6114e39c-4374,urzeitliche_kolosse__mit_pc,control,1,1,1,15,1,20,18,69,40,18,15,13,0,3
pc-e7c792de-4375,solidaritaet_ueberleben__mit_pc,control,0,0,0,11,0,17,12,41,14,11,9,8,0,0
pc-e7c792de-4375,urzeitliche_kolosse__mit_pc,control,1,1,1,11,2,15,14,52,11,13,8,10,0,1
pc-6e7a2221-4376,solidaritaet_ueberleben__mit_pc,control,0,0,0,12,-1,18,14,52,20,13,11,9,0,0
pc-6e7a2221-4376,urzeitliche_kolosse__mit_pc,control,1,1,1,12,1,16,15,51,16,14,13,11,0,3
pc-f52cd163-4377,solidaritaet_ueberleben__mit_pc,control,0,1,0,15,1,18,18,60,47,17,11,10,0,0
pc-f52cd163-4377,urzeitliche_kolosse__mit_pc,control,1,0,1,15,0,20,17,62,48,16,17,9,0,5
pc-7bdf60a6-4378,solidaritaet_ueberleben__mit_pc,control,0,0,0,11,-1,15,14,43,17,13,6,6,0,0
pc-7bdf60a6-4378,urzeitliche_kolosse__mit_pc,control,1,1,1,11,4,17,11,56,7,11,8,11,0,4
pc-02920fe9-4379,solidaritaet_ueberleben__mit_pc,control,0,0,0,12,-1,15,15,52,19,14,9,5,0,0
pc-02920fe9-4379,urzeitliche_kolosse__mit_pc,control,1,1,1,12,5,16,15,55,19,14,12,11,0,2
pc-8944bf2b-4380,solidaritaet_ueberleben__mit_pc,control,0,1,0,8,5,12,9,35,1,9,5,15,0,0
pc-8944bf2b-4380,urzeitliche_kolosse__mit_pc,control,1,0,1,8,-5,12,8,31,4,8,4,5,0,0
pc-0ff74e6e-4381,solidaritaet_ueberleben__mit_pc,control,0,0,0,7,0,11,7,22,3,6,4,6,0,0
pc-0ff74e6e-4381,urzeitliche_kolosse__mit_pc,control,1,1,1,7,4,13,8,24,3,8,4,10,0,0
pc-96a9fdb0-4382,solidaritaet_ueberleben__mit_pc,control,0,0,0,12,-1,17,15,48,19,14,10,8,0,0
pc-96a9fdb0-4382,urzeitliche_kolosse__mit_pc,control,1,1,1,12,2,18,14,57,19,13,11,11,0,1
pc-1d5c8cf3-4383,solidaritaet_ueberleben__mit_pc,control,0,0,0,9,-4,15,7,23,13,7,8,9,0,0
pc-1d5c8cf3-4383,urzeitliche_kolosse__mit_pc,control,1,1,1,9,1,14,10,38,5,10,2,14,0,0
pc-a40f3c35-4384,solidaritaet_ueberleben__mit_pc,control,0,1,0,8,4,12,10,28,2,10,7,11,0,0
pc-a40f3c35-4384,urzeitliche_kolosse__mit_pc,control,1,0,1,8,-1,14,9,33,3,9,9,6,0,0
pc-2ac1cb78-4385,solidaritaet_ueberleben__mit_pc,control,0,0,0,10,0,14,13,43,5,12,6,2,1,0
pc-2ac1cb78-4385,urzeitliche_kolosse__mit_pc,control,1,1,1,10,8,14,11,41,12,10,11,10,0,2
pc-b1747aba-4386,solidaritaet_ueberleben__mit_pc,control,0,1,0,9,7,16,10,34,6,10,9,10,1,0
pc-b1747aba-4386,urzeitliche_kolosse__mit_pc,control,1,0,1,9,0,12,12,39,4,11,6,3,0,0
pc-382709fd-4387,solidaritaet_ueberleben__mit_pc,control,0,0,0,9,0,13,10,30,6,10,7,8,0,0
pc-382709fd-4387,urzeitliche_kolosse__mit_pc,control,1,1,1,9,2,16,10,42,1,10,6,10,0,1
pc-bed9b93f-4388,solidaritaet_ueberleben__mit_pc,control,0,1,0,8,8,13,10,33,1,10,2,11,0,0
pc-bed9b93f-4388,urzeitliche_kolosse__mit_pc,control,1,0,1,8,-1,14,6,30,6,6,5,2,0,4
pc-458c4882-4389,solidaritaet_ueberleben__mit_pc,control,0,0,0,11,-5,17,15,51,9,14,8,6,0,0
pc-458c4882-4389,urzeitliche_kolosse__mit_pc,control,1,1,1,11,4,17,13,53,10,12,10,15,0,0
pc-cc3ef7c4-4390,solidaritaet_ueberleben__mit_pc,control,0,0,0,12,-3,17,15,43,27,15,11,9,3,0
pc-cc3ef7c4-4390,urzeitliche_kolosse__mit_pc,control,1,1,1,12,1,16,15,57,11,14,15,13,0,0
pc-52f18707-4391,solidaritaet_ueberleben__mit_pc,control,0,0,0,7,0,13,8,26,2,7,3,2,0,0
pc-52f18707-4391,urzeitliche_kolosse__mit_pc,control,1,1,1,7,8,12,6,24,4,6,5,10,0,0
pc-d9a43649-4392,solidaritaet_ueberleben__mit_pc,control,0,0,0,13,0,18,17,55,27,16,9,6,0,0
pc-d9a43649-4392,urzeitliche_kolosse__mit_pc,control,1,1,1,13,4,19,14,59,27,14,15,10,0,1
pc-6056c58c-4393,solidaritaet_ueberleben__mit_pc,control,0,1,0,10,3,15,12,44,6,11,9,10,0,0
pc-6056c58c-4393,urzeitliche_kolosse__mit_pc,control,1,0,1,10,0,14,13,47,5,13,7,7,0,0
pc-e70974ce-4394,solidaritaet_ueberleben__mit_pc,control,0,1,0,8,8,14,10,32,3,10,7,11,0,0
pc-e70974ce-4394,urzeitliche_kolosse__mit_pc,control,1,0,1,8,-1,12,10,33,3,10,6,2,0,0
pc-6dbc0411-4395,solidaritaet_ueberleben__mit_pc,control,0,1,0,10,1,15,10,42,7,9,6,10,0,0
pc-6dbc0411-4395,urzeitliche_kolosse__mit_pc,control,1,0,1,10,0,15,9,39,10,9,5,9,0,1
pc-f46eb353-4396,solidaritaet_ueberleben__mit_pc,control,0,0,0,10,0,16,13,47,7,12,8,8,0,0
pc-f46eb353-4396,urzeitliche_kolosse__mit_pc,control,1,1,1,10,2,16,13,46,8,12,8,10,0,0
pc-7b214296-4397,solidaritaet_ueberleben__mit_pc,control,0,0,0,8,0,13,8,25,3,8,6,4,0,0
pc-7b214296-4397,urzeitliche_kolosse__mit_pc,control,1,1,1,8,6,12,8,31,5,8,3,10,0,0
pc-01d3f1d9-4398,solidaritaet_ueberleben__mit_pc,control,0,0,0,8,-1,12,9,33,3,9,2,0,0,0
pc-01d3f1d9-4398,urzeitliche_kolosse__mit_pc,control,1,1,1,8,10,14,7,32,3,7,6,11,0,0
pc-8886811b-4399,solidaritaet_ueberleben__mit_pc,control,0,0,0,10,-3,17,12,41,4,11,5,3,0,0
pc-8886811b-4399,urzeitliche_kolosse__mit_pc,control,1,1,1,10,7,16,7,33,12,7,6,13,0,2
pc-03458766-4400,solidaritaet_ueberleben__mit_pc,control,0,1,1,8,5,12,10,33,1,9,4,12,0,0
pc-03458766-4400,urzeitliche_kolosse__ohne_pc,control,1,0,0,8,-2,13,8,31,4,7,5,5,0,0
pc-7c92f823-4401,solidaritaet_ueberleben__mit_pc,control,0,0,1,8,0,14,8,32,2,8,3,8,0,0
pc-7c92f823-4401,urzeitliche_kolosse__ohne_pc,control,1,1,0,8,2,12,10,33,1,8,3,10,0,2
pc-f5e048e0-4402,solidaritaet_ueberleben__mit_pc,control,0,1,1,8,2,13,9,28,4,9,6,10,0,0
pc-f5e048e0-4402,urzeitliche_kolosse__ohne_pc,control,1,0,0,8,0,13,9,35,1,8,7,8,0,2
pc-6f2db99e-4403,solidaritaet_ueberleben__mit_pc,control,0,0,1,12,-3,17,15,43,25,14,9,5,1,0
pc-6f2db99e-4403,urzeitliche_kolosse__ohne_pc,control,1,1,0,12,5,16,15,46,22,13,12,13,0,2
pc-1e100470-4404,solidaritaet_ueberleben__mit_pc,control,0,1,1,7,4,11,7,25,3,7,6,13,0,0
pc-1e100470-4404,urzeitliche_kolosse__ohne_pc,control,1,0,0,7,-3,13,9,24,1,7,2,6,0,0
pc-975d752d-4405,solidaritaet_ueberleben__mit_pc,control,0,0,1,9,-2,13,12,39,4,12,4,5,0,0
pc-975d752d-4405,urzeitliche_kolosse__ohne_pc,control,1,1,0,9,5,14,11,40,3,9,7,12,0,0
pc-10aac5eb-4406,solidaritaet_ueberleben__mit_pc,control,0,,1,15,0,21,19,64,45,18,11,12,0,0
pc-10aac5eb-4406,urzeitliche_kolosse__ohne_pc,control,1,,0,15,-2,19,18,67,41,16,15,10,0,4
pc-89f836a8-4407,solidaritaet_ueberleben__mit_pc,control,0,1,1,15,7,20,16,61,53,15,8,10,0,0
pc-89f836a8-4407,urzeitliche_kolosse__ohne_pc,control,1,0,0,15,0,20,15,61,46,13,12,3,0,4
pc-cdb08d51-4408,solidaritaet_ueberleben__mit_pc,control,0,1,1,14,1,19,14,51,40,13,11,10,0,0
pc-cdb08d51-4408,urzeitliche_kolosse__ohne_pc,control,1,0,0,14,0,19,17,57,36,15,10,9,0,6
pc-46fdfe0f-4409,solidaritaet_ueberleben__mit_pc,control,0,0,1,9,0,14,8,32,4,8,6,9,0,0
pc-46fdfe0f-4409,urzeitliche_kolosse__ohne_pc,control,1,1,0,9,1,13,8,30,6,8,3,10,0,0
pc-c04b4ecc-4410,solidaritaet_ueberleben__mit_pc,control,0,0,1,5,0,11,5,14,1,5,2,0,0,0
pc-c04b4ecc-4410,urzeitliche_kolosse__ohne_pc,control,1,1,0,5,10,9,7,15,0,5,3,10,0,0
pc-3998bf8a-4411,solidaritaet_ueberleben__mit_pc,control,0,0,1,8,-3,13,8,24,4,8,6,6,0,0
pc-3998bf8a-4411,urzeitliche_kolosse__ohne_pc,control,1,1,0,8,4,13,9,30,6,9,6,13,0,1
pc-e87b0a5b-4412,solidaritaet_ueberleben__mit_pc,control,0,0,1,4,-2,7,4,10,0,4,1,2,0,0
pc-e87b0a5b-4412,urzeitliche_kolosse__ohne_pc,control,1,1,0,4,8,9,4,8,0,2,2,12,0,0
pc-61c87b19-4413,solidaritaet_ueberleben__mit_pc,control,0,0,1,12,-1,17,12,44,30,12,8,8,0,0
pc-61c87b19-4413,urzeitliche_kolosse__ohne_pc,control,1,1,0,12,2,18,12,55,15,12,10,11,0,5
pc-db15cbd6-4414,solidaritaet_ueberleben__mit_pc,control,0,0,1,7,-1,12,7,25,2,7,3,0,0,0
pc-db15cbd6-4414,urzeitliche_kolosse__ohne_pc,control,1,1,0,7,10,11,8,23,1,7,4,11,0,0
pc-54633c94-4415,solidaritaet_ueberleben__mit_pc,control,0,0,1,9,0,14,9,32,7,8,6,8,0,0
pc-54633c94-4415,urzeitliche_kolosse__ohne_pc,control,1,1,0,9,2,14,10,42,2,10,3,10,0,0
pc-981b933d-4416,solidaritaet_ueberleben__mit_pc,control,0,0,1,8,-1,13,8,29,1,8,5,8,0,0
pc-981b933d-4416,urzeitliche_kolosse__ohne_pc,control,1,1,0,8,2,12,9,33,3,9,4,11,0,2
pc-1168e3fb-4417,solidaritaet_ueberleben__mit_pc,control,0,0,1,6,0,12,6,19,2,6,3,4,0,0
pc-1168e3fb-4417,urzeitliche_kolosse__ohne_pc,control,1,1,0,6,6,12,6,20,1,6,4,10,0,0
pc-8ab654b8-4418,solidaritaet_ueberleben__mit_pc,control,0,1,1,7,4,13,8,27,1,8,6,10,0,0
pc-8ab654b8-4418,urzeitliche_kolosse__ohne_pc,control,1,0,0,7,0,13,9,27,1,9,4,6,0,0
pc-0403a576-4419,solidaritaet_ueberleben__mit_pc,control,0,0,1,8,-3,15,9,28,2,8,3,6,0,0
pc-0403a576-4419,urzeitliche_kolosse__ohne_pc,control,1,1,0,8,4,13,8,28,8,7,5,13,0,2
pc-b2e61047-4420,solidaritaet_ueberleben__mit_pc,control,0,0,1,5,-2,10,5,14,1,5,0,5,0,0
pc-b2e61047-4420,urzeitliche_kolosse__ohne_pc,control,1,1,0,5,5,10,5,15,0,4,3,12,0,0
pc-2c336105-4421,solidaritaet_ueberleben__mit_pc,control,0,0,1,8,0,13,10,30,2,9,2,3,2,0
pc-2c336105-4421,urzeitliche_kolosse__ohne_pc,control,1,1,0,8,7,13,8,32,4,7,4,10,0,0
pc-a580d1c2-4422,solidaritaet_ueberleben__mit_pc,control,0,0,1,12,-1,18,15,48,24,14,9,5,0,0
pc-a580d1c2-4422,urzeitliche_kolosse__ohne_pc,control,1,1,0,12,5,17,14,53,21,13,12,11,0,1
pc-1ece2280-4423,solidaritaet_ueberleben__mit_pc,control,0,0,1,8,0,12,11,31,2,11,3,6,0,0
pc-1ece2280-4423,urzeitliche_kolosse__ohne_pc,control,1,1,0,8,4,13,9,35,1,8,8,10,0,3
pc-62869929-4424,solidaritaet_ueberleben__mit_pc,control,0,1,1,14,2,20,18,64,31,17,13,11,1,0
pc-62869929-4424,urzeitliche_kolosse__ohne_pc,control,1,0,0,14,-1,20,17,63,31,15,13,8,0,3
pc-dbd3e9e6-4425,solidaritaet_ueberleben__mit_pc,control,0,0,1,5,0,9,5,11,3,5,1,1,0,0
pc-dbd3e9e6-4425,urzeitliche_kolosse__ohne_pc,control,1,1,0,5,9,11,4,13,2,4,3,10,0,0
pc-55215aa4-4426,solidaritaet_ueberleben__mit_pc,control,0,0,1,8,-1,11,8,29,3,7,5,7,0,0
pc-55215aa4-4426,urzeitliche_kolosse__ohne_pc,control,1,1,0,8,3,14,9,36,0,8,2,11,0,1
pc-ce6eab61-4427,solidaritaet_ueberleben__mit_pc,control,0,1,1,7,3,11,6,24,3,6,4,11,0,0
pc-ce6eab61-4427,urzeitliche_kolosse__ohne_pc,control,1,0,0,7,-1,12,7,25,3,7,1,7,0,0
pc-7d511633-4428,solidaritaet_ueberleben__mit_pc,control,0,1,1,7,4,11,6,25,2,6,4,10,0,0
pc-7d511633-4428,urzeitliche_kolosse__ohne_pc,control,1,0,0,7,0,11,8,24,4,8,3,6,0,1
pc-f69e66f0-4429,solidaritaet_ueberleben__mit_pc,control,0,0,1,9,0,14,10,35,4,9,6,7,0,0
pc-f69e66f0-4429,urzeitliche_kolosse__ohne_pc,control,1,1,0,9,3,12,11,37,6,10,4,10,0,1
pc-6febd7ae-4430,solidaritaet_ueberleben__mit_pc,control,0,1,1,8,2,11,9,31,1,9,5,11,0,0
pc-6febd7ae-4430,urzeitliche_kolosse__ohne_pc,control,1,0,0,8,-1,13,10,30,5,9,6,8,0,0
pc-e939286b-4431,solidaritaet_ueberleben__mit_pc,control,0,1,1,9,1,13,11,39,2,10,8,13,0,0
pc-e939286b-4431,urzeitliche_kolosse__ohne_pc,control,1,0,0,9,-3,14,12,39,5,10,6,9,0,1
pc-2cf19f15-4432,solidaritaet_ueberleben__mit_pc,control,0,0,1,5,0,10,7,15,0,6,1,0,0,0
pc-2cf19f15-4432,urzeitliche_kolosse__ohne_pc,control,1,1,0,5,10,9,6,13,2,5,5,10,0,0
pc-a63eefd2-4433,solidaritaet_ueberleben__mit_pc,control,0,1,1,5,8,8,6,14,0,6,1,10,0,0
pc-a63eefd2-4433,urzeitliche_kolosse__ohne_pc,control,1,0,0,5,0,11,5,14,1,4,2,2,0,0
pc-1f8c4090-4434,solidaritaet_ueberleben__mit_pc,control,0,1,1,9,1,13,11,39,1,10,6,13,0,0
pc-1f8c4090-4434,urzeitliche_kolosse__ohne_pc,control,1,0,0,9,-3,14,9,39,5,8,6,9,0,1
pc-98d9b14d-4435,solidaritaet_ueberleben__mit_pc,control,0,0,1,5,-1,9,4,13,2,4,0,0,0,0
pc-98d9b14d-4435,urzeitliche_kolosse__ohne_pc,control,1,1,0,5,10,9,6,14,1,5,2,11,0,0
pc-47bc1c1f-4436,solidaritaet_ueberleben__mit_pc,control,0,0,1,7,-1,13,7,26,1,7,5,4,0,0
pc-47bc1c1f-4436,urzeitliche_kolosse__ohne_pc,control,1,1,0,7,6,12,9,27,1,8,4,11,0,1
pc-c1096cdc-4437,solidaritaet_ueberleben__mit_pc,control,0,0,1,6,0,10,6,20,1,5,0,6,0,0
pc-c1096cdc-4437,urzeitliche_kolosse__ohne_pc,control,1,1,0,6,4,10,6,16,4,5,5,10,0,0
pc-3a56dd9a-4438,solidaritaet_ueberleben__mit_pc,control,0,1,1,8,6,13,8,33,1,8,2,10,0,0
pc-3a56dd9a-4438,urzeitliche_kolosse__ohne_pc,control,1,0,0,8,0,13,8,33,3,7,4,4,0,0
pc-b3a42e57-4439,solidaritaet_ueberleben__mit_pc,control,0,1,1,9,1,13,8,32,10,7,7,10,0,0
pc-b3a42e57-4439,urzeitliche_kolosse__ohne_pc,control,1,0,0,9,0,13,10,37,7,10,3,9,0,0
pc-f75c8500-4440,solidaritaet_ueberleben__mit_pc,control,0,0,1,9,0,13,8,29,13,8,5,9,0,0
pc-f75c8500-4440,urzeitliche_kolosse__ohne_pc,control,1,1,0,9,1,14,10,36,4,9,3,10,0,0
pc-70a9f5be-4441,solidaritaet_ueberleben__mit_pc,control,0,1,1,9,2,15,10,34,5,9,9,11,0,0
pc-70a9f5be-4441,urzeitliche_kolosse__ohne_pc,control,1,0,0,9,-1,14,12,39,2,11,5,8,0,1
pc-e9f7467b-4442,solidaritaet_ueberleben__mit_pc,control,0,0,1,14,-4,20,16,58,45,15,11,8,0,0
pc-e9f7467b-4442,urzeitliche_kolosse__ohne_pc,control,1,1,0,14,2,18,17,58,40,15,13,14,0,1
pc-6344b739-4443,solidaritaet_ueberleben__mit_pc,control,0,0,1,9,-2,15,10,34,7,9,8,7,0,0
pc-6344b739-4443,urzeitliche_kolosse__ohne_pc,control,1,1,0,9,3,15,11,43,2,10,4,12,0,1
pc-1227020b-4444,solidaritaet_ueberleben__mit_pc,control,0,1,1,11,5,17,13,44,11,12,6,12,0,0
pc-1227020b-4444,urzeitliche_kolosse__ohne_pc,control,1,0,0,11,-2,15,13,44,19,11,7,5,0,4
pc-8b7472c8-4445,solidaritaet_ueberleben__mit_pc,control,0,0,1,11,-2,18,14,48,7,13,9,9,0,0
pc-8b7472c8-4445,urzeitliche_kolosse__ohne_pc,control,1,1,0,11,1,16,13,47,8,11,8,12,0,0
pc-04c1c386-4446,solidaritaet_ueberleben__mit_pc,control,0,0,1,9,-1,14,12,36,9,11,7,2,0,0
pc-04c1c386-4446,urzeitliche_kolosse__ohne_pc,control,1,1,0,9,8,15,10,39,6,9,6,11,0,1
pc-7e0f3443-4447,solidaritaet_ueberleben__mit_pc,control,0,0,1,6,-2,11,5,18,2,5,1,1,0,0
pc-7e0f3443-4447,urzeitliche_kolosse__ohne_pc,control,1,1,0,6,9,10,5,19,1,5,4,12,0,1
pc-c1c78aec-4448,solidaritaet_ueberleben__mit_pc,control,0,,1,16,0,22,20,68,58,19,15,8,0,0
pc-c1c78aec-4448,urzeitliche_kolosse__ohne_pc,control,1,,0,16,-1,20,19,66,61,17,18,7,0,8
pc-3b14fbaa-4449,solidaritaet_ueberleben__mit_pc,control,0,1,1,9,4,15,10,33,7,9,4,11,0,0
pc-3b14fbaa-4449,urzeitliche_kolosse__ohne_pc,control,1,0,0,9,-1,14,10,43,2,9,4,6,0,5
pc-b4624c67-4450,solidaritaet_ueberleben__mit_pc,control,0,0,1,10,-3,15,10,40,8,9,8,2,0,0
pc-b4624c67-4450,urzeitliche_kolosse__ohne_pc,control,1,1,0,10,8,16,13,44,3,11,4,13,0,1
pc-2dafbd25-4451,solidaritaet_ueberleben__mit_pc,control,0,0,1,6,-2,11,6,20,1,6,2,3,0,0
pc-2dafbd25-4451,urzeitliche_kolosse__ohne_pc,control,1,1,0,6,7,10,7,21,0,5,4,12,0,1
pc-dc9207f6-4452,solidaritaet_ueberleben__mit_pc,control,0,1,1,7,1,14,7,26,1,7,6,13,1,0
pc-dc9207f6-4452,urzeitliche_kolosse__ohne_pc,control,1,0,0,7,-3,11,7,24,4,7,4,9,0,1
pc-55df78b4-4453,solidaritaet_ueberleben__mit_pc,control,0,1,1,7,2,13,7,27,1,6,3,10,0,0
pc-55df78b4-4453,urzeitliche_kolosse__ohne_pc,control,1,0,0,7,0,12,8,21,7,7,1,8,0,0
pc-cf2cc971-4454,solidaritaet_ueberleben__mit_pc,control,0,0,1,8,-1,14,9,31,2,8,4,5,0,0
pc-cf2cc971-4454,urzeitliche_kolosse__ohne_pc,control,1,1,0,8,5,13,8,30,6,7,4,11,0,0
pc-487a3a2f-4455,solidaritaet_ueberleben__mit_pc,control,0,1,1,9,4,14,9,32,4,9,5,15,0,0
pc-487a3a2f-4455,urzeitliche_kolosse__ohne_pc,control,1,0,0,9,-5,13,11,39,4,9,5,6,0,0
pc-8c3290d8-4456,solidaritaet_ueberleben__mit_pc,control,0,0,1,8,-1,12,9,26,2,9,5,2,0,0
pc-8c3290d8-4456,urzeitliche_kolosse__ohne_pc,control,1,1,0,8,8,13,9,31,5,7,5,11,0,1
pc-057fe196-4457,solidaritaet_ueberleben__mit_pc,control,0,1,1,9,3,13,12,36,7,12,8,14,0,0
pc-057fe196-4457,urzeitliche_kolosse__ohne_pc,control,1,0,0,9,-4,14,12,36,4,10,9,7,0,0
pc-7ecd5253-4458,solidaritaet_ueberleben__mit_pc,control,0,0,1,9,0,13,11,37,2,10,6,5,0,0
pc-7ecd5253-4458,urzeitliche_kolosse__ohne_pc,control,1,1,0,9,5,14,11,39,3,10,7,10,0,1
pc-f81aa310-4459,solidaritaet_ueberleben__mit_pc,control,0,1,1,11,1,15,11,39,23,11,7,14,0,0
pc-f81aa310-4459,urzeitliche_kolosse__ohne_pc,control,1,0,0,11,-4,17,13,45,12,12,7,9,0,3
pc-a6fd0de2-4460,solidaritaet_ueberleben__mit_pc,control,0,1,1,8,2,14,9,34,2,9,7,16,0,0
pc-a6fd0de2-4460,urzeitliche_kolosse__ohne_pc,control,1,0,0,8,-6,13,10,31,4,9,5,8,0,1
pc-204a7ea0-4461,solidaritaet_ueberleben__mit_pc,control,0,0,1,6,0,12,5,16,5,5,3,6,0,0
pc-204a7ea0-4461,urzeitliche_kolosse__ohne_pc,control,1,1,0,6,4,9,6,18,2,5,2,10,0,0
pc-9997cf5d-4462,solidaritaet_ueberleben__mit_pc,control,0,0,1,12,-2,17,14,49,22,14,10,8,0,0
pc-9997cf5d-4462,urzeitliche_kolosse__ohne_pc,control,1,1,0,12,2,18,15,55,16,14,14,12,0,4
pc-12e5201b-4463,solidaritaet_ueberleben__mit_pc,control,0,0,1,4,0,10,5,10,0,5,1,2,0,0
pc-12e5201b-4463,urzeitliche_kolosse__ohne_pc,control,1,1,0,4,8,9,4,9,0,3,1,10,0,0
pc-569d96c4-4464,solidaritaet_ueberleben__mit_pc,control,0,0,1,7,0,12,8,23,1,8,2,6,0,0
pc-569d96c4-4464,urzeitliche_kolosse__ohne_pc,control,1,1,0,7,4,12,8,27,1,6,4,10,0,1
pc-cfeae781-4465,solidaritaet_ueberleben__mit_pc,control,0,0,1,5,0,10,5,14,1,5,2,0,0,0
pc-cfeae781-4465,urzeitliche_kolosse__ohne_pc,control,1,1,0,5,10,8,6,13,2,6,1,10,0,0
pc-4938583f-4466,solidaritaet_ueberleben__mit_pc,control,0,0,1,9,0,14,9,32,4,8,5,9,0,0
pc-4938583f-4466,urzeitliche_kolosse__ohne_pc,control,1,1,0,9,1,13,9,28,8,7,4,10,0,2
pc-c285a8fc-4467,solidaritaet_ueberleben__mit_pc,control,0,1,1,8,3,14,9,31,2,9,4,10,0,0
pc-c285a8fc-4467,urzeitliche_kolosse__ohne_pc,control,1,0,0,8,0,13,7,31,4,7,7,7,0,0
pc-716813ce-4468,solidaritaet_ueberleben__mit_pc,control,0,1,1,8,1,12,8,27,1,8,5,10,0,0
pc-716813ce-4468,urzeitliche_kolosse__ohne_pc,control,1,0,0,8,0,13,9,33,3,8,4,9,0,1
pc-eab5648b-4469,solidaritaet_ueberleben__mit_pc,control,0,0,1,10,-1,14,13,39,11,13,8,4,0,0
pc-eab5648b-4469,urzeitliche_kolosse__ohne_pc,control,1,1,0,10,6,15,13,42,8,11,11,11,0,5
pc-6402d549-4470,solidaritaet_ueberleben__mit_pc,control,0,1,1,7,3,13,6,24,1,6,5,11,0,0
pc-6402d549-4470,urzeitliche_kolosse__ohne_pc,control,1,0,0,7,-1,11,9,25,3,8,3,7,0,1
pc-dd502606-4471,solidaritaet_ueberleben__mit_pc,control,0,0,1,8,-2,13,9,26,2,9,2,2,0,0
pc-dd502606-4471,urzeitliche_kolosse__ohne_pc,control,1,1,0,8,8,14,9,32,0,7,4,12,0,3
pc-21089cb0-4472,solidaritaet_ueberleben__mit_pc,control,0,0,1,8,0,13,7,26,2,7,4,8,0,0
pc-21089cb0-4472,urzeitliche_kolosse__ohne_pc,control,1,1,0,8,2,13,8,33,3,8,3,10,0,1
pc-9a55ed6d-4473,solidaritaet_ueberleben__mit_pc,control,0,0,1,9,-2,14,10,35,3,10,6,6,0,0
pc-9a55ed6d-4473,urzeitliche_kolosse__ohne_pc,control,1,1,0,9,4,13,10,36,4,9,7,12,0,0
pc-13a35e2b-4474,solidaritaet_ueberleben__mit_pc,control,0,0,1,9,-2,15,9,31,5,8,7,3,0,0
pc-13a35e2b-4474,urzeitliche_kolosse__ohne_pc,control,1,1,0,9,7,14,11,30,6,9,4,12,0,0
pc-8cf0aee8-4475,solidaritaet_ueberleben__mit_pc,control,0,0,1,5,0,11,4,14,1,4,2,4,0,0
pc-8cf0aee8-4475,urzeitliche_kolosse__ohne_pc,control,1,1,0,5,6,9,5,14,1,5,0,10,0,1
pc-3bd319ba-4476,solidaritaet_ueberleben__mit_pc,control,0,1,1,9,3,14,9,30,6,9,6,16,0,0
pc-3bd319ba-4476,urzeitliche_kolosse__ohne_pc,control,1,0,0,9,-6,15,12,42,0,11,4,7,0,3
pc-b5206a77-4477,solidaritaet_ueberleben__mit_pc,control,0,0,1,10,-2,16,11,36,14,10,7,9,0,0
pc-b5206a77-4477,urzeitliche_kolosse__ohne_pc,control,1,1,0,10,1,15,13,46,6,12,7,12,0,2
pc-2e6ddb35-4478,solidaritaet_ueberleben__mit_pc,control,0,0,1,10,-4,14,13,40,12,13,8,6,0,0
pc-2e6ddb35-4478,urzeitliche_kolosse__ohne_pc,control,1,1,0,10,4,14,12,48,4,12,12,14,0,0
pc-a7bb2bf2-4479,solidaritaet_ueberleben__mit_pc,control,0,1,1,8,2,15,8,32,2,8,7,10,0,0
pc-a7bb2bf2-4479,urzeitliche_kolosse__ohne_pc,control,1,0,0,8,0,13,10,32,1,9,4,8,0,0
pc-eb73829b-4480,solidaritaet_ueberleben__mit_pc,control,0,1,1,8,6,13,8,31,3,8,5,16,0,0
pc-eb73829b-4480,urzeitliche_kolosse__ohne_pc,control,1,0,0,8,-6,14,7,33,3,7,5,4,0,0
pc-64c0f359-4481,solidaritaet_ueberleben__mit_pc,control,0,0,1,8,-3,14,9,30,4,9,7,0,1,0
pc-64c0f359-4481,urzeitliche_kolosse__ohne_pc,control,1,1,0,8,10,14,9,33,3,9,5,13,0,0
pc-de0e4416-4482,solidaritaet_ueberleben__mit_pc,control,0,0,1,9,-3,14,10,34,2,9,5,6,0,0
pc-de0e4416-4482,urzeitliche_kolosse__ohne_pc,control,1,1,0,9,4,14,9,37,7,8,4,13,0,0
pc-575bb4d4-4483,solidaritaet_ueberleben__mit_pc,control,0,0,1,13,-1,19,17,52,30,16,10,4,2,0
pc-575bb4d4-4483,urzeitliche_kolosse__ohne_pc,control,1,1,0,13,6,17,16,55,26,14,12,11,0,1
pc-063e1fa6-4484,solidaritaet_ueberleben__mit_pc,control,0,0,1,6,-2,11,5,19,2,5,1,5,0,0
pc-063e1fa6-4484,urzeitliche_kolosse__ohne_pc,control,1,1,0,6,5,12,5,17,3,5,1,12,0,1
pc-7f8b7063-4485,solidaritaet_ueberleben__mit_pc,control,0,1,1,7,4,13,6,24,2,6,3,10,0,0
pc-7f8b7063-4485,urzeitliche_kolosse__ohne_pc,control,1,0,0,7,0,12,7,24,4,6,1,6,0,1
pc-f8d8c120-4486,solidaritaet_ueberleben__mit_pc,control,0,0,1,9,-2,15,9,29,11,9,5,6,3,0
pc-f8d8c120-4486,urzeitliche_kolosse__ohne_pc,control,1,1,0,9,4,14,9,36,7,9,4,12,0,0
pc-722631de-4487,solidaritaet_ueberleben__mit_pc,control,0,1,1,12,3,17,16,53,14,15,11,10,1,0
pc-722631de-4487,urzeitliche_kolosse__ohne_pc,control,1,0,0,12,0,16,15,58,16,13,13,7,0,4
pc-b5de8887-4488,solidaritaet_ueberleben__mit_pc,control,0,0,1,9,0,13,9,37,5,9,5,6,0,0
pc-b5de8887-4488,urzeitliche_kolosse__ohne_pc,control,1,1,0,9,4,13,10,33,7,10,7,10,0,0
pc-2f2bf945-4489,solidaritaet_ueberleben__mit_pc,control,0,1,1,9,6,13,11,41,3,10,7,10,0,0
pc-2f2bf945-4489,urzeitliche_kolosse__ohne_pc,control,1,0,0,9,0,14,12,38,3,10,5,4,0,1
pc-a8794a02-4490,solidaritaet_ueberleben__mit_pc,control,0,0,1,8,0,11,9,30,2,9,4,5,0,0
pc-a8794a02-4490,urzeitliche_kolosse__ohne_pc,control,1,1,0,8,5,12,9,32,4,7,5,10,0,0
pc-21c6bac0-4491,solidaritaet_ueberleben__mit_pc,control,0,0,1,7,0,13,7,25,2,7,6,8,0,0
pc-21c6bac0-4491,urzeitliche_kolosse__ohne_pc,control,1,1,0,7,2,12,10,26,2,9,4,10,0,0
pc-d0a90591-4492,solidaritaet_ueberleben__mit_pc,control,0,0,1,10,0,16,14,44,8,13,6,9,0,0
pc-d0a90591-4492,urzeitliche_kolosse__ohne_pc,control,1,1,0,10,1,13,12,46,4,10,9,10,0,0
pc-49f6764f-4493,solidaritaet_ueberleben__mit_pc,control,0,0,1,8,-2,12,7,29,5,7,7,6,0,0
pc-49f6764f-4493,urzeitliche_kolosse__ohne_pc,control,1,1,0,8,4,12,10,33,1,9,2,12,0,1
pc-c343c70c-4494,solidaritaet_ueberleben__mit_pc,control,0,0,1,13,0,18,16,51,33,15,10,9,0,0
pc-c343c70c-4494,urzeitliche_kolosse__ohne_pc,control,1,1,0,13,1,19,15,52,33,14,13,10,0,3
pc-3c9137ca-4495,solidaritaet_ueberleben__mit_pc,control,0,0,1,9,0,15,10,35,5,9,5,4,0,0
pc-3c9137ca-4495,urzeitliche_kolosse__ohne_pc,control,1,1,0,9,6,14,8,37,6,7,5,10,0,0
pc-80498e73-4496,solidaritaet_ueberleben__mit_pc,control,0,0,1,8,0,13,9,31,3,9,2,8,0,0
pc-80498e73-4496,urzeitliche_kolosse__ohne_pc,control,1,1,0,8,2,14,8,30,5,6,7,10,0,0
pc-f996ff30-4497,solidaritaet_ueberleben__mit_pc,control,0,1,1,7,3,12,6,24,2,6,5,10,0,0
pc-f996ff30-4497,urzeitliche_kolosse__ohne_pc,control,1,0,0,7,0,11,9,28,0,8,1,7,0,1
pc-72e44fee-4498,solidaritaet_ueberleben__mit_pc,control,0,1,1,7,1,13,8,28,0,8,2,11,0,0
pc-72e44fee-4498,urzeitliche_kolosse__ohne_pc,control,1,0,0,7,-1,11,8,21,2,7,4,9,0,1
pc-ec31a0ab-4499,solidaritaet_ueberleben__mit_pc,control,0,1,1,9,3,13,10,37,2,9,6,10,2,0
pc-ec31a0ab-4499,urzeitliche_kolosse__ohne_pc,control,1,0,0,9,0,15,11,44,1,9,6,7,0,1
pc-41d8470e-4500,solidaritaet_ueberleben__mit_pc,control,0,0,0,6,-4,10,5,19,1,5,4,6,0,0
pc-41d8470e-4500,urzeitliche_kolosse__ohne_pc,control,1,1,1,6,4,10,6,19,1,6,2,14,0,0
pc-bb25b7cb-4501,solidaritaet_ueberleben__mit_pc,control,0,1,0,8,3,13,10,35,0,10,5,10,0,0
pc-bb25b7cb-4501,urzeitliche_kolosse__ohne_pc,control,1,0,1,8,0,14,9,33,3,8,5,7,0,0
pc-4f3d8593-4502,solidaritaet_ueberleben__mit_pc,control,0,0,0,14,-1,18,18,57,43,17,13,4,0,0
pc-4f3d8593-4502,urzeitliche_kolosse__ohne_pc,control,1,1,1,14,6,18,17,62,31,15,16,11,0,2
pc-c88af650-4503,solidaritaet_ueberleben__mit_pc,control,0,1,0,8,5,12,8,30,3,8,4,10,0,0
pc-c88af650-4503,urzeitliche_kolosse__ohne_pc,control,1,0,1,8,0,14,8,33,3,7,5,5,0,0
pc-5ca2c418-4504,solidaritaet_ueberleben__mit_pc,control,0,1,0,9,2,13,11,35,4,10,3,14,0,0
pc-5ca2c418-4504,urzeitliche_kolosse__ohne_pc,control,1,0,1,9,-4,15,9,33,6,8,6,8,0,1
pc-d5f034d5-4505,solidaritaet_ueberleben__mit_pc,control,0,0,0,6,0,11,6,21,0,6,3,3,0,0
pc-d5f034d5-4505,urzeitliche_kolosse__ohne_pc,control,1,1,1,6,7,12,6,18,0,6,2,10,0,0
pc-6a08029d-4506,solidaritaet_ueberleben__mit_pc,control,0,1,0,12,1,18,13,44,25,12,11,11,0,0
pc-6a08029d-4506,urzeitliche_kolosse__ohne_pc,control,1,0,1,12,-1,16,15,54,16,13,10,9,0,6
pc-e355735a-4507,solidaritaet_ueberleben__mit_pc,control,0,1,0,7,10,12,7,26,0,7,3,11,0,0
pc-e355735a-4507,urzeitliche_kolosse__ohne_pc,control,1,0,1,7,-1,12,7,26,2,7,4,0,0,0
pc-0c434cfa-4508,solidaritaet_ueberleben__mit_pc,control,0,1,0,8,7,13,9,31,1,8,3,13,0,0
pc-0c434cfa-4508,urzeitliche_kolosse__ohne_pc,control,1,0,1,8,-3,14,8,31,4,8,5,3,0,2
pc-8590bdb7-4509,solidaritaet_ueberleben__mit_pc,control,0,1,0,11,3,16,11,44,11,11,9,14,0,0
pc-8590bdb7-4509,urzeitliche_kolosse__ohne_pc,control,1,0,1,11,-4,15,14,47,15,13,7,7,0,0
pc-19a88b7f-4510,solidaritaet_ueberleben__mit_pc,control,0,0,0,13,-1,19,14,51,29,13,7,7,0,0
pc-19a88b7f-4510,urzeitliche_kolosse__ohne_pc,control,1,1,1,13,3,18,14,51,27,12,11,11,0,3
pc-92f5fc3c-4511,solidaritaet_ueberleben__mit_pc,control,0,1,0,7,2,10,6,23,2,6,5,11,0,0
pc-92f5fc3c-4511,urzeitliche_kolosse__ohne_pc,control,1,0,1,7,-1,13,10,27,1,8,3,8,0,1
pc-270dca04-4512,solidaritaet_ueberleben__mit_pc,control,0,1,0,8,6,13,10,34,1,9,5,10,0,0
pc-270dca04-4512,urzeitliche_kolosse__ohne_pc,control,1,0,1,8,0,13,10,33,2,9,5,4,0,0
pc-a05b3ac1-4513,solidaritaet_ueberleben__mit_pc,control,0,0,0,6,-1,11,5,19,2,5,2,0,0,0
pc-a05b3ac1-4513,urzeitliche_kolosse__ohne_pc,control,1,1,1,6,10,11,6,18,2,5,2,11,0,0
pc-34730889-4514,solidaritaet_ueberleben__mit_pc,control,0,1,0,15,2,21,18,60,46,17,13,10,0,0
pc-34730889-4514,urzeitliche_kolosse__ohne_pc,control,1,0,1,15,0,19,18,59,49,16,15,8,0,2
pc-adc07946-4515,solidaritaet_ueberleben__mit_pc,control,0,1,0,8,2,13,9,34,2,8,5,12,0,0
pc-adc07946-4515,urzeitliche_kolosse__ohne_pc,control,1,0,1,8,-2,13,11,32,3,9,6,8,0,1
pc-d6ae52e5-4516,solidaritaet_ueberleben__mit_pc,control,0,1,0,9,3,13,10,34,6,9,5,10,0,0
pc-d6ae52e5-4516,urzeitliche_kolosse__ohne_pc,control,1,0,1,9,0,14,11,38,6,10,8,7,0,5
pc-4ffba3a3-4517,solidaritaet_ueberleben__mit_pc,control,0,1,0,10,5,16,14,43,7,13,9,11,1,0
pc-4ffba3a3-4517,urzeitliche_kolosse__ohne_pc,control,1,0,1,10,-1,14,13,44,6,11,8,5,0,1
pc-e413916a-4518,solidaritaet_ueberleben__mit_pc,control,0,0,0,7,0,11,9,25,3,9,3,5,0,0
pc-e413916a-4518,urzeitliche_kolosse__ohne_pc,control,1,1,1,7,5,12,9,25,1,8,5,10,0,0
pc-5d60e228-4519,solidaritaet_ueberleben__mit_pc,control,0,0,0,8,0,12,9,28,7,9,3,3,0,0
pc-5d60e228-4519,urzeitliche_kolosse__ohne_pc,control,1,1,1,8,7,13,8,31,3,8,8,10,0,1
pc-f178cfef-4520,solidaritaet_ueberleben__mit_pc,control,0,1,0,14,4,19,18,59,38,17,13,10,3,0
pc-f178cfef-4520,urzeitliche_kolosse__ohne_pc,control,1,0,1,14,0,18,17,56,36,15,13,6,0,3
pc-6ac620ad-4521,solidaritaet_ueberleben__mit_pc,control,0,1,0,6,4,10,5,19,2,5,3,10,0,0
pc-6ac620ad-4521,urzeitliche_kolosse__ohne_pc,control,1,0,1,6,0,11,7,14,6,5,1,6,0,0
pc-fede0e74-4522,solidaritaet_ueberleben__mit_pc,control,0,0,0,7,0,12,8,27,1,8,1,2,0,0
pc-fede0e74-4522,urzeitliche_kolosse__ohne_pc,control,1,1,1,7,8,11,8,25,3,6,5,10,0,0
pc-782b7f32-4523,solidaritaet_ueberleben__mit_pc,control,0,1,0,10,5,15,13,42,5,12,8,15,1,0
pc-782b7f32-4523,urzeitliche_kolosse__ohne_pc,control,1,0,1,10,-5,14,13,44,5,12,9,5,0,5
pc-a11958d1-4524,solidaritaet_ueberleben__mit_pc,control,0,0,0,13,-1,19,14,50,31,13,11,8,0,0
pc-a11958d1-4524,urzeitliche_kolosse__ohne_pc,control,1,1,1,13,2,17,16,62,20,14,9,11,0,1
pc-1a66a98f-4525,solidaritaet_ueberleben__mit_pc,control,0,0,0,13,0,19,16,54,30,15,10,6,0,0
pc-1a66a98f-4525,urzeitliche_kolosse__ohne_pc,control,1,1,1,13,4,19,16,52,30,15,11,10,0,4
pc-ae7e9756-4526,solidaritaet_ueberleben__mit_pc,control,0,1,0,8,4,15,8,30,2,8,3,11,0,0
pc-ae7e9756-4526,urzeitliche_kolosse__ohne_pc,control,1,0,1,8,-1,13,9,32,4,8,3,6,0,3
pc-27cbe814-4527,solidaritaet_ueberleben__mit_pc,control,0,1,0,8,3,12,9,30,6,8,6,16,0,0
pc-27cbe814-4527,urzeitliche_kolosse__ohne_pc,control,1,0,1,8,-6,14,9,33,3,9,3,7,0,1
pc-bbe3d5db-4528,solidaritaet_ueberleben__mit_pc,control,0,1,0,9,4,14,9,31,10,8,2,10,0,0
pc-bbe3d5db-4528,urzeitliche_kolosse__ohne_pc,control,1,0,1,9,0,14,8,38,7,7,3,6,0,2
pc-35312699-4529,solidaritaet_ueberleben__mit_pc,control,0,1,0,7,3,11,6,26,1,6,3,10,0,0
pc-35312699-4529,urzeitliche_kolosse__ohne_pc,control,1,0,1,7,0,14,7,25,3,6,4,7,0,1
pc-c9491460-4530,solidaritaet_ueberleben__mit_pc,control,0,1,0,8,7,13,11,32,4,10,3,12,0,0
pc-c9491460-4530,urzeitliche_kolosse__ohne_pc,control,1,0,1,8,-2,12,8,29,7,7,9,3,0,1
pc-4296651e-4531,solidaritaet_ueberleben__mit_pc,control,0,1,0,12,4,17,14,56,13,14,11,12,0,0
pc-4296651e-4531,urzeitliche_kolosse__ohne_pc,control,1,0,1,12,-2,16,15,53,16,13,10,6,0,4
pc-6b845ebd-4532,solidaritaet_ueberleben__mit_pc,control,0,0,0,8,0,13,8,28,6,8,5,4,0,0
pc-6b845ebd-4532,urzeitliche_kolosse__ohne_pc,control,1,1,1,8,6,13,10,35,1,8,4,10,0,2
pc-e4d1af7a-4533,solidaritaet_ueberleben__mit_pc,control,0,0,0,12,-3,17,15,48,22,14,6,6,0,0
pc-e4d1af7a-4533,urzeitliche_kolosse__ohne_pc,control,1,1,1,12,4,18,13,54,14,11,13,13,0,0
pc-78e99d42-4534,solidaritaet_ueberleben__mit_pc,control,0,0,0,15,-2,22,14,48,57,13,8,7,0,0
pc-78e99d42-4534,urzeitliche_kolosse__ohne_pc,control,1,1,1,15,3,19,15,60,45,13,9,12,0,1
pc-f236edff-4535,solidaritaet_ueberleben__mit_pc,control,0,1,0,6,10,12,6,19,0,6,3,11,0,0
pc-f236edff-4535,urzeitliche_kolosse__ohne_pc,control,1,0,1,6,-1,11,6,17,4,6,2,0,0,0
pc-864edbc7-4536,solidaritaet_ueberleben__mit_pc,control,0,0,0,14,-2,19,17,54,42,16,12,4,0,0
pc-864edbc7-4536,urzeitliche_kolosse__ohne_pc,control,1,1,1,14,6,18,17,65,30,15,15,12,0,1
pc-ff9c2c84-4537,solidaritaet_ueberleben__mit_pc,control,0,1,0,9,3,14,10,36,3,9,6,14,0,0
pc-ff9c2c84-4537,urzeitliche_kolosse__ohne_pc,control,1,0,1,9,-4,14,11,41,2,10,5,7,0,2
pc-93b41a4c-4538,solidaritaet_ueberleben__mit_pc,control,0,0,0,10,-2,16,13,39,10,12,4,7,0,0
pc-93b41a4c-4538,urzeitliche_kolosse__ohne_pc,control,1,1,1,10,3,16,10,36,13,9,11,12,0,3
pc-0d016b0a-4539,solidaritaet_ueberleben__mit_pc,control,0,0,0,5,0,10,4,14,1,4,1,0,0,0
pc-0d016b0a-4539,urzeitliche_kolosse__ohne_pc,control,1,1,1,5,10,9,6,14,0,5,2,10,0,0
pc-35ef44a9-4540,solidaritaet_ueberleben__mit_pc,control,0,0,0,6,-1,12,5,20,1,5,1,0,0,0
pc-35ef44a9-4540,urzeitliche_kolosse__ohne_pc,control,1,1,1,6,10,11,5,16,2,5,3,11,0,0
pc-af3cb566-4541,solidaritaet_ueberleben__mit_pc,control,0,1,0,8,1,13,8,31,1,8,6,15,0,0
pc-af3cb566-4541,urzeitliche_kolosse__ohne_pc,control,1,0,1,8,-5,13,9,34,2,9,4,9,0,2
pc-4354832e-4542,solidaritaet_ueberleben__mit_pc,control,0,1,0,14,1,21,13,51,40,12,11,10,0,0
pc-4354832e-4542,urzeitliche_kolosse__ohne_pc,control,1,0,1,14,0,19,17,66,27,15,7,9,0,2
pc-bca1f3eb-4543,solidaritaet_ueberleben__mit_pc,control,0,1,0,8,4,14,9,33,1,9,7,11,0,0
pc-bca1f3eb-4543,urzeitliche_kolosse__ohne_pc,control,1,0,1,8,-1,14,9,33,3,8,5,6,0,0
pc-50b9c1b3-4544,solidaritaet_ueberleben__mit_pc,control,0,0,0,8,-3,12,9,29,7,9,2,5,0,0
pc-50b9c1b3-4544,urzeitliche_kolosse__ohne_pc,control,1,1,1,8,5,13,8,32,4,7,5,13,0,3
pc-ca073270-4545,solidaritaet_ueberleben__mit_pc,control,0,0,0,9,0,14,12,37,3,12,6,9,0,0
pc-ca073270-4545,urzeitliche_kolosse__ohne_pc,control,1,1,1,9,1,15,12,39,2,10,10,10,0,1
pc-5e1f0038-4546,solidaritaet_ueberleben__mit_pc,control,0,0,0,4,0,10,3,8,1,3,0,1,0,0
pc-5e1f0038-4546,urzeitliche_kolosse__ohne_pc,control,1,1,1,4,9,8,4,8,1,3,0,10,0,0
pc-d76c70f5-4547,solidaritaet_ueberleben__mit_pc,control,0,0,0,12,-2,17,15,46,23,14,11,5,2,0
pc-d76c70f5-4547,urzeitliche_kolosse__ohne_pc,control,1,1,1,12,5,16,15,51,17,13,9,12,0,5
pc-005a4a95-4548,solidaritaet_ueberleben__mit_pc,control,0,0,0,7,0,11,10,26,0,10,1,6,0,0
pc-005a4a95-4548,urzeitliche_kolosse__ohne_pc,control,1,1,1,7,4,12,6,26,2,6,6,10,0,4
pc-79a7bb52-4549,solidaritaet_ueberleben__mit_pc,control,0,1,0,8,5,12,11,33,3,10,3,13,0,0
pc-79a7bb52-4549,urzeitliche_kolosse__ohne_pc,control,1,0,1,8,-3,13,8,30,4,7,8,5,0,3
pc-0dbf891a-4550,solidaritaet_ueberleben__mit_pc,control,0,0,0,13,0,17,16,58,24,15,11,6,0,0
pc-0dbf891a-4550,urzeitliche_kolosse__ohne_pc,control,1,1,1,13,4,18,16,61,27,15,11,10,0,8
pc-870cf9d7-4551,solidaritaet_ueberleben__mit_pc,control,0,0,0,8,-2,12,8,24,4,8,6,4,0,0
pc-870cf9d7-4551,urzeitliche_kolosse__ohne_pc,control,1,1,1,8,6,14,8,30,3,8,3,12,0,0
pc-1b24c79f-4552,solidaritaet_ueberleben__mit_pc,control,0,0,0,9,-5,15,12,40,3,11,4,8,0,0
pc-1b24c79f-4552,urzeitliche_kolosse__ohne_pc,control,1,1,1,9,2,15,10,37,5,9,8,15,0,1
pc-9472385c-4553,solidaritaet_ueberleben__mit_pc,control,0,0,0,7,-1,12,8,25,2,8,2,6,0,0
pc-9472385c-4553,urzeitliche_kolosse__ohne_pc,control,1,1,1,7,4,13,7,21,7,5,4,11,0,0
pc-288a0624-4554,solidaritaet_ueberleben__mit_pc,control,0,0,0,9,-3,14,9,35,4,8,7,9,0,0
pc-288a0624-4554,urzeitliche_kolosse__ohne_pc,control,1,1,1,9,1,14,12,40,3,11,4,13,0,2
pc-a1d776e1-4555,solidaritaet_ueberleben__mit_pc,control,0,0,0,13,0,17,15,50,28,14,11,9,0,0
pc-a1d776e1-4555,urzeitliche_kolosse__ohne_pc,control,1,1,1,13,1,18,16,59,24,15,11,10,0,6
pc-cac55080-4556,solidaritaet_ueberleben__mit_pc,control,0,1,0,7,8,12,7,25,1,7,2,14,0,0
pc-cac55080-4556,urzeitliche_kolosse__ohne_pc,control,1,0,1,7,-4,13,8,25,3,6,4,2,0,0
pc-4412a13e-4557,solidaritaet_ueberleben__mit_pc,control,0,1,0,10,1,15,14,40,10,13,10,13,2,0
pc-4412a13e-4557,urzeitliche_kolosse__ohne_pc,control,1,0,1,10,-3,14,12,44,11,11,11,9,0,0
pc-d82a8f05-4558,solidaritaet_ueberleben__mit_pc,control,0,1,0,11,3,15,14,45,11,14,10,10,1,0
pc-d82a8f05-4558,urzeitliche_kolosse__ohne_pc,control,1,0,1,11,0,16,14,56,10,13,14,7,0,9
pc-5177ffc3-4559,solidaritaet_ueberleben__mit_pc,control,0,0,0,10,-2,16,10,34,11,9,5,6,0,0
pc-5177ffc3-4559,urzeitliche_kolosse__ohne_pc,control,1,1,1,10,4,16,11,42,3,10,5,12,0,0
pc-e58fcd8a-4560,solidaritaet_ueberleben__mit_pc,control,0,1,0,8,3,13,9,27,1,8,5,10,0,0
pc-e58fcd8a-4560,urzeitliche_kolosse__ohne_pc,control,1,0,1,8,0,12,11,29,3,9,5,7,0,0
pc-5edd3e48-4561,solidaritaet_ueberleben__mit_pc,control,0,1,0,8,3,11,10,31,2,9,3,13,0,0
pc-5edd3e48-4561,urzeitliche_kolosse__ohne_pc,control,1,0,1,8,-3,12,10,31,3,8,6,7,0,1
pc-f2f50c0f-4562,solidaritaet_ueberleben__mit_pc,control,0,0,0,8,-2,14,7,31,3,7,5,7,0,0
pc-f2f50c0f-4562,urzeitliche_kolosse__ohne_pc,control,1,1,1,8,3,13,9,32,4,8,3,12,0,0
pc-6c427ccd-4563,solidaritaet_ueberleben__mit_pc,control,0,0,0,4,-1,8,3,9,1,3,1,3,0,0
pc-6c427ccd-4563,urzeitliche_kolosse__ohne_pc,control,1,1,1,4,7,9,4,8,0,3,1,11,0,0
pc-ee8057af-4564,solidaritaet_ueberleben__mit_pc,control,0,0,0,6,-1,10,6,15,0,6,2,4,0,0
pc-ee8057af-4564,urzeitliche_kolosse__ohne_pc,control,1,1,1,6,6,12,4,14,1,4,2,11,0,0
pc-67cda86d-4565,solidaritaet_ueberleben__mit_pc,control,0,0,0,9,-3,15,7,27,9,6,6,8,0,0
pc-67cda86d-4565,urzeitliche_kolosse__ohne_pc,control,1,1,1,9,2,15,9,35,4,9,2,13,0,0
pc-fbe59634-4566,solidaritaet_ueberleben__mit_pc,control,0,1,0,7,4,13,7,23,2,7,5,14,0,0
pc-fbe59634-4566,urzeitliche_kolosse__ohne_pc,control,1,0,1,7,-4,12,9,24,1,7,2,6,0,2
pc-7532e6f2-4567,solidaritaet_ueberleben__mit_pc,control,0,1,0,13,2,19,17,57,22,16,13,10,0,0
pc-7532e6f2-4567,urzeitliche_kolosse__ohne_pc,control,1,0,1,13,0,18,16,58,25,15,12,8,0,2
pc-094ad4ba-4568,solidaritaet_ueberleben__mit_pc,control,0,0,0,11,0,15,10,37,18,9,8,9,0,0
pc-094ad4ba-4568,urzeitliche_kolosse__ohne_pc,control,1,1,1,11,1,17,14,52,11,12,5,10,0,1
pc-82982577-4569,solidaritaet_ueberleben__mit_pc,control,0,0,0,12,-3,16,15,48,24,14,6,8,0,0
pc-82982577-4569,urzeitliche_kolosse__ohne_pc,control,1,1,1,12,2,18,11,44,26,9,11,13,0,4
pc-16b0133f-4570,solidaritaet_ueberleben__mit_pc,control,0,0,0,10,-2,14,14,39,12,14,8,3,1,0
pc-16b0133f-4570,urzeitliche_kolosse__ohne_pc,control,1,1,1,10,7,13,13,48,5,11,11,12,0,2
pc-8ffd63fc-4571,solidaritaet_ueberleben__mit_pc,control,0,0,0,8,0,13,10,34,1,9,3,7,0,0
pc-8ffd63fc-4571,urzeitliche_kolosse__ohne_pc,control,1,1,1,8,3,11,7,29,3,7,8,10,0,2
pc-b8eb5d9b-4572,solidaritaet_ueberleben__mit_pc,control,0,0,0,8,0,13,8,34,2,8,4,6,0,0
pc-b8eb5d9b-4572,urzeitliche_kolosse__ohne_pc,control,1,1,1,8,4,14,8,33,3,7,3,10,0,2
pc-3238ae59-4573,solidaritaet_ueberleben__mit_pc,control,0,1,0,9,3,14,7,31,5,6,4,10,0,0
pc-3238ae59-4573,urzeitliche_kolosse__ohne_pc,control,1,0,1,9,0,14,10,38,2,9,4,7,0,2
pc-c6509c20-4574,solidaritaet_ueberleben__mit_pc,control,0,1,0,11,2,16,12,43,12,12,9,11,1,0
pc-c6509c20-4574,urzeitliche_kolosse__ohne_pc,control,1,0,1,11,-1,16,14,46,12,12,8,8,0,1
pc-3f9decde-4575,solidaritaet_ueberleben__mit_pc,control,0,1,0,10,1,14,12,42,8,11,10,10,0,0
pc-3f9decde-4575,urzeitliche_kolosse__ohne_pc,control,1,0,1,10,0,14,13,39,10,12,7,9,0,0
pc-d3b5daa5-4576,solidaritaet_ueberleben__mit_pc,control,0,1,0,7,3,12,8,26,1,8,4,10,0,0
pc-d3b5daa5-4576,urzeitliche_kolosse__ohne_pc,control,1,0,1,7,0,11,7,23,5,6,4,7,0,0
pc-4d032b63-4577,solidaritaet_ueberleben__mit_pc,control,0,0,0,6,-1,13,7,21,0,7,3,4,1,0
pc-4d032b63-4577,urzeitliche_kolosse__ohne_pc,control,1,1,1,6,6,11,6,19,0,6,2,11,0,0
pc-e11b192a-4578,solidaritaet_ueberleben__mit_pc,control,0,0,0,8,-1,11,8,33,2,8,5,1,0,0
pc-e11b192a-4578,urzeitliche_kolosse__ohne_pc,control,1,1,1,8,9,13,10,32,2,10,5,11,0,0
pc-5a6869e8-4579,solidaritaet_ueberleben__mit_pc,control,0,0,0,9,-1,14,10,35,10,10,4,4,0,0
pc-5a6869e8-4579,urzeitliche_kolosse__ohne_pc,control,1,1,1,9,6,13,10,36,0,9,6,11,0,1
pc-83564387-4580,solidaritaet_ueberleben__mit_pc,control,0,1,0,8,5,14,9,33,2,9,4,13,0,0
pc-83564387-4580,urzeitliche_kolosse__ohne_pc,control,1,0,1,8,-3,13,10,31,4,8,5,5,0,3
pc-fca3b444-4581,solidaritaet_ueberleben__mit_pc,control,0,1,0,7,3,12,7,25,2,6,5,14,0,0
pc-fca3b444-4581,urzeitliche_kolosse__ohne_pc,control,1,0,1,7,-4,12,7,21,2,6,3,7,0,0
pc-90bb820c-4582,solidaritaet_ueberleben__mit_pc,control,0,0,0,8,-2,15,9,32,3,8,3,2,0,0
pc-90bb820c-4582,urzeitliche_kolosse__ohne_pc,control,1,1,1,8,8,14,8,33,3,8,5,12,0,0
pc-0a08f2ca-4583,solidaritaet_ueberleben__mit_pc,control,0,1,0,8,3,13,11,30,2,10,6,10,3,0
pc-0a08f2ca-4583,urzeitliche_kolosse__ohne_pc,control,1,0,1,8,0,14,9,31,2,8,7,7,0,0
pc-9e20c091-4584,solidaritaet_ueberleben__mit_pc,control,0,0,0,10,0,15,12,39,12,11,8,6,0,0
pc-9e20c091-4584,urzeitliche_kolosse__ohne_pc,control,1,1,1,10,4,16,11,48,4,11,7,10,0,1
pc-176e314f-4585,solidaritaet_ueberleben__mit_pc,control,0,1,0,12,4,17,15,50,19,15,9,13,0,0
pc-176e314f-4585,urzeitliche_kolosse__ohne_pc,control,1,0,1,12,-3,16,15,53,17,13,12,6,0,2
pc-ab861f16-4586,solidaritaet_ueberleben__mit_pc,control,0,1,0,9,8,16,10,37,7,10,3,10,0,0
pc-ab861f16-4586,urzeitliche_kolosse__ohne_pc,control,1,0,1,9,0,15,8,34,9,7,7,2,0,2
pc-24d36fd4-4587,solidaritaet_ueberleben__mit_pc,control,0,0,0,11,0,15,13,42,18,12,2,3,0,0
pc-24d36fd4-4587,urzeitliche_kolosse__ohne_pc,control,1,1,1,11,7,16,8,30,25,7,9,10,0,1
pc-4dc14973-4588,solidaritaet_ueberleben__mit_pc,control,0,0,0,15,0,22,17,61,50,17,15,9,0,0
pc-4dc14973-4588,urzeitliche_kolosse__ohne_pc,control,1,1,1,15,1,21,18,69,40,17,17,10,0,3
pc-c70eba30-4589,solidaritaet_ueberleben__mit_pc,control,0,1,0,12,2,17,15,54,12,14,13,10,0,0
pc-c70eba30-4589,urzeitliche_kolosse__ohne_pc,control,1,0,1,12,0,18,15,55,13,14,10,8,0,1
pc-5b2687f8-4590,solidaritaet_ueberleben__mit_pc,control,0,0,0,9,-3,14,11,41,4,11,6,8,0,0
pc-5b2687f8-4590,urzeitliche_kolosse__ohne_pc,control,1,1,1,9,2,13,11,38,5,10,6,13,0,2
pc-d473f8b5-4591,solidaritaet_ueberleben__mit_pc,control,0,1,0,9,3,15,10,37,5,9,4,10,0,0
pc-d473f8b5-4591,urzeitliche_kolosse__ohne_pc,control,1,0,1,9,0,13,11,40,5,9,7,7,0,0
pc-688bc67d-4592,solidaritaet_ueberleben__mit_pc,control,0,0,0,9,0,12,8,29,7,7,3,5,0,0
pc-688bc67d-4592,urzeitliche_kolosse__ohne_pc,control,1,1,1,9,5,14,7,36,7,7,4,10,0,1
pc-e1d9373a-4593,solidaritaet_ueberleben__mit_pc,control,0,0,0,7,-1,12,8,25,2,8,1,9,0,0
pc-e1d9373a-4593,urzeitliche_kolosse__ohne_pc,control,1,1,1,7,1,12,6,21,7,6,6,11,0,0
pc-75f10502-4594,solidaritaet_ueberleben__mit_pc,control,0,1,0,10,1,15,11,37,8,11,6,12,0,0
pc-75f10502-4594,urzeitliche_kolosse__ohne_pc,control,1,0,1,10,-2,15,11,34,17,9,7,9,0,2
pc-ef3e75bf-4595,solidaritaet_ueberleben__mit_pc,control,0,0,0,8,0,14,9,34,2,9,3,4,0,0
pc-ef3e75bf-4595,urzeitliche_kolosse__ohne_pc,control,1,1,1,8,6,14,7,32,4,7,5,10,0,0
pc-182c4f5f-4596,solidaritaet_ueberleben__mit_pc,control,0,1,0,7,1,11,8,26,2,8,4,10,0,0
pc-182c4f5f-4596,urzeitliche_kolosse__ohne_pc,control,1,0,1,7,0,12,7,24,3,6,5,9,0,1
pc-9179a01c-4597,solidaritaet_ueberleben__mit_pc,control,0,1,0,9,10,14,9,33,3,9,3,14,0,0
pc-9179a01c-4597,urzeitliche_kolosse__ohne_pc,control,1,0,1,9,-4,15,9,40,3,7,4,0,0,2
pc-25918de4-4598,solidaritaet_ueberleben__mit_pc,control,0,0,0,6,0,11,6,21,0,6,4,6,0,0
pc-25918de4-4598,urzeitliche_kolosse__ohne_pc,control,1,1,1,6,4,10,6,18,2,6,4,10,0,0
pc-9edefea1-4599,solidaritaet_ueberleben__mit_pc,control,0,1,0,13,1,18,13,50,28,12,13,10,0,0
pc-9edefea1-4599,urzeitliche_kolosse__ohne_pc,control,1,0,1,13,0,19,16,62,18,14,9,9,0,2
pc-691f9b4d-4600,solidaritaet_ueberleben__ohne_pc,control,0,0,1,9,0,14,12,37,8,11,3,3,1,0
pc-691f9b4d-4600,urzeitliche_kolosse__mit_pc,control,1,1,0,9,7,14,8,31,5,8,8,10,0,0
pc-e26cec0a-4601,solidaritaet_ueberleben__ohne_pc,control,0,0,1,10,-1,17,13,48,3,12,6,9,2,0
pc-e26cec0a-4601,urzeitliche_kolosse__mit_pc,control,1,1,0,10,1,15,11,37,8,11,10,11,0,2
pc-5bba5cc8-4602,solidaritaet_ueberleben__ohne_pc,control,0,0,1,9,-2,13,9,32,6,9,7,8,0,0
pc-5bba5cc8-4602,urzeitliche_kolosse__mit_pc,control,1,1,0,9,2,15,12,43,1,11,8,12,0,1
pc-d507ad85-4603,solidaritaet_ueberleben__ohne_pc,control,0,0,1,4,-1,8,4,9,1,4,0,2,0,0
pc-d507ad85-4603,urzeitliche_kolosse__mit_pc,control,1,1,0,4,8,10,4,10,0,3,0,11,0,0
pc-83ea1857-4604,solidaritaet_ueberleben__ohne_pc,control,0,1,1,11,4,17,12,43,15,12,4,14,0,0
pc-83ea1857-4604,urzeitliche_kolosse__mit_pc,control,1,0,0,11,-4,17,10,36,19,9,8,6,0,0
pc-fd376914-4605,solidaritaet_ueberleben__ohne_pc,control,0,0,1,14,-2,21,17,56,38,16,10,6,0,0
pc-fd376914-4605,urzeitliche_kolosse__mit_pc,control,1,1,0,14,4,20,15,66,28,14,15,12,0,2
pc-7684d9d2-4606,solidaritaet_ueberleben__ohne_pc,control,0,1,1,8,1,13,9,28,3,9,5,13,0,0
pc-7684d9d2-4606,urzeitliche_kolosse__mit_pc,control,1,0,0,8,-3,13,8,27,9,8,5,9,0,2
pc-efd22a8f-4607,solidaritaet_ueberleben__ohne_pc,control,0,1,1,11,3,18,14,50,8,14,5,10,0,0
pc-efd22a8f-4607,urzeitliche_kolosse__mit_pc,control,1,0,0,11,0,17,10,41,14,10,12,7,0,0
pc-338a8139-4608,solidaritaet_ueberleben__ohne_pc,control,0,0,1,9,-3,16,11,33,12,10,5,4,3,0
pc-338a8139-4608,urzeitliche_kolosse__mit_pc,control,1,1,0,9,6,14,10,43,2,10,5,13,0,1
pc-acd7f1f6-4609,solidaritaet_ueberleben__ohne_pc,control,0,0,1,12,0,19,16,44,31,15,6,2,0,0
pc-acd7f1f6-4609,urzeitliche_kolosse__mit_pc,control,1,1,0,12,8,18,11,45,21,11,12,10,0,0
pc-262542b4-4610,solidaritaet_ueberleben__ohne_pc,control,0,1,1,10,3,14,14,46,9,14,5,10,1,0
pc-262542b4-4610,urzeitliche_kolosse__mit_pc,control,1,0,0,10,0,15,11,48,5,10,11,7,0,4
pc-9f72b371-4611,solidaritaet_ueberleben__ohne_pc,control,0,1,1,8,5,13,8,31,1,8,5,11,0,0
pc-9f72b371-4611,urzeitliche_kolosse__mit_pc,control,1,0,0,8,-1,12,8,32,3,8,3,5,0,0
pc-4e551e43-4612,solidaritaet_ueberleben__ohne_pc,control,0,1,1,9,1,15,8,27,9,7,4,11,0,0
pc-4e551e43-4612,urzeitliche_kolosse__mit_pc,control,1,0,0,9,-1,14,9,38,6,8,3,9,0,0
pc-c7a26f00-4613,solidaritaet_ueberleben__ohne_pc,control,0,0,1,12,0,16,15,44,28,14,8,1,0,0
pc-c7a26f00-4613,urzeitliche_kolosse__mit_pc,control,1,1,0,12,9,16,12,52,14,11,12,10,0,0
pc-40efdfbe-4614,solidaritaet_ueberleben__ohne_pc,control,0,0,1,8,-3,13,7,24,9,7,4,2,0,0
pc-40efdfbe-4614,urzeitliche_kolosse__mit_pc,control,1,1,0,8,8,13,9,34,2,8,2,13,0,1
pc-ba3d307b-4615,solidaritaet_ueberleben__ohne_pc,control,0,0,1,10,-1,14,13,42,5,12,5,3,0,0
pc-ba3d307b-4615,urzeitliche_kolosse__mit_pc,control,1,1,0,10,7,15,10,45,3,10,9,11,0,0
pc-d4498f75-4616,solidaritaet_ueberleben__ohne_pc,control,0,1,1,7,6,12,7,25,2,7,0,10,0,0
pc-d4498f75-4616,urzeitliche_kolosse__mit_pc,control,1,0,0,7,0,13,6,19,4,5,3,4,0,1
pc-4d96e033-4617,solidaritaet_ueberleben__ohne_pc,control,0,1,1,7,3,12,7,26,1,7,4,12,0,0
pc-4d96e033-4617,urzeitliche_kolosse__mit_pc,control,1,0,0,7,-2,11,8,25,3,7,2,7,0,0
pc-c6e450f0-4618,solidaritaet_ueberleben__ohne_pc,control,0,0,1,12,0,17,15,48,22,15,11,9,0,0
pc-c6e450f0-4618,urzeitliche_kolosse__mit_pc,control,1,1,0,12,1,16,15,56,14,14,12,10,0,1
pc-4031a1ae-4619,solidaritaet_ueberleben__ohne_pc,control,0,1,1,7,4,12,8,26,1,8,4,12,0,0
pc-4031a1ae-4619,urzeitliche_kolosse__mit_pc,control,1,0,0,7,-2,12,9,25,3,8,5,6,0,1
pc-ef140c7f-4620,solidaritaet_ueberleben__ohne_pc,control,0,0,1,11,0,16,12,42,19,11,5,2,0,0
pc-ef140c7f-4620,urzeitliche_kolosse__mit_pc,control,1,1,0,11,8,17,11,55,5,10,7,10,0,1
pc-68617d3d-4621,solidaritaet_ueberleben__ohne_pc,control,0,0,1,9,-3,13,12,37,4,12,3,9,0,0
pc-68617d3d-4621,urzeitliche_kolosse__mit_pc,control,1,1,0,9,1,14,9,42,3,8,9,13,0,2
pc-e1aecdfa-4622,solidaritaet_ueberleben__ohne_pc,control,0,1,1,10,5,14,12,38,11,11,5,10,0,0
pc-e1aecdfa-4622,urzeitliche_kolosse__mit_pc,control,1,0,0,10,0,15,11,45,7,10,7,5,0,4
pc-5afc3eb8-4623,solidaritaet_ueberleben__ohne_pc,control,0,1,1,9,4,14,10,36,5,9,6,12,0,0
pc-5afc3eb8-4623,urzeitliche_kolosse__mit_pc,control,1,0,0,9,-2,15,9,36,7,8,6,6,0,2
pc-9eb49561-4624,solidaritaet_ueberleben__ohne_pc,control,0,0,1,10,-1,15,11,37,11,11,6,6,0,0
pc-9eb49561-4624,urzeitliche_kolosse__mit_pc,control,1,1,0,10,4,16,12,46,9,11,6,11,0,1
pc-1801e61f-4625,solidaritaet_ueberleben__ohne_pc,control,0,0,1,11,-2,16,12,41,20,11,9,9,0,0
pc-1801e61f-4625,urzeitliche_kolosse__mit_pc,control,1,1,0,11,1,16,13,56,6,13,8,12,0,2
pc-914f56dc-4626,solidaritaet_ueberleben__ohne_pc,control,0,0,1,10,-1,16,11,38,11,10,9,8,0,0
pc-914f56dc-4626,urzeitliche_kolosse__mit_pc,control,1,1,0,10,2,16,12,50,2,12,6,11,0,0
pc-0a9ca79a-4627,solidaritaet_ueberleben__ohne_pc,control,0,0,1,9,-2,15,10,36,3,9,7,9,0,0
pc-0a9ca79a-4627,urzeitliche_kolosse__mit_pc,control,1,1,0,9,1,13,10,37,6,9,4,12,0,0
pc-b97f126b-4628,solidaritaet_ueberleben__ohne_pc,control,0,0,1,9,-2,13,10,30,6,10,7,6,0,0
pc-b97f126b-4628,urzeitliche_kolosse__mit_pc,control,1,1,0,9,4,13,9,32,4,9,6,12,0,0
pc-32cc6329-4629,solidaritaet_ueberleben__ohne_pc,control,0,0,1,9,0,15,12,37,4,11,5,5,0,0
pc-32cc6329-4629,urzeitliche_kolosse__mit_pc,control,1,1,0,9,5,14,10,37,1,9,8,10,0,1
pc-ac19d3e6-4630,solidaritaet_ueberleben__ohne_pc,control,0,0,1,6,0,10,6,19,2,5,0,6,0,0
pc-ac19d3e6-4630,urzeitliche_kolosse__mit_pc,control,1,1,0,6,4,11,6,17,3,5,2,10,0,0
pc-256724a4-4631,solidaritaet_ueberleben__ohne_pc,control,0,1,1,8,1,11,9,30,3,9,5,12,0,0
pc-256724a4-4631,urzeitliche_kolosse__mit_pc,control,1,0,0,8,-2,13,8,33,3,8,4,9,0,0
pc-3f73839e-4632,solidaritaet_ueberleben__ohne_pc,control,0,0,1,12,-1,17,14,43,23,14,6,8,1,0
pc-3f73839e-4632,urzeitliche_kolosse__mit_pc,control,1,1,0,12,2,17,11,45,25,11,10,11,0,0
pc-b8c0f45b-4633,solidaritaet_ueberleben__ohne_pc,control,0,0,1,9,-3,14,12,40,2,12,3,6,0,0
pc-b8c0f45b-4633,urzeitliche_kolosse__mit_pc,control,1,1,0,9,4,14,8,40,3,8,9,13,0,3
pc-320e4519-4634,solidaritaet_ueberleben__ohne_pc,control,0,1,1,9,3,13,9,31,9,8,9,11,0,0
pc-320e4519-4634,urzeitliche_kolosse__mit_pc,control,1,0,0,9,-1,14,12,40,3,11,3,7,0,0
pc-ab5bb5d6-4635,solidaritaet_ueberleben__ohne_pc,control,0,0,1,8,0,13,9,21,7,9,5,5,0,0
pc-ab5bb5d6-4635,urzeitliche_kolosse__mit_pc,control,1,1,0,8,5,15,9,32,4,8,4,10,0,0
pc-5a3e00a8-4636,solidaritaet_ueberleben__ohne_pc,control,0,0,1,10,-2,14,11,36,9,11,7,6,0,0
pc-5a3e00a8-4636,urzeitliche_kolosse__mit_pc,control,1,1,0,10,4,14,12,45,4,11,8,12,0,4
pc-d38b7165-4637,solidaritaet_ueberleben__ohne_pc,control,0,1,1,8,7,13,9,34,1,9,3,10,0,0
pc-d38b7165-4637,urzeitliche_kolosse__mit_pc,control,1,0,0,8,0,13,9,34,2,8,5,3,0,0
pc-4cd8c223-4638,solidaritaet_ueberleben__ohne_pc,control,0,0,1,11,-2,15,12,36,19,11,6,2,0,0
pc-4cd8c223-4638,urzeitliche_kolosse__mit_pc,control,1,1,0,11,8,16,8,40,15,8,6,12,0,1
pc-c62632e0-4639,solidaritaet_ueberleben__ohne_pc,control,0,1,1,8,4,13,8,29,3,8,5,11,0,0
pc-c62632e0-4639,urzeitliche_kolosse__mit_pc,control,1,0,0,8,-1,13,8,33,3,8,5,6,0,1
pc-09de898a-4640,solidaritaet_ueberleben__ohne_pc,control,0,0,1,5,-1,10,5,15,0,4,1,2,0,0
pc-09de898a-4640,urzeitliche_kolosse__mit_pc,control,1,1,0,5,8,11,5,15,0,4,1,11,0,0
pc-832bfa47-4641,solidaritaet_ueberleben__ohne_pc,control,0,0,1,8,-2,12,11,32,2,10,2,5,0,0
pc-832bfa47-4641,urzeitliche_kolosse__mit_pc,control,1,1,0,8,5,12,8,34,2,7,6,12,0,2
pc-fc794b04-4642,solidaritaet_ueberleben__ohne_pc,control,0,0,1,11,-6,15,14,41,20,13,7,4,1,0
pc-fc794b04-4642,urzeitliche_kolosse__mit_pc,control,1,1,0,11,6,14,12,47,13,11,11,16,0,2
pc-75c6bbc2-4643,solidaritaet_ueberleben__ohne_pc,control,0,0,1,9,-3,13,9,26,10,9,5,8,0,0
pc-75c6bbc2-4643,urzeitliche_kolosse__mit_pc,control,1,1,0,9,2,15,9,33,3,9,5,13,0,0
pc-24a90694-4644,solidaritaet_ueberleben__ohne_pc,control,0,1,1,8,1,14,7,30,3,6,3,10,0,0
pc-24a90694-4644,urzeitliche_kolosse__mit_pc,control,1,0,0,8,0,12,8,30,2,8,4,9,0,0
pc-9df67751-4645,solidaritaet_ueberleben__ohne_pc,control,0,1,1,8,3,12,7,24,4,7,6,14,0,0
pc-9df67751-4645,urzeitliche_kolosse__mit_pc,control,1,0,0,8,-4,14,9,33,3,9,5,7,0,0
pc-1743c80f-4646,solidaritaet_ueberleben__ohne_pc,control,0,1,1,14,3,20,18,59,34,17,12,12,0,0
pc-1743c80f-4646,urzeitliche_kolosse__mit_pc,control,1,0,0,14,-2,19,17,65,28,16,14,7,0,4
pc-909138cc-4647,solidaritaet_ueberleben__ohne_pc,control,0,0,1,5,0,9,4,12,2,4,0,5,0,0
pc-909138cc-4647,urzeitliche_kolosse__mit_pc,control,1,1,0,5,5,11,3,12,3,3,0,10,0,0
pc-aa9d97c6-4648,solidaritaet_ueberleben__ohne_pc,control,0,0,1,5,-3,9,5,13,2,5,2,1,0,0
pc-aa9d97c6-4648,urzeitliche_kolosse__mit_pc,control,1,1,0,5,9,10,6,14,1,5,3,13,0,0
pc-23eae884-4649,solidaritaet_ueberleben__ohne_pc,control,0,0,1,9,-2,15,13,33,9,12,5,8,0,0
pc-23eae884-4649,urzeitliche_kolosse__mit_pc,control,1,1,0,9,2,14,11,40,3,10,10,12,0,1
pc-9d385941-4650,solidaritaet_ueberleben__ohne_pc,control,0,0,1,6,0,11,5,19,2,5,2,6,0,0
pc-9d385941-4650,urzeitliche_kolosse__mit_pc,control,1,1,0,6,4,12,6,20,1,6,0,10,0,0
pc-1685a9ff-4651,solidaritaet_ueberleben__ohne_pc,control,0,0,1,12,-2,17,16,48,22,15,11,5,0,0
pc-1685a9ff-4651,urzeitliche_kolosse__mit_pc,control,1,1,0,12,5,17,15,60,14,15,13,12,0,2
pc-c56814d0-4652,solidaritaet_ueberleben__ohne_pc,control,0,0,1,6,-2,12,5,19,2,4,1,0,0,0
pc-c56814d0-4652,urzeitliche_kolosse__mit_pc,control,1,1,0,6,10,11,6,19,2,5,4,12,0,0
pc-3eb5658e-4653,solidaritaet_ueberleben__ohne_pc,control,0,0,1,8,-1,12,10,32,2,9,2,3,0,0
pc-3eb5658e-4653,urzeitliche_kolosse__mit_pc,control,1,1,0,8,7,13,7,33,2,7,5,11,0,2
pc-b802d64b-4654,solidaritaet_ueberleben__ohne_pc,control,0,1,1,9,3,15,9,36,4,8,8,15,0,0
pc-b802d64b-4654,urzeitliche_kolosse__mit_pc,control,1,0,0,9,-5,14,12,42,1,12,4,7,0,3
pc-31502709-4655,solidaritaet_ueberleben__ohne_pc,control,0,0,1,6,0,12,7,21,0,6,4,1,0,0
pc-31502709-4655,urzeitliche_kolosse__mit_pc,control,1,1,0,6,9,10,6,18,2,6,2,10,0,0
pc-75089db2-4656,solidaritaet_ueberleben__ohne_pc,control,0,0,1,8,-2,12,7,19,9,7,6,4,0,0
pc-75089db2-4656,urzeitliche_kolosse__mit_pc,control,1,1,0,8,6,12,9,35,1,8,4,12,0,1
pc-ee55ee6f-4657,solidaritaet_ueberleben__ohne_pc,control,0,1,1,11,4,16,14,46,11,14,7,10,0,0
pc-ee55ee6f-4657,urzeitliche_kolosse__mit_pc,control,1,0,0,11,0,15,12,48,18,12,10,6,0,0
pc-67a35f2d-4658,solidaritaet_ueberleben__ohne_pc,control,0,1,1,8,5,14,9,29,3,9,2,11,0,0
pc-67a35f2d-4658,urzeitliche_kolosse__mit_pc,control,1,0,0,8,-1,14,8,32,2,7,4,5,0,1
pc-e0f0afea-4659,solidaritaet_ueberleben__ohne_pc,control,0,0,1,7,0,11,7,24,3,7,4,8,0,0
pc-e0f0afea-4659,urzeitliche_kolosse__mit_pc,control,1,1,0,7,2,12,8,25,3,7,4,10,0,0
pc-8fd31abc-4660,solidaritaet_ueberleben__ohne_pc,control,0,0,1,6,0,11,6,19,2,6,1,3,0,0
pc-8fd31abc-4660,urzeitliche_kolosse__mit_pc,control,1,1,0,6,7,12,6,20,1,6,4,10,0,1
pc-09206b7a-4661,solidaritaet_ueberleben__ohne_pc,control,0,1,1,8,2,12,7,28,4,7,4,10,0,0
pc-09206b7a-4661,urzeitliche_kolosse__mit_pc,control,1,0,0,8,0,13,9,34,1,9,4,8,0,1
pc-826ddc37-4662,solidaritaet_ueberleben__ohne_pc,control,0,0,1,13,-1,17,16,56,24,15,11,8,0,0
pc-826ddc37-4662,urzeitliche_kolosse__mit_pc,control,1,1,0,13,2,18,16,61,21,15,14,11,0,2
pc-fbbb2cf4-4663,solidaritaet_ueberleben__ohne_pc,control,0,0,1,5,0,9,4,14,1,4,2,3,0,0
pc-fbbb2cf4-4663,urzeitliche_kolosse__mit_pc,control,1,1,0,5,7,10,5,13,0,5,1,10,0,0
pc-15c78bef-4664,solidaritaet_ueberleben__ohne_pc,control,0,1,1,8,5,14,8,29,2,8,4,12,0,0
pc-15c78bef-4664,urzeitliche_kolosse__mit_pc,control,1,0,0,8,-2,12,9,33,3,8,4,5,0,2
pc-8f14fcac-4665,solidaritaet_ueberleben__ohne_pc,control,0,0,1,7,0,10,9,22,6,9,4,5,0,0
pc-8f14fcac-4665,urzeitliche_kolosse__mit_pc,control,1,1,0,7,5,12,8,27,1,8,6,10,0,0
pc-08624d6a-4666,solidaritaet_ueberleben__ohne_pc,control,0,1,1,11,3,15,13,43,12,13,7,11,0,0
pc-08624d6a-4666,urzeitliche_kolosse__mit_pc,control,1,0,0,11,-1,17,12,51,12,12,9,7,0,0
pc-81afbe27-4667,solidaritaet_ueberleben__ohne_pc,control,0,1,1,5,10,10,4,13,2,4,0,10,0,0
pc-81afbe27-4667,urzeitliche_kolosse__mit_pc,control,1,0,0,5,0,11,2,9,6,2,1,0,0,0
pc-309208f9-4668,solidaritaet_ueberleben__ohne_pc,control,0,0,1,6,0,10,5,13,2,5,3,5,0,0
pc-309208f9-4668,urzeitliche_kolosse__mit_pc,control,1,1,0,6,5,10,6,20,1,6,1,10,0,0
pc-a9df79b6-4669,solidaritaet_ueberleben__ohne_pc,control,0,0,1,7,0,12,6,24,1,6,3,3,0,0
pc-a9df79b6-4669,urzeitliche_kolosse__mit_pc,control,1,1,0,7,7,13,6,24,4,6,3,10,0,0
pc-232cca74-4670,solidaritaet_ueberleben__ohne_pc,control,0,0,1,10,0,13,12,33,12,12,5,3,0,0
pc-232cca74-4670,urzeitliche_kolosse__mit_pc,control,1,1,0,10,7,16,8,41,7,8,10,10,0,0
pc-9c7a3b31-4671,solidaritaet_ueberleben__ohne_pc,control,0,0,1,4,-1,8,3,9,1,3,1,2,0,0
pc-9c7a3b31-4671,urzeitliche_kolosse__mit_pc,control,1,1,0,4,8,10,4,9,0,3,0,11,0,0
pc-e03291da-4672,solidaritaet_ueberleben__ohne_pc,control,0,1,1,8,5,12,8,30,3,7,5,16,0,0
pc-e03291da-4672,urzeitliche_kolosse__mit_pc,control,1,0,0,8,-6,14,9,34,2,8,2,5,0,1
pc-597fe298-4673,solidaritaet_ueberleben__ohne_pc,control,0,0,1,9,0,15,11,31,5,10,5,9,0,0
pc-597fe298-4673,urzeitliche_kolosse__mit_pc,control,1,1,0,9,1,15,7,31,5,7,7,10,0,2
pc-d2cd5355-4674,solidaritaet_ueberleben__ohne_pc,control,0,,1,15,0,20,18,54,54,17,14,9,1,0
pc-d2cd5355-4674,urzeitliche_kolosse__mit_pc,control,1,,0,15,0,20,18,68,39,17,15,9,0,1
pc-4c1aa413-4675,solidaritaet_ueberleben__ohne_pc,control,0,0,1,7,-1,11,7,22,3,7,4,7,0,0
pc-4c1aa413-4675,urzeitliche_kolosse__mit_pc,control,1,1,0,7,3,12,7,26,2,7,2,11,0,0
pc-fafd0ee4-4676,solidaritaet_ueberleben__ohne_pc,control,0,1,1,7,8,13,7,27,1,7,2,10,0,0
pc-fafd0ee4-4676,urzeitliche_kolosse__mit_pc,control,1,0,0,7,0,13,5,22,4,5,4,2,0,0
pc-744a7fa2-4677,solidaritaet_ueberleben__ohne_pc,control,0,0,1,7,-1,11,7,23,4,6,2,7,0,0
pc-744a7fa2-4677,urzeitliche_kolosse__mit_pc,control,1,1,0,7,3,13,6,25,3,6,2,11,0,1
pc-ed97d05f-4678,solidaritaet_ueberleben__ohne_pc,control,0,1,1,8,5,13,10,33,2,10,6,12,0,0
pc-ed97d05f-4678,urzeitliche_kolosse__mit_pc,control,1,0,0,8,-2,13,8,32,4,8,7,5,0,0
pc-66e5211d-4679,solidaritaet_ueberleben__ohne_pc,control,0,0,1,9,-4,12,8,28,12,8,6,5,0,0
pc-66e5211d-4679,urzeitliche_kolosse__mit_pc,control,1,1,0,9,5,15,9,38,5,9,5,14,0,0
pc-80f18017-4680,solidaritaet_ueberleben__ohne_pc,control,0,0,1,13,0,17,16,54,27,15,10,6,2,0
pc-80f18017-4680,urzeitliche_kolosse__mit_pc,control,1,1,0,13,4,18,15,50,33,14,13,10,0,2
pc-fa3ef0d4-4681,solidaritaet_ueberleben__ohne_pc,control,0,0,1,9,0,15,12,35,3,11,5,6,0,0
pc-fa3ef0d4-4681,urzeitliche_kolosse__mit_pc,control,1,1,0,9,4,15,8,32,11,8,8,10,0,1
pc-738c4192-4682,solidaritaet_ueberleben__ohne_pc,control,0,0,1,8,-1,14,7,20,12,7,3,2,0,0
pc-738c4192-4682,urzeitliche_kolosse__mit_pc,control,1,1,0,8,8,13,9,33,3,8,4,11,0,5
pc-ecd9b24f-4683,solidaritaet_ueberleben__ohne_pc,control,0,1,1,12,1,17,14,46,20,13,7,13,0,0
pc-ecd9b24f-4683,urzeitliche_kolosse__mit_pc,control,1,0,0,12,-3,18,13,53,13,12,12,9,0,3
pc-9bbc1d21-4684,solidaritaet_ueberleben__ohne_pc,control,0,0,1,14,-1,19,17,54,40,16,12,7,0,0
pc-9bbc1d21-4684,urzeitliche_kolosse__mit_pc,control,1,1,0,14,3,20,17,59,35,16,13,11,0,1
pc-15096ddf-4685,solidaritaet_ueberleben__ohne_pc,control,0,0,1,6,0,11,6,19,2,6,3,0,0,0
pc-15096ddf-4685,urzeitliche_kolosse__mit_pc,control,1,1,0,6,10,10,7,21,0,7,1,10,0,0
pc-8e56de9c-4686,solidaritaet_ueberleben__ohne_pc,control,0,0,1,8,-1,12,9,29,3,8,5,8,0,0
pc-8e56de9c-4686,urzeitliche_kolosse__mit_pc,control,1,1,0,8,2,14,9,33,2,8,3,11,0,0
pc-07a42f5a-4687,solidaritaet_ueberleben__ohne_pc,control,0,0,1,9,-2,15,10,30,6,10,9,9,0,0
pc-07a42f5a-4687,urzeitliche_kolosse__mit_pc,control,1,1,0,9,1,14,11,41,3,11,10,12,0,0
pc-4b5c8603-4688,solidaritaet_ueberleben__ohne_pc,control,0,0,1,5,-1,9,4,13,2,4,1,0,0,0
pc-4b5c8603-4688,urzeitliche_kolosse__mit_pc,control,1,1,0,5,10,10,5,13,1,5,2,11,0,0
pc-c4a9f6c0-4689,solidaritaet_ueberleben__ohne_pc,control,0,0,1,7,0,12,7,25,2,7,4,1,0,0
pc-c4a9f6c0-4689,urzeitliche_kolosse__mit_pc,control,1,1,0,7,9,13,7,25,2,7,6,10,0,2
pc-3df7477e-4690,solidaritaet_ueberleben__ohne_pc,control,0,0,1,4,-1,8,3,8,1,3,0,1,0,0
pc-3df7477e-4690,urzeitliche_kolosse__mit_pc,control,1,1,0,4,9,10,4,9,1,3,0,11,0,0
pc-b744b83b-4691,solidaritaet_ueberleben__ohne_pc,control,0,0,1,9,0,16,9,28,10,8,5,4,0,0
pc-b744b83b-4691,urzeitliche_kolosse__mit_pc,control,1,1,0,9,6,15,9,34,9,9,3,10,0,0
pc-6627030d-4692,solidaritaet_ueberleben__ohne_pc,control,0,1,1,7,2,12,7,23,3,7,3,10,0,0
pc-6627030d-4692,urzeitliche_kolosse__mit_pc,control,1,0,0,7,0,13,7,23,5,7,3,8,0,0
pc-df7473ca-4693,solidaritaet_ueberleben__ohne_pc,control,0,0,1,15,0,20,19,58,49,18,15,3,1,0
pc-df7473ca-4693,urzeitliche_kolosse__mit_pc,control,1,1,0,15,7,21,18,73,39,18,19,10,0,5
pc-58c1c488-4694,solidaritaet_ueberleben__ohne_pc,control,0,0,1,12,-2,18,16,52,20,15,7,4,0,0
pc-58c1c488-4694,urzeitliche_kolosse__mit_pc,control,1,1,0,12,6,17,12,47,19,12,13,12,0,1
pc-d20f3545-4695,solidaritaet_ueberleben__ohne_pc,control,0,1,1,9,5,14,11,32,7,11,6,14,2,0
pc-d20f3545-4695,urzeitliche_kolosse__mit_pc,control,1,0,0,9,-4,15,10,40,5,10,8,5,0,1
pc-ec1b943f-4696,solidaritaet_ueberleben__ohne_pc,control,0,0,1,10,0,15,11,33,12,10,9,3,0,0
pc-ec1b943f-4696,urzeitliche_kolosse__mit_pc,control,1,1,0,10,7,16,13,48,1,12,8,10,0,0
pc-6568e4fd-4697,solidaritaet_ueberleben__ohne_pc,control,0,0,1,9,-1,12,11,36,6,11,4,6,0,0
pc-6568e4fd-4697,urzeitliche_kolosse__mit_pc,control,1,1,0,9,4,14,10,37,3,9,6,11,0,0
pc-deb655ba-4698,solidaritaet_ueberleben__ohne_pc,control,0,0,1,8,0,12,10,31,1,9,5,6,0,0
pc-deb655ba-4698,urzeitliche_kolosse__mit_pc,control,1,1,0,8,4,13,8,33,3,8,6,10,0,0
pc-5803a678-4699,solidaritaet_ueberleben__ohne_pc,control,0,1,1,8,2,12,9,28,2,9,5,10,0,0
pc-5803a678-4699,urzeitliche_kolosse__mit_pc,control,1,0,0,8,0,14,9,34,1,9,4,8,0,0
pc-7e8ccc7b-4700,solidaritaet_ueberleben__ohne_pc,control,0,1,0,8,5,12,9,30,0,9,4,12,0,0
pc-7e8ccc7b-4700,urzeitliche_kolosse__mit_pc,control,1,0,1,8,-2,12,8,33,3,8,4,5,0,0
pc-f7da3d38-4701,solidaritaet_ueberleben__ohne_pc,control,0,1,0,11,1,16,12,46,12,11,10,10,0,0
pc-f7da3d38-4701,urzeitliche_kolosse__mit_pc,control,1,0,1,11,0,16,14,50,9,14,7,9,0,1
pc-8bf20b00-4702,solidaritaet_ueberleben__ohne_pc,control,0,0,0,15,0,19,18,57,52,17,9,8,0,0
pc-8bf20b00-4702,urzeitliche_kolosse__mit_pc,control,1,1,1,15,2,20,14,59,49,13,15,10,0,4
pc-053f7bbe-4703,solidaritaet_ueberleben__ohne_pc,control,0,0,0,7,-1,12,8,26,2,8,1,1,0,0
pc-053f7bbe-4703,urzeitliche_kolosse__mit_pc,control,1,1,1,7,9,11,7,25,1,6,8,11,0,0
pc-63c24f71-4704,solidaritaet_ueberleben__ohne_pc,control,0,0,0,4,0,9,4,10,0,4,1,1,0,0
pc-63c24f71-4704,urzeitliche_kolosse__mit_pc,control,1,1,1,4,9,8,4,9,0,4,1,10,0,0
pc-dd0fa02e-4705,solidaritaet_ueberleben__ohne_pc,control,0,0,0,11,-1,15,14,49,9,13,7,2,0,0
pc-dd0fa02e-4705,urzeitliche_kolosse__mit_pc,control,1,1,1,11,8,17,13,51,12,12,13,11,0,0
pc-71278df6-4706,solidaritaet_ueberleben__ohne_pc,control,0,0,0,9,-4,14,8,32,10,7,4,4,0,0
pc-71278df6-4706,urzeitliche_kolosse__mit_pc,control,1,1,1,9,6,13,8,41,2,8,2,14,0,2
pc-ea74feb3-4707,solidaritaet_ueberleben__ohne_pc,control,0,0,0,9,-2,13,9,27,9,9,6,7,0,0
pc-ea74feb3-4707,urzeitliche_kolosse__mit_pc,control,1,1,1,9,3,13,10,36,4,9,5,12,0,1
pc-48f7d267-4708,solidaritaet_ueberleben__ohne_pc,control,0,0,0,10,-2,14,11,35,10,10,6,7,0,0
pc-48f7d267-4708,urzeitliche_kolosse__mit_pc,control,1,1,1,10,3,15,11,41,4,10,6,12,0,0
pc-c2452324-4709,solidaritaet_ueberleben__ohne_pc,control,0,1,0,9,7,15,10,35,3,10,2,11,0,0
pc-c2452324-4709,urzeitliche_kolosse__mit_pc,control,1,0,1,9,-1,14,7,28,11,7,6,3,0,1
pc-565d10ec-4710,solidaritaet_ueberleben__ohne_pc,control,0,0,0,9,-4,13,8,32,13,8,5,6,0,0
pc-565d10ec-4710,urzeitliche_kolosse__mit_pc,control,1,1,1,9,4,13,10,39,6,10,4,14,0,2
pc-cfaa61a9-4711,solidaritaet_ueberleben__ohne_pc,control,0,0,0,6,0,10,5,20,1,5,3,2,0,0
pc-cfaa61a9-4711,urzeitliche_kolosse__mit_pc,control,1,1,1,6,8,10,6,21,0,6,1,10,0,0
pc-2e2d555d-4712,solidaritaet_ueberleben__ohne_pc,control,0,1,0,9,2,14,11,36,2,11,3,13,0,0
pc-2e2d555d-4712,urzeitliche_kolosse__mit_pc,control,1,0,1,9,-3,15,9,36,6,8,8,8,0,0
pc-a77aa61a-4713,solidaritaet_ueberleben__ohne_pc,control,0,0,0,9,-1,15,10,32,4,10,6,7,0,0
pc-a77aa61a-4713,urzeitliche_kolosse__mit_pc,control,1,1,1,9,3,13,9,38,2,9,5,11,0,2
pc-3b9293e2-4714,solidaritaet_ueberleben__ohne_pc,control,0,1,0,7,4,13,8,23,4,7,3,11,0,0
pc-3b9293e2-4714,urzeitliche_kolosse__mit_pc,control,1,0,1,7,-1,12,6,26,2,6,4,6,0,1
pc-b4dfe49f-4715,solidaritaet_ueberleben__ohne_pc,control,0,0,0,16,-1,20,18,61,62,17,13,6,0,0
pc-b4dfe49f-4715,urzeitliche_kolosse__mit_pc,control,1,1,1,16,1,22,17,72,51,16,15,8,0,1
pc-e9b6c0a3-4716,solidaritaet_ueberleben__ohne_pc,control,0,1,0,9,1,14,12,35,10,12,2,11,0,0
pc-e9b6c0a3-4716,urzeitliche_kolosse__mit_pc,control,1,0,1,9,-1,15,8,37,4,7,9,9,0,0
pc-63043161-4717,solidaritaet_ueberleben__ohne_pc,control,0,1,0,9,1,13,12,39,5,11,6,12,0,0
pc-63043161-4717,urzeitliche_kolosse__mit_pc,control,1,0,1,9,-2,13,11,38,5,10,9,9,0,0
pc-f71c1f28-4718,solidaritaet_ueberleben__ohne_pc,control,0,1,0,8,3,16,9,29,2,9,4,13,0,0
pc-f71c1f28-4718,urzeitliche_kolosse__mit_pc,control,1,0,1,8,-3,13,8,32,4,7,6,7,0,0
pc-70696fe6-4719,solidaritaet_ueberleben__ohne_pc,control,0,1,0,9,4,13,10,35,5,10,9,11,0,0
pc-70696fe6-4719,urzeitliche_kolosse__mit_pc,control,1,0,1,9,-1,15,11,39,5,10,6,6,0,0
pc-ceec4399-4720,solidaritaet_ueberleben__ohne_pc,control,0,1,0,10,4,15,13,41,9,13,8,11,0,0
pc-ceec4399-4720,urzeitliche_kolosse__mit_pc,control,1,0,1,10,-1,14,12,47,3,12,10,6,0,0
pc-4839b457-4721,solidaritaet_ueberleben__ohne_pc,control,0,0,0,13,-1,18,16,54,26,15,6,8,0,0
pc-4839b457-4721,urzeitliche_kolosse__mit_pc,control,1,1,1,13,2,16,12,47,39,11,12,11,0,2
pc-dc51821e-4722,solidaritaet_ueberleben__ohne_pc,control,0,0,0,10,0,16,12,39,11,12,6,9,0,0
pc-dc51821e-4722,urzeitliche_kolosse__mit_pc,control,1,1,1,10,1,16,10,47,5,10,8,10,0,3
pc-559ef2dc-4723,solidaritaet_ueberleben__ohne_pc,control,0,0,0,15,-1,21,19,59,48,18,10,5,0,0
pc-559ef2dc-4723,urzeitliche_kolosse__mit_pc,control,1,1,1,15,5,21,16,65,49,15,17,11,0,1
pc-b421c68f-4724,solidaritaet_ueberleben__ohne_pc,control,0,0,0,6,0,12,7,19,2,6,1,3,0,0
pc-b421c68f-4724,urzeitliche_kolosse__mit_pc,control,1,1,1,6,7,11,7,20,1,6,3,10,0,0
pc-2d6f374d-4725,solidaritaet_ueberleben__ohne_pc,control,0,1,0,10,8,14,12,42,12,12,4,10,0,0
pc-2d6f374d-4725,urzeitliche_kolosse__mit_pc,control,1,0,1,10,0,15,10,43,4,9,7,2,0,1
pc-c1870514-4726,solidaritaet_ueberleben__ohne_pc,control,0,0,0,5,-2,9,5,14,1,5,0,4,0,0
pc-c1870514-4726,urzeitliche_kolosse__mit_pc,control,1,1,1,5,6,10,5,13,1,4,1,12,0,0
pc-3ad475d2-4727,solidaritaet_ueberleben__ohne_pc,control,0,0,0,9,-3,15,10,34,7,9,2,6,0,0
pc-3ad475d2-4727,urzeitliche_kolosse__mit_pc,control,1,1,1,9,4,14,8,36,2,7,5,13,0,1
pc-99574985-4728,solidaritaet_ueberleben__ohne_pc,control,0,1,0,8,4,13,10,32,3,10,3,14,3,0
pc-99574985-4728,urzeitliche_kolosse__mit_pc,control,1,0,1,8,-4,13,8,34,1,7,5,6,0,3
pc-12a4ba43-4729,solidaritaet_ueberleben__ohne_pc,control,0,1,0,10,2,15,12,39,6,11,5,10,0,0
pc-12a4ba43-4729,urzeitliche_kolosse__mit_pc,control,1,0,1,10,0,14,11,44,9,10,7,8,0,0
pc-a6bc880a-4730,solidaritaet_ueberleben__ohne_pc,control,0,1,0,11,3,17,13,42,13,13,7,10,0,0
pc-a6bc880a-4730,urzeitliche_kolosse__mit_pc,control,1,0,1,11,0,16,12,49,6,12,9,7,0,4
pc-2009f8c8-4731,solidaritaet_ueberleben__ohne_pc,control,0,0,0,7,0,12,7,27,0,7,3,7,0,0
pc-2009f8c8-4731,urzeitliche_kolosse__mit_pc,control,1,1,1,7,3,12,6,25,2,6,3,10,0,1
pc-54e0d4cc-4732,solidaritaet_ueberleben__ohne_pc,control,0,1,0,12,6,18,15,49,17,14,12,12,0,0
pc-54e0d4cc-4732,urzeitliche_kolosse__mit_pc,control,1,0,1,12,-2,18,15,56,14,15,12,4,0,2
pc-ce2e2589-4733,solidaritaet_ueberleben__ohne_pc,control,0,0,0,9,-2,13,8,32,13,7,5,8,0,0
pc-ce2e2589-4733,urzeitliche_kolosse__mit_pc,control,1,1,1,9,2,15,11,37,1,10,5,12,0,0
pc-62461351-4734,solidaritaet_ueberleben__ohne_pc,control,0,1,0,7,6,13,9,26,1,9,1,11,0,0
pc-62461351-4734,urzeitliche_kolosse__mit_pc,control,1,0,1,7,-1,11,6,23,5,5,4,4,0,2
pc-db93640e-4735,solidaritaet_ueberleben__ohne_pc,control,0,0,0,8,0,12,9,28,6,8,2,8,0,0
pc-db93640e-4735,urzeitliche_kolosse__mit_pc,control,1,1,1,8,2,13,7,34,2,7,3,10,0,0
pc-3a1657c2-4736,solidaritaet_ueberleben__ohne_pc,control,0,1,0,10,2,14,12,38,11,11,5,10,0,0
pc-3a1657c2-4736,urzeitliche_kolosse__mit_pc,control,1,0,1,10,0,16,9,42,7,9,8,8,0,1
pc-b363a87f-4737,solidaritaet_ueberleben__ohne_pc,control,0,0,0,11,-1,15,13,43,19,12,6,9,0,0
pc-b363a87f-4737,urzeitliche_kolosse__mit_pc,control,1,1,1,11,1,16,12,47,16,11,9,11,0,2
pc-477b9647-4738,solidaritaet_ueberleben__ohne_pc,control,0,0,0,11,0,15,14,44,16,14,7,4,1,0
pc-477b9647-4738,urzeitliche_kolosse__mit_pc,control,1,1,1,11,6,15,12,51,6,11,11,10,0,0
pc-c0c8e704-4739,solidaritaet_ueberleben__ohne_pc,control,0,1,0,10,1,13,13,38,11,12,1,10,0,0
pc-c0c8e704-4739,urzeitliche_kolosse__mit_pc,control,1,0,1,10,0,16,7,32,21,6,9,9,0,0
pc-1f4bdab8-4740,solidaritaet_ueberleben__ohne_pc,control,0,1,0,9,2,13,8,26,10,7,7,10,2,0
pc-1f4bdab8-4740,urzeitliche_kolosse__mit_pc,control,1,0,1,9,0,14,12,43,1,11,4,8,0,1
pc-98992b75-4741,solidaritaet_ueberleben__ohne_pc,control,0,0,0,12,0,18,15,48,18,14,9,8,2,0
pc-98992b75-4741,urzeitliche_kolosse__mit_pc,control,1,1,1,12,2,16,11,48,18,11,10,10,0,1
pc-2cb1193d-4742,solidaritaet_ueberleben__ohne_pc,control,0,0,0,7,-3,13,7,26,1,7,4,9,0,0
pc-2cb1193d-4742,urzeitliche_kolosse__mit_pc,control,1,1,1,7,1,12,7,25,2,7,3,13,0,1
pc-a5fe69fa-4743,solidaritaet_ueberleben__ohne_pc,control,0,1,0,11,2,15,13,39,16,13,6,10,0,0
pc-a5fe69fa-4743,urzeitliche_kolosse__mit_pc,control,1,0,1,11,0,16,12,54,9,11,9,8,0,0
pc-04815dae-4744,solidaritaet_ueberleben__ohne_pc,control,0,0,0,12,-1,16,15,46,23,14,9,7,0,0
pc-04815dae-4744,urzeitliche_kolosse__mit_pc,control,1,1,1,12,3,17,14,54,19,13,13,11,0,1
pc-7dceae6b-4745,solidaritaet_ueberleben__ohne_pc,control,0,1,0,9,2,16,12,39,1,11,2,10,0,0
pc-7dceae6b-4745,urzeitliche_kolosse__mit_pc,control,1,0,1,9,0,14,7,27,9,7,9,8,0,0
pc-11e69c33-4746,solidaritaet_ueberleben__ohne_pc,control,0,0,0,7,-1,13,7,25,0,6,3,3,0,0
pc-11e69c33-4746,urzeitliche_kolosse__mit_pc,control,1,1,1,7,7,12,7,23,4,7,3,11,0,0
pc-8b33ecf0-4747,solidaritaet_ueberleben__ohne_pc,control,0,1,0,8,2,12,9,28,6,8,3,11,0,0
pc-8b33ecf0-4747,urzeitliche_kolosse__mit_pc,control,1,0,1,8,-1,13,9,34,2,8,4,8,0,0
pc-c00ac8f4-4748,solidaritaet_ueberleben__ohne_pc,control,0,0,0,10,-3,16,13,41,10,12,8,5,0,0
pc-c00ac8f4-4748,urzeitliche_kolosse__mit_pc,control,1,1,1,10,5,15,13,50,3,12,8,13,0,3
pc-395839b2-4749,solidaritaet_ueberleben__ohne_pc,control,0,0,0,13,-1,18,16,50,28,15,11,4,0,0
pc-395839b2-4749,urzeitliche_kolosse__mit_pc,control,1,1,1,13,6,17,16,67,15,15,12,11,0,2
pc-cd700779-4750,solidaritaet_ueberleben__ohne_pc,control,0,0,0,7,-1,13,7,24,3,6,4,3,0,0
pc-cd700779-4750,urzeitliche_kolosse__mit_pc,control,1,1,1,7,7,10,8,27,1,8,3,11,0,0
pc-46bd7837-4751,solidaritaet_ueberleben__ohne_pc,control,0,0,0,14,0,20,18,58,35,17,12,9,0,0
pc-46bd7837-4751,urzeitliche_kolosse__mit_pc,control,1,1,1,14,1,19,16,65,26,16,14,10,0,3
pc-a5404bea-4752,solidaritaet_ueberleben__ohne_pc,control,0,0,0,9,-1,13,10,36,5,10,5,8,0,0
pc-a5404bea-4752,urzeitliche_kolosse__mit_pc,control,1,1,1,9,2,14,10,42,1,9,8,11,0,0
pc-1e8dbca8-4753,solidaritaet_ueberleben__ohne_pc,control,0,0,0,10,-1,16,13,37,11,12,6,4,0,0
pc-1e8dbca8-4753,urzeitliche_kolosse__mit_pc,control,1,1,1,10,6,15,12,40,5,11,10,11,0,1
pc-b2a58a6f-4754,solidaritaet_ueberleben__ohne_pc,control,0,1,0,9,5,13,9,38,4,8,7,10,0,0
pc-b2a58a6f-4754,urzeitliche_kolosse__mit_pc,control,1,0,1,9,0,14,11,38,7,10,4,5,0,1
pc-2bf2fb2d-4755,solidaritaet_ueberleben__ohne_pc,control,0,0,0,12,-2,17,16,49,23,15,8,6,0,0
pc-2bf2fb2d-4755,urzeitliche_kolosse__mit_pc,control,1,1,1,12,4,18,13,56,14,12,14,12,0,0
pc-8a75cee0-4756,solidaritaet_ueberleben__ohne_pc,control,0,1,0,9,4,15,11,36,9,10,3,13,0,0
pc-8a75cee0-4756,urzeitliche_kolosse__mit_pc,control,1,0,1,9,-3,15,9,39,3,8,7,6,0,2
pc-03c33f9e-4757,solidaritaet_ueberleben__ohne_pc,control,0,0,0,8,-2,12,11,32,1,10,5,0,0,0
pc-03c33f9e-4757,urzeitliche_kolosse__mit_pc,control,1,1,1,8,10,13,8,34,1,8,7,12,0,0
pc-97db0d65-4758,solidaritaet_ueberleben__ohne_pc,control,0,0,0,6,-2,10,7,18,3,7,3,4,0,0
pc-97db0d65-4758,urzeitliche_kolosse__mit_pc,control,1,1,1,6,6,11,7,19,2,6,5,12,0,0
pc-11287e23-4759,solidaritaet_ueberleben__ohne_pc,control,0,1,0,7,5,13,6,25,2,6,5,13,0,0
pc-11287e23-4759,urzeitliche_kolosse__mit_pc,control,1,0,1,7,-3,12,8,24,4,7,4,5,0,1
pc-6fab51d6-4760,solidaritaet_ueberleben__ohne_pc,control,0,1,0,14,3,20,16,55,40,15,7,11,0,0
pc-6fab51d6-4760,urzeitliche_kolosse__mit_pc,control,1,0,1,14,-1,19,13,52,44,12,11,7,0,1
pc-e8f8a293-4761,solidaritaet_ueberleben__ohne_pc,control,0,1,0,8,3,13,9,33,2,9,1,10,0,0
pc-e8f8a293-4761,urzeitliche_kolosse__mit_pc,control,1,0,1,8,0,14,7,24,4,6,6,7,0,1
pc-7d10905b-4762,solidaritaet_ueberleben__ohne_pc,control,0,1,0,8,4,12,8,29,7,7,2,11,0,0
pc-7d10905b-4762,urzeitliche_kolosse__mit_pc,control,1,0,1,8,-1,13,8,29,6,7,4,6,0,1
pc-f65de118-4763,solidaritaet_ueberleben__ohne_pc,control,0,0,0,6,-1,12,6,21,0,6,2,5,0,0
pc-f65de118-4763,urzeitliche_kolosse__mit_pc,control,1,1,1,6,5,11,5,14,4,5,4,11,0,0
pc-d1e4dbd9-4764,solidaritaet_ueberleben__ohne_pc,control,0,1,0,7,3,11,8,26,1,7,4,11,0,0
pc-d1e4dbd9-4764,urzeitliche_kolosse__mit_pc,control,1,0,1,7,-1,12,7,26,2,6,2,7,0,1
pc-4b322c97-4765,solidaritaet_ueberleben__ohne_pc,control,0,0,0,7,0,13,9,28,0,9,0,4,0,0
pc-4b322c97-4765,urzeitliche_kolosse__mit_pc,control,1,1,1,7,6,12,5,23,5,5,7,10,0,0
pc-df4a1a5e-4766,solidaritaet_ueberleben__ohne_pc,control,0,0,0,6,0,12,6,18,1,6,4,0,0,0
pc-df4a1a5e-4766,urzeitliche_kolosse__mit_pc,control,1,1,1,6,10,10,6,20,1,6,2,10,0,0
pc-58976b1c-4767,solidaritaet_ueberleben__ohne_pc,control,0,1,0,8,5,13,10,34,1,10,4,11,0,0
pc-58976b1c-4767,urzeitliche_kolosse__mit_pc,control,1,0,1,8,-1,11,9,33,2,8,7,5,0,2
pc-b71a5ecf-4768,solidaritaet_ueberleben__ohne_pc,control,0,1,0,6,7,10,7,20,1,7,1,10,0,0
pc-b71a5ecf-4768,urzeitliche_kolosse__mit_pc,control,1,0,1,6,0,12,5,17,3,5,3,3,0,0
pc-3067af8d-4769,solidaritaet_ueberleben__ohne_pc,control,0,0,0,10,-1,15,12,44,4,11,5,5,0,0
pc-3067af8d-4769,urzeitliche_kolosse__mit_pc,control,1,1,1,10,5,14,11,39,6,10,6,11,0,0
pc-c47f9d54-4770,solidaritaet_ueberleben__ohne_pc,control,0,0,0,9,-2,12,7,27,9,6,2,3,0,0
pc-c47f9d54-4770,urzeitliche_kolosse__mit_pc,control,1,1,1,9,7,15,7,35,3,6,1,12,0,0
pc-3dccee12-4771,solidaritaet_ueberleben__ohne_pc,control,0,1,0,10,8,17,13,47,4,12,9,13,0,0
pc-3dccee12-4771,urzeitliche_kolosse__mit_pc,control,1,0,1,10,-3,15,13,46,3,12,8,2,0,0
pc-9c4fc1c5-4772,solidaritaet_ueberleben__ohne_pc,control,0,1,0,8,6,13,9,25,7,9,3,11,0,0
pc-9c4fc1c5-4772,urzeitliche_kolosse__mit_pc,control,1,0,1,8,-1,14,9,30,3,8,5,4,0,0
pc-159d3283-4773,solidaritaet_ueberleben__ohne_pc,control,0,1,0,12,2,18,15,52,23,14,12,10,1,0
pc-159d3283-4773,urzeitliche_kolosse__mit_pc,control,1,0,1,12,0,17,15,52,17,14,12,8,0,1
pc-a9b5004a-4774,solidaritaet_ueberleben__ohne_pc,control,0,1,0,7,4,11,7,23,3,6,1,10,0,0
pc-a9b5004a-4774,urzeitliche_kolosse__mit_pc,control,1,0,1,7,0,12,5,22,6,5,5,6,0,0
pc-23027108-4775,solidaritaet_ueberleben__ohne_pc,control,0,1,0,7,5,12,9,25,0,9,3,11,0,0
pc-23027108-4775,urzeitliche_kolosse__mit_pc,control,1,0,1,7,-1,12,7,26,2,6,4,5,0,0
pc-818544bb-4776,solidaritaet_ueberleben__ohne_pc,control,0,1,0,7,7,12,7,25,0,7,1,11,0,0
pc-818544bb-4776,urzeitliche_kolosse__mit_pc,control,1,0,1,7,-1,13,6,23,5,6,6,3,0,0
pc-fad2b578-4777,solidaritaet_ueberleben__ohne_pc,control,0,0,0,8,0,12,9,30,4,9,6,8,0,0
pc-fad2b578-4777,urzeitliche_kolosse__mit_pc,control,1,1,1,8,2,13,9,29,6,8,4,10,0,0
pc-8eea8340-4778,solidaritaet_ueberleben__ohne_pc,control,0,1,0,8,5,11,8,26,5,7,5,10,0,0
pc-8eea8340-4778,urzeitliche_kolosse__mit_pc,control,1,0,1,8,0,13,7,31,5,7,2,5,0,1
pc-0837f3fe-4779,solidaritaet_ueberleben__ohne_pc,control,0,0,0,6,0,10,7,19,0,6,4,2,0,0
pc-0837f3fe-4779,urzeitliche_kolosse__mit_pc,control,1,1,1,6,8,11,6,20,0,6,1,10,0,0
pc-3d0ed002-4780,solidaritaet_ueberleben__ohne_pc,control,0,1,0,13,4,20,17,54,30,16,11,11,1,0
pc-3d0ed002-4780,urzeitliche_kolosse__mit_pc,control,1,0,1,13,-1,18,16,54,26,15,13,6,0,1
pc-b65c20bf-4781,solidaritaet_ueberleben__ohne_pc,control,0,1,0,8,4,14,10,30,2,10,6,11,1,0
pc-b65c20bf-4781,urzeitliche_kolosse__mit_pc,control,1,0,1,8,-1,12,9,31,4,9,9,6,0,0
pc-4a740e87-4782,solidaritaet_ueberleben__ohne_pc,control,0,0,0,6,0,10,6,17,4,6,0,4,0,0
pc-4a740e87-4782,urzeitliche_kolosse__mit_pc,control,1,1,1,6,6,12,4,18,3,4,3,10,0,0
pc-c3c17f44-4783,solidaritaet_ueberleben__ohne_pc,control,0,0,0,11,-2,18,12,39,22,11,10,4,0,0
pc-c3c17f44-4783,urzeitliche_kolosse__mit_pc,control,1,1,1,11,6,17,14,52,6,13,10,12,0,3
pc-224452f8-4784,solidaritaet_ueberleben__ohne_pc,control,0,0,0,14,0,19,16,54,39,15,11,9,0,0
pc-224452f8-4784,urzeitliche_kolosse__mit_pc,control,1,1,1,14,1,19,17,66,28,16,13,10,0,2
pc-9b91a3b5-4785,solidaritaet_ueberleben__ohne_pc,control,0,1,0,11,3,16,11,42,13,11,5,13,0,0
pc-9b91a3b5-4785,urzeitliche_kolosse__mit_pc,control,1,0,1,11,-3,16,11,44,11,10,7,7,0,0
pc-2fa9917d-4786,solidaritaet_ueberleben__ohne_pc,control,0,0,0,8,0,12,9,33,2,8,3,3,0,0
pc-2fa9917d-4786,urzeitliche_kolosse__mit_pc,control,1,1,1,8,7,14,8,32,4,7,4,10,0,1
pc-a8f6e23a-4787,solidaritaet_ueberleben__ohne_pc,control,0,0,0,12,-2,17,14,47,21,13,11,7,0,0
pc-a8f6e23a-4787,urzeitliche_kolosse__mit_pc,control,1,1,1,12,3,18,15,54,15,14,11,12,0,0
pc-0779d5ee-4788,solidaritaet_ueberleben__ohne_pc,control,0,0,0,10,-2,14,12,38,11,11,5,8,0,0
pc-0779d5ee-4788,urzeitliche_kolosse__mit_pc,control,1,1,1,10,2,15,11,40,5,10,7,12,0,1
pc-80c726ab-4789,solidaritaet_ueberleben__ohne_pc,control,0,0,0,10,-2,14,10,37,10,10,8,3,0,0
pc-80c726ab-4789,urzeitliche_kolosse__mit_pc,control,1,1,1,10,7,14,11,46,3,11,7,12,0,0
pc-14df1473-4790,solidaritaet_ueberleben__ohne_pc,control,0,1,0,11,3,15,13,49,8,12,9,13,0,0
pc-14df1473-4790,urzeitliche_kolosse__mit_pc,control,1,0,1,11,-3,16,14,41,16,13,9,7,0,0
pc-8e2c6530-4791,solidaritaet_ueberleben__ohne_pc,control,0,1,0,8,6,12,9,33,1,9,2,11,0,0
pc-8e2c6530-4791,urzeitliche_kolosse__mit_pc,control,1,0,1,8,-1,14,6,32,4,6,5,4,0,0
pc-ecaf58e3-4792,solidaritaet_ueberleben__ohne_pc,control,0,1,0,6,3,10,5,19,2,5,2,12,0,0
pc-ecaf58e3-4792,urzeitliche_kolosse__mit_pc,control,1,0,1,6,-2,12,5,16,2,4,2,7,0,0
pc-65fca9a1-4793,solidaritaet_ueberleben__ohne_pc,control,0,0,0,7,0,11,7,26,1,7,4,9,0,0
pc-65fca9a1-4793,urzeitliche_kolosse__mit_pc,control,1,1,1,7,1,12,6,25,3,6,3,10,0,0
pc-fa149768-4794,solidaritaet_ueberleben__ohne_pc,control,0,1,0,11,2,15,13,46,12,12,10,12,0,0
pc-fa149768-4794,urzeitliche_kolosse__mit_pc,control,1,0,1,11,-2,15,14,43,17,13,10,8,0,1
pc-7361e826-4795,solidaritaet_ueberleben__ohne_pc,control,0,1,0,15,4,19,18,59,52,17,16,9,1,0
pc-7361e826-4795,urzeitliche_kolosse__mit_pc,control,1,0,1,15,0,20,18,67,41,17,17,5,0,2
pc-a838c42a-4796,solidaritaet_ueberleben__ohne_pc,control,0,1,0,9,8,13,10,34,4,10,8,12,0,0
pc-a838c42a-4796,urzeitliche_kolosse__mit_pc,control,1,0,1,9,-2,15,11,40,5,10,5,2,0,0
pc-218634e8-4797,solidaritaet_ueberleben__ohne_pc,control,0,1,0,9,2,15,10,33,3,10,7,11,0,0
pc-218634e8-4797,urzeitliche_kolosse__mit_pc,control,1,0,1,9,-1,13,12,39,5,11,8,8,0,0
pc-b59e02af-4798,solidaritaet_ueberleben__ohne_pc,control,0,0,0,9,0,15,9,29,11,8,4,4,0,0
pc-b59e02af-4798,urzeitliche_kolosse__mit_pc,control,1,1,1,9,6,13,9,31,5,9,4,10,0,0
pc-2eeb736d-4799,solidaritaet_ueberleben__ohne_pc,control,0,1,0,7,5,12,6,25,1,6,2,11,0,0
pc-2eeb736d-4799,urzeitliche_kolosse__mit_pc,control,1,0,1,7,-1,13,7,25,3,6,3,5,0,0
