matchId,deckId,botType,side,winner,startingPlayer,roundsPlayed,baseHealth,cardsDrawn,cardsPlayed,energySpent,energyUnused,creaturesSummoned,creaturesDestroyed,baseDamage,healing,laneMoves
pc-984ee6de-0,forschung_muskelkraft__ohne_pc,control,0,1,1,10,1,18,13,47,4,11,7,10,0,0
pc-984ee6de-0,rudeljaeger__ohne_pc,control,1,0,0,10,0,15,11,36,13,10,7,9,0,2
pc-1f019621-1,forschung_muskelkraft__ohne_pc,control,0,1,1,8,3,16,8,31,2,8,8,17,0,0
pc-1f019621-1,rudeljaeger__ohne_pc,control,1,0,0,8,-7,12,11,28,4,9,5,7,0,0
pc-8ae9a859-2,forschung_muskelkraft__ohne_pc,control,0,0,1,5,-1,13,5,14,1,4,4,6,0,0
pc-8ae9a859-2,rudeljaeger__ohne_pc,control,1,1,0,5,4,10,5,14,1,5,1,11,0,0
pc-119c579c-3,forschung_muskelkraft__ohne_pc,control,0,0,1,9,-1,21,12,41,3,10,7,7,0,0
pc-119c579c-3,rudeljaeger__ohne_pc,control,1,1,0,9,3,13,12,33,7,10,7,11,0,3
pc-b31963e8-4,forschung_muskelkraft__ohne_pc,control,0,1,1,13,6,22,11,45,33,9,15,10,0,0
pc-b31963e8-4,rudeljaeger__ohne_pc,control,1,0,0,13,0,18,17,42,38,15,4,4,0,0
pc-39cc132b-5,forschung_muskelkraft__ohne_pc,control,0,0,1,3,0,7,3,5,1,2,0,0,0,0
pc-39cc132b-5,rudeljaeger__ohne_pc,control,1,1,0,3,10,8,3,6,0,3,0,10,0,0
pc-a5b42563-6,forschung_muskelkraft__ohne_pc,control,0,0,1,5,-1,13,5,14,1,4,3,0,0,0
pc-a5b42563-6,rudeljaeger__ohne_pc,control,1,1,0,5,10,9,6,15,0,6,1,11,0,0
pc-2c66d4a6-7,forschung_muskelkraft__ohne_pc,control,0,1,1,15,4,24,17,65,50,15,14,12,0,0
pc-2c66d4a6-7,rudeljaeger__ohne_pc,control,1,0,0,15,-2,21,19,50,64,17,10,6,0,0
pc-62b9ecca-8,forschung_muskelkraft__ohne_pc,control,0,1,1,6,1,11,6,16,4,4,4,10,0,0
pc-62b9ecca-8,rudeljaeger__ohne_pc,control,1,0,0,6,0,9,7,18,2,6,0,9,0,1
pc-e96c9c0c-9,forschung_muskelkraft__ohne_pc,control,0,0,1,5,-3,11,4,12,3,3,5,7,0,0
pc-e96c9c0c-9,rudeljaeger__ohne_pc,control,1,1,0,5,3,9,6,15,0,6,0,13,0,0
pc-5554ae45-10,forschung_muskelkraft__ohne_pc,control,0,1,1,9,6,18,10,33,7,8,10,10,0,0
pc-5554ae45-10,rudeljaeger__ohne_pc,control,1,0,0,9,0,13,13,37,4,12,3,4,0,0
pc-dc075d87-11,forschung_muskelkraft__ohne_pc,control,0,1,1,6,3,12,7,20,1,6,7,11,0,0
pc-dc075d87-11,rudeljaeger__ohne_pc,control,1,0,0,6,-1,11,8,19,1,8,2,7,0,0
pc-7d8469d4-12,forschung_muskelkraft__ohne_pc,control,0,0,1,8,-2,17,11,33,2,9,5,9,0,0
pc-7d8469d4-12,rudeljaeger__ohne_pc,control,1,1,0,8,1,12,11,27,6,10,6,12,0,0
pc-04371917-13,forschung_muskelkraft__ohne_pc,control,0,1,1,9,6,17,10,38,3,9,10,13,0,0
pc-04371917-13,rudeljaeger__ohne_pc,control,1,0,0,9,-3,13,12,31,10,10,4,4,0,0
pc-701f2b4f-14,forschung_muskelkraft__ohne_pc,control,0,0,1,4,0,9,4,9,1,3,2,0,0,0
pc-701f2b4f-14,rudeljaeger__ohne_pc,control,1,1,0,4,10,9,3,9,1,3,1,10,0,0
pc-f6d1da91-15,forschung_muskelkraft__ohne_pc,control,0,0,1,5,-1,10,5,13,2,3,4,5,0,0
pc-f6d1da91-15,rudeljaeger__ohne_pc,control,1,1,0,5,5,10,5,13,1,5,1,11,0,0
pc-2d24f2b6-16,forschung_muskelkraft__ohne_pc,control,0,1,1,11,1,20,13,49,13,11,8,10,0,0
pc-2d24f2b6-16,rudeljaeger__ohne_pc,control,1,0,0,11,0,15,14,31,26,12,7,9,0,0
pc-b3d781f8-17,forschung_muskelkraft__ohne_pc,control,0,1,1,6,3,12,7,20,1,5,5,10,0,0
pc-b3d781f8-17,rudeljaeger__ohne_pc,control,1,0,0,6,0,10,8,21,0,8,1,7,0,1
pc-1fbfb431-18,forschung_muskelkraft__ohne_pc,control,0,0,1,7,0,11,8,27,1,7,6,9,0,0
pc-1fbfb431-18,rudeljaeger__ohne_pc,control,1,1,0,7,1,10,8,23,4,8,4,10,0,1
pc-a6724373-19,forschung_muskelkraft__ohne_pc,control,0,0,1,6,0,14,6,20,1,5,3,0,0,0
pc-a6724373-19,rudeljaeger__ohne_pc,control,1,1,0,6,10,11,8,16,5,7,2,10,0,0
pc-47ef6fc0-20,forschung_muskelkraft__ohne_pc,control,0,1,1,11,2,20,15,53,7,14,12,13,0,0
pc-47ef6fc0-20,rudeljaeger__ohne_pc,control,1,0,0,11,-3,14,14,37,22,13,9,8,0,0
pc-cea21f02-21,forschung_muskelkraft__ohne_pc,control,0,1,1,7,4,17,7,24,2,6,7,13,0,0
pc-cea21f02-21,rudeljaeger__ohne_pc,control,1,0,0,7,-3,13,11,26,1,9,3,6,0,0
pc-3a8a313b-22,forschung_muskelkraft__ohne_pc,control,0,1,1,13,3,21,14,55,27,12,13,11,0,0
pc-3a8a313b-22,rudeljaeger__ohne_pc,control,1,0,0,13,-1,17,17,43,38,15,8,7,0,1
pc-c13cc07d-23,forschung_muskelkraft__ohne_pc,control,0,1,1,9,4,19,10,37,4,9,12,14,0,0
pc-c13cc07d-23,rudeljaeger__ohne_pc,control,1,0,0,9,-4,13,13,36,5,12,4,6,0,0
pc-f78ff8a1-24,forschung_muskelkraft__ohne_pc,control,0,1,1,9,2,16,9,33,12,7,13,10,0,0
pc-f78ff8a1-24,rudeljaeger__ohne_pc,control,1,0,0,9,0,13,12,33,5,12,2,8,0,1
pc-7e4287e4-25,forschung_muskelkraft__ohne_pc,control,0,0,1,6,0,14,7,20,1,5,6,0,0,0
pc-7e4287e4-25,rudeljaeger__ohne_pc,control,1,1,0,6,10,10,9,20,0,9,3,10,0,0
pc-ea2aba1c-26,forschung_muskelkraft__ohne_pc,control,0,1,1,10,1,17,11,43,6,10,10,15,0,0
pc-ea2aba1c-26,rudeljaeger__ohne_pc,control,1,0,0,10,-5,15,14,34,15,12,6,9,0,3
pc-70dd495f-27,forschung_muskelkraft__ohne_pc,control,0,1,1,7,3,13,8,26,1,6,8,10,0,0
pc-70dd495f-27,rudeljaeger__ohne_pc,control,1,0,0,7,0,10,10,27,0,9,3,7,0,1
pc-125a75ac-28,forschung_muskelkraft__ohne_pc,control,0,0,1,6,-1,12,6,19,1,5,5,9,0,0
pc-125a75ac-28,rudeljaeger__ohne_pc,control,1,1,0,6,1,9,9,19,0,8,3,11,0,0
pc-990d04ee-29,forschung_muskelkraft__ohne_pc,control,0,1,1,9,3,19,13,40,2,11,8,10,0,0
pc-990d04ee-29,rudeljaeger__ohne_pc,control,1,0,0,9,0,13,12,28,11,10,7,7,0,0
pc-04f53727-30,forschung_muskelkraft__ohne_pc,control,0,1,1,7,6,15,7,22,4,5,5,13,0,0
pc-04f53727-30,rudeljaeger__ohne_pc,control,1,0,0,7,-3,11,8,27,1,7,0,4,0,0
pc-8ba7c669-31,forschung_muskelkraft__ohne_pc,control,0,0,1,6,-2,15,6,19,2,5,5,2,0,0
pc-8ba7c669-31,rudeljaeger__ohne_pc,control,1,1,0,6,8,9,8,20,1,8,2,12,0,0
pc-6ea2ef2f-32,forschung_muskelkraft__ohne_pc,control,0,1,1,9,4,16,10,37,5,8,11,11,0,0
pc-6ea2ef2f-32,rudeljaeger__ohne_pc,control,1,0,0,9,-1,13,12,31,7,12,3,6,0,1
pc-f5559e71-33,forschung_muskelkraft__ohne_pc,control,0,0,1,6,-3,12,7,20,1,6,4,7,0,0
pc-f5559e71-33,rudeljaeger__ohne_pc,control,1,1,0,6,3,9,8,20,0,8,3,13,0,0
pc-613db0aa-34,forschung_muskelkraft__ohne_pc,control,0,0,1,5,-1,10,5,14,1,4,2,4,0,0
pc-613db0aa-34,rudeljaeger__ohne_pc,control,1,1,0,5,6,10,4,14,1,4,2,11,0,0
pc-e7f05fec-35,forschung_muskelkraft__ohne_pc,control,0,0,1,6,0,12,6,20,1,5,4,4,0,0
pc-e7f05fec-35,rudeljaeger__ohne_pc,control,1,1,0,6,6,10,7,20,0,7,3,10,0,0
pc-896d6c39-36,forschung_muskelkraft__ohne_pc,control,0,0,1,3,0,8,0,0,3,0,0,0,0,0
pc-896d6c39-36,rudeljaeger__ohne_pc,control,1,1,0,3,10,6,2,3,0,2,0,10,0,0
pc-10201b7c-37,forschung_muskelkraft__ohne_pc,control,0,0,1,6,-1,13,6,20,1,5,3,0,0,0
pc-10201b7c-37,rudeljaeger__ohne_pc,control,1,1,0,6,10,10,7,20,1,7,3,11,0,0
pc-7c082db4-38,forschung_muskelkraft__ohne_pc,control,0,0,1,6,-1,14,5,18,2,5,4,0,0,0
pc-7c082db4-38,rudeljaeger__ohne_pc,control,1,1,0,6,10,10,7,21,0,7,3,11,0,0
pc-02badcf7-39,forschung_muskelkraft__ohne_pc,control,0,0,1,5,0,9,5,14,1,4,6,8,0,0
pc-02badcf7-39,rudeljaeger__ohne_pc,control,1,1,0,5,2,10,7,15,0,7,1,10,0,0
pc-390df51b-40,forschung_muskelkraft__ohne_pc,control,0,1,1,6,6,16,6,19,2,5,6,12,0,0
pc-390df51b-40,rudeljaeger__ohne_pc,control,1,0,0,6,-2,11,7,18,2,7,1,4,0,0
pc-bfc0845d-41,forschung_muskelkraft__ohne_pc,control,0,1,1,14,4,21,14,53,38,12,15,13,0,0
pc-bfc0845d-41,rudeljaeger__ohne_pc,control,1,0,0,14,-3,19,18,48,45,16,7,6,0,1
pc-2ba8b696-42,forschung_muskelkraft__ohne_pc,control,0,0,1,5,0,13,5,14,1,4,4,0,0,0
pc-2ba8b696-42,rudeljaeger__ohne_pc,control,1,1,0,5,10,9,7,15,0,6,1,10,0,0
pc-b25b45d8-43,forschung_muskelkraft__ohne_pc,control,0,0,1,7,-3,18,9,26,2,8,4,9,0,0
pc-b25b45d8-43,rudeljaeger__ohne_pc,control,1,1,0,7,1,10,9,27,1,8,5,13,0,0
pc-53d87225-44,forschung_muskelkraft__ohne_pc,control,0,0,1,6,0,12,5,19,2,5,4,0,0,0
pc-53d87225-44,rudeljaeger__ohne_pc,control,1,1,0,6,10,11,6,19,2,6,4,10,0,0
pc-da8b0167-45,forschung_muskelkraft__ohne_pc,control,0,0,1,6,-1,12,6,20,1,5,6,8,0,0
pc-da8b0167-45,rudeljaeger__ohne_pc,control,1,1,0,6,2,11,8,20,1,7,2,11,0,0
pc-467333a0-46,forschung_muskelkraft__ohne_pc,control,0,0,1,5,0,10,5,13,2,3,0,2,0,0
pc-467333a0-46,rudeljaeger__ohne_pc,control,1,1,0,5,8,11,4,13,1,4,0,10,0,0
pc-cd25c2e2-47,forschung_muskelkraft__ohne_pc,control,0,0,1,5,0,13,2,9,6,2,2,0,0,0
pc-cd25c2e2-47,rudeljaeger__ohne_pc,control,1,1,0,5,10,9,5,13,2,5,0,10,0,0
pc-0378fb07-48,forschung_muskelkraft__ohne_pc,control,0,1,1,7,1,14,8,26,2,6,5,12,0,0
pc-0378fb07-48,rudeljaeger__ohne_pc,control,1,0,0,7,-2,12,10,23,3,8,2,9,0,0
pc-8a2b8a49-49,forschung_muskelkraft__ohne_pc,control,0,0,1,5,-1,13,4,13,2,4,2,0,0,0
pc-8a2b8a49-49,rudeljaeger__ohne_pc,control,1,1,0,5,10,10,7,14,0,6,2,11,0,0
pc-59bc2736-50,forschung_muskelkraft__ohne_pc,control,0,1,0,10,2,19,10,35,14,8,11,11,0,0
pc-59bc2736-50,rudeljaeger__ohne_pc,control,1,0,1,10,-1,16,14,36,12,12,3,8,0,0
pc-e06ed678-51,forschung_muskelkraft__ohne_pc,control,0,1,0,8,6,12,9,26,2,7,11,10,0,0
pc-e06ed678-51,rudeljaeger__ohne_pc,control,1,0,1,8,0,13,12,29,3,11,3,4,0,0
pc-672165bb-52,forschung_muskelkraft__ohne_pc,control,0,0,0,5,-2,12,5,14,1,4,4,6,0,0
pc-672165bb-52,rudeljaeger__ohne_pc,control,1,1,1,5,4,8,7,13,1,6,2,12,0,0
pc-edd414fd-53,forschung_muskelkraft__ohne_pc,control,0,1,0,10,3,21,11,39,13,9,13,11,0,0
pc-edd414fd-53,rudeljaeger__ohne_pc,control,1,0,1,10,-1,14,14,33,16,13,4,7,0,0
pc-3ef1aa2c-54,forschung_muskelkraft__ohne_pc,control,0,1,0,9,3,16,11,38,2,10,10,10,0,0
pc-3ef1aa2c-54,rudeljaeger__ohne_pc,control,1,0,1,9,0,12,12,28,13,10,6,7,0,0
pc-c5a4596e-55,forschung_muskelkraft__ohne_pc,control,0,1,0,11,3,21,12,40,20,10,12,15,0,0
pc-c5a4596e-55,rudeljaeger__ohne_pc,control,1,0,1,11,-5,15,14,35,24,13,5,7,0,1
pc-4c56e8b1-56,forschung_muskelkraft__ohne_pc,control,0,0,0,5,0,11,4,13,2,4,2,0,0,0
pc-4c56e8b1-56,rudeljaeger__ohne_pc,control,1,1,1,5,10,9,4,14,1,4,3,10,0,0
pc-d30997f3-57,forschung_muskelkraft__ohne_pc,control,0,0,0,6,-1,12,3,15,6,3,0,5,0,0
pc-d30997f3-57,rudeljaeger__ohne_pc,control,1,1,1,6,5,12,5,16,3,4,1,11,0,0
pc-24272d22-58,forschung_muskelkraft__ohne_pc,control,0,0,0,4,-3,11,4,9,1,3,0,0,0,0
pc-24272d22-58,rudeljaeger__ohne_pc,control,1,1,1,4,10,9,4,10,0,4,1,13,0,0
pc-aad9dc64-59,forschung_muskelkraft__ohne_pc,control,0,0,0,5,-1,11,4,13,2,4,4,0,0,0
pc-aad9dc64-59,rudeljaeger__ohne_pc,control,1,1,1,5,10,11,6,14,1,6,2,11,0,0
pc-318c6ba7-60,forschung_muskelkraft__ohne_pc,control,0,0,0,4,-2,9,2,6,4,2,3,0,0,0
pc-318c6ba7-60,rudeljaeger__ohne_pc,control,1,1,1,4,10,8,4,9,0,4,1,12,0,0
pc-b83f1ae9-61,forschung_muskelkraft__ohne_pc,control,0,0,0,5,-1,12,5,14,1,4,6,0,0,0
pc-b83f1ae9-61,rudeljaeger__ohne_pc,control,1,1,1,5,10,10,7,14,0,7,1,11,0,0
pc-095cb018-62,forschung_muskelkraft__ohne_pc,control,0,1,0,15,2,23,15,59,50,13,16,9,0,0
pc-095cb018-62,rudeljaeger__ohne_pc,control,1,0,1,15,0,20,19,51,58,17,10,7,0,2
pc-900f5f5a-63,forschung_muskelkraft__ohne_pc,control,0,0,0,6,-2,15,6,19,2,5,4,0,0,0
pc-900f5f5a-63,rudeljaeger__ohne_pc,control,1,1,1,6,10,11,7,19,1,6,2,12,0,0
pc-16c1ee9d-64,forschung_muskelkraft__ohne_pc,control,0,0,0,6,0,19,5,18,2,5,2,0,0,0
pc-16c1ee9d-64,rudeljaeger__ohne_pc,control,1,1,1,6,10,11,5,16,2,5,2,10,0,0
pc-9d749ddf-65,forschung_muskelkraft__ohne_pc,control,0,1,0,10,2,18,11,43,7,10,13,10,0,0
pc-9d749ddf-65,rudeljaeger__ohne_pc,control,1,0,1,10,0,13,13,32,17,13,5,8,0,0
pc-ee92330d-66,forschung_muskelkraft__ohne_pc,control,0,1,0,10,4,17,12,42,3,10,12,13,0,0
pc-ee92330d-66,rudeljaeger__ohne_pc,control,1,0,1,10,-3,15,14,34,17,14,5,6,0,0
pc-7544c250-67,forschung_muskelkraft__ohne_pc,control,0,0,0,4,0,10,3,8,2,3,4,0,0,0
pc-7544c250-67,rudeljaeger__ohne_pc,control,1,1,1,4,10,8,5,8,2,5,2,10,0,0
pc-fbf77192-68,forschung_muskelkraft__ohne_pc,control,0,0,0,7,-3,16,7,25,3,6,5,8,0,0
pc-fbf77192-68,rudeljaeger__ohne_pc,control,1,1,1,7,2,11,8,24,2,7,4,13,0,1
pc-82aa00d5-69,forschung_muskelkraft__ohne_pc,control,0,1,0,13,2,23,17,63,23,15,10,11,0,0
pc-82aa00d5-69,rudeljaeger__ohne_pc,control,1,0,1,13,-1,17,16,38,42,14,10,8,0,3
pc-d3c7b603-70,forschung_muskelkraft__ohne_pc,control,0,1,0,8,1,19,10,33,2,8,9,10,0,0
pc-d3c7b603-70,rudeljaeger__ohne_pc,control,1,0,1,8,0,12,11,26,7,9,3,9,0,0
pc-5a7a4546-71,forschung_muskelkraft__ohne_pc,control,0,0,0,4,-1,10,3,7,3,2,0,3,0,0
pc-5a7a4546-71,rudeljaeger__ohne_pc,control,1,1,1,4,7,10,4,10,0,4,0,11,0,0
pc-e12cf488-72,forschung_muskelkraft__ohne_pc,control,0,1,0,13,2,21,14,53,29,12,15,14,0,0
pc-e12cf488-72,rudeljaeger__ohne_pc,control,1,0,1,13,-4,17,17,42,41,15,8,8,0,0
pc-67df83cb-73,forschung_muskelkraft__ohne_pc,control,0,1,0,10,6,20,11,39,11,9,13,15,0,0
pc-67df83cb-73,rudeljaeger__ohne_pc,control,1,0,1,10,-5,14,14,36,10,13,4,4,0,1
pc-b8fd38f9-74,forschung_muskelkraft__ohne_pc,control,0,1,0,7,1,13,8,25,2,7,5,13,0,0
pc-b8fd38f9-74,rudeljaeger__ohne_pc,control,1,0,1,7,-3,12,10,26,2,9,3,9,0,0
pc-3fafc83c-75,forschung_muskelkraft__ohne_pc,control,0,1,0,9,2,19,9,32,4,7,10,10,0,0
pc-3fafc83c-75,rudeljaeger__ohne_pc,control,1,0,1,9,0,13,12,36,5,10,2,8,0,1
pc-c662777e-76,forschung_muskelkraft__ohne_pc,control,0,1,0,7,2,14,7,24,2,6,6,11,0,0
pc-c662777e-76,rudeljaeger__ohne_pc,control,1,0,1,7,-1,11,10,27,0,10,3,8,0,1
pc-4d1506c1-77,forschung_muskelkraft__ohne_pc,control,0,1,0,7,1,12,7,22,4,5,9,11,0,0
pc-4d1506c1-77,rudeljaeger__ohne_pc,control,1,0,1,7,-1,11,10,24,1,8,1,9,0,0
pc-9e32bbef-78,forschung_muskelkraft__ohne_pc,control,0,1,0,11,6,23,12,43,13,10,14,10,0,0
pc-9e32bbef-78,rudeljaeger__ohne_pc,control,1,0,1,11,0,16,15,44,15,14,5,4,0,1
pc-24e54b32-79,forschung_muskelkraft__ohne_pc,control,0,1,0,9,6,20,9,31,10,7,14,16,0,0
pc-24e54b32-79,rudeljaeger__ohne_pc,control,1,0,1,9,-6,14,12,34,3,12,4,4,0,2
pc-ab97fa74-80,forschung_muskelkraft__ohne_pc,control,0,1,0,12,2,21,13,48,19,11,15,14,0,0
pc-ab97fa74-80,rudeljaeger__ohne_pc,control,1,0,1,12,-4,16,16,44,24,15,6,8,0,1
pc-324a89b7-81,forschung_muskelkraft__ohne_pc,control,0,0,0,6,-2,16,6,19,2,5,3,5,0,0
pc-324a89b7-81,rudeljaeger__ohne_pc,control,1,1,1,6,5,11,7,19,1,6,2,12,0,0
pc-30102f87-82,forschung_muskelkraft__ohne_pc,control,0,0,0,5,-2,9,5,14,1,4,3,3,0,0
pc-30102f87-82,rudeljaeger__ohne_pc,control,1,1,1,5,7,8,7,13,2,6,1,12,0,0
pc-b6c2dec9-83,forschung_muskelkraft__ohne_pc,control,0,0,0,3,0,7,3,5,1,2,0,0,0,0
pc-b6c2dec9-83,rudeljaeger__ohne_pc,control,1,1,1,3,10,7,3,6,0,3,1,10,0,0
pc-3d756e0c-84,forschung_muskelkraft__ohne_pc,control,0,0,0,4,-1,10,4,9,1,3,3,2,0,0
pc-3d756e0c-84,rudeljaeger__ohne_pc,control,1,1,1,4,8,8,5,10,0,4,1,11,0,0
pc-c4281d4e-85,forschung_muskelkraft__ohne_pc,control,0,0,0,4,0,9,4,9,1,3,4,0,0,0
pc-c4281d4e-85,rudeljaeger__ohne_pc,control,1,1,1,4,10,9,4,8,1,4,1,10,0,0
pc-1545b27d-86,forschung_muskelkraft__ohne_pc,control,0,0,0,5,-3,14,4,13,2,4,4,0,0,0
pc-1545b27d-86,rudeljaeger__ohne_pc,control,1,1,1,5,10,8,8,13,0,7,2,13,0,0
pc-9bf841bf-87,forschung_muskelkraft__ohne_pc,control,0,0,0,5,-2,11,2,9,6,2,4,0,0,0
pc-9bf841bf-87,rudeljaeger__ohne_pc,control,1,1,1,5,10,10,5,15,0,5,1,12,0,0
pc-22aaf102-88,forschung_muskelkraft__ohne_pc,control,0,1,0,11,4,18,10,38,21,9,13,11,0,0
pc-22aaf102-88,rudeljaeger__ohne_pc,control,1,0,1,11,-1,14,14,33,23,12,5,6,0,0
pc-a95d8044-89,forschung_muskelkraft__ohne_pc,control,0,1,0,8,4,16,8,25,3,6,9,14,0,0
pc-a95d8044-89,rudeljaeger__ohne_pc,control,1,0,1,8,-4,14,11,31,2,10,1,6,0,1
pc-fa7b3572-90,forschung_muskelkraft__ohne_pc,control,0,1,0,11,2,22,12,44,16,10,15,14,0,0
pc-fa7b3572-90,rudeljaeger__ohne_pc,control,1,0,1,11,-4,15,15,42,15,14,6,8,0,1
pc-812dc4b5-91,forschung_muskelkraft__ohne_pc,control,0,0,0,7,-4,12,6,23,4,5,3,8,0,0
pc-812dc4b5-91,rudeljaeger__ohne_pc,control,1,1,1,7,2,12,7,25,1,7,2,14,0,1
pc-07e073f8-92,forschung_muskelkraft__ohne_pc,control,0,1,0,10,6,19,10,40,14,9,14,12,0,0
pc-07e073f8-92,rudeljaeger__ohne_pc,control,1,0,1,10,-2,15,14,35,12,13,4,4,0,0
pc-8e93033a-93,forschung_muskelkraft__ohne_pc,control,0,1,0,10,2,21,10,37,8,8,13,13,0,0
pc-8e93033a-93,rudeljaeger__ohne_pc,control,1,0,1,10,-3,14,13,36,12,12,3,8,0,1
pc-dfb0b868-94,forschung_muskelkraft__ohne_pc,control,0,1,0,8,5,17,9,26,2,8,9,11,0,0
pc-dfb0b868-94,rudeljaeger__ohne_pc,control,1,0,1,8,-1,14,11,24,5,10,4,5,0,0
pc-666347ab-95,forschung_muskelkraft__ohne_pc,control,0,0,0,6,0,15,7,20,1,5,5,0,0,0
pc-666347ab-95,rudeljaeger__ohne_pc,control,1,1,1,6,10,10,8,20,1,8,2,10,0,0
pc-ed15f6ed-96,forschung_muskelkraft__ohne_pc,control,0,1,0,9,5,13,10,38,2,9,10,10,0,0
pc-ed15f6ed-96,rudeljaeger__ohne_pc,control,1,0,1,9,0,13,12,33,5,10,5,5,0,2
pc-73c88630-97,forschung_muskelkraft__ohne_pc,control,0,0,0,4,0,10,3,8,2,3,0,0,0,0
pc-73c88630-97,rudeljaeger__ohne_pc,control,1,1,1,4,10,8,4,9,0,3,1,10,0,0
pc-c4e63b5e-98,forschung_muskelkraft__ohne_pc,control,0,0,0,5,0,13,5,14,1,4,3,4,0,0
pc-c4e63b5e-98,rudeljaeger__ohne_pc,control,1,1,1,5,6,9,5,14,1,5,1,10,0,0
pc-4b98caa1-99,forschung_muskelkraft__ohne_pc,control,0,1,0,7,6,15,8,27,1,7,8,12,0,0
pc-4b98caa1-99,rudeljaeger__ohne_pc,control,1,0,1,7,-2,12,10,27,1,8,2,4,0,0
pc-e6c80134-100,forschung_muskelkraft__mit_pc,control,0,0,1,6,-1,15,5,19,2,5,5,7,0,0
pc-e6c80134-100,rudeljaeger__mit_pc,control,1,1,0,6,3,9,7,17,3,7,2,11,0,0
pc-601571f2-101,forschung_muskelkraft__mit_pc,control,0,1,1,6,3,12,6,20,1,5,3,10,0,0
pc-601571f2-101,rudeljaeger__mit_pc,control,1,0,0,6,0,9,8,19,1,7,2,7,0,0
pc-d962c2af-102,forschung_muskelkraft__mit_pc,control,0,0,1,7,0,18,9,27,1,7,4,5,0,0
pc-d962c2af-102,rudeljaeger__mit_pc,control,1,1,0,7,5,11,9,24,2,8,5,10,0,0
pc-52b0336d-103,forschung_muskelkraft__mit_pc,control,0,1,1,11,2,23,14,54,6,12,13,10,0,0
pc-52b0336d-103,rudeljaeger__mit_pc,control,1,0,0,11,0,16,15,42,17,14,7,8,0,1
pc-cbfd842a-104,forschung_muskelkraft__mit_pc,control,0,1,1,9,6,17,10,37,4,8,10,12,0,0
pc-cbfd842a-104,rudeljaeger__mit_pc,control,1,0,0,9,-2,14,12,31,9,11,3,4,0,1
pc-454af4e8-105,forschung_muskelkraft__mit_pc,control,0,1,1,5,2,12,5,14,1,4,3,10,0,0
pc-454af4e8-105,rudeljaeger__mit_pc,control,1,0,0,5,0,9,5,13,2,5,1,8,0,0
pc-be9845a5-106,forschung_muskelkraft__mit_pc,control,0,1,1,12,5,22,16,61,10,14,11,13,0,0
pc-be9845a5-106,rudeljaeger__mit_pc,control,1,0,0,12,-3,17,15,40,30,13,10,5,0,0
pc-37e5b663-107,forschung_muskelkraft__mit_pc,control,0,0,1,5,-1,11,5,14,1,4,2,0,0,0
pc-37e5b663-107,rudeljaeger__mit_pc,control,1,1,0,5,10,9,4,14,1,4,1,11,0,0
pc-b1330720-108,forschung_muskelkraft__mit_pc,control,0,0,1,6,0,14,6,19,1,5,3,2,0,0
pc-b1330720-108,rudeljaeger__mit_pc,control,1,1,0,6,8,11,5,19,2,5,3,10,0,0
pc-2a8077de-109,forschung_muskelkraft__mit_pc,control,0,1,1,14,1,22,13,50,41,11,16,14,0,0
pc-2a8077de-109,rudeljaeger__mit_pc,control,1,0,0,14,-4,20,18,47,49,16,6,9,0,0
pc-a3cdc89b-110,forschung_muskelkraft__mit_pc,control,0,0,1,3,0,10,2,4,1,2,0,0,0,0
pc-a3cdc89b-110,rudeljaeger__mit_pc,control,1,1,0,3,10,8,3,5,0,3,0,10,0,0
pc-1d1b3959-111,forschung_muskelkraft__mit_pc,control,0,0,1,6,0,15,6,19,1,5,4,7,0,0
pc-1d1b3959-111,rudeljaeger__mit_pc,control,1,1,0,6,3,12,8,19,2,8,1,10,0,0
pc-96688a16-112,forschung_muskelkraft__mit_pc,control,0,0,1,7,0,14,6,24,3,5,3,5,0,0
pc-96688a16-112,rudeljaeger__mit_pc,control,1,1,0,7,5,10,7,24,1,7,2,10,0,1
pc-0fb5fad4-113,forschung_muskelkraft__mit_pc,control,0,0,1,4,-1,10,3,7,3,2,0,2,0,0
pc-0fb5fad4-113,rudeljaeger__mit_pc,control,1,1,0,4,8,9,4,9,1,3,0,11,0,0
pc-89034b91-114,forschung_muskelkraft__mit_pc,control,0,1,1,5,2,12,5,14,1,4,2,10,0,0
pc-89034b91-114,rudeljaeger__mit_pc,control,1,0,0,5,0,8,5,15,0,4,0,8,0,0
pc-0250bc4f-115,forschung_muskelkraft__mit_pc,control,0,1,1,7,2,15,8,26,1,6,5,10,0,0
pc-0250bc4f-115,rudeljaeger__mit_pc,control,1,0,0,7,0,11,7,26,0,7,2,8,0,0
pc-7b9e0d0c-116,forschung_muskelkraft__mit_pc,control,0,0,1,5,0,12,4,13,2,4,3,7,0,0
pc-7b9e0d0c-116,rudeljaeger__mit_pc,control,1,1,0,5,3,9,5,13,2,5,1,10,0,0
pc-f4eb7dc9-117,forschung_muskelkraft__mit_pc,control,0,1,1,7,2,17,9,27,1,7,7,10,0,0
pc-f4eb7dc9-117,rudeljaeger__mit_pc,control,1,0,0,7,0,12,10,22,1,9,2,8,0,0
pc-6e38ce87-118,forschung_muskelkraft__mit_pc,control,0,0,1,6,-1,14,7,20,1,5,5,7,0,0
pc-6e38ce87-118,rudeljaeger__mit_pc,control,1,1,0,6,3,9,9,17,1,8,3,11,0,0
pc-e7863f44-119,forschung_muskelkraft__mit_pc,control,0,0,1,5,-2,13,5,14,1,4,3,6,0,0
pc-e7863f44-119,rudeljaeger__mit_pc,control,1,1,0,5,4,8,5,15,0,5,1,12,0,0
pc-60d39002-120,forschung_muskelkraft__mit_pc,control,0,0,1,5,0,13,4,12,3,3,2,3,0,0
pc-60d39002-120,rudeljaeger__mit_pc,control,1,1,0,5,7,9,5,13,0,5,0,10,0,0
pc-da20e0bf-121,forschung_muskelkraft__mit_pc,control,0,1,1,10,2,23,13,44,5,11,10,10,0,0
pc-da20e0bf-121,rudeljaeger__mit_pc,control,1,0,0,10,0,15,14,39,13,12,6,8,0,0
pc-536e517d-122,forschung_muskelkraft__mit_pc,control,0,0,1,5,0,14,6,13,2,4,2,0,0,0
pc-536e517d-122,rudeljaeger__mit_pc,control,1,1,0,5,10,10,5,14,1,5,2,10,0,0
pc-ccbba23a-123,forschung_muskelkraft__mit_pc,control,0,0,1,7,0,18,7,24,3,5,4,2,0,0
pc-ccbba23a-123,rudeljaeger__mit_pc,control,1,1,0,7,8,10,10,25,2,8,2,10,0,0
pc-460912f8-124,forschung_muskelkraft__mit_pc,control,0,0,1,3,0,9,3,5,1,2,0,0,0,0
pc-460912f8-124,rudeljaeger__mit_pc,control,1,1,0,3,10,7,3,6,0,3,0,10,0,0
pc-bf5663b5-125,forschung_muskelkraft__mit_pc,control,0,0,1,8,-1,17,8,30,5,7,6,2,0,0
pc-bf5663b5-125,rudeljaeger__mit_pc,control,1,1,0,8,8,13,12,29,4,10,3,11,0,0
pc-38a3d473-126,forschung_muskelkraft__mit_pc,control,0,1,1,9,7,18,9,28,8,7,13,11,0,0
pc-38a3d473-126,rudeljaeger__mit_pc,control,1,0,0,9,-1,14,13,34,6,13,3,3,0,0
pc-b1f12530-127,forschung_muskelkraft__mit_pc,control,0,0,1,5,-1,11,4,13,2,4,1,4,0,0
pc-b1f12530-127,rudeljaeger__mit_pc,control,1,1,0,5,6,9,4,14,1,4,2,11,0,0
pc-2b3e95ee-128,forschung_muskelkraft__mit_pc,control,0,1,1,8,1,16,7,29,4,6,6,11,0,0
pc-2b3e95ee-128,rudeljaeger__mit_pc,control,1,0,0,8,-1,12,11,26,5,9,2,9,0,0
pc-a48be6ab-129,forschung_muskelkraft__mit_pc,control,0,0,1,9,0,17,12,42,3,10,9,8,0,0
pc-a48be6ab-129,rudeljaeger__mit_pc,control,1,1,0,9,2,15,13,33,6,12,6,10,0,1
pc-1dd95769-130,forschung_muskelkraft__mit_pc,control,0,1,1,15,3,23,17,67,46,15,13,9,0,0
pc-1dd95769-130,rudeljaeger__mit_pc,control,1,0,0,15,0,19,19,53,55,17,13,6,0,4
pc-9726a826-131,forschung_muskelkraft__mit_pc,control,0,0,1,4,-1,13,4,9,1,3,4,0,0,0
pc-9726a826-131,rudeljaeger__mit_pc,control,1,1,0,4,10,8,6,10,0,5,0,11,0,0
pc-107418e4-132,forschung_muskelkraft__mit_pc,control,0,1,1,5,2,11,5,14,1,4,3,13,0,0
pc-107418e4-132,rudeljaeger__mit_pc,control,1,0,0,5,-3,9,5,14,1,5,0,8,0,0
pc-89c169a1-133,forschung_muskelkraft__mit_pc,control,0,1,1,7,2,12,8,26,1,6,5,11,0,0
pc-89c169a1-133,rudeljaeger__mit_pc,control,1,0,0,7,-1,11,8,27,1,8,3,8,0,0
pc-030eda5f-134,forschung_muskelkraft__mit_pc,control,0,1,1,12,6,23,13,53,18,11,15,12,0,0
pc-030eda5f-134,rudeljaeger__mit_pc,control,1,0,0,12,-2,16,16,47,23,15,7,4,0,2
pc-7c5c2b1c-135,forschung_muskelkraft__mit_pc,control,0,1,1,15,2,23,14,55,55,12,15,9,0,0
pc-7c5c2b1c-135,rudeljaeger__mit_pc,control,1,0,0,15,0,21,19,51,62,17,8,7,0,0
pc-f5a99bd9-136,forschung_muskelkraft__mit_pc,control,0,1,1,13,3,24,15,59,19,13,14,13,0,0
pc-f5a99bd9-136,rudeljaeger__mit_pc,control,1,0,0,13,-3,18,17,47,34,15,8,7,0,0
pc-6ef6ec97-137,forschung_muskelkraft__mit_pc,control,0,0,1,4,-1,10,3,4,3,1,0,0,0,0
pc-6ef6ec97-137,rudeljaeger__mit_pc,control,1,1,0,4,10,10,4,10,0,4,0,11,0,0
pc-e8445d54-138,forschung_muskelkraft__mit_pc,control,0,1,1,15,4,24,15,61,44,13,15,11,0,0
pc-e8445d54-138,rudeljaeger__mit_pc,control,1,0,0,15,-1,21,19,51,59,17,9,6,0,0
pc-6191ae12-139,forschung_muskelkraft__mit_pc,control,0,1,1,8,6,17,8,27,6,7,2,12,0,0
pc-6191ae12-139,rudeljaeger__mit_pc,control,1,0,0,8,-2,12,9,28,4,7,3,4,0,1
pc-dadf1ecf-140,forschung_muskelkraft__mit_pc,control,0,0,1,7,-1,14,8,26,1,6,6,8,0,0
pc-dadf1ecf-140,rudeljaeger__mit_pc,control,1,1,0,7,2,11,9,27,1,8,2,11,0,0
pc-542c6f8d-141,forschung_muskelkraft__mit_pc,control,0,1,1,13,2,21,17,67,19,15,15,10,0,0
pc-542c6f8d-141,rudeljaeger__mit_pc,control,1,0,0,13,0,17,17,47,33,15,11,8,0,1
pc-cd79c04a-142,forschung_muskelkraft__mit_pc,control,0,1,1,4,2,9,4,9,1,3,3,11,0,0
pc-cd79c04a-142,rudeljaeger__mit_pc,control,1,0,0,4,-1,8,4,8,1,4,0,8,0,0
pc-46c73108-143,forschung_muskelkraft__mit_pc,control,0,1,1,9,2,16,11,41,4,9,7,13,0,0
pc-46c73108-143,rudeljaeger__mit_pc,control,1,0,0,9,-3,15,12,33,7,10,4,8,0,3
pc-c01481c5-144,forschung_muskelkraft__mit_pc,control,0,1,1,10,1,18,11,41,9,9,11,15,0,0
pc-c01481c5-144,rudeljaeger__mit_pc,control,1,0,0,10,-5,14,14,42,7,13,6,9,0,1
pc-3961f283-145,forschung_muskelkraft__mit_pc,control,0,0,1,7,-1,16,8,26,2,6,4,0,0,0
pc-3961f283-145,rudeljaeger__mit_pc,control,1,1,0,7,10,11,9,25,2,8,3,11,0,0
pc-b2af4340-146,forschung_muskelkraft__mit_pc,control,0,0,1,6,0,14,6,20,1,5,5,4,0,0
pc-b2af4340-146,rudeljaeger__mit_pc,control,1,1,0,6,6,11,8,20,0,8,3,10,0,0
pc-2bfcb3fe-147,forschung_muskelkraft__mit_pc,control,0,1,1,11,1,21,10,43,17,9,13,14,0,0
pc-2bfcb3fe-147,rudeljaeger__mit_pc,control,1,0,0,11,-4,15,15,36,24,13,5,9,0,0
pc-a54a04bb-148,forschung_muskelkraft__mit_pc,control,0,1,1,7,4,16,7,24,3,6,5,11,0,0
pc-a54a04bb-148,rudeljaeger__mit_pc,control,1,0,0,7,-1,14,8,22,4,8,2,6,0,1
pc-1e977579-149,forschung_muskelkraft__mit_pc,control,0,1,1,8,1,20,9,32,3,8,6,10,0,0
pc-1e977579-149,rudeljaeger__mit_pc,control,1,0,0,8,0,14,12,34,0,10,4,9,0,1
pc-255ac0dd-150,forschung_muskelkraft__mit_pc,control,0,1,0,15,2,21,17,67,42,15,17,13,0,0
pc-255ac0dd-150,rudeljaeger__mit_pc,control,1,0,1,15,-3,22,19,52,54,17,10,8,0,1
pc-9ea8319a-151,forschung_muskelkraft__mit_pc,control,0,1,0,10,2,22,13,50,5,12,12,11,0,0
pc-9ea8319a-151,rudeljaeger__mit_pc,control,1,0,1,10,-1,16,14,41,8,12,7,8,0,1
pc-32c01f62-152,forschung_muskelkraft__mit_pc,control,0,1,0,14,4,22,14,57,38,12,13,11,0,0
pc-32c01f62-152,rudeljaeger__mit_pc,control,1,0,1,14,-1,19,17,48,48,15,7,6,0,1
pc-ac0d701f-153,forschung_muskelkraft__mit_pc,control,0,0,0,8,-1,17,9,29,5,7,7,4,0,0
pc-ac0d701f-153,rudeljaeger__mit_pc,control,1,1,1,8,6,12,11,27,2,9,3,11,0,0
pc-0a9043d3-154,forschung_muskelkraft__mit_pc,control,0,0,0,4,-1,10,3,7,3,2,2,0,0,0
pc-0a9043d3-154,rudeljaeger__mit_pc,control,1,1,1,4,10,7,5,10,0,5,0,11,0,0
pc-83ddb490-155,forschung_muskelkraft__mit_pc,control,0,0,0,7,-2,13,8,26,2,6,5,4,0,0
pc-83ddb490-155,rudeljaeger__mit_pc,control,1,1,1,7,6,10,9,25,1,8,2,12,0,0
pc-17f58258-156,forschung_muskelkraft__mit_pc,control,0,0,0,7,-1,19,7,25,3,7,5,0,0,0
pc-17f58258-156,rudeljaeger__mit_pc,control,1,1,1,7,10,13,10,25,1,8,4,11,0,0
pc-9142f315-157,forschung_muskelkraft__mit_pc,control,0,1,0,10,4,20,11,40,5,9,9,14,0,0
pc-9142f315-157,rudeljaeger__mit_pc,control,1,0,1,10,-4,16,13,38,12,12,4,6,0,2
pc-efc5c6c8-158,forschung_muskelkraft__mit_pc,control,0,0,0,5,0,12,4,13,2,4,0,5,0,0
pc-efc5c6c8-158,rudeljaeger__mit_pc,control,1,1,1,5,5,9,4,14,1,4,2,10,0,0
pc-69133786-159,forschung_muskelkraft__mit_pc,control,0,0,0,4,-1,9,4,9,1,3,0,3,0,0
pc-69133786-159,rudeljaeger__mit_pc,control,1,1,1,4,7,8,4,10,0,4,1,11,0,0
pc-fd2b054d-160,forschung_muskelkraft__mit_pc,control,0,0,0,5,-1,11,5,14,1,4,4,3,0,0
pc-fd2b054d-160,rudeljaeger__mit_pc,control,1,1,1,5,7,10,7,15,0,7,1,11,0,0
pc-7678760b-161,forschung_muskelkraft__mit_pc,control,0,1,0,10,2,19,13,47,6,11,9,15,0,0
pc-7678760b-161,rudeljaeger__mit_pc,control,1,0,1,10,-5,15,13,34,13,11,7,8,0,1
pc-d4fb49be-162,forschung_muskelkraft__mit_pc,control,0,0,0,4,0,10,3,7,3,2,1,2,0,0
pc-d4fb49be-162,rudeljaeger__mit_pc,control,1,1,1,4,8,8,4,9,0,4,0,10,0,0
pc-4e48ba7c-163,forschung_muskelkraft__mit_pc,control,0,0,0,4,0,9,4,9,1,3,3,0,0,0
pc-4e48ba7c-163,rudeljaeger__mit_pc,control,1,1,1,4,10,8,5,10,0,5,1,10,0,0
pc-e2608843-164,forschung_muskelkraft__mit_pc,control,0,0,0,9,0,19,9,36,5,9,11,8,0,0
pc-e2608843-164,rudeljaeger__mit_pc,control,1,1,1,9,2,13,12,28,10,11,5,10,0,0
pc-5badf901-165,forschung_muskelkraft__mit_pc,control,0,1,0,11,4,22,13,45,16,11,12,10,0,0
pc-5badf901-165,rudeljaeger__mit_pc,control,1,0,1,11,0,16,15,44,16,14,8,6,0,0
pc-ba30ccb4-166,forschung_muskelkraft__mit_pc,control,0,1,0,12,1,23,16,63,7,14,13,12,0,0
pc-ba30ccb4-166,rudeljaeger__mit_pc,control,1,0,1,12,-2,16,16,42,28,14,9,9,0,1
pc-337e3d72-167,forschung_muskelkraft__mit_pc,control,0,0,0,6,0,12,5,17,4,4,2,4,0,0
pc-337e3d72-167,rudeljaeger__mit_pc,control,1,1,1,6,6,11,6,17,1,6,1,10,0,0
pc-c7960b39-168,forschung_muskelkraft__mit_pc,control,0,1,0,6,1,13,6,19,2,5,4,12,0,0
pc-c7960b39-168,rudeljaeger__mit_pc,control,1,0,1,6,-2,11,7,19,1,7,1,9,0,1
pc-40e37bf7-169,forschung_muskelkraft__mit_pc,control,0,1,0,9,3,18,12,41,3,10,8,11,0,0
pc-40e37bf7-169,rudeljaeger__mit_pc,control,1,0,1,9,-1,15,13,39,3,11,6,7,0,1
pc-9f664faa-170,forschung_muskelkraft__mit_pc,control,0,1,0,11,3,19,13,53,8,12,10,12,0,0
pc-9f664faa-170,rudeljaeger__mit_pc,control,1,0,1,11,-2,15,14,40,17,13,8,7,0,2
pc-18b3a068-171,forschung_muskelkraft__mit_pc,control,0,1,0,15,6,22,16,61,49,14,14,10,0,0
pc-18b3a068-171,rudeljaeger__mit_pc,control,1,0,1,15,0,19,18,49,58,16,10,4,0,1
pc-accb8e2f-172,forschung_muskelkraft__mit_pc,control,0,1,0,10,4,18,13,48,6,11,11,10,0,0
pc-accb8e2f-172,rudeljaeger__mit_pc,control,1,0,1,10,0,15,14,37,14,12,6,6,0,0
pc-2618feed-173,forschung_muskelkraft__mit_pc,control,0,1,0,12,6,23,15,61,13,13,13,11,0,0
pc-2618feed-173,rudeljaeger__mit_pc,control,1,0,1,12,-1,16,15,44,23,15,10,4,0,1
pc-849bd2a0-174,forschung_muskelkraft__mit_pc,control,0,1,0,8,4,18,10,32,4,8,8,13,0,0
pc-849bd2a0-174,rudeljaeger__mit_pc,control,1,0,1,8,-3,13,11,25,6,10,3,6,0,1
pc-fde9235d-175,forschung_muskelkraft__mit_pc,control,0,1,0,6,4,13,6,20,1,5,3,11,0,0
pc-fde9235d-175,rudeljaeger__mit_pc,control,1,0,1,6,-1,11,6,20,0,5,1,6,0,0
pc-92011125-176,forschung_muskelkraft__mit_pc,control,0,0,0,5,0,14,5,14,1,4,3,0,0,0
pc-92011125-176,rudeljaeger__mit_pc,control,1,1,1,5,10,8,5,13,2,5,3,10,0,0
pc-0b4e61e3-177,forschung_muskelkraft__mit_pc,control,0,0,0,7,-1,17,7,26,2,7,6,3,0,0
pc-0b4e61e3-177,rudeljaeger__mit_pc,control,1,1,1,7,7,12,8,26,1,8,3,11,0,1
pc-69d15596-178,forschung_muskelkraft__mit_pc,control,0,1,0,7,3,16,8,27,1,7,5,10,0,0
pc-69d15596-178,rudeljaeger__mit_pc,control,1,0,1,7,0,11,10,25,1,9,2,7,0,0
pc-e31ea653-179,forschung_muskelkraft__mit_pc,control,0,1,0,10,3,22,10,33,12,8,12,10,0,0
pc-e31ea653-179,rudeljaeger__mit_pc,control,1,0,1,10,0,14,13,36,14,12,4,7,0,0
pc-7736941b-180,forschung_muskelkraft__mit_pc,control,0,0,0,5,-2,10,5,13,2,3,1,3,0,0
pc-7736941b-180,rudeljaeger__mit_pc,control,1,1,1,5,7,10,4,14,1,4,0,12,0,0
pc-f083e4d8-181,forschung_muskelkraft__mit_pc,control,0,1,0,13,4,21,15,59,23,13,14,11,0,0
pc-f083e4d8-181,rudeljaeger__mit_pc,control,1,0,1,13,-1,17,16,50,30,14,9,6,0,0
pc-4f06d88c-182,forschung_muskelkraft__mit_pc,control,0,1,0,8,3,18,10,33,1,8,7,10,0,0
pc-4f06d88c-182,rudeljaeger__mit_pc,control,1,0,1,8,0,14,12,30,2,10,3,7,0,0
pc-c8542949-183,forschung_muskelkraft__mit_pc,control,0,1,0,15,1,22,17,65,44,15,15,13,0,0
pc-c8542949-183,rudeljaeger__mit_pc,control,1,0,1,15,-3,19,18,48,62,16,11,9,0,0
pc-5c6c1711-184,forschung_muskelkraft__mit_pc,control,0,0,0,4,-1,10,4,9,1,3,3,3,0,0
pc-5c6c1711-184,rudeljaeger__mit_pc,control,1,1,1,4,7,9,5,10,0,5,1,11,0,0
pc-d5b967ce-185,forschung_muskelkraft__mit_pc,control,0,0,0,8,-1,16,10,35,1,8,4,6,0,0
pc-d5b967ce-185,rudeljaeger__mit_pc,control,1,1,1,8,4,14,10,27,3,8,6,11,0,2
pc-343c5b82-186,forschung_muskelkraft__mit_pc,control,0,1,0,9,2,19,10,37,5,8,10,12,0,0
pc-343c5b82-186,rudeljaeger__mit_pc,control,1,0,1,9,-2,14,13,30,11,11,3,8,0,0
pc-ad89ac3f-187,forschung_muskelkraft__mit_pc,control,0,0,0,12,0,23,15,58,16,13,14,9,0,0
pc-ad89ac3f-187,rudeljaeger__mit_pc,control,1,1,1,12,1,18,16,48,20,14,9,10,0,2
pc-41a19a07-188,forschung_muskelkraft__mit_pc,control,0,1,0,13,4,22,12,48,30,10,12,12,0,0
pc-41a19a07-188,rudeljaeger__mit_pc,control,1,0,1,13,-2,18,17,49,31,15,7,6,0,3
pc-baeeeac4-189,forschung_muskelkraft__mit_pc,control,0,0,0,5,-1,11,2,9,6,2,4,0,0,0
pc-baeeeac4-189,rudeljaeger__mit_pc,control,1,1,1,5,10,9,7,13,0,6,1,11,0,0
pc-1971de78-190,forschung_muskelkraft__mit_pc,control,0,1,0,14,6,22,13,52,44,11,15,14,0,0
pc-1971de78-190,rudeljaeger__mit_pc,control,1,0,1,14,-4,18,18,50,46,17,6,4,0,2
pc-92bf2f35-191,forschung_muskelkraft__mit_pc,control,0,0,0,8,-2,17,9,32,3,8,7,3,0,0
pc-92bf2f35-191,rudeljaeger__mit_pc,control,1,1,1,8,7,13,11,30,0,10,4,12,0,1
pc-26d71cfd-192,forschung_muskelkraft__mit_pc,control,0,0,0,5,0,11,4,12,3,3,3,0,0,0
pc-26d71cfd-192,rudeljaeger__mit_pc,control,1,1,1,5,10,9,7,13,1,6,1,10,0,0
pc-a0246dba-193,forschung_muskelkraft__mit_pc,control,0,1,0,13,1,22,15,55,23,13,15,13,0,0
pc-a0246dba-193,rudeljaeger__mit_pc,control,1,0,1,13,-3,17,17,41,38,15,9,9,0,0
pc-fea7416d-194,forschung_muskelkraft__mit_pc,control,0,0,0,5,-2,12,2,9,6,2,0,4,0,0
pc-fea7416d-194,rudeljaeger__mit_pc,control,1,1,1,5,6,9,4,14,1,4,0,12,0,0
pc-77f4b22b-195,forschung_muskelkraft__mit_pc,control,0,0,0,9,-1,20,9,31,6,7,8,9,0,0
pc-77f4b22b-195,rudeljaeger__mit_pc,control,1,1,1,9,1,15,13,32,9,11,4,11,0,0
pc-0c0c9ff3-196,forschung_muskelkraft__mit_pc,control,0,1,0,10,2,20,11,43,9,9,12,12,0,0
pc-0c0c9ff3-196,rudeljaeger__mit_pc,control,1,0,1,10,-2,16,14,39,8,12,4,8,0,1
pc-8559f0b0-197,forschung_muskelkraft__mit_pc,control,0,1,0,7,2,16,7,25,3,6,4,10,0,0
pc-8559f0b0-197,rudeljaeger__mit_pc,control,1,0,1,7,0,11,8,25,3,7,3,8,0,0
pc-e3dcc463-198,forschung_muskelkraft__mit_pc,control,0,0,0,5,0,12,3,11,4,3,2,0,0,0
pc-e3dcc463-198,rudeljaeger__mit_pc,control,1,1,1,5,10,9,6,14,1,6,1,10,0,0
pc-5d2a3521-199,forschung_muskelkraft__mit_pc,control,0,0,0,4,-1,9,1,4,6,1,2,0,0,0
pc-5d2a3521-199,rudeljaeger__mit_pc,control,1,1,1,4,10,8,4,10,0,4,0,11,0,0
pc-47dbf830-200,forschung_muskelkraft__mit_pc,control,0,1,1,12,2,23,14,53,17,12,11,12,0,0
pc-47dbf830-200,rudeljaeger__ohne_pc,control,1,0,0,12,-2,16,15,36,31,13,8,8,0,1
pc-ce8e8772-201,forschung_muskelkraft__mit_pc,control,0,1,1,9,1,19,9,31,5,8,8,10,0,0
pc-ce8e8772-201,rudeljaeger__ohne_pc,control,1,0,0,9,0,14,13,33,7,12,3,9,0,0
pc-3a76b9ab-202,forschung_muskelkraft__mit_pc,control,0,0,1,7,-1,12,7,25,2,5,6,4,0,0
pc-3a76b9ab-202,rudeljaeger__ohne_pc,control,1,1,0,7,6,11,8,20,3,8,1,11,0,0
pc-c12948ed-203,forschung_muskelkraft__mit_pc,control,0,0,1,5,0,13,6,13,2,4,4,0,0,0
pc-c12948ed-203,rudeljaeger__ohne_pc,control,1,1,0,5,10,9,8,15,0,7,3,10,0,0
pc-62a6753a-204,forschung_muskelkraft__mit_pc,control,0,0,1,10,0,20,11,39,6,9,9,8,0,0
pc-62a6753a-204,rudeljaeger__ohne_pc,control,1,1,0,10,2,14,13,35,11,11,6,10,0,0
pc-e959047c-205,forschung_muskelkraft__mit_pc,control,0,1,1,7,6,13,8,26,1,6,8,12,0,0
pc-e959047c-205,rudeljaeger__ohne_pc,control,1,0,0,7,-2,12,10,24,1,10,1,4,0,1
pc-554136b5-206,forschung_muskelkraft__mit_pc,control,0,0,1,6,-1,14,4,17,4,4,2,4,0,0
pc-554136b5-206,rudeljaeger__ohne_pc,control,1,1,0,6,6,10,7,19,0,7,1,11,0,1
pc-dbf3c5f7-207,forschung_muskelkraft__mit_pc,control,0,0,1,6,-1,13,6,20,1,5,4,5,0,0
pc-dbf3c5f7-207,rudeljaeger__ohne_pc,control,1,1,0,6,5,10,7,19,1,7,2,11,0,0
pc-7d70f244-208,forschung_muskelkraft__mit_pc,control,0,0,1,4,-1,11,4,8,2,2,4,0,0,0
pc-7d70f244-208,rudeljaeger__ohne_pc,control,1,1,0,4,10,8,6,10,0,6,0,11,0,0
pc-04238187-209,forschung_muskelkraft__mit_pc,control,0,1,1,11,2,21,14,50,15,12,11,10,0,0
pc-04238187-209,rudeljaeger__ohne_pc,control,1,0,0,11,0,17,15,35,22,13,7,8,0,1
pc-700bb3bf-210,forschung_muskelkraft__mit_pc,control,0,0,1,6,0,11,3,15,6,3,2,1,0,0
pc-700bb3bf-210,rudeljaeger__ohne_pc,control,1,1,0,6,9,10,7,17,3,6,1,10,0,0
pc-f6be4301-211,forschung_muskelkraft__mit_pc,control,0,0,1,6,0,14,6,19,1,5,5,0,0,0
pc-f6be4301-211,rudeljaeger__ohne_pc,control,1,1,0,6,10,11,7,20,1,7,4,10,0,0
pc-983b6f4e-212,forschung_muskelkraft__mit_pc,control,0,0,1,5,-2,12,5,14,1,4,5,0,0,0
pc-983b6f4e-212,rudeljaeger__ohne_pc,control,1,1,0,5,10,8,6,15,0,6,1,12,0,0
pc-1eee1e91-213,forschung_muskelkraft__mit_pc,control,0,0,1,8,0,18,10,34,1,8,8,3,0,0
pc-1eee1e91-213,rudeljaeger__ohne_pc,control,1,1,0,8,7,11,11,25,4,9,4,10,0,0
pc-8ad630c9-214,forschung_muskelkraft__mit_pc,control,0,1,1,14,4,22,17,67,28,15,14,11,0,0
pc-8ad630c9-214,rudeljaeger__ohne_pc,control,1,0,0,14,-1,19,18,48,45,16,11,6,0,1
pc-1188c00c-215,forschung_muskelkraft__mit_pc,control,0,0,1,3,0,9,3,5,1,2,0,0,0,0
pc-1188c00c-215,rudeljaeger__ohne_pc,control,1,1,0,3,10,6,3,6,0,3,0,10,0,0
pc-b305ec58-216,forschung_muskelkraft__mit_pc,control,0,1,1,9,3,17,9,36,6,8,8,12,0,0
pc-b305ec58-216,rudeljaeger__ohne_pc,control,1,0,0,9,-2,14,12,31,6,10,3,7,0,0
pc-39b89b9b-217,forschung_muskelkraft__mit_pc,control,0,1,1,9,3,16,10,38,4,9,12,12,0,0
pc-39b89b9b-217,rudeljaeger__ohne_pc,control,1,0,0,9,-2,14,13,29,10,12,4,7,0,0
pc-a5a0add3-218,forschung_muskelkraft__mit_pc,control,0,1,1,9,4,20,9,31,6,7,13,12,0,0
pc-a5a0add3-218,rudeljaeger__ohne_pc,control,1,0,0,9,-2,13,12,29,10,12,2,6,0,1
pc-2c535d16-219,forschung_muskelkraft__mit_pc,control,0,0,1,6,-1,14,5,17,3,4,5,9,0,0
pc-2c535d16-219,rudeljaeger__ohne_pc,control,1,1,0,6,1,9,8,20,1,7,2,11,0,0
pc-cdd06962-220,forschung_muskelkraft__mit_pc,control,0,1,1,15,6,23,14,57,57,12,18,14,0,0
pc-cdd06962-220,rudeljaeger__ohne_pc,control,1,0,0,15,-4,19,19,49,58,17,7,4,0,0
pc-548318a5-221,forschung_muskelkraft__mit_pc,control,0,0,1,5,0,10,4,12,3,3,0,0,0,0
pc-548318a5-221,rudeljaeger__ohne_pc,control,1,1,0,5,10,9,4,14,1,4,1,10,0,0
pc-c06b2add-222,forschung_muskelkraft__mit_pc,control,0,1,1,10,2,18,11,39,6,9,7,10,0,0
pc-c06b2add-222,rudeljaeger__ohne_pc,control,1,0,0,10,0,14,12,33,19,11,4,8,0,1
pc-471dda20-223,forschung_muskelkraft__mit_pc,control,0,0,1,6,-1,15,7,20,1,5,8,9,0,0
pc-471dda20-223,rudeljaeger__ohne_pc,control,1,1,0,6,1,11,8,21,0,8,1,11,0,0
pc-e89ae66c-224,forschung_muskelkraft__mit_pc,control,0,1,1,9,4,16,10,34,6,8,8,12,0,0
pc-e89ae66c-224,rudeljaeger__ohne_pc,control,1,0,0,9,-2,13,12,28,10,10,4,6,0,0
pc-6f4d95af-225,forschung_muskelkraft__mit_pc,control,0,0,1,5,-2,11,4,12,3,3,4,3,0,0
pc-6f4d95af-225,rudeljaeger__ohne_pc,control,1,1,0,5,7,10,5,15,0,5,0,12,0,0
pc-db35a7e7-226,forschung_muskelkraft__mit_pc,control,0,1,1,10,6,16,11,39,6,9,10,13,0,0
pc-db35a7e7-226,rudeljaeger__ohne_pc,control,1,0,0,10,-3,14,13,34,14,12,5,4,0,1
pc-61e8572a-227,forschung_muskelkraft__mit_pc,control,0,1,1,8,3,18,9,31,3,7,8,10,0,0
pc-61e8572a-227,rudeljaeger__ohne_pc,control,1,0,0,8,0,14,12,32,2,11,2,7,0,0
pc-03656377-228,forschung_muskelkraft__mit_pc,control,0,1,1,6,6,13,5,18,2,5,4,10,0,0
pc-03656377-228,rudeljaeger__ohne_pc,control,1,0,0,6,0,11,8,21,0,8,2,4,0,0
pc-8a1812b9-229,forschung_muskelkraft__mit_pc,control,0,1,1,9,2,17,10,38,3,9,5,11,0,0
pc-8a1812b9-229,rudeljaeger__ohne_pc,control,1,0,0,9,-1,12,10,27,9,9,5,8,0,0
pc-f60024f1-230,forschung_muskelkraft__mit_pc,control,0,1,1,9,6,18,8,30,6,7,10,16,0,0
pc-f60024f1-230,rudeljaeger__ohne_pc,control,1,0,0,9,-6,13,12,34,4,11,2,4,0,1
pc-7cb2d434-231,forschung_muskelkraft__mit_pc,control,0,0,1,4,0,11,3,8,2,3,0,0,0,0
pc-7cb2d434-231,rudeljaeger__ohne_pc,control,1,1,0,4,10,8,3,9,1,3,1,10,0,0
pc-7187efdf-232,forschung_muskelkraft__mit_pc,control,0,0,1,5,-1,11,5,14,1,4,4,4,0,0
pc-7187efdf-232,rudeljaeger__ohne_pc,control,1,1,0,5,6,10,5,13,1,5,1,11,0,0
pc-f83a9f21-233,forschung_muskelkraft__mit_pc,control,0,1,1,15,6,23,15,61,48,13,15,12,0,0
pc-f83a9f21-233,rudeljaeger__ohne_pc,control,1,0,0,15,-2,20,19,50,56,17,8,4,0,1
pc-6422b15a-234,forschung_muskelkraft__mit_pc,control,0,0,1,7,0,14,8,27,1,6,6,7,0,0
pc-6422b15a-234,rudeljaeger__ohne_pc,control,1,1,0,7,3,11,10,25,1,9,2,10,0,0
pc-ead5409c-235,forschung_muskelkraft__mit_pc,control,0,1,1,15,3,21,15,55,54,13,17,14,0,0
pc-ead5409c-235,rudeljaeger__ohne_pc,control,1,0,0,15,-4,19,19,51,59,17,8,7,0,1
pc-8c526ce9-236,forschung_muskelkraft__mit_pc,control,0,1,1,9,6,18,9,36,6,8,12,12,0,0
pc-8c526ce9-236,rudeljaeger__ohne_pc,control,1,0,0,9,-2,12,12,32,8,12,3,4,0,0
pc-13051c2c-237,forschung_muskelkraft__mit_pc,control,0,1,1,10,1,19,9,35,15,7,14,12,0,0
pc-13051c2c-237,rudeljaeger__ohne_pc,control,1,0,0,10,-2,15,14,39,11,13,3,9,0,0
pc-7eed2e64-238,forschung_muskelkraft__mit_pc,control,0,0,1,5,0,9,5,14,1,4,5,6,0,0
pc-7eed2e64-238,rudeljaeger__ohne_pc,control,1,1,0,5,4,10,5,12,1,5,2,10,0,0
pc-059fdda7-239,forschung_muskelkraft__mit_pc,control,0,0,1,5,-3,12,4,12,3,3,4,0,0,0
pc-059fdda7-239,rudeljaeger__ohne_pc,control,1,1,0,5,10,9,5,15,0,5,0,13,0,0
pc-a71ce9f3-240,forschung_muskelkraft__mit_pc,control,0,1,1,8,3,18,8,30,3,7,7,10,0,0
pc-a71ce9f3-240,rudeljaeger__ohne_pc,control,1,0,0,8,0,12,11,28,3,9,3,7,0,0
pc-2dcf9936-241,forschung_muskelkraft__mit_pc,control,0,1,1,8,4,18,7,24,4,6,9,10,0,0
pc-2dcf9936-241,rudeljaeger__ohne_pc,control,1,0,0,8,0,12,11,29,1,10,1,6,0,0
pc-99b7ab6e-242,forschung_muskelkraft__mit_pc,control,0,1,1,7,5,15,7,20,2,5,7,10,0,0
pc-99b7ab6e-242,rudeljaeger__ohne_pc,control,1,0,0,7,0,14,9,24,3,8,0,5,0,1
pc-206a5ab1-243,forschung_muskelkraft__mit_pc,control,0,0,1,6,0,16,5,17,3,4,5,4,0,0
pc-206a5ab1-243,rudeljaeger__ohne_pc,control,1,1,0,6,6,10,7,19,0,7,2,10,0,0
pc-c1e766fd-244,forschung_muskelkraft__mit_pc,control,0,1,1,15,3,22,13,50,66,11,15,9,0,0
pc-c1e766fd-244,rudeljaeger__ohne_pc,control,1,0,0,15,0,18,18,46,61,16,7,6,0,0
pc-489a1640-245,forschung_muskelkraft__mit_pc,control,0,0,1,5,0,12,4,13,2,4,2,0,0,0
pc-489a1640-245,rudeljaeger__ohne_pc,control,1,1,0,5,10,9,7,15,0,6,2,10,0,0
pc-b4822878-246,forschung_muskelkraft__mit_pc,control,0,0,1,5,0,11,5,14,1,4,4,0,0,0
pc-b4822878-246,rudeljaeger__ohne_pc,control,1,1,0,5,10,9,6,13,0,6,2,10,0,0
pc-3b34d7bb-247,forschung_muskelkraft__mit_pc,control,0,1,1,13,1,23,14,55,28,12,13,15,0,0
pc-3b34d7bb-247,rudeljaeger__ohne_pc,control,1,0,0,13,-5,16,16,36,46,14,7,9,0,0
pc-dcb1e407-248,forschung_muskelkraft__mit_pc,control,0,1,1,10,3,20,11,38,7,9,11,11,0,0
pc-dcb1e407-248,rudeljaeger__ohne_pc,control,1,0,0,10,-1,14,14,39,9,12,5,7,0,1
pc-6364934a-249,forschung_muskelkraft__mit_pc,control,0,1,1,12,3,23,13,53,18,11,12,12,0,0
pc-6364934a-249,rudeljaeger__ohne_pc,control,1,0,0,12,-2,18,16,40,31,14,6,7,0,1
pc-abbc17bf-250,forschung_muskelkraft__mit_pc,control,0,0,0,4,0,9,2,6,4,2,3,0,0,0
pc-abbc17bf-250,rudeljaeger__ohne_pc,control,1,1,1,4,10,8,4,8,0,4,1,10,0,0
pc-2509687d-251,forschung_muskelkraft__mit_pc,control,0,0,0,5,-1,10,4,11,4,3,0,0,0,0
pc-2509687d-251,rudeljaeger__ohne_pc,control,1,1,1,5,10,8,6,11,1,5,1,11,0,0
pc-9e56d93a-252,forschung_muskelkraft__mit_pc,control,0,0,0,3,0,9,2,3,3,1,0,0,0,0
pc-9e56d93a-252,rudeljaeger__ohne_pc,control,1,1,1,3,10,8,3,6,0,3,0,10,0,0
pc-17a429f8-253,forschung_muskelkraft__mit_pc,control,0,1,0,9,6,20,10,33,3,8,11,14,0,0
pc-17a429f8-253,rudeljaeger__ohne_pc,control,1,0,1,9,-4,14,12,35,4,12,4,4,0,0
pc-90f19ab5-254,forschung_muskelkraft__mit_pc,control,0,0,0,6,-1,12,7,20,1,5,4,7,0,0
pc-90f19ab5-254,rudeljaeger__ohne_pc,control,1,1,1,6,3,11,8,18,2,8,1,11,0,0
pc-0a3eeb73-255,forschung_muskelkraft__mit_pc,control,0,1,0,9,1,19,8,30,7,7,11,11,0,0
pc-0a3eeb73-255,rudeljaeger__ohne_pc,control,1,0,1,9,-1,13,13,38,6,12,2,9,0,1
pc-838c5c30-256,forschung_muskelkraft__mit_pc,control,0,1,0,6,6,13,6,20,1,5,6,10,0,0
pc-838c5c30-256,rudeljaeger__ohne_pc,control,1,0,1,6,0,11,9,21,0,7,2,4,0,0
pc-fcd9aced-257,forschung_muskelkraft__mit_pc,control,0,1,0,9,4,21,10,37,5,9,10,12,0,0
pc-fcd9aced-257,rudeljaeger__ohne_pc,control,1,0,1,9,-2,13,12,30,8,10,4,6,0,0
pc-76271dab-258,forschung_muskelkraft__mit_pc,control,0,1,0,11,2,21,13,49,11,11,12,10,0,0
pc-76271dab-258,rudeljaeger__ohne_pc,control,1,0,1,11,0,14,14,37,21,12,6,8,0,1
pc-ef746e68-259,forschung_muskelkraft__mit_pc,control,0,0,0,7,-2,14,7,24,4,5,4,8,0,0
pc-ef746e68-259,rudeljaeger__ohne_pc,control,1,1,1,7,2,12,8,24,3,8,1,12,0,1
pc-68c1df26-260,forschung_muskelkraft__mit_pc,control,0,1,0,14,6,23,13,53,49,11,16,14,0,0
pc-68c1df26-260,rudeljaeger__ohne_pc,control,1,0,1,14,-4,21,18,46,47,16,6,4,0,3
pc-e20f2fe3-261,forschung_muskelkraft__mit_pc,control,0,1,0,8,6,17,9,33,2,8,9,11,0,0
pc-e20f2fe3-261,rudeljaeger__ohne_pc,control,1,0,1,8,-1,12,11,28,4,9,3,4,0,0
pc-5b5c80a1-262,forschung_muskelkraft__mit_pc,control,0,1,0,13,2,22,14,51,33,12,14,16,0,0
pc-5b5c80a1-262,rudeljaeger__ohne_pc,control,1,0,1,13,-6,18,17,49,34,16,7,8,0,1
pc-d4a9f15e-263,forschung_muskelkraft__mit_pc,control,0,1,0,6,6,14,7,20,1,5,5,10,0,0
pc-d4a9f15e-263,rudeljaeger__ohne_pc,control,1,0,1,6,0,11,8,20,0,8,1,4,0,1
pc-4df7421c-264,forschung_muskelkraft__mit_pc,control,0,1,0,10,1,16,7,26,19,5,13,13,0,0
pc-4df7421c-264,rudeljaeger__ohne_pc,control,1,0,1,10,-3,15,14,38,10,12,0,9,0,0
pc-c744b2d9-265,forschung_muskelkraft__mit_pc,control,0,1,0,10,5,20,13,45,6,11,14,12,0,0
pc-c744b2d9-265,rudeljaeger__ohne_pc,control,1,0,1,10,-2,17,14,35,14,13,7,5,0,0
pc-40920397-266,forschung_muskelkraft__mit_pc,control,0,0,0,6,0,13,3,15,6,3,4,4,0,0
pc-40920397-266,rudeljaeger__ohne_pc,control,1,1,1,6,6,9,7,20,1,7,0,10,0,1
pc-b9df7454-267,forschung_muskelkraft__mit_pc,control,0,1,0,8,1,17,8,26,2,6,10,12,0,0
pc-b9df7454-267,rudeljaeger__ohne_pc,control,1,0,1,8,-2,13,11,32,3,10,2,9,0,0
pc-332cc512-268,forschung_muskelkraft__mit_pc,control,0,1,0,9,4,21,11,38,3,9,10,13,0,0
pc-332cc512-268,rudeljaeger__ohne_pc,control,1,0,1,9,-3,15,12,36,3,10,4,6,0,0
pc-ac7a35cf-269,forschung_muskelkraft__mit_pc,control,0,0,0,6,0,12,6,20,1,5,3,5,0,0
pc-ac7a35cf-269,rudeljaeger__ohne_pc,control,1,1,1,6,5,10,5,17,2,5,2,10,0,1
pc-25c7868d-270,forschung_muskelkraft__mit_pc,control,0,0,0,4,0,9,3,7,3,2,0,6,0,0
pc-25c7868d-270,rudeljaeger__ohne_pc,control,1,1,1,4,4,8,4,9,0,3,0,10,0,0
pc-9f14f74a-271,forschung_muskelkraft__mit_pc,control,0,1,0,13,3,23,13,51,27,11,16,14,0,0
pc-9f14f74a-271,rudeljaeger__ohne_pc,control,1,0,1,13,-4,19,17,45,38,16,6,7,0,0
pc-18624808-272,forschung_muskelkraft__mit_pc,control,0,1,0,10,2,20,9,35,10,8,13,12,0,0
pc-18624808-272,rudeljaeger__ohne_pc,control,1,0,1,10,-2,14,13,31,17,12,4,8,0,0
pc-91afb8c5-273,forschung_muskelkraft__mit_pc,control,0,1,0,15,2,22,17,67,42,15,16,12,0,0
pc-91afb8c5-273,rudeljaeger__ohne_pc,control,1,0,1,15,-2,20,19,52,58,17,10,8,0,0
pc-0afd0983-274,forschung_muskelkraft__mit_pc,control,0,1,0,9,3,19,8,27,9,6,11,12,0,0
pc-0afd0983-274,rudeljaeger__ohne_pc,control,1,0,1,9,-2,13,12,31,8,11,3,7,0,1
pc-844a7a40-275,forschung_muskelkraft__mit_pc,control,0,1,0,8,6,17,9,31,3,7,11,14,0,0
pc-844a7a40-275,rudeljaeger__ohne_pc,control,1,0,1,8,-4,12,12,32,1,11,4,4,0,0
pc-fd97cafd-276,forschung_muskelkraft__mit_pc,control,0,0,0,8,-5,16,9,34,2,8,7,3,0,0
pc-fd97cafd-276,rudeljaeger__ohne_pc,control,1,1,1,8,7,12,11,30,2,9,4,15,0,0
pc-76e53bbb-277,forschung_muskelkraft__mit_pc,control,0,0,0,8,-2,14,10,34,2,8,9,9,0,0
pc-76e53bbb-277,rudeljaeger__ohne_pc,control,1,1,1,8,1,13,11,27,4,9,4,12,0,0
pc-f0328c78-278,forschung_muskelkraft__mit_pc,control,0,0,0,6,-2,14,6,19,2,5,6,2,0,0
pc-f0328c78-278,rudeljaeger__ohne_pc,control,1,1,1,6,8,10,7,20,0,6,1,12,0,0
pc-697ffd36-279,forschung_muskelkraft__mit_pc,control,0,0,0,7,0,15,6,24,3,6,4,0,0,0
pc-697ffd36-279,rudeljaeger__ohne_pc,control,1,1,1,7,10,11,9,24,1,8,3,10,0,0
pc-e2cd4df3-280,forschung_muskelkraft__mit_pc,control,0,0,0,11,-2,19,14,50,5,12,11,4,0,0
pc-e2cd4df3-280,rudeljaeger__ohne_pc,control,1,1,1,11,6,17,14,39,20,13,11,12,0,0
pc-5c1abeb1-281,forschung_muskelkraft__mit_pc,control,0,0,0,6,-1,13,6,20,1,5,4,3,0,0
pc-5c1abeb1-281,rudeljaeger__ohne_pc,control,1,1,1,6,7,12,7,16,1,7,3,11,0,0
pc-82100010-282,forschung_muskelkraft__mit_pc,control,0,0,0,8,0,18,9,32,4,7,3,5,0,0
pc-82100010-282,rudeljaeger__ohne_pc,control,1,1,1,8,5,13,10,26,4,8,4,10,0,0
pc-fb5d70cd-283,forschung_muskelkraft__mit_pc,control,0,0,0,5,-2,12,5,14,1,4,4,3,0,0
pc-fb5d70cd-283,rudeljaeger__ohne_pc,control,1,1,1,5,7,9,6,14,1,5,1,12,0,0
pc-74aac18b-284,forschung_muskelkraft__mit_pc,control,0,0,0,5,-2,12,5,14,1,4,1,0,0,0
pc-74aac18b-284,rudeljaeger__ohne_pc,control,1,1,1,5,10,9,4,13,1,4,2,12,0,0
pc-edf83248-285,forschung_muskelkraft__mit_pc,control,0,0,0,5,0,14,4,13,2,4,4,0,0,0
pc-edf83248-285,rudeljaeger__ohne_pc,control,1,1,1,5,10,10,6,15,0,6,2,10,0,0
pc-67458306-286,forschung_muskelkraft__mit_pc,control,0,1,0,10,1,22,12,46,5,10,10,12,0,0
pc-67458306-286,rudeljaeger__ohne_pc,control,1,0,1,10,-2,14,14,36,13,12,6,9,0,2
pc-e092f3c3-287,forschung_muskelkraft__mit_pc,control,0,0,0,10,0,20,10,36,9,8,13,9,0,0
pc-e092f3c3-287,rudeljaeger__ohne_pc,control,1,1,1,10,1,16,14,34,13,13,5,10,0,0
pc-59e04481-288,forschung_muskelkraft__mit_pc,control,0,1,0,7,6,15,6,24,3,6,7,11,0,0
pc-59e04481-288,rudeljaeger__ohne_pc,control,1,0,1,7,-1,10,10,27,0,9,2,4,0,1
pc-d32db53e-289,forschung_muskelkraft__mit_pc,control,0,0,0,10,-1,16,11,38,7,9,10,6,0,0
pc-d32db53e-289,rudeljaeger__ohne_pc,control,1,1,1,10,4,16,14,37,15,12,7,11,0,0
pc-4c7b05fc-290,forschung_muskelkraft__mit_pc,control,0,0,0,3,-1,10,3,5,1,2,0,0,0,0
pc-4c7b05fc-290,rudeljaeger__ohne_pc,control,1,1,1,3,10,7,3,5,1,3,1,11,0,0
pc-c5c876b9-291,forschung_muskelkraft__mit_pc,control,0,1,0,7,1,15,8,26,2,7,4,12,0,0
pc-c5c876b9-291,rudeljaeger__ohne_pc,control,1,0,1,7,-2,12,9,24,4,7,3,9,0,0
pc-3f15c777-292,forschung_muskelkraft__mit_pc,control,0,0,0,5,0,12,4,13,2,4,2,3,0,0
pc-3f15c777-292,rudeljaeger__ohne_pc,control,1,1,1,5,7,10,5,14,1,5,1,10,0,0
pc-b8633834-293,forschung_muskelkraft__mit_pc,control,0,0,0,7,0,17,9,27,1,7,3,3,0,0
pc-b8633834-293,rudeljaeger__ohne_pc,control,1,1,1,7,7,11,9,26,2,7,3,10,0,0
pc-31b088f2-294,forschung_muskelkraft__mit_pc,control,0,0,0,8,0,19,8,30,5,7,5,6,0,0
pc-31b088f2-294,rudeljaeger__ohne_pc,control,1,1,1,8,4,13,9,29,3,8,4,10,0,1
pc-aafdf9af-295,forschung_muskelkraft__mit_pc,control,0,0,0,5,-2,14,4,13,2,4,2,0,0,0
pc-aafdf9af-295,rudeljaeger__ohne_pc,control,1,1,1,5,10,10,4,13,2,4,3,12,0,0
pc-244b4a6d-296,forschung_muskelkraft__mit_pc,control,0,0,0,5,0,13,3,11,4,3,1,0,0,0
pc-244b4a6d-296,rudeljaeger__ohne_pc,control,1,1,1,5,10,9,6,10,2,5,1,10,0,0
pc-9d98bb2a-297,forschung_muskelkraft__mit_pc,control,0,0,0,6,-1,17,6,19,2,5,2,1,0,0
pc-9d98bb2a-297,rudeljaeger__ohne_pc,control,1,1,1,6,9,11,5,17,1,5,3,11,0,0
pc-16e60be8-298,forschung_muskelkraft__mit_pc,control,0,0,0,5,-1,12,5,13,2,4,5,0,0,0
pc-16e60be8-298,rudeljaeger__ohne_pc,control,1,1,1,5,10,9,7,15,0,7,2,11,0,0
pc-90337ca5-299,forschung_muskelkraft__mit_pc,control,0,0,0,5,-1,12,2,9,6,2,1,0,0,0
pc-90337ca5-299,rudeljaeger__ohne_pc,control,1,1,1,5,10,10,5,14,1,4,1,11,0,0
pc-1d07a1c9-300,forschung_muskelkraft__ohne_pc,control,0,0,1,6,0,14,6,19,2,6,3,0,0,0
pc-1d07a1c9-300,rudeljaeger__mit_pc,control,1,1,0,6,10,10,7,20,1,7,3,10,0,0
pc-a3ba510b-301,forschung_muskelkraft__ohne_pc,control,0,1,1,14,6,22,18,67,26,16,12,11,0,0
pc-a3ba510b-301,rudeljaeger__mit_pc,control,1,0,0,14,-1,21,17,46,47,15,12,4,0,0
pc-2a6ce04e-302,forschung_muskelkraft__ohne_pc,control,0,0,1,7,-1,16,9,26,2,7,4,0,0,0
pc-2a6ce04e-302,rudeljaeger__mit_pc,control,1,1,0,7,10,11,9,26,0,8,5,11,0,0
pc-b11f8f90-303,forschung_muskelkraft__ohne_pc,control,0,1,1,7,2,13,8,24,1,6,5,11,0,0
pc-b11f8f90-303,rudeljaeger__mit_pc,control,1,0,0,7,-1,11,10,25,2,8,1,8,0,1
pc-37d23ed3-304,forschung_muskelkraft__ohne_pc,control,0,0,1,5,-1,11,5,14,1,4,3,6,0,0
pc-37d23ed3-304,rudeljaeger__mit_pc,control,1,1,0,5,4,10,5,15,0,5,0,11,0,0
pc-be84ce15-305,forschung_muskelkraft__ohne_pc,control,0,0,1,4,-2,10,4,7,1,3,1,6,0,0
pc-be84ce15-305,rudeljaeger__mit_pc,control,1,1,0,4,4,7,4,9,1,4,2,12,0,0
pc-45377d58-306,forschung_muskelkraft__ohne_pc,control,0,0,1,7,-4,14,8,27,1,7,5,0,0,0
pc-45377d58-306,rudeljaeger__mit_pc,control,1,1,0,7,10,12,9,22,3,8,5,14,0,0
pc-cbea0c9a-307,forschung_muskelkraft__ohne_pc,control,0,0,1,5,-1,11,5,14,1,4,4,3,0,0
pc-cbea0c9a-307,rudeljaeger__mit_pc,control,1,1,0,5,7,10,6,12,0,6,1,11,0,0
pc-e772a7b4-308,forschung_muskelkraft__ohne_pc,control,0,0,1,8,-2,19,10,33,3,8,9,9,0,0
pc-e772a7b4-308,rudeljaeger__mit_pc,control,1,1,0,8,1,12,11,32,3,10,5,12,0,0
pc-6e2556f7-309,forschung_muskelkraft__ohne_pc,control,0,0,1,5,-2,13,4,13,2,4,2,0,0,0
pc-6e2556f7-309,rudeljaeger__mit_pc,control,1,1,0,5,10,8,6,12,0,5,2,12,0,0
pc-f4d7e639-310,forschung_muskelkraft__ohne_pc,control,0,0,1,6,-2,16,6,19,1,5,5,5,0,0
pc-f4d7e639-310,rudeljaeger__mit_pc,control,1,1,0,6,5,10,8,19,0,8,1,12,0,0
pc-7b8a957c-311,forschung_muskelkraft__ohne_pc,control,0,1,1,6,2,14,7,20,1,5,5,12,0,0
pc-7b8a957c-311,rudeljaeger__mit_pc,control,1,0,0,6,-2,12,8,21,0,7,0,8,0,0
pc-023d24bf-312,forschung_muskelkraft__ohne_pc,control,0,0,1,6,0,15,6,19,1,5,3,0,0,0
pc-023d24bf-312,rudeljaeger__mit_pc,control,1,1,0,6,10,10,7,19,2,7,3,10,0,0
pc-88efd401-313,forschung_muskelkraft__ohne_pc,control,0,1,1,5,4,10,5,14,1,4,1,10,0,0
pc-88efd401-313,rudeljaeger__mit_pc,control,1,0,0,5,0,8,6,15,0,5,0,6,0,0
pc-0fa26344-314,forschung_muskelkraft__ohne_pc,control,0,0,1,5,0,13,4,13,2,4,0,3,0,0
pc-0fa26344-314,rudeljaeger__mit_pc,control,1,1,0,5,7,8,5,14,1,4,2,10,0,0
pc-96551286-315,forschung_muskelkraft__ohne_pc,control,0,1,1,13,2,21,12,47,31,11,13,10,0,0
pc-96551286-315,rudeljaeger__mit_pc,control,1,0,0,13,0,19,17,47,33,16,6,8,0,0
pc-8831b5f1-316,forschung_muskelkraft__ohne_pc,control,0,1,1,13,4,23,17,61,22,15,14,13,0,0
pc-8831b5f1-316,rudeljaeger__mit_pc,control,1,0,0,13,-3,17,16,48,35,15,11,6,0,0
pc-0ee44534-317,forschung_muskelkraft__ohne_pc,control,0,0,1,3,0,10,2,4,1,2,0,0,0,0
pc-0ee44534-317,rudeljaeger__mit_pc,control,1,1,0,3,10,7,3,6,0,3,0,10,0,0
pc-9596f476-318,forschung_muskelkraft__ohne_pc,control,0,0,1,7,0,14,6,18,3,6,5,6,0,0
pc-9596f476-318,rudeljaeger__mit_pc,control,1,1,0,7,4,11,9,26,2,8,4,10,0,0
pc-1c4983b9-319,forschung_muskelkraft__ohne_pc,control,0,0,1,5,0,12,5,14,1,4,3,6,0,0
pc-1c4983b9-319,rudeljaeger__mit_pc,control,1,1,0,5,4,9,6,14,1,6,1,10,0,0
pc-a2fc32fb-320,forschung_muskelkraft__ohne_pc,control,0,1,1,5,6,11,4,13,2,4,3,10,0,0
pc-a2fc32fb-320,rudeljaeger__mit_pc,control,1,0,0,5,0,10,6,15,0,5,1,4,0,0
pc-29aec23e-321,forschung_muskelkraft__ohne_pc,control,0,0,1,7,-1,15,8,25,2,6,3,5,0,0
pc-29aec23e-321,rudeljaeger__mit_pc,control,1,1,0,7,5,11,8,26,2,6,3,11,0,0
pc-b0617180-322,forschung_muskelkraft__ohne_pc,control,0,1,1,13,3,20,15,55,23,13,14,12,0,0
pc-b0617180-322,rudeljaeger__mit_pc,control,1,0,0,13,-2,19,17,49,34,15,8,7,0,0
pc-371400c3-323,forschung_muskelkraft__ohne_pc,control,0,0,1,5,-2,13,4,12,3,3,3,3,0,0
pc-371400c3-323,rudeljaeger__mit_pc,control,1,1,0,5,7,9,5,15,0,5,0,12,0,0
pc-529cbbdd-324,forschung_muskelkraft__ohne_pc,control,0,1,1,12,4,22,17,63,7,15,10,12,0,0
pc-529cbbdd-324,rudeljaeger__mit_pc,control,1,0,0,12,-2,18,16,46,27,15,11,6,0,4
pc-d94f4b1f-325,forschung_muskelkraft__ohne_pc,control,0,0,1,6,-3,14,6,19,1,5,6,9,0,0
pc-d94f4b1f-325,rudeljaeger__mit_pc,control,1,1,0,6,1,10,9,19,1,8,2,13,0,0
pc-6001fa62-326,forschung_muskelkraft__ohne_pc,control,0,0,1,12,-2,21,12,47,19,10,14,8,0,0
pc-6001fa62-326,rudeljaeger__mit_pc,control,1,1,0,12,2,16,15,42,29,15,7,12,0,0
pc-e6b489a4-327,forschung_muskelkraft__ohne_pc,control,0,0,1,5,0,11,5,14,1,4,5,9,0,0
pc-e6b489a4-327,rudeljaeger__mit_pc,control,1,1,0,5,1,8,5,12,1,5,1,10,0,0
pc-6d6738e7-328,forschung_muskelkraft__ohne_pc,control,0,1,1,8,5,14,10,33,1,8,7,11,0,0
pc-6d6738e7-328,rudeljaeger__mit_pc,control,1,0,0,8,-1,13,12,33,1,10,5,5,0,0
pc-f419c829-329,forschung_muskelkraft__ohne_pc,control,0,0,1,7,0,14,7,25,2,6,5,6,0,0
pc-f419c829-329,rudeljaeger__mit_pc,control,1,1,0,7,4,12,9,23,1,8,2,10,0,0
pc-7acc776c-330,forschung_muskelkraft__ohne_pc,control,0,0,1,5,-1,11,5,14,1,4,2,3,0,0
pc-7acc776c-330,rudeljaeger__mit_pc,control,1,1,0,5,7,8,7,15,0,6,1,11,0,0
pc-017f06af-331,forschung_muskelkraft__ohne_pc,control,0,0,1,7,-3,14,7,25,2,6,5,9,0,0
pc-017f06af-331,rudeljaeger__mit_pc,control,1,1,0,7,1,10,9,26,1,8,2,13,0,1
pc-f35baa19-332,forschung_muskelkraft__ohne_pc,control,0,1,1,7,1,14,9,26,2,8,7,13,0,0
pc-f35baa19-332,rudeljaeger__mit_pc,control,1,0,0,7,-3,13,10,25,0,9,3,9,0,0
pc-7a0e595c-333,forschung_muskelkraft__ohne_pc,control,0,1,1,13,1,23,16,57,25,14,12,15,0,0
pc-7a0e595c-333,rudeljaeger__mit_pc,control,1,0,0,13,-5,18,17,50,32,15,10,9,0,2
pc-00c0e89f-334,forschung_muskelkraft__ohne_pc,control,0,1,1,9,2,13,9,31,5,7,9,12,0,0
pc-00c0e89f-334,rudeljaeger__mit_pc,control,1,0,0,9,-2,13,13,38,5,12,2,8,0,0
pc-877397e1-335,forschung_muskelkraft__ohne_pc,control,0,1,1,11,6,17,11,41,14,9,12,13,0,0
pc-877397e1-335,rudeljaeger__mit_pc,control,1,0,0,11,-3,17,15,37,21,13,4,4,0,0
pc-0e262724-336,forschung_muskelkraft__ohne_pc,control,0,0,1,6,-1,13,7,20,1,5,4,3,0,0
pc-0e262724-336,rudeljaeger__mit_pc,control,1,1,0,6,7,10,9,20,1,8,3,11,0,0
pc-94d8d666-337,forschung_muskelkraft__ohne_pc,control,0,0,1,7,-2,15,9,21,7,7,7,8,0,0
pc-94d8d666-337,rudeljaeger__mit_pc,control,1,1,0,7,2,11,9,25,3,8,3,12,0,0
pc-1b8b65a9-338,forschung_muskelkraft__ohne_pc,control,0,1,1,5,5,11,5,14,1,4,4,13,0,0
pc-1b8b65a9-338,rudeljaeger__mit_pc,control,1,0,0,5,-3,9,5,14,1,5,1,5,0,0
pc-a23e14eb-339,forschung_muskelkraft__ohne_pc,control,0,0,1,11,-1,20,14,55,10,13,11,7,0,0
pc-a23e14eb-339,rudeljaeger__mit_pc,control,1,1,0,11,3,17,15,45,12,14,11,11,0,0
pc-bdc6b005-340,forschung_muskelkraft__ohne_pc,control,0,0,1,8,0,16,10,33,2,8,6,6,0,0
pc-bdc6b005-340,rudeljaeger__mit_pc,control,1,1,0,8,4,14,12,32,1,10,4,10,0,0
pc-44795f48-341,forschung_muskelkraft__ohne_pc,control,0,1,1,10,2,22,11,42,8,9,13,12,0,0
pc-44795f48-341,rudeljaeger__mit_pc,control,1,0,0,10,-2,16,14,41,8,12,6,8,0,1
pc-cb2bee8a-342,forschung_muskelkraft__ohne_pc,control,0,1,1,7,1,16,7,24,2,6,4,10,0,0
pc-cb2bee8a-342,rudeljaeger__mit_pc,control,1,0,0,7,0,13,10,25,0,9,1,9,0,0
pc-51de9dcd-343,forschung_muskelkraft__ohne_pc,control,0,0,1,9,0,20,12,43,2,10,6,6,0,0
pc-51de9dcd-343,rudeljaeger__mit_pc,control,1,1,0,9,4,14,12,37,7,11,6,10,0,0
pc-d8912d0f-344,forschung_muskelkraft__ohne_pc,control,0,1,1,13,6,23,15,55,23,13,14,11,0,0
pc-d8912d0f-344,rudeljaeger__mit_pc,control,1,0,0,13,-1,17,16,41,42,14,8,4,0,0
pc-5f43dc52-345,forschung_muskelkraft__ohne_pc,control,0,0,1,4,-1,11,4,9,1,3,0,2,0,0
pc-5f43dc52-345,rudeljaeger__mit_pc,control,1,1,0,4,8,7,4,9,1,4,0,11,0,0
pc-e5f66b94-346,forschung_muskelkraft__ohne_pc,control,0,0,1,3,0,9,3,4,1,1,0,0,0,0
pc-e5f66b94-346,rudeljaeger__mit_pc,control,1,1,0,3,10,6,3,6,0,3,0,10,0,0
pc-6ca91ad7-347,forschung_muskelkraft__ohne_pc,control,0,1,1,9,1,19,11,38,3,9,10,14,0,0
pc-6ca91ad7-347,rudeljaeger__mit_pc,control,1,0,0,9,-4,15,13,32,6,11,5,9,0,0
pc-5e85be42-348,forschung_muskelkraft__ohne_pc,control,0,0,1,3,0,8,3,5,1,2,0,0,0,0
pc-5e85be42-348,rudeljaeger__mit_pc,control,1,1,0,3,10,6,4,6,0,4,0,10,0,0
pc-e5384d84-349,forschung_muskelkraft__ohne_pc,control,0,1,1,11,4,23,15,53,7,13,14,13,0,0
pc-e5384d84-349,rudeljaeger__mit_pc,control,1,0,0,11,-3,17,15,42,21,15,9,6,0,0
pc-3274f2f7-350,forschung_muskelkraft__ohne_pc,control,0,1,0,14,2,23,17,61,30,15,15,11,0,0
pc-3274f2f7-350,rudeljaeger__mit_pc,control,1,0,1,14,-1,19,18,50,46,16,10,8,0,0
pc-b9278239-351,forschung_muskelkraft__ohne_pc,control,0,0,0,7,-2,16,8,26,2,7,3,6,0,0
pc-b9278239-351,rudeljaeger__mit_pc,control,1,1,1,7,4,11,8,26,2,7,4,12,0,0
pc-250fb472-352,forschung_muskelkraft__ohne_pc,control,0,1,0,15,2,23,16,63,46,14,15,11,0,0
pc-250fb472-352,rudeljaeger__mit_pc,control,1,0,1,15,-1,19,18,49,58,16,9,8,0,0
pc-abc243b4-353,forschung_muskelkraft__ohne_pc,control,0,0,0,7,-2,15,7,24,3,5,4,0,0,0
pc-abc243b4-353,rudeljaeger__mit_pc,control,1,1,1,7,10,12,9,27,1,8,4,12,0,0
pc-4d3f7001-354,forschung_muskelkraft__ohne_pc,control,0,0,0,15,0,23,17,63,46,15,15,7,0,0
pc-4d3f7001-354,rudeljaeger__mit_pc,control,1,1,1,15,2,19,19,54,55,17,12,9,0,3
pc-d3f21f43-355,forschung_muskelkraft__ohne_pc,control,0,0,0,4,0,9,2,6,4,2,0,0,0,0
pc-d3f21f43-355,rudeljaeger__mit_pc,control,1,1,1,4,10,8,3,8,1,3,1,10,0,0
pc-3fda317c-356,forschung_muskelkraft__ohne_pc,control,0,0,0,5,-1,12,5,14,1,4,4,3,0,0
pc-3fda317c-356,rudeljaeger__mit_pc,control,1,1,1,5,7,10,7,14,0,7,1,11,0,0
pc-c68cc0be-357,forschung_muskelkraft__ohne_pc,control,0,0,0,8,-2,16,8,31,4,7,5,0,0,0
pc-c68cc0be-357,rudeljaeger__mit_pc,control,1,1,1,8,10,12,10,29,3,9,4,12,0,0
pc-fcdff8e2-358,forschung_muskelkraft__ohne_pc,control,0,0,0,4,-1,7,4,9,1,3,3,0,0,0
pc-fcdff8e2-358,rudeljaeger__mit_pc,control,1,1,1,4,10,9,4,9,0,4,1,11,0,0
pc-83928825-359,forschung_muskelkraft__ohne_pc,control,0,0,0,5,0,11,2,9,6,2,3,4,0,0
pc-83928825-359,rudeljaeger__mit_pc,control,1,1,1,5,6,10,6,15,0,6,0,10,0,0
pc-ef7aba5d-360,forschung_muskelkraft__ohne_pc,control,0,0,0,4,-1,10,4,9,1,3,0,3,0,0
pc-ef7aba5d-360,rudeljaeger__mit_pc,control,1,1,1,4,7,7,5,10,0,4,1,11,0,0
pc-762d49a0-361,forschung_muskelkraft__ohne_pc,control,0,1,0,8,4,16,8,31,2,8,4,12,0,0
pc-762d49a0-361,rudeljaeger__mit_pc,control,1,0,1,8,-2,12,10,28,0,9,4,6,0,0
pc-17aa75ed-362,forschung_muskelkraft__ohne_pc,control,0,1,0,13,1,21,19,69,15,17,13,12,0,0
pc-17aa75ed-362,rudeljaeger__mit_pc,control,1,0,1,13,-2,17,17,46,33,15,14,9,0,2
pc-9e5d052f-363,forschung_muskelkraft__ohne_pc,control,0,0,0,9,0,20,11,38,7,9,7,5,0,0
pc-9e5d052f-363,rudeljaeger__mit_pc,control,1,1,1,9,5,14,12,36,9,11,5,10,0,0
pc-0a453768-364,forschung_muskelkraft__ohne_pc,control,0,0,0,4,0,11,4,9,1,3,0,2,0,0
pc-0a453768-364,rudeljaeger__mit_pc,control,1,1,1,4,8,9,4,9,1,4,1,10,0,0
pc-90f7c6aa-365,forschung_muskelkraft__ohne_pc,control,0,0,0,7,-1,17,7,25,3,7,6,0,0,0
pc-90f7c6aa-365,rudeljaeger__mit_pc,control,1,1,1,7,10,13,10,24,2,9,3,11,0,0
pc-9d9ee71f-366,forschung_muskelkraft__ohne_pc,control,0,0,0,6,0,12,6,19,2,5,3,4,0,0
pc-9d9ee71f-366,rudeljaeger__mit_pc,control,1,1,1,6,6,11,9,20,1,7,2,10,0,0
pc-24519662-367,forschung_muskelkraft__ohne_pc,control,0,0,0,7,-1,15,7,25,3,7,7,7,0,0
pc-24519662-367,rudeljaeger__mit_pc,control,1,1,1,7,3,11,10,27,0,8,3,11,0,0
pc-9039a89a-368,forschung_muskelkraft__ohne_pc,control,0,0,0,4,-1,11,4,9,1,3,3,2,0,0
pc-9039a89a-368,rudeljaeger__mit_pc,control,1,1,1,4,8,8,5,10,0,5,1,11,0,0
pc-16ec57dd-369,forschung_muskelkraft__ohne_pc,control,0,1,0,14,3,21,19,69,24,17,11,10,0,0
pc-16ec57dd-369,rudeljaeger__mit_pc,control,1,0,1,14,0,19,17,51,44,15,12,7,0,1
pc-b8696429-370,forschung_muskelkraft__ohne_pc,control,0,0,0,6,-1,15,6,20,1,5,3,7,0,0
pc-b8696429-370,rudeljaeger__mit_pc,control,1,1,1,6,3,11,7,19,1,6,2,11,0,0
pc-3f1c136c-371,forschung_muskelkraft__ohne_pc,control,0,1,0,11,1,22,13,51,9,11,10,15,0,0
pc-3f1c136c-371,rudeljaeger__mit_pc,control,1,0,1,11,-5,14,14,39,20,12,6,9,0,1
pc-ab0425a4-372,forschung_muskelkraft__ohne_pc,control,0,0,0,4,0,12,4,9,1,3,0,0,0,0
pc-ab0425a4-372,rudeljaeger__mit_pc,control,1,1,1,4,10,9,3,9,1,3,1,10,0,0
pc-31b6d4e7-373,forschung_muskelkraft__ohne_pc,control,0,0,0,10,-2,21,12,48,7,11,9,7,0,0
pc-31b6d4e7-373,rudeljaeger__mit_pc,control,1,1,1,10,3,15,14,37,12,12,7,12,0,0
pc-6809ed0b-374,forschung_muskelkraft__ohne_pc,control,0,1,0,13,1,22,14,53,29,12,15,16,0,0
pc-6809ed0b-374,rudeljaeger__mit_pc,control,1,0,1,13,-6,17,17,44,36,16,7,9,0,1
pc-eebc9c4d-375,forschung_muskelkraft__ohne_pc,control,0,0,0,3,0,10,3,5,1,2,0,0,0,0
pc-eebc9c4d-375,rudeljaeger__mit_pc,control,1,1,1,3,10,7,3,6,0,3,1,10,0,0
pc-5aa4ae86-376,forschung_muskelkraft__ohne_pc,control,0,0,0,7,-1,17,7,25,3,7,4,0,0,0
pc-5aa4ae86-376,rudeljaeger__mit_pc,control,1,1,1,7,10,10,9,25,3,8,3,11,0,0
pc-e1575dc8-377,forschung_muskelkraft__ohne_pc,control,0,1,0,8,2,19,9,31,2,8,8,11,0,0
pc-e1575dc8-377,rudeljaeger__mit_pc,control,1,0,1,8,-1,11,11,28,2,10,4,8,0,0
pc-82d46a15-378,forschung_muskelkraft__ohne_pc,control,0,0,0,6,-4,10,4,17,4,4,3,5,0,0
pc-82d46a15-378,rudeljaeger__mit_pc,control,1,1,1,6,5,12,6,18,2,5,1,14,0,0
pc-09871958-379,forschung_muskelkraft__ohne_pc,control,0,1,0,9,4,20,11,39,3,10,9,12,0,0
pc-09871958-379,rudeljaeger__mit_pc,control,1,0,1,9,-2,14,12,35,4,11,5,6,0,2
pc-756f2b90-380,forschung_muskelkraft__ohne_pc,control,0,1,0,8,6,18,11,32,1,9,11,13,0,0
pc-756f2b90-380,rudeljaeger__mit_pc,control,1,0,1,8,-3,13,11,27,2,10,5,4,0,0
pc-fc21dad2-381,forschung_muskelkraft__ohne_pc,control,0,0,0,4,-1,11,4,9,1,3,3,0,0,0
pc-fc21dad2-381,rudeljaeger__mit_pc,control,1,1,1,4,10,8,5,10,0,5,1,11,0,0
pc-08c8fb48-382,forschung_muskelkraft__ohne_pc,control,0,0,0,7,-1,13,7,25,2,6,5,5,0,0
pc-08c8fb48-382,rudeljaeger__mit_pc,control,1,1,1,7,5,13,10,25,1,9,2,11,0,0
pc-8f7b8a8a-383,forschung_muskelkraft__ohne_pc,control,0,1,0,7,2,18,8,26,2,7,6,13,0,0
pc-8f7b8a8a-383,rudeljaeger__mit_pc,control,1,0,1,7,-3,12,8,22,6,8,3,8,0,0
pc-fb63bcc2-384,forschung_muskelkraft__ohne_pc,control,0,1,0,13,2,22,19,69,13,17,13,11,0,0
pc-fb63bcc2-384,rudeljaeger__mit_pc,control,1,0,1,13,-1,19,17,50,31,16,12,8,0,3
pc-82164c05-385,forschung_muskelkraft__ohne_pc,control,0,1,0,12,3,22,15,57,13,13,14,10,0,0
pc-82164c05-385,rudeljaeger__mit_pc,control,1,0,1,12,0,17,16,45,24,14,9,7,0,0
pc-23937852-386,forschung_muskelkraft__ohne_pc,control,0,0,0,3,0,10,2,4,1,2,0,0,0,0
pc-23937852-386,rudeljaeger__mit_pc,control,1,1,1,3,10,7,3,6,0,3,1,10,0,0
pc-aa460794-387,forschung_muskelkraft__ohne_pc,control,0,0,0,8,-1,16,9,33,2,8,7,3,0,0
pc-aa460794-387,rudeljaeger__mit_pc,control,1,1,1,8,7,12,12,30,4,10,5,11,0,0
pc-162e39cd-388,forschung_muskelkraft__ohne_pc,control,0,0,0,9,-1,18,12,42,3,10,5,6,0,0
pc-162e39cd-388,rudeljaeger__mit_pc,control,1,1,1,9,4,14,11,36,3,9,8,11,0,1
pc-9ce0c90f-389,forschung_muskelkraft__ohne_pc,control,0,0,0,4,-1,11,4,9,1,3,3,0,0,0
pc-9ce0c90f-389,rudeljaeger__mit_pc,control,1,1,1,4,10,8,5,8,1,5,1,11,0,0
pc-d333e133-390,forschung_muskelkraft__ohne_pc,control,0,1,0,11,7,19,13,48,7,11,10,11,0,0
pc-d333e133-390,rudeljaeger__mit_pc,control,1,0,1,11,-1,14,14,40,20,13,8,3,0,1
pc-59e69076-391,forschung_muskelkraft__ohne_pc,control,0,0,0,6,0,15,5,18,2,5,2,0,0,0
pc-59e69076-391,rudeljaeger__mit_pc,control,1,1,1,6,10,10,5,20,1,5,3,10,0,0
pc-c5cea2ae-392,forschung_muskelkraft__ohne_pc,control,0,1,0,7,1,14,7,26,2,7,5,10,0,0
pc-c5cea2ae-392,rudeljaeger__mit_pc,control,1,0,1,7,0,11,10,24,2,8,2,9,0,0
pc-4c8151f1-393,forschung_muskelkraft__ohne_pc,control,0,1,0,9,4,18,10,31,5,8,12,12,0,0
pc-4c8151f1-393,rudeljaeger__mit_pc,control,1,0,1,9,-2,14,13,31,6,11,5,6,0,0
pc-edfe7e3d-394,forschung_muskelkraft__ohne_pc,control,0,1,0,9,2,20,9,37,5,9,11,12,0,0
pc-edfe7e3d-394,rudeljaeger__mit_pc,control,1,0,1,9,-2,16,13,32,6,11,4,8,0,0
pc-74b10d80-395,forschung_muskelkraft__ohne_pc,control,0,0,0,7,-2,15,6,25,2,6,5,6,0,0
pc-74b10d80-395,rudeljaeger__mit_pc,control,1,1,1,7,4,12,8,26,2,8,5,12,0,0
pc-e0993fb8-396,forschung_muskelkraft__ohne_pc,control,0,1,0,11,2,21,14,55,6,12,9,11,0,0
pc-e0993fb8-396,rudeljaeger__mit_pc,control,1,0,1,11,-1,15,14,41,16,12,8,8,0,1
pc-674bcefb-397,forschung_muskelkraft__ohne_pc,control,0,0,0,6,0,15,5,17,4,4,4,5,0,0
pc-674bcefb-397,rudeljaeger__mit_pc,control,1,1,1,6,5,11,7,19,2,6,2,10,0,0
pc-73f2ef70-398,forschung_muskelkraft__ohne_pc,control,0,0,0,6,-2,14,6,19,1,5,3,8,0,0
pc-73f2ef70-398,rudeljaeger__mit_pc,control,1,1,1,6,2,11,7,20,1,7,2,12,0,1
pc-faa59eb2-399,forschung_muskelkraft__ohne_pc,control,0,1,0,9,6,18,9,31,11,7,11,10,0,0
pc-faa59eb2-399,rudeljaeger__mit_pc,control,1,0,1,9,0,15,13,33,7,11,3,4,0,0
pc-b28254f8-400,forschung_muskelkraft__ohne_pc,control,0,0,1,11,0,20,14,47,8,12,13,7,0,0
pc-b28254f8-400,solidaritaet_ueberleben__ohne_pc,control,1,1,0,11,3,16,15,47,14,14,8,10,0,0
pc-2bcfa5b6-401,forschung_muskelkraft__ohne_pc,control,0,1,1,13,8,22,14,54,24,12,13,14,0,0
pc-2bcfa5b6-401,solidaritaet_ueberleben__ohne_pc,control,1,0,0,13,-4,19,17,52,29,16,8,2,0,0
pc-bfe7937d-402,forschung_muskelkraft__ohne_pc,control,0,1,1,10,6,21,11,43,7,10,10,10,0,0
pc-bfe7937d-402,solidaritaet_ueberleben__ohne_pc,control,1,0,0,10,0,16,14,44,9,13,5,4,0,0
pc-3934e43b-403,forschung_muskelkraft__ohne_pc,control,0,0,1,8,-2,17,10,31,4,8,4,5,0,0
pc-3934e43b-403,solidaritaet_ueberleben__ohne_pc,control,1,1,0,8,5,13,9,32,3,9,4,12,0,0
pc-cd4cd202-404,forschung_muskelkraft__ohne_pc,control,0,1,1,9,10,19,10,35,10,9,10,10,0,0
pc-cd4cd202-404,solidaritaet_ueberleben__ohne_pc,control,1,0,0,9,0,13,12,34,8,11,4,0,0,0
pc-469a22c0-405,forschung_muskelkraft__ohne_pc,control,0,1,1,5,6,10,5,14,1,4,1,13,0,0
pc-469a22c0-405,solidaritaet_ueberleben__ohne_pc,control,1,0,0,5,-3,9,4,13,2,4,1,4,0,0
pc-dab21087-406,forschung_muskelkraft__ohne_pc,control,0,1,1,12,7,19,13,47,23,11,12,10,0,0
pc-dab21087-406,solidaritaet_ueberleben__ohne_pc,control,1,0,0,12,0,17,15,42,28,14,6,3,0,0
pc-53ff6145-407,forschung_muskelkraft__ohne_pc,control,0,0,1,7,0,15,7,24,2,6,1,5,0,0
pc-53ff6145-407,solidaritaet_ueberleben__ohne_pc,control,1,1,0,7,5,12,7,25,0,6,1,10,0,0
pc-7ced5ae4-408,forschung_muskelkraft__ohne_pc,control,0,0,1,15,0,23,13,46,59,11,11,4,0,0
pc-7ced5ae4-408,solidaritaet_ueberleben__ohne_pc,control,1,1,0,15,5,21,15,52,55,14,7,9,0,0
pc-f63aaba1-409,forschung_muskelkraft__ohne_pc,control,0,1,1,15,5,23,18,67,46,16,17,11,0,0
pc-f63aaba1-409,solidaritaet_ueberleben__ohne_pc,control,1,0,0,15,-1,20,19,63,51,18,11,5,0,0
pc-8a529969-410,forschung_muskelkraft__ohne_pc,control,0,1,1,12,6,22,12,44,22,10,13,14,0,0
pc-8a529969-410,solidaritaet_ueberleben__ohne_pc,control,1,0,0,12,-4,17,15,47,23,15,6,4,0,0
pc-039fea27-411,forschung_muskelkraft__ohne_pc,control,0,0,1,7,0,13,5,18,3,5,7,8,0,0
pc-039fea27-411,solidaritaet_ueberleben__ohne_pc,control,1,1,0,7,2,11,9,28,0,9,0,10,0,0
pc-97b7d7ee-412,forschung_muskelkraft__ohne_pc,control,0,1,1,7,2,15,7,24,4,6,5,11,0,0
pc-97b7d7ee-412,solidaritaet_ueberleben__ohne_pc,control,1,0,0,7,-1,10,10,27,1,9,1,8,0,0
pc-110528ac-413,forschung_muskelkraft__ohne_pc,control,0,1,1,8,4,15,8,30,4,6,5,10,0,0
pc-110528ac-413,solidaritaet_ueberleben__ohne_pc,control,1,0,0,8,0,14,9,30,3,8,3,6,0,0
pc-a51d1673-414,forschung_muskelkraft__ohne_pc,control,0,0,1,9,-3,19,11,36,9,9,9,6,0,0
pc-a51d1673-414,solidaritaet_ueberleben__ohne_pc,control,1,1,0,9,4,15,11,32,9,11,5,13,0,0
pc-1e6a6731-415,forschung_muskelkraft__ohne_pc,control,0,1,1,14,6,21,15,57,34,13,17,16,0,0
pc-1e6a6731-415,solidaritaet_ueberleben__ohne_pc,control,1,0,0,14,-6,20,18,52,43,17,9,4,0,0
pc-1dac4921-416,forschung_muskelkraft__ohne_pc,control,0,0,1,12,-2,22,14,55,15,12,12,9,0,0
pc-1dac4921-416,solidaritaet_ueberleben__ohne_pc,control,1,1,0,12,1,19,16,49,21,16,7,12,0,0
pc-96f9b9de-417,forschung_muskelkraft__ohne_pc,control,0,1,1,12,1,23,12,40,26,10,13,12,0,0
pc-96f9b9de-417,solidaritaet_ueberleben__ohne_pc,control,1,0,0,12,-2,17,15,47,20,14,5,9,0,0
pc-2b1187a6-418,forschung_muskelkraft__ohne_pc,control,0,0,1,9,-3,17,11,41,4,10,6,2,0,0
pc-2b1187a6-418,solidaritaet_ueberleben__ohne_pc,control,1,1,0,9,8,16,11,36,6,10,5,13,0,0
pc-a45ef863-419,forschung_muskelkraft__ohne_pc,control,0,1,1,12,5,22,15,53,13,13,14,10,0,0
pc-a45ef863-419,solidaritaet_ueberleben__ohne_pc,control,1,0,0,12,0,17,15,45,27,14,8,5,0,0
pc-3876c62b-420,forschung_muskelkraft__ohne_pc,control,0,1,1,11,4,21,13,48,7,11,13,14,0,0
pc-3876c62b-420,solidaritaet_ueberleben__ohne_pc,control,1,0,0,11,-4,15,15,49,10,15,6,6,0,0
pc-b1c436e8-421,forschung_muskelkraft__ohne_pc,control,0,1,1,10,2,18,11,37,8,9,8,10,0,0
pc-b1c436e8-421,solidaritaet_ueberleben__ohne_pc,control,1,0,0,10,0,16,13,42,13,12,4,8,0,0
pc-45dc04b0-422,forschung_muskelkraft__ohne_pc,control,0,1,1,15,4,21,14,48,57,12,17,13,0,0
pc-45dc04b0-422,solidaritaet_ueberleben__ohne_pc,control,1,0,0,15,-3,20,19,60,52,18,7,6,0,0
pc-bf29756d-423,forschung_muskelkraft__ohne_pc,control,0,1,1,8,8,15,7,26,2,7,5,12,0,0
pc-bf29756d-423,solidaritaet_ueberleben__ohne_pc,control,1,0,0,8,-2,13,10,28,3,10,2,2,0,0
pc-e8174f0c-424,forschung_muskelkraft__ohne_pc,control,0,1,1,13,3,23,15,60,26,14,17,15,0,0
pc-e8174f0c-424,solidaritaet_ueberleben__ohne_pc,control,1,0,0,13,-5,20,17,57,24,17,9,7,0,0
pc-6164bfca-425,forschung_muskelkraft__ohne_pc,control,0,1,1,13,3,21,14,54,28,12,13,11,0,0
pc-6164bfca-425,solidaritaet_ueberleben__ohne_pc,control,1,0,0,13,-1,20,17,56,24,16,7,7,1,0
pc-f57c8d91-426,forschung_muskelkraft__ohne_pc,control,0,0,1,9,-5,17,12,39,5,10,6,6,0,0
pc-f57c8d91-426,solidaritaet_ueberleben__ohne_pc,control,1,1,0,9,4,13,11,36,9,11,6,15,0,0
pc-6ec9fe4f-427,forschung_muskelkraft__ohne_pc,control,0,0,1,9,0,20,10,32,5,8,8,6,0,0
pc-6ec9fe4f-427,solidaritaet_ueberleben__ohne_pc,control,1,1,0,9,4,14,10,37,3,10,3,10,0,0
pc-02e1cc17-428,forschung_muskelkraft__ohne_pc,control,0,1,1,11,1,23,12,42,13,10,11,13,0,0
pc-02e1cc17-428,solidaritaet_ueberleben__ohne_pc,control,1,0,0,11,-3,15,14,48,9,13,5,9,0,0
pc-7c2f3cd4-429,forschung_muskelkraft__ohne_pc,control,0,1,1,8,6,13,7,20,8,5,11,12,0,0
pc-7c2f3cd4-429,solidaritaet_ueberleben__ohne_pc,control,1,0,0,8,-2,14,12,31,2,12,0,4,0,0
pc-10470a9c-430,forschung_muskelkraft__ohne_pc,control,0,0,1,16,-2,21,20,71,49,18,18,7,0,0
pc-10470a9c-430,solidaritaet_ueberleben__ohne_pc,control,1,1,0,16,2,22,19,63,61,18,16,11,0,0
pc-89947b59-431,forschung_muskelkraft__ohne_pc,control,0,1,1,8,6,17,10,33,1,8,5,12,0,0
pc-89947b59-431,solidaritaet_ueberleben__ohne_pc,control,1,0,0,8,-2,12,9,28,8,9,4,4,0,0
pc-88d65d49-432,forschung_muskelkraft__ohne_pc,control,0,1,1,12,7,22,11,39,27,9,14,13,0,0
pc-88d65d49-432,solidaritaet_ueberleben__ohne_pc,control,1,0,0,12,-3,16,16,48,19,15,4,3,0,0
pc-0223ae07-433,forschung_muskelkraft__ohne_pc,control,0,0,1,9,-1,19,8,33,8,7,6,8,0,0
pc-0223ae07-433,solidaritaet_ueberleben__ohne_pc,control,1,1,0,9,2,14,10,38,2,9,2,11,0,0
pc-963b9bce-434,forschung_muskelkraft__ohne_pc,control,0,1,1,11,2,22,11,39,16,9,14,15,0,0
pc-963b9bce-434,solidaritaet_ueberleben__ohne_pc,control,1,0,0,11,-5,18,15,46,13,15,4,8,0,0
pc-0f88ec8c-435,forschung_muskelkraft__ohne_pc,control,0,0,1,7,-4,18,8,26,2,7,4,2,0,0
pc-0f88ec8c-435,solidaritaet_ueberleben__ohne_pc,control,1,1,0,7,8,11,7,24,2,7,3,14,1,0
pc-a3a0da53-436,forschung_muskelkraft__ohne_pc,control,0,0,1,8,0,16,8,30,6,6,2,6,0,0
pc-a3a0da53-436,solidaritaet_ueberleben__ohne_pc,control,1,1,0,8,4,12,8,26,2,7,1,10,0,0
pc-1cee2b11-437,forschung_muskelkraft__ohne_pc,control,0,1,1,13,5,22,16,61,26,14,15,11,0,0
pc-1cee2b11-437,solidaritaet_ueberleben__ohne_pc,control,1,0,0,13,-1,18,17,53,27,16,9,5,0,0
pc-b10618d8-438,forschung_muskelkraft__ohne_pc,control,0,0,1,14,-2,22,20,71,24,18,13,8,0,0
pc-b10618d8-438,solidaritaet_ueberleben__ohne_pc,control,1,1,0,14,2,20,18,60,37,17,16,12,0,0
pc-2a536996-439,forschung_muskelkraft__ohne_pc,control,0,1,1,11,3,23,14,53,7,12,11,11,0,0
pc-2a536996-439,solidaritaet_ueberleben__ohne_pc,control,1,0,0,11,-1,17,14,43,16,13,7,7,0,0
pc-53414335-440,forschung_muskelkraft__ohne_pc,control,0,1,1,11,4,22,12,45,10,10,12,15,0,0
pc-53414335-440,solidaritaet_ueberleben__ohne_pc,control,1,0,0,11,-5,16,14,50,10,14,5,6,0,0
pc-cc8eb3f2-441,forschung_muskelkraft__ohne_pc,control,0,1,1,10,6,18,10,33,12,8,9,14,0,0
pc-cc8eb3f2-441,solidaritaet_ueberleben__ohne_pc,control,1,0,0,10,-4,14,13,41,7,12,3,4,4,0
pc-60a681ba-442,forschung_muskelkraft__ohne_pc,control,0,1,1,12,4,22,13,51,21,11,14,14,0,0
pc-60a681ba-442,solidaritaet_ueberleben__ohne_pc,control,1,0,0,12,-4,16,15,44,25,15,6,6,2,0
pc-d9f3f277-443,forschung_muskelkraft__ohne_pc,control,0,1,1,11,6,21,11,41,14,10,15,10,0,0
pc-d9f3f277-443,solidaritaet_ueberleben__ohne_pc,control,1,0,0,11,0,16,14,41,18,13,5,4,2,0
pc-6e0bc03f-444,forschung_muskelkraft__ohne_pc,control,0,0,1,8,-3,14,10,31,1,8,4,6,0,0
pc-6e0bc03f-444,solidaritaet_ueberleben__ohne_pc,control,1,1,0,8,4,13,9,31,2,9,3,13,0,0
pc-e75930fc-445,forschung_muskelkraft__ohne_pc,control,0,1,1,8,6,17,8,31,2,7,9,10,0,0
pc-e75930fc-445,solidaritaet_ueberleben__ohne_pc,control,1,0,0,8,0,12,12,35,0,12,2,4,1,0
pc-7b711ec4-446,forschung_muskelkraft__ohne_pc,control,0,0,1,15,0,23,18,67,40,16,15,7,0,0
pc-7b711ec4-446,solidaritaet_ueberleben__ohne_pc,control,1,1,0,15,2,20,18,57,48,17,14,9,0,0
pc-f4be6f81-447,forschung_muskelkraft__ohne_pc,control,0,0,1,8,-1,17,11,35,1,9,6,4,0,0
pc-f4be6f81-447,solidaritaet_ueberleben__ohne_pc,control,1,1,0,8,6,12,9,34,1,9,4,11,0,0
pc-f4005171-448,forschung_muskelkraft__ohne_pc,control,0,1,1,9,6,20,12,41,3,10,9,10,0,0
pc-f4005171-448,solidaritaet_ueberleben__ohne_pc,control,1,0,0,9,0,13,11,36,7,10,5,4,0,0
pc-6d4da22f-449,forschung_muskelkraft__ohne_pc,control,0,1,1,9,3,16,9,33,7,8,8,10,0,0
pc-6d4da22f-449,solidaritaet_ueberleben__ohne_pc,control,1,0,0,9,0,16,13,36,6,12,3,7,0,0
pc-73ef9550-450,forschung_muskelkraft__ohne_pc,control,0,1,0,9,1,15,9,31,5,7,5,10,0,0
pc-73ef9550-450,solidaritaet_ueberleben__ohne_pc,control,1,0,1,9,0,13,10,37,3,9,3,9,0,0
pc-ed3ce60d-451,forschung_muskelkraft__ohne_pc,control,0,1,0,10,4,21,8,30,15,7,13,12,0,0
pc-ed3ce60d-451,solidaritaet_ueberleben__ohne_pc,control,1,0,1,10,-2,16,13,39,10,13,2,6,0,0
pc-668a56cb-452,forschung_muskelkraft__ohne_pc,control,0,0,0,14,0,22,16,61,34,14,12,5,0,0
pc-668a56cb-452,solidaritaet_ueberleben__ohne_pc,control,1,1,1,14,5,20,15,51,43,14,9,10,0,0
pc-dfd7a788-453,forschung_muskelkraft__ohne_pc,control,0,1,0,11,10,21,12,47,17,11,13,11,0,0
pc-dfd7a788-453,solidaritaet_ueberleben__ohne_pc,control,1,0,1,11,-1,16,15,42,15,15,6,0,0,0
pc-8eba125a-454,forschung_muskelkraft__ohne_pc,control,0,1,0,6,6,14,7,20,1,6,2,10,0,0
pc-8eba125a-454,solidaritaet_ueberleben__ohne_pc,control,1,0,1,6,0,10,6,19,1,5,2,4,0,0
pc-08076318-455,forschung_muskelkraft__ohne_pc,control,0,1,0,14,8,23,17,65,30,15,15,12,0,0
pc-08076318-455,solidaritaet_ueberleben__ohne_pc,control,1,0,1,14,-2,19,18,52,40,17,10,2,1,0
pc-8154d3d5-456,forschung_muskelkraft__ohne_pc,control,0,0,0,8,-1,19,9,32,4,8,7,9,0,0
pc-8154d3d5-456,solidaritaet_ueberleben__ohne_pc,control,1,1,1,8,1,13,10,33,3,10,3,11,0,0
pc-faa22492-457,forschung_muskelkraft__ohne_pc,control,0,0,0,11,0,23,12,41,14,10,12,8,0,0
pc-faa22492-457,solidaritaet_ueberleben__ohne_pc,control,1,1,1,11,2,16,14,44,17,14,5,10,0,0
pc-3e5a9b3c-458,forschung_muskelkraft__ohne_pc,control,0,1,0,7,5,13,6,20,1,5,5,11,0,0
pc-3e5a9b3c-458,solidaritaet_ueberleben__ohne_pc,control,1,0,1,7,-1,11,7,21,0,7,2,5,0,0
pc-b7a7ebf9-459,forschung_muskelkraft__ohne_pc,control,0,1,0,10,6,20,10,37,8,9,11,12,0,0
pc-b7a7ebf9-459,solidaritaet_ueberleben__ohne_pc,control,1,0,1,10,-2,16,12,38,15,12,4,4,0,0
pc-30f55cb7-460,forschung_muskelkraft__ohne_pc,control,0,1,0,11,9,23,10,33,22,8,14,12,0,0
pc-30f55cb7-460,solidaritaet_ueberleben__ohne_pc,control,1,0,1,11,-2,16,15,42,15,14,3,1,1,0
pc-aa42ad74-461,forschung_muskelkraft__ohne_pc,control,0,0,0,8,-1,20,10,31,4,9,5,5,0,0
pc-aa42ad74-461,solidaritaet_ueberleben__ohne_pc,control,1,1,1,8,5,12,9,33,3,9,4,11,0,0
pc-59251846-462,forschung_muskelkraft__ohne_pc,control,0,1,0,14,4,23,15,61,30,13,9,11,0,0
pc-59251846-462,solidaritaet_ueberleben__ohne_pc,control,1,0,1,14,-1,18,12,41,56,12,8,6,0,0
pc-d2726903-463,forschung_muskelkraft__ohne_pc,control,0,1,0,11,4,20,11,36,19,9,12,12,0,0
pc-d2726903-463,solidaritaet_ueberleben__ohne_pc,control,1,0,1,11,-2,17,14,47,14,13,4,6,0,0
pc-4bbfd9c1-464,forschung_muskelkraft__ohne_pc,control,0,1,0,10,5,22,13,46,5,11,11,10,0,0
pc-4bbfd9c1-464,solidaritaet_ueberleben__ohne_pc,control,1,0,1,10,0,15,13,42,7,12,7,5,0,0
pc-c50d2a7e-465,forschung_muskelkraft__ohne_pc,control,0,0,0,10,-2,19,13,45,4,11,8,2,0,0
pc-c50d2a7e-465,solidaritaet_ueberleben__ohne_pc,control,1,1,1,10,8,16,12,41,8,11,7,12,0,0
pc-df198978-466,forschung_muskelkraft__ohne_pc,control,0,0,0,12,-2,21,11,42,24,9,12,8,0,0
pc-df198978-466,solidaritaet_ueberleben__ohne_pc,control,1,1,1,12,2,16,14,45,21,13,4,12,0,0
pc-5866fa36-467,forschung_muskelkraft__ohne_pc,control,0,1,0,12,5,23,12,44,22,10,15,16,0,0
pc-5866fa36-467,solidaritaet_ueberleben__ohne_pc,control,1,0,1,12,-6,17,16,50,26,15,6,5,0,0
pc-d1b44af3-468,forschung_muskelkraft__ohne_pc,control,0,0,0,10,0,19,14,49,2,12,6,7,0,0
pc-d1b44af3-468,solidaritaet_ueberleben__ohne_pc,control,1,1,1,10,3,13,11,40,11,10,11,10,0,0
pc-4b01bbb1-469,forschung_muskelkraft__ohne_pc,control,0,1,0,12,3,22,11,43,23,9,14,11,0,0
pc-4b01bbb1-469,solidaritaet_ueberleben__ohne_pc,control,1,0,1,12,-1,17,16,51,19,15,5,7,0,0
pc-f9e40682-470,forschung_muskelkraft__ohne_pc,control,0,0,0,9,-5,15,9,29,16,7,9,5,0,0
pc-f9e40682-470,solidaritaet_ueberleben__ohne_pc,control,1,1,1,9,5,14,12,35,10,12,3,15,0,0
pc-73317740-471,forschung_muskelkraft__ohne_pc,control,0,1,0,9,2,19,10,33,4,8,8,10,0,0
pc-73317740-471,solidaritaet_ueberleben__ohne_pc,control,1,0,1,9,0,14,11,35,9,11,3,8,0,0
pc-ec7ec7fd-472,forschung_muskelkraft__ohne_pc,control,0,1,0,10,6,20,11,39,6,9,9,10,0,0
pc-ec7ec7fd-472,solidaritaet_ueberleben__ohne_pc,control,1,0,1,10,0,13,13,41,5,12,5,4,0,0
pc-65cc38bb-473,forschung_muskelkraft__ohne_pc,control,0,1,0,16,2,22,11,44,80,9,18,10,0,0
pc-65cc38bb-473,solidaritaet_ueberleben__ohne_pc,control,1,0,1,16,-1,22,20,64,58,19,5,7,0,0
pc-a9848f64-474,forschung_muskelkraft__ohne_pc,control,0,0,0,9,0,16,11,36,7,9,9,8,0,0
pc-a9848f64-474,solidaritaet_ueberleben__ohne_pc,control,1,1,1,9,2,14,13,40,2,13,4,10,0,0
pc-22d1e022-475,forschung_muskelkraft__ohne_pc,control,0,1,0,14,8,23,15,57,34,13,15,12,0,0
pc-22d1e022-475,solidaritaet_ueberleben__ohne_pc,control,1,0,1,14,-2,20,18,59,39,17,9,2,2,0
pc-9c1f50df-476,forschung_muskelkraft__ohne_pc,control,0,1,0,10,6,21,10,33,12,8,14,13,0,0
pc-9c1f50df-476,solidaritaet_ueberleben__ohne_pc,control,1,0,1,10,-3,13,13,43,5,13,4,4,0,0
pc-156ca19d-477,forschung_muskelkraft__ohne_pc,control,0,1,0,11,6,21,10,38,17,8,14,11,0,0
pc-156ca19d-477,solidaritaet_ueberleben__ohne_pc,control,1,0,1,11,-1,17,14,42,17,14,3,4,0,0
pc-c44f0c6e-478,forschung_muskelkraft__ohne_pc,control,0,0,0,9,0,18,9,31,5,8,9,5,0,0
pc-c44f0c6e-478,solidaritaet_ueberleben__ohne_pc,control,1,1,1,9,5,14,12,38,7,11,5,10,0,0
pc-3d9c7d2c-479,forschung_muskelkraft__ohne_pc,control,0,1,0,10,5,22,13,48,4,11,11,11,0,0
pc-3d9c7d2c-479,solidaritaet_ueberleben__ohne_pc,control,1,0,1,10,-1,14,13,42,5,12,6,5,1,0
pc-b6e9cde9-480,forschung_muskelkraft__ohne_pc,control,0,0,0,7,0,13,7,25,2,6,3,6,0,0
pc-b6e9cde9-480,solidaritaet_ueberleben__ohne_pc,control,1,1,1,7,4,12,7,24,3,6,3,10,0,0
pc-30373ea7-481,forschung_muskelkraft__ohne_pc,control,0,1,0,13,3,23,17,65,13,15,14,16,0,0
pc-30373ea7-481,solidaritaet_ueberleben__ohne_pc,control,1,0,1,13,-6,19,16,50,34,15,11,7,0,0
pc-4a439da1-482,forschung_muskelkraft__ohne_pc,control,0,1,0,7,6,14,6,24,3,6,4,10,0,0
pc-4a439da1-482,solidaritaet_ueberleben__ohne_pc,control,1,0,1,7,0,12,8,25,2,8,1,4,0,0
pc-c390ee5e-483,forschung_muskelkraft__ohne_pc,control,0,1,0,9,4,18,10,34,2,8,10,12,0,0
pc-c390ee5e-483,solidaritaet_ueberleben__ohne_pc,control,1,0,1,9,-2,14,11,33,8,10,3,6,0,0
pc-3cde5f1c-484,forschung_muskelkraft__ohne_pc,control,0,1,0,16,2,21,14,53,67,12,17,16,0,0
pc-3cde5f1c-484,solidaritaet_ueberleben__ohne_pc,control,1,0,1,16,-7,20,20,64,60,19,7,7,0,0
pc-b62bafd9-485,forschung_muskelkraft__ohne_pc,control,0,0,0,7,0,17,8,20,2,6,5,4,0,0
pc-b62bafd9-485,solidaritaet_ueberleben__ohne_pc,control,1,1,1,7,6,12,8,27,1,7,2,10,0,0
pc-650e1aab-486,forschung_muskelkraft__ohne_pc,control,0,1,0,11,3,21,11,42,13,9,15,10,0,0
pc-650e1aab-486,solidaritaet_ueberleben__ohne_pc,control,1,0,1,11,0,16,15,45,11,15,5,7,0,0
pc-de5b6b68-487,forschung_muskelkraft__ohne_pc,control,0,1,0,11,6,23,13,49,11,11,15,17,0,0
pc-de5b6b68-487,solidaritaet_ueberleben__ohne_pc,control,1,0,1,11,-7,16,15,47,11,14,6,4,0,0
pc-57a8dc26-488,forschung_muskelkraft__ohne_pc,control,0,1,0,15,3,23,17,65,40,15,18,9,0,0
pc-57a8dc26-488,solidaritaet_ueberleben__ohne_pc,control,1,0,1,15,0,20,19,59,52,18,12,6,1,0
pc-d0f62ce3-489,forschung_muskelkraft__ohne_pc,control,0,0,0,9,-4,20,10,32,4,8,5,8,0,0
pc-d0f62ce3-489,solidaritaet_ueberleben__ohne_pc,control,1,1,1,9,2,14,11,40,0,10,3,14,0,0
pc-14ae838d-490,forschung_muskelkraft__ohne_pc,control,0,0,0,8,0,15,10,33,2,8,5,6,0,0
pc-14ae838d-490,solidaritaet_ueberleben__ohne_pc,control,1,1,1,8,4,13,9,33,2,9,3,10,0,0
pc-8dfbf44a-491,forschung_muskelkraft__ohne_pc,control,0,1,0,10,6,21,10,37,18,9,12,17,0,0
pc-8dfbf44a-491,solidaritaet_ueberleben__ohne_pc,control,1,0,1,10,-7,15,14,47,8,14,4,4,1,0
pc-07494508-492,forschung_muskelkraft__ohne_pc,control,0,1,0,7,8,15,8,25,1,6,3,13,0,0
pc-07494508-492,solidaritaet_ueberleben__ohne_pc,control,1,0,1,7,-3,13,7,27,1,6,1,2,0,0
pc-8096b5c5-493,forschung_muskelkraft__ohne_pc,control,0,0,0,8,-1,17,9,30,2,7,6,5,0,0
pc-8096b5c5-493,solidaritaet_ueberleben__ohne_pc,control,1,1,1,8,5,12,9,33,0,9,3,11,0,0
pc-2f790097-494,forschung_muskelkraft__ohne_pc,control,0,1,0,15,1,22,16,61,48,14,15,9,0,0
pc-2f790097-494,solidaritaet_ueberleben__ohne_pc,control,1,0,1,15,0,22,19,62,48,18,10,8,0,0
pc-a8c67154-495,forschung_muskelkraft__ohne_pc,control,0,1,0,10,4,19,10,39,10,8,10,11,0,0
pc-a8c67154-495,solidaritaet_ueberleben__ohne_pc,control,1,0,1,10,-1,15,13,38,10,13,3,6,0,0
pc-2213c212-496,forschung_muskelkraft__ohne_pc,control,0,1,0,10,6,21,10,37,9,8,13,12,0,0
pc-2213c212-496,solidaritaet_ueberleben__ohne_pc,control,1,0,1,10,-2,14,13,44,7,13,3,4,0,0
pc-9b6132cf-497,forschung_muskelkraft__ohne_pc,control,0,0,0,11,0,21,11,38,17,9,13,9,0,0
pc-9b6132cf-497,solidaritaet_ueberleben__ohne_pc,control,1,1,1,11,1,17,15,46,14,14,4,10,0,0
pc-b56d91c9-498,forschung_muskelkraft__ohne_pc,control,0,1,0,14,1,23,15,57,34,13,14,13,0,0
pc-b56d91c9-498,solidaritaet_ueberleben__ohne_pc,control,1,0,1,14,-3,19,17,55,39,16,9,9,0,0
pc-2ebae287-499,forschung_muskelkraft__ohne_pc,control,0,1,0,8,8,14,7,24,4,5,6,10,0,0
pc-2ebae287-499,solidaritaet_ueberleben__ohne_pc,control,1,0,1,8,0,12,9,29,7,9,0,2,0,0
pc-87ae1e91-500,forschung_muskelkraft__mit_pc,control,0,1,1,12,3,21,14,54,16,12,14,12,0,0
pc-87ae1e91-500,solidaritaet_ueberleben__mit_pc,control,1,0,0,12,-2,17,16,52,18,15,8,7,0,0
pc-00fb6f4f-501,forschung_muskelkraft__mit_pc,control,0,0,1,7,0,13,7,25,2,6,3,2,0,0
pc-00fb6f4f-501,solidaritaet_ueberleben__mit_pc,control,1,1,0,7,8,10,7,23,3,7,4,10,0,0
pc-7a48c00c-502,forschung_muskelkraft__mit_pc,control,0,1,1,15,4,22,18,69,36,16,13,12,0,0
pc-7a48c00c-502,solidaritaet_ueberleben__mit_pc,control,1,0,0,15,-2,20,18,61,48,17,11,6,0,0
pc-f39630c9-503,forschung_muskelkraft__mit_pc,control,0,1,1,10,4,21,11,41,4,9,14,12,0,0
pc-f39630c9-503,solidaritaet_ueberleben__mit_pc,control,1,0,0,10,-2,15,13,40,9,12,4,6,0,0
pc-6ce38187-504,forschung_muskelkraft__mit_pc,control,0,1,1,14,6,22,15,58,33,13,19,12,0,0
pc-6ce38187-504,solidaritaet_ueberleben__mit_pc,control,1,0,0,14,-2,20,18,58,36,17,8,4,0,0
pc-e630f244-505,forschung_muskelkraft__mit_pc,control,0,0,1,15,0,22,17,65,44,15,17,4,0,0
pc-e630f244-505,solidaritaet_ueberleben__mit_pc,control,1,1,0,15,5,20,19,64,45,18,11,9,0,0
pc-5f7e4302-506,forschung_muskelkraft__mit_pc,control,0,1,1,8,8,19,7,29,5,7,8,10,0,0
pc-5f7e4302-506,solidaritaet_ueberleben__mit_pc,control,1,0,0,8,0,14,11,31,2,11,2,2,0,0
pc-d8cbb3bf-507,forschung_muskelkraft__mit_pc,control,0,0,1,10,-3,22,12,46,9,10,7,6,0,0
pc-d8cbb3bf-507,solidaritaet_ueberleben__mit_pc,control,1,1,0,10,4,15,12,42,3,11,5,13,0,0
pc-5219047d-508,forschung_muskelkraft__mit_pc,control,0,1,1,17,1,22,18,71,69,16,19,10,0,0
pc-5219047d-508,solidaritaet_ueberleben__mit_pc,control,1,0,0,17,-3,21,20,68,68,19,13,6,0,0
pc-cb66753a-509,forschung_muskelkraft__mit_pc,control,0,1,1,14,1,23,13,55,41,11,16,11,0,0
pc-cb66753a-509,solidaritaet_ueberleben__mit_pc,control,1,0,0,14,-1,20,18,62,32,17,6,9,0,0
pc-44b3c5f8-510,forschung_muskelkraft__mit_pc,control,0,1,1,13,5,22,16,63,19,14,15,11,0,0
pc-44b3c5f8-510,solidaritaet_ueberleben__mit_pc,control,1,0,0,13,-1,18,17,55,25,16,9,5,0,0
pc-be0136b5-511,forschung_muskelkraft__mit_pc,control,0,0,1,8,-3,13,8,27,5,6,4,6,0,0
pc-be0136b5-511,solidaritaet_ueberleben__mit_pc,control,1,1,0,8,4,13,9,34,2,8,1,13,0,0
pc-374e8773-512,forschung_muskelkraft__mit_pc,control,0,0,1,13,-3,23,13,55,27,11,15,5,0,0
pc-374e8773-512,solidaritaet_ueberleben__mit_pc,control,1,1,0,13,5,20,17,61,20,16,6,13,0,0
pc-b09bf830-513,forschung_muskelkraft__mit_pc,control,0,1,1,14,1,22,16,65,30,14,16,13,0,0
pc-b09bf830-513,solidaritaet_ueberleben__mit_pc,control,1,0,0,14,-3,19,17,59,36,17,10,9,0,0
pc-29e948ee-514,forschung_muskelkraft__mit_pc,control,0,0,1,9,-1,17,11,40,4,9,6,3,0,0
pc-29e948ee-514,solidaritaet_ueberleben__mit_pc,control,1,1,0,9,7,15,11,40,2,10,4,11,0,0
pc-a336b9ab-515,forschung_muskelkraft__mit_pc,control,0,1,1,16,3,23,20,75,45,18,17,10,0,0
pc-a336b9ab-515,solidaritaet_ueberleben__mit_pc,control,1,0,0,16,-1,21,20,68,60,19,14,6,0,0
pc-f2d812b9-516,forschung_muskelkraft__mit_pc,control,0,0,1,16,-1,24,20,75,47,18,16,4,0,0
pc-f2d812b9-516,solidaritaet_ueberleben__mit_pc,control,1,1,0,16,5,22,19,64,65,19,17,10,0,0
pc-6c256377-517,forschung_muskelkraft__mit_pc,control,0,1,1,12,7,23,11,38,28,9,16,10,0,0
pc-6c256377-517,solidaritaet_ueberleben__mit_pc,control,1,0,0,12,0,18,16,49,18,16,5,3,0,0
pc-e572d434-518,forschung_muskelkraft__mit_pc,control,0,0,1,14,0,23,18,71,24,16,17,8,0,0
pc-e572d434-518,solidaritaet_ueberleben__mit_pc,control,1,1,0,14,2,18,18,60,34,17,13,10,1,0
pc-5ec024f2-519,forschung_muskelkraft__mit_pc,control,0,0,1,11,0,20,11,43,12,10,13,8,0,0
pc-5ec024f2-519,solidaritaet_ueberleben__mit_pc,control,1,1,0,11,2,17,13,46,9,13,6,10,0,0
pc-d80d95af-520,forschung_muskelkraft__mit_pc,control,0,1,1,12,5,22,13,47,19,11,12,12,0,0
pc-d80d95af-520,solidaritaet_ueberleben__mit_pc,control,1,0,0,12,-2,16,15,54,13,14,6,5,0,0
pc-515ae66d-521,forschung_muskelkraft__mit_pc,control,0,1,1,9,5,20,10,33,8,8,7,12,0,0
pc-515ae66d-521,solidaritaet_ueberleben__mit_pc,control,1,0,0,9,-2,16,11,39,6,10,3,5,0,0
pc-caa8572a-522,forschung_muskelkraft__mit_pc,control,0,0,1,8,0,18,9,31,2,7,6,9,0,0
pc-caa8572a-522,solidaritaet_ueberleben__mit_pc,control,1,1,0,8,1,13,10,32,3,9,2,10,0,0
pc-43f5a7e8-523,forschung_muskelkraft__mit_pc,control,0,0,1,7,-1,15,6,23,4,5,4,6,0,0
pc-43f5a7e8-523,solidaritaet_ueberleben__mit_pc,control,1,1,0,7,4,13,8,26,1,8,0,11,1,0
pc-bd4318a5-524,forschung_muskelkraft__mit_pc,control,0,1,1,6,9,11,6,20,1,5,2,12,0,0
pc-bd4318a5-524,solidaritaet_ueberleben__mit_pc,control,1,0,0,6,-2,11,6,19,2,6,1,1,0,0
pc-36906963-525,forschung_muskelkraft__mit_pc,control,0,1,1,12,2,21,17,64,10,15,12,13,0,0
pc-36906963-525,solidaritaet_ueberleben__mit_pc,control,1,0,0,12,-3,17,13,49,17,12,11,8,0,0
pc-afddda20-526,forschung_muskelkraft__mit_pc,control,0,1,1,13,4,22,14,59,23,12,14,15,0,0
pc-afddda20-526,solidaritaet_ueberleben__mit_pc,control,1,0,0,13,-5,17,16,56,25,15,10,6,0,0
pc-292b2ade-527,forschung_muskelkraft__mit_pc,control,0,1,1,14,4,23,16,63,38,14,14,14,0,0
pc-292b2ade-527,solidaritaet_ueberleben__mit_pc,control,1,0,0,14,-4,19,18,61,42,17,9,6,0,0
pc-a2789b9b-528,forschung_muskelkraft__mit_pc,control,0,1,1,11,3,19,13,51,9,12,9,13,0,0
pc-a2789b9b-528,solidaritaet_ueberleben__mit_pc,control,1,0,0,11,-3,16,14,51,14,13,7,7,1,0
pc-1bc5ec59-529,forschung_muskelkraft__mit_pc,control,0,1,1,5,3,10,5,14,1,4,4,10,0,0
pc-1bc5ec59-529,solidaritaet_ueberleben__mit_pc,control,1,0,0,5,0,11,6,13,0,5,0,7,0,0
pc-95135d16-530,forschung_muskelkraft__mit_pc,control,0,0,1,11,-1,17,7,29,26,5,14,8,0,0
pc-95135d16-530,solidaritaet_ueberleben__mit_pc,control,1,1,0,11,2,16,14,48,7,13,0,11,0,0
pc-0e60add4-531,forschung_muskelkraft__mit_pc,control,0,1,1,12,4,22,12,50,22,10,11,11,0,0
pc-0e60add4-531,solidaritaet_ueberleben__mit_pc,control,1,0,0,12,-1,15,14,46,26,13,5,6,2,0
pc-b15a1640-532,forschung_muskelkraft__mit_pc,control,0,1,1,11,8,20,11,39,16,9,12,10,0,0
pc-b15a1640-532,solidaritaet_ueberleben__mit_pc,control,1,0,0,11,0,16,15,53,8,14,4,2,0,0
pc-2aa766fe-533,forschung_muskelkraft__mit_pc,control,0,0,1,9,-1,18,10,31,5,9,9,9,0,0
pc-2aa766fe-533,solidaritaet_ueberleben__mit_pc,control,1,1,0,9,1,15,11,40,2,10,7,11,0,0
pc-a3f4d7bb-534,forschung_muskelkraft__mit_pc,control,0,1,1,13,5,23,16,61,23,14,17,10,0,0
pc-a3f4d7bb-534,solidaritaet_ueberleben__mit_pc,control,1,0,0,13,0,19,17,56,27,16,9,5,0,0
pc-1d422879-535,forschung_muskelkraft__mit_pc,control,0,0,1,15,-2,22,20,75,34,18,12,6,0,0
pc-1d422879-535,solidaritaet_ueberleben__mit_pc,control,1,1,0,15,4,22,18,63,45,17,14,12,1,0
pc-968f9936-536,forschung_muskelkraft__mit_pc,control,0,1,1,10,5,16,11,39,6,9,9,11,0,0
pc-968f9936-536,solidaritaet_ueberleben__mit_pc,control,1,0,0,10,-1,15,11,43,6,10,4,5,0,0
pc-0fdce9f4-537,forschung_muskelkraft__mit_pc,control,0,1,1,10,7,22,14,53,2,13,7,10,0,0
pc-0fdce9f4-537,solidaritaet_ueberleben__mit_pc,control,1,0,0,10,0,15,12,45,8,11,8,3,0,0
pc-892a5ab1-538,forschung_muskelkraft__mit_pc,control,0,1,1,10,5,21,13,48,2,12,7,10,0,0
pc-892a5ab1-538,solidaritaet_ueberleben__mit_pc,control,1,0,0,10,0,15,10,35,10,9,9,5,0,0
pc-0277ab6f-539,forschung_muskelkraft__mit_pc,control,0,1,1,8,6,15,8,30,3,7,2,11,0,0
pc-0277ab6f-539,solidaritaet_ueberleben__mit_pc,control,1,0,0,8,-1,11,8,31,1,7,2,4,0,0
pc-7bc51c2c-540,forschung_muskelkraft__mit_pc,control,0,1,1,15,1,23,14,57,48,12,18,9,0,0
pc-7bc51c2c-540,solidaritaet_ueberleben__mit_pc,control,1,0,0,15,0,20,19,67,44,18,8,8,0,0
pc-f5126ce9-541,forschung_muskelkraft__mit_pc,control,0,0,1,14,-1,23,11,44,47,10,8,4,0,0
pc-f5126ce9-541,solidaritaet_ueberleben__mit_pc,control,1,1,0,14,6,18,14,49,48,13,5,11,0,0
pc-6e5fdda7-542,forschung_muskelkraft__mit_pc,control,0,1,1,10,8,21,12,45,5,10,12,11,0,0
pc-6e5fdda7-542,solidaritaet_ueberleben__mit_pc,control,1,0,0,10,-1,14,14,45,5,14,5,2,0,0
pc-e7ad2e64-543,forschung_muskelkraft__mit_pc,control,0,1,1,15,1,23,13,50,55,11,17,10,0,0
pc-e7ad2e64-543,solidaritaet_ueberleben__mit_pc,control,1,0,0,15,0,22,19,66,44,18,6,9,0,0
pc-60fa9f22-544,forschung_muskelkraft__mit_pc,control,0,0,1,12,0,23,12,48,30,10,12,9,0,0
pc-60fa9f22-544,solidaritaet_ueberleben__mit_pc,control,1,1,0,12,1,17,15,48,20,15,6,10,0,0
pc-da47efdf-545,forschung_muskelkraft__mit_pc,control,0,1,1,10,4,21,11,38,7,9,13,10,0,0
pc-da47efdf-545,solidaritaet_ueberleben__mit_pc,control,1,0,0,10,0,15,14,47,4,13,4,6,0,0
pc-5395409d-546,forschung_muskelkraft__mit_pc,control,0,0,1,7,-1,13,7,20,2,5,4,6,0,0
pc-5395409d-546,solidaritaet_ueberleben__mit_pc,control,1,1,0,7,4,11,7,24,2,7,0,11,0,0
pc-cce2b15a-547,forschung_muskelkraft__mit_pc,control,0,1,1,13,1,21,16,64,18,14,13,11,0,0
pc-cce2b15a-547,solidaritaet_ueberleben__mit_pc,control,1,0,0,13,-1,18,16,56,30,15,10,9,0,0
pc-1c840a69-548,forschung_muskelkraft__mit_pc,control,0,1,1,13,1,23,13,53,26,11,15,17,0,0
pc-1c840a69-548,solidaritaet_ueberleben__mit_pc,control,1,0,0,13,-7,19,17,56,24,16,7,9,1,0
pc-95d17b26-549,forschung_muskelkraft__mit_pc,control,0,1,1,7,6,13,6,20,1,5,9,11,0,0
pc-95d17b26-549,solidaritaet_ueberleben__mit_pc,control,1,0,0,7,-1,12,9,26,0,9,0,4,0,0
pc-3f8e2ef7-550,forschung_muskelkraft__mit_pc,control,0,1,0,14,3,22,17,63,32,15,16,14,0,0
pc-3f8e2ef7-550,solidaritaet_ueberleben__mit_pc,control,1,0,1,14,-4,18,17,54,41,16,10,7,0,0
pc-c640de39-551,forschung_muskelkraft__mit_pc,control,0,1,0,13,3,22,15,56,22,13,10,10,0,0
pc-c640de39-551,solidaritaet_ueberleben__mit_pc,control,1,0,1,13,0,18,14,51,31,13,8,7,0,0
pc-4cf36d7c-552,forschung_muskelkraft__mit_pc,control,0,1,0,12,2,23,15,56,15,13,12,13,0,0
pc-4cf36d7c-552,solidaritaet_ueberleben__mit_pc,control,1,0,1,12,-3,16,16,49,21,15,8,8,0,0
pc-d3a61cbe-553,forschung_muskelkraft__mit_pc,control,0,1,0,14,7,22,11,46,50,9,15,15,0,0
pc-d3a61cbe-553,solidaritaet_ueberleben__mit_pc,control,1,0,1,14,-5,18,17,53,41,16,5,3,0,0
pc-24c3b1ed-554,forschung_muskelkraft__mit_pc,control,0,0,0,8,0,18,8,24,4,6,7,3,0,0
pc-24c3b1ed-554,solidaritaet_ueberleben__mit_pc,control,1,1,1,8,7,13,9,31,1,9,2,10,0,0
pc-ab76412f-555,forschung_muskelkraft__mit_pc,control,0,1,0,7,6,17,7,25,1,6,3,11,0,0
pc-ab76412f-555,solidaritaet_ueberleben__mit_pc,control,1,0,1,7,-1,13,6,24,3,6,3,4,0,0
pc-3228f072-556,forschung_muskelkraft__mit_pc,control,0,1,0,12,6,21,15,59,11,13,7,11,0,0
pc-3228f072-556,solidaritaet_ueberleben__mit_pc,control,1,0,1,12,-1,17,12,46,23,11,8,4,0,0
pc-b8db9fb4-557,forschung_muskelkraft__mit_pc,control,0,1,0,16,2,23,20,75,45,18,16,9,0,0
pc-b8db9fb4-557,solidaritaet_ueberleben__mit_pc,control,1,0,1,16,0,23,20,68,60,19,16,7,1,0
pc-09f934e3-558,forschung_muskelkraft__mit_pc,control,0,1,0,10,4,21,10,32,18,8,11,11,0,0
pc-09f934e3-558,solidaritaet_ueberleben__mit_pc,control,1,0,1,10,-1,14,13,39,9,13,3,6,0,0
pc-90abc425-559,forschung_muskelkraft__mit_pc,control,0,0,0,8,-3,17,8,25,8,6,7,6,0,0
pc-90abc425-559,solidaritaet_ueberleben__mit_pc,control,1,1,1,8,4,12,8,29,2,8,1,13,0,0
pc-175e7368-560,forschung_muskelkraft__mit_pc,control,0,0,0,9,-3,19,11,40,4,9,7,6,0,0
pc-175e7368-560,solidaritaet_ueberleben__mit_pc,control,1,1,1,9,4,13,11,39,4,10,7,13,0,0
pc-9e1102aa-561,forschung_muskelkraft__mit_pc,control,0,1,0,9,4,18,9,35,6,8,7,11,0,0
pc-9e1102aa-561,solidaritaet_ueberleben__mit_pc,control,1,0,1,9,-1,14,10,36,9,10,3,6,0,0
pc-ef2eb7d8-562,forschung_muskelkraft__mit_pc,control,0,0,0,7,-1,17,6,19,2,5,6,3,0,0
pc-ef2eb7d8-562,solidaritaet_ueberleben__mit_pc,control,1,1,1,7,7,12,8,28,0,8,3,11,0,0
pc-75e1471b-563,forschung_muskelkraft__mit_pc,control,0,0,0,12,-4,23,15,59,13,13,11,5,0,0
pc-75e1471b-563,solidaritaet_ueberleben__mit_pc,control,1,1,1,12,5,17,14,49,17,13,9,14,0,0
pc-fc93f65d-564,forschung_muskelkraft__mit_pc,control,0,0,0,9,-5,17,10,37,5,8,4,7,0,0
pc-fc93f65d-564,solidaritaet_ueberleben__mit_pc,control,1,1,1,9,3,14,9,36,5,8,3,15,0,0
pc-834685a0-565,forschung_muskelkraft__mit_pc,control,0,1,0,16,2,22,17,65,59,15,19,11,0,0
pc-834685a0-565,solidaritaet_ueberleben__mit_pc,control,1,0,1,16,-2,21,20,68,57,19,10,7,1,0
pc-aab8231f-566,forschung_muskelkraft__mit_pc,control,0,1,0,12,1,22,12,47,19,10,15,14,0,0
pc-aab8231f-566,solidaritaet_ueberleben__mit_pc,control,1,0,1,12,-4,19,16,56,13,15,6,9,0,0
pc-316ad262-567,forschung_muskelkraft__mit_pc,control,0,1,0,14,4,23,15,59,38,13,14,10,0,0
pc-316ad262-567,solidaritaet_ueberleben__mit_pc,control,1,0,1,14,0,21,18,63,31,17,8,6,0,0
pc-b81d61a4-568,forschung_muskelkraft__mit_pc,control,0,1,0,17,3,22,16,63,73,14,18,8,0,0
pc-b81d61a4-568,solidaritaet_ueberleben__mit_pc,control,1,0,1,17,-1,22,20,68,68,19,10,4,0,0
pc-3ed010e7-569,forschung_muskelkraft__mit_pc,control,0,1,0,10,6,20,10,36,9,8,12,13,0,0
pc-3ed010e7-569,solidaritaet_ueberleben__mit_pc,control,1,0,1,10,-3,16,14,44,11,14,3,4,0,0
pc-8feda615-570,forschung_muskelkraft__mit_pc,control,0,1,0,15,3,22,15,63,46,13,15,9,0,0
pc-8feda615-570,solidaritaet_ueberleben__mit_pc,control,1,0,1,15,0,21,19,67,44,18,9,6,2,0
pc-16a05558-571,forschung_muskelkraft__mit_pc,control,0,0,0,10,-3,20,12,43,12,10,8,8,0,0
pc-16a05558-571,solidaritaet_ueberleben__mit_pc,control,1,1,1,10,2,14,11,37,8,11,7,13,3,0
pc-9d52e49a-572,forschung_muskelkraft__mit_pc,control,0,1,0,13,2,21,15,58,20,13,18,12,0,0
pc-9d52e49a-572,solidaritaet_ueberleben__mit_pc,control,1,0,1,13,-2,19,17,60,20,17,8,8,0,0
pc-240593dd-573,forschung_muskelkraft__mit_pc,control,0,1,0,10,4,17,7,26,23,6,14,13,0,0
pc-240593dd-573,solidaritaet_ueberleben__mit_pc,control,1,0,1,10,-3,17,14,42,8,14,2,6,0,0
pc-7523290b-574,forschung_muskelkraft__mit_pc,control,0,1,0,10,1,19,11,41,5,9,8,12,0,0
pc-7523290b-574,solidaritaet_ueberleben__mit_pc,control,1,0,1,10,-2,14,9,34,11,9,6,9,0,0
pc-fbd5d84d-575,forschung_muskelkraft__mit_pc,control,0,1,0,11,3,19,10,37,18,8,8,10,0,0
pc-fbd5d84d-575,solidaritaet_ueberleben__mit_pc,control,1,0,1,11,0,15,13,46,9,12,5,7,0,0
pc-82886790-576,forschung_muskelkraft__mit_pc,control,0,0,0,10,0,21,11,42,13,9,10,4,0,0
pc-82886790-576,solidaritaet_ueberleben__mit_pc,control,1,1,1,10,6,15,14,47,6,13,4,10,0,0
pc-093b16d3-577,forschung_muskelkraft__mit_pc,control,0,0,0,13,0,21,14,53,31,12,12,3,0,0
pc-093b16d3-577,solidaritaet_ueberleben__mit_pc,control,1,1,1,13,7,16,16,53,27,15,7,10,0,0
pc-5a58ac01-578,forschung_muskelkraft__mit_pc,control,0,1,0,14,1,22,11,43,54,9,16,14,0,0
pc-5a58ac01-578,solidaritaet_ueberleben__mit_pc,control,1,0,1,14,-4,21,18,57,36,17,4,9,0,0
pc-e10b5b43-579,forschung_muskelkraft__mit_pc,control,0,0,0,12,-2,22,13,48,23,11,11,6,0,0
pc-e10b5b43-579,solidaritaet_ueberleben__mit_pc,control,1,1,1,12,4,18,16,53,16,15,6,12,1,0
pc-67bdea86-580,forschung_muskelkraft__mit_pc,control,0,0,0,10,-3,18,11,45,10,10,4,6,0,0
pc-67bdea86-580,solidaritaet_ueberleben__mit_pc,control,1,1,1,10,4,13,10,41,9,9,5,13,0,0
pc-ee7099c8-581,forschung_muskelkraft__mit_pc,control,0,1,0,9,6,19,10,34,2,8,11,15,0,0
pc-ee7099c8-581,solidaritaet_ueberleben__mit_pc,control,1,0,1,9,-5,16,12,33,7,11,4,4,0,0
pc-693a26a6-582,forschung_muskelkraft__mit_pc,control,0,0,0,16,-1,22,17,67,53,15,17,6,0,0
pc-693a26a6-582,solidaritaet_ueberleben__mit_pc,control,1,1,1,16,1,23,18,61,59,17,10,8,0,0
pc-efecd5e8-583,forschung_muskelkraft__mit_pc,control,0,0,0,10,-1,20,10,38,12,9,7,4,0,0
pc-efecd5e8-583,solidaritaet_ueberleben__mit_pc,control,1,1,1,10,6,15,12,50,5,11,6,11,0,0
pc-769f652b-584,forschung_muskelkraft__mit_pc,control,0,1,0,15,2,22,18,71,38,16,14,10,0,0
pc-769f652b-584,solidaritaet_ueberleben__mit_pc,control,1,0,1,15,0,22,17,61,44,16,13,8,0,0
pc-fd52146d-585,forschung_muskelkraft__mit_pc,control,0,1,0,9,4,18,8,25,11,6,12,10,0,0
pc-fd52146d-585,solidaritaet_ueberleben__mit_pc,control,1,0,1,9,0,14,13,38,1,13,3,6,1,0
pc-4e6fa99c-586,forschung_muskelkraft__mit_pc,control,0,0,0,9,-1,19,11,39,2,9,5,3,0,0
pc-4e6fa99c-586,solidaritaet_ueberleben__mit_pc,control,1,1,1,9,7,13,10,34,4,10,4,11,0,0
pc-d52258de-587,forschung_muskelkraft__mit_pc,control,0,1,0,11,2,19,11,39,16,9,13,11,0,0
pc-d52258de-587,solidaritaet_ueberleben__mit_pc,control,1,0,1,11,-1,16,14,47,11,13,4,8,1,0
pc-5bd4e821-588,forschung_muskelkraft__mit_pc,control,0,1,0,11,3,20,9,33,22,8,14,10,0,0
pc-5bd4e821-588,solidaritaet_ueberleben__mit_pc,control,1,0,1,11,0,17,15,51,10,15,3,7,0,0
pc-e2879763-589,forschung_muskelkraft__mit_pc,control,0,0,0,17,-2,23,16,61,79,14,19,2,0,0
pc-e2879763-589,solidaritaet_ueberleben__mit_pc,control,1,1,1,17,2,23,20,68,68,19,9,6,1,0
pc-33a52c92-590,forschung_muskelkraft__mit_pc,control,0,1,0,9,3,16,11,37,3,9,7,10,0,0
pc-33a52c92-590,solidaritaet_ueberleben__mit_pc,control,1,0,1,9,0,15,12,37,3,11,5,7,0,0
pc-ba57dbd4-591,forschung_muskelkraft__mit_pc,control,0,1,0,13,4,22,14,56,28,12,14,13,0,0
pc-ba57dbd4-591,solidaritaet_ueberleben__mit_pc,control,1,0,1,13,-3,18,16,52,29,15,8,6,0,0
pc-410a6b17-592,forschung_muskelkraft__mit_pc,control,0,1,0,14,7,23,12,44,47,10,13,17,0,0
pc-410a6b17-592,solidaritaet_ueberleben__mit_pc,control,1,0,1,14,-7,21,16,54,39,15,6,3,1,0
pc-c7bd1a59-593,forschung_muskelkraft__mit_pc,control,0,0,0,9,-3,16,10,38,5,9,6,0,0,0
pc-c7bd1a59-593,solidaritaet_ueberleben__mit_pc,control,1,1,1,9,10,13,10,35,3,10,4,13,0,0
pc-18daaf88-594,forschung_muskelkraft__mit_pc,control,0,,0,16,0,23,16,65,59,14,18,7,0,0
pc-18daaf88-594,solidaritaet_ueberleben__mit_pc,control,1,,1,16,0,22,20,68,54,19,10,7,0,0
pc-9f8d5eca-595,forschung_muskelkraft__mit_pc,control,0,1,0,12,6,21,16,64,12,14,9,10,0,0
pc-9f8d5eca-595,solidaritaet_ueberleben__mit_pc,control,1,0,1,12,0,17,14,44,22,13,10,4,2,0
pc-263fee0d-596,forschung_muskelkraft__mit_pc,control,0,1,0,13,4,23,12,45,34,10,16,12,0,0
pc-263fee0d-596,solidaritaet_ueberleben__mit_pc,control,1,0,1,13,-2,19,16,54,26,15,5,6,0,0
pc-acf29d4f-597,forschung_muskelkraft__mit_pc,control,0,1,0,14,1,22,19,73,26,17,16,11,0,0
pc-acf29d4f-597,solidaritaet_ueberleben__mit_pc,control,1,0,1,14,-1,20,18,60,33,17,12,9,0,0
pc-d4643ace-598,forschung_muskelkraft__mit_pc,control,0,1,0,7,6,14,7,26,2,7,6,10,0,0
pc-d4643ace-598,solidaritaet_ueberleben__mit_pc,control,1,0,1,7,0,11,9,26,2,9,2,4,0,0
pc-5b16ca11-599,forschung_muskelkraft__mit_pc,control,0,0,0,10,-1,21,11,44,10,9,9,0,0,0
pc-5b16ca11-599,solidaritaet_ueberleben__mit_pc,control,1,1,1,10,10,14,13,45,7,12,4,11,0,0
pc-620f464a-600,forschung_muskelkraft__mit_pc,control,0,1,1,10,5,18,12,46,4,10,9,11,0,0
pc-620f464a-600,solidaritaet_ueberleben__ohne_pc,control,1,0,0,10,-1,15,12,41,7,12,7,5,0,0
pc-db5cb707-601,forschung_muskelkraft__mit_pc,control,0,0,1,12,-3,23,11,46,25,9,13,7,0,0
pc-db5cb707-601,solidaritaet_ueberleben__ohne_pc,control,1,1,0,12,3,17,15,49,19,15,4,13,0,0
pc-6f7484cf-602,forschung_muskelkraft__mit_pc,control,0,1,1,12,7,21,13,55,15,12,12,12,0,0
pc-6f7484cf-602,solidaritaet_ueberleben__ohne_pc,control,1,0,0,12,-2,18,16,47,25,15,7,3,0,0
pc-e8c1f58c-603,forschung_muskelkraft__mit_pc,control,0,1,1,13,1,23,15,57,21,13,14,14,0,0
pc-e8c1f58c-603,solidaritaet_ueberleben__ohne_pc,control,1,0,0,13,-4,17,16,56,27,15,8,9,0,0
pc-7cd9c354-604,forschung_muskelkraft__mit_pc,control,0,1,1,9,6,15,11,36,4,9,4,10,0,0
pc-7cd9c354-604,solidaritaet_ueberleben__ohne_pc,control,1,0,0,9,0,14,9,22,14,8,5,4,0,0
pc-f6273411-605,forschung_muskelkraft__mit_pc,control,0,1,1,12,1,21,14,54,12,12,16,12,0,0
pc-f6273411-605,solidaritaet_ueberleben__ohne_pc,control,1,0,0,12,-2,18,16,50,18,15,7,9,0,0
pc-8a3f01d9-606,forschung_muskelkraft__mit_pc,control,0,1,1,6,6,13,6,19,1,5,4,11,0,0
pc-8a3f01d9-606,solidaritaet_ueberleben__ohne_pc,control,1,0,0,6,-1,10,6,20,1,6,0,4,0,0
pc-038c7297-607,forschung_muskelkraft__mit_pc,control,0,1,1,13,5,21,11,41,42,9,13,12,0,0
pc-038c7297-607,solidaritaet_ueberleben__ohne_pc,control,1,0,0,13,-2,16,16,50,31,15,4,5,0,0
pc-97a4405e-608,forschung_muskelkraft__mit_pc,control,0,0,1,10,-1,19,8,30,15,6,10,5,0,0
pc-97a4405e-608,solidaritaet_ueberleben__ohne_pc,control,1,1,0,10,5,16,14,47,1,13,3,11,0,0
pc-10f1b11c-609,forschung_muskelkraft__mit_pc,control,0,1,1,11,1,17,13,50,14,11,15,14,0,0
pc-10f1b11c-609,solidaritaet_ueberleben__ohne_pc,control,1,0,0,11,-4,17,15,47,13,15,7,9,0,0
pc-a5099ee3-610,forschung_muskelkraft__mit_pc,control,0,1,1,15,4,21,12,50,55,10,15,9,0,0
pc-a5099ee3-610,solidaritaet_ueberleben__ohne_pc,control,1,0,0,15,0,21,16,53,58,15,6,5,0,0
pc-1e56efa1-611,forschung_muskelkraft__mit_pc,control,0,1,1,8,4,17,8,31,3,7,7,12,0,0
pc-1e56efa1-611,solidaritaet_ueberleben__ohne_pc,control,1,0,0,8,-2,13,11,34,2,10,2,6,0,0
pc-b26edd68-612,forschung_muskelkraft__mit_pc,control,0,1,1,13,5,24,12,45,33,10,15,10,0,0
pc-b26edd68-612,solidaritaet_ueberleben__ohne_pc,control,1,0,0,13,0,18,16,44,39,15,7,5,2,0
pc-2bbc2e26-613,forschung_muskelkraft__mit_pc,control,0,0,1,6,0,15,6,20,1,5,4,3,0,0
pc-2bbc2e26-613,solidaritaet_ueberleben__ohne_pc,control,1,1,0,6,7,10,7,21,0,7,3,10,0,0
pc-bfd41bed-614,forschung_muskelkraft__mit_pc,control,0,0,1,8,-1,13,9,30,2,7,4,3,0,0
pc-bfd41bed-614,solidaritaet_ueberleben__ohne_pc,control,1,1,0,8,7,14,10,32,2,9,2,11,0,0
pc-39216cab-615,forschung_muskelkraft__mit_pc,control,0,0,1,10,-4,21,10,33,16,8,10,7,0,0
pc-39216cab-615,solidaritaet_ueberleben__ohne_pc,control,1,1,0,10,3,16,13,45,6,12,3,14,0,0
pc-f6e55221-616,forschung_muskelkraft__mit_pc,control,0,1,1,12,2,22,11,41,30,9,14,12,0,0
pc-f6e55221-616,solidaritaet_ueberleben__ohne_pc,control,1,0,0,12,-2,17,15,48,22,14,5,8,0,0
pc-7032a2df-617,forschung_muskelkraft__mit_pc,control,0,1,1,9,6,18,8,29,7,6,8,12,0,0
pc-7032a2df-617,solidaritaet_ueberleben__ohne_pc,control,1,0,0,9,-2,14,12,35,5,11,1,4,0,0
pc-044a90a7-618,forschung_muskelkraft__mit_pc,control,0,1,1,14,6,23,15,59,32,13,15,11,0,0
pc-044a90a7-618,solidaritaet_ueberleben__ohne_pc,control,1,0,0,14,-1,20,18,56,38,17,9,4,0,0
pc-7d97e164-619,forschung_muskelkraft__mit_pc,control,0,1,1,16,3,22,16,61,59,14,19,7,0,0
pc-7d97e164-619,solidaritaet_ueberleben__ohne_pc,control,1,0,0,16,0,23,20,64,62,19,10,4,0,0
pc-11afcf2c-620,forschung_muskelkraft__mit_pc,control,0,1,1,10,3,17,13,47,6,11,7,10,0,0
pc-11afcf2c-620,solidaritaet_ueberleben__ohne_pc,control,1,0,0,10,0,13,13,47,3,12,6,7,0,0
pc-8afd3fe9-621,forschung_muskelkraft__mit_pc,control,0,1,1,12,2,22,14,56,15,12,15,11,0,0
pc-8afd3fe9-621,solidaritaet_ueberleben__ohne_pc,control,1,0,0,12,-1,18,16,48,24,16,7,8,0,0
pc-1f150db1-622,forschung_muskelkraft__mit_pc,control,0,0,1,10,-2,16,10,36,19,8,8,8,0,0
pc-1f150db1-622,solidaritaet_ueberleben__ohne_pc,control,1,1,0,10,2,14,13,41,6,13,3,12,1,0
pc-98627e6e-623,forschung_muskelkraft__mit_pc,control,0,1,1,13,6,22,16,61,21,14,17,12,0,0
pc-98627e6e-623,solidaritaet_ueberleben__ohne_pc,control,1,0,0,13,-2,20,17,55,27,16,9,4,0,0
pc-2c7a4c36-624,forschung_muskelkraft__mit_pc,control,0,0,1,10,-6,19,11,41,14,9,7,5,0,0
pc-2c7a4c36-624,solidaritaet_ueberleben__ohne_pc,control,1,1,0,10,5,14,12,41,9,12,5,16,0,0
pc-a5c7bcf3-625,forschung_muskelkraft__mit_pc,control,0,1,1,10,2,17,10,38,13,9,11,12,0,0
pc-a5c7bcf3-625,solidaritaet_ueberleben__ohne_pc,control,1,0,0,10,-2,17,14,41,9,13,4,8,0,0
pc-39df8abb-626,forschung_muskelkraft__mit_pc,control,0,1,1,8,5,15,8,27,1,7,8,12,0,0
pc-39df8abb-626,solidaritaet_ueberleben__ohne_pc,control,1,0,0,8,-2,13,11,31,0,11,2,5,0,0
pc-b32cfb78-627,forschung_muskelkraft__mit_pc,control,0,1,1,10,6,19,9,33,12,7,13,10,0,0
pc-b32cfb78-627,solidaritaet_ueberleben__ohne_pc,control,1,0,0,10,0,15,13,41,8,12,2,4,1,0
pc-4744c940-628,forschung_muskelkraft__mit_pc,control,0,1,1,5,6,10,5,14,1,4,2,10,0,0
pc-4744c940-628,solidaritaet_ueberleben__ohne_pc,control,1,0,0,5,0,10,5,12,2,4,0,4,0,0
pc-c09239fd-629,forschung_muskelkraft__mit_pc,control,0,1,1,15,4,22,16,63,42,14,17,10,0,0
pc-c09239fd-629,solidaritaet_ueberleben__ohne_pc,control,1,0,0,15,0,22,19,61,46,18,9,6,2,0
pc-54aa07c5-630,forschung_muskelkraft__mit_pc,control,0,1,1,8,10,20,9,27,2,7,4,14,0,0
pc-54aa07c5-630,solidaritaet_ueberleben__ohne_pc,control,1,0,0,8,-4,13,8,31,5,7,2,0,0,0
pc-cdf77882-631,forschung_muskelkraft__mit_pc,control,0,0,1,8,-1,18,8,26,7,6,5,5,0,0
pc-cdf77882-631,solidaritaet_ueberleben__ohne_pc,control,1,1,0,8,5,11,9,31,1,9,1,11,0,0
pc-38634e9b-632,forschung_muskelkraft__mit_pc,control,0,1,1,7,9,16,8,26,2,7,2,11,0,0
pc-38634e9b-632,solidaritaet_ueberleben__ohne_pc,control,1,0,0,7,-1,13,7,24,4,6,4,1,0,0
pc-b1b0bf58-633,forschung_muskelkraft__mit_pc,control,0,1,1,10,5,20,11,39,6,9,11,10,0,0
pc-b1b0bf58-633,solidaritaet_ueberleben__ohne_pc,control,1,0,0,10,0,13,13,38,8,12,4,5,0,0
pc-45c88d20-634,forschung_muskelkraft__mit_pc,control,0,1,1,10,4,20,9,35,10,7,16,11,0,0
pc-45c88d20-634,solidaritaet_ueberleben__ohne_pc,control,1,0,0,10,-1,15,14,40,7,14,3,6,0,0
pc-bf15fddd-635,forschung_muskelkraft__mit_pc,control,0,0,1,16,-1,23,20,75,45,18,16,8,0,0
pc-bf15fddd-635,solidaritaet_ueberleben__ohne_pc,control,1,1,0,16,1,22,20,64,59,19,15,10,0,0
pc-532dcba5-636,forschung_muskelkraft__mit_pc,control,0,0,1,10,0,21,9,31,19,7,9,6,0,0
pc-532dcba5-636,solidaritaet_ueberleben__ohne_pc,control,1,1,0,10,4,16,13,44,5,13,2,10,0,0
pc-cc7b3c62-637,forschung_muskelkraft__mit_pc,control,0,0,1,10,-1,20,14,51,4,12,11,6,0,0
pc-cc7b3c62-637,solidaritaet_ueberleben__ohne_pc,control,1,1,0,10,4,15,13,40,12,12,7,11,0,0
pc-60930a2a-638,forschung_muskelkraft__mit_pc,control,0,0,1,8,-4,13,10,33,3,8,6,7,0,0
pc-60930a2a-638,solidaritaet_ueberleben__ohne_pc,control,1,1,0,8,3,13,9,31,5,9,3,14,0,0
pc-d9e07ae7-639,forschung_muskelkraft__mit_pc,control,0,1,1,6,7,12,5,19,2,5,4,10,0,0
pc-d9e07ae7-639,solidaritaet_ueberleben__ohne_pc,control,1,0,0,6,0,10,7,19,2,7,1,3,0,0
pc-6df848af-640,forschung_muskelkraft__mit_pc,control,0,1,1,8,4,18,8,26,2,7,7,12,0,0
pc-6df848af-640,solidaritaet_ueberleben__ohne_pc,control,1,0,0,8,-2,12,10,33,1,10,3,6,0,0
pc-e745b96c-641,forschung_muskelkraft__mit_pc,control,0,1,1,8,2,16,8,30,6,6,6,12,0,0
pc-e745b96c-641,solidaritaet_ueberleben__ohne_pc,control,1,0,0,8,-2,14,8,27,9,8,1,8,0,0
pc-7b5d8734-642,forschung_muskelkraft__mit_pc,control,0,1,1,10,2,21,8,33,17,8,7,12,0,0
pc-7b5d8734-642,solidaritaet_ueberleben__ohne_pc,control,1,0,0,10,-2,13,11,33,12,10,5,8,0,0
pc-f4aaf7f1-643,forschung_muskelkraft__mit_pc,control,0,1,1,10,6,21,9,31,14,7,12,12,0,0
pc-f4aaf7f1-643,solidaritaet_ueberleben__ohne_pc,control,1,0,0,10,-2,14,14,44,5,13,2,4,0,0
pc-88c2c5b9-644,forschung_muskelkraft__mit_pc,control,0,1,1,8,4,16,8,26,2,6,8,11,0,0
pc-88c2c5b9-644,solidaritaet_ueberleben__ohne_pc,control,1,0,0,8,-1,12,11,31,1,11,1,6,0,0
pc-02103677-645,forschung_muskelkraft__mit_pc,control,0,1,1,15,9,22,15,59,52,13,17,9,0,0
pc-02103677-645,solidaritaet_ueberleben__ohne_pc,control,1,0,0,15,0,19,19,60,51,18,10,0,0,0
pc-9628043e-646,forschung_muskelkraft__mit_pc,control,0,0,1,5,0,11,4,13,2,4,1,0,0,0
pc-9628043e-646,solidaritaet_ueberleben__ohne_pc,control,1,1,0,5,10,9,5,15,0,5,2,10,0,0
pc-0f7574fc-647,forschung_muskelkraft__mit_pc,control,0,1,1,13,7,23,18,71,13,16,12,10,0,0
pc-0f7574fc-647,solidaritaet_ueberleben__ohne_pc,control,1,0,0,13,0,19,16,53,28,15,11,3,0,0
pc-cd395a72-648,forschung_muskelkraft__mit_pc,control,0,0,1,7,0,15,6,23,4,5,2,4,0,0
pc-cd395a72-648,solidaritaet_ueberleben__ohne_pc,control,1,1,0,7,6,12,7,19,2,7,2,10,0,0
pc-4686ab30-649,forschung_muskelkraft__mit_pc,control,0,1,1,16,5,21,12,44,76,10,13,12,0,0
pc-4686ab30-649,solidaritaet_ueberleben__ohne_pc,control,1,0,0,16,-3,22,18,61,62,17,5,4,0,0
pc-4ca2151c-650,forschung_muskelkraft__mit_pc,control,0,1,0,14,1,21,15,59,36,13,16,16,0,0
pc-4ca2151c-650,solidaritaet_ueberleben__ohne_pc,control,1,0,1,14,-6,19,18,56,40,17,9,9,0,0
pc-c5ef65d9-651,forschung_muskelkraft__mit_pc,control,0,0,0,7,0,12,6,14,7,5,6,7,0,0
pc-c5ef65d9-651,solidaritaet_ueberleben__ohne_pc,control,1,1,1,7,3,13,8,28,0,8,0,10,0,0
pc-3f3cd697-652,forschung_muskelkraft__mit_pc,control,0,0,0,9,-1,17,9,35,6,7,10,0,0,0
pc-3f3cd697-652,solidaritaet_ueberleben__ohne_pc,control,1,1,1,9,10,14,13,37,7,13,2,11,1,0
pc-b88a2754-653,forschung_muskelkraft__mit_pc,control,0,1,0,10,4,18,7,32,18,6,13,11,0,0
pc-b88a2754-653,solidaritaet_ueberleben__ohne_pc,control,1,0,1,10,-1,14,13,39,10,13,1,6,0,0
pc-31d79812-654,forschung_muskelkraft__mit_pc,control,0,1,0,8,4,16,7,21,7,5,7,11,0,0
pc-31d79812-654,solidaritaet_ueberleben__ohne_pc,control,1,0,1,8,-1,12,11,29,3,10,0,6,0,0
pc-ab24e8cf-655,forschung_muskelkraft__mit_pc,control,0,0,0,9,-1,14,8,31,10,6,5,0,0,0
pc-ab24e8cf-655,solidaritaet_ueberleben__ohne_pc,control,1,1,1,9,10,13,11,38,6,10,1,11,0,0
pc-2472598d-656,forschung_muskelkraft__mit_pc,control,0,1,0,9,5,18,8,26,10,7,11,14,0,0
pc-2472598d-656,solidaritaet_ueberleben__ohne_pc,control,1,0,1,9,-4,15,13,38,4,12,2,5,0,0
pc-9dbfaa4a-657,forschung_muskelkraft__mit_pc,control,0,1,0,8,8,14,9,32,1,7,6,10,0,0
pc-9dbfaa4a-657,solidaritaet_ueberleben__ohne_pc,control,1,0,1,8,0,14,9,34,1,9,2,2,0,0
pc-170d1b08-658,forschung_muskelkraft__mit_pc,control,0,1,0,7,2,16,7,25,2,6,5,10,0,0
pc-170d1b08-658,solidaritaet_ueberleben__ohne_pc,control,1,0,1,7,0,12,9,26,2,8,2,8,0,0
pc-905a6bc5-659,forschung_muskelkraft__mit_pc,control,0,1,0,14,2,22,13,50,41,11,14,13,0,0
pc-905a6bc5-659,solidaritaet_ueberleben__ohne_pc,control,1,0,1,14,-3,19,17,55,38,16,6,8,0,0
pc-09a7dc83-660,forschung_muskelkraft__mit_pc,control,0,1,0,12,3,22,15,61,17,13,17,11,0,0
pc-09a7dc83-660,solidaritaet_ueberleben__ohne_pc,control,1,0,1,12,-1,17,16,55,13,15,8,7,0,0
pc-82f52d40-661,forschung_muskelkraft__mit_pc,control,0,0,0,8,-1,13,7,25,8,6,7,7,0,0
pc-82f52d40-661,solidaritaet_ueberleben__ohne_pc,control,1,1,1,8,3,13,9,32,1,9,1,11,0,0
pc-fc429dfd-662,forschung_muskelkraft__mit_pc,control,0,0,0,8,0,19,9,31,3,7,4,9,0,0
pc-fc429dfd-662,solidaritaet_ueberleben__ohne_pc,control,1,1,1,8,1,12,8,25,7,8,2,10,0,0
pc-758feebb-663,forschung_muskelkraft__mit_pc,control,0,1,0,11,7,21,11,38,17,9,14,10,0,0
pc-758feebb-663,solidaritaet_ueberleben__ohne_pc,control,1,0,1,11,0,15,14,45,13,13,4,3,0,0
pc-eedd5f78-664,forschung_muskelkraft__mit_pc,control,0,1,0,11,8,22,13,53,12,11,12,14,0,0
pc-eedd5f78-664,solidaritaet_ueberleben__ohne_pc,control,1,0,1,11,-4,17,14,43,13,14,8,2,0,0
pc-682ab036-665,forschung_muskelkraft__mit_pc,control,0,1,0,16,1,22,12,50,71,10,17,17,0,0
pc-682ab036-665,solidaritaet_ueberleben__ohne_pc,control,1,0,1,16,-8,22,20,64,58,19,5,8,0,0
pc-b7cc0944-666,forschung_muskelkraft__mit_pc,control,0,1,0,11,8,21,12,45,15,10,14,10,0,0
pc-b7cc0944-666,solidaritaet_ueberleben__ohne_pc,control,1,0,1,11,0,17,15,44,15,15,5,2,3,0
pc-31197a02-667,forschung_muskelkraft__mit_pc,control,0,0,0,8,0,15,8,24,4,6,7,8,0,0
pc-31197a02-667,solidaritaet_ueberleben__ohne_pc,control,1,1,1,8,2,12,10,35,0,10,2,10,0,0
pc-aa66cabf-668,forschung_muskelkraft__mit_pc,control,0,1,0,9,5,14,8,32,10,6,7,11,0,0
pc-aa66cabf-668,solidaritaet_ueberleben__ohne_pc,control,1,0,1,9,-1,14,11,36,9,10,1,5,0,0
pc-23b43b7d-669,forschung_muskelkraft__mit_pc,control,0,1,0,10,4,17,9,31,14,7,15,12,0,0
pc-23b43b7d-669,solidaritaet_ueberleben__ohne_pc,control,1,0,1,10,-2,15,14,43,6,14,2,6,0,0
pc-9d018c3a-670,forschung_muskelkraft__mit_pc,control,0,0,0,13,-4,22,17,63,23,15,14,5,0,0
pc-9d018c3a-670,solidaritaet_ueberleben__ohne_pc,control,1,1,1,13,5,20,17,54,25,16,10,14,0,0
pc-164efcf8-671,forschung_muskelkraft__mit_pc,control,0,1,0,12,3,22,12,48,23,10,15,12,0,0
pc-164efcf8-671,solidaritaet_ueberleben__ohne_pc,control,1,0,1,12,-2,18,16,49,18,15,5,7,0,0
pc-8f9c4db5-672,forschung_muskelkraft__mit_pc,control,0,1,0,8,6,15,8,29,4,7,6,12,0,0
pc-8f9c4db5-672,solidaritaet_ueberleben__ohne_pc,control,1,0,1,8,-2,12,8,28,6,8,3,4,0,0
pc-08e9be73-673,forschung_muskelkraft__mit_pc,control,0,1,0,9,10,16,7,25,11,6,11,10,0,0
pc-08e9be73-673,solidaritaet_ueberleben__ohne_pc,control,1,0,1,9,0,15,12,40,3,11,1,0,0,0
pc-82370f30-674,forschung_muskelkraft__mit_pc,control,0,0,0,8,-1,15,10,33,2,8,5,4,0,0
pc-82370f30-674,solidaritaet_ueberleben__ohne_pc,control,1,1,1,8,6,14,8,31,3,8,4,11,0,0
pc-fb847fed-675,forschung_muskelkraft__mit_pc,control,0,1,0,9,9,20,11,38,5,9,8,12,0,0
pc-fb847fed-675,solidaritaet_ueberleben__ohne_pc,control,1,0,1,9,-2,14,11,39,5,10,4,1,0,0
pc-74d1d0ab-676,forschung_muskelkraft__mit_pc,control,0,1,0,15,3,22,13,53,52,11,17,9,0,0
pc-74d1d0ab-676,solidaritaet_ueberleben__ohne_pc,control,1,0,1,15,0,20,19,61,46,18,8,6,0,0
pc-ee1f2168-677,forschung_muskelkraft__mit_pc,control,0,1,0,15,3,23,13,53,57,11,17,9,0,0
pc-ee1f2168-677,solidaritaet_ueberleben__ohne_pc,control,1,0,1,15,0,20,19,62,48,18,7,6,1,0
pc-676c9226-678,forschung_muskelkraft__mit_pc,control,0,1,0,11,7,19,7,29,26,6,13,10,0,0
pc-676c9226-678,solidaritaet_ueberleben__ohne_pc,control,1,0,1,11,0,17,15,52,12,14,1,3,0,0
pc-e0b9e2e3-679,forschung_muskelkraft__mit_pc,control,0,1,0,10,6,21,10,40,5,9,6,13,0,0
pc-e0b9e2e3-679,solidaritaet_ueberleben__ohne_pc,control,1,0,1,10,-3,15,9,27,20,9,5,4,0,0
pc-5a0753a1-680,forschung_muskelkraft__mit_pc,control,0,1,0,8,8,19,8,30,3,7,4,11,0,0
pc-5a0753a1-680,solidaritaet_ueberleben__ohne_pc,control,1,0,1,8,-1,11,9,33,3,8,2,2,0,0
pc-d354a45e-681,forschung_muskelkraft__mit_pc,control,0,1,0,10,3,16,13,45,8,11,12,11,0,0
pc-d354a45e-681,solidaritaet_ueberleben__ohne_pc,control,1,0,1,10,-1,15,13,39,12,13,7,7,0,0
pc-22f61d6d-682,forschung_muskelkraft__mit_pc,control,0,1,0,11,5,20,11,44,17,9,15,19,0,0
pc-22f61d6d-682,solidaritaet_ueberleben__ohne_pc,control,1,0,1,11,-9,16,15,44,17,14,4,5,0,0
pc-9c436e2a-683,forschung_muskelkraft__mit_pc,control,0,0,0,13,-3,22,11,42,42,9,15,4,0,0
pc-9c436e2a-683,solidaritaet_ueberleben__ohne_pc,control,1,1,1,13,6,18,17,58,25,16,4,13,1,0
pc-1590dee8-684,forschung_muskelkraft__mit_pc,control,0,1,0,12,2,18,16,58,12,14,12,11,0,0
pc-1590dee8-684,solidaritaet_ueberleben__ohne_pc,control,1,0,1,12,-1,16,15,41,27,14,10,8,0,0
pc-8ede2fa5-685,forschung_muskelkraft__mit_pc,control,0,1,0,15,7,22,12,48,57,10,15,10,0,0
pc-8ede2fa5-685,solidaritaet_ueberleben__ohne_pc,control,1,0,1,15,0,21,19,59,50,18,5,3,0,0
pc-082b8063-686,forschung_muskelkraft__mit_pc,control,0,1,0,7,4,13,8,26,2,6,5,13,0,0
pc-082b8063-686,solidaritaet_ueberleben__ohne_pc,control,1,0,1,7,-3,12,8,27,1,8,3,6,0,0
pc-8178f120-687,forschung_muskelkraft__mit_pc,control,0,1,0,13,7,22,13,54,24,11,17,14,0,0
pc-8178f120-687,solidaritaet_ueberleben__ohne_pc,control,1,0,1,13,-4,20,17,53,28,16,6,3,1,0
pc-fac641dd-688,forschung_muskelkraft__mit_pc,control,0,0,0,9,-3,19,9,35,7,7,5,6,0,0
pc-fac641dd-688,solidaritaet_ueberleben__ohne_pc,control,1,1,1,9,4,12,9,27,9,8,3,13,0,0
pc-7413b29b-689,forschung_muskelkraft__mit_pc,control,0,1,0,11,6,19,9,37,18,8,14,10,0,0
pc-7413b29b-689,solidaritaet_ueberleben__ohne_pc,control,1,0,1,11,0,17,15,44,15,14,3,4,0,0
pc-ed610358-690,forschung_muskelkraft__mit_pc,control,0,0,0,12,-1,18,12,44,27,10,10,7,0,0
pc-ed610358-690,solidaritaet_ueberleben__ohne_pc,control,1,1,1,12,3,18,15,46,22,14,5,11,0,0
pc-66ae7416-691,forschung_muskelkraft__mit_pc,control,0,0,0,6,0,12,3,15,6,3,0,0,0,0
pc-66ae7416-691,solidaritaet_ueberleben__ohne_pc,control,1,1,1,6,10,10,5,18,2,5,1,10,0,0
pc-dffbc4d3-692,forschung_muskelkraft__mit_pc,control,0,0,0,13,0,21,15,57,21,13,14,8,0,0
pc-dffbc4d3-692,solidaritaet_ueberleben__ohne_pc,control,1,1,1,13,2,19,16,51,29,15,8,10,2,0
pc-59493591-693,forschung_muskelkraft__mit_pc,control,0,1,0,10,8,17,13,51,2,12,7,10,0,0
pc-59493591-693,solidaritaet_ueberleben__ohne_pc,control,1,0,1,10,0,15,13,46,6,12,8,2,0,0
pc-d296864e-694,forschung_muskelkraft__mit_pc,control,0,1,0,11,7,18,12,46,9,11,13,11,0,0
pc-d296864e-694,solidaritaet_ueberleben__ohne_pc,control,1,0,1,11,-1,15,14,42,15,13,6,3,1,0
pc-4be3f70c-695,forschung_muskelkraft__mit_pc,control,0,1,0,10,5,19,11,38,13,9,12,13,0,0
pc-4be3f70c-695,solidaritaet_ueberleben__ohne_pc,control,1,0,1,10,-3,17,14,46,2,13,4,5,0,0
pc-c53147c9-696,forschung_muskelkraft__mit_pc,control,0,0,0,8,-1,15,8,30,3,7,7,8,0,0
pc-c53147c9-696,solidaritaet_ueberleben__ohne_pc,control,1,1,1,8,2,13,11,34,0,10,2,11,0,0
pc-3e7eb887-697,forschung_muskelkraft__mit_pc,control,0,1,0,12,8,21,11,46,20,9,9,12,0,0
pc-3e7eb887-697,solidaritaet_ueberleben__ohne_pc,control,1,0,1,12,-2,17,12,43,27,12,5,2,0,0
pc-8e201195-698,forschung_muskelkraft__mit_pc,control,0,1,0,12,4,20,12,47,19,10,11,11,0,0
pc-8e201195-698,solidaritaet_ueberleben__ohne_pc,control,1,0,1,12,-1,18,15,44,25,14,6,6,0,0
pc-076d6253-699,forschung_muskelkraft__mit_pc,control,0,1,0,12,6,20,13,52,19,11,12,14,0,0
pc-076d6253-699,solidaritaet_ueberleben__ohne_pc,control,1,0,1,12,-4,17,15,51,16,14,6,4,0,0
pc-373b0fe3-700,forschung_muskelkraft__ohne_pc,control,0,0,1,8,0,14,9,29,3,7,3,6,0,0
pc-373b0fe3-700,solidaritaet_ueberleben__mit_pc,control,1,1,0,8,4,12,8,27,1,8,3,10,0,0
pc-b08860a0-701,forschung_muskelkraft__ohne_pc,control,0,0,1,9,0,16,10,35,5,8,7,4,0,0
pc-b08860a0-701,solidaritaet_ueberleben__mit_pc,control,1,1,0,9,6,13,11,36,2,10,4,10,0,0
pc-29d5d15e-702,forschung_muskelkraft__ohne_pc,control,0,0,1,12,0,21,14,49,17,12,13,6,0,0
pc-29d5d15e-702,solidaritaet_ueberleben__mit_pc,control,1,1,0,12,4,17,16,53,21,15,8,10,0,0
pc-a323221b-703,forschung_muskelkraft__ohne_pc,control,0,0,1,9,-4,19,11,38,5,9,9,4,0,0
pc-a323221b-703,solidaritaet_ueberleben__mit_pc,control,1,1,0,9,6,15,12,41,3,11,5,14,0,0
pc-1c7092d9-704,forschung_muskelkraft__ohne_pc,control,0,0,1,9,0,17,11,40,3,10,5,6,0,0
pc-1c7092d9-704,solidaritaet_ueberleben__mit_pc,control,1,1,0,9,4,14,9,37,3,9,5,10,0,0
pc-95bde396-705,forschung_muskelkraft__ohne_pc,control,0,1,1,8,4,16,11,34,1,9,6,10,0,0
pc-95bde396-705,solidaritaet_ueberleben__mit_pc,control,1,0,0,8,0,11,10,31,2,10,5,6,0,0
pc-0f0b5454-706,forschung_muskelkraft__ohne_pc,control,0,1,1,13,3,22,15,59,28,13,11,12,0,0
pc-0f0b5454-706,solidaritaet_ueberleben__mit_pc,control,1,0,0,13,-2,17,16,52,32,15,8,7,0,0
pc-8858a511-707,forschung_muskelkraft__ohne_pc,control,0,1,1,9,4,15,10,34,3,8,11,10,0,0
pc-8858a511-707,solidaritaet_ueberleben__mit_pc,control,1,0,0,9,0,13,12,36,6,11,4,6,0,0
pc-6cd009f7-708,forschung_muskelkraft__ohne_pc,control,0,0,1,8,-2,18,9,31,3,7,4,4,0,0
pc-6cd009f7-708,solidaritaet_ueberleben__mit_pc,control,1,1,0,8,6,13,9,34,2,8,2,12,0,0
pc-e61d7ab4-709,forschung_muskelkraft__ohne_pc,control,0,1,1,16,5,21,17,65,57,15,17,9,0,0
pc-e61d7ab4-709,solidaritaet_ueberleben__mit_pc,control,1,0,0,16,0,20,20,68,55,19,11,4,0,0
pc-5f6acb72-710,forschung_muskelkraft__ohne_pc,control,0,1,1,13,2,22,17,65,13,15,11,11,0,0
pc-5f6acb72-710,solidaritaet_ueberleben__mit_pc,control,1,0,0,13,-1,18,16,54,30,15,10,8,0,0
pc-d8b83c2f-711,forschung_muskelkraft__ohne_pc,control,0,1,1,6,6,13,6,19,1,5,5,11,0,0
pc-d8b83c2f-711,solidaritaet_ueberleben__mit_pc,control,1,0,0,6,-1,12,7,19,2,7,0,4,0,0
pc-52058ced-712,forschung_muskelkraft__ohne_pc,control,0,1,1,9,6,19,11,38,4,9,8,10,0,0
pc-52058ced-712,solidaritaet_ueberleben__mit_pc,control,1,0,0,9,0,13,12,37,3,11,4,4,0,0
pc-cb52fdaa-713,forschung_muskelkraft__ohne_pc,control,0,1,1,10,1,16,15,46,4,13,7,14,0,0
pc-cb52fdaa-713,solidaritaet_ueberleben__mit_pc,control,1,0,0,10,-4,15,10,38,16,9,9,9,0,0
pc-44a04e68-714,forschung_muskelkraft__ohne_pc,control,0,0,1,13,-2,22,19,67,11,17,11,7,0,0
pc-44a04e68-714,solidaritaet_ueberleben__mit_pc,control,1,1,0,13,3,19,13,49,29,13,12,12,0,0
pc-bdedbf25-715,forschung_muskelkraft__ohne_pc,control,0,0,1,9,0,19,12,42,3,10,6,5,0,0
pc-bdedbf25-715,solidaritaet_ueberleben__mit_pc,control,1,1,0,9,5,14,10,39,6,9,6,10,0,0
pc-cc111bba-716,forschung_muskelkraft__ohne_pc,control,0,0,1,8,-3,15,8,27,7,6,9,7,0,0
pc-cc111bba-716,solidaritaet_ueberleben__mit_pc,control,1,1,0,8,3,12,12,33,2,12,1,13,0,0
pc-455e6c78-717,forschung_muskelkraft__ohne_pc,control,0,1,1,6,7,14,7,20,1,5,7,12,0,0
pc-455e6c78-717,solidaritaet_ueberleben__mit_pc,control,1,0,0,6,-2,10,9,20,1,9,0,3,0,0
pc-beabdd35-718,forschung_muskelkraft__ohne_pc,control,0,,1,16,0,23,20,71,55,18,19,7,0,0
pc-beabdd35-718,solidaritaet_ueberleben__mit_pc,control,1,,0,16,0,21,20,68,56,19,15,7,0,0
pc-37f92df3-719,forschung_muskelkraft__ohne_pc,control,0,1,1,11,4,19,11,39,21,9,12,10,0,0
pc-37f92df3-719,solidaritaet_ueberleben__mit_pc,control,1,0,0,11,0,17,14,46,11,13,5,6,0,0
pc-b1469eb0-720,forschung_muskelkraft__ohne_pc,control,0,1,1,9,4,20,8,25,11,6,10,11,0,0
pc-b1469eb0-720,solidaritaet_ueberleben__mit_pc,control,1,0,0,9,-1,12,12,35,10,11,1,6,0,0
pc-2a93ef6e-721,forschung_muskelkraft__ohne_pc,control,0,1,1,9,4,17,11,39,2,9,11,10,0,0
pc-2a93ef6e-721,solidaritaet_ueberleben__mit_pc,control,1,0,0,9,0,13,12,31,7,12,4,6,0,0
pc-a3e1402b-722,forschung_muskelkraft__ohne_pc,control,0,1,1,10,6,19,8,30,15,7,12,11,0,0
pc-a3e1402b-722,solidaritaet_ueberleben__mit_pc,control,1,0,0,10,-1,17,14,40,9,13,3,4,0,0
pc-1d2eb0e9-723,forschung_muskelkraft__ohne_pc,control,0,0,1,8,-5,16,7,27,9,7,7,7,0,0
pc-1d2eb0e9-723,solidaritaet_ueberleben__mit_pc,control,1,1,0,8,3,12,10,31,2,10,2,15,0,0
pc-01a615cf-724,forschung_muskelkraft__ohne_pc,control,0,1,1,14,1,22,16,63,32,14,13,12,0,0
pc-01a615cf-724,solidaritaet_ueberleben__mit_pc,control,1,0,0,14,-2,19,17,57,37,16,10,9,0,0
pc-7af3668c-725,forschung_muskelkraft__ohne_pc,control,0,0,1,5,-1,12,5,14,1,4,1,8,0,0
pc-7af3668c-725,solidaritaet_ueberleben__mit_pc,control,1,1,0,5,2,10,5,14,1,5,1,11,0,0
pc-f440d749-726,forschung_muskelkraft__ohne_pc,control,0,0,1,8,0,19,9,30,4,7,6,2,0,0
pc-f440d749-726,solidaritaet_ueberleben__mit_pc,control,1,1,0,8,8,15,9,34,2,9,2,10,0,0
pc-6d8e2807-727,forschung_muskelkraft__ohne_pc,control,0,1,1,9,10,19,9,27,10,7,6,11,0,0
pc-6d8e2807-727,solidaritaet_ueberleben__mit_pc,control,1,0,0,9,-1,15,9,40,5,9,2,0,0,0
pc-e6db98c4-728,forschung_muskelkraft__ohne_pc,control,0,0,1,11,0,21,14,55,8,12,10,7,0,0
pc-e6db98c4-728,solidaritaet_ueberleben__mit_pc,control,1,1,0,11,3,16,14,48,13,13,7,10,0,0
pc-6028e982-729,forschung_muskelkraft__ohne_pc,control,0,0,1,16,-1,22,19,69,53,17,13,5,0,0
pc-6028e982-729,solidaritaet_ueberleben__mit_pc,control,1,1,0,16,2,23,16,61,65,15,14,8,0,0
pc-d9765a3f-730,forschung_muskelkraft__ohne_pc,control,0,0,1,15,-1,23,11,45,60,9,17,9,0,0
pc-d9765a3f-730,solidaritaet_ueberleben__mit_pc,control,1,1,0,15,1,21,19,66,43,18,5,11,0,0
pc-52c3aafd-731,forschung_muskelkraft__ohne_pc,control,0,1,1,12,1,22,18,67,7,16,11,12,0,0
pc-52c3aafd-731,solidaritaet_ueberleben__mit_pc,control,1,0,0,12,-2,18,14,49,24,13,12,9,0,0
pc-60e70792-732,forschung_muskelkraft__ohne_pc,control,0,0,1,8,0,14,9,32,3,8,6,7,0,0
pc-60e70792-732,solidaritaet_ueberleben__mit_pc,control,1,1,0,8,3,12,9,32,3,8,4,10,0,0
pc-da34784f-733,forschung_muskelkraft__ohne_pc,control,0,,1,17,-2,22,19,69,71,17,17,6,0,0
pc-da34784f-733,solidaritaet_ueberleben__mit_pc,control,1,,0,17,-2,20,20,68,68,19,15,6,2,0
pc-5381c90d-734,forschung_muskelkraft__ohne_pc,control,0,0,1,8,-4,16,10,31,2,8,2,4,0,0
pc-5381c90d-734,solidaritaet_ueberleben__mit_pc,control,1,1,0,8,6,13,8,30,3,7,3,14,1,0
pc-cccf39ca-735,forschung_muskelkraft__ohne_pc,control,0,1,1,12,6,22,10,40,26,8,11,12,0,0
pc-cccf39ca-735,solidaritaet_ueberleben__mit_pc,control,1,0,0,12,-2,17,13,51,21,12,4,4,0,0
pc-461c8a88-736,forschung_muskelkraft__ohne_pc,control,0,0,1,8,-1,16,9,25,3,7,6,8,0,0
pc-461c8a88-736,solidaritaet_ueberleben__mit_pc,control,1,1,0,8,2,13,9,32,0,9,3,11,0,0
pc-bf69fb45-737,forschung_muskelkraft__ohne_pc,control,0,1,1,7,8,13,7,26,1,6,4,10,0,0
pc-bf69fb45-737,solidaritaet_ueberleben__mit_pc,control,1,0,0,7,0,10,6,24,3,6,3,2,0,0
pc-38b74c03-738,forschung_muskelkraft__ohne_pc,control,0,0,1,12,0,22,16,61,13,14,13,0,0,0
pc-38b74c03-738,solidaritaet_ueberleben__mit_pc,control,1,1,0,12,10,19,16,53,18,15,9,10,0,0
pc-b204bcc0-739,forschung_muskelkraft__ohne_pc,control,0,0,1,6,-2,15,5,17,4,4,2,0,0,0
pc-b204bcc0-739,solidaritaet_ueberleben__mit_pc,control,1,1,0,6,10,9,6,19,1,6,1,12,0,0
pc-967c01a6-740,forschung_muskelkraft__ohne_pc,control,0,0,1,10,-1,18,8,34,16,7,10,7,0,0
pc-967c01a6-740,solidaritaet_ueberleben__mit_pc,control,1,1,0,10,3,16,13,41,9,13,2,11,0,0
pc-0fc97264-741,forschung_muskelkraft__ohne_pc,control,0,0,1,15,0,21,20,71,34,18,13,7,0,0
pc-0fc97264-741,solidaritaet_ueberleben__mit_pc,control,1,1,0,15,3,22,17,61,44,16,15,10,1,0
pc-8916c321-742,forschung_muskelkraft__ohne_pc,control,0,1,1,12,6,22,13,47,24,11,14,14,0,0
pc-8916c321-742,solidaritaet_ueberleben__mit_pc,control,1,0,0,12,-4,17,15,47,22,15,6,4,0,0
pc-026433df-743,forschung_muskelkraft__ohne_pc,control,0,1,1,11,2,20,16,59,4,15,11,10,0,0
pc-026433df-743,solidaritaet_ueberleben__mit_pc,control,1,0,0,11,0,14,13,47,18,12,11,8,0,0
pc-7bb1849c-744,forschung_muskelkraft__ohne_pc,control,0,1,1,5,3,10,5,14,1,4,4,12,0,0
pc-7bb1849c-744,solidaritaet_ueberleben__mit_pc,control,1,0,0,5,-2,10,6,14,1,6,0,7,0,0
pc-f4fef559-745,forschung_muskelkraft__ohne_pc,control,0,1,1,12,4,18,16,52,14,14,12,13,0,0
pc-f4fef559-745,solidaritaet_ueberleben__mit_pc,control,1,0,0,12,-3,17,14,46,22,13,11,6,0,0
pc-6e4c4617-746,forschung_muskelkraft__ohne_pc,control,0,0,1,8,0,19,8,25,3,6,8,8,0,0
pc-6e4c4617-746,solidaritaet_ueberleben__mit_pc,control,1,1,0,8,2,13,10,33,3,9,3,10,0,0
pc-e799b6d4-747,forschung_muskelkraft__ohne_pc,control,0,1,1,12,5,22,13,51,19,11,15,11,0,0
pc-e799b6d4-747,solidaritaet_ueberleben__mit_pc,control,1,0,0,12,-1,18,16,47,22,16,6,5,0,0
pc-f5bd1369-748,forschung_muskelkraft__ohne_pc,control,0,0,1,7,0,16,7,24,2,6,2,4,0,0
pc-f5bd1369-748,solidaritaet_ueberleben__mit_pc,control,1,1,0,7,6,11,7,25,2,6,2,10,0,0
pc-6f0a6427-749,forschung_muskelkraft__ohne_pc,control,0,1,1,9,4,14,12,40,4,10,6,10,0,0
pc-6f0a6427-749,solidaritaet_ueberleben__mit_pc,control,1,0,0,9,0,15,10,33,3,10,8,6,0,0
pc-d35af053-750,forschung_muskelkraft__ohne_pc,control,0,0,0,8,0,19,11,34,2,9,7,6,0,0
pc-d35af053-750,solidaritaet_ueberleben__mit_pc,control,1,1,1,8,4,14,11,34,1,10,4,10,0,0
pc-5a0d9f96-751,forschung_muskelkraft__ohne_pc,control,0,0,0,12,-3,20,15,52,14,13,10,9,0,0
pc-5a0d9f96-751,solidaritaet_ueberleben__mit_pc,control,1,1,1,12,1,18,14,47,19,13,8,13,0,0
pc-c5f5b1ce-752,forschung_muskelkraft__ohne_pc,control,0,1,0,7,6,16,7,26,2,6,3,10,0,0
pc-c5f5b1ce-752,solidaritaet_ueberleben__mit_pc,control,1,0,1,7,0,11,8,25,2,7,2,4,0,0
pc-4ca84111-753,forschung_muskelkraft__ohne_pc,control,0,1,0,7,6,15,7,18,3,5,6,11,0,0
pc-4ca84111-753,solidaritaet_ueberleben__mit_pc,control,1,0,1,7,-1,10,7,23,4,7,1,4,1,0
pc-ee256d5d-754,forschung_muskelkraft__ohne_pc,control,0,,0,16,-1,23,20,71,49,18,15,7,0,0
pc-ee256d5d-754,solidaritaet_ueberleben__mit_pc,control,1,,1,16,0,22,19,67,59,18,18,8,4,0
pc-74d81ca0-755,forschung_muskelkraft__ohne_pc,control,0,1,0,16,4,22,20,71,53,18,14,9,0,0
pc-74d81ca0-755,solidaritaet_ueberleben__mit_pc,control,1,0,1,16,0,21,19,62,58,18,15,5,1,0
pc-e0c02ed8-756,forschung_muskelkraft__ohne_pc,control,0,0,0,14,-3,22,20,71,20,18,11,9,0,0
pc-e0c02ed8-756,solidaritaet_ueberleben__mit_pc,control,1,1,1,14,1,21,14,48,43,13,17,13,1,0
pc-6772de1b-757,forschung_muskelkraft__ohne_pc,control,0,1,0,14,3,22,17,65,30,15,12,11,0,0
pc-6772de1b-757,solidaritaet_ueberleben__mit_pc,control,1,0,1,14,-1,20,16,53,38,15,11,7,0,0
pc-9dc5f63f-758,forschung_muskelkraft__ohne_pc,control,0,0,0,8,-2,14,10,33,3,8,2,0,0,0
pc-9dc5f63f-758,solidaritaet_ueberleben__mit_pc,control,1,1,1,8,10,13,7,31,3,7,7,12,0,0
pc-24788582-759,forschung_muskelkraft__ohne_pc,control,0,1,0,11,4,20,12,43,12,10,12,10,0,0
pc-24788582-759,solidaritaet_ueberleben__mit_pc,control,1,0,1,11,0,16,15,52,9,15,5,6,0,0
pc-9060b7ba-760,forschung_muskelkraft__ohne_pc,control,0,1,0,8,6,20,9,31,2,7,4,11,0,0
pc-9060b7ba-760,solidaritaet_ueberleben__mit_pc,control,1,0,1,8,-1,13,7,25,9,7,2,4,0,0
pc-171346fd-761,forschung_muskelkraft__ohne_pc,control,0,0,0,6,-2,15,6,19,1,5,3,6,0,0
pc-171346fd-761,solidaritaet_ueberleben__mit_pc,control,1,1,1,6,4,13,6,19,1,6,3,12,0,0
pc-b8907349-762,forschung_muskelkraft__ohne_pc,control,0,0,0,8,0,13,8,28,4,6,6,8,0,0
pc-b8907349-762,solidaritaet_ueberleben__mit_pc,control,1,1,1,8,2,12,8,28,4,8,1,10,0,0
pc-3f43028c-763,forschung_muskelkraft__ohne_pc,control,0,0,0,10,-2,20,14,48,3,12,8,2,0,0
pc-3f43028c-763,solidaritaet_ueberleben__mit_pc,control,1,1,1,10,8,16,13,44,4,12,8,12,0,0
pc-ab2b34c4-764,forschung_muskelkraft__ohne_pc,control,0,1,0,13,5,23,15,59,19,13,16,11,0,0
pc-ab2b34c4-764,solidaritaet_ueberleben__mit_pc,control,1,0,1,13,-1,19,17,56,23,16,8,5,0,0
pc-31ddc407-765,forschung_muskelkraft__ohne_pc,control,0,1,0,7,9,14,7,25,2,6,2,11,0,0
pc-31ddc407-765,solidaritaet_ueberleben__mit_pc,control,1,0,1,7,-1,13,8,26,1,7,2,1,0,0
pc-6830fc2b-766,forschung_muskelkraft__ohne_pc,control,0,0,0,9,-2,17,11,40,5,9,6,7,0,0
pc-6830fc2b-766,solidaritaet_ueberleben__mit_pc,control,1,1,1,9,3,14,11,35,6,10,6,12,0,0
pc-eee38b6d-767,forschung_muskelkraft__ohne_pc,control,0,1,0,10,8,21,10,37,14,8,11,10,0,0
pc-eee38b6d-767,solidaritaet_ueberleben__mit_pc,control,1,0,1,10,0,15,13,41,11,13,3,2,0,0
pc-5acbbda6-768,forschung_muskelkraft__ohne_pc,control,0,1,0,6,6,12,7,20,1,5,4,10,0,0
pc-5acbbda6-768,solidaritaet_ueberleben__mit_pc,control,1,0,1,6,0,12,6,19,2,6,0,4,0,0
pc-e17e4ce8-769,forschung_muskelkraft__ohne_pc,control,0,1,0,7,4,13,9,26,1,7,3,11,0,0
pc-e17e4ce8-769,solidaritaet_ueberleben__mit_pc,control,1,0,1,7,-1,12,8,28,0,8,2,6,0,0
pc-82fb7935-770,forschung_muskelkraft__ohne_pc,control,0,1,0,11,7,21,11,42,13,9,15,11,0,0
pc-82fb7935-770,solidaritaet_ueberleben__mit_pc,control,1,0,1,11,-1,18,15,49,11,14,5,3,1,0
pc-09ae0878-771,forschung_muskelkraft__ohne_pc,control,0,0,0,14,0,22,20,71,24,18,14,7,0,0
pc-09ae0878-771,solidaritaet_ueberleben__mit_pc,control,1,1,1,14,3,19,18,60,35,17,14,10,2,0
pc-75963ab0-772,forschung_muskelkraft__ohne_pc,control,0,1,0,9,6,17,8,28,8,6,12,10,0,0
pc-75963ab0-772,solidaritaet_ueberleben__mit_pc,control,1,0,1,9,0,15,13,39,3,12,2,4,0,0
pc-fc48c9f2-773,forschung_muskelkraft__ohne_pc,control,0,1,0,14,6,22,15,54,37,13,12,13,0,0
pc-fc48c9f2-773,solidaritaet_ueberleben__mit_pc,control,1,0,1,14,-3,19,16,55,40,15,8,4,1,0
pc-329be217-774,forschung_muskelkraft__ohne_pc,control,0,0,0,9,0,18,11,38,3,9,5,3,0,0
pc-329be217-774,solidaritaet_ueberleben__mit_pc,control,1,1,1,9,7,14,9,34,2,9,5,10,0,0
pc-b94e9159-775,forschung_muskelkraft__ohne_pc,control,0,1,0,11,1,22,12,42,18,10,13,10,0,0
pc-b94e9159-775,solidaritaet_ueberleben__mit_pc,control,1,0,1,11,0,17,15,54,5,14,5,9,0,0
pc-2536a392-776,forschung_muskelkraft__ohne_pc,control,0,1,0,11,4,18,13,47,8,11,12,10,0,0
pc-2536a392-776,solidaritaet_ueberleben__mit_pc,control,1,0,1,11,0,18,15,46,13,14,6,6,2,0
pc-abe952d4-777,forschung_muskelkraft__ohne_pc,control,0,0,0,8,0,18,11,34,2,9,4,0,0,0
pc-abe952d4-777,solidaritaet_ueberleben__mit_pc,control,1,1,1,8,10,13,8,32,2,8,6,10,0,0
pc-4d667f21-778,forschung_muskelkraft__ohne_pc,control,0,0,0,7,0,13,8,25,1,6,7,4,0,0
pc-4d667f21-778,solidaritaet_ueberleben__mit_pc,control,1,1,1,7,6,13,9,28,0,9,1,10,0,0
pc-d4190e63-779,forschung_muskelkraft__ohne_pc,control,0,0,0,8,-2,15,11,34,1,9,7,0,0,0
pc-d4190e63-779,solidaritaet_ueberleben__mit_pc,control,1,1,1,8,10,14,10,30,2,10,4,12,0,0
pc-4001209c-780,forschung_muskelkraft__ohne_pc,control,0,1,0,10,8,21,9,31,14,7,8,11,0,0
pc-4001209c-780,solidaritaet_ueberleben__mit_pc,control,1,0,1,10,-1,16,10,35,20,9,2,2,0,0
pc-c6b3cfde-781,forschung_muskelkraft__ohne_pc,control,0,1,0,9,4,17,9,31,6,7,9,12,0,0
pc-c6b3cfde-781,solidaritaet_ueberleben__mit_pc,control,1,0,1,9,-2,15,12,40,2,12,2,6,0,0
pc-fd06e802-782,forschung_muskelkraft__ohne_pc,control,0,1,0,15,3,23,17,63,46,15,15,14,0,0
pc-fd06e802-782,solidaritaet_ueberleben__mit_pc,control,1,0,1,15,-4,19,18,61,48,18,12,7,0,0
pc-83b99745-783,forschung_muskelkraft__ohne_pc,control,0,0,0,8,0,14,8,26,8,6,7,7,0,0
pc-83b99745-783,solidaritaet_ueberleben__mit_pc,control,1,1,1,8,3,15,11,33,3,11,2,10,1,0
pc-efa1a97d-784,forschung_muskelkraft__ohne_pc,control,0,0,0,8,-1,18,10,33,3,8,4,2,0,0
pc-efa1a97d-784,solidaritaet_ueberleben__mit_pc,control,1,1,1,8,8,13,8,31,5,8,3,11,0,0
pc-765458c0-785,forschung_muskelkraft__ohne_pc,control,0,1,0,14,3,23,18,67,28,16,9,11,0,0
pc-765458c0-785,solidaritaet_ueberleben__mit_pc,control,1,0,1,14,-1,18,13,47,44,13,12,7,0,0
pc-17d1650d-786,forschung_muskelkraft__ohne_pc,control,0,0,0,8,-3,19,9,31,4,7,4,0,0,0
pc-17d1650d-786,solidaritaet_ueberleben__mit_pc,control,1,1,1,8,10,13,9,30,3,8,3,13,0,0
pc-9e84144f-787,forschung_muskelkraft__ohne_pc,control,0,0,0,8,-2,19,11,34,2,9,2,0,0,0
pc-9e84144f-787,solidaritaet_ueberleben__mit_pc,control,1,1,1,8,10,14,8,28,0,7,5,12,0,0
pc-0a6c2688-788,forschung_muskelkraft__ohne_pc,control,0,0,0,9,-4,16,8,32,8,7,5,6,0,0
pc-0a6c2688-788,solidaritaet_ueberleben__mit_pc,control,1,1,1,9,4,15,11,34,2,10,2,14,0,0
pc-911ed5ca-789,forschung_muskelkraft__ohne_pc,control,0,1,0,11,7,23,13,47,13,11,11,10,0,0
pc-911ed5ca-789,solidaritaet_ueberleben__mit_pc,control,1,0,1,11,0,15,14,48,9,13,6,3,0,0
pc-c771edee-790,forschung_muskelkraft__ohne_pc,control,0,0,0,13,-5,22,13,53,29,11,12,7,0,0
pc-c771edee-790,solidaritaet_ueberleben__mit_pc,control,1,1,1,13,3,19,17,57,23,16,7,15,1,0
pc-4e249d31-791,forschung_muskelkraft__ohne_pc,control,0,0,0,9,0,20,10,32,5,8,8,3,0,0
pc-4e249d31-791,solidaritaet_ueberleben__mit_pc,control,1,1,1,9,7,15,11,40,2,11,3,10,0,0
pc-ba0caf69-792,forschung_muskelkraft__ohne_pc,control,0,0,0,16,-3,23,20,71,51,18,17,6,0,0
pc-ba0caf69-792,solidaritaet_ueberleben__mit_pc,control,1,1,1,16,3,23,20,68,58,19,15,12,0,0
pc-40bf5eac-793,forschung_muskelkraft__ohne_pc,control,0,0,0,8,-1,19,10,33,3,8,4,5,0,0
pc-40bf5eac-793,solidaritaet_ueberleben__mit_pc,control,1,1,1,8,5,13,8,28,6,8,3,11,0,0
pc-e23c6af8-794,forschung_muskelkraft__ohne_pc,control,0,0,0,9,-1,19,10,33,3,9,10,5,0,0
pc-e23c6af8-794,solidaritaet_ueberleben__mit_pc,control,1,1,1,9,5,15,11,40,1,11,5,11,0,0
pc-68ef1a3b-795,forschung_muskelkraft__ohne_pc,control,0,0,0,9,-5,20,10,33,11,8,4,2,0,0
pc-68ef1a3b-795,solidaritaet_ueberleben__mit_pc,control,1,1,1,9,8,15,9,36,4,9,3,15,0,0
pc-d4d72c73-796,forschung_muskelkraft__ohne_pc,control,0,0,0,10,-2,22,13,48,6,11,7,6,0,0
pc-d4d72c73-796,solidaritaet_ueberleben__mit_pc,control,1,1,1,10,4,15,11,43,6,10,6,12,0,0
pc-5b89dbb6-797,forschung_muskelkraft__ohne_pc,control,0,0,0,9,0,19,9,25,17,7,9,4,0,0
pc-5b89dbb6-797,solidaritaet_ueberleben__mit_pc,control,1,1,1,9,6,13,12,36,6,11,2,10,0,0
pc-91dcf3da-798,forschung_muskelkraft__ohne_pc,control,0,1,0,13,3,23,16,59,19,14,16,14,0,0
pc-91dcf3da-798,solidaritaet_ueberleben__mit_pc,control,1,0,1,13,-4,18,16,59,23,15,10,7,1,0
pc-188f831d-799,forschung_muskelkraft__ohne_pc,control,0,1,0,9,6,19,11,36,5,9,6,14,0,0
pc-188f831d-799,solidaritaet_ueberleben__mit_pc,control,1,0,1,9,-4,14,10,41,4,9,4,4,0,0
pc-dd359b67-800,forschung_muskelkraft__ohne_pc,control,0,1,1,9,1,20,10,33,3,8,9,12,0,0
pc-dd359b67-800,urzeitliche_kolosse__ohne_pc,control,1,0,0,9,-2,13,12,42,1,11,4,9,0,1
pc-5682ec25-801,forschung_muskelkraft__ohne_pc,control,0,1,1,7,4,14,8,26,2,6,3,11,0,0
pc-5682ec25-801,urzeitliche_kolosse__ohne_pc,control,1,0,0,7,-1,12,6,24,4,6,2,6,0,1
pc-cfd05ce2-802,forschung_muskelkraft__ohne_pc,control,0,1,1,7,3,17,9,27,1,7,4,14,0,0
pc-cfd05ce2-802,urzeitliche_kolosse__ohne_pc,control,1,0,0,7,-4,13,7,25,3,7,3,7,0,0
pc-491dada0-803,forschung_muskelkraft__ohne_pc,control,0,1,1,8,7,18,9,30,2,8,5,12,0,0
pc-491dada0-803,urzeitliche_kolosse__ohne_pc,control,1,0,0,8,-2,14,8,32,4,7,3,3,0,2
pc-f8001871-804,forschung_muskelkraft__ohne_pc,control,0,0,1,9,-1,17,7,26,10,6,3,6,0,0
pc-f8001871-804,urzeitliche_kolosse__ohne_pc,control,1,1,0,9,4,13,7,26,10,6,1,11,0,5
pc-714d692f-805,forschung_muskelkraft__ohne_pc,control,0,1,1,7,4,18,8,25,1,6,4,11,0,0
pc-714d692f-805,urzeitliche_kolosse__ohne_pc,control,1,0,0,7,-1,12,8,25,3,7,1,6,0,2
pc-ea9ad9ec-806,forschung_muskelkraft__ohne_pc,control,0,1,1,8,4,15,8,31,4,8,6,13,0,0
pc-ea9ad9ec-806,urzeitliche_kolosse__ohne_pc,control,1,0,0,8,-3,12,10,33,3,8,4,6,0,0
pc-63e82aaa-807,forschung_muskelkraft__ohne_pc,control,0,0,1,12,0,20,13,48,18,11,9,7,0,0
pc-63e82aaa-807,urzeitliche_kolosse__ohne_pc,control,1,1,0,12,3,16,15,52,18,14,6,10,0,3
pc-a7a08153-808,forschung_muskelkraft__ohne_pc,control,0,1,1,7,3,17,8,25,3,7,3,10,0,0
pc-a7a08153-808,urzeitliche_kolosse__ohne_pc,control,1,0,0,7,0,12,6,24,4,6,2,7,0,1
pc-20edf211-809,forschung_muskelkraft__ohne_pc,control,0,1,1,5,6,11,5,14,1,4,3,10,0,0
pc-20edf211-809,urzeitliche_kolosse__ohne_pc,control,1,0,0,5,0,10,6,13,1,5,1,4,0,1
pc-9a3b42ce-810,forschung_muskelkraft__ohne_pc,control,0,0,1,5,0,12,6,14,1,4,4,0,0,0
pc-9a3b42ce-810,urzeitliche_kolosse__ohne_pc,control,1,1,0,5,10,10,6,15,0,6,2,10,0,0
pc-1388b38c-811,forschung_muskelkraft__ohne_pc,control,0,1,1,8,4,16,9,32,2,7,6,12,0,0
pc-1388b38c-811,urzeitliche_kolosse__ohne_pc,control,1,0,0,8,-2,12,8,32,4,8,3,6,0,0
pc-c26b1e5d-812,forschung_muskelkraft__ohne_pc,control,0,1,1,11,1,22,16,57,9,14,9,11,0,0
pc-c26b1e5d-812,urzeitliche_kolosse__ohne_pc,control,1,0,0,11,-1,15,13,50,14,13,10,9,0,5
pc-3bb86f1b-813,forschung_muskelkraft__ohne_pc,control,0,0,1,5,-1,13,4,13,2,4,1,0,0,0
pc-3bb86f1b-813,urzeitliche_kolosse__ohne_pc,control,1,1,0,5,10,9,4,14,1,4,2,11,0,0
pc-b505dfd8-814,forschung_muskelkraft__ohne_pc,control,0,0,1,8,-2,16,9,32,4,8,6,8,0,0
pc-b505dfd8-814,urzeitliche_kolosse__ohne_pc,control,1,1,0,8,2,14,9,33,2,9,4,12,0,3
pc-2e533096-815,forschung_muskelkraft__ohne_pc,control,0,1,1,8,1,15,11,33,2,9,7,10,0,0
pc-2e533096-815,urzeitliche_kolosse__ohne_pc,control,1,0,0,8,0,13,10,34,2,10,6,9,0,1
pc-720b873f-816,forschung_muskelkraft__ohne_pc,control,0,0,1,5,0,10,4,13,2,4,0,6,0,0
pc-720b873f-816,urzeitliche_kolosse__ohne_pc,control,1,1,0,5,4,11,4,12,3,4,1,10,0,0
pc-eb58f7fc-817,forschung_muskelkraft__ohne_pc,control,0,0,1,9,-1,20,10,36,5,8,8,8,0,0
pc-eb58f7fc-817,urzeitliche_kolosse__ohne_pc,control,1,1,0,9,2,14,11,43,2,10,5,11,0,0
pc-64a648ba-818,forschung_muskelkraft__ohne_pc,control,0,1,1,7,4,17,7,23,3,5,6,13,0,0
pc-64a648ba-818,urzeitliche_kolosse__ohne_pc,control,1,0,0,7,-3,12,7,23,5,7,1,6,0,1
pc-ddf3b977-819,forschung_muskelkraft__ohne_pc,control,0,1,1,5,4,12,5,14,1,4,0,10,0,0
pc-ddf3b977-819,urzeitliche_kolosse__ohne_pc,control,1,0,0,5,0,10,4,14,1,4,1,6,0,1
pc-8cd60449-820,forschung_muskelkraft__ohne_pc,control,0,0,1,8,0,19,10,34,2,8,5,0,0,0
pc-8cd60449-820,urzeitliche_kolosse__ohne_pc,control,1,1,0,8,10,13,9,34,2,9,4,10,0,0
pc-06237507-821,forschung_muskelkraft__ohne_pc,control,0,0,1,9,-3,19,11,40,5,10,7,0,0,0
pc-06237507-821,urzeitliche_kolosse__ohne_pc,control,1,1,0,9,10,14,10,41,3,9,6,13,0,3
pc-7f70c5c4-822,forschung_muskelkraft__ohne_pc,control,0,1,1,5,1,11,5,12,3,4,2,11,0,0
pc-7f70c5c4-822,urzeitliche_kolosse__ohne_pc,control,1,0,0,5,-1,10,4,13,2,4,0,9,0,0
pc-f8be3681-823,forschung_muskelkraft__ohne_pc,control,0,0,1,7,-1,16,7,24,3,6,4,8,0,0
pc-f8be3681-823,urzeitliche_kolosse__ohne_pc,control,1,1,0,7,2,11,8,24,3,8,2,11,0,3
pc-3c768d2b-824,forschung_muskelkraft__ohne_pc,control,0,1,1,9,3,18,10,37,5,8,7,10,0,0
pc-3c768d2b-824,urzeitliche_kolosse__ohne_pc,control,1,0,0,9,0,15,9,40,3,9,4,7,0,1
pc-b5c3fde8-825,forschung_muskelkraft__ohne_pc,control,0,0,1,9,-2,17,11,40,5,9,6,7,0,0
pc-b5c3fde8-825,urzeitliche_kolosse__ohne_pc,control,1,1,0,9,3,13,12,43,1,11,5,12,0,2
pc-2f114ea6-826,forschung_muskelkraft__ohne_pc,control,0,0,1,4,0,11,3,8,2,3,0,0,0,0
pc-2f114ea6-826,urzeitliche_kolosse__ohne_pc,control,1,1,0,4,10,9,4,10,0,3,1,10,0,0
pc-a85ebf63-827,forschung_muskelkraft__ohne_pc,control,0,0,1,8,0,17,9,31,3,7,6,9,0,0
pc-a85ebf63-827,urzeitliche_kolosse__ohne_pc,control,1,1,0,8,1,12,9,33,3,8,2,10,0,0
pc-57410a35-828,forschung_muskelkraft__ohne_pc,control,0,0,1,5,-1,14,5,14,1,4,3,7,0,0
pc-57410a35-828,urzeitliche_kolosse__ohne_pc,control,1,1,0,5,3,10,5,14,1,5,0,11,0,0
pc-d08e7af2-829,forschung_muskelkraft__ohne_pc,control,0,0,1,6,-3,15,6,19,2,5,3,7,0,0
pc-d08e7af2-829,urzeitliche_kolosse__ohne_pc,control,1,1,0,6,3,10,6,19,1,6,3,13,0,1
pc-49dbcbb0-830,forschung_muskelkraft__ohne_pc,control,0,1,1,9,2,18,9,30,6,8,7,12,0,0
pc-49dbcbb0-830,urzeitliche_kolosse__ohne_pc,control,1,0,0,9,-2,15,11,42,1,10,3,8,0,2
pc-c3293c6d-831,forschung_muskelkraft__ohne_pc,control,0,1,1,8,10,15,10,30,2,8,5,16,0,0
pc-c3293c6d-831,urzeitliche_kolosse__ohne_pc,control,1,0,0,8,-6,12,8,31,5,7,4,0,0,0
pc-06e19317-832,forschung_muskelkraft__ohne_pc,control,0,1,1,7,2,14,8,23,3,6,6,10,0,0
pc-06e19317-832,urzeitliche_kolosse__ohne_pc,control,1,0,0,7,0,11,7,27,1,7,2,8,0,1
pc-802ee3d4-833,forschung_muskelkraft__ohne_pc,control,0,1,1,6,4,14,7,20,1,5,5,12,0,0
pc-802ee3d4-833,urzeitliche_kolosse__ohne_pc,control,1,0,0,6,-2,10,7,20,1,6,1,6,0,1
pc-f97c5491-834,forschung_muskelkraft__ohne_pc,control,0,1,1,8,7,21,9,32,1,8,3,12,0,0
pc-f97c5491-834,urzeitliche_kolosse__ohne_pc,control,1,0,0,8,-2,12,7,32,4,6,3,3,0,2
pc-72c9a54f-835,forschung_muskelkraft__ohne_pc,control,0,1,1,9,1,21,10,33,3,8,8,11,0,0
pc-72c9a54f-835,urzeitliche_kolosse__ohne_pc,control,1,0,0,9,-1,14,12,39,2,11,3,9,0,2
pc-21ac1021-836,forschung_muskelkraft__ohne_pc,control,0,1,1,10,4,21,10,36,10,8,11,13,0,0
pc-21ac1021-836,urzeitliche_kolosse__ohne_pc,control,1,0,0,10,-3,15,13,50,3,13,3,6,0,0
pc-9af960de-837,forschung_muskelkraft__ohne_pc,control,0,1,1,10,1,18,12,47,3,11,9,13,0,0
pc-9af960de-837,urzeitliche_kolosse__ohne_pc,control,1,0,0,10,-3,14,13,40,9,12,7,9,0,1
pc-1446d19c-838,forschung_muskelkraft__ohne_pc,control,0,0,1,7,-2,19,7,25,2,6,3,6,0,0
pc-1446d19c-838,urzeitliche_kolosse__ohne_pc,control,1,1,0,7,4,11,7,24,4,6,2,12,0,0
pc-8d942259-839,forschung_muskelkraft__ohne_pc,control,0,1,1,7,5,18,9,27,1,7,3,12,0,0
pc-8d942259-839,urzeitliche_kolosse__ohne_pc,control,1,0,0,7,-2,11,8,26,2,6,4,5,0,0
pc-d14c9902-840,forschung_muskelkraft__ohne_pc,control,0,1,1,9,1,18,11,37,4,9,11,12,0,0
pc-d14c9902-840,urzeitliche_kolosse__ohne_pc,control,1,0,0,9,-2,15,12,40,4,11,6,9,0,1
pc-4a99e9c0-841,forschung_muskelkraft__ohne_pc,control,0,1,1,7,6,14,8,27,1,7,4,10,0,0
pc-4a99e9c0-841,urzeitliche_kolosse__ohne_pc,control,1,0,0,7,0,12,8,23,5,7,3,4,0,0
pc-c3e75a7d-842,forschung_muskelkraft__ohne_pc,control,0,1,1,6,1,14,7,20,1,5,4,14,0,0
pc-c3e75a7d-842,urzeitliche_kolosse__ohne_pc,control,1,0,0,6,-4,11,7,19,1,6,1,9,0,0
pc-3d34ab3b-843,forschung_muskelkraft__ohne_pc,control,0,0,1,8,-1,18,9,31,3,7,4,7,0,0
pc-3d34ab3b-843,urzeitliche_kolosse__ohne_pc,control,1,1,0,8,3,13,8,28,8,7,2,11,0,0
pc-ec17160c-844,forschung_muskelkraft__ohne_pc,control,0,1,1,9,4,20,11,41,4,10,4,10,0,0
pc-ec17160c-844,urzeitliche_kolosse__ohne_pc,control,1,0,0,9,0,14,11,41,4,9,6,6,0,0
pc-656466ca-845,forschung_muskelkraft__ohne_pc,control,0,1,1,8,4,18,10,33,2,8,7,11,0,0
pc-656466ca-845,urzeitliche_kolosse__ohne_pc,control,1,0,0,8,-1,13,10,33,2,9,4,6,0,0
pc-deb1d787-846,forschung_muskelkraft__ohne_pc,control,0,1,1,9,1,20,10,40,5,9,9,12,0,0
pc-deb1d787-846,urzeitliche_kolosse__ohne_pc,control,1,0,0,9,-2,14,11,42,3,10,5,9,0,0
pc-57ff2845-847,forschung_muskelkraft__ohne_pc,control,0,1,1,8,1,16,8,29,4,7,4,14,0,0
pc-57ff2845-847,urzeitliche_kolosse__ohne_pc,control,1,0,0,8,-4,14,9,33,3,8,2,9,0,2
pc-9bb79eee-848,forschung_muskelkraft__ohne_pc,control,0,1,1,8,3,16,9,32,1,8,5,14,0,0
pc-9bb79eee-848,urzeitliche_kolosse__ohne_pc,control,1,0,0,8,-4,13,9,32,3,8,3,7,0,0
pc-1504efac-849,forschung_muskelkraft__ohne_pc,control,0,1,1,11,4,22,13,51,10,11,8,11,0,0
pc-1504efac-849,urzeitliche_kolosse__ohne_pc,control,1,0,0,11,-1,16,14,55,11,12,7,6,0,1
pc-25556b02-850,forschung_muskelkraft__ohne_pc,control,0,0,0,13,-2,22,14,53,25,12,10,9,0,0
pc-25556b02-850,urzeitliche_kolosse__ohne_pc,control,1,1,1,13,1,18,15,62,21,14,7,12,0,2
pc-ac081a44-851,forschung_muskelkraft__ohne_pc,control,0,1,0,10,3,20,10,37,12,9,11,14,0,0
pc-ac081a44-851,urzeitliche_kolosse__ohne_pc,control,1,0,1,10,-4,15,13,43,4,12,4,7,0,0
pc-17f02c7d-852,forschung_muskelkraft__ohne_pc,control,0,1,0,6,4,13,6,19,1,5,3,14,0,0
pc-17f02c7d-852,urzeitliche_kolosse__ohne_pc,control,1,0,1,6,-4,10,6,19,2,6,1,6,0,0
pc-9ea2dbbf-853,forschung_muskelkraft__ohne_pc,control,0,1,0,7,2,16,7,25,2,6,3,10,0,0
pc-9ea2dbbf-853,urzeitliche_kolosse__ohne_pc,control,1,0,1,7,0,12,8,24,2,6,3,8,0,0
pc-0a8aedf8-854,forschung_muskelkraft__ohne_pc,control,0,1,0,7,3,15,6,22,4,5,5,11,0,0
pc-0a8aedf8-854,urzeitliche_kolosse__ohne_pc,control,1,0,1,7,-1,11,8,25,3,8,1,7,0,0
pc-913d9d3a-855,forschung_muskelkraft__ohne_pc,control,0,1,0,11,4,18,14,48,12,12,9,11,0,0
pc-913d9d3a-855,urzeitliche_kolosse__ohne_pc,control,1,0,1,11,-1,16,14,46,12,13,8,6,0,1
pc-fd25af72-856,forschung_muskelkraft__ohne_pc,control,0,0,0,6,0,13,7,20,1,5,4,6,0,0
pc-fd25af72-856,urzeitliche_kolosse__ohne_pc,control,1,1,1,6,4,10,6,17,3,6,1,10,0,0
pc-83d85eb5-857,forschung_muskelkraft__ohne_pc,control,0,0,0,7,-1,12,8,27,1,6,3,4,0,0
pc-83d85eb5-857,urzeitliche_kolosse__ohne_pc,control,1,1,1,7,6,11,10,28,0,8,4,11,0,0
pc-efc070ed-858,forschung_muskelkraft__ohne_pc,control,0,0,0,5,-1,14,5,14,1,4,2,0,0,0
pc-efc070ed-858,urzeitliche_kolosse__ohne_pc,control,1,1,1,5,10,9,6,14,1,6,1,11,0,0
pc-76730030-859,forschung_muskelkraft__ohne_pc,control,0,0,0,11,0,23,15,57,7,13,11,9,0,0
pc-76730030-859,urzeitliche_kolosse__ohne_pc,control,1,1,1,11,1,16,14,50,12,13,10,10,0,3
pc-e25b3268-860,forschung_muskelkraft__ohne_pc,control,0,0,0,8,-1,18,10,33,2,8,4,7,0,0
pc-e25b3268-860,urzeitliche_kolosse__ohne_pc,control,1,1,1,8,3,13,8,33,3,8,3,11,0,0
pc-690dc1ab-861,forschung_muskelkraft__ohne_pc,control,0,1,0,5,4,11,5,14,1,4,2,10,0,0
pc-690dc1ab-861,urzeitliche_kolosse__ohne_pc,control,1,0,1,5,0,11,4,14,1,4,1,6,0,0
pc-d4f5f3e3-862,forschung_muskelkraft__ohne_pc,control,0,0,0,10,-2,20,13,47,4,11,6,8,0,0
pc-d4f5f3e3-862,urzeitliche_kolosse__ohne_pc,control,1,1,1,10,2,15,11,45,6,11,8,12,0,3
pc-5ba88326-863,forschung_muskelkraft__ohne_pc,control,0,0,0,8,0,16,9,33,3,8,5,5,0,0
pc-5ba88326-863,urzeitliche_kolosse__ohne_pc,control,1,1,1,8,5,13,8,33,3,7,4,10,0,0
pc-c790b55e-864,forschung_muskelkraft__ohne_pc,control,0,1,0,9,3,19,10,38,3,9,9,13,0,0
pc-c790b55e-864,urzeitliche_kolosse__ohne_pc,control,1,0,1,9,-3,14,12,35,4,10,6,7,0,1
pc-4e4344a1-865,forschung_muskelkraft__ohne_pc,control,0,0,0,8,-1,20,11,35,1,9,5,6,0,0
pc-4e4344a1-865,urzeitliche_kolosse__ohne_pc,control,1,1,1,8,4,11,10,30,6,9,5,11,0,0
pc-ba2b76d9-866,forschung_muskelkraft__ohne_pc,control,0,1,0,12,5,22,14,52,20,12,10,15,0,0
pc-ba2b76d9-866,urzeitliche_kolosse__ohne_pc,control,1,0,1,12,-5,17,15,61,13,13,7,5,0,1
pc-40de061c-867,forschung_muskelkraft__ohne_pc,control,0,0,0,6,-1,14,5,19,2,5,3,5,0,0
pc-40de061c-867,urzeitliche_kolosse__ohne_pc,control,1,1,1,6,5,11,6,16,2,6,1,11,0,0
pc-acc63854-868,forschung_muskelkraft__ohne_pc,control,0,1,0,8,4,14,8,28,4,7,3,10,0,0
pc-acc63854-868,urzeitliche_kolosse__ohne_pc,control,1,0,1,8,0,12,9,28,0,8,4,6,0,2
pc-3378c797-869,forschung_muskelkraft__ohne_pc,control,0,1,0,8,4,18,8,31,3,7,5,10,0,0
pc-3378c797-869,urzeitliche_kolosse__ohne_pc,control,1,0,1,8,0,12,11,33,3,9,2,6,0,0
pc-9f60f9cf-870,forschung_muskelkraft__ohne_pc,control,0,1,0,8,4,19,7,24,5,6,6,10,0,0
pc-9f60f9cf-870,urzeitliche_kolosse__ohne_pc,control,1,0,1,8,0,12,9,31,5,9,1,6,0,0
pc-26138912-871,forschung_muskelkraft__ohne_pc,control,0,1,0,7,2,16,6,22,4,5,4,10,0,0
pc-26138912-871,urzeitliche_kolosse__ohne_pc,control,1,0,1,7,0,13,7,27,1,7,1,8,0,0
pc-91fbbb4a-872,forschung_muskelkraft__ohne_pc,control,0,1,0,8,1,17,8,30,6,6,5,12,0,0
pc-91fbbb4a-872,urzeitliche_kolosse__ohne_pc,control,1,0,1,8,-2,14,9,31,4,8,1,9,0,0
pc-18ae4a8d-873,forschung_muskelkraft__ohne_pc,control,0,1,0,6,10,15,7,20,1,5,2,10,0,0
pc-18ae4a8d-873,urzeitliche_kolosse__ohne_pc,control,1,0,1,6,0,11,4,17,3,4,2,0,0,0
pc-84967cc5-874,forschung_muskelkraft__ohne_pc,control,0,1,0,6,6,14,6,19,1,5,2,11,0,0
pc-84967cc5-874,urzeitliche_kolosse__ohne_pc,control,1,0,1,6,-1,10,8,19,1,6,1,4,0,0
pc-0b490c08-875,forschung_muskelkraft__ohne_pc,control,0,0,0,7,-2,18,6,23,5,5,2,0,0,0
pc-0b490c08-875,urzeitliche_kolosse__ohne_pc,control,1,1,1,7,10,12,7,25,3,7,3,12,0,0
pc-77313e40-876,forschung_muskelkraft__ohne_pc,control,0,0,0,9,-2,20,11,35,9,9,6,9,0,0
pc-77313e40-876,urzeitliche_kolosse__ohne_pc,control,1,1,1,9,1,12,12,40,2,11,5,12,0,0
pc-fde3cd82-877,forschung_muskelkraft__ohne_pc,control,0,1,0,6,6,12,6,19,1,5,3,14,0,0
pc-fde3cd82-877,urzeitliche_kolosse__ohne_pc,control,1,0,1,6,-4,11,8,21,0,6,2,4,0,0
pc-69cbffbb-878,forschung_muskelkraft__ohne_pc,control,0,0,0,4,0,9,4,9,1,3,1,0,0,0
pc-69cbffbb-878,urzeitliche_kolosse__ohne_pc,control,1,1,1,4,10,8,4,10,0,4,0,10,0,0
pc-f07e8efd-879,forschung_muskelkraft__ohne_pc,control,0,1,0,11,2,23,15,55,9,13,8,10,0,0
pc-f07e8efd-879,urzeitliche_kolosse__ohne_pc,control,1,0,1,11,0,16,14,48,13,12,8,8,0,4
pc-5c66a136-880,forschung_muskelkraft__ohne_pc,control,0,0,0,6,0,12,8,18,2,6,3,5,0,0
pc-5c66a136-880,urzeitliche_kolosse__ohne_pc,control,1,1,1,6,5,12,7,20,0,6,1,10,0,0
pc-e3195078-881,forschung_muskelkraft__ohne_pc,control,0,1,0,8,5,19,9,33,3,8,5,10,0,0
pc-e3195078-881,urzeitliche_kolosse__ohne_pc,control,1,0,1,8,0,12,10,30,3,8,3,5,0,0
pc-4f0162b1-882,forschung_muskelkraft__ohne_pc,control,0,1,0,7,1,16,8,25,2,6,6,14,0,0
pc-4f0162b1-882,urzeitliche_kolosse__ohne_pc,control,1,0,1,7,-4,13,8,25,3,8,3,9,0,0
pc-d5b411f3-883,forschung_muskelkraft__ohne_pc,control,0,0,0,8,-1,18,7,29,4,7,3,6,0,0
pc-d5b411f3-883,urzeitliche_kolosse__ohne_pc,control,1,1,1,8,4,11,7,33,3,7,2,11,0,0
pc-419c242c-884,forschung_muskelkraft__ohne_pc,control,0,1,0,10,5,22,13,48,6,11,10,13,0,0
pc-419c242c-884,urzeitliche_kolosse__ohne_pc,control,1,0,1,10,-3,15,13,46,6,11,6,5,0,1
pc-c84ed36e-885,forschung_muskelkraft__ohne_pc,control,0,1,0,12,3,21,15,53,13,13,12,12,0,0
pc-c84ed36e-885,urzeitliche_kolosse__ohne_pc,control,1,0,1,12,-2,17,15,58,12,13,9,7,0,0
pc-3436e5a7-886,forschung_muskelkraft__ohne_pc,control,0,1,0,9,4,16,12,38,5,11,7,10,0,0
pc-3436e5a7-886,urzeitliche_kolosse__ohne_pc,control,1,0,1,9,0,14,11,38,5,9,8,6,0,1
pc-bae994e9-887,forschung_muskelkraft__ohne_pc,control,0,1,0,5,2,12,5,11,4,3,3,10,0,0
pc-bae994e9-887,urzeitliche_kolosse__ohne_pc,control,1,0,1,5,0,10,5,13,1,4,0,8,0,0
pc-26d1a722-888,forschung_muskelkraft__ohne_pc,control,0,0,0,7,-1,14,8,27,1,6,2,7,0,0
pc-26d1a722-888,urzeitliche_kolosse__ohne_pc,control,1,1,1,7,3,12,7,25,3,6,1,11,0,1
pc-ad845664-889,forschung_muskelkraft__ohne_pc,control,0,0,0,5,-1,14,4,13,2,4,1,0,0,0
pc-ad845664-889,urzeitliche_kolosse__ohne_pc,control,1,1,1,5,10,11,6,15,0,6,1,11,0,0
pc-196c689d-890,forschung_muskelkraft__ohne_pc,control,0,0,0,6,0,15,7,18,2,6,4,3,0,0
pc-196c689d-890,urzeitliche_kolosse__ohne_pc,control,1,1,1,6,7,11,6,19,1,6,3,10,0,0
pc-a01f17df-891,forschung_muskelkraft__ohne_pc,control,0,1,0,9,2,16,8,35,6,8,5,16,0,0
pc-a01f17df-891,urzeitliche_kolosse__ohne_pc,control,1,0,1,9,-6,13,11,34,9,9,4,8,0,1
pc-0c072a18-892,forschung_muskelkraft__ohne_pc,control,0,1,0,6,4,14,6,18,3,5,4,10,0,0
pc-0c072a18-892,urzeitliche_kolosse__ohne_pc,control,1,0,1,6,0,9,6,13,4,5,1,6,0,0
pc-92b9d95a-893,forschung_muskelkraft__ohne_pc,control,0,1,0,8,4,13,11,31,2,9,3,12,0,0
pc-92b9d95a-893,urzeitliche_kolosse__ohne_pc,control,1,0,1,8,-2,13,7,33,3,7,4,6,0,0
pc-fea1eb92-894,forschung_muskelkraft__ohne_pc,control,0,0,0,10,-3,21,10,40,11,9,6,8,0,0
pc-fea1eb92-894,urzeitliche_kolosse__ohne_pc,control,1,1,1,10,2,15,11,46,3,10,4,13,0,1
pc-85549ad5-895,forschung_muskelkraft__ohne_pc,control,0,1,0,5,3,9,4,10,5,3,3,10,0,0
pc-85549ad5-895,urzeitliche_kolosse__ohne_pc,control,1,0,1,5,0,9,5,13,2,5,0,7,0,0
pc-f13cad0d-896,forschung_muskelkraft__ohne_pc,control,0,0,0,6,-3,15,4,15,6,3,1,5,0,0
pc-f13cad0d-896,urzeitliche_kolosse__ohne_pc,control,1,1,1,6,5,11,7,19,1,5,0,13,0,0
pc-77ef5c50-897,forschung_muskelkraft__ohne_pc,control,0,1,0,7,10,13,7,25,2,6,3,11,0,0
pc-77ef5c50-897,urzeitliche_kolosse__ohne_pc,control,1,0,1,7,-1,13,5,23,5,5,2,0,0,0
pc-e3d76e88-898,forschung_muskelkraft__ohne_pc,control,0,0,0,7,-1,15,7,24,2,6,7,6,0,0
pc-e3d76e88-898,urzeitliche_kolosse__ohne_pc,control,1,1,1,7,4,11,10,28,0,10,1,11,0,0
pc-6a8a1dcb-899,forschung_muskelkraft__ohne_pc,control,0,0,0,10,-2,18,13,46,8,12,7,9,0,0
pc-6a8a1dcb-899,urzeitliche_kolosse__ohne_pc,control,1,1,1,10,1,15,12,42,8,11,8,12,0,2
pc-b2614500-900,forschung_muskelkraft__mit_pc,control,0,0,1,9,0,20,8,30,11,7,4,4,0,0
pc-b2614500-900,urzeitliche_kolosse__mit_pc,control,1,1,0,9,6,14,9,39,4,9,2,10,0,0
pc-2baeb5be-901,forschung_muskelkraft__mit_pc,control,0,0,1,3,-1,8,0,0,3,0,0,0,0,0
pc-2baeb5be-901,urzeitliche_kolosse__mit_pc,control,1,1,0,3,10,8,3,6,0,2,0,11,0,0
pc-bfc68385-902,forschung_muskelkraft__mit_pc,control,0,0,1,10,0,21,13,46,5,11,5,7,0,0
pc-bfc68385-902,urzeitliche_kolosse__mit_pc,control,1,1,0,10,3,16,10,47,5,10,7,10,0,4
pc-3913f443-903,forschung_muskelkraft__mit_pc,control,0,0,1,9,-3,20,10,36,7,8,6,9,0,0
pc-3913f443-903,urzeitliche_kolosse__mit_pc,control,1,1,0,9,1,14,11,43,0,10,3,13,0,0
pc-cd2bc20a-904,forschung_muskelkraft__mit_pc,control,0,1,1,7,5,16,8,26,2,7,4,10,0,0
pc-cd2bc20a-904,urzeitliche_kolosse__mit_pc,control,1,0,0,7,0,12,8,26,2,8,3,5,0,2
pc-467932c8-905,forschung_muskelkraft__mit_pc,control,0,1,1,10,4,21,11,44,7,10,8,11,0,0
pc-467932c8-905,urzeitliche_kolosse__mit_pc,control,1,0,0,10,-1,16,12,51,3,11,6,6,0,1
pc-da91008f-906,forschung_muskelkraft__mit_pc,control,0,1,1,5,4,12,5,14,1,4,4,10,0,0
pc-da91008f-906,urzeitliche_kolosse__mit_pc,control,1,0,0,5,0,11,6,15,0,6,2,6,0,0
pc-53de714d-907,forschung_muskelkraft__mit_pc,control,0,1,1,12,1,22,14,52,19,12,13,15,0,0
pc-53de714d-907,urzeitliche_kolosse__mit_pc,control,1,0,0,12,-5,18,15,65,9,15,9,9,0,2
pc-e7f65f14-908,forschung_muskelkraft__mit_pc,control,0,0,1,9,-1,17,13,42,2,11,5,9,0,0
pc-e7f65f14-908,urzeitliche_kolosse__mit_pc,control,1,1,0,9,1,14,11,37,3,10,7,11,0,3
pc-6143afd2-909,forschung_muskelkraft__mit_pc,control,0,0,1,16,-2,22,15,65,59,13,14,6,0,0
pc-6143afd2-909,urzeitliche_kolosse__mit_pc,control,1,1,0,16,3,21,19,70,53,18,8,11,0,2
pc-f55b9d99-910,forschung_muskelkraft__mit_pc,control,0,0,1,9,-2,17,10,38,3,9,6,6,0,0
pc-f55b9d99-910,urzeitliche_kolosse__mit_pc,control,1,1,0,9,4,14,9,38,5,9,5,12,0,1
pc-6ea8ee57-911,forschung_muskelkraft__mit_pc,control,0,0,1,11,0,21,15,58,8,13,6,9,0,0
pc-6ea8ee57-911,urzeitliche_kolosse__mit_pc,control,1,1,0,11,1,17,11,51,4,10,9,10,0,1
pc-02c0dc1f-912,forschung_muskelkraft__mit_pc,control,0,0,1,12,0,21,12,50,22,10,10,8,0,0
pc-02c0dc1f-912,urzeitliche_kolosse__mit_pc,control,1,1,0,12,2,18,15,58,11,14,6,10,0,1
pc-7c0e2cdc-913,forschung_muskelkraft__mit_pc,control,0,0,1,5,-2,11,5,14,1,4,4,5,0,0
pc-7c0e2cdc-913,urzeitliche_kolosse__mit_pc,control,1,1,0,5,5,9,6,14,1,5,2,12,0,0
pc-10261aa4-914,forschung_muskelkraft__mit_pc,control,0,1,1,8,7,17,10,32,2,8,5,10,0,0
pc-10261aa4-914,urzeitliche_kolosse__mit_pc,control,1,0,0,8,0,13,8,31,4,8,3,3,0,0
pc-89736b61-915,forschung_muskelkraft__mit_pc,control,0,0,1,5,-1,13,4,13,2,4,0,3,0,0
pc-89736b61-915,urzeitliche_kolosse__mit_pc,control,1,1,0,5,7,11,4,14,1,4,1,11,0,0
pc-1d8b5929-916,forschung_muskelkraft__mit_pc,control,0,0,1,4,-1,12,4,7,2,3,0,0,0,0
pc-1d8b5929-916,urzeitliche_kolosse__mit_pc,control,1,1,0,4,10,8,4,10,0,4,1,11,0,0
pc-96d8a9e6-917,forschung_muskelkraft__mit_pc,control,0,0,1,9,0,18,9,32,10,7,4,9,0,0
pc-96d8a9e6-917,urzeitliche_kolosse__mit_pc,control,1,1,0,9,1,13,9,39,3,8,2,10,0,0
pc-2af097ae-918,forschung_muskelkraft__mit_pc,control,0,0,1,11,-1,21,12,48,12,10,11,6,0,0
pc-2af097ae-918,urzeitliche_kolosse__mit_pc,control,1,1,0,11,4,17,13,55,6,13,5,11,0,3
pc-a43de86b-919,forschung_muskelkraft__mit_pc,control,0,1,1,8,4,16,9,31,2,7,4,14,0,0
pc-a43de86b-919,urzeitliche_kolosse__mit_pc,control,1,0,0,8,-4,14,7,32,4,7,3,6,0,0
pc-3855d633-920,forschung_muskelkraft__mit_pc,control,0,1,1,8,3,18,9,32,2,8,6,14,0,0
pc-3855d633-920,urzeitliche_kolosse__mit_pc,control,1,0,0,8,-4,14,9,35,1,9,3,7,0,0
pc-b1a326f0-921,forschung_muskelkraft__mit_pc,control,0,1,1,7,1,17,7,24,4,6,4,12,0,0
pc-b1a326f0-921,urzeitliche_kolosse__mit_pc,control,1,0,0,7,-2,12,7,24,4,7,1,9,0,0
pc-45bb14b8-922,forschung_muskelkraft__mit_pc,control,0,0,1,5,-1,10,5,14,1,4,2,4,0,0
pc-45bb14b8-922,urzeitliche_kolosse__mit_pc,control,1,1,0,5,6,9,5,13,2,5,0,11,0,0
pc-bf086575-923,forschung_muskelkraft__mit_pc,control,0,1,1,6,2,13,6,19,1,5,4,12,0,0
pc-bf086575-923,urzeitliche_kolosse__mit_pc,control,1,0,0,6,-2,10,7,18,1,6,1,8,0,0
pc-5320533d-924,forschung_muskelkraft__mit_pc,control,0,1,1,10,3,16,13,45,4,11,7,11,0,0
pc-5320533d-924,urzeitliche_kolosse__mit_pc,control,1,0,0,10,-1,15,13,47,4,12,6,7,0,1
pc-cc6da3fa-925,forschung_muskelkraft__mit_pc,control,0,0,1,8,-1,16,8,28,8,6,4,0,0,0
pc-cc6da3fa-925,urzeitliche_kolosse__mit_pc,control,1,1,0,8,10,13,9,30,6,8,2,11,0,0
pc-608591c2-926,forschung_muskelkraft__mit_pc,control,0,0,1,7,-2,13,7,26,1,6,5,8,0,0
pc-608591c2-926,urzeitliche_kolosse__mit_pc,control,1,1,0,7,2,12,8,25,1,8,3,12,0,0
pc-d9d2e27f-927,forschung_muskelkraft__mit_pc,control,0,0,1,5,0,12,4,12,3,3,2,7,0,0
pc-d9d2e27f-927,urzeitliche_kolosse__mit_pc,control,1,1,0,5,3,9,5,15,0,5,0,10,0,1
pc-6dead047-928,forschung_muskelkraft__mit_pc,control,0,1,1,8,4,16,8,28,4,6,8,12,0,0
pc-6dead047-928,urzeitliche_kolosse__mit_pc,control,1,0,0,8,-2,13,10,35,0,10,1,6,0,1
pc-e7382104-929,forschung_muskelkraft__mit_pc,control,0,0,1,4,-2,10,3,7,3,2,0,4,0,0
pc-e7382104-929,urzeitliche_kolosse__mit_pc,control,1,1,0,4,6,10,3,8,1,3,0,12,0,0
pc-7b500ecc-930,forschung_muskelkraft__mit_pc,control,0,0,1,8,0,18,9,29,6,7,4,7,0,0
pc-7b500ecc-930,urzeitliche_kolosse__mit_pc,control,1,1,0,8,3,14,7,32,4,7,2,10,0,0
pc-f49d7f89-931,forschung_muskelkraft__mit_pc,control,0,0,1,7,-2,15,6,25,2,6,4,3,0,0
pc-f49d7f89-931,urzeitliche_kolosse__mit_pc,control,1,1,0,7,7,12,7,27,1,7,5,12,0,0
pc-dc0d5caf-932,forschung_muskelkraft__mit_pc,control,0,0,1,10,0,19,11,41,4,9,5,9,0,0
pc-dc0d5caf-932,urzeitliche_kolosse__mit_pc,control,1,1,0,10,1,16,11,46,3,10,4,10,0,1
pc-555aad6d-933,forschung_muskelkraft__mit_pc,control,0,1,1,10,1,19,9,36,9,8,10,15,0,0
pc-555aad6d-933,urzeitliche_kolosse__mit_pc,control,1,0,0,10,-5,15,13,46,5,12,4,9,0,1
pc-e9729b34-934,forschung_muskelkraft__mit_pc,control,0,1,1,8,6,18,7,29,4,6,7,15,0,0
pc-e9729b34-934,urzeitliche_kolosse__mit_pc,control,1,0,0,8,-5,12,10,35,1,9,3,4,0,1
pc-62bfebf2-935,forschung_muskelkraft__mit_pc,control,0,0,1,6,0,14,6,19,1,5,3,4,0,0
pc-62bfebf2-935,urzeitliche_kolosse__mit_pc,control,1,1,0,6,6,12,5,19,1,5,2,10,0,2
pc-f6d7d9b9-936,forschung_muskelkraft__mit_pc,control,0,1,1,8,6,17,8,31,3,7,7,10,0,0
pc-f6d7d9b9-936,urzeitliche_kolosse__mit_pc,control,1,0,0,8,0,12,10,33,3,10,2,4,0,1
pc-70252a77-937,forschung_muskelkraft__mit_pc,control,0,0,1,9,-1,17,9,34,2,8,5,8,0,0
pc-70252a77-937,urzeitliche_kolosse__mit_pc,control,1,1,0,9,2,14,9,33,3,8,3,11,0,2
pc-043d183f-938,forschung_muskelkraft__mit_pc,control,0,0,1,6,0,16,6,19,2,5,2,6,0,0
pc-043d183f-938,urzeitliche_kolosse__mit_pc,control,1,1,0,6,4,11,6,18,3,6,2,10,0,0
pc-7d8a68fc-939,forschung_muskelkraft__mit_pc,control,0,0,1,10,-2,20,10,39,7,8,11,6,0,0
pc-7d8a68fc-939,urzeitliche_kolosse__mit_pc,control,1,1,0,10,4,16,12,48,2,12,3,12,0,0
pc-11a256c4-940,forschung_muskelkraft__mit_pc,control,0,0,1,5,-1,11,4,12,3,3,1,6,0,0
pc-11a256c4-940,urzeitliche_kolosse__mit_pc,control,1,1,0,5,4,10,4,13,2,4,0,11,0,0
pc-8aefa781-941,forschung_muskelkraft__mit_pc,control,0,0,1,8,0,15,9,31,3,7,7,6,0,0
pc-8aefa781-941,urzeitliche_kolosse__mit_pc,control,1,1,0,8,4,13,9,33,3,9,2,10,0,0
pc-1f079549-942,forschung_muskelkraft__mit_pc,control,0,0,1,11,-2,22,12,46,15,11,9,9,0,0
pc-1f079549-942,urzeitliche_kolosse__mit_pc,control,1,1,0,11,1,18,13,53,8,12,6,12,0,1
pc-9854e606-943,forschung_muskelkraft__mit_pc,control,0,1,1,6,10,12,6,20,1,5,2,10,0,0
pc-9854e606-943,urzeitliche_kolosse__mit_pc,control,1,0,0,6,0,12,4,18,3,4,1,0,0,1
pc-2c6cd3ce-944,forschung_muskelkraft__mit_pc,control,0,1,1,12,4,20,13,50,22,11,11,14,0,0
pc-2c6cd3ce-944,urzeitliche_kolosse__mit_pc,control,1,0,0,12,-4,17,15,57,17,14,6,6,0,1
pc-a5ba248b-945,forschung_muskelkraft__mit_pc,control,0,1,1,7,6,16,7,23,2,6,6,12,0,0
pc-a5ba248b-945,urzeitliche_kolosse__mit_pc,control,1,0,0,7,-2,12,8,28,0,8,2,4,0,1
pc-39d21253-946,forschung_muskelkraft__mit_pc,control,0,1,1,7,3,13,6,23,4,5,2,10,0,0
pc-39d21253-946,urzeitliche_kolosse__mit_pc,control,1,0,0,7,0,13,6,25,3,6,3,7,0,2
pc-b31f6310-947,forschung_muskelkraft__mit_pc,control,0,1,1,7,4,16,8,27,1,7,7,13,0,0
pc-b31f6310-947,urzeitliche_kolosse__mit_pc,control,1,0,0,7,-3,12,8,23,5,8,2,6,0,0
pc-473750d8-948,forschung_muskelkraft__mit_pc,control,0,1,1,13,3,23,15,61,25,13,10,11,0,0
pc-473750d8-948,urzeitliche_kolosse__mit_pc,control,1,0,0,13,-1,17,15,57,28,14,9,7,0,3
pc-c084a195-949,forschung_muskelkraft__mit_pc,control,0,0,1,9,-1,17,7,30,6,6,8,8,0,0
pc-c084a195-949,urzeitliche_kolosse__mit_pc,control,1,1,0,9,2,14,10,33,3,10,1,11,0,0
pc-16416490-950,forschung_muskelkraft__mit_pc,control,0,1,0,11,5,22,14,52,8,12,10,11,0,0
pc-16416490-950,urzeitliche_kolosse__mit_pc,control,1,0,1,11,-1,17,14,48,9,13,7,5,0,3
pc-9cf413d2-951,forschung_muskelkraft__mit_pc,control,0,1,0,6,1,12,6,20,1,5,2,10,0,0
pc-9cf413d2-951,urzeitliche_kolosse__mit_pc,control,1,0,1,6,0,10,7,18,2,7,0,9,0,0
pc-08dc260b-952,forschung_muskelkraft__mit_pc,control,0,1,0,9,3,17,11,34,3,9,9,10,0,0
pc-08dc260b-952,urzeitliche_kolosse__mit_pc,control,1,0,1,9,0,14,12,38,2,12,4,7,0,0
pc-8f8ed54d-953,forschung_muskelkraft__mit_pc,control,0,0,0,7,-3,14,7,24,4,5,4,4,0,0
pc-8f8ed54d-953,urzeitliche_kolosse__mit_pc,control,1,1,1,7,6,12,9,25,3,8,3,13,0,0
pc-fb76e785-954,forschung_muskelkraft__mit_pc,control,0,1,0,8,10,20,9,32,4,8,5,10,0,0
pc-fb76e785-954,urzeitliche_kolosse__mit_pc,control,1,0,1,8,0,15,8,31,5,8,3,0,0,0
pc-822996c8-955,forschung_muskelkraft__mit_pc,control,0,0,0,9,0,20,13,44,1,11,8,0,0,0
pc-822996c8-955,urzeitliche_kolosse__mit_pc,control,1,1,1,9,10,14,12,43,2,11,7,10,0,0
pc-ee11a900-956,forschung_muskelkraft__mit_pc,control,0,1,0,9,4,17,10,37,4,8,8,10,0,0
pc-ee11a900-956,urzeitliche_kolosse__mit_pc,control,1,0,1,9,0,14,10,35,8,9,3,6,0,0
pc-74c45843-957,forschung_muskelkraft__mit_pc,control,0,0,0,8,-1,17,9,26,2,7,6,4,0,0
pc-74c45843-957,urzeitliche_kolosse__mit_pc,control,1,1,1,8,6,14,8,26,2,8,2,11,0,0
pc-e0ac6a7b-958,forschung_muskelkraft__mit_pc,control,0,0,0,7,0,13,5,22,6,5,3,0,0,0
pc-e0ac6a7b-958,urzeitliche_kolosse__mit_pc,control,1,1,1,7,10,13,8,23,4,8,1,10,0,0
pc-675f19be-959,forschung_muskelkraft__mit_pc,control,0,0,0,11,-1,20,13,50,16,11,10,4,0,0
pc-675f19be-959,urzeitliche_kolosse__mit_pc,control,1,1,1,11,6,16,14,51,7,14,6,11,0,1
pc-d3472bf6-960,forschung_muskelkraft__mit_pc,control,0,0,0,10,-2,17,10,38,7,9,6,7,0,0
pc-d3472bf6-960,urzeitliche_kolosse__mit_pc,control,1,1,1,10,3,17,9,38,7,9,4,12,0,0
pc-59f9db39-961,forschung_muskelkraft__mit_pc,control,0,0,0,8,-1,17,9,32,4,8,4,4,0,0
pc-59f9db39-961,urzeitliche_kolosse__mit_pc,control,1,1,1,8,6,14,10,33,3,9,4,11,0,1
pc-c5e1ed71-962,forschung_muskelkraft__mit_pc,control,0,0,0,9,0,21,10,40,5,9,4,1,0,0
pc-c5e1ed71-962,urzeitliche_kolosse__mit_pc,control,1,1,1,9,9,14,10,37,3,9,5,10,0,0
pc-4c949cb4-963,forschung_muskelkraft__mit_pc,control,0,1,0,12,4,22,13,51,20,11,11,11,0,0
pc-4c949cb4-963,urzeitliche_kolosse__mit_pc,control,1,0,1,12,-1,16,15,59,11,14,7,6,0,1
pc-b87caeec-964,forschung_muskelkraft__mit_pc,control,0,0,0,6,0,14,7,20,1,5,4,0,0,0
pc-b87caeec-964,urzeitliche_kolosse__mit_pc,control,1,1,1,6,10,11,7,18,1,7,2,10,0,0
pc-3f2f5e2f-965,forschung_muskelkraft__mit_pc,control,0,0,0,4,-1,10,2,6,4,2,0,0,0,0
pc-3f2f5e2f-965,urzeitliche_kolosse__mit_pc,control,1,1,1,4,10,9,4,10,0,4,1,11,0,0
pc-ab177067-966,forschung_muskelkraft__mit_pc,control,0,1,0,6,1,12,5,17,3,4,4,14,0,0
pc-ab177067-966,urzeitliche_kolosse__mit_pc,control,1,0,1,6,-4,11,6,18,1,6,0,9,0,0
pc-31ca1faa-967,forschung_muskelkraft__mit_pc,control,0,0,0,8,0,16,8,24,9,7,6,5,0,0
pc-31ca1faa-967,urzeitliche_kolosse__mit_pc,control,1,1,1,8,5,14,9,36,0,9,4,10,0,0
pc-9db231e2-968,forschung_muskelkraft__mit_pc,control,0,1,0,8,3,18,7,26,9,6,6,12,0,0
pc-9db231e2-968,urzeitliche_kolosse__mit_pc,control,1,0,1,8,-2,13,9,31,4,9,1,7,0,0
pc-2464c125-969,forschung_muskelkraft__mit_pc,control,0,0,0,11,0,22,14,53,7,12,10,9,0,0
pc-2464c125-969,urzeitliche_kolosse__mit_pc,control,1,1,1,11,1,16,14,55,5,13,7,10,0,0
pc-904cf35d-970,forschung_muskelkraft__mit_pc,control,0,0,0,6,-1,15,5,18,3,4,3,8,0,0
pc-904cf35d-970,urzeitliche_kolosse__mit_pc,control,1,1,1,6,2,12,7,21,0,6,1,11,0,0
pc-16ff82a0-971,forschung_muskelkraft__mit_pc,control,0,0,0,9,0,21,9,33,3,9,4,6,0,0
pc-16ff82a0-971,urzeitliche_kolosse__mit_pc,control,1,1,1,9,4,14,9,34,4,8,4,10,0,0
pc-82e7b4d8-972,forschung_muskelkraft__mit_pc,control,0,1,0,11,2,19,13,49,12,11,9,10,0,0
pc-82e7b4d8-972,urzeitliche_kolosse__mit_pc,control,1,0,1,11,0,16,14,57,7,13,6,8,0,1
pc-099a441b-973,forschung_muskelkraft__mit_pc,control,0,1,0,13,2,22,15,59,19,13,14,17,0,0
pc-099a441b-973,urzeitliche_kolosse__mit_pc,control,1,0,1,13,-7,18,16,62,24,15,8,8,0,2
pc-75827653-974,forschung_muskelkraft__mit_pc,control,0,1,0,6,6,14,5,18,2,5,2,11,0,0
pc-75827653-974,urzeitliche_kolosse__mit_pc,control,1,0,1,6,-1,13,7,21,0,6,2,4,0,0
pc-fc350595-975,forschung_muskelkraft__mit_pc,control,0,0,0,4,-1,10,3,8,2,3,0,0,0,0
pc-fc350595-975,urzeitliche_kolosse__mit_pc,control,1,1,1,4,10,7,4,8,1,4,1,11,0,0
pc-681d37ce-976,forschung_muskelkraft__mit_pc,control,0,1,0,6,10,15,7,20,1,5,3,11,0,0
pc-681d37ce-976,urzeitliche_kolosse__mit_pc,control,1,0,1,6,-1,9,5,17,3,5,2,0,0,0
pc-eecfc710-977,forschung_muskelkraft__mit_pc,control,0,0,0,9,-1,16,11,42,2,10,6,2,0,0
pc-eecfc710-977,urzeitliche_kolosse__mit_pc,control,1,1,1,9,8,13,11,42,3,11,6,11,0,0
pc-5ab7f949-978,forschung_muskelkraft__mit_pc,control,0,1,0,7,4,17,6,19,2,5,3,13,0,0
pc-5ab7f949-978,urzeitliche_kolosse__mit_pc,control,1,0,1,7,-3,12,7,26,2,7,1,6,0,3
pc-e16a888b-979,forschung_muskelkraft__mit_pc,control,0,0,0,5,-3,11,2,9,6,2,0,4,0,0
pc-e16a888b-979,urzeitliche_kolosse__mit_pc,control,1,1,1,5,6,11,4,14,1,4,0,13,0,0
pc-4d52bac4-980,forschung_muskelkraft__mit_pc,control,0,1,0,8,1,18,10,33,1,8,4,11,0,0
pc-4d52bac4-980,urzeitliche_kolosse__mit_pc,control,1,0,1,8,-1,13,8,34,2,7,4,9,0,0
pc-d4054a06-981,forschung_muskelkraft__mit_pc,control,0,1,0,12,1,21,14,57,18,12,11,10,0,0
pc-d4054a06-981,urzeitliche_kolosse__mit_pc,control,1,0,1,12,0,17,15,56,17,14,7,9,0,3
pc-ec956ce0-982,forschung_muskelkraft__mit_pc,control,0,1,0,12,1,22,16,62,8,14,8,11,0,0
pc-ec956ce0-982,urzeitliche_kolosse__mit_pc,control,1,0,1,12,-1,16,14,57,20,13,9,9,0,1
pc-73481c23-983,forschung_muskelkraft__mit_pc,control,0,1,0,6,2,14,5,18,2,5,5,10,0,0
pc-73481c23-983,urzeitliche_kolosse__mit_pc,control,1,0,1,6,0,11,6,20,1,6,1,8,0,0
pc-df302e5b-984,forschung_muskelkraft__mit_pc,control,0,1,0,9,5,17,10,37,4,8,9,12,0,0
pc-df302e5b-984,urzeitliche_kolosse__mit_pc,control,1,0,1,9,-2,14,12,42,1,12,3,5,0,0
pc-65e2dd9e-985,forschung_muskelkraft__mit_pc,control,0,0,0,7,-2,13,7,24,3,5,3,3,0,0
pc-65e2dd9e-985,urzeitliche_kolosse__mit_pc,control,1,1,1,7,7,13,7,27,1,7,2,12,0,0
pc-d1caefd6-986,forschung_muskelkraft__mit_pc,control,0,1,0,7,4,16,7,25,2,6,3,10,0,0
pc-d1caefd6-986,urzeitliche_kolosse__mit_pc,control,1,0,1,7,0,11,6,23,5,6,3,6,0,0
pc-587d9f19-987,forschung_muskelkraft__mit_pc,control,0,0,0,6,-1,17,6,19,2,5,6,5,0,0
pc-587d9f19-987,urzeitliche_kolosse__mit_pc,control,1,1,1,6,5,10,7,17,1,7,3,11,0,0
pc-c465b151-988,forschung_muskelkraft__mit_pc,control,0,0,0,8,0,14,9,32,1,7,3,9,0,0
pc-c465b151-988,urzeitliche_kolosse__mit_pc,control,1,1,1,8,1,13,8,30,2,7,2,10,0,0
pc-4b184094-989,forschung_muskelkraft__mit_pc,control,0,1,0,7,1,13,7,23,2,6,4,12,0,0
pc-4b184094-989,urzeitliche_kolosse__mit_pc,control,1,0,1,7,-2,12,7,25,3,6,2,9,0,0
pc-b70072cc-990,forschung_muskelkraft__mit_pc,control,0,1,0,11,3,23,13,49,12,11,10,13,0,0
pc-b70072cc-990,urzeitliche_kolosse__mit_pc,control,1,0,1,11,-3,17,14,50,6,13,7,7,0,2
pc-3db3020f-991,forschung_muskelkraft__mit_pc,control,0,1,0,7,1,14,8,25,2,6,4,10,0,0
pc-3db3020f-991,urzeitliche_kolosse__mit_pc,control,1,0,1,7,0,11,7,25,3,6,1,9,0,0
pc-a99b3447-992,forschung_muskelkraft__mit_pc,control,0,1,0,8,1,20,11,35,1,9,6,11,0,0
pc-a99b3447-992,urzeitliche_kolosse__mit_pc,control,1,0,1,8,-1,14,9,32,3,9,6,9,0,2
pc-304dc38a-993,forschung_muskelkraft__mit_pc,control,0,0,0,15,-4,23,17,65,48,15,14,8,0,0
pc-304dc38a-993,urzeitliche_kolosse__mit_pc,control,1,1,1,15,2,19,18,72,38,17,10,14,0,0
pc-9c35f5c2-994,forschung_muskelkraft__mit_pc,control,0,1,0,9,1,19,10,34,7,8,10,13,0,0
pc-9c35f5c2-994,urzeitliche_kolosse__mit_pc,control,1,0,1,9,-3,14,12,37,3,11,4,9,0,3
pc-22e88505-995,forschung_muskelkraft__mit_pc,control,0,1,0,6,3,14,6,19,1,5,3,10,0,0
pc-22e88505-995,urzeitliche_kolosse__mit_pc,control,1,0,1,6,0,12,7,18,1,6,1,7,0,0
pc-8ed0b73d-996,forschung_muskelkraft__mit_pc,control,0,0,0,6,0,14,7,20,1,5,3,7,0,0
pc-8ed0b73d-996,urzeitliche_kolosse__mit_pc,control,1,1,1,6,3,10,5,18,2,5,1,10,0,0
pc-15834680-997,forschung_muskelkraft__mit_pc,control,0,0,0,10,0,21,13,48,7,11,5,4,0,0
pc-15834680-997,urzeitliche_kolosse__mit_pc,control,1,1,1,10,6,15,9,42,7,9,7,10,0,3
pc-816b78b8-998,forschung_muskelkraft__mit_pc,control,0,0,0,6,0,13,5,19,2,5,3,5,0,0
pc-816b78b8-998,urzeitliche_kolosse__mit_pc,control,1,1,1,6,5,10,6,19,2,6,2,10,0,0
pc-081e07fb-999,forschung_muskelkraft__mit_pc,control,0,0,0,14,-1,22,16,65,34,14,14,9,0,0
pc-081e07fb-999,urzeitliche_kolosse__mit_pc,control,1,1,1,14,1,18,17,69,24,16,9,11,0,3
pc-38c29be3-1000,forschung_muskelkraft__mit_pc,control,0,0,1,5,-2,13,2,7,8,2,1,0,0,0
pc-38c29be3-1000,urzeitliche_kolosse__ohne_pc,control,1,1,0,5,10,11,5,14,1,4,1,12,0,0
pc-b20feca0-1001,forschung_muskelkraft__mit_pc,control,0,0,1,10,0,21,11,40,5,9,7,7,0,0
pc-b20feca0-1001,urzeitliche_kolosse__ohne_pc,control,1,1,0,10,3,16,10,48,7,10,4,10,0,2
pc-2b5d5d5e-1002,forschung_muskelkraft__mit_pc,control,0,0,1,4,0,10,5,9,1,4,1,0,0,0
pc-2b5d5d5e-1002,urzeitliche_kolosse__ohne_pc,control,1,1,0,4,10,8,4,10,0,3,1,10,0,0
pc-a4aaae1b-1003,forschung_muskelkraft__mit_pc,control,0,1,1,8,4,16,6,23,5,6,5,13,0,0
pc-a4aaae1b-1003,urzeitliche_kolosse__ohne_pc,control,1,0,0,8,-3,13,8,33,3,8,1,6,0,1
pc-538d18ed-1004,forschung_muskelkraft__mit_pc,control,0,1,1,7,8,19,8,26,2,7,3,13,0,0
pc-538d18ed-1004,urzeitliche_kolosse__ohne_pc,control,1,0,0,7,-3,11,7,25,3,6,3,2,0,0
pc-ccda69aa-1005,forschung_muskelkraft__mit_pc,control,0,1,1,6,4,15,5,19,2,5,3,13,0,0
pc-ccda69aa-1005,urzeitliche_kolosse__ohne_pc,control,1,0,0,6,-3,10,6,19,2,6,2,6,0,0
pc-4627da68-1006,forschung_muskelkraft__mit_pc,control,0,1,1,6,7,11,7,19,1,5,3,12,0,0
pc-4627da68-1006,urzeitliche_kolosse__ohne_pc,control,1,0,0,6,-2,10,6,18,3,5,3,3,0,0
pc-bf752b25-1007,forschung_muskelkraft__mit_pc,control,0,0,1,8,-2,17,8,25,3,7,5,9,0,0
pc-bf752b25-1007,urzeitliche_kolosse__ohne_pc,control,1,1,0,8,1,14,8,33,3,8,2,12,0,1
pc-6e5795f7-1008,forschung_muskelkraft__mit_pc,control,0,0,1,3,0,9,0,0,3,0,0,0,0,0
pc-6e5795f7-1008,urzeitliche_kolosse__ohne_pc,control,1,1,0,3,10,7,3,6,0,3,0,10,0,0
pc-e7a4e6b4-1009,forschung_muskelkraft__mit_pc,control,0,1,1,7,2,16,7,24,4,7,5,11,0,0
pc-e7a4e6b4-1009,urzeitliche_kolosse__ohne_pc,control,1,0,0,7,-1,11,8,26,2,7,2,8,0,1
pc-60f25772-1010,forschung_muskelkraft__mit_pc,control,0,0,1,5,-1,9,5,13,2,3,2,3,0,0
pc-60f25772-1010,urzeitliche_kolosse__ohne_pc,control,1,1,0,5,7,10,5,14,1,5,1,11,0,0
pc-da3fa82f-1011,forschung_muskelkraft__mit_pc,control,0,0,1,5,0,14,5,14,1,4,2,6,0,0
pc-da3fa82f-1011,urzeitliche_kolosse__ohne_pc,control,1,1,0,5,4,10,5,12,2,5,2,10,0,0
pc-89221301-1012,forschung_muskelkraft__mit_pc,control,0,0,1,6,-1,14,5,17,4,4,3,3,0,0
pc-89221301-1012,urzeitliche_kolosse__ohne_pc,control,1,1,0,6,7,11,6,17,3,6,2,11,0,0
pc-026f63bf-1013,forschung_muskelkraft__mit_pc,control,0,1,1,8,6,16,9,33,1,8,8,10,0,0
pc-026f63bf-1013,urzeitliche_kolosse__ohne_pc,control,1,0,0,8,0,13,9,32,3,8,4,4,0,0
pc-7bbcd47c-1014,forschung_muskelkraft__mit_pc,control,0,1,1,7,6,16,6,22,6,5,3,10,0,0
pc-7bbcd47c-1014,urzeitliche_kolosse__ohne_pc,control,1,0,0,7,0,13,7,25,3,7,1,4,0,0
pc-f50a2539-1015,forschung_muskelkraft__mit_pc,control,0,1,1,7,6,15,7,25,1,6,4,10,0,0
pc-f50a2539-1015,urzeitliche_kolosse__ohne_pc,control,1,0,0,7,0,12,7,26,2,7,1,4,0,1
pc-a3ec900b-1016,forschung_muskelkraft__mit_pc,control,0,1,1,12,6,22,16,63,3,14,11,10,0,0
pc-a3ec900b-1016,urzeitliche_kolosse__ohne_pc,control,1,0,0,12,0,16,15,54,19,13,9,4,0,1
pc-1d39e0c9-1017,forschung_muskelkraft__mit_pc,control,0,1,1,10,4,18,14,52,2,13,9,12,0,0
pc-1d39e0c9-1017,urzeitliche_kolosse__ohne_pc,control,1,0,0,10,-2,15,13,42,11,11,9,6,0,1
pc-96875186-1018,forschung_muskelkraft__mit_pc,control,0,1,1,10,2,19,11,44,6,10,8,12,0,0
pc-96875186-1018,urzeitliche_kolosse__ohne_pc,control,1,0,0,10,-2,14,13,44,8,11,5,8,0,0
pc-0fd4a244-1019,forschung_muskelkraft__mit_pc,control,0,1,1,7,4,17,8,26,2,7,4,12,0,0
pc-0fd4a244-1019,urzeitliche_kolosse__ohne_pc,control,1,0,0,7,-2,10,9,24,2,7,2,6,0,0
pc-beb70d15-1020,forschung_muskelkraft__mit_pc,control,0,1,1,7,1,15,7,24,3,5,4,11,0,0
pc-beb70d15-1020,urzeitliche_kolosse__ohne_pc,control,1,0,0,7,-1,12,8,28,0,7,0,9,0,0
pc-38047dd3-1021,forschung_muskelkraft__mit_pc,control,0,1,1,8,4,14,10,32,1,8,8,14,0,0
pc-38047dd3-1021,urzeitliche_kolosse__ohne_pc,control,1,0,0,8,-4,13,9,31,2,9,5,6,0,1
pc-b151ce90-1022,forschung_muskelkraft__mit_pc,control,0,0,1,9,-1,21,12,38,4,10,4,7,0,0
pc-b151ce90-1022,urzeitliche_kolosse__ohne_pc,control,1,1,0,9,3,13,11,40,3,9,7,11,0,0
pc-2a9f3f4e-1023,forschung_muskelkraft__mit_pc,control,0,0,1,5,-1,13,3,11,4,3,2,3,0,0
pc-2a9f3f4e-1023,urzeitliche_kolosse__ohne_pc,control,1,1,0,5,7,9,5,13,0,5,1,11,0,0
pc-d9818a1f-1024,forschung_muskelkraft__mit_pc,control,0,1,1,9,1,16,9,35,7,7,6,13,0,0
pc-d9818a1f-1024,urzeitliche_kolosse__ohne_pc,control,1,0,0,9,-3,15,8,39,6,8,3,9,0,2
pc-52cefadd-1025,forschung_muskelkraft__mit_pc,control,0,0,1,6,0,15,5,15,6,3,3,5,0,0
pc-52cefadd-1025,urzeitliche_kolosse__ohne_pc,control,1,1,0,6,5,10,8,20,0,7,1,10,0,0
pc-cc1c4b9a-1026,forschung_muskelkraft__mit_pc,control,0,1,1,12,2,23,14,51,15,12,13,13,0,0
pc-cc1c4b9a-1026,urzeitliche_kolosse__ohne_pc,control,1,0,0,12,-3,17,15,58,11,14,8,8,0,2
pc-4569bc58-1027,forschung_muskelkraft__mit_pc,control,0,1,1,7,2,17,7,26,2,7,4,12,0,0
pc-4569bc58-1027,urzeitliche_kolosse__ohne_pc,control,1,0,0,7,-2,10,7,25,3,7,3,8,0,0
pc-f44c0729-1028,forschung_muskelkraft__mit_pc,control,0,1,1,8,10,18,9,32,2,8,5,11,0,0
pc-f44c0729-1028,urzeitliche_kolosse__ohne_pc,control,1,0,0,8,-1,13,7,31,5,7,4,0,0,1
pc-6d9977e7-1029,forschung_muskelkraft__mit_pc,control,0,0,1,8,-2,14,9,32,4,8,4,7,0,0
pc-6d9977e7-1029,urzeitliche_kolosse__ohne_pc,control,1,1,0,8,3,14,9,33,3,9,6,12,0,0
pc-e6e6c8a4-1030,forschung_muskelkraft__mit_pc,control,0,1,1,7,6,17,8,25,2,6,5,11,0,0
pc-e6e6c8a4-1030,urzeitliche_kolosse__ohne_pc,control,1,0,0,7,-1,12,7,23,3,7,1,4,0,0
pc-60343962-1031,forschung_muskelkraft__mit_pc,control,0,0,1,5,-1,13,4,13,2,4,3,4,0,0
pc-60343962-1031,urzeitliche_kolosse__ohne_pc,control,1,1,0,5,6,10,5,13,2,5,0,11,0,0
pc-0f168434-1032,forschung_muskelkraft__mit_pc,control,0,1,1,7,4,14,5,22,6,5,5,14,0,0
pc-0f168434-1032,urzeitliche_kolosse__ohne_pc,control,1,0,0,7,-4,11,6,22,6,6,0,6,0,0
pc-8863f4f1-1033,forschung_muskelkraft__mit_pc,control,0,0,1,5,-2,12,2,9,6,2,0,0,0,0
pc-8863f4f1-1033,urzeitliche_kolosse__ohne_pc,control,1,1,0,5,10,9,5,13,0,4,0,12,0,1
pc-01b145af-1034,forschung_muskelkraft__mit_pc,control,0,1,1,8,1,14,8,24,4,6,6,14,0,0
pc-01b145af-1034,urzeitliche_kolosse__ohne_pc,control,1,0,0,8,-4,13,9,33,3,9,1,9,0,1
pc-7afeb66c-1035,forschung_muskelkraft__mit_pc,control,0,0,1,7,-1,15,7,26,1,6,2,4,0,0
pc-7afeb66c-1035,urzeitliche_kolosse__ohne_pc,control,1,1,0,7,6,13,7,27,1,6,2,11,0,0
pc-29e1013e-1036,forschung_muskelkraft__mit_pc,control,0,0,1,8,-2,15,9,33,3,8,5,5,0,0
pc-29e1013e-1036,urzeitliche_kolosse__ohne_pc,control,1,1,0,8,5,13,8,34,2,7,3,12,0,0
pc-a32e71fb-1037,forschung_muskelkraft__mit_pc,control,0,1,1,10,6,18,9,35,15,9,11,14,0,0
pc-a32e71fb-1037,urzeitliche_kolosse__ohne_pc,control,1,0,0,10,-4,15,13,40,8,12,6,4,0,0
pc-1c7bc2b9-1038,forschung_muskelkraft__mit_pc,control,0,1,1,7,6,17,9,27,1,7,4,10,0,0
pc-1c7bc2b9-1038,urzeitliche_kolosse__ohne_pc,control,1,0,0,7,0,12,9,25,3,7,3,4,0,0
pc-95c93376-1039,forschung_muskelkraft__mit_pc,control,0,1,1,12,1,22,15,56,10,13,12,14,0,0
pc-95c93376-1039,urzeitliche_kolosse__ohne_pc,control,1,0,0,12,-4,18,15,56,18,14,8,9,0,1
pc-44ab9e48-1040,forschung_muskelkraft__mit_pc,control,0,1,1,10,1,19,12,43,2,10,7,12,0,0
pc-44ab9e48-1040,urzeitliche_kolosse__ohne_pc,control,1,0,0,10,-2,15,13,43,6,11,5,9,0,0
pc-bdf8ef05-1041,forschung_muskelkraft__mit_pc,control,0,1,1,6,4,13,5,18,3,5,4,12,0,0
pc-bdf8ef05-1041,urzeitliche_kolosse__ohne_pc,control,1,0,0,6,-2,10,5,17,3,5,1,6,0,0
pc-37465fc3-1042,forschung_muskelkraft__mit_pc,control,0,0,1,3,-1,8,0,0,3,0,0,0,0,0
pc-37465fc3-1042,urzeitliche_kolosse__ohne_pc,control,1,1,0,3,10,9,3,6,0,2,0,11,0,0
pc-b093b080-1043,forschung_muskelkraft__mit_pc,control,0,0,1,8,-2,18,8,30,4,7,6,8,0,0
pc-b093b080-1043,urzeitliche_kolosse__ohne_pc,control,1,1,0,8,2,13,10,35,1,9,2,12,0,1
pc-5f761b52-1044,forschung_muskelkraft__mit_pc,control,0,0,1,7,-1,14,7,26,2,6,2,2,0,0
pc-5f761b52-1044,urzeitliche_kolosse__ohne_pc,control,1,1,0,7,8,14,9,27,0,7,4,11,0,0
pc-d8c36c0f-1045,forschung_muskelkraft__mit_pc,control,0,0,1,5,-2,13,5,14,1,4,1,2,0,0
pc-d8c36c0f-1045,urzeitliche_kolosse__ohne_pc,control,1,1,0,5,8,10,5,15,0,4,1,12,0,0
pc-5210dccd-1046,forschung_muskelkraft__mit_pc,control,0,0,1,5,0,14,5,14,1,4,2,8,0,0
pc-5210dccd-1046,urzeitliche_kolosse__ohne_pc,control,1,1,0,5,2,9,5,15,0,4,0,10,0,0
pc-cb5e2d8a-1047,forschung_muskelkraft__mit_pc,control,0,1,1,7,2,14,7,24,4,5,4,11,0,0
pc-cb5e2d8a-1047,urzeitliche_kolosse__ohne_pc,control,1,0,0,7,-1,11,7,26,2,6,0,8,0,0
pc-7a40985c-1048,forschung_muskelkraft__mit_pc,control,0,1,1,10,1,17,14,48,3,12,6,11,0,0
pc-7a40985c-1048,urzeitliche_kolosse__ohne_pc,control,1,0,0,10,-1,15,12,39,11,10,8,9,0,3
pc-f38de919-1049,forschung_muskelkraft__mit_pc,control,0,1,1,6,3,15,6,19,1,5,3,10,0,0
pc-f38de919-1049,urzeitliche_kolosse__ohne_pc,control,1,0,0,6,0,10,7,19,0,6,1,7,0,0
pc-77555b8b-1050,forschung_muskelkraft__mit_pc,control,0,1,0,7,7,16,7,25,1,6,4,12,0,0
pc-77555b8b-1050,urzeitliche_kolosse__ohne_pc,control,1,0,1,7,-2,11,6,26,2,6,3,3,0,1
pc-f0a2ac48-1051,forschung_muskelkraft__mit_pc,control,0,1,0,9,3,18,9,36,6,7,6,14,0,0
pc-f0a2ac48-1051,urzeitliche_kolosse__ohne_pc,control,1,0,1,9,-4,15,11,42,1,9,3,7,0,2
pc-84ba9a10-1052,forschung_muskelkraft__mit_pc,control,0,1,0,7,1,12,7,25,2,6,1,10,0,0
pc-84ba9a10-1052,urzeitliche_kolosse__ohne_pc,control,1,0,1,7,0,13,7,23,5,6,3,9,0,1
pc-fe07eacd-1053,forschung_muskelkraft__mit_pc,control,0,1,0,10,1,17,12,43,7,10,10,14,0,0
pc-fe07eacd-1053,urzeitliche_kolosse__ohne_pc,control,1,0,1,10,-4,15,13,45,4,12,5,9,0,1
pc-921fd895-1054,forschung_muskelkraft__mit_pc,control,0,1,0,10,1,20,11,40,5,9,9,10,0,0
pc-921fd895-1054,urzeitliche_kolosse__ohne_pc,control,1,0,1,10,0,16,13,45,3,12,4,9,0,1
pc-0b6d2953-1055,forschung_muskelkraft__mit_pc,control,0,1,0,11,1,22,14,55,11,12,10,11,0,0
pc-0b6d2953-1055,urzeitliche_kolosse__ohne_pc,control,1,0,1,11,-1,15,14,49,9,13,8,9,0,0
pc-9f85171a-1056,forschung_muskelkraft__mit_pc,control,0,1,0,6,3,15,6,19,2,5,4,12,0,0
pc-9f85171a-1056,urzeitliche_kolosse__ohne_pc,control,1,0,1,6,-2,11,7,19,0,6,2,7,0,1
pc-18d267d8-1057,forschung_muskelkraft__mit_pc,control,0,0,0,7,-1,15,7,26,1,6,3,6,0,0
pc-18d267d8-1057,urzeitliche_kolosse__ohne_pc,control,1,1,1,7,4,12,8,27,1,7,2,11,0,0
pc-acea559f-1058,forschung_muskelkraft__mit_pc,control,0,1,0,9,4,21,8,31,5,7,6,15,0,0
pc-acea559f-1058,urzeitliche_kolosse__ohne_pc,control,1,0,1,9,-5,14,11,35,8,10,2,6,0,0
pc-2637a65d-1059,forschung_muskelkraft__mit_pc,control,0,0,0,6,-2,16,6,19,2,5,2,0,0,0
pc-2637a65d-1059,urzeitliche_kolosse__ohne_pc,control,1,1,1,6,10,12,6,18,2,6,2,12,0,0
pc-ba4f9424-1060,forschung_muskelkraft__mit_pc,control,0,1,0,6,6,14,5,18,2,5,3,11,0,0
pc-ba4f9424-1060,urzeitliche_kolosse__ohne_pc,control,1,0,1,6,-1,9,6,18,1,6,2,4,0,0
pc-339ce4e2-1061,forschung_muskelkraft__mit_pc,control,0,0,0,8,-2,16,6,27,6,6,4,6,0,0
pc-339ce4e2-1061,urzeitliche_kolosse__ohne_pc,control,1,1,1,8,4,13,7,27,4,7,1,12,0,1
pc-c7b4d2a9-1062,forschung_muskelkraft__mit_pc,control,0,0,0,6,0,14,4,17,4,4,2,3,0,0
pc-c7b4d2a9-1062,urzeitliche_kolosse__ohne_pc,control,1,1,1,6,7,11,6,20,1,6,1,10,0,0
pc-41022367-1063,forschung_muskelkraft__mit_pc,control,0,0,0,11,0,23,13,47,8,11,11,7,0,0
pc-41022367-1063,urzeitliche_kolosse__ohne_pc,control,1,1,1,11,3,17,14,51,11,13,8,10,0,3
pc-d51a112e-1064,forschung_muskelkraft__mit_pc,control,0,0,0,9,-2,19,12,41,3,10,6,5,0,0
pc-d51a112e-1064,urzeitliche_kolosse__ohne_pc,control,1,1,1,9,5,13,11,41,2,11,6,12,0,1
pc-4e6761ec-1065,forschung_muskelkraft__mit_pc,control,0,0,0,7,0,12,7,25,2,5,4,9,0,0
pc-4e6761ec-1065,urzeitliche_kolosse__ohne_pc,control,1,1,1,7,1,11,9,27,1,8,3,10,0,3
pc-e27f4fb3-1066,forschung_muskelkraft__mit_pc,control,0,0,0,6,0,14,6,20,1,5,2,2,0,0
pc-e27f4fb3-1066,urzeitliche_kolosse__ohne_pc,control,1,1,1,6,8,10,6,20,0,6,2,10,0,0
pc-5bcca071-1067,forschung_muskelkraft__mit_pc,control,0,0,0,9,-1,17,11,42,3,10,6,4,0,0
pc-5bcca071-1067,urzeitliche_kolosse__ohne_pc,control,1,1,1,9,6,13,10,40,5,9,6,11,0,3
pc-efe48e38-1068,forschung_muskelkraft__mit_pc,control,0,1,0,8,3,17,9,32,3,8,4,10,0,0
pc-efe48e38-1068,urzeitliche_kolosse__ohne_pc,control,1,0,1,8,0,14,8,31,5,8,4,7,0,0
pc-6931fef6-1069,forschung_muskelkraft__mit_pc,control,0,1,0,6,4,14,5,19,2,5,4,14,0,0
pc-6931fef6-1069,urzeitliche_kolosse__ohne_pc,control,1,0,1,6,-4,11,6,19,2,6,3,6,0,0
pc-fd49ccbd-1070,forschung_muskelkraft__mit_pc,control,0,1,0,8,3,20,9,32,3,8,4,14,0,0
pc-fd49ccbd-1070,urzeitliche_kolosse__ohne_pc,control,1,0,1,8,-4,13,10,32,4,8,4,7,0,1
pc-76973d7b-1071,forschung_muskelkraft__mit_pc,control,0,1,0,10,3,18,12,44,7,10,8,12,0,0
pc-76973d7b-1071,urzeitliche_kolosse__ohne_pc,control,1,0,1,10,-2,14,13,51,4,11,5,7,0,0
pc-0aaf0b43-1072,forschung_muskelkraft__mit_pc,control,0,1,0,6,10,13,6,16,4,4,3,12,0,0
pc-0aaf0b43-1072,urzeitliche_kolosse__ohne_pc,control,1,0,1,6,-2,12,5,18,3,4,1,0,0,1
pc-83fc7c00-1073,forschung_muskelkraft__mit_pc,control,0,1,0,6,1,11,5,17,3,4,4,10,0,0
pc-83fc7c00-1073,urzeitliche_kolosse__ohne_pc,control,1,0,1,6,0,10,7,16,0,6,1,9,0,0
pc-181449c8-1074,forschung_muskelkraft__mit_pc,control,0,1,0,8,1,18,10,32,1,8,3,10,0,0
pc-181449c8-1074,urzeitliche_kolosse__ohne_pc,control,1,0,1,8,0,13,7,31,5,7,4,9,0,1
pc-9161ba85-1075,forschung_muskelkraft__mit_pc,control,0,1,0,5,6,11,5,12,3,4,2,10,0,0
pc-9161ba85-1075,urzeitliche_kolosse__ohne_pc,control,1,0,1,5,0,10,5,12,0,4,0,4,0,1
pc-2579884d-1076,forschung_muskelkraft__mit_pc,control,0,1,0,8,6,15,7,28,7,6,5,11,0,0
pc-2579884d-1076,urzeitliche_kolosse__ohne_pc,control,1,0,1,8,-1,12,8,32,4,8,1,4,0,0
pc-9ec6f90a-1077,forschung_muskelkraft__mit_pc,control,0,1,0,9,4,20,10,37,3,10,6,13,0,0
pc-9ec6f90a-1077,urzeitliche_kolosse__ohne_pc,control,1,0,1,9,-3,14,9,38,5,7,5,6,0,1
pc-32dec6d2-1078,forschung_muskelkraft__mit_pc,control,0,0,0,3,-1,9,3,5,1,2,0,2,0,0
pc-32dec6d2-1078,urzeitliche_kolosse__ohne_pc,control,1,1,1,3,8,8,3,6,0,3,0,11,0,0
pc-ac2c378f-1079,forschung_muskelkraft__mit_pc,control,0,0,0,12,0,23,19,73,3,17,8,6,0,0
pc-ac2c378f-1079,urzeitliche_kolosse__ohne_pc,control,1,1,1,12,4,17,15,56,15,13,12,10,0,5
pc-40440557-1080,forschung_muskelkraft__mit_pc,control,0,1,0,10,5,21,15,53,2,13,6,12,0,0
pc-40440557-1080,urzeitliche_kolosse__ohne_pc,control,1,0,1,10,-2,14,13,46,6,11,8,5,0,4
pc-b9917614-1081,forschung_muskelkraft__mit_pc,control,0,1,0,7,1,12,8,26,1,6,5,10,0,0
pc-b9917614-1081,urzeitliche_kolosse__ohne_pc,control,1,0,1,7,0,13,9,26,2,8,3,9,0,3
pc-4da943dc-1082,forschung_muskelkraft__mit_pc,control,0,0,0,6,-2,15,6,19,2,5,4,6,0,0
pc-4da943dc-1082,urzeitliche_kolosse__ohne_pc,control,1,1,1,6,4,11,8,20,0,7,2,12,0,0
pc-c6f6b499-1083,forschung_muskelkraft__mit_pc,control,0,1,0,13,7,23,16,61,22,14,13,17,0,0
pc-c6f6b499-1083,urzeitliche_kolosse__ohne_pc,control,1,0,1,13,-7,18,16,64,21,14,12,3,0,5
pc-5b0e8261-1084,forschung_muskelkraft__mit_pc,control,0,1,0,8,1,17,11,34,1,9,5,12,0,0
pc-5b0e8261-1084,urzeitliche_kolosse__ohne_pc,control,1,0,1,8,-2,13,9,34,2,8,5,9,0,2
pc-d45bf31e-1085,forschung_muskelkraft__mit_pc,control,0,0,0,5,-2,14,2,9,6,2,0,0,0,0
pc-d45bf31e-1085,urzeitliche_kolosse__ohne_pc,control,1,1,1,5,10,10,4,12,3,4,0,12,0,0
pc-6873c0e6-1086,forschung_muskelkraft__mit_pc,control,0,0,0,9,-4,18,9,32,4,7,7,8,0,0
pc-6873c0e6-1086,urzeitliche_kolosse__ohne_pc,control,1,1,1,9,2,14,11,35,5,10,2,14,0,0
pc-e1c131a3-1087,forschung_muskelkraft__mit_pc,control,0,0,0,6,-2,14,7,19,2,5,3,6,0,0
pc-e1c131a3-1087,urzeitliche_kolosse__ohne_pc,control,1,1,1,6,4,11,7,19,2,7,1,12,0,1
pc-75d91f6b-1088,forschung_muskelkraft__mit_pc,control,0,0,0,11,0,21,14,54,7,12,9,8,0,0
pc-75d91f6b-1088,urzeitliche_kolosse__ohne_pc,control,1,1,1,11,2,15,14,45,15,13,7,10,0,3
pc-ef267028-1089,forschung_muskelkraft__mit_pc,control,0,0,0,9,-1,20,11,39,4,9,6,9,0,0
pc-ef267028-1089,urzeitliche_kolosse__ohne_pc,control,1,1,1,9,1,14,11,42,0,10,5,11,0,1
pc-833e5df0-1090,forschung_muskelkraft__mit_pc,control,0,0,0,3,0,11,2,4,1,2,0,2,0,0
pc-833e5df0-1090,urzeitliche_kolosse__ohne_pc,control,1,1,1,3,8,9,3,6,0,2,0,10,0,0
pc-fc8baead-1091,forschung_muskelkraft__mit_pc,control,0,0,0,4,0,11,3,8,2,3,0,0,0,0
pc-fc8baead-1091,urzeitliche_kolosse__ohne_pc,control,1,1,1,4,10,10,4,10,0,3,1,10,0,0
pc-90a39c75-1092,forschung_muskelkraft__mit_pc,control,0,1,0,7,3,16,6,24,3,6,3,13,0,0
pc-90a39c75-1092,urzeitliche_kolosse__ohne_pc,control,1,0,1,7,-3,13,8,26,2,7,2,7,0,1
pc-09f0ed33-1093,forschung_muskelkraft__mit_pc,control,0,1,0,9,10,20,10,37,5,9,5,10,0,0
pc-09f0ed33-1093,urzeitliche_kolosse__ohne_pc,control,1,0,1,9,0,15,9,37,7,9,5,0,0,0
pc-9e08dafa-1094,forschung_muskelkraft__mit_pc,control,0,1,0,9,6,20,10,37,4,9,8,11,0,0
pc-9e08dafa-1094,urzeitliche_kolosse__ohne_pc,control,1,0,1,9,-1,15,12,39,6,10,5,4,0,0
pc-17562bb8-1095,forschung_muskelkraft__mit_pc,control,0,0,0,7,-1,14,7,25,2,6,5,4,0,0
pc-17562bb8-1095,urzeitliche_kolosse__ohne_pc,control,1,1,1,7,6,11,8,26,1,8,3,11,0,1
pc-ab6e197f-1096,forschung_muskelkraft__mit_pc,control,0,0,0,9,-1,20,9,36,6,8,4,7,0,0
pc-ab6e197f-1096,urzeitliche_kolosse__ohne_pc,control,1,1,1,9,3,14,10,37,4,8,3,11,0,1
pc-24bb6a3d-1097,forschung_muskelkraft__mit_pc,control,0,1,0,12,1,23,14,52,14,12,11,12,0,0
pc-24bb6a3d-1097,urzeitliche_kolosse__ohne_pc,control,1,0,1,12,-2,16,15,55,18,14,7,9,0,1
pc-b8d35804-1098,forschung_muskelkraft__mit_pc,control,0,1,0,11,1,21,12,48,7,11,10,15,0,0
pc-b8d35804-1098,urzeitliche_kolosse__ohne_pc,control,1,0,1,11,-5,17,14,54,9,12,7,9,0,0
pc-3220a8c2-1099,forschung_muskelkraft__mit_pc,control,0,1,0,10,3,19,12,47,4,10,10,11,0,0
pc-3220a8c2-1099,urzeitliche_kolosse__ohne_pc,control,1,0,1,10,-1,15,12,45,8,12,5,7,0,2
pc-aa0e25ec-1100,forschung_muskelkraft__ohne_pc,control,0,1,1,7,6,14,7,23,4,6,5,14,0,0
pc-aa0e25ec-1100,urzeitliche_kolosse__mit_pc,control,1,0,0,7,-4,13,8,23,3,8,2,4,0,0
pc-30c0d52f-1101,forschung_muskelkraft__ohne_pc,control,0,0,1,8,-1,20,8,32,4,8,4,8,0,0
pc-30c0d52f-1101,urzeitliche_kolosse__mit_pc,control,1,1,0,8,2,12,8,33,3,8,5,11,0,0
pc-b7736471-1102,forschung_muskelkraft__ohne_pc,control,0,0,1,9,0,17,8,32,9,6,7,6,0,0
pc-b7736471-1102,urzeitliche_kolosse__mit_pc,control,1,1,0,9,4,14,9,37,6,8,1,10,0,1
pc-3e2613b4-1103,forschung_muskelkraft__ohne_pc,control,0,0,1,12,0,21,15,55,11,13,12,6,0,0
pc-3e2613b4-1103,urzeitliche_kolosse__mit_pc,control,1,1,0,12,4,18,15,53,17,14,10,10,0,2
pc-8f43a8e2-1104,forschung_muskelkraft__ohne_pc,control,0,1,1,8,2,16,10,31,2,8,6,10,0,0
pc-8f43a8e2-1104,urzeitliche_kolosse__mit_pc,control,1,0,0,8,0,11,9,33,2,9,5,8,0,0
pc-15f65825-1105,forschung_muskelkraft__ohne_pc,control,0,1,1,5,6,11,4,13,2,4,2,10,0,0
pc-15f65825-1105,urzeitliche_kolosse__mit_pc,control,1,0,0,5,0,10,5,14,1,5,0,4,0,0
pc-9ca8e767-1106,forschung_muskelkraft__ohne_pc,control,0,1,1,5,6,11,5,14,1,4,1,10,0,0
pc-9ca8e767-1106,urzeitliche_kolosse__mit_pc,control,1,0,0,5,0,11,3,12,3,3,1,4,0,0
pc-235b96aa-1107,forschung_muskelkraft__ohne_pc,control,0,1,1,6,4,15,7,19,1,6,5,14,0,0
pc-235b96aa-1107,urzeitliche_kolosse__mit_pc,control,1,0,0,6,-4,11,6,19,1,6,2,6,0,0
pc-74792bd8-1108,forschung_muskelkraft__ohne_pc,control,0,0,1,10,-1,20,11,38,7,10,8,3,0,0
pc-74792bd8-1108,urzeitliche_kolosse__mit_pc,control,1,1,0,10,7,15,12,48,5,11,5,11,0,1
pc-fb2bdb1a-1109,forschung_muskelkraft__ohne_pc,control,0,0,1,5,0,13,6,14,1,5,1,4,0,0
pc-fb2bdb1a-1109,urzeitliche_kolosse__mit_pc,control,1,1,0,5,6,9,5,14,1,4,3,10,0,0
pc-81de6a5d-1110,forschung_muskelkraft__ohne_pc,control,0,1,1,8,4,19,9,32,2,8,6,11,0,0
pc-81de6a5d-1110,urzeitliche_kolosse__mit_pc,control,1,0,0,8,-1,14,8,33,3,8,3,6,0,1
pc-089119a0-1111,forschung_muskelkraft__ohne_pc,control,0,0,1,8,-1,19,10,32,1,8,4,4,0,0
pc-089119a0-1111,urzeitliche_kolosse__mit_pc,control,1,1,0,8,6,14,8,32,4,8,4,11,0,2
pc-59aeaece-1112,forschung_muskelkraft__ohne_pc,control,0,0,1,11,-2,22,15,53,6,13,8,8,0,0
pc-59aeaece-1112,urzeitliche_kolosse__mit_pc,control,1,1,0,11,2,15,11,52,10,11,8,12,0,0
pc-e0615e10-1113,forschung_muskelkraft__ohne_pc,control,0,1,1,9,4,21,12,39,5,10,8,10,0,0
pc-e0615e10-1113,urzeitliche_kolosse__mit_pc,control,1,0,0,9,0,14,12,41,3,11,6,6,0,2
pc-6713ed53-1114,forschung_muskelkraft__ohne_pc,control,0,0,1,8,0,14,8,29,3,7,4,6,0,0
pc-6713ed53-1114,urzeitliche_kolosse__mit_pc,control,1,1,0,8,4,13,9,33,2,8,2,10,0,1
pc-edc69c95-1115,forschung_muskelkraft__ohne_pc,control,0,0,1,8,-1,17,10,34,1,9,1,5,0,0
pc-edc69c95-1115,urzeitliche_kolosse__mit_pc,control,1,1,0,8,5,13,6,33,3,6,5,11,0,2
pc-15383a15-1116,forschung_muskelkraft__ohne_pc,control,0,0,1,5,-1,13,5,12,3,4,1,3,0,0
pc-15383a15-1116,urzeitliche_kolosse__mit_pc,control,1,1,0,5,7,11,4,13,2,4,1,11,0,0
pc-9beac957-1117,forschung_muskelkraft__ohne_pc,control,0,1,1,7,4,14,7,26,2,7,5,10,0,0
pc-9beac957-1117,urzeitliche_kolosse__mit_pc,control,1,0,0,7,0,11,7,22,4,7,2,6,0,0
pc-229d789a-1118,forschung_muskelkraft__ohne_pc,control,0,0,1,7,-1,15,8,25,1,6,4,5,0,0
pc-229d789a-1118,urzeitliche_kolosse__mit_pc,control,1,1,0,7,5,12,7,25,3,7,2,11,0,0
pc-a95007dc-1119,forschung_muskelkraft__ohne_pc,control,0,1,1,8,1,18,8,30,3,8,3,12,0,0
pc-a95007dc-1119,urzeitliche_kolosse__mit_pc,control,1,0,0,8,-2,14,6,31,4,6,3,9,0,2
pc-fa6dbd0a-1120,forschung_muskelkraft__ohne_pc,control,0,1,1,9,6,17,10,34,3,8,7,14,0,0
pc-fa6dbd0a-1120,urzeitliche_kolosse__mit_pc,control,1,0,0,9,-4,14,9,39,5,9,3,4,0,0
pc-81204c4d-1121,forschung_muskelkraft__ohne_pc,control,0,1,1,13,1,22,12,46,32,10,11,14,0,0
pc-81204c4d-1121,urzeitliche_kolosse__mit_pc,control,1,0,0,13,-4,18,16,59,23,15,6,9,0,1
pc-07d2fb90-1122,forschung_muskelkraft__ohne_pc,control,0,1,1,13,1,23,18,67,13,16,12,13,0,0
pc-07d2fb90-1122,urzeitliche_kolosse__mit_pc,control,1,0,0,13,-3,18,16,54,26,15,13,9,0,5
pc-8e858ad2-1123,forschung_muskelkraft__ohne_pc,control,0,1,1,8,2,19,9,32,2,8,5,13,0,0
pc-8e858ad2-1123,urzeitliche_kolosse__mit_pc,control,1,0,0,8,-3,13,7,31,4,7,4,8,0,0
pc-dfa32000-1124,forschung_muskelkraft__ohne_pc,control,0,1,1,5,4,11,4,13,2,4,1,14,0,0
pc-dfa32000-1124,urzeitliche_kolosse__mit_pc,control,1,0,0,5,-4,10,5,14,1,4,1,6,0,0
pc-6655cf43-1125,forschung_muskelkraft__ohne_pc,control,0,1,1,8,5,15,10,34,2,8,8,10,0,0
pc-6655cf43-1125,urzeitliche_kolosse__mit_pc,control,1,0,0,8,0,13,10,34,1,10,3,5,0,0
pc-ed087e85-1126,forschung_muskelkraft__ohne_pc,control,0,0,1,5,-1,12,5,14,1,4,3,7,0,0
pc-ed087e85-1126,urzeitliche_kolosse__mit_pc,control,1,1,0,5,3,10,6,15,0,6,0,11,0,0
pc-73bb0dc8-1127,forschung_muskelkraft__ohne_pc,control,0,1,1,11,4,21,15,57,9,13,10,11,0,0
pc-73bb0dc8-1127,urzeitliche_kolosse__mit_pc,control,1,0,0,11,-1,15,12,55,11,12,8,6,0,0
pc-c4d8a2f6-1128,forschung_muskelkraft__ohne_pc,control,0,1,1,6,3,11,5,17,3,4,3,11,0,0
pc-c4d8a2f6-1128,urzeitliche_kolosse__mit_pc,control,1,0,0,6,-1,12,5,18,3,5,1,7,0,1
pc-4b8b5239-1129,forschung_muskelkraft__ohne_pc,control,0,0,1,9,-3,19,9,30,11,7,6,6,0,0
pc-4b8b5239-1129,urzeitliche_kolosse__mit_pc,control,1,1,0,9,4,14,11,34,6,10,2,13,0,0
pc-d23de17b-1130,forschung_muskelkraft__ohne_pc,control,0,1,1,13,3,20,18,64,16,16,10,10,0,0
pc-d23de17b-1130,urzeitliche_kolosse__mit_pc,control,1,0,0,13,0,18,16,65,16,15,11,7,0,0
pc-58f090be-1131,forschung_muskelkraft__ohne_pc,control,0,0,1,9,-1,17,11,39,6,9,6,9,0,0
pc-58f090be-1131,urzeitliche_kolosse__mit_pc,control,1,1,0,9,1,14,11,41,4,10,5,11,0,1
pc-d3ba3d9b-1132,forschung_muskelkraft__ohne_pc,control,0,1,1,8,10,17,10,32,1,8,2,13,0,0
pc-d3ba3d9b-1132,urzeitliche_kolosse__mit_pc,control,1,0,0,8,-3,13,7,30,6,6,4,0,0,4
pc-5a6cccde-1133,forschung_muskelkraft__ohne_pc,control,0,0,1,11,-3,22,12,47,14,10,10,9,0,0
pc-5a6cccde-1133,urzeitliche_kolosse__mit_pc,control,1,1,0,11,1,15,14,51,9,13,5,13,0,1
pc-e11f7c20-1134,forschung_muskelkraft__ohne_pc,control,0,1,1,11,1,21,14,54,9,12,9,14,0,0
pc-e11f7c20-1134,urzeitliche_kolosse__mit_pc,control,1,0,0,11,-4,16,14,58,6,13,9,9,0,1
pc-67d20b63-1135,forschung_muskelkraft__ohne_pc,control,0,0,1,9,-2,20,11,37,5,9,8,8,0,0
pc-67d20b63-1135,urzeitliche_kolosse__mit_pc,control,1,1,0,9,2,14,11,43,1,10,4,12,0,0
pc-b8efa091-1136,forschung_muskelkraft__ohne_pc,control,0,0,1,8,0,19,9,31,5,7,3,5,0,0
pc-b8efa091-1136,urzeitliche_kolosse__mit_pc,control,1,1,0,8,5,11,8,34,2,8,2,10,0,0
pc-3fa24fd4-1137,forschung_muskelkraft__ohne_pc,control,0,0,1,5,0,11,4,12,3,3,3,2,0,0
pc-3fa24fd4-1137,urzeitliche_kolosse__mit_pc,control,1,1,0,5,8,9,5,12,1,5,0,10,0,0
pc-c654ff16-1138,forschung_muskelkraft__ohne_pc,control,0,0,1,9,-1,16,11,40,5,9,7,8,0,0
pc-c654ff16-1138,urzeitliche_kolosse__mit_pc,control,1,1,0,9,2,14,12,39,4,11,5,11,0,0
pc-4d078e59-1139,forschung_muskelkraft__ohne_pc,control,0,1,1,8,6,16,8,29,5,7,7,11,0,0
pc-4d078e59-1139,urzeitliche_kolosse__mit_pc,control,1,0,0,8,-1,14,10,31,5,9,3,4,0,0
pc-9e252387-1140,forschung_muskelkraft__ohne_pc,control,0,0,1,9,-3,16,12,41,3,10,8,5,0,0
pc-9e252387-1140,urzeitliche_kolosse__mit_pc,control,1,1,0,9,5,14,12,39,3,11,6,13,0,3
pc-24d7d2ca-1141,forschung_muskelkraft__ohne_pc,control,0,,1,16,-1,23,18,67,59,16,11,8,0,0
pc-24d7d2ca-1141,urzeitliche_kolosse__mit_pc,control,1,,0,16,-1,21,17,72,55,16,13,8,0,2
pc-ab8a620c-1142,forschung_muskelkraft__ohne_pc,control,0,1,1,14,1,22,17,65,36,15,13,12,0,0
pc-ab8a620c-1142,urzeitliche_kolosse__mit_pc,control,1,0,0,14,-2,19,17,65,30,16,11,9,0,1
pc-323d114f-1143,forschung_muskelkraft__ohne_pc,control,0,1,1,8,8,15,8,29,3,7,3,13,0,0
pc-323d114f-1143,urzeitliche_kolosse__mit_pc,control,1,0,0,8,-3,15,6,29,7,6,4,2,0,0
pc-835aa67d-1144,forschung_muskelkraft__ohne_pc,control,0,1,1,7,4,13,8,26,1,6,5,10,0,0
pc-835aa67d-1144,urzeitliche_kolosse__mit_pc,control,1,0,0,7,0,12,7,26,2,7,1,6,0,1
pc-0a0d55c0-1145,forschung_muskelkraft__ohne_pc,control,0,1,1,13,2,23,14,53,25,12,13,17,0,0
pc-0a0d55c0-1145,urzeitliche_kolosse__mit_pc,control,1,0,0,13,-7,17,16,60,25,15,7,8,0,4
pc-90bfe502-1146,forschung_muskelkraft__ohne_pc,control,0,0,1,9,-6,16,12,37,5,10,6,5,0,0
pc-90bfe502-1146,urzeitliche_kolosse__mit_pc,control,1,1,0,9,5,14,11,43,2,10,5,16,0,1
pc-17729445-1147,forschung_muskelkraft__ohne_pc,control,0,0,1,5,-2,11,3,11,4,3,1,4,0,0
pc-17729445-1147,urzeitliche_kolosse__mit_pc,control,1,1,0,5,6,9,4,14,1,4,1,12,0,0
pc-3ee431c4-1148,forschung_muskelkraft__ohne_pc,control,0,1,1,8,6,17,8,30,3,7,5,10,0,0
pc-3ee431c4-1148,urzeitliche_kolosse__mit_pc,control,1,0,0,8,0,14,9,34,2,8,2,4,0,1
pc-c596c106-1149,forschung_muskelkraft__ohne_pc,control,0,1,1,13,2,23,14,58,31,13,13,11,0,0
pc-c596c106-1149,urzeitliche_kolosse__mit_pc,control,1,0,0,13,-1,19,16,67,15,16,8,8,0,1
pc-61ee5652-1150,forschung_muskelkraft__ohne_pc,control,0,1,0,11,5,22,14,49,6,12,11,10,0,0
pc-61ee5652-1150,urzeitliche_kolosse__mit_pc,control,1,0,1,11,0,17,14,53,7,13,7,5,0,2
pc-db3ba70f-1151,forschung_muskelkraft__ohne_pc,control,0,1,0,8,3,14,9,30,2,7,3,13,0,0
pc-db3ba70f-1151,urzeitliche_kolosse__mit_pc,control,1,0,1,8,-3,14,7,33,3,7,2,7,0,1
pc-6f5394d7-1152,forschung_muskelkraft__ohne_pc,control,0,0,0,11,0,21,12,43,12,10,10,5,0,0
pc-6f5394d7-1152,urzeitliche_kolosse__mit_pc,control,1,1,1,11,5,15,14,53,9,13,5,10,0,1
pc-e8a0e594-1153,forschung_muskelkraft__ohne_pc,control,0,0,0,10,0,19,14,50,5,13,8,6,0,0
pc-e8a0e594-1153,urzeitliche_kolosse__mit_pc,control,1,1,1,10,4,15,12,48,7,12,9,10,0,1
pc-7cb8d35c-1154,forschung_muskelkraft__ohne_pc,control,0,0,0,6,0,16,5,17,3,4,2,8,0,0
pc-7cb8d35c-1154,urzeitliche_kolosse__mit_pc,control,1,1,1,6,2,12,5,17,2,5,0,10,0,0
pc-f6062419-1155,forschung_muskelkraft__ohne_pc,control,0,1,0,11,1,23,12,46,9,10,10,13,0,0
pc-f6062419-1155,urzeitliche_kolosse__mit_pc,control,1,0,1,11,-3,17,14,59,4,13,5,9,0,5
pc-8a1e11e1-1156,forschung_muskelkraft__ohne_pc,control,0,1,0,10,4,19,13,49,6,12,8,10,0,0
pc-8a1e11e1-1156,urzeitliche_kolosse__mit_pc,control,1,0,1,10,0,16,10,41,4,10,8,6,0,0
pc-036b629f-1157,forschung_muskelkraft__ohne_pc,control,0,0,0,8,0,20,9,30,3,7,5,6,0,0
pc-036b629f-1157,urzeitliche_kolosse__mit_pc,control,1,1,1,8,4,14,8,33,3,8,2,10,0,0
pc-2c595c3e-1158,forschung_muskelkraft__ohne_pc,control,0,0,0,7,-1,13,9,26,1,7,4,6,0,0
pc-2c595c3e-1158,urzeitliche_kolosse__mit_pc,control,1,1,1,7,4,12,9,24,2,8,3,11,0,1
pc-a5a6acfb-1159,forschung_muskelkraft__ohne_pc,control,0,1,0,7,6,18,8,25,1,6,6,10,0,0
pc-a5a6acfb-1159,urzeitliche_kolosse__mit_pc,control,1,0,1,7,0,13,8,24,1,8,1,4,0,1
pc-39be9ac3-1160,forschung_muskelkraft__ohne_pc,control,0,0,0,8,0,19,8,29,4,7,5,6,0,0
pc-39be9ac3-1160,urzeitliche_kolosse__mit_pc,control,1,1,1,8,4,12,8,31,5,7,2,10,0,0
pc-b30beb80-1161,forschung_muskelkraft__ohne_pc,control,0,0,0,14,-1,23,20,71,20,18,13,7,0,0
pc-b30beb80-1161,urzeitliche_kolosse__mit_pc,control,1,1,1,14,3,20,17,64,28,16,15,11,0,4
pc-4723d948-1162,forschung_muskelkraft__ohne_pc,control,0,1,0,6,2,13,5,19,2,5,3,13,0,0
pc-4723d948-1162,urzeitliche_kolosse__mit_pc,control,1,0,1,6,-3,11,6,19,1,5,1,8,0,0
pc-c0712a05-1163,forschung_muskelkraft__ohne_pc,control,0,1,0,6,10,13,6,19,1,5,4,13,0,0
pc-c0712a05-1163,urzeitliche_kolosse__mit_pc,control,1,0,1,6,-3,12,6,18,3,6,2,0,0,1
pc-548917cd-1164,forschung_muskelkraft__ohne_pc,control,0,1,0,7,6,14,6,24,3,6,4,11,0,0
pc-548917cd-1164,urzeitliche_kolosse__mit_pc,control,1,0,1,7,-1,11,8,28,0,7,2,4,0,1
pc-cdd6688a-1165,forschung_muskelkraft__ohne_pc,control,0,0,0,6,-4,15,5,19,2,5,3,4,0,0
pc-cdd6688a-1165,urzeitliche_kolosse__mit_pc,control,1,1,1,6,6,12,6,20,0,5,2,14,0,0
pc-cd184a7a-1166,forschung_muskelkraft__ohne_pc,control,0,1,0,5,5,10,5,14,1,4,1,10,0,0
pc-cd184a7a-1166,urzeitliche_kolosse__mit_pc,control,1,0,1,5,0,11,4,10,2,3,0,5,0,0
pc-4665bb38-1167,forschung_muskelkraft__ohne_pc,control,0,1,0,8,8,20,9,32,2,8,5,11,0,0
pc-4665bb38-1167,urzeitliche_kolosse__mit_pc,control,1,0,1,8,-1,13,7,31,4,7,5,2,0,0
pc-da7d88ff-1168,forschung_muskelkraft__ohne_pc,control,0,1,0,9,2,16,9,35,6,7,4,13,0,0
pc-da7d88ff-1168,urzeitliche_kolosse__mit_pc,control,1,0,1,9,-3,14,9,39,5,8,2,8,0,0
pc-53caf9bd-1169,forschung_muskelkraft__ohne_pc,control,0,1,0,8,7,18,9,32,3,8,4,11,0,0
pc-53caf9bd-1169,urzeitliche_kolosse__mit_pc,control,1,0,1,8,-1,13,8,33,3,8,3,3,0,0
pc-e7e2c784-1170,forschung_muskelkraft__ohne_pc,control,0,0,0,6,-1,14,6,20,1,5,3,4,0,0
pc-e7e2c784-1170,urzeitliche_kolosse__mit_pc,control,1,1,1,6,6,11,5,16,2,5,1,11,0,0
pc-61303842-1171,forschung_muskelkraft__ohne_pc,control,0,1,0,6,4,12,6,19,2,5,3,11,0,0
pc-61303842-1171,urzeitliche_kolosse__mit_pc,control,1,0,1,6,-1,10,7,16,3,6,2,6,0,0
pc-f5480609-1172,forschung_muskelkraft__ohne_pc,control,0,1,0,6,1,14,6,19,1,5,4,10,0,0
pc-f5480609-1172,urzeitliche_kolosse__mit_pc,control,1,0,1,6,0,11,7,19,2,7,1,9,0,0
pc-6e9576c7-1173,forschung_muskelkraft__ohne_pc,control,0,1,0,8,7,16,10,32,4,8,6,15,0,0
pc-6e9576c7-1173,urzeitliche_kolosse__mit_pc,control,1,0,1,8,-5,13,9,33,3,9,3,3,0,1
pc-97835066-1174,forschung_muskelkraft__ohne_pc,control,0,0,0,10,-1,22,12,47,8,10,7,8,0,0
pc-97835066-1174,urzeitliche_kolosse__mit_pc,control,1,1,1,10,2,16,12,44,7,11,7,11,0,2
pc-10d0a124-1175,forschung_muskelkraft__ohne_pc,control,0,1,0,8,4,19,10,33,2,8,7,15,0,0
pc-10d0a124-1175,urzeitliche_kolosse__mit_pc,control,1,0,1,8,-5,14,9,32,4,9,3,6,0,0
pc-a4e88eeb-1176,forschung_muskelkraft__ohne_pc,control,0,1,0,10,4,22,14,54,1,13,9,11,0,0
pc-a4e88eeb-1176,urzeitliche_kolosse__mit_pc,control,1,0,1,10,-1,15,13,51,2,12,10,6,0,0
pc-1e35ffa9-1177,forschung_muskelkraft__ohne_pc,control,0,1,0,8,7,18,9,31,3,7,7,11,0,0
pc-1e35ffa9-1177,urzeitliche_kolosse__mit_pc,control,1,0,1,8,-1,13,9,33,3,8,3,3,0,1
pc-b24dcd70-1178,forschung_muskelkraft__ohne_pc,control,0,0,0,9,-3,20,12,39,4,10,7,0,0,0
pc-b24dcd70-1178,urzeitliche_kolosse__mit_pc,control,1,1,1,9,10,15,10,41,2,10,6,13,0,0
pc-2b9b3e2e-1179,forschung_muskelkraft__ohne_pc,control,0,1,0,11,3,20,14,52,4,12,12,14,0,0
pc-2b9b3e2e-1179,urzeitliche_kolosse__mit_pc,control,1,0,1,11,-4,17,14,49,8,13,7,7,0,2
pc-bfb30bf5-1180,forschung_muskelkraft__ohne_pc,control,0,1,0,8,2,18,8,29,6,6,7,10,0,0
pc-bfb30bf5-1180,urzeitliche_kolosse__mit_pc,control,1,0,1,8,0,13,9,35,0,8,1,8,0,0
pc-39007cb3-1181,forschung_muskelkraft__ohne_pc,control,0,0,0,6,0,13,6,19,1,5,4,6,0,0
pc-39007cb3-1181,urzeitliche_kolosse__mit_pc,control,1,1,1,6,4,11,7,18,1,6,3,10,0,1
pc-8b9a4e01-1182,forschung_muskelkraft__ohne_pc,control,0,0,0,8,-2,18,12,35,1,10,2,5,0,0
pc-8b9a4e01-1182,urzeitliche_kolosse__mit_pc,control,1,1,1,8,5,14,8,33,3,7,6,12,0,0
pc-04e7bebf-1183,forschung_muskelkraft__ohne_pc,control,0,1,0,9,6,18,8,30,6,7,5,13,0,0
pc-04e7bebf-1183,urzeitliche_kolosse__mit_pc,control,1,0,1,9,-3,15,10,41,4,9,2,4,0,1
pc-98ff8c86-1184,forschung_muskelkraft__ohne_pc,control,0,1,0,10,4,17,13,49,4,12,4,10,0,0
pc-98ff8c86-1184,urzeitliche_kolosse__mit_pc,control,1,0,1,10,0,16,10,41,7,9,8,6,0,4
pc-124cfd44-1185,forschung_muskelkraft__ohne_pc,control,0,1,0,7,1,16,7,24,3,5,4,14,0,0
pc-124cfd44-1185,urzeitliche_kolosse__mit_pc,control,1,0,1,7,-4,12,9,28,0,8,2,9,0,0
pc-a664cb0b-1186,forschung_muskelkraft__ohne_pc,control,0,1,0,6,6,15,7,20,1,6,5,10,0,0
pc-a664cb0b-1186,urzeitliche_kolosse__mit_pc,control,1,0,1,6,0,12,7,20,1,7,3,4,0,0
pc-1fb23bc9-1187,forschung_muskelkraft__ohne_pc,control,0,0,0,9,-2,19,11,41,4,9,7,8,0,0
pc-1fb23bc9-1187,urzeitliche_kolosse__mit_pc,control,1,1,1,9,2,15,11,43,2,11,4,12,0,1
pc-b3ca0990-1188,forschung_muskelkraft__ohne_pc,control,0,0,0,7,-2,14,9,26,2,7,2,7,0,0
pc-b3ca0990-1188,urzeitliche_kolosse__mit_pc,control,1,1,1,7,3,13,7,26,2,6,5,12,0,0
pc-2d177a4e-1189,forschung_muskelkraft__ohne_pc,control,0,1,0,7,2,16,7,24,2,6,4,12,0,0
pc-2d177a4e-1189,urzeitliche_kolosse__mit_pc,control,1,0,1,7,-2,12,7,25,3,7,2,8,0,2
pc-560553ed-1190,forschung_muskelkraft__ohne_pc,control,0,1,0,7,3,16,8,25,2,7,5,10,0,0
pc-560553ed-1190,urzeitliche_kolosse__mit_pc,control,1,0,1,7,0,13,7,24,4,7,2,7,0,0
pc-cf52a4aa-1191,forschung_muskelkraft__ohne_pc,control,0,1,0,9,1,17,11,39,6,9,4,16,0,0
pc-cf52a4aa-1191,urzeitliche_kolosse__mit_pc,control,1,0,1,9,-6,14,9,39,5,8,5,9,0,0
pc-636a9272-1192,forschung_muskelkraft__ohne_pc,control,0,0,0,3,0,8,0,0,3,0,0,0,0,0
pc-636a9272-1192,urzeitliche_kolosse__mit_pc,control,1,1,1,3,10,8,3,6,0,3,0,10,0,0
pc-dcb7e32f-1193,forschung_muskelkraft__ohne_pc,control,0,0,0,9,-1,21,10,37,5,9,6,7,0,0
pc-dcb7e32f-1193,urzeitliche_kolosse__mit_pc,control,1,1,1,9,3,13,10,40,2,10,4,11,0,0
pc-70cfd0f7-1194,forschung_muskelkraft__ohne_pc,control,0,1,0,6,6,16,5,18,2,5,4,11,0,0
pc-70cfd0f7-1194,urzeitliche_kolosse__mit_pc,control,1,0,1,6,-1,11,6,18,1,6,2,4,0,1
pc-ea1d21b4-1195,forschung_muskelkraft__ohne_pc,control,0,0,0,8,0,15,8,30,4,7,2,6,0,0
pc-ea1d21b4-1195,urzeitliche_kolosse__mit_pc,control,1,1,1,8,4,13,7,34,2,7,2,10,0,2
pc-7e350f7c-1196,forschung_muskelkraft__ohne_pc,control,0,1,0,7,3,16,8,20,1,6,5,11,0,0
pc-7e350f7c-1196,urzeitliche_kolosse__mit_pc,control,1,0,1,7,-1,13,9,27,1,9,1,7,0,0
pc-f7826039-1197,forschung_muskelkraft__ohne_pc,control,0,0,0,9,0,18,10,37,4,9,5,8,0,0
pc-f7826039-1197,urzeitliche_kolosse__mit_pc,control,1,1,1,9,2,15,9,36,5,8,6,10,0,3
pc-f6c44229-1198,forschung_muskelkraft__ohne_pc,control,0,0,0,10,-2,15,12,40,5,10,10,8,0,0
pc-f6c44229-1198,urzeitliche_kolosse__mit_pc,control,1,1,1,10,2,16,13,51,3,13,6,12,0,0
pc-7011b2e7-1199,forschung_muskelkraft__ohne_pc,control,0,0,0,7,0,15,6,25,2,6,3,0,0,0
pc-7011b2e7-1199,urzeitliche_kolosse__mit_pc,control,1,1,1,7,10,12,8,27,1,8,3,10,0,0
pc-f768e981-1200,rudeljaeger__ohne_pc,control,0,1,1,3,10,6,3,6,0,3,1,11,0,0
pc-f768e981-1200,solidaritaet_ueberleben__ohne_pc,control,1,0,0,3,-1,7,2,5,1,2,1,0,0,0
pc-7e1b98c4-1201,rudeljaeger__ohne_pc,control,0,1,1,14,2,19,18,48,46,16,14,10,0,3
pc-7e1b98c4-1201,solidaritaet_ueberleben__ohne_pc,control,1,0,0,14,0,19,18,58,36,17,14,8,0,0
pc-ea03aafc-1202,rudeljaeger__ohne_pc,control,0,0,1,10,-2,14,13,36,12,11,7,7,0,0
pc-ea03aafc-1202,solidaritaet_ueberleben__ohne_pc,control,1,1,0,10,3,14,11,43,6,10,10,12,0,0
pc-70b65a3f-1203,rudeljaeger__ohne_pc,control,0,0,1,11,0,16,14,35,21,12,9,7,0,2
pc-70b65a3f-1203,solidaritaet_ueberleben__ohne_pc,control,1,1,0,11,3,17,13,41,18,12,8,10,2,0
pc-1233668c-1204,rudeljaeger__ohne_pc,control,0,0,1,8,-5,11,11,27,4,9,3,5,0,0
pc-1233668c-1204,solidaritaet_ueberleben__ohne_pc,control,1,1,0,8,5,13,7,24,4,7,9,15,0,0
pc-98e615ce-1205,rudeljaeger__ohne_pc,control,0,0,1,14,0,20,17,48,47,16,15,9,0,2
pc-98e615ce-1205,solidaritaet_ueberleben__ohne_pc,control,1,1,0,14,1,21,18,58,39,17,15,10,0,0
pc-04ce2807-1206,rudeljaeger__ohne_pc,control,0,1,1,15,2,19,14,43,62,12,13,9,0,0
pc-04ce2807-1206,solidaritaet_ueberleben__ohne_pc,control,1,0,0,15,0,18,16,56,57,15,9,7,0,0
pc-8b80d749-1207,rudeljaeger__ohne_pc,control,0,1,1,9,2,14,12,27,12,10,9,12,0,0
pc-8b80d749-1207,solidaritaet_ueberleben__ohne_pc,control,1,0,0,9,-2,15,12,36,2,11,8,8,0,0
pc-c1d3ef6d-1208,rudeljaeger__ohne_pc,control,0,0,1,6,-2,10,6,19,1,6,0,9,0,0
pc-c1d3ef6d-1208,solidaritaet_ueberleben__ohne_pc,control,1,1,0,6,1,10,5,20,1,5,4,12,0,0
pc-48869eb0-1209,rudeljaeger__ohne_pc,control,0,1,1,8,1,13,11,32,2,10,7,10,0,0
pc-48869eb0-1209,solidaritaet_ueberleben__ohne_pc,control,1,0,0,8,0,12,7,28,3,7,9,9,0,0
pc-b46eb0e8-1210,rudeljaeger__ohne_pc,control,0,0,1,9,0,14,13,35,7,11,4,5,0,1
pc-b46eb0e8-1210,solidaritaet_ueberleben__ohne_pc,control,1,1,0,9,5,15,10,33,8,9,8,10,0,0
pc-3b21402b-1211,rudeljaeger__ohne_pc,control,0,1,1,11,2,16,14,41,18,12,14,10,0,3
pc-3b21402b-1211,solidaritaet_ueberleben__ohne_pc,control,1,0,0,11,0,17,15,51,8,14,8,8,0,0
pc-dc9e6c77-1212,rudeljaeger__ohne_pc,control,0,1,1,8,10,12,11,27,6,11,4,14,0,0
pc-dc9e6c77-1212,solidaritaet_ueberleben__ohne_pc,control,1,0,0,8,-4,13,8,27,9,8,9,0,0,0
pc-63511bba-1213,rudeljaeger__ohne_pc,control,0,1,1,9,2,13,12,31,6,10,8,13,0,2
pc-63511bba-1213,solidaritaet_ueberleben__ohne_pc,control,1,0,0,9,-3,13,11,34,10,10,6,8,0,0
pc-cf392df2-1214,rudeljaeger__ohne_pc,control,0,1,1,10,2,13,13,33,13,11,11,10,0,2
pc-cf392df2-1214,solidaritaet_ueberleben__ohne_pc,control,1,0,0,10,0,15,13,38,13,12,7,8,0,0
pc-55ebdd35-1215,rudeljaeger__ohne_pc,control,0,1,1,11,4,15,14,36,20,13,10,10,0,1
pc-55ebdd35-1215,solidaritaet_ueberleben__ohne_pc,control,1,0,0,11,0,16,13,44,22,12,11,6,0,0
pc-6292fdaa-1216,rudeljaeger__ohne_pc,control,0,1,1,5,8,8,7,14,0,7,2,10,0,0
pc-6292fdaa-1216,solidaritaet_ueberleben__ohne_pc,control,1,0,0,5,0,9,5,15,0,5,3,2,0,0
pc-e9458cec-1217,rudeljaeger__ohne_pc,control,0,0,1,15,-2,21,19,50,58,17,15,6,0,4
pc-e9458cec-1217,solidaritaet_ueberleben__ohne_pc,control,1,1,0,15,4,21,18,56,51,17,15,12,0,0
pc-552dbf25-1218,rudeljaeger__ohne_pc,control,0,1,1,4,8,9,3,9,1,3,0,12,0,0
pc-552dbf25-1218,solidaritaet_ueberleben__ohne_pc,control,1,0,0,4,-2,9,3,8,1,3,0,2,0,0
pc-dbe04e67-1219,rudeljaeger__ohne_pc,control,0,1,1,5,9,10,5,14,1,5,2,11,0,0
pc-dbe04e67-1219,solidaritaet_ueberleben__ohne_pc,control,1,0,0,5,-1,9,5,13,1,4,2,1,0,0
pc-7d5d7ab4-1220,rudeljaeger__ohne_pc,control,0,0,1,14,-2,19,18,45,49,16,16,8,0,2
pc-7d5d7ab4-1220,solidaritaet_ueberleben__ohne_pc,control,1,1,0,14,2,19,18,55,38,17,14,12,0,0
pc-041009f7-1221,rudeljaeger__ohne_pc,control,0,0,1,12,-2,16,15,37,31,13,12,8,0,0
pc-041009f7-1221,solidaritaet_ueberleben__ohne_pc,control,1,1,0,12,2,16,15,53,19,14,9,12,0,0
pc-6ff83c2f-1222,rudeljaeger__ohne_pc,control,0,0,1,12,-1,16,16,41,27,14,10,9,0,2
pc-6ff83c2f-1222,solidaritaet_ueberleben__ohne_pc,control,1,1,0,12,1,16,13,42,31,12,14,11,0,0
pc-f6aacb71-1223,rudeljaeger__ohne_pc,control,0,1,1,4,8,9,5,10,0,5,2,11,0,0
pc-f6aacb71-1223,solidaritaet_ueberleben__ohne_pc,control,1,0,0,4,-1,7,5,10,0,5,2,2,0,0
pc-2cfde396-1224,rudeljaeger__ohne_pc,control,0,0,1,8,-1,13,11,26,5,10,4,4,0,0
pc-2cfde396-1224,solidaritaet_ueberleben__ohne_pc,control,1,1,0,8,6,14,9,31,0,8,8,11,0,0
pc-b3b092d8-1225,rudeljaeger__ohne_pc,control,0,0,1,8,-5,12,6,18,14,6,3,8,0,1
pc-b3b092d8-1225,solidaritaet_ueberleben__ohne_pc,control,1,1,0,8,2,14,9,30,3,8,1,15,0,0
pc-1f98a511-1226,rudeljaeger__ohne_pc,control,0,1,1,10,3,15,13,31,18,11,8,10,0,0
pc-1f98a511-1226,solidaritaet_ueberleben__ohne_pc,control,1,0,0,10,0,17,9,29,24,9,8,7,0,0
pc-a64b5453-1227,rudeljaeger__ohne_pc,control,0,1,1,4,10,8,4,10,0,4,1,10,0,0
pc-a64b5453-1227,solidaritaet_ueberleben__ohne_pc,control,1,0,0,4,0,8,3,9,1,3,1,0,0,0
pc-47c860a0-1228,rudeljaeger__ohne_pc,control,0,0,1,7,-3,10,10,24,2,9,3,3,0,0
pc-47c860a0-1228,solidaritaet_ueberleben__ohne_pc,control,1,1,0,7,7,11,7,24,1,7,8,13,0,0
pc-ce7b0fe2-1229,rudeljaeger__ohne_pc,control,0,0,1,12,0,16,12,32,37,10,10,9,0,0
pc-ce7b0fe2-1229,solidaritaet_ueberleben__ohne_pc,control,1,1,0,12,1,17,15,48,20,14,5,10,0,0
pc-3a63221b-1230,rudeljaeger__ohne_pc,control,0,1,1,5,8,9,5,14,1,5,2,11,0,0
pc-3a63221b-1230,solidaritaet_ueberleben__ohne_pc,control,1,0,0,5,-1,9,4,13,2,4,1,2,0,0
pc-c115d15d-1231,rudeljaeger__ohne_pc,control,0,1,1,12,3,17,15,43,26,14,13,11,0,4
pc-c115d15d-1231,solidaritaet_ueberleben__ohne_pc,control,1,0,0,12,-1,17,16,46,22,15,12,7,1,0
pc-2114e131-1232,rudeljaeger__ohne_pc,control,0,1,1,13,5,18,17,43,36,15,18,10,0,2
pc-2114e131-1232,solidaritaet_ueberleben__ohne_pc,control,1,0,0,13,0,17,17,49,33,16,13,5,0,0
pc-a7c79073-1233,rudeljaeger__ohne_pc,control,0,0,1,12,-2,16,15,37,29,13,11,5,0,0
pc-a7c79073-1233,solidaritaet_ueberleben__ohne_pc,control,1,1,0,12,5,17,13,39,29,13,9,12,0,0
pc-13afa2ac-1234,rudeljaeger__ohne_pc,control,0,1,1,5,6,9,5,15,0,5,1,12,0,0
pc-13afa2ac-1234,solidaritaet_ueberleben__ohne_pc,control,1,0,0,5,-2,9,5,13,1,5,3,4,0,0
pc-9a6251ee-1235,rudeljaeger__ohne_pc,control,0,0,1,8,-2,13,10,31,3,9,5,3,0,0
pc-9a6251ee-1235,solidaritaet_ueberleben__ohne_pc,control,1,1,0,8,7,12,8,29,2,7,8,12,0,0
pc-3bdf7e3b-1236,rudeljaeger__ohne_pc,control,0,1,1,9,7,16,11,28,10,9,10,11,0,0
pc-3bdf7e3b-1236,solidaritaet_ueberleben__ohne_pc,control,1,0,0,9,-1,14,13,38,5,12,4,3,0,0
pc-c2920d7d-1237,rudeljaeger__ohne_pc,control,0,0,1,11,-3,15,14,31,25,12,9,6,0,0
pc-c2920d7d-1237,solidaritaet_ueberleben__ohne_pc,control,1,1,0,11,4,17,14,49,9,13,8,13,0,0
pc-2e7a3fb6-1238,rudeljaeger__ohne_pc,control,0,0,1,8,0,13,9,23,8,9,4,7,0,0
pc-2e7a3fb6-1238,solidaritaet_ueberleben__ohne_pc,control,1,1,0,8,3,12,9,31,5,9,5,10,1,0
pc-b52ccef8-1239,rudeljaeger__ohne_pc,control,0,0,1,10,-2,15,11,30,18,11,9,3,0,0
pc-b52ccef8-1239,solidaritaet_ueberleben__ohne_pc,control,1,1,0,10,7,15,12,41,7,12,8,12,0,0
pc-eb7fe71c-1240,rudeljaeger__ohne_pc,control,0,1,1,15,4,20,18,47,63,17,17,9,0,1
pc-eb7fe71c-1240,solidaritaet_ueberleben__ohne_pc,control,1,0,0,15,0,20,19,58,49,18,16,5,0,0
pc-7232965f-1241,rudeljaeger__ohne_pc,control,0,1,1,5,10,8,6,15,0,6,2,11,0,0
pc-7232965f-1241,solidaritaet_ueberleben__ohne_pc,control,1,0,0,5,-1,9,5,14,1,5,1,0,0,0
pc-de1aa897-1242,rudeljaeger__ohne_pc,control,0,1,1,5,7,10,6,15,0,5,2,10,0,0
pc-de1aa897-1242,solidaritaet_ueberleben__ohne_pc,control,1,0,0,5,0,10,5,13,2,5,0,3,0,0
pc-64cd57da-1243,rudeljaeger__ohne_pc,control,0,1,1,10,7,15,13,35,12,11,9,11,0,1
pc-64cd57da-1243,solidaritaet_ueberleben__ohne_pc,control,1,0,0,10,-1,15,14,45,4,13,9,3,0,0
pc-064a6427-1244,rudeljaeger__ohne_pc,control,0,0,1,11,-3,15,14,38,19,13,8,8,0,0
pc-064a6427-1244,solidaritaet_ueberleben__ohne_pc,control,1,1,0,11,2,15,11,44,15,11,12,13,0,0
pc-8cfd1369-1245,rudeljaeger__ohne_pc,control,0,0,1,11,0,15,14,35,23,13,9,8,0,0
pc-8cfd1369-1245,solidaritaet_ueberleben__ohne_pc,control,1,1,0,11,2,15,13,45,15,13,9,10,0,0
pc-f8e525a1-1246,rudeljaeger__ohne_pc,control,0,0,1,9,-5,15,12,30,11,11,11,7,0,1
pc-f8e525a1-1246,solidaritaet_ueberleben__ohne_pc,control,1,1,0,9,3,14,12,38,5,12,7,15,0,0
pc-7f97d4e4-1247,rudeljaeger__ohne_pc,control,0,0,1,8,-3,11,11,22,8,9,4,8,0,0
pc-7f97d4e4-1247,solidaritaet_ueberleben__ohne_pc,control,1,1,0,8,2,12,10,35,1,9,8,13,0,0
pc-8c3ef559-1248,rudeljaeger__ohne_pc,control,0,1,1,6,2,10,7,19,1,6,2,13,0,0
pc-8c3ef559-1248,solidaritaet_ueberleben__ohne_pc,control,1,0,0,6,-3,11,5,19,2,5,4,8,0,0
pc-12f1849c-1249,rudeljaeger__ohne_pc,control,0,1,1,6,7,10,7,20,0,7,3,12,0,0
pc-12f1849c-1249,solidaritaet_ueberleben__ohne_pc,control,1,0,0,6,-2,9,6,19,2,6,4,3,0,0
pc-3f88d91c-1250,rudeljaeger__ohne_pc,control,0,0,0,9,-3,13,12,32,9,12,3,8,0,2
pc-3f88d91c-1250,solidaritaet_ueberleben__ohne_pc,control,1,1,1,9,2,14,9,29,11,8,12,13,0,0
pc-b8d629d9-1251,rudeljaeger__ohne_pc,control,0,0,0,8,-3,12,11,27,4,10,6,6,0,1
pc-b8d629d9-1251,solidaritaet_ueberleben__ohne_pc,control,1,1,1,8,4,11,9,32,1,9,7,13,0,0
pc-4cee17a1-1252,rudeljaeger__ohne_pc,control,0,0,0,8,0,12,11,28,7,10,3,6,0,0
pc-4cee17a1-1252,solidaritaet_ueberleben__ohne_pc,control,1,1,1,8,4,11,8,29,2,8,6,10,0,0
pc-c63b685e-1253,rudeljaeger__ohne_pc,control,0,1,0,5,6,9,5,14,1,5,3,10,0,0
pc-c63b685e-1253,solidaritaet_ueberleben__ohne_pc,control,1,0,1,5,0,11,5,14,0,4,2,4,0,0
pc-24be5c12-1254,rudeljaeger__ohne_pc,control,0,0,0,7,-1,11,7,20,1,6,3,7,0,1
pc-24be5c12-1254,solidaritaet_ueberleben__ohne_pc,control,1,1,1,7,3,12,7,24,1,6,2,11,0,0
pc-9e0baccf-1255,rudeljaeger__ohne_pc,control,0,0,0,15,-4,20,19,49,60,17,13,9,0,0
pc-9e0baccf-1255,solidaritaet_ueberleben__ohne_pc,control,1,1,1,15,1,20,17,59,55,16,13,14,0,0
pc-32239a97-1256,rudeljaeger__ohne_pc,control,0,1,0,5,10,9,8,14,0,7,0,11,0,0
pc-32239a97-1256,solidaritaet_ueberleben__ohne_pc,control,1,0,1,5,-1,11,4,13,1,4,2,0,0,0
pc-ab70eb54-1257,rudeljaeger__ohne_pc,control,0,0,0,7,0,12,9,22,4,9,3,5,0,0
pc-ab70eb54-1257,solidaritaet_ueberleben__ohne_pc,control,1,1,1,7,5,13,8,26,1,8,6,10,0,0
pc-09f3df08-1258,rudeljaeger__ohne_pc,control,0,0,0,10,-4,15,13,35,15,11,3,5,0,1
pc-09f3df08-1258,solidaritaet_ueberleben__ohne_pc,control,1,1,1,10,5,15,8,27,18,8,9,14,0,0
pc-83412fc5-1259,rudeljaeger__ohne_pc,control,0,0,0,11,-1,16,14,36,23,13,7,7,0,2
pc-83412fc5-1259,solidaritaet_ueberleben__ohne_pc,control,1,1,1,11,3,16,12,43,16,11,11,11,0,0
pc-17591d8d-1260,rudeljaeger__ohne_pc,control,0,0,0,8,-2,12,12,31,2,10,2,5,0,0
pc-17591d8d-1260,solidaritaet_ueberleben__ohne_pc,control,1,1,1,8,5,14,7,29,4,7,6,12,0,0
pc-90a66e4a-1261,rudeljaeger__ohne_pc,control,0,1,0,6,6,11,7,21,0,6,2,10,0,1
pc-90a66e4a-1261,solidaritaet_ueberleben__ohne_pc,control,1,0,1,6,0,10,7,18,1,6,3,4,0,0
pc-ef2941fd-1262,rudeljaeger__ohne_pc,control,0,0,0,8,0,12,11,27,7,10,2,6,0,0
pc-ef2941fd-1262,solidaritaet_ueberleben__ohne_pc,control,1,1,1,8,4,13,7,27,1,6,8,10,0,0
pc-6876b2bb-1263,rudeljaeger__ohne_pc,control,0,1,0,7,5,10,9,24,3,8,6,10,0,0
pc-6876b2bb-1263,solidaritaet_ueberleben__ohne_pc,control,1,0,1,7,0,11,9,27,0,9,3,5,0,0
pc-fc8e8082-1264,rudeljaeger__ohne_pc,control,0,0,0,10,-6,14,14,39,12,12,9,5,0,1
pc-fc8e8082-1264,solidaritaet_ueberleben__ohne_pc,control,1,1,1,10,5,14,11,35,14,11,10,16,0,0
pc-75dbf140-1265,rudeljaeger__ohne_pc,control,0,1,0,8,4,12,11,28,5,10,7,11,0,1
pc-75dbf140-1265,solidaritaet_ueberleben__ohne_pc,control,1,0,1,8,-1,13,8,26,2,8,8,6,0,0
pc-aab2cd44-1266,rudeljaeger__ohne_pc,control,0,0,0,11,0,17,15,46,13,14,6,5,0,1
pc-aab2cd44-1266,solidaritaet_ueberleben__ohne_pc,control,1,1,1,11,5,17,11,38,21,10,13,10,0,0
pc-24003e02-1267,rudeljaeger__ohne_pc,control,0,0,0,12,-1,17,16,44,26,14,13,8,0,0
pc-24003e02-1267,solidaritaet_ueberleben__ohne_pc,control,1,1,1,12,2,18,15,53,23,14,11,11,0,0
pc-b8180bc9-1268,rudeljaeger__ohne_pc,control,0,1,0,5,10,9,6,15,0,5,4,12,0,0
pc-b8180bc9-1268,solidaritaet_ueberleben__ohne_pc,control,1,0,1,5,-2,9,5,14,1,5,1,0,0,0
pc-31657c87-1269,rudeljaeger__ohne_pc,control,0,0,0,10,-2,14,14,38,17,12,8,5,0,0
pc-31657c87-1269,solidaritaet_ueberleben__ohne_pc,control,1,1,1,10,5,16,13,45,3,12,9,12,0,0
pc-8fe8503a-1270,rudeljaeger__ohne_pc,control,0,1,0,6,3,9,9,17,1,7,2,10,0,0
pc-8fe8503a-1270,solidaritaet_ueberleben__ohne_pc,control,1,0,1,6,0,11,5,20,1,5,6,7,0,0
pc-0935a0f8-1271,rudeljaeger__ohne_pc,control,0,0,0,8,0,11,10,28,2,9,5,2,0,1
pc-0935a0f8-1271,solidaritaet_ueberleben__ohne_pc,control,1,1,1,8,8,12,8,31,2,8,7,10,0,0
pc-9d4d8ebf-1272,rudeljaeger__ohne_pc,control,0,,0,17,-2,21,20,53,83,18,19,5,0,0
pc-9d4d8ebf-1272,solidaritaet_ueberleben__ohne_pc,control,1,,1,17,-1,23,20,64,74,19,18,6,0,0
pc-169aff7d-1273,rudeljaeger__ohne_pc,control,0,0,0,8,-1,13,11,31,1,10,4,7,0,1
pc-169aff7d-1273,solidaritaet_ueberleben__ohne_pc,control,1,1,1,8,3,13,9,27,1,9,7,11,0,0
pc-751dd330-1274,rudeljaeger__ohne_pc,control,0,,0,16,-1,21,17,49,71,15,13,7,0,1
pc-751dd330-1274,solidaritaet_ueberleben__ohne_pc,control,1,,1,16,0,23,17,55,65,16,12,8,0,0
pc-ee6b23ed-1275,rudeljaeger__ohne_pc,control,0,0,0,11,-3,17,13,40,20,12,10,9,0,1
pc-ee6b23ed-1275,solidaritaet_ueberleben__ohne_pc,control,1,1,1,11,1,16,14,44,15,13,10,13,0,0
pc-828311b5-1276,rudeljaeger__ohne_pc,control,0,1,0,6,10,10,7,19,0,7,4,10,0,0
pc-828311b5-1276,solidaritaet_ueberleben__ohne_pc,control,1,0,1,6,0,11,8,20,1,8,4,0,0,0
pc-fbd06272-1277,rudeljaeger__ohne_pc,control,0,1,0,14,3,19,13,38,53,12,16,11,0,1
pc-fbd06272-1277,solidaritaet_ueberleben__ohne_pc,control,1,0,1,14,-1,18,17,51,44,16,8,7,0,0
pc-5a535626-1278,rudeljaeger__ohne_pc,control,0,0,0,8,-2,12,11,28,3,9,6,4,0,1
pc-5a535626-1278,solidaritaet_ueberleben__ohne_pc,control,1,1,1,8,6,12,8,31,1,7,7,12,0,0
pc-d3a0a6e3-1279,rudeljaeger__ohne_pc,control,0,0,0,13,-3,19,17,44,38,15,14,5,0,4
pc-d3a0a6e3-1279,solidaritaet_ueberleben__ohne_pc,control,1,1,1,13,5,17,17,55,26,16,12,13,0,0
pc-67b894ab-1280,rudeljaeger__ohne_pc,control,0,1,0,6,10,9,6,18,3,6,4,10,0,0
pc-67b894ab-1280,solidaritaet_ueberleben__ohne_pc,control,1,0,1,6,0,10,5,20,1,5,2,0,0,0
pc-e105e568-1281,rudeljaeger__ohne_pc,control,0,0,0,8,0,12,11,26,7,10,3,4,0,2
pc-e105e568-1281,solidaritaet_ueberleben__ohne_pc,control,1,1,1,8,6,13,9,26,5,8,6,10,0,0
pc-6934d0cb-1282,rudeljaeger__ohne_pc,control,0,0,0,7,0,11,6,17,7,6,3,5,0,0
pc-6934d0cb-1282,solidaritaet_ueberleben__ohne_pc,control,1,1,1,7,5,13,8,28,0,7,3,10,0,0
pc-e2822188-1283,rudeljaeger__ohne_pc,control,0,1,0,6,3,10,9,20,1,8,4,12,0,0
pc-e2822188-1283,solidaritaet_ueberleben__ohne_pc,control,1,0,1,6,-2,12,8,19,1,8,8,7,0,0
pc-769a0f50-1284,rudeljaeger__ohne_pc,control,0,0,0,8,-2,12,11,26,4,10,4,4,0,0
pc-769a0f50-1284,solidaritaet_ueberleben__ohne_pc,control,1,1,1,8,6,14,9,32,2,9,8,12,0,0
pc-efe7600d-1285,rudeljaeger__ohne_pc,control,0,1,0,8,10,13,9,24,8,8,6,12,0,0
pc-efe7600d-1285,solidaritaet_ueberleben__ohne_pc,control,1,0,1,8,-2,13,10,25,7,9,4,0,0,0
pc-4e6a53c1-1286,rudeljaeger__ohne_pc,control,0,0,0,8,0,13,11,32,1,10,6,5,0,0
pc-4e6a53c1-1286,solidaritaet_ueberleben__ohne_pc,control,1,1,1,8,5,12,9,29,5,8,8,10,0,0
pc-c7b7a47e-1287,rudeljaeger__ohne_pc,control,0,0,0,16,-3,19,19,48,73,17,18,4,0,4
pc-c7b7a47e-1287,solidaritaet_ueberleben__ohne_pc,control,1,1,1,16,5,23,20,64,57,19,15,12,2,0
pc-5bcf9246-1288,rudeljaeger__ohne_pc,control,0,0,0,7,0,11,7,19,5,7,3,6,0,0
pc-5bcf9246-1288,solidaritaet_ueberleben__ohne_pc,control,1,1,1,7,4,12,7,25,1,7,5,10,0,0
pc-d51ce303-1289,rudeljaeger__ohne_pc,control,0,0,0,15,0,19,18,51,55,16,16,3,0,1
pc-d51ce303-1289,solidaritaet_ueberleben__ohne_pc,control,1,1,1,15,7,20,18,57,48,17,16,10,0,0
pc-339fd6b7-1290,rudeljaeger__ohne_pc,control,0,0,0,8,-1,13,11,29,2,11,4,6,0,1
pc-339fd6b7-1290,solidaritaet_ueberleben__ohne_pc,control,1,1,1,8,4,13,8,29,3,8,7,11,0,0
pc-aced2774-1291,rudeljaeger__ohne_pc,control,0,0,0,8,-1,11,9,19,12,8,4,6,0,0
pc-aced2774-1291,solidaritaet_ueberleben__ohne_pc,control,1,1,1,8,4,13,9,32,0,9,6,11,0,0
pc-4105153c-1292,rudeljaeger__ohne_pc,control,0,0,0,6,0,10,7,20,0,6,3,4,0,0
pc-4105153c-1292,solidaritaet_ueberleben__ohne_pc,control,1,1,1,6,6,11,6,20,1,6,4,10,0,0
pc-ba5265f9-1293,rudeljaeger__ohne_pc,control,0,1,0,8,6,12,10,24,9,9,6,12,0,1
pc-ba5265f9-1293,solidaritaet_ueberleben__ohne_pc,control,1,0,1,8,-2,12,11,32,1,10,4,4,0,0
pc-18d559ad-1294,rudeljaeger__ohne_pc,control,0,0,0,11,-2,15,14,33,24,13,7,7,0,0
pc-18d559ad-1294,solidaritaet_ueberleben__ohne_pc,control,1,1,1,11,3,15,13,43,15,12,10,12,1,0
pc-9222aa6a-1295,rudeljaeger__ohne_pc,control,0,0,0,11,-3,15,14,35,23,12,6,6,0,1
pc-9222aa6a-1295,solidaritaet_ueberleben__ohne_pc,control,1,1,1,11,4,17,11,36,23,10,10,13,1,0
pc-263a9832-1296,rudeljaeger__ohne_pc,control,0,1,0,16,2,20,20,53,70,18,17,8,0,2
pc-263a9832-1296,solidaritaet_ueberleben__ohne_pc,control,1,0,1,16,-1,22,18,61,61,17,17,5,0,0
pc-9f87e8ef-1297,rudeljaeger__ohne_pc,control,0,1,0,9,4,13,10,30,9,8,10,10,0,3
pc-9f87e8ef-1297,solidaritaet_ueberleben__ohne_pc,control,1,0,1,9,0,15,12,37,5,12,6,6,0,0
pc-d45ec4f3-1298,rudeljaeger__ohne_pc,control,0,0,0,7,-1,11,9,24,2,8,2,4,0,0
pc-d45ec4f3-1298,solidaritaet_ueberleben__ohne_pc,control,1,1,1,7,6,11,6,24,1,6,8,11,0,0
pc-4dac35b1-1299,rudeljaeger__ohne_pc,control,0,1,0,7,5,11,10,24,1,9,4,10,0,0
pc-4dac35b1-1299,solidaritaet_ueberleben__ohne_pc,control,1,0,1,7,0,11,9,27,0,8,4,5,0,0
pc-cc94b31a-1300,rudeljaeger__mit_pc,control,0,0,1,16,-1,23,20,56,66,18,17,8,0,3
pc-cc94b31a-1300,solidaritaet_ueberleben__mit_pc,control,1,1,0,16,1,22,20,68,54,19,16,10,1,0
pc-5347425d-1301,rudeljaeger__mit_pc,control,0,1,1,7,4,12,9,23,4,8,4,13,0,0
pc-5347425d-1301,solidaritaet_ueberleben__mit_pc,control,1,0,0,7,-3,12,8,26,1,8,4,6,0,0
pc-d9f9f19f-1302,rudeljaeger__mit_pc,control,0,1,1,4,4,10,4,8,0,3,2,11,0,0
pc-d9f9f19f-1302,solidaritaet_ueberleben__mit_pc,control,1,0,0,4,-1,9,4,10,0,4,1,6,0,0
pc-60ac80e2-1303,rudeljaeger__mit_pc,control,0,0,1,15,-4,21,18,51,58,16,14,6,0,1
pc-60ac80e2-1303,solidaritaet_ueberleben__mit_pc,control,1,1,0,15,4,21,17,60,49,17,13,14,1,0
pc-e75f3024-1304,rudeljaeger__mit_pc,control,0,0,1,14,-1,18,16,43,48,14,16,6,0,0
pc-e75f3024-1304,solidaritaet_ueberleben__mit_pc,control,1,1,0,14,4,20,18,59,34,17,10,11,0,0
pc-6e11df67-1305,rudeljaeger__mit_pc,control,0,1,1,16,2,23,18,54,67,16,17,7,0,1
pc-6e11df67-1305,solidaritaet_ueberleben__mit_pc,control,1,0,0,16,0,21,19,67,55,18,14,5,0,0
pc-f4c46ea9-1306,rudeljaeger__mit_pc,control,0,0,1,13,-1,18,17,49,34,16,12,7,0,0
pc-f4c46ea9-1306,solidaritaet_ueberleben__mit_pc,control,1,1,0,13,3,17,15,54,28,14,14,11,0,0
pc-7b771dec-1307,rudeljaeger__mit_pc,control,0,1,1,10,7,15,9,30,15,9,14,11,0,0
pc-7b771dec-1307,solidaritaet_ueberleben__mit_pc,control,1,0,0,10,-1,14,13,42,9,13,5,3,0,0
pc-0229ad2f-1308,rudeljaeger__mit_pc,control,0,1,1,4,9,7,4,7,0,4,0,10,0,0
pc-0229ad2f-1308,solidaritaet_ueberleben__mit_pc,control,1,0,0,4,0,7,3,8,1,3,1,1,0,0
pc-88dc5c71-1309,rudeljaeger__mit_pc,control,0,0,1,9,-1,14,12,33,5,10,5,5,0,2
pc-88dc5c71-1309,solidaritaet_ueberleben__mit_pc,control,1,1,0,9,5,14,9,28,8,9,10,11,3,0
pc-0f8eebb4-1310,rudeljaeger__mit_pc,control,0,0,1,16,-1,21,20,56,70,18,19,8,0,0
pc-0f8eebb4-1310,solidaritaet_ueberleben__mit_pc,control,1,1,0,16,1,20,20,68,58,19,17,10,1,0
pc-96419af6-1311,rudeljaeger__mit_pc,control,0,1,1,13,7,17,16,47,34,14,14,10,0,2
pc-96419af6-1311,solidaritaet_ueberleben__mit_pc,control,1,0,0,13,0,20,17,56,28,16,10,3,0,0
pc-1cf42a39-1312,rudeljaeger__mit_pc,control,0,0,1,7,0,11,10,25,1,9,2,9,0,0
pc-1cf42a39-1312,solidaritaet_ueberleben__mit_pc,control,1,1,0,7,1,12,7,27,1,7,5,10,0,0
pc-a3a6d97b-1313,rudeljaeger__mit_pc,control,0,1,1,14,3,17,16,44,49,15,13,10,0,1
pc-a3a6d97b-1313,solidaritaet_ueberleben__mit_pc,control,1,0,0,14,0,19,17,58,35,16,10,7,0,0
pc-2a5968be-1314,rudeljaeger__mit_pc,control,0,1,1,5,10,9,6,14,1,6,1,10,0,0
pc-2a5968be-1314,solidaritaet_ueberleben__mit_pc,control,1,0,0,5,0,9,5,14,1,5,3,0,0,0
pc-b10c1800-1315,rudeljaeger__mit_pc,control,0,1,1,13,2,18,16,42,39,14,15,12,0,0
pc-b10c1800-1315,solidaritaet_ueberleben__mit_pc,control,1,0,0,13,-2,19,17,54,26,17,11,8,0,0
pc-616abef2-1316,rudeljaeger__mit_pc,control,0,1,1,5,10,10,5,15,0,5,1,10,0,0
pc-616abef2-1316,solidaritaet_ueberleben__mit_pc,control,1,0,0,5,0,10,3,11,3,3,0,0,0,0
pc-e81d4e34-1317,rudeljaeger__mit_pc,control,0,0,1,12,0,16,15,46,24,14,11,9,0,4
pc-e81d4e34-1317,solidaritaet_ueberleben__mit_pc,control,1,1,0,12,1,17,15,46,28,14,12,10,1,0
pc-6ecffd77-1318,rudeljaeger__mit_pc,control,0,0,1,11,-1,15,14,40,18,12,11,7,0,0
pc-6ecffd77-1318,solidaritaet_ueberleben__mit_pc,control,1,1,0,11,3,17,14,46,11,14,10,11,2,0
pc-f5828cb9-1319,rudeljaeger__mit_pc,control,0,0,1,13,-3,18,16,45,34,14,13,7,0,1
pc-f5828cb9-1319,solidaritaet_ueberleben__mit_pc,control,1,1,0,13,3,19,17,58,25,16,11,13,1,0
pc-7c353bfc-1320,rudeljaeger__mit_pc,control,0,0,1,8,0,13,11,22,8,9,5,4,0,0
pc-7c353bfc-1320,solidaritaet_ueberleben__mit_pc,control,1,1,0,8,6,13,9,34,1,9,7,10,0,0
pc-02e7cb3f-1321,rudeljaeger__mit_pc,control,0,1,1,8,4,13,9,31,0,7,8,11,0,2
pc-02e7cb3f-1321,solidaritaet_ueberleben__mit_pc,control,1,0,0,8,-1,13,10,34,2,9,2,6,0,0
pc-899a7a81-1322,rudeljaeger__mit_pc,control,0,0,1,14,-1,19,14,46,49,12,15,6,0,2
pc-899a7a81-1322,solidaritaet_ueberleben__mit_pc,control,1,1,0,14,4,19,18,60,33,17,7,11,1,0
pc-104d09c4-1323,rudeljaeger__mit_pc,control,0,0,1,14,-2,19,16,49,47,14,13,9,0,2
pc-104d09c4-1323,solidaritaet_ueberleben__mit_pc,control,1,1,0,14,1,20,18,64,34,17,10,12,0,0
pc-96ffb906-1324,rudeljaeger__mit_pc,control,0,1,1,8,6,11,10,28,5,9,5,10,0,0
pc-96ffb906-1324,solidaritaet_ueberleben__mit_pc,control,1,0,0,8,0,12,9,33,3,9,6,4,0,0
pc-1db24849-1325,rudeljaeger__mit_pc,control,0,0,1,11,0,15,14,37,19,13,9,8,0,2
pc-1db24849-1325,solidaritaet_ueberleben__mit_pc,control,1,1,0,11,2,15,13,45,12,12,10,10,0,0
pc-a464f78b-1326,rudeljaeger__mit_pc,control,0,0,1,10,-1,14,13,30,16,12,4,6,0,0
pc-a464f78b-1326,solidaritaet_ueberleben__mit_pc,control,1,1,0,10,4,15,8,29,16,8,10,11,0,0
pc-2b1786ce-1327,rudeljaeger__mit_pc,control,0,0,1,8,-3,13,9,26,4,8,6,6,0,2
pc-2b1786ce-1327,solidaritaet_ueberleben__mit_pc,control,1,1,0,8,4,13,9,34,2,8,4,13,0,0
pc-b1ca3610-1328,rudeljaeger__mit_pc,control,0,0,1,12,0,20,15,41,25,13,13,6,0,1
pc-b1ca3610-1328,solidaritaet_ueberleben__mit_pc,control,1,1,0,12,4,17,16,53,18,16,9,10,0,0
pc-387cc553-1329,rudeljaeger__mit_pc,control,0,0,1,10,0,14,13,35,15,11,8,8,0,0
pc-387cc553-1329,solidaritaet_ueberleben__mit_pc,control,1,1,0,10,2,14,13,45,8,12,7,10,1,0
pc-bf2f7495-1330,rudeljaeger__mit_pc,control,0,1,1,14,5,19,18,49,44,16,16,12,0,3
pc-bf2f7495-1330,solidaritaet_ueberleben__mit_pc,control,1,0,0,14,-2,19,18,59,38,17,14,5,0,0
pc-45e203d8-1331,rudeljaeger__mit_pc,control,0,0,1,9,0,13,12,35,8,10,9,7,0,0
pc-45e203d8-1331,solidaritaet_ueberleben__mit_pc,control,1,1,0,9,3,13,12,41,4,11,5,10,1,0
pc-a2e8bb6b-1332,rudeljaeger__mit_pc,control,0,0,1,15,0,21,15,47,61,13,17,8,0,4
pc-a2e8bb6b-1332,solidaritaet_ueberleben__mit_pc,control,1,1,0,15,1,21,19,63,45,18,10,9,2,0
pc-299b4aae-1333,rudeljaeger__mit_pc,control,0,1,1,10,8,15,9,26,21,9,12,11,0,2
pc-299b4aae-1333,solidaritaet_ueberleben__mit_pc,control,1,0,0,10,-1,15,13,40,11,12,6,2,0,0
pc-b04df9f0-1334,rudeljaeger__mit_pc,control,0,0,1,13,-1,17,16,43,38,14,15,8,0,0
pc-b04df9f0-1334,solidaritaet_ueberleben__mit_pc,control,1,1,0,13,2,19,17,57,27,16,12,11,0,0
pc-37008933-1335,rudeljaeger__mit_pc,control,0,0,1,15,-2,19,19,52,54,17,17,9,0,3
pc-37008933-1335,solidaritaet_ueberleben__mit_pc,control,1,1,0,15,1,22,19,64,44,18,14,12,0,0
pc-bdb33875-1336,rudeljaeger__mit_pc,control,0,1,1,11,4,15,14,40,20,13,12,13,0,0
pc-bdb33875-1336,solidaritaet_ueberleben__mit_pc,control,1,0,0,11,-3,17,14,42,14,14,10,6,0,0
pc-4465c7b8-1337,rudeljaeger__mit_pc,control,0,0,1,8,0,12,10,27,6,8,3,8,0,0
pc-4465c7b8-1337,solidaritaet_ueberleben__mit_pc,control,1,1,0,8,2,12,8,33,2,7,6,10,0,0
pc-cb1876fa-1338,rudeljaeger__mit_pc,control,0,1,1,6,10,9,6,19,1,6,2,10,0,0
pc-cb1876fa-1338,solidaritaet_ueberleben__mit_pc,control,1,0,0,6,0,12,5,17,4,5,3,0,0,0
pc-51cb063d-1339,rudeljaeger__mit_pc,control,0,1,1,6,10,9,5,16,1,5,4,11,0,0
pc-51cb063d-1339,solidaritaet_ueberleben__mit_pc,control,1,0,0,6,-1,11,5,20,1,5,1,0,0,0
pc-d87db57f-1340,rudeljaeger__mit_pc,control,0,0,1,9,-2,13,12,34,6,10,4,5,0,0
pc-d87db57f-1340,solidaritaet_ueberleben__mit_pc,control,1,1,0,9,5,14,10,39,3,9,8,12,0,0
pc-5f3044c2-1341,rudeljaeger__mit_pc,control,0,1,1,4,9,9,5,10,0,5,1,10,0,0
pc-5f3044c2-1341,solidaritaet_ueberleben__mit_pc,control,1,0,0,4,0,9,5,10,0,5,1,1,0,0
pc-e5e2f404-1342,rudeljaeger__mit_pc,control,0,0,1,9,-2,13,9,31,5,8,3,6,0,0
pc-e5e2f404-1342,solidaritaet_ueberleben__mit_pc,control,1,1,0,9,4,15,8,33,10,8,4,12,0,0
pc-6c958347-1343,rudeljaeger__mit_pc,control,0,0,1,8,-3,12,10,29,2,10,4,5,0,0
pc-6c958347-1343,solidaritaet_ueberleben__mit_pc,control,1,1,0,8,5,13,7,23,8,7,6,13,0,0
pc-f3483289-1344,rudeljaeger__mit_pc,control,0,0,1,8,0,12,11,27,3,10,2,8,0,0
pc-f3483289-1344,solidaritaet_ueberleben__mit_pc,control,1,1,0,8,2,13,7,29,5,6,9,10,0,0
pc-79fac1cc-1345,rudeljaeger__mit_pc,control,0,0,1,12,-3,17,14,43,28,12,15,4,0,0
pc-79fac1cc-1345,solidaritaet_ueberleben__mit_pc,control,1,1,0,12,6,17,16,53,16,16,7,13,1,0
pc-00ad710f-1346,rudeljaeger__mit_pc,control,0,0,1,14,0,18,17,44,50,15,11,7,0,2
pc-00ad710f-1346,solidaritaet_ueberleben__mit_pc,control,1,1,0,14,3,18,15,50,49,15,12,10,0,0
pc-87600051-1347,rudeljaeger__mit_pc,control,0,0,1,9,-3,15,13,35,5,12,5,4,0,1
pc-87600051-1347,solidaritaet_ueberleben__mit_pc,control,1,1,0,9,6,14,11,42,1,10,12,13,0,0
pc-37bea743-1348,rudeljaeger__mit_pc,control,0,1,1,9,8,13,8,31,9,8,11,11,0,1
pc-37bea743-1348,solidaritaet_ueberleben__mit_pc,control,1,0,0,9,-1,16,13,40,3,13,5,2,0,0
pc-be715685-1349,rudeljaeger__mit_pc,control,0,1,1,5,5,9,6,15,0,5,1,13,0,0
pc-be715685-1349,solidaritaet_ueberleben__mit_pc,control,1,0,0,5,-3,9,5,13,2,5,4,5,0,0
pc-0b2772c3-1350,rudeljaeger__mit_pc,control,0,0,0,11,-3,14,14,36,22,13,11,3,0,0
pc-0b2772c3-1350,solidaritaet_ueberleben__mit_pc,control,1,1,1,11,7,17,12,45,10,12,11,13,0,0
pc-91da0205-1351,rudeljaeger__mit_pc,control,0,1,0,6,10,12,6,19,1,5,4,10,0,0
pc-91da0205-1351,solidaritaet_ueberleben__mit_pc,control,1,0,1,6,0,12,5,20,1,5,2,0,0,0
pc-fdc2343d-1352,rudeljaeger__mit_pc,control,0,1,0,5,10,10,6,15,0,5,3,11,0,0
pc-fdc2343d-1352,solidaritaet_ueberleben__mit_pc,control,1,0,1,5,-1,8,5,14,1,5,2,0,0,0
pc-8474c380-1353,rudeljaeger__mit_pc,control,0,0,0,8,-1,13,11,28,3,9,3,3,0,0
pc-8474c380-1353,solidaritaet_ueberleben__mit_pc,control,1,1,1,8,7,13,8,26,4,7,7,11,0,0
pc-f05cf5b8-1354,rudeljaeger__mit_pc,control,0,0,0,8,-3,12,10,25,5,8,6,5,0,0
pc-f05cf5b8-1354,solidaritaet_ueberleben__mit_pc,control,1,1,1,8,5,12,10,32,0,9,5,13,1,0
pc-770f84fb-1355,rudeljaeger__mit_pc,control,0,1,0,6,10,11,7,19,0,7,3,10,0,0
pc-770f84fb-1355,solidaritaet_ueberleben__mit_pc,control,1,0,1,6,0,12,6,20,1,6,4,0,0,0
pc-e2f7b733-1356,rudeljaeger__mit_pc,control,0,,0,15,0,20,19,55,52,17,16,9,0,2
pc-e2f7b733-1356,solidaritaet_ueberleben__mit_pc,control,1,,1,15,0,19,18,63,48,18,15,9,3,0
pc-69aa4676-1357,rudeljaeger__mit_pc,control,0,1,0,5,10,10,5,13,1,5,2,13,0,0
pc-69aa4676-1357,solidaritaet_ueberleben__mit_pc,control,1,0,1,5,-3,9,5,14,1,5,2,0,0,0
pc-d59278ae-1358,rudeljaeger__mit_pc,control,0,0,0,11,-5,16,15,34,22,13,6,8,0,2
pc-d59278ae-1358,solidaritaet_ueberleben__mit_pc,control,1,1,1,11,2,15,12,40,20,11,11,15,0,0
pc-5c4507f1-1359,rudeljaeger__mit_pc,control,0,1,0,13,5,17,17,47,32,16,12,13,0,0
pc-5c4507f1-1359,solidaritaet_ueberleben__mit_pc,control,1,0,1,13,-3,18,16,53,28,15,11,5,0,0
pc-c82d3a29-1360,rudeljaeger__mit_pc,control,0,1,0,10,3,15,14,37,11,13,10,11,0,0
pc-c82d3a29-1360,solidaritaet_ueberleben__mit_pc,control,1,0,1,10,-1,15,11,36,18,11,10,7,0,0
pc-4edfc96c-1361,rudeljaeger__mit_pc,control,0,1,0,6,5,12,6,20,1,6,4,11,0,1
pc-4edfc96c-1361,solidaritaet_ueberleben__mit_pc,control,1,0,1,6,-1,11,6,20,0,6,1,5,0,0
pc-bac7fba4-1362,rudeljaeger__mit_pc,control,0,1,0,6,10,10,8,20,1,8,4,12,0,0
pc-bac7fba4-1362,solidaritaet_ueberleben__mit_pc,control,1,0,1,6,-2,11,5,20,1,5,6,0,0,0
pc-417a8ae7-1363,rudeljaeger__mit_pc,control,0,1,0,6,7,11,8,20,0,7,2,12,0,0
pc-417a8ae7-1363,solidaritaet_ueberleben__mit_pc,control,1,0,1,6,-2,12,5,18,3,5,3,3,0,0
pc-ad62bd1f-1364,rudeljaeger__mit_pc,control,0,1,0,11,7,15,14,42,17,14,11,10,0,1
pc-ad62bd1f-1364,solidaritaet_ueberleben__mit_pc,control,1,0,1,11,0,17,14,40,19,13,10,3,0,0
pc-34154c62-1365,rudeljaeger__mit_pc,control,0,1,0,15,3,22,18,54,56,16,16,9,0,0
pc-34154c62-1365,solidaritaet_ueberleben__mit_pc,control,1,0,1,15,0,19,18,60,46,17,12,6,0,0
pc-765166eb-1366,rudeljaeger__mit_pc,control,0,1,0,11,1,16,15,43,14,13,8,12,0,1
pc-765166eb-1366,solidaritaet_ueberleben__mit_pc,control,1,0,1,11,-2,17,12,42,20,11,9,9,0,0
pc-fd04162d-1367,rudeljaeger__mit_pc,control,0,1,0,7,10,13,9,23,0,8,6,12,0,0
pc-fd04162d-1367,solidaritaet_ueberleben__mit_pc,control,1,0,1,7,-2,10,9,27,0,9,3,0,0,0
pc-68ec2866-1368,rudeljaeger__mit_pc,control,0,0,0,8,0,11,10,29,6,9,5,4,0,1
pc-68ec2866-1368,solidaritaet_ueberleben__mit_pc,control,1,1,1,8,6,14,10,34,0,10,7,10,0,0
pc-ef9ed7a8-1369,rudeljaeger__mit_pc,control,0,0,0,9,0,13,12,34,7,10,4,8,0,0
pc-ef9ed7a8-1369,solidaritaet_ueberleben__mit_pc,control,1,1,1,9,2,14,9,32,10,9,9,10,0,0
pc-5b86e9e1-1370,rudeljaeger__mit_pc,control,0,1,0,8,3,11,8,19,9,7,5,10,0,0
pc-5b86e9e1-1370,solidaritaet_ueberleben__mit_pc,control,1,0,1,8,0,14,9,29,7,9,4,7,0,0
pc-e2399923-1371,rudeljaeger__mit_pc,control,0,1,0,11,3,14,14,41,17,13,11,12,0,0
pc-e2399923-1371,solidaritaet_ueberleben__mit_pc,control,1,0,1,11,-2,17,14,49,17,13,8,7,0,0
pc-4e21ab5c-1372,rudeljaeger__mit_pc,control,0,0,0,11,-2,15,14,35,23,12,7,6,0,2
pc-4e21ab5c-1372,solidaritaet_ueberleben__mit_pc,control,1,1,1,11,4,16,12,47,11,11,10,12,0,0
pc-d4d45a9e-1373,rudeljaeger__mit_pc,control,0,0,0,12,0,16,15,42,27,14,13,7,0,0
pc-d4d45a9e-1373,solidaritaet_ueberleben__mit_pc,control,1,1,1,12,3,19,15,56,16,14,12,10,0,0
pc-40bc6cd7-1374,rudeljaeger__mit_pc,control,0,0,0,6,-2,10,9,19,1,7,1,5,0,0
pc-40bc6cd7-1374,solidaritaet_ueberleben__mit_pc,control,1,1,1,6,5,10,6,21,0,6,6,12,0,0
pc-c76f1c19-1375,rudeljaeger__mit_pc,control,0,0,0,12,-2,18,15,43,27,13,10,9,0,1
pc-c76f1c19-1375,solidaritaet_ueberleben__mit_pc,control,1,1,1,12,1,17,15,52,20,14,10,12,0,0
pc-33572e52-1376,rudeljaeger__mit_pc,control,0,0,0,14,0,19,15,47,44,13,11,9,0,2
pc-33572e52-1376,solidaritaet_ueberleben__mit_pc,control,1,1,1,14,1,20,14,54,37,13,9,10,0,0
pc-ba09dd94-1377,rudeljaeger__mit_pc,control,0,1,0,7,10,12,10,27,1,8,6,10,0,0
pc-ba09dd94-1377,solidaritaet_ueberleben__mit_pc,control,1,0,1,7,0,10,10,27,0,9,4,0,0,0
pc-25f1efcd-1378,rudeljaeger__mit_pc,control,0,1,0,6,10,9,9,20,0,8,5,12,0,0
pc-25f1efcd-1378,solidaritaet_ueberleben__mit_pc,control,1,0,1,6,-2,12,7,20,1,7,5,0,0,0
pc-aca49f0f-1379,rudeljaeger__mit_pc,control,0,0,0,12,-3,15,15,37,33,14,8,8,0,0
pc-aca49f0f-1379,solidaritaet_ueberleben__mit_pc,control,1,1,1,12,2,17,13,52,20,12,10,13,0,0
pc-188cb148-1380,rudeljaeger__mit_pc,control,0,1,0,5,10,9,5,13,0,5,2,10,0,0
pc-188cb148-1380,solidaritaet_ueberleben__mit_pc,control,1,0,1,5,0,11,4,14,1,4,1,0,0,0
pc-9f3f408a-1381,rudeljaeger__mit_pc,control,0,1,0,11,2,15,15,35,24,14,11,12,0,0
pc-9f3f408a-1381,solidaritaet_ueberleben__mit_pc,control,1,0,1,11,-2,17,14,45,15,13,11,8,0,0
pc-e17b7b13-1382,rudeljaeger__mit_pc,control,0,1,0,5,10,8,6,13,1,6,4,11,0,0
pc-e17b7b13-1382,solidaritaet_ueberleben__mit_pc,control,1,0,1,5,-1,9,5,14,0,5,5,0,0,0
pc-682e0a56-1383,rudeljaeger__mit_pc,control,0,1,0,14,1,18,16,47,44,14,16,14,0,0
pc-682e0a56-1383,solidaritaet_ueberleben__mit_pc,control,1,0,1,14,-4,19,17,54,40,16,10,9,0,0
pc-d4163c8e-1384,rudeljaeger__mit_pc,control,0,0,0,11,-7,16,15,43,17,13,8,9,0,0
pc-d4163c8e-1384,solidaritaet_ueberleben__mit_pc,control,1,1,1,11,1,16,14,48,11,13,10,17,0,0
pc-5ac8cbd1-1385,rudeljaeger__mit_pc,control,0,0,0,7,-1,11,6,19,2,6,4,9,0,0
pc-5ac8cbd1-1385,solidaritaet_ueberleben__mit_pc,control,1,1,1,7,1,11,7,20,1,7,1,11,0,0
pc-c6b0fe09-1386,rudeljaeger__mit_pc,control,0,0,0,13,-3,18,15,44,39,14,11,6,0,0
pc-c6b0fe09-1386,solidaritaet_ueberleben__mit_pc,control,1,1,1,13,4,17,16,52,32,15,11,13,0,0
pc-4d638d4c-1387,rudeljaeger__mit_pc,control,0,1,0,14,1,20,18,53,42,16,15,12,0,5
pc-4d638d4c-1387,solidaritaet_ueberleben__mit_pc,control,1,0,1,14,-2,21,18,59,37,17,12,9,0,0
pc-b94bbf84-1388,rudeljaeger__mit_pc,control,0,1,0,10,4,14,13,36,11,12,12,10,0,0
pc-b94bbf84-1388,solidaritaet_ueberleben__mit_pc,control,1,0,1,10,0,15,13,39,10,12,8,6,0,0
pc-3ffe4ec7-1389,rudeljaeger__mit_pc,control,0,0,0,8,-2,11,11,29,1,10,7,9,0,0
pc-3ffe4ec7-1389,solidaritaet_ueberleben__mit_pc,control,1,1,1,8,1,13,10,30,3,10,6,12,0,0
pc-abe660ff-1390,rudeljaeger__mit_pc,control,0,1,0,3,10,6,3,6,0,3,1,11,0,0
pc-abe660ff-1390,solidaritaet_ueberleben__mit_pc,control,1,0,1,3,-1,8,2,4,2,2,0,0,0,0
pc-32991042-1391,rudeljaeger__mit_pc,control,0,1,0,5,10,9,6,12,0,6,4,10,0,0
pc-32991042-1391,solidaritaet_ueberleben__mit_pc,control,1,0,1,5,0,9,6,15,0,6,2,0,0,0
pc-9e81227a-1392,rudeljaeger__mit_pc,control,0,1,0,6,10,11,7,18,2,6,5,12,0,0
pc-9e81227a-1392,solidaritaet_ueberleben__mit_pc,control,1,0,1,6,-2,12,6,20,1,5,3,0,0,0
pc-2533d1bd-1393,rudeljaeger__mit_pc,control,0,1,0,14,4,19,17,48,44,15,16,10,0,2
pc-2533d1bd-1393,solidaritaet_ueberleben__mit_pc,control,1,0,1,14,0,19,18,58,41,18,12,6,0,0
pc-911be3f5-1394,rudeljaeger__mit_pc,control,0,0,0,13,-2,18,17,48,32,15,12,6,0,5
pc-911be3f5-1394,solidaritaet_ueberleben__mit_pc,control,1,1,1,13,4,17,15,55,27,15,13,12,0,0
pc-17ce9338-1395,rudeljaeger__mit_pc,control,0,0,0,10,-3,15,11,31,16,9,9,3,0,0
pc-17ce9338-1395,solidaritaet_ueberleben__mit_pc,control,1,1,1,10,7,15,13,38,11,12,6,13,0,0
pc-83b6a570-1396,rudeljaeger__mit_pc,control,0,1,0,10,8,15,12,35,17,10,11,10,0,1
pc-83b6a570-1396,solidaritaet_ueberleben__mit_pc,control,1,0,1,10,0,14,14,40,13,13,7,2,0,0
pc-0a6954b3-1397,rudeljaeger__mit_pc,control,0,1,0,11,10,16,14,40,17,13,12,10,0,1
pc-0a6954b3-1397,solidaritaet_ueberleben__mit_pc,control,1,0,1,11,0,16,14,44,17,13,10,0,0,0
pc-4ca56f3c-1398,rudeljaeger__mit_pc,control,0,0,0,11,-3,16,14,35,20,14,9,2,0,0
pc-4ca56f3c-1398,solidaritaet_ueberleben__mit_pc,control,1,1,1,11,8,16,13,49,8,13,10,13,0,0
pc-d3581e7e-1399,rudeljaeger__mit_pc,control,0,1,0,5,10,9,6,13,0,6,4,12,0,0
pc-d3581e7e-1399,solidaritaet_ueberleben__mit_pc,control,1,0,1,5,-2,9,6,12,0,6,4,0,0,0
pc-2da88a16-1400,rudeljaeger__mit_pc,control,0,1,1,13,2,18,17,43,37,15,15,10,0,0
pc-2da88a16-1400,solidaritaet_ueberleben__ohne_pc,control,1,0,0,13,0,20,17,53,30,16,11,8,0,0
pc-a6f5fad3-1401,rudeljaeger__mit_pc,control,0,1,1,8,4,12,9,30,1,8,6,11,0,2
pc-a6f5fad3-1401,solidaritaet_ueberleben__ohne_pc,control,1,0,0,8,-1,13,9,34,2,9,5,6,0,0
pc-20434b91-1402,rudeljaeger__mit_pc,control,0,1,1,13,4,17,17,48,35,16,16,11,0,3
pc-20434b91-1402,solidaritaet_ueberleben__ohne_pc,control,1,0,0,13,-1,20,17,53,33,17,11,6,1,0
pc-9990bc4e-1403,rudeljaeger__mit_pc,control,0,0,1,10,-3,14,13,34,15,11,6,8,0,0
pc-9990bc4e-1403,solidaritaet_ueberleben__ohne_pc,control,1,1,0,10,2,15,11,43,6,10,8,13,0,0
pc-48730720-1404,rudeljaeger__mit_pc,control,0,1,1,8,2,12,9,29,1,8,8,12,0,2
pc-48730720-1404,solidaritaet_ueberleben__ohne_pc,control,1,0,0,8,-2,13,10,29,2,10,5,8,0,0
pc-c1c077dd-1405,rudeljaeger__mit_pc,control,0,1,1,8,1,14,11,26,4,11,6,12,0,0
pc-c1c077dd-1405,solidaritaet_ueberleben__ohne_pc,control,1,0,0,8,-2,13,8,29,4,8,9,9,0,0
pc-3b0dc89b-1406,rudeljaeger__mit_pc,control,0,1,1,15,5,20,15,47,58,13,14,13,0,0
pc-3b0dc89b-1406,solidaritaet_ueberleben__ohne_pc,control,1,0,0,15,-3,20,18,55,52,17,10,5,0,0
pc-b45b3958-1407,rudeljaeger__mit_pc,control,0,1,1,6,10,9,6,19,1,6,5,11,0,0
pc-b45b3958-1407,solidaritaet_ueberleben__ohne_pc,control,1,0,0,6,-1,9,6,20,1,6,2,0,0,0
pc-633d842a-1408,rudeljaeger__mit_pc,control,0,0,1,9,0,15,12,32,9,11,7,6,0,1
pc-633d842a-1408,solidaritaet_ueberleben__ohne_pc,control,1,1,0,9,4,15,11,35,1,11,10,10,0,0
pc-dc8af4e7-1409,rudeljaeger__mit_pc,control,0,1,1,7,7,10,7,20,1,7,3,10,0,0
pc-dc8af4e7-1409,solidaritaet_ueberleben__ohne_pc,control,1,0,0,7,0,11,7,20,7,7,2,3,0,0
pc-55d845a5-1410,rudeljaeger__mit_pc,control,0,0,1,8,0,13,10,23,5,9,3,5,0,0
pc-55d845a5-1410,solidaritaet_ueberleben__ohne_pc,control,1,1,0,8,5,14,8,31,1,7,4,10,0,0
pc-cf25b662-1411,rudeljaeger__mit_pc,control,0,1,1,8,9,12,9,28,3,9,7,10,0,0
pc-cf25b662-1411,solidaritaet_ueberleben__ohne_pc,control,1,0,0,8,0,12,9,31,4,9,6,1,1,0
pc-7e080134-1412,rudeljaeger__mit_pc,control,0,0,1,12,-1,18,16,45,26,15,8,6,0,0
pc-7e080134-1412,solidaritaet_ueberleben__ohne_pc,control,1,1,0,12,4,18,14,49,24,13,11,11,0,0
pc-f75571f1-1413,rudeljaeger__mit_pc,control,0,0,1,14,-2,19,18,52,41,16,15,7,0,1
pc-f75571f1-1413,solidaritaet_ueberleben__ohne_pc,control,1,1,0,14,3,18,18,55,38,17,13,12,1,0
pc-70a2c2af-1414,rudeljaeger__mit_pc,control,0,1,1,4,10,9,4,9,0,4,0,11,0,0
pc-70a2c2af-1414,solidaritaet_ueberleben__ohne_pc,control,1,0,0,4,-1,8,4,8,1,4,1,0,0,0
pc-e9f0336c-1415,rudeljaeger__mit_pc,control,0,0,1,11,-2,15,14,39,16,13,12,9,0,0
pc-e9f0336c-1415,solidaritaet_ueberleben__ohne_pc,control,1,1,0,11,1,15,11,40,15,11,11,12,0,0
pc-c27e95ed-1416,rudeljaeger__mit_pc,control,0,1,1,4,9,8,3,7,2,3,0,10,0,0
pc-c27e95ed-1416,solidaritaet_ueberleben__ohne_pc,control,1,0,0,4,0,10,3,9,1,3,0,1,0,0
pc-3bcbe6ab-1417,rudeljaeger__mit_pc,control,0,0,1,7,0,10,9,22,1,8,5,8,0,0
pc-3bcbe6ab-1417,solidaritaet_ueberleben__ohne_pc,control,1,1,0,7,2,12,7,22,4,7,4,10,0,0
pc-b5195768-1418,rudeljaeger__mit_pc,control,0,1,1,6,6,10,7,20,0,7,4,10,0,0
pc-b5195768-1418,solidaritaet_ueberleben__ohne_pc,control,1,0,0,6,0,11,7,20,1,7,3,4,0,0
pc-2e66a826-1419,rudeljaeger__mit_pc,control,0,1,1,7,4,11,10,24,1,8,5,11,0,0
pc-2e66a826-1419,solidaritaet_ueberleben__ohne_pc,control,1,0,0,7,-1,12,7,23,3,7,6,6,0,0
pc-dd4912f7-1420,rudeljaeger__mit_pc,control,0,1,1,10,2,14,12,35,10,10,11,12,0,0
pc-dd4912f7-1420,solidaritaet_ueberleben__ohne_pc,control,1,0,0,10,-2,14,13,35,13,13,6,8,0,0
pc-569663b5-1421,rudeljaeger__mit_pc,control,0,1,1,6,8,10,7,19,1,7,3,13,0,0
pc-569663b5-1421,solidaritaet_ueberleben__ohne_pc,control,1,0,0,6,-3,11,5,19,2,5,4,2,0,0
pc-cfe3d472-1422,rudeljaeger__mit_pc,control,0,0,1,14,-5,18,14,43,51,12,12,3,0,0
pc-cfe3d472-1422,solidaritaet_ueberleben__ohne_pc,control,1,1,0,14,7,19,18,58,36,17,8,15,0,0
pc-49312530-1423,rudeljaeger__mit_pc,control,0,0,1,16,-1,21,19,55,73,17,19,4,0,3
pc-49312530-1423,solidaritaet_ueberleben__ohne_pc,control,1,1,0,16,3,21,20,64,63,19,13,8,0,0
pc-f8139001-1424,rudeljaeger__mit_pc,control,0,0,1,8,-1,12,11,27,6,9,7,8,0,0
pc-f8139001-1424,solidaritaet_ueberleben__ohne_pc,control,1,1,0,8,2,12,10,34,1,10,5,11,0,0
pc-7160e0bf-1425,rudeljaeger__mit_pc,control,0,1,1,7,5,11,10,26,2,10,4,12,0,1
pc-7160e0bf-1425,solidaritaet_ueberleben__ohne_pc,control,1,0,0,7,-2,10,8,23,1,8,6,5,0,0
pc-eaae517c-1426,rudeljaeger__mit_pc,control,0,1,1,3,10,7,4,6,0,4,0,10,0,0
pc-eaae517c-1426,solidaritaet_ueberleben__ohne_pc,control,1,0,0,3,0,7,2,5,1,2,0,0,0,0
pc-63fba23a-1427,rudeljaeger__mit_pc,control,0,1,1,4,6,9,3,9,1,3,0,10,0,0
pc-63fba23a-1427,solidaritaet_ueberleben__ohne_pc,control,1,0,0,4,0,8,3,9,1,3,0,4,0,0
pc-12de0d0c-1428,rudeljaeger__mit_pc,control,0,1,1,3,8,7,3,6,0,3,0,10,0,0
pc-12de0d0c-1428,solidaritaet_ueberleben__ohne_pc,control,1,0,0,3,0,7,3,6,0,3,0,2,0,0
pc-8c2b7dc9-1429,rudeljaeger__mit_pc,control,0,1,1,4,7,7,5,10,0,5,2,10,0,0
pc-8c2b7dc9-1429,solidaritaet_ueberleben__ohne_pc,control,1,0,0,4,0,8,4,8,1,4,2,3,0,0
pc-0578ce87-1430,rudeljaeger__mit_pc,control,0,1,1,12,4,17,13,41,28,11,16,10,0,1
pc-0578ce87-1430,solidaritaet_ueberleben__ohne_pc,control,1,0,0,12,0,17,16,50,20,15,8,6,0,0
pc-7ec63f44-1431,rudeljaeger__mit_pc,control,0,1,1,14,4,20,17,48,43,16,10,12,0,0
pc-7ec63f44-1431,solidaritaet_ueberleben__ohne_pc,control,1,0,0,14,-2,19,14,47,44,13,14,6,1,0
pc-575481c5-1432,rudeljaeger__mit_pc,control,0,0,1,9,-2,14,13,36,7,12,2,9,0,1
pc-575481c5-1432,solidaritaet_ueberleben__ohne_pc,control,1,1,0,9,1,15,8,32,10,7,9,12,0,0
pc-d0a1f282-1433,rudeljaeger__mit_pc,control,0,1,1,5,4,9,6,14,1,6,1,11,0,0
pc-d0a1f282-1433,solidaritaet_ueberleben__ohne_pc,control,1,0,0,5,-1,8,5,15,0,5,4,6,0,0
pc-49ef4340-1434,rudeljaeger__mit_pc,control,0,1,1,7,6,10,10,20,6,9,6,12,0,0
pc-49ef4340-1434,solidaritaet_ueberleben__ohne_pc,control,1,0,0,7,-2,12,9,27,0,9,5,4,0,0
pc-c33cb3fd-1435,rudeljaeger__mit_pc,control,0,0,1,14,-1,18,16,43,48,15,16,9,0,2
pc-c33cb3fd-1435,solidaritaet_ueberleben__ohne_pc,control,1,1,0,14,1,18,18,58,35,18,12,11,1,0
pc-721f1ecf-1436,rudeljaeger__mit_pc,control,0,1,1,4,6,8,5,10,0,5,0,11,0,0
pc-721f1ecf-1436,solidaritaet_ueberleben__ohne_pc,control,1,0,0,4,-1,8,3,9,1,3,3,4,0,0
pc-eb6c6f8c-1437,rudeljaeger__mit_pc,control,0,1,1,14,2,19,17,49,42,15,18,13,0,0
pc-eb6c6f8c-1437,solidaritaet_ueberleben__ohne_pc,control,1,0,0,14,-3,20,18,61,33,17,11,8,0,0
pc-64b9c04a-1438,rudeljaeger__mit_pc,control,0,1,1,8,8,12,11,27,4,11,7,11,0,0
pc-64b9c04a-1438,solidaritaet_ueberleben__ohne_pc,control,1,0,0,8,-1,13,10,32,4,10,6,2,2,0
pc-de073107-1439,rudeljaeger__mit_pc,control,0,1,1,6,10,10,6,16,1,6,3,13,0,0
pc-de073107-1439,solidaritaet_ueberleben__ohne_pc,control,1,0,0,6,-3,11,5,20,1,5,4,0,0,0
pc-8ce99bd9-1440,rudeljaeger__mit_pc,control,0,0,1,7,-1,12,10,22,2,9,4,9,0,0
pc-8ce99bd9-1440,solidaritaet_ueberleben__ohne_pc,control,1,1,0,7,1,11,7,24,1,7,7,11,0,0
pc-0636ec97-1441,rudeljaeger__mit_pc,control,0,1,1,6,4,11,6,18,0,6,4,11,0,1
pc-0636ec97-1441,solidaritaet_ueberleben__ohne_pc,control,1,0,0,6,-1,10,6,18,3,6,3,6,0,0
pc-7f845d54-1442,rudeljaeger__mit_pc,control,0,1,1,14,5,20,18,49,45,16,17,10,0,0
pc-7f845d54-1442,solidaritaet_ueberleben__ohne_pc,control,1,0,0,14,0,20,18,56,38,17,13,5,0,0
pc-f8d1ae11-1443,rudeljaeger__mit_pc,control,0,1,1,14,8,18,17,49,46,15,15,12,0,3
pc-f8d1ae11-1443,solidaritaet_ueberleben__ohne_pc,control,1,0,0,14,-2,19,17,53,41,17,12,2,1,0
pc-a7b418e3-1444,rudeljaeger__mit_pc,control,0,1,1,5,6,10,4,13,2,4,1,13,0,0
pc-a7b418e3-1444,solidaritaet_ueberleben__ohne_pc,control,1,0,0,5,-3,10,5,13,2,5,1,4,0,0
pc-210169a1-1445,rudeljaeger__mit_pc,control,0,1,1,15,1,19,18,49,59,16,14,9,0,0
pc-210169a1-1445,solidaritaet_ueberleben__ohne_pc,control,1,0,0,15,0,21,17,60,49,16,14,8,0,0
pc-9a4eda5e-1446,rudeljaeger__mit_pc,control,0,1,1,10,4,14,9,34,11,8,13,13,0,3
pc-9a4eda5e-1446,solidaritaet_ueberleben__ohne_pc,control,1,0,0,10,-3,15,14,42,8,14,4,6,0,0
pc-139c2b1c-1447,rudeljaeger__mit_pc,control,0,0,1,9,0,14,12,37,8,12,6,7,0,0
pc-139c2b1c-1447,solidaritaet_ueberleben__ohne_pc,control,1,1,0,9,3,15,11,31,8,10,8,10,0,0
pc-ec2a8d9c-1448,rudeljaeger__mit_pc,control,0,1,1,9,7,14,13,36,4,12,11,13,0,2
pc-ec2a8d9c-1448,solidaritaet_ueberleben__ohne_pc,control,1,0,0,9,-3,14,12,32,6,12,9,3,0,0
pc-6577fe5a-1449,rudeljaeger__mit_pc,control,0,0,1,13,0,17,16,47,36,14,13,9,0,2
pc-6577fe5a-1449,solidaritaet_ueberleben__ohne_pc,control,1,1,0,13,1,16,16,49,32,16,13,10,0,0
pc-9188a9a5-1450,rudeljaeger__mit_pc,control,0,1,0,12,7,16,14,45,26,13,13,12,0,3
pc-9188a9a5-1450,solidaritaet_ueberleben__ohne_pc,control,1,0,1,12,-2,18,15,49,20,14,10,3,0,0
pc-183b58e8-1451,rudeljaeger__mit_pc,control,0,0,0,8,0,12,11,28,4,10,3,7,0,1
pc-183b58e8-1451,solidaritaet_ueberleben__ohne_pc,control,1,1,1,8,3,14,8,31,1,8,5,10,0,0
pc-9eede82a-1452,rudeljaeger__mit_pc,control,0,0,0,14,0,18,17,46,49,16,17,6,0,2
pc-9eede82a-1452,solidaritaet_ueberleben__ohne_pc,control,1,1,1,14,4,21,18,54,41,17,15,10,1,0
pc-25a0976d-1453,rudeljaeger__mit_pc,control,0,0,0,7,-1,10,10,26,2,9,4,9,0,0
pc-25a0976d-1453,solidaritaet_ueberleben__ohne_pc,control,1,1,1,7,1,12,8,26,1,8,6,11,0,0
pc-ac5326af-1454,rudeljaeger__mit_pc,control,0,1,0,11,4,15,12,37,26,11,13,13,0,2
pc-ac5326af-1454,solidaritaet_ueberleben__ohne_pc,control,1,0,1,11,-3,16,14,37,21,13,9,6,0,0
pc-3305d5f2-1455,rudeljaeger__mit_pc,control,0,1,0,6,7,10,8,19,1,7,3,13,0,0
pc-3305d5f2-1455,solidaritaet_ueberleben__ohne_pc,control,1,0,1,6,-3,11,7,20,1,6,2,3,0,0
pc-b9b86534-1456,rudeljaeger__mit_pc,control,0,0,0,8,-2,12,11,28,4,9,5,8,0,0
pc-b9b86534-1456,solidaritaet_ueberleben__ohne_pc,control,1,1,1,8,2,12,8,30,2,8,5,12,0,0
pc-406b1477-1457,rudeljaeger__mit_pc,control,0,1,0,12,1,17,14,44,26,12,12,13,0,1
pc-406b1477-1457,solidaritaet_ueberleben__ohne_pc,control,1,0,1,12,-3,19,16,54,15,15,7,9,0,0
pc-c71da3b9-1458,rudeljaeger__mit_pc,control,0,0,0,8,0,12,10,30,3,10,1,7,0,0
pc-c71da3b9-1458,solidaritaet_ueberleben__ohne_pc,control,1,1,1,8,3,13,7,27,1,6,6,10,0,0
pc-4dd052fc-1459,rudeljaeger__mit_pc,control,0,0,0,8,-1,12,11,30,4,9,4,2,0,0
pc-4dd052fc-1459,solidaritaet_ueberleben__ohne_pc,control,1,1,1,8,8,14,9,34,1,9,7,11,0,0
pc-d482e23e-1460,rudeljaeger__mit_pc,control,0,1,0,5,10,8,6,14,0,6,3,10,0,0
pc-d482e23e-1460,solidaritaet_ueberleben__ohne_pc,control,1,0,1,5,0,10,5,15,0,5,2,0,0,0
pc-5b359181-1461,rudeljaeger__mit_pc,control,0,0,0,10,0,16,13,36,10,11,9,9,0,0
pc-5b359181-1461,solidaritaet_ueberleben__ohne_pc,control,1,1,1,10,1,14,13,40,7,12,11,10,0,0
pc-e1e820c3-1462,rudeljaeger__mit_pc,control,0,0,0,8,-1,11,11,29,4,11,5,3,0,0
pc-e1e820c3-1462,solidaritaet_ueberleben__ohne_pc,control,1,1,1,8,7,12,8,24,4,8,10,11,0,0
pc-689ad006-1463,rudeljaeger__mit_pc,control,0,0,0,10,0,13,13,37,12,12,4,4,0,1
pc-689ad006-1463,solidaritaet_ueberleben__ohne_pc,control,1,1,1,10,6,14,10,35,12,9,10,10,0,0
pc-ef4d7f48-1464,rudeljaeger__mit_pc,control,0,1,0,5,7,8,7,15,0,6,1,10,0,0
pc-ef4d7f48-1464,solidaritaet_ueberleben__ohne_pc,control,1,0,1,5,0,9,4,13,2,4,2,3,0,0
pc-76000e8b-1465,rudeljaeger__mit_pc,control,0,1,0,12,2,17,16,47,23,15,13,12,0,1
pc-76000e8b-1465,solidaritaet_ueberleben__ohne_pc,control,1,0,1,12,-2,18,15,48,21,14,11,8,1,0
pc-265eb57d-1466,rudeljaeger__mit_pc,control,0,1,0,5,10,9,5,14,0,5,4,11,0,0
pc-265eb57d-1466,solidaritaet_ueberleben__ohne_pc,control,1,0,1,5,-1,10,5,15,0,5,2,0,0,0
pc-ad1144bf-1467,rudeljaeger__mit_pc,control,0,0,0,7,-1,13,8,22,2,7,3,4,0,1
pc-ad1144bf-1467,solidaritaet_ueberleben__ohne_pc,control,1,1,1,7,6,12,7,27,1,7,3,11,0,0
pc-33c3f402-1468,rudeljaeger__mit_pc,control,0,1,0,7,6,12,9,26,2,9,5,10,0,0
pc-33c3f402-1468,solidaritaet_ueberleben__ohne_pc,control,1,0,1,7,0,11,7,26,1,7,6,4,0,0
pc-ba768344-1469,rudeljaeger__mit_pc,control,0,0,0,11,-3,16,14,41,19,12,13,7,0,0
pc-ba768344-1469,solidaritaet_ueberleben__ohne_pc,control,1,1,1,11,3,17,14,44,14,14,8,13,0,0
pc-41293287-1470,rudeljaeger__mit_pc,control,0,0,0,13,0,17,16,49,35,15,10,8,0,3
pc-41293287-1470,solidaritaet_ueberleben__ohne_pc,control,1,1,1,13,2,18,14,50,32,13,13,10,0,0
pc-c7dbc1c9-1471,rudeljaeger__mit_pc,control,0,0,0,8,-3,13,11,31,1,10,7,8,0,2
pc-c7dbc1c9-1471,solidaritaet_ueberleben__ohne_pc,control,1,1,1,8,2,12,9,30,4,8,8,13,0,0
pc-4e8e710c-1472,rudeljaeger__mit_pc,control,0,1,0,11,5,14,14,36,22,13,11,10,0,0
pc-4e8e710c-1472,solidaritaet_ueberleben__ohne_pc,control,1,0,1,11,0,15,14,45,17,13,8,5,2,0
pc-d541004e-1473,rudeljaeger__mit_pc,control,0,0,0,8,0,14,9,24,4,7,5,7,0,0
pc-d541004e-1473,solidaritaet_ueberleben__ohne_pc,control,1,1,1,8,3,13,9,27,1,9,5,10,0,0
pc-5bf3af91-1474,rudeljaeger__mit_pc,control,0,0,0,9,-1,13,11,33,11,10,3,7,0,1
pc-5bf3af91-1474,solidaritaet_ueberleben__ohne_pc,control,1,1,1,9,3,13,9,32,6,8,8,11,0,0
pc-e2a65ed3-1475,rudeljaeger__mit_pc,control,0,0,0,8,-2,13,11,31,4,10,4,5,0,0
pc-e2a65ed3-1475,solidaritaet_ueberleben__ohne_pc,control,1,1,1,8,5,13,8,29,3,7,7,12,0,0
pc-6958ee16-1476,rudeljaeger__mit_pc,control,0,1,0,5,10,10,4,14,1,4,1,11,0,0
pc-6958ee16-1476,solidaritaet_ueberleben__ohne_pc,control,1,0,1,5,-1,8,4,13,2,4,1,0,0,0
pc-f00b9d58-1477,rudeljaeger__mit_pc,control,0,0,0,9,-2,14,10,28,8,9,5,6,0,0
pc-f00b9d58-1477,solidaritaet_ueberleben__ohne_pc,control,1,1,1,9,4,13,9,33,5,9,6,12,0,0
pc-76be2c9b-1478,rudeljaeger__mit_pc,control,0,0,0,12,0,17,16,38,30,14,8,3,0,0
pc-76be2c9b-1478,solidaritaet_ueberleben__ohne_pc,control,1,1,1,12,7,17,12,41,28,12,11,10,0,0
pc-fd70dbdd-1479,rudeljaeger__mit_pc,control,0,1,0,12,3,16,14,45,25,13,15,11,0,3
pc-fd70dbdd-1479,solidaritaet_ueberleben__ohne_pc,control,1,0,1,12,-1,18,16,49,18,15,9,7,0,0
pc-84236b20-1480,rudeljaeger__mit_pc,control,0,0,0,8,-3,11,9,28,4,9,6,3,0,1
pc-84236b20-1480,solidaritaet_ueberleben__ohne_pc,control,1,1,1,8,7,13,9,31,3,9,6,13,2,0
pc-0ad61a63-1481,rudeljaeger__mit_pc,control,0,1,0,7,10,11,9,19,4,8,4,10,0,0
pc-0ad61a63-1481,solidaritaet_ueberleben__ohne_pc,control,1,0,1,7,0,13,7,26,1,6,4,0,0,0
pc-bb34a154-1482,rudeljaeger__mit_pc,control,0,0,0,8,0,12,10,30,1,9,4,7,0,0
pc-bb34a154-1482,solidaritaet_ueberleben__ohne_pc,control,1,1,1,8,3,13,9,27,1,8,5,10,0,0
pc-41e75097-1483,rudeljaeger__mit_pc,control,0,0,0,9,0,15,13,34,6,13,6,5,0,1
pc-41e75097-1483,solidaritaet_ueberleben__ohne_pc,control,1,1,1,9,5,15,10,31,11,10,11,10,0,0
pc-c899ffd9-1484,rudeljaeger__mit_pc,control,0,0,0,10,-2,17,13,33,14,13,6,4,0,1
pc-c899ffd9-1484,solidaritaet_ueberleben__ohne_pc,control,1,1,1,10,6,14,10,33,16,10,11,12,0,0
pc-4f4c8f1c-1485,rudeljaeger__mit_pc,control,0,1,0,14,3,18,17,47,45,16,15,11,0,2
pc-4f4c8f1c-1485,solidaritaet_ueberleben__ohne_pc,control,1,0,1,14,-1,20,18,59,33,17,15,7,0,0
pc-d5ff3e5e-1486,rudeljaeger__mit_pc,control,0,1,0,4,10,9,4,10,0,4,1,10,0,0
pc-d5ff3e5e-1486,solidaritaet_ueberleben__ohne_pc,control,1,0,1,4,0,8,3,9,1,2,1,0,0,0
pc-5cb1cda1-1487,rudeljaeger__mit_pc,control,0,1,0,6,6,10,8,17,1,8,2,12,0,1
pc-5cb1cda1-1487,solidaritaet_ueberleben__ohne_pc,control,1,0,1,6,-2,11,6,19,2,6,4,4,0,0
pc-e3647ce3-1488,rudeljaeger__mit_pc,control,0,1,0,4,10,7,4,10,0,4,0,11,0,0
pc-e3647ce3-1488,solidaritaet_ueberleben__ohne_pc,control,1,0,1,4,-1,10,3,9,1,3,1,0,0,0
pc-6a170c26-1489,rudeljaeger__mit_pc,control,0,1,0,12,1,16,15,45,21,13,16,12,0,0
pc-6a170c26-1489,solidaritaet_ueberleben__ohne_pc,control,1,0,1,12,-2,19,16,50,18,15,9,9,0,0
pc-f0c9bb68-1490,rudeljaeger__mit_pc,control,0,0,0,13,-1,18,17,46,34,15,13,9,0,0
pc-f0c9bb68-1490,solidaritaet_ueberleben__ohne_pc,control,1,1,1,13,1,18,16,55,26,15,13,11,2,0
pc-777c4aab-1491,rudeljaeger__mit_pc,control,0,0,0,15,-3,20,16,51,55,14,18,6,0,0
pc-777c4aab-1491,solidaritaet_ueberleben__ohne_pc,control,1,1,1,15,4,20,19,62,46,18,11,13,0,0
pc-fe2ef9ed-1492,rudeljaeger__mit_pc,control,0,0,0,16,-2,22,19,55,65,17,16,8,0,1
pc-fe2ef9ed-1492,solidaritaet_ueberleben__ohne_pc,control,1,1,1,16,1,21,18,58,62,17,13,11,0,0
pc-84e18930-1493,rudeljaeger__mit_pc,control,0,1,0,6,7,11,7,19,2,7,4,12,0,1
pc-84e18930-1493,solidaritaet_ueberleben__ohne_pc,control,1,0,1,6,-2,13,6,21,0,6,3,3,0,0
pc-0b943873-1494,rudeljaeger__mit_pc,control,0,0,0,12,-2,17,15,40,26,14,6,7,0,0
pc-0b943873-1494,solidaritaet_ueberleben__ohne_pc,control,1,1,1,12,3,17,10,31,35,9,15,12,0,0
pc-9246c7b5-1495,rudeljaeger__mit_pc,control,0,0,0,12,0,17,15,37,35,13,10,5,0,0
pc-9246c7b5-1495,solidaritaet_ueberleben__ohne_pc,control,1,1,1,12,5,17,14,50,20,13,9,10,0,0
pc-18f976f8-1496,rudeljaeger__mit_pc,control,0,1,0,13,7,19,17,46,34,15,17,12,0,0
pc-18f976f8-1496,solidaritaet_ueberleben__ohne_pc,control,1,0,1,13,-2,19,17,52,32,17,13,3,0,0
pc-9fac063a-1497,rudeljaeger__mit_pc,control,0,1,0,8,6,14,8,27,1,7,6,10,0,0
pc-9fac063a-1497,solidaritaet_ueberleben__ohne_pc,control,1,0,1,8,0,13,10,33,2,9,2,4,0,0
pc-500aad2c-1498,rudeljaeger__mit_pc,control,0,0,0,13,-3,19,17,43,36,15,12,7,0,0
pc-500aad2c-1498,solidaritaet_ueberleben__ohne_pc,control,1,1,1,13,3,18,17,53,28,16,14,13,0,0
pc-d6bd5c6e-1499,rudeljaeger__mit_pc,control,0,1,0,13,5,17,15,45,33,14,13,11,0,0
pc-d6bd5c6e-1499,solidaritaet_ueberleben__ohne_pc,control,1,0,1,13,-1,20,16,50,32,15,10,5,0,0
pc-7c21a46c-1500,rudeljaeger__ohne_pc,control,0,0,1,7,-1,11,10,20,5,8,2,7,0,0
pc-7c21a46c-1500,solidaritaet_ueberleben__mit_pc,control,1,1,0,7,3,13,8,24,2,7,6,11,0,0
pc-02d453af-1501,rudeljaeger__ohne_pc,control,0,0,1,8,-3,13,11,23,9,9,3,5,0,0
pc-02d453af-1501,solidaritaet_ueberleben__mit_pc,control,1,1,0,8,5,12,9,35,1,8,5,13,1,0
pc-8986e2f1-1502,rudeljaeger__ohne_pc,control,0,0,1,11,-1,16,14,38,18,13,9,9,0,0
pc-8986e2f1-1502,solidaritaet_ueberleben__mit_pc,control,1,1,0,11,1,16,11,36,19,10,13,11,0,0
pc-10399234-1503,rudeljaeger__ohne_pc,control,0,1,1,7,5,10,10,24,2,9,4,12,0,0
pc-10399234-1503,solidaritaet_ueberleben__mit_pc,control,1,0,0,7,-2,11,7,20,8,7,6,5,0,0
pc-96ec2176-1504,rudeljaeger__ohne_pc,control,0,0,1,15,0,21,18,47,60,16,13,9,0,2
pc-96ec2176-1504,solidaritaet_ueberleben__mit_pc,control,1,1,0,15,1,22,18,61,53,17,12,10,0,0
pc-1d9ed0b9-1505,rudeljaeger__ohne_pc,control,0,0,1,7,-2,11,9,24,2,7,2,7,0,1
pc-1d9ed0b9-1505,solidaritaet_ueberleben__mit_pc,control,1,1,0,7,3,11,7,27,1,6,4,12,0,0
pc-a4517ffb-1506,rudeljaeger__ohne_pc,control,0,0,1,8,-2,11,10,21,10,8,5,6,0,0
pc-a4517ffb-1506,solidaritaet_ueberleben__mit_pc,control,1,1,0,8,4,13,10,31,5,9,5,12,0,0
pc-2b040f3e-1507,rudeljaeger__ohne_pc,control,0,1,1,8,2,13,10,29,3,9,5,11,0,3
pc-2b040f3e-1507,solidaritaet_ueberleben__mit_pc,control,1,0,0,8,-1,12,8,30,4,8,5,8,0,0
pc-468caa58-1508,rudeljaeger__ohne_pc,control,0,0,1,7,0,10,9,26,1,8,2,8,0,2
pc-468caa58-1508,solidaritaet_ueberleben__mit_pc,control,1,1,0,7,2,12,8,26,2,7,5,10,0,0
pc-cd3f599a-1509,rudeljaeger__ohne_pc,control,0,0,1,16,-5,22,20,53,69,18,18,8,0,0
pc-cd3f599a-1509,solidaritaet_ueberleben__mit_pc,control,1,1,0,16,1,24,20,68,58,19,17,14,0,0
pc-53f1e8dd-1510,rudeljaeger__ohne_pc,control,0,0,1,13,0,17,16,44,36,15,12,6,0,1
pc-53f1e8dd-1510,solidaritaet_ueberleben__mit_pc,control,1,1,0,13,4,19,15,55,25,14,15,10,0,0
pc-daa4981f-1511,rudeljaeger__ohne_pc,control,0,1,1,9,4,13,12,34,10,11,7,12,0,0
pc-daa4981f-1511,solidaritaet_ueberleben__mit_pc,control,1,0,0,9,-2,15,10,33,11,9,8,6,0,0
pc-61572762-1512,rudeljaeger__ohne_pc,control,0,1,1,6,6,10,7,18,0,7,3,12,0,0
pc-61572762-1512,solidaritaet_ueberleben__mit_pc,control,1,0,0,6,-2,10,6,19,2,6,5,4,2,0
pc-e809d6a4-1513,rudeljaeger__ohne_pc,control,0,1,1,16,2,20,20,53,69,18,17,10,0,4
pc-e809d6a4-1513,solidaritaet_ueberleben__mit_pc,control,1,0,0,16,-1,22,20,68,57,19,15,7,0,0
pc-6ebc65e7-1514,rudeljaeger__ohne_pc,control,0,1,1,6,10,10,5,16,2,5,3,11,0,0
pc-6ebc65e7-1514,solidaritaet_ueberleben__mit_pc,control,1,0,0,6,-1,12,6,20,1,6,3,0,0,0
pc-f56f1529-1515,rudeljaeger__ohne_pc,control,0,0,1,7,0,11,10,20,4,8,6,9,0,0
pc-f56f1529-1515,solidaritaet_ueberleben__mit_pc,control,1,1,0,7,1,12,9,26,2,9,4,10,0,0
pc-10f7b044-1516,rudeljaeger__ohne_pc,control,0,1,1,5,8,8,5,14,1,5,1,13,0,0
pc-10f7b044-1516,solidaritaet_ueberleben__mit_pc,control,1,0,0,5,-3,10,4,12,2,4,0,2,0,0
pc-97aa5f86-1517,rudeljaeger__ohne_pc,control,0,0,1,9,-2,13,13,36,7,12,3,6,0,0
pc-97aa5f86-1517,solidaritaet_ueberleben__mit_pc,control,1,1,0,9,4,14,8,31,13,8,11,12,0,0
pc-1e5ceec9-1518,rudeljaeger__ohne_pc,control,0,0,1,11,-2,15,14,35,25,13,12,6,0,0
pc-1e5ceec9-1518,solidaritaet_ueberleben__mit_pc,control,1,1,0,11,4,16,14,47,12,13,12,12,0,0
pc-a50f9e0b-1519,rudeljaeger__ohne_pc,control,0,0,1,12,-1,16,16,44,27,16,10,6,0,0
pc-a50f9e0b-1519,solidaritaet_ueberleben__mit_pc,control,1,1,0,12,4,18,14,51,20,13,15,11,0,0
pc-2bc22d4e-1520,rudeljaeger__ohne_pc,control,0,0,1,8,0,13,12,28,4,12,2,5,0,0
pc-2bc22d4e-1520,solidaritaet_ueberleben__mit_pc,control,1,1,0,8,5,13,8,27,5,7,12,10,0,0
pc-b274dc90-1521,rudeljaeger__ohne_pc,control,0,0,1,10,0,15,14,34,14,13,5,9,0,0
pc-b274dc90-1521,solidaritaet_ueberleben__mit_pc,control,1,1,0,10,1,14,10,36,12,9,13,10,0,0
pc-39276bd3-1522,rudeljaeger__ohne_pc,control,0,0,1,12,-1,15,15,39,30,14,13,5,0,0
pc-39276bd3-1522,solidaritaet_ueberleben__mit_pc,control,1,1,0,12,5,19,16,53,17,16,12,11,0,0
pc-bfda1b15-1523,rudeljaeger__ohne_pc,control,0,0,1,10,-5,15,11,31,17,9,6,8,0,2
pc-bfda1b15-1523,solidaritaet_ueberleben__mit_pc,control,1,1,0,10,2,15,11,38,7,10,5,15,0,0
pc-db62b62f-1524,rudeljaeger__ohne_pc,control,0,1,1,5,10,10,4,14,1,4,0,11,0,0
pc-db62b62f-1524,solidaritaet_ueberleben__mit_pc,control,1,0,0,5,-1,10,3,11,3,2,0,0,0,0
pc-62154572-1525,rudeljaeger__ohne_pc,control,0,0,1,8,-3,11,9,22,6,8,6,7,0,0
pc-62154572-1525,solidaritaet_ueberleben__mit_pc,control,1,1,0,8,3,13,9,34,2,9,4,13,0,0
pc-e8c7f4b4-1526,rudeljaeger__ohne_pc,control,0,1,1,10,4,13,13,36,11,12,8,10,0,1
pc-e8c7f4b4-1526,solidaritaet_ueberleben__mit_pc,control,1,0,0,10,0,16,11,36,17,10,8,6,0,0
pc-6f7a83f7-1527,rudeljaeger__ohne_pc,control,0,,1,15,0,19,17,47,60,16,15,9,0,2
pc-6f7a83f7-1527,solidaritaet_ueberleben__mit_pc,control,1,,0,15,0,21,19,62,49,18,15,9,1,0
pc-f62d3339-1528,rudeljaeger__ohne_pc,control,0,0,1,9,-5,14,13,31,8,11,4,9,0,0
pc-f62d3339-1528,solidaritaet_ueberleben__mit_pc,control,1,1,0,9,1,15,8,33,6,8,11,15,0,0
pc-7cdfc27c-1529,rudeljaeger__ohne_pc,control,0,0,1,8,0,12,11,30,0,11,3,5,0,1
pc-7cdfc27c-1529,solidaritaet_ueberleben__mit_pc,control,1,1,0,8,5,14,8,27,9,8,7,10,0,0
pc-039271bf-1530,rudeljaeger__ohne_pc,control,0,1,1,8,3,12,11,30,5,11,7,13,0,0
pc-039271bf-1530,solidaritaet_ueberleben__mit_pc,control,1,0,0,8,-3,13,9,31,4,9,11,7,0,0
pc-8a450101-1531,rudeljaeger__ohne_pc,control,0,0,1,11,0,15,15,39,20,14,6,4,0,2
pc-8a450101-1531,solidaritaet_ueberleben__mit_pc,control,1,1,0,11,6,15,10,38,17,10,13,10,0,0
pc-5275acbd-1532,rudeljaeger__ohne_pc,control,0,1,1,7,6,10,8,23,2,7,6,10,0,1
pc-5275acbd-1532,solidaritaet_ueberleben__mit_pc,control,1,0,0,7,0,12,8,26,1,8,3,4,0,0
pc-d9285bff-1533,rudeljaeger__ohne_pc,control,0,0,1,11,0,16,15,36,22,13,11,9,0,0
pc-d9285bff-1533,solidaritaet_ueberleben__mit_pc,control,1,1,0,11,1,17,13,42,16,12,13,10,0,0
pc-5fdaeb42-1534,rudeljaeger__ohne_pc,control,0,1,1,6,10,10,7,19,0,6,3,13,0,0
pc-5fdaeb42-1534,solidaritaet_ueberleben__mit_pc,control,1,0,0,6,-3,10,5,20,1,5,2,0,0,0
pc-e68d9a84-1535,rudeljaeger__ohne_pc,control,0,0,1,14,-1,17,17,44,49,16,13,9,0,0
pc-e68d9a84-1535,solidaritaet_ueberleben__mit_pc,control,1,1,0,14,1,18,17,57,38,16,13,11,1,0
pc-6d4029c7-1536,rudeljaeger__ohne_pc,control,0,0,1,9,-2,13,12,33,5,11,4,7,0,1
pc-6d4029c7-1536,solidaritaet_ueberleben__mit_pc,control,1,1,0,9,3,14,10,31,5,9,9,12,0,0
pc-f3f2d909-1537,rudeljaeger__ohne_pc,control,0,0,1,13,-1,18,17,45,36,16,14,8,0,1
pc-f3f2d909-1537,solidaritaet_ueberleben__mit_pc,control,1,1,0,13,2,20,15,51,32,15,14,11,0,0
pc-7aa5684c-1538,rudeljaeger__ohne_pc,control,0,0,1,8,-2,12,11,29,1,11,2,8,0,0
pc-7aa5684c-1538,solidaritaet_ueberleben__mit_pc,control,1,1,0,8,2,13,7,28,4,7,6,12,0,0
pc-0158178f-1539,rudeljaeger__ohne_pc,control,0,0,1,10,-2,17,14,38,9,13,7,6,0,0
pc-0158178f-1539,solidaritaet_ueberleben__mit_pc,control,1,1,0,10,4,15,10,38,10,9,13,12,0,0
pc-1ce0b2a9-1540,rudeljaeger__ohne_pc,control,0,1,1,12,5,16,15,43,26,14,11,12,0,0
pc-1ce0b2a9-1540,solidaritaet_ueberleben__mit_pc,control,1,0,0,12,-2,17,15,45,23,14,11,5,0,0
pc-a39341eb-1541,rudeljaeger__ohne_pc,control,0,1,1,7,6,11,7,19,4,6,5,10,0,0
pc-a39341eb-1541,solidaritaet_ueberleben__mit_pc,control,1,0,0,7,0,12,8,22,3,8,3,4,0,0
pc-2a45f12e-1542,rudeljaeger__ohne_pc,control,0,1,1,7,6,12,7,23,1,6,6,11,0,0
pc-2a45f12e-1542,solidaritaet_ueberleben__mit_pc,control,1,0,0,7,-1,11,7,26,1,7,2,4,0,0
pc-b0f88070-1543,rudeljaeger__ohne_pc,control,0,0,1,8,-2,11,11,24,9,10,8,8,0,0
pc-b0f88070-1543,solidaritaet_ueberleben__mit_pc,control,1,1,0,8,2,12,10,28,2,10,8,12,0,0
pc-37ab2fb3-1544,rudeljaeger__ohne_pc,control,0,0,1,7,-2,11,10,25,3,9,5,9,0,0
pc-37ab2fb3-1544,solidaritaet_ueberleben__mit_pc,control,1,1,0,7,1,12,9,27,0,9,8,12,0,0
pc-be5ddef5-1545,rudeljaeger__ohne_pc,control,0,0,1,8,-4,11,10,23,10,8,1,8,0,0
pc-be5ddef5-1545,solidaritaet_ueberleben__mit_pc,control,1,1,0,8,2,14,7,24,4,6,4,14,0,0
pc-45106e38-1546,rudeljaeger__ohne_pc,control,0,1,1,11,2,16,15,37,21,13,12,11,0,1
pc-45106e38-1546,solidaritaet_ueberleben__mit_pc,control,1,0,0,11,-1,17,13,44,13,13,11,8,0,0
pc-cbc31d7a-1547,rudeljaeger__ohne_pc,control,0,0,1,8,-2,13,11,29,4,10,4,5,0,0
pc-cbc31d7a-1547,solidaritaet_ueberleben__mit_pc,control,1,1,0,8,5,12,9,32,4,8,5,12,0,0
pc-e74bb894-1548,rudeljaeger__ohne_pc,control,0,1,1,8,5,13,12,29,1,10,7,11,0,0
pc-e74bb894-1548,solidaritaet_ueberleben__mit_pc,control,1,0,0,8,-1,12,10,28,7,9,9,5,0,0
pc-6dfe47d7-1549,rudeljaeger__ohne_pc,control,0,0,1,9,0,13,13,33,8,12,5,8,0,0
pc-6dfe47d7-1549,solidaritaet_ueberleben__mit_pc,control,1,1,0,9,2,15,10,36,3,10,9,10,0,0
pc-184184dd-1550,rudeljaeger__ohne_pc,control,0,0,0,7,-1,10,10,23,0,8,4,8,0,0
pc-184184dd-1550,solidaritaet_ueberleben__mit_pc,control,1,1,1,7,2,13,8,26,2,7,8,11,0,0
pc-918ef59a-1551,rudeljaeger__ohne_pc,control,0,0,0,9,0,14,12,29,9,11,7,7,0,0
pc-918ef59a-1551,solidaritaet_ueberleben__mit_pc,control,1,1,1,9,3,15,10,37,5,9,12,10,0,0
pc-0adc4658-1552,rudeljaeger__ohne_pc,control,0,0,0,8,-5,11,11,27,3,9,5,4,0,1
pc-0adc4658-1552,solidaritaet_ueberleben__mit_pc,control,1,1,1,8,6,14,9,30,3,9,10,15,0,0
pc-8429b715-1553,rudeljaeger__ohne_pc,control,0,0,0,11,-4,15,14,32,26,12,8,8,0,0
pc-8429b715-1553,solidaritaet_ueberleben__mit_pc,control,1,1,1,11,2,15,11,41,20,10,10,14,0,0
pc-330c01e7-1554,rudeljaeger__ohne_pc,control,0,0,0,10,-2,16,14,36,13,13,5,7,0,0
pc-330c01e7-1554,solidaritaet_ueberleben__mit_pc,control,1,1,1,10,3,16,11,41,4,10,12,12,0,0
pc-ac5972a4-1555,rudeljaeger__ohne_pc,control,0,1,0,5,5,8,5,14,1,5,0,11,0,0
pc-ac5972a4-1555,solidaritaet_ueberleben__mit_pc,control,1,0,1,5,-1,10,4,14,1,4,3,5,0,0
pc-25a6c362-1556,rudeljaeger__ohne_pc,control,0,0,0,10,-1,15,14,35,12,12,5,7,0,0
pc-25a6c362-1556,solidaritaet_ueberleben__mit_pc,control,1,1,1,10,3,16,9,36,13,9,9,11,0,0
pc-9ef4341f-1557,rudeljaeger__ohne_pc,control,0,0,0,9,-1,14,13,35,6,13,3,8,0,0
pc-9ef4341f-1557,solidaritaet_ueberleben__mit_pc,control,1,1,1,9,2,14,9,30,14,8,13,11,0,0
pc-e2ac8ac8-1558,rudeljaeger__ohne_pc,control,0,0,0,9,-1,12,12,31,7,12,7,4,0,1
pc-e2ac8ac8-1558,solidaritaet_ueberleben__mit_pc,control,1,1,1,9,6,14,10,30,6,10,10,11,0,0
pc-5bf9fb86-1559,rudeljaeger__ohne_pc,control,0,1,0,10,4,14,14,39,10,12,8,11,0,1
pc-5bf9fb86-1559,solidaritaet_ueberleben__mit_pc,control,1,0,1,10,-1,14,10,38,11,10,9,6,0,0
pc-d5474c43-1560,rudeljaeger__ohne_pc,control,0,0,0,11,-2,16,14,40,20,14,12,9,0,1
pc-d5474c43-1560,solidaritaet_ueberleben__mit_pc,control,1,1,1,11,1,17,15,48,11,15,12,12,0,0
pc-4e94bd01-1561,rudeljaeger__ohne_pc,control,0,1,0,6,10,11,8,19,0,8,3,10,0,0
pc-4e94bd01-1561,solidaritaet_ueberleben__mit_pc,control,1,0,1,6,0,11,6,20,1,6,6,0,0,0
pc-fd7707d2-1562,rudeljaeger__ohne_pc,control,0,0,0,16,-1,22,20,53,69,18,15,4,0,1
pc-fd7707d2-1562,solidaritaet_ueberleben__mit_pc,control,1,1,1,16,3,22,17,62,60,16,18,8,0,0
pc-76c47890-1563,rudeljaeger__ohne_pc,control,0,1,0,8,5,12,9,24,5,8,5,11,0,1
pc-76c47890-1563,solidaritaet_ueberleben__mit_pc,control,1,0,1,8,-1,12,9,32,3,9,5,5,0,0
pc-f011c94d-1564,rudeljaeger__ohne_pc,control,0,1,0,4,10,9,4,10,0,4,2,10,0,0
pc-f011c94d-1564,solidaritaet_ueberleben__mit_pc,control,1,0,1,4,0,8,4,10,0,4,1,0,0,0
pc-695f3a0b-1565,rudeljaeger__ohne_pc,control,0,0,0,10,-1,15,13,35,13,11,12,2,0,3
pc-695f3a0b-1565,solidaritaet_ueberleben__mit_pc,control,1,1,1,10,8,16,13,40,8,13,10,11,0,0
pc-ad1790b4-1566,rudeljaeger__ohne_pc,control,0,0,0,13,-1,16,16,43,37,15,10,3,0,3
pc-ad1790b4-1566,solidaritaet_ueberleben__mit_pc,control,1,1,1,13,7,17,15,49,29,14,15,11,2,0
pc-2664e172-1567,rudeljaeger__ohne_pc,control,0,1,0,5,9,9,4,13,2,4,2,10,0,0
pc-2664e172-1567,solidaritaet_ueberleben__mit_pc,control,1,0,1,5,0,10,4,14,1,3,1,1,0,0
pc-9fb2522f-1568,rudeljaeger__ohne_pc,control,0,1,0,5,8,8,4,11,2,4,1,10,0,0
pc-9fb2522f-1568,solidaritaet_ueberleben__mit_pc,control,1,0,1,5,0,9,4,12,2,3,1,2,0,0
pc-18ffa2ed-1569,rudeljaeger__ohne_pc,control,0,1,0,17,2,22,16,46,90,14,11,4,0,1
pc-18ffa2ed-1569,solidaritaet_ueberleben__mit_pc,control,1,0,1,17,0,23,14,54,82,13,11,2,0,0
pc-c7e20dbe-1570,rudeljaeger__ohne_pc,control,0,1,0,6,5,11,6,18,2,5,7,11,0,1
pc-c7e20dbe-1570,solidaritaet_ueberleben__mit_pc,control,1,0,1,6,-1,10,7,19,2,7,1,5,0,0
pc-412f7e7c-1571,rudeljaeger__ohne_pc,control,0,0,0,7,0,12,7,25,3,7,3,3,0,0
pc-412f7e7c-1571,solidaritaet_ueberleben__mit_pc,control,1,1,1,7,7,11,7,27,0,7,6,10,0,0
pc-ba7ccf39-1572,rudeljaeger__ohne_pc,control,0,1,0,9,3,13,11,30,6,11,9,10,0,1
pc-ba7ccf39-1572,solidaritaet_ueberleben__mit_pc,control,1,0,1,9,0,12,9,35,10,9,8,7,0,0
pc-33ca3ff7-1573,rudeljaeger__ohne_pc,control,0,0,0,7,-2,11,10,24,1,8,1,6,0,0
pc-33ca3ff7-1573,solidaritaet_ueberleben__mit_pc,control,1,1,1,7,4,10,6,19,2,6,7,12,0,0
pc-778296a0-1574,rudeljaeger__ohne_pc,control,0,1,0,5,10,9,5,14,1,5,4,11,0,0
pc-778296a0-1574,solidaritaet_ueberleben__mit_pc,control,1,0,1,5,-1,10,6,15,0,6,2,0,0,0
pc-f0cfe75d-1575,rudeljaeger__ohne_pc,control,0,0,0,8,-3,12,11,29,0,11,4,8,0,0
pc-f0cfe75d-1575,solidaritaet_ueberleben__mit_pc,control,1,1,1,8,2,12,8,27,1,8,7,13,0,0
pc-6a1d581b-1576,rudeljaeger__ohne_pc,control,0,1,0,4,10,9,5,10,0,5,2,11,0,0
pc-6a1d581b-1576,solidaritaet_ueberleben__mit_pc,control,1,0,1,4,-1,8,4,10,0,4,1,0,0,0
pc-e36aa8d8-1577,rudeljaeger__ohne_pc,control,0,1,0,11,1,17,15,38,18,14,9,13,0,2
pc-e36aa8d8-1577,solidaritaet_ueberleben__mit_pc,control,1,0,1,11,-3,16,11,36,23,11,14,9,0,0
pc-924d13aa-1578,rudeljaeger__ohne_pc,control,0,0,0,14,-1,19,18,48,47,16,13,7,0,4
pc-924d13aa-1578,solidaritaet_ueberleben__mit_pc,control,1,1,1,14,3,19,16,53,41,15,14,11,0,0
pc-0b9a6468-1579,rudeljaeger__ohne_pc,control,0,0,0,8,0,12,8,23,9,7,5,7,0,0
pc-0b9a6468-1579,solidaritaet_ueberleben__mit_pc,control,1,1,1,8,3,12,8,26,10,8,2,10,0,0
pc-84e7d525-1580,rudeljaeger__ohne_pc,control,0,0,0,14,0,19,18,50,48,16,12,8,0,2
pc-84e7d525-1580,solidaritaet_ueberleben__mit_pc,control,1,1,1,14,2,19,17,57,34,16,16,10,0,0
pc-fe3525e2-1581,rudeljaeger__ohne_pc,control,0,0,0,13,-2,17,16,37,43,14,14,6,0,0
pc-fe3525e2-1581,solidaritaet_ueberleben__mit_pc,control,1,1,1,13,4,19,15,48,34,15,13,12,1,0
pc-ee958d2d-1582,rudeljaeger__ohne_pc,control,0,0,0,15,0,20,19,49,58,17,14,5,0,1
pc-ee958d2d-1582,solidaritaet_ueberleben__mit_pc,control,1,1,1,15,4,20,16,62,46,15,15,9,0,0
pc-67e2fdeb-1583,rudeljaeger__ohne_pc,control,0,1,0,8,8,11,9,27,5,7,5,13,0,1
pc-67e2fdeb-1583,solidaritaet_ueberleben__mit_pc,control,1,0,1,8,-3,13,8,32,2,8,3,2,0,0
pc-e1304ea8-1584,rudeljaeger__ohne_pc,control,0,0,0,12,-1,16,14,33,33,12,11,8,0,0
pc-e1304ea8-1584,solidaritaet_ueberleben__mit_pc,control,1,1,1,12,2,17,13,41,31,13,9,11,0,0
pc-5a7dbf66-1585,rudeljaeger__ohne_pc,control,0,0,0,14,-5,19,18,49,44,16,16,9,0,2
pc-5a7dbf66-1585,solidaritaet_ueberleben__mit_pc,control,1,1,1,14,1,19,17,56,39,17,17,15,0,0
pc-09600a38-1586,rudeljaeger__ohne_pc,control,0,0,0,8,-3,13,11,24,7,10,4,6,0,0
pc-09600a38-1586,solidaritaet_ueberleben__mit_pc,control,1,1,1,8,4,13,9,33,3,8,7,13,0,0
pc-82ad7af5-1587,rudeljaeger__ohne_pc,control,0,0,0,9,-1,15,13,33,6,12,6,6,0,0
pc-82ad7af5-1587,solidaritaet_ueberleben__mit_pc,control,1,1,1,9,4,13,11,37,4,11,12,11,0,0
pc-fbfacbb2-1588,rudeljaeger__ohne_pc,control,0,0,0,11,0,15,12,34,24,12,9,6,0,3
pc-fbfacbb2-1588,solidaritaet_ueberleben__mit_pc,control,1,1,1,11,4,18,13,44,15,12,8,10,0,0
pc-75483c70-1589,rudeljaeger__ohne_pc,control,0,1,0,11,2,15,13,36,21,12,14,13,0,1
pc-75483c70-1589,solidaritaet_ueberleben__mit_pc,control,1,0,1,11,-3,16,14,48,14,14,9,8,0,0
pc-b9009319-1590,rudeljaeger__ohne_pc,control,0,1,0,14,2,19,18,48,49,16,16,10,0,4
pc-b9009319-1590,solidaritaet_ueberleben__mit_pc,control,1,0,1,14,0,19,17,59,33,16,13,8,0,0
pc-324de3d7-1591,rudeljaeger__ohne_pc,control,0,0,0,11,-1,14,14,34,26,12,7,3,0,1
pc-324de3d7-1591,solidaritaet_ueberleben__mit_pc,control,1,1,1,11,7,18,12,38,17,11,9,11,0,0
pc-ab9b5494-1592,rudeljaeger__ohne_pc,control,0,1,0,7,8,11,8,23,2,7,4,11,0,1
pc-ab9b5494-1592,solidaritaet_ueberleben__mit_pc,control,1,0,1,7,-1,11,6,26,1,6,4,2,0,0
pc-24e8a552-1593,rudeljaeger__ohne_pc,control,0,0,0,8,0,13,11,26,5,10,6,5,0,0
pc-24e8a552-1593,solidaritaet_ueberleben__mit_pc,control,1,1,1,8,5,12,9,29,2,9,9,10,0,0
pc-d3cb1023-1594,rudeljaeger__ohne_pc,control,0,0,0,8,0,11,11,23,7,10,3,9,0,0
pc-d3cb1023-1594,solidaritaet_ueberleben__mit_pc,control,1,1,1,8,1,14,6,29,4,6,6,10,0,0
pc-4d1860e1-1595,rudeljaeger__ohne_pc,control,0,0,0,10,-1,14,13,35,13,13,4,4,0,0
pc-4d1860e1-1595,solidaritaet_ueberleben__mit_pc,control,1,1,1,10,6,15,9,35,15,8,11,11,0,0
pc-c665d19e-1596,rudeljaeger__ohne_pc,control,0,0,0,8,-3,13,12,30,3,11,4,2,0,3
pc-c665d19e-1596,solidaritaet_ueberleben__mit_pc,control,1,1,1,8,8,13,9,30,3,9,9,13,0,0
pc-3fb3225c-1597,rudeljaeger__ohne_pc,control,0,0,0,14,-3,19,17,48,44,16,9,2,0,1
pc-3fb3225c-1597,solidaritaet_ueberleben__mit_pc,control,1,1,1,14,8,20,11,43,48,10,14,13,0,0
pc-836b9905-1598,rudeljaeger__ohne_pc,control,0,0,0,14,-1,18,18,49,44,16,12,6,0,3
pc-836b9905-1598,solidaritaet_ueberleben__mit_pc,control,1,1,1,14,4,20,14,52,43,13,13,11,0,0
pc-fcb8e9c2-1599,rudeljaeger__ohne_pc,control,0,0,0,14,-4,17,16,43,56,15,12,9,0,1
pc-fcb8e9c2-1599,solidaritaet_ueberleben__mit_pc,control,1,1,1,14,1,20,15,50,41,14,13,14,0,0
pc-ebaf2e18-1600,rudeljaeger__ohne_pc,control,0,0,1,6,0,10,8,19,0,7,4,6,0,0
pc-ebaf2e18-1600,urzeitliche_kolosse__ohne_pc,control,1,1,0,6,4,11,6,17,1,6,5,10,0,0
pc-7261dd5b-1601,rudeljaeger__ohne_pc,control,0,0,1,7,-1,11,8,22,3,8,4,9,0,0
pc-7261dd5b-1601,urzeitliche_kolosse__ohne_pc,control,1,1,0,7,1,13,6,25,3,6,7,11,0,0
pc-f9146c9d-1602,rudeljaeger__ohne_pc,control,0,0,1,11,0,15,14,38,21,12,7,9,0,1
pc-f9146c9d-1602,urzeitliche_kolosse__ohne_pc,control,1,1,0,11,1,16,12,42,17,11,10,10,0,0
pc-7fc71be0-1603,rudeljaeger__ohne_pc,control,0,1,1,7,1,14,10,26,2,9,3,10,0,0
pc-7fc71be0-1603,urzeitliche_kolosse__ohne_pc,control,1,0,0,7,0,13,8,27,1,7,7,9,0,0
pc-d0e4b10e-1604,rudeljaeger__ohne_pc,control,0,1,1,11,5,15,14,42,17,12,10,13,0,2
pc-d0e4b10e-1604,urzeitliche_kolosse__ohne_pc,control,1,0,0,11,-3,17,14,56,4,13,9,5,0,2
pc-57974051-1605,rudeljaeger__ohne_pc,control,0,1,1,5,10,9,6,15,0,6,2,11,0,0
pc-57974051-1605,urzeitliche_kolosse__ohne_pc,control,1,0,0,5,-1,9,4,14,1,4,2,0,0,0
pc-de49ef93-1606,rudeljaeger__ohne_pc,control,0,0,1,9,0,13,11,29,9,9,6,6,0,0
pc-de49ef93-1606,urzeitliche_kolosse__ohne_pc,control,1,1,0,9,4,14,11,38,2,9,6,10,0,2
pc-64fc9ed6-1607,rudeljaeger__ohne_pc,control,0,0,1,7,0,10,10,23,0,9,5,6,0,0
pc-64fc9ed6-1607,urzeitliche_kolosse__ohne_pc,control,1,1,0,7,4,11,8,23,5,7,7,10,0,0
pc-2144282d-1608,rudeljaeger__ohne_pc,control,0,1,1,6,6,11,8,18,0,8,5,10,0,0
pc-2144282d-1608,urzeitliche_kolosse__ohne_pc,control,1,0,0,6,0,10,8,20,1,7,6,4,0,0
pc-a7f6d76f-1609,rudeljaeger__ohne_pc,control,0,1,1,9,3,12,12,30,7,12,9,10,0,0
pc-a7f6d76f-1609,urzeitliche_kolosse__ohne_pc,control,1,0,0,9,0,14,10,42,2,10,9,7,0,0
pc-2ea966b2-1610,rudeljaeger__ohne_pc,control,0,0,1,9,-4,14,13,33,7,12,4,4,0,0
pc-2ea966b2-1610,urzeitliche_kolosse__ohne_pc,control,1,1,0,9,6,13,9,41,2,9,11,14,0,2
pc-b55c15f4-1611,rudeljaeger__ohne_pc,control,0,0,1,5,0,9,5,14,1,5,2,8,0,0
pc-b55c15f4-1611,urzeitliche_kolosse__ohne_pc,control,1,1,0,5,2,10,5,14,0,5,5,10,0,0
pc-0679ab23-1612,rudeljaeger__ohne_pc,control,0,1,1,3,6,6,3,6,0,3,1,10,0,0
pc-0679ab23-1612,urzeitliche_kolosse__ohne_pc,control,1,0,0,3,0,8,2,4,2,2,1,4,0,0
pc-8d2c5a65-1613,rudeljaeger__ohne_pc,control,0,0,1,10,-4,14,13,32,16,12,9,8,0,2
pc-8d2c5a65-1613,urzeitliche_kolosse__ohne_pc,control,1,1,0,10,2,15,13,44,6,11,9,14,0,0
pc-13dee9a8-1614,rudeljaeger__ohne_pc,control,0,0,1,9,0,13,11,30,11,10,6,6,0,0
pc-13dee9a8-1614,urzeitliche_kolosse__ohne_pc,control,1,1,0,9,4,13,10,37,3,9,6,10,0,0
pc-9a9198ea-1615,rudeljaeger__ohne_pc,control,0,0,1,8,-2,12,12,27,6,10,3,9,0,1
pc-9a9198ea-1615,urzeitliche_kolosse__ohne_pc,control,1,1,0,8,1,12,7,25,3,7,8,12,0,1
pc-808539f0-1616,rudeljaeger__ohne_pc,control,0,0,1,9,-3,13,13,31,9,11,3,5,0,0
pc-808539f0-1616,urzeitliche_kolosse__ohne_pc,control,1,1,0,9,5,14,9,33,5,8,9,13,0,1
pc-0737c933-1617,rudeljaeger__ohne_pc,control,0,1,1,4,10,8,5,10,0,4,1,10,0,0
pc-0737c933-1617,urzeitliche_kolosse__ohne_pc,control,1,0,0,4,0,9,2,7,3,2,1,0,0,0
pc-8dea7875-1618,rudeljaeger__ohne_pc,control,0,1,1,6,3,11,8,19,0,8,6,12,0,0
pc-8dea7875-1618,urzeitliche_kolosse__ohne_pc,control,1,0,0,6,-2,11,8,20,0,7,7,7,0,0
pc-149d07b8-1619,rudeljaeger__ohne_pc,control,0,1,1,6,5,10,7,19,0,7,4,10,0,0
pc-149d07b8-1619,urzeitliche_kolosse__ohne_pc,control,1,0,0,6,0,11,5,16,4,5,3,5,0,0
pc-65babce6-1620,rudeljaeger__ohne_pc,control,0,1,1,6,4,11,5,18,1,5,2,14,0,0
pc-65babce6-1620,urzeitliche_kolosse__ohne_pc,control,1,0,0,6,-4,11,6,17,2,6,2,6,0,1
pc-ec6d4c28-1621,rudeljaeger__ohne_pc,control,0,0,1,11,-1,16,15,43,17,13,11,7,0,2
pc-ec6d4c28-1621,urzeitliche_kolosse__ohne_pc,control,1,1,0,11,3,16,13,49,7,12,12,11,0,0
pc-731ffb6b-1622,rudeljaeger__ohne_pc,control,0,1,1,5,7,10,5,15,0,5,1,13,0,0
pc-731ffb6b-1622,urzeitliche_kolosse__ohne_pc,control,1,0,0,5,-3,11,4,14,1,4,3,3,0,0
pc-f9d28aad-1623,rudeljaeger__ohne_pc,control,0,1,1,5,10,9,7,14,1,7,2,12,0,0
pc-f9d28aad-1623,urzeitliche_kolosse__ohne_pc,control,1,0,0,5,-2,10,4,13,1,4,5,0,0,0
pc-b61a3404-1624,rudeljaeger__ohne_pc,control,0,0,1,6,-1,9,8,20,1,7,2,8,0,0
pc-b61a3404-1624,urzeitliche_kolosse__ohne_pc,control,1,1,0,6,2,12,7,21,0,7,3,11,0,0
pc-3cccc347-1625,rudeljaeger__ohne_pc,control,0,0,1,6,0,10,9,20,0,7,3,6,0,0
pc-3cccc347-1625,urzeitliche_kolosse__ohne_pc,control,1,1,0,6,4,11,6,20,1,6,4,10,0,0
pc-c37f7289-1626,rudeljaeger__ohne_pc,control,0,0,1,10,-4,15,11,29,17,9,5,4,0,0
pc-c37f7289-1626,urzeitliche_kolosse__ohne_pc,control,1,1,0,10,6,15,12,43,4,10,4,14,0,0
pc-4a3201cc-1627,rudeljaeger__ohne_pc,control,0,1,1,10,5,15,14,36,13,12,9,10,0,1
pc-4a3201cc-1627,urzeitliche_kolosse__ohne_pc,control,1,0,0,10,0,15,13,45,5,11,8,5,0,0
pc-9b4fb6fa-1628,rudeljaeger__ohne_pc,control,0,1,1,4,4,7,4,9,0,4,2,10,0,0
pc-9b4fb6fa-1628,urzeitliche_kolosse__ohne_pc,control,1,0,0,4,0,9,4,10,0,3,2,6,0,0
pc-2202463d-1629,rudeljaeger__ohne_pc,control,0,0,1,7,-1,10,8,23,1,7,3,6,0,0
pc-2202463d-1629,urzeitliche_kolosse__ohne_pc,control,1,1,0,7,4,14,6,24,4,6,4,11,0,1
pc-a8b4f57f-1630,rudeljaeger__ohne_pc,control,0,1,1,7,5,11,8,21,2,6,4,12,0,0
pc-a8b4f57f-1630,urzeitliche_kolosse__ohne_pc,control,1,0,0,7,-2,12,7,25,3,7,2,5,0,1
pc-2f6784c2-1631,rudeljaeger__ohne_pc,control,0,1,1,5,8,10,5,13,2,5,0,10,0,0
pc-2f6784c2-1631,urzeitliche_kolosse__ohne_pc,control,1,0,0,5,0,9,3,12,3,3,0,2,0,1
pc-c2033669-1632,rudeljaeger__ohne_pc,control,0,0,1,10,-3,13,12,32,13,12,5,9,0,1
pc-c2033669-1632,urzeitliche_kolosse__ohne_pc,control,1,1,0,10,1,15,10,45,7,9,8,13,0,7
pc-48b5c5ac-1633,rudeljaeger__ohne_pc,control,0,1,1,7,4,11,10,23,4,9,4,10,0,0
pc-48b5c5ac-1633,urzeitliche_kolosse__ohne_pc,control,1,0,0,7,0,12,9,27,1,7,4,6,0,0
pc-cf6874ee-1634,rudeljaeger__ohne_pc,control,0,0,1,9,0,12,11,31,7,11,6,8,0,1
pc-cf6874ee-1634,urzeitliche_kolosse__ohne_pc,control,1,1,0,9,2,15,9,39,2,9,7,10,0,0
pc-561b0431-1635,rudeljaeger__ohne_pc,control,0,1,1,5,10,9,6,14,0,6,1,10,0,0
pc-561b0431-1635,urzeitliche_kolosse__ohne_pc,control,1,0,0,5,0,10,5,14,1,4,3,0,0,0
pc-a738b95f-1636,rudeljaeger__ohne_pc,control,0,0,1,9,-2,13,12,27,12,10,4,8,0,0
pc-a738b95f-1636,urzeitliche_kolosse__ohne_pc,control,1,1,0,9,2,14,10,36,2,9,8,12,0,3
pc-2deb48a2-1637,rudeljaeger__ohne_pc,control,0,0,1,7,-1,11,10,27,1,8,4,5,0,0
pc-2deb48a2-1637,urzeitliche_kolosse__ohne_pc,control,1,1,0,7,5,11,9,26,1,9,7,11,0,0
pc-b49df7e4-1638,rudeljaeger__ohne_pc,control,0,0,1,10,-4,14,10,33,14,8,7,4,0,5
pc-b49df7e4-1638,urzeitliche_kolosse__ohne_pc,control,1,1,0,10,6,16,13,46,6,11,6,14,0,2
pc-3b508727-1639,rudeljaeger__ohne_pc,control,0,1,1,3,10,7,3,6,0,3,0,10,0,0
pc-3b508727-1639,urzeitliche_kolosse__ohne_pc,control,1,0,0,3,0,9,1,3,3,1,1,0,0,0
pc-f798307d-1640,rudeljaeger__ohne_pc,control,0,0,1,9,0,13,10,25,11,9,5,7,0,1
pc-f798307d-1640,urzeitliche_kolosse__ohne_pc,control,1,1,0,9,3,15,9,34,2,8,4,10,0,0
pc-7e4adfc0-1641,rudeljaeger__ohne_pc,control,0,0,1,8,-2,13,11,31,2,10,5,8,0,2
pc-7e4adfc0-1641,urzeitliche_kolosse__ohne_pc,control,1,1,0,8,2,13,10,34,1,9,8,12,0,6
pc-04fd6f03-1642,rudeljaeger__ohne_pc,control,0,1,1,6,2,10,8,19,1,7,2,13,0,0
pc-04fd6f03-1642,urzeitliche_kolosse__ohne_pc,control,1,0,0,6,-3,12,6,17,4,5,6,8,0,0
pc-8bb01e45-1643,rudeljaeger__ohne_pc,control,0,1,1,3,10,7,3,6,0,3,0,10,0,0
pc-8bb01e45-1643,urzeitliche_kolosse__ohne_pc,control,1,0,0,3,0,7,1,3,3,1,1,0,0,0
pc-dccdb373-1644,rudeljaeger__ohne_pc,control,0,0,1,6,0,10,6,19,2,6,3,4,0,0
pc-dccdb373-1644,urzeitliche_kolosse__ohne_pc,control,1,1,0,6,6,11,7,19,1,7,6,10,0,0
pc-638042b6-1645,rudeljaeger__ohne_pc,control,0,1,1,7,2,11,9,23,2,8,5,12,0,1
pc-638042b6-1645,urzeitliche_kolosse__ohne_pc,control,1,0,0,7,-2,12,9,26,1,8,4,8,0,1
pc-ea32f1f8-1646,rudeljaeger__ohne_pc,control,0,1,1,8,6,13,9,24,4,7,7,10,0,0
pc-ea32f1f8-1646,urzeitliche_kolosse__ohne_pc,control,1,0,0,8,0,12,8,33,3,8,4,4,0,0
pc-70e5813b-1647,rudeljaeger__ohne_pc,control,0,0,1,6,-1,10,7,20,0,5,0,4,0,0
pc-70e5813b-1647,urzeitliche_kolosse__ohne_pc,control,1,1,0,6,6,10,5,17,3,5,3,11,0,0
pc-56d92241-1648,rudeljaeger__ohne_pc,control,0,1,1,4,7,9,3,8,1,3,0,12,0,0
pc-56d92241-1648,urzeitliche_kolosse__ohne_pc,control,1,0,0,4,-2,9,2,7,3,2,0,3,0,0
pc-dd8bd183-1649,rudeljaeger__ohne_pc,control,0,0,1,9,-4,14,12,31,10,12,3,8,0,0
pc-dd8bd183-1649,urzeitliche_kolosse__ohne_pc,control,1,1,0,9,2,13,8,40,3,7,11,14,0,2
pc-2a41edc1-1650,rudeljaeger__ohne_pc,control,0,1,0,7,5,13,10,25,1,9,7,10,0,1
pc-2a41edc1-1650,urzeitliche_kolosse__ohne_pc,control,1,0,1,7,0,12,8,23,4,7,6,5,0,0
pc-b0f49d03-1651,rudeljaeger__ohne_pc,control,0,1,0,5,7,8,6,12,1,6,1,12,0,0
pc-b0f49d03-1651,urzeitliche_kolosse__ohne_pc,control,1,0,1,5,-2,11,3,11,3,3,5,3,0,0
pc-1cdcaf3c-1652,rudeljaeger__ohne_pc,control,0,1,0,8,4,12,11,28,2,9,5,11,0,3
pc-1cdcaf3c-1652,urzeitliche_kolosse__ohne_pc,control,1,0,1,8,-1,12,9,35,1,9,6,6,0,2
pc-a38f5e7e-1653,rudeljaeger__ohne_pc,control,0,1,0,9,6,14,12,29,10,11,6,11,0,1
pc-a38f5e7e-1653,urzeitliche_kolosse__ohne_pc,control,1,0,1,9,-1,14,11,42,2,10,8,4,0,1
pc-450c6acb-1654,rudeljaeger__ohne_pc,control,0,0,0,9,0,14,12,35,4,10,6,6,0,1
pc-450c6acb-1654,urzeitliche_kolosse__ohne_pc,control,1,1,1,9,4,15,10,40,5,9,9,10,0,3
pc-cbbf1a0d-1655,rudeljaeger__ohne_pc,control,0,0,0,5,0,9,6,14,1,6,3,8,0,0
pc-cbbf1a0d-1655,urzeitliche_kolosse__ohne_pc,control,1,1,1,5,2,9,6,15,0,5,5,10,0,1
pc-37a72c46-1656,rudeljaeger__ohne_pc,control,0,1,0,8,2,14,12,30,5,10,5,12,0,1
pc-37a72c46-1656,urzeitliche_kolosse__ohne_pc,control,1,0,1,8,-2,13,7,32,4,7,6,8,0,1
pc-be59db88-1657,rudeljaeger__ohne_pc,control,0,0,0,6,0,10,8,20,0,7,4,5,0,1
pc-be59db88-1657,urzeitliche_kolosse__ohne_pc,control,1,1,1,6,5,10,7,21,0,6,4,10,0,1
pc-5fd6e7d5-1658,rudeljaeger__ohne_pc,control,0,1,0,6,10,9,6,19,1,6,2,12,0,0
pc-5fd6e7d5-1658,urzeitliche_kolosse__ohne_pc,control,1,0,1,6,-2,10,7,18,3,5,3,0,0,0
pc-e6899717-1659,rudeljaeger__ohne_pc,control,0,0,0,7,0,11,8,21,4,7,2,8,0,0
pc-e6899717-1659,urzeitliche_kolosse__ohne_pc,control,1,1,1,7,2,11,9,27,0,7,3,10,0,0
pc-5271a950-1660,rudeljaeger__ohne_pc,control,0,0,0,8,0,12,10,25,4,9,4,8,0,0
pc-5271a950-1660,urzeitliche_kolosse__ohne_pc,control,1,1,1,8,2,13,8,31,5,8,4,10,0,0
pc-d9245892-1661,rudeljaeger__ohne_pc,control,0,0,0,10,0,15,14,33,13,13,10,9,0,0
pc-d9245892-1661,urzeitliche_kolosse__ohne_pc,control,1,1,1,10,1,16,13,42,5,11,12,10,0,0
pc-7aa164df-1662,rudeljaeger__ohne_pc,control,0,1,0,5,4,9,7,15,0,7,3,10,0,0
pc-7aa164df-1662,urzeitliche_kolosse__ohne_pc,control,1,0,1,5,0,10,6,15,0,5,6,6,0,0
pc-01541422-1663,rudeljaeger__ohne_pc,control,0,0,0,8,-2,12,10,27,8,9,5,6,0,0
pc-01541422-1663,urzeitliche_kolosse__ohne_pc,control,1,1,1,8,4,12,9,34,2,8,8,12,0,0
pc-6d3c265a-1664,rudeljaeger__ohne_pc,control,0,1,0,5,10,9,7,14,0,6,3,11,0,0
pc-6d3c265a-1664,urzeitliche_kolosse__ohne_pc,control,1,0,1,5,-1,10,6,13,1,5,2,0,0,0
pc-f3eed59c-1665,rudeljaeger__ohne_pc,control,0,1,0,9,2,14,12,25,12,11,5,10,0,0
pc-f3eed59c-1665,urzeitliche_kolosse__ohne_pc,control,1,0,1,9,0,15,9,39,3,8,12,8,0,6
pc-bf17f998-1666,rudeljaeger__ohne_pc,control,0,0,0,9,-2,13,12,29,10,10,6,7,0,3
pc-bf17f998-1666,urzeitliche_kolosse__ohne_pc,control,1,1,1,9,3,14,12,40,3,10,11,12,0,3
pc-45ca88db-1667,rudeljaeger__ohne_pc,control,0,1,0,7,7,12,9,22,1,8,3,10,0,0
pc-45ca88db-1667,urzeitliche_kolosse__ohne_pc,control,1,0,1,7,0,13,7,26,2,7,6,3,0,1
pc-b1b2bb13-1668,rudeljaeger__ohne_pc,control,0,0,0,7,-3,11,10,23,0,9,3,5,0,0
pc-b1b2bb13-1668,urzeitliche_kolosse__ohne_pc,control,1,1,1,7,5,13,8,26,2,7,6,13,0,2
pc-38654a56-1669,rudeljaeger__ohne_pc,control,0,0,0,8,-2,12,11,24,7,9,2,5,0,0
pc-38654a56-1669,urzeitliche_kolosse__ohne_pc,control,1,1,1,8,5,13,8,31,4,7,8,12,0,1
pc-d9e276a2-1670,rudeljaeger__ohne_pc,control,0,1,0,5,10,8,6,15,0,6,0,12,0,0
pc-d9e276a2-1670,urzeitliche_kolosse__ohne_pc,control,1,0,1,5,-2,9,3,12,3,3,3,0,0,0
pc-609505e5-1671,rudeljaeger__ohne_pc,control,0,1,0,6,10,10,8,20,0,7,2,10,0,0
pc-609505e5-1671,urzeitliche_kolosse__ohne_pc,control,1,0,1,6,0,11,4,15,6,4,3,0,0,0
pc-cc7d381d-1672,rudeljaeger__ohne_pc,control,0,1,0,5,6,10,5,13,0,5,4,12,0,0
pc-cc7d381d-1672,urzeitliche_kolosse__ohne_pc,control,1,0,1,5,-2,10,5,14,1,5,5,4,0,0
pc-532fc760-1673,rudeljaeger__ohne_pc,control,0,0,0,10,0,14,14,36,11,12,4,2,0,0
pc-532fc760-1673,urzeitliche_kolosse__ohne_pc,control,1,1,1,10,8,15,10,40,12,8,11,10,0,0
pc-f4acf3ac-1674,rudeljaeger__ohne_pc,control,0,0,0,10,-3,13,13,31,17,11,7,4,0,0
pc-f4acf3ac-1674,urzeitliche_kolosse__ohne_pc,control,1,1,1,10,6,16,11,47,5,10,8,13,0,0
pc-7b5f82ef-1675,rudeljaeger__ohne_pc,control,0,0,0,4,-2,7,3,9,1,3,1,6,0,0
pc-7b5f82ef-1675,urzeitliche_kolosse__ohne_pc,control,1,1,1,4,4,9,4,8,1,4,0,12,0,0
pc-e747b527-1676,rudeljaeger__ohne_pc,control,0,0,0,8,-1,12,11,28,2,9,4,9,0,0
pc-e747b527-1676,urzeitliche_kolosse__ohne_pc,control,1,1,1,8,1,13,7,32,4,7,7,11,0,2
pc-6dfa446a-1677,rudeljaeger__ohne_pc,control,0,0,0,3,0,6,2,5,1,2,0,3,0,0
pc-6dfa446a-1677,urzeitliche_kolosse__ohne_pc,control,1,1,1,3,7,8,3,6,0,3,0,10,0,0
pc-0f7770b7-1678,rudeljaeger__ohne_pc,control,0,0,0,7,-2,10,10,23,2,9,3,8,0,0
pc-0f7770b7-1678,urzeitliche_kolosse__ohne_pc,control,1,1,1,7,2,12,8,24,4,7,7,12,0,0
pc-962a1ff9-1679,rudeljaeger__ohne_pc,control,0,1,0,6,4,11,8,20,1,8,2,12,0,0
pc-962a1ff9-1679,urzeitliche_kolosse__ohne_pc,control,1,0,1,6,-2,11,5,18,2,5,5,6,0,0
pc-02123232-1680,rudeljaeger__ohne_pc,control,0,1,0,6,5,11,8,20,1,7,4,12,0,0
pc-02123232-1680,urzeitliche_kolosse__ohne_pc,control,1,0,1,6,-2,10,7,21,0,6,3,5,0,0
pc-88c4c174-1681,rudeljaeger__ohne_pc,control,0,1,0,6,6,9,8,20,0,7,3,10,0,0
pc-88c4c174-1681,urzeitliche_kolosse__ohne_pc,control,1,0,1,6,0,10,8,18,1,6,3,4,0,0
pc-0095f612-1682,rudeljaeger__ohne_pc,control,0,1,0,5,7,9,5,14,1,5,0,13,0,0
pc-0095f612-1682,urzeitliche_kolosse__ohne_pc,control,1,0,1,5,-3,10,3,12,3,3,4,3,0,0
pc-87488554-1683,rudeljaeger__ohne_pc,control,0,1,0,8,10,13,11,28,5,10,5,10,0,2
pc-87488554-1683,urzeitliche_kolosse__ohne_pc,control,1,0,1,8,0,13,8,33,3,8,6,0,0,0
pc-f330b78c-1684,rudeljaeger__ohne_pc,control,0,1,0,8,6,13,11,32,1,10,8,13,0,2
pc-f330b78c-1684,urzeitliche_kolosse__ohne_pc,control,1,0,1,8,-3,13,11,36,0,11,7,4,0,0
pc-79e346cf-1685,rudeljaeger__ohne_pc,control,0,1,0,3,6,7,3,6,0,3,1,10,0,0
pc-79e346cf-1685,urzeitliche_kolosse__ohne_pc,control,1,0,1,3,0,8,2,4,2,2,2,4,0,0
pc-1b60731c-1686,rudeljaeger__ohne_pc,control,0,1,0,6,7,11,8,18,3,7,3,12,0,0
pc-1b60731c-1686,urzeitliche_kolosse__ohne_pc,control,1,0,1,6,-2,12,5,18,3,5,5,3,0,1
pc-a213025e-1687,rudeljaeger__ohne_pc,control,0,1,0,7,2,12,9,23,1,8,5,12,0,2
pc-a213025e-1687,urzeitliche_kolosse__ohne_pc,control,1,0,1,7,-2,12,7,26,2,7,5,8,0,0
pc-0dfb3497-1688,rudeljaeger__ohne_pc,control,0,1,0,5,1,9,4,14,1,4,0,10,0,0
pc-0dfb3497-1688,urzeitliche_kolosse__ohne_pc,control,1,0,1,5,0,9,4,14,1,4,1,9,0,0
pc-94adc3d9-1689,rudeljaeger__ohne_pc,control,0,1,0,9,6,12,10,30,9,10,8,10,0,0
pc-94adc3d9-1689,urzeitliche_kolosse__ohne_pc,control,1,0,1,9,0,14,12,43,1,11,7,4,0,2
pc-362af026-1690,rudeljaeger__ohne_pc,control,0,0,0,11,-2,15,14,39,18,14,6,6,0,0
pc-362af026-1690,urzeitliche_kolosse__ohne_pc,control,1,1,1,11,4,15,13,44,11,11,14,12,0,2
pc-bcdd9f68-1691,rudeljaeger__ohne_pc,control,0,0,0,6,-3,10,7,18,2,7,3,9,0,0
pc-bcdd9f68-1691,urzeitliche_kolosse__ohne_pc,control,1,1,1,6,1,11,7,20,0,7,4,13,0,1
pc-28c5b1a1-1692,rudeljaeger__ohne_pc,control,0,0,0,11,-2,14,14,35,23,13,7,5,0,0
pc-28c5b1a1-1692,urzeitliche_kolosse__ohne_pc,control,1,1,1,11,5,17,14,56,7,12,12,12,0,6
pc-af7840e3-1693,rudeljaeger__ohne_pc,control,0,0,0,5,0,9,6,15,0,5,2,7,0,0
pc-af7840e3-1693,urzeitliche_kolosse__ohne_pc,control,1,1,1,5,3,9,5,13,1,5,2,10,0,0
pc-50f56d30-1694,rudeljaeger__ohne_pc,control,0,1,0,7,6,11,10,23,3,9,4,10,0,0
pc-50f56d30-1694,urzeitliche_kolosse__ohne_pc,control,1,0,1,7,0,11,7,24,4,7,5,4,0,0
pc-d7a81c72-1695,rudeljaeger__ohne_pc,control,0,1,0,8,8,12,11,30,1,10,7,10,0,1
pc-d7a81c72-1695,urzeitliche_kolosse__ohne_pc,control,1,0,1,8,0,12,11,34,1,9,10,2,0,1
pc-43902eab-1696,rudeljaeger__ohne_pc,control,0,1,0,9,4,14,10,29,11,9,6,12,0,3
pc-43902eab-1696,urzeitliche_kolosse__ohne_pc,control,1,0,1,9,-2,15,9,35,8,9,6,6,0,2
pc-ca42dded-1697,rudeljaeger__ohne_pc,control,0,0,0,6,0,10,7,20,0,7,2,4,0,0
pc-ca42dded-1697,urzeitliche_kolosse__ohne_pc,control,1,1,1,6,6,11,5,19,1,5,4,10,0,0
pc-956be1e9-1698,rudeljaeger__ohne_pc,control,0,0,0,7,-2,12,10,23,1,9,4,4,0,0
pc-956be1e9-1698,urzeitliche_kolosse__ohne_pc,control,1,1,1,7,6,13,8,23,3,7,9,12,0,0
pc-1c1e912c-1699,rudeljaeger__ohne_pc,control,0,0,0,8,0,12,11,23,6,9,5,5,0,0
pc-1c1e912c-1699,urzeitliche_kolosse__ohne_pc,control,1,1,1,8,5,14,9,32,0,9,5,10,0,3
pc-66f6732e-1700,rudeljaeger__mit_pc,control,0,1,1,8,4,12,9,27,3,7,6,11,0,0
pc-66f6732e-1700,urzeitliche_kolosse__mit_pc,control,1,0,0,8,-1,14,8,31,5,8,4,6,0,0
pc-eda90270-1701,rudeljaeger__mit_pc,control,0,1,1,4,10,8,5,10,0,5,2,10,0,0
pc-eda90270-1701,urzeitliche_kolosse__mit_pc,control,1,0,0,4,0,9,3,9,1,3,2,0,0,0
pc-599134a9-1702,rudeljaeger__mit_pc,control,0,1,1,8,4,12,11,25,4,10,4,11,0,0
pc-599134a9-1702,urzeitliche_kolosse__mit_pc,control,1,0,0,8,-1,13,7,33,3,7,6,6,0,0
pc-e043c3eb-1703,rudeljaeger__mit_pc,control,0,1,1,5,6,10,4,13,2,4,2,12,0,0
pc-e043c3eb-1703,urzeitliche_kolosse__mit_pc,control,1,0,0,5,-2,10,5,14,0,5,0,4,0,0
pc-4c2bf624-1704,rudeljaeger__mit_pc,control,0,1,1,6,8,11,5,16,1,5,3,10,0,0
pc-4c2bf624-1704,urzeitliche_kolosse__mit_pc,control,1,0,0,6,0,11,6,19,2,6,2,2,0,0
pc-d2de8566-1705,rudeljaeger__mit_pc,control,0,1,1,6,3,11,6,17,1,6,3,10,0,0
pc-d2de8566-1705,urzeitliche_kolosse__mit_pc,control,1,0,0,6,0,12,5,19,2,5,3,7,0,0
pc-3ec6b79f-1706,rudeljaeger__mit_pc,control,0,1,1,11,4,17,15,43,16,14,8,12,0,4
pc-3ec6b79f-1706,urzeitliche_kolosse__mit_pc,control,1,0,0,11,-2,17,13,48,7,12,11,6,0,2
pc-c57946e1-1707,rudeljaeger__mit_pc,control,0,0,1,5,0,9,5,12,3,5,2,4,0,0
pc-c57946e1-1707,urzeitliche_kolosse__mit_pc,control,1,1,0,5,6,9,6,14,0,5,3,10,0,0
pc-9c8b6d42-1708,rudeljaeger__mit_pc,control,0,0,1,11,0,16,14,38,19,12,4,8,0,1
pc-9c8b6d42-1708,urzeitliche_kolosse__mit_pc,control,1,1,0,11,2,17,10,43,12,9,12,10,0,5
pc-233e1c85-1709,rudeljaeger__mit_pc,control,0,1,1,5,8,10,7,15,0,7,2,12,0,0
pc-233e1c85-1709,urzeitliche_kolosse__mit_pc,control,1,0,0,5,-2,10,4,11,2,4,5,2,0,0
pc-8f262ebd-1710,rudeljaeger__mit_pc,control,0,1,1,7,3,12,9,27,0,9,5,10,0,0
pc-8f262ebd-1710,urzeitliche_kolosse__mit_pc,control,1,0,0,7,0,12,7,24,2,7,6,7,0,2
pc-15d8de00-1711,rudeljaeger__mit_pc,control,0,1,1,4,4,8,4,9,0,4,0,11,0,0
pc-15d8de00-1711,urzeitliche_kolosse__mit_pc,control,1,0,0,4,-1,10,2,7,3,2,2,6,0,0
pc-81c0f038-1712,rudeljaeger__mit_pc,control,0,1,1,4,6,8,4,9,0,4,2,10,0,0
pc-81c0f038-1712,urzeitliche_kolosse__mit_pc,control,1,0,0,4,0,10,3,8,2,3,2,4,0,0
pc-08739f7b-1713,rudeljaeger__mit_pc,control,0,1,1,9,1,12,12,35,4,10,6,11,0,1
pc-08739f7b-1713,urzeitliche_kolosse__mit_pc,control,1,0,0,9,-1,14,10,40,4,9,7,9,0,0
pc-745bb1b3-1714,rudeljaeger__mit_pc,control,0,0,1,5,0,9,4,14,1,4,2,7,0,0
pc-745bb1b3-1714,urzeitliche_kolosse__mit_pc,control,1,1,0,5,3,9,5,14,0,5,3,10,0,0
pc-fb0e40f5-1715,rudeljaeger__mit_pc,control,0,0,1,9,-2,15,13,30,7,11,6,8,0,2
pc-fb0e40f5-1715,urzeitliche_kolosse__mit_pc,control,1,1,0,9,2,14,10,39,4,9,7,12,0,0
pc-d2206756-1716,rudeljaeger__mit_pc,control,0,1,1,10,6,14,14,39,10,12,8,12,0,1
pc-d2206756-1716,urzeitliche_kolosse__mit_pc,control,1,0,0,10,-2,16,12,46,8,11,8,4,0,0
pc-58d31699-1717,rudeljaeger__mit_pc,control,0,0,1,8,-1,12,9,27,3,7,5,6,0,0
pc-58d31699-1717,urzeitliche_kolosse__mit_pc,control,1,1,0,8,4,14,8,31,5,8,3,11,0,0
pc-c4bb28d1-1718,rudeljaeger__mit_pc,control,0,1,1,8,2,11,9,30,0,9,8,10,0,0
pc-c4bb28d1-1718,urzeitliche_kolosse__mit_pc,control,1,0,0,8,0,13,10,31,4,10,7,8,0,0
pc-4b6dd814-1719,rudeljaeger__mit_pc,control,0,0,1,9,0,13,12,33,6,11,6,9,0,0
pc-4b6dd814-1719,urzeitliche_kolosse__mit_pc,control,1,1,0,9,1,13,11,43,2,10,10,10,0,3
pc-b755ea4c-1720,rudeljaeger__mit_pc,control,0,1,1,9,2,14,13,38,5,12,7,10,0,0
pc-b755ea4c-1720,urzeitliche_kolosse__mit_pc,control,1,0,0,9,0,15,9,41,4,9,7,8,0,3
pc-3e08998f-1721,rudeljaeger__mit_pc,control,0,0,1,9,-2,13,12,36,4,11,5,7,0,0
pc-3e08998f-1721,urzeitliche_kolosse__mit_pc,control,1,1,0,9,3,13,9,35,5,9,10,12,0,2
pc-a9f0abc7-1722,rudeljaeger__mit_pc,control,0,1,1,5,10,8,7,14,0,6,2,10,0,0
pc-a9f0abc7-1722,urzeitliche_kolosse__mit_pc,control,1,0,0,5,0,9,4,14,1,4,3,0,0,0
pc-30a35b0a-1723,rudeljaeger__mit_pc,control,0,1,1,4,7,8,5,10,0,5,0,11,0,0
pc-30a35b0a-1723,urzeitliche_kolosse__mit_pc,control,1,0,0,4,-1,10,2,7,3,2,4,3,0,0
pc-07b5616b-1724,rudeljaeger__mit_pc,control,0,0,1,6,0,11,7,19,2,7,2,4,0,0
pc-07b5616b-1724,urzeitliche_kolosse__mit_pc,control,1,1,0,6,6,11,7,19,1,7,5,10,0,0
pc-8e6810ad-1725,rudeljaeger__mit_pc,control,0,0,1,6,-1,10,9,16,1,7,2,5,0,0
pc-8e6810ad-1725,urzeitliche_kolosse__mit_pc,control,1,1,0,6,5,11,6,16,2,6,6,11,0,0
pc-fa5022e5-1726,rudeljaeger__mit_pc,control,0,0,1,10,-1,15,13,32,15,11,9,9,0,2
pc-fa5022e5-1726,urzeitliche_kolosse__mit_pc,control,1,1,0,10,1,15,13,45,4,12,11,11,0,2
pc-8102d228-1727,rudeljaeger__mit_pc,control,0,0,1,7,-3,12,10,24,0,9,4,7,0,1
pc-8102d228-1727,urzeitliche_kolosse__mit_pc,control,1,1,0,7,3,11,7,25,3,7,7,13,0,0
pc-eceae460-1728,rudeljaeger__mit_pc,control,0,1,1,9,5,13,12,35,6,11,7,13,0,1
pc-eceae460-1728,urzeitliche_kolosse__mit_pc,control,1,0,0,9,-3,14,10,43,2,10,8,5,0,3
pc-739d93a3-1729,rudeljaeger__mit_pc,control,0,1,1,4,7,9,4,9,1,4,2,11,0,0
pc-739d93a3-1729,urzeitliche_kolosse__mit_pc,control,1,0,0,4,-1,10,3,8,1,3,1,3,0,0
pc-df85a5db-1730,rudeljaeger__mit_pc,control,0,0,1,12,0,17,16,50,17,14,13,8,0,1
pc-df85a5db-1730,urzeitliche_kolosse__mit_pc,control,1,1,0,12,2,18,15,52,15,15,11,10,0,0
pc-6638551e-1731,rudeljaeger__mit_pc,control,0,1,1,6,8,12,7,20,0,6,2,12,0,0
pc-6638551e-1731,urzeitliche_kolosse__mit_pc,control,1,0,0,6,-2,13,6,17,3,5,3,2,0,0
pc-90a26add-1732,rudeljaeger__mit_pc,control,0,0,1,9,-2,14,9,33,3,8,6,8,0,0
pc-90a26add-1732,urzeitliche_kolosse__mit_pc,control,1,1,0,9,2,15,8,28,8,8,4,12,0,2
pc-17551a20-1733,rudeljaeger__mit_pc,control,0,0,1,9,-2,13,12,37,5,10,7,9,0,0
pc-17551a20-1733,urzeitliche_kolosse__mit_pc,control,1,1,0,9,1,15,11,41,4,11,9,12,0,0
pc-833d2c58-1734,rudeljaeger__mit_pc,control,0,1,1,5,7,11,5,15,0,5,1,10,0,0
pc-833d2c58-1734,urzeitliche_kolosse__mit_pc,control,1,0,0,5,0,10,4,13,2,4,2,3,0,0
pc-09efdb9b-1735,rudeljaeger__mit_pc,control,0,0,1,11,-2,16,14,41,18,12,9,5,0,3
pc-09efdb9b-1735,urzeitliche_kolosse__mit_pc,control,1,1,0,11,5,16,14,58,3,13,7,12,0,0
pc-75d7edd3-1736,rudeljaeger__mit_pc,control,0,0,1,8,-3,12,11,23,8,11,5,7,0,0
pc-75d7edd3-1736,urzeitliche_kolosse__mit_pc,control,1,1,0,8,3,14,9,33,3,8,10,13,0,0
pc-fc8a9d15-1737,rudeljaeger__mit_pc,control,0,0,1,4,0,8,5,9,1,4,2,9,0,0
pc-fc8a9d15-1737,urzeitliche_kolosse__mit_pc,control,1,1,0,4,1,8,3,8,2,3,1,10,0,0
pc-6872af4e-1738,rudeljaeger__mit_pc,control,0,1,1,4,7,8,4,10,0,3,0,10,0,0
pc-6872af4e-1738,urzeitliche_kolosse__mit_pc,control,1,0,0,4,0,9,2,7,3,2,3,3,0,0
pc-ef255e90-1739,rudeljaeger__mit_pc,control,0,1,1,5,3,9,5,15,0,5,4,10,0,0
pc-ef255e90-1739,urzeitliche_kolosse__mit_pc,control,1,0,0,5,0,10,6,14,1,5,4,7,0,0
pc-c63764f1-1740,rudeljaeger__mit_pc,control,0,0,1,9,-3,13,12,29,10,10,5,9,0,2
pc-c63764f1-1740,urzeitliche_kolosse__mit_pc,control,1,1,0,9,1,15,9,39,4,9,6,13,0,0
pc-4cea1434-1741,rudeljaeger__mit_pc,control,0,1,1,5,4,10,6,15,0,6,1,11,0,0
pc-4cea1434-1741,urzeitliche_kolosse__mit_pc,control,1,0,0,5,-1,11,4,13,2,4,3,6,0,0
pc-b8d2266c-1742,rudeljaeger__mit_pc,control,0,0,1,8,0,12,12,33,2,10,7,6,0,0
pc-b8d2266c-1742,urzeitliche_kolosse__mit_pc,control,1,1,0,8,4,12,10,35,1,9,7,10,0,0
pc-3f84d5af-1743,rudeljaeger__mit_pc,control,0,1,1,5,4,8,4,11,3,4,1,10,0,0
pc-3f84d5af-1743,urzeitliche_kolosse__mit_pc,control,1,0,0,5,0,11,4,14,1,4,4,6,0,0
pc-ab6ce7e7-1744,rudeljaeger__mit_pc,control,0,1,1,6,6,10,7,21,0,7,5,12,0,0
pc-ab6ce7e7-1744,urzeitliche_kolosse__mit_pc,control,1,0,0,6,-2,12,7,19,1,7,2,4,0,0
pc-321f972a-1745,rudeljaeger__mit_pc,control,0,1,1,8,5,12,10,31,4,10,4,11,0,1
pc-321f972a-1745,urzeitliche_kolosse__mit_pc,control,1,0,0,8,-1,14,6,32,3,6,8,5,0,2
pc-9e07a962-1746,rudeljaeger__mit_pc,control,0,1,1,12,2,16,13,36,30,11,13,11,0,0
pc-9e07a962-1746,urzeitliche_kolosse__mit_pc,control,1,0,0,12,-1,18,14,51,15,14,9,8,0,3
pc-24ba58a5-1747,rudeljaeger__mit_pc,control,0,1,1,5,3,8,6,14,0,6,2,11,0,0
pc-24ba58a5-1747,urzeitliche_kolosse__mit_pc,control,1,0,0,5,-1,9,4,11,2,4,4,7,0,0
pc-fbcc7f05-1748,rudeljaeger__mit_pc,control,0,1,1,5,7,10,8,14,1,6,3,11,0,0
pc-fbcc7f05-1748,urzeitliche_kolosse__mit_pc,control,1,0,0,5,-1,10,4,13,1,4,6,3,0,0
pc-827f0e48-1749,rudeljaeger__mit_pc,control,0,0,1,8,0,13,10,32,2,8,5,6,0,0
pc-827f0e48-1749,urzeitliche_kolosse__mit_pc,control,1,1,0,8,4,13,9,32,4,9,4,10,0,2
pc-51892200-1750,rudeljaeger__mit_pc,control,0,0,0,7,0,11,10,22,4,8,5,7,0,0
pc-51892200-1750,urzeitliche_kolosse__mit_pc,control,1,1,1,7,3,12,8,26,2,8,6,10,0,2
pc-d83bd142-1751,rudeljaeger__mit_pc,control,0,0,0,5,0,9,4,14,1,4,1,2,0,0
pc-d83bd142-1751,urzeitliche_kolosse__mit_pc,control,1,1,1,5,8,11,5,13,2,5,3,10,0,0
pc-5eee6085-1752,rudeljaeger__mit_pc,control,0,1,0,7,5,11,9,25,2,8,4,10,0,0
pc-5eee6085-1752,urzeitliche_kolosse__mit_pc,control,1,0,1,7,0,12,7,25,3,7,5,5,0,0
pc-e5a10fc7-1753,rudeljaeger__mit_pc,control,0,1,0,8,6,13,10,31,3,8,7,12,0,2
pc-e5a10fc7-1753,urzeitliche_kolosse__mit_pc,control,1,0,1,8,-2,13,8,30,6,8,4,4,0,0
pc-36bea4f6-1754,rudeljaeger__mit_pc,control,0,1,0,3,10,7,3,6,0,3,0,10,0,0
pc-36bea4f6-1754,urzeitliche_kolosse__mit_pc,control,1,0,1,3,0,8,1,3,3,1,0,0,0,0
pc-bd715438-1755,rudeljaeger__mit_pc,control,0,1,0,5,3,9,5,15,0,4,2,12,0,0
pc-bd715438-1755,urzeitliche_kolosse__mit_pc,control,1,0,1,5,-2,11,5,15,0,5,3,7,0,0
pc-4423e37b-1756,rudeljaeger__mit_pc,control,0,0,0,4,-2,10,4,9,1,4,0,6,0,0
pc-4423e37b-1756,urzeitliche_kolosse__mit_pc,control,1,1,1,4,4,8,4,10,0,3,1,12,0,0
pc-cad692bd-1757,rudeljaeger__mit_pc,control,0,0,0,3,0,7,2,5,1,2,0,6,0,0
pc-cad692bd-1757,urzeitliche_kolosse__mit_pc,control,1,1,1,3,4,7,3,6,0,3,0,10,0,0
pc-871e3c14-1758,rudeljaeger__mit_pc,control,0,1,0,5,4,10,5,12,2,5,1,10,0,0
pc-871e3c14-1758,urzeitliche_kolosse__mit_pc,control,1,0,1,5,0,10,3,11,4,3,2,6,0,0
pc-0dd0cb57-1759,rudeljaeger__mit_pc,control,0,1,0,7,2,12,7,24,1,7,2,10,0,0
pc-0dd0cb57-1759,urzeitliche_kolosse__mit_pc,control,1,0,1,7,0,13,6,23,5,6,6,8,0,0
pc-94837a99-1760,rudeljaeger__mit_pc,control,0,0,0,9,-5,14,13,30,10,11,4,7,0,0
pc-94837a99-1760,urzeitliche_kolosse__mit_pc,control,1,1,1,9,3,14,9,42,1,9,6,15,0,1
pc-1b3609dc-1761,rudeljaeger__mit_pc,control,0,1,0,5,4,9,8,15,0,6,3,10,0,0
pc-1b3609dc-1761,urzeitliche_kolosse__mit_pc,control,1,0,1,5,0,9,5,15,0,5,5,6,0,0
pc-6c53bf0a-1762,rudeljaeger__mit_pc,control,0,0,0,10,0,15,13,36,15,12,9,9,0,0
pc-6c53bf0a-1762,urzeitliche_kolosse__mit_pc,control,1,1,1,10,1,16,13,44,8,12,8,10,0,1
pc-f3064e4c-1763,rudeljaeger__mit_pc,control,0,0,0,5,-1,10,4,14,1,4,1,7,0,0
pc-f3064e4c-1763,urzeitliche_kolosse__mit_pc,control,1,1,1,5,3,9,5,15,0,4,0,11,0,0
pc-79b8fd8f-1764,rudeljaeger__mit_pc,control,0,0,0,8,0,13,11,30,1,9,4,6,0,0
pc-79b8fd8f-1764,urzeitliche_kolosse__mit_pc,control,1,1,1,8,4,13,7,28,8,6,5,10,0,1
pc-006b8cd2-1765,rudeljaeger__mit_pc,control,0,1,0,10,3,15,13,39,10,13,8,10,0,0
pc-006b8cd2-1765,urzeitliche_kolosse__mit_pc,control,1,0,1,10,0,14,13,40,9,12,8,7,0,4
pc-bcb33628-1766,rudeljaeger__mit_pc,control,0,0,0,10,-1,13,13,32,16,12,6,4,0,0
pc-bcb33628-1766,urzeitliche_kolosse__mit_pc,control,1,1,1,10,6,16,10,45,7,10,8,11,0,0
pc-4365c56b-1767,rudeljaeger__mit_pc,control,0,1,0,5,6,9,6,14,0,6,1,11,0,0
pc-4365c56b-1767,urzeitliche_kolosse__mit_pc,control,1,0,1,5,-1,9,5,12,2,5,3,4,0,0
pc-ca1874ad-1768,rudeljaeger__mit_pc,control,0,1,0,7,10,12,9,22,1,7,5,10,0,0
pc-ca1874ad-1768,urzeitliche_kolosse__mit_pc,control,1,0,1,7,0,11,7,25,3,7,2,0,0,0
pc-50cb03f0-1769,rudeljaeger__mit_pc,control,0,1,0,6,4,10,8,21,0,7,3,12,0,0
pc-50cb03f0-1769,urzeitliche_kolosse__mit_pc,control,1,0,1,6,-2,11,8,19,2,7,3,6,0,0
pc-a1e8b91e-1770,rudeljaeger__mit_pc,control,0,1,0,8,4,13,10,31,2,9,5,10,0,1
pc-a1e8b91e-1770,urzeitliche_kolosse__mit_pc,control,1,0,1,8,0,14,8,30,6,7,5,6,0,0
pc-289b4861-1771,rudeljaeger__mit_pc,control,0,0,0,9,-2,12,12,30,8,11,4,9,0,1
pc-289b4861-1771,urzeitliche_kolosse__mit_pc,control,1,1,1,9,1,15,10,43,2,9,11,12,0,3
pc-af4df7a3-1772,rudeljaeger__mit_pc,control,0,1,0,11,3,14,14,41,16,13,12,14,0,1
pc-af4df7a3-1772,urzeitliche_kolosse__mit_pc,control,1,0,1,11,-4,16,14,52,7,14,12,7,0,1
pc-360086e6-1773,rudeljaeger__mit_pc,control,0,1,0,7,10,12,8,26,1,7,4,10,0,0
pc-360086e6-1773,urzeitliche_kolosse__mit_pc,control,1,0,1,7,0,12,7,24,4,6,3,0,0,0
pc-f248303c-1774,rudeljaeger__mit_pc,control,0,1,0,5,6,10,6,13,0,6,2,10,0,0
pc-f248303c-1774,urzeitliche_kolosse__mit_pc,control,1,0,1,5,0,11,4,13,2,4,3,4,0,0
pc-78fadf7f-1775,rudeljaeger__mit_pc,control,0,1,0,8,3,14,11,33,2,10,4,12,0,0
pc-78fadf7f-1775,urzeitliche_kolosse__mit_pc,control,1,0,1,8,-2,12,9,34,2,8,5,7,0,0
pc-ffad6ec1-1776,rudeljaeger__mit_pc,control,0,0,0,9,-1,14,12,28,12,12,5,7,0,0
pc-ffad6ec1-1776,urzeitliche_kolosse__mit_pc,control,1,1,1,9,3,12,11,39,3,10,9,11,0,1
pc-86601e04-1777,rudeljaeger__mit_pc,control,0,1,0,6,1,9,8,18,2,7,1,12,0,0
pc-86601e04-1777,urzeitliche_kolosse__mit_pc,control,1,0,1,6,-2,11,6,18,3,5,3,9,0,0
pc-d77db332-1778,rudeljaeger__mit_pc,control,0,1,0,10,1,15,10,32,15,10,11,12,0,2
pc-d77db332-1778,urzeitliche_kolosse__mit_pc,control,1,0,1,10,-2,14,13,41,9,13,6,9,0,0
pc-5e304275-1779,rudeljaeger__mit_pc,control,0,1,0,4,6,9,4,8,2,4,1,10,0,0
pc-5e304275-1779,urzeitliche_kolosse__mit_pc,control,1,0,1,4,0,9,4,9,1,3,1,4,0,0
pc-e4e2f1b7-1780,rudeljaeger__mit_pc,control,0,0,0,5,-1,9,5,15,0,5,1,7,0,0
pc-e4e2f1b7-1780,urzeitliche_kolosse__mit_pc,control,1,1,1,5,3,10,5,14,1,4,2,11,0,0
pc-6b9580fa-1781,rudeljaeger__mit_pc,control,0,1,0,10,6,15,13,36,11,12,7,10,0,2
pc-6b9580fa-1781,urzeitliche_kolosse__mit_pc,control,1,0,1,10,0,15,12,48,7,11,11,4,0,0
pc-7b3539af-1782,rudeljaeger__mit_pc,control,0,1,0,5,10,8,5,13,0,5,3,10,0,0
pc-7b3539af-1782,urzeitliche_kolosse__mit_pc,control,1,0,1,5,0,9,5,14,1,5,4,0,0,1
pc-01e7c8f2-1783,rudeljaeger__mit_pc,control,0,0,0,12,-4,16,16,49,19,14,9,9,0,1
pc-01e7c8f2-1783,urzeitliche_kolosse__mit_pc,control,1,1,1,12,1,18,15,56,12,14,11,14,0,3
pc-889a7834-1784,rudeljaeger__mit_pc,control,0,1,0,6,5,9,7,20,1,7,4,13,0,0
pc-889a7834-1784,urzeitliche_kolosse__mit_pc,control,1,0,1,6,-3,11,8,19,1,8,3,5,0,1
pc-0f4d0777-1785,rudeljaeger__mit_pc,control,0,0,0,9,-3,16,13,37,1,12,8,9,0,0
pc-0f4d0777-1785,urzeitliche_kolosse__mit_pc,control,1,1,1,9,1,14,10,42,2,10,10,13,0,0
pc-606abca5-1786,rudeljaeger__mit_pc,control,0,1,0,7,1,10,9,24,1,9,6,10,0,0
pc-606abca5-1786,urzeitliche_kolosse__mit_pc,control,1,0,1,7,0,12,8,28,0,8,6,9,0,1
pc-e71d4be7-1787,rudeljaeger__mit_pc,control,0,1,0,6,6,11,6,20,1,6,4,11,0,0
pc-e71d4be7-1787,urzeitliche_kolosse__mit_pc,control,1,0,1,6,-1,12,5,19,2,5,2,4,0,0
pc-6dcffb2a-1788,rudeljaeger__mit_pc,control,0,1,0,6,2,9,7,21,0,7,2,11,0,0
pc-6dcffb2a-1788,urzeitliche_kolosse__mit_pc,control,1,0,1,6,-1,11,6,20,1,5,4,8,0,0
pc-f4828a6c-1789,rudeljaeger__mit_pc,control,0,0,0,8,-1,12,7,20,8,6,3,8,0,0
pc-f4828a6c-1789,urzeitliche_kolosse__mit_pc,control,1,1,1,8,2,12,8,27,1,7,3,11,0,0
pc-b0ca33c3-1790,rudeljaeger__mit_pc,control,0,0,0,10,0,16,13,36,14,13,6,6,0,1
pc-b0ca33c3-1790,urzeitliche_kolosse__mit_pc,control,1,1,1,10,4,16,11,47,8,10,13,10,0,4
pc-377cc306-1791,rudeljaeger__mit_pc,control,0,1,0,15,5,20,18,51,54,16,14,12,0,3
pc-377cc306-1791,urzeitliche_kolosse__mit_pc,control,1,0,1,15,-2,19,18,68,45,17,13,5,0,0
pc-be2f7248-1792,rudeljaeger__mit_pc,control,0,0,0,9,-2,14,11,30,6,10,4,7,0,1
pc-be2f7248-1792,urzeitliche_kolosse__mit_pc,control,1,1,1,9,3,14,9,40,3,9,10,12,0,3
pc-44e2018b-1793,rudeljaeger__mit_pc,control,0,1,0,4,2,8,5,10,0,5,1,10,0,0
pc-44e2018b-1793,urzeitliche_kolosse__mit_pc,control,1,0,1,4,0,8,4,10,0,3,2,8,0,0
pc-95ffb6b9-1794,rudeljaeger__mit_pc,control,0,0,0,8,0,12,12,34,1,10,6,5,0,0
pc-95ffb6b9-1794,urzeitliche_kolosse__mit_pc,control,1,1,1,8,5,14,10,32,4,9,8,10,0,0
pc-1cb245fc-1795,rudeljaeger__mit_pc,control,0,0,0,9,-1,12,12,34,7,11,6,7,0,0
pc-1cb245fc-1795,urzeitliche_kolosse__mit_pc,control,1,1,1,9,3,14,12,39,1,11,8,11,0,2
pc-a364f53e-1796,rudeljaeger__mit_pc,control,0,0,0,6,-1,10,5,18,2,5,0,9,0,0
pc-a364f53e-1796,urzeitliche_kolosse__mit_pc,control,1,1,1,6,1,11,5,19,2,5,4,11,0,0
pc-2a178481-1797,rudeljaeger__mit_pc,control,0,0,0,10,-1,14,13,34,15,11,7,9,0,0
pc-2a178481-1797,urzeitliche_kolosse__mit_pc,control,1,1,1,10,1,16,11,44,4,11,9,11,0,3
pc-e65f2dd7-1798,rudeljaeger__mit_pc,control,0,1,0,5,8,9,6,14,1,6,2,11,0,0
pc-e65f2dd7-1798,urzeitliche_kolosse__mit_pc,control,1,0,1,5,-1,10,4,12,2,4,3,2,0,0
pc-6d11dd1a-1799,rudeljaeger__mit_pc,control,0,1,0,13,2,19,17,47,35,15,12,12,0,3
pc-6d11dd1a-1799,urzeitliche_kolosse__mit_pc,control,1,0,1,13,-2,18,16,58,23,15,11,8,0,0
pc-21eecead-1800,rudeljaeger__mit_pc,control,0,1,1,9,5,14,13,30,9,12,8,10,0,0
pc-21eecead-1800,urzeitliche_kolosse__ohne_pc,control,1,0,0,9,0,13,12,42,2,10,10,5,0,3
pc-9b3c3f6a-1801,rudeljaeger__mit_pc,control,0,0,1,13,-1,17,16,42,38,14,12,9,0,0
pc-9b3c3f6a-1801,urzeitliche_kolosse__ohne_pc,control,1,1,0,13,1,18,16,57,28,14,12,11,0,0
pc-2f540d32-1802,rudeljaeger__mit_pc,control,0,1,1,6,2,11,6,19,2,6,2,11,0,0
pc-2f540d32-1802,urzeitliche_kolosse__ohne_pc,control,1,0,0,6,-1,11,6,18,2,6,4,8,0,0
pc-a8a17def-1803,rudeljaeger__mit_pc,control,0,0,1,8,-3,14,10,26,2,9,4,9,0,0
pc-a8a17def-1803,urzeitliche_kolosse__ohne_pc,control,1,1,0,8,1,13,8,34,1,8,4,13,0,2
pc-072451a3-1804,rudeljaeger__mit_pc,control,0,0,1,6,-2,10,8,19,1,7,1,8,0,0
pc-072451a3-1804,urzeitliche_kolosse__ohne_pc,control,1,1,0,6,2,11,5,18,3,5,6,12,0,1
pc-8071a260-1805,rudeljaeger__mit_pc,control,0,1,1,9,4,12,12,31,9,10,6,14,0,1
pc-8071a260-1805,urzeitliche_kolosse__ohne_pc,control,1,0,0,9,-4,14,12,40,3,10,10,6,0,1
pc-14899028-1806,rudeljaeger__mit_pc,control,0,1,1,6,3,10,7,19,1,6,2,10,0,1
pc-14899028-1806,urzeitliche_kolosse__ohne_pc,control,1,0,0,6,0,10,7,21,0,6,3,7,0,1
pc-8dd6e0e5-1807,rudeljaeger__mit_pc,control,0,0,1,10,-3,16,14,34,15,12,5,5,0,0
pc-8dd6e0e5-1807,urzeitliche_kolosse__ohne_pc,control,1,1,0,10,5,15,11,44,6,10,9,13,0,0
pc-ec59d498-1808,rudeljaeger__mit_pc,control,0,1,1,12,3,18,16,49,21,14,13,12,0,3
pc-ec59d498-1808,urzeitliche_kolosse__ohne_pc,control,1,0,0,12,-2,17,15,55,12,15,9,7,0,4
pc-65a72556-1809,rudeljaeger__mit_pc,control,0,1,1,4,4,7,5,8,0,5,2,11,0,0
pc-65a72556-1809,urzeitliche_kolosse__ohne_pc,control,1,0,0,4,-1,8,4,8,2,4,2,6,0,0
pc-f9bf131d-1810,rudeljaeger__mit_pc,control,0,1,1,7,2,11,9,23,3,8,6,12,0,0
pc-f9bf131d-1810,urzeitliche_kolosse__ohne_pc,control,1,0,0,7,-2,11,8,27,1,8,5,8,0,0
pc-730c63db-1811,rudeljaeger__mit_pc,control,0,1,1,5,3,8,4,13,2,4,2,10,0,0
pc-730c63db-1811,urzeitliche_kolosse__ohne_pc,control,1,0,0,5,0,9,5,15,0,5,1,7,0,0
pc-d18f578e-1812,rudeljaeger__mit_pc,control,0,1,1,6,4,11,7,21,0,7,4,10,0,0
pc-d18f578e-1812,urzeitliche_kolosse__ohne_pc,control,1,0,0,6,0,12,7,20,0,7,4,6,0,0
pc-4adca84c-1813,rudeljaeger__mit_pc,control,0,1,1,9,8,14,12,37,2,11,7,11,0,1
pc-4adca84c-1813,urzeitliche_kolosse__ohne_pc,control,1,0,0,9,-1,15,10,40,3,10,8,2,0,0
pc-def49613-1814,rudeljaeger__mit_pc,control,0,1,1,6,8,10,7,19,2,6,1,10,0,0
pc-def49613-1814,urzeitliche_kolosse__ohne_pc,control,1,0,0,6,0,11,6,18,3,5,2,2,0,0
pc-5841e6d1-1815,rudeljaeger__mit_pc,control,0,1,1,4,6,8,4,10,0,4,2,12,0,0
pc-5841e6d1-1815,urzeitliche_kolosse__ohne_pc,control,1,0,0,4,-2,8,4,10,0,4,3,4,0,0
pc-b6c4da84-1816,rudeljaeger__mit_pc,control,0,0,1,10,0,13,12,31,14,11,5,9,0,0
pc-b6c4da84-1816,urzeitliche_kolosse__ohne_pc,control,1,1,0,10,1,15,11,41,4,10,7,10,0,0
pc-30122b42-1817,rudeljaeger__mit_pc,control,0,0,1,8,-1,13,11,32,2,9,3,8,0,1
pc-30122b42-1817,urzeitliche_kolosse__ohne_pc,control,1,1,0,8,2,13,7,32,4,7,6,11,0,0
pc-c42a1909-1818,rudeljaeger__mit_pc,control,0,1,1,6,6,9,7,18,1,7,2,12,0,0
pc-c42a1909-1818,urzeitliche_kolosse__ohne_pc,control,1,0,0,6,-2,11,6,18,3,6,5,4,0,0
pc-3d7769c7-1819,rudeljaeger__mit_pc,control,0,0,1,9,-1,16,13,36,3,12,7,7,0,0
pc-3d7769c7-1819,urzeitliche_kolosse__ohne_pc,control,1,1,0,9,3,14,12,36,4,11,10,11,0,2
pc-9bfa5d7a-1820,rudeljaeger__mit_pc,control,0,0,1,5,0,10,6,13,2,6,2,7,0,0
pc-9bfa5d7a-1820,urzeitliche_kolosse__ohne_pc,control,1,1,0,5,3,9,6,15,0,5,5,10,0,0
pc-1547ae38-1821,rudeljaeger__mit_pc,control,0,1,1,6,3,10,8,21,0,7,3,14,0,0
pc-1547ae38-1821,urzeitliche_kolosse__ohne_pc,control,1,0,0,6,-4,10,6,19,2,5,4,7,0,0
pc-a95f9bff-1822,rudeljaeger__mit_pc,control,0,1,1,5,6,9,6,14,1,6,2,11,0,0
pc-a95f9bff-1822,urzeitliche_kolosse__ohne_pc,control,1,0,0,5,-1,11,4,13,2,4,5,4,0,0
pc-22acecbd-1823,rudeljaeger__mit_pc,control,0,1,1,4,6,8,3,9,1,3,2,10,0,0
pc-22acecbd-1823,urzeitliche_kolosse__ohne_pc,control,1,0,0,4,0,7,4,8,1,4,1,4,0,0
pc-812fc070-1824,rudeljaeger__mit_pc,control,0,0,1,11,0,17,15,39,21,13,9,8,0,0
pc-812fc070-1824,urzeitliche_kolosse__ohne_pc,control,1,1,0,11,2,16,14,52,9,13,11,10,0,1
pc-fa7d312d-1825,rudeljaeger__mit_pc,control,0,0,1,5,0,8,5,12,2,5,2,7,0,0
pc-fa7d312d-1825,urzeitliche_kolosse__ohne_pc,control,1,1,0,5,3,10,6,14,0,5,3,10,0,0
pc-8e951ef5-1826,rudeljaeger__mit_pc,control,0,1,1,6,4,10,8,21,0,8,4,10,0,0
pc-8e951ef5-1826,urzeitliche_kolosse__ohne_pc,control,1,0,0,6,0,12,8,19,2,6,4,6,0,0
pc-07e26fb3-1827,rudeljaeger__mit_pc,control,0,0,1,9,-4,13,12,28,9,10,6,5,0,0
pc-07e26fb3-1827,urzeitliche_kolosse__ohne_pc,control,1,1,0,9,5,14,9,37,4,9,8,14,0,0
pc-66654366-1828,rudeljaeger__mit_pc,control,0,0,1,7,-1,11,10,24,2,10,3,8,0,0
pc-66654366-1828,urzeitliche_kolosse__ohne_pc,control,1,1,0,7,2,11,7,25,3,7,6,11,0,0
pc-dfb2b423-1829,rudeljaeger__mit_pc,control,0,0,1,9,-2,13,10,26,12,9,6,7,0,0
pc-dfb2b423-1829,urzeitliche_kolosse__ohne_pc,control,1,1,0,9,3,13,9,39,4,9,4,12,0,2
pc-73ca81eb-1830,rudeljaeger__mit_pc,control,0,1,1,7,6,12,10,24,2,10,3,11,0,0
pc-73ca81eb-1830,urzeitliche_kolosse__ohne_pc,control,1,0,0,7,-1,12,7,24,2,6,6,4,0,0
pc-ed17f2a8-1831,rudeljaeger__mit_pc,control,0,1,1,7,4,12,8,23,3,8,4,12,0,0
pc-ed17f2a8-1831,urzeitliche_kolosse__ohne_pc,control,1,0,0,7,-2,13,8,27,1,7,6,6,0,0
pc-f842d6fd-1832,rudeljaeger__mit_pc,control,0,1,1,11,4,14,14,42,14,13,10,12,0,1
pc-f842d6fd-1832,urzeitliche_kolosse__ohne_pc,control,1,0,0,11,-2,16,14,48,9,13,10,6,0,0
pc-719027bb-1833,rudeljaeger__mit_pc,control,0,1,1,7,4,13,7,24,3,7,7,13,0,0
pc-719027bb-1833,urzeitliche_kolosse__ohne_pc,control,1,0,0,7,-3,12,9,27,1,9,2,6,0,1
pc-05a81583-1834,rudeljaeger__mit_pc,control,0,1,1,7,4,11,8,24,0,8,5,10,0,1
pc-05a81583-1834,urzeitliche_kolosse__ohne_pc,control,1,0,0,7,0,13,7,26,2,7,5,6,0,0
pc-7ef56640-1835,rudeljaeger__mit_pc,control,0,1,1,9,6,13,10,34,11,10,5,11,0,0
pc-7ef56640-1835,urzeitliche_kolosse__ohne_pc,control,1,0,0,9,-1,14,10,41,4,9,7,4,0,3
pc-dd7859f3-1836,rudeljaeger__mit_pc,control,0,1,1,4,7,8,5,10,0,5,1,12,0,0
pc-dd7859f3-1836,urzeitliche_kolosse__ohne_pc,control,1,0,0,4,-2,10,3,9,1,3,4,3,0,0
pc-56c5aab1-1837,rudeljaeger__mit_pc,control,0,1,1,9,1,13,11,34,4,10,9,11,0,1
pc-56c5aab1-1837,urzeitliche_kolosse__ohne_pc,control,1,0,0,9,-1,15,12,39,4,10,6,9,0,3
pc-eadd9878-1838,rudeljaeger__mit_pc,control,0,1,1,6,5,11,6,21,0,6,5,10,0,0
pc-eadd9878-1838,urzeitliche_kolosse__ohne_pc,control,1,0,0,6,0,11,6,16,0,6,2,5,0,0
pc-642ae936-1839,rudeljaeger__mit_pc,control,0,1,1,4,2,8,4,10,0,3,1,10,0,0
pc-642ae936-1839,urzeitliche_kolosse__ohne_pc,control,1,0,0,4,0,9,4,10,0,3,0,8,0,0
pc-c2addce9-1840,rudeljaeger__mit_pc,control,0,0,1,9,-2,14,13,36,5,12,7,7,0,1
pc-c2addce9-1840,urzeitliche_kolosse__ohne_pc,control,1,1,0,9,3,15,11,40,2,10,9,12,0,2
pc-3bfb2da7-1841,rudeljaeger__mit_pc,control,0,0,1,7,-2,13,9,22,4,7,3,6,0,0
pc-3bfb2da7-1841,urzeitliche_kolosse__ohne_pc,control,1,1,0,7,4,13,6,21,3,6,5,12,0,0
pc-d0131b6e-1842,rudeljaeger__mit_pc,control,0,1,1,10,3,16,14,42,10,12,8,11,0,0
pc-d0131b6e-1842,urzeitliche_kolosse__ohne_pc,control,1,0,0,10,-1,16,13,48,4,11,9,7,0,0
pc-49606c2c-1843,rudeljaeger__mit_pc,control,0,0,1,11,0,15,11,35,22,9,7,7,0,0
pc-49606c2c-1843,urzeitliche_kolosse__ohne_pc,control,1,1,0,11,3,16,13,53,6,12,5,10,0,1
pc-a7e35fdf-1844,rudeljaeger__mit_pc,control,0,0,1,6,0,10,5,20,1,5,1,6,0,1
pc-a7e35fdf-1844,urzeitliche_kolosse__ohne_pc,control,1,1,0,6,4,10,6,18,2,6,3,10,0,0
pc-2130b09d-1845,rudeljaeger__mit_pc,control,0,0,1,4,-2,8,3,8,1,3,2,6,0,0
pc-2130b09d-1845,urzeitliche_kolosse__ohne_pc,control,1,1,0,4,4,8,4,8,0,3,0,12,0,0
pc-b5489e64-1846,rudeljaeger__mit_pc,control,0,0,1,6,0,10,8,20,1,6,3,6,0,0
pc-b5489e64-1846,urzeitliche_kolosse__ohne_pc,control,1,1,0,6,4,10,6,20,1,6,4,10,0,0
pc-2e95ef22-1847,rudeljaeger__mit_pc,control,0,0,1,11,-1,17,13,32,23,11,9,8,0,0
pc-2e95ef22-1847,urzeitliche_kolosse__ohne_pc,control,1,1,0,11,2,16,13,49,13,13,6,11,0,0
pc-8d18c2d5-1848,rudeljaeger__mit_pc,control,0,1,1,4,8,7,4,8,0,3,1,11,0,0
pc-8d18c2d5-1848,urzeitliche_kolosse__ohne_pc,control,1,0,0,4,-1,9,3,9,1,3,1,2,0,0
pc-06663393-1849,rudeljaeger__mit_pc,control,0,0,1,10,-1,14,13,37,11,11,10,9,0,0
pc-06663393-1849,urzeitliche_kolosse__ohne_pc,control,1,1,0,10,1,14,13,46,4,11,7,11,0,1
pc-375c1fdb-1850,rudeljaeger__mit_pc,control,0,1,0,7,3,11,8,20,3,8,5,13,0,2
pc-375c1fdb-1850,urzeitliche_kolosse__ohne_pc,control,1,0,1,7,-3,11,7,26,2,7,4,7,0,3
pc-b0a97098-1851,rudeljaeger__mit_pc,control,0,1,0,4,5,7,6,10,0,4,3,10,0,0
pc-b0a97098-1851,urzeitliche_kolosse__ohne_pc,control,1,0,1,4,0,8,4,9,0,4,3,5,0,0
pc-29f6c156-1852,rudeljaeger__mit_pc,control,0,0,0,8,-4,12,11,26,7,9,3,7,0,0
pc-29f6c156-1852,urzeitliche_kolosse__ohne_pc,control,1,1,1,8,3,13,8,34,2,7,6,14,0,2
pc-a3443213-1853,rudeljaeger__mit_pc,control,0,1,0,5,10,9,7,14,0,7,2,10,0,0
pc-a3443213-1853,urzeitliche_kolosse__ohne_pc,control,1,0,1,5,0,9,5,13,1,4,3,0,0,0
pc-1c9182d1-1854,rudeljaeger__mit_pc,control,0,1,0,3,10,7,3,6,0,3,0,10,0,0
pc-1c9182d1-1854,urzeitliche_kolosse__ohne_pc,control,1,0,1,3,0,9,1,3,3,1,0,0,0,0
pc-95def38e-1855,rudeljaeger__mit_pc,control,0,0,0,10,-1,14,9,33,15,7,5,9,0,3
pc-95def38e-1855,urzeitliche_kolosse__ohne_pc,control,1,1,1,10,1,14,10,45,4,10,3,11,0,1
pc-0f2c444c-1856,rudeljaeger__mit_pc,control,0,1,0,8,3,13,12,30,3,10,7,12,0,0
pc-0f2c444c-1856,urzeitliche_kolosse__ohne_pc,control,1,0,1,8,-2,14,11,31,5,9,5,7,0,2
pc-8879b509-1857,rudeljaeger__mit_pc,control,0,0,0,6,-1,11,7,19,1,7,1,9,0,0
pc-8879b509-1857,urzeitliche_kolosse__ohne_pc,control,1,1,1,6,1,11,5,17,3,4,3,11,0,0
pc-01c705c7-1858,rudeljaeger__mit_pc,control,0,1,0,5,10,9,5,12,0,5,1,11,0,0
pc-01c705c7-1858,urzeitliche_kolosse__ohne_pc,control,1,0,1,5,-1,11,3,11,3,3,1,0,0,0
pc-7b147684-1859,rudeljaeger__mit_pc,control,0,1,0,6,3,12,9,20,0,8,4,11,0,0
pc-7b147684-1859,urzeitliche_kolosse__ohne_pc,control,1,0,1,6,-1,12,8,20,0,6,7,7,0,0
pc-f461c741-1860,rudeljaeger__mit_pc,control,0,1,0,3,10,8,3,6,0,3,0,10,0,0
pc-f461c741-1860,urzeitliche_kolosse__ohne_pc,control,1,0,1,3,0,8,1,3,3,1,0,0,0,0
pc-6daf37ff-1861,rudeljaeger__mit_pc,control,0,1,0,8,2,12,11,29,2,9,6,10,0,1
pc-6daf37ff-1861,urzeitliche_kolosse__ohne_pc,control,1,0,1,8,0,12,9,35,1,8,5,8,0,0
pc-e6fc88bc-1862,rudeljaeger__mit_pc,control,0,1,0,7,4,11,9,20,2,9,6,12,0,0
pc-e6fc88bc-1862,urzeitliche_kolosse__ohne_pc,control,1,0,1,7,-2,12,9,23,2,7,5,6,0,0
pc-6049f97a-1863,rudeljaeger__mit_pc,control,0,1,0,6,7,10,6,17,3,6,2,13,0,0
pc-6049f97a-1863,urzeitliche_kolosse__ohne_pc,control,1,0,1,6,-3,10,6,20,1,6,3,3,0,1
pc-d9974a37-1864,rudeljaeger__mit_pc,control,0,0,0,6,0,10,8,20,1,7,3,9,0,0
pc-d9974a37-1864,urzeitliche_kolosse__ohne_pc,control,1,1,1,6,1,12,7,20,1,6,5,10,0,0
pc-52e4baf5-1865,rudeljaeger__mit_pc,control,0,1,0,5,10,8,5,13,0,5,2,11,0,0
pc-52e4baf5-1865,urzeitliche_kolosse__ohne_pc,control,1,0,1,5,-1,12,4,13,2,4,1,0,0,0
pc-cc320bb2-1866,rudeljaeger__mit_pc,control,0,0,0,8,0,12,9,30,4,8,4,8,0,0
pc-cc320bb2-1866,urzeitliche_kolosse__ohne_pc,control,1,1,1,8,2,13,9,33,1,8,3,10,0,0
pc-457f7c70-1867,rudeljaeger__mit_pc,control,0,1,0,5,1,9,5,14,1,5,2,11,0,0
pc-457f7c70-1867,urzeitliche_kolosse__ohne_pc,control,1,0,1,5,-1,11,4,14,1,4,3,9,0,0
pc-becccd2d-1868,rudeljaeger__mit_pc,control,0,1,0,7,5,12,9,25,0,9,4,13,0,1
pc-becccd2d-1868,urzeitliche_kolosse__ohne_pc,control,1,0,1,7,-3,13,7,26,2,6,8,5,0,0
pc-381a3deb-1869,rudeljaeger__mit_pc,control,0,1,0,5,7,8,4,13,1,4,1,10,0,0
pc-381a3deb-1869,urzeitliche_kolosse__ohne_pc,control,1,0,1,5,0,9,3,11,4,3,1,3,0,0
pc-b1678ea8-1870,rudeljaeger__mit_pc,control,0,1,0,12,2,17,16,42,26,14,10,11,0,0
pc-b1678ea8-1870,urzeitliche_kolosse__ohne_pc,control,1,0,1,12,-1,15,15,54,15,13,12,8,0,1
pc-2ab4ff66-1871,rudeljaeger__mit_pc,control,0,1,0,8,3,12,11,25,5,9,5,14,0,0
pc-2ab4ff66-1871,urzeitliche_kolosse__ohne_pc,control,1,0,1,8,-4,12,9,29,4,8,9,7,0,0
pc-a4025023-1872,rudeljaeger__mit_pc,control,0,1,0,4,10,9,4,10,0,4,2,11,0,0
pc-a4025023-1872,urzeitliche_kolosse__ohne_pc,control,1,0,1,4,-1,10,3,9,1,3,1,0,0,0
pc-1d4fa0e1-1873,rudeljaeger__mit_pc,control,0,1,0,6,7,12,9,21,0,8,2,11,0,0
pc-1d4fa0e1-1873,urzeitliche_kolosse__ohne_pc,control,1,0,1,6,-1,12,7,19,2,6,6,3,0,0
pc-969d119e-1874,rudeljaeger__mit_pc,control,0,1,0,5,3,11,6,15,0,6,2,10,0,0
pc-969d119e-1874,urzeitliche_kolosse__ohne_pc,control,1,0,1,5,0,10,5,13,2,5,4,7,0,0
pc-0fea625c-1875,rudeljaeger__mit_pc,control,0,0,0,7,-3,12,10,20,3,9,2,8,0,0
pc-0fea625c-1875,urzeitliche_kolosse__ohne_pc,control,1,1,1,7,2,10,8,27,1,7,8,13,0,0
pc-8937d319-1876,rudeljaeger__mit_pc,control,0,1,0,10,3,15,14,40,9,13,11,10,0,0
pc-8937d319-1876,urzeitliche_kolosse__ohne_pc,control,1,0,1,10,0,15,13,43,5,12,10,7,0,2
pc-028523d7-1877,rudeljaeger__mit_pc,control,0,1,0,8,6,13,9,33,3,9,6,10,0,3
pc-028523d7-1877,urzeitliche_kolosse__ohne_pc,control,1,0,1,8,0,14,10,31,5,9,4,4,0,2
pc-7bd29494-1878,rudeljaeger__mit_pc,control,0,0,0,8,0,11,11,26,5,10,6,9,0,0
pc-7bd29494-1878,urzeitliche_kolosse__ohne_pc,control,1,1,1,8,1,14,10,34,2,9,6,10,0,1
pc-f51fe551-1879,rudeljaeger__mit_pc,control,0,1,0,6,10,10,7,20,0,6,2,12,0,1
pc-f51fe551-1879,urzeitliche_kolosse__ohne_pc,control,1,0,1,6,-2,11,6,18,2,5,3,0,0,1
pc-6e6d560f-1880,rudeljaeger__mit_pc,control,0,0,0,9,-5,14,12,27,12,10,5,6,0,0
pc-6e6d560f-1880,urzeitliche_kolosse__ohne_pc,control,1,1,1,9,4,15,10,39,4,10,8,15,0,1
pc-e7baa6cc-1881,rudeljaeger__mit_pc,control,0,1,0,7,5,12,9,24,2,8,2,11,0,0
pc-e7baa6cc-1881,urzeitliche_kolosse__ohne_pc,control,1,0,1,7,-1,11,6,24,4,6,4,5,0,2
pc-0db0082c-1882,rudeljaeger__mit_pc,control,0,1,0,5,10,9,5,13,0,5,2,11,0,0
pc-0db0082c-1882,urzeitliche_kolosse__ohne_pc,control,1,0,1,5,-1,9,4,13,2,4,2,0,0,0
pc-86fd78e9-1883,rudeljaeger__mit_pc,control,0,1,0,4,4,9,5,9,0,5,1,12,0,0
pc-86fd78e9-1883,urzeitliche_kolosse__ohne_pc,control,1,0,1,4,-2,10,4,9,0,4,1,6,0,0
pc-004ac9a7-1884,rudeljaeger__mit_pc,control,0,1,0,6,4,11,8,18,2,7,2,11,0,0
pc-004ac9a7-1884,urzeitliche_kolosse__ohne_pc,control,1,0,1,6,-1,11,5,19,1,5,5,6,0,0
pc-79983a64-1885,rudeljaeger__mit_pc,control,0,1,0,5,4,9,5,14,0,5,1,12,0,0
pc-79983a64-1885,urzeitliche_kolosse__ohne_pc,control,1,0,1,5,-2,10,4,13,1,4,3,6,0,0
pc-f2e58b21-1886,rudeljaeger__mit_pc,control,0,1,0,8,4,11,9,31,2,8,6,10,0,1
pc-f2e58b21-1886,urzeitliche_kolosse__ohne_pc,control,1,0,1,8,0,13,9,29,7,8,4,6,0,0
pc-6c32fbdf-1887,rudeljaeger__mit_pc,control,0,0,0,8,0,13,11,27,2,9,5,8,0,0
pc-6c32fbdf-1887,urzeitliche_kolosse__ohne_pc,control,1,1,1,8,2,13,9,32,0,8,5,10,0,3
pc-e5804c9c-1888,rudeljaeger__mit_pc,control,0,0,0,4,0,9,5,9,0,4,2,5,0,0
pc-e5804c9c-1888,urzeitliche_kolosse__ohne_pc,control,1,1,1,4,5,8,4,9,0,4,2,10,0,0
pc-5ecdbd5a-1889,rudeljaeger__mit_pc,control,0,0,0,4,0,8,5,9,0,5,1,8,0,0
pc-5ecdbd5a-1889,urzeitliche_kolosse__ohne_pc,control,1,1,1,4,2,8,4,9,0,4,1,10,0,0
pc-d81b0e17-1890,rudeljaeger__mit_pc,control,0,1,0,6,6,9,6,19,2,6,2,10,0,0
pc-d81b0e17-1890,urzeitliche_kolosse__ohne_pc,control,1,0,1,6,0,11,7,20,1,6,2,4,0,0
pc-51687ed5-1891,rudeljaeger__mit_pc,control,0,0,0,6,-2,10,7,19,1,6,4,7,0,0
pc-51687ed5-1891,urzeitliche_kolosse__ohne_pc,control,1,1,1,6,3,11,7,19,1,6,3,12,0,0
pc-cab5cf92-1892,rudeljaeger__mit_pc,control,0,1,0,8,8,13,12,31,2,10,8,11,0,0
pc-cab5cf92-1892,urzeitliche_kolosse__ohne_pc,control,1,0,1,8,-1,13,11,33,3,10,5,2,0,0
pc-44032050-1893,rudeljaeger__mit_pc,control,0,0,0,7,-3,11,10,25,3,10,2,9,0,0
pc-44032050-1893,urzeitliche_kolosse__ohne_pc,control,1,1,1,7,1,12,5,22,6,5,8,13,0,0
pc-bd50910d-1894,rudeljaeger__mit_pc,control,0,1,0,4,3,7,5,10,0,5,2,10,0,0
pc-bd50910d-1894,urzeitliche_kolosse__ohne_pc,control,1,0,1,4,0,10,4,10,0,4,2,7,0,0
pc-369de1cb-1895,rudeljaeger__mit_pc,control,0,1,0,8,3,12,11,33,3,10,5,10,0,0
pc-369de1cb-1895,urzeitliche_kolosse__ohne_pc,control,1,0,1,8,0,13,7,31,5,7,8,7,0,3
pc-afeb5288-1896,rudeljaeger__mit_pc,control,0,0,0,8,-2,12,10,32,2,9,5,6,0,0
pc-afeb5288-1896,urzeitliche_kolosse__ohne_pc,control,1,1,1,8,4,14,10,33,2,9,7,12,0,1
pc-2938a346-1897,rudeljaeger__mit_pc,control,0,0,0,6,-1,11,6,20,1,6,3,9,0,1
pc-2938a346-1897,urzeitliche_kolosse__ohne_pc,control,1,1,1,6,1,10,7,21,0,7,5,11,0,2
pc-a2861403-1898,rudeljaeger__mit_pc,control,0,1,0,3,7,6,3,6,0,3,0,11,0,0
pc-a2861403-1898,urzeitliche_kolosse__ohne_pc,control,1,0,1,3,-1,7,2,5,1,2,0,3,0,0
pc-1bd364c1-1899,rudeljaeger__mit_pc,control,0,1,0,12,2,18,16,45,26,14,12,11,0,0
pc-1bd364c1-1899,urzeitliche_kolosse__ohne_pc,control,1,0,1,12,-1,17,15,50,18,14,11,8,0,2
pc-16836480-1900,rudeljaeger__ohne_pc,control,0,1,1,5,4,9,6,13,0,6,4,10,0,0
pc-16836480-1900,urzeitliche_kolosse__mit_pc,control,1,0,0,5,0,10,6,13,1,6,4,6,0,0
pc-9d3613c2-1901,rudeljaeger__ohne_pc,control,0,0,1,9,0,13,12,30,12,11,5,8,0,0
pc-9d3613c2-1901,urzeitliche_kolosse__mit_pc,control,1,1,0,9,2,15,9,40,5,8,9,10,0,2
pc-091e25fb-1902,rudeljaeger__ohne_pc,control,0,1,1,6,6,10,9,18,1,9,4,10,0,0
pc-091e25fb-1902,urzeitliche_kolosse__mit_pc,control,1,0,0,6,0,10,7,19,0,7,6,4,0,0
pc-8fd0d53d-1903,rudeljaeger__ohne_pc,control,0,1,1,7,4,10,10,24,0,10,6,11,0,0
pc-8fd0d53d-1903,urzeitliche_kolosse__mit_pc,control,1,0,0,7,-1,13,8,27,1,7,7,6,0,0
pc-fbb8e775-1904,rudeljaeger__ohne_pc,control,0,0,1,12,0,17,15,41,26,14,10,7,0,3
pc-fbb8e775-1904,urzeitliche_kolosse__mit_pc,control,1,1,0,12,3,18,15,64,11,14,13,10,0,2
pc-826b96b8-1905,rudeljaeger__ohne_pc,control,0,0,1,9,-1,12,12,27,10,10,3,8,0,0
pc-826b96b8-1905,urzeitliche_kolosse__mit_pc,control,1,1,0,9,2,15,8,33,3,8,10,11,0,0
pc-ee53a8f0-1906,rudeljaeger__ohne_pc,control,0,1,1,6,2,10,5,18,1,5,3,11,0,0
pc-ee53a8f0-1906,urzeitliche_kolosse__mit_pc,control,1,0,0,6,-1,11,6,20,0,6,2,8,0,2
pc-75065833-1907,rudeljaeger__ohne_pc,control,0,1,1,13,5,18,16,42,40,15,14,11,0,1
pc-75065833-1907,urzeitliche_kolosse__mit_pc,control,1,0,0,13,-1,19,16,64,22,15,13,5,0,2
pc-e0ee6a6b-1908,rudeljaeger__ohne_pc,control,0,0,1,5,-1,9,6,15,0,5,1,5,0,0
pc-e0ee6a6b-1908,urzeitliche_kolosse__mit_pc,control,1,1,0,5,5,9,5,14,1,5,3,11,0,0
pc-67a119ae-1909,rudeljaeger__ohne_pc,control,0,0,1,8,-1,11,11,29,5,9,6,8,0,1
pc-67a119ae-1909,urzeitliche_kolosse__mit_pc,control,1,1,0,8,2,13,9,36,0,9,6,11,0,0
pc-d3892be6-1910,rudeljaeger__ohne_pc,control,0,0,1,10,0,14,13,30,18,12,5,9,0,0
pc-d3892be6-1910,urzeitliche_kolosse__mit_pc,control,1,1,0,10,1,15,10,43,11,10,10,10,0,3
pc-5a3bdb29-1911,rudeljaeger__ohne_pc,control,0,0,1,8,0,12,9,27,8,8,2,7,0,0
pc-5a3bdb29-1911,urzeitliche_kolosse__mit_pc,control,1,1,0,8,3,14,7,32,4,6,5,10,0,0
pc-c623ed61-1912,rudeljaeger__ohne_pc,control,0,1,1,7,4,11,10,24,3,8,3,12,0,0
pc-c623ed61-1912,urzeitliche_kolosse__mit_pc,control,1,0,0,7,-2,12,7,26,2,6,6,6,0,0
pc-4cd69ca4-1913,rudeljaeger__ohne_pc,control,0,0,1,6,-1,10,7,15,1,7,3,7,0,0
pc-4cd69ca4-1913,urzeitliche_kolosse__mit_pc,control,1,1,0,6,3,10,6,21,0,6,6,11,0,0
pc-b8beaedc-1914,rudeljaeger__ohne_pc,control,0,1,1,5,7,10,6,15,0,6,2,12,0,0
pc-b8beaedc-1914,urzeitliche_kolosse__mit_pc,control,1,0,0,5,-2,11,5,14,1,5,4,3,0,0
pc-3f715e1f-1915,rudeljaeger__ohne_pc,control,0,1,1,9,1,13,11,31,8,11,6,13,0,1
pc-3f715e1f-1915,urzeitliche_kolosse__mit_pc,control,1,0,0,9,-3,14,9,41,2,9,8,9,0,3
pc-81ad78a8-1916,rudeljaeger__ohne_pc,control,0,0,1,9,-1,13,12,34,4,11,7,8,0,1
pc-81ad78a8-1916,urzeitliche_kolosse__mit_pc,control,1,1,0,9,2,12,10,42,1,10,9,11,0,1
pc-086007eb-1917,rudeljaeger__ohne_pc,control,0,1,1,8,2,12,9,28,3,9,4,10,0,1
pc-086007eb-1917,urzeitliche_kolosse__mit_pc,control,1,0,0,8,0,12,9,34,1,8,5,8,0,0
pc-74483a23-1918,rudeljaeger__ohne_pc,control,0,1,1,7,2,11,10,27,0,9,5,11,0,0
pc-74483a23-1918,urzeitliche_kolosse__mit_pc,control,1,0,0,7,-1,11,8,26,2,8,4,8,0,0
pc-fafac965-1919,rudeljaeger__ohne_pc,control,0,1,1,9,2,15,12,35,7,12,5,11,0,1
pc-fafac965-1919,urzeitliche_kolosse__mit_pc,control,1,0,0,9,-1,14,8,35,9,8,12,8,0,3
pc-66e2fb9e-1920,rudeljaeger__ohne_pc,control,0,0,1,9,0,13,8,23,13,8,4,9,0,0
pc-66e2fb9e-1920,urzeitliche_kolosse__mit_pc,control,1,1,0,9,1,14,9,31,5,8,5,10,0,0
pc-ed958ae0-1921,rudeljaeger__ohne_pc,control,0,1,1,6,5,9,7,17,3,7,3,12,0,0
pc-ed958ae0-1921,urzeitliche_kolosse__mit_pc,control,1,0,0,6,-2,11,6,17,1,5,5,5,0,0
pc-597dbd19-1922,rudeljaeger__ohne_pc,control,0,0,1,10,-3,15,14,36,16,12,8,4,0,0
pc-597dbd19-1922,urzeitliche_kolosse__mit_pc,control,1,1,0,10,6,15,13,46,4,12,10,13,0,0
pc-e0304c5b-1923,rudeljaeger__ohne_pc,control,0,1,1,4,10,9,4,10,0,4,1,10,0,0
pc-e0304c5b-1923,urzeitliche_kolosse__mit_pc,control,1,0,0,4,0,10,3,9,1,3,2,0,0,0
pc-4c187e94-1924,rudeljaeger__ohne_pc,control,0,1,1,9,4,14,13,40,5,13,7,10,0,0
pc-4c187e94-1924,urzeitliche_kolosse__mit_pc,control,1,0,0,9,0,14,9,35,3,8,10,6,0,2
pc-d2cb0dd6-1925,rudeljaeger__ohne_pc,control,0,0,1,15,0,19,19,49,57,17,12,8,0,2
pc-d2cb0dd6-1925,urzeitliche_kolosse__mit_pc,control,1,1,0,15,1,21,17,70,48,16,16,9,0,4
pc-3eb3200f-1926,rudeljaeger__ohne_pc,control,0,1,1,9,3,14,12,26,13,11,7,10,0,0
pc-3eb3200f-1926,urzeitliche_kolosse__mit_pc,control,1,0,0,9,0,14,12,38,6,11,8,7,0,0
pc-c565cf51-1927,rudeljaeger__ohne_pc,control,0,1,1,6,10,10,8,21,0,8,1,14,0,0
pc-c565cf51-1927,urzeitliche_kolosse__mit_pc,control,1,0,0,6,-4,12,5,18,3,4,3,0,0,0
pc-314de18a-1928,rudeljaeger__ohne_pc,control,0,1,1,7,3,11,7,21,2,7,3,11,0,0
pc-314de18a-1928,urzeitliche_kolosse__mit_pc,control,1,0,0,7,-1,13,6,25,3,6,5,7,0,5
pc-b80090cc-1929,rudeljaeger__ohne_pc,control,0,0,1,7,0,11,10,24,1,8,5,5,0,0
pc-b80090cc-1929,urzeitliche_kolosse__mit_pc,control,1,1,0,7,5,10,8,25,3,7,7,10,0,1
pc-23e8a305-1930,rudeljaeger__ohne_pc,control,0,0,1,9,-1,12,11,25,11,10,6,6,0,0
pc-23e8a305-1930,urzeitliche_kolosse__mit_pc,control,1,1,0,9,4,15,8,34,2,8,7,11,0,2
pc-aa9b5247-1931,rudeljaeger__ohne_pc,control,0,1,1,5,4,9,7,15,0,7,1,10,0,0
pc-aa9b5247-1931,urzeitliche_kolosse__mit_pc,control,1,0,0,5,0,11,4,14,1,4,6,6,0,0
pc-402f7c2f-1932,rudeljaeger__ohne_pc,control,0,1,1,4,5,8,4,8,1,4,0,12,0,0
pc-402f7c2f-1932,urzeitliche_kolosse__mit_pc,control,1,0,0,4,-2,10,2,7,3,2,0,5,0,0
pc-c6e20b71-1933,rudeljaeger__ohne_pc,control,0,0,1,4,0,7,4,8,2,4,2,6,0,0
pc-c6e20b71-1933,urzeitliche_kolosse__mit_pc,control,1,1,0,4,4,8,4,9,0,4,1,10,0,0
pc-32ca3daa-1934,rudeljaeger__ohne_pc,control,0,1,1,4,3,8,4,10,0,3,1,10,0,0
pc-32ca3daa-1934,urzeitliche_kolosse__mit_pc,control,1,0,0,4,0,9,3,8,2,3,1,7,0,0
pc-b97cccec-1935,rudeljaeger__ohne_pc,control,0,0,1,9,-1,14,13,32,8,12,3,8,0,0
pc-b97cccec-1935,urzeitliche_kolosse__mit_pc,control,1,1,0,9,2,15,9,36,6,8,10,11,0,0
pc-2564ff25-1936,rudeljaeger__ohne_pc,control,0,1,1,8,3,12,11,28,2,11,6,11,0,0
pc-2564ff25-1936,urzeitliche_kolosse__mit_pc,control,1,0,0,8,-1,14,9,33,3,8,7,7,0,0
pc-ac178e67-1937,rudeljaeger__ohne_pc,control,0,1,1,5,1,10,8,15,0,8,1,11,0,0
pc-ac178e67-1937,urzeitliche_kolosse__mit_pc,control,1,0,0,5,-1,11,4,13,2,4,6,9,0,0
pc-17ffa0a0-1938,rudeljaeger__ohne_pc,control,0,1,1,7,4,12,10,22,2,8,5,10,0,0
pc-17ffa0a0-1938,urzeitliche_kolosse__mit_pc,control,1,0,0,7,0,12,7,24,4,7,6,6,0,0
pc-9eb24fe2-1939,rudeljaeger__ohne_pc,control,0,0,1,9,0,14,11,31,10,10,7,9,0,2
pc-9eb24fe2-1939,urzeitliche_kolosse__mit_pc,control,1,1,0,9,1,14,11,42,3,11,6,10,0,3
pc-0a9a621b-1940,rudeljaeger__ohne_pc,control,0,0,1,7,-1,10,9,27,1,8,2,7,0,0
pc-0a9a621b-1940,urzeitliche_kolosse__mit_pc,control,1,1,0,7,3,13,7,25,2,7,7,11,0,2
pc-914d115d-1941,rudeljaeger__ohne_pc,control,0,1,1,5,5,10,4,14,1,4,2,10,0,0
pc-914d115d-1941,urzeitliche_kolosse__mit_pc,control,1,0,0,5,0,10,5,14,1,5,1,5,0,0
pc-fd352395-1942,rudeljaeger__ohne_pc,control,0,0,1,12,0,16,15,40,27,14,10,7,0,2
pc-fd352395-1942,urzeitliche_kolosse__mit_pc,control,1,1,0,12,3,18,15,54,15,14,12,10,0,1
pc-83e7d2d8-1943,rudeljaeger__ohne_pc,control,0,0,1,10,-4,15,14,39,12,13,5,9,0,1
pc-83e7d2d8-1943,urzeitliche_kolosse__mit_pc,control,1,1,0,10,1,15,9,39,6,8,9,14,0,0
pc-efcfe510-1944,rudeljaeger__ohne_pc,control,0,0,1,9,-1,13,10,32,9,9,5,9,0,0
pc-efcfe510-1944,urzeitliche_kolosse__mit_pc,control,1,1,0,9,1,14,9,39,5,9,6,11,0,2
pc-76829453-1945,rudeljaeger__ohne_pc,control,0,1,1,7,4,11,7,23,2,6,3,14,0,1
pc-76829453-1945,urzeitliche_kolosse__mit_pc,control,1,0,0,7,-4,12,7,25,3,7,1,6,0,2
pc-e26aa68b-1946,rudeljaeger__ohne_pc,control,0,1,1,6,7,11,6,17,0,6,2,10,0,1
pc-e26aa68b-1946,urzeitliche_kolosse__mit_pc,control,1,0,0,6,0,12,4,15,5,4,4,3,0,0
pc-691d55ce-1947,rudeljaeger__ohne_pc,control,0,1,1,7,1,11,10,27,0,10,4,10,0,1
pc-691d55ce-1947,urzeitliche_kolosse__mit_pc,control,1,0,0,7,0,12,7,26,2,7,7,9,0,0
pc-ab597057-1948,rudeljaeger__ohne_pc,control,0,1,1,7,7,12,8,25,2,8,4,12,0,1
pc-ab597057-1948,urzeitliche_kolosse__mit_pc,control,1,0,0,7,-2,12,7,25,3,7,4,3,0,0
pc-320c1f9a-1949,rudeljaeger__ohne_pc,control,0,0,1,9,-2,14,9,26,13,8,4,7,0,2
pc-320c1f9a-1949,urzeitliche_kolosse__mit_pc,control,1,1,0,9,3,13,10,35,5,9,5,12,0,1
pc-5ea3541a-1950,rudeljaeger__ohne_pc,control,0,1,0,5,5,9,6,11,0,6,2,11,0,0
pc-5ea3541a-1950,urzeitliche_kolosse__mit_pc,control,1,0,1,5,-1,10,5,13,2,5,5,5,0,0
pc-d7f0a4d7-1951,rudeljaeger__ohne_pc,control,0,0,0,4,0,7,3,9,1,3,1,2,0,0
pc-d7f0a4d7-1951,urzeitliche_kolosse__mit_pc,control,1,1,1,4,8,9,4,9,1,4,1,10,0,0
pc-6c08929f-1952,rudeljaeger__ohne_pc,control,0,0,0,9,-2,12,11,33,5,10,5,8,0,2
pc-6c08929f-1952,urzeitliche_kolosse__mit_pc,control,1,1,1,9,2,13,10,33,3,10,7,12,0,1
pc-e555e35c-1953,rudeljaeger__ohne_pc,control,0,1,0,11,3,16,15,41,18,13,10,10,0,1
pc-e555e35c-1953,urzeitliche_kolosse__mit_pc,control,1,0,1,11,0,16,14,57,8,13,10,7,0,1
pc-796dd124-1954,rudeljaeger__ohne_pc,control,0,0,0,6,0,10,6,18,2,6,3,2,0,1
pc-796dd124-1954,urzeitliche_kolosse__mit_pc,control,1,1,1,6,8,11,7,16,2,6,4,10,0,0
pc-f2bb21e1-1955,rudeljaeger__ohne_pc,control,0,1,0,8,10,13,9,29,4,9,5,10,0,0
pc-f2bb21e1-1955,urzeitliche_kolosse__mit_pc,control,1,0,1,8,0,14,7,32,4,7,4,0,0,1
pc-86d30fa9-1956,rudeljaeger__ohne_pc,control,0,0,0,7,-2,11,10,21,4,9,3,7,0,0
pc-86d30fa9-1956,urzeitliche_kolosse__mit_pc,control,1,1,1,7,3,12,7,25,3,7,8,12,0,0
pc-00206067-1957,rudeljaeger__ohne_pc,control,0,0,0,6,-1,10,7,18,3,7,1,8,0,0
pc-00206067-1957,urzeitliche_kolosse__mit_pc,control,1,1,1,6,2,12,5,16,3,4,4,11,0,0
pc-94384e2e-1958,rudeljaeger__ohne_pc,control,0,1,0,8,6,14,11,29,4,9,6,10,0,0
pc-94384e2e-1958,urzeitliche_kolosse__mit_pc,control,1,0,1,8,0,13,9,34,0,9,4,4,0,3
pc-0d85beec-1959,rudeljaeger__ohne_pc,control,0,0,0,6,-1,10,8,18,3,7,3,7,0,0
pc-0d85beec-1959,urzeitliche_kolosse__mit_pc,control,1,1,1,6,3,10,6,18,1,6,7,11,0,1
pc-a19d8cb3-1960,rudeljaeger__ohne_pc,control,0,0,0,12,-4,16,14,34,35,12,8,8,0,1
pc-a19d8cb3-1960,urzeitliche_kolosse__mit_pc,control,1,1,1,12,2,18,13,55,15,12,8,14,0,3
pc-1aeafd71-1961,rudeljaeger__ohne_pc,control,0,0,0,11,-1,15,14,36,23,12,7,4,0,1
pc-1aeafd71-1961,urzeitliche_kolosse__mit_pc,control,1,1,1,11,6,16,13,50,9,12,13,11,0,0
pc-af02cb38-1962,rudeljaeger__ohne_pc,control,0,1,0,8,1,13,11,24,6,9,5,10,0,0
pc-af02cb38-1962,urzeitliche_kolosse__mit_pc,control,1,0,1,8,0,14,8,31,5,8,7,9,0,0
pc-28503bf6-1963,rudeljaeger__ohne_pc,control,0,1,0,7,3,11,9,22,1,8,4,10,0,0
pc-28503bf6-1963,urzeitliche_kolosse__mit_pc,control,1,0,1,7,0,11,7,26,2,7,5,7,0,1
pc-bc6809bd-1964,rudeljaeger__ohne_pc,control,0,0,0,6,-2,11,7,19,1,7,2,9,0,0
pc-bc6809bd-1964,urzeitliche_kolosse__mit_pc,control,1,1,1,6,1,12,5,16,2,5,5,12,0,0
pc-35b57a7b-1965,rudeljaeger__ohne_pc,control,0,0,0,9,0,13,12,28,10,10,7,9,0,0
pc-35b57a7b-1965,urzeitliche_kolosse__mit_pc,control,1,1,1,9,1,14,11,41,3,11,8,10,0,1
pc-f3795ff1-1966,rudeljaeger__ohne_pc,control,0,1,0,6,10,12,9,18,1,8,2,10,0,0
pc-f3795ff1-1966,urzeitliche_kolosse__mit_pc,control,1,0,1,6,0,11,4,18,3,4,3,0,0,0
pc-6cc6b0af-1967,rudeljaeger__ohne_pc,control,0,0,0,9,-2,13,13,28,12,11,5,8,0,0
pc-6cc6b0af-1967,urzeitliche_kolosse__mit_pc,control,1,1,1,9,2,16,8,42,3,8,8,12,0,0
pc-00de9e77-1968,rudeljaeger__ohne_pc,control,0,0,0,8,-1,12,11,27,3,10,4,8,0,0
pc-00de9e77-1968,urzeitliche_kolosse__mit_pc,control,1,1,1,8,2,11,9,32,4,8,7,11,0,0
pc-7a2bef34-1969,rudeljaeger__ohne_pc,control,0,1,0,5,4,8,6,15,0,6,0,11,0,0
pc-7a2bef34-1969,urzeitliche_kolosse__mit_pc,control,1,0,1,5,-1,11,3,12,3,3,4,6,0,0
pc-0e43dcfc-1970,rudeljaeger__ohne_pc,control,0,1,0,11,2,14,14,35,23,13,10,11,0,0
pc-0e43dcfc-1970,urzeitliche_kolosse__mit_pc,control,1,0,1,11,-1,17,14,58,4,13,11,8,0,3
pc-87912db9-1971,rudeljaeger__ohne_pc,control,0,1,0,4,6,9,6,9,0,6,2,10,0,0
pc-87912db9-1971,urzeitliche_kolosse__mit_pc,control,1,0,1,4,0,8,4,9,1,4,1,4,0,0
pc-1ba91b81-1972,rudeljaeger__ohne_pc,control,0,0,0,7,0,12,9,21,3,7,3,6,0,0
pc-1ba91b81-1972,urzeitliche_kolosse__mit_pc,control,1,1,1,7,4,13,7,24,4,6,2,10,0,0
pc-94f66c3e-1973,rudeljaeger__ohne_pc,control,0,1,0,4,10,9,4,9,0,4,0,10,0,0
pc-94f66c3e-1973,urzeitliche_kolosse__mit_pc,control,1,0,1,4,0,8,2,6,3,2,1,0,0,0
pc-290e5a06-1974,rudeljaeger__ohne_pc,control,0,1,0,4,6,7,5,9,0,4,3,11,0,0
pc-290e5a06-1974,urzeitliche_kolosse__mit_pc,control,1,0,1,4,-1,10,4,8,2,3,1,4,0,0
pc-a25baac3-1975,rudeljaeger__ohne_pc,control,0,1,0,5,10,8,5,12,0,5,1,11,0,0
pc-a25baac3-1975,urzeitliche_kolosse__mit_pc,control,1,0,1,5,-1,11,2,9,6,2,1,0,0,0
pc-3673988b-1976,rudeljaeger__ohne_pc,control,0,0,0,5,-1,10,8,15,0,7,2,4,0,0
pc-3673988b-1976,urzeitliche_kolosse__mit_pc,control,1,1,1,5,6,9,6,13,1,6,4,11,0,0
pc-afc0e948-1977,rudeljaeger__ohne_pc,control,0,1,0,8,4,14,9,28,2,8,3,12,0,0
pc-afc0e948-1977,urzeitliche_kolosse__mit_pc,control,1,0,1,8,-2,15,7,31,5,7,4,6,0,0
pc-43d8d710-1978,rudeljaeger__ohne_pc,control,0,0,0,8,-1,13,11,30,4,10,3,7,0,0
pc-43d8d710-1978,urzeitliche_kolosse__mit_pc,control,1,1,1,8,3,12,8,34,2,8,8,11,0,2
pc-bd2627cd-1979,rudeljaeger__ohne_pc,control,0,0,0,11,0,15,14,34,23,13,9,7,0,2
pc-bd2627cd-1979,urzeitliche_kolosse__mit_pc,control,1,1,1,11,3,17,14,53,9,13,11,10,0,2
pc-513e1595-1980,rudeljaeger__ohne_pc,control,0,0,0,9,0,14,13,34,8,12,3,6,0,0
pc-513e1595-1980,urzeitliche_kolosse__mit_pc,control,1,1,1,9,4,15,8,40,4,8,11,10,0,0
pc-ca8b6652-1981,rudeljaeger__ohne_pc,control,0,0,0,8,0,13,11,26,5,9,4,7,0,1
pc-ca8b6652-1981,urzeitliche_kolosse__mit_pc,control,1,1,1,8,3,13,8,35,1,7,6,10,0,0
pc-884f4bc9-1982,rudeljaeger__ohne_pc,control,0,1,0,8,2,13,11,29,1,10,5,11,0,0
pc-884f4bc9-1982,urzeitliche_kolosse__mit_pc,control,1,0,1,8,-1,13,8,30,5,7,8,8,0,0
pc-019cbc87-1983,rudeljaeger__ohne_pc,control,0,0,0,8,0,11,10,29,2,9,5,9,0,0
pc-019cbc87-1983,urzeitliche_kolosse__mit_pc,control,1,1,1,8,1,13,9,35,1,9,6,10,0,0
pc-95b48a4e-1984,rudeljaeger__ohne_pc,control,0,1,0,10,5,16,14,36,15,12,8,11,0,0
pc-95b48a4e-1984,urzeitliche_kolosse__mit_pc,control,1,0,1,10,-1,15,13,43,5,12,9,5,0,3
pc-0f01fb0c-1985,rudeljaeger__ohne_pc,control,0,0,0,9,-3,15,10,28,8,9,6,7,0,2
pc-0f01fb0c-1985,urzeitliche_kolosse__mit_pc,control,1,1,1,9,3,15,10,42,2,9,5,13,0,0
pc-a319c8d3-1986,rudeljaeger__ohne_pc,control,0,0,0,8,0,13,12,27,2,10,5,6,0,0
pc-a319c8d3-1986,urzeitliche_kolosse__mit_pc,control,1,1,1,8,4,13,9,33,3,8,10,10,0,1
pc-1c673991-1987,rudeljaeger__ohne_pc,control,0,1,0,6,7,11,7,21,0,7,2,14,0,0
pc-1c673991-1987,urzeitliche_kolosse__mit_pc,control,1,0,1,6,-4,12,4,17,3,4,4,3,0,0
pc-b07f0758-1988,rudeljaeger__ohne_pc,control,0,1,0,7,2,10,9,24,3,9,2,11,0,0
pc-b07f0758-1988,urzeitliche_kolosse__mit_pc,control,1,0,1,7,-1,13,6,23,3,5,4,8,0,2
pc-29cc7816-1989,rudeljaeger__ohne_pc,control,0,0,0,11,-3,16,15,41,16,13,6,7,0,0
pc-29cc7816-1989,urzeitliche_kolosse__mit_pc,control,1,1,1,11,3,16,12,45,20,11,13,13,0,0
pc-bde445dd-1990,rudeljaeger__ohne_pc,control,0,0,0,9,0,14,13,33,7,12,6,8,0,0
pc-bde445dd-1990,urzeitliche_kolosse__mit_pc,control,1,1,1,9,2,14,11,42,2,10,10,10,0,3
pc-3731b69b-1991,rudeljaeger__ohne_pc,control,0,1,0,7,4,11,8,24,3,7,8,11,0,0
pc-3731b69b-1991,urzeitliche_kolosse__mit_pc,control,1,0,1,7,-1,13,9,25,2,9,3,6,0,0
pc-cb498462-1992,rudeljaeger__ohne_pc,control,0,0,0,9,-3,12,12,32,10,12,5,8,0,0
pc-cb498462-1992,urzeitliche_kolosse__mit_pc,control,1,1,1,9,2,15,10,43,2,10,11,13,0,0
pc-4496f520-1993,rudeljaeger__ohne_pc,control,0,1,0,9,1,13,13,33,7,11,5,10,0,1
pc-4496f520-1993,urzeitliche_kolosse__mit_pc,control,1,0,1,9,0,15,9,39,5,9,8,9,0,3
pc-d8aec2e7-1994,rudeljaeger__ohne_pc,control,0,1,0,13,6,18,16,45,33,14,11,10,0,1
pc-d8aec2e7-1994,urzeitliche_kolosse__mit_pc,control,1,0,1,13,0,18,16,63,23,15,11,4,0,5
pc-51fc33a5-1995,rudeljaeger__ohne_pc,control,0,0,0,9,0,14,12,35,5,11,4,7,0,0
pc-51fc33a5-1995,urzeitliche_kolosse__mit_pc,control,1,1,1,9,3,15,10,38,3,9,8,10,0,0
pc-e614016c-1996,rudeljaeger__ohne_pc,control,0,1,0,6,2,9,6,18,2,5,5,10,0,1
pc-e614016c-1996,urzeitliche_kolosse__mit_pc,control,1,0,1,6,0,9,7,17,2,7,1,8,0,0
pc-5f61722a-1997,rudeljaeger__ohne_pc,control,0,0,0,7,-1,11,7,24,4,7,2,2,0,0
pc-5f61722a-1997,urzeitliche_kolosse__mit_pc,control,1,1,1,7,8,13,6,27,1,6,4,11,0,0
pc-1d2557a1-1998,rudeljaeger__ohne_pc,control,0,1,0,4,7,10,4,9,0,4,0,10,0,0
pc-1d2557a1-1998,urzeitliche_kolosse__mit_pc,control,1,0,1,4,0,7,2,6,3,2,2,3,0,0
pc-9672a85e-1999,rudeljaeger__ohne_pc,control,0,0,0,8,0,11,7,18,12,6,5,6,0,0
pc-9672a85e-1999,urzeitliche_kolosse__mit_pc,control,1,1,1,8,4,14,8,31,4,8,3,10,0,1
pc-05e29c33-2000,solidaritaet_ueberleben__ohne_pc,control,0,0,1,9,-2,13,9,31,7,8,6,7,0,0
pc-05e29c33-2000,urzeitliche_kolosse__ohne_pc,control,1,1,0,9,3,15,9,36,5,9,3,12,0,2
pc-7f2fecf0-2001,solidaritaet_ueberleben__ohne_pc,control,0,0,1,9,-1,15,8,31,5,8,5,7,0,0
pc-7f2fecf0-2001,urzeitliche_kolosse__ohne_pc,control,1,1,0,9,3,13,9,29,7,8,3,11,0,2
pc-f87d5dad-2002,solidaritaet_ueberleben__ohne_pc,control,0,0,1,6,0,9,6,20,1,6,3,1,0,0
pc-f87d5dad-2002,urzeitliche_kolosse__ohne_pc,control,1,1,0,6,9,11,7,20,0,7,3,10,0,3
pc-71caae6b-2003,solidaritaet_ueberleben__ohne_pc,control,0,0,1,6,0,9,5,19,2,5,2,6,0,0
pc-71caae6b-2003,urzeitliche_kolosse__ohne_pc,control,1,1,0,6,4,11,6,18,1,5,1,10,0,0
pc-20ad193d-2004,solidaritaet_ueberleben__ohne_pc,control,0,1,1,7,8,13,6,18,3,6,5,10,0,0
pc-20ad193d-2004,urzeitliche_kolosse__ohne_pc,control,1,0,0,7,0,12,9,26,2,7,1,2,0,0
pc-99fa69fa-2005,solidaritaet_ueberleben__ohne_pc,control,0,1,1,10,4,17,14,44,9,13,7,11,0,0
pc-99fa69fa-2005,urzeitliche_kolosse__ohne_pc,control,1,0,0,10,-1,14,13,44,10,11,11,6,0,2
pc-1347dab8-2006,solidaritaet_ueberleben__ohne_pc,control,0,0,1,5,0,9,6,14,0,6,1,0,0,0
pc-1347dab8-2006,urzeitliche_kolosse__ohne_pc,control,1,1,0,5,10,10,5,14,1,5,3,10,0,0
pc-8c952b75-2007,solidaritaet_ueberleben__ohne_pc,control,0,1,1,13,1,18,15,43,35,14,10,10,0,0
pc-8c952b75-2007,urzeitliche_kolosse__ohne_pc,control,1,0,0,13,0,18,16,53,29,14,10,9,0,1
pc-3b779647-2008,solidaritaet_ueberleben__ohne_pc,control,0,0,1,8,0,11,8,30,4,8,3,2,0,0
pc-3b779647-2008,urzeitliche_kolosse__ohne_pc,control,1,1,0,8,8,12,6,29,7,6,6,10,0,0
pc-b4c4e704-2009,solidaritaet_ueberleben__ohne_pc,control,0,1,1,8,3,12,11,29,3,10,3,10,0,0
pc-b4c4e704-2009,urzeitliche_kolosse__ohne_pc,control,1,0,0,8,0,12,6,17,11,5,10,7,0,0
pc-2e1257c2-2010,solidaritaet_ueberleben__ohne_pc,control,0,1,1,7,6,11,7,22,2,7,4,12,0,0
pc-2e1257c2-2010,urzeitliche_kolosse__ohne_pc,control,1,0,0,7,-2,12,6,24,4,6,4,4,0,0
pc-a75fa87f-2011,solidaritaet_ueberleben__ohne_pc,control,0,1,1,8,1,14,11,32,4,11,5,10,1,0
pc-a75fa87f-2011,urzeitliche_kolosse__ohne_pc,control,1,0,0,8,0,13,9,28,2,7,6,9,0,0
pc-56421351-2012,solidaritaet_ueberleben__ohne_pc,control,0,1,1,7,1,12,8,27,1,8,3,14,0,0
pc-56421351-2012,urzeitliche_kolosse__ohne_pc,control,1,0,0,7,-4,12,8,25,3,7,4,9,0,0
pc-cf8f640e-2013,solidaritaet_ueberleben__ohne_pc,control,0,0,1,8,0,12,10,35,1,9,6,2,0,0
pc-cf8f640e-2013,urzeitliche_kolosse__ohne_pc,control,1,1,0,8,8,13,9,32,3,9,7,10,0,0
pc-48dcd4cc-2014,solidaritaet_ueberleben__ohne_pc,control,0,0,1,6,-4,9,6,17,3,6,3,9,0,0
pc-48dcd4cc-2014,urzeitliche_kolosse__ohne_pc,control,1,1,0,6,1,12,7,17,0,5,2,14,0,0
pc-c22a2589-2015,solidaritaet_ueberleben__ohne_pc,control,0,0,1,10,-2,16,13,43,8,12,4,6,0,0
pc-c22a2589-2015,urzeitliche_kolosse__ohne_pc,control,1,1,0,10,4,14,10,35,12,9,7,12,0,0
pc-710c905b-2016,solidaritaet_ueberleben__ohne_pc,control,0,0,1,8,-1,13,9,33,1,9,4,4,0,0
pc-710c905b-2016,urzeitliche_kolosse__ohne_pc,control,1,1,0,8,6,13,7,31,4,7,6,11,0,0
pc-ea59e118-2017,solidaritaet_ueberleben__ohne_pc,control,0,0,1,9,-1,14,11,34,9,10,3,5,0,0
pc-ea59e118-2017,urzeitliche_kolosse__ohne_pc,control,1,1,0,9,5,15,9,39,5,8,6,11,0,2
pc-63a751d6-2018,solidaritaet_ueberleben__ohne_pc,control,0,0,1,3,-1,8,2,5,1,2,0,1,0,0
pc-63a751d6-2018,urzeitliche_kolosse__ohne_pc,control,1,1,0,3,9,8,3,6,0,2,0,11,0,0
pc-dcf4a293-2019,solidaritaet_ueberleben__ohne_pc,control,0,1,1,12,1,18,15,46,22,15,11,10,0,0
pc-dcf4a293-2019,urzeitliche_kolosse__ohne_pc,control,1,0,0,12,0,18,15,52,16,13,14,9,0,6
pc-8bd70d65-2020,solidaritaet_ueberleben__ohne_pc,control,0,0,1,9,0,15,12,35,7,11,6,9,0,0
pc-8bd70d65-2020,urzeitliche_kolosse__ohne_pc,control,1,1,0,9,1,14,12,38,3,11,8,10,0,2
pc-05247e23-2021,solidaritaet_ueberleben__ohne_pc,control,0,0,1,9,-2,14,12,40,2,11,6,0,0,0
pc-05247e23-2021,urzeitliche_kolosse__ohne_pc,control,1,1,0,9,10,15,12,39,3,10,8,12,0,2
pc-7e71cee0-2022,solidaritaet_ueberleben__ohne_pc,control,0,0,1,9,-3,15,11,35,3,11,5,6,0,0
pc-7e71cee0-2022,urzeitliche_kolosse__ohne_pc,control,1,1,0,9,4,13,10,39,4,9,6,13,0,0
pc-f7bf3f9d-2023,solidaritaet_ueberleben__ohne_pc,control,0,1,1,8,4,12,9,30,2,8,5,16,0,0
pc-f7bf3f9d-2023,urzeitliche_kolosse__ohne_pc,control,1,0,0,8,-6,13,8,30,6,8,5,6,0,0
pc-a6a18a6f-2024,solidaritaet_ueberleben__ohne_pc,control,0,0,1,9,-4,13,9,31,5,8,7,8,0,0
pc-a6a18a6f-2024,urzeitliche_kolosse__ohne_pc,control,1,1,0,9,2,13,9,31,5,9,4,14,0,1
pc-1feefb2d-2025,solidaritaet_ueberleben__ohne_pc,control,0,1,1,8,1,13,8,28,3,8,2,10,0,0
pc-1feefb2d-2025,urzeitliche_kolosse__ohne_pc,control,1,0,0,8,0,13,7,27,9,6,5,9,0,2
pc-993c4bea-2026,solidaritaet_ueberleben__ohne_pc,control,0,1,1,9,3,15,9,30,6,8,9,10,0,0
pc-993c4bea-2026,urzeitliche_kolosse__ohne_pc,control,1,0,0,9,0,13,12,39,4,11,3,7,0,2
pc-1289bca8-2027,solidaritaet_ueberleben__ohne_pc,control,0,0,1,9,0,13,12,35,6,11,4,2,0,0
pc-1289bca8-2027,urzeitliche_kolosse__ohne_pc,control,1,1,0,9,8,14,11,40,4,9,6,10,0,1
pc-c16c0779-2028,solidaritaet_ueberleben__ohne_pc,control,0,1,1,12,6,19,14,49,21,13,9,13,0,0
pc-c16c0779-2028,urzeitliche_kolosse__ohne_pc,control,1,0,0,12,-3,16,15,46,22,13,9,4,0,4
pc-3ab97837-2029,solidaritaet_ueberleben__ohne_pc,control,0,1,1,6,3,10,5,19,2,5,2,10,0,0
pc-3ab97837-2029,urzeitliche_kolosse__ohne_pc,control,1,0,0,6,0,11,7,20,1,5,2,7,0,1
pc-b406c8f4-2030,solidaritaet_ueberleben__ohne_pc,control,0,1,1,9,5,13,8,27,9,8,7,12,0,0
pc-b406c8f4-2030,urzeitliche_kolosse__ohne_pc,control,1,0,0,9,-2,14,11,39,6,10,4,5,0,1
pc-2d5439b2-2031,solidaritaet_ueberleben__ohne_pc,control,0,0,1,6,-2,11,7,20,1,7,2,1,0,0
pc-2d5439b2-2031,urzeitliche_kolosse__ohne_pc,control,1,1,0,6,9,11,7,21,0,6,3,12,0,0
pc-dc368483-2032,solidaritaet_ueberleben__ohne_pc,control,0,0,1,7,0,11,8,25,2,8,3,6,0,0
pc-dc368483-2032,urzeitliche_kolosse__ohne_pc,control,1,1,0,7,4,12,8,26,2,8,6,10,0,1
pc-5583f541-2033,solidaritaet_ueberleben__ohne_pc,control,0,0,1,16,-2,20,19,61,62,18,8,8,0,0
pc-5583f541-2033,urzeitliche_kolosse__ohne_pc,control,1,1,0,16,1,20,15,58,70,13,14,11,0,3
pc-ced145fe-2034,solidaritaet_ueberleben__ohne_pc,control,0,1,1,10,1,14,10,37,8,10,7,10,0,0
pc-ced145fe-2034,urzeitliche_kolosse__ohne_pc,control,1,0,0,10,0,15,13,38,12,11,6,9,0,0
pc-481eb6bc-2035,solidaritaet_ueberleben__ohne_pc,control,0,1,1,10,4,16,13,44,5,12,5,13,1,0
pc-481eb6bc-2035,urzeitliche_kolosse__ohne_pc,control,1,0,0,10,-3,14,11,43,11,9,8,6,0,2
pc-f701018d-2036,solidaritaet_ueberleben__ohne_pc,control,0,1,1,12,2,18,12,37,29,12,7,10,1,0
pc-f701018d-2036,urzeitliche_kolosse__ohne_pc,control,1,0,0,12,0,16,14,51,15,12,7,8,0,0
pc-704e724b-2037,solidaritaet_ueberleben__ohne_pc,control,0,1,1,8,1,14,8,27,8,7,3,10,0,0
pc-704e724b-2037,urzeitliche_kolosse__ohne_pc,control,1,0,0,8,0,14,9,33,2,8,4,9,0,0
pc-e99bc308-2038,solidaritaet_ueberleben__ohne_pc,control,0,1,1,11,3,16,14,42,16,14,9,12,0,0
pc-e99bc308-2038,urzeitliche_kolosse__ohne_pc,control,1,0,0,11,-2,16,14,50,10,12,11,7,0,2
pc-62e933c6-2039,solidaritaet_ueberleben__ohne_pc,control,0,0,1,14,-1,21,18,59,38,17,12,8,0,0
pc-62e933c6-2039,urzeitliche_kolosse__ohne_pc,control,1,1,0,14,2,17,16,63,32,15,15,11,0,6
pc-11cb9e98-2040,solidaritaet_ueberleben__ohne_pc,control,0,1,1,9,1,15,11,33,3,10,5,12,0,0
pc-11cb9e98-2040,urzeitliche_kolosse__ohne_pc,control,1,0,0,9,-2,13,9,36,8,8,8,9,0,3
pc-8b18ef55-2041,solidaritaet_ueberleben__ohne_pc,control,0,0,1,9,-3,14,11,38,5,11,6,8,0,0
pc-8b18ef55-2041,urzeitliche_kolosse__ohne_pc,control,1,1,0,9,2,15,10,35,10,9,9,13,0,0
pc-04664013-2042,solidaritaet_ueberleben__ohne_pc,control,0,0,1,8,-2,13,9,33,3,9,5,8,0,0
pc-04664013-2042,urzeitliche_kolosse__ohne_pc,control,1,1,0,8,2,13,10,35,1,9,6,12,0,3
pc-7db3b0d0-2043,solidaritaet_ueberleben__ohne_pc,control,0,0,1,10,-2,15,11,32,15,10,8,3,0,0
pc-7db3b0d0-2043,urzeitliche_kolosse__ohne_pc,control,1,1,0,10,7,14,13,46,5,12,5,12,0,1
pc-2c961ba2-2044,solidaritaet_ueberleben__ohne_pc,control,0,0,1,7,-2,11,6,17,4,6,2,7,0,0
pc-2c961ba2-2044,urzeitliche_kolosse__ohne_pc,control,1,1,0,7,3,11,6,20,1,5,1,12,0,2
pc-a5e36c5f-2045,solidaritaet_ueberleben__ohne_pc,control,0,1,1,12,1,16,13,38,30,13,11,10,0,0
pc-a5e36c5f-2045,urzeitliche_kolosse__ohne_pc,control,1,0,0,12,0,17,15,48,23,13,10,9,0,1
pc-1f30dd1d-2046,solidaritaet_ueberleben__ohne_pc,control,0,0,1,8,-1,14,8,21,7,7,6,2,1,0
pc-1f30dd1d-2046,urzeitliche_kolosse__ohne_pc,control,1,1,0,8,8,14,10,30,2,9,2,11,0,0
pc-987e2dda-2047,solidaritaet_ueberleben__ohne_pc,control,0,0,1,5,-2,9,5,15,0,5,2,3,0,0
pc-987e2dda-2047,urzeitliche_kolosse__ohne_pc,control,1,1,0,5,7,9,5,13,0,5,3,12,0,1
pc-476098ac-2048,solidaritaet_ueberleben__ohne_pc,control,0,0,1,8,0,12,11,27,6,10,5,2,0,0
pc-476098ac-2048,urzeitliche_kolosse__ohne_pc,control,1,1,0,8,8,13,10,34,2,9,7,10,0,0
pc-c0ade969-2049,solidaritaet_ueberleben__ohne_pc,control,0,1,1,8,3,13,9,31,2,9,4,12,0,0
pc-c0ade969-2049,urzeitliche_kolosse__ohne_pc,control,1,0,0,8,-2,12,8,32,4,7,5,7,0,0
pc-44755bdb-2050,solidaritaet_ueberleben__ohne_pc,control,0,1,0,12,3,16,16,47,23,16,5,15,0,0
pc-44755bdb-2050,urzeitliche_kolosse__ohne_pc,control,1,0,1,12,-5,17,10,38,40,8,15,7,0,1
pc-bdc2ac98-2051,solidaritaet_ueberleben__ohne_pc,control,0,0,0,7,0,12,8,27,0,7,2,5,0,0
pc-bdc2ac98-2051,urzeitliche_kolosse__ohne_pc,control,1,1,1,7,5,12,8,25,2,7,6,10,0,0
pc-51da9a60-2052,solidaritaet_ueberleben__ohne_pc,control,0,1,0,10,1,16,11,40,7,11,6,14,0,0
pc-51da9a60-2052,urzeitliche_kolosse__ohne_pc,control,1,0,1,10,-4,15,13,48,5,11,7,9,0,4
pc-cb27eb1d-2053,solidaritaet_ueberleben__ohne_pc,control,0,0,0,9,-1,14,9,32,4,9,7,7,0,0
pc-cb27eb1d-2053,urzeitliche_kolosse__ohne_pc,control,1,1,1,9,3,15,10,41,2,10,5,11,0,4
pc-5f3fd8e5-2054,solidaritaet_ueberleben__ohne_pc,control,0,1,0,8,5,13,8,25,5,8,7,11,0,0
pc-5f3fd8e5-2054,urzeitliche_kolosse__ohne_pc,control,1,0,1,8,-1,13,11,30,1,9,5,5,0,1
pc-d88d29a2-2055,solidaritaet_ueberleben__ohne_pc,control,0,1,0,6,8,12,5,20,1,5,2,10,0,0
pc-d88d29a2-2055,urzeitliche_kolosse__ohne_pc,control,1,0,1,6,0,11,6,17,0,4,3,2,0,0
pc-6ca5176a-2056,solidaritaet_ueberleben__ohne_pc,control,0,1,0,10,2,15,13,37,11,13,8,11,0,0
pc-6ca5176a-2056,urzeitliche_kolosse__ohne_pc,control,1,0,1,10,-1,14,13,45,7,11,12,8,0,0
pc-e5f26827-2057,solidaritaet_ueberleben__ohne_pc,control,0,0,0,8,-2,12,9,29,7,9,5,6,0,0
pc-e5f26827-2057,urzeitliche_kolosse__ohne_pc,control,1,1,1,8,4,14,9,33,2,9,5,12,0,2
pc-7a0a55ef-2058,solidaritaet_ueberleben__ohne_pc,control,0,0,0,9,-3,13,9,28,14,8,5,3,0,0
pc-7a0a55ef-2058,urzeitliche_kolosse__ohne_pc,control,1,1,1,9,7,14,11,43,1,10,4,13,0,0
pc-f357a6ac-2059,solidaritaet_ueberleben__ohne_pc,control,0,0,0,7,0,13,10,28,0,10,2,2,0,0
pc-f357a6ac-2059,urzeitliche_kolosse__ohne_pc,control,1,1,1,7,8,13,8,28,0,6,5,10,0,0
pc-876f9474-2060,solidaritaet_ueberleben__ohne_pc,control,0,0,0,7,-1,13,8,26,2,8,4,4,0,0
pc-876f9474-2060,urzeitliche_kolosse__ohne_pc,control,1,1,1,7,6,11,8,24,0,8,4,11,0,0
pc-00bce532-2061,solidaritaet_ueberleben__ohne_pc,control,0,1,0,9,5,13,11,36,2,11,8,10,0,0
pc-00bce532-2061,urzeitliche_kolosse__ohne_pc,control,1,0,1,9,0,14,12,40,3,10,9,5,0,0
pc-94d4d2f9-2062,solidaritaet_ueberleben__ohne_pc,control,0,0,0,9,-2,14,9,32,9,9,3,5,0,0
pc-94d4d2f9-2062,urzeitliche_kolosse__ohne_pc,control,1,1,1,9,5,12,9,35,5,8,5,12,0,2
pc-0e2223b7-2063,solidaritaet_ueberleben__ohne_pc,control,0,0,0,9,-4,13,9,31,5,8,3,8,0,0
pc-0e2223b7-2063,urzeitliche_kolosse__ohne_pc,control,1,1,1,9,2,14,9,37,6,7,3,14,0,4
pc-a23a117e-2064,solidaritaet_ueberleben__ohne_pc,control,0,0,0,9,-5,14,9,26,10,8,5,3,0,0
pc-a23a117e-2064,urzeitliche_kolosse__ohne_pc,control,1,1,1,9,7,15,10,41,2,10,4,15,0,0
pc-1b87623c-2065,solidaritaet_ueberleben__ohne_pc,control,0,1,0,8,3,13,8,28,4,7,1,11,0,0
pc-1b87623c-2065,urzeitliche_kolosse__ohne_pc,control,1,0,1,8,-1,13,7,21,7,6,4,7,0,1
pc-af9f5003-2066,solidaritaet_ueberleben__ohne_pc,control,0,1,0,7,2,12,8,25,1,8,7,10,0,0
pc-af9f5003-2066,urzeitliche_kolosse__ohne_pc,control,1,0,1,7,0,12,7,25,3,7,4,8,0,0
pc-28eca0c1-2067,solidaritaet_ueberleben__ohne_pc,control,0,1,0,8,3,15,9,33,3,8,3,13,0,0
pc-28eca0c1-2067,urzeitliche_kolosse__ohne_pc,control,1,0,1,8,-3,13,8,30,3,7,5,7,0,2
pc-bd048e88-2068,solidaritaet_ueberleben__ohne_pc,control,0,0,0,8,0,13,9,26,10,9,0,6,0,0
pc-bd048e88-2068,urzeitliche_kolosse__ohne_pc,control,1,1,1,8,4,14,5,23,5,5,7,10,0,2
pc-3651ff46-2069,solidaritaet_ueberleben__ohne_pc,control,0,0,0,9,-5,13,9,33,6,9,5,7,0,0
pc-3651ff46-2069,urzeitliche_kolosse__ohne_pc,control,1,1,1,9,3,14,10,44,1,9,4,15,0,2
pc-ca69cd0d-2070,solidaritaet_ueberleben__ohne_pc,control,0,1,0,12,3,17,12,45,25,11,13,11,0,0
pc-ca69cd0d-2070,urzeitliche_kolosse__ohne_pc,control,1,0,1,12,-1,17,15,53,16,15,9,7,0,0
pc-43b73dcb-2071,solidaritaet_ueberleben__ohne_pc,control,0,0,0,9,-2,15,10,37,2,9,5,9,0,0
pc-43b73dcb-2071,urzeitliche_kolosse__ohne_pc,control,1,1,1,9,1,13,11,42,3,9,6,12,0,1
pc-d7cf0b92-2072,solidaritaet_ueberleben__ohne_pc,control,0,0,0,11,-2,16,15,39,18,14,6,7,0,0
pc-d7cf0b92-2072,urzeitliche_kolosse__ohne_pc,control,1,1,1,11,3,16,13,47,14,11,13,12,0,3
pc-511c7c50-2073,solidaritaet_ueberleben__ohne_pc,control,0,1,0,10,1,13,11,41,10,10,7,15,0,0
pc-511c7c50-2073,urzeitliche_kolosse__ohne_pc,control,1,0,1,10,-5,14,11,48,5,11,5,9,0,0
pc-e5344a17-2074,solidaritaet_ueberleben__ohne_pc,control,0,0,0,10,-2,14,12,38,12,11,6,7,0,0
pc-e5344a17-2074,urzeitliche_kolosse__ohne_pc,control,1,1,1,10,3,15,11,45,4,9,7,12,0,3
pc-5e81bad5-2075,solidaritaet_ueberleben__ohne_pc,control,0,0,0,10,-1,15,13,42,7,13,6,7,0,0
pc-5e81bad5-2075,urzeitliche_kolosse__ohne_pc,control,1,1,1,10,3,15,12,36,9,11,10,11,0,2
pc-f299889c-2076,solidaritaet_ueberleben__ohne_pc,control,0,0,0,11,-1,16,15,47,11,14,6,7,3,0
pc-f299889c-2076,urzeitliche_kolosse__ohne_pc,control,1,1,1,11,3,16,13,42,13,11,11,11,0,1
pc-6be6f95a-2077,solidaritaet_ueberleben__ohne_pc,control,0,0,0,13,0,19,16,51,33,15,10,4,1,0
pc-6be6f95a-2077,urzeitliche_kolosse__ohne_pc,control,1,1,1,13,6,19,15,52,32,13,11,10,0,0
pc-fffec721-2078,solidaritaet_ueberleben__ohne_pc,control,0,0,0,8,-1,12,8,27,3,8,7,7,0,0
pc-fffec721-2078,urzeitliche_kolosse__ohne_pc,control,1,1,1,8,3,14,9,34,2,9,6,11,0,0
pc-794c37df-2079,solidaritaet_ueberleben__ohne_pc,control,0,1,0,8,4,13,9,31,5,9,3,11,0,0
pc-794c37df-2079,urzeitliche_kolosse__ohne_pc,control,1,0,1,8,-1,13,9,28,2,8,6,6,0,0
pc-0d6405a7-2080,solidaritaet_ueberleben__ohne_pc,control,0,0,0,8,-1,13,11,30,2,10,3,5,0,0
pc-0d6405a7-2080,urzeitliche_kolosse__ohne_pc,control,1,1,1,8,5,13,9,33,0,8,9,11,0,4
pc-86b17664-2081,solidaritaet_ueberleben__ohne_pc,control,0,1,0,7,5,12,7,24,1,7,1,10,0,0
pc-86b17664-2081,urzeitliche_kolosse__ohne_pc,control,1,0,1,7,0,12,7,24,4,6,4,5,0,1
pc-1ac9442c-2082,solidaritaet_ueberleben__ohne_pc,control,0,1,0,15,1,22,19,62,51,18,13,9,0,0
pc-1ac9442c-2082,urzeitliche_kolosse__ohne_pc,control,1,0,1,15,0,21,18,65,44,17,17,8,0,6
pc-9416b4e9-2083,solidaritaet_ueberleben__ohne_pc,control,0,1,0,8,2,13,10,29,4,10,4,10,0,0
pc-9416b4e9-2083,urzeitliche_kolosse__ohne_pc,control,1,0,1,8,0,12,10,32,3,9,7,8,0,0
pc-282e82b1-2084,solidaritaet_ueberleben__ohne_pc,control,0,1,0,12,2,16,13,43,23,12,12,10,0,0
pc-282e82b1-2084,urzeitliche_kolosse__ohne_pc,control,1,0,1,12,0,17,15,49,21,13,8,8,0,5
pc-a17bf36e-2085,solidaritaet_ueberleben__ohne_pc,control,0,0,0,9,-3,13,10,30,8,10,5,6,0,0
pc-a17bf36e-2085,urzeitliche_kolosse__ohne_pc,control,1,1,1,9,4,13,12,41,4,10,6,13,0,2
pc-3593c136-2086,solidaritaet_ueberleben__ohne_pc,control,0,0,0,11,0,16,14,43,12,13,8,6,1,0
pc-3593c136-2086,urzeitliche_kolosse__ohne_pc,control,1,1,1,11,4,17,12,44,15,11,12,10,0,5
pc-aee131f3-2087,solidaritaet_ueberleben__ohne_pc,control,0,1,0,11,5,18,12,38,17,12,9,14,0,0
pc-aee131f3-2087,urzeitliche_kolosse__ohne_pc,control,1,0,1,11,-4,15,14,50,9,12,10,5,0,5
pc-42f91fbb-2088,solidaritaet_ueberleben__ohne_pc,control,0,1,0,8,1,14,8,28,3,7,5,10,0,0
pc-42f91fbb-2088,urzeitliche_kolosse__ohne_pc,control,1,0,1,8,0,13,9,30,1,8,6,9,0,1
pc-bc467078-2089,solidaritaet_ueberleben__ohne_pc,control,0,0,0,7,-1,11,8,26,2,8,5,9,0,0
pc-bc467078-2089,urzeitliche_kolosse__ohne_pc,control,1,1,1,7,1,11,8,23,5,7,4,11,0,0
pc-505e5e40-2090,solidaritaet_ueberleben__ohne_pc,control,0,0,0,9,-2,12,9,29,7,8,7,6,0,0
pc-505e5e40-2090,urzeitliche_kolosse__ohne_pc,control,1,1,1,9,4,15,12,40,3,11,6,12,0,2
pc-c9abaefd-2091,solidaritaet_ueberleben__ohne_pc,control,0,0,0,11,-1,16,11,39,18,10,7,9,0,0
pc-c9abaefd-2091,urzeitliche_kolosse__ohne_pc,control,1,1,1,11,1,15,13,47,16,12,5,11,0,1
pc-5dc39cc5-2092,solidaritaet_ueberleben__ohne_pc,control,0,1,0,9,1,15,11,38,3,11,7,14,0,0
pc-5dc39cc5-2092,urzeitliche_kolosse__ohne_pc,control,1,0,1,9,-4,15,12,40,3,10,8,9,0,4
pc-d710ed82-2093,solidaritaet_ueberleben__ohne_pc,control,0,0,0,11,-2,16,14,43,18,13,9,7,3,0
pc-d710ed82-2093,urzeitliche_kolosse__ohne_pc,control,1,1,1,11,3,17,14,50,12,12,8,12,0,2
pc-6b28db4a-2094,solidaritaet_ueberleben__ohne_pc,control,0,1,0,13,3,18,15,54,28,15,6,11,0,0
pc-6b28db4a-2094,urzeitliche_kolosse__ohne_pc,control,1,0,1,13,-1,18,13,50,37,11,11,7,0,0
pc-e4762c07-2095,solidaritaet_ueberleben__ohne_pc,control,0,0,0,9,0,15,12,30,10,11,6,3,0,0
pc-e4762c07-2095,urzeitliche_kolosse__ohne_pc,control,1,1,1,9,7,13,12,37,2,10,7,10,0,2
pc-788e19cf-2096,solidaritaet_ueberleben__ohne_pc,control,0,0,0,9,0,13,11,36,6,10,6,3,0,0
pc-788e19cf-2096,urzeitliche_kolosse__ohne_pc,control,1,1,1,9,7,14,11,33,7,9,6,10,0,0
pc-f1db6a8c-2097,solidaritaet_ueberleben__ohne_pc,control,0,0,0,6,-1,11,6,20,1,6,1,4,0,0
pc-f1db6a8c-2097,urzeitliche_kolosse__ohne_pc,control,1,1,1,6,6,12,5,16,3,5,2,11,0,1
pc-85f35854-2098,solidaritaet_ueberleben__ohne_pc,control,0,1,0,8,5,13,9,29,4,9,5,10,0,0
pc-85f35854-2098,urzeitliche_kolosse__ohne_pc,control,1,0,1,8,0,14,11,35,1,9,5,5,0,0
pc-ff40a911-2099,solidaritaet_ueberleben__ohne_pc,control,0,0,0,6,-2,13,6,20,1,6,1,1,1,0
pc-ff40a911-2099,urzeitliche_kolosse__ohne_pc,control,1,1,1,6,9,10,5,19,1,5,3,12,0,0
pc-8129c148-2100,solidaritaet_ueberleben__mit_pc,control,0,1,1,8,4,14,8,31,1,8,4,14,0,0
pc-8129c148-2100,urzeitliche_kolosse__mit_pc,control,1,0,0,8,-4,13,7,34,2,7,6,6,0,0
pc-fa773205-2101,solidaritaet_ueberleben__mit_pc,control,0,1,1,7,9,12,7,24,1,7,4,11,0,0
pc-fa773205-2101,urzeitliche_kolosse__mit_pc,control,1,0,0,7,-1,13,6,22,5,6,2,1,0,0
pc-8e8f1fcd-2102,solidaritaet_ueberleben__mit_pc,control,0,0,1,16,-1,23,20,68,54,19,15,3,1,0
pc-8e8f1fcd-2102,urzeitliche_kolosse__mit_pc,control,1,1,0,16,4,20,18,70,56,17,17,8,0,1
pc-07dc708b-2103,solidaritaet_ueberleben__mit_pc,control,0,1,1,8,5,13,8,29,2,8,3,14,0,0
pc-07dc708b-2103,urzeitliche_kolosse__mit_pc,control,1,0,0,8,-4,14,7,29,6,7,4,5,0,1
pc-665f443e-2104,solidaritaet_ueberleben__mit_pc,control,0,0,1,9,0,15,8,26,10,8,4,6,0,0
pc-665f443e-2104,urzeitliche_kolosse__mit_pc,control,1,1,0,9,4,15,10,40,4,9,4,10,0,1
pc-dfacb4fb-2105,solidaritaet_ueberleben__mit_pc,control,0,0,1,12,-3,17,15,48,19,14,8,7,0,0
pc-dfacb4fb-2105,urzeitliche_kolosse__mit_pc,control,1,1,0,12,3,17,14,53,13,13,12,13,0,0
pc-73c482c3-2106,solidaritaet_ueberleben__mit_pc,control,0,0,1,7,-2,12,9,28,0,9,5,2,0,0
pc-73c482c3-2106,urzeitliche_kolosse__mit_pc,control,1,1,0,7,8,11,8,27,1,8,6,12,0,2
pc-ed11f380-2107,solidaritaet_ueberleben__mit_pc,control,0,0,1,5,0,9,4,13,2,4,2,0,0,0
pc-ed11f380-2107,urzeitliche_kolosse__mit_pc,control,1,1,0,5,10,10,5,15,0,5,1,10,0,0
pc-b6bedb5c-2108,solidaritaet_ueberleben__mit_pc,control,0,1,1,7,6,12,7,21,2,7,3,11,0,0
pc-b6bedb5c-2108,urzeitliche_kolosse__mit_pc,control,1,0,0,7,-1,13,7,26,2,7,2,4,0,0
pc-300c2c1a-2109,solidaritaet_ueberleben__mit_pc,control,0,1,1,9,1,15,10,40,4,9,8,11,0,0
pc-300c2c1a-2109,urzeitliche_kolosse__mit_pc,control,1,0,0,9,-1,14,10,41,2,10,5,9,0,1
pc-c42419e1-2110,solidaritaet_ueberleben__mit_pc,control,0,1,1,9,2,15,9,34,6,8,6,12,0,0
pc-c42419e1-2110,urzeitliche_kolosse__mit_pc,control,1,0,0,9,-2,15,9,40,5,9,5,8,0,0
pc-3d716a9f-2111,solidaritaet_ueberleben__mit_pc,control,0,1,1,13,1,19,13,51,31,12,12,11,0,0
pc-3d716a9f-2111,urzeitliche_kolosse__mit_pc,control,1,0,0,13,-1,18,16,54,29,15,8,9,0,3
pc-9bf45e52-2112,solidaritaet_ueberleben__mit_pc,control,0,0,1,5,0,10,5,15,0,5,1,3,0,0
pc-9bf45e52-2112,urzeitliche_kolosse__mit_pc,control,1,1,0,5,7,10,5,14,1,5,2,10,0,0
pc-1541af10-2113,solidaritaet_ueberleben__mit_pc,control,0,0,1,6,0,10,6,18,1,6,2,7,0,0
pc-1541af10-2113,urzeitliche_kolosse__mit_pc,control,1,1,0,6,3,11,5,18,3,4,1,10,0,0
pc-a9599cd7-2114,solidaritaet_ueberleben__mit_pc,control,0,0,1,9,-2,14,8,33,7,7,2,4,0,0
pc-a9599cd7-2114,urzeitliche_kolosse__mit_pc,control,1,1,0,9,6,12,8,36,7,7,2,12,0,2
pc-22a6ed95-2115,solidaritaet_ueberleben__mit_pc,control,0,0,1,7,0,12,7,27,1,7,3,0,0,0
pc-22a6ed95-2115,urzeitliche_kolosse__mit_pc,control,1,1,0,7,10,11,8,25,1,7,5,10,0,0
pc-15ffcd20-2116,solidaritaet_ueberleben__mit_pc,control,0,1,1,8,1,11,10,30,3,10,6,17,0,0
pc-15ffcd20-2116,urzeitliche_kolosse__mit_pc,control,1,0,0,8,-7,13,9,34,2,8,7,9,0,0
pc-8f4d3ddd-2117,solidaritaet_ueberleben__mit_pc,control,0,0,1,12,-4,18,13,49,25,12,10,9,1,0
pc-8f4d3ddd-2117,urzeitliche_kolosse__mit_pc,control,1,1,0,12,1,17,15,62,16,14,7,14,0,2
pc-23650ba5-2118,solidaritaet_ueberleben__mit_pc,control,0,0,1,8,0,14,9,31,1,8,6,6,0,0
pc-23650ba5-2118,urzeitliche_kolosse__mit_pc,control,1,1,0,8,4,13,8,35,1,8,3,10,0,1
pc-9cb27c62-2119,solidaritaet_ueberleben__mit_pc,control,0,0,1,7,0,11,8,23,2,7,3,3,0,0
pc-9cb27c62-2119,urzeitliche_kolosse__mit_pc,control,1,1,0,7,7,11,7,26,2,7,6,10,0,2
pc-fb355015-2120,solidaritaet_ueberleben__mit_pc,control,0,0,1,6,0,12,6,19,2,6,4,0,0,0
pc-fb355015-2120,urzeitliche_kolosse__mit_pc,control,1,1,0,6,10,9,7,20,0,7,1,10,0,0
pc-7482a0d3-2121,solidaritaet_ueberleben__mit_pc,control,0,1,1,15,3,21,17,63,47,16,15,15,0,0
pc-7482a0d3-2121,urzeitliche_kolosse__mit_pc,control,1,0,0,15,-5,21,18,71,41,17,14,7,0,1
pc-089a8e9b-2122,solidaritaet_ueberleben__mit_pc,control,0,1,1,8,3,13,8,31,3,8,3,11,0,0
pc-089a8e9b-2122,urzeitliche_kolosse__mit_pc,control,1,0,0,8,-1,15,9,36,0,8,7,7,0,0
pc-81e7ff58-2123,solidaritaet_ueberleben__mit_pc,control,0,1,1,11,1,16,14,46,13,13,7,12,0,0
pc-81e7ff58-2123,urzeitliche_kolosse__mit_pc,control,1,0,0,11,-2,15,13,50,14,12,9,9,0,0
pc-4b94c734-2124,solidaritaet_ueberleben__mit_pc,control,0,1,1,8,4,12,9,29,2,9,3,10,0,0
pc-4b94c734-2124,urzeitliche_kolosse__mit_pc,control,1,0,0,8,0,14,7,32,4,7,4,6,0,0
pc-c4e237f1-2125,solidaritaet_ueberleben__mit_pc,control,0,0,1,12,0,17,13,43,29,13,7,9,0,0
pc-c4e237f1-2125,urzeitliche_kolosse__mit_pc,control,1,1,0,12,1,17,12,53,17,11,11,10,0,1
pc-58fa05b9-2126,solidaritaet_ueberleben__mit_pc,control,0,1,1,8,5,14,9,35,1,9,3,11,0,0
pc-58fa05b9-2126,urzeitliche_kolosse__mit_pc,control,1,0,0,8,-1,13,8,31,3,7,6,5,0,2
pc-d2477676-2127,solidaritaet_ueberleben__mit_pc,control,0,1,1,8,2,14,10,31,1,9,4,12,1,0
pc-d2477676-2127,urzeitliche_kolosse__mit_pc,control,1,0,0,8,-2,13,8,33,3,7,6,8,0,0
pc-30ca4a2a-2128,solidaritaet_ueberleben__mit_pc,control,0,1,1,9,6,12,9,38,3,9,5,16,0,0
pc-30ca4a2a-2128,urzeitliche_kolosse__mit_pc,control,1,0,0,9,-6,14,9,38,6,9,4,4,0,0
pc-aa17bae7-2129,solidaritaet_ueberleben__mit_pc,control,0,0,1,11,-1,17,12,40,15,12,9,5,0,0
pc-aa17bae7-2129,urzeitliche_kolosse__mit_pc,control,1,1,0,11,5,15,13,49,6,12,8,11,0,0
pc-3e2f88af-2130,solidaritaet_ueberleben__mit_pc,control,0,0,1,14,-2,20,16,61,37,15,12,3,0,0
pc-3e2f88af-2130,urzeitliche_kolosse__mit_pc,control,1,1,0,14,7,19,17,67,27,16,13,12,0,5
pc-b77cf96c-2131,solidaritaet_ueberleben__mit_pc,control,0,1,1,7,6,13,9,28,0,9,4,10,0,0
pc-b77cf96c-2131,urzeitliche_kolosse__mit_pc,control,1,0,0,7,0,12,8,27,1,7,6,4,0,0
pc-577dc999-2132,solidaritaet_ueberleben__mit_pc,control,0,0,1,5,0,10,4,14,1,4,3,0,0,0
pc-577dc999-2132,urzeitliche_kolosse__mit_pc,control,1,1,0,5,10,9,5,12,1,5,1,10,0,0
pc-d0cb3a56-2133,solidaritaet_ueberleben__mit_pc,control,0,1,1,8,3,14,8,32,2,7,5,11,0,0
pc-d0cb3a56-2133,urzeitliche_kolosse__mit_pc,control,1,0,0,8,-1,12,8,34,2,8,3,7,0,1
pc-64e3081e-2134,solidaritaet_ueberleben__mit_pc,control,0,0,1,9,0,16,11,40,4,10,5,8,1,0
pc-64e3081e-2134,urzeitliche_kolosse__mit_pc,control,1,1,0,9,2,13,10,41,4,9,6,10,0,3
pc-de3078db-2135,solidaritaet_ueberleben__mit_pc,control,0,1,1,8,2,12,8,30,1,7,5,12,0,0
pc-de3078db-2135,urzeitliche_kolosse__mit_pc,control,1,0,0,8,-2,13,8,31,5,8,3,8,0,0
pc-3cb34c8f-2136,solidaritaet_ueberleben__mit_pc,control,0,0,1,8,-3,13,11,34,2,11,6,3,0,0
pc-3cb34c8f-2136,urzeitliche_kolosse__mit_pc,control,1,1,0,8,7,12,10,36,0,10,9,13,0,2
pc-b600bd4c-2137,solidaritaet_ueberleben__mit_pc,control,0,1,1,5,10,11,6,15,0,6,2,10,0,0
pc-b600bd4c-2137,urzeitliche_kolosse__mit_pc,control,1,0,0,5,0,10,4,13,2,4,2,0,0,0
pc-4a188b14-2138,solidaritaet_ueberleben__mit_pc,control,0,0,1,9,-3,12,12,36,5,11,4,2,0,0
pc-4a188b14-2138,urzeitliche_kolosse__mit_pc,control,1,1,0,9,8,14,9,36,4,9,8,13,0,3
pc-c365fbd1-2139,solidaritaet_ueberleben__mit_pc,control,0,1,1,9,5,15,9,37,3,8,10,12,0,0
pc-c365fbd1-2139,urzeitliche_kolosse__mit_pc,control,1,0,0,9,-2,14,12,34,4,11,3,5,0,0
pc-8d12c3ad-2140,solidaritaet_ueberleben__mit_pc,control,0,1,1,12,2,16,10,43,25,10,9,13,0,0
pc-8d12c3ad-2140,urzeitliche_kolosse__mit_pc,control,1,0,0,12,-3,18,13,58,19,13,6,8,0,1
pc-0660346b-2141,solidaritaet_ueberleben__mit_pc,control,0,0,1,12,-2,17,13,39,27,13,12,9,0,0
pc-0660346b-2141,urzeitliche_kolosse__mit_pc,control,1,1,0,12,1,17,15,51,19,14,9,12,0,1
pc-9a780232-2142,solidaritaet_ueberleben__mit_pc,control,0,0,1,10,-4,16,10,41,10,9,6,6,0,0
pc-9a780232-2142,urzeitliche_kolosse__mit_pc,control,1,1,0,10,4,15,11,47,5,11,5,14,0,1
pc-13c572f0-2143,solidaritaet_ueberleben__mit_pc,control,0,1,1,13,5,18,13,46,38,13,12,12,0,0
pc-13c572f0-2143,urzeitliche_kolosse__mit_pc,control,1,0,0,13,-2,18,16,57,25,15,10,5,0,0
pc-724846a3-2144,solidaritaet_ueberleben__mit_pc,control,0,1,1,8,4,14,8,33,1,8,4,10,0,0
pc-724846a3-2144,urzeitliche_kolosse__mit_pc,control,1,0,0,8,0,12,9,32,3,9,3,6,0,3
pc-eb95b760-2145,solidaritaet_ueberleben__mit_pc,control,0,0,1,9,-1,13,10,36,3,9,7,9,0,0
pc-eb95b760-2145,urzeitliche_kolosse__mit_pc,control,1,1,0,9,1,14,10,37,3,10,5,11,0,0
pc-7fad8528-2146,solidaritaet_ueberleben__mit_pc,control,0,0,1,9,0,14,9,34,6,9,8,7,0,0
pc-7fad8528-2146,urzeitliche_kolosse__mit_pc,control,1,1,0,9,3,14,10,44,1,10,5,10,0,2
pc-f8faf5e5-2147,solidaritaet_ueberleben__mit_pc,control,0,1,1,7,3,12,6,24,3,5,5,10,0,0
pc-f8faf5e5-2147,urzeitliche_kolosse__mit_pc,control,1,0,0,7,0,11,8,25,2,8,0,7,0,0
pc-ec53d570-2148,solidaritaet_ueberleben__mit_pc,control,0,1,1,8,6,13,9,29,2,9,6,11,0,0
pc-ec53d570-2148,urzeitliche_kolosse__mit_pc,control,1,0,0,8,-1,13,10,34,2,10,4,4,0,1
pc-65a1262e-2149,solidaritaet_ueberleben__mit_pc,control,0,1,1,8,2,13,8,26,6,7,5,14,0,0
pc-65a1262e-2149,urzeitliche_kolosse__mit_pc,control,1,0,0,8,-4,13,9,33,3,8,3,8,0,1
pc-6bbc901a-2150,solidaritaet_ueberleben__mit_pc,control,0,0,0,11,0,17,12,40,15,12,10,8,0,0
pc-6bbc901a-2150,urzeitliche_kolosse__mit_pc,control,1,1,1,11,2,17,14,54,5,13,12,10,0,0
pc-e509e0d7-2151,solidaritaet_ueberleben__mit_pc,control,0,1,0,11,1,16,14,47,13,13,7,13,0,0
pc-e509e0d7-2151,urzeitliche_kolosse__mit_pc,control,1,0,1,11,-3,17,12,54,11,11,10,9,0,1
pc-5e575195-2152,solidaritaet_ueberleben__mit_pc,control,0,1,0,8,3,12,9,31,3,9,6,10,0,0
pc-5e575195-2152,urzeitliche_kolosse__mit_pc,control,1,0,1,8,0,14,9,35,1,9,7,7,0,0
pc-d7a4a252-2153,solidaritaet_ueberleben__mit_pc,control,0,1,0,7,6,12,7,25,2,7,3,10,0,0
pc-d7a4a252-2153,urzeitliche_kolosse__mit_pc,control,1,0,1,7,0,13,8,25,3,7,3,4,0,0
pc-86870d24-2154,solidaritaet_ueberleben__mit_pc,control,0,0,0,10,0,15,11,35,10,10,5,7,0,0
pc-86870d24-2154,urzeitliche_kolosse__mit_pc,control,1,1,1,10,3,16,9,39,13,9,6,10,0,1
pc-ffd47de1-2155,solidaritaet_ueberleben__mit_pc,control,0,0,0,12,-1,18,13,48,18,12,8,4,1,0
pc-ffd47de1-2155,urzeitliche_kolosse__mit_pc,control,1,1,1,12,6,17,12,54,12,12,7,11,0,2
pc-7921ce9f-2156,solidaritaet_ueberleben__mit_pc,control,0,0,0,11,-2,16,12,42,16,11,9,5,0,0
pc-7921ce9f-2156,urzeitliche_kolosse__mit_pc,control,1,1,1,11,5,17,14,54,5,13,7,12,0,1
pc-f26f3f5c-2157,solidaritaet_ueberleben__mit_pc,control,0,1,0,9,5,14,8,32,4,8,3,13,0,0
pc-f26f3f5c-2157,urzeitliche_kolosse__mit_pc,control,1,0,1,9,-3,14,9,34,2,8,5,5,0,0
pc-a1518a2e-2158,solidaritaet_ueberleben__mit_pc,control,0,0,0,7,0,12,8,25,2,8,2,5,0,0
pc-a1518a2e-2158,urzeitliche_kolosse__mit_pc,control,1,1,1,7,5,11,8,27,1,7,7,10,0,0
pc-1a9efaec-2159,solidaritaet_ueberleben__mit_pc,control,0,0,0,7,0,12,8,25,2,7,2,2,0,0
pc-1a9efaec-2159,urzeitliche_kolosse__mit_pc,control,1,1,1,7,8,12,8,23,3,7,5,10,0,0
pc-93ec4ba9-2160,solidaritaet_ueberleben__mit_pc,control,0,0,0,16,-1,22,19,67,62,18,17,5,1,0
pc-93ec4ba9-2160,urzeitliche_kolosse__mit_pc,control,1,1,1,16,2,21,19,71,54,18,17,8,0,3
pc-0d39bc67-2161,solidaritaet_ueberleben__mit_pc,control,0,0,0,9,-1,15,12,38,1,11,2,4,0,0
pc-0d39bc67-2161,urzeitliche_kolosse__mit_pc,control,1,1,1,9,6,14,8,35,3,7,9,11,0,3
pc-bc1c0738-2162,solidaritaet_ueberleben__mit_pc,control,0,1,0,10,2,15,12,45,5,12,10,13,0,0
pc-bc1c0738-2162,urzeitliche_kolosse__mit_pc,control,1,0,1,10,-3,15,13,47,3,13,9,8,0,0
pc-356977f6-2163,solidaritaet_ueberleben__mit_pc,control,0,1,0,9,3,15,10,38,5,10,5,11,0,0
pc-356977f6-2163,urzeitliche_kolosse__mit_pc,control,1,0,1,9,-1,14,10,39,4,10,5,7,0,0
pc-aeb6c8b3-2164,solidaritaet_ueberleben__mit_pc,control,0,0,0,8,0,14,9,31,2,8,7,4,0,0
pc-aeb6c8b3-2164,urzeitliche_kolosse__mit_pc,control,1,1,1,8,6,13,11,35,0,11,3,10,0,0
pc-28043971-2165,solidaritaet_ueberleben__mit_pc,control,0,1,0,15,3,19,18,64,45,17,13,12,0,0
pc-28043971-2165,urzeitliche_kolosse__mit_pc,control,1,0,1,15,-2,19,18,66,42,17,17,7,0,2
pc-00929bf2-2166,solidaritaet_ueberleben__mit_pc,control,0,0,0,11,0,15,14,47,14,13,8,7,0,0
pc-00929bf2-2166,urzeitliche_kolosse__mit_pc,control,1,1,1,11,3,17,14,49,11,13,10,10,0,1
pc-79dfecaf-2167,solidaritaet_ueberleben__mit_pc,control,0,1,0,14,1,20,18,56,37,17,12,12,1,0
pc-79dfecaf-2167,urzeitliche_kolosse__mit_pc,control,1,0,1,14,-2,20,17,65,28,16,14,9,0,4
pc-f32d5d6c-2168,solidaritaet_ueberleben__mit_pc,control,0,0,0,9,0,15,9,32,10,9,5,9,0,0
pc-f32d5d6c-2168,urzeitliche_kolosse__mit_pc,control,1,1,1,9,1,14,9,41,3,9,4,10,0,0
pc-6c7aae2a-2169,solidaritaet_ueberleben__mit_pc,control,0,1,0,12,3,17,15,51,18,15,5,11,0,0
pc-6c7aae2a-2169,urzeitliche_kolosse__mit_pc,control,1,0,1,12,-1,18,11,53,23,10,11,7,0,4
pc-1b5d18fc-2170,solidaritaet_ueberleben__mit_pc,control,0,0,0,10,0,16,13,45,5,12,9,6,0,0
pc-1b5d18fc-2170,urzeitliche_kolosse__mit_pc,control,1,1,1,10,4,15,13,47,6,12,9,10,0,1
pc-94aa69b9-2171,solidaritaet_ueberleben__mit_pc,control,0,1,0,14,4,21,18,59,35,17,11,13,0,0
pc-94aa69b9-2171,urzeitliche_kolosse__mit_pc,control,1,0,1,14,-3,20,16,67,28,15,16,6,0,4
pc-0df7da77-2172,solidaritaet_ueberleben__mit_pc,control,0,0,0,14,-2,18,15,52,47,14,5,5,0,0
pc-0df7da77-2172,urzeitliche_kolosse__mit_pc,control,1,1,1,14,5,20,11,43,48,10,12,12,0,1
pc-87452b34-2173,solidaritaet_ueberleben__mit_pc,control,0,0,0,10,-2,14,11,40,11,10,9,7,0,0
pc-87452b34-2173,urzeitliche_kolosse__mit_pc,control,1,1,1,10,3,15,13,47,4,12,8,12,0,0
pc-36279606-2174,solidaritaet_ueberleben__mit_pc,control,0,0,0,9,0,14,10,34,11,10,5,7,0,0
pc-36279606-2174,urzeitliche_kolosse__mit_pc,control,1,1,1,9,3,15,10,40,5,9,6,10,0,0
pc-af74e6c3-2175,solidaritaet_ueberleben__mit_pc,control,0,0,0,8,-1,13,11,33,3,11,2,5,0,0
pc-af74e6c3-2175,urzeitliche_kolosse__mit_pc,control,1,1,1,8,5,13,7,32,4,7,8,11,0,2
pc-28c25781-2176,solidaritaet_ueberleben__mit_pc,control,0,1,0,10,1,17,14,46,5,13,6,14,0,0
pc-28c25781-2176,urzeitliche_kolosse__mit_pc,control,1,0,1,10,-4,14,11,41,8,10,9,9,0,3
pc-a20fa83e-2177,solidaritaet_ueberleben__mit_pc,control,0,1,0,8,1,14,9,33,3,9,3,11,0,0
pc-a20fa83e-2177,urzeitliche_kolosse__mit_pc,control,1,0,1,8,-1,14,8,33,3,8,5,9,0,0
pc-50f21310-2178,solidaritaet_ueberleben__mit_pc,control,0,1,0,14,1,20,15,51,44,14,13,15,2,0
pc-50f21310-2178,urzeitliche_kolosse__mit_pc,control,1,0,1,14,-5,19,17,61,32,16,11,9,0,0
pc-ca3f63cd-2179,solidaritaet_ueberleben__mit_pc,control,0,0,0,6,0,11,6,20,1,6,3,3,0,0
pc-ca3f63cd-2179,urzeitliche_kolosse__mit_pc,control,1,1,1,6,7,9,6,19,1,6,3,10,0,0
pc-438cd48b-2180,solidaritaet_ueberleben__mit_pc,control,0,0,0,9,-2,13,10,35,5,10,5,5,1,0
pc-438cd48b-2180,urzeitliche_kolosse__mit_pc,control,1,1,1,9,5,13,10,33,3,9,8,12,0,0
pc-bcda2548-2181,solidaritaet_ueberleben__mit_pc,control,0,1,0,7,6,11,9,27,1,8,5,11,0,0
pc-bcda2548-2181,urzeitliche_kolosse__mit_pc,control,1,0,1,7,-1,12,7,22,6,7,4,4,0,0
pc-4210986b-2182,solidaritaet_ueberleben__mit_pc,control,0,1,0,15,3,21,18,65,40,17,14,13,1,0
pc-4210986b-2182,urzeitliche_kolosse__mit_pc,control,1,0,1,15,-3,21,18,65,44,17,16,7,0,1
pc-bb5de928-2183,solidaritaet_ueberleben__mit_pc,control,0,0,0,10,0,15,12,40,5,11,9,4,0,0
pc-bb5de928-2183,urzeitliche_kolosse__mit_pc,control,1,1,1,10,6,16,10,43,6,10,10,10,0,0
pc-34ab59e6-2184,solidaritaet_ueberleben__mit_pc,control,0,0,0,9,-1,15,9,33,7,8,8,6,0,0
pc-34ab59e6-2184,urzeitliche_kolosse__mit_pc,control,1,1,1,9,4,14,11,43,1,11,5,11,0,0
pc-adf8aaa3-2185,solidaritaet_ueberleben__mit_pc,control,0,0,0,9,-1,14,9,31,9,8,6,3,0,0
pc-adf8aaa3-2185,urzeitliche_kolosse__mit_pc,control,1,1,1,9,7,15,11,41,3,11,4,11,0,4
pc-5cdb1575-2186,solidaritaet_ueberleben__mit_pc,control,0,1,0,7,5,10,6,22,1,6,5,12,1,0
pc-5cdb1575-2186,urzeitliche_kolosse__mit_pc,control,1,0,1,7,-2,12,8,23,3,7,3,5,0,1
pc-d6286632-2187,solidaritaet_ueberleben__mit_pc,control,0,0,0,9,-2,15,8,29,7,8,7,7,0,0
pc-d6286632-2187,urzeitliche_kolosse__mit_pc,control,1,1,1,9,3,13,11,36,8,10,3,12,0,0
pc-4f75d6f0-2188,solidaritaet_ueberleben__mit_pc,control,0,0,0,10,-2,13,11,45,6,11,5,5,0,0
pc-4f75d6f0-2188,urzeitliche_kolosse__mit_pc,control,1,1,1,10,5,16,11,47,4,10,7,12,0,1
pc-c8c327ad-2189,solidaritaet_ueberleben__mit_pc,control,0,1,0,9,1,15,12,42,3,11,6,10,0,0
pc-c8c327ad-2189,urzeitliche_kolosse__mit_pc,control,1,0,1,9,0,15,9,34,5,8,9,9,0,0
pc-77a5927f-2190,solidaritaet_ueberleben__mit_pc,control,0,0,0,9,-3,13,10,32,6,10,4,3,0,0
pc-77a5927f-2190,urzeitliche_kolosse__mit_pc,control,1,1,1,9,7,14,9,38,6,9,6,13,0,3
pc-f0f2e33c-2191,solidaritaet_ueberleben__mit_pc,control,0,1,0,8,5,15,10,34,1,10,4,10,0,0
pc-f0f2e33c-2191,urzeitliche_kolosse__mit_pc,control,1,0,1,8,0,14,7,33,3,7,7,5,0,2
pc-6a4053fa-2192,solidaritaet_ueberleben__mit_pc,control,0,1,0,8,3,14,11,35,1,11,2,12,0,0
pc-6a4053fa-2192,urzeitliche_kolosse__mit_pc,control,1,0,1,8,-2,12,8,31,3,7,7,7,0,0
pc-e38da4b7-2193,solidaritaet_ueberleben__mit_pc,control,0,0,0,17,-2,22,20,68,68,19,16,6,0,0
pc-e38da4b7-2193,urzeitliche_kolosse__mit_pc,control,1,1,1,17,1,22,20,78,61,19,21,9,0,6
pc-92700f89-2194,solidaritaet_ueberleben__mit_pc,control,0,0,0,9,0,14,9,25,17,9,4,6,0,0
pc-92700f89-2194,urzeitliche_kolosse__mit_pc,control,1,1,1,9,4,14,10,41,1,9,4,10,0,0
pc-0bbd6047-2195,solidaritaet_ueberleben__mit_pc,control,0,0,0,12,-4,17,13,42,24,12,10,9,0,0
pc-0bbd6047-2195,urzeitliche_kolosse__mit_pc,control,1,1,1,12,1,18,13,47,19,12,9,14,0,0
pc-850ad104-2196,solidaritaet_ueberleben__mit_pc,control,0,0,0,6,-3,10,6,18,3,6,4,5,0,0
pc-850ad104-2196,urzeitliche_kolosse__mit_pc,control,1,1,1,6,5,10,6,19,1,6,2,13,0,0
pc-fe5821c1-2197,solidaritaet_ueberleben__mit_pc,control,0,1,0,10,2,16,12,46,4,11,8,10,0,0
pc-fe5821c1-2197,urzeitliche_kolosse__mit_pc,control,1,0,1,10,0,16,13,49,6,12,7,8,0,0
pc-d6e68442-2198,solidaritaet_ueberleben__mit_pc,control,0,1,0,10,2,17,14,46,5,13,3,12,2,0
pc-d6e68442-2198,urzeitliche_kolosse__mit_pc,control,1,0,1,10,-2,15,9,39,10,8,9,8,0,1
pc-5033f500-2199,solidaritaet_ueberleben__mit_pc,control,0,1,0,7,4,11,6,23,2,6,4,13,0,0
pc-5033f500-2199,urzeitliche_kolosse__mit_pc,control,1,0,1,7,-3,13,7,24,4,7,2,6,0,1
pc-3c223cc7-2200,solidaritaet_ueberleben__mit_pc,control,0,1,1,9,2,12,11,33,8,10,7,13,1,0
pc-3c223cc7-2200,urzeitliche_kolosse__ohne_pc,control,1,0,0,9,-3,14,11,40,4,10,5,8,0,0
pc-c2d4cc09-2201,solidaritaet_ueberleben__mit_pc,control,0,0,1,5,0,9,5,14,1,5,1,0,0,0
pc-c2d4cc09-2201,urzeitliche_kolosse__ohne_pc,control,1,1,0,5,10,9,4,13,2,4,2,10,0,0
pc-49877b4c-2202,solidaritaet_ueberleben__mit_pc,control,0,1,1,10,6,15,13,43,9,13,8,10,0,0
pc-49877b4c-2202,urzeitliche_kolosse__ohne_pc,control,1,0,0,10,0,15,13,49,5,12,9,4,0,1
pc-d03a0a8e-2203,solidaritaet_ueberleben__mit_pc,control,0,1,1,8,2,14,9,31,0,9,5,15,0,0
pc-d03a0a8e-2203,urzeitliche_kolosse__ohne_pc,control,1,0,0,8,-5,12,9,34,2,8,4,8,0,0
pc-2157bfbd-2204,solidaritaet_ueberleben__mit_pc,control,0,0,1,7,-1,13,10,27,0,10,3,0,1,0
pc-2157bfbd-2204,urzeitliche_kolosse__ohne_pc,control,1,1,0,7,10,11,8,24,4,8,8,11,0,2
pc-a80a4eff-2205,solidaritaet_ueberleben__mit_pc,control,0,0,1,11,0,17,13,43,20,13,8,6,0,0
pc-a80a4eff-2205,urzeitliche_kolosse__ohne_pc,control,1,1,0,11,4,18,12,53,7,11,11,10,0,2
pc-2ebcfe42-2206,solidaritaet_ueberleben__mit_pc,control,0,0,1,5,0,10,4,14,1,4,1,0,0,0
pc-2ebcfe42-2206,urzeitliche_kolosse__ohne_pc,control,1,1,0,5,10,11,4,13,2,4,1,10,0,0
pc-b56f8d84-2207,solidaritaet_ueberleben__mit_pc,control,0,0,1,9,0,14,9,32,4,9,7,9,0,0
pc-b56f8d84-2207,urzeitliche_kolosse__ohne_pc,control,1,1,0,9,1,13,11,39,4,9,7,10,0,0
pc-068d22b3-2208,solidaritaet_ueberleben__mit_pc,control,0,1,1,10,2,16,14,42,10,13,8,16,0,0
pc-068d22b3-2208,urzeitliche_kolosse__ohne_pc,control,1,0,0,10,-6,15,13,50,2,12,10,8,0,0
pc-8d3fd1f5-2209,solidaritaet_ueberleben__mit_pc,control,0,1,1,8,4,14,9,27,1,9,7,10,0,0
pc-8d3fd1f5-2209,urzeitliche_kolosse__ohne_pc,control,1,0,0,8,0,11,10,33,2,9,4,6,0,0
pc-13f26138-2210,solidaritaet_ueberleben__mit_pc,control,0,1,1,8,4,13,9,34,1,8,6,13,0,0
pc-13f26138-2210,urzeitliche_kolosse__ohne_pc,control,1,0,0,8,-3,13,10,34,1,9,7,6,0,1
pc-9aa5107a-2211,solidaritaet_ueberleben__mit_pc,control,0,1,1,8,4,14,9,30,0,8,6,10,0,0
pc-9aa5107a-2211,urzeitliche_kolosse__ohne_pc,control,1,0,0,8,0,14,10,33,3,9,3,6,0,0
pc-ebc2a5a8-2212,solidaritaet_ueberleben__mit_pc,control,0,1,1,8,6,13,11,35,0,10,5,13,0,0
pc-ebc2a5a8-2212,urzeitliche_kolosse__ohne_pc,control,1,0,0,8,-3,13,11,31,2,10,5,4,0,0
pc-727554eb-2213,solidaritaet_ueberleben__mit_pc,control,0,1,1,8,5,13,9,30,1,9,5,13,0,0
pc-727554eb-2213,urzeitliche_kolosse__ohne_pc,control,1,0,0,8,-3,12,10,31,5,9,6,5,0,0
pc-f927e42d-2214,solidaritaet_ueberleben__mit_pc,control,0,0,1,12,-2,16,14,48,18,13,8,4,0,0
pc-f927e42d-2214,urzeitliche_kolosse__ohne_pc,control,1,1,0,12,6,16,12,47,23,11,10,12,0,6
pc-7fda9370-2215,solidaritaet_ueberleben__mit_pc,control,0,0,1,8,-3,13,8,26,2,8,5,9,0,0
pc-7fda9370-2215,urzeitliche_kolosse__ohne_pc,control,1,1,0,8,1,13,9,32,4,8,4,13,0,0
pc-a74c30ef-2216,solidaritaet_ueberleben__mit_pc,control,0,1,1,10,6,14,13,44,7,12,8,13,0,0
pc-a74c30ef-2216,urzeitliche_kolosse__ohne_pc,control,1,0,0,10,-3,15,13,50,4,12,8,4,0,5
pc-2dfec032-2217,solidaritaet_ueberleben__mit_pc,control,0,0,1,12,-1,18,10,40,26,10,9,8,0,0
pc-2dfec032-2217,urzeitliche_kolosse__ohne_pc,control,1,1,0,12,2,16,15,54,19,13,7,11,0,3
pc-b4b16f74-2218,solidaritaet_ueberleben__mit_pc,control,0,1,1,9,10,14,11,40,5,10,7,13,0,0
pc-b4b16f74-2218,urzeitliche_kolosse__ohne_pc,control,1,0,0,9,-3,15,11,40,4,10,5,0,0,0
pc-3b641eb7-2219,solidaritaet_ueberleben__mit_pc,control,0,0,1,14,-2,20,18,59,38,18,12,8,1,0
pc-3b641eb7-2219,urzeitliche_kolosse__ohne_pc,control,1,1,0,14,2,19,17,57,38,15,16,12,0,2
pc-8c81b3e5-2220,solidaritaet_ueberleben__mit_pc,control,0,1,1,11,4,17,12,51,13,11,8,11,0,0
pc-8c81b3e5-2220,urzeitliche_kolosse__ohne_pc,control,1,0,0,11,-1,15,14,44,16,12,8,6,0,4
pc-13344328-2221,solidaritaet_ueberleben__mit_pc,control,0,0,1,5,-1,8,5,12,1,5,1,4,0,0
pc-13344328-2221,urzeitliche_kolosse__ohne_pc,control,1,1,0,5,6,8,5,15,0,4,2,11,0,0
pc-99e6f26a-2222,solidaritaet_ueberleben__mit_pc,control,0,1,1,13,4,18,15,49,29,14,6,10,0,0
pc-99e6f26a-2222,urzeitliche_kolosse__ohne_pc,control,1,0,0,13,0,19,13,48,33,11,11,6,0,0
pc-209981ad-2223,solidaritaet_ueberleben__mit_pc,control,0,1,1,8,4,14,7,29,5,6,4,13,0,0
pc-209981ad-2223,urzeitliche_kolosse__ohne_pc,control,1,0,0,8,-3,12,8,33,3,7,3,6,0,0
pc-71b736db-2224,solidaritaet_ueberleben__mit_pc,control,0,0,1,6,-3,12,6,20,1,6,3,4,0,0
pc-71b736db-2224,urzeitliche_kolosse__ohne_pc,control,1,1,0,6,6,11,7,21,0,6,4,13,0,0
pc-f869c61d-2225,solidaritaet_ueberleben__mit_pc,control,0,1,1,11,2,17,14,49,9,13,10,11,0,0
pc-f869c61d-2225,urzeitliche_kolosse__ohne_pc,control,1,0,0,11,-1,15,14,54,8,12,10,8,0,2
pc-7f1c7560-2226,solidaritaet_ueberleben__mit_pc,control,0,0,1,11,-1,15,14,42,22,13,9,3,2,0
pc-7f1c7560-2226,urzeitliche_kolosse__ohne_pc,control,1,1,0,11,7,15,14,50,13,13,10,11,0,1
pc-05cf04a3-2227,solidaritaet_ueberleben__mit_pc,control,0,1,1,15,5,20,14,51,54,13,11,12,0,0
pc-05cf04a3-2227,urzeitliche_kolosse__ohne_pc,control,1,0,0,15,-2,19,18,63,46,16,8,5,0,1
pc-56ecb9d1-2228,solidaritaet_ueberleben__mit_pc,control,0,0,1,6,-2,12,6,20,0,6,2,0,0,0
pc-56ecb9d1-2228,urzeitliche_kolosse__ohne_pc,control,1,1,0,6,10,11,6,20,0,6,4,12,0,1
pc-dd9f4913-2229,solidaritaet_ueberleben__mit_pc,control,0,0,1,9,0,14,11,35,7,11,5,4,0,0
pc-dd9f4913-2229,urzeitliche_kolosse__ohne_pc,control,1,1,0,9,6,14,9,38,5,8,6,10,0,2
pc-6451f856-2230,solidaritaet_ueberleben__mit_pc,control,0,0,1,6,-1,11,6,20,1,6,2,0,0,0
pc-6451f856-2230,urzeitliche_kolosse__ohne_pc,control,1,1,0,6,10,12,6,19,0,5,3,11,0,1
pc-eb048798-2231,solidaritaet_ueberleben__mit_pc,control,0,0,1,8,0,14,9,31,1,8,4,6,0,0
pc-eb048798-2231,urzeitliche_kolosse__ohne_pc,control,1,1,0,8,4,13,9,33,3,8,4,10,0,0
pc-12762518-2232,solidaritaet_ueberleben__mit_pc,control,0,0,1,13,-1,18,15,52,30,14,8,3,0,0
pc-12762518-2232,urzeitliche_kolosse__ohne_pc,control,1,1,0,13,7,18,14,57,28,13,10,11,0,6
pc-9928d45a-2233,solidaritaet_ueberleben__mit_pc,control,0,0,1,7,-1,13,8,24,3,8,1,9,0,0
pc-9928d45a-2233,urzeitliche_kolosse__ohne_pc,control,1,1,0,7,1,12,5,17,4,5,5,11,0,0
pc-1fdb639d-2234,solidaritaet_ueberleben__mit_pc,control,0,0,1,6,0,11,5,18,3,5,1,2,0,0
pc-1fdb639d-2234,urzeitliche_kolosse__ohne_pc,control,1,1,0,6,8,12,5,19,1,5,0,10,0,0
pc-a68e12df-2235,solidaritaet_ueberleben__mit_pc,control,0,1,1,6,4,11,6,21,0,6,3,13,0,0
pc-a68e12df-2235,urzeitliche_kolosse__ohne_pc,control,1,0,0,6,-3,12,6,19,0,5,2,6,0,0
pc-f7aba80d-2236,solidaritaet_ueberleben__mit_pc,control,0,0,1,6,-4,11,5,20,1,5,2,2,0,0
pc-f7aba80d-2236,urzeitliche_kolosse__ohne_pc,control,1,1,0,6,8,11,6,20,1,5,3,14,0,1
pc-7e5e5750-2237,solidaritaet_ueberleben__mit_pc,control,0,1,1,12,2,16,13,50,18,12,10,13,0,0
pc-7e5e5750-2237,urzeitliche_kolosse__ohne_pc,control,1,0,0,12,-3,16,15,55,19,13,10,8,0,4
pc-0510e693-2238,solidaritaet_ueberleben__mit_pc,control,0,0,1,11,-2,16,14,51,11,14,8,7,0,0
pc-0510e693-2238,urzeitliche_kolosse__ohne_pc,control,1,1,0,11,3,16,14,49,14,12,12,12,0,2
pc-8bc395d5-2239,solidaritaet_ueberleben__mit_pc,control,0,1,1,9,2,14,9,35,7,9,7,10,0,0
pc-8bc395d5-2239,urzeitliche_kolosse__ohne_pc,control,1,0,0,9,0,15,12,40,1,11,5,8,0,0
pc-dce12b03-2240,solidaritaet_ueberleben__mit_pc,control,0,1,1,6,10,11,6,20,1,5,2,10,0,0
pc-dce12b03-2240,urzeitliche_kolosse__ohne_pc,control,1,0,0,6,0,12,5,18,3,5,2,0,0,0
pc-6393da46-2241,solidaritaet_ueberleben__mit_pc,control,0,0,1,6,-4,11,6,20,1,6,2,1,0,0
pc-6393da46-2241,urzeitliche_kolosse__ohne_pc,control,1,1,0,6,9,10,7,20,0,6,3,14,0,0
pc-ea466988-2242,solidaritaet_ueberleben__mit_pc,control,0,0,1,12,0,17,12,40,26,12,11,6,0,0
pc-ea466988-2242,urzeitliche_kolosse__ohne_pc,control,1,1,0,12,4,17,15,58,14,14,9,10,0,8
pc-70f918cb-2243,solidaritaet_ueberleben__mit_pc,control,0,0,1,11,-1,16,14,44,16,13,8,4,0,0
pc-70f918cb-2243,urzeitliche_kolosse__ohne_pc,control,1,1,0,11,6,14,13,55,5,13,10,11,0,2
pc-c216adf9-2244,solidaritaet_ueberleben__mit_pc,control,0,0,1,10,-1,15,11,44,3,10,4,5,0,0
pc-c216adf9-2244,urzeitliche_kolosse__ohne_pc,control,1,1,0,10,5,15,10,36,9,9,6,11,0,1
pc-48c95d3c-2245,solidaritaet_ueberleben__mit_pc,control,0,0,1,13,-5,19,13,52,26,12,7,6,0,0
pc-48c95d3c-2245,urzeitliche_kolosse__ohne_pc,control,1,1,0,13,4,18,14,53,25,12,7,15,0,1
pc-cf7bec7e-2246,solidaritaet_ueberleben__mit_pc,control,0,0,1,10,-4,16,11,41,4,10,4,8,0,0
pc-cf7bec7e-2246,urzeitliche_kolosse__ohne_pc,control,1,1,0,10,2,15,11,43,4,9,5,14,0,2
pc-562e9bc1-2247,solidaritaet_ueberleben__mit_pc,control,0,0,1,5,0,8,5,14,1,5,1,0,0,0
pc-562e9bc1-2247,urzeitliche_kolosse__ohne_pc,control,1,1,0,5,10,9,5,13,0,4,2,10,0,0
pc-7da03940-2248,solidaritaet_ueberleben__mit_pc,control,0,1,1,8,2,14,11,34,0,11,6,14,0,0
pc-7da03940-2248,urzeitliche_kolosse__ohne_pc,control,1,0,0,8,-4,13,9,28,8,8,7,8,0,0
pc-0452c883-2249,solidaritaet_ueberleben__mit_pc,control,0,0,1,8,-2,14,7,23,7,7,4,2,0,0
pc-0452c883-2249,urzeitliche_kolosse__ohne_pc,control,1,1,0,8,8,13,8,34,2,7,3,12,0,2
pc-518f6df5-2250,solidaritaet_ueberleben__mit_pc,control,0,1,0,10,5,14,11,40,10,11,7,13,0,0
pc-518f6df5-2250,urzeitliche_kolosse__ohne_pc,control,1,0,1,10,-3,16,13,46,8,12,6,5,0,4
pc-d8421d37-2251,solidaritaet_ueberleben__mit_pc,control,0,0,0,10,-2,14,9,31,14,8,9,8,0,0
pc-d8421d37-2251,urzeitliche_kolosse__ohne_pc,control,1,1,1,10,2,14,11,46,5,11,8,12,0,1
pc-442a2f70-2252,solidaritaet_ueberleben__mit_pc,control,0,0,0,6,0,10,7,17,4,7,3,1,0,0
pc-442a2f70-2252,urzeitliche_kolosse__ohne_pc,control,1,1,1,6,9,11,6,19,1,6,5,10,0,0
pc-cadcdeb2-2253,solidaritaet_ueberleben__mit_pc,control,0,0,0,5,0,10,5,14,1,5,1,4,0,0
pc-cadcdeb2-2253,urzeitliche_kolosse__ohne_pc,control,1,1,1,5,6,11,5,12,3,4,2,10,0,0
pc-36c4f0eb-2254,solidaritaet_ueberleben__mit_pc,control,0,0,0,9,-1,15,9,35,5,8,7,9,0,0
pc-36c4f0eb-2254,urzeitliche_kolosse__ohne_pc,control,1,1,1,9,1,13,11,40,3,10,7,11,0,1
pc-bd77802d-2255,solidaritaet_ueberleben__mit_pc,control,0,1,0,9,3,15,12,41,2,11,6,11,0,0
pc-bd77802d-2255,urzeitliche_kolosse__ohne_pc,control,1,0,1,9,-1,15,9,41,3,9,8,7,0,2
pc-295fb266-2256,solidaritaet_ueberleben__mit_pc,control,0,0,0,8,-1,13,9,32,4,9,3,6,0,0
pc-295fb266-2256,urzeitliche_kolosse__ohne_pc,control,1,1,1,8,4,13,10,33,1,8,6,11,0,2
pc-b01241a8-2257,solidaritaet_ueberleben__mit_pc,control,0,1,0,10,3,15,12,46,5,12,9,12,0,0
pc-b01241a8-2257,urzeitliche_kolosse__ohne_pc,control,1,0,1,10,-2,15,13,48,5,11,10,7,0,3
pc-1bfa73e1-2258,solidaritaet_ueberleben__mit_pc,control,0,0,0,9,0,13,9,33,11,8,6,5,0,0
pc-1bfa73e1-2258,urzeitliche_kolosse__ohne_pc,control,1,1,1,9,5,14,12,39,3,11,6,10,0,1
pc-a2ad0323-2259,solidaritaet_ueberleben__mit_pc,control,0,1,0,8,5,13,7,30,4,7,7,10,0,0
pc-a2ad0323-2259,urzeitliche_kolosse__ohne_pc,control,1,0,1,8,0,12,10,34,1,8,2,5,0,0
pc-0e95355c-2260,solidaritaet_ueberleben__mit_pc,control,0,1,0,8,2,13,9,33,3,9,3,11,0,0
pc-0e95355c-2260,urzeitliche_kolosse__ohne_pc,control,1,0,1,8,-1,14,8,31,4,7,5,8,0,3
pc-9547c49e-2261,solidaritaet_ueberleben__mit_pc,control,0,1,0,12,1,17,15,45,25,14,9,10,0,0
pc-9547c49e-2261,urzeitliche_kolosse__ohne_pc,control,1,0,1,12,0,17,15,50,20,13,11,9,0,2
pc-012ff6d7-2262,solidaritaet_ueberleben__mit_pc,control,0,1,0,15,1,21,19,62,45,18,13,11,0,0
pc-012ff6d7-2262,urzeitliche_kolosse__ohne_pc,control,1,0,1,15,-1,20,18,67,47,16,16,9,0,5
pc-87e28619-2263,solidaritaet_ueberleben__mit_pc,control,0,1,0,8,2,14,9,30,1,8,4,15,0,0
pc-87e28619-2263,urzeitliche_kolosse__ohne_pc,control,1,0,1,8,-5,12,8,32,4,8,3,8,0,0
pc-f3cab851-2264,solidaritaet_ueberleben__mit_pc,control,0,,0,16,-1,21,19,65,57,18,12,7,0,0
pc-f3cab851-2264,urzeitliche_kolosse__ohne_pc,control,1,,1,16,0,21,19,69,61,17,16,8,0,1
pc-7a7d4794-2265,solidaritaet_ueberleben__mit_pc,control,0,1,0,9,4,14,8,33,9,7,4,10,0,0
pc-7a7d4794-2265,urzeitliche_kolosse__ohne_pc,control,1,0,1,9,0,13,10,42,3,8,3,6,0,0
pc-bcb9621d-2266,solidaritaet_ueberleben__mit_pc,control,0,1,0,8,6,13,8,31,2,8,5,11,0,0
pc-bcb9621d-2266,urzeitliche_kolosse__ohne_pc,control,1,0,1,8,-1,13,8,32,4,8,3,4,0,0
pc-436c1160-2267,solidaritaet_ueberleben__mit_pc,control,0,1,0,9,7,14,12,38,1,12,4,11,0,0
pc-436c1160-2267,urzeitliche_kolosse__ohne_pc,control,1,0,1,9,-1,15,9,39,4,9,7,3,0,0
pc-af542398-2268,solidaritaet_ueberleben__mit_pc,control,0,1,0,12,8,19,16,56,14,15,9,13,0,0
pc-af542398-2268,urzeitliche_kolosse__ohne_pc,control,1,0,1,12,-3,17,15,56,12,14,12,2,0,0
pc-3606d2db-2269,solidaritaet_ueberleben__mit_pc,control,0,0,0,13,-3,19,17,52,28,16,10,5,1,0
pc-3606d2db-2269,urzeitliche_kolosse__ohne_pc,control,1,1,1,13,5,16,16,56,30,15,16,13,0,5
pc-a1eee513-2270,solidaritaet_ueberleben__mit_pc,control,0,1,0,7,2,13,7,24,1,7,5,13,0,0
pc-a1eee513-2270,urzeitliche_kolosse__ohne_pc,control,1,0,1,7,-3,11,8,26,2,7,3,8,0,0
pc-28a19456-2271,solidaritaet_ueberleben__mit_pc,control,0,0,0,12,-1,19,16,53,17,15,9,7,0,0
pc-28a19456-2271,urzeitliche_kolosse__ohne_pc,control,1,1,1,12,3,18,11,51,18,11,11,11,0,2
pc-9489a68e-2272,solidaritaet_ueberleben__mit_pc,control,0,0,0,7,-2,13,6,25,2,6,5,0,0,0
pc-9489a68e-2272,urzeitliche_kolosse__ohne_pc,control,1,1,1,7,10,11,9,22,2,8,4,12,0,0
pc-1b3c55d1-2273,solidaritaet_ueberleben__mit_pc,control,0,0,0,13,-1,18,14,43,35,13,10,8,0,0
pc-1b3c55d1-2273,urzeitliche_kolosse__ohne_pc,control,1,1,1,13,2,18,15,59,23,13,10,11,0,0
pc-87246809-2274,solidaritaet_ueberleben__mit_pc,control,0,1,0,13,1,19,15,55,25,15,12,14,0,0
pc-87246809-2274,urzeitliche_kolosse__ohne_pc,control,1,0,1,13,-4,17,16,55,27,14,11,9,0,1
pc-0dd7174c-2275,solidaritaet_ueberleben__mit_pc,control,0,0,0,6,0,9,6,19,2,6,1,0,0,0
pc-0dd7174c-2275,urzeitliche_kolosse__ohne_pc,control,1,1,1,6,10,10,7,20,1,6,3,10,0,0
pc-79bf2984-2276,solidaritaet_ueberleben__mit_pc,control,0,1,0,8,6,14,9,27,5,8,4,14,0,0
pc-79bf2984-2276,urzeitliche_kolosse__ohne_pc,control,1,0,1,8,-4,13,9,32,4,9,3,4,0,3
pc-0071d8c7-2277,solidaritaet_ueberleben__mit_pc,control,0,0,0,10,-1,14,11,38,10,10,4,5,0,0
pc-0071d8c7-2277,urzeitliche_kolosse__ohne_pc,control,1,1,1,10,5,14,9,44,5,9,6,11,0,4
pc-6c59eaff-2278,solidaritaet_ueberleben__mit_pc,control,0,0,0,12,-3,16,15,49,23,14,10,8,1,0
pc-6c59eaff-2278,urzeitliche_kolosse__ohne_pc,control,1,1,1,12,2,16,15,52,22,14,11,13,0,4
pc-f30c9a41-2279,solidaritaet_ueberleben__mit_pc,control,0,0,0,11,0,19,12,40,15,11,8,8,0,0
pc-f30c9a41-2279,urzeitliche_kolosse__ohne_pc,control,1,1,1,11,2,16,12,47,15,11,7,10,0,3
pc-5ef4ac7a-2280,solidaritaet_ueberleben__mit_pc,control,0,0,0,10,-1,15,12,39,12,12,6,7,0,0
pc-5ef4ac7a-2280,urzeitliche_kolosse__ohne_pc,control,1,1,1,10,3,15,12,49,3,11,7,11,0,5
pc-e5a75bbc-2281,solidaritaet_ueberleben__mit_pc,control,0,1,0,8,4,12,8,32,3,8,4,11,0,0
pc-e5a75bbc-2281,urzeitliche_kolosse__ohne_pc,control,1,0,1,8,-1,14,8,32,4,8,4,6,0,0
pc-27e37646-2282,solidaritaet_ueberleben__mit_pc,control,0,0,0,7,-1,14,9,25,1,9,5,7,2,0
pc-27e37646-2282,urzeitliche_kolosse__ohne_pc,control,1,1,1,7,3,12,9,28,0,8,6,11,0,2
pc-ae960588-2283,solidaritaet_ueberleben__mit_pc,control,0,1,0,9,1,15,9,37,5,9,6,10,0,0
pc-ae960588-2283,urzeitliche_kolosse__ohne_pc,control,1,0,1,9,0,13,10,40,4,9,6,9,0,1
pc-1a7e37c1-2284,solidaritaet_ueberleben__mit_pc,control,0,0,0,7,-1,13,9,26,2,9,1,2,0,0
pc-1a7e37c1-2284,urzeitliche_kolosse__ohne_pc,control,1,1,1,7,8,12,6,20,1,6,6,11,0,0
pc-a130c703-2285,solidaritaet_ueberleben__mit_pc,control,0,1,0,11,3,17,12,44,15,11,7,14,0,0
pc-a130c703-2285,urzeitliche_kolosse__ohne_pc,control,1,0,1,11,-4,16,14,42,17,12,9,7,0,0
pc-0d18f93c-2286,solidaritaet_ueberleben__mit_pc,control,0,0,0,10,-2,15,10,39,12,9,9,8,0,0
pc-0d18f93c-2286,urzeitliche_kolosse__ohne_pc,control,1,1,1,10,2,14,13,46,5,12,5,12,0,0
pc-93cb887e-2287,solidaritaet_ueberleben__mit_pc,control,0,0,0,6,-1,11,7,20,1,7,1,4,0,0
pc-93cb887e-2287,urzeitliche_kolosse__ohne_pc,control,1,1,1,6,6,12,5,17,3,5,4,11,0,0
pc-ffb3bab6-2288,solidaritaet_ueberleben__mit_pc,control,0,1,0,11,6,16,14,48,13,14,6,10,2,0
pc-ffb3bab6-2288,urzeitliche_kolosse__ohne_pc,control,1,0,1,11,0,16,12,51,12,11,11,4,0,1
pc-866649f9-2289,solidaritaet_ueberleben__mit_pc,control,0,1,0,8,3,11,7,25,3,6,2,12,0,0
pc-866649f9-2289,urzeitliche_kolosse__ohne_pc,control,1,0,1,8,-2,14,7,31,5,7,4,7,0,3
pc-f24e7c31-2290,solidaritaet_ueberleben__mit_pc,control,0,0,0,8,0,12,9,24,4,9,4,6,0,0
pc-f24e7c31-2290,urzeitliche_kolosse__ohne_pc,control,1,1,1,8,4,12,9,31,5,8,5,10,0,0
pc-79010b74-2291,solidaritaet_ueberleben__mit_pc,control,0,1,0,7,8,11,9,23,3,9,5,11,0,0
pc-79010b74-2291,urzeitliche_kolosse__ohne_pc,control,1,0,1,7,-1,12,9,25,3,7,4,2,0,0
pc-e4e93dac-2292,solidaritaet_ueberleben__mit_pc,control,0,0,0,9,0,15,7,25,17,7,7,3,0,0
pc-e4e93dac-2292,urzeitliche_kolosse__ohne_pc,control,1,1,1,9,7,14,11,41,2,11,4,10,0,2
pc-6b9bccef-2293,solidaritaet_ueberleben__mit_pc,control,0,0,0,6,0,10,6,20,1,6,2,4,0,0
pc-6b9bccef-2293,urzeitliche_kolosse__ohne_pc,control,1,1,1,6,6,11,6,18,2,5,3,10,0,0
pc-d783ff27-2294,solidaritaet_ueberleben__mit_pc,control,0,0,0,9,0,13,10,27,9,9,6,5,0,0
pc-d783ff27-2294,urzeitliche_kolosse__ohne_pc,control,1,1,1,9,5,13,9,38,5,9,4,10,0,0
pc-5e368e6a-2295,solidaritaet_ueberleben__mit_pc,control,0,0,0,6,-1,11,6,20,1,6,3,0,0,0
pc-5e368e6a-2295,urzeitliche_kolosse__ohne_pc,control,1,1,1,6,10,10,6,17,1,5,3,11,0,2
pc-ca1ea0a2-2296,solidaritaet_ueberleben__mit_pc,control,0,1,0,14,5,18,16,58,39,15,11,10,0,0
pc-ca1ea0a2-2296,urzeitliche_kolosse__ohne_pc,control,1,0,1,14,0,20,17,61,32,15,12,5,0,0
pc-50d14fe5-2297,solidaritaet_ueberleben__mit_pc,control,0,0,0,4,-1,7,4,9,1,4,1,0,0,0
pc-50d14fe5-2297,urzeitliche_kolosse__ohne_pc,control,1,1,1,4,10,8,4,10,0,4,0,11,0,0
pc-930d6a6e-2298,solidaritaet_ueberleben__mit_pc,control,0,0,0,8,0,14,10,34,1,10,4,0,0,0
pc-930d6a6e-2298,urzeitliche_kolosse__ohne_pc,control,1,1,1,8,10,14,8,33,2,8,5,10,0,0
pc-19c019b1-2299,solidaritaet_ueberleben__mit_pc,control,0,0,0,5,0,9,3,12,3,3,0,5,0,0
pc-19c019b1-2299,urzeitliche_kolosse__ohne_pc,control,1,1,1,5,5,9,4,14,1,4,1,10,0,0
pc-b76961dc-2300,solidaritaet_ueberleben__ohne_pc,control,0,1,1,8,3,11,9,28,3,8,5,11,0,0
pc-b76961dc-2300,urzeitliche_kolosse__mit_pc,control,1,0,0,8,-1,14,9,34,2,8,3,7,0,0
pc-3e1c111f-2301,solidaritaet_ueberleben__ohne_pc,control,0,0,1,8,-1,13,8,31,2,8,6,6,0,0
pc-3e1c111f-2301,urzeitliche_kolosse__mit_pc,control,1,1,0,8,4,12,10,31,0,10,4,11,0,0
pc-aa042357-2302,solidaritaet_ueberleben__ohne_pc,control,0,0,1,10,-2,16,14,47,0,13,2,7,1,0
pc-aa042357-2302,urzeitliche_kolosse__mit_pc,control,1,1,0,10,3,16,8,35,14,7,10,12,0,4
pc-30b6d29a-2303,solidaritaet_ueberleben__ohne_pc,control,0,0,1,12,-2,18,16,51,17,15,6,4,0,0
pc-30b6d29a-2303,urzeitliche_kolosse__mit_pc,control,1,1,0,12,6,16,11,48,18,11,14,12,0,5
pc-9c9ee4d2-2304,solidaritaet_ueberleben__ohne_pc,control,0,0,1,13,-1,18,17,52,34,16,12,5,1,0
pc-9c9ee4d2-2304,urzeitliche_kolosse__mit_pc,control,1,1,0,13,5,17,16,61,26,15,14,11,0,4
pc-23519415-2305,solidaritaet_ueberleben__ohne_pc,control,0,0,1,11,-1,16,15,48,14,14,7,2,0,0
pc-23519415-2305,urzeitliche_kolosse__mit_pc,control,1,1,0,11,8,15,13,48,12,12,11,11,0,0
pc-8f39a64d-2306,solidaritaet_ueberleben__ohne_pc,control,0,1,1,8,6,13,9,32,0,8,4,13,0,0
pc-8f39a64d-2306,urzeitliche_kolosse__mit_pc,control,1,0,0,8,-3,13,9,36,0,8,3,4,0,0
pc-15ec5590-2307,solidaritaet_ueberleben__ohne_pc,control,0,1,1,8,4,12,8,29,3,8,7,10,0,0
pc-15ec5590-2307,urzeitliche_kolosse__mit_pc,control,1,0,0,8,0,14,8,31,4,8,4,6,0,2
pc-81d467c8-2308,solidaritaet_ueberleben__ohne_pc,control,0,0,1,11,-1,18,15,46,15,14,7,5,0,0
pc-81d467c8-2308,urzeitliche_kolosse__mit_pc,control,1,1,0,11,5,15,12,47,11,12,11,11,0,1
pc-0887170b-2309,solidaritaet_ueberleben__ohne_pc,control,0,0,1,14,-3,20,17,57,40,16,12,6,0,0
pc-0887170b-2309,urzeitliche_kolosse__mit_pc,control,1,1,0,14,4,19,17,65,30,16,14,13,0,1
pc-746f2943-2310,solidaritaet_ueberleben__ohne_pc,control,0,0,1,9,0,15,11,31,5,10,5,7,1,0
pc-746f2943-2310,urzeitliche_kolosse__mit_pc,control,1,1,0,9,3,14,8,32,4,7,5,10,0,0
pc-fb21d885-2311,solidaritaet_ueberleben__ohne_pc,control,0,0,1,14,-2,19,15,46,49,14,8,5,0,0
pc-fb21d885-2311,urzeitliche_kolosse__mit_pc,control,1,1,0,14,5,20,14,61,30,13,10,12,0,1
pc-6709eabe-2312,solidaritaet_ueberleben__ohne_pc,control,0,0,1,10,-2,14,9,34,11,8,7,9,0,0
pc-6709eabe-2312,urzeitliche_kolosse__mit_pc,control,1,1,0,10,1,15,10,39,9,10,7,12,0,3
pc-edbc9a00-2313,solidaritaet_ueberleben__ohne_pc,control,0,0,1,10,-3,16,10,41,4,9,7,9,0,0
pc-edbc9a00-2313,urzeitliche_kolosse__mit_pc,control,1,1,0,10,1,15,11,46,7,10,4,13,0,1
pc-59a4ac39-2314,solidaritaet_ueberleben__ohne_pc,control,0,1,1,8,4,12,11,36,0,11,5,12,1,0
pc-59a4ac39-2314,urzeitliche_kolosse__mit_pc,control,1,0,0,8,-2,12,9,32,4,8,7,6,0,1
pc-e0575b7b-2315,solidaritaet_ueberleben__ohne_pc,control,0,0,1,10,0,15,12,35,10,12,7,6,0,0
pc-e0575b7b-2315,urzeitliche_kolosse__mit_pc,control,1,1,0,10,4,17,11,42,7,10,9,10,0,1
pc-4c3f6db4-2316,solidaritaet_ueberleben__ohne_pc,control,0,0,1,15,-2,20,19,59,47,18,8,6,0,0
pc-4c3f6db4-2316,urzeitliche_kolosse__mit_pc,control,1,1,0,15,4,19,14,64,45,13,17,12,0,4
pc-d2f21cf6-2317,solidaritaet_ueberleben__ohne_pc,control,0,0,1,13,0,18,17,51,32,16,8,6,2,0
pc-d2f21cf6-2317,urzeitliche_kolosse__mit_pc,control,1,1,0,13,4,19,14,62,20,13,12,10,0,4
pc-3eda2f2f-2318,solidaritaet_ueberleben__ohne_pc,control,0,0,1,7,-1,12,9,22,5,8,4,7,0,0
pc-3eda2f2f-2318,urzeitliche_kolosse__mit_pc,control,1,1,0,7,3,13,7,25,3,7,4,11,0,0
pc-c58cde71-2319,solidaritaet_ueberleben__ohne_pc,control,0,1,1,5,1,10,5,15,0,5,2,11,0,0
pc-c58cde71-2319,urzeitliche_kolosse__mit_pc,control,1,0,0,5,-1,10,5,15,0,4,1,9,0,0
pc-3174f0aa-2320,solidaritaet_ueberleben__ohne_pc,control,0,0,1,9,-2,14,9,36,4,9,6,5,0,0
pc-3174f0aa-2320,urzeitliche_kolosse__mit_pc,control,1,1,0,9,5,13,10,40,3,9,4,12,0,1
pc-b8279fec-2321,solidaritaet_ueberleben__ohne_pc,control,0,0,1,9,-2,14,11,36,6,10,5,4,0,0
pc-b8279fec-2321,urzeitliche_kolosse__mit_pc,control,1,1,0,9,6,14,11,41,3,10,7,12,0,2
pc-240fb225-2322,solidaritaet_ueberleben__ohne_pc,control,0,0,1,8,-2,12,7,24,4,7,2,2,0,0
pc-240fb225-2322,urzeitliche_kolosse__mit_pc,control,1,1,0,8,8,13,8,28,2,7,2,12,0,1
pc-aac24167-2323,solidaritaet_ueberleben__ohne_pc,control,0,0,1,8,-1,13,11,29,2,11,1,7,0,0
pc-aac24167-2323,urzeitliche_kolosse__mit_pc,control,1,1,0,8,3,13,7,32,4,6,9,11,0,0
pc-16aa73a0-2324,solidaritaet_ueberleben__ohne_pc,control,0,1,1,9,5,12,10,31,5,9,7,12,0,0
pc-16aa73a0-2324,urzeitliche_kolosse__mit_pc,control,1,0,0,9,-2,13,10,38,5,9,5,5,0,0
pc-9d5d02e2-2325,solidaritaet_ueberleben__ohne_pc,control,0,1,1,7,4,12,9,28,0,8,5,11,0,0
pc-9d5d02e2-2325,urzeitliche_kolosse__mit_pc,control,1,0,0,7,-1,11,7,25,3,7,5,6,0,0
pc-0945351b-2326,solidaritaet_ueberleben__ohne_pc,control,0,1,1,8,2,12,9,27,1,8,7,10,0,0
pc-0945351b-2326,urzeitliche_kolosse__mit_pc,control,1,0,0,8,0,13,7,30,6,7,5,8,0,3
pc-8ff7c45d-2327,solidaritaet_ueberleben__ohne_pc,control,0,0,1,10,-2,15,13,43,10,13,6,5,0,0
pc-8ff7c45d-2327,urzeitliche_kolosse__mit_pc,control,1,1,0,10,5,16,11,42,5,10,10,12,0,2
pc-fbdff695-2328,solidaritaet_ueberleben__ohne_pc,control,0,0,1,10,-1,15,14,41,8,13,4,8,0,0
pc-fbdff695-2328,urzeitliche_kolosse__mit_pc,control,1,1,0,10,2,15,9,29,16,8,10,11,0,2
pc-829285d8-2329,solidaritaet_ueberleben__ohne_pc,control,0,0,1,9,-2,13,10,28,8,9,6,6,0,0
pc-829285d8-2329,urzeitliche_kolosse__mit_pc,control,1,1,0,9,4,15,9,34,2,9,5,12,0,1
pc-ee7ab810-2330,solidaritaet_ueberleben__ohne_pc,control,0,1,1,12,2,16,15,50,18,14,9,13,2,0
pc-ee7ab810-2330,urzeitliche_kolosse__mit_pc,control,1,0,0,12,-3,16,14,57,19,13,11,8,0,5
pc-752d4753-2331,solidaritaet_ueberleben__ohne_pc,control,0,0,1,8,-1,14,11,31,5,10,3,7,0,0
pc-752d4753-2331,urzeitliche_kolosse__mit_pc,control,1,1,0,8,3,13,9,32,3,8,8,11,0,1
pc-8dbd6a2d-2332,solidaritaet_ueberleben__ohne_pc,control,0,0,1,14,-2,21,18,59,36,17,11,6,0,0
pc-8dbd6a2d-2332,urzeitliche_kolosse__mit_pc,control,1,1,0,14,4,19,17,66,34,16,16,12,0,2
pc-14701970-2333,solidaritaet_ueberleben__ohne_pc,control,0,1,1,9,2,13,10,33,7,10,7,10,0,0
pc-14701970-2333,urzeitliche_kolosse__mit_pc,control,1,0,0,9,0,14,10,40,3,9,6,8,0,0
pc-80582ba8-2334,solidaritaet_ueberleben__ohne_pc,control,0,1,1,8,4,12,9,32,1,9,5,10,0,0
pc-80582ba8-2334,urzeitliche_kolosse__mit_pc,control,1,0,0,8,0,13,8,33,2,8,5,6,0,0
pc-070adaeb-2335,solidaritaet_ueberleben__ohne_pc,control,0,1,1,8,3,14,11,34,0,10,5,11,0,0
pc-070adaeb-2335,urzeitliche_kolosse__mit_pc,control,1,0,0,8,-1,13,9,32,4,9,6,7,0,0
pc-72f2ed23-2336,solidaritaet_ueberleben__ohne_pc,control,0,1,1,7,4,11,7,24,2,7,3,11,0,0
pc-72f2ed23-2336,urzeitliche_kolosse__mit_pc,control,1,0,0,7,-1,12,9,25,2,8,2,6,0,0
pc-f9a59c65-2337,solidaritaet_ueberleben__ohne_pc,control,0,1,1,10,1,15,12,47,8,11,7,15,0,0
pc-f9a59c65-2337,urzeitliche_kolosse__mit_pc,control,1,0,0,10,-5,16,12,47,6,11,7,9,0,2
pc-658dae9e-2338,solidaritaet_ueberleben__ohne_pc,control,0,0,1,16,0,22,20,64,59,19,8,8,0,0
pc-658dae9e-2338,urzeitliche_kolosse__mit_pc,control,1,1,0,16,1,21,14,64,56,13,16,9,0,3
pc-ec405de0-2339,solidaritaet_ueberleben__ohne_pc,control,0,0,1,6,-1,9,8,21,0,8,2,1,0,0
pc-ec405de0-2339,urzeitliche_kolosse__mit_pc,control,1,1,0,6,9,12,6,18,2,5,5,11,0,0
pc-58287019-2340,solidaritaet_ueberleben__ohne_pc,control,0,0,1,10,-1,15,11,37,10,11,9,3,0,0
pc-58287019-2340,urzeitliche_kolosse__mit_pc,control,1,1,0,10,7,15,12,46,6,12,8,11,0,3
pc-dedb1f5b-2341,solidaritaet_ueberleben__ohne_pc,control,0,0,1,9,0,14,10,33,3,9,6,5,0,0
pc-dedb1f5b-2341,urzeitliche_kolosse__mit_pc,control,1,1,0,9,5,14,9,34,2,8,5,10,0,0
pc-4ac33194-2342,solidaritaet_ueberleben__ohne_pc,control,0,1,1,8,1,12,8,31,1,8,5,13,0,0
pc-4ac33194-2342,urzeitliche_kolosse__mit_pc,control,1,0,0,8,-3,12,9,36,0,9,4,9,0,0
pc-d175c0d6-2343,solidaritaet_ueberleben__ohne_pc,control,0,0,1,7,-3,12,7,22,1,7,4,4,0,0
pc-d175c0d6-2343,urzeitliche_kolosse__mit_pc,control,1,1,0,7,6,12,8,26,1,8,2,13,0,1
pc-3d5df30f-2344,solidaritaet_ueberleben__ohne_pc,control,0,0,1,13,-2,19,15,53,31,14,7,7,0,0
pc-3d5df30f-2344,urzeitliche_kolosse__mit_pc,control,1,1,0,13,3,19,13,53,27,12,11,12,0,4
pc-c4108251-2345,solidaritaet_ueberleben__ohne_pc,control,0,0,1,6,0,12,8,21,0,8,1,4,0,0
pc-c4108251-2345,urzeitliche_kolosse__mit_pc,control,1,1,0,6,6,12,6,19,1,6,4,10,0,0
pc-2ff8b48a-2346,solidaritaet_ueberleben__ohne_pc,control,0,0,1,9,-4,14,9,29,7,9,8,6,0,0
pc-2ff8b48a-2346,urzeitliche_kolosse__mit_pc,control,1,1,0,9,4,14,9,32,4,9,4,14,0,0
pc-b6ab43cc-2347,solidaritaet_ueberleben__ohne_pc,control,0,0,1,10,-4,14,12,41,6,12,6,5,0,0
pc-b6ab43cc-2347,urzeitliche_kolosse__mit_pc,control,1,1,0,10,5,15,11,42,7,10,8,14,0,3
pc-22937605-2348,solidaritaet_ueberleben__ohne_pc,control,0,1,1,8,1,11,8,28,4,7,8,13,0,0
pc-22937605-2348,urzeitliche_kolosse__mit_pc,control,1,0,0,8,-3,13,10,35,0,9,3,9,0,1
pc-a9460547-2349,solidaritaet_ueberleben__ohne_pc,control,0,,1,16,-1,21,19,63,61,18,15,7,0,0
pc-a9460547-2349,urzeitliche_kolosse__mit_pc,control,1,,0,16,0,22,19,77,50,18,16,8,0,5
pc-78d6a234-2350,solidaritaet_ueberleben__ohne_pc,control,0,0,0,15,-3,21,16,53,52,15,11,5,0,0
pc-78d6a234-2350,urzeitliche_kolosse__mit_pc,control,1,1,1,15,5,20,16,60,45,15,12,13,0,0
pc-ff895176-2351,solidaritaet_ueberleben__ohne_pc,control,0,0,0,8,0,11,8,29,2,7,6,4,0,0
pc-ff895176-2351,urzeitliche_kolosse__mit_pc,control,1,1,1,8,6,14,8,29,7,8,3,10,0,0
pc-863be0b9-2352,solidaritaet_ueberleben__ohne_pc,control,0,0,0,9,-3,13,12,35,6,12,3,3,0,0
pc-863be0b9-2352,urzeitliche_kolosse__mit_pc,control,1,1,1,9,7,14,9,40,3,8,10,13,0,3
pc-0cee8ffc-2353,solidaritaet_ueberleben__ohne_pc,control,0,0,0,8,0,12,10,32,2,10,3,4,0,0
pc-0cee8ffc-2353,urzeitliche_kolosse__mit_pc,control,1,1,1,8,6,13,7,32,4,6,7,10,0,0
pc-93a13f3e-2354,solidaritaet_ueberleben__ohne_pc,control,0,1,0,9,3,14,10,34,6,10,3,14,0,0
pc-93a13f3e-2354,urzeitliche_kolosse__mit_pc,control,1,0,1,9,-4,15,7,33,11,7,8,7,0,2
pc-1a53ce81-2355,solidaritaet_ueberleben__ohne_pc,control,0,1,0,12,3,17,16,49,20,15,5,11,3,0
pc-1a53ce81-2355,urzeitliche_kolosse__mit_pc,control,1,0,1,12,-1,17,11,42,31,10,12,7,0,2
pc-a1067dc3-2356,solidaritaet_ueberleben__ohne_pc,control,0,0,0,9,-1,13,12,36,2,11,4,5,0,0
pc-a1067dc3-2356,urzeitliche_kolosse__mit_pc,control,1,1,1,9,5,15,9,38,2,9,7,11,0,4
pc-27b90d06-2357,solidaritaet_ueberleben__ohne_pc,control,0,1,0,14,2,20,15,48,43,14,13,11,0,0
pc-27b90d06-2357,urzeitliche_kolosse__mit_pc,control,1,0,1,14,-1,20,17,69,26,16,10,8,0,1
pc-ae6bbc48-2358,solidaritaet_ueberleben__ohne_pc,control,0,0,0,11,-1,16,14,41,17,13,7,4,0,0
pc-ae6bbc48-2358,urzeitliche_kolosse__mit_pc,control,1,1,1,11,6,16,13,56,5,12,13,11,0,2
pc-351e4b8b-2359,solidaritaet_ueberleben__ohne_pc,control,0,1,0,6,5,11,6,21,0,6,3,10,0,0
pc-351e4b8b-2359,urzeitliche_kolosse__mit_pc,control,1,0,1,6,0,11,6,16,4,6,2,5,0,0
pc-bbd0facd-2360,solidaritaet_ueberleben__ohne_pc,control,0,1,0,9,4,14,11,39,2,10,2,12,0,0
pc-bbd0facd-2360,urzeitliche_kolosse__mit_pc,control,1,0,1,9,-2,14,8,32,12,7,6,6,0,3
pc-42838a10-2361,solidaritaet_ueberleben__ohne_pc,control,0,0,0,12,-1,19,16,51,17,15,10,8,0,0
pc-42838a10-2361,urzeitliche_kolosse__mit_pc,control,1,1,1,12,2,17,15,53,18,14,15,11,0,2
pc-c9363952-2362,solidaritaet_ueberleben__ohne_pc,control,0,1,0,9,1,14,12,39,3,11,4,10,0,0
pc-c9363952-2362,urzeitliche_kolosse__mit_pc,control,1,0,1,9,0,15,8,39,6,8,9,9,0,0
pc-4fe8c895-2363,solidaritaet_ueberleben__ohne_pc,control,0,0,0,9,-2,14,12,40,2,11,2,3,0,0
pc-4fe8c895-2363,urzeitliche_kolosse__mit_pc,control,1,1,1,9,7,13,8,31,9,7,10,12,0,2
pc-d69b77d7-2364,solidaritaet_ueberleben__ohne_pc,control,0,1,0,6,1,10,6,18,2,6,4,10,0,0
pc-d69b77d7-2364,urzeitliche_kolosse__mit_pc,control,1,0,1,6,0,10,6,15,2,5,2,9,0,0
pc-5d4e071a-2365,solidaritaet_ueberleben__ohne_pc,control,0,0,0,10,0,15,12,35,14,12,6,7,0,0
pc-5d4e071a-2365,urzeitliche_kolosse__mit_pc,control,1,1,1,10,3,15,10,38,14,9,8,10,0,0
pc-e400b65c-2366,solidaritaet_ueberleben__ohne_pc,control,0,0,0,15,-2,21,19,58,49,18,11,7,0,0
pc-e400b65c-2366,urzeitliche_kolosse__mit_pc,control,1,1,1,15,3,20,17,66,39,16,19,12,0,2
pc-6ab3459f-2367,solidaritaet_ueberleben__ohne_pc,control,0,1,0,10,3,16,12,41,12,11,7,10,2,0
pc-6ab3459f-2367,urzeitliche_kolosse__mit_pc,control,1,0,1,10,0,16,13,50,3,12,7,7,0,1
pc-f165f4e1-2368,solidaritaet_ueberleben__ohne_pc,control,0,1,0,11,2,17,15,46,12,14,10,12,0,0
pc-f165f4e1-2368,urzeitliche_kolosse__mit_pc,control,1,0,1,11,-2,15,14,49,9,13,13,8,0,2
pc-78188424-2369,solidaritaet_ueberleben__ohne_pc,control,0,0,0,12,-3,17,15,46,22,14,5,7,0,0
pc-78188424-2369,urzeitliche_kolosse__mit_pc,control,1,1,1,12,3,18,10,44,25,10,12,13,0,0
pc-fecb3366-2370,solidaritaet_ueberleben__ohne_pc,control,0,0,0,12,-2,18,16,51,23,15,8,4,0,0
pc-fecb3366-2370,urzeitliche_kolosse__mit_pc,control,1,1,1,12,6,18,13,54,12,13,11,12,0,1
pc-857dc2a9-2371,solidaritaet_ueberleben__ohne_pc,control,0,1,0,7,6,12,7,22,2,7,6,10,0,0
pc-857dc2a9-2371,urzeitliche_kolosse__mit_pc,control,1,0,1,7,0,13,8,27,1,8,4,4,0,1
pc-0c3071ec-2372,solidaritaet_ueberleben__ohne_pc,control,0,0,0,9,-2,16,10,30,15,10,2,4,0,0
pc-0c3071ec-2372,urzeitliche_kolosse__mit_pc,control,1,1,1,9,6,14,8,37,5,7,8,12,0,3
pc-92e3012e-2373,solidaritaet_ueberleben__ohne_pc,control,0,0,0,9,-2,14,10,35,10,9,2,6,0,0
pc-92e3012e-2373,urzeitliche_kolosse__mit_pc,control,1,1,1,9,4,14,8,40,3,7,6,12,0,3
pc-1995b071-2374,solidaritaet_ueberleben__ohne_pc,control,0,0,0,10,-2,16,12,37,13,12,6,6,1,0
pc-1995b071-2374,urzeitliche_kolosse__mit_pc,control,1,1,1,10,4,15,12,45,7,11,11,12,0,0
pc-a0485fb3-2375,solidaritaet_ueberleben__ohne_pc,control,0,1,0,7,5,12,6,23,3,6,4,15,0,0
pc-a0485fb3-2375,urzeitliche_kolosse__mit_pc,control,1,0,1,7,-5,12,8,25,3,8,1,5,0,0
pc-26faeef6-2376,solidaritaet_ueberleben__ohne_pc,control,0,1,0,14,3,18,17,52,41,16,10,14,0,0
pc-26faeef6-2376,urzeitliche_kolosse__mit_pc,control,1,0,1,14,-4,20,14,57,45,13,13,7,0,2
pc-adad9e38-2377,solidaritaet_ueberleben__ohne_pc,control,0,,0,16,-1,21,20,64,63,19,13,8,1,0
pc-adad9e38-2377,urzeitliche_kolosse__mit_pc,control,1,,1,16,-1,22,18,75,45,17,17,8,0,1
pc-34602d7b-2378,solidaritaet_ueberleben__ohne_pc,control,0,0,0,9,-1,15,12,36,5,11,5,2,0,0
pc-34602d7b-2378,urzeitliche_kolosse__mit_pc,control,1,1,1,9,8,14,10,44,1,10,7,11,0,0
pc-bb12dcbd-2379,solidaritaet_ueberleben__ohne_pc,control,0,1,0,12,4,17,16,50,22,16,8,10,0,0
pc-bb12dcbd-2379,urzeitliche_kolosse__mit_pc,control,1,0,1,12,0,16,14,50,22,13,14,6,0,0
pc-41c56c00-2380,solidaritaet_ueberleben__ohne_pc,control,0,0,0,13,-3,19,16,49,35,15,9,5,1,0
pc-41c56c00-2380,urzeitliche_kolosse__mit_pc,control,1,1,1,13,5,19,14,65,21,14,14,13,0,3
pc-c8781b42-2381,solidaritaet_ueberleben__ohne_pc,control,0,1,0,15,5,20,17,57,50,16,15,10,0,0
pc-c8781b42-2381,urzeitliche_kolosse__mit_pc,control,1,0,1,15,0,20,18,66,42,17,13,5,0,2
pc-a282b9e3-2382,solidaritaet_ueberleben__ohne_pc,control,0,1,0,9,5,16,12,38,1,11,8,12,0,0
pc-a282b9e3-2382,urzeitliche_kolosse__mit_pc,control,1,0,1,9,-2,14,11,41,3,11,7,5,0,2
pc-29354926-2383,solidaritaet_ueberleben__ohne_pc,control,0,1,0,7,2,12,6,20,3,6,5,10,0,0
pc-29354926-2383,urzeitliche_kolosse__mit_pc,control,1,0,1,7,0,12,9,23,1,8,2,8,0,0
pc-afe7f868-2384,solidaritaet_ueberleben__ohne_pc,control,0,1,0,8,1,14,8,29,3,7,6,14,0,0
pc-afe7f868-2384,urzeitliche_kolosse__mit_pc,control,1,0,1,8,-4,12,9,32,3,9,3,9,0,1
pc-369a87ab-2385,solidaritaet_ueberleben__ohne_pc,control,0,1,0,8,3,13,7,28,6,7,7,11,0,0
pc-369a87ab-2385,urzeitliche_kolosse__mit_pc,control,1,0,1,8,-1,13,9,34,2,8,3,7,0,0
pc-bd4d36ed-2386,solidaritaet_ueberleben__ohne_pc,control,0,0,0,10,0,14,13,40,7,12,7,4,0,0
pc-bd4d36ed-2386,urzeitliche_kolosse__mit_pc,control,1,1,1,10,6,14,12,44,5,11,8,10,0,0
pc-43ffc630-2387,solidaritaet_ueberleben__ohne_pc,control,0,0,0,9,-1,14,9,26,13,9,6,7,0,0
pc-43ffc630-2387,urzeitliche_kolosse__mit_pc,control,1,1,1,9,3,14,10,40,4,10,6,11,0,0
pc-cab27572-2388,solidaritaet_ueberleben__ohne_pc,control,0,0,0,8,-2,14,9,27,3,8,5,8,0,0
pc-cab27572-2388,urzeitliche_kolosse__mit_pc,control,1,1,1,8,2,14,8,33,3,8,4,12,0,0
pc-516504b5-2389,solidaritaet_ueberleben__ohne_pc,control,0,0,0,13,-5,18,16,55,26,16,13,6,0,0
pc-516504b5-2389,urzeitliche_kolosse__mit_pc,control,1,1,1,13,4,19,16,58,24,15,14,15,0,6
pc-d817b3f7-2390,solidaritaet_ueberleben__ohne_pc,control,0,1,0,8,9,13,10,32,2,9,5,12,0,0
pc-d817b3f7-2390,urzeitliche_kolosse__mit_pc,control,1,0,1,8,-2,14,8,34,2,8,6,1,0,0
pc-5eca433a-2391,solidaritaet_ueberleben__ohne_pc,control,0,0,0,9,0,14,13,37,2,13,5,2,0,0
pc-5eca433a-2391,urzeitliche_kolosse__mit_pc,control,1,1,1,9,8,15,10,42,1,10,9,10,0,0
pc-e57cf27c-2392,solidaritaet_ueberleben__ohne_pc,control,0,1,0,9,6,13,10,33,8,9,7,12,0,0
pc-e57cf27c-2392,urzeitliche_kolosse__mit_pc,control,1,0,1,9,-2,15,11,41,3,11,4,4,0,0
pc-6c2f81bf-2393,solidaritaet_ueberleben__ohne_pc,control,0,0,0,6,0,12,5,19,2,5,2,0,0,0
pc-6c2f81bf-2393,urzeitliche_kolosse__mit_pc,control,1,1,1,6,10,10,6,18,1,5,3,10,0,1
pc-f2e23101-2394,solidaritaet_ueberleben__ohne_pc,control,0,1,0,15,2,22,19,63,47,18,13,9,0,0
pc-f2e23101-2394,urzeitliche_kolosse__mit_pc,control,1,0,1,15,0,21,17,63,42,16,17,7,0,4
pc-7994c044-2395,solidaritaet_ueberleben__ohne_pc,control,0,0,0,7,-1,11,9,27,1,9,3,3,0,0
pc-7994c044-2395,urzeitliche_kolosse__mit_pc,control,1,1,1,7,7,12,9,24,4,8,6,11,0,2
pc-00476f87-2396,solidaritaet_ueberleben__ohne_pc,control,0,0,0,14,-1,20,18,54,41,17,13,9,0,0
pc-00476f87-2396,urzeitliche_kolosse__mit_pc,control,1,1,1,14,1,19,17,59,36,16,18,11,0,2
pc-86fa1ec9-2397,solidaritaet_ueberleben__ohne_pc,control,0,0,0,6,0,10,5,19,2,5,1,6,0,0
pc-86fa1ec9-2397,urzeitliche_kolosse__mit_pc,control,1,1,1,6,4,10,5,17,4,5,1,10,0,0
pc-0dacae0c-2398,solidaritaet_ueberleben__ohne_pc,control,0,0,0,4,-1,8,4,9,0,4,1,2,0,0
pc-0dacae0c-2398,urzeitliche_kolosse__mit_pc,control,1,1,1,4,8,9,4,10,0,4,1,11,0,0
pc-945f5d4e-2399,solidaritaet_ueberleben__ohne_pc,control,0,1,0,9,1,14,10,33,3,10,3,11,0,0
pc-945f5d4e-2399,urzeitliche_kolosse__mit_pc,control,1,0,1,9,-1,14,8,36,3,8,7,9,0,0
