matchId,deckId,botType,side,winner,startingPlayer,roundsPlayed,baseHealth,cardsDrawn,cardsPlayed,energySpent,energyUnused,creaturesSummoned,creaturesDestroyed,baseDamage,healing,laneMoves
match-26606adb-0,forschung_muskelkraft,standard,0,1,1,12,4,22,14,52,14,12,12,11,0,0
match-26606adb-0,rudeljaeger,standard,1,0,0,12,-1,17,15,44,27,13,7,6,0,0
match-ad131a1d-1,forschung_muskelkraft,standard,0,1,1,14,4,22,15,61,35,13,15,15,0,0
match-ad131a1d-1,rudeljaeger,standard,1,0,0,14,-5,18,17,51,44,16,8,6,0,1
match-18fb2c56-2,forschung_muskelkraft,standard,0,0,1,5,0,11,3,11,4,3,1,3,0,0
match-18fb2c56-2,rudeljaeger,standard,1,1,0,5,7,10,4,9,3,4,0,10,0,0
match-9faddb98-3,forschung_muskelkraft,standard,0,0,1,6,-2,13,5,18,3,4,0,6,0,0
match-9faddb98-3,rudeljaeger,standard,1,1,0,6,4,10,6,17,2,5,1,12,0,0
match-0b95edd1-4,forschung_muskelkraft,standard,0,0,1,8,0,18,8,31,2,7,9,8,0,0
match-0b95edd1-4,rudeljaeger,standard,1,1,0,8,2,13,11,24,7,9,3,10,0,1
match-92489d13-5,forschung_muskelkraft,standard,0,0,1,5,-2,13,5,14,1,4,2,0,0,0
match-92489d13-5,rudeljaeger,standard,1,1,0,5,10,9,6,13,0,6,2,12,0,0
match-fe30af4b-6,forschung_muskelkraft,standard,0,0,1,3,0,10,3,5,1,2,0,0,0,0
match-fe30af4b-6,rudeljaeger,standard,1,1,0,3,10,6,3,6,0,3,0,10,0,0
match-84e35e8e-7,forschung_muskelkraft,standard,0,0,1,5,-1,11,5,14,1,4,4,2,0,0
match-84e35e8e-7,rudeljaeger,standard,1,1,0,5,8,9,7,15,0,7,1,11,0,0
match-5bf564ef-8,forschung_muskelkraft,standard,0,1,1,12,7,22,14,58,14,13,13,10,0,0
match-5bf564ef-8,rudeljaeger,standard,1,0,0,12,0,17,15,45,23,14,8,3,0,0
match-e2a81431-9,forschung_muskelkraft,standard,0,1,1,9,4,21,10,37,5,9,11,10,0,0
match-e2a81431-9,rudeljaeger,standard,1,0,0,9,0,12,12,35,3,11,5,6,0,1
match-4e90266a-10,forschung_muskelkraft,standard,0,1,1,13,2,22,17,65,13,15,14,16,0,0
match-4e90266a-10,rudeljaeger,standard,1,0,0,13,-6,18,17,46,37,15,10,8,0,0
match-d542d5ac-11,forschung_muskelkraft,standard,0,0,1,4,0,10,3,6,2,3,0,3,0,0
match-d542d5ac-11,rudeljaeger,standard,1,1,0,4,7,8,4,9,0,3,1,10,0,0
match-412ae7e5-12,forschung_muskelkraft,standard,0,0,1,6,-1,15,6,19,2,5,3,0,0,0
match-412ae7e5-12,rudeljaeger,standard,1,1,0,6,10,10,7,19,2,6,2,11,0,0
match-c7dd9727-13,forschung_muskelkraft,standard,0,0,1,8,-1,14,10,31,2,8,7,5,0,0
match-c7dd9727-13,rudeljaeger,standard,1,1,0,8,5,11,11,31,1,10,6,11,0,1
match-33c5a960-14,forschung_muskelkraft,standard,0,1,1,8,6,18,8,27,2,7,9,10,0,0
match-33c5a960-14,rudeljaeger,standard,1,0,0,8,0,12,11,29,5,9,3,4,0,0
match-ba7858a2-15,forschung_muskelkraft,standard,0,1,1,13,1,22,14,57,21,12,13,13,0,0
match-ba7858a2-15,rudeljaeger,standard,1,0,0,13,-3,18,16,43,36,14,8,9,0,1
match-bb3676b2-16,forschung_muskelkraft,standard,0,1,1,7,7,16,8,25,1,6,5,12,0,0
match-bb3676b2-16,rudeljaeger,standard,1,0,0,7,-2,11,9,26,2,7,4,3,0,0
match-41e905f5-17,forschung_muskelkraft,standard,0,1,1,9,2,15,9,34,3,8,7,10,0,0
match-41e905f5-17,rudeljaeger,standard,1,0,0,9,0,14,12,32,5,11,4,8,0,0
match-add1382d-18,forschung_muskelkraft,standard,0,1,1,8,4,20,10,32,3,8,8,11,0,0
match-add1382d-18,rudeljaeger,standard,1,0,0,8,-1,12,12,28,4,10,4,6,0,0
match-3483c770-19,forschung_muskelkraft,standard,0,1,1,7,6,16,7,25,2,6,6,10,0,0
match-3483c770-19,rudeljaeger,standard,1,0,0,7,0,11,9,25,3,8,1,4,0,1
match-a06bf9a8-20,forschung_muskelkraft,standard,0,0,1,5,-1,12,5,14,1,4,3,7,0,0
match-a06bf9a8-20,rudeljaeger,standard,1,1,0,5,3,9,5,13,2,5,0,11,0,0
match-271e88eb-21,forschung_muskelkraft,standard,0,0,1,5,-2,13,5,14,1,4,3,3,0,0
match-271e88eb-21,rudeljaeger,standard,1,1,0,5,7,10,5,14,1,5,0,12,0,0
match-9306bb23-22,forschung_muskelkraft,standard,0,1,1,11,4,20,13,50,15,11,11,12,0,0
match-9306bb23-22,rudeljaeger,standard,1,0,0,11,-2,16,14,36,22,13,6,6,0,1
match-19b94a66-23,forschung_muskelkraft,standard,0,1,1,9,6,17,11,39,2,9,9,11,0,0
match-19b94a66-23,rudeljaeger,standard,1,0,0,9,-1,14,12,35,5,10,4,4,0,0
match-f0cb70c6-24,forschung_muskelkraft,standard,0,1,1,11,4,20,15,57,3,13,12,10,0,0
match-f0cb70c6-24,rudeljaeger,standard,1,0,0,11,0,17,15,41,19,14,8,6,0,0
match-777e0009-25,forschung_muskelkraft,standard,0,0,1,6,-2,16,5,18,2,5,4,6,0,0
match-777e0009-25,rudeljaeger,standard,1,1,0,6,4,11,8,20,1,8,1,12,0,0
match-e3663241-26,forschung_muskelkraft,standard,0,0,1,8,0,19,10,30,4,8,9,9,0,0
match-e3663241-26,rudeljaeger,standard,1,1,0,8,1,13,12,30,2,11,4,10,0,0
match-6a18c184-27,forschung_muskelkraft,standard,0,1,1,10,6,20,12,45,5,11,13,14,0,0
match-6a18c184-27,rudeljaeger,standard,1,0,0,10,-4,15,14,36,11,13,7,4,0,0
match-d600f3bc-28,forschung_muskelkraft,standard,0,0,1,6,-3,15,5,18,2,5,3,7,0,0
match-d600f3bc-28,rudeljaeger,standard,1,1,0,6,3,11,7,18,2,6,2,13,0,0
match-5cb382ff-29,forschung_muskelkraft,standard,0,0,1,5,-1,13,4,12,3,3,1,0,0,0
match-5cb382ff-29,rudeljaeger,standard,1,1,0,5,10,10,4,13,2,4,1,11,0,0
match-c89bb537-30,forschung_muskelkraft,standard,0,0,1,4,0,9,3,4,2,1,2,3,0,0
match-c89bb537-30,rudeljaeger,standard,1,1,0,4,7,9,5,10,0,4,0,10,0,0
match-4f4e447a-31,forschung_muskelkraft,standard,0,0,1,11,0,23,14,54,12,12,10,6,0,0
match-4f4e447a-31,rudeljaeger,standard,1,1,0,11,4,17,15,41,15,14,8,10,0,1
match-500c628a-32,forschung_muskelkraft,standard,0,0,1,5,0,10,2,9,6,2,3,0,0,0
match-500c628a-32,rudeljaeger,standard,1,1,0,5,10,9,6,13,0,6,0,10,0,0
match-d6bf11cc-33,forschung_muskelkraft,standard,0,0,1,10,0,21,12,43,12,10,10,4,0,0
match-d6bf11cc-33,rudeljaeger,standard,1,1,0,10,6,14,14,35,15,13,6,10,0,0
match-42a72405-34,forschung_muskelkraft,standard,0,,1,16,0,23,18,71,51,16,18,7,0,0
match-42a72405-34,rudeljaeger,standard,1,,0,16,0,21,20,56,65,18,13,7,0,1
match-c959d347-35,forschung_muskelkraft,standard,0,0,1,5,-1,12,5,14,1,4,3,6,0,0
match-c959d347-35,rudeljaeger,standard,1,1,0,5,4,10,6,15,0,5,0,11,0,0
match-3541e580-36,forschung_muskelkraft,standard,0,1,1,12,3,22,15,56,10,13,12,16,0,0
match-3541e580-36,rudeljaeger,standard,1,0,0,12,-6,18,16,49,21,14,8,7,0,3
match-bbf494c2-37,forschung_muskelkraft,standard,0,1,1,8,6,16,8,31,2,7,10,11,0,0
match-bbf494c2-37,rudeljaeger,standard,1,0,0,8,-1,14,11,25,6,10,3,4,0,0
match-27dca6fb-38,forschung_muskelkraft,standard,0,0,1,7,0,16,7,26,1,6,6,5,0,0
match-27dca6fb-38,rudeljaeger,standard,1,1,0,7,5,12,8,24,0,8,3,10,0,0
match-ae8f563d-39,forschung_muskelkraft,standard,0,1,1,8,1,19,9,31,3,7,9,12,0,0
match-ae8f563d-39,rudeljaeger,standard,1,0,0,8,-2,13,11,25,8,10,2,9,0,0
match-85a17c9e-40,forschung_muskelkraft,standard,0,1,1,6,1,13,6,20,1,5,4,10,0,0
match-85a17c9e-40,rudeljaeger,standard,1,0,0,6,0,11,9,19,2,7,2,9,0,0
match-0c540be1-41,forschung_muskelkraft,standard,0,1,1,11,1,22,14,52,13,12,13,11,0,0
match-0c540be1-41,rudeljaeger,standard,1,0,0,11,-1,16,15,41,19,14,7,9,0,1
match-783c3e19-42,forschung_muskelkraft,standard,0,1,1,6,1,15,5,18,2,5,4,10,0,0
match-783c3e19-42,rudeljaeger,standard,1,0,0,6,0,11,6,18,1,6,2,9,0,0
match-feeecd5b-43,forschung_muskelkraft,standard,0,1,1,12,4,23,16,59,8,14,13,13,0,0
match-feeecd5b-43,rudeljaeger,standard,1,0,0,12,-3,17,15,37,31,13,9,6,0,0
match-6ad6ff94-44,forschung_muskelkraft,standard,0,1,1,6,6,14,6,19,1,5,3,11,0,0
match-6ad6ff94-44,rudeljaeger,standard,1,0,0,6,-1,11,7,21,0,6,1,4,0,0
match-f1898ed6-45,forschung_muskelkraft,standard,0,1,1,15,1,22,15,63,42,13,16,13,0,0
match-f1898ed6-45,rudeljaeger,standard,1,0,0,15,-3,20,19,52,58,17,8,9,0,0
match-5d71a10f-46,forschung_muskelkraft,standard,0,0,1,5,-1,14,5,14,1,4,2,3,0,0
match-5d71a10f-46,rudeljaeger,standard,1,1,0,5,7,10,4,14,1,4,2,11,0,0
match-e4245051-47,forschung_muskelkraft,standard,0,,1,15,0,22,18,71,40,16,15,9,0,0
match-e4245051-47,rudeljaeger,standard,1,,0,15,0,20,19,54,55,18,15,9,0,2
match-e4e26e61-48,forschung_muskelkraft,standard,0,1,1,7,4,15,8,26,2,7,6,10,0,0
match-e4e26e61-48,rudeljaeger,standard,1,0,0,7,0,11,10,22,2,8,2,6,0,1
match-6b951da4-49,forschung_muskelkraft,standard,0,1,1,7,3,12,7,26,1,6,6,15,0,0
match-6b951da4-49,rudeljaeger,standard,1,0,0,7,-5,12,10,25,1,8,2,7,0,0
match-d77d2fdc-50,forschung_muskelkraft,standard,0,1,1,12,1,22,15,56,15,13,13,10,0,0
match-d77d2fdc-50,rudeljaeger,standard,1,0,0,12,0,17,16,44,25,14,8,9,0,1
match-5e2fdf1f-51,forschung_muskelkraft,standard,0,0,1,6,-3,13,3,15,6,3,4,0,0,0
match-5e2fdf1f-51,rudeljaeger,standard,1,1,0,6,10,9,7,19,1,7,2,13,0,0
match-ca17f157-52,forschung_muskelkraft,standard,0,0,1,5,-4,13,3,11,4,3,2,0,0,0
match-ca17f157-52,rudeljaeger,standard,1,1,0,5,10,9,4,14,1,4,1,14,0,0
match-50ca809a-53,forschung_muskelkraft,standard,0,1,1,6,2,15,6,20,1,5,4,12,0,0
match-50ca809a-53,rudeljaeger,standard,1,0,0,6,-2,10,7,19,1,7,2,8,0,0
match-bcb2b2d2-54,forschung_muskelkraft,standard,0,0,1,4,-1,9,3,8,2,3,0,6,0,0
match-bcb2b2d2-54,rudeljaeger,standard,1,1,0,4,4,8,4,9,1,4,1,11,0,0
match-43654215-55,forschung_muskelkraft,standard,0,1,1,10,3,18,13,46,3,11,7,12,0,0
match-43654215-55,rudeljaeger,standard,1,0,0,10,-2,14,13,36,11,12,6,7,0,1
match-1a776876-56,forschung_muskelkraft,standard,0,1,1,10,3,21,13,46,4,11,11,11,0,0
match-1a776876-56,rudeljaeger,standard,1,0,0,10,-1,15,14,38,8,12,6,7,0,0
match-a12a17b8-57,forschung_muskelkraft,standard,0,1,1,10,2,21,13,49,6,11,9,15,0,0
match-a12a17b8-57,rudeljaeger,standard,1,0,0,10,-5,15,13,35,11,11,8,8,0,2
match-0d1229f1-58,forschung_muskelkraft,standard,0,1,1,10,3,20,12,39,6,10,10,11,0,0
match-0d1229f1-58,rudeljaeger,standard,1,0,0,10,-1,16,14,46,5,12,5,7,0,1
match-93c4d933-59,forschung_muskelkraft,standard,0,0,1,7,-2,14,8,26,2,6,6,7,0,0
match-93c4d933-59,rudeljaeger,standard,1,1,0,7,3,12,10,24,1,8,2,12,0,0
match-ffaceb6b-60,forschung_muskelkraft,standard,0,0,1,7,0,13,6,22,5,5,4,3,0,0
match-ffaceb6b-60,rudeljaeger,standard,1,1,0,7,7,11,9,24,2,7,1,10,0,0
match-865f9aae-61,forschung_muskelkraft,standard,0,0,1,5,-1,12,5,14,1,4,4,2,0,0
match-865f9aae-61,rudeljaeger,standard,1,1,0,5,8,8,5,14,0,5,0,11,0,0
match-f247ace6-62,forschung_muskelkraft,standard,0,0,1,9,0,18,12,43,2,10,8,8,0,0
match-f247ace6-62,rudeljaeger,standard,1,1,0,9,2,13,13,31,10,11,7,10,0,0
match-78fa5c29-63,forschung_muskelkraft,standard,0,0,1,5,-1,12,4,12,3,3,2,3,0,0
match-78fa5c29-63,rudeljaeger,standard,1,1,0,5,7,9,5,15,0,5,0,11,0,0
match-d3087b7c-64,forschung_muskelkraft,standard,0,0,1,7,-3,15,5,22,5,5,4,3,0,0
match-d3087b7c-64,rudeljaeger,standard,1,1,0,7,7,11,8,23,3,8,2,13,0,0
match-59bb0abf-65,forschung_muskelkraft,standard,0,1,1,13,6,22,12,45,38,10,12,12,0,0
match-59bb0abf-65,rudeljaeger,standard,1,0,0,13,-2,18,17,44,36,15,5,4,0,1
match-c5a33cf7-66,forschung_muskelkraft,standard,0,0,1,9,-1,20,11,40,5,9,7,4,0,0
match-c5a33cf7-66,rudeljaeger,standard,1,1,0,9,6,13,12,31,8,10,6,11,0,0
match-4c55cc3a-67,forschung_muskelkraft,standard,0,1,1,8,4,14,8,30,4,6,9,10,0,0
match-4c55cc3a-67,rudeljaeger,standard,1,0,0,8,0,13,11,30,3,10,1,6,0,0
match-b83dfe72-68,forschung_muskelkraft,standard,0,0,1,6,0,14,6,19,1,5,6,0,0,0
match-b83dfe72-68,rudeljaeger,standard,1,1,0,6,10,10,9,21,0,9,3,10,0,0
match-3ef08db5-69,forschung_muskelkraft,standard,0,0,1,5,-1,12,5,14,1,4,3,0,0,0
match-3ef08db5-69,rudeljaeger,standard,1,1,0,5,10,10,6,15,0,5,1,11,0,0
match-aad8bfed-70,forschung_muskelkraft,standard,0,1,1,12,4,21,13,54,17,12,14,15,0,0
match-aad8bfed-70,rudeljaeger,standard,1,0,0,12,-5,17,16,42,25,14,7,6,0,0
match-318b4f30-71,forschung_muskelkraft,standard,0,0,1,8,-1,15,9,33,3,8,6,6,0,0
match-318b4f30-71,rudeljaeger,standard,1,1,0,8,4,12,11,35,1,10,4,11,0,0
match-089d7591-72,forschung_muskelkraft,standard,0,1,1,11,2,20,11,45,10,10,13,13,0,0
match-089d7591-72,rudeljaeger,standard,1,0,0,11,-3,17,14,35,22,12,6,8,0,0
match-8f5004d3-73,forschung_muskelkraft,standard,0,1,1,11,2,20,10,36,24,8,13,12,0,0
match-8f5004d3-73,rudeljaeger,standard,1,0,0,11,-2,17,15,45,12,14,4,8,0,1
match-fb38370b-74,forschung_muskelkraft,standard,0,0,1,6,-3,14,7,20,1,5,4,3,0,0
match-fb38370b-74,rudeljaeger,standard,1,1,0,6,7,10,8,19,1,8,1,13,0,0
match-81eac64e-75,forschung_muskelkraft,standard,0,1,1,10,3,20,13,47,4,11,8,10,0,0
match-81eac64e-75,rudeljaeger,standard,1,0,0,10,0,14,13,35,12,11,9,7,0,1
match-edd2f886-76,forschung_muskelkraft,standard,0,0,1,6,-1,14,5,19,2,5,2,3,0,0
match-edd2f886-76,rudeljaeger,standard,1,1,0,6,7,12,7,16,4,6,3,11,0,0
match-748587c9-77,forschung_muskelkraft,standard,0,1,1,9,1,20,8,28,8,6,7,12,0,0
match-748587c9-77,rudeljaeger,standard,1,0,0,9,-2,16,13,33,7,11,2,9,0,0
match-e06dba01-78,forschung_muskelkraft,standard,0,1,1,10,1,20,9,35,10,7,11,13,0,0
match-e06dba01-78,rudeljaeger,standard,1,0,0,10,-3,13,13,36,12,12,4,9,0,1
match-67204944-79,forschung_muskelkraft,standard,0,0,1,6,-1,15,5,18,2,5,6,2,0,0
match-67204944-79,rudeljaeger,standard,1,1,0,6,8,12,8,16,1,8,1,11,0,1
match-67de6754-80,forschung_muskelkraft,standard,0,0,1,7,0,15,7,26,2,6,6,0,0,0
match-67de6754-80,rudeljaeger,standard,1,1,0,7,10,11,10,24,2,9,4,10,0,0
match-ee911696-81,forschung_muskelkraft,standard,0,0,1,6,0,12,6,19,2,5,4,8,0,0
match-ee911696-81,rudeljaeger,standard,1,1,0,6,2,9,9,20,0,8,2,10,0,0
match-5a7928cf-82,forschung_muskelkraft,standard,0,1,1,9,4,19,8,32,9,6,10,13,0,0
match-5a7928cf-82,rudeljaeger,standard,1,0,0,9,-3,12,12,28,12,10,1,6,0,0
match-e12bd811-83,forschung_muskelkraft,standard,0,0,1,5,0,11,2,9,6,2,2,4,0,0
match-e12bd811-83,rudeljaeger,standard,1,1,0,5,6,8,4,10,3,4,0,10,0,0
match-4d13ea4a-84,forschung_muskelkraft,standard,0,0,1,6,0,14,5,19,2,5,5,6,0,0
match-4d13ea4a-84,rudeljaeger,standard,1,1,0,6,4,12,8,21,0,8,2,10,0,1
match-d3c6998c-85,forschung_muskelkraft,standard,0,1,1,10,2,21,10,39,6,9,10,14,0,0
match-d3c6998c-85,rudeljaeger,standard,1,0,0,10,-4,14,14,38,8,12,4,8,0,0
match-3faeabc5-86,forschung_muskelkraft,standard,0,1,1,11,1,21,12,45,14,10,11,15,0,0
match-3faeabc5-86,rudeljaeger,standard,1,0,0,11,-5,16,15,41,15,13,5,9,0,0
match-c6615b07-87,forschung_muskelkraft,standard,0,0,1,9,0,18,10,38,4,9,6,7,0,0
match-c6615b07-87,rudeljaeger,standard,1,1,0,9,3,13,12,32,5,11,5,10,0,0
match-9d736168-88,forschung_muskelkraft,standard,0,1,1,6,1,14,6,19,2,5,6,11,0,0
match-9d736168-88,rudeljaeger,standard,1,0,0,6,-1,10,9,16,3,7,2,9,0,0
match-242610ab-89,forschung_muskelkraft,standard,0,1,1,13,3,22,17,67,16,15,12,13,0,0
match-242610ab-89,rudeljaeger,standard,1,0,0,13,-3,17,16,41,39,14,10,7,0,0
match-900e22e3-90,forschung_muskelkraft,standard,0,1,1,12,3,19,12,47,19,11,13,10,0,0
match-900e22e3-90,rudeljaeger,standard,1,0,0,12,0,16,16,46,27,14,6,7,0,0
match-16c0d226-91,forschung_muskelkraft,standard,0,1,1,5,1,9,5,14,1,4,3,10,0,0
match-16c0d226-91,rudeljaeger,standard,1,0,0,5,0,10,6,15,0,5,0,9,0,0
match-82a8e45e-92,forschung_muskelkraft,standard,0,0,1,3,0,10,3,5,1,2,0,0,0,0
match-82a8e45e-92,rudeljaeger,standard,1,1,0,3,10,7,4,6,0,4,1,10,0,0
match-095b93a1-93,forschung_muskelkraft,standard,0,0,1,10,-1,18,13,45,10,11,9,6,0,0
match-095b93a1-93,rudeljaeger,standard,1,1,0,10,4,15,12,36,11,11,8,11,0,2
match-7543a5d9-94,forschung_muskelkraft,standard,0,1,1,8,3,17,9,32,2,8,7,11,0,0
match-7543a5d9-94,rudeljaeger,standard,1,0,0,8,-1,12,11,33,2,10,3,7,0,0
match-fbf6551b-95,forschung_muskelkraft,standard,0,1,1,8,4,15,9,29,3,7,6,10,0,0
match-fbf6551b-95,rudeljaeger,standard,1,0,0,8,0,12,11,31,3,9,2,6,0,0
match-fcb4732b-96,forschung_muskelkraft,standard,0,0,1,11,-1,22,11,47,19,10,11,7,0,0
match-fcb4732b-96,rudeljaeger,standard,1,1,0,11,3,17,15,39,19,14,7,11,0,0
match-8367026e-97,forschung_muskelkraft,standard,0,0,1,5,-1,12,5,14,1,4,3,5,0,0
match-8367026e-97,rudeljaeger,standard,1,1,0,5,5,9,5,15,0,5,0,11,0,0
match-ef4f34a6-98,forschung_muskelkraft,standard,0,1,1,7,4,14,7,24,2,6,7,12,0,0
match-ef4f34a6-98,rudeljaeger,standard,1,0,0,7,-2,12,10,25,1,8,1,6,0,0
match-7601c3e9-99,forschung_muskelkraft,standard,0,0,1,4,0,9,3,4,2,1,0,2,0,0
match-7601c3e9-99,rudeljaeger,standard,1,1,0,4,8,8,4,10,0,4,0,10,0,0
match-3bcdbc09-100,forschung_muskelkraft,standard,0,0,0,4,0,10,2,6,4,2,0,0,0,0
match-3bcdbc09-100,rudeljaeger,standard,1,1,1,4,10,8,3,8,1,3,1,10,0,0
match-c2804b4b-101,forschung_muskelkraft,standard,0,0,0,4,-3,9,1,4,6,1,0,0,0,0
match-c2804b4b-101,rudeljaeger,standard,1,1,1,4,10,8,4,10,0,4,0,13,0,0
match-4932fa8e-102,forschung_muskelkraft,standard,0,1,0,8,1,17,8,25,3,6,8,12,0,0
match-4932fa8e-102,rudeljaeger,standard,1,0,1,8,-2,12,11,33,0,11,1,9,0,0
match-cfe589d0-103,forschung_muskelkraft,standard,0,0,0,6,-1,14,6,18,2,4,3,0,0,0
match-cfe589d0-103,rudeljaeger,standard,1,1,1,6,10,9,5,17,1,5,2,11,0,0
match-56983913-104,forschung_muskelkraft,standard,0,0,0,5,-1,14,3,11,4,3,0,0,0,0
match-56983913-104,rudeljaeger,standard,1,1,1,5,10,10,6,15,0,5,1,11,0,0
match-dd4ac855-105,forschung_muskelkraft,standard,0,1,0,14,5,23,16,67,28,14,14,10,0,0
match-dd4ac855-105,rudeljaeger,standard,1,0,1,14,0,19,18,49,47,16,10,5,0,0
match-63fd7798-106,forschung_muskelkraft,standard,0,0,0,7,-2,17,8,26,2,7,6,5,0,0
match-63fd7798-106,rudeljaeger,standard,1,1,1,7,5,12,9,24,3,9,4,12,0,0
match-eab006da-107,forschung_muskelkraft,standard,0,1,0,12,1,22,14,55,22,12,12,10,0,0
match-eab006da-107,rudeljaeger,standard,1,0,1,12,0,17,16,47,23,15,8,9,0,1
match-0638a1f5-108,forschung_muskelkraft,standard,0,1,0,10,4,15,10,40,5,8,12,11,0,0
match-0638a1f5-108,rudeljaeger,standard,1,0,1,10,-1,15,13,37,10,11,3,6,0,0
match-8ceb5137-109,forschung_muskelkraft,standard,0,1,0,11,6,23,13,50,11,11,13,10,0,0
match-8ceb5137-109,rudeljaeger,standard,1,0,1,11,0,17,15,42,19,14,6,4,0,1
match-139de07a-110,forschung_muskelkraft,standard,0,0,0,5,0,12,2,9,6,2,0,0,0,0
match-139de07a-110,rudeljaeger,standard,1,1,1,5,10,10,6,11,1,5,0,10,0,0
match-9a508fbc-111,forschung_muskelkraft,standard,0,1,0,12,2,23,13,53,13,11,10,13,0,0
match-9a508fbc-111,rudeljaeger,standard,1,0,1,12,-3,16,15,38,29,13,6,8,0,1
match-21033eff-112,forschung_muskelkraft,standard,0,0,0,9,0,20,11,38,6,9,4,0,0,0
match-21033eff-112,rudeljaeger,standard,1,1,1,9,10,14,9,34,5,9,5,10,0,2
match-a7b5ce41-113,forschung_muskelkraft,standard,0,1,0,16,2,22,19,73,51,17,16,11,0,0
match-a7b5ce41-113,rudeljaeger,standard,1,0,1,16,-2,22,20,56,66,18,13,7,0,1
match-2e687d84-114,forschung_muskelkraft,standard,0,1,0,10,6,17,10,39,6,9,12,10,0,0
match-2e687d84-114,rudeljaeger,standard,1,0,1,10,0,15,14,35,14,12,4,4,0,1
match-b51b0cc6-115,forschung_muskelkraft,standard,0,0,0,5,-1,13,5,14,1,4,3,0,0,0
match-b51b0cc6-115,rudeljaeger,standard,1,1,1,5,10,10,5,13,2,5,1,11,0,0
match-d0a3a7e0-116,forschung_muskelkraft,standard,0,1,0,9,4,16,9,33,9,7,13,12,0,0
match-d0a3a7e0-116,rudeljaeger,standard,1,0,1,9,-2,15,13,37,3,13,2,6,0,1
match-57565723-117,forschung_muskelkraft,standard,0,1,0,7,1,16,9,27,1,7,3,12,0,0
match-57565723-117,rudeljaeger,standard,1,0,1,7,-2,13,8,23,1,6,5,9,0,0
match-de08e665-118,forschung_muskelkraft,standard,0,0,0,15,0,23,17,69,40,15,11,8,0,0
match-de08e665-118,rudeljaeger,standard,1,1,1,15,1,22,15,48,59,13,12,9,0,1
match-64bb95a8-119,forschung_muskelkraft,standard,0,0,0,7,0,15,8,26,1,6,3,3,0,0
match-64bb95a8-119,rudeljaeger,standard,1,1,1,7,7,11,9,23,2,8,3,10,0,0
match-eb6e24ea-120,forschung_muskelkraft,standard,0,1,0,6,6,15,6,19,1,5,3,13,0,0
match-eb6e24ea-120,rudeljaeger,standard,1,0,1,6,-3,11,7,19,1,6,1,4,0,0
match-7220d42d-121,forschung_muskelkraft,standard,0,1,0,8,3,15,7,24,4,5,7,11,0,0
match-7220d42d-121,rudeljaeger,standard,1,0,1,8,-1,13,11,30,5,10,0,7,0,1
match-f8d3636f-122,forschung_muskelkraft,standard,0,1,0,7,4,17,7,25,3,6,7,14,0,0
match-f8d3636f-122,rudeljaeger,standard,1,0,1,7,-4,10,10,25,1,8,3,6,0,0
match-7f8612b2-123,forschung_muskelkraft,standard,0,0,0,4,0,10,2,6,4,2,0,0,0,0
match-7f8612b2-123,rudeljaeger,standard,1,1,1,4,10,10,4,8,1,4,1,10,0,0
match-9b0eadcc-124,forschung_muskelkraft,standard,0,1,0,5,5,11,5,14,1,4,1,10,0,0
match-9b0eadcc-124,rudeljaeger,standard,1,0,1,5,0,8,5,12,2,4,0,5,0,0
match-21c15d0f-125,forschung_muskelkraft,standard,0,1,0,16,4,23,17,65,59,15,16,15,0,0
match-21c15d0f-125,rudeljaeger,standard,1,0,1,16,-6,20,19,55,67,17,10,5,0,2
match-a873ec51-126,forschung_muskelkraft,standard,0,1,0,10,6,19,12,45,9,10,11,11,0,0
match-a873ec51-126,rudeljaeger,standard,1,0,1,10,-1,16,14,39,10,12,5,4,0,0
match-2f269b94-127,forschung_muskelkraft,standard,0,0,0,4,0,11,4,9,1,3,3,0,0,0
match-2f269b94-127,rudeljaeger,standard,1,1,1,4,10,8,5,9,0,4,1,10,0,0
match-b5d92ad6-128,forschung_muskelkraft,standard,0,1,0,9,6,18,9,30,6,7,10,14,0,0
match-b5d92ad6-128,rudeljaeger,standard,1,0,1,9,-4,15,13,34,8,12,2,4,0,0
match-3c8bda19-129,forschung_muskelkraft,standard,0,0,0,5,-2,12,3,11,4,3,1,3,0,0
match-3c8bda19-129,rudeljaeger,standard,1,1,1,5,7,9,6,12,2,5,1,12,0,0
match-c33e695b-130,forschung_muskelkraft,standard,0,0,0,4,-1,9,1,4,6,1,0,0,0,0
match-c33e695b-130,rudeljaeger,standard,1,1,1,4,10,8,3,8,2,3,0,11,0,0
match-49f1189e-131,forschung_muskelkraft,standard,0,1,0,10,3,18,11,41,5,9,10,11,0,0
match-49f1189e-131,rudeljaeger,standard,1,0,1,10,-1,15,13,41,8,12,5,7,0,1
match-6579b3b8-132,forschung_muskelkraft,standard,0,0,0,7,-1,18,8,26,2,7,4,6,0,0
match-6579b3b8-132,rudeljaeger,standard,1,1,1,7,4,13,8,27,1,8,5,11,0,0
match-ec2c42fa-133,forschung_muskelkraft,standard,0,0,0,8,-1,18,10,34,1,9,7,2,0,0
match-ec2c42fa-133,rudeljaeger,standard,1,1,1,8,8,12,10,32,3,10,6,11,0,0
match-72def23d-134,forschung_muskelkraft,standard,0,1,0,11,6,21,13,53,6,12,10,12,0,0
match-72def23d-134,rudeljaeger,standard,1,0,1,11,-2,16,14,33,24,12,8,4,0,0
match-f991817f-135,forschung_muskelkraft,standard,0,1,0,6,3,14,7,20,1,5,4,11,0,0
match-f991817f-135,rudeljaeger,standard,1,0,1,6,-1,9,7,16,3,7,1,7,0,0
match-804430c2-136,forschung_muskelkraft,standard,0,1,0,11,4,23,12,44,11,10,14,13,0,0
match-804430c2-136,rudeljaeger,standard,1,0,1,11,-3,15,15,40,18,14,5,6,0,1
match-06f6c005-137,forschung_muskelkraft,standard,0,1,0,7,1,18,8,26,1,6,6,10,0,0
match-06f6c005-137,rudeljaeger,standard,1,0,1,7,0,11,10,21,2,9,3,9,0,0
match-8da96f47-138,forschung_muskelkraft,standard,0,1,0,11,3,18,12,46,9,10,13,12,0,0
match-8da96f47-138,rudeljaeger,standard,1,0,1,11,-2,15,14,40,20,13,8,7,0,1
match-145c1e8a-139,forschung_muskelkraft,standard,0,0,0,4,-1,9,4,9,1,3,0,2,0,0
match-145c1e8a-139,rudeljaeger,standard,1,1,1,4,8,8,4,10,0,4,1,11,0,0
match-2fe4b9a4-140,forschung_muskelkraft,standard,0,0,0,5,-1,12,4,13,2,4,1,0,0,0
match-2fe4b9a4-140,rudeljaeger,standard,1,1,1,5,10,9,6,13,1,5,2,11,0,0
match-b69748e6-141,forschung_muskelkraft,standard,0,1,0,11,6,23,11,40,15,9,11,10,0,0
match-b69748e6-141,rudeljaeger,standard,1,0,1,11,0,15,14,39,17,13,4,4,0,2
match-3d49f829-142,forschung_muskelkraft,standard,0,1,0,15,3,22,16,61,44,14,17,11,0,0
match-3d49f829-142,rudeljaeger,standard,1,0,1,15,-1,19,19,53,57,17,9,7,0,3
match-c3fc876b-143,forschung_muskelkraft,standard,0,1,0,15,4,23,12,51,59,10,14,13,0,0
match-c3fc876b-143,rudeljaeger,standard,1,0,1,15,-3,19,18,46,61,16,7,6,0,1
match-4aaf36ae-144,forschung_muskelkraft,standard,0,1,0,11,6,23,13,47,13,11,13,10,0,0
match-4aaf36ae-144,rudeljaeger,standard,1,0,1,11,0,16,15,44,12,14,6,4,0,0
match-d161c5f0-145,forschung_muskelkraft,standard,0,0,0,4,0,9,1,4,6,1,0,0,0,0
match-d161c5f0-145,rudeljaeger,standard,1,1,1,4,10,9,4,9,0,4,0,10,0,0
match-58147533-146,forschung_muskelkraft,standard,0,1,0,12,1,23,13,52,18,11,13,17,0,0
match-58147533-146,rudeljaeger,standard,1,0,1,12,-7,17,15,46,21,13,6,9,0,1
match-dec70475-147,forschung_muskelkraft,standard,0,0,0,7,-4,15,8,26,1,6,4,3,0,0
match-dec70475-147,rudeljaeger,standard,1,1,1,7,7,11,8,25,1,7,4,14,0,0
match-fa4fbf8f-148,forschung_muskelkraft,standard,0,1,0,12,3,23,12,43,24,10,11,12,0,0
match-fa4fbf8f-148,rudeljaeger,standard,1,0,1,12,-2,16,15,44,23,13,5,7,0,2
match-81024ed2-149,forschung_muskelkraft,standard,0,0,0,3,-2,8,3,5,1,2,0,0,0,0
match-81024ed2-149,rudeljaeger,standard,1,1,1,3,10,6,3,6,0,3,1,12,0,0
match-07b4fe15-150,forschung_muskelkraft,standard,0,1,0,7,2,17,8,26,1,6,3,10,0,0
match-07b4fe15-150,rudeljaeger,standard,1,0,1,7,0,12,7,24,3,7,3,8,0,1
match-8e678d57-151,forschung_muskelkraft,standard,0,1,0,11,4,22,13,47,8,11,14,15,0,0
match-8e678d57-151,rudeljaeger,standard,1,0,1,11,-5,16,15,40,20,14,6,6,0,0
match-151a3c9a-152,forschung_muskelkraft,standard,0,1,0,9,2,16,9,33,9,7,8,10,0,0
match-151a3c9a-152,rudeljaeger,standard,1,0,1,9,0,12,12,38,2,11,2,8,0,1
match-9bcccbdc-153,forschung_muskelkraft,standard,0,1,0,10,4,19,11,40,5,9,11,11,0,0
match-9bcccbdc-153,rudeljaeger,standard,1,0,1,10,-1,17,14,39,11,12,4,6,0,0
match-227f7b1f-154,forschung_muskelkraft,standard,0,1,0,11,4,22,14,49,16,12,15,12,0,0
match-227f7b1f-154,rudeljaeger,standard,1,0,1,11,-2,16,15,45,17,15,7,6,0,0
match-a9320a61-155,forschung_muskelkraft,standard,0,1,0,14,2,23,14,57,34,12,15,14,0,0
match-a9320a61-155,rudeljaeger,standard,1,0,1,14,-4,19,18,49,47,16,7,8,0,0
match-c4baa57b-156,forschung_muskelkraft,standard,0,1,0,12,4,22,13,49,23,11,13,12,0,0
match-c4baa57b-156,rudeljaeger,standard,1,0,1,12,-2,17,16,44,24,14,6,6,0,1
match-4b6d54be-157,forschung_muskelkraft,standard,0,1,0,10,6,19,12,45,9,10,12,13,0,0
match-4b6d54be-157,rudeljaeger,standard,1,0,1,10,-3,16,14,37,12,13,5,4,0,0
match-d21fe400-158,forschung_muskelkraft,standard,0,1,0,14,6,22,17,67,28,15,14,13,0,0
match-d21fe400-158,rudeljaeger,standard,1,0,1,14,-3,17,17,44,49,15,11,4,0,0
match-58d29343-159,forschung_muskelkraft,standard,0,0,0,5,0,13,4,13,2,4,0,0,0,0
match-58d29343-159,rudeljaeger,standard,1,1,1,5,10,8,6,13,1,5,2,10,0,0
match-df852285-160,forschung_muskelkraft,standard,0,1,0,7,2,15,8,26,1,6,5,11,0,0
match-df852285-160,rudeljaeger,standard,1,0,1,7,-1,13,9,27,1,8,1,8,0,0
match-6637d1c8-161,forschung_muskelkraft,standard,0,1,0,14,1,23,18,71,22,16,14,10,0,0
match-6637d1c8-161,rudeljaeger,standard,1,0,1,14,0,19,18,49,46,16,11,9,0,0
match-ecea610a-162,forschung_muskelkraft,standard,0,1,0,10,3,20,10,36,9,8,11,10,0,0
match-ecea610a-162,rudeljaeger,standard,1,0,1,10,0,14,14,46,5,13,4,7,0,1
match-739d104d-163,forschung_muskelkraft,standard,0,0,0,4,0,10,4,9,1,3,0,4,0,0
match-739d104d-163,rudeljaeger,standard,1,1,1,4,6,8,4,10,0,4,1,10,0,0
match-8f25ab67-164,forschung_muskelkraft,standard,0,1,0,14,6,22,13,51,40,11,15,15,0,0
match-8f25ab67-164,rudeljaeger,standard,1,0,1,14,-5,20,18,49,44,16,6,4,0,1
match-15d85aaa-165,forschung_muskelkraft,standard,0,0,0,5,-2,12,5,14,1,4,4,6,0,0
match-15d85aaa-165,rudeljaeger,standard,1,1,1,5,4,9,5,14,1,5,1,12,0,0
match-9c8ae9ec-166,forschung_muskelkraft,standard,0,1,0,9,6,16,11,37,5,9,11,12,0,0
match-9c8ae9ec-166,rudeljaeger,standard,1,0,1,9,-2,14,13,33,7,11,4,4,0,0
match-233d992f-167,forschung_muskelkraft,standard,0,0,0,5,-1,13,2,9,6,2,2,0,0,0
match-233d992f-167,rudeljaeger,standard,1,1,1,5,10,10,6,14,1,5,1,11,0,0
match-a9f02871-168,forschung_muskelkraft,standard,0,0,0,5,-1,12,5,14,1,4,2,0,0,0
match-a9f02871-168,rudeljaeger,standard,1,1,1,5,10,10,5,13,1,5,1,11,0,0
match-30a2d7b4-169,forschung_muskelkraft,standard,0,1,0,12,3,22,11,46,26,9,10,11,0,0
match-30a2d7b4-169,rudeljaeger,standard,1,0,1,12,-1,16,15,41,28,13,4,7,0,1
match-b75566f6-170,forschung_muskelkraft,standard,0,0,0,5,0,10,3,11,4,3,0,0,0,0
match-b75566f6-170,rudeljaeger,standard,1,1,1,5,10,9,6,14,1,5,2,10,0,0
match-3e081639-171,forschung_muskelkraft,standard,0,1,0,13,2,22,16,59,23,14,13,10,0,0
match-3e081639-171,rudeljaeger,standard,1,0,1,13,0,16,16,43,37,14,10,8,0,0
match-5990b153-172,forschung_muskelkraft,standard,0,1,0,12,2,21,15,63,13,13,8,12,0,0
match-5990b153-172,rudeljaeger,standard,1,0,1,12,-2,17,14,47,21,12,8,8,0,2
match-e0434095-173,forschung_muskelkraft,standard,0,0,0,4,-1,11,3,8,2,3,0,0,0,0
match-e0434095-173,rudeljaeger,standard,1,1,1,4,10,8,5,9,0,5,1,11,0,0
match-66f5efd8-174,forschung_muskelkraft,standard,0,1,0,8,2,17,11,35,1,9,6,12,0,0
match-66f5efd8-174,rudeljaeger,standard,1,0,1,8,-2,11,11,26,5,9,5,8,0,0
match-eda89f1a-175,forschung_muskelkraft,standard,0,0,0,6,0,15,7,19,1,6,4,3,0,0
match-eda89f1a-175,rudeljaeger,standard,1,1,1,6,7,10,6,21,0,6,3,10,0,0
match-745b2e5d-176,forschung_muskelkraft,standard,0,1,0,15,2,21,17,69,36,15,15,13,0,0
match-745b2e5d-176,rudeljaeger,standard,1,0,1,15,-3,20,19,53,53,17,10,8,0,1
match-fb0ddd9f-177,forschung_muskelkraft,standard,0,1,0,9,4,19,11,39,4,9,9,11,0,0
match-fb0ddd9f-177,rudeljaeger,standard,1,0,1,9,-1,12,12,36,4,11,4,6,0,1
match-81c06ce2-178,forschung_muskelkraft,standard,0,1,0,6,2,15,6,19,1,5,4,10,0,0
match-81c06ce2-178,rudeljaeger,standard,1,0,1,6,0,11,6,13,5,6,1,8,0,0
match-08731c25-179,forschung_muskelkraft,standard,0,0,0,5,-1,10,5,14,1,4,6,0,0,0
match-08731c25-179,rudeljaeger,standard,1,1,1,5,10,8,7,13,0,6,3,11,0,0
match-23fbb73f-180,forschung_muskelkraft,standard,0,1,0,14,3,23,13,53,43,11,13,13,0,0
match-23fbb73f-180,rudeljaeger,standard,1,0,1,14,-3,19,17,48,44,16,7,7,0,1
match-aaae4681-181,forschung_muskelkraft,standard,0,1,0,11,1,20,15,58,3,13,10,10,0,0
match-aaae4681-181,rudeljaeger,standard,1,0,1,11,0,15,14,38,20,12,8,9,0,2
match-3160f5c4-182,forschung_muskelkraft,standard,0,0,0,4,-1,10,3,7,3,2,0,2,0,0
match-3160f5c4-182,rudeljaeger,standard,1,1,1,4,8,7,4,10,0,4,0,11,0,0
match-b8138506-183,forschung_muskelkraft,standard,0,0,0,5,-1,13,5,14,1,4,3,5,0,0
match-b8138506-183,rudeljaeger,standard,1,1,1,5,5,8,5,14,1,5,1,11,0,0
match-3ec63449-184,forschung_muskelkraft,standard,0,1,0,9,4,17,10,35,6,8,10,15,0,0
match-3ec63449-184,rudeljaeger,standard,1,0,1,9,-5,12,12,33,4,11,4,6,0,2
match-c578c38b-185,forschung_muskelkraft,standard,0,0,0,13,-3,19,17,63,19,15,11,9,0,0
match-c578c38b-185,rudeljaeger,standard,1,1,1,13,1,19,17,50,31,15,13,13,0,4
match-4c2b72ce-186,forschung_muskelkraft,standard,0,0,0,4,0,10,3,8,2,3,0,0,0,0
match-4c2b72ce-186,rudeljaeger,standard,1,1,1,4,10,9,4,8,1,4,1,10,0,0
match-d2de0210-187,forschung_muskelkraft,standard,0,1,0,8,6,15,10,34,2,8,6,10,0,0
match-d2de0210-187,rudeljaeger,standard,1,0,1,8,0,13,11,28,1,9,4,4,0,3
match-ee66bd2a-188,forschung_muskelkraft,standard,0,0,0,8,-3,14,8,24,4,6,9,9,0,0
match-ee66bd2a-188,rudeljaeger,standard,1,1,1,8,1,13,12,34,0,11,5,13,0,1
match-75194c6d-189,forschung_muskelkraft,standard,0,1,0,16,3,23,18,71,53,16,16,12,0,0
match-75194c6d-189,rudeljaeger,standard,1,0,1,16,-3,22,20,56,65,18,12,6,0,0
match-fbcbfbaf-190,forschung_muskelkraft,standard,0,0,0,10,0,22,11,39,15,9,9,4,0,0
match-fbcbfbaf-190,rudeljaeger,standard,1,1,1,10,6,15,13,37,12,12,7,10,0,0
match-827e8af2-191,forschung_muskelkraft,standard,0,1,0,15,2,22,17,67,42,15,16,9,0,0
match-827e8af2-191,rudeljaeger,standard,1,0,1,15,0,21,19,52,54,17,12,7,0,1
match-09313a35-192,forschung_muskelkraft,standard,0,0,0,4,0,10,4,9,1,3,0,0,0,0
match-09313a35-192,rudeljaeger,standard,1,1,1,4,10,9,4,10,0,3,0,10,0,0
match-8fe3c977-193,forschung_muskelkraft,standard,0,0,0,6,0,14,5,17,4,4,1,0,0,0
match-8fe3c977-193,rudeljaeger,standard,1,1,1,6,10,10,7,19,1,6,2,10,0,0
match-169678ba-194,forschung_muskelkraft,standard,0,1,0,9,4,19,11,39,6,9,9,11,0,0
match-169678ba-194,rudeljaeger,standard,1,0,1,9,-1,14,13,36,8,12,4,6,0,0
match-9d4907fc-195,forschung_muskelkraft,standard,0,0,0,5,-2,12,4,13,2,4,1,0,0,0
match-9d4907fc-195,rudeljaeger,standard,1,1,1,5,10,9,5,13,2,5,2,12,0,0
match-b8d1a316-196,forschung_muskelkraft,standard,0,1,0,10,4,22,12,40,10,10,11,15,0,0
match-b8d1a316-196,rudeljaeger,standard,1,0,1,10,-5,16,14,38,10,13,5,6,0,0
match-3f845259-197,forschung_muskelkraft,standard,0,0,0,6,-1,12,6,20,1,5,4,7,0,0
match-3f845259-197,rudeljaeger,standard,1,1,1,6,3,9,8,20,1,7,4,11,0,0
match-c636e19b-198,forschung_muskelkraft,standard,0,0,0,5,-1,13,6,13,2,4,4,0,0,0
match-c636e19b-198,rudeljaeger,standard,1,1,1,5,10,9,6,15,0,6,0,11,0,0
match-4ce990de-199,forschung_muskelkraft,standard,0,1,0,10,5,21,12,43,7,10,9,11,0,0
match-4ce990de-199,rudeljaeger,standard,1,0,1,10,-1,15,13,39,10,12,7,5,0,2
match-c9e3e486-200,forschung_muskelkraft,standard,0,0,1,14,-2,22,18,71,30,16,17,9,0,0
match-c9e3e486-200,solidaritaet_ueberleben,standard,1,1,0,14,1,19,18,63,32,18,11,12,0,0
match-509693c9-201,forschung_muskelkraft,standard,0,1,1,8,9,15,8,26,2,6,9,13,0,0
match-509693c9-201,solidaritaet_ueberleben,standard,1,0,0,8,-3,13,11,31,1,10,1,1,0,0
match-bc7ea601-202,forschung_muskelkraft,standard,0,1,1,13,4,21,9,36,43,7,16,11,0,0
match-bc7ea601-202,solidaritaet_ueberleben,standard,1,0,0,13,-1,18,17,59,25,16,2,6,0,0
match-43315544-203,forschung_muskelkraft,standard,0,1,1,14,4,22,15,59,32,13,14,12,0,0
match-43315544-203,solidaritaet_ueberleben,standard,1,0,0,14,-2,18,17,61,33,16,9,6,0,0
match-e4ae6190-204,forschung_muskelkraft,standard,0,1,1,11,4,22,11,44,17,9,9,14,0,0
match-e4ae6190-204,solidaritaet_ueberleben,standard,1,0,0,11,-4,17,13,41,20,13,4,6,0,0
match-6b6110d3-205,forschung_muskelkraft,standard,0,1,1,14,4,23,19,73,20,17,16,12,0,0
match-6b6110d3-205,solidaritaet_ueberleben,standard,1,0,0,14,-2,19,16,50,41,15,13,6,0,0
match-d749230b-206,forschung_muskelkraft,standard,0,0,1,5,0,12,2,9,6,2,0,0,0,0
match-d749230b-206,solidaritaet_ueberleben,standard,1,1,0,5,10,11,4,14,1,4,0,10,0,0
match-5dfbd24e-207,forschung_muskelkraft,standard,0,1,1,11,4,22,10,36,19,8,14,12,0,0
match-5dfbd24e-207,solidaritaet_ueberleben,standard,1,0,0,11,-2,17,15,46,13,15,3,6,0,0
match-ff78fe9a-208,forschung_muskelkraft,standard,0,1,1,15,2,23,15,60,49,13,16,11,0,0
match-ff78fe9a-208,solidaritaet_ueberleben,standard,1,0,0,15,-1,22,19,65,44,18,8,8,0,0
match-862b8ddd-209,forschung_muskelkraft,standard,0,1,1,10,6,20,9,35,15,7,13,11,0,0
match-862b8ddd-209,solidaritaet_ueberleben,standard,1,0,0,10,-1,15,13,37,12,13,2,4,0,0
match-f213a015-210,forschung_muskelkraft,standard,0,0,1,8,-1,17,8,27,6,6,4,4,0,0
match-f213a015-210,solidaritaet_ueberleben,standard,1,1,0,8,6,13,9,33,3,8,1,11,0,0
match-78c64f58-211,forschung_muskelkraft,standard,0,1,1,15,3,22,17,69,44,15,17,10,0,0
match-78c64f58-211,solidaritaet_ueberleben,standard,1,0,0,15,0,19,19,64,42,18,11,7,0,0
match-1a437ba5-212,forschung_muskelkraft,standard,0,1,1,12,6,24,14,52,14,12,16,11,0,0
match-1a437ba5-212,solidaritaet_ueberleben,standard,1,0,0,12,-1,17,16,49,20,16,7,4,0,0
match-a0f60ae7-213,forschung_muskelkraft,standard,0,0,1,12,-3,22,16,61,10,14,15,9,0,0
match-a0f60ae7-213,solidaritaet_ueberleben,standard,1,1,0,12,1,18,15,51,21,15,9,13,0,0
match-0cde3d20-214,forschung_muskelkraft,standard,0,1,1,16,1,21,16,67,53,14,19,11,0,0
match-0cde3d20-214,solidaritaet_ueberleben,standard,1,0,0,16,-2,21,20,69,57,19,10,8,0,0
match-9390cc62-215,forschung_muskelkraft,standard,0,1,1,15,7,23,20,75,32,18,14,9,0,0
match-9390cc62-215,solidaritaet_ueberleben,standard,1,0,0,15,0,21,18,66,44,17,16,2,0,0
match-350df8af-216,forschung_muskelkraft,standard,0,0,1,8,0,17,8,24,4,6,5,2,0,0
match-350df8af-216,solidaritaet_ueberleben,standard,1,1,0,8,8,11,9,30,2,9,1,10,0,0
match-bbc087f1-217,forschung_muskelkraft,standard,0,1,1,11,8,22,13,45,10,11,15,11,0,0
match-bbc087f1-217,solidaritaet_ueberleben,standard,1,0,0,11,-1,16,15,43,14,15,6,2,0,0
match-27a8ba2a-218,forschung_muskelkraft,standard,0,1,1,11,6,21,12,47,13,10,12,11,0,0
match-27a8ba2a-218,solidaritaet_ueberleben,standard,1,0,0,11,-1,15,14,41,17,13,6,4,0,0
match-ae5b496c-219,forschung_muskelkraft,standard,0,1,1,10,5,20,10,34,11,8,11,11,0,0
match-ae5b496c-219,solidaritaet_ueberleben,standard,1,0,0,10,-1,14,14,47,5,13,3,5,0,0
match-4fd875b9-220,forschung_muskelkraft,standard,0,1,1,12,6,23,15,59,11,13,9,10,0,0
match-4fd875b9-220,solidaritaet_ueberleben,standard,1,0,0,12,0,18,15,56,18,14,8,4,0,0
match-d68b04fb-221,forschung_muskelkraft,standard,0,1,1,13,9,22,15,61,23,13,15,13,0,0
match-d68b04fb-221,solidaritaet_ueberleben,standard,1,0,0,13,-3,18,16,52,28,15,9,1,0,0
match-42733734-222,forschung_muskelkraft,standard,0,0,1,9,0,17,9,32,9,7,8,4,0,0
match-42733734-222,solidaritaet_ueberleben,standard,1,1,0,9,6,13,12,40,2,12,2,10,0,0
match-c925c676-223,forschung_muskelkraft,standard,0,0,1,13,0,22,19,71,19,17,12,9,0,0
match-c925c676-223,solidaritaet_ueberleben,standard,1,1,0,13,1,20,15,56,26,14,12,10,0,0
match-6aa2f2c3-224,forschung_muskelkraft,standard,0,1,1,7,4,16,6,24,2,6,8,10,0,0
match-6aa2f2c3-224,solidaritaet_ueberleben,standard,1,0,0,7,0,11,9,26,2,9,1,6,0,0
match-f1558205-225,forschung_muskelkraft,standard,0,1,1,12,5,21,14,56,10,12,15,13,0,0
match-f1558205-225,solidaritaet_ueberleben,standard,1,0,0,12,-3,18,16,59,11,15,8,5,0,0
match-5d3db43e-226,forschung_muskelkraft,standard,0,1,1,13,8,23,13,52,32,11,13,11,0,0
match-5d3db43e-226,solidaritaet_ueberleben,standard,1,0,0,13,-1,18,17,59,23,16,8,2,0,0
match-e3f04380-227,forschung_muskelkraft,standard,0,0,1,9,-2,18,12,42,3,10,7,6,0,0
match-e3f04380-227,solidaritaet_ueberleben,standard,1,1,0,9,4,13,11,38,4,11,6,12,0,0
match-856d6fcd-228,forschung_muskelkraft,standard,0,0,1,12,-1,20,16,59,19,14,13,2,0,0
match-856d6fcd-228,solidaritaet_ueberleben,standard,1,1,0,12,8,18,16,58,12,15,10,11,0,0
match-0c201f10-229,forschung_muskelkraft,standard,0,1,1,10,1,19,9,36,9,8,11,12,0,0
match-0c201f10-229,solidaritaet_ueberleben,standard,1,0,0,10,-2,16,14,50,3,13,3,9,0,0
match-78083148-230,forschung_muskelkraft,standard,0,1,1,11,3,22,14,54,11,12,11,10,0,0
match-78083148-230,solidaritaet_ueberleben,standard,1,0,0,11,0,15,14,44,13,13,8,7,0,0
match-febac08a-231,forschung_muskelkraft,standard,0,1,1,15,5,22,18,71,34,16,18,9,0,0
match-febac08a-231,solidaritaet_ueberleben,standard,1,0,0,15,0,21,19,67,43,18,12,4,0,0
match-f38ffc35-232,forschung_muskelkraft,standard,0,1,1,10,1,18,12,47,6,11,8,11,0,0
match-f38ffc35-232,solidaritaet_ueberleben,standard,1,0,0,10,-1,17,12,39,6,11,7,9,0,0
match-7a428b78-233,forschung_muskelkraft,standard,0,1,1,13,1,23,14,57,31,12,13,12,0,0
match-7a428b78-233,solidaritaet_ueberleben,standard,1,0,0,13,-2,18,17,61,19,16,8,9,0,0
match-e62abdb0-234,forschung_muskelkraft,standard,0,1,1,7,6,15,7,20,2,5,6,11,0,0
match-e62abdb0-234,solidaritaet_ueberleben,standard,1,0,0,7,-1,11,8,24,3,8,0,4,0,0
match-6cdd4cf3-235,forschung_muskelkraft,standard,0,1,1,15,2,21,14,56,49,12,14,11,0,0
match-6cdd4cf3-235,solidaritaet_ueberleben,standard,1,0,0,15,-1,20,17,63,44,16,7,8,0,0
match-0e5a7940-236,forschung_muskelkraft,standard,0,0,1,9,-1,17,10,37,4,8,6,5,0,0
match-0e5a7940-236,solidaritaet_ueberleben,standard,1,1,0,9,5,15,9,36,4,9,3,11,0,0
match-950d0882-237,forschung_muskelkraft,standard,0,1,1,12,4,21,14,50,21,12,16,17,0,0
match-950d0882-237,solidaritaet_ueberleben,standard,1,0,0,12,-7,19,16,54,17,16,7,6,0,0
match-00f53abb-238,forschung_muskelkraft,standard,0,0,1,5,0,13,4,13,2,4,2,0,0,0
match-00f53abb-238,solidaritaet_ueberleben,standard,1,1,0,5,10,10,5,14,1,5,3,10,0,0
match-87a7c9fd-239,forschung_muskelkraft,standard,0,0,1,11,-2,19,14,59,7,13,9,5,0,0
match-87a7c9fd-239,solidaritaet_ueberleben,standard,1,1,0,11,5,16,13,51,7,12,9,12,0,0
match-2924f64a-240,forschung_muskelkraft,standard,0,0,1,8,0,17,8,25,8,6,8,7,0,0
match-2924f64a-240,solidaritaet_ueberleben,standard,1,1,0,8,3,13,10,34,2,10,1,10,0,0
match-afd7858c-241,forschung_muskelkraft,standard,0,0,1,8,0,18,9,32,4,8,4,0,0,0
match-afd7858c-241,solidaritaet_ueberleben,standard,1,1,0,8,10,14,9,32,2,8,6,10,0,0
match-1bbfb7c5-242,forschung_muskelkraft,standard,0,0,1,8,0,18,10,33,3,8,4,0,0,0
match-1bbfb7c5-242,solidaritaet_ueberleben,standard,1,1,0,8,10,13,8,32,2,8,3,10,0,0
match-a2724707-243,forschung_muskelkraft,standard,0,1,1,12,3,22,12,42,24,10,10,10,0,0
match-a2724707-243,solidaritaet_ueberleben,standard,1,0,0,12,0,17,13,47,24,12,5,7,0,0
match-43ef7354-244,forschung_muskelkraft,standard,0,1,1,7,6,15,7,22,6,6,5,10,0,0
match-43ef7354-244,solidaritaet_ueberleben,standard,1,0,0,7,0,12,6,25,2,6,2,4,0,0
match-caa20296-245,forschung_muskelkraft,standard,0,0,1,5,0,11,4,13,2,4,3,0,0,0
match-caa20296-245,solidaritaet_ueberleben,standard,1,1,0,5,10,10,5,13,0,5,2,10,0,0
match-368a34cf-246,forschung_muskelkraft,standard,0,1,1,13,2,23,13,50,28,11,16,15,0,0
match-368a34cf-246,solidaritaet_ueberleben,standard,1,0,0,13,-5,18,16,61,21,15,6,8,0,0
match-bd3cc411-247,forschung_muskelkraft,standard,0,1,1,14,3,23,14,57,34,12,17,10,0,0
match-bd3cc411-247,solidaritaet_ueberleben,standard,1,0,0,14,0,19,18,66,33,17,9,7,0,0
match-5eb9f05e-248,forschung_muskelkraft,standard,0,,1,17,0,21,19,71,69,17,17,6,0,0
match-5eb9f05e-248,solidaritaet_ueberleben,standard,1,,0,17,-2,22,20,69,71,19,12,4,0,0
match-e56c9fa0-249,forschung_muskelkraft,standard,0,1,1,11,6,22,12,43,12,10,13,14,0,0
match-e56c9fa0-249,solidaritaet_ueberleben,standard,1,0,0,11,-4,17,15,53,6,15,7,4,0,0
match-5154b1d9-250,forschung_muskelkraft,standard,0,0,1,15,0,23,20,75,30,18,16,8,0,0
match-5154b1d9-250,solidaritaet_ueberleben,standard,1,1,0,15,1,21,18,64,51,17,16,9,0,0
match-d807411b-251,forschung_muskelkraft,standard,0,1,1,16,1,23,14,55,71,12,18,7,0,0
match-d807411b-251,solidaritaet_ueberleben,standard,1,0,0,16,0,23,20,69,52,19,9,6,0,0
match-79846d68-252,forschung_muskelkraft,standard,0,1,1,15,9,23,19,73,34,17,15,10,0,0
match-79846d68-252,solidaritaet_ueberleben,standard,1,0,0,15,0,20,18,62,46,17,13,1,0,0
match-00371cab-253,forschung_muskelkraft,standard,0,0,1,7,0,15,8,26,1,6,5,2,0,0
match-00371cab-253,solidaritaet_ueberleben,standard,1,1,0,7,8,11,7,26,1,7,2,10,0,0
match-6c1f2ee3-254,forschung_muskelkraft,standard,0,1,1,14,6,22,15,61,34,13,17,12,0,0
match-6c1f2ee3-254,solidaritaet_ueberleben,standard,1,0,0,14,-2,20,18,62,30,17,10,4,0,0
match-f2d1de25-255,forschung_muskelkraft,standard,0,0,1,12,-1,24,12,48,23,10,14,4,0,0
match-f2d1de25-255,solidaritaet_ueberleben,standard,1,1,0,12,6,17,16,57,14,15,6,11,0,0
match-944eea72-256,forschung_muskelkraft,standard,0,0,1,10,0,18,11,38,7,9,9,4,0,0
match-944eea72-256,solidaritaet_ueberleben,standard,1,1,0,10,6,15,12,46,3,11,6,10,0,0
match-1b0199b5-257,forschung_muskelkraft,standard,0,1,1,15,5,22,20,75,36,18,14,9,0,0
match-1b0199b5-257,solidaritaet_ueberleben,standard,1,0,0,15,0,20,18,64,44,17,15,4,0,0
match-86e9abed-258,forschung_muskelkraft,standard,0,1,1,9,5,20,9,32,5,8,7,11,0,0
match-86e9abed-258,solidaritaet_ueberleben,standard,1,0,0,9,-1,13,10,32,6,10,3,5,0,0
match-0d9c5b30-259,forschung_muskelkraft,standard,0,1,1,11,6,20,14,49,7,12,11,11,0,0
match-0d9c5b30-259,solidaritaet_ueberleben,standard,1,0,0,11,-1,15,14,51,9,14,7,4,0,0
match-af19677c-260,forschung_muskelkraft,standard,0,0,1,5,-3,11,4,13,2,4,1,0,0,0
match-af19677c-260,solidaritaet_ueberleben,standard,1,1,0,5,10,10,5,15,0,5,2,13,0,0
match-35cc16bf-261,forschung_muskelkraft,standard,0,1,1,11,6,21,14,55,5,12,12,12,0,0
match-35cc16bf-261,solidaritaet_ueberleben,standard,1,0,0,11,-2,17,15,53,5,14,7,4,0,0
match-a1b428f7-262,forschung_muskelkraft,standard,0,1,1,10,6,20,9,30,20,7,8,12,0,0
match-a1b428f7-262,solidaritaet_ueberleben,standard,1,0,0,10,-2,15,13,40,7,12,2,4,0,0
match-2866d83a-263,forschung_muskelkraft,standard,0,,1,16,-1,23,20,75,45,18,18,7,0,0
match-2866d83a-263,solidaritaet_ueberleben,standard,1,,0,16,0,22,19,67,53,18,14,8,0,0
match-1d3bf3e5-264,forschung_muskelkraft,standard,0,0,1,8,-1,20,9,32,2,8,7,6,0,0
match-1d3bf3e5-264,solidaritaet_ueberleben,standard,1,1,0,8,4,13,9,31,2,9,3,11,0,0
match-a3ee8327-265,forschung_muskelkraft,standard,0,1,1,12,5,23,13,53,18,11,11,15,0,0
match-a3ee8327-265,solidaritaet_ueberleben,standard,1,0,0,12,-5,16,15,53,19,14,6,5,0,0
match-0fd6b560-266,forschung_muskelkraft,standard,0,0,1,10,-3,18,13,49,6,11,8,8,0,0
match-0fd6b560-266,solidaritaet_ueberleben,standard,1,1,0,10,2,16,13,45,6,13,8,13,0,0
match-968944a2-267,forschung_muskelkraft,standard,0,1,1,7,6,14,7,25,1,6,6,12,0,0
match-968944a2-267,solidaritaet_ueberleben,standard,1,0,0,7,-2,13,8,27,0,8,1,4,0,0
match-380670ef-268,forschung_muskelkraft,standard,0,1,1,9,8,20,10,37,4,9,9,11,0,0
match-380670ef-268,solidaritaet_ueberleben,standard,1,0,0,9,-1,12,12,40,3,11,4,2,0,0
match-beb90031-269,forschung_muskelkraft,standard,0,1,1,8,2,16,8,31,3,7,7,10,0,0
match-beb90031-269,solidaritaet_ueberleben,standard,1,0,0,8,0,15,10,32,2,10,4,8,0,0
match-2aa1326a-270,forschung_muskelkraft,standard,0,1,1,11,3,20,12,49,11,11,12,13,0,0
match-2aa1326a-270,solidaritaet_ueberleben,standard,1,0,0,11,-3,14,14,44,14,13,6,7,0,0
match-b153c1ac-271,forschung_muskelkraft,standard,0,0,1,9,0,19,9,34,8,7,8,4,0,0
match-b153c1ac-271,solidaritaet_ueberleben,standard,1,1,0,9,6,14,12,40,5,12,2,10,0,0
match-52d0edf9-272,forschung_muskelkraft,standard,0,1,1,15,6,23,20,75,40,18,17,9,0,0
match-52d0edf9-272,solidaritaet_ueberleben,standard,1,0,0,15,0,20,19,65,47,18,13,3,0,0
match-d9839d3b-273,forschung_muskelkraft,standard,0,1,1,11,1,23,15,51,4,13,15,10,0,0
match-d9839d3b-273,solidaritaet_ueberleben,standard,1,0,0,11,0,16,14,49,9,14,9,9,0,0
match-456baf74-274,forschung_muskelkraft,standard,0,0,1,8,0,19,10,33,2,8,5,5,0,0
match-456baf74-274,solidaritaet_ueberleben,standard,1,1,0,8,5,11,8,32,4,8,5,10,0,0
match-cc1e5eb6-275,forschung_muskelkraft,standard,0,1,1,11,10,23,14,51,14,12,14,15,0,0
match-cc1e5eb6-275,solidaritaet_ueberleben,standard,1,0,0,11,-5,16,14,47,11,14,8,0,0,0
match-6d9b6b03-276,forschung_muskelkraft,standard,0,1,1,14,6,23,18,71,24,16,17,13,0,0
match-6d9b6b03-276,solidaritaet_ueberleben,standard,1,0,0,14,-3,20,18,65,27,17,11,4,0,0
match-f44e1a45-277,forschung_muskelkraft,standard,0,0,1,12,-3,23,13,52,20,11,13,7,0,0
match-f44e1a45-277,solidaritaet_ueberleben,standard,1,1,0,12,3,18,16,54,13,15,6,13,0,0
match-60362c7e-278,forschung_muskelkraft,standard,0,1,1,13,6,22,15,61,21,13,17,12,0,0
match-60362c7e-278,solidaritaet_ueberleben,standard,1,0,0,13,-2,19,17,62,27,17,8,4,0,0
match-e6e8dbc0-279,forschung_muskelkraft,standard,0,1,1,10,6,20,13,47,4,11,9,10,0,0
match-e6e8dbc0-279,solidaritaet_ueberleben,standard,1,0,0,10,0,15,13,45,6,12,7,4,0,0
match-8865e80d-280,forschung_muskelkraft,standard,0,0,1,8,-2,17,8,32,2,7,4,3,0,0
match-8865e80d-280,solidaritaet_ueberleben,standard,1,1,0,8,7,14,9,33,3,9,2,12,0,0
match-0f189750-281,forschung_muskelkraft,standard,0,0,1,9,-3,16,9,36,6,8,4,4,0,0
match-0f189750-281,solidaritaet_ueberleben,standard,1,1,0,9,6,14,9,35,5,8,3,13,0,0
match-7b00a988-282,forschung_muskelkraft,standard,0,0,1,8,0,18,10,31,2,8,6,7,0,0
match-7b00a988-282,solidaritaet_ueberleben,standard,1,1,0,8,3,13,9,34,2,8,3,10,0,0
match-01b358cb-283,forschung_muskelkraft,standard,0,1,1,10,1,19,12,48,3,11,9,13,0,0
match-01b358cb-283,solidaritaet_ueberleben,standard,1,0,0,10,-3,14,12,47,1,12,6,9,0,0
match-a3306517-284,forschung_muskelkraft,standard,0,1,1,10,7,21,12,42,4,10,13,11,0,0
match-a3306517-284,solidaritaet_ueberleben,standard,1,0,0,10,-1,15,13,39,7,13,5,3,0,0
match-29e3145a-285,forschung_muskelkraft,standard,0,0,1,9,-1,18,12,41,4,10,9,0,0,0
match-29e3145a-285,solidaritaet_ueberleben,standard,1,1,0,9,10,14,12,41,2,12,6,11,0,0
match-95cb2692-286,forschung_muskelkraft,standard,0,0,1,8,0,16,9,33,2,8,3,0,0,0
match-95cb2692-286,solidaritaet_ueberleben,standard,1,1,0,8,10,14,8,33,3,8,3,10,0,0
match-1c7dd5d5-287,forschung_muskelkraft,standard,0,1,1,10,4,19,8,31,14,7,11,10,0,0
match-1c7dd5d5-287,solidaritaet_ueberleben,standard,1,0,0,10,0,17,14,42,9,13,2,6,0,0
match-bdfae221-288,forschung_muskelkraft,standard,0,1,1,9,3,18,11,39,2,9,4,10,0,0
match-bdfae221-288,solidaritaet_ueberleben,standard,1,0,0,9,0,14,9,30,10,8,4,7,0,0
match-44ad9164-289,forschung_muskelkraft,standard,0,0,1,9,-3,17,9,32,10,7,6,8,0,0
match-44ad9164-289,solidaritaet_ueberleben,standard,1,1,0,9,2,15,9,36,4,9,2,13,0,0
match-b095a39c-290,forschung_muskelkraft,standard,0,0,1,7,-2,16,7,18,4,5,5,5,0,0
match-b095a39c-290,solidaritaet_ueberleben,standard,1,1,0,7,5,12,8,28,0,8,0,12,0,0
match-374852df-291,forschung_muskelkraft,standard,0,1,1,8,4,15,10,31,1,8,6,12,0,0
match-374852df-291,solidaritaet_ueberleben,standard,1,0,0,8,-2,14,9,29,5,9,4,6,0,0
match-d8c57f2b-292,forschung_muskelkraft,standard,0,0,1,10,-4,18,10,39,16,8,7,4,0,0
match-d8c57f2b-292,solidaritaet_ueberleben,standard,1,1,0,10,6,16,12,44,11,12,5,14,0,0
match-5f780e6e-293,forschung_muskelkraft,standard,0,0,1,13,0,22,15,57,26,13,14,8,0,0
match-5f780e6e-293,solidaritaet_ueberleben,standard,1,1,0,13,2,19,17,56,24,16,8,10,0,0
match-cb6020a6-294,forschung_muskelkraft,standard,0,1,1,14,6,21,15,61,30,13,13,12,0,0
match-cb6020a6-294,solidaritaet_ueberleben,standard,1,0,0,14,-2,18,17,61,38,16,8,4,0,0
match-5212cfe9-295,forschung_muskelkraft,standard,0,0,1,11,-1,21,11,46,19,9,3,7,0,0
match-5212cfe9-295,solidaritaet_ueberleben,standard,1,1,0,11,3,15,9,37,18,8,4,11,0,0
match-46e7eb94-296,forschung_muskelkraft,standard,0,1,1,13,1,23,17,65,21,15,13,10,0,0
match-46e7eb94-296,solidaritaet_ueberleben,standard,1,0,0,13,0,17,17,60,20,16,10,9,0,0
match-cd9a9ad6-297,forschung_muskelkraft,standard,0,1,1,7,6,14,7,21,1,5,4,10,0,0
match-cd9a9ad6-297,solidaritaet_ueberleben,standard,1,0,0,7,0,12,8,26,2,7,0,4,0,0
match-3982ad0f-298,forschung_muskelkraft,standard,0,1,1,15,6,23,17,67,42,15,18,10,0,0
match-3982ad0f-298,solidaritaet_ueberleben,standard,1,0,0,15,0,21,19,65,46,18,10,4,0,0
match-c0355c51-299,forschung_muskelkraft,standard,0,1,1,14,2,22,16,63,33,14,14,12,0,0
match-c0355c51-299,solidaritaet_ueberleben,standard,1,0,0,14,-2,20,17,57,39,16,9,8,0,0
match-b476b358-300,forschung_muskelkraft,standard,0,1,0,12,5,23,16,63,8,14,14,10,0,0
match-b476b358-300,solidaritaet_ueberleben,standard,1,0,1,12,0,18,16,52,24,15,9,5,0,0
match-3b29429b-301,forschung_muskelkraft,standard,0,1,0,12,3,19,16,60,11,14,9,10,0,0
match-3b29429b-301,solidaritaet_ueberleben,standard,1,0,1,12,0,17,14,48,24,13,10,7,0,0
match-c1dbf1dd-302,forschung_muskelkraft,standard,0,0,0,15,0,22,17,67,42,15,18,8,0,0
match-c1dbf1dd-302,solidaritaet_ueberleben,standard,1,1,1,15,1,21,19,67,41,18,11,9,0,0
match-488e8120-303,forschung_muskelkraft,standard,0,0,0,11,0,19,11,42,13,9,12,3,0,0
match-488e8120-303,solidaritaet_ueberleben,standard,1,1,1,11,7,16,15,51,7,14,4,10,0,0
match-cf413062-304,forschung_muskelkraft,standard,0,1,0,16,1,23,20,75,45,18,19,8,0,0
match-cf413062-304,solidaritaet_ueberleben,standard,1,0,1,16,-1,21,19,65,55,19,18,6,0,0
match-55f3dfa5-305,forschung_muskelkraft,standard,0,1,0,15,4,22,16,63,42,14,17,17,0,0
match-55f3dfa5-305,solidaritaet_ueberleben,standard,1,0,1,15,-7,21,19,67,41,18,9,6,0,0
match-dca66ee7-306,forschung_muskelkraft,standard,0,0,0,9,-1,18,10,33,4,8,7,3,0,0
match-dca66ee7-306,solidaritaet_ueberleben,standard,1,1,1,9,7,14,10,37,8,10,3,11,0,0
match-63591e2a-307,forschung_muskelkraft,standard,0,1,0,13,4,21,17,65,17,15,18,12,0,0
match-63591e2a-307,solidaritaet_ueberleben,standard,1,0,1,13,-2,20,17,58,24,17,10,6,0,0
match-ea0bad6c-308,forschung_muskelkraft,standard,0,1,0,12,6,21,11,50,21,10,12,16,0,0
match-ea0bad6c-308,solidaritaet_ueberleben,standard,1,0,1,12,-6,18,15,55,15,14,7,4,0,0
match-70be5caf-309,forschung_muskelkraft,standard,0,1,0,11,4,21,12,44,17,10,12,10,0,0
match-70be5caf-309,solidaritaet_ueberleben,standard,1,0,1,11,0,16,14,43,15,13,5,6,0,0
match-f770ebf1-310,forschung_muskelkraft,standard,0,1,0,12,5,22,15,57,15,13,13,13,0,0
match-f770ebf1-310,solidaritaet_ueberleben,standard,1,0,1,12,-3,16,15,52,18,14,8,5,0,0
match-7e239b34-311,forschung_muskelkraft,standard,0,0,0,8,-1,15,8,27,9,7,5,8,0,0
match-7e239b34-311,solidaritaet_ueberleben,standard,1,1,1,8,2,13,10,34,2,9,2,11,0,0
match-04d62a77-312,forschung_muskelkraft,standard,0,0,0,14,-2,23,17,67,24,15,16,9,0,0
match-04d62a77-312,solidaritaet_ueberleben,standard,1,1,1,14,1,20,18,60,33,17,12,12,0,0
match-8b88d9b9-313,forschung_muskelkraft,standard,0,1,0,13,5,22,14,55,23,12,15,13,0,0
match-8b88d9b9-313,solidaritaet_ueberleben,standard,1,0,1,13,-3,19,17,58,25,16,7,5,0,0
match-123b68fc-314,forschung_muskelkraft,standard,0,1,0,15,2,23,19,73,34,17,17,10,0,0
match-123b68fc-314,solidaritaet_ueberleben,standard,1,0,1,15,0,21,19,63,43,18,14,8,0,0
match-98ee183e-315,forschung_muskelkraft,standard,0,0,0,10,-3,21,12,44,7,10,6,0,0,0
match-98ee183e-315,solidaritaet_ueberleben,standard,1,1,1,10,10,16,11,41,9,11,5,13,0,0
match-1fa0a781-316,forschung_muskelkraft,standard,0,1,0,12,3,21,11,45,21,9,16,16,0,0
match-1fa0a781-316,solidaritaet_ueberleben,standard,1,0,1,12,-6,19,16,48,21,15,4,7,0,0
match-a65356c3-317,forschung_muskelkraft,standard,0,1,0,15,5,23,15,65,40,13,18,12,0,0
match-a65356c3-317,solidaritaet_ueberleben,standard,1,0,1,15,-2,20,19,65,46,18,8,5,0,0
match-2d05e606-318,forschung_muskelkraft,standard,0,,0,16,0,22,14,57,67,12,19,8,0,0
match-2d05e606-318,solidaritaet_ueberleben,standard,1,,1,16,-1,22,20,69,52,19,7,7,0,0
match-b3b89548-319,forschung_muskelkraft,standard,0,1,0,12,3,23,13,50,16,11,14,17,0,0
match-b3b89548-319,solidaritaet_ueberleben,standard,1,0,1,12,-7,18,15,51,21,14,6,7,0,0
match-3a6b248b-320,forschung_muskelkraft,standard,0,1,0,13,2,22,14,54,28,12,18,10,0,0
match-3a6b248b-320,solidaritaet_ueberleben,standard,1,0,1,13,0,19,17,59,24,17,7,8,0,0
match-c11dd3cd-321,forschung_muskelkraft,standard,0,1,0,12,1,22,14,57,19,12,13,11,0,0
match-c11dd3cd-321,solidaritaet_ueberleben,standard,1,0,1,12,-1,16,15,50,18,14,7,9,0,0
match-47d06310-322,forschung_muskelkraft,standard,0,1,0,10,4,22,11,36,9,9,11,13,0,0
match-47d06310-322,solidaritaet_ueberleben,standard,1,0,1,10,-3,16,12,44,9,12,4,6,0,0
match-ce831252-323,forschung_muskelkraft,standard,0,0,0,14,-1,22,20,75,16,18,11,8,0,0
match-ce831252-323,solidaritaet_ueberleben,standard,1,1,1,14,2,21,15,55,36,14,16,11,0,0
match-5535a195-324,forschung_muskelkraft,standard,0,1,0,12,7,18,12,47,19,10,14,13,0,0
match-5535a195-324,solidaritaet_ueberleben,standard,1,0,1,12,-3,16,14,47,19,14,7,3,0,0
match-dbe850d7-325,forschung_muskelkraft,standard,0,1,0,6,4,15,7,19,1,5,4,12,0,0
match-dbe850d7-325,solidaritaet_ueberleben,standard,1,0,1,6,-2,11,6,16,5,6,1,6,0,0
match-629ae01a-326,forschung_muskelkraft,standard,0,0,0,14,-2,22,15,55,41,13,16,6,0,0
match-629ae01a-326,solidaritaet_ueberleben,standard,1,1,1,14,4,20,17,61,34,16,8,12,0,0
match-e94d8f5c-327,forschung_muskelkraft,standard,0,0,0,8,0,15,9,31,3,7,5,0,0,0
match-e94d8f5c-327,solidaritaet_ueberleben,standard,1,1,1,8,10,13,8,33,1,8,5,10,0,0
match-70003e9f-328,forschung_muskelkraft,standard,0,0,0,11,-3,22,10,39,16,8,12,0,0,0
match-70003e9f-328,solidaritaet_ueberleben,standard,1,1,1,11,10,17,14,50,10,13,5,13,0,0
match-f6b2cde1-329,forschung_muskelkraft,standard,0,0,0,10,0,22,11,44,11,9,7,4,0,0
match-f6b2cde1-329,solidaritaet_ueberleben,standard,1,1,1,10,6,15,11,35,10,11,5,10,0,0
match-7d657d24-330,forschung_muskelkraft,standard,0,0,0,8,0,14,8,26,3,6,7,6,0,0
match-7d657d24-330,solidaritaet_ueberleben,standard,1,1,1,8,4,14,8,32,2,8,1,10,0,0
match-04180c67-331,forschung_muskelkraft,standard,0,0,0,6,0,14,6,20,1,5,1,2,0,0
match-04180c67-331,solidaritaet_ueberleben,standard,1,1,1,6,8,10,6,21,0,6,2,10,0,0
match-de22ab07-332,forschung_muskelkraft,standard,0,1,0,14,2,23,16,63,32,14,14,13,0,0
match-de22ab07-332,solidaritaet_ueberleben,standard,1,0,1,14,-3,19,17,58,37,16,9,8,0,0
match-64d55a4a-333,forschung_muskelkraft,standard,0,1,0,10,6,18,8,30,20,6,13,12,0,0
match-64d55a4a-333,solidaritaet_ueberleben,standard,1,0,1,10,-2,16,14,43,6,14,1,4,0,0
match-eb87e98c-334,forschung_muskelkraft,standard,0,1,0,14,4,22,18,71,26,16,11,10,0,0
match-eb87e98c-334,solidaritaet_ueberleben,standard,1,0,1,14,0,20,16,58,38,15,12,6,0,0
match-723a98cf-335,forschung_muskelkraft,standard,0,1,0,6,2,14,5,19,2,5,2,10,0,0
match-723a98cf-335,solidaritaet_ueberleben,standard,1,0,1,6,0,10,6,19,2,6,0,8,0,0
match-f8ed2811-336,forschung_muskelkraft,standard,0,1,0,12,4,23,14,55,11,12,15,16,0,0
match-f8ed2811-336,solidaritaet_ueberleben,standard,1,0,1,12,-6,16,16,58,14,15,7,6,0,0
match-7f9fd754-337,forschung_muskelkraft,standard,0,1,0,11,1,21,15,59,7,13,10,11,0,0
match-7f9fd754-337,solidaritaet_ueberleben,standard,1,0,1,11,-1,18,14,54,7,13,9,9,0,0
match-06526697-338,forschung_muskelkraft,standard,0,1,0,10,5,19,11,41,14,9,9,10,0,0
match-06526697-338,solidaritaet_ueberleben,standard,1,0,1,10,0,14,13,45,7,12,6,5,0,0
match-8d0515d9-339,forschung_muskelkraft,standard,0,1,0,8,8,16,10,35,1,8,6,10,0,0
match-8d0515d9-339,solidaritaet_ueberleben,standard,1,0,1,8,0,13,8,30,4,7,3,2,0,0
match-13b7a51c-340,forschung_muskelkraft,standard,0,0,0,10,-5,19,12,45,10,10,6,6,0,0
match-13b7a51c-340,solidaritaet_ueberleben,standard,1,1,1,10,4,16,10,39,6,10,6,15,0,0
match-9a6a545e-341,forschung_muskelkraft,standard,0,1,0,11,7,22,12,44,11,10,13,10,0,0
match-9a6a545e-341,solidaritaet_ueberleben,standard,1,0,1,11,0,18,15,45,11,14,5,3,0,0
match-211ce3a1-342,forschung_muskelkraft,standard,0,1,0,12,2,23,17,65,11,15,13,13,0,0
match-211ce3a1-342,solidaritaet_ueberleben,standard,1,0,1,12,-3,19,16,51,19,16,10,8,0,0
match-a7cf92e3-343,forschung_muskelkraft,standard,0,1,0,9,6,17,9,33,3,8,6,10,0,0
match-a7cf92e3-343,solidaritaet_ueberleben,standard,1,0,1,9,0,15,10,40,4,9,5,4,0,0
match-2e822226-344,forschung_muskelkraft,standard,0,1,0,10,5,17,8,30,15,6,10,15,0,0
match-2e822226-344,solidaritaet_ueberleben,standard,1,0,1,10,-5,16,13,38,12,12,2,5,0,0
match-b534d168-345,forschung_muskelkraft,standard,0,1,0,9,5,20,8,29,7,6,9,10,0,0
match-b534d168-345,solidaritaet_ueberleben,standard,1,0,1,9,0,14,10,34,8,10,2,5,0,0
match-3be760ab-346,forschung_muskelkraft,standard,0,1,0,11,3,23,13,44,16,11,8,11,0,0
match-3be760ab-346,solidaritaet_ueberleben,standard,1,0,1,11,-1,16,14,48,11,13,6,7,0,0
match-c29a0fed-347,forschung_muskelkraft,standard,0,1,0,15,3,22,18,71,42,16,16,13,0,0
match-c29a0fed-347,solidaritaet_ueberleben,standard,1,0,1,15,-3,21,19,66,45,18,12,7,0,0
match-494cbf30-348,forschung_muskelkraft,standard,0,0,0,15,-1,22,20,75,32,18,15,7,0,0
match-494cbf30-348,solidaritaet_ueberleben,standard,1,1,1,15,3,21,19,68,43,18,14,11,0,0
match-cfff4e72-349,forschung_muskelkraft,standard,0,1,0,15,2,22,13,52,57,11,16,10,0,0
match-cfff4e72-349,solidaritaet_ueberleben,standard,1,0,1,15,0,21,19,66,42,18,7,8,0,0
match-56b1fdb5-350,forschung_muskelkraft,standard,0,0,0,12,-1,22,12,51,15,10,12,4,0,0
match-56b1fdb5-350,solidaritaet_ueberleben,standard,1,1,1,12,6,18,15,56,14,14,6,11,0,0
match-dd648cf7-351,forschung_muskelkraft,standard,0,0,0,15,-1,21,15,63,50,13,16,8,0,0
match-dd648cf7-351,solidaritaet_ueberleben,standard,1,1,1,15,2,20,19,67,44,18,8,11,0,0
match-64173c3a-352,forschung_muskelkraft,standard,0,0,0,8,-3,15,6,27,6,6,8,4,0,0
match-64173c3a-352,solidaritaet_ueberleben,standard,1,1,1,8,6,13,11,34,0,11,4,13,0,0
match-eac9cb7c-353,forschung_muskelkraft,standard,0,1,0,16,3,22,20,75,49,18,16,7,0,0
match-eac9cb7c-353,solidaritaet_ueberleben,standard,1,0,1,16,0,22,20,69,57,19,17,4,0,0
match-717c7abf-354,forschung_muskelkraft,standard,0,1,0,13,5,22,14,54,24,12,16,12,0,0
match-717c7abf-354,solidaritaet_ueberleben,standard,1,0,1,13,-2,17,16,55,24,16,7,5,0,0
match-f82f0a01-355,forschung_muskelkraft,standard,0,0,0,7,0,17,8,26,2,6,3,0,0,0
match-f82f0a01-355,solidaritaet_ueberleben,standard,1,1,1,7,10,12,7,26,1,7,2,10,0,0
match-7ee1b944-356,forschung_muskelkraft,standard,0,1,0,16,3,22,14,55,70,12,20,13,0,0
match-7ee1b944-356,solidaritaet_ueberleben,standard,1,0,1,16,-4,23,20,69,53,19,8,6,0,0
match-05944887-357,forschung_muskelkraft,standard,0,1,0,6,2,13,7,20,1,5,2,12,0,0
match-05944887-357,solidaritaet_ueberleben,standard,1,0,1,6,-2,11,6,21,0,6,1,8,0,0
match-8c46f7c9-358,forschung_muskelkraft,standard,0,1,0,13,5,23,15,63,19,13,15,11,0,0
match-8c46f7c9-358,solidaritaet_ueberleben,standard,1,0,1,13,-1,20,17,59,20,16,9,5,0,0
match-12f9870c-359,forschung_muskelkraft,standard,0,1,0,14,2,22,18,67,24,16,17,15,0,0
match-12f9870c-359,solidaritaet_ueberleben,standard,1,0,1,14,-5,20,17,55,39,16,11,8,0,0
match-99ac364e-360,forschung_muskelkraft,standard,0,0,0,10,-1,22,13,48,7,11,3,5,0,0
match-99ac364e-360,solidaritaet_ueberleben,standard,1,1,1,10,5,16,9,36,9,8,9,11,0,0
match-205ec591-361,forschung_muskelkraft,standard,0,1,0,11,1,21,12,47,14,11,10,15,0,0
match-205ec591-361,solidaritaet_ueberleben,standard,1,0,1,11,-5,17,14,45,12,13,9,9,0,0
match-a71174d3-362,forschung_muskelkraft,standard,0,1,0,14,6,23,15,59,33,13,18,10,0,0
match-a71174d3-362,solidaritaet_ueberleben,standard,1,0,1,14,0,20,18,61,32,17,8,4,0,0
match-2dc40416-363,forschung_muskelkraft,standard,0,1,0,12,10,21,12,48,23,10,6,10,0,0
match-2dc40416-363,solidaritaet_ueberleben,standard,1,0,1,12,0,17,11,39,27,10,7,0,0,0
match-611ea3fa-364,forschung_muskelkraft,standard,0,1,0,12,4,20,13,49,17,11,14,11,0,0
match-611ea3fa-364,solidaritaet_ueberleben,standard,1,0,1,12,-1,17,16,58,15,15,6,6,0,0
match-e7d1533c-365,forschung_muskelkraft,standard,0,0,0,8,-1,18,8,26,3,6,6,6,0,0
match-e7d1533c-365,solidaritaet_ueberleben,standard,1,1,1,8,4,13,8,31,1,8,1,11,0,0
match-6e83e27f-366,forschung_muskelkraft,standard,0,0,0,7,-1,15,7,22,3,5,5,6,0,0
match-6e83e27f-366,solidaritaet_ueberleben,standard,1,1,1,7,4,13,8,26,2,8,0,11,0,0
match-f53691c1-367,forschung_muskelkraft,standard,0,1,0,15,1,23,20,75,30,18,15,12,0,0
match-f53691c1-367,solidaritaet_ueberleben,standard,1,0,1,15,-2,22,17,60,47,16,16,9,0,0
match-7be92104-368,forschung_muskelkraft,standard,0,0,0,8,0,15,10,33,3,8,5,0,0,0
match-7be92104-368,solidaritaet_ueberleben,standard,1,1,1,8,10,13,9,35,1,8,4,10,0,0
match-029bd047-369,forschung_muskelkraft,standard,0,0,0,9,-2,20,8,30,12,6,8,2,0,0
match-029bd047-369,solidaritaet_ueberleben,standard,1,1,1,9,8,16,11,41,3,11,1,12,0,0
match-894e7f89-370,forschung_muskelkraft,standard,0,1,0,13,2,23,16,61,21,14,12,13,0,0
match-894e7f89-370,solidaritaet_ueberleben,standard,1,0,1,13,-3,18,16,50,31,16,9,8,0,0
match-10010ecc-371,forschung_muskelkraft,standard,0,0,0,16,-3,24,19,73,49,17,17,6,0,0
match-10010ecc-371,solidaritaet_ueberleben,standard,1,1,1,16,3,20,19,65,60,19,12,12,0,0
match-96b3be0e-372,forschung_muskelkraft,standard,0,0,0,16,0,21,17,67,61,15,14,5,0,0
match-96b3be0e-372,solidaritaet_ueberleben,standard,1,1,1,16,2,22,18,67,55,17,10,7,0,0
match-1d664d51-373,forschung_muskelkraft,standard,0,1,0,16,2,22,19,73,49,17,20,11,0,0
match-1d664d51-373,solidaritaet_ueberleben,standard,1,0,1,16,-2,21,20,69,53,19,12,7,0,0
match-a418fc93-374,forschung_muskelkraft,standard,0,1,0,9,4,20,10,37,4,8,12,12,0,0
match-a418fc93-374,solidaritaet_ueberleben,standard,1,0,1,9,-2,14,12,37,4,11,4,6,0,0
match-2acb8bd6-375,forschung_muskelkraft,standard,0,1,0,11,1,21,11,49,12,10,9,10,0,0
match-2acb8bd6-375,solidaritaet_ueberleben,standard,1,0,1,11,0,15,14,47,11,13,7,9,0,0
match-b17e3b18-376,forschung_muskelkraft,standard,0,0,0,9,-3,21,11,40,5,9,7,0,0,0
match-b17e3b18-376,solidaritaet_ueberleben,standard,1,1,1,9,10,14,11,41,4,10,5,13,0,0
match-3830ca5b-377,forschung_muskelkraft,standard,0,1,0,14,1,23,16,61,37,14,17,11,0,0
match-3830ca5b-377,solidaritaet_ueberleben,standard,1,0,1,14,-1,21,18,62,35,17,9,9,0,0
match-bee3799d-378,forschung_muskelkraft,standard,0,1,0,15,6,22,15,59,50,13,19,9,0,0
match-bee3799d-378,solidaritaet_ueberleben,standard,1,0,1,15,0,21,19,64,46,18,9,3,0,0
match-459608e0-379,forschung_muskelkraft,standard,0,1,0,14,2,21,19,73,20,17,15,10,0,0
match-459608e0-379,solidaritaet_ueberleben,standard,1,0,1,14,0,22,18,65,31,17,15,8,0,0
match-cc48b822-380,forschung_muskelkraft,standard,0,1,0,13,4,23,13,55,28,11,10,10,0,0
match-cc48b822-380,solidaritaet_ueberleben,standard,1,0,1,13,0,18,13,53,30,13,6,6,0,0
match-52fb4765-381,forschung_muskelkraft,standard,0,1,0,9,6,19,7,26,10,6,11,13,0,0
match-52fb4765-381,solidaritaet_ueberleben,standard,1,0,1,9,-3,15,13,35,7,12,2,4,0,0
match-d9adf6a7-382,forschung_muskelkraft,standard,0,1,0,8,4,14,7,26,2,6,7,11,0,0
match-d9adf6a7-382,solidaritaet_ueberleben,standard,1,0,1,8,-1,13,10,35,1,9,1,6,0,0
match-606085ea-383,forschung_muskelkraft,standard,0,1,0,11,7,20,11,40,15,9,15,14,0,0
match-606085ea-383,solidaritaet_ueberleben,standard,1,0,1,11,-4,17,15,47,13,15,4,3,0,0
match-e713352c-384,forschung_muskelkraft,standard,0,1,0,8,8,18,8,30,3,7,7,13,0,0
match-e713352c-384,solidaritaet_ueberleben,standard,1,0,1,8,-3,14,9,33,3,9,2,2,0,0
match-6dc5c46f-385,forschung_muskelkraft,standard,0,0,0,7,-1,15,8,26,1,6,2,5,0,0
match-6dc5c46f-385,solidaritaet_ueberleben,standard,1,1,1,7,5,12,6,26,1,6,5,11,0,0
match-f47873b1-386,forschung_muskelkraft,standard,0,1,0,11,1,23,13,51,15,11,11,11,0,0
match-f47873b1-386,solidaritaet_ueberleben,standard,1,0,1,11,-1,17,15,49,14,14,6,9,0,0
match-7b2b02f4-387,forschung_muskelkraft,standard,0,0,0,9,-1,17,6,24,12,5,8,7,0,0
match-7b2b02f4-387,solidaritaet_ueberleben,standard,1,1,1,9,3,15,11,38,3,10,0,11,0,0
match-01ddb237-388,forschung_muskelkraft,standard,0,0,0,10,-3,19,11,42,13,10,5,9,0,0
match-01ddb237-388,solidaritaet_ueberleben,standard,1,1,1,10,1,17,10,37,8,10,5,13,0,0
match-88904179-389,forschung_muskelkraft,standard,0,0,0,7,-3,15,8,26,1,6,4,4,0,0
match-88904179-389,solidaritaet_ueberleben,standard,1,1,1,7,6,12,7,26,0,6,2,13,0,0
match-0f42f0bc-390,forschung_muskelkraft,standard,0,0,0,16,0,23,20,75,45,18,13,4,0,0
match-0f42f0bc-390,solidaritaet_ueberleben,standard,1,1,1,16,3,22,17,65,61,16,18,7,0,0
match-95f59ffe-391,forschung_muskelkraft,standard,0,1,0,12,3,21,13,55,18,12,9,10,0,0
match-95f59ffe-391,solidaritaet_ueberleben,standard,1,0,1,12,0,18,15,54,15,14,8,7,0,0
match-1ca82f41-392,forschung_muskelkraft,standard,0,1,0,16,1,21,20,75,45,18,19,11,0,0
match-1ca82f41-392,solidaritaet_ueberleben,standard,1,0,1,16,-2,22,20,69,57,19,16,8,0,0
match-a35ade83-393,forschung_muskelkraft,standard,0,0,0,7,0,15,6,18,3,5,2,8,0,0
match-a35ade83-393,solidaritaet_ueberleben,standard,1,1,1,7,2,11,7,26,0,6,0,10,0,0
match-2a0d6dc6-394,forschung_muskelkraft,standard,0,0,0,15,0,22,15,58,47,13,18,4,0,0
match-2a0d6dc6-394,solidaritaet_ueberleben,standard,1,1,1,15,5,22,19,67,39,18,11,9,0,0
match-b0c01d08-395,forschung_muskelkraft,standard,0,1,0,6,3,15,6,19,1,5,3,11,0,0
match-b0c01d08-395,solidaritaet_ueberleben,standard,1,0,1,6,-1,12,6,20,1,6,2,7,0,0
match-8acabba9-396,forschung_muskelkraft,standard,0,0,0,12,-2,22,13,50,16,11,11,9,0,0
match-8acabba9-396,solidaritaet_ueberleben,standard,1,1,1,12,1,16,12,49,17,11,7,12,0,0
match-117d4aec-397,forschung_muskelkraft,standard,0,0,0,4,0,10,1,4,6,1,0,0,0,0
match-117d4aec-397,solidaritaet_ueberleben,standard,1,1,1,4,10,8,4,9,0,4,0,10,0,0
match-982ffa2e-398,forschung_muskelkraft,standard,0,0,0,10,0,22,12,44,11,10,6,9,0,0
match-982ffa2e-398,solidaritaet_ueberleben,standard,1,1,1,10,1,14,12,44,5,11,6,10,0,0
match-1ee28971-399,forschung_muskelkraft,standard,0,0,0,13,-3,21,17,62,20,15,14,7,0,0
match-1ee28971-399,solidaritaet_ueberleben,standard,1,1,1,13,3,19,17,57,24,16,10,13,0,0
match-09a4e536-400,forschung_muskelkraft,standard,0,1,1,14,3,23,17,65,26,15,12,11,0,0
match-09a4e536-400,urzeitliche_kolosse,standard,1,0,0,14,-1,20,17,62,33,16,10,7,0,3
match-90579478-401,forschung_muskelkraft,standard,0,0,1,7,-1,14,6,25,2,6,6,9,0,0
match-90579478-401,urzeitliche_kolosse,standard,1,1,0,7,1,11,8,22,2,8,5,11,0,0
match-fc3fa6b0-402,forschung_muskelkraft,standard,0,0,1,7,-2,15,8,27,1,6,4,8,0,0
match-fc3fa6b0-402,urzeitliche_kolosse,standard,1,1,0,7,2,12,7,24,3,7,3,12,0,0
match-82f255f3-403,forschung_muskelkraft,standard,0,0,1,7,0,13,8,26,1,6,3,9,0,0
match-82f255f3-403,urzeitliche_kolosse,standard,1,1,0,7,1,12,7,22,5,7,2,10,0,1
match-246f6240-404,forschung_muskelkraft,standard,0,0,1,11,-2,21,13,48,17,11,10,8,0,0
match-246f6240-404,urzeitliche_kolosse,standard,1,1,0,11,2,16,13,44,16,13,9,12,0,3
match-ab221182-405,forschung_muskelkraft,standard,0,1,1,8,4,18,8,25,4,6,9,15,0,0
match-ab221182-405,urzeitliche_kolosse,standard,1,0,0,8,-5,12,10,31,4,10,1,6,0,0
match-170a23bb-406,forschung_muskelkraft,standard,0,0,1,8,0,18,10,33,2,8,2,7,0,0
match-170a23bb-406,urzeitliche_kolosse,standard,1,1,0,8,3,14,7,33,3,7,3,10,0,2
match-9dbcd2fd-407,forschung_muskelkraft,standard,0,0,1,7,0,15,8,26,1,6,4,7,0,0
match-9dbcd2fd-407,urzeitliche_kolosse,standard,1,1,0,7,3,12,7,26,1,7,2,10,0,1
match-d40feb21-408,forschung_muskelkraft,standard,0,1,1,11,1,20,11,41,20,9,10,11,0,0
match-d40feb21-408,urzeitliche_kolosse,standard,1,0,0,11,-1,15,14,49,9,14,5,9,0,1
match-5ac29a64-409,forschung_muskelkraft,standard,0,0,1,8,-3,17,9,31,3,7,3,6,0,0
match-5ac29a64-409,urzeitliche_kolosse,standard,1,1,0,8,4,13,8,34,2,7,3,13,0,1
match-c6aaac9c-410,forschung_muskelkraft,standard,0,1,1,15,5,22,17,67,42,15,14,9,0,0
match-c6aaac9c-410,urzeitliche_kolosse,standard,1,0,0,15,0,20,18,74,35,17,10,4,0,1
match-4d5d5bdf-411,forschung_muskelkraft,standard,0,0,1,6,0,11,6,20,1,5,1,6,0,0
match-4d5d5bdf-411,urzeitliche_kolosse,standard,1,1,0,6,4,12,7,19,2,6,2,10,0,2
match-eeda682b-412,forschung_muskelkraft,standard,0,0,1,3,-1,10,2,3,1,1,0,2,0,0
match-eeda682b-412,urzeitliche_kolosse,standard,1,1,0,3,8,7,3,6,0,2,0,11,0,0
match-758d176e-413,forschung_muskelkraft,standard,0,0,1,12,-1,23,11,39,32,9,12,6,0,0
match-758d176e-413,urzeitliche_kolosse,standard,1,1,0,12,4,18,15,59,16,15,5,11,0,2
match-e17529a6-414,forschung_muskelkraft,standard,0,0,1,9,-2,20,10,38,5,9,8,8,0,0
match-e17529a6-414,urzeitliche_kolosse,standard,1,1,0,9,2,14,11,38,4,10,5,12,0,5
match-6827d8e9-415,forschung_muskelkraft,standard,0,1,1,8,2,17,9,31,4,7,4,12,0,0
match-6827d8e9-415,urzeitliche_kolosse,standard,1,0,0,8,-2,14,8,34,2,8,3,8,0,0
match-74cef95e-416,forschung_muskelkraft,standard,0,1,1,15,1,23,19,73,34,17,14,18,0,0
match-74cef95e-416,urzeitliche_kolosse,standard,1,0,0,15,-8,21,18,67,40,17,12,9,0,2
match-fb8188a0-417,forschung_muskelkraft,standard,0,1,1,7,8,18,8,26,2,7,3,12,0,0
match-fb8188a0-417,urzeitliche_kolosse,standard,1,0,0,7,-2,13,7,25,3,6,2,2,0,0
match-6769bad9-418,forschung_muskelkraft,standard,0,1,1,6,3,11,6,20,1,5,4,11,0,0
match-6769bad9-418,urzeitliche_kolosse,standard,1,0,0,6,-1,11,6,21,0,6,1,7,0,0
match-ee1c4a1b-419,forschung_muskelkraft,standard,0,1,1,11,2,22,14,54,7,12,8,15,0,0
match-ee1c4a1b-419,urzeitliche_kolosse,standard,1,0,0,11,-5,15,12,49,6,11,9,8,0,1
match-8f997668-420,forschung_muskelkraft,standard,0,1,1,8,4,15,8,31,2,7,7,12,0,0
match-8f997668-420,urzeitliche_kolosse,standard,1,0,0,8,-2,13,10,32,1,9,4,6,0,1
match-164c05ab-421,forschung_muskelkraft,standard,0,0,1,5,-1,12,5,14,1,4,1,6,0,0
match-164c05ab-421,urzeitliche_kolosse,standard,1,1,0,5,4,10,4,12,3,3,0,11,0,0
match-823437e3-422,forschung_muskelkraft,standard,0,1,1,9,1,19,10,37,5,8,8,12,0,0
match-823437e3-422,urzeitliche_kolosse,standard,1,0,0,9,-2,14,10,42,2,10,4,9,0,0
match-08e6c726-423,forschung_muskelkraft,standard,0,0,1,6,0,12,5,18,3,4,2,4,0,0
match-08e6c726-423,urzeitliche_kolosse,standard,1,1,0,6,6,12,6,16,3,6,1,10,0,0
match-3f39ff4a-424,forschung_muskelkraft,standard,0,1,1,10,2,18,12,43,3,10,6,14,0,0
match-3f39ff4a-424,urzeitliche_kolosse,standard,1,0,0,10,-4,15,11,46,7,10,5,8,0,3
match-c5ec8e8c-425,forschung_muskelkraft,standard,0,0,1,12,-1,23,17,65,10,15,7,9,0,0
match-c5ec8e8c-425,urzeitliche_kolosse,standard,1,1,0,12,1,18,13,55,17,12,10,11,0,3
match-31d4a0c5-426,forschung_muskelkraft,standard,0,0,1,10,-3,22,11,42,13,9,9,8,0,0
match-31d4a0c5-426,urzeitliche_kolosse,standard,1,1,0,10,2,16,11,49,6,11,4,13,0,1
match-b8875007-427,forschung_muskelkraft,standard,0,0,1,3,-1,8,3,5,1,2,0,0,0,0
match-b8875007-427,urzeitliche_kolosse,standard,1,1,0,3,10,8,4,6,0,3,0,11,0,0
match-5a047c54-428,forschung_muskelkraft,standard,0,1,1,12,3,23,15,59,13,13,12,15,0,0
match-5a047c54-428,urzeitliche_kolosse,standard,1,0,0,12,-5,17,15,57,14,14,9,7,0,2
match-e0b70b96-429,forschung_muskelkraft,standard,0,1,1,13,1,22,17,65,22,15,14,13,0,0
match-e0b70b96-429,urzeitliche_kolosse,standard,1,0,0,13,-3,17,16,63,22,15,10,9,0,2
match-4c9f3dcf-430,forschung_muskelkraft,standard,0,1,1,14,1,23,16,63,28,14,14,11,0,0
match-4c9f3dcf-430,urzeitliche_kolosse,standard,1,0,0,14,-1,18,17,61,37,16,10,9,0,2
match-d351cd11-431,forschung_muskelkraft,standard,0,1,1,7,4,16,8,26,2,6,4,10,0,0
match-d351cd11-431,urzeitliche_kolosse,standard,1,0,0,7,0,12,7,24,4,7,2,6,0,0
match-dff8ed86-432,forschung_muskelkraft,standard,0,1,1,9,4,17,10,39,5,9,5,13,0,0
match-dff8ed86-432,urzeitliche_kolosse,standard,1,0,0,9,-3,14,9,42,3,9,4,6,0,0
match-66ab9cc9-433,forschung_muskelkraft,standard,0,1,1,6,4,13,6,18,3,4,4,13,0,0
match-66ab9cc9-433,urzeitliche_kolosse,standard,1,0,0,6,-3,11,6,15,3,5,0,6,0,1
match-d293af01-434,forschung_muskelkraft,standard,0,0,1,6,-1,14,6,19,1,5,5,6,0,0
match-d293af01-434,urzeitliche_kolosse,standard,1,1,0,6,4,12,8,19,1,7,2,11,0,0
match-59465e44-435,forschung_muskelkraft,standard,0,1,1,9,3,19,10,38,6,9,3,10,0,0
match-59465e44-435,urzeitliche_kolosse,standard,1,0,0,9,0,15,8,38,7,8,4,7,0,0
match-fac36a90-436,forschung_muskelkraft,standard,0,0,1,7,0,15,7,26,1,6,4,4,0,0
match-fac36a90-436,urzeitliche_kolosse,standard,1,1,0,7,6,12,7,25,2,7,5,10,0,1
match-817619d3-437,forschung_muskelkraft,standard,0,0,1,9,-3,21,12,42,3,10,6,4,0,0
match-817619d3-437,urzeitliche_kolosse,standard,1,1,0,9,6,15,10,42,3,10,5,13,0,3
match-ed5e2c0b-438,forschung_muskelkraft,standard,0,0,1,9,-2,18,10,38,6,9,7,8,0,0
match-ed5e2c0b-438,urzeitliche_kolosse,standard,1,1,0,9,2,14,11,40,3,11,5,12,0,0
match-7410db4e-439,forschung_muskelkraft,standard,0,1,1,10,4,19,12,46,4,10,10,15,0,0
match-7410db4e-439,urzeitliche_kolosse,standard,1,0,0,10,-5,16,13,50,3,13,6,6,0,2
match-aa63f372-440,forschung_muskelkraft,standard,0,0,1,11,0,22,11,42,18,9,11,4,0,0
match-aa63f372-440,urzeitliche_kolosse,standard,1,1,0,11,6,15,14,53,9,13,6,10,0,0
match-311682b5-441,forschung_muskelkraft,standard,0,1,1,10,5,19,12,44,6,10,10,18,0,0
match-311682b5-441,urzeitliche_kolosse,standard,1,0,0,10,-8,16,13,50,2,12,5,5,0,0
match-9cfeb4ed-442,forschung_muskelkraft,standard,0,1,1,10,1,22,12,44,6,10,10,12,0,0
match-9cfeb4ed-442,urzeitliche_kolosse,standard,1,0,0,10,-2,14,12,49,3,12,6,9,0,0
match-23b14430-443,forschung_muskelkraft,standard,0,0,1,9,0,18,9,35,7,7,4,3,0,0
match-23b14430-443,urzeitliche_kolosse,standard,1,1,0,9,7,15,8,36,6,8,2,10,0,3
match-c52e707c-444,forschung_muskelkraft,standard,0,0,1,6,0,14,6,19,2,5,4,5,0,0
match-c52e707c-444,urzeitliche_kolosse,standard,1,1,0,6,5,10,6,18,3,6,3,10,0,0
match-4be11fbf-445,forschung_muskelkraft,standard,0,1,1,14,1,23,20,75,18,18,14,12,0,0
match-4be11fbf-445,urzeitliche_kolosse,standard,1,0,0,14,-2,20,17,68,26,17,14,9,0,0
match-b7c931f7-446,forschung_muskelkraft,standard,0,0,1,11,-1,21,12,45,16,10,8,9,0,0
match-b7c931f7-446,urzeitliche_kolosse,standard,1,1,0,11,1,16,13,54,5,13,6,11,0,1
match-3e7bc13a-447,forschung_muskelkraft,standard,0,1,1,13,1,23,20,75,9,18,13,13,0,0
match-3e7bc13a-447,urzeitliche_kolosse,standard,1,0,0,13,-3,18,16,57,22,15,15,9,0,0
match-4b22e1af-448,forschung_muskelkraft,standard,0,0,1,5,-1,10,2,9,6,2,2,0,0,0
match-4b22e1af-448,urzeitliche_kolosse,standard,1,1,0,5,10,10,4,10,5,4,0,11,0,0
match-d1d590f1-449,forschung_muskelkraft,standard,0,0,1,8,-2,17,9,34,2,9,5,7,0,0
match-d1d590f1-449,urzeitliche_kolosse,standard,1,1,0,8,3,13,8,31,4,8,4,12,0,0
match-3dbda32a-450,forschung_muskelkraft,standard,0,0,1,9,-2,17,9,39,6,9,5,9,0,0
match-3dbda32a-450,urzeitliche_kolosse,standard,1,1,0,9,1,15,9,36,8,8,4,12,0,0
match-c470526c-451,forschung_muskelkraft,standard,0,1,1,11,2,22,13,49,6,11,12,11,0,0
match-c470526c-451,urzeitliche_kolosse,standard,1,0,0,11,-1,17,14,48,9,13,6,8,0,0
match-65ed7eb9-452,forschung_muskelkraft,standard,0,1,1,12,4,21,14,57,14,13,8,11,0,0
match-65ed7eb9-452,urzeitliche_kolosse,standard,1,0,0,12,-1,16,14,59,11,13,8,6,0,0
match-eca00dfb-453,forschung_muskelkraft,standard,0,0,1,9,-1,14,9,35,5,8,8,8,0,0
match-eca00dfb-453,urzeitliche_kolosse,standard,1,1,0,9,2,14,12,40,2,11,4,11,0,0
match-58882034-454,forschung_muskelkraft,standard,0,1,1,13,2,24,18,69,18,16,13,18,0,0
match-58882034-454,urzeitliche_kolosse,standard,1,0,0,13,-8,18,16,65,20,15,12,8,0,2
match-df3acf76-455,forschung_muskelkraft,standard,0,1,1,8,3,17,9,30,2,8,9,11,0,0
match-df3acf76-455,urzeitliche_kolosse,standard,1,0,0,8,-1,14,9,34,2,9,4,7,0,1
match-158de79b-456,forschung_muskelkraft,standard,0,1,1,15,1,22,20,75,30,18,13,10,0,0
match-158de79b-456,urzeitliche_kolosse,standard,1,0,0,15,0,19,18,74,35,18,15,9,0,1
match-9c4096dd-457,forschung_muskelkraft,standard,0,1,1,8,8,16,9,32,1,8,5,12,0,0
match-9c4096dd-457,urzeitliche_kolosse,standard,1,0,0,8,-2,14,7,31,4,7,4,2,0,2
match-0828a916-458,forschung_muskelkraft,standard,0,0,1,8,-1,20,10,33,2,8,5,3,0,0
match-0828a916-458,urzeitliche_kolosse,standard,1,1,0,8,7,13,10,35,1,10,4,11,0,2
match-8edb5858-459,forschung_muskelkraft,standard,0,1,1,8,2,19,8,31,2,8,5,12,0,0
match-8edb5858-459,urzeitliche_kolosse,standard,1,0,0,8,-2,12,8,30,6,7,3,8,0,0
match-305864a5-460,forschung_muskelkraft,standard,0,1,1,7,4,13,6,24,3,6,6,12,0,0
match-305864a5-460,urzeitliche_kolosse,standard,1,0,0,7,-2,12,8,23,4,8,2,6,0,1
match-b70b13e7-461,forschung_muskelkraft,standard,0,0,1,5,0,13,4,13,2,4,0,4,0,0
match-b70b13e7-461,urzeitliche_kolosse,standard,1,1,0,5,6,10,4,12,3,4,1,10,0,0
match-22f32620-462,forschung_muskelkraft,standard,0,0,1,7,-1,15,7,26,2,6,3,0,0,0
match-22f32620-462,urzeitliche_kolosse,standard,1,1,0,7,10,13,6,26,2,6,3,11,0,0
match-a9a5d562-463,forschung_muskelkraft,standard,0,0,1,5,-2,13,5,14,1,4,3,3,0,0
match-a9a5d562-463,urzeitliche_kolosse,standard,1,1,0,5,7,11,5,14,1,5,0,12,0,0
match-5cfcf494-464,forschung_muskelkraft,standard,0,1,1,12,2,23,14,58,13,13,7,11,0,0
match-5cfcf494-464,urzeitliche_kolosse,standard,1,0,0,12,-1,17,13,50,18,12,10,8,0,5
match-e3af83d6-465,forschung_muskelkraft,standard,0,1,1,8,2,14,9,33,1,7,6,11,0,0
match-e3af83d6-465,urzeitliche_kolosse,standard,1,0,0,8,-1,13,9,35,1,9,3,8,0,0
match-4f97b60f-466,forschung_muskelkraft,standard,0,0,1,8,0,18,8,30,4,7,5,5,0,0
match-4f97b60f-466,urzeitliche_kolosse,standard,1,1,0,8,5,13,9,33,3,8,2,10,0,1
match-d64a4551-467,forschung_muskelkraft,standard,0,1,1,9,4,20,11,35,1,9,8,13,0,0
match-d64a4551-467,urzeitliche_kolosse,standard,1,0,0,9,-3,13,11,41,1,10,6,6,0,0
match-77c7719e-468,forschung_muskelkraft,standard,0,1,1,7,1,14,8,27,1,7,5,13,0,0
match-77c7719e-468,urzeitliche_kolosse,standard,1,0,0,7,-3,11,7,26,2,7,3,9,0,1
match-fe7a00e0-469,forschung_muskelkraft,standard,0,0,1,5,0,12,3,11,4,3,1,0,0,0
match-fe7a00e0-469,urzeitliche_kolosse,standard,1,1,0,5,10,10,4,13,1,4,1,10,0,0
match-6a623319-470,forschung_muskelkraft,standard,0,0,1,6,-1,13,7,20,1,5,3,6,0,0
match-6a623319-470,urzeitliche_kolosse,standard,1,1,0,6,4,9,6,19,1,6,2,11,0,1
match-f114c25b-471,forschung_muskelkraft,standard,0,1,1,10,1,18,10,41,10,8,8,11,0,0
match-f114c25b-471,urzeitliche_kolosse,standard,1,0,0,10,-1,14,13,45,3,12,4,9,0,2
match-2767fa80-472,forschung_muskelkraft,standard,0,1,1,7,3,17,8,26,2,7,5,11,0,0
match-2767fa80-472,urzeitliche_kolosse,standard,1,0,0,7,-1,13,9,23,1,8,2,7,0,0
match-ae1a89c2-473,forschung_muskelkraft,standard,0,1,1,9,3,17,11,40,3,9,8,14,0,0
match-ae1a89c2-473,urzeitliche_kolosse,standard,1,0,0,9,-4,15,10,40,3,10,5,7,0,1
match-1a02bbfb-474,forschung_muskelkraft,standard,0,0,1,8,-1,17,9,28,5,7,6,8,0,0
match-1a02bbfb-474,urzeitliche_kolosse,standard,1,1,0,8,2,12,9,32,3,9,2,11,0,1
match-a0b54b3d-475,forschung_muskelkraft,standard,0,1,1,10,3,18,11,43,8,10,8,17,0,0
match-a0b54b3d-475,urzeitliche_kolosse,standard,1,0,0,10,-7,16,12,47,6,11,5,7,0,3
match-4232778a-476,forschung_muskelkraft,standard,0,0,1,6,0,14,6,20,1,5,5,7,0,0
match-4232778a-476,urzeitliche_kolosse,standard,1,1,0,6,3,11,7,19,2,7,3,10,0,0
match-c8e506cc-477,forschung_muskelkraft,standard,0,0,1,9,-3,19,10,39,6,8,5,4,0,0
match-c8e506cc-477,urzeitliche_kolosse,standard,1,1,0,9,6,12,9,38,6,8,4,13,0,0
match-34cd3905-478,forschung_muskelkraft,standard,0,1,1,6,5,15,6,20,1,5,3,10,0,0
match-34cd3905-478,urzeitliche_kolosse,standard,1,0,0,6,0,10,7,18,2,6,2,5,0,0
match-bb7fc847-479,forschung_muskelkraft,standard,0,1,1,7,2,14,7,24,2,6,4,12,0,0
match-bb7fc847-479,urzeitliche_kolosse,standard,1,0,0,7,-2,11,6,22,6,6,3,8,0,0
match-c826e8bc-480,forschung_muskelkraft,standard,0,1,1,9,2,19,8,35,6,8,6,14,0,0
match-c826e8bc-480,urzeitliche_kolosse,standard,1,0,0,9,-4,14,10,41,2,9,3,8,0,2
match-4ed997ff-481,forschung_muskelkraft,standard,0,0,1,8,-1,19,9,32,2,7,3,0,0,0
match-4ed997ff-481,urzeitliche_kolosse,standard,1,1,0,8,10,12,9,35,0,8,3,11,0,0
match-bac1aa37-482,forschung_muskelkraft,standard,0,0,1,5,-3,11,4,12,3,3,2,6,0,0
match-bac1aa37-482,urzeitliche_kolosse,standard,1,1,0,5,4,11,5,15,0,5,0,13,0,0
match-4174597a-483,forschung_muskelkraft,standard,0,0,1,11,-4,20,11,42,14,9,11,6,0,0
match-4174597a-483,urzeitliche_kolosse,standard,1,1,0,11,4,16,14,52,10,13,4,14,0,2
match-e2f165c6-484,forschung_muskelkraft,standard,0,0,1,7,-1,15,8,27,1,6,2,7,0,0
match-e2f165c6-484,urzeitliche_kolosse,standard,1,1,0,7,3,12,8,26,2,7,3,11,0,1
match-69a41509-485,forschung_muskelkraft,standard,0,0,1,10,-1,20,11,38,7,9,6,6,0,0
match-69a41509-485,urzeitliche_kolosse,standard,1,1,0,10,4,15,11,41,8,10,4,11,0,0
match-d58c2741-486,forschung_muskelkraft,standard,0,1,1,7,5,16,8,25,2,6,4,12,0,0
match-d58c2741-486,urzeitliche_kolosse,standard,1,0,0,7,-2,13,8,24,4,8,2,5,0,0
match-5c3ed684-487,forschung_muskelkraft,standard,0,0,1,5,0,12,4,12,3,3,0,4,0,0
match-5c3ed684-487,urzeitliche_kolosse,standard,1,1,0,5,6,8,4,12,3,4,0,10,0,0
match-9291eea8-488,forschung_muskelkraft,standard,0,0,1,12,-4,21,14,54,17,12,10,5,0,0
match-9291eea8-488,urzeitliche_kolosse,standard,1,1,0,12,5,17,15,61,16,14,7,14,0,1
match-19449deb-489,forschung_muskelkraft,standard,0,0,1,8,0,16,8,25,8,7,3,5,0,0
match-19449deb-489,urzeitliche_kolosse,standard,1,1,0,8,5,13,9,32,1,8,4,10,0,0
match-852cb023-490,forschung_muskelkraft,standard,0,0,1,8,-1,15,8,27,1,7,5,7,0,0
match-852cb023-490,urzeitliche_kolosse,standard,1,1,0,8,3,13,9,35,1,8,2,11,0,1
match-0bdf5f66-491,forschung_muskelkraft,standard,0,0,1,8,-1,19,8,30,4,6,5,6,0,0
match-0bdf5f66-491,urzeitliche_kolosse,standard,1,1,0,8,4,13,7,34,2,7,1,11,0,0
match-ad5c6bb2-492,forschung_muskelkraft,standard,0,0,1,9,-1,19,11,39,3,9,5,7,0,0
match-ad5c6bb2-492,urzeitliche_kolosse,standard,1,1,0,9,3,14,9,34,5,9,4,11,0,0
match-340f1af5-493,forschung_muskelkraft,standard,0,0,1,7,-2,14,8,27,1,7,5,6,0,0
match-340f1af5-493,urzeitliche_kolosse,standard,1,1,0,7,4,13,8,26,2,7,3,12,0,0
match-9ff72d2d-494,forschung_muskelkraft,standard,0,0,1,6,-1,12,5,18,3,5,1,8,0,0
match-9ff72d2d-494,urzeitliche_kolosse,standard,1,1,0,6,2,11,6,20,1,6,2,11,0,0
match-26a9dc70-495,forschung_muskelkraft,standard,0,1,1,9,1,17,12,40,2,10,5,11,0,0
match-26a9dc70-495,urzeitliche_kolosse,standard,1,0,0,9,-1,15,8,39,5,7,5,9,0,1
match-3350fce5-496,forschung_muskelkraft,standard,0,1,1,8,2,18,9,31,2,8,6,10,0,0
match-3350fce5-496,urzeitliche_kolosse,standard,1,0,0,8,0,14,8,34,2,8,5,8,0,0
match-ba038c27-497,forschung_muskelkraft,standard,0,0,1,5,-1,14,5,14,1,4,3,4,0,0
match-ba038c27-497,urzeitliche_kolosse,standard,1,1,0,5,6,11,5,14,1,5,0,11,0,0
match-25ebbe60-498,forschung_muskelkraft,standard,0,0,1,10,-2,22,12,44,6,10,10,7,0,0
match-25ebbe60-498,urzeitliche_kolosse,standard,1,1,0,10,3,16,13,46,4,12,5,12,0,1
match-ac9e4da2-499,forschung_muskelkraft,standard,0,1,1,8,4,18,8,32,2,8,5,10,0,0
match-ac9e4da2-499,urzeitliche_kolosse,standard,1,0,0,8,0,13,9,31,3,9,3,6,0,1
match-6d8504c5-500,forschung_muskelkraft,standard,0,0,0,8,0,16,7,22,11,6,5,7,0,0
match-6d8504c5-500,urzeitliche_kolosse,standard,1,1,1,8,3,13,7,31,5,7,1,10,0,1
match-e6d27582-501,forschung_muskelkraft,standard,0,0,0,11,-2,20,10,40,20,8,8,4,0,0
match-e6d27582-501,urzeitliche_kolosse,standard,1,1,1,11,6,17,14,55,7,13,4,12,0,1
match-601fc640-502,forschung_muskelkraft,standard,0,1,0,5,1,11,5,14,1,4,2,10,0,0
match-601fc640-502,urzeitliche_kolosse,standard,1,0,1,5,0,11,4,13,1,4,1,9,0,0
match-d96d36fd-503,forschung_muskelkraft,standard,0,0,0,8,-1,18,9,33,2,7,5,3,0,0
match-d96d36fd-503,urzeitliche_kolosse,standard,1,1,1,8,7,14,8,31,3,8,3,11,0,0
match-52ba87bb-504,forschung_muskelkraft,standard,0,1,0,5,4,12,5,14,1,4,2,10,0,0
match-52ba87bb-504,urzeitliche_kolosse,standard,1,0,1,5,0,11,5,12,1,4,1,6,0,0
match-cc07f878-505,forschung_muskelkraft,standard,0,0,0,14,-2,22,14,59,36,12,13,6,0,0
match-cc07f878-505,urzeitliche_kolosse,standard,1,1,1,14,4,19,17,66,29,16,7,12,0,3
match-45554936-506,forschung_muskelkraft,standard,0,0,0,12,0,23,12,51,25,10,7,8,0,0
match-45554936-506,urzeitliche_kolosse,standard,1,1,1,12,2,16,13,58,11,12,5,10,0,1
match-bea2b9f3-507,forschung_muskelkraft,standard,0,0,0,11,-3,21,12,46,19,11,8,7,0,0
match-bea2b9f3-507,urzeitliche_kolosse,standard,1,1,1,11,3,17,12,52,14,11,8,13,0,4
match-a31a1ed9-508,forschung_muskelkraft,standard,0,1,0,12,2,23,15,60,14,13,10,12,0,0
match-a31a1ed9-508,urzeitliche_kolosse,standard,1,0,1,12,-2,15,15,57,12,14,9,8,0,4
match-1c676f97-509,forschung_muskelkraft,standard,0,1,0,10,3,21,13,48,6,11,8,12,0,0
match-1c676f97-509,urzeitliche_kolosse,standard,1,0,1,10,-2,15,11,49,4,10,6,7,0,1
match-95b4c054-510,forschung_muskelkraft,standard,0,1,0,14,5,23,14,57,44,12,14,13,0,0
match-95b4c054-510,urzeitliche_kolosse,standard,1,0,1,14,-3,20,17,72,24,16,8,5,0,1
match-0f023112-511,forschung_muskelkraft,standard,0,0,0,6,-2,14,5,18,2,5,3,3,0,0
match-0f023112-511,urzeitliche_kolosse,standard,1,1,1,6,7,10,5,18,2,5,2,12,0,0
match-884f81cf-512,forschung_muskelkraft,standard,0,0,0,8,-1,13,9,33,2,8,7,4,0,0
match-884f81cf-512,urzeitliche_kolosse,standard,1,1,1,8,6,13,9,33,2,9,6,11,0,0
match-019cf28d-513,forschung_muskelkraft,standard,0,1,0,7,3,16,6,24,3,6,3,10,0,0
match-019cf28d-513,urzeitliche_kolosse,standard,1,0,1,7,0,13,7,25,3,7,2,7,0,0
match-7aea434a-514,forschung_muskelkraft,standard,0,0,0,9,0,16,9,34,2,8,6,6,0,0
match-7aea434a-514,urzeitliche_kolosse,standard,1,1,1,9,4,15,9,38,5,9,4,10,0,2
match-f437b407-515,forschung_muskelkraft,standard,0,1,0,13,1,21,16,62,24,14,13,12,0,0
match-f437b407-515,urzeitliche_kolosse,standard,1,0,1,13,-2,19,16,63,19,15,10,9,0,4
match-d8af18ed-516,forschung_muskelkraft,standard,0,1,0,6,2,16,6,19,1,5,6,10,0,0
match-d8af18ed-516,urzeitliche_kolosse,standard,1,0,1,6,0,11,7,17,1,6,3,8,0,0
match-51fc69ab-517,forschung_muskelkraft,standard,0,0,0,6,-2,13,6,19,2,5,3,5,0,0
match-51fc69ab-517,urzeitliche_kolosse,standard,1,1,1,6,5,12,6,19,2,6,2,12,0,0
match-cb49da68-518,forschung_muskelkraft,standard,0,1,0,8,4,19,9,32,2,8,6,12,0,0
match-cb49da68-518,urzeitliche_kolosse,standard,1,0,1,8,-2,14,8,33,3,7,3,6,0,0
match-44972b26-519,forschung_muskelkraft,standard,0,0,0,9,-1,15,12,40,4,10,4,7,0,0
match-44972b26-519,urzeitliche_kolosse,standard,1,1,1,9,3,14,10,44,1,9,5,11,0,1
match-bde49be3-520,forschung_muskelkraft,standard,0,1,0,13,1,22,14,55,33,12,11,12,0,0
match-bde49be3-520,urzeitliche_kolosse,standard,1,0,1,13,-2,17,16,60,22,15,7,9,0,2
match-3731eca1-521,forschung_muskelkraft,standard,0,0,0,9,-1,18,9,34,2,9,7,6,0,0
match-3731eca1-521,urzeitliche_kolosse,standard,1,1,1,9,4,13,9,37,2,9,4,11,0,0
match-b07f5d5e-522,forschung_muskelkraft,standard,0,0,0,4,0,9,2,6,4,2,0,0,0,0
match-b07f5d5e-522,urzeitliche_kolosse,standard,1,1,1,4,10,9,4,8,1,4,1,10,0,0
match-29ccae1c-523,forschung_muskelkraft,standard,0,1,0,8,3,14,7,28,4,7,5,13,0,0
match-29ccae1c-523,urzeitliche_kolosse,standard,1,0,1,8,-3,13,9,31,4,9,2,7,0,0
match-0e441302-524,forschung_muskelkraft,standard,0,0,0,9,-3,19,10,41,4,10,6,7,0,0
match-0e441302-524,urzeitliche_kolosse,standard,1,1,1,9,3,15,12,37,5,11,5,13,0,1
match-879163bf-525,forschung_muskelkraft,standard,0,1,0,9,3,17,9,37,5,8,6,15,0,0
match-879163bf-525,urzeitliche_kolosse,standard,1,0,1,9,-5,13,10,39,4,9,4,7,0,0
match-00ded47d-526,forschung_muskelkraft,standard,0,0,0,12,-2,22,15,58,17,13,13,8,0,0
match-00ded47d-526,urzeitliche_kolosse,standard,1,1,1,12,2,18,15,59,15,15,8,12,0,1
match-7a2c253a-527,forschung_muskelkraft,standard,0,0,0,9,-2,17,11,39,1,9,6,8,0,0
match-7a2c253a-527,urzeitliche_kolosse,standard,1,1,1,9,2,13,9,36,8,8,4,12,0,0
match-f37995f7-528,forschung_muskelkraft,standard,0,0,0,12,-3,23,13,51,16,11,12,4,0,0
match-f37995f7-528,urzeitliche_kolosse,standard,1,1,1,12,6,18,15,66,7,14,6,13,0,0
match-6cc6e6b5-529,forschung_muskelkraft,standard,0,0,0,8,-2,17,9,33,2,8,4,0,0,0
match-6cc6e6b5-529,urzeitliche_kolosse,standard,1,1,1,8,10,13,8,34,2,8,5,12,0,0
match-e6145772-530,forschung_muskelkraft,standard,0,1,0,9,2,16,9,32,4,7,7,10,0,0
match-e6145772-530,urzeitliche_kolosse,standard,1,0,1,9,0,13,10,37,6,9,2,8,0,0
match-5f61a830-531,forschung_muskelkraft,standard,0,0,0,9,-4,17,9,37,5,8,6,6,0,0
match-5f61a830-531,urzeitliche_kolosse,standard,1,1,1,9,4,13,10,43,1,10,3,14,0,0
match-43d90d16-532,forschung_muskelkraft,standard,0,1,0,5,4,11,5,14,1,4,2,11,0,0
match-43d90d16-532,urzeitliche_kolosse,standard,1,0,1,5,-1,9,4,12,3,4,1,6,0,0
match-bd267dd3-533,forschung_muskelkraft,standard,0,1,0,6,1,13,6,19,2,5,3,13,0,0
match-bd267dd3-533,urzeitliche_kolosse,standard,1,0,1,6,-3,10,6,17,3,6,1,9,0,1
match-3673ce91-534,forschung_muskelkraft,standard,0,1,0,8,5,20,10,34,2,8,5,13,0,0
match-3673ce91-534,urzeitliche_kolosse,standard,1,0,1,8,-3,11,9,34,2,8,5,5,0,0
match-afc13f4e-535,forschung_muskelkraft,standard,0,0,0,9,-1,16,9,35,6,7,5,6,0,0
match-afc13f4e-535,urzeitliche_kolosse,standard,1,1,1,9,4,14,10,40,5,10,3,11,0,0
match-290e900c-536,forschung_muskelkraft,standard,0,1,0,14,3,22,20,75,18,18,11,12,0,0
match-290e900c-536,urzeitliche_kolosse,standard,1,0,1,14,-2,18,17,62,31,16,15,7,0,4
match-a25be0c9-537,forschung_muskelkraft,standard,0,0,0,9,-2,17,8,33,8,6,5,6,0,0
match-a25be0c9-537,urzeitliche_kolosse,standard,1,1,1,9,4,15,9,37,8,8,2,12,0,2
match-1ba95187-538,forschung_muskelkraft,standard,0,1,0,12,9,20,15,58,12,13,9,11,0,0
match-1ba95187-538,urzeitliche_kolosse,standard,1,0,1,12,-1,17,15,64,7,14,8,1,0,1
match-94f6a244-539,forschung_muskelkraft,standard,0,1,0,9,3,21,10,33,4,8,9,11,0,0
match-94f6a244-539,urzeitliche_kolosse,standard,1,0,1,9,-1,13,11,36,4,10,4,7,0,0
match-796e072a-540,forschung_muskelkraft,standard,0,1,0,8,1,16,8,29,4,6,6,11,0,0
match-796e072a-540,urzeitliche_kolosse,standard,1,0,1,8,-1,11,11,31,4,10,1,9,0,0
match-f2bb77e7-541,forschung_muskelkraft,standard,0,1,0,8,1,19,9,31,4,8,6,12,0,0
match-f2bb77e7-541,urzeitliche_kolosse,standard,1,0,1,8,-2,12,9,33,3,8,3,9,0,0
match-6c08c8a5-542,forschung_muskelkraft,standard,0,1,0,8,3,18,10,32,1,8,6,10,0,0
match-6c08c8a5-542,urzeitliche_kolosse,standard,1,0,1,8,0,13,9,32,4,9,3,7,0,0
match-e5563962-543,forschung_muskelkraft,standard,0,0,0,11,-2,19,12,46,15,10,8,9,0,0
match-e5563962-543,urzeitliche_kolosse,standard,1,1,1,11,1,16,13,54,6,13,5,12,0,0
match-5ea38a20-544,forschung_muskelkraft,standard,0,0,0,6,0,18,7,18,3,5,2,4,0,0
match-5ea38a20-544,urzeitliche_kolosse,standard,1,1,1,6,6,12,5,20,1,5,2,10,0,0
match-d7f0fadd-545,forschung_muskelkraft,standard,0,1,0,9,10,17,10,31,5,8,7,12,0,0
match-d7f0fadd-545,urzeitliche_kolosse,standard,1,0,1,9,-2,14,10,37,7,9,4,0,0,0
match-513e4b9b-546,forschung_muskelkraft,standard,0,0,0,6,0,12,6,20,1,5,4,8,0,0
match-513e4b9b-546,urzeitliche_kolosse,standard,1,1,1,6,2,12,6,19,1,6,1,10,0,0
match-ca8bbc58-547,forschung_muskelkraft,standard,0,0,0,5,-2,14,5,14,1,4,3,5,0,0
match-ca8bbc58-547,urzeitliche_kolosse,standard,1,1,1,5,5,11,6,15,0,6,1,12,0,0
match-af03013e-548,forschung_muskelkraft,standard,0,0,0,7,0,16,6,21,6,5,3,3,0,0
match-af03013e-548,urzeitliche_kolosse,standard,1,1,1,7,7,11,7,26,2,6,1,10,0,0
match-285071fc-549,forschung_muskelkraft,standard,0,1,0,13,10,22,15,61,21,13,11,11,0,0
match-285071fc-549,urzeitliche_kolosse,standard,1,0,1,13,-1,19,16,62,19,15,8,0,0,2
match-a19dc2b9-550,forschung_muskelkraft,standard,0,1,0,5,7,11,4,13,2,4,1,10,0,0
match-a19dc2b9-550,urzeitliche_kolosse,standard,1,0,1,5,0,10,4,12,3,3,1,3,0,0
match-1aeb3377-551,forschung_muskelkraft,standard,0,0,0,9,-1,19,12,42,3,10,7,0,0,0
match-1aeb3377-551,urzeitliche_kolosse,standard,1,1,1,9,10,14,12,43,2,11,6,11,0,0
match-94388434-552,forschung_muskelkraft,standard,0,0,0,10,0,20,10,38,7,8,9,4,0,0
match-94388434-552,urzeitliche_kolosse,standard,1,1,1,10,6,15,12,47,5,12,3,10,0,1
match-0d85f4f2-553,forschung_muskelkraft,standard,0,1,0,10,1,20,10,35,10,8,10,15,0,0
match-0d85f4f2-553,urzeitliche_kolosse,standard,1,0,1,10,-5,15,13,51,3,13,3,9,0,0
match-86d345af-554,forschung_muskelkraft,standard,0,0,0,9,-1,17,11,36,9,9,5,5,0,0
match-86d345af-554,urzeitliche_kolosse,standard,1,1,1,9,5,14,10,41,2,10,4,11,0,3
match-0020b66d-555,forschung_muskelkraft,standard,0,1,0,9,3,18,11,42,3,10,5,13,0,0
match-0020b66d-555,urzeitliche_kolosse,standard,1,0,1,9,-3,14,9,40,5,8,6,7,0,2
match-e4981b52-556,forschung_muskelkraft,standard,0,0,0,8,0,14,9,29,3,7,5,5,0,0
match-e4981b52-556,urzeitliche_kolosse,standard,1,1,1,8,5,13,9,33,3,8,2,10,0,0
match-5de56c10-557,forschung_muskelkraft,standard,0,1,0,11,6,23,15,56,5,13,9,10,0,0
match-5de56c10-557,urzeitliche_kolosse,standard,1,0,1,11,0,15,14,48,13,13,8,4,0,2
match-d732dccd-558,forschung_muskelkraft,standard,0,0,0,10,-1,21,10,37,8,8,7,6,0,0
match-d732dccd-558,urzeitliche_kolosse,standard,1,1,1,10,4,16,10,43,2,9,4,11,0,0
match-50802d8b-559,forschung_muskelkraft,standard,0,0,0,5,0,12,4,13,2,4,1,2,0,0
match-50802d8b-559,urzeitliche_kolosse,standard,1,1,1,5,8,10,4,14,1,4,1,10,0,0
match-c9cd9e48-560,forschung_muskelkraft,standard,0,1,0,14,3,22,17,69,26,15,15,10,0,0
match-c9cd9e48-560,urzeitliche_kolosse,standard,1,0,1,14,0,18,17,67,27,16,11,7,0,4
match-431aef06-561,forschung_muskelkraft,standard,0,1,0,7,6,14,7,25,2,6,4,10,0,0
match-431aef06-561,urzeitliche_kolosse,standard,1,0,1,7,0,12,9,28,0,8,2,4,0,1
match-bc685fc3-562,forschung_muskelkraft,standard,0,0,0,8,-3,18,9,33,3,8,2,3,0,0
match-bc685fc3-562,urzeitliche_kolosse,standard,1,1,1,8,7,13,7,28,3,7,5,13,0,0
match-35b5b081-563,forschung_muskelkraft,standard,0,1,0,9,4,19,11,40,2,9,9,10,0,0
match-35b5b081-563,urzeitliche_kolosse,standard,1,0,1,9,0,14,11,42,2,10,5,6,0,0
match-1a2d1567-564,forschung_muskelkraft,standard,0,0,0,9,0,17,10,38,4,9,7,4,0,0
match-1a2d1567-564,urzeitliche_kolosse,standard,1,1,1,9,6,15,11,39,5,10,6,10,0,0
match-937a6624-565,forschung_muskelkraft,standard,0,0,0,15,0,23,19,73,36,17,15,4,0,0
match-937a6624-565,urzeitliche_kolosse,standard,1,1,1,15,6,18,18,72,37,18,12,10,0,4
match-0cc7d6e2-566,forschung_muskelkraft,standard,0,1,0,13,1,22,14,59,23,12,11,12,0,0
match-0cc7d6e2-566,urzeitliche_kolosse,standard,1,0,1,13,-2,18,16,62,23,15,7,9,0,1
match-8615279f-567,forschung_muskelkraft,standard,0,0,0,6,0,14,6,16,4,4,3,4,0,0
match-8615279f-567,urzeitliche_kolosse,standard,1,1,1,6,6,12,5,19,2,5,1,10,0,0
match-ff62985c-568,forschung_muskelkraft,standard,0,0,0,7,0,18,5,21,7,5,3,7,0,0
match-ff62985c-568,urzeitliche_kolosse,standard,1,1,1,7,3,13,7,26,2,7,0,10,0,0
match-78afe91a-569,forschung_muskelkraft,standard,0,1,0,5,4,12,6,14,1,5,2,10,0,0
match-78afe91a-569,urzeitliche_kolosse,standard,1,0,1,5,0,10,4,13,2,4,1,6,0,0
match-f1fd59d7-570,forschung_muskelkraft,standard,0,0,0,8,0,17,9,34,2,9,4,0,0,0
match-f1fd59d7-570,urzeitliche_kolosse,standard,1,1,1,8,10,14,10,36,0,9,6,10,0,2
match-6b4aaa95-571,forschung_muskelkraft,standard,0,0,0,9,-1,18,9,33,3,8,6,7,0,0
match-6b4aaa95-571,urzeitliche_kolosse,standard,1,1,1,9,3,14,10,38,2,9,3,11,0,1
match-4fc20f7b-572,forschung_muskelkraft,standard,0,0,0,8,0,18,9,32,3,8,4,5,0,0
match-4fc20f7b-572,urzeitliche_kolosse,standard,1,1,1,8,5,12,9,34,1,9,3,10,0,0
match-c90f6038-573,forschung_muskelkraft,standard,0,0,0,11,-1,21,10,40,20,8,6,5,0,0
match-c90f6038-573,urzeitliche_kolosse,standard,1,1,1,11,5,15,12,50,9,11,3,11,0,0
match-425cd0f6-574,forschung_muskelkraft,standard,0,0,0,9,-1,20,13,42,2,11,6,0,0,0
match-425cd0f6-574,urzeitliche_kolosse,standard,1,1,1,9,10,15,10,43,1,10,8,11,0,0
match-bbaa21b3-575,forschung_muskelkraft,standard,0,1,0,7,4,15,9,27,1,7,5,15,0,0
match-bbaa21b3-575,urzeitliche_kolosse,standard,1,0,1,7,-5,13,7,25,3,7,3,6,0,1
match-34f79271-576,forschung_muskelkraft,standard,0,0,0,11,-3,20,11,45,20,9,9,9,0,0
match-34f79271-576,urzeitliche_kolosse,standard,1,1,1,11,1,17,14,51,7,13,5,13,0,1
match-ae44e32e-577,forschung_muskelkraft,standard,0,0,0,7,0,17,8,26,2,6,2,3,0,0
match-ae44e32e-577,urzeitliche_kolosse,standard,1,1,1,7,7,12,7,26,2,7,5,10,0,0
match-279253ec-578,forschung_muskelkraft,standard,0,0,0,6,0,15,6,17,3,5,2,8,0,0
match-279253ec-578,urzeitliche_kolosse,standard,1,1,1,6,2,10,6,19,0,5,2,10,0,0
match-a0dfa4a9-579,forschung_muskelkraft,standard,0,0,0,11,0,18,14,50,11,12,10,6,0,0
match-a0dfa4a9-579,urzeitliche_kolosse,standard,1,1,1,11,4,15,13,49,14,12,7,10,0,2
match-8557098f-580,forschung_muskelkraft,standard,0,0,0,7,0,19,6,23,4,5,3,5,0,0
match-8557098f-580,urzeitliche_kolosse,standard,1,1,1,7,5,12,6,25,3,6,2,10,0,0
match-fea47a4c-581,forschung_muskelkraft,standard,0,0,0,12,0,21,14,52,14,12,9,8,0,0
match-fea47a4c-581,urzeitliche_kolosse,standard,1,1,1,12,2,18,13,53,13,12,7,10,0,1
match-77f1cb0a-582,forschung_muskelkraft,standard,0,0,0,6,-2,15,6,19,2,5,2,9,0,0
match-77f1cb0a-582,urzeitliche_kolosse,standard,1,1,1,6,1,10,6,20,0,5,2,12,0,1
match-f13f3bc7-583,forschung_muskelkraft,standard,0,0,0,10,-1,19,10,36,14,9,9,9,0,0
match-f13f3bc7-583,urzeitliche_kolosse,standard,1,1,1,10,1,14,12,43,8,12,5,11,0,1
match-6a8c8c85-584,forschung_muskelkraft,standard,0,1,0,8,7,20,10,33,2,8,3,12,0,0
match-6a8c8c85-584,urzeitliche_kolosse,standard,1,0,1,8,-2,12,7,33,3,6,4,3,0,0
match-e3d9fd42-585,forschung_muskelkraft,standard,0,0,0,10,-1,22,11,34,11,9,7,4,0,0
match-e3d9fd42-585,urzeitliche_kolosse,standard,1,1,1,10,6,16,10,46,4,10,4,11,0,0
match-5d274e00-586,forschung_muskelkraft,standard,0,0,0,9,0,19,10,35,6,9,5,8,0,0
match-5d274e00-586,urzeitliche_kolosse,standard,1,1,1,9,2,14,9,39,4,9,5,10,0,3
match-d674bebd-587,forschung_muskelkraft,standard,0,0,0,4,-1,11,4,9,1,3,0,0,0,0
match-d674bebd-587,urzeitliche_kolosse,standard,1,1,1,4,10,8,4,8,0,4,0,11,0,0
match-baec03a3-588,forschung_muskelkraft,standard,0,1,0,11,1,22,13,53,12,11,8,14,0,0
match-baec03a3-588,urzeitliche_kolosse,standard,1,0,1,11,-4,15,13,55,7,13,7,9,0,3
match-34397461-589,forschung_muskelkraft,standard,0,0,0,9,0,16,10,36,4,8,5,8,0,0
match-34397461-589,urzeitliche_kolosse,standard,1,1,1,9,2,14,11,41,1,10,3,10,0,1
match-ad86c51e-590,forschung_muskelkraft,standard,0,1,0,13,6,22,17,67,15,15,14,10,0,0
match-ad86c51e-590,urzeitliche_kolosse,standard,1,0,1,13,0,19,16,59,27,16,12,4,0,3
match-26d435dc-591,forschung_muskelkraft,standard,0,0,0,11,-4,21,11,42,18,10,10,4,0,0
match-26d435dc-591,urzeitliche_kolosse,standard,1,1,1,11,6,15,13,52,11,13,5,14,0,1
match-a0218699-592,forschung_muskelkraft,standard,0,0,0,8,-1,20,10,33,3,9,4,3,0,0
match-a0218699-592,urzeitliche_kolosse,standard,1,1,1,8,7,14,7,32,4,6,4,11,0,0
match-196ef757-593,forschung_muskelkraft,standard,0,1,0,7,1,13,7,23,3,5,5,12,0,0
match-196ef757-593,urzeitliche_kolosse,standard,1,0,1,7,-2,13,7,27,1,7,0,9,0,1
match-92bc4814-594,forschung_muskelkraft,standard,0,0,0,6,-1,17,7,20,1,5,4,0,0,0
match-92bc4814-594,urzeitliche_kolosse,standard,1,1,1,6,10,11,7,21,0,6,2,11,0,0
match-0c09b8d2-595,forschung_muskelkraft,standard,0,0,0,9,-3,14,9,36,7,8,7,9,0,0
match-0c09b8d2-595,urzeitliche_kolosse,standard,1,1,1,9,1,15,9,37,6,9,3,13,0,1
match-f0811db7-596,forschung_muskelkraft,standard,0,0,0,3,-1,10,2,4,1,2,0,2,0,0
match-f0811db7-596,urzeitliche_kolosse,standard,1,1,1,3,8,7,3,6,0,3,0,11,0,0
match-69ce6e75-597,forschung_muskelkraft,standard,0,0,0,6,-4,16,6,19,2,5,4,4,0,0
match-69ce6e75-597,urzeitliche_kolosse,standard,1,1,1,6,6,12,6,19,1,6,2,14,0,0
match-e31bdf32-598,forschung_muskelkraft,standard,0,1,0,9,5,17,11,39,6,10,8,10,0,0
match-e31bdf32-598,urzeitliche_kolosse,standard,1,0,1,9,0,13,10,42,3,10,6,5,0,0
match-5c692ff0-599,forschung_muskelkraft,standard,0,1,0,9,7,20,11,39,4,9,7,11,0,0
match-5c692ff0-599,urzeitliche_kolosse,standard,1,0,1,9,-1,12,11,39,6,10,4,3,0,0
match-58901ece-600,rudeljaeger,standard,0,0,1,9,0,13,12,28,11,11,7,7,0,0
match-58901ece-600,solidaritaet_ueberleben,standard,1,1,0,9,3,12,11,36,4,11,7,10,0,0
match-d1dd6f8b-601,rudeljaeger,standard,0,0,1,15,0,19,18,49,60,16,14,8,0,1
match-d1dd6f8b-601,solidaritaet_ueberleben,standard,1,1,0,15,1,21,16,62,45,15,14,9,0,0
match-4b2ac049-602,rudeljaeger,standard,0,0,1,8,0,11,9,25,4,9,6,9,0,0
match-4b2ac049-602,solidaritaet_ueberleben,standard,1,1,0,8,1,13,9,34,0,9,8,10,0,0
match-c4783106-603,rudeljaeger,standard,0,1,1,13,6,19,15,45,39,14,15,10,0,4
match-c4783106-603,solidaritaet_ueberleben,standard,1,0,0,13,0,17,17,59,24,17,10,4,0,0
match-3dc581c4-604,rudeljaeger,standard,0,0,1,7,0,13,10,23,2,9,2,7,0,0
match-3dc581c4-604,solidaritaet_ueberleben,standard,1,1,0,7,3,11,7,25,2,7,4,10,0,0
match-b712f281-605,rudeljaeger,standard,0,1,1,14,2,18,17,47,45,15,16,10,0,1
match-b712f281-605,solidaritaet_ueberleben,standard,1,0,0,14,0,18,17,61,36,16,13,8,0,0
match-3060433f-606,rudeljaeger,standard,0,0,1,12,-2,17,15,37,32,13,8,7,0,0
match-3060433f-606,solidaritaet_ueberleben,standard,1,1,0,12,3,18,13,48,24,12,11,12,0,0
match-a9adb3fc-607,rudeljaeger,standard,0,0,1,8,-1,13,11,32,2,11,4,7,0,0
match-a9adb3fc-607,solidaritaet_ueberleben,standard,1,1,0,8,3,12,9,31,4,8,9,11,0,0
match-22fb04ba-608,rudeljaeger,standard,0,0,1,9,-2,14,11,29,10,10,7,7,0,0
match-22fb04ba-608,solidaritaet_ueberleben,standard,1,1,0,9,3,14,11,41,2,10,7,12,0,0
match-9c487577-609,rudeljaeger,standard,0,0,1,10,-1,16,10,36,19,9,7,8,0,3
match-9c487577-609,solidaritaet_ueberleben,standard,1,1,0,10,2,15,12,40,7,12,5,11,0,0
match-1595c635-610,rudeljaeger,standard,0,1,1,10,1,14,13,37,10,12,10,10,0,0
match-1595c635-610,solidaritaet_ueberleben,standard,1,0,0,10,0,15,13,39,10,12,11,9,0,0
match-8ee336f2-611,rudeljaeger,standard,0,0,1,15,-4,21,19,53,53,17,11,8,0,2
match-8ee336f2-611,solidaritaet_ueberleben,standard,1,1,0,15,2,21,14,54,51,13,16,14,0,0
match-083087b0-612,rudeljaeger,standard,0,0,1,13,-2,17,16,45,34,15,13,7,0,1
match-083087b0-612,solidaritaet_ueberleben,standard,1,1,0,13,3,19,16,55,25,15,13,12,0,0
match-817df86d-613,rudeljaeger,standard,0,1,1,10,2,16,11,34,11,9,7,11,0,0
match-817df86d-613,solidaritaet_ueberleben,standard,1,0,0,10,-1,16,11,42,12,11,5,8,0,0
match-facb492a-614,rudeljaeger,standard,0,1,1,12,1,17,16,48,21,15,13,10,0,0
match-facb492a-614,solidaritaet_ueberleben,standard,1,0,0,12,0,18,15,51,16,15,10,9,0,0
match-7418b9e8-615,rudeljaeger,standard,0,0,1,9,-2,13,10,34,7,9,6,6,0,1
match-7418b9e8-615,solidaritaet_ueberleben,standard,1,1,0,9,4,15,11,38,4,10,7,12,0,0
match-ed660aa5-616,rudeljaeger,standard,0,0,1,11,-3,16,15,35,23,13,9,7,0,0
match-ed660aa5-616,solidaritaet_ueberleben,standard,1,1,0,11,3,16,13,46,14,13,10,13,0,0
match-66b37b63-617,rudeljaeger,standard,0,0,1,8,-4,12,11,27,6,9,3,5,0,0
match-66b37b63-617,solidaritaet_ueberleben,standard,1,1,0,8,5,13,8,30,2,7,8,14,0,0
match-e000cc20-618,rudeljaeger,standard,0,0,1,13,-4,18,16,44,36,14,10,7,0,0
match-e000cc20-618,solidaritaet_ueberleben,standard,1,1,0,13,3,17,14,51,31,13,11,14,0,0
match-594e3cde-619,rudeljaeger,standard,0,1,1,11,5,15,14,35,23,13,11,11,0,0
match-594e3cde-619,solidaritaet_ueberleben,standard,1,0,0,11,-1,15,14,47,11,13,11,5,0,0
match-d29b8d9b-620,rudeljaeger,standard,0,0,1,14,-1,18,18,51,43,16,17,9,0,3
match-d29b8d9b-620,solidaritaet_ueberleben,standard,1,1,0,14,1,19,18,60,35,18,13,11,0,0
match-4be8fe59-621,rudeljaeger,standard,0,0,1,11,-4,14,12,34,21,11,10,7,0,0
match-4be8fe59-621,solidaritaet_ueberleben,standard,1,1,0,11,3,16,13,40,15,12,8,14,0,0
match-c5364f16-622,rudeljaeger,standard,0,1,1,14,4,17,17,49,46,16,17,10,0,3
match-c5364f16-622,solidaritaet_ueberleben,standard,1,0,0,14,0,20,18,59,38,17,12,6,0,0
match-3e83bfd4-623,rudeljaeger,standard,0,,1,16,0,21,20,56,65,18,19,8,0,2
match-3e83bfd4-623,solidaritaet_ueberleben,standard,1,,0,16,-1,23,20,69,55,19,16,7,0,0
match-b7d11091-624,rudeljaeger,standard,0,1,1,5,5,9,5,12,3,5,3,10,0,0
match-b7d11091-624,solidaritaet_ueberleben,standard,1,0,0,5,0,11,5,15,0,5,1,5,0,0
match-311e614f-625,rudeljaeger,standard,0,1,1,7,7,11,10,25,3,8,3,11,0,0
match-311e614f-625,solidaritaet_ueberleben,standard,1,0,0,7,-1,13,6,26,1,6,5,3,0,0
match-aa6bd20c-626,rudeljaeger,standard,0,0,1,8,-1,13,11,26,5,11,5,8,0,1
match-aa6bd20c-626,solidaritaet_ueberleben,standard,1,1,0,8,2,12,7,24,4,7,8,11,0,0
match-23b922ca-627,rudeljaeger,standard,0,0,1,12,-3,17,13,41,29,12,12,7,0,3
match-23b922ca-627,solidaritaet_ueberleben,standard,1,1,0,12,3,18,16,57,14,16,8,13,0,0
match-9d069387-628,rudeljaeger,standard,0,0,1,7,-2,11,8,22,6,6,1,4,0,0
match-9d069387-628,solidaritaet_ueberleben,standard,1,1,0,7,6,11,7,25,3,6,3,12,0,0
match-1653e445-629,rudeljaeger,standard,0,1,1,12,6,16,14,45,26,12,11,10,0,1
match-1653e445-629,solidaritaet_ueberleben,standard,1,0,0,12,0,18,15,53,17,14,7,4,0,0
match-8fa15502-630,rudeljaeger,standard,0,0,1,8,-1,13,11,28,4,10,3,7,0,0
match-8fa15502-630,solidaritaet_ueberleben,standard,1,1,0,8,3,13,8,34,2,7,6,11,0,0
match-08eea5c0-631,rudeljaeger,standard,0,0,1,7,0,10,9,26,2,8,2,7,0,0
match-08eea5c0-631,solidaritaet_ueberleben,standard,1,1,0,7,3,11,6,19,2,6,6,10,0,0
match-823c167d-632,rudeljaeger,standard,0,0,1,10,0,14,13,37,13,11,8,8,0,0
match-823c167d-632,solidaritaet_ueberleben,standard,1,1,0,10,2,16,12,48,6,11,9,10,0,0
match-fb89673a-633,rudeljaeger,standard,0,1,1,6,4,11,6,19,1,6,1,11,0,0
match-fb89673a-633,solidaritaet_ueberleben,standard,1,0,0,6,-1,11,5,19,2,4,3,6,0,0
match-74d6d7f8-634,rudeljaeger,standard,0,1,1,5,8,9,5,12,3,4,3,10,0,0
match-74d6d7f8-634,solidaritaet_ueberleben,standard,1,0,0,5,0,9,5,12,3,5,1,2,0,0
match-ee2428b5-635,rudeljaeger,standard,0,0,1,8,-1,14,9,24,8,8,4,7,0,1
match-ee2428b5-635,solidaritaet_ueberleben,standard,1,1,0,8,3,13,9,32,2,9,4,11,0,0
match-67719973-636,rudeljaeger,standard,0,1,1,13,2,17,14,36,45,13,15,11,0,2
match-67719973-636,solidaritaet_ueberleben,standard,1,0,0,13,-1,19,17,63,19,16,10,8,0,0
match-e0beea30-637,rudeljaeger,standard,0,0,1,10,-3,14,13,37,12,11,4,7,0,0
match-e0beea30-637,solidaritaet_ueberleben,standard,1,1,0,10,3,17,9,37,14,9,8,13,0,0
match-5a0c5aee-638,rudeljaeger,standard,0,,1,17,-2,21,17,53,87,15,13,4,0,1
match-5a0c5aee-638,solidaritaet_ueberleben,standard,1,,0,17,0,21,17,65,75,16,12,6,0,0
match-d359abab-639,rudeljaeger,standard,0,0,1,7,-3,12,10,21,2,8,3,8,0,0
match-d359abab-639,solidaritaet_ueberleben,standard,1,1,0,7,2,11,7,25,1,7,6,13,0,0
match-4ca71c69-640,rudeljaeger,standard,0,0,1,12,0,17,15,44,28,13,11,5,0,1
match-4ca71c69-640,solidaritaet_ueberleben,standard,1,1,0,12,5,18,15,55,16,15,9,10,0,0
match-c5f46d26-641,rudeljaeger,standard,0,0,1,14,-2,18,17,47,47,15,14,9,0,1
match-c5f46d26-641,solidaritaet_ueberleben,standard,1,1,0,14,1,20,18,62,31,17,15,12,0,0
match-3f41dde4-642,rudeljaeger,standard,0,1,1,6,7,11,6,14,2,5,3,10,0,0
match-3f41dde4-642,solidaritaet_ueberleben,standard,1,0,0,6,0,9,5,19,2,4,3,3,0,0
match-b88f2ea1-643,rudeljaeger,standard,0,1,1,4,8,7,4,10,0,4,2,11,0,0
match-b88f2ea1-643,solidaritaet_ueberleben,standard,1,0,0,4,-1,8,4,10,0,4,1,2,0,0
match-31dc9f5f-644,rudeljaeger,standard,0,0,1,9,-3,14,11,34,2,10,7,6,0,0
match-31dc9f5f-644,solidaritaet_ueberleben,standard,1,1,0,9,4,12,10,33,8,10,6,13,0,0
match-ab29f01c-645,rudeljaeger,standard,0,0,1,9,0,15,12,30,10,10,8,9,0,0
match-ab29f01c-645,solidaritaet_ueberleben,standard,1,1,0,9,1,14,10,35,5,10,7,10,0,0
match-247740da-646,rudeljaeger,standard,0,1,1,7,7,11,10,24,4,8,4,12,0,0
match-247740da-646,solidaritaet_ueberleben,standard,1,0,0,7,-2,12,7,27,1,7,6,3,0,0
match-9dc4b197-647,rudeljaeger,standard,0,1,1,13,3,16,15,43,40,13,16,11,0,0
match-9dc4b197-647,solidaritaet_ueberleben,standard,1,0,0,13,-1,18,17,59,25,16,9,7,0,0
match-17120255-648,rudeljaeger,standard,0,1,1,12,4,17,16,43,27,14,13,10,0,1
match-17120255-648,solidaritaet_ueberleben,standard,1,0,0,12,0,17,15,53,19,15,12,6,0,0
match-905f7312-649,rudeljaeger,standard,0,0,1,10,-2,15,11,35,14,11,11,5,0,0
match-905f7312-649,solidaritaet_ueberleben,standard,1,1,0,10,5,15,13,38,11,13,7,12,0,0
match-09acc3d0-650,rudeljaeger,standard,0,1,1,5,2,9,5,15,0,5,0,10,0,0
match-09acc3d0-650,solidaritaet_ueberleben,standard,1,0,0,5,0,11,4,14,1,4,2,8,0,0
match-82fa348d-651,rudeljaeger,standard,0,0,1,5,0,9,6,13,2,6,0,7,0,0
match-82fa348d-651,solidaritaet_ueberleben,standard,1,1,0,5,3,11,4,13,2,4,4,10,0,0
match-fc47854a-652,rudeljaeger,standard,0,1,1,15,1,19,19,52,55,17,15,9,0,0
match-fc47854a-652,solidaritaet_ueberleben,standard,1,0,0,15,0,22,19,66,47,18,14,8,0,0
match-7594f608-653,rudeljaeger,standard,0,1,1,10,6,16,14,40,7,13,8,11,0,0
match-7594f608-653,solidaritaet_ueberleben,standard,1,0,0,10,-1,15,10,34,11,10,11,4,0,0
match-eee246c5-654,rudeljaeger,standard,0,0,1,11,0,18,15,36,21,13,11,5,0,0
match-eee246c5-654,solidaritaet_ueberleben,standard,1,1,0,11,5,17,14,50,8,13,13,10,0,0
match-682fb783-655,rudeljaeger,standard,0,1,1,7,5,11,10,26,0,8,4,11,0,1
match-682fb783-655,solidaritaet_ueberleben,standard,1,0,0,7,-1,13,7,22,3,6,6,5,0,0
match-e17d0840-656,rudeljaeger,standard,0,0,1,9,-2,12,10,32,7,9,5,7,0,0
match-e17d0840-656,solidaritaet_ueberleben,standard,1,1,0,9,3,14,9,33,3,9,5,12,0,0
match-5aca78fe-657,rudeljaeger,standard,0,0,1,11,-4,14,14,43,14,13,10,5,0,1
match-5aca78fe-657,solidaritaet_ueberleben,standard,1,1,0,11,5,18,13,42,13,13,11,14,0,0
match-d417c9bb-658,rudeljaeger,standard,0,1,1,16,4,21,17,52,73,15,15,10,0,0
match-d417c9bb-658,solidaritaet_ueberleben,standard,1,0,0,16,-1,21,19,66,57,18,11,5,0,0
match-4d653a79-659,rudeljaeger,standard,0,1,1,10,6,14,13,37,9,11,11,10,0,3
match-4d653a79-659,solidaritaet_ueberleben,standard,1,0,0,10,0,13,13,43,8,13,10,4,0,0
match-c6b28b36-660,rudeljaeger,standard,0,0,1,8,0,14,11,31,4,10,4,4,0,0
match-c6b28b36-660,solidaritaet_ueberleben,standard,1,1,0,8,6,13,7,26,2,7,7,10,0,0
match-3ffffbf4-661,rudeljaeger,standard,0,0,1,11,-1,16,14,42,19,12,10,4,0,0
match-3ffffbf4-661,solidaritaet_ueberleben,standard,1,1,0,11,6,16,14,49,8,13,9,11,0,0
match-b94d4cb1-662,rudeljaeger,standard,0,1,1,16,4,20,20,56,65,18,18,10,0,2
match-b94d4cb1-662,solidaritaet_ueberleben,standard,1,0,0,16,-1,22,20,69,56,19,14,5,0,0
match-329abd6f-663,rudeljaeger,standard,0,1,1,8,7,13,8,29,3,7,6,10,0,1
match-329abd6f-663,solidaritaet_ueberleben,standard,1,0,0,8,0,12,11,33,0,10,3,3,0,0
match-abe80e2c-664,rudeljaeger,standard,0,0,1,8,-3,13,12,29,7,10,3,9,0,0
match-abe80e2c-664,solidaritaet_ueberleben,standard,1,1,0,8,1,14,9,30,4,8,7,13,0,0
match-25357eea-665,rudeljaeger,standard,0,0,1,11,-1,14,14,41,19,12,8,6,0,3
match-25357eea-665,solidaritaet_ueberleben,standard,1,1,0,11,4,16,13,50,9,12,12,11,0,0
match-9e82cfa7-666,rudeljaeger,standard,0,1,1,7,4,10,10,27,1,10,4,12,0,0
match-9e82cfa7-666,solidaritaet_ueberleben,standard,1,0,0,7,-2,12,8,27,0,8,5,6,0,0
match-17d02065-667,rudeljaeger,standard,0,0,1,15,0,21,19,51,56,17,11,8,0,0
match-17d02065-667,solidaritaet_ueberleben,standard,1,1,0,15,1,20,15,57,52,14,16,9,0,0
match-911d9122-668,rudeljaeger,standard,0,1,1,16,6,22,19,55,67,17,17,9,0,1
match-911d9122-668,solidaritaet_ueberleben,standard,1,0,0,16,0,21,20,69,57,19,14,3,0,0
match-0a6ae1e0-669,rudeljaeger,standard,0,1,1,13,3,18,15,40,38,13,14,10,0,0
match-0a6ae1e0-669,solidaritaet_ueberleben,standard,1,0,0,13,0,18,16,53,28,15,8,7,0,0
match-83b8529d-670,rudeljaeger,standard,0,1,1,4,7,9,5,9,0,5,1,10,0,0
match-83b8529d-670,solidaritaet_ueberleben,standard,1,0,0,4,0,9,3,9,1,3,1,3,0,0
match-fd05a35a-671,rudeljaeger,standard,0,1,1,4,10,8,5,9,0,4,3,10,0,0
match-fd05a35a-671,solidaritaet_ueberleben,standard,1,0,0,4,0,9,4,9,1,4,2,0,0,0
match-76531418-672,rudeljaeger,standard,0,0,1,15,0,21,19,53,54,17,16,9,0,1
match-76531418-672,solidaritaet_ueberleben,standard,1,1,0,15,1,20,19,67,43,18,15,10,0,0
match-efa064d5-673,rudeljaeger,standard,0,0,1,15,0,18,18,48,61,16,13,9,0,2
match-efa064d5-673,solidaritaet_ueberleben,standard,1,1,0,15,1,18,17,55,50,16,14,10,0,0
match-68edd593-674,rudeljaeger,standard,0,1,1,13,4,18,17,47,32,16,14,12,0,0
match-68edd593-674,solidaritaet_ueberleben,standard,1,0,0,13,-2,18,16,49,35,15,13,6,0,0
match-e23b2650-675,rudeljaeger,standard,0,0,1,9,-1,14,12,33,4,11,5,8,0,2
match-e23b2650-675,solidaritaet_ueberleben,standard,1,1,0,9,2,15,9,29,12,9,6,11,0,0
match-5b88970e-676,rudeljaeger,standard,0,1,1,14,6,18,17,49,48,15,17,12,0,0
match-5b88970e-676,solidaritaet_ueberleben,standard,1,0,0,14,-2,20,18,62,31,18,11,4,0,0
match-d4d5e7cb-677,rudeljaeger,standard,0,0,1,9,-2,14,9,28,11,9,5,6,0,1
match-d4d5e7cb-677,solidaritaet_ueberleben,standard,1,1,0,9,4,15,9,38,3,8,5,12,0,0
match-4e235889-678,rudeljaeger,standard,0,1,1,6,6,10,6,19,2,6,1,12,0,0
match-4e235889-678,solidaritaet_ueberleben,standard,1,0,0,6,-2,10,5,19,2,5,3,4,0,0
match-c770a946-679,rudeljaeger,standard,0,0,1,9,-4,14,11,30,6,10,4,9,0,1
match-c770a946-679,solidaritaet_ueberleben,standard,1,1,0,9,1,15,7,26,10,7,6,14,0,0
match-40be1a04-680,rudeljaeger,standard,0,1,1,14,7,18,18,51,42,17,18,10,0,0
match-40be1a04-680,solidaritaet_ueberleben,standard,1,0,0,14,0,19,18,60,33,17,13,3,0,0
match-ba0b6ac1-681,rudeljaeger,standard,0,0,1,10,-3,16,12,37,16,11,7,6,0,2
match-ba0b6ac1-681,solidaritaet_ueberleben,standard,1,1,0,10,4,15,12,44,9,11,8,13,0,0
match-3358db7f-682,rudeljaeger,standard,0,1,1,8,6,13,11,25,4,10,6,10,0,0
match-3358db7f-682,solidaritaet_ueberleben,standard,1,0,0,8,0,13,9,32,4,9,7,4,0,0
match-aca62c3c-683,rudeljaeger,standard,0,1,1,4,10,8,5,9,0,5,1,10,0,0
match-aca62c3c-683,solidaritaet_ueberleben,standard,1,0,0,4,0,9,3,9,1,3,1,0,0,0
match-25f39cfa-684,rudeljaeger,standard,0,1,1,13,6,18,14,43,39,13,14,10,0,2
match-25f39cfa-684,solidaritaet_ueberleben,standard,1,0,0,13,0,18,17,54,28,17,9,4,0,0
match-9f40edb7-685,rudeljaeger,standard,0,0,1,7,-2,13,10,23,2,8,1,3,0,0
match-9f40edb7-685,solidaritaet_ueberleben,standard,1,1,0,7,7,11,6,26,1,6,7,12,0,0
match-188e5e75-686,rudeljaeger,standard,0,0,1,9,-2,13,11,31,8,9,6,7,0,0
match-188e5e75-686,solidaritaet_ueberleben,standard,1,1,0,9,3,14,10,34,9,10,5,12,0,0
match-91dbaf32-687,rudeljaeger,standard,0,1,1,5,10,10,6,15,0,6,3,11,0,0
match-91dbaf32-687,solidaritaet_ueberleben,standard,1,0,0,5,-1,8,5,11,2,5,3,0,0,0
match-0b291ff0-688,rudeljaeger,standard,0,0,1,7,-6,10,10,23,0,8,2,5,0,1
match-0b291ff0-688,solidaritaet_ueberleben,standard,1,1,0,7,5,12,6,26,1,6,5,16,0,0
match-847670ad-689,rudeljaeger,standard,0,0,1,16,-5,22,17,50,73,15,14,7,0,5
match-847670ad-689,solidaritaet_ueberleben,standard,1,1,0,16,2,22,18,64,66,17,10,14,0,0
match-fdc3c16a-690,rudeljaeger,standard,0,1,1,8,6,13,8,23,5,7,8,10,0,0
match-fdc3c16a-690,solidaritaet_ueberleben,standard,1,0,0,8,0,14,10,33,2,9,3,4,0,0
match-77113228-691,rudeljaeger,standard,0,,1,15,0,20,19,54,55,17,14,9,0,4
match-77113228-691,solidaritaet_ueberleben,standard,1,,0,15,0,20,17,62,52,17,14,9,0,0
match-f05e82e5-692,rudeljaeger,standard,0,1,1,16,1,21,20,56,65,18,19,8,0,1
match-f05e82e5-692,solidaritaet_ueberleben,standard,1,0,0,16,-1,21,20,69,52,19,15,6,0,0
match-69abf3a3-693,rudeljaeger,standard,0,1,1,14,7,18,17,46,51,16,16,11,0,0
match-69abf3a3-693,solidaritaet_ueberleben,standard,1,0,0,14,-1,21,18,62,37,17,13,3,0,0
match-e2f94460-694,rudeljaeger,standard,0,1,1,6,7,10,7,17,1,7,2,10,0,1
match-e2f94460-694,solidaritaet_ueberleben,standard,1,0,0,6,0,12,4,18,3,4,5,3,0,0
match-5c46b51e-695,rudeljaeger,standard,0,0,1,15,-3,20,19,54,52,17,12,8,0,2
match-5c46b51e-695,solidaritaet_ueberleben,standard,1,1,0,15,2,19,15,56,49,15,16,13,0,0
match-d59405db-696,rudeljaeger,standard,0,1,1,7,9,11,10,24,0,8,6,11,0,0
match-d59405db-696,solidaritaet_ueberleben,standard,1,0,0,7,-1,12,7,25,2,7,4,1,0,0
match-4ee17699-697,rudeljaeger,standard,0,0,1,8,0,11,9,27,5,8,5,7,0,2
match-4ee17699-697,solidaritaet_ueberleben,standard,1,1,0,8,3,12,9,32,3,9,3,10,0,0
match-c82ec756-698,rudeljaeger,standard,0,1,1,7,1,11,9,23,2,8,3,10,0,0
match-c82ec756-698,solidaritaet_ueberleben,standard,1,0,0,7,0,12,7,25,1,6,6,9,0,0
match-417c3814-699,rudeljaeger,standard,0,0,1,14,-1,19,18,50,46,16,13,7,0,0
match-417c3814-699,solidaritaet_ueberleben,standard,1,1,0,14,3,20,17,57,34,16,16,11,0,0
match-4322cda0-700,rudeljaeger,standard,0,1,0,10,4,17,14,37,13,13,12,10,0,0
match-4322cda0-700,solidaritaet_ueberleben,standard,1,0,1,10,0,15,14,47,4,14,9,6,0,0
match-bc703e5d-701,rudeljaeger,standard,0,1,0,4,10,9,5,10,0,4,1,10,0,0
match-bc703e5d-701,solidaritaet_ueberleben,standard,1,0,1,4,0,9,3,7,2,3,0,0,0,0
match-50880c25-702,rudeljaeger,standard,0,0,0,8,-3,13,11,29,2,11,4,9,0,0
match-50880c25-702,solidaritaet_ueberleben,standard,1,1,1,8,1,12,7,25,3,7,7,13,0,0
match-c9d57ce2-703,rudeljaeger,standard,0,1,0,15,9,21,19,52,58,17,17,11,0,0
match-c9d57ce2-703,solidaritaet_ueberleben,standard,1,0,1,15,-1,21,19,64,45,18,15,1,0,0
match-28585096-704,rudeljaeger,standard,0,1,0,12,2,16,15,40,28,13,14,10,0,3
match-28585096-704,solidaritaet_ueberleben,standard,1,0,1,12,0,16,16,54,21,15,10,8,0,0
match-a1a5a153-705,rudeljaeger,standard,0,0,0,8,-3,13,10,27,4,9,4,6,0,1
match-a1a5a153-705,solidaritaet_ueberleben,standard,1,1,1,8,4,13,9,30,1,9,4,13,0,0
match-35bd8f1b-706,rudeljaeger,standard,0,1,0,8,4,12,10,32,1,8,8,11,0,1
match-35bd8f1b-706,solidaritaet_ueberleben,standard,1,0,1,8,-1,13,10,32,3,10,3,6,0,0
match-af0affd8-707,rudeljaeger,standard,0,1,0,13,1,19,17,46,33,15,13,10,0,0
match-af0affd8-707,solidaritaet_ueberleben,standard,1,0,1,13,0,18,15,51,33,15,10,9,0,0
match-0d8dd38c-708,rudeljaeger,standard,0,1,0,11,2,16,14,41,17,13,13,10,0,2
match-0d8dd38c-708,solidaritaet_ueberleben,standard,1,0,1,11,0,17,14,53,8,13,11,8,0,0
match-86db2449-709,rudeljaeger,standard,0,1,0,6,10,11,7,16,1,6,3,14,0,0
match-86db2449-709,solidaritaet_ueberleben,standard,1,0,1,6,-4,13,5,20,1,4,1,0,0,0
match-1af31211-710,rudeljaeger,standard,0,0,0,9,-3,12,12,31,6,11,7,6,0,1
match-1af31211-710,solidaritaet_ueberleben,standard,1,1,1,9,4,13,12,38,4,11,10,13,0,0
match-944062ce-711,rudeljaeger,standard,0,1,0,7,10,12,7,25,0,7,7,10,0,0
match-944062ce-711,solidaritaet_ueberleben,standard,1,0,1,7,0,12,7,26,2,7,4,0,0,0
match-f2c35681-712,rudeljaeger,standard,0,1,0,5,5,10,6,14,1,6,3,11,0,0
match-f2c35681-712,solidaritaet_ueberleben,standard,1,0,1,5,-1,10,5,14,1,5,4,5,0,0
match-6c10a73f-713,rudeljaeger,standard,0,1,0,12,2,17,14,38,28,12,12,10,0,0
match-6c10a73f-713,solidaritaet_ueberleben,standard,1,0,1,12,0,17,15,53,17,14,7,8,0,0
match-00289507-714,rudeljaeger,standard,0,0,0,14,0,20,18,50,42,16,12,8,0,3
match-00289507-714,solidaritaet_ueberleben,standard,1,1,1,14,2,19,16,58,35,15,14,10,0,0
match-7975e5c4-715,rudeljaeger,standard,0,0,0,13,-6,17,16,49,33,15,12,7,0,2
match-7975e5c4-715,solidaritaet_ueberleben,standard,1,1,1,13,3,18,17,55,30,16,12,16,0,0
match-d7f8d977-716,rudeljaeger,standard,0,1,0,9,2,13,12,33,6,10,9,11,0,0
match-d7f8d977-716,solidaritaet_ueberleben,standard,1,0,1,9,-1,14,13,37,5,12,6,8,0,0
match-51462a35-717,rudeljaeger,standard,0,0,0,7,0,13,10,24,0,8,1,4,0,0
match-51462a35-717,solidaritaet_ueberleben,standard,1,1,1,7,6,10,5,18,3,5,7,10,0,0
match-e55e17fc-718,rudeljaeger,standard,0,0,0,15,0,20,18,51,58,16,18,5,0,1
match-e55e17fc-718,solidaritaet_ueberleben,standard,1,1,1,15,4,21,18,59,46,17,15,9,0,0
match-5eab68ba-719,rudeljaeger,standard,0,0,0,8,-2,12,11,26,4,9,5,7,0,0
match-5eab68ba-719,solidaritaet_ueberleben,standard,1,1,1,8,3,14,10,34,0,10,6,12,0,0
match-bd2e5c6d-720,rudeljaeger,standard,0,0,0,15,-4,21,19,52,57,17,15,7,0,3
match-bd2e5c6d-720,solidaritaet_ueberleben,standard,1,1,1,15,3,20,19,68,45,18,13,14,0,0
match-367bad2b-721,rudeljaeger,standard,0,0,0,10,0,14,13,36,12,13,7,4,0,0
match-367bad2b-721,solidaritaet_ueberleben,standard,1,1,1,10,6,14,12,38,10,12,12,10,0,0
match-ca939af2-722,rudeljaeger,standard,0,1,0,11,4,17,14,41,18,12,11,10,0,3
match-ca939af2-722,solidaritaet_ueberleben,standard,1,0,1,11,0,16,12,43,14,12,10,6,0,0
match-43e0ebb0-723,rudeljaeger,standard,0,1,0,10,1,13,12,31,14,11,11,10,0,1
match-43e0ebb0-723,solidaritaet_ueberleben,standard,1,0,1,10,0,16,14,44,9,13,7,9,0,0
match-a263df63-724,rudeljaeger,standard,0,1,0,4,10,7,4,9,0,4,1,10,0,0
match-a263df63-724,solidaritaet_ueberleben,standard,1,0,1,4,0,9,4,9,0,4,0,0,0,0
match-1bb13021-725,rudeljaeger,standard,0,1,0,6,6,9,7,21,0,6,3,11,0,0
match-1bb13021-725,solidaritaet_ueberleben,standard,1,0,1,6,-1,11,5,17,4,5,2,4,0,0
match-afc91de8-726,rudeljaeger,standard,0,0,0,11,-1,15,14,38,18,12,10,4,0,2
match-afc91de8-726,solidaritaet_ueberleben,standard,1,1,1,11,6,17,14,43,16,13,9,11,0,0
match-29166ea6-727,rudeljaeger,standard,0,1,0,12,1,17,16,43,29,14,12,10,0,1
match-29166ea6-727,solidaritaet_ueberleben,standard,1,0,1,12,0,18,16,55,16,15,11,9,0,0
match-87994259-728,rudeljaeger,standard,0,0,0,12,0,17,15,41,27,13,11,8,0,4
match-87994259-728,solidaritaet_ueberleben,standard,1,1,1,12,2,18,13,45,27,12,9,10,0,0
match-00e6b317-729,rudeljaeger,standard,0,1,0,5,10,9,7,15,0,6,3,12,0,0
match-00e6b317-729,solidaritaet_ueberleben,standard,1,0,1,5,-2,11,5,14,0,5,2,0,0,0
match-94fe80de-730,rudeljaeger,standard,0,0,0,8,-4,12,9,23,7,7,4,7,0,0
match-94fe80de-730,solidaritaet_ueberleben,standard,1,1,1,8,3,13,8,29,2,7,3,14,0,0
match-0e4bf19c-731,rudeljaeger,standard,0,1,0,5,10,8,5,15,0,5,1,10,0,0
match-0e4bf19c-731,solidaritaet_ueberleben,standard,1,0,1,5,0,11,4,14,1,4,2,0,0,0
match-6ccec54f-732,rudeljaeger,standard,0,0,0,16,-2,21,20,56,67,18,17,6,0,4
match-6ccec54f-732,solidaritaet_ueberleben,standard,1,1,1,16,3,23,19,68,52,18,16,11,0,0
match-e61c360c-733,rudeljaeger,standard,0,1,0,6,8,10,6,20,1,6,4,10,0,1
match-e61c360c-733,solidaritaet_ueberleben,standard,1,0,1,6,0,11,7,20,1,7,2,2,0,0
match-7a3403d4-734,rudeljaeger,standard,0,0,0,10,-2,15,13,37,12,12,3,5,0,0
match-7a3403d4-734,solidaritaet_ueberleben,standard,1,1,1,10,5,14,9,35,10,8,10,12,0,0
match-f3817491-735,rudeljaeger,standard,0,0,0,10,-1,13,13,32,16,12,7,7,0,0
match-f3817491-735,solidaritaet_ueberleben,standard,1,1,1,10,3,16,12,44,4,11,9,11,0,0
match-52044845-736,rudeljaeger,standard,0,0,0,10,-4,15,14,37,13,12,7,4,0,0
match-52044845-736,solidaritaet_ueberleben,standard,1,1,1,10,6,16,11,43,8,10,9,14,0,0
match-cb51b902-737,rudeljaeger,standard,0,0,0,14,-3,18,17,48,43,15,14,7,0,2
match-cb51b902-737,solidaritaet_ueberleben,standard,1,1,1,14,3,19,16,60,34,15,11,13,0,0
match-5f6986ca-738,rudeljaeger,standard,0,1,0,11,6,14,13,33,27,12,13,11,0,0
match-5f6986ca-738,solidaritaet_ueberleben,standard,1,0,1,11,-1,16,15,46,14,14,9,4,0,0
match-d8b6f787-739,rudeljaeger,standard,0,0,0,13,0,17,17,43,36,15,7,7,0,0
match-d8b6f787-739,solidaritaet_ueberleben,standard,1,1,1,13,3,17,11,44,38,11,12,10,0,0
match-3739cb3b-740,rudeljaeger,standard,0,1,0,14,5,20,17,49,44,15,16,12,0,0
match-3739cb3b-740,solidaritaet_ueberleben,standard,1,0,1,14,-2,19,18,64,32,17,12,5,0,0
match-b0873bf8-741,rudeljaeger,standard,0,0,0,7,-1,12,7,23,4,6,1,8,0,0
match-b0873bf8-741,solidaritaet_ueberleben,standard,1,1,1,7,2,12,6,25,1,6,3,11,0,0
match-449f09c0-742,rudeljaeger,standard,0,1,0,7,6,11,7,25,0,7,3,10,0,0
match-449f09c0-742,solidaritaet_ueberleben,standard,1,0,1,7,0,13,8,26,0,7,3,4,0,0
match-bdec7a7d-743,rudeljaeger,standard,0,1,0,11,2,14,14,40,17,12,11,11,0,2
match-bdec7a7d-743,solidaritaet_ueberleben,standard,1,0,1,11,-1,17,14,42,18,13,9,8,0,0
match-1c6f4e31-744,rudeljaeger,standard,0,1,0,15,7,19,18,52,56,17,18,11,0,2
match-1c6f4e31-744,solidaritaet_ueberleben,standard,1,0,1,15,-1,20,19,63,46,18,14,3,0,0
match-95bcbeee-745,rudeljaeger,standard,0,1,0,16,6,22,19,54,70,17,17,11,0,4
match-95bcbeee-745,solidaritaet_ueberleben,standard,1,0,1,16,-2,22,20,69,55,19,14,3,0,0
match-29d48cb6-746,rudeljaeger,standard,0,0,0,11,0,15,14,43,14,12,11,4,0,2
match-29d48cb6-746,solidaritaet_ueberleben,standard,1,1,1,11,6,16,13,50,14,13,9,10,0,0
match-a321fd73-747,rudeljaeger,standard,0,0,0,9,-3,13,10,30,10,9,4,6,0,1
match-a321fd73-747,solidaritaet_ueberleben,standard,1,1,1,9,4,15,9,36,8,9,6,13,0,0
match-01a4d127-748,rudeljaeger,standard,0,1,0,13,3,17,17,48,35,15,13,12,0,0
match-01a4d127-748,solidaritaet_ueberleben,standard,1,0,1,13,-2,17,16,55,24,15,13,7,0,0
match-7af221e4-749,rudeljaeger,standard,0,1,0,6,9,10,7,21,0,7,3,14,0,0
match-7af221e4-749,solidaritaet_ueberleben,standard,1,0,1,6,-4,10,7,20,1,6,3,1,0,0
match-0f0a0fac-750,rudeljaeger,standard,0,1,0,9,6,14,12,36,1,12,8,10,0,1
match-0f0a0fac-750,solidaritaet_ueberleben,standard,1,0,1,9,0,15,11,40,5,10,8,4,0,0
match-88576069-751,rudeljaeger,standard,0,1,0,15,5,20,18,53,52,17,16,12,0,2
match-88576069-751,solidaritaet_ueberleben,standard,1,0,1,15,-2,20,18,64,42,17,13,5,0,0
match-e6da541c-752,rudeljaeger,standard,0,1,0,12,2,16,16,46,23,14,13,10,0,1
match-e6da541c-752,solidaritaet_ueberleben,standard,1,0,1,12,0,16,15,52,19,15,11,8,0,0
match-6027a4da-753,rudeljaeger,standard,0,0,0,11,-5,17,15,42,16,13,8,9,0,1
match-6027a4da-753,solidaritaet_ueberleben,standard,1,1,1,11,1,17,11,41,14,11,11,15,0,0
match-f43f92a1-754,rudeljaeger,standard,0,1,0,7,9,12,9,25,2,8,7,12,0,0
match-f43f92a1-754,solidaritaet_ueberleben,standard,1,0,1,7,-2,12,8,26,1,8,5,1,0,0
match-6d8ce35f-755,rudeljaeger,standard,0,1,0,13,5,18,17,45,40,15,14,10,0,0
match-6d8ce35f-755,solidaritaet_ueberleben,standard,1,0,1,13,0,19,16,52,29,15,11,5,0,0
match-cc0fd712-756,rudeljaeger,standard,0,0,0,7,-1,12,11,23,1,10,1,5,0,0
match-cc0fd712-756,solidaritaet_ueberleben,standard,1,1,1,7,5,12,6,23,1,6,8,11,0,0
match-455d27d0-757,rudeljaeger,standard,0,0,0,9,0,13,12,32,5,11,4,5,0,1
match-455d27d0-757,solidaritaet_ueberleben,standard,1,1,1,9,5,14,9,32,7,8,9,10,0,0
match-d9751597-758,rudeljaeger,standard,0,1,0,10,6,14,13,36,12,11,10,11,0,0
match-d9751597-758,solidaritaet_ueberleben,standard,1,0,1,10,-1,15,13,46,3,12,8,4,0,0
match-52c26655-759,rudeljaeger,standard,0,0,0,9,-3,14,9,28,8,8,9,7,0,0
match-52c26655-759,solidaritaet_ueberleben,standard,1,1,1,9,3,12,12,43,0,12,4,13,0,0
match-b1455a08-760,rudeljaeger,standard,0,1,0,7,3,11,10,26,2,9,4,11,0,0
match-b1455a08-760,solidaritaet_ueberleben,standard,1,0,1,7,-1,11,7,20,1,6,6,7,0,0
match-2a92aac6-761,rudeljaeger,standard,0,1,0,9,1,14,12,36,4,12,7,13,0,2
match-2a92aac6-761,solidaritaet_ueberleben,standard,1,0,1,9,-3,14,10,37,5,9,9,9,0,0
match-beaa988d-762,rudeljaeger,standard,0,1,0,7,4,11,10,22,2,8,3,10,0,0
match-beaa988d-762,solidaritaet_ueberleben,standard,1,0,1,7,0,11,7,25,2,7,6,6,0,0
match-37f7e94b-763,rudeljaeger,standard,0,1,0,10,3,17,12,36,17,11,12,11,0,2
match-37f7e94b-763,solidaritaet_ueberleben,standard,1,0,1,10,-1,14,13,41,8,13,7,7,0,0
match-efcade41-764,rudeljaeger,standard,0,0,0,11,-2,17,14,40,17,12,8,8,0,0
match-efcade41-764,solidaritaet_ueberleben,standard,1,1,1,11,2,16,12,47,11,11,8,12,0,0
match-69182eff-765,rudeljaeger,standard,0,0,0,9,0,13,12,35,4,10,7,0,0,0
match-69182eff-765,solidaritaet_ueberleben,standard,1,1,1,9,10,14,12,40,4,11,8,10,0,0
match-fd301cc6-766,rudeljaeger,standard,0,0,0,12,-3,15,15,38,29,13,10,9,0,1
match-fd301cc6-766,solidaritaet_ueberleben,standard,1,1,1,12,1,18,14,46,24,14,12,13,0,0
match-767d6d84-767,rudeljaeger,standard,0,1,0,17,5,21,19,55,82,17,16,10,0,1
match-767d6d84-767,solidaritaet_ueberleben,standard,1,0,1,17,-3,23,20,69,70,19,13,2,0,0
match-d5004137-768,rudeljaeger,standard,0,0,0,15,-2,20,19,50,60,17,13,9,0,0
match-d5004137-768,solidaritaet_ueberleben,standard,1,1,1,15,1,19,17,59,58,17,15,12,0,0
match-4e4db1f5-769,rudeljaeger,standard,0,1,0,9,6,13,11,34,2,9,10,10,0,1
match-4e4db1f5-769,solidaritaet_ueberleben,standard,1,0,1,9,0,14,12,38,1,12,5,4,0,0
match-e2659fbc-770,rudeljaeger,standard,0,0,0,8,-1,13,10,29,7,9,4,5,0,0
match-e2659fbc-770,solidaritaet_ueberleben,standard,1,1,1,8,5,13,8,31,5,7,7,11,0,0
match-5bb2f07a-771,rudeljaeger,standard,0,0,0,14,-4,17,17,48,45,15,9,6,0,0
match-5bb2f07a-771,solidaritaet_ueberleben,standard,1,1,1,14,4,19,13,50,41,12,14,14,0,0
match-ba35c42d-772,rudeljaeger,standard,0,0,0,14,0,18,18,49,44,16,11,8,0,1
match-ba35c42d-772,solidaritaet_ueberleben,standard,1,1,1,14,2,19,14,46,45,14,15,10,0,0
match-338334eb-773,rudeljaeger,standard,0,0,0,11,-2,15,13,37,19,11,13,8,0,0
match-338334eb-773,solidaritaet_ueberleben,standard,1,1,1,11,2,17,15,48,12,14,6,12,0,0
match-c79b02b2-774,rudeljaeger,standard,0,1,0,8,4,13,11,34,1,11,7,10,0,0
match-c79b02b2-774,solidaritaet_ueberleben,standard,1,0,1,8,0,13,8,24,11,8,7,6,0,0
match-40e87370-775,rudeljaeger,standard,0,1,0,5,7,9,4,13,2,4,1,11,0,0
match-40e87370-775,solidaritaet_ueberleben,standard,1,0,1,5,-1,9,6,15,0,5,1,3,0,0
match-9f6b4723-776,rudeljaeger,standard,0,0,0,15,-2,19,19,55,56,17,15,6,0,4
match-9f6b4723-776,solidaritaet_ueberleben,standard,1,1,1,15,4,22,18,66,49,17,13,12,0,0
match-18b8b7e1-777,rudeljaeger,standard,0,1,0,7,8,11,10,21,5,9,3,11,0,0
match-18b8b7e1-777,solidaritaet_ueberleben,standard,1,0,1,7,-1,14,8,27,1,7,6,2,0,0
match-acd085a8-778,rudeljaeger,standard,0,1,0,7,7,11,8,22,3,7,5,10,0,0
match-acd085a8-778,solidaritaet_ueberleben,standard,1,0,1,7,0,11,9,26,1,8,5,3,0,0
match-261df666-779,rudeljaeger,standard,0,1,0,4,10,8,5,9,1,4,1,11,0,0
match-261df666-779,solidaritaet_ueberleben,standard,1,0,1,4,-1,9,3,8,2,3,0,0,0,0
match-84a0ca19-780,rudeljaeger,standard,0,0,0,8,0,12,10,26,5,10,4,9,0,1
match-84a0ca19-780,solidaritaet_ueberleben,standard,1,1,1,8,1,13,10,33,3,9,6,10,0,0
match-fdee3ad6-781,rudeljaeger,standard,0,1,0,12,7,17,14,40,29,13,14,10,0,1
match-fdee3ad6-781,solidaritaet_ueberleben,standard,1,0,1,12,0,18,16,57,15,15,9,3,0,0
match-9206089e-782,rudeljaeger,standard,0,1,0,7,3,10,9,27,0,8,3,12,0,1
match-9206089e-782,solidaritaet_ueberleben,standard,1,0,1,7,-2,13,6,23,2,5,5,7,0,0
match-0b53795c-783,rudeljaeger,standard,0,0,0,11,-1,16,15,42,17,15,7,4,0,0
match-0b53795c-783,solidaritaet_ueberleben,standard,1,1,1,11,6,16,12,45,13,11,15,11,0,0
match-69d64d0f-784,rudeljaeger,standard,0,0,0,9,-2,13,12,33,5,12,6,8,0,1
match-69d64d0f-784,solidaritaet_ueberleben,standard,1,1,1,9,2,14,8,29,7,8,13,12,0,0
match-e323bdcc-785,rudeljaeger,standard,0,1,0,13,3,18,17,47,36,15,12,10,0,0
match-e323bdcc-785,solidaritaet_ueberleben,standard,1,0,1,13,0,18,15,56,27,14,13,7,0,0
match-773b8b94-786,rudeljaeger,standard,0,0,0,13,-4,18,15,40,38,14,15,4,0,3
match-773b8b94-786,solidaritaet_ueberleben,standard,1,1,1,13,6,18,17,53,30,16,10,14,0,0
match-f088fc51-787,rudeljaeger,standard,0,0,0,15,-3,19,18,53,55,16,16,7,0,4
match-f088fc51-787,solidaritaet_ueberleben,standard,1,1,1,15,3,21,19,65,48,19,12,13,0,0
match-4f0bd005-788,rudeljaeger,standard,0,0,0,10,-2,13,13,35,12,11,9,9,0,0
match-4f0bd005-788,solidaritaet_ueberleben,standard,1,1,1,10,1,15,12,43,6,11,7,12,0,0
match-c85920c2-789,rudeljaeger,standard,0,1,0,5,10,10,5,13,0,5,3,11,0,0
match-c85920c2-789,solidaritaet_ueberleben,standard,1,0,1,5,-1,9,4,13,2,4,2,0,0,0
match-5c710e8a-790,rudeljaeger,standard,0,1,0,8,4,14,10,30,2,10,5,10,0,0
match-5c710e8a-790,solidaritaet_ueberleben,standard,1,0,1,8,0,12,8,25,9,8,6,6,0,0
match-d5be7f47-791,rudeljaeger,standard,0,0,0,9,-3,14,12,34,3,10,6,7,0,1
match-d5be7f47-791,solidaritaet_ueberleben,standard,1,1,1,9,3,15,10,37,6,10,9,13,0,0
match-344152fb-792,rudeljaeger,standard,0,0,0,12,-3,17,13,41,29,11,16,7,0,2
match-344152fb-792,solidaritaet_ueberleben,standard,1,1,1,12,3,17,16,51,17,16,6,13,0,0
match-ad8ea3b8-793,rudeljaeger,standard,0,0,0,12,0,17,14,36,33,12,8,4,0,0
match-ad8ea3b8-793,solidaritaet_ueberleben,standard,1,1,1,12,6,17,12,45,24,11,8,10,0,0
match-41a69180-794,rudeljaeger,standard,0,0,0,11,0,18,12,41,18,12,10,5,0,1
match-41a69180-794,solidaritaet_ueberleben,standard,1,1,1,11,5,18,13,49,11,12,7,10,0,0
match-baf3e23d-795,rudeljaeger,standard,0,1,0,13,5,16,16,45,38,14,15,11,0,0
match-baf3e23d-795,solidaritaet_ueberleben,standard,1,0,1,13,-1,18,16,53,26,16,11,5,0,0
match-1976d5f1-796,rudeljaeger,standard,0,1,0,7,10,10,8,24,1,8,3,10,0,0
match-1976d5f1-796,solidaritaet_ueberleben,standard,1,0,1,7,0,11,6,25,2,6,7,0,0,0
match-92c426ae-797,rudeljaeger,standard,0,,0,17,-2,22,20,56,81,18,19,5,0,4
match-92c426ae-797,solidaritaet_ueberleben,standard,1,,1,17,-1,22,20,69,67,19,17,6,0,0
match-26dc1476-798,rudeljaeger,standard,0,0,0,13,-4,19,17,45,37,16,11,5,0,1
match-26dc1476-798,solidaritaet_ueberleben,standard,1,1,1,13,5,18,15,56,27,14,14,14,0,0
match-a0296533-799,rudeljaeger,standard,0,0,0,13,0,16,16,40,42,14,9,5,0,0
match-a0296533-799,solidaritaet_ueberleben,standard,1,1,1,13,5,18,14,52,31,13,10,10,0,0
match-48dcaf77-800,rudeljaeger,standard,0,0,1,12,-2,15,15,41,27,13,10,7,0,0
match-48dcaf77-800,urzeitliche_kolosse,standard,1,1,0,12,3,17,15,59,11,14,12,12,0,1
match-cf8f5eb9-801,rudeljaeger,standard,0,0,1,11,-4,15,13,36,22,12,8,4,0,1
match-cf8f5eb9-801,urzeitliche_kolosse,standard,1,1,0,11,6,15,12,50,9,11,8,14,0,0
match-5641edfc-802,rudeljaeger,standard,0,0,1,10,-2,14,14,42,9,12,9,9,0,2
match-5641edfc-802,urzeitliche_kolosse,standard,1,1,0,10,1,14,13,44,5,12,9,12,0,3
match-dcf49d3e-803,rudeljaeger,standard,0,0,1,3,0,7,4,6,0,4,0,5,0,0
match-dcf49d3e-803,urzeitliche_kolosse,standard,1,1,0,3,5,8,3,6,0,3,4,10,0,0
match-63a72c81-804,rudeljaeger,standard,0,1,1,5,7,9,6,13,0,5,2,12,0,0
match-63a72c81-804,urzeitliche_kolosse,standard,1,0,0,5,-2,11,4,14,1,4,2,3,0,0
match-ea59dbc3-805,rudeljaeger,standard,0,0,1,5,0,10,7,13,0,7,2,7,0,0
match-ea59dbc3-805,urzeitliche_kolosse,standard,1,1,0,5,3,8,6,15,0,5,6,10,0,0
match-710c6b06-806,rudeljaeger,standard,0,1,1,10,2,14,14,43,9,13,8,10,0,1
match-710c6b06-806,urzeitliche_kolosse,standard,1,0,0,10,0,15,12,47,8,11,10,8,0,0
match-f7bf1a48-807,rudeljaeger,standard,0,0,1,11,-3,16,14,39,18,12,8,6,0,1
match-f7bf1a48-807,urzeitliche_kolosse,standard,1,1,0,11,4,16,12,54,6,12,10,13,0,0
match-7e71a98b-808,rudeljaeger,standard,0,0,1,12,-2,17,16,43,27,14,10,8,0,0
match-7e71a98b-808,urzeitliche_kolosse,standard,1,1,0,12,2,16,15,57,16,14,14,12,0,3
match-052458ce-809,rudeljaeger,standard,0,0,1,8,-3,11,11,27,3,10,5,7,0,1
match-052458ce-809,urzeitliche_kolosse,standard,1,1,0,8,3,11,9,34,2,9,10,13,0,1
match-8bd6e810-810,rudeljaeger,standard,0,0,1,5,-1,10,6,15,0,5,0,9,0,0
match-8bd6e810-810,urzeitliche_kolosse,standard,1,1,0,5,1,11,3,12,3,3,3,11,0,0
match-12899753-811,rudeljaeger,standard,0,1,1,5,4,8,6,12,3,5,2,10,0,0
match-12899753-811,urzeitliche_kolosse,standard,1,0,0,5,0,10,4,13,2,4,1,6,0,0
match-993c2695-812,rudeljaeger,standard,0,1,1,3,6,7,4,6,0,4,1,10,0,0
match-993c2695-812,urzeitliche_kolosse,standard,1,0,0,3,0,8,2,4,2,2,1,4,0,0
match-1feed5d8-813,rudeljaeger,standard,0,1,1,5,6,9,6,15,0,6,4,12,0,0
match-1feed5d8-813,urzeitliche_kolosse,standard,1,0,0,5,-2,11,5,12,1,5,2,4,0,0
match-a6a1651a-814,rudeljaeger,standard,0,0,1,9,-2,15,12,36,5,10,7,7,0,2
match-a6a1651a-814,urzeitliche_kolosse,standard,1,1,0,9,3,14,10,38,5,10,7,12,0,2
match-2d54145d-815,rudeljaeger,standard,0,1,1,7,6,14,11,24,1,11,3,10,0,0
match-2d54145d-815,urzeitliche_kolosse,standard,1,0,0,7,0,13,7,22,6,7,6,4,0,1
match-ddb2bb4e-816,rudeljaeger,standard,0,0,1,7,-2,11,10,21,3,8,4,9,0,0
match-ddb2bb4e-816,urzeitliche_kolosse,standard,1,1,0,7,1,11,7,21,3,7,6,12,0,0
match-64654a91-817,rudeljaeger,standard,0,0,1,13,-1,20,16,38,43,14,7,8,0,0
match-64654a91-817,urzeitliche_kolosse,standard,1,1,0,13,2,19,12,49,32,11,12,11,0,0
match-eb17f9d3-818,rudeljaeger,standard,0,1,1,5,8,9,6,14,0,6,2,12,0,0
match-eb17f9d3-818,urzeitliche_kolosse,standard,1,0,0,5,-2,10,4,14,1,4,2,2,0,0
match-71ca8916-819,rudeljaeger,standard,0,1,1,8,4,13,10,27,4,9,5,11,0,1
match-71ca8916-819,urzeitliche_kolosse,standard,1,0,0,8,-1,14,8,30,5,7,5,6,0,1
match-f87d3858-820,rudeljaeger,standard,0,0,1,13,0,19,17,49,31,15,11,5,0,2
match-f87d3858-820,urzeitliche_kolosse,standard,1,1,0,13,5,18,16,56,26,16,12,10,0,0
match-7f2fc79b-821,rudeljaeger,standard,0,1,1,10,3,16,14,41,7,13,9,10,0,0
match-7f2fc79b-821,urzeitliche_kolosse,standard,1,0,0,10,0,14,13,51,1,13,9,7,0,0
match-05e276de-822,rudeljaeger,standard,0,0,1,6,0,11,9,20,1,7,3,4,0,0
match-05e276de-822,urzeitliche_kolosse,standard,1,1,0,6,6,11,6,20,1,5,3,10,0,0
match-8c950620-823,rudeljaeger,standard,0,1,1,4,6,9,4,10,0,3,1,12,0,0
match-8c950620-823,urzeitliche_kolosse,standard,1,0,0,4,-2,9,3,7,2,3,2,4,0,0
match-1347b563-824,rudeljaeger,standard,0,0,1,8,0,12,11,34,1,10,4,8,0,0
match-1347b563-824,urzeitliche_kolosse,standard,1,1,0,8,2,13,8,33,3,7,7,10,0,0
match-99fa44a5-825,rudeljaeger,standard,0,0,1,12,-3,18,15,43,27,13,6,8,0,1
match-99fa44a5-825,urzeitliche_kolosse,standard,1,1,0,12,2,18,11,47,31,11,10,13,0,0
match-20acf3e8-826,rudeljaeger,standard,0,0,1,11,0,14,14,42,15,13,9,9,0,5
match-20acf3e8-826,urzeitliche_kolosse,standard,1,1,0,11,1,16,12,49,10,12,10,10,0,9
match-a75f832a-827,rudeljaeger,standard,0,0,1,10,0,14,12,34,11,11,8,7,0,1
match-a75f832a-827,urzeitliche_kolosse,standard,1,1,0,10,3,16,11,45,4,10,7,10,0,3
match-2e12326d-828,rudeljaeger,standard,0,1,1,11,3,16,14,38,20,12,9,12,0,0
match-2e12326d-828,urzeitliche_kolosse,standard,1,0,0,11,-2,16,13,51,15,13,7,7,0,0
match-b4c4c1af-829,rudeljaeger,standard,0,1,1,7,2,12,10,25,2,9,6,10,0,0
match-b4c4c1af-829,urzeitliche_kolosse,standard,1,0,0,7,0,13,8,26,2,8,6,8,0,0
match-3b7770f2-830,rudeljaeger,standard,0,1,1,6,1,11,8,17,1,8,2,10,0,0
match-3b7770f2-830,urzeitliche_kolosse,standard,1,0,0,6,0,11,5,17,3,5,6,9,0,1
match-c22a0034-831,rudeljaeger,standard,0,1,1,10,1,14,13,37,10,12,9,12,0,1
match-c22a0034-831,urzeitliche_kolosse,standard,1,0,0,10,-2,16,13,43,7,13,10,9,0,1
match-1f30b7c8-832,rudeljaeger,standard,0,1,1,7,9,11,9,28,0,8,3,10,0,0
match-1f30b7c8-832,urzeitliche_kolosse,standard,1,0,0,7,0,12,8,27,1,7,3,1,0,0
match-a5e3470a-833,rudeljaeger,standard,0,0,1,10,-4,15,13,34,12,12,6,8,0,0
match-a5e3470a-833,urzeitliche_kolosse,standard,1,1,0,10,2,15,12,49,6,11,9,14,0,3
match-2c95f64d-834,rudeljaeger,standard,0,1,1,8,5,12,10,30,5,10,5,11,0,0
match-2c95f64d-834,urzeitliche_kolosse,standard,1,0,0,8,-1,13,7,32,4,7,6,5,0,1
match-b348858f-835,rudeljaeger,standard,0,1,1,13,1,17,16,47,35,14,12,10,0,3
match-b348858f-835,urzeitliche_kolosse,standard,1,0,0,13,0,18,16,63,19,15,11,9,0,0
match-39fb34d2-836,rudeljaeger,standard,0,1,1,11,5,15,13,41,14,12,10,10,0,1
match-39fb34d2-836,urzeitliche_kolosse,standard,1,0,0,11,0,17,14,50,7,13,8,5,0,2
match-c0adc414-837,rudeljaeger,standard,0,0,1,9,-1,13,12,34,4,10,2,9,0,0
match-c0adc414-837,urzeitliche_kolosse,standard,1,1,0,9,1,14,8,32,6,7,7,11,0,5
match-47607357-838,rudeljaeger,standard,0,1,1,5,6,10,6,14,0,6,3,10,0,0
match-47607357-838,urzeitliche_kolosse,standard,1,0,0,5,0,9,5,15,0,5,2,4,0,0
match-ce130299-839,rudeljaeger,standard,0,1,1,5,2,9,5,14,1,5,4,10,0,0
match-ce130299-839,urzeitliche_kolosse,standard,1,0,0,5,0,10,5,14,0,5,1,8,0,0
match-54c5b1dc-840,rudeljaeger,standard,0,1,1,4,4,8,3,8,1,3,1,12,0,0
match-54c5b1dc-840,urzeitliche_kolosse,standard,1,0,0,4,-2,8,3,9,1,3,0,6,0,0
match-db78411e-841,rudeljaeger,standard,0,1,1,10,1,16,14,42,9,12,11,10,0,0
match-db78411e-841,urzeitliche_kolosse,standard,1,0,0,10,0,16,13,46,3,13,10,9,0,1
match-622af061-842,rudeljaeger,standard,0,0,1,12,-4,16,16,46,22,15,8,8,0,1
match-622af061-842,urzeitliche_kolosse,standard,1,1,0,12,2,17,14,58,12,13,12,14,0,1
match-e8dd9fa3-843,rudeljaeger,standard,0,1,1,12,1,16,15,44,26,15,11,12,0,1
match-e8dd9fa3-843,urzeitliche_kolosse,standard,1,0,0,12,-2,17,15,60,17,14,12,9,0,0
match-6f902ee6-844,rudeljaeger,standard,0,1,1,11,4,17,15,41,15,13,9,10,0,0
match-6f902ee6-844,urzeitliche_kolosse,standard,1,0,0,11,0,17,14,47,13,13,11,6,0,0
match-f642de28-845,rudeljaeger,standard,0,0,1,10,-2,14,13,40,12,12,10,7,0,1
match-f642de28-845,urzeitliche_kolosse,standard,1,1,0,10,3,16,12,48,5,12,7,12,0,1
match-7cf56d6b-846,rudeljaeger,standard,0,0,1,10,-4,15,13,35,14,11,4,9,0,0
match-7cf56d6b-846,urzeitliche_kolosse,standard,1,1,0,10,1,16,10,45,9,9,7,14,0,2
match-03a81cae-847,rudeljaeger,standard,0,1,1,10,1,16,14,36,11,12,12,13,0,1
match-03a81cae-847,urzeitliche_kolosse,standard,1,0,0,10,-3,14,13,48,4,13,10,9,0,1
match-b406a39f-848,rudeljaeger,standard,0,0,1,5,0,9,4,13,1,4,0,8,0,0
match-b406a39f-848,urzeitliche_kolosse,standard,1,1,0,5,2,10,3,11,4,3,4,10,0,0
match-3ab952e2-849,rudeljaeger,standard,0,1,1,7,5,11,10,23,2,8,6,13,0,0
match-3ab952e2-849,urzeitliche_kolosse,standard,1,0,0,7,-3,13,8,24,3,8,5,5,0,0
match-c16be224-850,rudeljaeger,standard,0,1,1,7,6,10,9,24,2,9,4,10,0,1
match-c16be224-850,urzeitliche_kolosse,standard,1,0,0,7,0,11,6,23,3,6,8,4,0,0
match-481e9167-851,rudeljaeger,standard,0,0,1,9,0,14,12,31,6,11,5,8,0,4
match-481e9167-851,urzeitliche_kolosse,standard,1,1,0,9,2,15,8,36,3,8,7,10,0,1
match-ced120a9-852,rudeljaeger,standard,0,0,1,11,-1,15,15,41,18,13,9,7,0,1
match-ced120a9-852,urzeitliche_kolosse,standard,1,1,0,11,3,15,13,51,10,13,12,11,0,3
match-5583cfec-853,rudeljaeger,standard,0,0,1,8,-2,13,11,28,6,9,5,8,0,1
match-5583cfec-853,urzeitliche_kolosse,standard,1,1,0,8,2,12,8,32,4,8,5,12,0,0
match-dc367f2e-854,rudeljaeger,standard,0,0,1,9,0,13,11,32,8,10,7,8,0,4
match-dc367f2e-854,urzeitliche_kolosse,standard,1,1,0,9,2,14,11,41,3,11,5,10,0,1
match-62e90e71-855,rudeljaeger,standard,0,0,1,6,0,10,7,20,1,6,0,4,0,1
match-62e90e71-855,urzeitliche_kolosse,standard,1,1,0,6,6,11,5,18,3,5,3,10,0,0
match-e99bbdb3-856,rudeljaeger,standard,0,1,1,11,3,16,15,47,10,14,9,10,0,1
match-e99bbdb3-856,urzeitliche_kolosse,standard,1,0,0,11,0,17,14,51,12,13,10,7,0,2
match-704e4cf6-857,rudeljaeger,standard,0,0,1,7,-1,12,10,21,5,8,3,6,0,0
match-704e4cf6-857,urzeitliche_kolosse,standard,1,1,0,7,4,13,8,25,1,7,6,11,0,5
match-f700fc38-858,rudeljaeger,standard,0,0,1,12,-2,18,16,43,29,14,11,9,0,3
match-f700fc38-858,urzeitliche_kolosse,standard,1,1,0,12,1,16,15,53,17,14,11,12,0,1
match-7db38b7b-859,rudeljaeger,standard,0,1,1,6,10,10,7,20,0,6,3,10,0,0
match-7db38b7b-859,urzeitliche_kolosse,standard,1,0,0,6,0,12,5,18,1,5,3,0,0,0
match-04663abe-860,rudeljaeger,standard,0,0,1,5,0,9,5,14,1,5,3,7,0,0
match-04663abe-860,urzeitliche_kolosse,standard,1,1,0,5,3,10,6,15,0,6,3,10,0,0
match-8b18ca00-861,rudeljaeger,standard,0,1,1,5,2,10,5,14,1,5,2,10,0,0
match-8b18ca00-861,urzeitliche_kolosse,standard,1,0,0,5,0,9,5,15,0,5,2,8,0,0
match-11cb7943-862,rudeljaeger,standard,0,1,1,5,10,8,6,14,0,6,0,11,0,0
match-11cb7943-862,urzeitliche_kolosse,standard,1,0,0,5,-1,10,3,12,3,3,4,0,0,0
match-987e0885-863,rudeljaeger,standard,0,1,1,10,2,14,13,35,12,11,8,12,0,0
match-987e0885-863,urzeitliche_kolosse,standard,1,0,0,10,-2,16,12,48,5,11,10,8,0,0
match-f584a018-864,rudeljaeger,standard,0,0,1,10,0,14,13,34,14,11,5,4,0,0
match-f584a018-864,urzeitliche_kolosse,standard,1,1,0,10,6,15,9,31,14,9,8,10,0,0
match-7c374f5b-865,rudeljaeger,standard,0,0,1,8,0,13,11,26,8,11,5,8,0,0
match-7c374f5b-865,urzeitliche_kolosse,standard,1,1,0,8,2,12,8,31,4,8,6,10,0,1
match-02e9fe9e-866,rudeljaeger,standard,0,1,1,7,4,11,8,24,4,8,4,12,0,2
match-02e9fe9e-866,urzeitliche_kolosse,standard,1,0,0,7,-2,13,7,25,3,7,3,6,0,0
match-899c8de0-867,rudeljaeger,standard,0,1,1,7,2,11,10,25,2,10,4,10,0,0
match-899c8de0-867,urzeitliche_kolosse,standard,1,0,0,7,0,11,6,26,2,6,6,8,0,0
match-104f3d23-868,rudeljaeger,standard,0,1,1,6,2,10,5,20,1,5,3,11,0,1
match-104f3d23-868,urzeitliche_kolosse,standard,1,0,0,6,-1,11,6,18,1,6,1,8,0,0
match-9701cc65-869,rudeljaeger,standard,0,1,1,12,1,16,16,47,24,14,12,12,0,0
match-9701cc65-869,urzeitliche_kolosse,standard,1,0,0,12,-2,18,15,56,12,14,12,9,0,2
match-1db47ba8-870,rudeljaeger,standard,0,0,1,8,-2,13,10,26,4,9,4,5,0,0
match-1db47ba8-870,urzeitliche_kolosse,standard,1,1,0,8,5,13,8,30,4,8,5,12,0,0
match-a4670aea-871,rudeljaeger,standard,0,0,1,7,-1,12,10,28,0,8,1,6,0,0
match-a4670aea-871,urzeitliche_kolosse,standard,1,1,0,7,4,12,6,22,2,6,4,11,0,1
match-2b19ba2d-872,rudeljaeger,standard,0,0,1,12,0,18,16,45,22,15,10,5,0,0
match-2b19ba2d-872,urzeitliche_kolosse,standard,1,1,0,12,5,16,15,53,21,14,13,10,0,4
match-b1cc496f-873,rudeljaeger,standard,0,1,1,4,6,8,5,10,0,5,2,12,0,0
match-b1cc496f-873,urzeitliche_kolosse,standard,1,0,0,4,-2,9,4,9,1,3,4,4,0,0
match-387ef8b2-874,rudeljaeger,standard,0,1,1,9,4,13,11,34,2,11,7,14,0,0
match-387ef8b2-874,urzeitliche_kolosse,standard,1,0,0,9,-4,15,9,38,5,9,7,6,0,1
match-bf3187f4-875,rudeljaeger,standard,0,0,1,8,-2,12,11,32,2,11,3,7,0,0
match-bf3187f4-875,urzeitliche_kolosse,standard,1,1,0,8,3,13,9,31,4,8,10,12,0,3
match-45e43737-876,rudeljaeger,standard,0,1,1,3,10,8,3,6,0,3,0,10,0,0
match-45e43737-876,urzeitliche_kolosse,standard,1,0,0,3,0,9,1,3,3,1,0,0,0,0
match-cc96c679-877,rudeljaeger,standard,0,0,1,6,0,9,8,20,1,7,1,8,0,0
match-cc96c679-877,urzeitliche_kolosse,standard,1,1,0,6,2,12,6,19,1,5,6,10,0,0
match-534975bc-878,rudeljaeger,standard,0,0,1,6,0,11,5,19,2,5,2,4,0,0
match-534975bc-878,urzeitliche_kolosse,standard,1,1,0,6,6,11,7,21,0,6,3,10,0,0
match-d9fc04fe-879,rudeljaeger,standard,0,1,1,13,3,17,16,46,36,14,12,10,0,2
match-d9fc04fe-879,urzeitliche_kolosse,standard,1,0,0,13,0,18,16,63,20,15,12,7,0,2
match-8a5aabf0-880,rudeljaeger,standard,0,1,1,9,3,14,12,33,8,10,5,11,0,0
match-8a5aabf0-880,urzeitliche_kolosse,standard,1,0,0,9,-1,14,10,43,2,9,5,7,0,0
match-110d5b33-881,rudeljaeger,standard,0,1,1,9,5,14,12,29,8,10,8,10,0,1
match-110d5b33-881,urzeitliche_kolosse,standard,1,0,0,9,0,14,11,39,6,10,8,5,0,0
match-97bfea75-882,rudeljaeger,standard,0,1,1,6,10,10,8,19,1,6,4,12,0,0
match-97bfea75-882,urzeitliche_kolosse,standard,1,0,0,6,-2,11,6,18,1,5,4,0,0,0
match-1e7299b8-883,rudeljaeger,standard,0,1,1,6,4,9,6,20,0,6,4,10,0,1
match-1e7299b8-883,urzeitliche_kolosse,standard,1,0,0,6,0,10,6,17,3,6,4,6,0,0
match-a52528fa-884,rudeljaeger,standard,0,0,1,5,-3,10,5,14,1,5,2,0,0,0
match-a52528fa-884,urzeitliche_kolosse,standard,1,1,0,5,10,11,5,15,0,5,3,13,0,0
match-2bd7d83d-885,rudeljaeger,standard,0,0,1,10,-3,14,14,40,10,12,7,8,0,0
match-2bd7d83d-885,urzeitliche_kolosse,standard,1,1,0,10,2,16,11,45,7,10,9,13,0,0
match-b28a677f-886,rudeljaeger,standard,0,0,1,10,-1,13,11,34,14,9,8,7,0,2
match-b28a677f-886,urzeitliche_kolosse,standard,1,1,0,10,3,15,12,40,12,11,6,11,0,0
match-393d16c2-887,rudeljaeger,standard,0,1,1,3,8,7,3,6,0,3,0,10,0,0
match-393d16c2-887,urzeitliche_kolosse,standard,1,0,0,3,0,8,2,4,2,2,0,2,0,0
match-bfefa604-888,rudeljaeger,standard,0,0,1,13,-2,19,16,47,32,14,10,7,0,1
match-bfefa604-888,urzeitliche_kolosse,standard,1,1,0,13,3,19,15,63,20,14,10,12,0,0
match-46a25547-889,rudeljaeger,standard,0,1,1,8,6,12,11,27,3,9,6,10,0,0
match-46a25547-889,urzeitliche_kolosse,standard,1,0,0,8,0,14,9,35,1,8,4,4,0,1
match-cd54e489-890,rudeljaeger,standard,0,1,1,12,3,19,16,49,22,16,11,12,0,2
match-cd54e489-890,urzeitliche_kolosse,standard,1,0,0,12,-2,16,15,56,15,14,15,7,0,5
match-540793cc-891,rudeljaeger,standard,0,1,1,3,6,7,3,6,0,3,1,10,0,0
match-540793cc-891,urzeitliche_kolosse,standard,1,0,0,3,0,9,2,4,2,2,0,4,0,0
match-daba230e-892,rudeljaeger,standard,0,0,1,15,-1,19,18,49,58,16,13,9,0,0
match-daba230e-892,urzeitliche_kolosse,standard,1,1,0,15,1,21,18,74,34,17,12,11,0,3
match-616cd251-893,rudeljaeger,standard,0,0,1,9,-2,12,12,27,11,10,3,9,0,0
match-616cd251-893,urzeitliche_kolosse,standard,1,1,0,9,1,14,8,35,7,8,7,12,0,1
match-e81f6193-894,rudeljaeger,standard,0,0,1,9,0,15,11,29,8,10,6,4,0,0
match-e81f6193-894,urzeitliche_kolosse,standard,1,1,0,9,6,15,11,38,2,11,6,10,0,0
match-6ed210d6-895,rudeljaeger,standard,0,0,1,6,0,10,7,19,2,6,3,6,0,1
match-6ed210d6-895,urzeitliche_kolosse,standard,1,1,0,6,4,12,5,19,1,5,5,10,0,0
match-cbd8a869-896,rudeljaeger,standard,0,0,1,5,0,10,7,15,0,6,3,7,0,0
match-cbd8a869-896,urzeitliche_kolosse,standard,1,1,0,5,3,11,5,12,1,5,4,10,0,0
match-528b57ac-897,rudeljaeger,standard,0,1,1,7,8,11,9,26,1,9,3,11,0,0
match-528b57ac-897,urzeitliche_kolosse,standard,1,0,0,7,-1,12,5,24,4,5,6,2,0,1
match-d93de6ee-898,rudeljaeger,standard,0,0,1,6,-1,9,6,20,0,6,4,3,0,0
match-d93de6ee-898,urzeitliche_kolosse,standard,1,1,0,6,7,11,7,17,1,6,5,11,0,0
match-5ff09631-899,rudeljaeger,standard,0,0,1,9,-2,15,12,35,2,12,9,8,0,0
match-5ff09631-899,urzeitliche_kolosse,standard,1,1,0,9,2,13,11,40,3,11,8,12,0,2
match-336f7e49-900,rudeljaeger,standard,0,1,0,4,10,10,4,9,0,4,2,11,0,0
match-336f7e49-900,urzeitliche_kolosse,standard,1,0,1,4,-1,10,4,9,1,4,3,0,0,0
match-ba220d8b-901,rudeljaeger,standard,0,1,0,9,4,15,12,36,5,10,9,10,0,0
match-ba220d8b-901,urzeitliche_kolosse,standard,1,0,1,9,0,14,12,40,3,11,5,6,0,3
match-260a3fc4-902,rudeljaeger,standard,0,1,0,6,5,11,7,19,1,7,3,10,0,0
match-260a3fc4-902,urzeitliche_kolosse,standard,1,0,1,6,0,12,7,20,1,7,4,5,0,0
match-acbccf06-903,rudeljaeger,standard,0,0,0,7,-1,10,8,24,2,8,2,8,0,1
match-acbccf06-903,urzeitliche_kolosse,standard,1,1,1,7,2,12,7,25,3,6,4,11,0,2
match-18a4e13f-904,rudeljaeger,standard,0,1,0,8,4,11,11,26,5,9,5,11,0,3
match-18a4e13f-904,urzeitliche_kolosse,standard,1,0,1,8,-1,14,8,30,6,8,4,6,0,1
match-9f579081-905,rudeljaeger,standard,0,1,0,11,1,15,13,39,19,12,10,11,0,0
match-9f579081-905,urzeitliche_kolosse,standard,1,0,1,11,-1,16,14,52,7,13,9,9,0,3
match-0b3fa2ba-906,rudeljaeger,standard,0,1,0,9,3,12,12,35,4,11,8,12,0,0
match-0b3fa2ba-906,urzeitliche_kolosse,standard,1,0,1,9,-2,14,12,42,2,11,8,7,0,0
match-91f251fc-907,rudeljaeger,standard,0,0,0,10,-1,15,12,34,11,10,6,5,0,0
match-91f251fc-907,urzeitliche_kolosse,standard,1,1,1,10,5,13,11,40,5,10,5,11,0,3
match-fdda6434-908,rudeljaeger,standard,0,1,0,11,4,14,13,40,17,13,10,11,0,1
match-fdda6434-908,urzeitliche_kolosse,standard,1,0,1,11,-1,17,10,42,13,10,9,6,0,0
match-848d1377-909,rudeljaeger,standard,0,0,0,5,-1,9,3,12,3,3,2,4,0,0
match-848d1377-909,urzeitliche_kolosse,standard,1,1,1,5,6,11,5,13,2,5,0,11,0,0
match-f07525af-910,rudeljaeger,standard,0,0,0,9,0,12,12,29,9,11,5,9,0,0
match-f07525af-910,urzeitliche_kolosse,standard,1,1,1,9,1,14,11,43,2,10,9,10,0,1
match-7727d4f2-911,rudeljaeger,standard,0,0,0,10,-2,14,13,33,15,12,6,8,0,0
match-7727d4f2-911,urzeitliche_kolosse,standard,1,1,1,10,2,16,11,41,12,10,9,12,0,0
match-e30fe72a-912,rudeljaeger,standard,0,1,0,7,5,10,9,24,1,8,3,10,0,1
match-e30fe72a-912,urzeitliche_kolosse,standard,1,0,1,7,0,13,7,26,2,7,6,5,0,1
match-69c2966d-913,rudeljaeger,standard,0,1,0,8,3,12,11,30,2,10,3,12,0,0
match-69c2966d-913,urzeitliche_kolosse,standard,1,0,1,8,-2,14,8,30,6,7,6,7,0,0
match-d5aaa8a5-914,rudeljaeger,standard,0,0,0,10,-5,14,13,38,8,11,7,5,0,0
match-d5aaa8a5-914,urzeitliche_kolosse,standard,1,1,1,10,5,16,11,48,4,11,9,15,0,2
match-5c5d57e8-915,rudeljaeger,standard,0,0,0,16,-2,21,20,56,69,18,14,8,0,2
match-5c5d57e8-915,urzeitliche_kolosse,standard,1,1,1,16,1,19,19,74,53,18,17,11,0,3
match-9e997271-916,rudeljaeger,standard,0,1,0,8,6,12,9,31,4,9,6,11,0,0
match-9e997271-916,urzeitliche_kolosse,standard,1,0,1,8,-1,13,8,31,4,8,5,4,0,1
match-254c01b4-917,rudeljaeger,standard,0,1,0,9,5,14,12,34,6,11,7,10,0,1
match-254c01b4-917,urzeitliche_kolosse,standard,1,0,1,9,0,14,12,39,6,11,8,5,0,0
match-913433ec-918,rudeljaeger,standard,0,0,0,10,-1,13,13,34,13,11,10,7,0,3
match-913433ec-918,urzeitliche_kolosse,standard,1,1,1,10,3,16,13,49,4,12,10,11,0,1
match-17e6c32f-919,rudeljaeger,standard,0,0,0,9,-1,14,12,34,8,10,9,8,0,0
match-17e6c32f-919,urzeitliche_kolosse,standard,1,1,1,9,2,12,12,32,7,11,8,11,0,1
match-83cef567-920,rudeljaeger,standard,0,0,0,8,0,13,11,22,12,9,5,9,0,0
match-83cef567-920,urzeitliche_kolosse,standard,1,1,1,8,1,14,9,34,2,9,4,10,0,3
match-0a8184aa-921,rudeljaeger,standard,0,0,0,9,-3,12,11,34,4,10,6,5,0,0
match-0a8184aa-921,urzeitliche_kolosse,standard,1,1,1,9,5,15,9,40,4,9,8,13,0,2
match-7669b6e2-922,rudeljaeger,standard,0,1,0,13,4,19,17,47,34,15,12,11,0,3
match-7669b6e2-922,urzeitliche_kolosse,standard,1,0,1,13,-1,18,16,65,20,15,14,6,0,1
match-fd1c4624-923,rudeljaeger,standard,0,1,0,4,6,8,4,9,1,4,1,10,0,0
match-fd1c4624-923,urzeitliche_kolosse,standard,1,0,1,4,0,10,3,8,2,3,2,4,0,0
match-6904785d-924,rudeljaeger,standard,0,1,0,4,1,9,4,9,1,3,1,12,0,0
match-6904785d-924,urzeitliche_kolosse,standard,1,0,1,4,-2,9,3,9,1,3,1,9,0,0
match-efb7079f-925,rudeljaeger,standard,0,1,0,6,6,10,6,18,2,6,4,10,0,0
match-efb7079f-925,urzeitliche_kolosse,standard,1,0,1,6,0,12,6,17,2,6,1,4,0,1
match-5b9f39d8-926,rudeljaeger,standard,0,1,0,9,2,14,13,39,1,12,9,13,0,1
match-5b9f39d8-926,urzeitliche_kolosse,standard,1,0,1,9,-3,13,11,37,7,11,9,8,0,0
match-e251c91a-927,rudeljaeger,standard,0,0,0,6,-2,9,9,20,0,8,2,8,0,0
match-e251c91a-927,urzeitliche_kolosse,standard,1,1,1,6,2,11,7,18,2,6,5,12,0,0
match-4e39fb53-928,rudeljaeger,standard,0,1,0,13,3,18,16,49,37,14,12,14,0,0
match-4e39fb53-928,urzeitliche_kolosse,standard,1,0,1,13,-4,18,16,66,16,15,10,7,0,0
match-d4ec8a95-929,rudeljaeger,standard,0,0,0,8,-1,12,12,29,3,11,5,8,0,1
match-d4ec8a95-929,urzeitliche_kolosse,standard,1,1,1,8,2,13,8,32,4,8,9,11,0,1
match-40d4bcce-930,rudeljaeger,standard,0,1,0,9,1,14,13,33,8,11,9,10,0,0
match-40d4bcce-930,urzeitliche_kolosse,standard,1,0,1,9,0,15,11,38,4,10,9,9,0,0
match-c7874c10-931,rudeljaeger,standard,0,0,0,9,0,14,12,34,7,11,7,8,0,0
match-c7874c10-931,urzeitliche_kolosse,standard,1,1,1,9,2,14,11,39,2,11,9,10,0,0
match-09c3669a-932,rudeljaeger,standard,0,1,0,5,6,9,5,14,0,5,4,10,0,0
match-09c3669a-932,urzeitliche_kolosse,standard,1,0,1,5,0,10,5,13,2,5,2,4,0,0
match-907615dc-933,rudeljaeger,standard,0,1,0,5,7,9,6,11,2,5,2,10,0,0
match-907615dc-933,urzeitliche_kolosse,standard,1,0,1,5,0,11,4,11,3,4,4,3,0,0
match-fc5e2814-934,rudeljaeger,standard,0,1,0,6,6,9,8,20,0,7,4,10,0,0
match-fc5e2814-934,urzeitliche_kolosse,standard,1,0,1,6,0,11,6,19,1,6,4,4,0,0
match-8310d757-935,rudeljaeger,standard,0,1,0,4,10,9,5,9,0,4,2,10,0,0
match-8310d757-935,urzeitliche_kolosse,standard,1,0,1,4,0,9,3,6,1,3,1,0,0,0
match-eef8e98f-936,rudeljaeger,standard,0,1,0,12,1,16,15,39,28,14,13,11,0,0
match-eef8e98f-936,urzeitliche_kolosse,standard,1,0,1,12,-1,16,15,62,8,15,11,9,0,3
match-75ab98d2-937,rudeljaeger,standard,0,1,0,5,1,10,6,13,1,5,3,12,0,0
match-75ab98d2-937,urzeitliche_kolosse,standard,1,0,1,5,-2,10,4,14,1,4,2,9,0,0
match-e193ab0a-938,rudeljaeger,standard,0,1,0,15,6,20,18,49,60,16,15,11,0,3
match-e193ab0a-938,urzeitliche_kolosse,standard,1,0,1,15,-1,19,18,66,44,17,14,4,0,3
match-68465a4d-939,rudeljaeger,standard,0,0,0,6,0,11,8,20,1,8,3,7,0,0
match-68465a4d-939,urzeitliche_kolosse,standard,1,1,1,6,3,10,7,18,3,7,6,10,0,0
match-d42e6c85-940,rudeljaeger,standard,0,0,0,10,-3,16,14,37,9,13,7,7,0,0
match-d42e6c85-940,urzeitliche_kolosse,standard,1,1,1,10,3,16,13,38,10,12,11,13,0,2
match-5ae11bc8-941,rudeljaeger,standard,0,0,0,8,0,12,10,24,4,9,4,6,0,0
match-5ae11bc8-941,urzeitliche_kolosse,standard,1,1,1,8,4,14,8,31,5,7,5,10,0,0
match-c6c92e00-942,rudeljaeger,standard,0,0,0,14,-3,20,18,47,46,16,11,6,0,0
match-c6c92e00-942,urzeitliche_kolosse,standard,1,1,1,14,4,19,15,60,34,14,14,13,0,1
match-4d7bdd43-943,rudeljaeger,standard,0,0,0,9,-2,13,11,30,6,9,9,6,0,0
match-4d7bdd43-943,urzeitliche_kolosse,standard,1,1,1,9,4,15,11,40,4,11,5,12,0,2
match-b963ef7b-944,rudeljaeger,standard,0,1,0,7,1,12,8,19,5,7,1,12,0,1
match-b963ef7b-944,urzeitliche_kolosse,standard,1,0,1,7,-2,13,5,22,6,5,4,9,0,0
match-40169ebe-945,rudeljaeger,standard,0,1,0,5,10,11,6,14,0,6,2,12,0,0
match-40169ebe-945,urzeitliche_kolosse,standard,1,0,1,5,-2,10,5,14,1,4,2,0,0,0
match-abfeb0f6-946,rudeljaeger,standard,0,1,0,4,6,9,4,9,1,4,3,10,0,0
match-abfeb0f6-946,urzeitliche_kolosse,standard,1,0,1,4,0,8,4,9,1,4,2,4,0,0
match-32b14039-947,rudeljaeger,standard,0,1,0,7,4,11,7,22,1,7,5,10,0,0
match-32b14039-947,urzeitliche_kolosse,standard,1,0,1,7,0,13,7,25,0,7,3,6,0,2
match-74ed7ac2-948,rudeljaeger,standard,0,0,0,9,-1,15,10,33,4,9,5,5,0,1
match-74ed7ac2-948,urzeitliche_kolosse,standard,1,1,1,9,5,13,9,42,3,9,6,11,0,0
match-fba00a04-949,rudeljaeger,standard,0,0,0,9,-2,13,12,26,13,11,6,8,0,1
match-fba00a04-949,urzeitliche_kolosse,standard,1,1,1,9,2,15,9,40,3,9,7,12,0,0
match-67883c3d-950,rudeljaeger,standard,0,1,0,11,1,16,15,41,15,13,9,12,0,0
match-67883c3d-950,urzeitliche_kolosse,standard,1,0,1,11,-2,16,14,48,11,13,9,9,0,1
match-ee3acb7f-951,rudeljaeger,standard,0,0,0,11,0,14,14,40,16,12,10,8,0,1
match-ee3acb7f-951,urzeitliche_kolosse,standard,1,1,1,11,2,16,14,51,8,14,10,10,0,2
match-5a22fdb8-952,rudeljaeger,standard,0,0,0,8,-2,12,11,29,5,10,6,9,0,0
match-5a22fdb8-952,urzeitliche_kolosse,standard,1,1,1,8,1,13,9,36,0,9,7,12,0,0
match-e0d58cfa-953,rudeljaeger,standard,0,0,0,13,0,18,17,45,34,15,10,9,0,0
match-e0d58cfa-953,urzeitliche_kolosse,standard,1,1,1,13,1,19,16,66,17,15,13,10,0,8
match-4cbdbf33-954,rudeljaeger,standard,0,0,0,6,0,10,7,19,2,6,4,4,0,1
match-4cbdbf33-954,urzeitliche_kolosse,standard,1,1,1,6,6,11,7,20,1,7,5,10,0,0
match-d3704e75-955,rudeljaeger,standard,0,1,0,3,7,8,4,6,0,4,1,10,0,0
match-d3704e75-955,urzeitliche_kolosse,standard,1,0,1,3,0,8,2,5,1,2,1,3,0,0
match-3f5860ae-956,rudeljaeger,standard,0,0,0,9,-2,15,13,36,2,11,5,7,0,0
match-3f5860ae-956,urzeitliche_kolosse,standard,1,1,1,9,3,14,10,40,3,9,9,12,0,0
match-c60b0ff0-957,rudeljaeger,standard,0,0,0,10,-2,14,14,37,10,12,7,7,0,0
match-c60b0ff0-957,urzeitliche_kolosse,standard,1,1,1,10,3,17,11,48,4,11,10,12,0,0
match-31f32229-958,rudeljaeger,standard,0,0,0,9,-1,15,10,26,11,10,5,8,0,0
match-31f32229-958,urzeitliche_kolosse,standard,1,1,1,9,2,15,9,40,3,9,6,11,0,1
match-b8a5d16b-959,rudeljaeger,standard,0,0,0,5,-3,9,5,14,1,5,1,8,0,0
match-b8a5d16b-959,urzeitliche_kolosse,standard,1,1,1,5,2,8,5,15,0,4,4,13,0,0
match-248de3a4-960,rudeljaeger,standard,0,0,0,9,-3,15,12,33,10,10,7,4,0,0
match-248de3a4-960,urzeitliche_kolosse,standard,1,1,1,9,6,14,11,44,1,11,6,13,0,1
match-ab4092e6-961,rudeljaeger,standard,0,0,0,8,-3,11,11,28,2,9,7,4,0,1
match-ab4092e6-961,urzeitliche_kolosse,standard,1,1,1,8,6,12,10,34,2,9,7,13,0,0
match-1728a51f-962,rudeljaeger,standard,0,0,0,7,-1,12,8,26,2,8,4,6,0,0
match-1728a51f-962,urzeitliche_kolosse,standard,1,1,1,7,4,11,8,28,0,8,3,11,0,1
match-9ddb5461-963,rudeljaeger,standard,0,0,0,11,-2,16,15,43,16,14,8,5,0,0
match-9ddb5461-963,urzeitliche_kolosse,standard,1,1,1,11,5,15,13,48,11,13,13,12,0,0
match-86c76da7-964,rudeljaeger,standard,0,1,0,7,1,11,8,23,4,8,7,12,0,0
match-86c76da7-964,urzeitliche_kolosse,standard,1,0,1,7,-2,12,9,26,1,9,6,9,0,1
match-0d7a1cea-965,rudeljaeger,standard,0,1,0,6,3,12,9,21,0,8,4,10,0,1
match-0d7a1cea-965,urzeitliche_kolosse,standard,1,0,1,6,0,12,7,15,3,7,3,7,0,0
match-79622f22-966,rudeljaeger,standard,0,0,0,7,-2,13,11,28,0,10,3,8,0,0
match-79622f22-966,urzeitliche_kolosse,standard,1,1,1,7,2,13,6,23,5,6,7,12,0,1
match-0014de65-967,rudeljaeger,standard,0,0,0,7,-3,11,10,24,1,9,5,8,0,0
match-0014de65-967,urzeitliche_kolosse,standard,1,1,1,7,2,13,7,25,3,7,6,13,0,0
match-6bfcf09d-968,rudeljaeger,standard,0,0,0,11,0,15,14,37,19,12,7,7,0,0
match-6bfcf09d-968,urzeitliche_kolosse,standard,1,1,1,11,3,15,13,48,10,12,11,10,0,2
match-f2af9fdf-969,rudeljaeger,standard,0,0,0,9,-2,14,11,38,1,11,6,8,0,0
match-f2af9fdf-969,urzeitliche_kolosse,standard,1,1,1,9,2,15,10,42,3,10,10,12,0,2
match-5e97b218-970,rudeljaeger,standard,0,0,0,8,-2,14,11,30,4,10,3,9,0,0
match-5e97b218-970,urzeitliche_kolosse,standard,1,1,1,8,1,14,7,32,4,7,6,12,0,0
match-e54a415a-971,rudeljaeger,standard,0,0,0,4,0,10,5,9,0,5,2,8,0,0
match-e54a415a-971,urzeitliche_kolosse,standard,1,1,1,4,2,10,4,10,0,4,4,10,0,0
match-51327393-972,rudeljaeger,standard,0,1,0,7,3,12,8,28,0,8,4,10,0,1
match-51327393-972,urzeitliche_kolosse,standard,1,0,1,7,0,11,7,27,1,7,5,7,0,1
match-d7e502d5-973,rudeljaeger,standard,0,1,0,6,3,10,8,19,2,7,3,11,0,0
match-d7e502d5-973,urzeitliche_kolosse,standard,1,0,1,6,-1,11,6,20,1,6,5,7,0,0
match-43cd350e-974,rudeljaeger,standard,0,0,0,10,-5,13,13,40,9,12,7,4,0,4
match-43cd350e-974,urzeitliche_kolosse,standard,1,1,1,10,6,15,11,48,4,10,10,15,0,0
match-ca7fc450-975,rudeljaeger,standard,0,0,0,10,-2,16,13,36,15,12,9,7,0,1
match-ca7fc450-975,urzeitliche_kolosse,standard,1,1,1,10,3,15,13,45,5,12,8,12,0,0
match-3667f689-976,rudeljaeger,standard,0,0,0,11,-1,15,15,42,14,15,10,4,0,0
match-3667f689-976,urzeitliche_kolosse,standard,1,1,1,11,6,18,14,53,9,13,11,11,0,0
match-bd1a85cb-977,rudeljaeger,standard,0,1,0,8,2,14,10,31,3,10,4,13,0,0
match-bd1a85cb-977,urzeitliche_kolosse,standard,1,0,1,8,-3,13,9,32,4,8,9,8,0,0
match-2902b804-978,rudeljaeger,standard,0,0,0,6,0,11,8,19,1,8,3,4,0,0
match-2902b804-978,urzeitliche_kolosse,standard,1,1,1,6,6,10,7,19,0,6,5,10,0,0
match-afb54746-979,rudeljaeger,standard,0,0,0,8,0,13,11,30,3,10,4,8,0,0
match-afb54746-979,urzeitliche_kolosse,standard,1,1,1,8,2,14,8,30,2,8,8,10,0,2
match-f1f161cf-980,rudeljaeger,standard,0,1,0,6,6,10,8,20,0,8,3,11,0,1
match-f1f161cf-980,urzeitliche_kolosse,standard,1,0,1,6,-1,11,6,21,0,6,4,4,0,0
match-78a41112-981,rudeljaeger,standard,0,1,0,5,2,9,5,14,1,5,0,11,0,0
match-78a41112-981,urzeitliche_kolosse,standard,1,0,1,5,-1,10,3,11,4,3,3,8,0,0
match-e48c234a-982,rudeljaeger,standard,0,0,0,6,0,10,7,20,1,6,3,9,0,0
match-e48c234a-982,urzeitliche_kolosse,standard,1,1,1,6,1,11,5,20,1,5,3,10,0,0
match-6b3ed28d-983,rudeljaeger,standard,0,1,0,6,6,10,6,20,0,6,5,10,0,0
match-6b3ed28d-983,urzeitliche_kolosse,standard,1,0,1,6,0,11,6,19,1,6,4,4,0,0
match-d726e4c5-984,rudeljaeger,standard,0,1,0,11,4,14,14,36,24,12,9,12,0,0
match-d726e4c5-984,urzeitliche_kolosse,standard,1,0,1,11,-2,16,14,55,5,13,9,6,0,0
match-5dd99408-985,rudeljaeger,standard,0,1,0,9,4,13,11,30,6,10,7,11,0,0
match-5dd99408-985,urzeitliche_kolosse,standard,1,0,1,9,-1,15,10,41,3,9,7,6,0,1
match-c9c1a640-986,rudeljaeger,standard,0,0,0,9,-1,14,12,37,2,10,7,2,0,1
match-c9c1a640-986,urzeitliche_kolosse,standard,1,1,1,9,8,16,12,36,5,11,8,11,0,0
match-50745583-987,rudeljaeger,standard,0,0,0,9,0,12,12,35,9,11,4,7,0,1
match-50745583-987,urzeitliche_kolosse,standard,1,1,1,9,3,14,9,41,3,9,8,10,0,3
match-bc5c67bb-988,rudeljaeger,standard,0,1,0,4,10,8,4,9,0,3,0,10,0,0
match-bc5c67bb-988,urzeitliche_kolosse,standard,1,0,1,4,0,10,2,7,3,2,1,0,0,0
match-430f16fe-989,rudeljaeger,standard,0,1,0,6,10,10,9,20,0,8,3,10,0,0
match-430f16fe-989,urzeitliche_kolosse,standard,1,0,1,6,0,13,5,16,3,5,5,0,0,0
match-aef72936-990,rudeljaeger,standard,0,1,0,5,6,8,5,14,1,5,3,10,0,0
match-aef72936-990,urzeitliche_kolosse,standard,1,0,1,5,0,9,5,15,0,5,3,4,0,0
match-35a9d879-991,rudeljaeger,standard,0,1,0,11,3,16,14,45,14,13,9,11,0,3
match-35a9d879-991,urzeitliche_kolosse,standard,1,0,1,11,-1,18,12,51,15,12,9,7,0,4
match-a191eab1-992,rudeljaeger,standard,0,1,0,7,4,11,9,23,3,8,5,10,0,0
match-a191eab1-992,urzeitliche_kolosse,standard,1,0,1,7,0,12,7,22,4,6,3,6,0,0
match-284499f4-993,rudeljaeger,standard,0,0,0,9,-3,13,12,34,7,10,6,6,0,0
match-284499f4-993,urzeitliche_kolosse,standard,1,1,1,9,4,14,9,42,2,9,7,13,0,2
match-942cac2c-994,rudeljaeger,standard,0,1,0,6,10,9,7,17,3,7,3,10,0,0
match-942cac2c-994,urzeitliche_kolosse,standard,1,0,1,6,0,11,5,19,2,5,3,0,0,0
match-1adf5b6f-995,rudeljaeger,standard,0,0,0,12,-1,18,16,46,28,15,12,7,0,0
match-1adf5b6f-995,urzeitliche_kolosse,standard,1,1,1,12,3,18,15,62,7,15,13,11,0,1
match-5d1b75f8-996,rudeljaeger,standard,0,1,0,4,10,8,5,10,0,5,2,10,0,0
match-5d1b75f8-996,urzeitliche_kolosse,standard,1,0,1,4,0,10,3,8,1,3,4,0,0,0
match-e3ce053a-997,rudeljaeger,standard,0,0,0,8,-2,11,11,24,6,10,3,8,0,0
match-e3ce053a-997,urzeitliche_kolosse,standard,1,1,1,8,2,14,6,32,4,6,8,12,0,0
match-4fb63773-998,rudeljaeger,standard,0,1,0,6,6,11,9,19,0,8,4,11,0,0
match-4fb63773-998,urzeitliche_kolosse,standard,1,0,1,6,-1,10,7,18,3,6,5,4,0,0
match-d668c6b5-999,rudeljaeger,standard,0,0,0,11,0,15,15,43,16,13,8,7,0,3
match-d668c6b5-999,urzeitliche_kolosse,standard,1,1,1,11,3,17,14,56,4,13,9,10,0,2
match-bd8c8832-1000,solidaritaet_ueberleben,standard,0,1,1,9,1,15,9,37,8,9,4,10,0,0
match-bd8c8832-1000,urzeitliche_kolosse,standard,1,0,0,9,0,15,10,34,2,9,4,9,0,3
match-36d9f8f0-1001,solidaritaet_ueberleben,standard,0,1,1,11,5,16,13,45,15,12,5,13,0,0
match-36d9f8f0-1001,urzeitliche_kolosse,standard,1,0,0,11,-3,16,11,53,12,10,8,5,0,0
match-b02749ad-1002,solidaritaet_ueberleben,standard,0,0,1,14,-4,20,17,60,37,17,12,8,0,0
match-b02749ad-1002,urzeitliche_kolosse,standard,1,1,0,14,2,20,17,67,29,16,12,14,0,1
match-2974ba6b-1003,solidaritaet_ueberleben,standard,0,1,1,6,3,10,6,19,2,6,5,10,0,0
match-2974ba6b-1003,urzeitliche_kolosse,standard,1,0,0,6,0,11,8,19,1,7,1,7,0,0
match-d857053c-1004,solidaritaet_ueberleben,standard,0,0,1,15,-3,19,18,64,45,17,12,5,0,0
match-d857053c-1004,urzeitliche_kolosse,standard,1,1,0,15,5,19,18,67,41,17,15,13,0,1
match-51a475fa-1005,solidaritaet_ueberleben,standard,0,1,1,15,1,21,19,65,41,19,12,9,0,0
match-51a475fa-1005,urzeitliche_kolosse,standard,1,0,0,15,0,21,18,72,36,17,20,8,0,5
match-caf1c6b7-1006,solidaritaet_ueberleben,standard,0,0,1,10,0,13,11,40,8,10,10,9,0,0
match-caf1c6b7-1006,urzeitliche_kolosse,standard,1,1,0,10,1,16,12,47,6,12,7,10,0,0
match-443f3775-1007,solidaritaet_ueberleben,standard,0,1,1,11,2,17,14,48,13,13,9,12,0,0
match-443f3775-1007,urzeitliche_kolosse,standard,1,0,0,11,-2,16,14,52,7,13,9,8,0,5
match-f3218246-1008,solidaritaet_ueberleben,standard,0,0,1,9,-2,14,9,34,6,8,6,6,0,0
match-f3218246-1008,urzeitliche_kolosse,standard,1,1,0,9,4,13,11,38,2,10,4,12,0,1
match-6c6ef304-1009,solidaritaet_ueberleben,standard,0,0,1,5,-1,11,5,11,4,5,1,4,0,0
match-6c6ef304-1009,urzeitliche_kolosse,standard,1,1,0,5,6,9,5,14,1,5,3,11,0,0
match-e5bc43c1-1010,solidaritaet_ueberleben,standard,0,1,1,14,5,20,16,60,37,15,12,10,0,0
match-e5bc43c1-1010,urzeitliche_kolosse,standard,1,0,0,14,0,20,17,62,32,16,10,5,0,4
match-5f09b47f-1011,solidaritaet_ueberleben,standard,0,0,1,11,0,16,15,53,9,14,10,6,0,0
match-5f09b47f-1011,urzeitliche_kolosse,standard,1,1,0,11,4,16,14,53,9,13,9,10,0,6
match-0dec1f51-1012,solidaritaet_ueberleben,standard,0,0,1,14,-1,19,18,58,37,17,12,8,0,0
match-0dec1f51-1012,urzeitliche_kolosse,standard,1,1,0,14,2,19,17,69,25,16,17,11,0,3
match-8739700e-1013,solidaritaet_ueberleben,standard,0,0,1,6,0,10,6,20,1,6,2,3,0,0
match-8739700e-1013,urzeitliche_kolosse,standard,1,1,0,6,7,10,7,21,0,7,4,10,0,1
match-0086c0cc-1014,solidaritaet_ueberleben,standard,0,0,1,9,-1,13,12,40,2,11,7,4,0,0
match-0086c0cc-1014,urzeitliche_kolosse,standard,1,1,0,9,6,15,9,36,5,9,9,11,0,1
match-79d43189-1015,solidaritaet_ueberleben,standard,0,1,1,8,1,11,11,32,0,10,3,14,0,0
match-79d43189-1015,urzeitliche_kolosse,standard,1,0,0,8,-4,12,9,34,1,8,6,9,0,2
match-5262940a-1016,solidaritaet_ueberleben,standard,0,0,1,7,0,11,7,21,6,7,2,6,0,0
match-5262940a-1016,urzeitliche_kolosse,standard,1,1,0,7,4,13,7,28,0,6,5,10,0,1
match-cbafe4c7-1017,solidaritaet_ueberleben,standard,0,0,1,15,0,21,17,58,47,16,12,8,0,0
match-cbafe4c7-1017,urzeitliche_kolosse,standard,1,1,0,15,1,21,16,65,40,15,16,9,0,0
match-44fd5585-1018,solidaritaet_ueberleben,standard,0,0,1,11,0,15,14,43,12,13,5,5,0,0
match-44fd5585-1018,urzeitliche_kolosse,standard,1,1,0,11,5,16,10,46,16,9,8,10,0,3
match-be4aa642-1019,solidaritaet_ueberleben,standard,0,0,1,10,-1,13,13,44,6,12,8,9,0,0
match-be4aa642-1019,urzeitliche_kolosse,standard,1,1,0,10,1,15,12,46,6,11,7,11,0,0
match-6d2d1114-1020,solidaritaet_ueberleben,standard,0,0,1,6,-2,12,6,19,1,5,1,4,0,0
match-6d2d1114-1020,urzeitliche_kolosse,standard,1,1,0,6,6,12,7,20,1,6,0,12,0,0
match-e67a61d1-1021,solidaritaet_ueberleben,standard,0,0,1,12,-2,17,16,53,16,15,10,4,0,0
match-e67a61d1-1021,urzeitliche_kolosse,standard,1,1,0,12,6,17,15,61,16,14,13,12,0,0
match-5fc7d28f-1022,solidaritaet_ueberleben,standard,0,1,1,12,4,15,14,51,19,14,12,11,0,0
match-5fc7d28f-1022,urzeitliche_kolosse,standard,1,0,0,12,-1,17,14,56,14,14,12,6,0,4
match-d915234c-1023,solidaritaet_ueberleben,standard,0,1,1,14,5,20,18,63,31,18,13,12,0,0
match-d915234c-1023,urzeitliche_kolosse,standard,1,0,0,14,-2,18,17,70,25,16,15,5,0,3
match-87f78e1e-1024,solidaritaet_ueberleben,standard,0,0,1,8,-1,12,8,30,5,8,5,8,0,0
match-87f78e1e-1024,urzeitliche_kolosse,standard,1,1,0,8,2,13,8,32,4,8,3,11,0,1
match-0144fedc-1025,solidaritaet_ueberleben,standard,0,1,1,6,10,12,6,21,0,6,2,13,0,0
match-0144fedc-1025,urzeitliche_kolosse,standard,1,0,0,6,-3,12,5,15,6,5,2,0,0,0
match-7a924f99-1026,solidaritaet_ueberleben,standard,0,0,1,9,-1,15,10,32,4,9,6,6,0,0
match-7a924f99-1026,urzeitliche_kolosse,standard,1,1,0,9,4,14,8,34,2,8,5,11,0,3
match-f3dfa056-1027,solidaritaet_ueberleben,standard,0,0,1,9,-1,14,8,23,13,7,7,2,0,0
match-f3dfa056-1027,urzeitliche_kolosse,standard,1,1,0,9,8,14,10,31,5,9,3,11,0,0
match-a2c20b28-1028,solidaritaet_ueberleben,standard,0,0,1,9,-1,14,9,35,4,9,7,8,0,0
match-a2c20b28-1028,urzeitliche_kolosse,standard,1,1,0,9,2,15,10,37,2,10,4,11,0,2
match-1c0f7be6-1029,solidaritaet_ueberleben,standard,0,0,1,9,0,12,10,27,9,10,6,8,0,0
match-1c0f7be6-1029,urzeitliche_kolosse,standard,1,1,0,9,2,14,8,38,5,8,7,10,0,0
match-955ccca3-1030,solidaritaet_ueberleben,standard,0,0,1,11,-2,16,14,52,10,13,7,2,0,0
match-955ccca3-1030,urzeitliche_kolosse,standard,1,1,0,11,8,14,13,47,8,12,10,12,0,4
match-0eaa3d61-1031,solidaritaet_ueberleben,standard,0,1,1,9,4,13,10,37,6,10,5,10,0,0
match-0eaa3d61-1031,urzeitliche_kolosse,standard,1,0,0,9,0,14,10,39,2,10,5,6,0,1
match-93e09083-1032,solidaritaet_ueberleben,standard,0,1,1,11,4,18,12,46,13,12,9,15,0,0
match-93e09083-1032,urzeitliche_kolosse,standard,1,0,0,11,-5,17,14,56,4,13,8,6,0,0
match-0d2de141-1033,solidaritaet_ueberleben,standard,0,0,1,10,-4,13,9,30,15,8,10,7,0,0
match-0d2de141-1033,urzeitliche_kolosse,standard,1,1,0,10,3,14,13,51,3,12,5,14,0,0
match-867b51fe-1034,solidaritaet_ueberleben,standard,0,0,1,7,-2,10,7,26,2,6,4,6,0,0
match-867b51fe-1034,urzeitliche_kolosse,standard,1,1,0,7,4,12,8,27,1,8,2,12,0,1
match-ffc8a2bb-1035,solidaritaet_ueberleben,standard,0,0,1,10,-3,14,11,37,14,10,8,0,0,0
match-ffc8a2bb-1035,urzeitliche_kolosse,standard,1,1,0,10,10,16,13,48,6,12,5,13,0,1
match-aeab0d8d-1036,solidaritaet_ueberleben,standard,0,0,1,9,0,13,8,28,8,8,6,6,0,0
match-aeab0d8d-1036,urzeitliche_kolosse,standard,1,1,0,9,4,14,9,34,2,9,4,10,0,2
match-27f87e4b-1037,solidaritaet_ueberleben,standard,0,1,1,8,3,13,9,28,3,9,3,15,0,0
match-27f87e4b-1037,urzeitliche_kolosse,standard,1,0,0,8,-5,13,7,29,7,7,4,7,0,4
match-a145cf08-1038,solidaritaet_ueberleben,standard,0,0,1,15,-3,20,16,59,50,15,15,3,0,0
match-a145cf08-1038,urzeitliche_kolosse,standard,1,1,0,15,7,20,18,67,46,17,12,13,0,2
match-1a933fc6-1039,solidaritaet_ueberleben,standard,0,0,1,9,0,14,8,26,10,7,6,3,0,0
match-1a933fc6-1039,urzeitliche_kolosse,standard,1,1,0,9,7,15,9,39,4,9,4,10,0,0
match-c9758a97-1040,solidaritaet_ueberleben,standard,0,0,1,9,0,15,9,30,11,8,5,9,0,0
match-c9758a97-1040,urzeitliche_kolosse,standard,1,1,0,9,1,14,10,34,6,9,3,10,0,2
match-42c2fb55-1041,solidaritaet_ueberleben,standard,0,1,1,8,5,13,8,31,3,8,5,10,0,0
match-42c2fb55-1041,urzeitliche_kolosse,standard,1,0,0,8,0,14,8,32,4,8,5,5,0,0
match-bc104c12-1042,solidaritaet_ueberleben,standard,0,0,1,9,0,15,11,42,1,10,6,4,0,0
match-bc104c12-1042,urzeitliche_kolosse,standard,1,1,0,9,6,14,9,39,5,9,6,10,0,3
match-355dbcd0-1043,solidaritaet_ueberleben,standard,0,0,1,9,-1,15,12,42,3,12,6,6,0,0
match-355dbcd0-1043,urzeitliche_kolosse,standard,1,1,0,9,4,15,10,42,2,10,10,11,0,4
match-e44007a1-1044,solidaritaet_ueberleben,standard,0,0,1,7,0,12,7,24,2,7,1,2,0,0
match-e44007a1-1044,urzeitliche_kolosse,standard,1,1,0,7,8,13,6,19,4,5,5,10,0,1
match-5d8d785f-1045,solidaritaet_ueberleben,standard,0,1,1,10,2,13,11,40,8,10,6,11,0,0
match-5d8d785f-1045,urzeitliche_kolosse,standard,1,0,0,10,-1,14,11,38,7,11,7,8,0,0
match-d6dac91c-1046,solidaritaet_ueberleben,standard,0,1,1,9,2,14,12,43,2,12,6,12,0,0
match-d6dac91c-1046,urzeitliche_kolosse,standard,1,0,0,9,-2,16,9,36,7,9,7,8,0,0
match-502839da-1047,solidaritaet_ueberleben,standard,0,0,1,9,0,15,10,39,5,9,7,5,0,0
match-502839da-1047,urzeitliche_kolosse,standard,1,1,0,9,5,15,11,38,5,10,5,10,0,0
match-28b69c5b-1048,solidaritaet_ueberleben,standard,0,1,1,11,3,18,12,42,13,11,8,10,0,0
match-28b69c5b-1048,urzeitliche_kolosse,standard,1,0,0,11,0,16,11,46,17,11,8,7,0,2
match-a203ed18-1049,solidaritaet_ueberleben,standard,0,1,1,8,3,14,8,33,1,8,7,12,0,0
match-a203ed18-1049,urzeitliche_kolosse,standard,1,0,0,8,-2,12,11,35,0,11,4,7,0,1
match-1b515dd6-1050,solidaritaet_ueberleben,standard,0,0,1,9,0,14,8,36,6,8,3,8,0,0
match-1b515dd6-1050,urzeitliche_kolosse,standard,1,1,0,9,2,13,9,33,5,8,3,10,0,0
match-949eae93-1051,solidaritaet_ueberleben,standard,0,0,1,11,0,16,14,47,8,14,7,5,0,0
match-949eae93-1051,urzeitliche_kolosse,standard,1,1,0,11,5,17,11,43,12,11,11,10,0,2
match-43811965-1052,solidaritaet_ueberleben,standard,0,0,1,10,-1,15,12,43,10,11,6,3,0,0
match-43811965-1052,urzeitliche_kolosse,standard,1,1,0,10,7,14,11,47,1,10,7,11,0,2
match-bcce6a22-1053,solidaritaet_ueberleben,standard,0,1,1,9,5,13,12,38,7,11,7,14,0,0
match-bcce6a22-1053,urzeitliche_kolosse,standard,1,0,0,9,-4,13,11,39,6,10,9,5,0,2
match-361bdae0-1054,solidaritaet_ueberleben,standard,0,0,1,11,-2,17,15,48,13,14,6,4,0,0
match-361bdae0-1054,urzeitliche_kolosse,standard,1,1,0,11,6,17,11,39,16,11,12,12,0,0
match-af692b9d-1055,solidaritaet_ueberleben,standard,0,0,1,9,-1,14,12,39,2,11,5,3,0,0
match-af692b9d-1055,urzeitliche_kolosse,standard,1,1,0,9,7,14,10,35,5,10,7,11,0,4
match-5e4b966f-1056,solidaritaet_ueberleben,standard,0,0,1,11,-1,17,15,46,14,14,11,6,0,0
match-5e4b966f-1056,urzeitliche_kolosse,standard,1,1,0,11,4,17,14,54,11,13,12,11,0,0
match-d798e72c-1057,solidaritaet_ueberleben,standard,0,0,1,9,-4,13,11,39,2,11,6,5,0,0
match-d798e72c-1057,urzeitliche_kolosse,standard,1,1,0,9,5,15,10,40,4,10,7,14,0,0
match-50e657ea-1058,solidaritaet_ueberleben,standard,0,0,1,12,-2,15,15,46,24,14,10,5,0,0
match-50e657ea-1058,urzeitliche_kolosse,standard,1,1,0,12,5,18,15,54,15,14,13,12,0,3
match-ca33a8a7-1059,solidaritaet_ueberleben,standard,0,0,1,12,-4,17,16,49,21,16,8,9,0,0
match-ca33a8a7-1059,urzeitliche_kolosse,standard,1,1,0,12,1,18,12,51,15,11,16,14,0,4
match-79161379-1060,solidaritaet_ueberleben,standard,0,0,1,9,0,14,8,31,5,7,7,6,0,0
match-79161379-1060,urzeitliche_kolosse,standard,1,1,0,9,4,13,10,42,2,10,4,10,0,1
match-f2636436-1061,solidaritaet_ueberleben,standard,0,1,1,7,2,12,6,26,1,6,4,10,0,0
match-f2636436-1061,urzeitliche_kolosse,standard,1,0,0,7,0,11,8,26,2,8,2,8,0,1
match-6bb0d4f4-1062,solidaritaet_ueberleben,standard,0,0,1,5,-1,9,6,14,0,6,3,4,0,0
match-6bb0d4f4-1062,urzeitliche_kolosse,standard,1,1,0,5,6,10,6,14,0,5,3,11,0,0
match-e4fe25b1-1063,solidaritaet_ueberleben,standard,0,0,1,5,0,10,5,14,1,5,2,0,0,0
match-e4fe25b1-1063,urzeitliche_kolosse,standard,1,1,0,5,10,10,5,15,0,5,2,10,0,0
match-10e49791-1064,solidaritaet_ueberleben,standard,0,0,1,7,-3,11,8,28,0,8,5,5,0,0
match-10e49791-1064,urzeitliche_kolosse,standard,1,1,0,7,5,12,8,23,3,7,4,13,0,0
match-8a31e84e-1065,solidaritaet_ueberleben,standard,0,0,1,9,-1,14,9,39,5,8,7,9,0,0
match-8a31e84e-1065,urzeitliche_kolosse,standard,1,1,0,9,1,14,10,38,3,9,3,11,0,0
match-037f590c-1066,solidaritaet_ueberleben,standard,0,1,1,8,3,13,8,27,5,8,6,10,0,0
match-037f590c-1066,urzeitliche_kolosse,standard,1,0,0,8,0,12,10,32,3,10,4,7,0,0
match-7ccca9c9-1067,solidaritaet_ueberleben,standard,0,0,1,8,-3,12,8,29,2,7,6,5,0,0
match-7ccca9c9-1067,urzeitliche_kolosse,standard,1,1,0,8,5,13,10,35,0,9,2,13,0,0
match-2baf149b-1068,solidaritaet_ueberleben,standard,0,0,1,13,-1,20,16,56,22,16,12,1,0,0
match-2baf149b-1068,urzeitliche_kolosse,standard,1,1,0,13,9,17,15,61,17,15,13,11,0,2
match-a4fc6558-1069,solidaritaet_ueberleben,standard,0,1,1,9,1,15,9,38,3,8,4,13,0,0
match-a4fc6558-1069,urzeitliche_kolosse,standard,1,0,0,9,-3,15,9,37,4,8,5,9,0,0
match-1e49d616-1070,solidaritaet_ueberleben,standard,0,0,1,9,-2,14,9,32,7,8,4,9,0,0
match-1e49d616-1070,urzeitliche_kolosse,standard,1,1,0,9,1,14,8,39,4,8,4,12,0,0
match-979726d3-1071,solidaritaet_ueberleben,standard,0,,1,17,0,22,17,64,77,16,15,6,0,0
match-979726d3-1071,urzeitliche_kolosse,standard,1,,0,17,-2,22,20,78,63,19,14,4,0,6
match-467991a5-1072,solidaritaet_ueberleben,standard,0,0,1,9,0,15,10,34,5,10,7,8,0,0
match-467991a5-1072,urzeitliche_kolosse,standard,1,1,0,9,2,14,11,38,5,10,5,10,0,3
match-bfc6e262-1073,solidaritaet_ueberleben,standard,0,1,1,8,2,14,8,30,2,8,5,12,0,0
match-bfc6e262-1073,urzeitliche_kolosse,standard,1,0,0,8,-2,13,7,30,6,7,3,8,0,0
match-39145320-1074,solidaritaet_ueberleben,standard,0,1,1,10,5,14,12,43,10,11,5,14,0,0
match-39145320-1074,urzeitliche_kolosse,standard,1,0,0,10,-4,16,10,45,10,10,8,5,0,1
match-b261a3dd-1075,solidaritaet_ueberleben,standard,0,1,1,13,2,17,16,59,23,15,11,13,0,0
match-b261a3dd-1075,urzeitliche_kolosse,standard,1,0,0,13,-3,18,16,61,24,15,15,8,0,3
match-61440eaf-1076,solidaritaet_ueberleben,standard,0,0,1,5,0,10,6,15,0,6,1,0,0,0
match-61440eaf-1076,urzeitliche_kolosse,standard,1,1,0,5,10,11,5,15,0,5,3,10,0,0
match-da917f6c-1077,solidaritaet_ueberleben,standard,0,1,1,7,2,11,6,26,1,6,4,11,0,0
match-da917f6c-1077,urzeitliche_kolosse,standard,1,0,0,7,-1,13,7,25,3,7,2,8,0,0
match-53ded02a-1078,solidaritaet_ueberleben,standard,0,0,1,16,-2,21,18,62,58,17,14,7,0,0
match-53ded02a-1078,urzeitliche_kolosse,standard,1,1,0,16,2,22,18,76,52,17,15,11,0,1
match-cd2c20e7-1079,solidaritaet_ueberleben,standard,0,0,1,6,0,9,6,19,2,6,3,0,0,0
match-cd2c20e7-1079,urzeitliche_kolosse,standard,1,1,0,6,10,11,7,19,0,7,5,10,0,0
match-a5ba8368-1080,solidaritaet_ueberleben,standard,0,0,1,8,0,13,8,33,3,8,3,3,0,0
match-a5ba8368-1080,urzeitliche_kolosse,standard,1,1,0,8,7,14,8,32,3,8,5,10,0,3
match-1f07f426-1081,solidaritaet_ueberleben,standard,0,0,1,10,-3,15,12,36,9,11,7,6,0,0
match-1f07f426-1081,urzeitliche_kolosse,standard,1,1,0,10,4,15,11,44,8,10,6,13,0,1
match-985544e3-1082,solidaritaet_ueberleben,standard,0,0,1,12,-1,17,16,56,18,15,9,4,0,0
match-985544e3-1082,urzeitliche_kolosse,standard,1,1,0,12,6,17,15,54,15,14,13,11,0,2
match-11a2b5a1-1083,solidaritaet_ueberleben,standard,0,1,1,8,4,12,9,31,3,8,5,10,0,0
match-11a2b5a1-1083,urzeitliche_kolosse,standard,1,0,0,8,0,13,9,33,2,9,4,6,0,0
match-c0850072-1084,solidaritaet_ueberleben,standard,0,1,1,8,5,12,9,33,3,9,7,11,0,0
match-c0850072-1084,urzeitliche_kolosse,standard,1,0,0,8,-1,13,11,33,2,10,5,5,0,0
match-39d27130-1085,solidaritaet_ueberleben,standard,0,0,1,10,0,14,12,35,10,11,7,6,0,0
match-39d27130-1085,urzeitliche_kolosse,standard,1,1,0,10,4,16,10,39,12,10,7,10,0,0
match-b31fc1ed-1086,solidaritaet_ueberleben,standard,0,1,1,8,3,13,9,32,2,9,5,14,0,0
match-b31fc1ed-1086,urzeitliche_kolosse,standard,1,0,0,8,-4,13,10,29,4,9,4,7,0,0
match-2c6d32ab-1087,solidaritaet_ueberleben,standard,0,1,1,9,3,13,10,41,2,9,4,13,0,0
match-2c6d32ab-1087,urzeitliche_kolosse,standard,1,0,0,9,-3,15,8,28,11,8,6,7,0,0
match-db4f9d7c-1088,solidaritaet_ueberleben,standard,0,0,1,11,-1,17,12,39,16,11,9,9,0,0
match-db4f9d7c-1088,urzeitliche_kolosse,standard,1,1,0,11,1,16,14,51,8,13,12,11,0,1
match-549cee3a-1089,solidaritaet_ueberleben,standard,0,0,1,10,-1,16,13,42,10,12,4,5,0,0
match-549cee3a-1089,urzeitliche_kolosse,standard,1,1,0,10,5,16,10,47,5,9,8,11,0,0
match-cdea5ef7-1090,solidaritaet_ueberleben,standard,0,0,1,7,0,12,6,25,3,6,3,9,0,0
match-cdea5ef7-1090,urzeitliche_kolosse,standard,1,1,0,7,1,13,7,25,3,6,2,10,0,2
match-4737afb5-1091,solidaritaet_ueberleben,standard,0,0,1,8,-3,12,8,26,2,7,6,3,0,0
match-4737afb5-1091,urzeitliche_kolosse,standard,1,1,0,8,7,12,8,29,2,8,3,13,0,1
match-f61a1a86-1092,solidaritaet_ueberleben,standard,0,1,1,7,3,13,9,26,1,9,1,10,0,0
match-f61a1a86-1092,urzeitliche_kolosse,standard,1,0,0,7,0,12,7,24,3,6,5,7,0,1
match-6f676b44-1093,solidaritaet_ueberleben,standard,0,1,1,12,1,15,15,52,22,14,6,14,0,0
match-6f676b44-1093,urzeitliche_kolosse,standard,1,0,0,12,-4,16,12,49,17,11,11,9,0,1
match-e8b4dc01-1094,solidaritaet_ueberleben,standard,0,1,1,11,2,16,14,49,13,14,6,14,0,0
match-e8b4dc01-1094,urzeitliche_kolosse,standard,1,0,0,11,-4,15,10,48,18,10,10,8,0,0
match-62022cbf-1095,solidaritaet_ueberleben,standard,0,1,1,12,5,16,15,56,12,14,13,10,0,0
match-62022cbf-1095,urzeitliche_kolosse,standard,1,0,0,12,0,16,15,55,14,14,11,5,0,0
match-e7389fe1-1096,solidaritaet_ueberleben,standard,0,1,1,8,6,12,8,27,1,8,3,14,0,0
match-e7389fe1-1096,urzeitliche_kolosse,standard,1,0,0,8,-4,14,8,31,4,7,3,4,0,0
match-6085f09f-1097,solidaritaet_ueberleben,standard,0,1,1,8,3,14,7,32,2,7,6,10,0,0
match-6085f09f-1097,urzeitliche_kolosse,standard,1,0,0,8,0,14,9,34,2,9,5,7,0,0
match-d9d3415c-1098,solidaritaet_ueberleben,standard,0,0,1,8,-2,11,11,32,2,10,1,2,0,0
match-d9d3415c-1098,urzeitliche_kolosse,standard,1,1,0,8,8,14,6,17,11,5,7,12,0,0
match-5320b21a-1099,solidaritaet_ueberleben,standard,0,0,1,6,-1,11,6,21,0,6,2,6,0,0
match-5320b21a-1099,urzeitliche_kolosse,standard,1,1,0,6,4,11,5,17,3,5,3,11,0,1
match-216ca7c2-1100,solidaritaet_ueberleben,standard,0,0,0,13,0,19,17,58,23,16,11,8,0,0
match-216ca7c2-1100,urzeitliche_kolosse,standard,1,1,1,13,2,20,17,62,25,16,14,10,0,1
match-a81f5704-1101,solidaritaet_ueberleben,standard,0,1,0,9,1,14,12,39,6,11,6,15,0,0
match-a81f5704-1101,urzeitliche_kolosse,standard,1,0,1,9,-5,13,11,40,4,10,8,9,0,1
match-2ed1e647-1102,solidaritaet_ueberleben,standard,0,0,0,8,-1,13,8,27,7,8,5,2,0,0
match-2ed1e647-1102,urzeitliche_kolosse,standard,1,1,1,8,8,12,9,35,0,9,8,11,0,0
match-b5849589-1103,solidaritaet_ueberleben,standard,0,0,0,6,0,11,5,18,3,5,1,1,0,0
match-b5849589-1103,urzeitliche_kolosse,standard,1,1,1,6,9,10,5,16,2,5,1,10,0,0
match-3c3724cc-1104,solidaritaet_ueberleben,standard,0,0,0,9,-3,12,9,33,7,8,5,8,0,0
match-3c3724cc-1104,urzeitliche_kolosse,standard,1,1,1,9,2,15,10,41,4,10,6,13,0,0
match-c2e9d40e-1105,solidaritaet_ueberleben,standard,0,0,0,14,0,20,18,65,34,17,12,3,0,0
match-c2e9d40e-1105,urzeitliche_kolosse,standard,1,1,1,14,7,19,17,69,24,16,14,10,0,2
match-499c6351-1106,solidaritaet_ueberleben,standard,0,1,0,8,2,14,8,31,1,8,3,10,0,0
match-499c6351-1106,urzeitliche_kolosse,standard,1,0,1,8,0,13,8,28,8,7,3,8,0,0
match-d04f1293-1107,solidaritaet_ueberleben,standard,0,0,0,15,-2,21,18,59,49,17,16,9,0,0
match-d04f1293-1107,urzeitliche_kolosse,standard,1,1,1,15,1,19,18,69,41,18,18,12,0,2
match-5701a1d6-1108,solidaritaet_ueberleben,standard,0,0,0,12,0,18,15,49,22,15,11,5,0,0
match-5701a1d6-1108,urzeitliche_kolosse,standard,1,1,1,12,5,18,14,53,14,14,12,10,0,0
match-ddb45118-1109,solidaritaet_ueberleben,standard,0,1,0,9,7,16,10,34,2,10,2,10,0,0
match-ddb45118-1109,urzeitliche_kolosse,standard,1,0,1,9,0,15,8,30,6,7,7,3,0,0
match-6466e05b-1110,solidaritaet_ueberleben,standard,0,1,0,9,5,14,10,32,4,10,9,10,0,0
match-6466e05b-1110,urzeitliche_kolosse,standard,1,0,1,9,0,13,12,43,2,12,6,5,0,1
match-eb198f9d-1111,solidaritaet_ueberleben,standard,0,0,0,11,0,16,14,48,8,13,6,3,0,0
match-eb198f9d-1111,urzeitliche_kolosse,standard,1,1,1,11,7,16,11,45,17,11,8,10,0,1
match-71cc3ee0-1112,solidaritaet_ueberleben,standard,0,0,0,10,0,15,10,30,19,9,3,8,0,0
match-71cc3ee0-1112,urzeitliche_kolosse,standard,1,1,1,10,2,15,8,31,14,7,6,10,0,0
match-f87ece22-1113,solidaritaet_ueberleben,standard,0,0,0,15,-1,21,16,55,53,15,14,8,0,0
match-f87ece22-1113,urzeitliche_kolosse,standard,1,1,1,15,2,20,18,71,38,17,12,11,0,1
match-7f317d65-1114,solidaritaet_ueberleben,standard,0,0,0,10,-2,14,9,28,17,9,6,9,0,0
match-7f317d65-1114,urzeitliche_kolosse,standard,1,1,1,10,1,16,10,35,10,10,4,12,0,0
match-05e40ca8-1115,solidaritaet_ueberleben,standard,0,0,0,9,0,14,9,33,6,9,5,8,0,0
match-05e40ca8-1115,urzeitliche_kolosse,standard,1,1,1,9,2,14,10,37,7,9,4,10,0,0
match-b642b399-1116,solidaritaet_ueberleben,standard,0,0,0,12,-2,17,15,53,19,14,13,3,0,0
match-b642b399-1116,urzeitliche_kolosse,standard,1,1,1,12,7,18,15,55,18,15,11,12,0,0
match-3cf542dc-1117,solidaritaet_ueberleben,standard,0,0,0,11,0,15,11,45,18,10,5,8,0,0
match-3cf542dc-1117,urzeitliche_kolosse,standard,1,1,1,11,2,16,11,43,12,10,6,10,0,2
match-c3a7f21e-1118,solidaritaet_ueberleben,standard,0,0,0,13,0,20,16,54,32,16,9,8,0,0
match-c3a7f21e-1118,urzeitliche_kolosse,standard,1,1,1,13,2,19,15,51,32,14,14,10,0,0
match-4a5a8161-1119,solidaritaet_ueberleben,standard,0,1,0,7,2,12,8,26,1,8,0,12,0,0
match-4a5a8161-1119,urzeitliche_kolosse,standard,1,0,1,7,-2,13,5,22,6,5,4,8,0,1
match-d10d30a3-1120,solidaritaet_ueberleben,standard,0,0,0,11,-1,18,13,42,24,13,10,6,0,0
match-d10d30a3-1120,urzeitliche_kolosse,standard,1,1,1,11,4,15,14,48,8,13,11,11,0,2
match-57bfdfe6-1121,solidaritaet_ueberleben,standard,0,0,0,14,-2,19,16,59,33,15,15,9,0,0
match-57bfdfe6-1121,urzeitliche_kolosse,standard,1,1,1,14,1,20,17,68,26,17,11,12,0,1
match-de726f28-1122,solidaritaet_ueberleben,standard,0,0,0,8,-2,13,8,28,5,8,2,9,0,0
match-de726f28-1122,urzeitliche_kolosse,standard,1,1,1,8,1,12,6,29,5,6,6,12,0,3
match-65251e6b-1123,solidaritaet_ueberleben,standard,0,1,0,9,3,14,12,35,4,11,7,11,0,0
match-65251e6b-1123,urzeitliche_kolosse,standard,1,0,1,9,-1,14,11,40,4,10,8,7,0,0
match-ebd7adad-1124,solidaritaet_ueberleben,standard,0,1,0,8,6,14,8,32,2,7,4,10,0,0
match-ebd7adad-1124,urzeitliche_kolosse,standard,1,0,1,8,0,13,9,35,1,8,4,4,0,0
match-728a5cf0-1125,solidaritaet_ueberleben,standard,0,0,0,13,-1,17,15,55,23,14,12,3,0,0
match-728a5cf0-1125,urzeitliche_kolosse,standard,1,1,1,13,7,19,15,65,17,14,12,11,0,4
match-f93cec32-1126,solidaritaet_ueberleben,standard,0,0,0,14,0,19,18,66,35,17,15,9,0,0
match-f93cec32-1126,urzeitliche_kolosse,standard,1,1,1,14,1,20,17,68,25,16,14,10,0,3
match-7fef9b75-1127,solidaritaet_ueberleben,standard,0,1,0,14,1,19,14,47,49,14,10,12,0,0
match-7fef9b75-1127,urzeitliche_kolosse,standard,1,0,1,14,-2,19,16,61,30,15,12,9,0,8
match-06a22ab8-1128,solidaritaet_ueberleben,standard,0,0,0,10,0,15,11,39,6,10,6,2,0,0
match-06a22ab8-1128,urzeitliche_kolosse,standard,1,1,1,10,8,15,10,42,3,10,6,10,0,0
match-8d54d9fa-1129,solidaritaet_ueberleben,standard,0,1,0,12,3,18,13,47,22,12,7,10,0,0
match-8d54d9fa-1129,urzeitliche_kolosse,standard,1,0,1,12,0,18,13,45,21,12,10,7,0,2
match-1407693d-1130,solidaritaet_ueberleben,standard,0,0,0,9,-3,16,10,33,12,9,6,5,0,0
match-1407693d-1130,urzeitliche_kolosse,standard,1,1,1,9,5,12,12,42,3,11,4,13,0,1
match-9aba187f-1131,solidaritaet_ueberleben,standard,0,0,0,11,-2,16,13,40,15,12,7,5,0,0
match-9aba187f-1131,urzeitliche_kolosse,standard,1,1,1,11,5,16,11,41,14,10,11,12,0,1
match-f7c0b012-1132,solidaritaet_ueberleben,standard,0,0,0,9,-3,15,9,35,4,9,7,6,0,0
match-f7c0b012-1132,urzeitliche_kolosse,standard,1,1,1,9,4,15,11,44,1,10,4,13,0,0
match-7e735f55-1133,solidaritaet_ueberleben,standard,0,0,0,10,-2,16,13,47,4,13,7,3,0,0
match-7e735f55-1133,urzeitliche_kolosse,standard,1,1,1,10,7,14,12,49,3,11,9,12,0,0
match-0525ee98-1134,solidaritaet_ueberleben,standard,0,0,0,15,0,21,19,63,45,18,12,8,0,0
match-0525ee98-1134,urzeitliche_kolosse,standard,1,1,1,15,2,21,17,72,39,17,16,10,0,2
match-8bd89dda-1135,solidaritaet_ueberleben,standard,0,0,0,11,-1,19,15,51,10,15,8,5,0,0
match-8bd89dda-1135,urzeitliche_kolosse,standard,1,1,1,11,5,15,12,44,14,11,14,11,0,4
match-128b2d1d-1136,solidaritaet_ueberleben,standard,0,0,0,15,-3,20,15,56,49,14,14,5,0,0
match-128b2d1d-1136,urzeitliche_kolosse,standard,1,1,1,15,5,18,18,68,44,18,11,13,0,3
match-993ddc5f-1137,solidaritaet_ueberleben,standard,0,0,0,11,0,15,13,50,11,13,10,2,0,0
match-993ddc5f-1137,urzeitliche_kolosse,standard,1,1,1,11,8,16,14,52,10,14,10,10,0,2
match-1ff06ba2-1138,solidaritaet_ueberleben,standard,0,0,0,11,-2,15,14,43,14,13,7,4,0,0
match-1ff06ba2-1138,urzeitliche_kolosse,standard,1,1,1,11,6,16,12,53,6,12,12,12,0,9
match-a6a31ae4-1139,solidaritaet_ueberleben,standard,0,1,0,9,8,13,11,37,3,10,6,15,0,0
match-a6a31ae4-1139,urzeitliche_kolosse,standard,1,0,1,9,-5,14,11,40,4,10,8,2,0,1
match-2d55aa27-1140,solidaritaet_ueberleben,standard,0,0,0,6,-1,10,7,20,1,7,3,5,0,0
match-2d55aa27-1140,urzeitliche_kolosse,standard,1,1,1,6,5,12,5,16,2,5,4,11,0,0
match-b4085969-1141,solidaritaet_ueberleben,standard,0,1,0,14,3,19,16,55,36,15,13,10,0,0
match-b4085969-1141,urzeitliche_kolosse,standard,1,0,1,14,0,19,17,62,37,16,11,7,0,1
match-3abae8ac-1142,solidaritaet_ueberleben,standard,0,0,0,11,-2,16,15,44,16,14,6,2,0,0
match-3abae8ac-1142,urzeitliche_kolosse,standard,1,1,1,11,8,16,11,53,7,11,10,12,0,0
match-c16d97ee-1143,solidaritaet_ueberleben,standard,0,0,0,6,0,11,5,19,2,5,1,5,0,0
match-c16d97ee-1143,urzeitliche_kolosse,standard,1,1,1,6,5,11,4,17,3,4,3,10,0,0
match-48202731-1144,solidaritaet_ueberleben,standard,0,0,0,13,-1,19,17,56,26,16,11,3,0,0
match-48202731-1144,urzeitliche_kolosse,standard,1,1,1,13,7,19,16,60,22,15,14,11,0,3
match-ced2d673-1145,solidaritaet_ueberleben,standard,0,0,0,8,-2,12,9,33,2,8,5,0,0,0
match-ced2d673-1145,urzeitliche_kolosse,standard,1,1,1,8,10,12,10,33,1,10,6,12,0,0
match-558565b6-1146,solidaritaet_ueberleben,standard,0,0,0,12,-2,17,15,54,15,14,12,9,0,0
match-558565b6-1146,urzeitliche_kolosse,standard,1,1,1,12,1,17,15,52,20,14,12,12,0,3
match-dc3814f8-1147,solidaritaet_ueberleben,standard,0,0,0,6,-2,10,5,20,1,5,0,0,0,0
match-dc3814f8-1147,urzeitliche_kolosse,standard,1,1,1,6,10,11,6,17,1,5,3,12,0,0
match-8c96bbea-1148,solidaritaet_ueberleben,standard,0,0,0,13,0,18,16,57,26,15,11,6,0,0
match-8c96bbea-1148,urzeitliche_kolosse,standard,1,1,1,13,4,18,16,63,19,15,11,10,0,4
match-13494b2d-1149,solidaritaet_ueberleben,standard,0,1,0,8,4,12,9,33,3,9,5,16,0,0
match-13494b2d-1149,urzeitliche_kolosse,standard,1,0,1,8,-6,12,9,33,3,9,4,6,0,1
match-99fbfa6f-1150,solidaritaet_ueberleben,standard,0,0,0,6,0,12,5,18,3,5,2,2,0,0
match-99fbfa6f-1150,urzeitliche_kolosse,standard,1,1,1,6,8,11,5,19,2,5,3,10,0,1
match-20ae89b2-1151,solidaritaet_ueberleben,standard,0,0,0,8,-1,13,10,30,1,9,6,4,0,0
match-20ae89b2-1151,urzeitliche_kolosse,standard,1,1,1,8,6,13,9,31,0,8,6,11,0,0
match-a76138f4-1152,solidaritaet_ueberleben,standard,0,0,0,7,0,12,8,25,2,8,1,3,0,0
match-a76138f4-1152,urzeitliche_kolosse,standard,1,1,1,7,7,13,5,21,7,5,5,10,0,0
match-2e13c837-1153,solidaritaet_ueberleben,standard,0,1,0,8,5,12,9,33,2,8,7,15,0,0
match-2e13c837-1153,urzeitliche_kolosse,standard,1,0,1,8,-5,13,9,31,5,9,5,5,0,0
match-b4c67779-1154,solidaritaet_ueberleben,standard,0,0,0,11,0,14,14,43,22,13,8,9,0,0
match-b4c67779-1154,urzeitliche_kolosse,standard,1,1,1,11,1,16,13,57,8,13,9,10,0,2
match-3b7906bc-1155,solidaritaet_ueberleben,standard,0,1,0,8,5,14,9,34,2,8,6,11,0,0
match-3b7906bc-1155,urzeitliche_kolosse,standard,1,0,1,8,-1,12,11,32,1,10,4,5,0,0
match-c22bb5fe-1156,solidaritaet_ueberleben,standard,0,1,0,7,2,11,8,26,1,8,2,10,0,0
match-c22bb5fe-1156,urzeitliche_kolosse,standard,1,0,1,7,0,11,7,26,2,7,3,8,0,1
match-48de4541-1157,solidaritaet_ueberleben,standard,0,1,0,9,4,13,11,40,4,11,6,14,0,0
match-48de4541-1157,urzeitliche_kolosse,standard,1,0,1,9,-4,15,11,40,3,10,6,6,0,2
match-cf90f483-1158,solidaritaet_ueberleben,standard,0,1,0,9,2,13,10,35,5,9,1,11,0,0
match-cf90f483-1158,urzeitliche_kolosse,standard,1,0,1,9,-1,15,7,34,9,6,4,8,0,1
match-564383c6-1159,solidaritaet_ueberleben,standard,0,0,0,10,-1,17,10,37,12,9,10,2,0,0
match-564383c6-1159,urzeitliche_kolosse,standard,1,1,1,10,8,15,12,47,2,12,4,11,0,0
match-dcf63308-1160,solidaritaet_ueberleben,standard,0,1,0,9,2,13,11,39,6,11,5,13,0,0
match-dcf63308-1160,urzeitliche_kolosse,standard,1,0,1,9,-3,14,10,36,3,9,8,8,0,0
match-63a8c24b-1161,solidaritaet_ueberleben,standard,0,1,0,9,4,13,12,43,2,11,2,10,0,0
match-63a8c24b-1161,urzeitliche_kolosse,standard,1,0,1,9,0,15,8,38,3,7,8,6,0,2
match-ea5b718d-1162,solidaritaet_ueberleben,standard,0,0,0,10,-2,16,13,42,5,13,8,4,0,0
match-ea5b718d-1162,urzeitliche_kolosse,standard,1,1,1,10,6,15,10,47,2,10,8,12,0,0
match-710e00d0-1163,solidaritaet_ueberleben,standard,0,1,0,15,3,22,19,67,39,18,14,10,0,0
match-710e00d0-1163,urzeitliche_kolosse,standard,1,0,1,15,0,21,18,70,38,17,15,7,0,2
match-ce14b863-1164,solidaritaet_ueberleben,standard,0,1,0,5,1,10,5,15,0,5,4,11,0,0
match-ce14b863-1164,urzeitliche_kolosse,standard,1,0,1,5,-1,10,5,15,0,5,1,9,0,1
match-54c747a6-1165,solidaritaet_ueberleben,standard,0,1,0,11,4,16,13,48,10,12,10,12,0,0
match-54c747a6-1165,urzeitliche_kolosse,standard,1,0,1,11,-2,15,14,50,7,13,8,6,0,0
match-db79f6e8-1166,solidaritaet_ueberleben,standard,0,1,0,10,2,14,13,44,7,13,4,13,0,0
match-db79f6e8-1166,urzeitliche_kolosse,standard,1,0,1,10,-3,16,10,39,15,9,10,8,0,3
match-622c862b-1167,solidaritaet_ueberleben,standard,0,1,0,14,3,20,17,61,32,16,11,12,0,0
match-622c862b-1167,urzeitliche_kolosse,standard,1,0,1,14,-2,19,16,61,30,16,13,7,0,1
match-e8df356d-1168,solidaritaet_ueberleben,standard,0,0,0,10,-2,14,11,41,9,11,6,8,0,0
match-e8df356d-1168,urzeitliche_kolosse,standard,1,1,1,10,2,14,12,43,5,11,7,12,0,0
match-6f91c4b0-1169,solidaritaet_ueberleben,standard,0,0,0,10,-2,15,11,33,12,11,7,3,0,0
match-6f91c4b0-1169,urzeitliche_kolosse,standard,1,1,1,10,7,16,10,42,3,9,7,12,0,0
match-f64473f2-1170,solidaritaet_ueberleben,standard,0,0,0,10,-3,13,11,38,11,10,6,0,0,0
match-f64473f2-1170,urzeitliche_kolosse,standard,1,1,1,10,10,16,10,43,7,10,5,13,0,0
match-7cf70335-1171,solidaritaet_ueberleben,standard,0,1,0,14,1,19,18,65,31,17,11,10,0,0
match-7cf70335-1171,urzeitliche_kolosse,standard,1,0,1,14,0,19,16,63,34,15,14,9,0,1
match-03a9b278-1172,solidaritaet_ueberleben,standard,0,0,0,14,0,19,17,56,39,17,14,3,0,0
match-03a9b278-1172,urzeitliche_kolosse,standard,1,1,1,14,7,18,17,71,24,17,17,10,0,3
match-8a5c41ba-1173,solidaritaet_ueberleben,standard,0,1,0,7,8,12,8,23,2,8,5,10,0,0
match-8a5c41ba-1173,urzeitliche_kolosse,standard,1,0,1,7,0,11,8,24,4,7,4,2,0,0
match-110ef0fd-1174,solidaritaet_ueberleben,standard,0,0,0,14,-3,19,18,59,35,17,10,9,0,0
match-110ef0fd-1174,urzeitliche_kolosse,standard,1,1,1,14,1,19,15,62,32,14,14,13,0,1
match-97c1803f-1175,solidaritaet_ueberleben,standard,0,0,0,9,-1,14,11,39,3,11,4,2,0,0
match-97c1803f-1175,urzeitliche_kolosse,standard,1,1,1,9,8,14,9,37,5,8,7,11,0,0
match-1e742f82-1176,solidaritaet_ueberleben,standard,0,1,0,9,1,16,10,39,5,9,7,11,0,0
match-1e742f82-1176,urzeitliche_kolosse,standard,1,0,1,9,-1,14,10,34,4,9,5,9,0,0
match-a526dec4-1177,solidaritaet_ueberleben,standard,0,0,0,9,0,16,11,33,9,11,3,7,0,0
match-a526dec4-1177,urzeitliche_kolosse,standard,1,1,1,9,3,14,7,31,5,7,8,10,0,2
match-2bd96e07-1178,solidaritaet_ueberleben,standard,0,1,0,8,6,13,7,24,4,7,5,13,0,0
match-2bd96e07-1178,urzeitliche_kolosse,standard,1,0,1,8,-3,13,8,31,4,8,2,4,0,1
match-b28c1d49-1179,solidaritaet_ueberleben,standard,0,1,0,16,3,20,18,66,58,17,15,7,0,0
match-b28c1d49-1179,urzeitliche_kolosse,standard,1,0,1,16,0,22,19,74,51,18,14,4,0,2
match-62eaa43b-1180,solidaritaet_ueberleben,standard,0,1,0,13,1,19,14,55,26,14,12,11,0,0
match-62eaa43b-1180,urzeitliche_kolosse,standard,1,0,1,13,-1,18,16,64,18,15,12,9,0,3
match-e99d537d-1181,solidaritaet_ueberleben,standard,0,1,0,10,1,15,11,39,6,11,4,10,0,0
match-e99d537d-1181,urzeitliche_kolosse,standard,1,0,1,10,0,15,10,44,11,9,6,9,0,2
match-704fe2c0-1182,solidaritaet_ueberleben,standard,0,1,0,10,1,17,11,46,5,10,5,13,0,0
match-704fe2c0-1182,urzeitliche_kolosse,standard,1,0,1,10,-3,13,11,41,12,10,6,9,0,3
match-f7029202-1183,solidaritaet_ueberleben,standard,0,0,0,14,-1,21,18,62,35,17,13,9,0,0
match-f7029202-1183,urzeitliche_kolosse,standard,1,1,1,14,1,20,17,67,29,16,15,11,0,2
match-7db52145-1184,solidaritaet_ueberleben,standard,0,0,0,9,-3,13,12,40,4,11,6,7,0,0
match-7db52145-1184,urzeitliche_kolosse,standard,1,1,1,9,3,13,10,40,2,9,6,13,0,0
match-0467d088-1185,solidaritaet_ueberleben,standard,0,1,0,9,5,13,11,36,5,10,3,11,0,0
match-0467d088-1185,urzeitliche_kolosse,standard,1,0,1,9,-1,15,9,39,3,8,7,5,0,4
match-8b1a7fca-1186,solidaritaet_ueberleben,standard,0,1,0,9,1,15,11,41,4,11,4,13,0,0
match-8b1a7fca-1186,urzeitliche_kolosse,standard,1,0,1,9,-3,12,9,34,10,8,7,9,0,0
match-11cd0f0d-1187,solidaritaet_ueberleben,standard,0,0,0,12,-2,18,14,49,22,13,11,0,0,0
match-11cd0f0d-1187,urzeitliche_kolosse,standard,1,1,1,12,10,16,15,59,12,15,10,12,0,4
match-987fbe4f-1188,solidaritaet_ueberleben,standard,0,0,0,9,0,14,11,41,4,11,5,5,0,0
match-987fbe4f-1188,urzeitliche_kolosse,standard,1,1,1,9,5,15,9,39,5,9,6,10,0,2
match-1f324d92-1189,solidaritaet_ueberleben,standard,0,0,0,15,-1,21,19,65,43,18,13,6,0,0
match-1f324d92-1189,urzeitliche_kolosse,standard,1,1,1,15,4,20,18,66,43,17,16,11,0,5
match-a5e4fcd4-1190,solidaritaet_ueberleben,standard,0,0,0,8,-1,12,10,31,1,9,5,5,0,0
match-a5e4fcd4-1190,urzeitliche_kolosse,standard,1,1,1,8,5,14,8,36,0,8,4,11,0,1
match-2c978c17-1191,solidaritaet_ueberleben,standard,0,0,0,8,0,14,8,30,3,8,4,4,0,0
match-2c978c17-1191,urzeitliche_kolosse,standard,1,1,1,8,6,14,7,33,2,7,4,10,0,2
match-b34a3b59-1192,solidaritaet_ueberleben,standard,0,0,0,12,0,17,15,47,23,14,11,0,0,0
match-b34a3b59-1192,urzeitliche_kolosse,standard,1,1,1,12,10,17,15,55,18,14,12,10,0,0
match-39fcca9c-1193,solidaritaet_ueberleben,standard,0,0,0,12,-2,17,13,47,27,13,7,9,0,0
match-39fcca9c-1193,urzeitliche_kolosse,standard,1,1,1,12,1,16,13,55,11,12,9,12,0,2
match-c0af79de-1194,solidaritaet_ueberleben,standard,0,0,0,10,-3,15,13,42,8,13,8,8,0,0
match-c0af79de-1194,urzeitliche_kolosse,standard,1,1,1,10,2,15,12,43,7,11,10,13,0,0
match-47620921-1195,solidaritaet_ueberleben,standard,0,0,0,9,-1,14,10,41,2,9,6,9,0,0
match-47620921-1195,urzeitliche_kolosse,standard,1,1,1,9,1,15,9,43,1,9,7,11,0,1
match-a468a0b4-1196,solidaritaet_ueberleben,standard,0,0,0,8,-1,14,9,33,3,9,4,9,0,0
match-a468a0b4-1196,urzeitliche_kolosse,standard,1,1,1,8,1,13,8,31,5,8,5,11,0,2
match-2b1b4ff7-1197,solidaritaet_ueberleben,standard,0,0,0,10,-2,16,14,46,9,13,4,2,0,0
match-2b1b4ff7-1197,urzeitliche_kolosse,standard,1,1,1,10,8,15,9,33,15,9,11,12,0,2
match-b1cdff39-1198,solidaritaet_ueberleben,standard,0,0,0,12,0,16,15,50,18,15,9,9,0,0
match-b1cdff39-1198,urzeitliche_kolosse,standard,1,1,1,12,1,18,12,53,20,12,13,10,0,2
match-38808e7c-1199,solidaritaet_ueberleben,standard,0,1,0,12,2,18,15,47,24,14,9,15,0,0
match-38808e7c-1199,urzeitliche_kolosse,standard,1,0,1,12,-5,16,14,59,19,14,10,8,0,1
