matchId,deckId,botType,side,round,targetsAffected,attackRemoved,healthRemoved,boardValueBefore,boardValueAfter,boardValueRemoved,won,winWithinOneRound,winWithinTwoRounds
match-26606adb-0,rudeljaeger,standard,1,6,2,6,10,18,10,8,false,false,false
match-26606adb-0,forschung_muskelkraft,standard,0,7,2,7,7,16,10,6,true,false,false
match-ad131a1d-1,rudeljaeger,standard,1,6,3,11,13,27,15,12,false,false,false
match-ad131a1d-1,forschung_muskelkraft,standard,0,6,3,11,9,23,15,8,true,false,false
match-9faddb98-3,forschung_muskelkraft,standard,0,6,5,10,8,23,17,6,false,false,false
match-0b95edd1-4,forschung_muskelkraft,standard,0,6,5,6,4,15,11,4,false,false,false
match-5bf564ef-8,rudeljaeger,standard,1,6,3,12,13,28,15,13,false,false,false
match-5bf564ef-8,forschung_muskelkraft,standard,0,8,5,11,10,26,17,9,true,false,false
match-e2a81431-9,rudeljaeger,standard,1,6,3,11,12,26,15,11,false,false,false
match-4e90266a-10,rudeljaeger,standard,1,6,2,7,6,15,9,6,false,false,false
match-4e90266a-10,forschung_muskelkraft,standard,0,10,5,12,7,24,19,5,true,false,false
match-c7dd9727-13,rudeljaeger,standard,1,6,3,10,10,23,15,8,true,false,true
match-33c5a960-14,forschung_muskelkraft,standard,0,6,2,9,8,19,10,9,true,false,true
match-ba7858a2-15,forschung_muskelkraft,standard,0,6,4,5,4,13,8,5,true,false,false
match-41e905f5-17,rudeljaeger,standard,1,8,3,18,17,38,15,23,false,false,false
match-41e905f5-17,forschung_muskelkraft,standard,0,8,4,9,9,22,16,6,true,true,true
match-add1382d-18,rudeljaeger,standard,1,6,2,9,10,21,10,11,false,false,false
match-9306bb23-22,forschung_muskelkraft,standard,0,6,5,10,8,23,15,8,true,false,false
match-19b94a66-23,rudeljaeger,standard,1,6,2,7,10,19,10,9,false,false,false
match-19b94a66-23,forschung_muskelkraft,standard,0,7,3,3,3,9,7,2,true,false,true
match-f0cb70c6-24,forschung_muskelkraft,standard,0,6,2,8,6,16,10,6,true,false,false
match-e3663241-26,rudeljaeger,standard,1,6,1,5,5,11,5,6,true,false,true
match-6a18c184-27,rudeljaeger,standard,1,6,2,8,10,20,10,10,false,false,false
match-6a18c184-27,forschung_muskelkraft,standard,0,6,2,7,7,16,10,6,true,false,false
match-4f4e447a-31,forschung_muskelkraft,standard,0,6,5,9,6,20,15,5,false,false,false
match-4f4e447a-31,rudeljaeger,standard,1,10,5,5,6,16,9,7,true,true,true
match-d6bf11cc-33,forschung_muskelkraft,standard,0,6,4,7,6,17,12,5,false,false,false
match-42a72405-34,rudeljaeger,standard,1,6,1,5,5,11,5,6,false,false,false
match-42a72405-34,forschung_muskelkraft,standard,0,9,3,7,7,17,11,6,false,false,false
match-3541e580-36,rudeljaeger,standard,1,7,4,21,23,48,20,28,false,false,false
match-3541e580-36,forschung_muskelkraft,standard,0,8,3,9,7,19,13,6,true,false,false
match-27dca6fb-38,rudeljaeger,standard,1,6,3,11,11,25,14,11,true,true,true
match-0c540be1-41,rudeljaeger,standard,1,6,4,13,17,34,20,14,false,false,false
match-0c540be1-41,forschung_muskelkraft,standard,0,6,4,7,7,18,12,6,true,false,false
match-feeecd5b-43,forschung_muskelkraft,standard,0,10,2,7,4,13,8,5,true,false,true
match-6ad6ff94-44,rudeljaeger,standard,1,6,3,11,14,28,15,13,false,false,false
match-f1898ed6-45,rudeljaeger,standard,1,10,5,0,0,5,5,0,false,false,false
match-f1898ed6-45,forschung_muskelkraft,standard,0,13,4,9,6,19,16,3,true,false,true
match-e4245051-47,forschung_muskelkraft,standard,0,6,5,8,6,19,14,5,false,false,false
match-e4245051-47,rudeljaeger,standard,1,7,4,15,20,39,20,19,false,false,false
match-6b951da4-49,forschung_muskelkraft,standard,0,7,1,3,2,6,5,1,true,true,true
match-d77d2fdc-50,forschung_muskelkraft,standard,0,8,2,7,4,13,8,5,true,false,false
match-5e2fdf1f-51,forschung_muskelkraft,standard,0,6,4,14,10,28,18,10,false,false,false
match-50ca809a-53,forschung_muskelkraft,standard,0,6,3,11,8,22,15,7,true,true,true
match-43654215-55,rudeljaeger,standard,1,6,3,11,15,29,15,14,false,false,false
match-43654215-55,forschung_muskelkraft,standard,0,8,4,7,4,15,14,1,true,false,true
match-1a776876-56,forschung_muskelkraft,standard,0,6,3,11,10,24,15,9,true,false,false
match-a12a17b8-57,rudeljaeger,standard,1,6,3,11,13,27,15,12,false,false,false
match-a12a17b8-57,forschung_muskelkraft,standard,0,8,3,9,6,18,13,5,true,false,true
match-0d1229f1-58,rudeljaeger,standard,1,6,2,6,8,16,10,6,false,false,false
match-0d1229f1-58,forschung_muskelkraft,standard,0,6,3,3,3,9,7,2,true,false,false
match-f247ace6-62,forschung_muskelkraft,standard,0,7,3,9,8,20,15,5,false,false,false
match-d3087b7c-64,rudeljaeger,standard,1,6,1,3,5,9,5,4,true,true,true
match-59bb0abf-65,rudeljaeger,standard,1,10,5,23,30,58,25,33,false,false,false
match-c5a33cf7-66,forschung_muskelkraft,standard,0,6,3,13,10,26,15,11,false,false,false
match-4c55cc3a-67,forschung_muskelkraft,standard,0,8,4,6,6,16,12,4,true,true,true
match-aad8bfed-70,forschung_muskelkraft,standard,0,6,4,12,8,24,18,6,true,false,false
match-aad8bfed-70,rudeljaeger,standard,1,8,2,9,9,20,10,10,false,false,false
match-318b4f30-71,forschung_muskelkraft,standard,0,6,3,11,10,24,15,9,false,false,false
match-089d7591-72,rudeljaeger,standard,1,6,3,11,15,29,15,14,false,false,false
match-089d7591-72,forschung_muskelkraft,standard,0,10,3,9,4,16,11,5,true,true,true
match-8f5004d3-73,forschung_muskelkraft,standard,0,6,4,9,8,21,12,9,true,false,false
match-8f5004d3-73,rudeljaeger,standard,1,10,4,0,0,4,4,0,false,false,false
match-e06dba01-78,rudeljaeger,standard,1,6,2,7,13,22,10,12,false,false,false
match-e06dba01-78,forschung_muskelkraft,standard,0,7,3,3,3,9,7,2,true,false,false
match-67de6754-80,forschung_muskelkraft,standard,0,6,3,10,8,21,15,6,false,false,false
match-ee911696-81,forschung_muskelkraft,standard,0,6,2,8,4,14,10,4,false,false,false
match-4d13ea4a-84,forschung_muskelkraft,standard,0,6,4,12,12,28,20,8,false,false,false
match-d3c6998c-85,rudeljaeger,standard,1,6,3,12,12,27,15,12,false,false,false
match-3faeabc5-86,forschung_muskelkraft,standard,0,6,3,9,8,20,15,5,true,false,false
match-3faeabc5-86,rudeljaeger,standard,1,7,3,11,13,27,15,12,false,false,false
match-242610ab-89,rudeljaeger,standard,1,6,3,12,12,27,15,12,false,false,false
match-242610ab-89,forschung_muskelkraft,standard,0,10,4,8,5,17,14,3,true,false,false
match-900e22e3-90,forschung_muskelkraft,standard,0,6,4,9,8,21,12,9,true,false,false
match-900e22e3-90,rudeljaeger,standard,1,7,4,15,16,35,20,15,false,false,false
match-095b93a1-93,forschung_muskelkraft,standard,0,9,4,13,12,29,20,9,false,false,false
match-7543a5d9-94,forschung_muskelkraft,standard,0,6,2,8,8,18,10,8,true,false,true
match-7543a5d9-94,rudeljaeger,standard,1,7,4,17,20,41,20,21,false,false,false
match-fbf6551b-95,rudeljaeger,standard,1,8,4,20,29,53,20,33,false,false,false
match-fcb4732b-96,rudeljaeger,standard,1,7,3,15,19,37,15,22,true,false,false
match-fcb4732b-96,forschung_muskelkraft,standard,0,11,4,12,10,26,20,6,false,false,false
match-dd4ac855-105,forschung_muskelkraft,standard,0,12,4,10,6,20,18,2,true,false,true
match-63fd7798-106,rudeljaeger,standard,1,7,1,5,6,12,5,7,true,true,true
match-eab006da-107,forschung_muskelkraft,standard,0,7,4,8,8,20,12,8,true,false,false
match-eab006da-107,rudeljaeger,standard,1,9,5,22,27,54,25,29,false,false,false
match-0638a1f5-108,rudeljaeger,standard,1,6,3,12,17,32,15,17,false,false,false
match-0638a1f5-108,forschung_muskelkraft,standard,0,7,5,7,7,19,13,6,true,false,false
match-8ceb5137-109,forschung_muskelkraft,standard,0,7,5,13,10,28,17,11,true,false,false
match-9a508fbc-111,forschung_muskelkraft,standard,0,8,2,4,4,10,6,4,true,false,false
match-21033eff-112,rudeljaeger,standard,1,6,3,12,19,34,15,19,true,false,false
match-21033eff-112,forschung_muskelkraft,standard,0,7,5,12,11,28,17,11,false,false,false
match-a7b5ce41-113,rudeljaeger,standard,1,6,2,10,11,23,10,13,false,false,false
match-a7b5ce41-113,forschung_muskelkraft,standard,0,7,3,12,11,26,15,11,true,false,false
match-2e687d84-114,forschung_muskelkraft,standard,0,9,5,11,10,26,17,9,true,true,true
match-d0a3a7e0-116,forschung_muskelkraft,standard,0,9,2,7,6,15,10,5,true,true,true
match-de08e665-118,forschung_muskelkraft,standard,0,7,5,12,8,25,17,8,false,false,false
match-de08e665-118,rudeljaeger,standard,1,12,5,15,15,35,17,18,true,false,false
match-64bb95a8-119,rudeljaeger,standard,1,6,3,13,16,32,15,17,true,true,true
match-64bb95a8-119,forschung_muskelkraft,standard,0,7,4,6,5,15,12,3,false,false,false
match-7220d42d-121,forschung_muskelkraft,standard,0,7,4,9,8,21,12,9,true,true,true
match-f8d3636f-122,forschung_muskelkraft,standard,0,7,2,7,6,15,10,5,true,true,true
match-21c15d0f-125,rudeljaeger,standard,1,6,3,14,16,33,15,18,false,false,false
match-21c15d0f-125,forschung_muskelkraft,standard,0,9,4,18,14,36,20,16,true,false,false
match-a873ec51-126,rudeljaeger,standard,1,7,3,13,14,30,15,15,false,false,false
match-a873ec51-126,forschung_muskelkraft,standard,0,7,4,5,5,14,12,2,true,false,false
match-49f1189e-131,rudeljaeger,standard,1,9,3,16,13,32,14,18,false,false,false
match-6579b3b8-132,rudeljaeger,standard,1,6,3,12,11,26,14,12,true,true,true
match-ec2c42fa-133,forschung_muskelkraft,standard,0,6,2,8,6,16,10,6,false,false,false
match-ec2c42fa-133,rudeljaeger,standard,1,6,3,10,13,26,15,11,true,false,true
match-72def23d-134,forschung_muskelkraft,standard,0,7,5,10,10,25,17,8,true,false,false
match-06f6c005-137,forschung_muskelkraft,standard,0,7,4,13,7,24,17,7,true,true,true
match-8da96f47-138,rudeljaeger,standard,1,6,3,14,17,34,15,19,false,false,false
match-8da96f47-138,forschung_muskelkraft,standard,0,10,3,8,6,17,12,5,true,true,true
match-b69748e6-141,rudeljaeger,standard,1,8,5,22,27,54,25,29,false,false,false
match-b69748e6-141,forschung_muskelkraft,standard,0,10,3,7,6,16,12,4,true,true,true
match-3d49f829-142,rudeljaeger,standard,1,8,5,22,23,50,23,27,false,false,false
match-3d49f829-142,forschung_muskelkraft,standard,0,11,4,14,11,29,19,10,true,false,false
match-c3fc876b-143,forschung_muskelkraft,standard,0,7,5,11,10,26,17,9,true,false,false
match-4aaf36ae-144,forschung_muskelkraft,standard,0,6,4,4,4,12,8,4,true,false,false
match-4aaf36ae-144,rudeljaeger,standard,1,6,3,9,16,28,15,13,false,false,false
match-58147533-146,rudeljaeger,standard,1,6,2,10,12,24,10,14,false,false,false
match-58147533-146,forschung_muskelkraft,standard,0,7,4,7,7,18,12,6,true,false,false
match-dec70475-147,rudeljaeger,standard,1,6,4,17,22,43,20,23,true,true,true
match-fa4fbf8f-148,rudeljaeger,standard,1,6,4,18,20,42,20,22,false,false,false
match-fa4fbf8f-148,forschung_muskelkraft,standard,0,9,3,14,12,29,15,14,true,false,false
match-07b4fe15-150,forschung_muskelkraft,standard,0,7,3,11,10,24,15,9,true,true,true
match-151a3c9a-152,rudeljaeger,standard,1,7,3,14,20,37,15,22,false,false,false
match-151a3c9a-152,forschung_muskelkraft,standard,0,9,4,8,8,20,16,4,true,true,true
match-9bcccbdc-153,forschung_muskelkraft,standard,0,7,5,13,10,28,17,11,true,false,false
match-227f7b1f-154,rudeljaeger,standard,1,6,3,14,15,32,15,17,false,false,false
match-227f7b1f-154,forschung_muskelkraft,standard,0,11,1,4,4,9,5,4,true,true,true
match-a9320a61-155,rudeljaeger,standard,1,6,4,18,22,44,20,24,false,false,false
match-a9320a61-155,forschung_muskelkraft,standard,0,7,5,6,5,16,14,2,true,false,false
match-c4baa57b-156,forschung_muskelkraft,standard,0,11,2,7,6,15,10,5,true,true,true
match-4b6d54be-157,forschung_muskelkraft,standard,0,6,5,6,6,17,13,4,true,false,false
match-4b6d54be-157,rudeljaeger,standard,1,7,4,15,16,35,20,15,false,false,false
match-d21fe400-158,forschung_muskelkraft,standard,0,10,2,7,6,15,10,5,true,false,false
match-d21fe400-158,rudeljaeger,standard,1,13,4,18,19,41,16,25,false,false,false
match-df852285-160,rudeljaeger,standard,1,6,4,19,21,44,20,24,false,false,false
match-df852285-160,forschung_muskelkraft,standard,0,7,2,6,5,13,10,3,true,true,true
match-6637d1c8-161,rudeljaeger,standard,1,8,5,19,20,44,25,19,false,false,false
match-6637d1c8-161,forschung_muskelkraft,standard,0,11,4,15,11,30,20,10,true,false,false
match-ecea610a-162,rudeljaeger,standard,1,9,4,22,26,52,20,32,false,false,false
match-8f25ab67-164,rudeljaeger,standard,1,10,5,22,25,52,25,27,false,false,false
match-30a2d7b4-169,forschung_muskelkraft,standard,0,6,3,4,4,11,7,4,true,false,false
match-30a2d7b4-169,rudeljaeger,standard,1,9,4,18,22,44,20,24,false,false,false
match-3e081639-171,rudeljaeger,standard,1,8,4,17,18,39,19,20,false,false,false
match-3e081639-171,forschung_muskelkraft,standard,0,9,4,6,5,15,13,2,true,false,false
match-5990b153-172,rudeljaeger,standard,1,7,3,13,18,34,15,19,false,false,false
match-5990b153-172,forschung_muskelkraft,standard,0,12,4,15,14,33,20,13,true,true,true
match-66f5efd8-174,rudeljaeger,standard,1,6,3,5,6,14,7,7,false,false,false
match-eda89f1a-175,rudeljaeger,standard,1,6,3,13,16,32,15,17,true,true,true
match-745b2e5d-176,rudeljaeger,standard,1,6,4,16,20,40,20,20,false,false,false
match-745b2e5d-176,forschung_muskelkraft,standard,0,7,3,6,5,14,11,3,true,false,false
match-23fbb73f-180,rudeljaeger,standard,1,11,4,15,15,34,12,22,false,false,false
match-23fbb73f-180,forschung_muskelkraft,standard,0,11,3,7,7,17,11,6,true,false,false
match-aaae4681-181,forschung_muskelkraft,standard,0,7,5,18,16,39,25,14,true,false,false
match-c578c38b-185,forschung_muskelkraft,standard,0,6,4,4,4,12,8,4,false,false,false
match-c578c38b-185,rudeljaeger,standard,1,6,4,15,16,35,20,15,true,false,false
match-d2de0210-187,forschung_muskelkraft,standard,0,7,3,11,10,24,15,9,true,true,true
match-ee66bd2a-188,rudeljaeger,standard,1,8,5,22,30,57,25,32,true,true,true
match-75194c6d-189,forschung_muskelkraft,standard,0,11,4,9,6,19,12,7,true,false,false
match-75194c6d-189,rudeljaeger,standard,1,15,4,10,9,23,12,11,false,false,false
match-fbcbfbaf-190,rudeljaeger,standard,1,6,3,14,17,34,15,19,true,false,false
match-827e8af2-191,forschung_muskelkraft,standard,0,6,5,9,8,22,13,9,true,false,false
match-827e8af2-191,rudeljaeger,standard,1,9,5,21,23,49,25,24,false,false,false
match-169678ba-194,rudeljaeger,standard,1,6,4,15,18,37,20,17,false,false,false
match-b8d1a316-196,rudeljaeger,standard,1,6,3,13,17,33,15,18,false,false,false
match-3f845259-197,rudeljaeger,standard,1,6,3,14,17,34,15,19,true,true,true
match-4ce990de-199,rudeljaeger,standard,1,6,3,12,17,32,15,17,false,false,false
match-4ce990de-199,forschung_muskelkraft,standard,0,7,3,13,11,27,15,12,true,false,false
match-c9e3e486-200,forschung_muskelkraft,standard,0,6,2,9,10,21,10,11,false,false,false
match-c9e3e486-200,solidaritaet_ueberleben,standard,1,12,4,20,19,43,20,23,true,false,true
match-bc7ea601-202,solidaritaet_ueberleben,standard,1,6,1,5,6,12,5,7,false,false,false
match-bc7ea601-202,forschung_muskelkraft,standard,0,6,5,8,8,21,13,8,true,false,false
match-43315544-203,solidaritaet_ueberleben,standard,1,6,3,9,12,24,15,9,false,false,false
match-43315544-203,forschung_muskelkraft,standard,0,8,3,10,12,25,11,14,true,false,false
match-e4ae6190-204,forschung_muskelkraft,standard,0,6,4,7,10,21,12,9,true,false,false
match-6b6110d3-205,forschung_muskelkraft,standard,0,12,5,11,9,25,20,5,true,false,true
match-5dfbd24e-207,solidaritaet_ueberleben,standard,1,6,3,12,18,33,15,18,false,false,false
match-ff78fe9a-208,solidaritaet_ueberleben,standard,1,6,4,15,13,32,19,13,false,false,false
match-ff78fe9a-208,forschung_muskelkraft,standard,0,8,4,13,16,33,16,17,true,false,false
match-862b8ddd-209,forschung_muskelkraft,standard,0,6,4,13,15,32,16,16,true,false,false
match-f213a015-210,solidaritaet_ueberleben,standard,1,6,3,11,15,29,15,14,true,false,true
match-78c64f58-211,forschung_muskelkraft,standard,0,6,4,15,19,38,19,19,true,false,false
match-78c64f58-211,solidaritaet_ueberleben,standard,1,13,5,29,29,63,25,38,false,false,false
match-1a437ba5-212,forschung_muskelkraft,standard,0,6,4,15,18,37,20,17,true,false,false
match-a0f60ae7-213,solidaritaet_ueberleben,standard,1,6,2,8,8,18,10,8,true,false,false
match-a0f60ae7-213,forschung_muskelkraft,standard,0,6,3,10,11,24,15,9,false,false,false
match-0cde3d20-214,solidaritaet_ueberleben,standard,1,6,2,8,14,24,10,14,false,false,false
match-0cde3d20-214,forschung_muskelkraft,standard,0,6,4,11,14,29,19,10,true,false,false
match-9390cc62-215,solidaritaet_ueberleben,standard,1,9,5,3,4,12,9,3,false,false,false
match-9390cc62-215,forschung_muskelkraft,standard,0,11,5,18,18,41,25,16,true,false,false
match-bbc087f1-217,forschung_muskelkraft,standard,0,6,3,13,15,31,15,16,true,false,false
match-27a8ba2a-218,forschung_muskelkraft,standard,0,6,4,11,10,25,17,8,true,false,false
match-ae5b496c-219,solidaritaet_ueberleben,standard,1,6,2,9,9,20,10,10,false,false,false
match-4fd875b9-220,forschung_muskelkraft,standard,0,6,4,17,19,40,19,21,true,false,false
match-4fd875b9-220,solidaritaet_ueberleben,standard,1,12,4,23,21,48,20,28,false,false,false
match-d68b04fb-221,forschung_muskelkraft,standard,0,6,3,7,7,17,12,5,true,false,false
match-d68b04fb-221,solidaritaet_ueberleben,standard,1,8,5,19,22,46,25,21,false,false,false
match-42733734-222,solidaritaet_ueberleben,standard,1,8,5,25,27,57,25,32,true,true,true
match-c925c676-223,forschung_muskelkraft,standard,0,6,1,5,6,12,5,7,false,false,false
match-c925c676-223,solidaritaet_ueberleben,standard,1,10,3,20,19,42,15,27,true,false,false
match-6aa2f2c3-224,forschung_muskelkraft,standard,0,6,2,9,12,23,10,13,true,true,true
match-f1558205-225,solidaritaet_ueberleben,standard,1,6,3,12,15,30,15,15,false,false,false
match-f1558205-225,forschung_muskelkraft,standard,0,6,4,9,8,21,17,4,true,false,false
match-5d3db43e-226,solidaritaet_ueberleben,standard,1,7,5,23,28,56,25,31,false,false,false
match-5d3db43e-226,forschung_muskelkraft,standard,0,10,5,17,22,44,25,19,true,false,false
match-856d6fcd-228,forschung_muskelkraft,standard,0,6,3,15,19,37,15,22,false,false,false
match-856d6fcd-228,solidaritaet_ueberleben,standard,1,11,5,28,30,63,25,38,true,true,true
match-0c201f10-229,forschung_muskelkraft,standard,0,8,4,12,13,29,12,17,true,false,true
match-78083148-230,solidaritaet_ueberleben,standard,1,6,3,11,12,26,15,11,false,false,false
match-78083148-230,forschung_muskelkraft,standard,0,10,5,15,13,33,23,10,true,true,true
match-febac08a-231,forschung_muskelkraft,standard,0,6,3,11,11,25,13,12,true,false,false
match-febac08a-231,solidaritaet_ueberleben,standard,1,7,4,16,19,39,20,19,false,false,false
match-7a428b78-233,forschung_muskelkraft,standard,0,6,4,15,15,34,18,16,true,false,false
match-7a428b78-233,solidaritaet_ueberleben,standard,1,10,3,12,20,35,15,20,false,false,false
match-e62abdb0-234,solidaritaet_ueberleben,standard,1,6,4,15,17,36,20,16,false,false,false
match-6cdd4cf3-235,solidaritaet_ueberleben,standard,1,9,5,12,12,29,13,16,false,false,false
match-6cdd4cf3-235,forschung_muskelkraft,standard,0,12,5,10,11,26,16,10,true,false,false
match-0e5a7940-236,solidaritaet_ueberleben,standard,1,6,3,13,14,30,15,15,true,false,false
match-950d0882-237,solidaritaet_ueberleben,standard,1,6,2,9,9,20,10,10,false,false,false
match-87a7c9fd-239,forschung_muskelkraft,standard,0,6,2,9,12,23,10,13,false,false,false
match-87a7c9fd-239,solidaritaet_ueberleben,standard,1,9,3,13,17,33,15,18,true,false,true
match-2924f64a-240,solidaritaet_ueberleben,standard,1,6,4,15,18,37,20,17,true,false,true
match-a2724707-243,solidaritaet_ueberleben,standard,1,6,5,18,14,37,25,12,false,false,false
match-a2724707-243,forschung_muskelkraft,standard,0,8,4,12,12,28,16,12,true,false,false
match-43ef7354-244,solidaritaet_ueberleben,standard,1,6,3,11,13,27,15,12,false,false,false
match-368a34cf-246,solidaritaet_ueberleben,standard,1,8,4,15,19,38,19,19,false,false,false
match-bd3cc411-247,forschung_muskelkraft,standard,0,6,3,14,18,35,15,20,true,false,false
match-bd3cc411-247,solidaritaet_ueberleben,standard,1,14,5,30,30,65,25,40,false,false,false
match-5eb9f05e-248,solidaritaet_ueberleben,standard,1,6,3,10,15,28,15,13,false,false,false
match-5eb9f05e-248,forschung_muskelkraft,standard,0,10,4,16,20,40,20,20,false,false,false
match-e56c9fa0-249,solidaritaet_ueberleben,standard,1,8,4,16,17,37,18,19,false,false,false
match-5154b1d9-250,forschung_muskelkraft,standard,0,9,5,10,11,26,22,4,false,false,false
match-5154b1d9-250,solidaritaet_ueberleben,standard,1,11,4,13,17,34,20,14,true,false,false
match-d807411b-251,solidaritaet_ueberleben,standard,1,11,5,32,32,69,25,44,false,false,false
match-d807411b-251,forschung_muskelkraft,standard,0,16,4,13,12,29,15,14,true,true,true
match-79846d68-252,forschung_muskelkraft,standard,0,6,3,13,15,31,15,16,true,false,false
match-79846d68-252,solidaritaet_ueberleben,standard,1,9,5,5,5,15,9,6,false,false,false
match-6c1f2ee3-254,forschung_muskelkraft,standard,0,6,3,14,16,33,15,18,true,false,false
match-6c1f2ee3-254,solidaritaet_ueberleben,standard,1,9,5,21,23,49,25,24,false,false,false
match-f2d1de25-255,forschung_muskelkraft,standard,0,8,4,13,18,35,19,16,false,false,false
match-f2d1de25-255,solidaritaet_ueberleben,standard,1,10,5,27,33,65,25,40,true,false,true
match-944eea72-256,solidaritaet_ueberleben,standard,1,6,1,5,6,12,5,7,true,false,false
match-944eea72-256,forschung_muskelkraft,standard,0,7,2,4,6,12,9,3,false,false,false
match-1b0199b5-257,forschung_muskelkraft,standard,0,6,4,15,15,34,18,16,true,false,false
match-1b0199b5-257,solidaritaet_ueberleben,standard,1,7,4,15,20,39,20,19,false,false,false
match-86e9abed-258,forschung_muskelkraft,standard,0,7,4,13,15,32,19,13,true,false,true
match-0d9c5b30-259,forschung_muskelkraft,standard,0,6,4,16,22,42,20,22,true,false,false
match-0d9c5b30-259,solidaritaet_ueberleben,standard,1,7,3,11,11,25,15,10,false,false,false
match-35cc16bf-261,solidaritaet_ueberleben,standard,1,6,3,11,14,28,15,13,false,false,false
match-35cc16bf-261,forschung_muskelkraft,standard,0,8,5,20,22,47,25,22,true,false,false
match-2866d83a-263,forschung_muskelkraft,standard,0,6,3,15,18,36,15,21,false,false,false
match-2866d83a-263,solidaritaet_ueberleben,standard,1,10,5,24,30,59,25,34,false,false,false
match-1d3bf3e5-264,forschung_muskelkraft,standard,0,6,4,18,21,43,20,23,false,false,false
match-a3ee8327-265,forschung_muskelkraft,standard,0,8,2,9,11,22,10,12,true,false,false
match-0fd6b560-266,solidaritaet_ueberleben,standard,1,6,4,14,15,33,19,14,true,false,false
match-0fd6b560-266,forschung_muskelkraft,standard,0,6,5,13,15,33,22,11,false,false,false
match-380670ef-268,solidaritaet_ueberleben,standard,1,6,3,11,11,25,14,11,false,false,false
match-380670ef-268,forschung_muskelkraft,standard,0,8,3,10,8,21,13,8,true,true,true
match-2aa1326a-270,solidaritaet_ueberleben,standard,1,6,3,11,16,30,15,15,false,false,false
match-2aa1326a-270,forschung_muskelkraft,standard,0,6,4,10,11,25,19,6,true,false,false
match-b153c1ac-271,forschung_muskelkraft,standard,0,6,5,7,9,21,13,8,false,false,false
match-b153c1ac-271,solidaritaet_ueberleben,standard,1,7,4,16,19,39,20,19,true,false,true
match-52d0edf9-272,solidaritaet_ueberleben,standard,1,7,4,20,27,51,20,31,false,false,false
match-52d0edf9-272,forschung_muskelkraft,standard,0,8,2,8,9,19,10,9,true,false,false
match-d9839d3b-273,solidaritaet_ueberleben,standard,1,7,4,19,25,48,20,28,false,false,false
match-cc1e5eb6-275,forschung_muskelkraft,standard,0,6,3,15,19,37,15,22,true,false,false
match-6d9b6b03-276,forschung_muskelkraft,standard,0,6,4,14,18,36,19,17,true,false,false
match-6d9b6b03-276,solidaritaet_ueberleben,standard,1,11,4,16,19,39,20,19,false,false,false
match-f44e1a45-277,forschung_muskelkraft,standard,0,6,4,16,19,39,20,19,false,false,false
match-60362c7e-278,solidaritaet_ueberleben,standard,1,6,4,13,16,33,20,13,false,false,false
match-60362c7e-278,forschung_muskelkraft,standard,0,8,4,14,17,35,16,19,true,false,false
match-e6e8dbc0-279,solidaritaet_ueberleben,standard,1,6,2,6,10,18,10,8,false,false,false
match-e6e8dbc0-279,forschung_muskelkraft,standard,0,6,2,7,7,16,10,6,true,false,false
match-8865e80d-280,forschung_muskelkraft,standard,0,6,5,5,5,15,9,6,false,false,false
match-8865e80d-280,solidaritaet_ueberleben,standard,1,8,4,17,20,41,20,21,true,true,true
match-7b00a988-282,solidaritaet_ueberleben,standard,1,6,3,12,15,30,15,15,true,false,true
match-01b358cb-283,solidaritaet_ueberleben,standard,1,6,2,9,10,21,10,11,false,false,false
match-01b358cb-283,forschung_muskelkraft,standard,0,6,4,15,17,36,20,16,true,false,false
match-a3306517-284,forschung_muskelkraft,standard,0,6,4,14,20,38,19,19,true,false,false
match-29e3145a-285,solidaritaet_ueberleben,standard,1,6,2,9,10,21,10,11,true,false,false
match-95cb2692-286,forschung_muskelkraft,standard,0,6,4,17,20,41,20,21,false,false,false
match-bdfae221-288,forschung_muskelkraft,standard,0,6,4,11,10,25,16,9,true,false,false
match-44ad9164-289,solidaritaet_ueberleben,standard,1,6,3,9,12,24,15,9,true,false,false
match-44ad9164-289,forschung_muskelkraft,standard,0,6,3,9,11,23,15,8,false,false,false
match-d8c57f2b-292,solidaritaet_ueberleben,standard,1,7,5,25,33,63,25,38,true,false,false
match-d8c57f2b-292,forschung_muskelkraft,standard,0,8,3,10,11,24,15,9,false,false,false
match-5f780e6e-293,solidaritaet_ueberleben,standard,1,8,3,13,15,31,15,16,true,false,false
match-5f780e6e-293,forschung_muskelkraft,standard,0,12,5,21,24,50,25,25,false,false,false
match-cb6020a6-294,forschung_muskelkraft,standard,0,6,3,10,13,26,11,15,true,false,false
match-cb6020a6-294,solidaritaet_ueberleben,standard,1,7,5,20,25,50,25,25,false,false,false
match-5212cfe9-295,forschung_muskelkraft,standard,0,6,2,8,10,20,10,10,false,false,false
match-46e7eb94-296,forschung_muskelkraft,standard,0,6,5,17,22,44,24,20,true,false,false
match-46e7eb94-296,solidaritaet_ueberleben,standard,1,10,5,25,31,61,25,36,false,false,false
match-cd9a9ad6-297,forschung_muskelkraft,standard,0,6,4,7,10,21,12,9,true,true,true
match-3982ad0f-298,forschung_muskelkraft,standard,0,8,4,7,6,17,12,5,true,false,false
match-3982ad0f-298,solidaritaet_ueberleben,standard,1,15,5,25,21,51,21,30,false,false,false
match-c0355c51-299,solidaritaet_ueberleben,standard,1,6,3,12,13,28,15,13,false,false,false
match-c0355c51-299,forschung_muskelkraft,standard,0,6,4,12,14,30,19,11,true,false,false
match-b476b358-300,solidaritaet_ueberleben,standard,1,6,3,12,14,29,15,14,false,false,false
match-b476b358-300,forschung_muskelkraft,standard,0,7,4,12,17,33,20,13,true,false,false
match-3b29429b-301,forschung_muskelkraft,standard,0,6,2,5,10,17,10,7,true,false,false
match-3b29429b-301,solidaritaet_ueberleben,standard,1,6,4,13,16,33,20,13,false,false,false
match-c1dbf1dd-302,forschung_muskelkraft,standard,0,10,3,11,11,25,12,13,false,false,false
match-c1dbf1dd-302,solidaritaet_ueberleben,standard,1,12,4,18,20,42,20,22,true,false,false
match-488e8120-303,solidaritaet_ueberleben,standard,1,8,5,26,34,65,25,40,true,false,false
match-488e8120-303,forschung_muskelkraft,standard,0,10,2,6,9,17,9,8,false,false,false
match-cf413062-304,forschung_muskelkraft,standard,0,9,5,14,18,37,21,16,true,false,false
match-cf413062-304,solidaritaet_ueberleben,standard,1,13,5,7,10,22,13,9,false,false,false
match-55f3dfa5-305,solidaritaet_ueberleben,standard,1,10,5,22,29,56,25,31,false,false,false
match-55f3dfa5-305,forschung_muskelkraft,standard,0,12,4,11,13,28,16,12,true,false,false
match-dca66ee7-306,forschung_muskelkraft,standard,0,6,4,4,4,12,8,4,false,false,false
match-dca66ee7-306,solidaritaet_ueberleben,standard,1,6,3,11,12,26,15,11,true,false,false
match-63591e2a-307,forschung_muskelkraft,standard,0,8,2,5,9,16,10,6,true,false,false
match-63591e2a-307,solidaritaet_ueberleben,standard,1,8,4,15,16,35,20,15,false,false,false
match-ea0bad6c-308,forschung_muskelkraft,standard,0,7,4,16,18,38,16,22,true,false,false
match-ea0bad6c-308,solidaritaet_ueberleben,standard,1,8,5,21,23,49,25,24,false,false,false
match-70be5caf-309,solidaritaet_ueberleben,standard,1,6,5,21,24,50,25,25,false,false,false
match-70be5caf-309,forschung_muskelkraft,standard,0,7,4,10,10,24,13,11,true,false,false
match-f770ebf1-310,forschung_muskelkraft,standard,0,7,3,15,18,36,15,21,true,false,false
match-f770ebf1-310,solidaritaet_ueberleben,standard,1,8,4,13,14,31,16,15,false,false,false
match-7e239b34-311,solidaritaet_ueberleben,standard,1,8,4,5,5,14,8,6,true,true,true
match-04d62a77-312,forschung_muskelkraft,standard,0,8,3,9,11,23,14,9,false,false,false
match-04d62a77-312,solidaritaet_ueberleben,standard,1,8,5,22,24,51,25,26,true,false,false
match-8b88d9b9-313,solidaritaet_ueberleben,standard,1,9,3,18,19,40,15,25,false,false,false
match-8b88d9b9-313,forschung_muskelkraft,standard,0,12,4,11,12,27,16,11,true,true,true
match-123b68fc-314,forschung_muskelkraft,standard,0,6,3,9,12,24,14,10,true,false,false
match-123b68fc-314,solidaritaet_ueberleben,standard,1,12,5,25,31,61,25,36,false,false,false
match-98ee183e-315,solidaritaet_ueberleben,standard,1,6,3,12,14,29,15,14,true,false,false
match-98ee183e-315,forschung_muskelkraft,standard,0,7,4,16,17,37,20,17,false,false,false
match-a65356c3-317,forschung_muskelkraft,standard,0,11,5,14,10,29,23,6,true,false,false
match-a65356c3-317,solidaritaet_ueberleben,standard,1,12,4,9,11,24,16,8,false,false,false
match-2d05e606-318,forschung_muskelkraft,standard,0,11,5,20,23,48,21,27,false,false,false
match-2d05e606-318,solidaritaet_ueberleben,standard,1,13,3,10,12,25,11,14,false,false,false
match-b3b89548-319,solidaritaet_ueberleben,standard,1,6,3,14,15,32,15,17,false,false,false
match-b3b89548-319,forschung_muskelkraft,standard,0,9,5,10,15,30,16,14,true,false,false
match-3a6b248b-320,forschung_muskelkraft,standard,0,6,2,6,9,17,10,7,true,false,false
match-3a6b248b-320,solidaritaet_ueberleben,standard,1,8,4,19,20,43,19,24,false,false,false
match-c11dd3cd-321,solidaritaet_ueberleben,standard,1,6,3,11,15,29,15,14,false,false,false
match-c11dd3cd-321,forschung_muskelkraft,standard,0,7,4,15,14,33,20,13,true,false,false
match-ce831252-323,forschung_muskelkraft,standard,0,7,3,14,16,33,15,18,false,false,false
match-ce831252-323,solidaritaet_ueberleben,standard,1,10,3,16,21,40,15,25,true,false,false
match-5535a195-324,forschung_muskelkraft,standard,0,7,4,4,4,12,8,4,true,false,false
match-5535a195-324,solidaritaet_ueberleben,standard,1,8,5,23,26,54,25,29,false,false,false
match-629ae01a-326,solidaritaet_ueberleben,standard,1,6,4,15,18,37,20,17,true,false,false
match-629ae01a-326,forschung_muskelkraft,standard,0,11,4,10,8,22,17,5,false,false,false
match-e94d8f5c-327,forschung_muskelkraft,standard,0,6,3,11,14,28,15,13,false,false,false
match-70003e9f-328,solidaritaet_ueberleben,standard,1,7,2,10,10,22,10,12,true,false,false
match-f6b2cde1-329,forschung_muskelkraft,standard,0,7,5,16,19,40,21,19,false,false,false
match-7d657d24-330,solidaritaet_ueberleben,standard,1,6,4,17,21,42,20,22,true,false,true
match-04180c67-331,forschung_muskelkraft,standard,0,6,4,14,19,37,20,17,false,false,false
match-de22ab07-332,forschung_muskelkraft,standard,0,6,2,7,6,15,10,5,true,false,false
match-de22ab07-332,solidaritaet_ueberleben,standard,1,6,4,14,19,37,20,17,false,false,false
match-64d55a4a-333,forschung_muskelkraft,standard,0,7,5,15,19,39,20,19,true,false,false
match-eb87e98c-334,forschung_muskelkraft,standard,0,6,3,8,11,22,14,8,true,false,false
match-eb87e98c-334,solidaritaet_ueberleben,standard,1,7,3,12,13,28,15,13,false,false,false
match-723a98cf-335,forschung_muskelkraft,standard,0,6,3,4,4,11,7,4,true,true,true
match-723a98cf-335,solidaritaet_ueberleben,standard,1,6,5,18,17,40,25,15,false,false,false
match-f8ed2811-336,solidaritaet_ueberleben,standard,1,6,4,17,19,40,20,20,false,false,false
match-f8ed2811-336,forschung_muskelkraft,standard,0,9,4,17,19,40,19,21,true,false,false
match-7f9fd754-337,solidaritaet_ueberleben,standard,1,7,2,11,12,25,10,15,false,false,false
match-7f9fd754-337,forschung_muskelkraft,standard,0,11,5,25,29,59,25,34,true,true,true
match-06526697-338,forschung_muskelkraft,standard,0,7,3,13,14,30,12,18,true,false,false
match-8d0515d9-339,forschung_muskelkraft,standard,0,7,3,12,14,29,14,15,true,true,true
match-13b7a51c-340,solidaritaet_ueberleben,standard,1,6,5,22,25,52,25,27,true,false,false
match-9a6a545e-341,forschung_muskelkraft,standard,0,7,4,15,21,40,20,20,true,false,false
match-211ce3a1-342,solidaritaet_ueberleben,standard,1,6,4,16,20,40,20,20,false,false,false
match-211ce3a1-342,forschung_muskelkraft,standard,0,7,3,11,13,27,15,12,true,false,false
match-a7cf92e3-343,solidaritaet_ueberleben,standard,1,6,4,18,19,41,20,21,false,false,false
match-a7cf92e3-343,forschung_muskelkraft,standard,0,7,2,8,9,19,10,9,true,false,true
match-b534d168-345,forschung_muskelkraft,standard,0,7,5,11,13,29,15,14,true,false,true
match-b534d168-345,solidaritaet_ueberleben,standard,1,9,5,21,30,56,25,31,false,false,false
match-3be760ab-346,forschung_muskelkraft,standard,0,9,4,14,15,33,20,13,true,false,true
match-c29a0fed-347,forschung_muskelkraft,standard,0,6,4,8,8,20,12,8,true,false,false
match-c29a0fed-347,solidaritaet_ueberleben,standard,1,9,5,22,27,54,25,29,false,false,false
match-494cbf30-348,forschung_muskelkraft,standard,0,6,5,14,23,42,25,17,false,false,false
match-494cbf30-348,solidaritaet_ueberleben,standard,1,8,5,22,25,52,25,27,true,false,false
match-cfff4e72-349,solidaritaet_ueberleben,standard,1,12,5,6,7,18,9,9,false,false,false
match-cfff4e72-349,forschung_muskelkraft,standard,0,13,3,9,9,21,15,6,true,false,true
match-56b1fdb5-350,solidaritaet_ueberleben,standard,1,6,3,14,14,31,15,16,true,false,false
match-56b1fdb5-350,forschung_muskelkraft,standard,0,7,5,10,10,25,14,11,false,false,false
match-dd648cf7-351,forschung_muskelkraft,standard,0,7,5,14,16,35,20,15,false,false,false
match-dd648cf7-351,solidaritaet_ueberleben,standard,1,15,3,7,8,18,11,7,true,true,true
match-64173c3a-352,forschung_muskelkraft,standard,0,6,4,5,4,13,9,4,false,false,false
match-eac9cb7c-353,solidaritaet_ueberleben,standard,1,6,3,12,14,29,15,14,false,false,false
match-eac9cb7c-353,forschung_muskelkraft,standard,0,7,3,9,12,24,14,10,true,false,false
match-717c7abf-354,forschung_muskelkraft,standard,0,7,5,12,15,32,13,19,true,false,false
match-717c7abf-354,solidaritaet_ueberleben,standard,1,8,4,20,22,46,20,26,false,false,false
match-7ee1b944-356,solidaritaet_ueberleben,standard,1,12,5,0,0,5,5,0,false,false,false
match-7ee1b944-356,forschung_muskelkraft,standard,0,15,4,17,19,40,20,20,true,true,true
match-8c46f7c9-358,forschung_muskelkraft,standard,0,7,4,16,17,37,20,17,true,false,false
match-8c46f7c9-358,solidaritaet_ueberleben,standard,1,9,5,23,29,57,25,32,false,false,false
match-12f9870c-359,solidaritaet_ueberleben,standard,1,6,3,12,15,30,15,15,false,false,false
match-99ac364e-360,solidaritaet_ueberleben,standard,1,6,4,18,21,43,20,23,true,false,false
match-99ac364e-360,forschung_muskelkraft,standard,0,10,5,23,26,54,24,30,false,false,false
match-205ec591-361,forschung_muskelkraft,standard,0,10,4,11,13,28,19,9,true,true,true
match-a71174d3-362,forschung_muskelkraft,standard,0,13,3,10,12,25,14,11,true,true,true
match-2dc40416-363,forschung_muskelkraft,standard,0,7,3,14,16,33,15,18,true,false,false
match-611ea3fa-364,forschung_muskelkraft,standard,0,6,3,9,9,21,14,7,true,false,false
match-611ea3fa-364,solidaritaet_ueberleben,standard,1,6,3,11,14,28,15,13,false,false,false
match-e7d1533c-365,forschung_muskelkraft,standard,0,6,3,9,8,20,12,8,false,false,false
match-f53691c1-367,solidaritaet_ueberleben,standard,1,6,5,18,18,41,24,17,false,false,false
match-f53691c1-367,forschung_muskelkraft,standard,0,7,3,9,9,21,12,9,true,false,false
match-7be92104-368,solidaritaet_ueberleben,standard,1,6,3,13,17,33,15,18,true,false,true
match-029bd047-369,solidaritaet_ueberleben,standard,1,7,4,16,23,43,20,23,true,false,true
match-029bd047-369,forschung_muskelkraft,standard,0,7,5,10,10,25,14,11,false,false,false
match-894e7f89-370,solidaritaet_ueberleben,standard,1,6,5,19,23,47,25,22,false,false,false
match-894e7f89-370,forschung_muskelkraft,standard,0,9,3,13,14,30,15,15,true,false,false
match-10010ecc-371,solidaritaet_ueberleben,standard,1,6,4,16,22,42,20,22,true,false,false
match-10010ecc-371,forschung_muskelkraft,standard,0,7,4,17,20,41,20,21,false,false,false
match-96b3be0e-372,solidaritaet_ueberleben,standard,1,6,4,17,22,43,20,23,true,false,false
match-96b3be0e-372,forschung_muskelkraft,standard,0,9,4,21,24,49,20,29,false,false,false
match-1d664d51-373,forschung_muskelkraft,standard,0,7,4,18,21,43,20,23,true,false,false
match-1d664d51-373,solidaritaet_ueberleben,standard,1,10,3,9,10,22,11,11,false,false,false
match-2acb8bd6-375,forschung_muskelkraft,standard,0,6,5,13,13,31,22,9,true,false,false
match-b17e3b18-376,forschung_muskelkraft,standard,0,6,4,9,8,21,13,8,false,false,false
match-b17e3b18-376,solidaritaet_ueberleben,standard,1,6,4,14,17,35,20,15,true,false,false
match-3830ca5b-377,forschung_muskelkraft,standard,0,6,3,12,16,31,15,16,true,false,false
match-3830ca5b-377,solidaritaet_ueberleben,standard,1,10,5,23,25,53,25,28,false,false,false
match-bee3799d-378,solidaritaet_ueberleben,standard,1,7,3,15,16,34,15,19,false,false,false
match-bee3799d-378,forschung_muskelkraft,standard,0,9,2,10,12,24,10,14,true,false,false
match-459608e0-379,solidaritaet_ueberleben,standard,1,6,4,16,24,44,20,24,false,false,false
match-459608e0-379,forschung_muskelkraft,standard,0,8,3,14,15,32,15,17,true,false,false
match-cc48b822-380,forschung_muskelkraft,standard,0,7,3,15,19,37,15,22,true,false,false
match-cc48b822-380,solidaritaet_ueberleben,standard,1,10,5,10,10,25,13,12,false,false,false
match-52fb4765-381,forschung_muskelkraft,standard,0,7,3,9,14,26,15,11,true,false,true
match-d9adf6a7-382,forschung_muskelkraft,standard,0,7,4,7,8,19,9,10,true,true,true
match-606085ea-383,forschung_muskelkraft,standard,0,6,4,10,11,25,16,9,true,false,false
match-e713352c-384,forschung_muskelkraft,standard,0,7,5,13,15,33,14,19,true,true,true
match-6dc5c46f-385,solidaritaet_ueberleben,standard,1,6,4,15,19,38,20,18,true,true,true
match-f47873b1-386,forschung_muskelkraft,standard,0,6,3,8,11,22,14,8,true,false,false
match-f47873b1-386,solidaritaet_ueberleben,standard,1,6,4,14,17,35,20,15,false,false,false
match-7b2b02f4-387,forschung_muskelkraft,standard,0,7,5,13,15,33,17,16,false,false,false
match-01ddb237-388,forschung_muskelkraft,standard,0,8,4,5,6,15,12,3,false,false,false
match-01ddb237-388,solidaritaet_ueberleben,standard,1,8,5,22,22,49,24,25,true,false,true
match-0f42f0bc-390,forschung_muskelkraft,standard,0,7,3,14,17,34,15,19,false,false,false
match-0f42f0bc-390,solidaritaet_ueberleben,standard,1,14,4,16,16,36,20,16,true,false,true
match-95f59ffe-391,solidaritaet_ueberleben,standard,1,6,5,16,14,35,23,12,false,false,false
match-95f59ffe-391,forschung_muskelkraft,standard,0,7,3,12,13,28,15,13,true,false,false
match-1ca82f41-392,solidaritaet_ueberleben,standard,1,6,4,18,24,46,20,26,false,false,false
match-1ca82f41-392,forschung_muskelkraft,standard,0,7,3,9,12,24,15,9,true,false,false
match-2a0d6dc6-394,solidaritaet_ueberleben,standard,1,6,4,15,18,37,20,17,true,false,false
match-2a0d6dc6-394,forschung_muskelkraft,standard,0,10,5,4,4,13,9,4,false,false,false
match-b0c01d08-395,solidaritaet_ueberleben,standard,1,6,4,18,22,44,20,24,false,false,false
match-8acabba9-396,solidaritaet_ueberleben,standard,1,6,3,13,15,31,15,16,true,false,false
match-8acabba9-396,forschung_muskelkraft,standard,0,7,5,15,18,38,21,17,false,false,false
match-982ffa2e-398,forschung_muskelkraft,standard,0,9,5,24,27,56,25,31,false,false,false
match-1ee28971-399,solidaritaet_ueberleben,standard,1,7,2,9,11,22,10,12,true,false,false
match-1ee28971-399,forschung_muskelkraft,standard,0,10,4,10,12,26,16,10,false,false,false
match-09a4e536-400,forschung_muskelkraft,standard,0,9,3,9,6,18,11,7,true,false,false
match-90579478-401,forschung_muskelkraft,standard,0,6,3,7,6,16,10,6,false,false,false
match-fc3fa6b0-402,urzeitliche_kolosse,standard,1,7,3,16,18,37,15,22,true,true,true
match-82f255f3-403,forschung_muskelkraft,standard,0,6,3,9,7,19,14,5,false,false,false
match-82f255f3-403,urzeitliche_kolosse,standard,1,7,4,8,9,21,12,9,true,true,true
match-170a23bb-406,forschung_muskelkraft,standard,0,6,3,11,10,24,15,9,false,false,false
match-9dbcd2fd-407,urzeitliche_kolosse,standard,1,7,5,13,17,35,13,22,true,true,true
match-d40feb21-408,forschung_muskelkraft,standard,0,6,4,3,4,11,8,3,true,false,false
match-d40feb21-408,urzeitliche_kolosse,standard,1,10,3,0,0,3,3,0,false,false,false
match-5ac29a64-409,urzeitliche_kolosse,standard,1,6,3,11,11,25,14,11,true,false,true
match-c6aaac9c-410,forschung_muskelkraft,standard,0,8,3,14,10,27,15,12,true,false,false
match-c6aaac9c-410,urzeitliche_kolosse,standard,1,14,5,5,9,19,9,10,false,false,false
match-758d176e-413,forschung_muskelkraft,standard,0,8,3,4,4,11,7,4,false,false,false
match-758d176e-413,urzeitliche_kolosse,standard,1,12,5,5,5,15,9,6,true,true,true
match-e17529a6-414,forschung_muskelkraft,standard,0,6,4,11,7,22,17,5,false,false,false
match-e17529a6-414,urzeitliche_kolosse,standard,1,9,5,24,28,57,25,32,true,true,true
match-6827d8e9-415,urzeitliche_kolosse,standard,1,6,3,10,13,26,15,11,false,false,false
match-74cef95e-416,forschung_muskelkraft,standard,0,9,2,5,5,12,6,6,true,false,false
match-74cef95e-416,urzeitliche_kolosse,standard,1,10,5,3,6,14,9,5,false,false,false
match-6769bad9-418,urzeitliche_kolosse,standard,1,6,3,11,13,27,15,12,false,false,false
match-6769bad9-418,forschung_muskelkraft,standard,0,6,2,8,8,18,10,8,true,true,true
match-ee1c4a1b-419,forschung_muskelkraft,standard,0,9,1,6,4,11,5,6,true,false,true
match-8f997668-420,urzeitliche_kolosse,standard,1,6,2,9,10,21,10,11,false,false,false
match-8f997668-420,forschung_muskelkraft,standard,0,6,2,3,3,8,6,2,true,false,true
match-823437e3-422,urzeitliche_kolosse,standard,1,6,2,6,13,21,10,11,false,false,false
match-823437e3-422,forschung_muskelkraft,standard,0,8,2,11,12,25,10,15,true,true,true
match-3f39ff4a-424,urzeitliche_kolosse,standard,1,8,4,20,21,45,20,25,false,false,false
match-3f39ff4a-424,forschung_muskelkraft,standard,0,8,3,10,12,25,15,10,true,false,true
match-c5ec8e8c-425,forschung_muskelkraft,standard,0,9,3,13,14,30,15,15,false,false,false
match-c5ec8e8c-425,urzeitliche_kolosse,standard,1,12,3,16,19,38,15,23,true,true,true
match-31d4a0c5-426,urzeitliche_kolosse,standard,1,6,2,9,9,20,10,10,true,false,false
match-31d4a0c5-426,forschung_muskelkraft,standard,0,8,3,7,8,18,10,8,false,false,false
match-5a047c54-428,urzeitliche_kolosse,standard,1,6,2,9,8,19,10,9,false,false,false
match-5a047c54-428,forschung_muskelkraft,standard,0,7,2,3,3,8,6,2,true,false,false
match-e0b70b96-429,forschung_muskelkraft,standard,0,9,2,11,12,25,10,15,true,false,false
match-e0b70b96-429,urzeitliche_kolosse,standard,1,12,3,18,17,38,15,23,false,false,false
match-4c9f3dcf-430,forschung_muskelkraft,standard,0,8,2,6,8,16,10,6,true,false,false
match-4c9f3dcf-430,urzeitliche_kolosse,standard,1,9,3,13,14,30,15,15,false,false,false
match-dff8ed86-432,urzeitliche_kolosse,standard,1,6,3,10,12,25,15,10,false,false,false
match-dff8ed86-432,forschung_muskelkraft,standard,0,8,3,12,13,28,15,13,true,true,true
match-59465e44-435,urzeitliche_kolosse,standard,1,6,2,9,9,20,10,10,false,false,false
match-59465e44-435,forschung_muskelkraft,standard,0,7,2,8,8,18,10,8,true,false,true
match-fac36a90-436,forschung_muskelkraft,standard,0,6,3,11,12,26,15,11,false,false,false
match-fac36a90-436,urzeitliche_kolosse,standard,1,7,4,16,17,37,20,17,true,true,true
match-817619d3-437,urzeitliche_kolosse,standard,1,6,2,8,10,20,10,10,true,false,false
match-817619d3-437,forschung_muskelkraft,standard,0,6,2,7,7,16,10,6,false,false,false
match-7410db4e-439,urzeitliche_kolosse,standard,1,6,2,8,10,20,10,10,false,false,false
match-7410db4e-439,forschung_muskelkraft,standard,0,7,2,3,3,8,6,2,true,false,false
match-311682b5-441,urzeitliche_kolosse,standard,1,6,1,5,5,11,5,6,false,false,false
match-311682b5-441,forschung_muskelkraft,standard,0,6,2,8,8,18,10,8,true,false,false
match-9cfeb4ed-442,urzeitliche_kolosse,standard,1,6,2,7,8,17,10,7,false,false,false
match-9cfeb4ed-442,forschung_muskelkraft,standard,0,6,4,10,11,25,16,9,true,false,false
match-23b14430-443,forschung_muskelkraft,standard,0,7,2,9,9,20,10,10,false,false,false
match-23b14430-443,urzeitliche_kolosse,standard,1,9,5,13,15,33,17,16,true,true,true
match-4be11fbf-445,urzeitliche_kolosse,standard,1,6,3,11,15,29,15,14,false,false,false
match-4be11fbf-445,forschung_muskelkraft,standard,0,6,3,8,8,19,11,8,true,false,false
match-b7c931f7-446,urzeitliche_kolosse,standard,1,6,1,5,6,12,5,7,true,false,false
match-b7c931f7-446,forschung_muskelkraft,standard,0,8,5,4,7,16,9,7,false,false,false
match-3e7bc13a-447,forschung_muskelkraft,standard,0,6,2,7,8,17,10,7,true,false,false
match-3e7bc13a-447,urzeitliche_kolosse,standard,1,9,5,23,26,54,25,29,false,false,false
match-d1d590f1-449,urzeitliche_kolosse,standard,1,6,2,9,7,18,9,9,true,false,true
match-d1d590f1-449,forschung_muskelkraft,standard,0,6,3,9,7,19,15,4,false,false,false
match-3dbda32a-450,urzeitliche_kolosse,standard,1,6,2,9,9,20,10,10,true,false,false
match-c470526c-451,forschung_muskelkraft,standard,0,6,3,11,9,23,13,10,true,false,false
match-65ed7eb9-452,urzeitliche_kolosse,standard,1,6,2,8,7,17,10,7,false,false,false
match-65ed7eb9-452,forschung_muskelkraft,standard,0,8,2,11,12,25,10,15,true,false,false
match-eca00dfb-453,urzeitliche_kolosse,standard,1,9,5,26,29,60,25,35,true,true,true
match-58882034-454,urzeitliche_kolosse,standard,1,6,2,9,10,21,10,11,false,false,false
match-58882034-454,forschung_muskelkraft,standard,0,8,3,13,11,27,15,12,true,false,false
match-158de79b-456,forschung_muskelkraft,standard,0,6,3,9,9,21,11,10,true,false,false
match-158de79b-456,urzeitliche_kolosse,standard,1,7,5,9,9,23,13,10,false,false,false
match-9c4096dd-457,urzeitliche_kolosse,standard,1,6,2,9,9,20,10,10,false,false,false
match-0828a916-458,urzeitliche_kolosse,standard,1,6,2,7,7,16,9,7,true,false,true
match-0828a916-458,forschung_muskelkraft,standard,0,6,3,11,11,25,15,10,false,false,false
match-8edb5858-459,forschung_muskelkraft,standard,0,6,5,14,9,28,22,6,true,false,true
match-22f32620-462,urzeitliche_kolosse,standard,1,6,1,3,4,8,5,3,true,true,true
match-5cfcf494-464,forschung_muskelkraft,standard,0,11,3,11,12,26,15,11,true,true,true
match-e3af83d6-465,urzeitliche_kolosse,standard,1,6,2,9,10,21,10,11,false,false,false
match-e3af83d6-465,forschung_muskelkraft,standard,0,8,3,11,12,26,11,15,true,true,true
match-d64a4551-467,urzeitliche_kolosse,standard,1,6,1,3,5,9,5,4,false,false,false
match-d64a4551-467,forschung_muskelkraft,standard,0,8,2,9,10,21,10,11,true,true,true
match-f114c25b-471,urzeitliche_kolosse,standard,1,6,3,12,14,29,15,14,false,false,false
match-f114c25b-471,forschung_muskelkraft,standard,0,8,2,9,11,22,10,12,true,false,true
match-ae1a89c2-473,forschung_muskelkraft,standard,0,8,5,19,13,37,19,18,true,true,true
match-a0b54b3d-475,urzeitliche_kolosse,standard,1,8,4,16,22,42,20,22,false,false,false
match-c8e506cc-477,urzeitliche_kolosse,standard,1,8,2,10,13,25,10,15,true,true,true
match-c826e8bc-480,forschung_muskelkraft,standard,0,6,4,14,15,33,20,13,true,false,false
match-4ed997ff-481,urzeitliche_kolosse,standard,1,6,2,9,10,21,10,11,true,false,true
match-4ed997ff-481,forschung_muskelkraft,standard,0,6,4,14,14,32,20,12,false,false,false
match-9291eea8-488,urzeitliche_kolosse,standard,1,7,3,15,22,40,15,25,true,false,false
match-9291eea8-488,forschung_muskelkraft,standard,0,8,4,7,10,21,12,9,false,false,false
match-852cb023-490,forschung_muskelkraft,standard,0,6,3,8,8,19,11,8,false,false,false
match-0bdf5f66-491,urzeitliche_kolosse,standard,1,6,3,11,14,28,15,13,true,false,true
match-0bdf5f66-491,forschung_muskelkraft,standard,0,6,3,8,8,19,11,8,false,false,false
match-ad5c6bb2-492,urzeitliche_kolosse,standard,1,7,4,12,13,29,12,17,true,false,true
match-340f1af5-493,urzeitliche_kolosse,standard,1,6,3,9,12,24,15,9,true,true,true
match-9ff72d2d-494,urzeitliche_kolosse,standard,1,6,2,7,6,15,10,5,true,true,true
match-26a9dc70-495,urzeitliche_kolosse,standard,1,7,4,19,22,45,20,25,false,false,false
match-26a9dc70-495,forschung_muskelkraft,standard,0,9,1,4,7,12,5,7,true,true,true
match-3350fce5-496,urzeitliche_kolosse,standard,1,6,2,7,8,17,10,7,false,false,false
match-25ebbe60-498,forschung_muskelkraft,standard,0,7,4,4,4,12,8,4,false,false,false
match-ac9e4da2-499,forschung_muskelkraft,standard,0,6,2,8,9,19,10,9,true,false,true
match-ac9e4da2-499,urzeitliche_kolosse,standard,1,8,4,16,15,35,18,17,false,false,false
match-e6d27582-501,forschung_muskelkraft,standard,0,8,3,4,3,10,7,3,false,false,false
match-e6d27582-501,urzeitliche_kolosse,standard,1,9,4,21,25,50,20,30,true,false,true
match-d96d36fd-503,forschung_muskelkraft,standard,0,6,3,12,11,26,15,11,false,false,false
match-cc07f878-505,urzeitliche_kolosse,standard,1,6,2,10,12,24,10,14,true,false,false
match-cc07f878-505,forschung_muskelkraft,standard,0,7,5,11,10,26,17,9,false,false,false
match-45554936-506,urzeitliche_kolosse,standard,1,7,3,12,19,34,15,19,true,false,false
match-45554936-506,forschung_muskelkraft,standard,0,7,3,10,9,22,14,8,false,false,false
match-bea2b9f3-507,forschung_muskelkraft,standard,0,6,2,8,8,18,10,8,false,false,false
match-bea2b9f3-507,urzeitliche_kolosse,standard,1,8,5,10,13,28,16,12,true,false,false
match-a31a1ed9-508,urzeitliche_kolosse,standard,1,6,3,14,16,33,15,18,false,false,false
match-a31a1ed9-508,forschung_muskelkraft,standard,0,7,3,10,9,22,15,7,true,false,false
match-1c676f97-509,urzeitliche_kolosse,standard,1,8,4,18,25,47,20,27,false,false,false
match-95b4c054-510,urzeitliche_kolosse,standard,1,6,4,15,18,37,20,17,false,false,false
match-95b4c054-510,forschung_muskelkraft,standard,0,9,2,9,10,21,10,11,true,false,false
match-884f81cf-512,forschung_muskelkraft,standard,0,6,2,6,4,12,8,4,false,false,false
match-884f81cf-512,urzeitliche_kolosse,standard,1,7,2,8,8,18,10,8,true,true,true
match-019cf28d-513,forschung_muskelkraft,standard,0,7,4,9,8,21,12,9,true,true,true
match-7aea434a-514,urzeitliche_kolosse,standard,1,7,2,9,10,21,10,11,true,false,true
match-f437b407-515,forschung_muskelkraft,standard,0,8,3,11,15,29,15,14,true,false,false
match-f437b407-515,urzeitliche_kolosse,standard,1,8,4,8,9,21,12,9,false,false,false
match-44972b26-519,urzeitliche_kolosse,standard,1,6,4,16,15,35,20,15,true,false,false
match-44972b26-519,forschung_muskelkraft,standard,0,7,5,13,16,34,21,13,false,false,false
match-bde49be3-520,urzeitliche_kolosse,standard,1,6,3,12,15,30,15,15,false,false,false
match-bde49be3-520,forschung_muskelkraft,standard,0,9,3,13,10,26,15,11,true,false,false
match-3731eca1-521,urzeitliche_kolosse,standard,1,6,2,10,11,23,10,13,true,false,false
match-3731eca1-521,forschung_muskelkraft,standard,0,8,3,4,7,14,7,7,false,false,false
match-879163bf-525,urzeitliche_kolosse,standard,1,7,3,15,16,34,15,19,false,false,false
match-879163bf-525,forschung_muskelkraft,standard,0,9,3,14,10,27,15,12,true,true,true
match-00ded47d-526,urzeitliche_kolosse,standard,1,6,2,9,10,21,10,11,true,false,false
match-00ded47d-526,forschung_muskelkraft,standard,0,9,4,12,11,27,16,11,false,false,false
match-7a2c253a-527,urzeitliche_kolosse,standard,1,7,2,11,12,25,10,15,true,false,true
match-7a2c253a-527,forschung_muskelkraft,standard,0,8,2,3,3,8,6,2,false,false,false
match-f37995f7-528,urzeitliche_kolosse,standard,1,6,3,14,15,32,15,17,true,false,false
match-f37995f7-528,forschung_muskelkraft,standard,0,7,4,11,14,29,16,13,false,false,false
match-6cc6e6b5-529,forschung_muskelkraft,standard,0,6,2,8,7,17,10,7,false,false,false
match-6cc6e6b5-529,urzeitliche_kolosse,standard,1,6,2,8,9,19,10,9,true,false,true
match-e6145772-530,urzeitliche_kolosse,standard,1,7,3,13,19,35,15,20,false,false,false
match-e6145772-530,forschung_muskelkraft,standard,0,7,5,9,7,21,15,6,true,false,true
match-5f61a830-531,urzeitliche_kolosse,standard,1,6,4,18,20,42,20,22,true,false,false
match-5f61a830-531,forschung_muskelkraft,standard,0,7,4,11,10,25,16,9,false,false,false
match-3673ce91-534,forschung_muskelkraft,standard,0,7,4,14,18,36,20,16,true,true,true
match-afc13f4e-535,forschung_muskelkraft,standard,0,7,3,4,7,14,7,7,false,false,false
match-afc13f4e-535,urzeitliche_kolosse,standard,1,9,4,9,9,22,12,10,true,true,true
match-290e900c-536,urzeitliche_kolosse,standard,1,6,3,13,16,32,15,17,false,false,false
match-290e900c-536,forschung_muskelkraft,standard,0,7,3,11,10,24,15,9,true,false,false
match-a25be0c9-537,forschung_muskelkraft,standard,0,7,4,8,6,18,12,6,false,false,false
match-a25be0c9-537,urzeitliche_kolosse,standard,1,9,4,19,28,51,20,31,true,true,true
match-1ba95187-538,forschung_muskelkraft,standard,0,7,2,8,5,15,10,5,true,false,false
match-1ba95187-538,urzeitliche_kolosse,standard,1,10,5,25,35,65,25,40,false,false,false
match-94f6a244-539,forschung_muskelkraft,standard,0,6,3,10,7,20,13,7,true,false,false
match-6c08c8a5-542,urzeitliche_kolosse,standard,1,6,3,14,16,33,15,18,false,false,false
match-e5563962-543,forschung_muskelkraft,standard,0,7,4,4,7,15,8,7,false,false,false
match-e5563962-543,urzeitliche_kolosse,standard,1,8,4,18,24,46,20,26,true,false,false
match-5ea38a20-544,urzeitliche_kolosse,standard,1,6,3,5,6,14,7,7,true,true,true
match-d7f0fadd-545,forschung_muskelkraft,standard,0,7,3,11,11,25,15,10,true,false,true
match-af03013e-548,forschung_muskelkraft,standard,0,7,3,12,13,28,14,14,false,false,false
match-285071fc-549,urzeitliche_kolosse,standard,1,6,4,17,22,43,20,23,false,false,false
match-285071fc-549,forschung_muskelkraft,standard,0,12,4,13,12,29,20,9,true,true,true
match-1aeb3377-551,urzeitliche_kolosse,standard,1,6,2,8,10,20,10,10,true,false,false
match-1aeb3377-551,forschung_muskelkraft,standard,0,7,4,7,10,21,12,9,false,false,false
match-94388434-552,urzeitliche_kolosse,standard,1,7,3,14,19,36,15,21,true,false,false
match-94388434-552,forschung_muskelkraft,standard,0,7,5,9,11,25,17,8,false,false,false
match-0d85f4f2-553,forschung_muskelkraft,standard,0,9,3,14,13,30,14,16,true,true,true
match-86d345af-554,urzeitliche_kolosse,standard,1,6,3,13,13,29,15,14,true,false,false
match-86d345af-554,forschung_muskelkraft,standard,0,7,3,6,5,14,11,3,false,false,false
match-0020b66d-555,forschung_muskelkraft,standard,0,6,2,6,4,12,10,2,true,false,false
match-0020b66d-555,urzeitliche_kolosse,standard,1,6,3,11,11,25,15,10,false,false,false
match-e4981b52-556,urzeitliche_kolosse,standard,1,6,5,22,25,52,25,27,true,false,true
match-5de56c10-557,urzeitliche_kolosse,standard,1,7,2,10,14,26,10,16,false,false,false
match-5de56c10-557,forschung_muskelkraft,standard,0,7,3,12,12,27,15,12,true,false,false
match-d732dccd-558,urzeitliche_kolosse,standard,1,6,3,14,15,32,15,17,true,false,false
match-d732dccd-558,forschung_muskelkraft,standard,0,7,2,7,10,19,10,9,false,false,false
match-c9cd9e48-560,forschung_muskelkraft,standard,0,7,4,8,11,23,12,11,true,false,false
match-c9cd9e48-560,urzeitliche_kolosse,standard,1,11,4,18,19,41,16,25,false,false,false
match-431aef06-561,forschung_muskelkraft,standard,0,7,4,13,10,27,16,11,true,true,true
match-bc685fc3-562,urzeitliche_kolosse,standard,1,6,2,10,12,24,10,14,true,false,true
match-bc685fc3-562,forschung_muskelkraft,standard,0,7,4,13,10,27,20,7,false,false,false
match-35b5b081-563,forschung_muskelkraft,standard,0,9,2,10,6,18,10,8,true,true,true
match-1a2d1567-564,urzeitliche_kolosse,standard,1,8,5,24,26,55,25,30,true,true,true
match-1a2d1567-564,forschung_muskelkraft,standard,0,9,4,15,14,33,20,13,false,false,false
match-937a6624-565,urzeitliche_kolosse,standard,1,6,4,17,21,42,20,22,true,false,false
match-937a6624-565,forschung_muskelkraft,standard,0,10,2,11,12,25,10,15,false,false,false
match-0cc7d6e2-566,urzeitliche_kolosse,standard,1,6,2,10,12,24,10,14,false,false,false
match-0cc7d6e2-566,forschung_muskelkraft,standard,0,7,5,7,7,19,13,6,true,false,false
match-8615279f-567,urzeitliche_kolosse,standard,1,6,3,12,20,35,15,20,true,true,true
match-f1fd59d7-570,urzeitliche_kolosse,standard,1,6,3,13,16,32,15,17,true,false,true
match-6b4aaa95-571,forschung_muskelkraft,standard,0,8,2,4,4,10,6,4,false,false,false
match-4fc20f7b-572,urzeitliche_kolosse,standard,1,6,5,20,24,49,25,24,true,false,true
match-c90f6038-573,forschung_muskelkraft,standard,0,7,3,4,7,14,7,7,false,false,false
match-425cd0f6-574,urzeitliche_kolosse,standard,1,6,3,13,15,31,15,16,true,false,false
match-34f79271-576,forschung_muskelkraft,standard,0,6,3,5,5,13,7,6,false,false,false
match-ae44e32e-577,urzeitliche_kolosse,standard,1,6,2,10,12,24,10,14,true,true,true
match-ae44e32e-577,forschung_muskelkraft,standard,0,7,4,12,11,27,20,7,false,false,false
match-a0dfa4a9-579,forschung_muskelkraft,standard,0,6,4,7,6,17,12,5,false,false,false
match-a0dfa4a9-579,urzeitliche_kolosse,standard,1,6,3,11,13,27,15,12,true,false,false
match-8557098f-580,forschung_muskelkraft,standard,0,7,4,14,8,26,19,7,false,false,false
match-f13f3bc7-583,urzeitliche_kolosse,standard,1,10,5,6,7,18,9,9,true,true,true
match-6a8c8c85-584,urzeitliche_kolosse,standard,1,6,3,12,12,27,14,13,false,false,false
match-6a8c8c85-584,forschung_muskelkraft,standard,0,8,2,7,10,19,10,9,true,true,true
match-e3d9fd42-585,urzeitliche_kolosse,standard,1,6,2,10,12,24,10,14,true,false,false
match-5d274e00-586,urzeitliche_kolosse,standard,1,6,3,13,17,33,15,18,true,false,false
match-5d274e00-586,forschung_muskelkraft,standard,0,8,2,8,11,21,10,11,false,false,false
match-baec03a3-588,urzeitliche_kolosse,standard,1,7,3,14,18,35,15,20,false,false,false
match-baec03a3-588,forschung_muskelkraft,standard,0,9,3,9,5,17,10,7,true,false,true
match-34397461-589,forschung_muskelkraft,standard,0,6,3,4,4,11,7,4,false,false,false
match-34397461-589,urzeitliche_kolosse,standard,1,6,4,16,13,33,19,14,true,false,false
match-ad86c51e-590,forschung_muskelkraft,standard,0,7,3,10,9,22,15,7,true,false,false
match-ad86c51e-590,urzeitliche_kolosse,standard,1,10,5,14,15,34,17,17,false,false,false
match-26d435dc-591,urzeitliche_kolosse,standard,1,6,3,12,15,30,15,15,true,false,false
match-26d435dc-591,forschung_muskelkraft,standard,0,9,4,14,15,33,20,13,false,false,false
match-a0218699-592,urzeitliche_kolosse,standard,1,6,3,11,12,26,15,11,true,false,true
match-0c09b8d2-595,urzeitliche_kolosse,standard,1,6,3,11,13,27,15,12,true,false,false
match-0c09b8d2-595,forschung_muskelkraft,standard,0,7,2,8,7,17,10,7,false,false,false
match-e31bdf32-598,urzeitliche_kolosse,standard,1,6,3,13,15,31,15,16,false,false,false
match-e31bdf32-598,forschung_muskelkraft,standard,0,7,3,11,12,26,15,11,true,false,true
match-5c692ff0-599,urzeitliche_kolosse,standard,1,9,4,21,18,43,18,25,false,false,false
match-58901ece-600,solidaritaet_ueberleben,standard,1,7,5,13,10,28,22,6,true,false,true
match-d1dd6f8b-601,rudeljaeger,standard,0,6,3,12,13,28,15,13,false,false,false
match-d1dd6f8b-601,solidaritaet_ueberleben,standard,1,7,5,7,7,19,13,6,true,false,false
match-c4783106-603,rudeljaeger,standard,0,11,2,5,4,11,10,1,true,false,true
match-c4783106-603,solidaritaet_ueberleben,standard,1,11,5,15,13,33,25,8,false,false,false
match-b712f281-605,rudeljaeger,standard,0,6,5,19,22,46,24,22,true,false,false
match-b712f281-605,solidaritaet_ueberleben,standard,1,14,2,4,2,8,8,0,false,false,false
match-22fb04ba-608,rudeljaeger,standard,0,6,3,11,11,25,12,13,false,false,false
match-9c487577-609,rudeljaeger,standard,0,10,5,19,24,48,24,24,false,false,false
match-1595c635-610,solidaritaet_ueberleben,standard,1,6,2,5,4,11,10,1,false,false,false
match-8ee336f2-611,solidaritaet_ueberleben,standard,1,10,3,7,6,16,11,5,true,false,false
match-8ee336f2-611,rudeljaeger,standard,0,11,5,11,11,27,17,10,false,false,false
match-083087b0-612,solidaritaet_ueberleben,standard,1,7,5,13,10,28,22,6,true,false,false
match-083087b0-612,rudeljaeger,standard,0,10,5,17,16,38,22,16,false,false,false
match-817df86d-613,rudeljaeger,standard,0,6,5,20,22,47,24,23,true,false,false
match-817df86d-613,solidaritaet_ueberleben,standard,1,9,5,19,13,37,23,14,false,false,false
match-facb492a-614,solidaritaet_ueberleben,standard,1,7,2,8,6,16,10,6,false,false,false
match-facb492a-614,rudeljaeger,standard,0,8,3,12,13,28,15,13,true,false,false
match-7418b9e8-615,solidaritaet_ueberleben,standard,1,6,4,10,8,22,17,5,true,false,false
match-7418b9e8-615,rudeljaeger,standard,0,6,3,9,13,25,15,10,false,false,false
match-ed660aa5-616,solidaritaet_ueberleben,standard,1,7,4,8,5,17,11,6,true,false,false
match-e000cc20-618,solidaritaet_ueberleben,standard,1,6,3,0,0,3,3,0,true,false,false
match-e000cc20-618,rudeljaeger,standard,0,6,3,10,11,24,15,9,false,false,false
match-594e3cde-619,rudeljaeger,standard,0,6,4,16,15,35,18,17,true,false,false
match-594e3cde-619,solidaritaet_ueberleben,standard,1,9,4,14,8,26,18,8,false,false,false
match-d29b8d9b-620,solidaritaet_ueberleben,standard,1,6,2,4,1,7,7,0,true,false,false
match-d29b8d9b-620,rudeljaeger,standard,0,6,5,12,16,33,22,11,false,false,false
match-c5364f16-622,rudeljaeger,standard,0,12,3,6,7,16,7,9,true,false,true
match-c5364f16-622,solidaritaet_ueberleben,standard,1,14,4,12,13,29,20,9,false,false,false
match-3e83bfd4-623,rudeljaeger,standard,0,8,5,23,25,53,24,29,false,false,false
match-3e83bfd4-623,solidaritaet_ueberleben,standard,1,10,3,10,8,21,14,7,false,false,false
match-311e614f-625,solidaritaet_ueberleben,standard,1,7,3,12,8,23,15,8,false,false,false
match-23b922ca-627,rudeljaeger,standard,0,6,4,17,21,42,20,22,false,false,false
match-23b922ca-627,solidaritaet_ueberleben,standard,1,7,3,10,9,22,15,7,true,false,false
match-1653e445-629,rudeljaeger,standard,0,6,3,9,12,24,14,10,true,false,false
match-1653e445-629,solidaritaet_ueberleben,standard,1,10,4,6,4,14,10,4,false,false,false
match-823c167d-632,rudeljaeger,standard,0,6,4,7,8,19,8,11,false,false,false
match-823c167d-632,solidaritaet_ueberleben,standard,1,8,4,13,9,26,18,8,true,false,true
match-67719973-636,solidaritaet_ueberleben,standard,1,12,2,0,0,2,2,0,false,false,false
match-e0beea30-637,rudeljaeger,standard,0,8,5,23,27,55,25,30,false,false,false
match-e0beea30-637,solidaritaet_ueberleben,standard,1,10,3,7,7,17,11,6,true,true,true
match-5a0c5aee-638,solidaritaet_ueberleben,standard,1,6,3,8,6,17,13,4,false,false,false
match-5a0c5aee-638,rudeljaeger,standard,0,6,5,14,18,37,24,13,false,false,false
match-4ca71c69-640,solidaritaet_ueberleben,standard,1,6,2,8,6,16,10,6,true,false,false
match-4ca71c69-640,rudeljaeger,standard,0,12,3,9,9,21,11,10,false,false,false
match-c5f46d26-641,rudeljaeger,standard,0,6,4,17,17,38,19,19,false,false,false
match-c5f46d26-641,solidaritaet_ueberleben,standard,1,8,3,7,3,13,12,1,true,false,false
match-31dc9f5f-644,rudeljaeger,standard,0,6,5,14,12,31,23,8,false,false,false
match-ab29f01c-645,solidaritaet_ueberleben,standard,1,6,2,7,6,15,10,5,true,false,false
match-ab29f01c-645,rudeljaeger,standard,0,7,3,0,0,3,3,0,false,false,false
match-9dc4b197-647,rudeljaeger,standard,0,7,4,10,12,26,16,10,true,false,false
match-9dc4b197-647,solidaritaet_ueberleben,standard,1,7,4,7,7,18,12,6,false,false,false
match-17120255-648,rudeljaeger,standard,0,6,4,17,20,41,20,21,true,false,false
match-905f7312-649,rudeljaeger,standard,0,6,3,12,15,30,15,15,false,false,false
match-fc47854a-652,rudeljaeger,standard,0,6,3,13,16,32,15,17,true,false,false
match-fc47854a-652,solidaritaet_ueberleben,standard,1,10,3,12,8,23,13,10,false,false,false
match-7594f608-653,rudeljaeger,standard,0,6,4,17,21,42,20,22,true,false,false
match-7594f608-653,solidaritaet_ueberleben,standard,1,9,3,10,10,23,15,8,false,false,false
match-eee246c5-654,rudeljaeger,standard,0,6,4,15,15,34,18,16,false,false,false
match-e17d0840-656,solidaritaet_ueberleben,standard,1,6,3,13,10,26,15,11,true,false,false
match-e17d0840-656,rudeljaeger,standard,0,6,3,8,7,18,12,6,false,false,false
match-5aca78fe-657,solidaritaet_ueberleben,standard,1,6,2,8,8,18,10,8,true,false,false
match-d417c9bb-658,solidaritaet_ueberleben,standard,1,9,5,3,0,8,7,1,false,false,false
match-d417c9bb-658,rudeljaeger,standard,0,14,4,7,6,17,12,5,true,false,true
match-4d653a79-659,rudeljaeger,standard,0,9,3,8,8,19,12,7,true,true,true
match-3ffffbf4-661,solidaritaet_ueberleben,standard,1,7,3,9,7,19,14,5,true,false,false
match-3ffffbf4-661,rudeljaeger,standard,0,11,4,14,18,36,20,16,false,false,false
match-b94d4cb1-662,rudeljaeger,standard,0,6,4,6,8,18,8,10,true,false,false
match-b94d4cb1-662,solidaritaet_ueberleben,standard,1,10,4,10,9,23,16,7,false,false,false
match-329abd6f-663,solidaritaet_ueberleben,standard,1,6,3,10,8,21,15,6,false,false,false
match-329abd6f-663,rudeljaeger,standard,0,6,5,7,10,22,16,6,true,false,true
match-25357eea-665,rudeljaeger,standard,0,8,4,12,14,30,12,18,false,false,false
match-25357eea-665,solidaritaet_ueberleben,standard,1,9,4,13,12,29,19,10,true,false,true
match-9e82cfa7-666,rudeljaeger,standard,0,7,2,9,11,22,10,12,true,true,true
match-17d02065-667,solidaritaet_ueberleben,standard,1,7,4,2,0,6,6,0,true,false,false
match-17d02065-667,rudeljaeger,standard,0,10,5,20,27,52,25,27,false,false,false
match-911d9122-668,solidaritaet_ueberleben,standard,1,6,1,4,4,9,5,4,false,false,false
match-911d9122-668,rudeljaeger,standard,0,10,2,9,11,22,10,12,true,false,false
match-0a6ae1e0-669,rudeljaeger,standard,0,7,3,13,15,31,15,16,true,false,false
match-0a6ae1e0-669,solidaritaet_ueberleben,standard,1,7,3,10,9,22,15,7,false,false,false
match-76531418-672,rudeljaeger,standard,0,6,4,15,13,32,18,14,false,false,false
match-76531418-672,solidaritaet_ueberleben,standard,1,11,4,10,6,20,15,5,true,false,false
match-efa064d5-673,rudeljaeger,standard,0,6,4,11,14,29,19,10,false,false,false
match-68edd593-674,solidaritaet_ueberleben,standard,1,6,3,7,6,16,15,1,false,false,false
match-68edd593-674,rudeljaeger,standard,0,7,3,8,12,23,15,8,true,false,false
match-e23b2650-675,rudeljaeger,standard,0,6,5,11,15,31,21,10,false,false,false
match-5b88970e-676,rudeljaeger,standard,0,9,1,5,6,12,5,7,true,false,false
match-5b88970e-676,solidaritaet_ueberleben,standard,1,11,4,14,13,31,20,11,false,false,false
match-d4d5e7cb-677,solidaritaet_ueberleben,standard,1,6,3,12,8,23,15,8,true,false,false
match-4e235889-678,rudeljaeger,standard,0,6,5,18,21,44,24,20,true,true,true
match-40be1a04-680,rudeljaeger,standard,0,7,5,14,14,33,25,8,true,false,false
match-40be1a04-680,solidaritaet_ueberleben,standard,1,13,5,16,10,31,23,8,false,false,false
match-ba0b6ac1-681,rudeljaeger,standard,0,6,3,11,11,25,13,12,false,false,false
match-ba0b6ac1-681,solidaritaet_ueberleben,standard,1,7,5,16,15,36,25,11,true,false,false
match-3358db7f-682,solidaritaet_ueberleben,standard,1,8,3,10,8,21,15,6,false,false,false
match-25f39cfa-684,rudeljaeger,standard,0,6,3,13,15,31,15,16,true,false,false
match-25f39cfa-684,solidaritaet_ueberleben,standard,1,7,2,8,7,17,10,7,false,false,false
match-9f40edb7-685,solidaritaet_ueberleben,standard,1,7,4,9,8,21,16,5,true,true,true
match-188e5e75-686,rudeljaeger,standard,0,7,4,1,0,5,5,0,false,false,false
match-188e5e75-686,solidaritaet_ueberleben,standard,1,7,5,19,13,37,23,14,true,false,true
match-847670ad-689,rudeljaeger,standard,0,6,5,14,12,31,20,11,false,false,false
match-847670ad-689,solidaritaet_ueberleben,standard,1,10,5,4,2,11,9,2,true,false,false
match-77113228-691,rudeljaeger,standard,0,6,3,11,16,30,14,16,false,false,false
match-77113228-691,solidaritaet_ueberleben,standard,1,11,2,8,6,16,10,6,false,false,false
match-f05e82e5-692,rudeljaeger,standard,0,6,1,3,5,9,5,4,true,false,false
match-f05e82e5-692,solidaritaet_ueberleben,standard,1,12,3,10,10,23,15,8,false,false,false
match-69abf3a3-693,rudeljaeger,standard,0,6,4,14,16,34,19,15,true,false,false
match-5c46b51e-695,rudeljaeger,standard,0,10,5,17,22,44,25,19,false,false,false
match-5c46b51e-695,solidaritaet_ueberleben,standard,1,12,3,10,8,21,13,8,true,false,false
match-d59405db-696,rudeljaeger,standard,0,6,2,6,6,14,7,7,true,true,true
match-4ee17699-697,solidaritaet_ueberleben,standard,1,8,4,11,10,25,20,5,true,true,true
match-417c3814-699,rudeljaeger,standard,0,8,4,17,20,41,20,21,false,false,false
match-417c3814-699,solidaritaet_ueberleben,standard,1,10,3,9,6,18,13,5,true,false,false
match-4322cda0-700,rudeljaeger,standard,0,6,3,7,6,16,12,4,true,false,false
match-4322cda0-700,solidaritaet_ueberleben,standard,1,10,3,8,6,17,15,2,false,false,false
match-50880c25-702,rudeljaeger,standard,0,6,3,8,12,23,14,9,false,false,false
match-c9d57ce2-703,rudeljaeger,standard,0,7,2,10,12,24,10,14,true,false,false
match-c9d57ce2-703,solidaritaet_ueberleben,standard,1,8,5,6,5,16,13,3,false,false,false
match-28585096-704,rudeljaeger,standard,0,8,2,9,10,21,10,11,true,false,false
match-28585096-704,solidaritaet_ueberleben,standard,1,9,2,7,7,16,10,6,false,false,false
match-35bd8f1b-706,rudeljaeger,standard,0,6,4,12,16,32,19,13,true,false,true
match-af0affd8-707,solidaritaet_ueberleben,standard,1,9,1,2,2,5,5,0,false,false,false
match-af0affd8-707,rudeljaeger,standard,0,9,5,3,3,11,9,2,true,false,false
match-0d8dd38c-708,solidaritaet_ueberleben,standard,1,7,3,6,6,15,11,4,false,false,false
match-0d8dd38c-708,rudeljaeger,standard,0,8,3,12,13,28,15,13,true,false,false
match-1af31211-710,rudeljaeger,standard,0,6,3,8,12,23,14,9,false,false,false
match-1af31211-710,solidaritaet_ueberleben,standard,1,6,5,15,12,32,22,10,true,false,false
match-944062ce-711,rudeljaeger,standard,0,6,3,7,7,17,13,4,true,true,true
match-944062ce-711,solidaritaet_ueberleben,standard,1,6,4,16,13,33,20,13,false,false,false
match-6c10a73f-713,rudeljaeger,standard,0,11,5,14,15,34,18,16,true,true,true
match-00289507-714,rudeljaeger,standard,0,9,5,0,0,5,5,0,false,false,false
match-7975e5c4-715,rudeljaeger,standard,0,6,2,3,0,5,5,0,false,false,false
match-d7f8d977-716,rudeljaeger,standard,0,6,3,12,14,29,15,14,true,false,false
match-e55e17fc-718,rudeljaeger,standard,0,11,5,13,12,30,20,10,false,false,false
match-5eab68ba-719,solidaritaet_ueberleben,standard,1,8,4,12,8,24,20,4,true,true,true
match-bd2e5c6d-720,solidaritaet_ueberleben,standard,1,9,4,11,10,25,20,5,true,false,false
match-bd2e5c6d-720,rudeljaeger,standard,0,9,3,8,9,20,11,9,false,false,false
match-367bad2b-721,rudeljaeger,standard,0,7,5,17,16,38,23,15,false,false,false
match-ca939af2-722,rudeljaeger,standard,0,7,4,14,15,33,17,16,true,false,false
match-ca939af2-722,solidaritaet_ueberleben,standard,1,9,3,10,9,22,15,7,false,false,false
match-1bb13021-725,rudeljaeger,standard,0,6,2,6,9,17,10,7,true,true,true
match-29166ea6-727,solidaritaet_ueberleben,standard,1,7,3,9,8,20,15,5,false,false,false
match-29166ea6-727,rudeljaeger,standard,0,12,3,13,16,32,15,17,true,true,true
match-87994259-728,rudeljaeger,standard,0,7,4,19,21,44,20,24,false,false,false
match-94fe80de-730,solidaritaet_ueberleben,standard,1,7,5,9,8,22,13,9,true,true,true
match-6ccec54f-732,solidaritaet_ueberleben,standard,1,6,3,13,10,26,15,11,true,false,false
match-6ccec54f-732,rudeljaeger,standard,0,11,4,7,8,19,12,7,false,false,false
match-e61c360c-733,rudeljaeger,standard,0,6,3,7,8,18,13,5,true,true,true
match-7a3403d4-734,rudeljaeger,standard,0,6,2,6,9,17,10,7,false,false,false
match-7a3403d4-734,solidaritaet_ueberleben,standard,1,9,2,9,8,19,10,9,true,true,true
match-f3817491-735,solidaritaet_ueberleben,standard,1,6,4,10,8,22,17,5,true,false,false
match-f3817491-735,rudeljaeger,standard,0,8,3,10,9,22,13,9,false,false,false
match-52044845-736,rudeljaeger,standard,0,6,4,12,13,29,19,10,false,false,false
match-52044845-736,solidaritaet_ueberleben,standard,1,10,3,11,7,21,14,7,true,true,true
match-cb51b902-737,solidaritaet_ueberleben,standard,1,6,4,15,12,31,20,11,true,false,false
match-d8b6f787-739,rudeljaeger,standard,0,8,3,12,13,28,15,13,false,false,false
match-d8b6f787-739,solidaritaet_ueberleben,standard,1,8,5,3,3,11,9,2,true,false,false
match-3739cb3b-740,solidaritaet_ueberleben,standard,1,6,4,14,12,30,20,10,false,false,false
match-3739cb3b-740,rudeljaeger,standard,0,11,5,12,13,30,13,17,true,false,false
match-449f09c0-742,rudeljaeger,standard,0,6,3,8,8,19,15,4,true,true,true
match-1c6f4e31-744,solidaritaet_ueberleben,standard,1,6,4,14,12,30,20,10,false,false,false
match-1c6f4e31-744,rudeljaeger,standard,0,7,2,8,9,19,10,9,true,false,false
match-95bcbeee-745,rudeljaeger,standard,0,6,4,12,17,33,20,13,true,false,false
match-95bcbeee-745,solidaritaet_ueberleben,standard,1,10,4,12,6,22,16,6,false,false,false
match-29d48cb6-746,rudeljaeger,standard,0,6,4,11,13,28,19,9,false,false,false
match-29d48cb6-746,solidaritaet_ueberleben,standard,1,9,3,10,8,21,15,6,true,false,true
match-a321fd73-747,solidaritaet_ueberleben,standard,1,9,4,7,6,17,12,5,true,true,true
match-01a4d127-748,solidaritaet_ueberleben,standard,1,6,5,16,12,33,22,11,false,false,false
match-01a4d127-748,rudeljaeger,standard,0,9,4,19,22,45,20,25,true,false,false
match-0f0a0fac-750,rudeljaeger,standard,0,6,3,8,13,24,14,10,true,false,false
match-0f0a0fac-750,solidaritaet_ueberleben,standard,1,6,3,8,6,17,14,3,false,false,false
match-88576069-751,solidaritaet_ueberleben,standard,1,8,4,17,12,33,20,13,false,false,false
match-88576069-751,rudeljaeger,standard,0,10,2,8,8,18,10,8,true,false,false
match-e6da541c-752,solidaritaet_ueberleben,standard,1,11,4,15,10,29,18,11,false,false,false
match-6027a4da-753,solidaritaet_ueberleben,standard,1,6,3,12,8,23,15,8,true,false,false
match-6027a4da-753,rudeljaeger,standard,0,7,3,11,11,25,15,10,false,false,false
match-f43f92a1-754,rudeljaeger,standard,0,7,2,7,10,19,10,9,true,true,true
match-6d8ce35f-755,rudeljaeger,standard,0,7,2,6,10,18,9,9,true,false,false
match-455d27d0-757,rudeljaeger,standard,0,6,2,7,10,19,10,9,false,false,false
match-455d27d0-757,solidaritaet_ueberleben,standard,1,7,3,3,3,9,7,2,true,false,true
match-d9751597-758,rudeljaeger,standard,0,7,4,16,19,39,19,20,true,false,false
match-52c26655-759,rudeljaeger,standard,0,6,2,7,6,15,10,5,false,false,false
match-2a92aac6-761,solidaritaet_ueberleben,standard,1,6,4,11,10,25,16,9,false,false,false
match-2a92aac6-761,rudeljaeger,standard,0,7,5,14,15,34,25,9,true,false,true
match-beaa988d-762,solidaritaet_ueberleben,standard,1,6,2,10,6,18,10,8,false,false,false
match-37f7e94b-763,rudeljaeger,standard,0,8,2,9,11,22,10,12,true,false,true
match-37f7e94b-763,solidaritaet_ueberleben,standard,1,8,4,11,11,26,20,6,false,false,false
match-efcade41-764,rudeljaeger,standard,0,6,4,8,11,23,17,6,false,false,false
match-efcade41-764,solidaritaet_ueberleben,standard,1,7,1,3,3,7,5,2,true,false,false
match-69182eff-765,rudeljaeger,standard,0,6,3,10,12,25,15,10,false,false,false
match-fd301cc6-766,solidaritaet_ueberleben,standard,1,10,5,11,7,23,21,2,true,false,true
match-767d6d84-767,solidaritaet_ueberleben,standard,1,7,4,15,12,31,20,11,false,false,false
match-767d6d84-767,rudeljaeger,standard,0,7,2,8,9,19,10,9,true,false,false
match-d5004137-768,solidaritaet_ueberleben,standard,1,6,4,16,8,28,18,10,true,false,false
match-5bb2f07a-771,rudeljaeger,standard,0,9,5,25,29,59,25,34,false,false,false
match-5bb2f07a-771,solidaritaet_ueberleben,standard,1,11,3,7,7,17,11,6,true,false,false
match-ba35c42d-772,rudeljaeger,standard,0,6,2,8,9,19,10,9,false,false,false
match-338334eb-773,rudeljaeger,standard,0,6,4,4,5,13,12,1,false,false,false
match-c79b02b2-774,rudeljaeger,standard,0,6,4,13,14,31,20,11,true,false,true
match-9f6b4723-776,rudeljaeger,standard,0,7,3,13,15,31,15,16,false,false,false
match-9f6b4723-776,solidaritaet_ueberleben,standard,1,15,3,9,8,20,15,5,true,true,true
match-84a0ca19-780,solidaritaet_ueberleben,standard,1,7,3,4,4,11,7,4,true,true,true
match-fdee3ad6-781,rudeljaeger,standard,0,6,5,11,11,27,21,6,true,false,false
match-fdee3ad6-781,solidaritaet_ueberleben,standard,1,7,3,7,7,17,11,6,false,false,false
match-0b53795c-783,solidaritaet_ueberleben,standard,1,7,2,5,3,10,9,1,true,false,false
match-0b53795c-783,rudeljaeger,standard,0,8,4,15,18,37,20,17,false,false,false
match-69d64d0f-784,solidaritaet_ueberleben,standard,1,6,4,9,8,21,12,9,true,false,false
match-e323bdcc-785,solidaritaet_ueberleben,standard,1,8,5,13,8,26,19,7,false,false,false
match-e323bdcc-785,rudeljaeger,standard,0,11,5,14,15,34,24,10,true,false,true
match-773b8b94-786,rudeljaeger,standard,0,6,2,6,10,18,10,8,false,false,false
match-f088fc51-787,rudeljaeger,standard,0,7,4,15,17,36,20,16,false,false,false
match-f088fc51-787,solidaritaet_ueberleben,standard,1,13,3,14,12,29,15,14,true,false,true
match-4f0bd005-788,rudeljaeger,standard,0,7,4,13,16,33,19,14,false,false,false
match-5c710e8a-790,rudeljaeger,standard,0,6,5,15,15,35,23,12,true,false,true
match-5c710e8a-790,solidaritaet_ueberleben,standard,1,8,4,13,8,25,18,7,false,false,false
match-344152fb-792,rudeljaeger,standard,0,7,5,8,8,21,13,8,false,false,false
match-41a69180-794,solidaritaet_ueberleben,standard,1,7,4,6,4,14,10,4,true,false,false
match-41a69180-794,rudeljaeger,standard,0,7,4,14,15,33,17,16,false,false,false
match-baf3e23d-795,rudeljaeger,standard,0,7,3,13,15,31,15,16,true,false,false
match-baf3e23d-795,solidaritaet_ueberleben,standard,1,9,2,2,2,6,6,0,false,false,false
match-1976d5f1-796,rudeljaeger,standard,0,6,2,8,8,18,10,8,true,true,true
match-1976d5f1-796,solidaritaet_ueberleben,standard,1,7,1,3,3,7,5,2,false,false,false
match-92c426ae-797,rudeljaeger,standard,0,8,3,15,19,37,15,22,false,false,false
match-92c426ae-797,solidaritaet_ueberleben,standard,1,15,5,18,14,37,21,16,false,false,false
match-26dc1476-798,rudeljaeger,standard,0,6,2,7,10,19,10,9,false,false,false
match-26dc1476-798,solidaritaet_ueberleben,standard,1,7,4,5,5,14,12,2,true,false,false
match-48dcaf77-800,rudeljaeger,standard,0,6,2,8,9,19,10,9,false,false,false
match-48dcaf77-800,urzeitliche_kolosse,standard,1,7,5,12,11,28,17,11,true,false,false
match-cf8f5eb9-801,rudeljaeger,standard,0,6,3,9,8,20,15,5,false,false,false
match-cf8f5eb9-801,urzeitliche_kolosse,standard,1,8,3,9,7,19,15,4,true,false,false
match-5641edfc-802,rudeljaeger,standard,0,6,3,7,6,16,11,5,false,false,false
match-5641edfc-802,urzeitliche_kolosse,standard,1,9,4,12,11,27,16,11,true,true,true
match-710c6b06-806,rudeljaeger,standard,0,10,3,11,9,23,15,8,true,true,true
match-f7bf1a48-807,urzeitliche_kolosse,standard,1,6,3,3,2,8,7,1,true,false,false
match-f7bf1a48-807,rudeljaeger,standard,0,10,3,4,4,11,7,4,false,false,false
match-7e71a98b-808,rudeljaeger,standard,0,6,3,11,10,24,14,10,false,false,false
match-7e71a98b-808,urzeitliche_kolosse,standard,1,7,3,8,7,18,15,3,true,false,false
match-a6a1651a-814,urzeitliche_kolosse,standard,1,6,3,0,0,3,3,0,true,false,false
match-a6a1651a-814,rudeljaeger,standard,0,6,4,3,3,10,8,2,false,false,false
match-f87d3858-820,urzeitliche_kolosse,standard,1,8,3,11,10,24,15,9,true,false,false
match-f87d3858-820,rudeljaeger,standard,0,12,4,11,9,24,16,8,false,false,false
match-7f2fc79b-821,urzeitliche_kolosse,standard,1,6,3,0,0,3,3,0,false,false,false
match-7f2fc79b-821,rudeljaeger,standard,0,8,5,11,6,22,15,7,true,false,true
match-05e276de-822,urzeitliche_kolosse,standard,1,6,3,8,6,17,13,4,true,true,true
match-99fa44a5-825,urzeitliche_kolosse,standard,1,6,5,4,4,13,9,4,true,false,false
match-99fa44a5-825,rudeljaeger,standard,0,8,5,10,14,29,17,12,false,false,false
match-20acf3e8-826,rudeljaeger,standard,0,8,5,19,19,43,21,22,false,false,false
match-20acf3e8-826,urzeitliche_kolosse,standard,1,9,5,11,7,23,19,4,true,false,true
match-2e12326d-828,urzeitliche_kolosse,standard,1,7,2,4,4,10,6,4,false,false,false
match-b4c4c1af-829,rudeljaeger,standard,0,6,3,11,10,24,14,10,true,true,true
match-c22a0034-831,rudeljaeger,standard,0,6,2,6,6,14,10,4,true,false,false
match-1f30b7c8-832,rudeljaeger,standard,0,6,2,8,9,19,10,9,true,true,true
match-2c95f64d-834,rudeljaeger,standard,0,6,3,12,11,26,15,11,true,false,true
match-b348858f-835,urzeitliche_kolosse,standard,1,6,2,6,4,12,10,2,false,false,false
match-b348858f-835,rudeljaeger,standard,0,6,2,6,7,15,10,5,true,false,false
match-39fb34d2-836,rudeljaeger,standard,0,6,1,5,5,11,5,6,true,false,false
match-c0adc414-837,rudeljaeger,standard,0,6,3,10,10,23,15,8,false,false,false
match-c0adc414-837,urzeitliche_kolosse,standard,1,7,4,6,5,15,12,3,true,false,true
match-db78411e-841,rudeljaeger,standard,0,9,2,8,7,17,10,7,true,true,true
match-622af061-842,rudeljaeger,standard,0,6,2,8,8,18,10,8,false,false,false
match-622af061-842,urzeitliche_kolosse,standard,1,8,3,4,4,11,7,4,true,false,false
match-e8dd9fa3-843,rudeljaeger,standard,0,8,2,11,12,25,10,15,true,false,false
match-e8dd9fa3-843,urzeitliche_kolosse,standard,1,10,4,4,2,10,8,2,false,false,false
match-6f902ee6-844,rudeljaeger,standard,0,6,2,8,7,17,10,7,true,false,false
match-f642de28-845,rudeljaeger,standard,0,6,5,5,5,15,9,6,false,false,false
match-7cf56d6b-846,urzeitliche_kolosse,standard,1,6,4,4,4,12,8,4,true,false,false
match-7cf56d6b-846,rudeljaeger,standard,0,6,3,10,11,24,15,9,false,false,false
match-c16be224-850,urzeitliche_kolosse,standard,1,6,3,6,6,15,11,4,false,false,false
match-481e9167-851,urzeitliche_kolosse,standard,1,6,2,6,6,14,10,4,true,false,false
match-481e9167-851,rudeljaeger,standard,0,6,5,7,7,19,13,6,false,false,false
match-ced120a9-852,rudeljaeger,standard,0,6,3,10,9,22,14,8,false,false,false
match-ced120a9-852,urzeitliche_kolosse,standard,1,11,2,8,8,18,10,8,true,true,true
match-5583cfec-853,urzeitliche_kolosse,standard,1,6,2,5,2,9,8,1,true,false,true
match-dc367f2e-854,urzeitliche_kolosse,standard,1,6,1,4,4,9,5,4,true,false,false
match-dc367f2e-854,rudeljaeger,standard,0,6,3,3,3,9,7,2,false,false,false
match-e99bbdb3-856,urzeitliche_kolosse,standard,1,6,3,12,8,23,15,8,false,false,false
match-e99bbdb3-856,rudeljaeger,standard,0,7,1,3,3,7,5,2,true,false,false
match-f700fc38-858,urzeitliche_kolosse,standard,1,6,1,4,4,9,5,4,true,false,false
match-987e0885-863,rudeljaeger,standard,0,6,3,10,9,22,14,8,true,false,false
match-987e0885-863,urzeitliche_kolosse,standard,1,7,4,11,9,24,16,8,false,false,false
match-f584a018-864,rudeljaeger,standard,0,9,4,5,5,14,8,6,false,false,false
match-02e9fe9e-866,rudeljaeger,standard,0,7,2,0,0,2,2,0,true,true,true
match-899c8de0-867,urzeitliche_kolosse,standard,1,6,4,12,8,24,18,6,false,false,false
match-899c8de0-867,rudeljaeger,standard,0,7,2,8,8,18,10,8,true,true,true
match-104f3d23-868,rudeljaeger,standard,0,6,4,6,6,16,12,4,true,true,true
match-9701cc65-869,urzeitliche_kolosse,standard,1,6,3,6,6,15,11,4,false,false,false
match-9701cc65-869,rudeljaeger,standard,0,11,0,0,0,0,0,0,true,true,true
match-1db47ba8-870,urzeitliche_kolosse,standard,1,8,5,10,8,23,17,6,true,true,true
match-a4670aea-871,urzeitliche_kolosse,standard,1,6,3,4,4,11,7,4,true,true,true
match-2b19ba2d-872,rudeljaeger,standard,0,6,3,9,7,19,14,5,false,false,false
match-387ef8b2-874,rudeljaeger,standard,0,6,3,12,11,26,15,11,true,false,false
match-cc96c679-877,rudeljaeger,standard,0,6,4,15,13,32,20,12,false,false,false
match-534975bc-878,rudeljaeger,standard,0,6,3,12,13,28,15,13,false,false,false
match-d9fc04fe-879,rudeljaeger,standard,0,9,3,11,6,20,14,6,true,false,false
match-8a5aabf0-880,rudeljaeger,standard,0,8,4,7,4,15,8,7,true,true,true
match-8a5aabf0-880,urzeitliche_kolosse,standard,1,9,5,12,11,28,21,7,false,false,false
match-110d5b33-881,urzeitliche_kolosse,standard,1,6,4,5,4,13,13,0,false,false,false
match-2bd7d83d-885,rudeljaeger,standard,0,7,2,7,8,17,10,7,false,false,false
match-2bd7d83d-885,urzeitliche_kolosse,standard,1,7,4,11,9,24,16,8,true,false,false
match-bfefa604-888,rudeljaeger,standard,0,6,3,9,8,20,15,5,false,false,false
match-bfefa604-888,urzeitliche_kolosse,standard,1,10,2,7,4,13,8,5,true,false,false
match-46a25547-889,urzeitliche_kolosse,standard,1,6,3,9,8,20,15,5,false,false,false
match-cd54e489-890,rudeljaeger,standard,0,10,5,10,8,23,17,6,true,false,true
match-cd54e489-890,urzeitliche_kolosse,standard,1,11,4,13,11,28,20,8,false,false,false
match-daba230e-892,urzeitliche_kolosse,standard,1,6,3,7,6,16,12,4,true,false,false
match-daba230e-892,rudeljaeger,standard,0,12,4,8,7,19,12,7,false,false,false
match-616cd251-893,rudeljaeger,standard,0,6,2,8,8,18,10,8,false,false,false
match-616cd251-893,urzeitliche_kolosse,standard,1,9,3,9,4,16,9,7,true,true,true
match-e81f6193-894,rudeljaeger,standard,0,6,3,11,11,25,15,10,false,false,false
match-e81f6193-894,urzeitliche_kolosse,standard,1,8,5,12,7,24,21,3,true,true,true
match-528b57ac-897,rudeljaeger,standard,0,6,2,10,9,21,10,11,true,true,true
match-5ff09631-899,rudeljaeger,standard,0,6,3,11,10,24,15,9,false,false,false
match-ba220d8b-901,rudeljaeger,standard,0,6,3,9,6,18,13,5,true,false,false
match-9f579081-905,urzeitliche_kolosse,standard,1,6,5,9,6,20,15,5,false,false,false
match-9f579081-905,rudeljaeger,standard,0,7,4,7,10,21,12,9,true,false,false
match-0b3fa2ba-906,rudeljaeger,standard,0,7,3,9,5,17,13,4,true,false,true
match-91f251fc-907,rudeljaeger,standard,0,6,1,4,4,9,5,4,false,false,false
match-fdda6434-908,rudeljaeger,standard,0,6,5,7,8,20,13,7,true,false,false
match-fdda6434-908,urzeitliche_kolosse,standard,1,8,4,8,6,18,12,6,false,false,false
match-69c2966d-913,rudeljaeger,standard,0,6,3,8,7,18,14,4,true,false,true
match-69c2966d-913,urzeitliche_kolosse,standard,1,6,1,3,3,7,5,2,false,false,false
match-d5aaa8a5-914,urzeitliche_kolosse,standard,1,6,3,11,10,24,15,9,true,false,false
match-d5aaa8a5-914,rudeljaeger,standard,0,7,3,10,9,22,15,7,false,false,false
match-5c5d57e8-915,urzeitliche_kolosse,standard,1,10,5,0,0,5,5,0,true,false,false
match-5c5d57e8-915,rudeljaeger,standard,0,11,5,15,12,32,24,8,false,false,false
match-9e997271-916,urzeitliche_kolosse,standard,1,6,2,8,6,16,10,6,false,false,false
match-9e997271-916,rudeljaeger,standard,0,7,2,7,10,19,10,9,true,true,true
match-913433ec-918,rudeljaeger,standard,0,6,3,10,8,21,15,6,false,false,false
match-913433ec-918,urzeitliche_kolosse,standard,1,6,2,6,5,13,10,3,true,false,false
match-17e6c32f-919,rudeljaeger,standard,0,9,4,11,6,21,16,5,false,false,false
match-0a8184aa-921,rudeljaeger,standard,0,6,2,8,8,18,10,8,false,false,false
match-0a8184aa-921,urzeitliche_kolosse,standard,1,8,4,11,11,26,16,10,true,true,true
match-7669b6e2-922,rudeljaeger,standard,0,8,3,10,11,24,15,9,true,false,false
match-7669b6e2-922,urzeitliche_kolosse,standard,1,10,3,9,6,18,13,5,false,false,false
match-5b9f39d8-926,rudeljaeger,standard,0,8,4,7,8,19,12,7,true,true,true
match-5b9f39d8-926,urzeitliche_kolosse,standard,1,9,3,8,6,17,14,3,false,false,false
match-4e39fb53-928,rudeljaeger,standard,0,7,3,12,16,31,15,16,true,false,false
match-4e39fb53-928,urzeitliche_kolosse,standard,1,9,4,8,7,19,16,3,false,false,false
match-40d4bcce-930,urzeitliche_kolosse,standard,1,9,3,7,2,12,11,1,false,false,false
match-c7874c10-931,rudeljaeger,standard,0,6,2,7,6,15,10,5,false,false,false
match-eef8e98f-936,urzeitliche_kolosse,standard,1,6,3,9,8,20,15,5,false,false,false
match-e193ab0a-938,urzeitliche_kolosse,standard,1,6,3,5,2,10,7,3,false,false,false
match-e193ab0a-938,rudeljaeger,standard,0,7,3,11,11,25,15,10,true,false,false
match-68465a4d-939,rudeljaeger,standard,0,6,3,9,6,18,13,5,false,false,false
match-d42e6c85-940,rudeljaeger,standard,0,6,2,7,6,15,10,5,false,false,false
match-d42e6c85-940,urzeitliche_kolosse,standard,1,6,4,10,7,21,18,3,true,false,false
match-c6c92e00-942,urzeitliche_kolosse,standard,1,6,5,5,4,14,13,1,true,false,false
match-c6c92e00-942,rudeljaeger,standard,0,11,5,0,0,5,5,0,false,false,false
match-4d7bdd43-943,rudeljaeger,standard,0,6,3,10,8,21,15,6,false,false,false
match-32b14039-947,rudeljaeger,standard,0,6,3,0,0,3,3,0,true,true,true
match-32b14039-947,urzeitliche_kolosse,standard,1,6,4,7,7,18,12,6,false,false,false
match-74ed7ac2-948,rudeljaeger,standard,0,6,1,4,4,9,5,4,false,false,false
match-74ed7ac2-948,urzeitliche_kolosse,standard,1,6,3,11,11,25,15,10,true,false,false
match-fba00a04-949,urzeitliche_kolosse,standard,1,6,4,8,6,18,14,4,true,false,false
match-67883c3d-950,urzeitliche_kolosse,standard,1,6,5,9,8,22,13,9,false,false,false
match-67883c3d-950,rudeljaeger,standard,0,9,4,12,9,25,16,9,true,false,true
match-ee3acb7f-951,urzeitliche_kolosse,standard,1,6,4,17,11,32,19,13,true,false,false
match-5a22fdb8-952,urzeitliche_kolosse,standard,1,6,4,13,8,25,18,7,true,false,true
match-e0d58cfa-953,rudeljaeger,standard,0,6,2,8,8,18,10,8,false,false,false
match-e0d58cfa-953,urzeitliche_kolosse,standard,1,8,3,10,7,20,13,7,true,false,false
match-3f5860ae-956,rudeljaeger,standard,0,7,4,14,16,34,19,15,false,false,false
match-c60b0ff0-957,urzeitliche_kolosse,standard,1,6,3,8,8,19,15,4,true,false,false
match-c60b0ff0-957,rudeljaeger,standard,0,7,3,10,14,27,15,12,false,false,false
match-248de3a4-960,rudeljaeger,standard,0,6,3,11,10,24,15,9,false,false,false
match-248de3a4-960,urzeitliche_kolosse,standard,1,6,3,6,5,14,12,2,true,false,false
match-1728a51f-962,rudeljaeger,standard,0,6,3,4,4,11,7,4,false,false,false
match-9ddb5461-963,rudeljaeger,standard,0,7,3,11,13,27,15,12,false,false,false
match-9ddb5461-963,urzeitliche_kolosse,standard,1,9,4,0,0,4,4,0,true,false,true
match-86c76da7-964,rudeljaeger,standard,0,6,1,4,4,9,5,4,true,true,true
match-0014de65-967,urzeitliche_kolosse,standard,1,6,2,8,6,16,10,6,true,true,true
match-6bfcf09d-968,urzeitliche_kolosse,standard,1,9,4,4,2,10,8,2,true,false,true
match-f2af9fdf-969,rudeljaeger,standard,0,6,1,5,5,11,5,6,false,false,false
match-f2af9fdf-969,urzeitliche_kolosse,standard,1,6,2,7,7,16,10,6,true,false,false
match-5e97b218-970,rudeljaeger,standard,0,6,2,7,6,15,10,5,false,false,false
match-51327393-972,rudeljaeger,standard,0,6,3,10,8,21,15,6,true,true,true
match-51327393-972,urzeitliche_kolosse,standard,1,6,4,13,13,30,20,10,false,false,false
match-43cd350e-974,rudeljaeger,standard,0,7,5,10,10,25,16,9,false,false,false
match-43cd350e-974,urzeitliche_kolosse,standard,1,8,3,12,11,26,15,11,true,false,true
match-ca7fc450-975,urzeitliche_kolosse,standard,1,6,3,13,10,26,15,11,true,false,false
match-ca7fc450-975,rudeljaeger,standard,0,7,3,6,5,14,11,3,false,false,false
match-3667f689-976,rudeljaeger,standard,0,6,1,3,4,8,5,3,false,false,false
match-3667f689-976,urzeitliche_kolosse,standard,1,6,2,7,7,16,10,6,true,false,false
match-bd1a85cb-977,rudeljaeger,standard,0,6,1,3,2,6,5,1,true,false,true
match-afb54746-979,rudeljaeger,standard,0,6,2,8,8,18,10,8,false,false,false
match-afb54746-979,urzeitliche_kolosse,standard,1,6,5,7,7,19,13,6,true,false,true
match-f1f161cf-980,urzeitliche_kolosse,standard,1,6,3,10,8,21,15,6,false,false,false
match-e48c234a-982,urzeitliche_kolosse,standard,1,6,3,6,4,13,12,1,true,true,true
match-d726e4c5-984,urzeitliche_kolosse,standard,1,6,5,3,2,10,9,1,false,false,false
match-5dd99408-985,rudeljaeger,standard,0,6,1,5,5,11,5,6,true,false,false
match-5dd99408-985,urzeitliche_kolosse,standard,1,6,3,6,5,14,11,3,false,false,false
match-c9c1a640-986,urzeitliche_kolosse,standard,1,6,3,12,12,27,15,12,true,false,false
match-c9c1a640-986,rudeljaeger,standard,0,7,4,13,13,30,20,10,false,false,false
match-50745583-987,rudeljaeger,standard,0,6,2,8,8,18,10,8,false,false,false
match-35a9d879-991,urzeitliche_kolosse,standard,1,7,3,12,10,25,15,10,false,false,false
match-35a9d879-991,rudeljaeger,standard,0,7,3,10,11,24,15,9,true,false,false
match-284499f4-993,urzeitliche_kolosse,standard,1,6,1,4,4,9,5,4,true,false,false
match-284499f4-993,rudeljaeger,standard,0,7,3,11,14,28,15,13,false,false,false
match-942cac2c-994,urzeitliche_kolosse,standard,1,6,4,9,6,19,17,2,false,false,false
match-1adf5b6f-995,rudeljaeger,standard,0,6,2,6,4,12,10,2,false,false,false
match-1adf5b6f-995,urzeitliche_kolosse,standard,1,10,5,11,9,25,21,4,true,false,true
match-e3ce053a-997,urzeitliche_kolosse,standard,1,6,4,10,8,22,14,8,true,false,true
match-4fb63773-998,urzeitliche_kolosse,standard,1,6,3,8,4,15,13,2,false,false,false
match-d668c6b5-999,urzeitliche_kolosse,standard,1,6,3,11,10,24,15,9,true,false,false
match-d668c6b5-999,rudeljaeger,standard,0,7,5,7,10,22,13,9,false,false,false
match-bd8c8832-1000,solidaritaet_ueberleben,standard,0,6,3,7,6,16,11,5,true,false,false
match-36d9f8f0-1001,urzeitliche_kolosse,standard,1,6,4,11,17,32,19,13,false,false,false
match-b02749ad-1002,urzeitliche_kolosse,standard,1,6,2,8,10,20,10,10,true,false,false
match-b02749ad-1002,solidaritaet_ueberleben,standard,0,8,3,10,12,25,14,11,false,false,false
match-d857053c-1004,solidaritaet_ueberleben,standard,0,12,5,10,12,27,17,10,false,false,false
match-d857053c-1004,urzeitliche_kolosse,standard,1,14,2,7,7,16,10,6,true,true,true
match-51a475fa-1005,urzeitliche_kolosse,standard,1,8,3,14,18,35,15,20,false,false,false
match-51a475fa-1005,solidaritaet_ueberleben,standard,0,9,3,11,14,28,15,13,true,false,false
match-caf1c6b7-1006,urzeitliche_kolosse,standard,1,6,2,4,6,12,10,2,true,false,false
match-caf1c6b7-1006,solidaritaet_ueberleben,standard,0,6,3,9,9,21,15,6,false,false,false
match-f3218246-1008,urzeitliche_kolosse,standard,1,6,2,3,7,12,9,3,true,false,false
match-f3218246-1008,solidaritaet_ueberleben,standard,0,6,5,15,10,30,24,6,false,false,false
match-e5bc43c1-1010,solidaritaet_ueberleben,standard,0,8,4,7,11,22,12,10,true,false,false
match-5f09b47f-1011,solidaritaet_ueberleben,standard,0,6,4,14,12,30,20,10,false,false,false
match-5f09b47f-1011,urzeitliche_kolosse,standard,1,9,5,23,26,54,25,29,true,false,true
match-0dec1f51-1012,solidaritaet_ueberleben,standard,0,6,4,13,12,29,18,11,false,false,false
match-0dec1f51-1012,urzeitliche_kolosse,standard,1,9,5,19,27,51,25,26,true,false,false
match-0086c0cc-1014,solidaritaet_ueberleben,standard,0,6,4,14,11,29,19,10,false,false,false
match-0086c0cc-1014,urzeitliche_kolosse,standard,1,8,3,5,7,15,11,4,true,true,true
match-79d43189-1015,urzeitliche_kolosse,standard,1,6,2,8,8,18,10,8,false,false,false
match-5262940a-1016,urzeitliche_kolosse,standard,1,6,5,13,17,35,22,13,true,true,true
match-5262940a-1016,solidaritaet_ueberleben,standard,0,7,3,9,8,20,14,6,false,false,false
match-cbafe4c7-1017,solidaritaet_ueberleben,standard,0,10,4,4,3,11,8,3,false,false,false
match-cbafe4c7-1017,urzeitliche_kolosse,standard,1,12,4,6,7,17,12,5,true,false,false
match-44fd5585-1018,urzeitliche_kolosse,standard,1,7,5,6,7,18,9,9,true,false,false
match-be4aa642-1019,solidaritaet_ueberleben,standard,0,6,4,12,9,25,19,6,false,false,false
match-be4aa642-1019,urzeitliche_kolosse,standard,1,7,3,11,13,27,15,12,true,false,false
match-e67a61d1-1021,urzeitliche_kolosse,standard,1,6,3,6,12,21,13,8,true,false,false
match-e67a61d1-1021,solidaritaet_ueberleben,standard,0,7,4,11,10,25,19,6,false,false,false
match-5fc7d28f-1022,urzeitliche_kolosse,standard,1,6,3,11,13,27,15,12,false,false,false
match-5fc7d28f-1022,solidaritaet_ueberleben,standard,0,8,4,13,16,33,16,17,true,false,false
match-d915234c-1023,urzeitliche_kolosse,standard,1,7,2,9,10,21,10,11,false,false,false
match-d915234c-1023,solidaritaet_ueberleben,standard,0,12,5,10,4,19,12,7,true,false,true
match-87f78e1e-1024,urzeitliche_kolosse,standard,1,7,4,18,22,44,20,24,true,true,true
match-a2c20b28-1028,solidaritaet_ueberleben,standard,0,6,3,12,12,27,15,12,false,false,false
match-1c0f7be6-1029,urzeitliche_kolosse,standard,1,7,2,7,10,19,10,9,true,false,true
match-955ccca3-1030,solidaritaet_ueberleben,standard,0,7,3,10,9,22,13,9,false,false,false
match-955ccca3-1030,urzeitliche_kolosse,standard,1,7,5,13,17,35,21,14,true,false,false
match-0eaa3d61-1031,urzeitliche_kolosse,standard,1,6,1,3,5,9,5,4,false,false,false
match-0eaa3d61-1031,solidaritaet_ueberleben,standard,0,6,3,9,8,20,14,6,true,false,false
match-93e09083-1032,urzeitliche_kolosse,standard,1,6,4,7,14,25,18,7,false,false,false
match-93e09083-1032,solidaritaet_ueberleben,standard,0,8,2,11,12,25,10,15,true,false,false
match-aeab0d8d-1036,solidaritaet_ueberleben,standard,0,6,5,7,6,18,13,5,false,false,false
match-a145cf08-1038,solidaritaet_ueberleben,standard,0,11,2,7,8,17,10,7,false,false,false
match-a145cf08-1038,urzeitliche_kolosse,standard,1,11,5,10,11,26,17,9,true,false,false
match-c9758a97-1040,solidaritaet_ueberleben,standard,0,6,5,3,4,12,9,3,false,false,false
match-42c2fb55-1041,solidaritaet_ueberleben,standard,0,7,2,6,5,13,9,4,true,true,true
match-bc104c12-1042,solidaritaet_ueberleben,standard,0,6,4,14,10,28,19,9,false,false,false
match-bc104c12-1042,urzeitliche_kolosse,standard,1,7,3,12,13,28,15,13,true,false,true
match-355dbcd0-1043,urzeitliche_kolosse,standard,1,6,3,12,15,30,15,15,true,false,false
match-e44007a1-1044,solidaritaet_ueberleben,standard,0,6,4,14,12,30,20,10,false,false,false
match-d6dac91c-1046,solidaritaet_ueberleben,standard,0,9,2,10,9,21,10,11,true,true,true
match-502839da-1047,solidaritaet_ueberleben,standard,0,6,5,4,4,13,9,4,false,false,false
match-502839da-1047,urzeitliche_kolosse,standard,1,7,4,12,14,30,19,11,true,false,true
match-28b69c5b-1048,urzeitliche_kolosse,standard,1,8,3,10,11,24,11,13,false,false,false
match-28b69c5b-1048,solidaritaet_ueberleben,standard,0,10,3,9,10,22,11,11,true,true,true
match-a203ed18-1049,solidaritaet_ueberleben,standard,0,8,4,12,15,31,20,11,true,true,true
match-1b515dd6-1050,solidaritaet_ueberleben,standard,0,9,5,16,12,33,17,16,false,false,false
match-949eae93-1051,solidaritaet_ueberleben,standard,0,10,5,13,9,27,15,12,false,false,false
match-43811965-1052,urzeitliche_kolosse,standard,1,6,0,0,0,0,0,0,true,false,false
match-361bdae0-1054,urzeitliche_kolosse,standard,1,6,3,8,6,17,13,4,true,false,false
match-361bdae0-1054,solidaritaet_ueberleben,standard,0,7,1,3,3,7,5,2,false,false,false
match-af692b9d-1055,urzeitliche_kolosse,standard,1,7,4,17,25,46,20,26,true,false,true
match-5e4b966f-1056,urzeitliche_kolosse,standard,1,6,2,6,10,18,10,8,true,false,false
match-d798e72c-1057,urzeitliche_kolosse,standard,1,6,3,8,12,23,14,9,true,false,false
match-d798e72c-1057,solidaritaet_ueberleben,standard,0,6,4,11,8,23,19,4,false,false,false
match-50e657ea-1058,urzeitliche_kolosse,standard,1,8,5,17,17,39,25,14,true,false,false
match-ca33a8a7-1059,urzeitliche_kolosse,standard,1,9,4,13,13,30,17,13,true,false,false
match-79161379-1060,solidaritaet_ueberleben,standard,0,6,4,16,14,34,19,15,false,false,false
match-f2636436-1061,urzeitliche_kolosse,standard,1,6,3,11,12,26,15,11,false,false,false
match-f2636436-1061,solidaritaet_ueberleben,standard,0,7,3,9,8,20,14,6,true,true,true
match-8a31e84e-1065,solidaritaet_ueberleben,standard,0,6,3,8,9,20,11,9,false,false,false
match-2baf149b-1068,urzeitliche_kolosse,standard,1,6,2,5,7,14,9,5,true,false,false
match-2baf149b-1068,solidaritaet_ueberleben,standard,0,8,4,16,17,37,20,17,false,false,false
match-a4fc6558-1069,urzeitliche_kolosse,standard,1,6,2,4,4,10,6,4,false,false,false
match-a4fc6558-1069,solidaritaet_ueberleben,standard,0,6,5,15,11,31,22,9,true,false,false
match-979726d3-1071,solidaritaet_ueberleben,standard,0,6,3,11,11,25,15,10,false,false,false
match-979726d3-1071,urzeitliche_kolosse,standard,1,15,5,20,25,50,21,29,false,false,false
match-39145320-1074,urzeitliche_kolosse,standard,1,6,4,13,13,30,18,12,false,false,false
match-39145320-1074,solidaritaet_ueberleben,standard,0,6,3,11,11,25,15,10,true,false,false
match-b261a3dd-1075,solidaritaet_ueberleben,standard,0,8,4,12,9,25,19,6,true,false,false
match-53ded02a-1078,solidaritaet_ueberleben,standard,0,6,3,12,11,26,15,11,false,false,false
match-53ded02a-1078,urzeitliche_kolosse,standard,1,9,3,16,18,37,15,22,true,false,false
match-a5ba8368-1080,urzeitliche_kolosse,standard,1,6,2,6,10,18,10,8,true,false,true
match-a5ba8368-1080,solidaritaet_ueberleben,standard,0,6,3,11,11,25,15,10,false,false,false
match-985544e3-1082,solidaritaet_ueberleben,standard,0,6,4,13,12,29,20,9,false,false,false
match-c0850072-1084,urzeitliche_kolosse,standard,1,6,3,8,8,19,12,7,false,false,false
match-c0850072-1084,solidaritaet_ueberleben,standard,0,8,3,11,9,23,15,8,true,true,true
match-39d27130-1085,urzeitliche_kolosse,standard,1,10,5,10,11,26,20,6,true,true,true
match-b31fc1ed-1086,solidaritaet_ueberleben,standard,0,8,4,14,14,32,20,12,true,true,true
match-2c6d32ab-1087,urzeitliche_kolosse,standard,1,6,3,9,12,24,14,10,false,false,false
match-2c6d32ab-1087,solidaritaet_ueberleben,standard,0,6,3,9,9,21,15,6,true,false,false
match-db4f9d7c-1088,urzeitliche_kolosse,standard,1,6,2,5,4,11,7,4,true,false,false
match-549cee3a-1089,urzeitliche_kolosse,standard,1,7,5,4,3,12,9,3,true,false,false
match-4737afb5-1091,urzeitliche_kolosse,standard,1,6,2,8,8,18,10,8,true,false,true
match-6f676b44-1093,urzeitliche_kolosse,standard,1,6,2,4,5,11,9,2,false,false,false
match-6f676b44-1093,solidaritaet_ueberleben,standard,0,7,3,11,10,24,15,9,true,false,false
match-e8b4dc01-1094,solidaritaet_ueberleben,standard,0,6,4,16,15,35,20,15,true,false,false
match-e8b4dc01-1094,urzeitliche_kolosse,standard,1,7,3,9,9,21,12,9,false,false,false
match-62022cbf-1095,solidaritaet_ueberleben,standard,0,6,3,13,13,29,15,14,true,false,false
match-62022cbf-1095,urzeitliche_kolosse,standard,1,7,3,12,13,28,15,13,false,false,false
match-6085f09f-1097,solidaritaet_ueberleben,standard,0,6,2,8,7,17,10,7,true,false,true
match-216ca7c2-1100,solidaritaet_ueberleben,standard,0,9,5,20,14,39,24,15,false,false,false
match-216ca7c2-1100,urzeitliche_kolosse,standard,1,13,2,10,12,24,10,14,true,true,true
match-2ed1e647-1102,urzeitliche_kolosse,standard,1,6,3,10,14,27,14,13,true,false,true
match-2ed1e647-1102,solidaritaet_ueberleben,standard,0,7,3,7,10,20,11,9,false,false,false
match-3c3724cc-1104,urzeitliche_kolosse,standard,1,9,5,7,7,19,10,9,true,true,true
match-c2e9d40e-1105,urzeitliche_kolosse,standard,1,9,3,13,15,31,15,16,true,false,false
match-c2e9d40e-1105,solidaritaet_ueberleben,standard,0,12,4,16,12,32,19,13,false,false,false
match-d04f1293-1107,urzeitliche_kolosse,standard,1,11,3,7,7,17,12,5,true,false,false
match-d04f1293-1107,solidaritaet_ueberleben,standard,0,14,2,9,7,18,10,8,false,false,false
match-5701a1d6-1108,urzeitliche_kolosse,standard,1,9,3,6,9,18,14,4,true,false,false
match-ddb45118-1109,solidaritaet_ueberleben,standard,0,7,5,18,19,42,25,17,true,false,true
match-ddb45118-1109,urzeitliche_kolosse,standard,1,8,4,17,19,40,16,24,false,false,false
match-eb198f9d-1111,urzeitliche_kolosse,standard,1,6,4,15,18,37,19,18,true,false,false
match-eb198f9d-1111,solidaritaet_ueberleben,standard,0,10,4,0,0,4,4,0,false,false,false
match-71cc3ee0-1112,urzeitliche_kolosse,standard,1,6,5,13,15,33,24,9,true,false,false
match-71cc3ee0-1112,solidaritaet_ueberleben,standard,0,9,5,10,14,29,17,12,false,false,false
match-f87ece22-1113,urzeitliche_kolosse,standard,1,6,1,5,6,12,5,7,true,false,false
match-f87ece22-1113,solidaritaet_ueberleben,standard,0,11,3,14,8,25,15,10,false,false,false
match-05e40ca8-1115,urzeitliche_kolosse,standard,1,7,3,10,13,26,11,15,true,false,true
match-b642b399-1116,solidaritaet_ueberleben,standard,0,7,4,13,11,28,19,9,false,false,false
match-b642b399-1116,urzeitliche_kolosse,standard,1,10,4,13,17,34,20,14,true,false,true
match-3cf542dc-1117,solidaritaet_ueberleben,standard,0,6,3,10,8,21,15,6,false,false,false
match-c3a7f21e-1118,urzeitliche_kolosse,standard,1,6,5,7,8,20,9,11,true,false,false
match-c3a7f21e-1118,solidaritaet_ueberleben,standard,0,9,5,16,11,32,21,11,false,false,false
match-4a5a8161-1119,solidaritaet_ueberleben,standard,0,7,5,18,15,38,25,13,true,true,true
match-d10d30a3-1120,solidaritaet_ueberleben,standard,0,6,3,10,8,21,15,6,false,false,false
match-d10d30a3-1120,urzeitliche_kolosse,standard,1,10,5,12,12,29,24,5,true,true,true
match-57bfdfe6-1121,solidaritaet_ueberleben,standard,0,6,2,7,8,17,10,7,false,false,false
match-57bfdfe6-1121,urzeitliche_kolosse,standard,1,8,3,16,18,37,15,22,true,false,false
match-de726f28-1122,urzeitliche_kolosse,standard,1,8,5,8,9,22,16,6,true,true,true
match-65251e6b-1123,urzeitliche_kolosse,standard,1,6,2,7,10,19,10,9,false,false,false
match-ebd7adad-1124,solidaritaet_ueberleben,standard,0,7,3,13,13,29,15,14,true,true,true
match-728a5cf0-1125,urzeitliche_kolosse,standard,1,6,4,6,7,17,8,9,true,false,false
match-f93cec32-1126,solidaritaet_ueberleben,standard,0,6,3,11,11,25,15,10,false,false,false
match-f93cec32-1126,urzeitliche_kolosse,standard,1,10,4,17,19,40,20,20,true,false,false
match-7fef9b75-1127,solidaritaet_ueberleben,standard,0,8,2,8,7,17,10,7,true,false,false
match-7fef9b75-1127,urzeitliche_kolosse,standard,1,11,5,10,13,28,20,8,false,false,false
match-06a22ab8-1128,urzeitliche_kolosse,standard,1,7,2,6,9,17,9,8,true,false,false
match-8d54d9fa-1129,solidaritaet_ueberleben,standard,0,8,2,9,12,23,10,13,true,false,false
match-1407693d-1130,solidaritaet_ueberleben,standard,0,7,2,8,8,18,10,8,false,false,false
match-9aba187f-1131,urzeitliche_kolosse,standard,1,8,5,13,11,29,16,13,true,false,false
match-f7c0b012-1132,urzeitliche_kolosse,standard,1,6,2,9,12,23,10,13,true,false,false
match-f7c0b012-1132,solidaritaet_ueberleben,standard,0,7,3,7,10,20,11,9,false,false,false
match-7e735f55-1133,solidaritaet_ueberleben,standard,0,7,2,7,8,17,10,7,false,false,false
match-0525ee98-1134,solidaritaet_ueberleben,standard,0,6,2,7,8,17,10,7,false,false,false
match-0525ee98-1134,urzeitliche_kolosse,standard,1,8,4,7,8,19,8,11,true,false,false
match-8bd89dda-1135,urzeitliche_kolosse,standard,1,6,4,13,16,33,18,15,true,false,false
match-8bd89dda-1135,solidaritaet_ueberleben,standard,0,11,5,21,18,44,25,19,false,false,false
match-128b2d1d-1136,urzeitliche_kolosse,standard,1,6,3,15,18,36,15,21,true,false,false
match-128b2d1d-1136,solidaritaet_ueberleben,standard,0,9,3,10,10,23,15,8,false,false,false
match-993ddc5f-1137,solidaritaet_ueberleben,standard,0,6,2,7,8,17,10,7,false,false,false
match-993ddc5f-1137,urzeitliche_kolosse,standard,1,6,5,14,11,30,20,10,true,false,false
match-1ff06ba2-1138,urzeitliche_kolosse,standard,1,6,2,6,9,17,9,8,true,false,false
match-1ff06ba2-1138,solidaritaet_ueberleben,standard,0,7,4,15,12,31,20,11,false,false,false
match-b4085969-1141,urzeitliche_kolosse,standard,1,7,3,13,14,30,15,15,false,false,false
match-b4085969-1141,solidaritaet_ueberleben,standard,0,11,4,14,11,29,20,9,true,false,false
match-3abae8ac-1142,urzeitliche_kolosse,standard,1,6,2,9,10,21,10,11,true,false,false
match-48202731-1144,solidaritaet_ueberleben,standard,0,6,3,10,8,21,15,6,false,false,false
match-48202731-1144,urzeitliche_kolosse,standard,1,10,4,12,15,31,16,15,true,false,false
match-ced2d673-1145,solidaritaet_ueberleben,standard,0,6,2,9,9,20,10,10,false,false,false
match-558565b6-1146,solidaritaet_ueberleben,standard,0,8,2,4,3,9,6,3,false,false,false
match-558565b6-1146,urzeitliche_kolosse,standard,1,12,3,7,9,19,14,5,true,true,true
match-8c96bbea-1148,urzeitliche_kolosse,standard,1,6,4,13,13,30,17,13,true,false,false
match-8c96bbea-1148,solidaritaet_ueberleben,standard,0,8,2,6,6,14,10,4,false,false,false
match-13494b2d-1149,solidaritaet_ueberleben,standard,0,8,3,4,4,11,7,4,true,true,true
match-99fbfa6f-1150,urzeitliche_kolosse,standard,1,6,4,15,18,37,19,18,true,true,true
match-b4c67779-1154,urzeitliche_kolosse,standard,1,11,3,6,5,14,12,2,true,true,true
match-cf90f483-1158,urzeitliche_kolosse,standard,1,6,3,11,11,25,15,10,false,false,false
match-cf90f483-1158,solidaritaet_ueberleben,standard,0,7,4,14,11,29,20,9,true,false,true
match-564383c6-1159,urzeitliche_kolosse,standard,1,8,5,17,22,44,24,20,true,false,true
match-dcf63308-1160,solidaritaet_ueberleben,standard,0,6,2,8,9,19,10,9,true,false,false
match-63a8c24b-1161,urzeitliche_kolosse,standard,1,6,3,9,11,23,14,9,false,false,false
match-63a8c24b-1161,solidaritaet_ueberleben,standard,0,9,5,23,18,46,25,21,true,true,true
match-ea5b718d-1162,urzeitliche_kolosse,standard,1,6,3,12,13,28,15,13,true,false,false
match-ea5b718d-1162,solidaritaet_ueberleben,standard,0,8,2,7,11,20,10,10,false,false,false
match-710e00d0-1163,urzeitliche_kolosse,standard,1,6,3,12,15,30,15,15,false,false,false
match-710e00d0-1163,solidaritaet_ueberleben,standard,0,11,3,13,11,27,15,12,true,false,false
match-54c747a6-1165,urzeitliche_kolosse,standard,1,6,3,14,16,33,15,18,false,false,false
match-54c747a6-1165,solidaritaet_ueberleben,standard,0,9,4,10,9,23,15,8,true,false,true
match-db79f6e8-1166,solidaritaet_ueberleben,standard,0,6,3,7,8,18,11,7,true,false,false
match-db79f6e8-1166,urzeitliche_kolosse,standard,1,6,5,3,3,11,9,2,false,false,false
match-622c862b-1167,solidaritaet_ueberleben,standard,0,6,2,8,9,19,10,9,true,false,false
match-622c862b-1167,urzeitliche_kolosse,standard,1,13,4,9,10,23,16,7,false,false,false
match-e8df356d-1168,solidaritaet_ueberleben,standard,0,7,3,8,7,18,11,7,false,false,false
match-f64473f2-1170,solidaritaet_ueberleben,standard,0,6,3,10,8,21,15,6,false,false,false
match-7cf70335-1171,solidaritaet_ueberleben,standard,0,6,1,5,5,11,5,6,true,false,false
match-03a9b278-1172,urzeitliche_kolosse,standard,1,6,2,6,10,18,10,8,true,false,false
match-03a9b278-1172,solidaritaet_ueberleben,standard,0,9,4,17,19,40,20,20,false,false,false
match-110ef0fd-1174,solidaritaet_ueberleben,standard,0,8,2,7,9,18,10,8,false,false,false
match-110ef0fd-1174,urzeitliche_kolosse,standard,1,12,3,7,8,18,11,7,true,false,true
match-97c1803f-1175,urzeitliche_kolosse,standard,1,6,3,15,18,36,15,21,true,false,false
match-a526dec4-1177,urzeitliche_kolosse,standard,1,6,5,17,18,40,25,15,true,false,false
match-b28c1d49-1179,urzeitliche_kolosse,standard,1,8,4,12,15,31,19,12,false,false,false
match-b28c1d49-1179,solidaritaet_ueberleben,standard,0,13,4,10,8,22,16,6,true,false,false
match-62eaa43b-1180,urzeitliche_kolosse,standard,1,6,4,15,17,36,19,17,false,false,false
match-62eaa43b-1180,solidaritaet_ueberleben,standard,0,7,3,10,12,25,15,10,true,false,false
match-e99d537d-1181,urzeitliche_kolosse,standard,1,6,5,15,20,40,24,16,false,false,false
match-704fe2c0-1182,urzeitliche_kolosse,standard,1,7,3,12,13,28,15,13,false,false,false
match-704fe2c0-1182,solidaritaet_ueberleben,standard,0,7,3,7,7,17,11,6,true,false,false
match-f7029202-1183,solidaritaet_ueberleben,standard,0,6,3,9,6,18,15,3,false,false,false
match-f7029202-1183,urzeitliche_kolosse,standard,1,10,4,11,12,27,20,7,true,false,false
match-7db52145-1184,solidaritaet_ueberleben,standard,0,6,1,4,4,9,5,4,false,false,false
match-7db52145-1184,urzeitliche_kolosse,standard,1,9,3,10,10,23,15,8,true,true,true
match-0467d088-1185,urzeitliche_kolosse,standard,1,6,5,11,13,29,17,12,false,false,false
match-8b1a7fca-1186,solidaritaet_ueberleben,standard,0,8,3,12,8,23,14,9,true,true,true
match-11cd0f0d-1187,urzeitliche_kolosse,standard,1,6,3,13,15,31,15,16,true,false,false
match-11cd0f0d-1187,solidaritaet_ueberleben,standard,0,7,5,10,9,24,17,7,false,false,false
match-987fbe4f-1188,solidaritaet_ueberleben,standard,0,7,4,15,15,34,20,14,false,false,false
match-1f324d92-1189,urzeitliche_kolosse,standard,1,6,4,15,19,38,19,19,true,false,false
match-1f324d92-1189,solidaritaet_ueberleben,standard,0,13,4,8,7,19,12,7,false,false,false
match-a5e4fcd4-1190,solidaritaet_ueberleben,standard,0,6,3,10,10,23,15,8,false,false,false
match-a5e4fcd4-1190,urzeitliche_kolosse,standard,1,6,4,15,18,37,20,17,true,false,true
match-2c978c17-1191,urzeitliche_kolosse,standard,1,6,4,14,16,34,19,15,true,false,true
match-b34a3b59-1192,urzeitliche_kolosse,standard,1,6,3,10,11,24,14,10,true,false,false
match-39fcca9c-1193,solidaritaet_ueberleben,standard,0,7,1,4,7,12,5,7,false,false,false
match-39fcca9c-1193,urzeitliche_kolosse,standard,1,8,4,13,13,30,20,10,true,false,false
match-47620921-1195,urzeitliche_kolosse,standard,1,6,3,13,13,29,15,14,true,false,false
match-b1cdff39-1198,urzeitliche_kolosse,standard,1,6,3,7,8,18,7,11,true,false,false
match-b1cdff39-1198,solidaritaet_ueberleben,standard,0,7,4,14,19,37,20,17,false,false,false
match-38808e7c-1199,urzeitliche_kolosse,standard,1,6,3,6,7,16,11,5,false,false,false
