matchId,deckId,botType,side,winner,startingPlayer,roundsPlayed,baseHealth,cardsDrawn,cardsPlayed,energySpent,energyUnused,creaturesSummoned,creaturesDestroyed,baseDamage,healing,laneMoves
match-1d278b76-0,forschung_muskelkraft,standard,0,0,1,5,-1,11,4,11,3,3,3,6,0,0
match-1d278b76-0,rudeljaeger,standard,1,1,0,5,4,8,6,14,1,6,0,11,0,0
match-9674fc33-1,forschung_muskelkraft,standard,0,0,1,5,0,13,4,12,3,3,2,3,0,0
match-9674fc33-1,rudeljaeger,standard,1,1,0,5,7,8,5,13,0,5,0,10,0,0
match-0fc24cf1-2,forschung_muskelkraft,standard,0,0,1,8,-1,17,10,33,1,8,6,0,0,0
match-0fc24cf1-2,rudeljaeger,standard,1,1,0,8,10,14,11,28,1,10,5,11,0,0
match-890fbdae-3,forschung_muskelkraft,standard,0,0,1,5,-1,13,3,11,4,3,3,0,0,0
match-890fbdae-3,rudeljaeger,standard,1,1,0,5,10,11,7,14,1,7,1,11,0,0
match-37f20880-4,forschung_muskelkraft,standard,0,1,1,10,1,22,11,40,5,9,10,11,0,0
match-37f20880-4,rudeljaeger,standard,1,0,0,10,-1,14,13,30,17,11,4,9,0,0
match-b13f793d-5,forschung_muskelkraft,standard,0,1,1,10,1,22,11,42,8,9,9,10,0,0
match-b13f793d-5,rudeljaeger,standard,1,0,0,10,0,14,13,37,13,11,4,9,0,1
match-2a8cc9fb-6,forschung_muskelkraft,standard,0,0,1,5,-1,12,5,14,1,4,2,2,0,0
match-2a8cc9fb-6,rudeljaeger,standard,1,1,0,5,8,9,6,15,0,6,1,11,0,0
match-a3da3ab8-7,forschung_muskelkraft,standard,0,1,1,11,3,21,11,42,13,9,11,15,0,0
match-a3da3ab8-7,rudeljaeger,standard,1,0,0,11,-5,14,14,38,22,13,4,7,0,0
match-e7929161-8,forschung_muskelkraft,standard,0,0,1,7,-3,12,6,24,4,6,7,0,0,0
match-e7929161-8,rudeljaeger,standard,1,1,0,7,10,10,10,26,2,9,2,13,0,0
match-60dfe21f-9,forschung_muskelkraft,standard,0,0,1,5,0,11,3,11,4,3,3,3,0,0
match-60dfe21f-9,rudeljaeger,standard,1,1,0,5,7,9,6,12,3,5,2,10,0,0
match-da2d52dc-10,forschung_muskelkraft,standard,0,0,1,3,0,10,3,5,1,2,0,0,0,0
match-da2d52dc-10,rudeljaeger,standard,1,1,0,3,10,7,3,6,0,3,0,10,0,0
match-537aa39a-11,forschung_muskelkraft,standard,0,1,1,15,3,23,15,60,50,13,9,12,0,0
match-537aa39a-11,rudeljaeger,standard,1,0,0,15,-2,20,16,44,61,14,9,7,0,1
match-025d0e6c-12,forschung_muskelkraft,standard,0,1,1,12,6,23,10,33,33,8,11,11,0,0
match-025d0e6c-12,rudeljaeger,standard,1,0,0,12,-1,18,16,45,25,14,3,4,0,1
match-7baa7f29-13,forschung_muskelkraft,standard,0,0,1,3,0,11,2,3,1,1,0,0,0,0
match-7baa7f29-13,rudeljaeger,standard,1,1,0,3,10,7,3,6,0,3,0,10,0,0
match-f4f7cfe6-14,forschung_muskelkraft,standard,0,0,1,4,0,10,4,6,1,2,1,3,0,0
match-f4f7cfe6-14,rudeljaeger,standard,1,1,0,4,7,8,5,10,0,5,0,10,0,0
match-6e4520a4-15,forschung_muskelkraft,standard,0,1,1,8,1,19,10,31,2,8,7,10,0,0
match-6e4520a4-15,rudeljaeger,standard,1,0,0,8,0,13,10,32,3,9,4,9,0,0
match-88519f9e-16,forschung_muskelkraft,standard,0,1,1,5,1,10,5,12,3,4,3,10,0,0
match-88519f9e-16,rudeljaeger,standard,1,0,0,5,0,9,6,15,0,6,2,9,0,0
match-019ef05c-17,forschung_muskelkraft,standard,0,1,1,11,2,20,12,42,13,10,10,10,0,0
match-019ef05c-17,rudeljaeger,standard,1,0,0,11,0,16,14,43,13,12,6,8,0,0
match-7aec4119-18,forschung_muskelkraft,standard,0,0,1,10,-2,19,9,32,13,7,9,8,0,0
match-7aec4119-18,rudeljaeger,standard,1,1,0,10,2,14,13,37,13,12,5,12,0,1
match-f439b1d6-19,forschung_muskelkraft,standard,0,1,1,8,1,15,9,31,2,7,7,10,0,0
match-f439b1d6-19,rudeljaeger,standard,1,0,0,8,0,12,11,32,2,10,4,9,0,0
match-a31c1ca8-20,forschung_muskelkraft,standard,0,0,1,6,-1,14,6,19,1,5,5,0,0,0
match-a31c1ca8-20,rudeljaeger,standard,1,1,0,6,10,9,7,18,3,7,3,11,0,0
match-1c696d66-21,forschung_muskelkraft,standard,0,1,1,10,1,21,12,44,6,10,10,13,0,0
match-1c696d66-21,rudeljaeger,standard,1,0,0,10,-3,14,13,33,14,11,5,9,0,0
match-95b6de23-22,forschung_muskelkraft,standard,0,0,1,3,0,9,2,3,1,1,0,0,0,0
match-95b6de23-22,rudeljaeger,standard,1,1,0,3,10,7,3,6,0,3,0,10,0,0
match-0f042ee1-23,forschung_muskelkraft,standard,0,0,1,7,-3,12,8,27,1,7,6,6,0,0
match-0f042ee1-23,rudeljaeger,standard,1,1,0,7,4,11,10,25,1,9,3,13,0,0
match-52bc858a-24,forschung_muskelkraft,standard,0,1,1,9,3,18,8,30,11,6,11,10,0,0
match-52bc858a-24,rudeljaeger,standard,1,0,0,9,0,14,13,31,8,12,1,7,0,0
match-cc09f647-25,forschung_muskelkraft,standard,0,0,1,8,-3,15,9,33,2,9,5,9,0,0
match-cc09f647-25,rudeljaeger,standard,1,1,0,8,1,13,10,32,1,10,6,13,0,2
match-45574705-26,forschung_muskelkraft,standard,0,,1,16,-1,22,15,61,63,13,16,8,0,0
match-45574705-26,rudeljaeger,standard,1,,0,16,-1,22,20,56,66,18,9,8,0,1
match-bea4b7c2-27,forschung_muskelkraft,standard,0,0,1,4,0,10,3,7,3,2,0,2,0,0
match-bea4b7c2-27,rudeljaeger,standard,1,1,0,4,8,9,4,9,1,4,0,10,0,0
match-6d870294-28,forschung_muskelkraft,standard,0,1,1,11,1,20,11,42,18,9,14,13,0,0
match-6d870294-28,rudeljaeger,standard,1,0,0,11,-3,15,13,31,24,13,4,9,0,0
match-e6d47351-29,forschung_muskelkraft,standard,0,0,1,6,0,15,6,19,2,5,4,7,0,0
match-e6d47351-29,rudeljaeger,standard,1,1,0,6,3,10,8,17,2,7,1,10,0,0
match-6021c40f-30,forschung_muskelkraft,standard,0,0,1,3,0,11,3,5,1,2,0,0,0,0
match-6021c40f-30,rudeljaeger,standard,1,1,0,3,10,6,3,6,0,3,0,10,0,0
match-d96f34cc-31,forschung_muskelkraft,standard,0,0,1,5,-3,11,4,12,2,4,1,0,0,0
match-d96f34cc-31,rudeljaeger,standard,1,1,0,5,10,9,5,14,1,4,3,13,0,0
match-f37b93c6-32,forschung_muskelkraft,standard,0,1,1,14,4,22,16,65,26,14,14,10,0,0
match-f37b93c6-32,rudeljaeger,standard,1,0,0,14,0,19,17,48,45,15,9,6,0,1
match-6cc8e484-33,forschung_muskelkraft,standard,0,1,1,15,4,23,15,61,48,13,15,9,0,0
match-6cc8e484-33,rudeljaeger,standard,1,0,0,15,0,20,19,55,52,17,11,5,0,1
match-e6165541-34,forschung_muskelkraft,standard,0,1,1,8,3,15,8,31,2,7,11,10,0,0
match-e6165541-34,rudeljaeger,standard,1,0,0,8,0,12,12,27,3,11,3,7,0,0
match-5f63a5ff-35,forschung_muskelkraft,standard,0,1,1,12,3,23,10,39,28,8,11,13,0,0
match-5f63a5ff-35,rudeljaeger,standard,1,0,0,12,-3,17,16,50,19,14,3,7,0,1
match-0e4610d1-36,forschung_muskelkraft,standard,0,1,1,11,1,21,10,36,19,8,13,14,0,0
match-0e4610d1-36,rudeljaeger,standard,1,0,0,11,-4,15,15,41,19,14,3,9,0,0
match-8793618e-37,forschung_muskelkraft,standard,0,1,1,8,1,19,10,30,3,8,8,11,0,0
match-8793618e-37,rudeljaeger,standard,1,0,0,8,-1,12,11,32,3,9,4,9,0,0
match-00e0d24c-38,forschung_muskelkraft,standard,0,1,1,10,6,19,10,36,9,9,10,13,0,0
match-00e0d24c-38,rudeljaeger,standard,1,0,0,10,-3,16,13,32,16,11,4,4,0,0
match-7a2e2309-39,forschung_muskelkraft,standard,0,1,1,11,3,22,11,47,19,10,9,12,0,0
match-7a2e2309-39,rudeljaeger,standard,1,0,0,11,-2,16,14,35,22,12,5,7,0,1
match-bde699b2-40,forschung_muskelkraft,standard,0,1,1,12,9,23,12,45,27,10,11,11,0,0
match-bde699b2-40,rudeljaeger,standard,1,0,0,12,-1,17,15,47,23,13,6,1,0,0
match-3733ea70-41,forschung_muskelkraft,standard,0,1,1,15,4,23,15,57,48,13,17,10,0,0
match-3733ea70-41,rudeljaeger,standard,1,0,0,15,0,21,19,51,56,17,10,6,0,1
match-b0815b2d-42,forschung_muskelkraft,standard,0,0,1,5,0,10,4,13,2,4,4,3,0,0
match-b0815b2d-42,rudeljaeger,standard,1,1,0,5,7,9,7,13,0,6,2,10,0,0
match-29ceabeb-43,forschung_muskelkraft,standard,0,1,1,9,3,16,10,37,4,8,12,10,0,0
match-29ceabeb-43,rudeljaeger,standard,1,0,0,9,0,14,12,32,4,12,3,7,0,0
match-d8b116bc-44,forschung_muskelkraft,standard,0,0,1,4,-2,9,1,4,6,1,0,0,0,0
match-d8b116bc-44,rudeljaeger,standard,1,1,0,4,10,8,3,9,1,3,0,12,0,0
match-51fe677a-45,forschung_muskelkraft,standard,0,1,1,14,4,22,15,55,41,13,12,15,0,0
match-51fe677a-45,rudeljaeger,standard,1,0,0,14,-5,21,18,49,47,16,8,6,0,0
match-cb4bd837-46,forschung_muskelkraft,standard,0,0,1,7,-2,13,8,27,1,7,3,3,0,0
match-cb4bd837-46,rudeljaeger,standard,1,1,0,7,7,12,8,21,4,8,3,12,0,0
match-449928f5-47,forschung_muskelkraft,standard,0,1,1,10,6,18,9,36,14,8,9,12,0,0
match-449928f5-47,rudeljaeger,standard,1,0,0,10,-2,14,13,36,13,12,4,4,0,0
match-5ea587ef-48,forschung_muskelkraft,standard,0,0,1,3,-2,10,3,5,1,2,0,0,0,0
match-5ea587ef-48,rudeljaeger,standard,1,1,0,3,10,8,4,6,0,4,0,12,0,0
match-d7f2f8ac-49,forschung_muskelkraft,standard,0,1,1,9,4,19,9,36,7,8,8,14,0,0
match-d7f2f8ac-49,rudeljaeger,standard,1,0,0,9,-4,14,12,29,9,10,3,6,0,1
match-5140496a-50,forschung_muskelkraft,standard,0,1,1,9,1,21,9,31,11,7,7,12,0,0
match-5140496a-50,rudeljaeger,standard,1,0,0,9,-2,14,12,31,7,10,2,9,0,0
match-ca8dba27-51,forschung_muskelkraft,standard,0,0,1,7,-2,17,8,26,1,6,5,6,0,0
match-ca8dba27-51,rudeljaeger,standard,1,1,0,7,4,11,10,24,2,8,3,12,0,0
match-797004f9-52,forschung_muskelkraft,standard,0,1,1,11,6,22,13,50,16,11,13,10,0,0
match-797004f9-52,rudeljaeger,standard,1,0,0,11,0,16,15,36,21,13,6,4,0,0
match-f2bd75b6-53,forschung_muskelkraft,standard,0,0,1,6,-1,12,7,20,1,5,5,9,0,0
match-f2bd75b6-53,rudeljaeger,standard,1,1,0,6,1,10,8,21,0,7,2,11,0,0
match-6c0ac674-54,forschung_muskelkraft,standard,0,0,1,5,-1,15,4,13,2,4,3,6,0,0
match-6c0ac674-54,rudeljaeger,standard,1,1,0,5,4,9,6,11,1,6,2,11,0,0
match-e5583731-55,forschung_muskelkraft,standard,0,0,1,13,-3,21,12,49,33,10,14,5,0,0
match-e5583731-55,rudeljaeger,standard,1,1,0,13,5,18,17,46,35,15,8,13,0,1
match-29108ddb-56,forschung_muskelkraft,standard,0,0,1,4,-1,11,2,6,4,2,2,0,0,0
match-29108ddb-56,rudeljaeger,standard,1,1,0,4,10,8,5,10,0,3,1,11,0,0
match-a25dfe98-57,forschung_muskelkraft,standard,0,0,1,6,0,11,5,17,3,4,6,6,0,0
match-a25dfe98-57,rudeljaeger,standard,1,1,0,6,4,10,8,19,0,8,1,10,0,0
match-1bab4f56-58,forschung_muskelkraft,standard,0,1,1,13,4,22,12,49,35,10,12,14,0,0
match-1bab4f56-58,rudeljaeger,standard,1,0,0,13,-4,18,17,41,41,15,5,6,0,1
match-94f8a013-59,forschung_muskelkraft,standard,0,0,1,6,-2,13,6,19,1,5,4,1,0,0
match-94f8a013-59,rudeljaeger,standard,1,1,0,6,9,11,6,19,1,6,3,12,0,0
match-43db0ae5-60,forschung_muskelkraft,standard,0,1,1,8,6,17,7,28,7,6,8,12,0,0
match-43db0ae5-60,rudeljaeger,standard,1,0,0,8,-2,12,11,24,11,11,1,4,0,0
match-bd287ba2-61,forschung_muskelkraft,standard,0,0,1,7,-2,15,8,26,1,6,7,6,0,0
match-bd287ba2-61,rudeljaeger,standard,1,1,0,7,4,11,10,24,3,9,2,12,0,0
match-3675cc60-62,forschung_muskelkraft,standard,0,1,1,11,6,22,14,52,9,12,13,10,0,0
match-3675cc60-62,rudeljaeger,standard,1,0,0,11,0,16,15,39,17,13,7,4,0,1
match-afc33d1d-63,forschung_muskelkraft,standard,0,0,1,5,0,11,3,11,4,3,4,8,0,0
match-afc33d1d-63,rudeljaeger,standard,1,1,0,5,2,8,5,14,1,5,1,10,0,0
match-707f9ad4-64,forschung_muskelkraft,standard,0,0,1,6,-2,15,6,19,2,5,4,4,0,0
match-707f9ad4-64,rudeljaeger,standard,1,1,0,6,6,10,8,20,1,7,2,12,0,0
match-e9cceb91-65,forschung_muskelkraft,standard,0,1,1,6,1,14,6,20,1,5,5,11,0,0
match-e9cceb91-65,rudeljaeger,standard,1,0,0,6,-1,11,7,20,1,7,1,9,0,0
match-631a5c4f-66,forschung_muskelkraft,standard,0,1,1,11,5,23,13,50,11,11,9,12,0,0
match-631a5c4f-66,rudeljaeger,standard,1,0,0,11,-2,14,14,33,23,12,6,5,0,1
match-dc67ad0c-67,forschung_muskelkraft,standard,0,0,1,4,0,11,3,8,2,3,0,0,0,0
match-dc67ad0c-67,rudeljaeger,standard,1,1,0,4,10,9,4,9,1,4,2,10,0,0
match-8b4a17de-68,forschung_muskelkraft,standard,0,0,1,6,-1,11,3,15,6,3,1,1,0,0
match-8b4a17de-68,rudeljaeger,standard,1,1,0,6,9,11,5,18,3,5,1,11,0,1
match-0497689c-69,forschung_muskelkraft,standard,0,1,1,12,3,22,13,46,20,11,14,11,0,0
match-0497689c-69,rudeljaeger,standard,1,0,0,12,-1,16,16,39,29,15,6,7,0,1
match-7de4d959-70,forschung_muskelkraft,standard,0,1,1,12,1,22,14,55,16,12,11,13,0,0
match-7de4d959-70,rudeljaeger,standard,1,0,0,12,-3,17,16,45,22,14,9,9,0,2
match-f7322a16-71,forschung_muskelkraft,standard,0,1,1,5,2,12,5,14,1,4,4,10,0,0
match-f7322a16-71,rudeljaeger,standard,1,0,0,5,0,9,6,14,1,5,1,8,0,0
match-3aea80c0-72,forschung_muskelkraft,standard,0,0,1,8,-1,15,10,31,5,8,5,7,0,0
match-3aea80c0-72,rudeljaeger,standard,1,1,0,8,3,14,11,32,0,9,4,11,0,0
match-b437f17d-73,forschung_muskelkraft,standard,0,1,1,13,1,23,9,35,43,7,13,13,0,0
match-b437f17d-73,rudeljaeger,standard,1,0,0,13,-3,18,17,48,40,16,2,9,0,0
match-2d85423b-74,forschung_muskelkraft,standard,0,1,1,10,4,21,10,42,8,9,12,13,0,0
match-2d85423b-74,rudeljaeger,standard,1,0,0,10,-3,15,13,32,16,12,5,6,0,0
match-a6d2b2f8-75,forschung_muskelkraft,standard,0,0,1,8,0,16,10,33,2,8,6,4,0,0
match-a6d2b2f8-75,rudeljaeger,standard,1,1,0,8,6,12,11,25,4,9,5,10,0,0
match-55b51dca-76,forschung_muskelkraft,standard,0,1,1,15,4,22,20,75,34,18,12,12,0,0
match-55b51dca-76,rudeljaeger,standard,1,0,0,15,-2,19,18,54,55,16,14,6,0,1
match-cf026e87-77,forschung_muskelkraft,standard,0,,1,15,0,23,17,69,42,15,15,9,0,0
match-cf026e87-77,rudeljaeger,standard,1,,0,15,0,20,19,53,53,17,14,9,0,0
match-484fdf45-78,forschung_muskelkraft,standard,0,0,1,5,-1,14,4,13,2,4,2,0,0,0
match-484fdf45-78,rudeljaeger,standard,1,1,0,5,10,12,5,15,0,5,1,11,0,0
match-c19d3002-79,forschung_muskelkraft,standard,0,1,1,14,1,22,12,48,43,10,15,14,0,0
match-c19d3002-79,rudeljaeger,standard,1,0,0,14,-4,19,18,53,39,17,6,9,0,2
match-dba98efc-80,forschung_muskelkraft,standard,0,0,1,3,0,10,3,5,1,2,0,0,0,0
match-dba98efc-80,rudeljaeger,standard,1,1,0,3,10,9,4,5,0,4,0,10,0,0
match-54f6ffba-81,forschung_muskelkraft,standard,0,1,1,11,5,22,13,50,16,11,11,12,0,0
match-54f6ffba-81,rudeljaeger,standard,1,0,0,11,-2,15,14,40,17,12,6,5,0,0
match-ce445077-82,forschung_muskelkraft,standard,0,1,1,11,8,23,14,52,9,12,6,11,0,0
match-ce445077-82,rudeljaeger,standard,1,0,0,11,-1,16,11,33,22,9,8,2,0,1
match-4791a135-83,forschung_muskelkraft,standard,0,0,1,4,0,9,3,7,3,2,2,6,0,0
match-4791a135-83,rudeljaeger,standard,1,1,0,4,4,7,6,9,1,5,1,10,0,0
match-f6740c06-84,forschung_muskelkraft,standard,0,0,1,4,0,9,3,7,3,2,2,6,0,0
match-f6740c06-84,rudeljaeger,standard,1,1,0,4,4,9,5,8,2,5,0,10,0,0
match-6fc17cc4-85,forschung_muskelkraft,standard,0,0,1,7,-4,18,9,27,1,7,7,3,0,0
match-6fc17cc4-85,rudeljaeger,standard,1,1,0,7,7,12,10,26,0,9,3,14,0,0
match-e90ecd81-86,forschung_muskelkraft,standard,0,1,1,13,4,22,14,53,30,12,14,17,0,0
match-e90ecd81-86,rudeljaeger,standard,1,0,0,13,-7,20,17,43,36,15,7,6,0,0
match-625c3e3f-87,forschung_muskelkraft,standard,0,0,1,15,0,22,14,55,55,12,16,8,0,0
match-625c3e3f-87,rudeljaeger,standard,1,1,0,15,1,20,19,54,56,18,7,9,0,1
match-a61494e8-88,forschung_muskelkraft,standard,0,0,1,5,-1,13,2,9,6,2,0,0,0,0
match-a61494e8-88,rudeljaeger,standard,1,1,0,5,10,8,4,12,3,4,0,11,0,0
match-1f61e5a6-89,forschung_muskelkraft,standard,0,0,1,15,-1,22,12,52,53,10,15,7,0,0
match-1f61e5a6-89,rudeljaeger,standard,1,1,0,15,3,21,19,54,55,17,9,11,0,1
match-98af5663-90,forschung_muskelkraft,standard,0,0,1,5,-1,10,4,13,2,4,0,0,0,0
match-98af5663-90,rudeljaeger,standard,1,1,0,5,10,10,5,14,1,4,3,11,0,0
match-11fca721-91,forschung_muskelkraft,standard,0,1,1,6,6,12,6,20,1,5,5,11,0,0
match-11fca721-91,rudeljaeger,standard,1,0,0,6,-1,10,8,19,1,8,2,4,0,0
match-c0df11f2-92,forschung_muskelkraft,standard,0,1,1,10,3,20,9,32,13,7,9,11,0,0
match-c0df11f2-92,rudeljaeger,standard,1,0,0,10,-1,14,13,33,15,11,3,7,0,0
match-3a2c62b0-93,forschung_muskelkraft,standard,0,0,1,7,-2,17,8,25,2,6,5,7,0,0
match-3a2c62b0-93,rudeljaeger,standard,1,1,0,7,3,12,9,24,1,8,2,12,0,1
match-b379d36d-94,forschung_muskelkraft,standard,0,0,1,6,-1,14,6,19,1,5,3,6,0,0
match-b379d36d-94,rudeljaeger,standard,1,1,0,6,4,12,6,18,2,5,3,11,0,1
match-2cc7242b-95,forschung_muskelkraft,standard,0,0,1,10,-2,20,11,37,12,9,7,6,0,0
match-2cc7242b-95,rudeljaeger,standard,1,1,0,10,4,15,13,31,16,11,7,12,0,0
match-46d38325-96,forschung_muskelkraft,standard,0,0,1,7,0,13,6,25,2,6,2,4,0,0
match-46d38325-96,rudeljaeger,standard,1,1,0,7,6,10,8,24,0,7,3,10,0,0
match-c020f3e2-97,forschung_muskelkraft,standard,0,1,1,16,1,22,13,53,72,11,11,8,0,0
match-c020f3e2-97,rudeljaeger,standard,1,0,0,16,-1,21,18,52,68,16,7,6,0,1
match-396e44a0-98,forschung_muskelkraft,standard,0,0,1,6,-3,13,7,20,1,5,4,0,0,0
match-396e44a0-98,rudeljaeger,standard,1,1,0,6,10,9,8,21,0,7,2,13,0,0
match-b2bbb55d-99,forschung_muskelkraft,standard,0,0,1,5,-2,14,3,11,4,3,1,2,0,0
match-b2bbb55d-99,rudeljaeger,standard,1,1,0,5,8,9,5,15,0,5,0,12,0,0
match-619e002f-100,forschung_muskelkraft,standard,0,1,1,6,1,15,6,20,1,5,5,10,0,0
match-619e002f-100,rudeljaeger,standard,1,0,0,6,0,11,7,18,2,7,1,9,0,1
match-daeb70ec-101,forschung_muskelkraft,standard,0,0,1,4,0,10,1,4,6,1,2,0,0,0
match-daeb70ec-101,rudeljaeger,standard,1,1,0,4,10,8,4,6,4,4,0,10,0,0
match-5438c1aa-102,forschung_muskelkraft,standard,0,0,1,6,0,16,6,19,2,5,4,4,0,0
match-5438c1aa-102,rudeljaeger,standard,1,1,0,6,6,10,7,19,1,6,3,10,0,1
match-cd863267-103,forschung_muskelkraft,standard,0,,1,16,0,23,14,59,65,12,11,8,0,0
match-cd863267-103,rudeljaeger,standard,1,,0,16,-1,21,16,49,73,14,8,7,0,1
match-113e8911-104,forschung_muskelkraft,standard,0,1,1,8,2,18,11,35,1,9,7,10,0,0
match-113e8911-104,rudeljaeger,standard,1,0,0,8,0,12,12,32,4,10,4,8,0,1
match-8a8bf9ce-105,forschung_muskelkraft,standard,0,1,1,15,2,22,19,73,34,17,14,9,0,0
match-8a8bf9ce-105,rudeljaeger,standard,1,0,0,15,0,20,18,50,56,16,17,7,0,2
match-03d94a8c-106,forschung_muskelkraft,standard,0,1,1,10,2,22,9,33,18,8,9,13,0,0
match-03d94a8c-106,rudeljaeger,standard,1,0,0,10,-3,14,13,35,13,12,3,8,0,3
match-7d26bb49-107,forschung_muskelkraft,standard,0,0,1,5,-2,15,5,14,1,4,1,0,0,0
match-7d26bb49-107,rudeljaeger,standard,1,1,0,5,10,10,5,13,0,5,1,12,0,0
match-2c09061b-108,forschung_muskelkraft,standard,0,0,1,16,-1,22,17,69,59,15,15,4,0,0
match-2c09061b-108,rudeljaeger,standard,1,1,0,16,3,20,20,56,65,18,12,8,0,1
match-a55676d8-109,forschung_muskelkraft,standard,0,1,1,9,6,16,8,30,6,7,10,11,0,0
match-a55676d8-109,rudeljaeger,standard,1,0,0,9,-1,12,12,27,12,10,2,4,0,1
match-1ea3c796-110,forschung_muskelkraft,standard,0,1,1,13,6,22,13,46,32,11,12,11,0,0
match-1ea3c796-110,rudeljaeger,standard,1,0,0,13,-1,16,16,40,41,14,6,4,0,0
match-97f13853-111,forschung_muskelkraft,standard,0,1,1,9,3,18,11,41,4,9,6,11,0,0
match-97f13853-111,rudeljaeger,standard,1,0,0,9,-1,14,11,34,11,9,4,7,0,2
match-b1fd974d-112,forschung_muskelkraft,standard,0,0,1,5,-1,9,5,13,1,4,3,3,0,0
match-b1fd974d-112,rudeljaeger,standard,1,1,0,5,7,11,4,14,1,4,0,11,0,0
match-2b4ae80b-113,forschung_muskelkraft,standard,0,0,1,5,0,11,4,13,2,4,3,0,0,0
match-2b4ae80b-113,rudeljaeger,standard,1,1,0,5,10,10,5,12,0,5,2,10,0,0
match-a49858c8-114,forschung_muskelkraft,standard,0,0,1,5,-1,9,5,14,1,4,4,7,0,0
match-a49858c8-114,rudeljaeger,standard,1,1,0,5,3,9,6,14,0,6,0,11,0,0
match-1de5a986-115,forschung_muskelkraft,standard,0,0,1,5,0,12,4,13,2,4,3,0,0,0
match-1de5a986-115,rudeljaeger,standard,1,1,0,5,10,8,8,15,0,7,2,10,0,0
match-ccc81457-116,forschung_muskelkraft,standard,0,0,1,5,-2,12,6,13,1,5,3,4,0,0
match-ccc81457-116,rudeljaeger,standard,1,1,0,5,6,9,5,14,1,5,3,12,0,0
match-46156515-117,forschung_muskelkraft,standard,0,0,1,9,-2,18,11,39,3,9,9,9,0,0
match-46156515-117,rudeljaeger,standard,1,1,0,9,1,13,12,31,10,11,6,12,0,0
match-bf62d5d2-118,forschung_muskelkraft,standard,0,0,1,3,0,8,3,4,1,1,0,0,0,0
match-bf62d5d2-118,rudeljaeger,standard,1,1,0,3,10,6,3,6,0,3,0,10,0,0
match-38b02690-119,forschung_muskelkraft,standard,0,1,1,9,6,21,9,36,6,8,9,14,0,0
match-38b02690-119,rudeljaeger,standard,1,0,0,9,-4,14,12,34,7,12,3,4,0,1
match-7c689d39-120,forschung_muskelkraft,standard,0,0,1,10,0,18,11,43,11,10,8,7,0,0
match-7c689d39-120,rudeljaeger,standard,1,1,0,10,3,13,13,37,9,12,6,10,0,1
match-f5b5edf6-121,forschung_muskelkraft,standard,0,0,1,5,0,9,5,14,1,4,2,6,0,0
match-f5b5edf6-121,rudeljaeger,standard,1,1,0,5,4,9,5,14,1,5,1,10,0,0
match-6f035eb4-122,forschung_muskelkraft,standard,0,0,1,9,-2,17,8,30,7,6,8,9,0,0
match-6f035eb4-122,rudeljaeger,standard,1,1,0,9,1,14,12,33,7,11,5,12,0,0
match-e850af71-123,forschung_muskelkraft,standard,0,1,1,11,3,19,11,47,14,10,10,10,0,0
match-e850af71-123,rudeljaeger,standard,1,0,0,11,0,16,14,42,16,14,5,7,0,1
match-97331a43-124,forschung_muskelkraft,standard,0,0,1,5,-2,12,5,14,1,4,4,6,0,0
match-97331a43-124,rudeljaeger,standard,1,1,0,5,4,9,5,15,0,5,0,12,0,0
match-10806b01-125,forschung_muskelkraft,standard,0,0,1,11,-3,19,12,41,14,10,14,7,0,0
match-10806b01-125,rudeljaeger,standard,1,1,0,11,3,16,15,45,12,15,7,13,0,1
match-89cddbbe-126,forschung_muskelkraft,standard,0,1,1,10,1,19,9,31,14,7,8,12,0,0
match-89cddbbe-126,rudeljaeger,standard,1,0,0,10,-2,14,13,33,14,11,2,9,0,0
match-031b2c7c-127,forschung_muskelkraft,standard,0,1,1,14,1,23,12,48,43,10,12,10,0,0
match-031b2c7c-127,rudeljaeger,standard,1,0,0,14,0,18,17,46,47,15,5,9,0,2
match-76778cb9-128,forschung_muskelkraft,standard,0,0,1,5,-1,13,5,14,1,4,4,6,0,0
match-76778cb9-128,rudeljaeger,standard,1,1,0,5,4,11,5,13,2,5,0,11,0,0
match-efc4fd76-129,forschung_muskelkraft,standard,0,0,1,5,-3,12,5,14,1,4,3,9,0,0
match-efc4fd76-129,rudeljaeger,standard,1,1,0,5,1,11,5,14,1,5,0,13,0,0
match-69124e34-130,forschung_muskelkraft,standard,0,1,1,10,1,20,10,35,15,8,10,10,0,0
match-69124e34-130,rudeljaeger,standard,1,0,0,10,0,14,13,35,12,11,3,9,0,0
match-e25fbef1-131,forschung_muskelkraft,standard,0,1,1,12,3,23,15,56,10,13,14,12,0,0
match-e25fbef1-131,rudeljaeger,standard,1,0,0,12,-2,18,16,42,27,14,9,7,0,3
match-914209c3-132,forschung_muskelkraft,standard,0,0,1,6,-2,17,6,19,1,5,2,1,0,0
match-914209c3-132,rudeljaeger,standard,1,1,0,6,9,11,5,20,1,5,3,12,0,1
match-0a8f7a81-133,forschung_muskelkraft,standard,0,1,1,8,6,18,9,31,3,7,9,10,0,0
match-0a8f7a81-133,rudeljaeger,standard,1,0,0,8,0,12,11,31,2,10,2,4,0,1
match-83dccb3e-134,forschung_muskelkraft,standard,0,1,1,10,1,17,8,30,15,6,13,13,0,0
match-83dccb3e-134,rudeljaeger,standard,1,0,0,10,-3,15,14,38,9,13,2,9,0,0
match-fd2a3bfb-135,forschung_muskelkraft,standard,0,1,1,10,5,16,8,30,15,7,7,14,0,0
match-fd2a3bfb-135,rudeljaeger,standard,1,0,0,10,-4,14,12,34,20,10,2,5,0,0
match-40e292a5-136,forschung_muskelkraft,standard,0,0,1,6,0,13,6,20,1,5,2,3,0,0
match-40e292a5-136,rudeljaeger,standard,1,1,0,6,7,10,6,17,1,6,2,10,0,0
match-ba2fe362-137,forschung_muskelkraft,standard,0,0,1,9,-3,17,9,34,7,7,10,6,0,0
match-ba2fe362-137,rudeljaeger,standard,1,1,0,9,4,13,13,29,12,11,3,13,0,0
match-337d5420-138,forschung_muskelkraft,standard,0,0,1,15,0,22,11,42,63,9,8,8,0,0
match-337d5420-138,rudeljaeger,standard,1,1,0,15,1,19,13,37,68,11,5,9,0,0
match-accaa4dd-139,forschung_muskelkraft,standard,0,1,1,5,2,11,4,13,2,4,4,10,0,0
match-accaa4dd-139,rudeljaeger,standard,1,0,0,5,0,10,6,14,1,6,1,8,0,0
match-5bad0faf-140,forschung_muskelkraft,standard,0,1,1,14,6,22,17,67,28,15,14,12,0,0
match-5bad0faf-140,rudeljaeger,standard,1,0,0,14,-2,19,18,49,46,16,12,4,0,0
match-d4fa606c-141,forschung_muskelkraft,standard,0,1,1,12,4,21,13,50,21,11,12,12,0,0
match-d4fa606c-141,rudeljaeger,standard,1,0,0,12,-2,16,15,39,30,13,7,6,0,0
match-4e47d12a-142,forschung_muskelkraft,standard,0,0,1,6,-1,14,7,20,1,5,4,7,0,0
match-4e47d12a-142,rudeljaeger,standard,1,1,0,6,3,11,8,18,1,8,3,11,0,0
match-c79521e7-143,forschung_muskelkraft,standard,0,1,1,15,3,23,17,69,40,15,13,10,0,0
match-c79521e7-143,rudeljaeger,standard,1,0,0,15,0,20,18,49,58,16,10,7,0,1
match-e1a180e1-144,forschung_muskelkraft,standard,0,0,1,3,-2,10,3,5,1,2,0,0,0,0
match-e1a180e1-144,rudeljaeger,standard,1,1,0,3,10,7,3,5,0,3,0,12,0,0
match-5aeef19f-145,forschung_muskelkraft,standard,0,0,1,5,-2,16,4,13,2,4,2,4,0,0
match-5aeef19f-145,rudeljaeger,standard,1,1,0,5,6,10,5,14,1,4,2,12,0,0
match-d43c425c-146,forschung_muskelkraft,standard,0,0,1,5,0,11,4,12,3,3,4,6,0,0
match-d43c425c-146,rudeljaeger,standard,1,1,0,5,4,8,6,12,1,6,0,10,0,0
match-4d89b31a-147,forschung_muskelkraft,standard,0,1,1,6,1,14,6,20,1,5,5,10,0,0
match-4d89b31a-147,rudeljaeger,standard,1,0,0,6,0,10,8,20,0,7,1,9,0,0
match-fc6c1deb-148,forschung_muskelkraft,standard,0,1,1,9,6,17,12,41,1,10,6,11,0,0
match-fc6c1deb-148,rudeljaeger,standard,1,0,0,9,-1,14,11,30,10,9,6,4,0,1
match-75b96ea9-149,forschung_muskelkraft,standard,0,,1,15,0,23,15,54,51,13,16,9,0,0
match-75b96ea9-149,rudeljaeger,standard,1,,0,15,0,20,19,52,55,17,11,9,0,2
match-ef06df66-150,forschung_muskelkraft,standard,0,1,1,10,4,19,9,36,14,8,7,13,0,0
match-ef06df66-150,rudeljaeger,standard,1,0,0,10,-3,15,14,40,7,12,5,6,0,1
match-68543024-151,forschung_muskelkraft,standard,0,0,1,5,-2,12,5,12,3,4,4,5,0,0
match-68543024-151,rudeljaeger,standard,1,1,0,5,5,10,5,15,0,5,0,12,0,0
match-ac0c86cd-152,forschung_muskelkraft,standard,0,1,1,11,1,19,8,29,26,6,12,10,0,0
match-ac0c86cd-152,rudeljaeger,standard,1,0,0,11,0,15,14,37,19,13,2,9,0,0
match-2559f78b-153,forschung_muskelkraft,standard,0,0,1,7,0,16,9,25,3,7,8,7,0,0
match-2559f78b-153,rudeljaeger,standard,1,1,0,7,3,13,10,25,1,9,4,10,0,0
match-9ea74848-154,forschung_muskelkraft,standard,0,0,1,5,-1,14,3,11,4,3,3,2,0,0
match-9ea74848-154,rudeljaeger,standard,1,1,0,5,8,8,7,14,1,6,1,11,0,0
match-17f4b906-155,forschung_muskelkraft,standard,0,1,1,11,2,20,14,52,8,12,11,12,0,0
match-17f4b906-155,rudeljaeger,standard,1,0,0,11,-2,15,15,44,13,13,7,8,0,0
match-c6d703d7-156,forschung_muskelkraft,standard,0,0,1,7,-2,16,8,27,1,6,7,9,0,0
match-c6d703d7-156,rudeljaeger,standard,1,1,0,7,1,11,10,25,1,9,2,12,0,0
match-40247495-157,forschung_muskelkraft,standard,0,1,1,6,3,13,5,19,2,5,6,10,0,0
match-40247495-157,rudeljaeger,standard,1,0,0,6,0,10,8,20,1,7,1,7,0,0
match-b971c552-158,forschung_muskelkraft,standard,0,1,1,8,3,17,9,31,2,8,10,13,0,0
match-b971c552-158,rudeljaeger,standard,1,0,0,8,-3,12,12,28,3,11,4,7,0,0
match-32bf3610-159,forschung_muskelkraft,standard,0,0,1,4,0,9,3,7,3,2,2,6,0,0
match-32bf3610-159,rudeljaeger,standard,1,1,0,4,4,10,4,10,0,4,0,10,0,0
match-4ccb950a-160,forschung_muskelkraft,standard,0,0,1,9,-1,19,8,28,13,6,9,8,0,0
match-4ccb950a-160,rudeljaeger,standard,1,1,0,9,2,14,13,35,4,11,3,11,0,1
match-c618e5c7-161,forschung_muskelkraft,standard,0,1,1,10,3,18,13,43,7,11,9,10,0,0
match-c618e5c7-161,rudeljaeger,standard,1,0,0,10,0,14,13,32,16,11,7,7,0,1
match-3f665685-162,forschung_muskelkraft,standard,0,1,1,15,3,22,12,44,67,10,10,9,0,0
match-3f665685-162,rudeljaeger,standard,1,0,0,15,0,20,16,47,60,14,5,6,0,1
match-b8b3a742-163,forschung_muskelkraft,standard,0,,1,16,0,23,17,67,61,15,13,7,0,0
match-b8b3a742-163,rudeljaeger,standard,1,,0,16,0,20,19,51,69,17,13,7,0,0
match-67961214-164,forschung_muskelkraft,standard,0,0,1,7,0,17,8,27,1,7,5,6,0,0
match-67961214-164,rudeljaeger,standard,1,1,0,7,4,11,10,25,2,8,3,10,0,0
match-e0e362d1-165,forschung_muskelkraft,standard,0,0,1,3,0,8,3,5,1,2,1,0,0,0
match-e0e362d1-165,rudeljaeger,standard,1,1,0,3,10,8,4,6,0,4,0,10,0,0
match-5a30d38f-166,forschung_muskelkraft,standard,0,0,1,5,0,11,4,13,2,4,2,0,0,0
match-5a30d38f-166,rudeljaeger,standard,1,1,0,5,10,8,5,12,1,5,1,10,0,0
match-d37e244c-167,forschung_muskelkraft,standard,0,0,1,4,-1,11,3,7,3,2,3,2,0,0
match-d37e244c-167,rudeljaeger,standard,1,1,0,4,8,8,6,9,1,5,0,11,0,0
match-17369af6-168,forschung_muskelkraft,standard,0,1,1,11,4,17,12,49,14,11,10,12,0,0
match-17369af6-168,rudeljaeger,standard,1,0,0,11,-2,15,15,40,19,13,6,6,0,3
match-9083ebb3-169,forschung_muskelkraft,standard,0,0,1,4,-1,11,4,8,2,2,3,2,0,0
match-9083ebb3-169,rudeljaeger,standard,1,1,0,4,8,8,5,9,1,5,0,11,0,0
match-09d15c71-170,forschung_muskelkraft,standard,0,0,1,6,0,15,5,18,3,4,0,6,0,0
match-09d15c71-170,rudeljaeger,standard,1,1,0,6,4,10,6,19,2,5,1,10,0,0
match-831ead2e-171,forschung_muskelkraft,standard,0,1,1,11,4,21,11,39,22,9,10,11,0,0
match-831ead2e-171,rudeljaeger,standard,1,0,0,11,-1,17,14,36,21,12,4,6,0,0
match-32011800-172,forschung_muskelkraft,standard,0,1,1,11,4,19,11,40,15,9,11,10,0,0
match-32011800-172,rudeljaeger,standard,1,0,0,11,0,16,15,44,16,13,4,6,0,0
match-ab4e68bd-173,forschung_muskelkraft,standard,0,1,1,7,4,18,8,26,1,6,6,10,0,0
match-ab4e68bd-173,rudeljaeger,standard,1,0,0,7,0,10,10,25,3,8,2,6,0,0
match-249bd97b-174,forschung_muskelkraft,standard,0,,1,17,0,21,14,54,86,12,15,6,0,0
match-249bd97b-174,rudeljaeger,standard,1,,0,17,-2,21,19,55,82,17,8,4,0,1
match-9de92a38-175,forschung_muskelkraft,standard,0,1,1,13,6,23,16,65,21,14,12,12,0,0
match-9de92a38-175,rudeljaeger,standard,1,0,0,13,-2,17,16,44,37,14,9,4,0,3
match-b7f58932-176,forschung_muskelkraft,standard,0,0,1,16,-1,22,17,65,59,15,14,6,0,0
match-b7f58932-176,rudeljaeger,standard,1,1,0,16,1,21,18,49,71,16,11,8,0,0
match-3142f9f0-177,forschung_muskelkraft,standard,0,1,1,13,2,22,16,65,22,14,8,10,0,0
match-3142f9f0-177,rudeljaeger,standard,1,0,0,13,0,17,15,41,37,13,9,8,0,0
match-aa904aad-178,forschung_muskelkraft,standard,0,0,1,7,-2,12,7,26,1,6,4,0,0,0
match-aa904aad-178,rudeljaeger,standard,1,1,0,7,10,10,8,22,2,8,3,12,0,1
match-23ddbb6b-179,forschung_muskelkraft,standard,0,0,1,3,0,9,2,3,1,1,0,2,0,0
match-23ddbb6b-179,rudeljaeger,standard,1,1,0,3,8,8,3,6,0,3,0,10,0,0
match-d2c0063c-180,forschung_muskelkraft,standard,0,1,1,5,6,12,6,14,1,5,5,12,0,0
match-d2c0063c-180,rudeljaeger,standard,1,0,0,5,-2,9,5,11,3,5,1,4,0,0
match-4c0d76fa-181,forschung_muskelkraft,standard,0,1,1,11,6,22,14,57,5,12,10,12,0,0
match-4c0d76fa-181,rudeljaeger,standard,1,0,0,11,-2,16,15,42,17,13,7,4,0,2
match-c55ac7b7-182,forschung_muskelkraft,standard,0,1,1,9,3,17,11,41,3,10,7,13,0,0
match-c55ac7b7-182,rudeljaeger,standard,1,0,0,9,-3,14,12,33,5,10,5,7,0,0
match-3ea83875-183,forschung_muskelkraft,standard,0,1,1,9,5,22,10,37,4,9,6,10,0,0
match-3ea83875-183,rudeljaeger,standard,1,0,0,9,0,14,11,32,4,10,6,5,0,0
match-82608f1e-184,forschung_muskelkraft,standard,0,0,1,5,0,13,4,12,3,3,3,0,0,0
match-82608f1e-184,rudeljaeger,standard,1,1,0,5,10,9,7,13,0,7,1,10,0,0
match-fbadffdb-185,forschung_muskelkraft,standard,0,1,1,10,1,19,12,43,7,10,7,13,0,0
match-fbadffdb-185,rudeljaeger,standard,1,0,0,10,-3,15,13,32,16,11,6,9,0,2
match-74fb5099-186,forschung_muskelkraft,standard,0,1,1,13,6,21,13,51,37,11,12,11,0,0
match-74fb5099-186,rudeljaeger,standard,1,0,0,13,-1,17,17,50,30,15,6,4,0,1
match-ee48a156-187,forschung_muskelkraft,standard,0,0,1,5,0,12,5,14,1,4,4,5,0,0
match-ee48a156-187,rudeljaeger,standard,1,1,0,5,5,9,5,12,1,5,1,10,0,0
match-9d2b0c28-188,forschung_muskelkraft,standard,0,0,1,3,0,9,3,5,1,2,0,2,0,0
match-9d2b0c28-188,rudeljaeger,standard,1,1,0,3,8,7,3,5,0,3,0,10,0,0
match-16787ce6-189,forschung_muskelkraft,standard,0,0,1,5,-3,12,5,13,1,4,4,3,0,0
match-16787ce6-189,rudeljaeger,standard,1,1,0,5,7,8,6,14,1,6,1,13,0,0
match-8fc5cda3-190,forschung_muskelkraft,standard,0,0,1,5,-1,11,5,14,1,4,3,3,0,0
match-8fc5cda3-190,rudeljaeger,standard,1,1,0,5,7,9,7,12,0,6,2,11,0,0
match-09133e61-191,forschung_muskelkraft,standard,0,1,1,7,2,16,7,26,2,7,7,12,0,0
match-09133e61-191,rudeljaeger,standard,1,0,0,7,-2,11,10,18,5,8,2,8,0,0
match-c9cf9c17-192,forschung_muskelkraft,standard,0,1,1,9,5,18,11,41,4,10,8,11,0,0
match-c9cf9c17-192,rudeljaeger,standard,1,0,0,9,-1,12,12,33,5,11,5,5,0,0
match-431cecd5-193,forschung_muskelkraft,standard,0,1,1,10,1,20,14,49,5,12,10,13,0,0
match-431cecd5-193,rudeljaeger,standard,1,0,0,10,-3,14,13,37,14,12,7,9,0,0
match-bc6a5d92-194,forschung_muskelkraft,standard,0,1,1,14,2,23,12,45,46,10,14,13,0,0
match-bc6a5d92-194,rudeljaeger,standard,1,0,0,14,-3,18,18,50,46,16,5,8,0,0
match-35b7ae50-195,forschung_muskelkraft,standard,0,0,1,6,0,12,6,20,1,5,5,6,0,0
match-35b7ae50-195,rudeljaeger,standard,1,1,0,6,4,9,7,19,1,7,2,10,0,0
match-e49a1921-196,forschung_muskelkraft,standard,0,1,1,15,1,21,14,55,50,12,11,12,0,0
match-e49a1921-196,rudeljaeger,standard,1,0,0,15,-2,19,16,43,66,14,7,9,0,3
match-5de769df-197,forschung_muskelkraft,standard,0,0,1,11,0,21,13,52,14,11,8,7,0,0
match-5de769df-197,rudeljaeger,standard,1,1,0,11,3,17,13,39,16,12,8,10,0,1
match-d734da9c-198,forschung_muskelkraft,standard,0,1,1,16,5,23,17,67,57,15,15,11,0,0
match-d734da9c-198,rudeljaeger,standard,1,0,0,16,-2,21,20,56,66,18,10,4,0,2
match-50822b5a-199,forschung_muskelkraft,standard,0,1,1,10,3,19,9,35,10,7,13,10,0,0
match-50822b5a-199,rudeljaeger,standard,1,0,0,10,0,15,12,34,11,12,2,7,0,1
match-943a8203-200,forschung_muskelkraft,standard,0,1,1,11,4,21,11,42,19,9,11,11,0,0
match-943a8203-200,rudeljaeger,standard,1,0,0,11,-1,15,14,43,15,13,4,6,0,0
match-0d87f2c1-201,forschung_muskelkraft,standard,0,0,1,5,-2,10,5,12,3,3,2,0,0,0
match-0d87f2c1-201,rudeljaeger,standard,1,1,0,5,10,10,5,15,0,5,0,12,0,0
match-86d5437e-202,forschung_muskelkraft,standard,0,1,1,9,2,18,9,31,5,7,13,13,0,0
match-86d5437e-202,rudeljaeger,standard,1,0,0,9,-3,15,13,32,7,12,3,8,0,0
match-0022b43c-203,forschung_muskelkraft,standard,0,1,1,14,3,23,13,50,41,11,15,15,0,0
match-0022b43c-203,rudeljaeger,standard,1,0,0,14,-5,20,18,53,42,17,6,7,0,2
match-af051f0d-204,forschung_muskelkraft,standard,0,,1,16,0,22,16,63,61,14,15,7,0,0
match-af051f0d-204,rudeljaeger,standard,1,,0,16,0,21,20,56,66,18,11,7,0,1
match-28526fcb-205,forschung_muskelkraft,standard,0,0,1,15,0,22,15,59,50,13,15,7,0,0
match-28526fcb-205,rudeljaeger,standard,1,1,0,15,2,20,19,54,55,18,9,9,0,0
match-a19fc088-206,forschung_muskelkraft,standard,0,0,1,5,0,13,5,14,1,4,3,0,0,0
match-a19fc088-206,rudeljaeger,standard,1,1,0,5,10,9,6,15,0,6,1,10,0,0
match-1aed3146-207,forschung_muskelkraft,standard,0,1,1,11,4,22,14,54,5,12,12,14,0,0
match-1aed3146-207,rudeljaeger,standard,1,0,0,11,-4,15,14,43,17,12,7,6,0,1
match-34f99040-208,forschung_muskelkraft,standard,0,0,1,3,0,11,3,5,1,2,0,0,0,0
match-34f99040-208,rudeljaeger,standard,1,1,0,3,10,6,3,6,0,3,0,10,0,0
match-ae46e0fd-209,forschung_muskelkraft,standard,0,1,1,13,3,23,16,63,24,14,12,14,0,0
match-ae46e0fd-209,rudeljaeger,standard,1,0,0,13,-4,19,16,45,38,15,9,7,0,0
match-279451bb-210,forschung_muskelkraft,standard,0,0,1,5,-1,14,2,9,6,2,3,0,0,0
match-279451bb-210,rudeljaeger,standard,1,1,0,5,10,9,5,9,3,5,0,11,0,0
match-a0e1a278-211,forschung_muskelkraft,standard,0,1,1,14,2,20,10,37,54,8,15,12,0,0
match-a0e1a278-211,rudeljaeger,standard,1,0,0,14,-2,19,18,50,43,16,3,8,0,0
match-4fc40d4a-212,forschung_muskelkraft,standard,0,1,1,15,5,22,17,69,44,15,16,11,0,0
match-4fc40d4a-212,rudeljaeger,standard,1,0,0,15,-1,21,19,51,57,17,11,5,0,3
match-c9117e07-213,forschung_muskelkraft,standard,0,1,1,14,3,22,17,65,26,15,13,10,0,0
match-c9117e07-213,rudeljaeger,standard,1,0,0,14,0,20,18,51,42,17,10,7,0,1
match-425ecec5-214,forschung_muskelkraft,standard,0,0,1,5,-2,11,5,14,1,4,4,7,0,0
match-425ecec5-214,rudeljaeger,standard,1,1,0,5,3,11,7,15,0,6,1,12,0,0
match-bbac3f82-215,forschung_muskelkraft,standard,0,1,1,8,5,18,9,28,1,7,8,12,0,0
match-bbac3f82-215,rudeljaeger,standard,1,0,0,8,-2,13,11,23,6,10,2,5,0,0
match-ff64962b-216,forschung_muskelkraft,standard,0,1,1,6,2,15,5,18,2,5,3,10,0,0
match-ff64962b-216,rudeljaeger,standard,1,0,0,6,0,10,7,18,0,7,1,8,0,0
match-78b1e6e9-217,forschung_muskelkraft,standard,0,0,1,6,-1,13,6,19,1,5,5,7,0,0
match-78b1e6e9-217,rudeljaeger,standard,1,1,0,6,3,12,8,19,2,7,1,11,0,0
match-f1ff57a6-218,forschung_muskelkraft,standard,0,1,1,15,2,23,18,71,34,16,14,11,0,0
match-f1ff57a6-218,rudeljaeger,standard,1,0,0,15,-1,19,18,50,57,16,12,8,0,1
match-6b4ca864-219,forschung_muskelkraft,standard,0,0,1,5,-3,11,4,13,2,4,4,6,0,0
match-6b4ca864-219,rudeljaeger,standard,1,1,0,5,4,10,5,12,0,5,3,13,0,0
match-1a2f1336-220,forschung_muskelkraft,standard,0,0,1,5,-2,12,4,13,2,4,3,2,0,0
match-1a2f1336-220,rudeljaeger,standard,1,1,0,5,8,9,6,15,0,5,2,12,0,0
match-937c63f3-221,forschung_muskelkraft,standard,0,1,1,7,4,14,6,22,4,5,5,10,0,0
match-937c63f3-221,rudeljaeger,standard,1,0,0,7,0,11,10,24,2,9,1,6,0,0
match-0cc9d4b1-222,forschung_muskelkraft,standard,0,1,1,12,1,22,13,48,18,11,11,11,0,0
match-0cc9d4b1-222,rudeljaeger,standard,1,0,0,12,-1,17,16,48,23,14,6,9,0,0
match-8617256e-223,forschung_muskelkraft,standard,0,0,1,4,-1,11,3,5,2,2,2,3,0,0
match-8617256e-223,rudeljaeger,standard,1,1,0,4,7,8,4,9,1,4,1,11,0,0
match-a0238468-224,forschung_muskelkraft,standard,0,,1,15,0,23,9,36,69,7,15,9,0,0
match-a0238468-224,rudeljaeger,standard,1,,0,15,0,20,19,53,59,17,2,9,0,0
match-1970f526-225,forschung_muskelkraft,standard,0,0,1,8,0,20,11,33,3,9,9,6,0,0
match-1970f526-225,rudeljaeger,standard,1,1,0,8,4,13,11,28,5,10,5,10,0,0
match-92be45e3-226,forschung_muskelkraft,standard,0,1,1,11,4,20,9,35,26,7,15,13,0,0
match-92be45e3-226,rudeljaeger,standard,1,0,0,11,-3,16,15,35,22,14,3,6,0,0
match-0c0bb6a1-227,forschung_muskelkraft,standard,0,0,1,5,0,10,5,14,1,4,4,0,0,0
match-0c0bb6a1-227,rudeljaeger,standard,1,1,0,5,10,9,6,12,2,6,3,10,0,0
match-baee0172-228,forschung_muskelkraft,standard,0,0,1,9,-1,14,11,40,2,9,7,9,0,0
match-baee0172-228,rudeljaeger,standard,1,1,0,9,1,15,12,29,10,11,5,11,0,2
match-343b7230-229,forschung_muskelkraft,standard,0,1,1,7,1,14,6,25,2,6,4,10,0,0
match-343b7230-229,rudeljaeger,standard,1,0,0,7,0,12,10,25,1,9,3,9,0,0
match-ad88c2ed-230,forschung_muskelkraft,standard,0,1,1,14,2,22,18,71,24,16,13,13,0,0
match-ad88c2ed-230,rudeljaeger,standard,1,0,0,14,-3,19,17,43,51,15,11,8,0,1
match-26d633ab-231,forschung_muskelkraft,standard,0,1,1,5,4,11,5,14,1,4,1,12,0,0
match-26d633ab-231,rudeljaeger,standard,1,0,0,5,-2,10,5,15,0,5,0,6,0,0
match-6a8e8a54-232,forschung_muskelkraft,standard,0,1,1,14,3,23,12,49,47,10,14,12,0,0
match-6a8e8a54-232,rudeljaeger,standard,1,0,0,14,-2,19,18,50,44,16,6,7,0,0
match-e3dbfb11-233,forschung_muskelkraft,standard,0,0,1,6,0,11,6,19,2,4,4,7,0,0
match-e3dbfb11-233,rudeljaeger,standard,1,1,0,6,3,10,7,20,1,6,1,10,0,0
match-5d294bcf-234,forschung_muskelkraft,standard,0,0,1,7,-3,13,8,26,1,6,5,9,0,0
match-5d294bcf-234,rudeljaeger,standard,1,1,0,7,1,11,9,22,3,7,4,13,0,0
match-d676bc8c-235,forschung_muskelkraft,standard,0,1,1,15,1,22,13,53,52,11,14,9,0,0
match-d676bc8c-235,rudeljaeger,standard,1,0,0,15,0,19,18,48,60,16,7,8,0,0
match-8559075e-236,forschung_muskelkraft,standard,0,0,1,5,0,12,5,13,2,3,3,3,0,0
match-8559075e-236,rudeljaeger,standard,1,1,0,5,7,10,4,13,2,4,0,10,0,0
match-fea6781b-237,forschung_muskelkraft,standard,0,1,1,14,1,22,10,41,56,8,12,13,0,0
match-fea6781b-237,rudeljaeger,standard,1,0,0,14,-3,19,18,53,41,16,3,9,0,0
match-77f3c8d9-238,forschung_muskelkraft,standard,0,1,1,7,4,16,7,26,2,6,5,14,0,0
match-77f3c8d9-238,rudeljaeger,standard,1,0,0,7,-4,12,8,26,1,8,2,6,0,0
match-f1413996-239,forschung_muskelkraft,standard,0,0,1,5,-1,11,6,14,1,4,3,2,0,0
match-f1413996-239,rudeljaeger,standard,1,1,0,5,8,9,5,14,1,5,1,11,0,0
match-0b4d9891-240,forschung_muskelkraft,standard,0,1,1,11,1,22,12,48,18,10,10,11,0,0
match-0b4d9891-240,rudeljaeger,standard,1,0,0,11,-1,15,14,37,20,13,5,9,0,3
match-849ae94e-241,forschung_muskelkraft,standard,0,1,1,13,3,20,7,28,50,5,13,10,0,0
match-849ae94e-241,rudeljaeger,standard,1,0,0,13,0,18,16,46,35,15,0,7,0,0
match-fde85a0b-242,forschung_muskelkraft,standard,0,1,1,8,3,17,7,25,3,6,11,10,0,0
match-fde85a0b-242,rudeljaeger,standard,1,0,0,8,0,13,12,33,2,11,1,7,0,0
match-7735aac9-243,forschung_muskelkraft,standard,0,0,1,6,-2,16,6,19,2,5,4,0,0,0
match-7735aac9-243,rudeljaeger,standard,1,1,0,6,10,9,8,19,0,8,3,12,0,0
match-2618159b-244,forschung_muskelkraft,standard,0,1,1,15,3,23,16,63,42,14,16,9,0,0
match-2618159b-244,rudeljaeger,standard,1,0,0,15,0,20,19,52,56,17,10,6,0,1
match-9f656658-245,forschung_muskelkraft,standard,0,0,1,7,-3,19,8,26,2,7,4,6,0,0
match-9f656658-245,rudeljaeger,standard,1,1,0,7,4,11,9,23,2,8,5,13,0,0
match-18b2d716-246,forschung_muskelkraft,standard,0,1,1,14,4,22,16,65,30,14,12,11,0,0
match-18b2d716-246,rudeljaeger,standard,1,0,0,14,-1,20,17,49,47,16,10,6,0,2
match-920027d3-247,forschung_muskelkraft,standard,0,1,1,15,2,23,17,69,44,15,13,10,0,0
match-920027d3-247,rudeljaeger,standard,1,0,0,15,0,21,18,47,59,16,10,8,0,1
match-d5b89e7c-248,forschung_muskelkraft,standard,0,0,1,13,0,23,13,53,31,11,11,9,0,0
match-d5b89e7c-248,rudeljaeger,standard,1,1,0,13,1,18,16,45,36,14,10,10,0,0
match-4f05ef3a-249,forschung_muskelkraft,standard,0,0,1,5,-1,12,5,14,1,4,4,0,0,0
match-4f05ef3a-249,rudeljaeger,standard,1,1,0,5,10,9,8,15,0,8,2,11,0,0
match-c8535ff7-250,forschung_muskelkraft,standard,0,0,1,6,0,14,5,19,2,5,5,0,0,0
match-c8535ff7-250,rudeljaeger,standard,1,1,0,6,10,9,8,20,0,8,3,10,0,0
match-41a0b0b5-251,forschung_muskelkraft,standard,0,0,1,9,-2,17,9,39,6,8,10,7,0,0
match-41a0b0b5-251,rudeljaeger,standard,1,1,0,9,3,15,13,30,7,12,5,12,0,0
match-f0831b86-252,forschung_muskelkraft,standard,0,1,1,9,2,20,11,41,4,10,6,12,0,0
match-f0831b86-252,rudeljaeger,standard,1,0,0,9,-2,12,12,37,4,10,6,8,0,0
match-69d06c44-253,forschung_muskelkraft,standard,0,1,1,8,3,15,8,31,3,7,9,12,0,0
match-69d06c44-253,rudeljaeger,standard,1,0,0,8,-2,14,12,32,2,11,2,7,0,0
match-e31ddd01-254,forschung_muskelkraft,standard,0,1,1,12,1,20,12,47,19,10,11,13,0,0
match-e31ddd01-254,rudeljaeger,standard,1,0,0,12,-3,16,15,40,31,13,6,9,0,0
match-5c6b2dbf-255,forschung_muskelkraft,standard,0,1,1,13,6,22,13,53,35,11,11,12,0,0
match-5c6b2dbf-255,rudeljaeger,standard,1,0,0,13,-2,17,16,43,37,14,6,4,0,0
match-6a8788ef-256,forschung_muskelkraft,standard,0,1,1,7,3,14,8,27,1,6,7,13,0,0
match-6a8788ef-256,rudeljaeger,standard,1,0,0,7,-3,10,10,24,0,9,1,7,0,1
match-e3d4f9ac-257,forschung_muskelkraft,standard,0,1,1,11,6,21,14,55,7,12,10,11,0,0
match-e3d4f9ac-257,rudeljaeger,standard,1,0,0,11,-1,17,14,41,19,12,7,4,0,0
match-5d224a6a-258,forschung_muskelkraft,standard,0,0,1,4,-2,10,3,5,2,2,0,0,0,0
match-5d224a6a-258,rudeljaeger,standard,1,1,0,4,10,8,3,8,1,3,1,12,0,0
match-d66fbb27-259,forschung_muskelkraft,standard,0,1,1,11,5,21,11,42,18,9,11,15,0,0
match-d66fbb27-259,rudeljaeger,standard,1,0,0,11,-5,15,14,39,18,12,4,5,0,1
match-855205f9-260,forschung_muskelkraft,standard,0,1,1,10,3,19,10,37,8,8,11,10,0,0
match-855205f9-260,rudeljaeger,standard,1,0,0,10,0,16,13,36,10,12,4,7,0,1
match-fe9f76b6-261,forschung_muskelkraft,standard,0,1,1,11,1,21,15,55,11,13,11,13,0,0
match-fe9f76b6-261,rudeljaeger,standard,1,0,0,11,-3,17,15,43,13,13,9,9,0,1
match-77ecc774-262,forschung_muskelkraft,standard,0,1,1,12,3,22,14,54,12,12,12,15,0,0
match-77ecc774-262,rudeljaeger,standard,1,0,0,12,-5,17,16,42,28,14,7,7,0,3
match-f13a3831-263,forschung_muskelkraft,standard,0,0,1,5,-3,11,4,13,2,4,3,0,0,0
match-f13a3831-263,rudeljaeger,standard,1,1,0,5,10,9,4,13,1,4,3,13,0,0
match-34f28edb-264,forschung_muskelkraft,standard,0,1,1,6,4,14,5,17,3,4,2,10,0,0
match-34f28edb-264,rudeljaeger,standard,1,0,0,6,0,9,8,18,3,7,1,6,0,0
match-ae3fff98-265,forschung_muskelkraft,standard,0,0,1,6,-1,14,6,20,1,5,4,3,0,0
match-ae3fff98-265,rudeljaeger,standard,1,1,0,6,7,10,9,19,1,8,4,11,0,0
match-278d5056-266,forschung_muskelkraft,standard,0,1,1,12,2,22,15,59,13,13,10,13,0,0
match-278d5056-266,rudeljaeger,standard,1,0,0,12,-3,17,15,39,31,13,8,8,0,1
match-a0daa113-267,forschung_muskelkraft,standard,0,0,1,16,-1,22,13,52,73,11,13,3,0,0
match-a0daa113-267,rudeljaeger,standard,1,1,0,16,4,21,19,55,69,17,6,8,0,1
match-4fbd0be5-268,forschung_muskelkraft,standard,0,0,1,6,-1,14,5,18,2,5,3,0,0,0
match-4fbd0be5-268,rudeljaeger,standard,1,1,0,6,10,11,7,20,1,6,3,11,0,1
match-c90a7ca2-269,forschung_muskelkraft,standard,0,1,1,10,1,18,12,46,3,11,8,11,0,0
match-c90a7ca2-269,rudeljaeger,standard,1,0,0,10,-1,16,13,34,13,12,6,9,0,1
match-4257cd60-270,forschung_muskelkraft,standard,0,,1,16,0,23,15,61,64,13,16,8,0,0
match-4257cd60-270,rudeljaeger,standard,1,,0,16,-1,20,20,56,69,18,8,7,0,0
match-bba53e1d-271,forschung_muskelkraft,standard,0,0,1,6,-1,14,4,16,4,4,5,9,0,0
match-bba53e1d-271,rudeljaeger,standard,1,1,0,6,1,10,8,17,1,7,1,11,0,0
match-d5b19d17-272,forschung_muskelkraft,standard,0,0,1,5,0,11,3,11,4,3,3,4,0,0
match-d5b19d17-272,rudeljaeger,standard,1,1,0,5,6,10,6,14,1,5,1,10,0,0
match-4efeedd5-273,forschung_muskelkraft,standard,0,1,1,13,1,21,15,57,21,13,13,13,0,0
match-4efeedd5-273,rudeljaeger,standard,1,0,0,13,-3,18,16,39,43,14,8,9,0,0
match-c84c5e92-274,forschung_muskelkraft,standard,0,1,1,9,4,18,11,39,4,9,7,13,0,0
match-c84c5e92-274,rudeljaeger,standard,1,0,0,9,-3,14,12,30,9,10,4,6,0,0
match-4199af50-275,forschung_muskelkraft,standard,0,1,1,8,1,13,9,31,2,7,7,11,0,0
match-4199af50-275,rudeljaeger,standard,1,0,0,8,-1,11,11,29,1,10,3,9,0,0
match-f07c1a21-276,forschung_muskelkraft,standard,0,1,1,13,6,22,14,56,22,12,12,12,0,0
match-f07c1a21-276,rudeljaeger,standard,1,0,0,13,-2,18,17,47,33,15,9,4,0,0
match-69c96adf-277,forschung_muskelkraft,standard,0,1,1,11,5,23,10,35,20,8,9,12,0,0
match-69c96adf-277,rudeljaeger,standard,1,0,0,11,-2,15,14,38,20,12,3,5,0,2
match-e316db9c-278,forschung_muskelkraft,standard,0,1,1,7,2,18,6,23,5,6,6,10,0,0
match-e316db9c-278,rudeljaeger,standard,1,0,0,7,0,12,8,21,6,8,1,8,0,0
match-5c642c5a-279,forschung_muskelkraft,standard,0,0,1,15,-2,23,20,75,32,18,11,7,0,0
match-5c642c5a-279,rudeljaeger,standard,1,1,0,15,3,21,17,48,57,15,16,12,0,0
match-a01c8303-280,forschung_muskelkraft,standard,0,1,1,10,4,21,10,37,8,8,11,16,0,0
match-a01c8303-280,rudeljaeger,standard,1,0,0,10,-6,14,13,35,13,12,6,6,0,0
match-1969f3c1-281,forschung_muskelkraft,standard,0,1,1,8,1,17,7,29,5,7,9,12,0,0
match-1969f3c1-281,rudeljaeger,standard,1,0,0,8,-2,13,11,28,3,10,3,9,0,0
match-92b7447e-282,forschung_muskelkraft,standard,0,1,1,11,4,20,13,49,16,11,11,11,0,0
match-92b7447e-282,rudeljaeger,standard,1,0,0,11,-1,17,15,37,20,13,7,6,0,0
match-0c04b53c-283,forschung_muskelkraft,standard,0,1,1,8,1,16,9,32,3,7,6,10,0,0
match-0c04b53c-283,rudeljaeger,standard,1,0,0,8,0,12,11,33,1,9,2,9,0,1
match-bae7000d-284,forschung_muskelkraft,standard,0,1,1,11,2,23,13,53,9,11,11,13,0,0
match-bae7000d-284,rudeljaeger,standard,1,0,0,11,-3,16,15,40,21,13,6,8,0,1
match-343470cb-285,forschung_muskelkraft,standard,0,0,1,3,0,10,3,5,1,2,0,0,0,0
match-343470cb-285,rudeljaeger,standard,1,1,0,3,10,7,3,6,0,3,0,10,0,0
match-ad81c188-286,forschung_muskelkraft,standard,0,0,1,6,0,17,7,20,1,5,2,0,0,0
match-ad81c188-286,rudeljaeger,standard,1,1,0,6,10,10,6,19,2,6,3,10,0,0
match-26cf3246-287,forschung_muskelkraft,standard,0,0,1,7,0,15,7,26,2,6,6,0,0,0
match-26cf3246-287,rudeljaeger,standard,1,1,0,7,10,13,9,23,3,9,2,10,0,0
match-40db9140-288,forschung_muskelkraft,standard,0,0,1,4,-2,12,5,9,1,4,3,2,0,0
match-40db9140-288,rudeljaeger,standard,1,1,0,4,8,8,5,9,1,5,0,12,0,0
match-ba28e1fd-289,forschung_muskelkraft,standard,0,0,1,9,-2,19,12,40,5,10,6,3,0,0
match-ba28e1fd-289,rudeljaeger,standard,1,1,0,9,7,15,12,35,6,11,6,12,0,0
match-337652bb-290,forschung_muskelkraft,standard,0,1,1,10,4,20,11,39,11,9,9,10,0,0
match-337652bb-290,rudeljaeger,standard,1,0,0,10,0,14,13,39,14,11,4,6,0,0
match-acc3a378-291,forschung_muskelkraft,standard,0,1,1,8,3,19,8,25,4,6,8,11,0,0
match-acc3a378-291,rudeljaeger,standard,1,0,0,8,-1,12,11,25,5,9,1,7,0,0
match-5ba60e4a-292,forschung_muskelkraft,standard,0,1,1,9,4,16,10,39,5,9,9,12,0,0
match-5ba60e4a-292,rudeljaeger,standard,1,0,0,9,-2,14,12,29,9,11,5,6,0,0
match-d4f37f07-293,forschung_muskelkraft,standard,0,1,1,15,4,23,13,52,53,11,14,10,0,0
match-d4f37f07-293,rudeljaeger,standard,1,0,0,15,0,21,19,52,56,17,6,6,0,1
match-4e40cfc5-294,forschung_muskelkraft,standard,0,1,1,8,1,16,7,24,4,6,8,13,0,0
match-4e40cfc5-294,rudeljaeger,standard,1,0,0,8,-3,12,10,27,1,9,2,9,0,1
match-c78e2082-295,forschung_muskelkraft,standard,0,1,1,10,4,19,11,41,5,9,11,14,0,0
match-c78e2082-295,rudeljaeger,standard,1,0,0,10,-4,13,13,31,16,11,4,6,0,0
match-0b46972c-296,forschung_muskelkraft,standard,0,0,1,5,-1,11,3,11,4,3,2,4,0,0
match-0b46972c-296,rudeljaeger,standard,1,1,0,5,6,9,5,14,1,5,0,11,0,0
match-8493e7e9-297,forschung_muskelkraft,standard,0,1,1,12,4,22,11,40,26,9,13,10,0,0
match-8493e7e9-297,rudeljaeger,standard,1,0,0,12,0,16,16,44,25,14,4,6,0,1
match-fde158a6-298,forschung_muskelkraft,standard,0,0,1,5,0,11,4,12,3,3,3,6,0,0
match-fde158a6-298,rudeljaeger,standard,1,1,0,5,4,8,6,14,0,5,1,10,0,0
match-772ea964-299,forschung_muskelkraft,standard,0,0,1,4,-1,10,1,4,6,1,2,0,0,0
match-772ea964-299,rudeljaeger,standard,1,1,0,4,10,9,4,8,2,4,0,11,0,0
match-26111436-300,forschung_muskelkraft,standard,0,0,1,15,0,23,16,65,40,14,17,7,0,0
match-26111436-300,rudeljaeger,standard,1,1,0,15,2,21,18,50,57,17,9,9,0,3
match-9f5e64f3-301,forschung_muskelkraft,standard,0,0,1,5,0,12,5,14,1,4,3,9,0,0
match-9f5e64f3-301,rudeljaeger,standard,1,1,0,5,1,9,5,14,1,5,1,10,0,0
match-18abd5b1-302,forschung_muskelkraft,standard,0,0,1,8,-3,14,9,32,4,7,2,6,0,0
match-18abd5b1-302,rudeljaeger,standard,1,1,0,8,4,13,7,25,3,7,4,13,0,2
match-91f9266e-303,forschung_muskelkraft,standard,0,1,1,11,3,22,13,46,9,11,9,11,0,0
match-91f9266e-303,rudeljaeger,standard,1,0,0,11,-1,14,14,38,18,12,6,7,0,1
match-ac058568-304,forschung_muskelkraft,standard,0,1,1,12,3,23,9,34,32,7,12,11,0,0
match-ac058568-304,rudeljaeger,standard,1,0,0,12,-1,18,16,45,23,14,2,7,0,1
match-2552f626-305,forschung_muskelkraft,standard,0,1,1,12,1,23,12,45,26,10,13,15,0,0
match-2552f626-305,rudeljaeger,standard,1,0,0,12,-5,17,16,41,29,14,5,9,0,1
match-9ea046e3-306,forschung_muskelkraft,standard,0,0,1,7,-1,18,8,26,2,7,5,9,0,0
match-9ea046e3-306,rudeljaeger,standard,1,1,0,7,1,13,8,24,4,8,3,11,0,0
match-17edb7a1-307,forschung_muskelkraft,standard,0,1,1,8,3,19,9,31,2,7,9,12,0,0
match-17edb7a1-307,rudeljaeger,standard,1,0,0,8,-2,13,12,29,5,11,2,7,0,0
match-c6d00272-308,forschung_muskelkraft,standard,0,0,1,7,-1,17,6,23,4,5,3,0,0,0
match-c6d00272-308,rudeljaeger,standard,1,1,0,7,10,12,7,21,2,6,3,11,0,0
match-401d7330-309,forschung_muskelkraft,standard,0,0,1,5,-1,13,5,14,1,4,1,0,0,0
match-401d7330-309,rudeljaeger,standard,1,1,0,5,10,8,6,15,0,6,1,11,0,0
match-b96ac3ed-310,forschung_muskelkraft,standard,0,1,1,13,4,23,12,45,38,10,12,14,0,0
match-b96ac3ed-310,rudeljaeger,standard,1,0,0,13,-4,19,17,46,36,15,5,6,0,1
match-32b834ab-311,forschung_muskelkraft,standard,0,0,1,5,-4,11,5,13,2,3,1,7,0,0
match-32b834ab-311,rudeljaeger,standard,1,1,0,5,3,9,5,15,0,4,0,14,0,0
match-76708b54-312,forschung_muskelkraft,standard,0,,1,16,-1,23,17,65,59,15,11,8,0,0
match-76708b54-312,rudeljaeger,standard,1,,0,16,-1,20,17,44,76,15,11,8,0,0
match-efbdfc11-313,forschung_muskelkraft,standard,0,1,1,12,3,22,14,53,13,12,10,13,0,0
match-efbdfc11-313,rudeljaeger,standard,1,0,0,12,-3,15,15,45,24,13,7,7,0,3
match-690b4ccf-314,forschung_muskelkraft,standard,0,1,1,12,1,23,14,60,16,13,11,10,0,0
match-690b4ccf-314,rudeljaeger,standard,1,0,0,12,0,17,15,41,28,14,9,9,0,0
match-e258bd8c-315,forschung_muskelkraft,standard,0,0,1,5,-2,13,4,13,2,4,3,5,0,0
match-e258bd8c-315,rudeljaeger,standard,1,1,0,5,5,9,5,14,1,5,0,12,0,0
match-913b085e-316,forschung_muskelkraft,standard,0,1,1,13,3,22,15,59,23,13,14,14,0,0
match-913b085e-316,rudeljaeger,standard,1,0,0,13,-4,18,17,47,36,15,9,7,0,0
match-0a88791c-317,forschung_muskelkraft,standard,0,1,1,12,1,22,12,48,24,10,15,12,0,0
match-0a88791c-317,rudeljaeger,standard,1,0,0,12,-2,16,16,48,20,16,8,9,0,2
match-83d5c9d9-318,forschung_muskelkraft,standard,0,0,1,16,0,22,15,61,59,13,15,6,0,0
match-83d5c9d9-318,rudeljaeger,standard,1,1,0,16,1,21,18,51,69,16,9,7,0,1
match-fd233a96-319,forschung_muskelkraft,standard,0,1,1,9,4,20,9,28,8,7,11,11,0,0
match-fd233a96-319,rudeljaeger,standard,1,0,0,9,-1,15,12,28,8,11,2,6,0,0
match-bddf984d-320,forschung_muskelkraft,standard,0,0,1,6,-2,12,6,19,1,5,3,6,0,0
match-bddf984d-320,rudeljaeger,standard,1,1,0,6,4,10,7,19,2,6,3,12,0,0
match-372ce90b-321,forschung_muskelkraft,standard,0,1,1,10,1,20,12,48,2,11,11,11,0,0
match-372ce90b-321,rudeljaeger,standard,1,0,0,10,-1,15,13,36,13,12,6,9,0,0
match-b07a59c8-322,forschung_muskelkraft,standard,0,0,1,6,0,14,6,20,1,5,2,0,0,0
match-b07a59c8-322,rudeljaeger,standard,1,1,0,6,10,11,6,20,1,6,1,10,0,0
match-29c7aa86-323,forschung_muskelkraft,standard,0,1,1,15,3,22,13,53,58,11,12,13,0,0
match-29c7aa86-323,rudeljaeger,standard,1,0,0,15,-3,20,18,50,58,16,6,7,0,1
match-d8aa1557-324,forschung_muskelkraft,standard,0,0,1,5,0,12,4,12,3,3,3,3,0,0
match-d8aa1557-324,rudeljaeger,standard,1,1,0,5,7,10,6,15,0,6,0,10,0,0
match-51f76615-325,forschung_muskelkraft,standard,0,1,1,7,2,16,8,25,3,7,9,10,0,0
match-51f76615-325,rudeljaeger,standard,1,0,0,7,0,11,10,24,2,9,2,8,0,0
match-cb44d6d2-326,forschung_muskelkraft,standard,0,0,1,10,-1,21,11,41,14,9,9,7,0,0
match-cb44d6d2-326,rudeljaeger,standard,1,1,0,10,3,14,13,36,11,12,5,11,0,0
match-44922790-327,forschung_muskelkraft,standard,0,1,1,15,2,24,16,63,46,14,16,9,0,0
match-44922790-327,rudeljaeger,standard,1,0,0,15,0,20,19,55,52,17,11,7,0,1
match-884a9e39-328,forschung_muskelkraft,standard,0,0,1,15,0,23,12,45,66,10,12,5,0,0
match-884a9e39-328,rudeljaeger,standard,1,1,0,15,4,20,18,49,59,16,6,9,0,1
match-0197eef7-329,forschung_muskelkraft,standard,0,1,1,9,3,18,10,40,5,9,7,12,0,0
match-0197eef7-329,rudeljaeger,standard,1,0,0,9,-2,14,12,27,11,11,4,7,0,0
match-7ae55fb4-330,forschung_muskelkraft,standard,0,1,1,10,1,19,12,44,6,10,7,10,0,0
match-7ae55fb4-330,rudeljaeger,standard,1,0,0,10,0,14,13,36,13,11,6,9,0,0
match-f432b071-331,forschung_muskelkraft,standard,0,0,1,4,0,10,4,6,1,2,1,6,0,0
match-f432b071-331,rudeljaeger,standard,1,1,0,4,4,7,3,8,1,3,0,10,0,0
match-a3151b43-332,forschung_muskelkraft,standard,0,1,1,15,3,23,14,51,54,12,14,12,0,0
match-a3151b43-332,rudeljaeger,standard,1,0,0,15,-2,20,19,51,56,17,7,7,0,1
match-1c626c01-333,forschung_muskelkraft,standard,0,0,1,4,0,11,3,8,2,3,0,0,0,0
match-1c626c01-333,rudeljaeger,standard,1,1,0,4,10,10,3,8,1,3,1,10,0,0
match-95afdcbe-334,forschung_muskelkraft,standard,0,0,1,4,-1,10,4,6,3,2,0,2,0,0
match-95afdcbe-334,rudeljaeger,standard,1,1,0,4,8,9,4,9,1,4,0,11,0,0
match-0efd2d7c-335,forschung_muskelkraft,standard,0,0,1,5,-1,12,5,14,1,4,4,0,0,0
match-0efd2d7c-335,rudeljaeger,standard,1,1,0,5,10,9,6,13,1,6,3,11,0,0
match-29098c76-336,forschung_muskelkraft,standard,0,0,1,5,0,13,4,13,2,4,4,3,0,0
match-29098c76-336,rudeljaeger,standard,1,1,0,5,7,8,6,13,2,6,2,10,0,0
match-a256fd33-337,forschung_muskelkraft,standard,0,0,1,7,0,18,9,27,1,7,4,5,0,0
match-a256fd33-337,rudeljaeger,standard,1,1,0,7,5,11,9,22,3,8,4,10,0,0
match-1ba44df1-338,forschung_muskelkraft,standard,0,0,1,5,-4,10,3,9,6,2,1,0,0,0
match-1ba44df1-338,rudeljaeger,standard,1,1,0,5,10,11,4,14,1,4,0,14,0,0
match-94f1beae-339,forschung_muskelkraft,standard,0,1,1,10,1,20,11,38,7,9,9,10,0,0
match-94f1beae-339,rudeljaeger,standard,1,0,0,10,0,14,13,37,15,11,4,9,0,0
match-43d40980-340,forschung_muskelkraft,standard,0,,1,17,-2,23,18,71,73,16,15,5,0,0
match-43d40980-340,rudeljaeger,standard,1,,0,17,-1,22,20,56,89,18,11,6,0,1
match-bd217a3d-341,forschung_muskelkraft,standard,0,1,1,7,1,16,8,26,1,6,7,10,0,0
match-bd217a3d-341,rudeljaeger,standard,1,0,0,7,0,12,10,25,1,8,1,9,0,0
match-366ecafb-342,forschung_muskelkraft,standard,0,1,1,8,3,17,7,26,2,6,10,11,0,0
match-366ecafb-342,rudeljaeger,standard,1,0,0,8,-1,13,12,32,1,11,2,7,0,1
match-afbc3bb8-343,forschung_muskelkraft,standard,0,1,1,15,3,22,15,61,44,13,16,9,0,0
match-afbc3bb8-343,rudeljaeger,standard,1,0,0,15,0,21,18,53,52,17,11,6,0,1
match-f3749261-344,forschung_muskelkraft,standard,0,0,1,3,0,8,2,3,1,1,0,3,0,0
match-f3749261-344,rudeljaeger,standard,1,1,0,3,7,7,3,5,0,3,0,10,0,0
match-6cc1e31f-345,forschung_muskelkraft,standard,0,1,1,13,4,23,14,57,26,12,12,11,0,0
match-6cc1e31f-345,rudeljaeger,standard,1,0,0,13,-1,18,17,43,38,15,7,6,0,0
match-e60f53dc-346,forschung_muskelkraft,standard,0,1,1,13,2,22,14,54,28,12,10,13,0,0
match-e60f53dc-346,rudeljaeger,standard,1,0,0,13,-3,17,17,47,33,15,10,8,0,1
match-5f5ca49a-347,forschung_muskelkraft,standard,0,0,1,5,-1,15,4,13,2,4,5,0,0,0
match-5f5ca49a-347,rudeljaeger,standard,1,1,0,5,10,9,7,13,1,7,1,11,0,0
match-0e3f0f6c-348,forschung_muskelkraft,standard,0,1,1,11,6,23,11,38,17,9,12,15,0,0
match-0e3f0f6c-348,rudeljaeger,standard,1,0,0,11,-5,16,15,43,16,14,4,4,0,1
match-878c6029-349,forschung_muskelkraft,standard,0,0,1,5,-1,9,5,11,4,3,5,2,0,0
match-878c6029-349,rudeljaeger,standard,1,1,0,5,8,9,7,15,0,7,0,11,0,0
match-00d9d0e7-350,forschung_muskelkraft,standard,0,1,1,7,3,13,9,26,1,7,7,10,0,0
match-00d9d0e7-350,rudeljaeger,standard,1,0,0,7,0,11,9,23,3,9,4,7,0,0
match-7a2721a4-351,forschung_muskelkraft,standard,0,1,1,8,3,15,9,33,2,8,8,12,0,0
match-7a2721a4-351,rudeljaeger,standard,1,0,0,8,-2,11,11,29,4,9,3,7,0,0
match-9433809e-352,forschung_muskelkraft,standard,0,0,1,5,-2,11,5,14,1,4,2,3,0,0
match-9433809e-352,rudeljaeger,standard,1,1,0,5,7,8,5,15,0,5,0,12,0,0
match-0d80f15c-353,forschung_muskelkraft,standard,0,1,1,12,3,23,11,42,29,9,11,10,0,0
match-0d80f15c-353,rudeljaeger,standard,1,0,0,12,0,18,16,44,29,15,4,7,0,2
match-86ce4219-354,forschung_muskelkraft,standard,0,0,1,3,0,11,2,4,1,2,0,0,0,0
match-86ce4219-354,rudeljaeger,standard,1,1,0,3,10,7,3,5,0,3,0,10,0,0
match-001bb2d7-355,forschung_muskelkraft,standard,0,0,1,5,0,15,4,13,2,4,3,0,0,0
match-001bb2d7-355,rudeljaeger,standard,1,1,0,5,10,9,6,14,1,6,2,10,0,0
match-aefe1da8-356,forschung_muskelkraft,standard,0,1,1,11,6,21,13,51,15,11,10,15,0,0
match-aefe1da8-356,rudeljaeger,standard,1,0,0,11,-5,16,14,42,14,13,6,4,0,1
match-284b6e66-357,forschung_muskelkraft,standard,0,1,1,8,1,17,9,31,2,7,9,13,0,0
match-284b6e66-357,rudeljaeger,standard,1,0,0,8,-3,11,11,29,4,11,2,9,0,0
match-a198df23-358,forschung_muskelkraft,standard,0,0,1,5,-1,13,5,13,2,5,3,0,0,0
match-a198df23-358,rudeljaeger,standard,1,1,0,5,10,8,6,13,0,6,3,11,0,0
match-1ae62fe1-359,forschung_muskelkraft,standard,0,1,1,8,3,17,8,25,3,6,5,13,0,0
match-1ae62fe1-359,rudeljaeger,standard,1,0,0,8,-3,13,11,28,4,9,4,7,0,2
match-5e9e868a-360,forschung_muskelkraft,standard,0,1,1,15,2,21,18,71,38,16,13,9,0,0
match-5e9e868a-360,rudeljaeger,standard,1,0,0,15,0,20,19,52,55,17,14,7,0,1
match-d7ebf747-361,forschung_muskelkraft,standard,0,0,1,4,0,11,4,9,1,3,0,0,0,0
match-d7ebf747-361,rudeljaeger,standard,1,1,0,4,10,8,3,9,1,3,0,10,0,0
match-51394805-362,forschung_muskelkraft,standard,0,0,1,4,0,11,3,7,3,2,2,4,0,0
match-51394805-362,rudeljaeger,standard,1,1,0,4,6,8,4,8,1,4,0,10,0,0
match-ca86b8c2-363,forschung_muskelkraft,standard,0,,1,15,0,23,15,63,47,13,14,9,0,0
match-ca86b8c2-363,rudeljaeger,standard,1,,0,15,0,21,18,51,56,16,10,9,0,3
match-79690394-364,forschung_muskelkraft,standard,0,0,1,3,-4,8,3,5,1,2,0,2,0,0
match-79690394-364,rudeljaeger,standard,1,1,0,3,8,7,3,5,0,2,0,14,0,0
match-f2b67451-365,forschung_muskelkraft,standard,0,0,1,5,-2,12,5,12,3,4,4,3,0,0
match-f2b67451-365,rudeljaeger,standard,1,1,0,5,7,8,6,14,0,6,2,12,0,0
match-6c03c50f-366,forschung_muskelkraft,standard,0,0,1,5,0,10,2,9,6,2,1,0,0,0
match-6c03c50f-366,rudeljaeger,standard,1,1,0,5,10,10,5,13,0,5,0,10,0,0
match-e55135cc-367,forschung_muskelkraft,standard,0,0,1,6,-1,12,6,17,4,4,3,0,0,0
match-e55135cc-367,rudeljaeger,standard,1,1,0,6,10,10,8,19,2,7,2,11,0,0
match-ff5d94c6-368,forschung_muskelkraft,standard,0,1,1,9,3,19,9,36,6,8,7,11,0,0
match-ff5d94c6-368,rudeljaeger,standard,1,0,0,9,-1,13,12,34,5,10,3,7,0,1
match-78aae584-369,forschung_muskelkraft,standard,0,0,1,5,0,11,4,12,3,3,4,3,0,0
match-78aae584-369,rudeljaeger,standard,1,1,0,5,7,9,5,13,0,5,0,10,0,0
match-f1f85641-370,forschung_muskelkraft,standard,0,0,1,6,-3,12,5,18,2,5,5,0,0,0
match-f1f85641-370,rudeljaeger,standard,1,1,0,6,10,9,7,21,0,7,3,13,0,0
match-6b45a6ff-371,forschung_muskelkraft,standard,0,0,1,5,-1,10,5,14,1,4,5,4,0,0
match-6b45a6ff-371,rudeljaeger,standard,1,1,0,5,6,8,6,11,0,6,2,11,0,0
match-1a2811d1-372,forschung_muskelkraft,standard,0,0,1,4,-1,10,3,8,2,3,0,3,0,0
match-1a2811d1-372,rudeljaeger,standard,1,1,0,4,7,8,3,9,1,3,1,11,0,0
match-9375628e-373,forschung_muskelkraft,standard,0,1,1,13,4,22,15,59,24,13,12,12,0,0
match-9375628e-373,rudeljaeger,standard,1,0,0,13,-2,19,17,52,28,15,8,6,0,1
match-0cc2d34c-374,forschung_muskelkraft,standard,0,1,1,11,3,18,13,47,12,11,12,12,0,0
match-0cc2d34c-374,rudeljaeger,standard,1,0,0,11,-2,16,15,43,15,14,6,7,0,0
match-86102409-375,forschung_muskelkraft,standard,0,1,1,13,1,21,16,63,19,14,14,11,0,0
match-86102409-375,rudeljaeger,standard,1,0,0,13,-1,18,17,47,32,17,9,9,0,0
match-c9c89ab2-376,forschung_muskelkraft,standard,0,0,1,5,0,11,4,12,3,3,2,2,0,0
match-c9c89ab2-376,rudeljaeger,standard,1,1,0,5,8,10,5,12,1,5,0,10,0,0
match-4315eb70-377,forschung_muskelkraft,standard,0,0,1,6,0,15,6,19,2,5,3,9,0,0
match-4315eb70-377,rudeljaeger,standard,1,1,0,6,1,11,7,21,0,7,2,10,0,1
match-bc635c2d-378,forschung_muskelkraft,standard,0,1,1,11,2,19,15,55,5,13,9,12,0,0
match-bc635c2d-378,rudeljaeger,standard,1,0,0,11,-2,15,14,39,20,12,10,8,0,1
match-35b0aceb-379,forschung_muskelkraft,standard,0,0,1,4,-1,10,4,9,1,3,3,6,0,0
match-35b0aceb-379,rudeljaeger,standard,1,1,0,4,4,9,5,10,0,5,0,11,0,0
match-e49317bc-380,forschung_muskelkraft,standard,0,0,1,5,-3,12,4,13,2,4,0,3,0,0
match-e49317bc-380,rudeljaeger,standard,1,1,0,5,7,8,5,14,1,4,2,13,0,0
match-5de0687a-381,forschung_muskelkraft,standard,0,0,1,5,0,14,5,11,4,3,4,0,0,0
match-5de0687a-381,rudeljaeger,standard,1,1,0,5,10,9,7,15,0,7,1,10,0,0
match-d72dd937-382,forschung_muskelkraft,standard,0,0,1,5,0,9,5,14,1,4,4,7,0,0
match-d72dd937-382,rudeljaeger,standard,1,1,0,5,3,10,5,13,1,5,0,10,0,0
match-507b29f5-383,forschung_muskelkraft,standard,0,0,1,7,-1,14,5,21,7,4,3,0,0,0
match-507b29f5-383,rudeljaeger,standard,1,1,0,7,10,10,7,17,9,7,1,11,0,0
match-c3d78a32-384,forschung_muskelkraft,standard,0,0,1,16,-2,22,20,75,45,18,13,5,0,0
match-c3d78a32-384,rudeljaeger,standard,1,1,0,16,4,21,19,53,68,17,16,11,0,4
match-3d24faf0-385,forschung_muskelkraft,standard,0,0,1,3,-2,10,3,5,1,2,0,2,0,0
match-3d24faf0-385,rudeljaeger,standard,1,1,0,3,8,8,3,5,0,3,0,12,0,0
match-b6724bad-386,forschung_muskelkraft,standard,0,1,1,15,1,21,16,63,42,14,13,9,0,0
match-b6724bad-386,rudeljaeger,standard,1,0,0,15,0,20,19,55,53,17,12,8,0,0
match-2fbfbc6b-387,forschung_muskelkraft,standard,0,1,1,16,2,23,17,69,55,15,18,10,0,0
match-2fbfbc6b-387,rudeljaeger,standard,1,0,0,16,-1,21,20,56,66,18,11,7,0,3
match-dea2073c-388,forschung_muskelkraft,standard,0,1,1,14,1,22,12,48,43,10,14,10,0,0
match-dea2073c-388,rudeljaeger,standard,1,0,0,14,0,19,18,48,45,16,5,9,0,1
match-57ef77fa-389,forschung_muskelkraft,standard,0,0,1,6,0,15,6,19,1,5,4,6,0,0
match-57ef77fa-389,rudeljaeger,standard,1,1,0,6,4,10,6,20,1,6,1,10,0,0
match-d13cc8b7-390,forschung_muskelkraft,standard,0,1,1,16,7,20,20,75,47,18,18,10,0,0
match-d13cc8b7-390,rudeljaeger,standard,1,0,0,16,-1,20,20,56,66,18,16,2,0,3
match-4a8a3975-391,forschung_muskelkraft,standard,0,0,1,6,0,13,7,20,1,5,4,0,0,0
match-4a8a3975-391,rudeljaeger,standard,1,1,0,6,10,9,9,19,0,7,2,10,0,0
match-8e42901e-392,forschung_muskelkraft,standard,0,0,1,5,0,12,4,13,2,4,4,7,0,0
match-8e42901e-392,rudeljaeger,standard,1,1,0,5,3,8,6,13,0,5,1,10,0,0
match-078fe0dc-393,forschung_muskelkraft,standard,0,1,1,11,4,21,13,44,16,11,12,11,0,0
match-078fe0dc-393,rudeljaeger,standard,1,0,0,11,-1,18,15,39,18,13,6,6,0,0
match-80dd5199-394,forschung_muskelkraft,standard,0,1,1,10,2,19,12,40,10,10,9,13,0,0
match-80dd5199-394,rudeljaeger,standard,1,0,0,10,-3,14,14,37,12,12,5,8,0,1
match-fa2aa256-395,forschung_muskelkraft,standard,0,0,1,7,0,15,7,25,2,6,7,9,0,0
match-fa2aa256-395,rudeljaeger,standard,1,1,0,7,1,10,10,25,1,9,2,10,0,0
match-a90d0d28-396,forschung_muskelkraft,standard,0,1,1,10,3,22,11,44,6,10,9,14,0,0
match-a90d0d28-396,rudeljaeger,standard,1,0,0,10,-4,15,13,32,14,11,6,7,0,2
match-225a7de6-397,forschung_muskelkraft,standard,0,0,1,5,-1,10,2,9,6,2,2,0,0,0
match-225a7de6-397,rudeljaeger,standard,1,1,0,5,10,9,5,12,3,5,0,11,0,0
match-9ba7cea3-398,forschung_muskelkraft,standard,0,0,1,5,0,12,4,12,2,4,3,3,0,0
match-9ba7cea3-398,rudeljaeger,standard,1,1,0,5,7,9,5,13,0,5,1,10,0,0
match-14f53f61-399,forschung_muskelkraft,standard,0,0,1,5,-4,14,4,13,2,4,4,0,0,0
match-14f53f61-399,rudeljaeger,standard,1,1,0,5,10,9,5,15,0,5,1,14,0,0
match-2f019e5b-400,forschung_muskelkraft,standard,0,0,1,5,-1,13,5,14,1,4,2,4,0,0
match-2f019e5b-400,rudeljaeger,standard,1,1,0,5,6,10,6,15,0,6,1,11,0,0
match-a84eef18-401,forschung_muskelkraft,standard,0,,1,17,-2,24,12,49,87,10,11,6,0,0
match-a84eef18-401,rudeljaeger,standard,1,,0,17,-2,22,15,45,91,13,7,6,0,0
match-219c5fd6-402,forschung_muskelkraft,standard,0,0,1,7,0,14,8,25,1,6,8,6,0,0
match-219c5fd6-402,rudeljaeger,standard,1,1,0,7,4,13,9,26,2,9,3,10,0,0
match-9ae9b093-403,forschung_muskelkraft,standard,0,1,1,5,6,14,5,14,1,4,1,12,0,0
match-9ae9b093-403,rudeljaeger,standard,1,0,0,5,-2,9,4,13,2,4,0,4,0,0
match-49cc1b65-404,forschung_muskelkraft,standard,0,1,1,9,5,19,9,32,4,8,11,10,0,0
match-49cc1b65-404,rudeljaeger,standard,1,0,0,9,0,14,13,27,12,11,4,5,0,0
match-c3196c22-405,forschung_muskelkraft,standard,0,0,1,5,-2,11,5,14,1,4,4,4,0,0
match-c3196c22-405,rudeljaeger,standard,1,1,0,5,6,9,5,15,0,5,1,12,0,0
match-3c66dce0-406,forschung_muskelkraft,standard,0,0,1,5,-1,12,4,12,3,3,2,7,0,0
match-3c66dce0-406,rudeljaeger,standard,1,1,0,5,3,9,6,14,1,5,1,11,0,0
match-b5b42d9d-407,forschung_muskelkraft,standard,0,1,1,6,6,13,6,19,2,5,3,10,0,0
match-b5b42d9d-407,rudeljaeger,standard,1,0,0,6,0,9,6,17,3,6,2,4,0,0
match-f96c8446-408,forschung_muskelkraft,standard,0,1,1,12,2,23,13,54,18,12,12,15,0,0
match-f96c8446-408,rudeljaeger,standard,1,0,0,12,-5,18,16,41,27,14,8,8,0,0
match-72b9f504-409,forschung_muskelkraft,standard,0,0,1,5,0,13,4,10,5,3,3,9,0,0
match-72b9f504-409,rudeljaeger,standard,1,1,0,5,1,8,7,15,0,6,0,10,0,0
match-ec0745c1-410,forschung_muskelkraft,standard,0,1,1,10,5,18,10,38,7,8,10,13,0,0
match-ec0745c1-410,rudeljaeger,standard,1,0,0,10,-3,16,13,34,15,12,3,5,0,0
match-6554b67f-411,forschung_muskelkraft,standard,0,1,1,14,1,23,9,33,58,7,14,14,0,0
match-6554b67f-411,rudeljaeger,standard,1,0,0,14,-4,21,18,49,47,16,2,9,0,1
match-14370151-412,forschung_muskelkraft,standard,0,1,1,15,1,23,15,57,54,13,16,11,0,0
match-14370151-412,rudeljaeger,standard,1,0,0,15,-1,19,19,54,52,18,9,9,0,1
match-8d84720e-413,forschung_muskelkraft,standard,0,0,1,7,-1,16,8,27,1,7,3,0,0,0
match-8d84720e-413,rudeljaeger,standard,1,1,0,7,10,11,8,25,1,8,3,11,0,0
match-06d1c2cc-414,forschung_muskelkraft,standard,0,1,1,10,4,19,10,38,7,8,7,10,0,0
match-06d1c2cc-414,rudeljaeger,standard,1,0,0,10,0,13,13,37,11,11,4,6,0,3
match-801f3389-415,forschung_muskelkraft,standard,0,0,1,3,0,9,3,5,1,2,0,0,0,0
match-801f3389-415,rudeljaeger,standard,1,1,0,3,10,7,3,6,0,3,0,10,0,0
match-9a2b9283-416,forschung_muskelkraft,standard,0,0,1,7,-1,13,8,27,1,6,6,7,0,0
match-9a2b9283-416,rudeljaeger,standard,1,1,0,7,3,11,10,26,2,10,2,11,0,0
match-1378e341-417,forschung_muskelkraft,standard,0,0,1,5,-2,13,4,13,2,4,3,3,0,0
match-1378e341-417,rudeljaeger,standard,1,1,0,5,7,10,5,14,1,5,1,12,0,0
match-8cc653fe-418,forschung_muskelkraft,standard,0,1,1,12,3,23,11,39,33,9,12,14,0,0
match-8cc653fe-418,rudeljaeger,standard,1,0,0,12,-4,17,16,41,30,14,4,7,0,0
match-0613a4bc-419,forschung_muskelkraft,standard,0,1,1,13,3,22,15,61,21,13,15,15,0,0
match-0613a4bc-419,rudeljaeger,standard,1,0,0,13,-5,17,17,43,39,16,8,7,0,1
match-b4f60f8d-420,forschung_muskelkraft,standard,0,1,1,14,2,20,14,57,34,12,14,17,0,0
match-b4f60f8d-420,rudeljaeger,standard,1,0,0,14,-7,20,19,54,41,17,7,8,0,3
match-2e43604b-421,forschung_muskelkraft,standard,0,0,1,7,-2,15,8,27,1,7,4,3,0,0
match-2e43604b-421,rudeljaeger,standard,1,1,0,7,7,10,8,25,1,7,3,12,0,0
match-a790d108-422,forschung_muskelkraft,standard,0,0,1,6,-2,12,3,15,6,3,3,1,0,0
match-a790d108-422,rudeljaeger,standard,1,1,0,6,9,11,6,16,4,6,1,12,0,0
match-20de21c6-423,forschung_muskelkraft,standard,0,0,1,3,0,9,2,3,1,1,0,0,0,0
match-20de21c6-423,rudeljaeger,standard,1,1,0,3,10,8,3,5,0,3,0,10,0,0
match-6496986f-424,forschung_muskelkraft,standard,0,0,1,15,0,23,12,43,67,10,12,6,0,0
match-6496986f-424,rudeljaeger,standard,1,1,0,15,3,19,18,49,57,16,6,9,0,2
match-dde3e92c-425,forschung_muskelkraft,standard,0,1,1,14,2,22,16,65,30,14,14,14,0,0
match-dde3e92c-425,rudeljaeger,standard,1,0,0,14,-4,19,18,52,43,16,10,8,0,1
match-573159ea-426,forschung_muskelkraft,standard,0,0,1,7,0,15,7,25,2,6,3,0,0,0
match-573159ea-426,rudeljaeger,standard,1,1,0,7,10,11,7,20,3,7,3,10,0,0
match-d07eaaa7-427,forschung_muskelkraft,standard,0,0,1,4,0,11,3,8,2,3,2,0,0,0
match-d07eaaa7-427,rudeljaeger,standard,1,1,0,4,10,8,3,9,1,3,2,10,0,0
match-7f611579-428,forschung_muskelkraft,standard,0,1,1,4,2,9,4,9,1,3,3,11,0,0
match-7f611579-428,rudeljaeger,standard,1,0,0,4,-1,8,4,9,1,4,0,8,0,0
match-f8ae6636-429,forschung_muskelkraft,standard,0,1,1,10,2,22,10,33,12,8,12,11,0,0
match-f8ae6636-429,rudeljaeger,standard,1,0,0,10,-1,13,12,32,13,11,4,8,0,1
match-71fbd6f4-430,forschung_muskelkraft,standard,0,1,1,12,1,24,15,61,13,13,11,13,0,0
match-71fbd6f4-430,rudeljaeger,standard,1,0,0,12,-3,15,15,42,28,14,9,9,0,1
match-eb4927b1-431,forschung_muskelkraft,standard,0,1,1,10,1,21,10,35,16,8,8,12,0,0
match-eb4927b1-431,rudeljaeger,standard,1,0,0,10,-2,14,13,29,20,11,4,9,0,0
match-055586ac-432,forschung_muskelkraft,standard,0,1,1,10,6,21,11,44,6,10,11,12,0,0
match-055586ac-432,rudeljaeger,standard,1,0,0,10,-2,17,14,34,14,13,5,4,0,0
match-7ea2f769-433,forschung_muskelkraft,standard,0,,1,17,-2,22,15,63,77,13,14,6,0,0
match-7ea2f769-433,rudeljaeger,standard,1,,0,17,-2,21,19,54,85,17,10,6,0,0
match-f7f04826-434,forschung_muskelkraft,standard,0,1,1,15,3,23,17,69,44,15,14,9,0,0
match-f7f04826-434,rudeljaeger,standard,1,0,0,15,0,21,18,51,54,16,12,6,0,0
match-713db8e4-435,forschung_muskelkraft,standard,0,0,1,5,0,13,5,14,1,4,5,7,0,0
match-713db8e4-435,rudeljaeger,standard,1,1,0,5,3,9,5,13,0,5,1,10,0,0
match-202003b6-436,forschung_muskelkraft,standard,0,0,1,4,-1,11,3,6,2,3,1,0,0,0
match-202003b6-436,rudeljaeger,standard,1,1,0,4,10,8,6,10,0,5,1,11,0,0
match-996d7473-437,forschung_muskelkraft,standard,0,0,1,5,0,13,5,14,1,4,3,6,0,0
match-996d7473-437,rudeljaeger,standard,1,1,0,5,4,9,5,15,0,5,1,10,0,0
match-12bac531-438,forschung_muskelkraft,standard,0,1,1,13,4,21,14,52,26,12,11,12,0,0
match-12bac531-438,rudeljaeger,standard,1,0,0,13,-2,17,16,43,36,14,8,6,0,0
match-8c0835ee-439,forschung_muskelkraft,standard,0,1,1,9,1,19,10,32,4,8,11,12,0,0
match-8c0835ee-439,rudeljaeger,standard,1,0,0,9,-2,14,13,28,11,11,3,9,0,0
match-cfc08c97-440,forschung_muskelkraft,standard,0,0,1,15,0,22,20,75,34,18,12,8,0,0
match-cfc08c97-440,rudeljaeger,standard,1,1,0,15,1,20,17,49,56,15,17,9,0,1
match-490dfd55-441,forschung_muskelkraft,standard,0,0,1,6,-2,13,5,18,2,5,6,3,0,0
match-490dfd55-441,rudeljaeger,standard,1,1,0,6,7,12,9,19,1,7,2,12,0,0
match-c25b4e12-442,forschung_muskelkraft,standard,0,0,1,9,-1,19,11,40,5,10,8,8,0,0
match-c25b4e12-442,rudeljaeger,standard,1,1,0,9,2,15,13,35,5,11,6,11,0,1
match-3ba8bed0-443,forschung_muskelkraft,standard,0,0,1,6,-2,16,6,19,2,5,5,0,0,0
match-3ba8bed0-443,rudeljaeger,standard,1,1,0,6,10,11,9,19,1,9,3,12,0,0
match-ea8b09a1-444,forschung_muskelkraft,standard,0,1,1,15,1,22,13,53,62,11,14,9,0,0
match-ea8b09a1-444,rudeljaeger,standard,1,0,0,15,0,22,19,55,55,17,6,8,0,1
match-63d87a5f-445,forschung_muskelkraft,standard,0,1,1,9,2,19,10,34,7,8,7,14,0,0
match-63d87a5f-445,rudeljaeger,standard,1,0,0,9,-4,13,12,32,6,10,3,8,0,1
match-dd25cb1c-446,forschung_muskelkraft,standard,0,0,1,4,-1,10,5,8,1,3,1,0,0,0
match-dd25cb1c-446,rudeljaeger,standard,1,1,0,4,10,9,6,10,0,5,1,11,0,0
match-56733bda-447,forschung_muskelkraft,standard,0,1,1,12,1,23,8,26,40,6,9,11,0,0
match-56733bda-447,rudeljaeger,standard,1,0,0,12,-1,16,15,41,30,13,1,9,0,0
match-172f9991-448,forschung_muskelkraft,standard,0,1,1,8,3,18,8,32,2,7,6,10,0,0
match-172f9991-448,rudeljaeger,standard,1,0,0,8,0,12,11,27,6,9,2,7,0,0
match-907cea4e-449,forschung_muskelkraft,standard,0,1,1,11,5,20,11,43,17,9,10,12,0,0
match-907cea4e-449,rudeljaeger,standard,1,0,0,11,-2,16,14,37,20,13,4,5,0,0
match-09ca5b0c-450,forschung_muskelkraft,standard,0,1,1,11,1,21,14,55,6,12,7,10,0,0
match-09ca5b0c-450,rudeljaeger,standard,1,0,0,11,0,15,13,36,19,12,7,9,0,3
match-8317abc9-451,forschung_muskelkraft,standard,0,0,1,5,0,10,2,9,6,2,1,0,0,0
match-8317abc9-451,rudeljaeger,standard,1,1,0,5,10,9,6,12,1,6,0,10,0,0
match-31fa169b-452,forschung_muskelkraft,standard,0,0,1,6,-3,15,7,20,1,5,5,3,0,0
match-31fa169b-452,rudeljaeger,standard,1,1,0,6,7,10,8,20,1,7,1,13,0,1
match-ab476758-453,forschung_muskelkraft,standard,0,0,1,3,0,10,3,5,1,2,0,0,0,0
match-ab476758-453,rudeljaeger,standard,1,1,0,3,10,6,3,6,0,3,0,10,0,0
match-2494d816-454,forschung_muskelkraft,standard,0,0,1,4,0,10,2,6,4,2,2,3,0,0
match-2494d816-454,rudeljaeger,standard,1,1,0,4,7,8,5,10,0,5,0,10,0,0
match-9de228d3-455,forschung_muskelkraft,standard,0,1,1,11,5,21,11,37,18,9,12,11,0,0
match-9de228d3-455,rudeljaeger,standard,1,0,0,11,-1,15,15,41,15,13,5,5,0,2
match-e19a9f7c-456,forschung_muskelkraft,standard,0,1,1,14,1,22,17,69,26,15,14,11,0,0
match-e19a9f7c-456,rudeljaeger,standard,1,0,0,14,-1,18,17,51,43,16,11,9,0,1
match-5ae7f03a-457,forschung_muskelkraft,standard,0,1,1,11,4,20,12,44,17,10,11,11,0,0
match-5ae7f03a-457,rudeljaeger,standard,1,0,0,11,-1,16,14,40,20,14,5,6,0,3
match-d43540f7-458,forschung_muskelkraft,standard,0,1,1,7,4,16,8,26,1,6,5,11,0,0
match-d43540f7-458,rudeljaeger,standard,1,0,0,7,-1,11,9,26,2,7,2,6,0,0
match-4d82b1b5-459,forschung_muskelkraft,standard,0,1,1,15,2,22,16,65,40,14,12,9,0,0
match-4d82b1b5-459,rudeljaeger,standard,1,0,0,15,0,20,16,48,57,14,11,7,0,1
match-fc651c86-460,forschung_muskelkraft,standard,0,0,1,6,-1,13,7,20,1,5,3,0,0,0
match-fc651c86-460,rudeljaeger,standard,1,1,0,6,10,11,7,20,1,7,3,11,0,0
match-75b26d44-461,forschung_muskelkraft,standard,0,1,1,8,2,16,7,25,3,6,8,10,0,0
match-75b26d44-461,rudeljaeger,standard,1,0,0,8,0,13,11,31,3,10,1,8,0,1
match-eeffde01-462,forschung_muskelkraft,standard,0,0,1,16,-1,22,15,63,61,13,16,3,0,0
match-eeffde01-462,rudeljaeger,standard,1,1,0,16,4,22,20,56,67,18,9,8,0,1
match-684d2ebf-463,forschung_muskelkraft,standard,0,0,1,9,0,15,10,32,10,8,6,6,0,0
match-684d2ebf-463,rudeljaeger,standard,1,1,0,9,4,14,10,28,12,9,6,10,0,0
match-82598db9-464,forschung_muskelkraft,standard,0,0,1,11,-1,23,11,42,24,9,10,6,0,0
match-82598db9-464,rudeljaeger,standard,1,1,0,11,4,17,15,42,15,13,6,11,0,1
match-fba6fe76-465,forschung_muskelkraft,standard,0,0,1,5,-1,13,5,14,1,4,1,0,0,0
match-fba6fe76-465,rudeljaeger,standard,1,1,0,5,10,9,4,14,1,4,2,11,0,0
match-74f44f34-466,forschung_muskelkraft,standard,0,0,1,4,-2,11,3,7,3,2,0,2,0,0
match-74f44f34-466,rudeljaeger,standard,1,1,0,4,8,10,3,8,2,3,0,12,0,0
match-ee41bff1-467,forschung_muskelkraft,standard,0,1,1,12,1,22,11,43,23,9,13,10,0,0
match-ee41bff1-467,rudeljaeger,standard,1,0,0,12,0,16,15,42,25,14,5,9,0,1
match-9d240ac3-468,forschung_muskelkraft,standard,0,1,1,7,3,14,8,26,1,6,7,10,0,0
match-9d240ac3-468,rudeljaeger,standard,1,0,0,7,0,11,10,26,2,8,2,7,0,0
match-16717b81-469,forschung_muskelkraft,standard,0,1,1,13,2,21,17,66,22,15,8,10,0,0
match-16717b81-469,rudeljaeger,standard,1,0,0,13,0,18,15,43,40,13,10,8,0,0
match-8fbecc3e-470,forschung_muskelkraft,standard,0,0,1,5,-1,11,5,14,1,4,5,3,0,0
match-8fbecc3e-470,rudeljaeger,standard,1,1,0,5,7,10,7,14,0,7,1,11,0,0
match-090c3cfc-471,forschung_muskelkraft,standard,0,1,1,12,1,22,12,45,26,10,14,12,0,0
match-090c3cfc-471,rudeljaeger,standard,1,0,0,12,-2,18,16,42,29,15,6,9,0,0
match-4cc493a5-472,forschung_muskelkraft,standard,0,1,1,11,4,17,11,45,15,9,10,11,0,0
match-4cc493a5-472,rudeljaeger,standard,1,0,0,11,-1,15,14,41,17,13,5,6,0,0
match-c611e462-473,forschung_muskelkraft,standard,0,0,1,3,0,9,2,3,1,1,0,0,0,0
match-c611e462-473,rudeljaeger,standard,1,1,0,3,10,8,3,6,0,3,0,10,0,0
match-3f5f5520-474,forschung_muskelkraft,standard,0,0,1,6,0,13,6,20,1,5,7,6,0,0
match-3f5f5520-474,rudeljaeger,standard,1,1,0,6,4,9,7,20,1,7,1,10,0,0
match-b8aca5dd-475,forschung_muskelkraft,standard,0,1,1,11,1,22,12,44,12,10,8,12,0,0
match-b8aca5dd-475,rudeljaeger,standard,1,0,0,11,-2,15,14,41,17,12,6,9,0,1
match-678f10af-476,forschung_muskelkraft,standard,0,1,1,15,5,22,11,42,63,9,14,9,0,0
match-678f10af-476,rudeljaeger,standard,1,0,0,15,0,21,19,54,52,17,6,4,0,2
match-e0dc616c-477,forschung_muskelkraft,standard,0,0,1,5,0,11,5,14,1,4,4,3,0,0
match-e0dc616c-477,rudeljaeger,standard,1,1,0,5,7,10,5,13,0,5,1,10,0,0
match-5a29d22a-478,forschung_muskelkraft,standard,0,1,1,11,4,21,12,44,17,10,11,10,0,0
match-5a29d22a-478,rudeljaeger,standard,1,0,0,11,0,16,14,39,18,14,5,6,0,0
match-d37722e7-479,forschung_muskelkraft,standard,0,1,1,9,5,17,10,31,6,8,11,12,0,0
match-d37722e7-479,rudeljaeger,standard,1,0,0,9,-2,12,12,31,9,12,4,5,0,0
match-ed8381e1-480,forschung_muskelkraft,standard,0,1,1,15,1,23,16,63,42,14,14,12,0,0
match-ed8381e1-480,rudeljaeger,standard,1,0,0,15,-2,19,18,49,58,16,9,9,0,1
match-66d0f29f-481,forschung_muskelkraft,standard,0,0,1,5,-2,12,5,14,1,4,4,7,0,0
match-66d0f29f-481,rudeljaeger,standard,1,1,0,5,3,9,7,15,0,7,0,12,0,0
match-e01e435c-482,forschung_muskelkraft,standard,0,0,1,6,0,12,5,17,4,4,2,0,0,0
match-e01e435c-482,rudeljaeger,standard,1,1,0,6,10,11,6,19,2,6,1,10,0,0
match-596bb41a-483,forschung_muskelkraft,standard,0,0,1,3,0,8,0,0,3,0,0,0,0,0
match-596bb41a-483,rudeljaeger,standard,1,1,0,3,10,7,2,2,1,2,0,10,0,0
match-084e1eec-484,forschung_muskelkraft,standard,0,0,1,7,-2,16,7,25,2,6,5,0,0,0
match-084e1eec-484,rudeljaeger,standard,1,1,0,7,10,10,9,26,0,9,4,12,0,0
match-819b6fa9-485,forschung_muskelkraft,standard,0,1,1,8,3,15,8,31,3,7,8,12,0,0
match-819b6fa9-485,rudeljaeger,standard,1,0,0,8,-2,12,11,30,2,9,2,7,0,0
match-fae8c066-486,forschung_muskelkraft,standard,0,0,1,5,0,14,4,13,2,4,0,6,0,0
match-fae8c066-486,rudeljaeger,standard,1,1,0,5,4,10,4,12,1,4,1,10,0,0
match-74363124-487,forschung_muskelkraft,standard,0,0,1,3,0,9,3,5,1,2,0,0,0,0
match-74363124-487,rudeljaeger,standard,1,1,0,3,10,6,3,6,0,3,0,10,0,0
match-b7ee87cd-488,forschung_muskelkraft,standard,0,0,1,5,0,11,5,14,1,4,2,0,0,0
match-b7ee87cd-488,rudeljaeger,standard,1,1,0,5,10,9,5,13,1,5,1,10,0,0
match-313bf88b-489,forschung_muskelkraft,standard,0,0,1,4,-1,9,4,9,1,3,1,3,0,0
match-313bf88b-489,rudeljaeger,standard,1,1,0,4,7,8,4,8,1,4,1,11,0,0
match-aa894948-490,forschung_muskelkraft,standard,0,0,1,5,-3,12,4,12,3,3,3,7,0,0
match-aa894948-490,rudeljaeger,standard,1,1,0,5,3,10,5,14,1,5,0,13,0,0
match-23d6ba06-491,forschung_muskelkraft,standard,0,1,1,10,3,16,10,37,8,9,9,10,0,0
match-23d6ba06-491,rudeljaeger,standard,1,0,0,10,0,14,13,32,15,11,4,7,0,0
match-d2b904d7-492,forschung_muskelkraft,standard,0,1,1,14,2,22,14,57,39,12,13,11,0,0
match-d2b904d7-492,rudeljaeger,standard,1,0,0,14,-1,17,17,45,49,15,8,8,0,0
match-4c067595-493,forschung_muskelkraft,standard,0,1,1,12,1,22,12,43,28,10,11,10,0,0
match-4c067595-493,rudeljaeger,standard,1,0,0,12,0,16,16,45,26,14,5,9,0,0
match-c553c652-494,forschung_muskelkraft,standard,0,1,1,10,3,20,11,39,6,9,11,13,0,0
match-c553c652-494,rudeljaeger,standard,1,0,0,10,-3,14,14,39,9,13,4,7,0,1
match-3ea13710-495,forschung_muskelkraft,standard,0,0,1,3,0,9,2,4,1,2,0,0,0,0
match-3ea13710-495,rudeljaeger,standard,1,1,0,3,10,7,3,6,0,3,1,10,0,0
match-58ad960a-496,forschung_muskelkraft,standard,0,1,1,10,4,20,11,43,2,10,10,11,0,0
match-58ad960a-496,rudeljaeger,standard,1,0,0,10,-1,16,14,36,14,12,5,6,0,0
match-d1fae6c7-497,forschung_muskelkraft,standard,0,,1,16,0,22,14,57,67,12,15,8,0,0
match-d1fae6c7-497,rudeljaeger,standard,1,,0,16,-1,20,19,54,67,17,8,7,0,0
match-4b485785-498,forschung_muskelkraft,standard,0,1,1,12,3,22,10,37,29,8,12,10,0,0
match-4b485785-498,rudeljaeger,standard,1,0,0,12,0,17,16,44,27,14,3,7,0,0
match-c495a842-499,forschung_muskelkraft,standard,0,1,1,12,4,21,11,43,24,9,12,14,0,0
match-c495a842-499,rudeljaeger,standard,1,0,0,12,-4,17,15,40,28,13,4,6,0,1
match-65477b10-500,forschung_muskelkraft,standard,0,1,0,17,2,22,17,67,73,15,15,7,0,0
match-65477b10-500,rudeljaeger,standard,1,0,1,17,0,22,20,56,80,18,10,5,0,1
match-ebfa0a52-501,forschung_muskelkraft,standard,0,1,0,15,5,22,15,57,53,13,12,9,0,0
match-ebfa0a52-501,rudeljaeger,standard,1,0,1,15,0,19,18,50,60,16,8,4,0,1
match-57e23c8b-502,forschung_muskelkraft,standard,0,0,0,15,0,22,14,57,52,12,11,4,0,0
match-57e23c8b-502,rudeljaeger,standard,1,1,1,15,5,20,15,49,60,14,8,9,0,0
match-de94cbcd-503,forschung_muskelkraft,standard,0,0,0,4,0,9,3,8,2,3,1,0,0,0
match-de94cbcd-503,rudeljaeger,standard,1,1,1,4,10,9,4,10,0,4,1,10,0,0
match-4a7cfe06-504,forschung_muskelkraft,standard,0,0,0,4,-1,9,3,7,3,2,0,2,0,0
match-4a7cfe06-504,rudeljaeger,standard,1,1,1,4,8,8,4,9,1,3,0,11,0,0
match-d12f8d48-505,forschung_muskelkraft,standard,0,1,0,7,4,16,8,26,1,6,5,11,0,0
match-d12f8d48-505,rudeljaeger,standard,1,0,1,7,-1,11,10,19,5,9,2,6,0,0
match-3d17bf81-506,forschung_muskelkraft,standard,0,1,0,13,6,22,13,49,33,11,16,11,0,0
match-3d17bf81-506,rudeljaeger,standard,1,0,1,13,-1,19,17,47,32,16,8,4,0,1
match-c3ca4ec3-507,forschung_muskelkraft,standard,0,0,0,15,0,22,10,38,67,8,12,3,0,0
match-c3ca4ec3-507,rudeljaeger,standard,1,1,1,15,6,19,18,53,55,16,3,9,0,0
match-2fb260fc-508,forschung_muskelkraft,standard,0,0,0,5,0,13,5,14,1,4,1,0,0,0
match-2fb260fc-508,rudeljaeger,standard,1,1,1,5,10,9,5,14,1,4,2,10,0,0
match-b665103e-509,forschung_muskelkraft,standard,0,0,0,7,-1,15,6,25,2,6,6,5,0,0
match-b665103e-509,rudeljaeger,standard,1,1,1,7,5,11,9,23,4,8,3,11,0,0
match-224d2277-510,forschung_muskelkraft,standard,0,0,0,10,0,19,12,45,10,10,9,3,0,0
match-224d2277-510,rudeljaeger,standard,1,1,1,10,7,15,14,42,10,12,6,10,0,0
match-a8ffd1b9-511,forschung_muskelkraft,standard,0,1,0,12,4,22,15,64,12,14,8,10,0,0
match-a8ffd1b9-511,rudeljaeger,standard,1,0,1,12,0,17,13,39,29,12,9,6,0,1
match-14e7e3f2-512,forschung_muskelkraft,standard,0,0,0,6,-1,13,5,19,2,5,5,3,0,0
match-14e7e3f2-512,rudeljaeger,standard,1,1,1,6,7,11,6,18,1,6,3,11,0,0
match-9b9a9334-513,forschung_muskelkraft,standard,0,1,0,13,6,22,17,63,15,15,11,12,0,0
match-9b9a9334-513,rudeljaeger,standard,1,0,1,13,-2,17,17,46,35,15,10,4,0,1
match-0782a56d-514,forschung_muskelkraft,standard,0,1,0,14,2,22,15,61,34,13,13,14,0,0
match-0782a56d-514,rudeljaeger,standard,1,0,1,14,-4,18,17,48,47,15,10,8,0,1
match-8e3554af-515,forschung_muskelkraft,standard,0,1,0,8,4,18,9,30,4,8,9,12,0,0
match-8e3554af-515,rudeljaeger,standard,1,0,1,8,-2,12,12,33,3,10,4,6,0,1
match-d0716f38-516,forschung_muskelkraft,standard,0,1,0,11,6,21,13,49,12,11,10,11,0,0
match-d0716f38-516,rudeljaeger,standard,1,0,1,11,-1,16,15,39,17,14,7,4,0,0
match-57241e7b-517,forschung_muskelkraft,standard,0,0,0,5,0,14,4,13,2,4,5,3,0,0
match-57241e7b-517,rudeljaeger,standard,1,1,1,5,7,8,7,15,0,6,3,10,0,0
match-c30c30b3-518,forschung_muskelkraft,standard,0,0,0,4,0,10,4,9,1,3,0,2,0,0
match-c30c30b3-518,rudeljaeger,standard,1,1,1,4,8,8,4,10,0,4,1,10,0,0
match-49bedff6-519,forschung_muskelkraft,standard,0,0,0,8,-1,19,11,35,1,9,3,0,0,0
match-49bedff6-519,rudeljaeger,standard,1,1,1,8,10,12,9,29,1,8,6,11,0,0
match-b5a6f22e-520,forschung_muskelkraft,standard,0,1,0,11,6,23,14,54,7,12,12,13,0,0
match-b5a6f22e-520,rudeljaeger,standard,1,0,1,11,-3,17,15,37,22,14,7,4,0,1
match-3c598171-521,forschung_muskelkraft,standard,0,0,0,4,-1,10,1,4,6,1,0,0,0,0
match-3c598171-521,rudeljaeger,standard,1,1,1,4,10,9,4,9,1,4,0,11,0,0
match-a841b3a9-522,forschung_muskelkraft,standard,0,1,0,16,3,24,15,61,67,13,15,7,0,0
match-a841b3a9-522,rudeljaeger,standard,1,0,1,16,0,22,19,55,65,17,8,4,0,3
match-2ef442ec-523,forschung_muskelkraft,standard,0,,0,16,-1,23,14,57,63,12,16,7,0,0
match-2ef442ec-523,rudeljaeger,standard,1,,1,16,0,21,20,56,68,18,8,8,0,0
match-9adc7524-524,forschung_muskelkraft,standard,0,1,0,15,3,22,16,65,44,14,14,11,0,0
match-9adc7524-524,rudeljaeger,standard,1,0,1,15,-1,19,19,52,54,17,11,7,0,0
match-218f0467-525,forschung_muskelkraft,standard,0,1,0,9,4,18,11,39,3,9,4,10,0,0
match-218f0467-525,rudeljaeger,standard,1,0,1,9,0,13,9,29,7,8,5,6,0,0
match-8d77369f-526,forschung_muskelkraft,standard,0,1,0,9,1,18,9,36,5,8,9,11,0,0
match-8d77369f-526,rudeljaeger,standard,1,0,1,9,-1,12,12,30,11,10,3,9,0,0
match-1429c5e2-527,forschung_muskelkraft,standard,0,1,0,14,2,23,13,50,41,11,16,10,0,0
match-1429c5e2-527,rudeljaeger,standard,1,0,1,14,0,19,18,50,43,16,6,8,0,1
match-8011f81a-528,forschung_muskelkraft,standard,0,1,0,14,2,23,13,51,40,11,15,11,0,0
match-8011f81a-528,rudeljaeger,standard,1,0,1,14,-1,18,17,49,45,16,6,8,0,0
match-06c4875d-529,forschung_muskelkraft,standard,0,0,0,7,-2,16,8,26,1,6,6,5,0,0
match-06c4875d-529,rudeljaeger,standard,1,1,1,7,5,10,9,25,3,8,3,12,0,0
match-72acb995-530,forschung_muskelkraft,standard,0,1,0,8,6,17,10,33,2,8,8,13,0,0
match-72acb995-530,rudeljaeger,standard,1,0,1,8,-3,12,11,32,1,10,3,4,0,1
match-f95f48d7-531,forschung_muskelkraft,standard,0,0,0,5,-2,13,4,11,4,3,3,0,0,0
match-f95f48d7-531,rudeljaeger,standard,1,1,1,5,10,9,6,12,3,6,1,12,0,0
match-3b9b6361-532,forschung_muskelkraft,standard,0,1,0,11,1,22,11,36,24,9,9,15,0,0
match-3b9b6361-532,rudeljaeger,standard,1,0,1,11,-5,16,14,45,14,12,4,9,0,0
match-c24e12a3-533,forschung_muskelkraft,standard,0,0,0,4,-1,10,1,4,6,1,3,0,0,0
match-c24e12a3-533,rudeljaeger,standard,1,1,1,4,10,10,4,8,2,4,0,11,0,0
match-2e3624dc-534,forschung_muskelkraft,standard,0,0,0,4,-1,10,4,7,1,3,0,0,0,0
match-2e3624dc-534,rudeljaeger,standard,1,1,1,4,10,8,4,7,0,4,1,11,0,0
match-b4e8d41e-535,forschung_muskelkraft,standard,0,1,0,9,4,17,11,40,5,9,9,13,0,0
match-b4e8d41e-535,rudeljaeger,standard,1,0,1,9,-3,14,13,35,10,11,4,6,0,0
match-20d0e657-536,forschung_muskelkraft,standard,0,0,0,5,-1,11,3,11,4,3,2,0,0,0
match-20d0e657-536,rudeljaeger,standard,1,1,1,5,10,10,6,11,1,5,1,11,0,0
match-a7839599-537,forschung_muskelkraft,standard,0,1,0,10,3,19,11,45,9,9,10,12,0,0
match-a7839599-537,rudeljaeger,standard,1,0,1,10,-2,15,13,33,18,13,4,7,0,0
match-136ba7d2-538,forschung_muskelkraft,standard,0,0,0,5,-1,13,2,9,6,2,1,0,0,0
match-136ba7d2-538,rudeljaeger,standard,1,1,1,5,10,10,6,14,1,5,0,11,0,0
match-9a1e5714-539,forschung_muskelkraft,standard,0,0,0,5,-4,13,3,11,4,3,0,0,0,0
match-9a1e5714-539,rudeljaeger,standard,1,1,1,5,10,10,5,14,1,4,1,14,0,0
match-0606694d-540,forschung_muskelkraft,standard,0,0,0,16,0,23,13,50,75,11,13,6,0,0
match-0606694d-540,rudeljaeger,standard,1,1,1,16,1,21,19,53,71,17,7,7,0,2
match-8cb9188f-541,forschung_muskelkraft,standard,0,1,0,15,6,23,15,59,46,13,15,13,0,0
match-8cb9188f-541,rudeljaeger,standard,1,0,1,15,-3,19,18,53,54,16,9,4,0,2
match-f8a12ac7-542,forschung_muskelkraft,standard,0,0,0,4,0,11,4,7,1,3,0,0,0,0
match-f8a12ac7-542,rudeljaeger,standard,1,1,1,4,10,8,4,9,0,3,1,10,0,0
match-7f53da0a-543,forschung_muskelkraft,standard,0,0,0,4,-1,11,5,8,1,3,0,3,0,0
match-7f53da0a-543,rudeljaeger,standard,1,1,1,4,7,8,4,9,1,4,1,11,0,0
match-eb3bec42-544,forschung_muskelkraft,standard,0,0,0,8,-1,18,10,35,1,8,7,8,0,0
match-eb3bec42-544,rudeljaeger,standard,1,1,1,8,2,12,11,31,1,10,6,11,0,0
match-71ee9b85-545,forschung_muskelkraft,standard,0,0,0,3,0,9,2,4,1,2,0,0,0,0
match-71ee9b85-545,rudeljaeger,standard,1,1,1,3,10,7,3,6,0,3,1,10,0,0
match-ddd6adbd-546,forschung_muskelkraft,standard,0,1,0,7,2,16,7,26,1,6,6,11,0,0
match-ddd6adbd-546,rudeljaeger,standard,1,0,1,7,-1,13,10,26,2,8,2,8,0,0
match-64895d00-547,forschung_muskelkraft,standard,0,0,0,5,-1,12,4,12,3,3,0,3,0,0
match-64895d00-547,rudeljaeger,standard,1,1,1,5,7,9,6,14,1,5,0,11,0,0
match-a6c57789-548,forschung_muskelkraft,standard,0,0,0,7,0,16,7,25,3,7,3,2,0,0
match-a6c57789-548,rudeljaeger,standard,1,1,1,7,8,12,9,26,1,8,6,10,0,0
match-2d7806cc-549,forschung_muskelkraft,standard,0,1,0,11,3,22,15,54,11,13,10,11,0,0
match-2d7806cc-549,rudeljaeger,standard,1,0,1,11,-1,18,16,45,14,14,8,7,0,1
match-99603904-550,forschung_muskelkraft,standard,0,1,0,11,2,20,12,48,12,11,11,15,0,0
match-99603904-550,rudeljaeger,standard,1,0,1,11,-5,16,14,35,21,12,6,8,0,0
match-2012c847-551,forschung_muskelkraft,standard,0,0,0,3,0,9,1,2,1,1,0,0,0,0
match-2012c847-551,rudeljaeger,standard,1,1,1,3,10,6,3,5,0,3,1,10,0,0
match-8bfafa7f-552,forschung_muskelkraft,standard,0,1,0,6,6,15,6,19,1,5,4,11,0,0
match-8bfafa7f-552,rudeljaeger,standard,1,0,1,6,-1,11,8,20,1,6,2,4,0,0
match-12ad89c2-553,forschung_muskelkraft,standard,0,1,0,8,3,15,11,35,1,9,7,12,0,0
match-12ad89c2-553,rudeljaeger,standard,1,0,1,8,-2,11,11,31,2,10,4,7,0,0
match-7e95bbfa-554,forschung_muskelkraft,standard,0,1,0,8,2,14,9,33,1,8,6,10,0,0
match-7e95bbfa-554,rudeljaeger,standard,1,0,1,8,0,13,11,32,1,10,3,8,0,0
match-05484b3d-555,forschung_muskelkraft,standard,0,0,0,6,-3,14,5,16,5,4,1,3,0,0
match-05484b3d-555,rudeljaeger,standard,1,1,1,6,7,12,5,14,4,5,1,13,0,0
match-71307d75-556,forschung_muskelkraft,standard,0,1,0,16,1,23,19,73,51,17,15,10,0,0
match-71307d75-556,rudeljaeger,standard,1,0,1,16,-1,21,20,56,65,18,16,8,0,2
match-f7e30cb7-557,forschung_muskelkraft,standard,0,1,0,7,1,15,6,23,3,6,3,11,0,0
match-f7e30cb7-557,rudeljaeger,standard,1,0,1,7,-1,11,8,23,2,7,2,9,0,0
match-63cb3ef0-558,forschung_muskelkraft,standard,0,1,0,15,2,22,19,73,40,17,11,9,0,0
match-63cb3ef0-558,rudeljaeger,standard,1,0,1,15,0,21,17,50,59,15,13,7,0,2
match-ea7dce32-559,forschung_muskelkraft,standard,0,0,0,8,-1,18,11,33,2,9,5,9,0,0
match-ea7dce32-559,rudeljaeger,standard,1,1,1,8,1,11,11,29,3,9,7,11,0,0
match-5665e06b-560,forschung_muskelkraft,standard,0,0,0,8,0,20,9,32,3,8,2,0,0,0
match-5665e06b-560,rudeljaeger,standard,1,1,1,8,10,13,9,30,0,7,6,10,0,0
match-dd188fad-561,forschung_muskelkraft,standard,0,1,0,15,1,23,16,64,45,14,14,11,0,0
match-dd188fad-561,rudeljaeger,standard,1,0,1,15,-1,19,19,55,52,17,9,9,0,1
match-4900a1e6-562,forschung_muskelkraft,standard,0,0,0,6,0,16,6,20,1,5,4,0,0,0
match-4900a1e6-562,rudeljaeger,standard,1,1,1,6,10,9,6,18,3,6,2,10,0,0
match-cfb35128-563,forschung_muskelkraft,standard,0,0,0,4,-1,9,1,4,6,1,3,0,0,0
match-cfb35128-563,rudeljaeger,standard,1,1,1,4,10,9,4,8,2,4,0,11,0,0
match-11ef6bb2-564,forschung_muskelkraft,standard,0,1,0,6,1,13,6,20,1,5,5,11,0,0
match-11ef6bb2-564,rudeljaeger,standard,1,0,1,6,-1,9,7,15,5,6,1,9,0,0
match-98a21af4-565,forschung_muskelkraft,standard,0,1,0,11,6,20,11,41,14,9,9,15,0,0
match-98a21af4-565,rudeljaeger,standard,1,0,1,11,-5,16,13,31,24,12,5,4,0,1
match-048a2d2d-566,forschung_muskelkraft,standard,0,1,0,7,4,14,7,26,1,6,5,10,0,0
match-048a2d2d-566,rudeljaeger,standard,1,0,1,7,0,12,9,27,0,8,2,6,0,1
match-8b3cdc6f-567,forschung_muskelkraft,standard,0,0,0,11,0,20,9,33,22,7,12,6,0,0
match-8b3cdc6f-567,rudeljaeger,standard,1,1,1,11,4,16,15,39,19,13,3,10,0,1
match-f724eea7-568,forschung_muskelkraft,standard,0,0,0,5,-3,11,5,14,1,4,2,0,0,0
match-f724eea7-568,rudeljaeger,standard,1,1,1,5,10,8,5,12,3,4,3,13,0,0
match-7dd79dea-569,forschung_muskelkraft,standard,0,1,0,16,1,23,20,75,47,18,13,11,0,0
match-7dd79dea-569,rudeljaeger,standard,1,0,1,16,-2,19,18,51,69,17,14,8,0,2
match-e9bfb022-570,forschung_muskelkraft,standard,0,1,0,12,5,23,12,44,22,10,11,10,0,0
match-e9bfb022-570,rudeljaeger,standard,1,0,1,12,0,17,16,46,25,14,5,5,0,1
match-70725f65-571,forschung_muskelkraft,standard,0,1,0,13,2,21,10,38,46,8,9,14,0,0
match-70725f65-571,rudeljaeger,standard,1,0,1,13,-4,17,15,44,37,13,3,8,0,0
match-dc5a719d-572,forschung_muskelkraft,standard,0,,0,17,-2,22,13,53,88,11,13,4,0,0
match-dc5a719d-572,rudeljaeger,standard,1,,1,17,0,22,18,54,84,16,7,6,0,1
match-630d00e0-573,forschung_muskelkraft,standard,0,0,0,16,-2,22,20,75,51,18,11,6,0,0
match-630d00e0-573,rudeljaeger,standard,1,1,1,16,3,19,17,50,72,15,15,11,0,1
match-cef53318-574,forschung_muskelkraft,standard,0,0,0,17,-3,21,20,75,61,18,9,5,0,0
match-cef53318-574,rudeljaeger,standard,1,1,1,17,2,21,15,48,88,13,16,10,0,0
match-55a7c25b-575,forschung_muskelkraft,standard,0,0,0,12,0,23,15,58,13,13,12,7,0,0
match-55a7c25b-575,rudeljaeger,standard,1,1,1,12,3,17,16,47,20,14,9,10,0,1
match-c18ff493-576,forschung_muskelkraft,standard,0,0,0,4,-1,9,3,7,3,2,2,0,0,0
match-c18ff493-576,rudeljaeger,standard,1,1,1,4,10,7,6,10,0,6,0,11,0,0
match-484283d6-577,forschung_muskelkraft,standard,0,1,0,10,1,19,10,32,13,8,9,11,0,0
match-484283d6-577,rudeljaeger,standard,1,0,1,10,-1,14,14,35,16,12,3,9,0,0
match-b42ab60e-578,forschung_muskelkraft,standard,0,1,0,8,6,16,8,31,3,7,8,10,0,0
match-b42ab60e-578,rudeljaeger,standard,1,0,1,8,0,14,12,29,4,11,2,4,0,0
match-3add4551-579,forschung_muskelkraft,standard,0,1,0,14,1,24,11,45,51,9,13,10,0,0
match-3add4551-579,rudeljaeger,standard,1,0,1,14,0,18,18,48,47,16,4,9,0,1
match-7d197fda-580,forschung_muskelkraft,standard,0,1,0,14,3,22,14,52,39,12,12,12,0,0
match-7d197fda-580,rudeljaeger,standard,1,0,1,14,-2,19,18,52,43,16,8,7,0,1
match-03cc0f1d-581,forschung_muskelkraft,standard,0,1,0,16,3,23,17,69,55,15,15,10,0,0
match-03cc0f1d-581,rudeljaeger,standard,1,0,1,16,-1,21,20,56,67,18,10,6,0,1
match-6fb42155-582,forschung_muskelkraft,standard,0,0,0,7,0,14,6,25,2,6,2,6,0,0
match-6fb42155-582,rudeljaeger,standard,1,1,1,7,4,11,6,22,2,6,3,10,0,0
match-f666d097-583,forschung_muskelkraft,standard,0,1,0,13,6,23,13,47,31,11,15,11,0,0
match-f666d097-583,rudeljaeger,standard,1,0,1,13,-1,19,17,49,35,15,6,4,0,1
match-624ee2d0-584,forschung_muskelkraft,standard,0,1,0,7,2,18,6,22,4,5,6,11,0,0
match-624ee2d0-584,rudeljaeger,standard,1,0,1,7,-1,11,10,24,2,9,1,8,0,0
match-e9019212-585,forschung_muskelkraft,standard,0,0,0,14,-2,23,19,73,31,17,13,6,0,0
match-e9019212-585,rudeljaeger,standard,1,1,1,14,4,18,18,49,46,17,13,12,0,2
match-54e9a44b-586,forschung_muskelkraft,standard,0,1,0,11,1,19,10,34,21,8,10,11,0,0
match-54e9a44b-586,rudeljaeger,standard,1,0,1,11,-1,14,14,35,22,12,4,9,0,0
match-db9c538d-587,forschung_muskelkraft,standard,0,0,0,4,0,9,2,6,4,2,0,0,0,0
match-db9c538d-587,rudeljaeger,standard,1,1,1,4,10,9,4,8,2,3,1,10,0,0
match-478465c6-588,forschung_muskelkraft,standard,0,0,0,6,-2,15,6,19,1,5,3,6,0,0
match-478465c6-588,rudeljaeger,standard,1,1,1,6,4,10,6,18,1,5,2,12,0,0
match-ce371508-589,forschung_muskelkraft,standard,0,1,0,10,2,18,14,54,1,13,8,10,0,0
match-ce371508-589,rudeljaeger,standard,1,0,1,10,0,15,14,41,5,12,10,8,0,0
match-3a1f2741-590,forschung_muskelkraft,standard,0,0,0,6,-1,15,6,19,2,5,4,5,0,0
match-3a1f2741-590,rudeljaeger,standard,1,1,1,6,5,9,8,16,3,7,2,11,0,0
match-c0d1d683-591,forschung_muskelkraft,standard,0,1,0,7,4,16,7,25,3,7,6,10,0,0
match-c0d1d683-591,rudeljaeger,standard,1,0,1,7,0,11,9,25,2,9,2,6,0,0
match-2cb9e8bc-592,forschung_muskelkraft,standard,0,1,0,6,6,12,6,19,2,4,2,11,0,0
match-2cb9e8bc-592,rudeljaeger,standard,1,0,1,6,-1,11,8,20,1,6,0,4,0,0
match-b36c97fe-593,forschung_muskelkraft,standard,0,0,0,6,-2,14,6,20,1,5,3,0,0,0
match-b36c97fe-593,rudeljaeger,standard,1,1,1,6,10,10,6,17,1,6,3,12,0,0
match-1f54aa37-594,forschung_muskelkraft,standard,0,1,0,7,4,13,8,25,1,6,6,13,0,0
match-1f54aa37-594,rudeljaeger,standard,1,0,1,7,-3,10,10,20,4,8,3,6,0,0
match-a6075979-595,forschung_muskelkraft,standard,0,1,0,7,4,13,9,25,2,7,1,12,0,0
match-a6075979-595,rudeljaeger,standard,1,0,1,7,-2,11,8,24,1,6,2,6,0,2
match-e8437402-596,forschung_muskelkraft,standard,0,1,0,8,4,18,9,31,2,7,9,11,0,0
match-e8437402-596,rudeljaeger,standard,1,0,1,8,-1,13,12,31,3,10,3,6,0,0
match-6ef60345-597,forschung_muskelkraft,standard,0,1,0,12,3,20,11,45,27,9,13,12,0,0
match-6ef60345-597,rudeljaeger,standard,1,0,1,12,-2,16,16,40,28,14,4,7,0,0
match-dade357d-598,forschung_muskelkraft,standard,0,0,0,5,-2,13,3,11,4,3,0,0,0,0
match-dade357d-598,rudeljaeger,standard,1,1,1,5,10,9,5,13,0,5,1,12,0,0
match-6190c4c0-599,forschung_muskelkraft,standard,0,0,0,15,0,23,19,73,34,17,13,6,0,0
match-6190c4c0-599,rudeljaeger,standard,1,1,1,15,3,20,18,52,55,16,15,9,0,3
match-cd78f6f8-600,forschung_muskelkraft,standard,0,1,0,9,1,17,10,35,9,8,10,11,0,0
match-cd78f6f8-600,rudeljaeger,standard,1,0,1,9,-1,13,13,34,4,11,3,9,0,0
match-542b863b-601,forschung_muskelkraft,standard,0,1,0,10,1,22,10,33,12,8,10,12,0,0
match-542b863b-601,rudeljaeger,standard,1,0,1,10,-2,14,13,34,14,12,3,9,0,0
match-c013b873-602,forschung_muskelkraft,standard,0,0,0,3,0,10,3,5,1,2,0,0,0,0
match-c013b873-602,rudeljaeger,standard,1,1,1,3,10,7,4,6,0,4,1,10,0,0
match-46c647b6-603,forschung_muskelkraft,standard,0,0,0,6,-1,13,6,19,1,5,7,4,0,0
match-46c647b6-603,rudeljaeger,standard,1,1,1,6,6,10,8,17,1,7,3,11,0,0
match-b2ae79ee-604,forschung_muskelkraft,standard,0,0,0,8,0,17,9,32,3,8,8,2,0,0
match-b2ae79ee-604,rudeljaeger,standard,1,1,1,8,8,12,11,27,3,10,4,10,0,0
match-39610931-605,forschung_muskelkraft,standard,0,0,0,4,0,10,2,6,4,2,0,0,0,0
match-39610931-605,rudeljaeger,standard,1,1,1,4,10,7,4,9,0,4,1,10,0,0
match-a5493b69-606,forschung_muskelkraft,standard,0,1,0,12,2,22,13,50,16,11,11,10,0,0
match-a5493b69-606,rudeljaeger,standard,1,0,1,12,0,17,16,46,24,14,7,8,0,0
match-2bfbcaac-607,forschung_muskelkraft,standard,0,,0,17,0,22,16,63,73,14,16,6,0,0
match-2bfbcaac-607,rudeljaeger,standard,1,,1,17,-2,20,20,56,80,18,10,4,0,1
match-97e3fce4-608,forschung_muskelkraft,standard,0,1,0,10,5,19,10,37,13,8,12,13,0,0
match-97e3fce4-608,rudeljaeger,standard,1,0,1,10,-3,14,12,32,13,11,3,5,0,1
match-1e968c27-609,forschung_muskelkraft,standard,0,0,0,6,-1,14,6,20,1,5,4,5,0,0
match-1e968c27-609,rudeljaeger,standard,1,1,1,6,5,10,6,18,0,5,1,11,0,0
match-8a7ebe5f-610,forschung_muskelkraft,standard,0,1,0,13,1,23,13,52,26,11,14,13,0,0
match-8a7ebe5f-610,rudeljaeger,standard,1,0,1,13,-3,17,16,44,37,15,6,9,0,2
match-11314da2-611,forschung_muskelkraft,standard,0,0,0,8,-2,15,9,32,4,7,1,4,0,0
match-11314da2-611,rudeljaeger,standard,1,1,1,8,6,13,8,21,7,6,4,12,0,0
match-536d682b-612,forschung_muskelkraft,standard,0,1,0,13,2,23,13,53,30,11,15,12,0,0
match-536d682b-612,rudeljaeger,standard,1,0,1,13,-2,18,17,50,30,16,6,8,0,0
match-da20176d-613,forschung_muskelkraft,standard,0,0,0,6,0,14,5,19,2,5,4,7,0,0
match-da20176d-613,rudeljaeger,standard,1,1,1,6,3,11,8,16,2,7,1,10,0,0
match-460829a6-614,forschung_muskelkraft,standard,0,1,0,9,4,18,10,33,8,8,11,12,0,0
match-460829a6-614,rudeljaeger,standard,1,0,1,9,-2,13,13,35,4,11,3,6,0,2
match-ccbad8e8-615,forschung_muskelkraft,standard,0,0,0,10,-1,17,12,46,8,10,7,5,0,0
match-ccbad8e8-615,rudeljaeger,standard,1,1,1,10,5,14,13,37,11,12,6,11,0,3
match-38a2eb21-616,forschung_muskelkraft,standard,0,0,0,9,-1,20,10,36,9,9,5,0,0,0
match-38a2eb21-616,rudeljaeger,standard,1,1,1,9,10,13,10,33,10,9,6,11,0,1
match-bf559a63-617,forschung_muskelkraft,standard,0,0,0,15,0,24,14,56,49,12,15,4,0,0
match-bf559a63-617,rudeljaeger,standard,1,1,1,15,5,20,18,53,53,16,8,9,0,2
match-2b3dac9c-618,forschung_muskelkraft,standard,0,0,0,5,0,12,4,13,2,4,2,4,0,0
match-2b3dac9c-618,rudeljaeger,standard,1,1,1,5,6,9,4,12,3,4,2,10,0,0
match-b1f05bde-619,forschung_muskelkraft,standard,0,1,0,7,1,12,8,25,2,6,6,13,0,0
match-b1f05bde-619,rudeljaeger,standard,1,0,1,7,-3,11,10,23,3,8,2,9,0,0
match-1dd86e17-620,forschung_muskelkraft,standard,0,1,0,16,3,23,15,59,61,13,17,7,0,0
match-1dd86e17-620,rudeljaeger,standard,1,0,1,16,0,21,20,56,67,18,9,4,0,2
match-a48b1d59-621,forschung_muskelkraft,standard,0,0,0,6,-2,14,6,19,2,5,1,2,0,0
match-a48b1d59-621,rudeljaeger,standard,1,1,1,6,8,10,8,15,2,6,3,12,0,0
match-10732f92-622,forschung_muskelkraft,standard,0,1,0,8,2,19,9,32,2,8,7,10,0,0
match-10732f92-622,rudeljaeger,standard,1,0,1,8,0,12,11,28,4,9,3,8,0,0
match-9725ded4-623,forschung_muskelkraft,standard,0,1,0,15,5,23,20,75,34,18,14,9,0,0
match-9725ded4-623,rudeljaeger,standard,1,0,1,15,0,19,19,54,57,17,15,4,0,1
match-030df10d-624,forschung_muskelkraft,standard,0,1,0,10,1,21,12,44,7,10,9,14,0,0
match-030df10d-624,rudeljaeger,standard,1,0,1,10,-4,15,11,34,14,11,5,9,0,1
match-89c0804f-625,forschung_muskelkraft,standard,0,0,0,4,0,9,2,6,4,2,3,0,0,0
match-89c0804f-625,rudeljaeger,standard,1,1,1,4,10,8,5,9,1,5,1,10,0,0
match-f5a8b287-626,forschung_muskelkraft,standard,0,0,0,5,-3,13,3,11,4,3,0,0,0,0
match-f5a8b287-626,rudeljaeger,standard,1,1,1,5,10,9,6,9,4,5,1,13,0,0
match-7c5b41ca-627,forschung_muskelkraft,standard,0,1,0,15,6,22,13,52,53,11,8,14,0,0
match-7c5b41ca-627,rudeljaeger,standard,1,0,1,15,-4,19,14,43,63,12,6,4,0,0
match-0bf779cd-628,forschung_muskelkraft,standard,0,1,0,14,4,23,18,71,28,16,15,12,0,0
match-0bf779cd-628,rudeljaeger,standard,1,0,1,14,-2,19,18,53,42,16,13,6,0,0
match-92aa090f-629,forschung_muskelkraft,standard,0,0,0,5,0,9,3,11,4,3,0,0,0,0
match-92aa090f-629,rudeljaeger,standard,1,1,1,5,10,8,5,13,1,5,1,10,0,0
match-fe923b47-630,forschung_muskelkraft,standard,0,1,0,14,6,23,14,57,38,12,15,15,0,0
match-fe923b47-630,rudeljaeger,standard,1,0,1,14,-5,20,18,53,40,16,7,4,0,1
match-8544ca8a-631,forschung_muskelkraft,standard,0,1,0,12,5,23,13,44,22,11,10,11,0,0
match-8544ca8a-631,rudeljaeger,standard,1,0,1,12,-1,17,16,39,32,14,6,5,0,0
match-f12cfcc2-632,forschung_muskelkraft,standard,0,1,0,11,6,21,12,44,11,10,8,11,0,0
match-f12cfcc2-632,rudeljaeger,standard,1,0,1,11,-1,14,14,34,26,12,5,4,0,0
match-77df8c05-633,forschung_muskelkraft,standard,0,1,0,9,1,18,8,30,6,7,12,15,0,0
match-77df8c05-633,rudeljaeger,standard,1,0,1,9,-5,14,13,33,4,11,3,9,0,1
match-e3c7be3d-634,forschung_muskelkraft,standard,0,1,0,5,6,10,5,14,1,4,5,10,0,0
match-e3c7be3d-634,rudeljaeger,standard,1,0,1,5,0,9,6,14,1,6,0,4,0,0
match-6a7a4d80-635,forschung_muskelkraft,standard,0,0,0,4,-1,10,4,9,1,3,2,0,0,0
match-6a7a4d80-635,rudeljaeger,standard,1,1,1,4,10,11,5,8,0,5,1,11,0,0
match-d6627fb8-636,forschung_muskelkraft,standard,0,0,0,16,-1,23,15,61,63,13,12,2,0,0
match-d6627fb8-636,rudeljaeger,standard,1,1,1,16,5,20,17,50,74,16,8,8,0,2
match-5d150efb-637,forschung_muskelkraft,standard,0,1,0,11,3,21,12,42,18,10,10,14,0,0
match-5d150efb-637,rudeljaeger,standard,1,0,1,11,-4,16,14,35,24,13,5,7,0,1
match-c8fd2133-638,forschung_muskelkraft,standard,0,0,0,7,-2,16,7,25,3,5,5,0,0,0
match-c8fd2133-638,rudeljaeger,standard,1,1,1,7,10,12,10,27,1,9,2,12,0,0
match-4fafd076-639,forschung_muskelkraft,standard,0,0,0,6,-1,12,5,19,2,5,6,3,0,0
match-4fafd076-639,rudeljaeger,standard,1,1,1,6,7,10,8,16,2,8,3,11,0,0
match-bb97e2ae-640,forschung_muskelkraft,standard,0,0,0,5,0,10,5,14,1,4,3,0,0,0
match-bb97e2ae-640,rudeljaeger,standard,1,1,1,5,10,9,5,14,0,5,1,10,0,0
match-424a91f1-641,forschung_muskelkraft,standard,0,1,0,14,4,23,12,43,48,10,13,11,0,0
match-424a91f1-641,rudeljaeger,standard,1,0,1,14,-1,19,17,46,46,15,5,6,0,1
match-ae32a429-642,forschung_muskelkraft,standard,0,1,0,13,3,22,14,57,26,12,13,12,0,0
match-ae32a429-642,rudeljaeger,standard,1,0,1,13,-2,17,17,47,34,16,7,7,0,4
match-34e5536c-643,forschung_muskelkraft,standard,0,1,0,16,1,23,16,63,57,14,16,8,0,0
match-34e5536c-643,rudeljaeger,standard,1,0,1,16,-1,21,20,56,68,18,10,6,0,1
match-77216df5-644,forschung_muskelkraft,standard,0,0,0,6,0,13,7,18,2,5,6,8,0,0
match-77216df5-644,rudeljaeger,standard,1,1,1,6,2,12,8,19,1,6,3,10,0,0
match-fdd41d37-645,forschung_muskelkraft,standard,0,0,0,16,0,23,15,61,59,13,15,3,0,0
match-fdd41d37-645,rudeljaeger,standard,1,1,1,16,4,22,18,49,71,16,8,7,0,0
match-69bc2f70-646,forschung_muskelkraft,standard,0,1,0,11,1,23,12,44,16,10,12,17,0,0
match-69bc2f70-646,rudeljaeger,standard,1,0,1,11,-7,15,15,41,16,13,5,9,0,1
match-f06edeb2-647,forschung_muskelkraft,standard,0,1,0,11,1,21,11,44,17,10,11,12,0,0
match-f06edeb2-647,rudeljaeger,standard,1,0,1,11,-2,15,14,35,29,13,5,9,0,0
match-5c56f0eb-648,forschung_muskelkraft,standard,0,0,0,16,0,23,16,63,66,14,16,4,0,0
match-5c56f0eb-648,rudeljaeger,standard,1,1,1,16,3,22,20,56,67,18,10,7,0,3
match-e309802d-649,forschung_muskelkraft,standard,0,0,0,7,0,12,7,26,2,7,2,3,0,0
match-e309802d-649,rudeljaeger,standard,1,1,1,7,7,11,7,23,2,7,4,10,0,0
match-4ef1b266-650,forschung_muskelkraft,standard,0,1,0,14,1,21,15,63,32,13,15,12,0,0
match-4ef1b266-650,rudeljaeger,standard,1,0,1,14,-2,20,18,52,42,16,8,9,0,0
match-d5a441a8-651,forschung_muskelkraft,standard,0,1,0,9,3,18,9,32,4,7,10,13,0,0
match-d5a441a8-651,rudeljaeger,standard,1,0,1,9,-3,14,12,33,7,11,3,7,0,2
match-418c73e1-652,forschung_muskelkraft,standard,0,0,0,4,-1,10,2,6,4,2,0,0,0,0
match-418c73e1-652,rudeljaeger,standard,1,1,1,4,10,7,5,9,0,4,1,11,0,0
match-c83f0323-653,forschung_muskelkraft,standard,0,0,0,6,0,13,5,19,2,5,1,0,0,0
match-c83f0323-653,rudeljaeger,standard,1,1,1,6,10,10,6,20,1,5,3,10,0,0
match-3427355c-654,forschung_muskelkraft,standard,0,1,0,15,1,22,19,73,34,17,16,13,0,0
match-3427355c-654,rudeljaeger,standard,1,0,1,15,-3,20,19,55,52,17,13,9,0,1
match-bad9c49e-655,forschung_muskelkraft,standard,0,1,0,16,3,23,18,71,53,16,12,8,0,0
match-bad9c49e-655,rudeljaeger,standard,1,0,1,16,-1,22,17,52,71,15,13,4,0,0
match-26c1f6d7-656,forschung_muskelkraft,standard,0,0,0,4,-1,11,4,9,1,3,3,0,0,0
match-26c1f6d7-656,rudeljaeger,standard,1,1,1,4,10,9,4,10,0,4,1,11,0,0
match-ad748619-657,forschung_muskelkraft,standard,0,1,0,10,1,17,11,43,8,9,9,14,0,0
match-ad748619-657,rudeljaeger,standard,1,0,1,10,-4,15,13,34,12,11,4,9,0,0
match-195cb852-658,forschung_muskelkraft,standard,0,0,0,4,-1,9,2,6,4,2,0,0,0,0
match-195cb852-658,rudeljaeger,standard,1,1,1,4,10,7,4,10,0,4,1,11,0,0
match-a00f4794-659,forschung_muskelkraft,standard,0,1,0,9,2,21,11,37,8,9,9,10,0,0
match-a00f4794-659,rudeljaeger,standard,1,0,1,9,0,14,13,35,7,11,4,8,0,0
match-e24b621d-660,forschung_muskelkraft,standard,0,0,0,5,0,13,3,11,4,3,1,0,0,0
match-e24b621d-660,rudeljaeger,standard,1,1,1,5,10,9,4,14,1,4,1,10,0,0
match-68fe1160-661,forschung_muskelkraft,standard,0,,0,16,0,22,13,50,76,11,14,7,0,0
match-68fe1160-661,rudeljaeger,standard,1,,1,16,0,20,19,55,68,17,6,7,0,1
match-d4e62398-662,forschung_muskelkraft,standard,0,1,0,14,2,22,12,45,46,10,13,10,0,0
match-d4e62398-662,rudeljaeger,standard,1,0,1,14,0,20,17,48,46,15,5,8,0,1
match-5b98d2db-663,forschung_muskelkraft,standard,0,0,0,10,-3,14,14,48,2,12,4,5,0,0
match-5b98d2db-663,rudeljaeger,standard,1,1,1,10,5,13,11,38,11,9,9,13,0,3
match-c780e513-664,forschung_muskelkraft,standard,0,1,0,15,2,22,14,55,55,12,16,9,0,0
match-c780e513-664,rudeljaeger,standard,1,0,1,15,0,21,19,52,54,17,8,7,0,0
match-4e339456-665,forschung_muskelkraft,standard,0,1,0,17,3,23,16,63,73,14,17,8,0,0
match-4e339456-665,rudeljaeger,standard,1,0,1,17,-1,21,20,56,80,18,9,4,0,1
match-ba1ba68e-666,forschung_muskelkraft,standard,0,0,0,3,0,9,0,0,3,0,0,0,0,0
match-ba1ba68e-666,rudeljaeger,standard,1,1,1,3,10,6,3,5,0,3,0,10,0,0
match-40ce55d1-667,forschung_muskelkraft,standard,0,0,0,5,-3,11,5,11,4,3,1,0,0,0
match-40ce55d1-667,rudeljaeger,standard,1,1,1,5,10,9,5,12,0,4,1,13,0,0
match-acb66809-668,forschung_muskelkraft,standard,0,0,0,4,0,10,1,4,6,1,2,0,0,0
match-acb66809-668,rudeljaeger,standard,1,1,1,4,10,8,4,7,1,4,0,10,0,0
match-3369174c-669,forschung_muskelkraft,standard,0,0,0,10,-1,18,12,42,8,10,9,7,0,0
match-3369174c-669,rudeljaeger,standard,1,1,1,10,3,16,12,31,15,11,9,11,0,0
match-9f512984-670,forschung_muskelkraft,standard,0,1,0,12,6,21,11,41,30,9,11,13,0,0
match-9f512984-670,rudeljaeger,standard,1,0,1,12,-3,16,15,39,28,13,4,4,0,0
match-2603d8c7-671,forschung_muskelkraft,standard,0,1,0,10,1,22,10,37,13,9,12,12,0,0
match-2603d8c7-671,rudeljaeger,standard,1,0,1,10,-2,15,13,32,13,12,5,9,0,1
match-91ebeaff-672,forschung_muskelkraft,standard,0,0,0,3,0,8,2,4,1,2,0,0,0,0
match-91ebeaff-672,rudeljaeger,standard,1,1,1,3,10,7,3,6,0,3,1,10,0,0
match-189e9a42-673,forschung_muskelkraft,standard,0,0,0,15,-3,22,20,75,38,18,10,6,0,0
match-189e9a42-673,rudeljaeger,standard,1,1,1,15,4,19,15,44,64,14,15,13,0,0
match-8486ac7a-674,forschung_muskelkraft,standard,0,0,0,5,-1,12,5,14,1,4,4,6,0,0
match-8486ac7a-674,rudeljaeger,standard,1,1,1,5,4,10,7,13,1,7,1,11,0,0
match-0b395bbd-675,forschung_muskelkraft,standard,0,1,0,8,5,20,10,33,2,8,8,13,0,0
match-0b395bbd-675,rudeljaeger,standard,1,0,1,8,-3,13,11,28,1,9,3,5,0,0
match-4d757646-676,forschung_muskelkraft,standard,0,0,0,7,-2,16,8,26,2,7,4,3,0,0
match-4d757646-676,rudeljaeger,standard,1,1,1,7,7,12,8,27,1,7,3,12,0,2
match-d4280588-677,forschung_muskelkraft,standard,0,0,0,5,0,13,5,14,1,4,1,3,0,0
match-d4280588-677,rudeljaeger,standard,1,1,1,5,7,10,4,13,1,4,1,10,0,0
match-401037c1-678,forschung_muskelkraft,standard,0,0,0,5,-1,13,3,11,4,3,1,0,0,0
match-401037c1-678,rudeljaeger,standard,1,1,1,5,10,9,6,13,1,5,1,11,0,0
match-c6c2c703-679,forschung_muskelkraft,standard,0,0,0,8,0,19,10,33,3,8,5,3,0,0
match-c6c2c703-679,rudeljaeger,standard,1,1,1,8,7,12,9,29,1,8,5,10,0,2
match-32aaf93c-680,forschung_muskelkraft,standard,0,1,0,15,3,23,13,49,56,11,16,9,0,0
match-32aaf93c-680,rudeljaeger,standard,1,0,1,15,0,21,19,53,54,17,7,6,0,1
match-b95d887e-681,forschung_muskelkraft,standard,0,1,0,15,5,23,12,51,59,10,10,9,0,0
match-b95d887e-681,rudeljaeger,standard,1,0,1,15,0,21,15,45,62,13,6,4,0,1
match-2545bab7-682,forschung_muskelkraft,standard,0,1,0,13,1,21,10,37,41,8,11,14,0,0
match-2545bab7-682,rudeljaeger,standard,1,0,1,13,-4,17,16,41,42,14,3,9,0,0
match-abf849f9-683,forschung_muskelkraft,standard,0,1,0,12,5,22,14,55,11,13,12,12,0,0
match-abf849f9-683,rudeljaeger,standard,1,0,1,12,-2,16,15,43,28,13,8,5,0,0
match-17e07c32-684,forschung_muskelkraft,standard,0,1,0,13,2,22,12,48,30,10,12,12,0,0
match-17e07c32-684,rudeljaeger,standard,1,0,1,13,-2,17,16,39,43,14,5,8,0,0
match-9e930b74-685,forschung_muskelkraft,standard,0,0,0,7,0,15,7,26,2,7,5,0,0,0
match-9e930b74-685,rudeljaeger,standard,1,1,1,7,10,12,8,24,2,8,4,10,0,0
match-0a7b3dad-686,forschung_muskelkraft,standard,0,1,0,10,3,18,12,43,6,10,11,11,0,0
match-0a7b3dad-686,rudeljaeger,standard,1,0,1,10,-1,15,14,35,11,13,5,7,0,0
match-912dccef-687,forschung_muskelkraft,standard,0,1,0,9,6,18,10,37,4,8,8,10,0,0
match-912dccef-687,rudeljaeger,standard,1,0,1,9,0,13,12,29,9,10,3,4,0,0
match-fd15ff27-688,forschung_muskelkraft,standard,0,0,0,6,-2,15,6,20,1,5,2,0,0,0
match-fd15ff27-688,rudeljaeger,standard,1,1,1,6,10,11,7,20,1,7,1,12,0,1
match-83c88e6a-689,forschung_muskelkraft,standard,0,1,0,11,2,18,13,50,9,12,12,12,0,0
match-83c88e6a-689,rudeljaeger,standard,1,0,1,11,-2,16,15,40,17,13,8,8,0,0
match-efb0a0a2-690,forschung_muskelkraft,standard,0,1,0,9,1,21,10,37,4,10,9,10,0,0
match-efb0a0a2-690,rudeljaeger,standard,1,0,1,9,0,13,12,32,6,10,6,9,0,1
match-76634fe5-691,forschung_muskelkraft,standard,0,0,0,4,0,10,4,9,1,3,0,0,0,0
match-76634fe5-691,rudeljaeger,standard,1,1,1,4,10,7,4,9,0,4,1,10,0,0
match-b89f6a6e-692,forschung_muskelkraft,standard,0,1,0,11,3,23,12,46,15,10,10,12,0,0
match-b89f6a6e-692,rudeljaeger,standard,1,0,1,11,-2,16,15,41,18,13,5,7,0,1
match-3f5219b1-693,forschung_muskelkraft,standard,0,1,0,9,1,17,8,34,7,7,12,13,0,0
match-3f5219b1-693,rudeljaeger,standard,1,0,1,9,-3,14,13,33,6,12,2,9,0,0
match-ab3a2be9-694,forschung_muskelkraft,standard,0,1,0,13,1,23,18,71,15,16,9,11,0,0
match-ab3a2be9-694,rudeljaeger,standard,1,0,1,13,-1,18,16,47,33,14,13,9,0,5
match-31ecdb2c-695,forschung_muskelkraft,standard,0,1,0,15,3,22,14,55,56,12,16,11,0,0
match-31ecdb2c-695,rudeljaeger,standard,1,0,1,15,-1,21,19,51,56,17,7,7,0,0
match-9dd4ed64-696,forschung_muskelkraft,standard,0,0,0,6,-2,15,4,16,4,4,1,0,0,0
match-9dd4ed64-696,rudeljaeger,standard,1,1,1,6,10,12,6,18,3,6,1,12,0,0
match-24879ca7-697,forschung_muskelkraft,standard,0,1,0,12,3,22,13,55,16,11,14,10,0,0
match-24879ca7-697,rudeljaeger,standard,1,0,1,12,0,18,16,49,19,15,6,7,0,0
match-906faedf-698,forschung_muskelkraft,standard,0,1,0,11,6,19,9,36,19,8,12,12,0,0
match-906faedf-698,rudeljaeger,standard,1,0,1,11,-2,15,14,36,24,13,3,4,0,1
match-17225e22-699,forschung_muskelkraft,standard,0,0,0,4,0,9,4,9,1,3,0,4,0,0
match-17225e22-699,rudeljaeger,standard,1,1,1,4,6,7,4,8,0,4,1,10,0,0
match-830a705a-700,forschung_muskelkraft,standard,0,1,0,15,3,23,20,75,34,18,12,11,0,0
match-830a705a-700,rudeljaeger,standard,1,0,1,15,-1,20,18,52,61,16,15,7,0,2
match-09bd1f9d-701,forschung_muskelkraft,standard,0,1,0,14,1,22,18,71,24,16,10,11,0,0
match-09bd1f9d-701,rudeljaeger,standard,1,0,1,14,-1,18,16,47,44,15,11,9,0,5
match-75a531d5-702,forschung_muskelkraft,standard,0,0,0,7,-1,17,8,27,1,7,3,4,0,0
match-75a531d5-702,rudeljaeger,standard,1,1,1,7,6,11,9,27,1,7,5,11,0,0
match-fc57c117-703,forschung_muskelkraft,standard,0,0,0,16,-1,22,12,48,77,10,7,5,0,0
match-fc57c117-703,rudeljaeger,standard,1,1,1,16,2,21,14,43,81,12,5,8,0,4
match-683ff350-704,forschung_muskelkraft,standard,0,1,0,14,1,21,15,61,38,13,14,11,0,0
match-683ff350-704,rudeljaeger,standard,1,0,1,14,-1,18,18,51,43,17,9,9,0,1
match-eef28292-705,forschung_muskelkraft,standard,0,0,0,5,-1,11,5,14,1,4,1,6,0,0
match-eef28292-705,rudeljaeger,standard,1,1,1,5,4,10,5,12,1,5,1,11,0,0
match-5adab4cb-706,forschung_muskelkraft,standard,0,1,0,15,3,23,12,53,56,10,14,9,0,0
match-5adab4cb-706,rudeljaeger,standard,1,0,1,15,0,20,18,54,56,16,7,6,0,0
match-e18d440d-707,forschung_muskelkraft,standard,0,1,0,13,4,21,14,56,28,12,15,10,0,0
match-e18d440d-707,rudeljaeger,standard,1,0,1,13,0,18,17,49,32,16,8,6,0,0
match-23c97e97-708,forschung_muskelkraft,standard,0,0,0,4,0,10,3,7,3,2,1,0,0,0
match-23c97e97-708,rudeljaeger,standard,1,1,1,4,10,7,5,9,1,3,0,10,0,0
match-aa7c0dd9-709,forschung_muskelkraft,standard,0,0,0,7,-1,16,7,23,3,5,6,9,0,0
match-aa7c0dd9-709,rudeljaeger,standard,1,1,1,7,1,11,10,25,1,8,2,11,0,0
match-16642012-710,forschung_muskelkraft,standard,0,1,0,14,3,23,13,53,38,11,14,11,0,0
match-16642012-710,rudeljaeger,standard,1,0,1,14,-1,19,18,50,43,16,6,7,0,1
match-9d16cf54-711,forschung_muskelkraft,standard,0,1,0,12,3,22,12,48,23,10,10,15,0,0
match-9d16cf54-711,rudeljaeger,standard,1,0,1,12,-5,18,15,39,31,13,5,7,0,0
match-08fee18d-712,forschung_muskelkraft,standard,0,1,0,12,6,22,14,57,15,12,10,12,0,0
match-08fee18d-712,rudeljaeger,standard,1,0,1,12,-2,17,14,46,28,13,8,4,0,0
match-8fb190cf-713,forschung_muskelkraft,standard,0,0,0,7,-1,16,7,24,3,5,3,0,0,0
match-8fb190cf-713,rudeljaeger,standard,1,1,1,7,10,12,8,27,1,7,3,11,0,0
match-fb99a307-714,forschung_muskelkraft,standard,0,1,0,12,2,22,14,55,17,12,13,12,0,0
match-fb99a307-714,rudeljaeger,standard,1,0,1,12,-2,17,16,43,25,15,7,8,0,0
match-824c524a-715,forschung_muskelkraft,standard,0,1,0,6,6,13,7,20,1,5,3,11,0,0
match-824c524a-715,rudeljaeger,standard,1,0,1,6,-1,9,6,20,0,6,0,4,0,1
match-ee346482-716,forschung_muskelkraft,standard,0,1,0,13,3,23,14,57,21,12,16,12,0,0
match-ee346482-716,rudeljaeger,standard,1,0,1,13,-2,17,17,48,32,15,8,7,0,1
match-74e713c5-717,forschung_muskelkraft,standard,0,1,0,14,4,22,18,71,24,16,13,13,0,0
match-74e713c5-717,rudeljaeger,standard,1,0,1,14,-3,20,18,47,49,16,12,6,0,0
match-e0cf25fd-718,forschung_muskelkraft,standard,0,1,0,12,5,22,11,43,24,9,10,13,0,0
match-e0cf25fd-718,rudeljaeger,standard,1,0,1,12,-3,17,15,38,32,13,4,5,0,0
match-6781d540-719,forschung_muskelkraft,standard,0,1,0,7,1,14,9,27,1,7,7,10,0,0
match-6781d540-719,rudeljaeger,standard,1,0,1,7,0,12,8,22,3,7,3,9,0,0
match-d369e778-720,forschung_muskelkraft,standard,0,0,0,7,-1,18,7,25,3,7,6,0,0,0
match-d369e778-720,rudeljaeger,standard,1,1,1,7,10,12,9,25,1,9,5,11,0,0
match-5a1c96bb-721,forschung_muskelkraft,standard,0,0,0,15,0,23,13,48,57,11,11,7,0,0
match-5a1c96bb-721,rudeljaeger,standard,1,1,1,15,2,19,15,44,61,13,6,9,0,1
match-c604a8f3-722,forschung_muskelkraft,standard,0,0,0,8,0,18,10,34,2,8,5,0,0,0
match-c604a8f3-722,rudeljaeger,standard,1,1,1,8,10,13,9,28,0,9,5,10,0,0
match-4cb75836-723,forschung_muskelkraft,standard,0,,0,16,0,21,17,69,51,15,16,7,0,0
match-4cb75836-723,rudeljaeger,standard,1,,1,16,0,23,19,51,69,17,11,7,0,3
match-8ef372bf-724,forschung_muskelkraft,standard,0,0,0,6,-2,12,6,20,1,5,5,3,0,0
match-8ef372bf-724,rudeljaeger,standard,1,1,1,6,7,11,6,16,2,6,1,12,0,0
match-15a60202-725,forschung_muskelkraft,standard,0,0,0,4,0,9,2,6,4,2,0,0,0,0
match-15a60202-725,rudeljaeger,standard,1,1,1,4,10,9,4,10,0,4,1,10,0,0
match-818e343a-726,forschung_muskelkraft,standard,0,1,0,12,3,21,14,55,22,12,11,10,0,0
match-818e343a-726,rudeljaeger,standard,1,0,1,12,0,17,16,49,20,14,7,7,0,0
match-0840c37d-727,forschung_muskelkraft,standard,0,0,0,3,0,9,3,5,1,2,0,0,0,0
match-0840c37d-727,rudeljaeger,standard,1,1,1,3,10,7,3,6,0,3,1,10,0,0
match-7428f5b5-728,forschung_muskelkraft,standard,0,1,0,17,4,22,17,67,69,15,17,9,0,0
match-7428f5b5-728,rudeljaeger,standard,1,0,1,17,-2,21,20,56,80,18,12,3,0,1
match-fadb84f7-729,forschung_muskelkraft,standard,0,1,0,14,4,23,15,58,37,13,14,10,0,0
match-fadb84f7-729,rudeljaeger,standard,1,0,1,14,0,19,18,51,44,16,8,6,0,0
match-66c3b730-730,forschung_muskelkraft,standard,0,1,0,13,3,23,13,49,34,11,12,10,0,0
match-66c3b730-730,rudeljaeger,standard,1,0,1,13,0,18,17,48,33,15,7,7,0,1
match-ed764672-731,forschung_muskelkraft,standard,0,0,0,4,-2,10,4,9,1,3,0,0,0,0
match-ed764672-731,rudeljaeger,standard,1,1,1,4,10,8,4,9,0,4,1,12,0,0
match-595e78ab-732,forschung_muskelkraft,standard,0,1,0,13,3,22,14,56,27,12,13,10,0,0
match-595e78ab-732,rudeljaeger,standard,1,0,1,13,0,17,17,49,31,16,9,7,0,1
match-e01107ed-733,forschung_muskelkraft,standard,0,1,0,13,6,23,11,42,36,9,7,10,0,0
match-e01107ed-733,rudeljaeger,standard,1,0,1,13,0,17,14,39,41,12,4,4,0,0
match-4bf93a26-734,forschung_muskelkraft,standard,0,1,0,10,3,19,11,39,6,9,10,12,0,0
match-4bf93a26-734,rudeljaeger,standard,1,0,1,10,-2,13,13,36,14,11,4,7,0,1
match-d2abc968-735,forschung_muskelkraft,standard,0,0,0,6,0,16,5,19,2,5,5,4,0,0
match-d2abc968-735,rudeljaeger,standard,1,1,1,6,6,11,7,19,0,7,2,10,0,1
match-3e93fba1-736,forschung_muskelkraft,standard,0,0,0,8,-1,14,8,30,3,8,4,0,0,0
match-3e93fba1-736,rudeljaeger,standard,1,1,1,8,10,12,9,27,4,8,4,11,0,0
match-c5468ae3-737,forschung_muskelkraft,standard,0,0,0,8,0,16,10,32,1,8,5,0,0,0
match-c5468ae3-737,rudeljaeger,standard,1,1,1,8,10,12,9,25,3,8,5,10,0,0
match-312ebd1c-738,forschung_muskelkraft,standard,0,0,0,8,-4,19,9,31,4,7,3,2,0,0
match-312ebd1c-738,rudeljaeger,standard,1,1,1,8,8,13,9,28,2,7,4,14,0,0
match-b7e14c5e-739,forschung_muskelkraft,standard,0,1,0,15,5,22,16,63,51,14,13,9,0,0
match-b7e14c5e-739,rudeljaeger,standard,1,0,1,15,0,20,18,48,61,16,11,4,0,3
match-fa1d66e7-740,forschung_muskelkraft,standard,0,0,0,7,-1,18,8,26,2,7,3,1,0,0
match-fa1d66e7-740,rudeljaeger,standard,1,1,1,7,9,11,7,27,1,7,5,11,0,0
match-80d0162a-741,forschung_muskelkraft,standard,0,0,0,9,-5,15,12,40,2,10,4,0,0,0
match-80d0162a-741,rudeljaeger,standard,1,1,1,9,10,13,11,31,10,9,8,15,0,0
match-ecb82862-742,forschung_muskelkraft,standard,0,1,0,12,4,23,12,48,23,10,11,12,0,0
match-ecb82862-742,rudeljaeger,standard,1,0,1,12,-2,16,15,42,26,14,5,6,0,1
match-736ad7a5-743,forschung_muskelkraft,standard,0,0,0,16,0,21,20,75,45,18,12,7,0,0
match-736ad7a5-743,rudeljaeger,standard,1,1,1,16,2,20,17,50,70,15,17,9,0,3
match-df52e9dd-744,forschung_muskelkraft,standard,0,1,0,7,4,12,7,24,4,5,8,14,0,0
match-df52e9dd-744,rudeljaeger,standard,1,0,1,7,-4,12,10,26,0,10,2,6,0,1
match-66059920-745,forschung_muskelkraft,standard,0,1,0,10,2,19,7,29,16,6,11,12,0,0
match-66059920-745,rudeljaeger,standard,1,0,1,10,-2,15,14,34,17,12,2,8,0,0
match-d1edab58-746,forschung_muskelkraft,standard,0,0,0,5,-2,10,2,9,6,2,2,0,0,0
match-d1edab58-746,rudeljaeger,standard,1,1,1,5,10,10,6,14,0,6,0,12,0,0
match-58a05a9b-747,forschung_muskelkraft,standard,0,0,0,8,-3,18,10,33,2,8,3,3,0,0
match-58a05a9b-747,rudeljaeger,standard,1,1,1,8,7,13,9,25,5,7,4,13,0,0
match-c4886cd3-748,forschung_muskelkraft,standard,0,0,0,7,-3,14,6,25,2,6,1,3,0,0
match-c4886cd3-748,rudeljaeger,standard,1,1,1,7,7,10,7,21,2,6,4,13,0,0
match-4b3b1c16-749,forschung_muskelkraft,standard,0,0,0,4,-1,11,4,9,1,3,0,2,0,0
match-4b3b1c16-749,rudeljaeger,standard,1,1,1,4,8,8,4,10,0,4,1,11,0,0
match-b7232e4e-750,forschung_muskelkraft,standard,0,1,0,14,3,23,12,48,43,10,14,11,0,0
match-b7232e4e-750,rudeljaeger,standard,1,0,1,14,-1,18,18,49,44,16,6,7,0,1
match-3dd5dd91-751,forschung_muskelkraft,standard,0,1,0,8,1,16,9,32,3,7,11,12,0,0
match-3dd5dd91-751,rudeljaeger,standard,1,0,1,8,-2,11,11,27,4,10,2,9,0,0
match-a9bdefc9-752,forschung_muskelkraft,standard,0,0,0,6,-2,16,7,20,1,5,2,0,0,0
match-a9bdefc9-752,rudeljaeger,standard,1,1,1,6,10,9,6,18,2,6,2,12,0,0
match-30709f0c-753,forschung_muskelkraft,standard,0,1,0,10,4,16,14,52,3,12,5,11,0,0
match-30709f0c-753,rudeljaeger,standard,1,0,1,10,-1,15,12,36,13,10,7,6,0,0
match-9c58b144-754,forschung_muskelkraft,standard,0,0,0,4,-1,10,2,6,4,2,0,0,0,0
match-9c58b144-754,rudeljaeger,standard,1,1,1,4,10,7,4,10,0,4,1,11,0,0
match-230b4087-755,forschung_muskelkraft,standard,0,1,0,9,3,18,9,31,5,7,10,11,0,0
match-230b4087-755,rudeljaeger,standard,1,0,1,9,-1,14,12,29,8,11,2,7,0,0
match-17e77d97-756,forschung_muskelkraft,standard,0,0,0,16,0,22,20,75,47,18,15,7,0,0
match-17e77d97-756,rudeljaeger,standard,1,1,1,16,2,21,20,56,68,18,17,9,0,1
match-9e9a0cd9-757,forschung_muskelkraft,standard,0,0,0,4,-1,10,1,4,6,1,0,0,0,0
match-9e9a0cd9-757,rudeljaeger,standard,1,1,1,4,10,7,4,10,0,4,0,11,0,0
match-0a823f12-758,forschung_muskelkraft,standard,0,1,0,7,2,17,7,25,2,6,5,12,0,0
match-0a823f12-758,rudeljaeger,standard,1,0,1,7,-2,12,9,20,4,8,1,8,0,0
match-9134ce54-759,forschung_muskelkraft,standard,0,1,0,11,1,21,13,49,16,11,13,12,0,0
match-9134ce54-759,rudeljaeger,standard,1,0,1,11,-2,16,15,43,17,14,6,9,0,0
match-fd1ce08c-760,forschung_muskelkraft,standard,0,1,0,15,1,22,15,61,44,13,14,11,0,0
match-fd1ce08c-760,rudeljaeger,standard,1,0,1,15,-1,18,18,49,58,16,9,9,0,1
match-83cf8fcf-761,forschung_muskelkraft,standard,0,1,0,15,1,23,15,59,46,13,17,11,0,0
match-83cf8fcf-761,rudeljaeger,standard,1,0,1,15,-1,20,19,55,54,17,9,9,0,3
match-efb7a207-762,forschung_muskelkraft,standard,0,,0,17,-1,22,16,65,79,14,16,4,0,0
match-efb7a207-762,rudeljaeger,standard,1,,1,17,0,22,20,56,83,18,9,5,0,2
match-766a514a-763,forschung_muskelkraft,standard,0,,0,17,0,23,19,73,67,17,14,6,0,0
match-766a514a-763,rudeljaeger,standard,1,,1,17,-2,20,20,56,82,18,14,4,0,1
match-e2526382-764,forschung_muskelkraft,standard,0,0,0,5,0,9,5,14,1,4,5,6,0,0
match-e2526382-764,rudeljaeger,standard,1,1,1,5,4,10,7,15,0,7,2,10,0,0
match-690512c5-765,forschung_muskelkraft,standard,0,1,0,11,6,19,16,54,7,14,8,11,0,0
match-690512c5-765,rudeljaeger,standard,1,0,1,11,-1,15,13,35,20,12,11,4,0,1
match-d4ed24fd-766,forschung_muskelkraft,standard,0,0,0,7,-4,16,7,23,5,6,6,0,0,0
match-d4ed24fd-766,rudeljaeger,standard,1,1,1,7,10,11,10,25,3,8,2,14,0,0
match-5b9fd440-767,forschung_muskelkraft,standard,0,1,0,7,1,16,7,25,2,6,7,10,0,0
match-5b9fd440-767,rudeljaeger,standard,1,0,1,7,0,11,10,20,3,9,2,9,0,0
match-c787e678-768,forschung_muskelkraft,standard,0,1,0,12,1,22,11,41,25,9,10,12,0,0
match-c787e678-768,rudeljaeger,standard,1,0,1,12,-2,16,15,43,29,14,4,9,0,0
match-4e3a95bb-769,forschung_muskelkraft,standard,0,1,0,14,6,22,13,50,47,11,13,13,0,0
match-4e3a95bb-769,rudeljaeger,standard,1,0,1,14,-3,19,18,50,43,16,6,4,0,1
match-ba22a7f3-770,forschung_muskelkraft,standard,0,1,0,13,1,22,18,69,14,17,10,12,0,0
match-ba22a7f3-770,rudeljaeger,standard,1,0,1,13,-2,19,16,44,36,14,12,9,0,0
match-40d55736-771,forschung_muskelkraft,standard,0,1,0,14,6,22,16,65,30,14,15,10,0,0
match-40d55736-771,rudeljaeger,standard,1,0,1,14,0,21,18,50,43,16,9,4,0,1
match-831171bf-772,forschung_muskelkraft,standard,0,0,0,7,-3,11,6,24,4,5,0,0,0,0
match-831171bf-772,rudeljaeger,standard,1,1,1,7,10,10,6,20,1,5,3,13,0,0
match-09c40102-773,forschung_muskelkraft,standard,0,0,0,5,-1,13,4,13,2,4,5,4,0,0
match-09c40102-773,rudeljaeger,standard,1,1,1,5,6,8,8,14,1,7,2,11,0,0
match-75ac333a-774,forschung_muskelkraft,standard,0,0,0,4,0,10,4,9,1,3,0,3,0,0
match-75ac333a-774,rudeljaeger,standard,1,1,1,4,7,9,4,9,0,4,1,10,0,0
match-fc5ec27c-775,forschung_muskelkraft,standard,0,1,0,15,1,23,13,50,55,11,14,14,0,0
match-fc5ec27c-775,rudeljaeger,standard,1,0,1,15,-4,20,19,55,51,17,6,9,0,1
match-6846f4b5-776,forschung_muskelkraft,standard,0,0,0,6,-2,13,6,20,1,5,6,7,0,0
match-6846f4b5-776,rudeljaeger,standard,1,1,1,6,3,10,7,16,2,6,1,12,0,0
match-eef983f7-777,forschung_muskelkraft,standard,0,1,0,9,1,17,8,22,14,6,10,16,0,0
match-eef983f7-777,rudeljaeger,standard,1,0,1,9,-6,14,12,31,9,10,1,9,0,0
match-5ae1b630-778,forschung_muskelkraft,standard,0,1,0,17,3,22,14,57,79,12,17,10,0,0
match-5ae1b630-778,rudeljaeger,standard,1,0,1,17,-3,22,20,56,80,18,8,4,0,0
match-e1944572-779,forschung_muskelkraft,standard,0,1,0,13,2,22,16,65,17,14,13,11,0,0
match-e1944572-779,rudeljaeger,standard,1,0,1,13,-1,18,17,47,34,15,10,8,0,0
match-4d7c77ab-780,forschung_muskelkraft,standard,0,0,0,4,0,10,4,8,2,2,0,0,0,0
match-4d7c77ab-780,rudeljaeger,standard,1,1,1,4,10,8,4,10,0,4,0,10,0,0
match-d42f06ed-781,forschung_muskelkraft,standard,0,0,0,7,-1,12,8,25,2,6,3,0,0,0
match-d42f06ed-781,rudeljaeger,standard,1,1,1,7,10,11,9,27,0,8,5,11,0,0
match-40173926-782,forschung_muskelkraft,standard,0,0,0,15,-1,22,20,75,32,18,12,6,0,0
match-40173926-782,rudeljaeger,standard,1,1,1,15,4,19,18,50,57,16,16,11,0,1
match-c6c9c868-783,forschung_muskelkraft,standard,0,0,0,7,0,13,7,24,4,5,1,3,0,0
match-c6c9c868-783,rudeljaeger,standard,1,1,1,7,7,11,6,17,4,6,3,10,0,0
match-32b1faa1-784,forschung_muskelkraft,standard,0,0,0,7,-1,17,7,26,2,7,6,9,0,0
match-32b1faa1-784,rudeljaeger,standard,1,1,1,7,1,11,10,25,2,8,3,11,0,2
match-b96489e3-785,forschung_muskelkraft,standard,0,1,0,11,3,24,13,46,15,11,10,11,0,0
match-b96489e3-785,rudeljaeger,standard,1,0,1,11,-1,15,14,34,22,13,6,7,0,0
match-254cbc1c-786,forschung_muskelkraft,standard,0,0,0,4,0,9,4,9,1,3,0,0,0,0
match-254cbc1c-786,rudeljaeger,standard,1,1,1,4,10,10,4,8,2,4,1,10,0,0
match-abff4b5e-787,forschung_muskelkraft,standard,0,0,0,16,0,22,20,75,47,18,10,4,0,0
match-abff4b5e-787,rudeljaeger,standard,1,1,1,16,5,21,16,43,77,14,16,9,0,0
match-ee3b65e7-788,forschung_muskelkraft,standard,0,1,0,6,3,12,5,19,2,5,6,12,0,0
match-ee3b65e7-788,rudeljaeger,standard,1,0,1,6,-2,10,8,17,3,7,2,7,0,0
match-74ee152a-789,forschung_muskelkraft,standard,0,1,0,7,3,16,7,25,1,6,5,10,0,0
match-74ee152a-789,rudeljaeger,standard,1,0,1,7,0,11,9,23,5,9,1,7,0,0
match-e0d62762-790,forschung_muskelkraft,standard,0,1,0,9,6,19,10,33,9,8,11,10,0,0
match-e0d62762-790,rudeljaeger,standard,1,0,1,9,0,14,13,35,8,12,3,4,0,0
match-6788d6a5-791,forschung_muskelkraft,standard,0,1,0,7,2,13,7,26,1,6,6,12,0,0
match-6788d6a5-791,rudeljaeger,standard,1,0,1,7,-2,12,10,26,0,10,1,8,0,1
match-d370e8dd-792,forschung_muskelkraft,standard,0,1,0,8,4,19,9,31,2,7,9,10,0,0
match-d370e8dd-792,rudeljaeger,standard,1,0,1,8,0,13,12,30,4,10,2,6,0,0
match-5a239820-793,forschung_muskelkraft,standard,0,1,0,10,6,17,9,36,14,7,10,17,0,0
match-5a239820-793,rudeljaeger,standard,1,0,1,10,-7,13,13,33,15,11,2,4,0,0
match-c60baa58-794,forschung_muskelkraft,standard,0,0,0,4,0,11,4,9,1,3,0,2,0,0
match-c60baa58-794,rudeljaeger,standard,1,1,1,4,8,8,4,9,0,4,1,10,0,0
match-4cbe599b-795,forschung_muskelkraft,standard,0,1,0,8,4,18,9,32,3,8,9,11,0,0
match-4cbe599b-795,rudeljaeger,standard,1,0,1,8,-1,13,12,30,1,10,3,6,0,0
match-b8a66bd3-796,forschung_muskelkraft,standard,0,1,0,9,1,20,10,38,4,9,9,10,0,0
match-b8a66bd3-796,rudeljaeger,standard,1,0,1,9,0,15,13,37,5,11,4,9,0,1
match-3f591b16-797,forschung_muskelkraft,standard,0,0,0,16,-3,22,20,75,47,18,11,6,0,0
match-3f591b16-797,rudeljaeger,standard,1,1,1,16,3,23,18,49,73,16,14,12,0,1
match-ab412d4e-798,forschung_muskelkraft,standard,0,1,0,8,6,17,8,26,2,6,10,10,0,0
match-ab412d4e-798,rudeljaeger,standard,1,0,1,8,0,13,10,28,7,10,2,4,0,1
match-31f3dc91-799,forschung_muskelkraft,standard,0,0,0,7,-3,15,7,24,4,5,6,0,0,0
match-31f3dc91-799,rudeljaeger,standard,1,1,1,7,10,10,10,26,0,10,3,13,0,0
match-9ddbeec9-800,forschung_muskelkraft,standard,0,0,0,15,0,21,14,57,48,12,15,5,0,0
match-9ddbeec9-800,rudeljaeger,standard,1,1,1,15,4,21,19,52,59,17,7,9,0,1
match-248e9e0c-801,forschung_muskelkraft,standard,0,0,0,7,-1,19,7,25,3,7,3,0,0,0
match-248e9e0c-801,rudeljaeger,standard,1,1,1,7,10,12,8,25,3,7,3,11,0,1
match-9076b044-802,forschung_muskelkraft,standard,0,0,0,5,0,11,5,14,1,4,1,3,0,0
match-9076b044-802,rudeljaeger,standard,1,1,1,5,7,10,4,14,1,4,1,10,0,0
match-17295f87-803,forschung_muskelkraft,standard,0,0,0,10,0,20,11,44,11,10,11,4,0,0
match-17295f87-803,rudeljaeger,standard,1,1,1,10,6,16,14,38,10,12,6,10,0,2
match-59657a10-804,forschung_muskelkraft,standard,0,0,0,6,-1,15,5,18,3,4,4,3,0,0
match-59657a10-804,rudeljaeger,standard,1,1,1,6,7,10,9,20,1,8,2,11,0,0
match-e0180952-805,forschung_muskelkraft,standard,0,1,0,15,2,23,20,75,30,18,14,9,0,0
match-e0180952-805,rudeljaeger,standard,1,0,1,15,0,23,18,52,56,16,14,7,0,2
match-4c003b8b-806,forschung_muskelkraft,standard,0,0,0,4,0,11,2,6,4,2,0,0,0,0
match-4c003b8b-806,rudeljaeger,standard,1,1,1,4,10,8,4,9,0,4,1,10,0,0
match-d2b2cacd-807,forschung_muskelkraft,standard,0,0,0,5,0,13,3,11,4,3,3,0,0,0
match-d2b2cacd-807,rudeljaeger,standard,1,1,1,5,10,9,7,14,0,7,1,10,0,0
match-3e9afd06-808,forschung_muskelkraft,standard,0,0,0,16,0,22,12,42,84,10,13,6,0,0
match-3e9afd06-808,rudeljaeger,standard,1,1,1,16,1,20,20,56,67,18,6,7,0,0
match-c54d8c48-809,forschung_muskelkraft,standard,0,1,0,13,2,21,12,46,38,10,11,14,0,0
match-c54d8c48-809,rudeljaeger,standard,1,0,1,13,-4,17,16,50,37,14,5,8,0,2
match-3135be81-810,forschung_muskelkraft,standard,0,0,0,3,0,10,2,3,3,1,3,0,0,0
match-3135be81-810,rudeljaeger,standard,1,1,1,3,10,8,5,6,0,4,0,10,0,0
match-b7e84dc3-811,forschung_muskelkraft,standard,0,1,0,13,1,23,16,61,26,14,10,13,0,0
match-b7e84dc3-811,rudeljaeger,standard,1,0,1,13,-3,16,16,42,40,14,10,9,0,3
match-23d07ffc-812,forschung_muskelkraft,standard,0,1,0,8,6,17,8,31,2,7,9,12,0,0
match-23d07ffc-812,rudeljaeger,standard,1,0,1,8,-2,14,11,27,1,10,2,4,0,1
match-aa830f3e-813,forschung_muskelkraft,standard,0,1,0,15,2,22,12,48,57,10,14,12,0,0
match-aa830f3e-813,rudeljaeger,standard,1,0,1,15,-2,21,18,51,58,16,6,8,0,1
match-166b2177-814,forschung_muskelkraft,standard,0,,0,17,-2,23,12,48,88,10,15,6,0,0
match-166b2177-814,rudeljaeger,standard,1,,1,17,-2,22,19,54,84,17,7,6,0,1
match-9d1dd0b9-815,forschung_muskelkraft,standard,0,1,0,17,1,23,15,61,75,13,16,7,0,0
match-9d1dd0b9-815,rudeljaeger,standard,1,0,1,17,0,20,20,56,83,18,8,6,0,1
match-0905e2f2-816,forschung_muskelkraft,standard,0,1,0,11,2,22,11,41,14,9,11,12,0,0
match-0905e2f2-816,rudeljaeger,standard,1,0,1,11,-2,15,14,36,23,12,6,8,0,0
match-8fb89234-817,forschung_muskelkraft,standard,0,0,0,16,-1,23,20,75,47,18,14,7,0,0
match-8fb89234-817,rudeljaeger,standard,1,1,1,16,2,20,20,56,66,18,16,10,0,1
match-fba0a46c-818,forschung_muskelkraft,standard,0,0,0,5,0,14,4,13,2,4,1,0,0,0
match-fba0a46c-818,rudeljaeger,standard,1,1,1,5,10,8,4,12,3,4,3,10,0,0
match-825353af-819,forschung_muskelkraft,standard,0,0,0,6,0,13,7,20,1,5,4,0,0,0
match-825353af-819,rudeljaeger,standard,1,1,1,6,10,9,9,18,2,7,1,10,0,0
match-c48f6e38-820,forschung_muskelkraft,standard,0,0,0,4,-2,10,1,4,6,1,0,0,0,0
match-c48f6e38-820,rudeljaeger,standard,1,1,1,4,10,9,3,9,1,3,0,12,0,0
match-4b421d7b-821,forschung_muskelkraft,standard,0,1,0,13,4,23,12,48,30,10,13,10,0,0
match-4b421d7b-821,rudeljaeger,standard,1,0,1,13,0,19,17,46,36,15,5,6,0,0
match-b72a2fb3-822,forschung_muskelkraft,standard,0,1,0,7,1,14,6,25,2,6,3,10,0,0
match-b72a2fb3-822,rudeljaeger,standard,1,0,1,7,0,13,7,25,3,6,5,9,0,0
match-3ddcdef6-823,forschung_muskelkraft,standard,0,0,0,7,0,14,8,26,2,7,4,0,0,0
match-3ddcdef6-823,rudeljaeger,standard,1,1,1,7,10,10,9,27,1,8,4,10,0,0
match-a9c4f12e-824,forschung_muskelkraft,standard,0,1,0,8,1,19,8,25,3,6,10,10,0,0
match-a9c4f12e-824,rudeljaeger,standard,1,0,1,8,0,14,11,27,6,10,1,9,0,1
match-30778071-825,forschung_muskelkraft,standard,0,0,0,6,-2,14,5,17,3,4,5,0,0,0
match-30778071-825,rudeljaeger,standard,1,1,1,6,10,10,7,17,1,7,1,12,0,0
match-9c5fb2a9-826,forschung_muskelkraft,standard,0,0,0,6,-1,15,5,19,2,5,5,0,0,0
match-9c5fb2a9-826,rudeljaeger,standard,1,1,1,6,10,12,8,18,0,8,2,11,0,0
match-231241ec-827,forschung_muskelkraft,standard,0,1,0,14,4,22,19,73,20,17,15,12,0,0
match-231241ec-827,rudeljaeger,standard,1,0,1,14,-2,19,18,50,44,16,13,6,0,2
match-8efa7424-828,forschung_muskelkraft,standard,0,1,0,11,4,21,10,39,16,9,11,12,0,0
match-8efa7424-828,rudeljaeger,standard,1,0,1,11,-2,16,15,44,18,13,4,6,0,1
match-15ad0367-829,forschung_muskelkraft,standard,0,0,0,6,0,14,6,20,1,5,6,6,0,0
match-15ad0367-829,rudeljaeger,standard,1,1,1,6,4,11,7,18,1,7,1,10,0,0
match-8195359f-830,forschung_muskelkraft,standard,0,1,0,13,1,22,17,65,17,15,14,13,0,0
match-8195359f-830,rudeljaeger,standard,1,0,1,13,-3,17,17,50,29,15,12,9,0,1
match-0847c4e2-831,forschung_muskelkraft,standard,0,1,0,9,1,17,8,30,6,7,9,11,0,0
match-0847c4e2-831,rudeljaeger,standard,1,0,1,9,-1,13,12,28,11,11,2,9,0,0
match-742ff71a-832,forschung_muskelkraft,standard,0,1,0,10,4,21,13,46,9,11,8,11,0,0
match-742ff71a-832,rudeljaeger,standard,1,0,1,10,-1,15,13,35,15,11,6,6,0,0
match-fae2865c-833,forschung_muskelkraft,standard,0,1,0,15,1,23,13,55,55,11,15,12,0,0
match-fae2865c-833,rudeljaeger,standard,1,0,1,15,-2,21,19,55,53,17,7,9,0,1
match-66cab895-834,forschung_muskelkraft,standard,0,1,0,9,5,18,9,36,5,8,10,12,0,0
match-66cab895-834,rudeljaeger,standard,1,0,1,9,-2,13,13,32,11,12,3,5,0,0
match-ed7d47d7-835,forschung_muskelkraft,standard,0,0,0,7,-1,14,7,26,1,6,3,0,0,0
match-ed7d47d7-835,rudeljaeger,standard,1,1,1,7,10,10,9,24,1,8,3,11,0,0
match-2fb96261-836,forschung_muskelkraft,standard,0,0,0,5,0,14,5,14,1,4,2,0,0,0
match-2fb96261-836,rudeljaeger,standard,1,1,1,5,10,9,5,13,2,5,1,10,0,0
match-b66c11a3-837,forschung_muskelkraft,standard,0,0,0,4,-1,9,3,7,3,2,2,0,0,0
match-b66c11a3-837,rudeljaeger,standard,1,1,1,4,10,9,5,9,1,5,0,11,0,0
match-225423dc-838,forschung_muskelkraft,standard,0,0,0,16,0,23,15,59,61,13,10,5,0,0
match-225423dc-838,rudeljaeger,standard,1,1,1,16,2,21,15,47,73,13,9,7,0,0
match-a906d31e-839,forschung_muskelkraft,standard,0,0,0,6,0,13,5,19,2,5,6,0,0,0
match-a906d31e-839,rudeljaeger,standard,1,1,1,6,10,12,7,18,1,7,3,10,0,0
match-14eee557-840,forschung_muskelkraft,standard,0,0,0,5,0,12,5,14,1,4,2,3,0,0
match-14eee557-840,rudeljaeger,standard,1,1,1,5,7,10,5,15,0,4,1,10,0,0
match-9ba19499-841,forschung_muskelkraft,standard,0,1,0,16,1,23,13,52,73,11,16,12,0,0
match-9ba19499-841,rudeljaeger,standard,1,0,1,16,-3,23,20,56,70,18,7,8,0,1
match-0789a6d2-842,forschung_muskelkraft,standard,0,0,0,6,-2,14,5,17,4,4,6,8,0,0
match-0789a6d2-842,rudeljaeger,standard,1,1,1,6,2,10,9,19,1,7,1,12,0,0
match-8e3c5614-843,forschung_muskelkraft,standard,0,1,0,7,1,16,6,24,2,6,7,10,0,0
match-8e3c5614-843,rudeljaeger,standard,1,0,1,7,0,12,10,21,2,9,3,9,0,0
match-fa24684c-844,forschung_muskelkraft,standard,0,1,0,16,2,22,13,52,78,11,12,8,0,0
match-fa24684c-844,rudeljaeger,standard,1,0,1,16,-1,20,18,52,73,16,6,5,0,1
match-80d7178f-845,forschung_muskelkraft,standard,0,1,0,14,3,22,14,55,40,12,12,10,0,0
match-80d7178f-845,rudeljaeger,standard,1,0,1,14,0,19,17,52,41,15,7,7,0,2
match-ecbf29c7-846,forschung_muskelkraft,standard,0,0,0,5,-2,11,5,14,1,4,1,6,0,0
match-ecbf29c7-846,rudeljaeger,standard,1,1,1,5,4,8,5,14,1,5,2,12,0,0
match-7371d90a-847,forschung_muskelkraft,standard,0,0,0,4,-1,11,3,8,2,3,0,0,0,0
match-7371d90a-847,rudeljaeger,standard,1,1,1,4,10,8,4,7,1,3,2,11,0,0
match-df59eb42-848,forschung_muskelkraft,standard,0,0,0,7,0,17,8,26,2,7,1,6,0,0
match-df59eb42-848,rudeljaeger,standard,1,1,1,7,4,11,6,19,2,5,4,10,0,0
match-660c9a85-849,forschung_muskelkraft,standard,0,0,0,4,0,11,4,6,1,2,0,3,0,0
match-660c9a85-849,rudeljaeger,standard,1,1,1,4,7,9,4,10,0,4,1,10,0,0
match-d1f4acbd-850,forschung_muskelkraft,standard,0,0,0,4,0,11,4,9,1,3,1,0,0,0
match-d1f4acbd-850,rudeljaeger,standard,1,1,1,4,10,8,4,10,0,3,0,10,0,0
match-58a75c00-851,forschung_muskelkraft,standard,0,1,0,9,1,18,9,35,7,8,7,12,0,0
match-58a75c00-851,rudeljaeger,standard,1,0,1,9,-2,14,12,31,8,11,3,9,0,0
match-9ae37689-852,forschung_muskelkraft,standard,0,0,0,17,-1,22,18,71,67,16,17,3,0,0
match-9ae37689-852,rudeljaeger,standard,1,1,1,17,1,20,20,56,81,18,16,5,0,1
match-219605cc-853,forschung_muskelkraft,standard,0,1,0,10,5,21,11,34,11,9,11,12,0,0
match-219605cc-853,rudeljaeger,standard,1,0,1,10,-2,14,14,42,9,12,5,5,0,1
match-8d7e3804-854,forschung_muskelkraft,standard,0,1,0,15,6,22,20,75,32,18,12,11,0,0
match-8d7e3804-854,rudeljaeger,standard,1,0,1,15,-1,18,18,52,57,16,13,4,0,1
match-1430c747-855,forschung_muskelkraft,standard,0,1,0,12,7,22,15,59,12,13,11,10,0,0
match-1430c747-855,rudeljaeger,standard,1,0,1,12,0,19,16,46,24,14,9,3,0,1
match-8018f97f-856,forschung_muskelkraft,standard,0,0,0,5,-2,11,4,13,2,4,2,0,0,0
match-8018f97f-856,rudeljaeger,standard,1,1,1,5,10,9,6,12,2,5,3,12,0,0
match-06cb88c2-857,forschung_muskelkraft,standard,0,0,0,5,0,14,3,11,4,3,1,0,0,0
match-06cb88c2-857,rudeljaeger,standard,1,1,1,5,10,8,6,12,2,4,1,10,0,0
match-72b3bafa-858,forschung_muskelkraft,standard,0,0,0,6,0,16,7,20,1,5,2,2,0,0
match-72b3bafa-858,rudeljaeger,standard,1,1,1,6,8,9,6,19,2,6,3,10,0,1
match-f9664a3c-859,forschung_muskelkraft,standard,0,1,0,14,4,23,15,61,40,13,11,13,0,0
match-f9664a3c-859,rudeljaeger,standard,1,0,1,14,-3,18,17,47,45,15,8,6,0,0
match-654e7c75-860,forschung_muskelkraft,standard,0,1,0,8,6,16,10,32,3,8,8,13,0,0
match-654e7c75-860,rudeljaeger,standard,1,0,1,8,-3,13,11,25,4,9,3,4,0,0
match-ec010bb7-861,forschung_muskelkraft,standard,0,1,0,15,5,23,19,73,34,17,14,9,0,0
match-ec010bb7-861,rudeljaeger,standard,1,0,1,15,0,20,19,54,55,17,15,4,0,2
match-57e93df0-862,forschung_muskelkraft,standard,0,1,0,11,3,20,11,47,14,10,11,15,0,0
match-57e93df0-862,rudeljaeger,standard,1,0,1,11,-5,14,14,40,19,13,5,7,0,1
match-de9bcd32-863,forschung_muskelkraft,standard,0,1,0,7,1,16,6,24,3,6,6,12,0,0
match-de9bcd32-863,rudeljaeger,standard,1,0,1,7,-2,10,10,25,1,9,2,9,0,0
match-4a83ff6b-864,forschung_muskelkraft,standard,0,1,0,8,5,18,8,25,4,6,7,10,0,0
match-4a83ff6b-864,rudeljaeger,standard,1,0,1,8,0,13,11,24,9,10,1,5,0,0
match-d1368ead-865,forschung_muskelkraft,standard,0,1,0,17,1,23,17,69,69,15,14,8,0,0
match-d1368ead-865,rudeljaeger,standard,1,0,1,17,-1,20,20,56,83,18,11,6,0,4
match-3d1ea0e6-866,forschung_muskelkraft,standard,0,1,0,14,5,23,14,56,35,12,14,14,0,0
match-3d1ea0e6-866,rudeljaeger,standard,1,0,1,14,-4,20,18,53,44,16,7,5,0,1
match-c3d15028-867,forschung_muskelkraft,standard,0,1,0,7,2,13,8,26,1,6,5,11,0,0
match-c3d15028-867,rudeljaeger,standard,1,0,1,7,-1,11,10,26,2,9,2,8,0,0
match-060d6ab2-868,forschung_muskelkraft,standard,0,0,0,3,-1,9,1,2,1,1,0,0,0,0
match-060d6ab2-868,rudeljaeger,standard,1,1,1,3,10,7,3,5,1,3,1,11,0,0
match-8cc019f4-869,forschung_muskelkraft,standard,0,0,0,12,-1,23,12,48,30,10,11,4,0,0
match-8cc019f4-869,rudeljaeger,standard,1,1,1,12,6,17,15,40,26,14,7,11,0,1
match-f8a82c2c-870,forschung_muskelkraft,standard,0,1,0,16,3,24,14,57,63,12,16,13,0,0
match-f8a82c2c-870,rudeljaeger,standard,1,0,1,16,-4,21,20,56,65,18,8,6,0,1
match-7f5adb6f-871,forschung_muskelkraft,standard,0,0,0,8,-1,17,10,33,2,8,5,7,0,0
match-7f5adb6f-871,rudeljaeger,standard,1,1,1,8,3,15,10,30,2,8,4,11,0,0
match-eb42eda7-872,forschung_muskelkraft,standard,0,0,0,3,0,10,1,2,1,1,0,0,0,0
match-eb42eda7-872,rudeljaeger,standard,1,1,1,3,10,7,3,6,0,3,1,10,0,0
match-71f59cea-873,forschung_muskelkraft,standard,0,1,0,11,4,21,14,57,4,13,8,11,0,0
match-71f59cea-873,rudeljaeger,standard,1,0,1,11,-1,15,14,39,17,12,9,6,0,0
match-ddddaf22-874,forschung_muskelkraft,standard,0,0,0,6,0,15,5,19,2,5,3,0,0,0
match-ddddaf22-874,rudeljaeger,standard,1,1,1,6,10,10,7,20,0,6,2,10,0,0
match-64905e65-875,forschung_muskelkraft,standard,0,0,0,15,0,22,15,61,48,13,18,6,0,0
match-64905e65-875,rudeljaeger,standard,1,1,1,15,3,20,19,50,57,17,8,9,0,2
match-d078709d-876,forschung_muskelkraft,standard,0,1,0,9,3,17,11,38,2,9,8,13,0,0
match-d078709d-876,rudeljaeger,standard,1,0,1,9,-3,14,12,31,6,10,5,7,0,2
match-572b1fe0-877,forschung_muskelkraft,standard,0,0,0,6,-1,11,6,20,1,5,4,0,0,0
match-572b1fe0-877,rudeljaeger,standard,1,1,1,6,10,11,7,19,1,7,3,11,0,0
match-c3133218-878,forschung_muskelkraft,standard,0,1,0,7,1,13,6,23,4,5,5,11,0,0
match-c3133218-878,rudeljaeger,standard,1,0,1,7,-1,13,8,24,1,7,2,9,0,0
match-49c5c15b-879,forschung_muskelkraft,standard,0,1,0,9,3,19,9,36,6,8,9,11,0,0
match-49c5c15b-879,rudeljaeger,standard,1,0,1,9,-1,14,13,31,9,11,5,7,0,0
match-b5adf393-880,forschung_muskelkraft,standard,0,0,0,4,-1,11,4,9,1,3,3,2,0,0
match-b5adf393-880,rudeljaeger,standard,1,1,1,4,8,9,5,8,1,5,1,11,0,0
match-3c6082d6-881,forschung_muskelkraft,standard,0,0,0,5,-1,12,5,14,1,4,3,0,0,0
match-3c6082d6-881,rudeljaeger,standard,1,1,1,5,10,10,5,11,2,5,2,11,0,0
match-a848b50e-882,forschung_muskelkraft,standard,0,0,0,4,-2,9,1,4,6,1,0,0,0,0
match-a848b50e-882,rudeljaeger,standard,1,1,1,4,10,7,4,9,1,3,0,12,0,0
match-2efb4451-883,forschung_muskelkraft,standard,0,0,0,7,0,16,7,25,3,6,2,7,0,0
match-2efb4451-883,rudeljaeger,standard,1,1,1,7,3,11,8,23,2,7,3,10,0,0
match-be977c53-884,forschung_muskelkraft,standard,0,0,0,7,-2,16,7,25,2,6,3,3,0,0
match-be977c53-884,rudeljaeger,standard,1,1,1,7,7,13,9,28,0,7,3,12,0,0
match-454a0b96-885,forschung_muskelkraft,standard,0,1,0,9,3,16,9,35,5,8,10,12,0,0
match-454a0b96-885,rudeljaeger,standard,1,0,1,9,-2,13,12,31,10,11,3,7,0,0
match-b1323dce-886,forschung_muskelkraft,standard,0,1,0,5,7,11,4,13,2,4,0,10,0,0
match-b1323dce-886,rudeljaeger,standard,1,0,1,5,0,8,3,12,3,3,1,3,0,0
match-37e4cd11-887,forschung_muskelkraft,standard,0,,0,16,0,22,14,55,74,12,15,7,0,0
match-37e4cd11-887,rudeljaeger,standard,1,,1,16,0,22,20,56,67,18,10,7,0,1
match-a3ccff49-888,forschung_muskelkraft,standard,0,1,0,16,1,22,19,73,49,17,13,8,0,0
match-a3ccff49-888,rudeljaeger,standard,1,0,1,16,-1,21,18,52,72,16,14,6,0,2
match-2a7f8e8c-889,forschung_muskelkraft,standard,0,0,0,4,-3,11,4,9,1,3,0,3,0,0
match-2a7f8e8c-889,rudeljaeger,standard,1,1,1,4,7,9,3,9,1,3,1,13,0,0
match-9667a0c4-890,forschung_muskelkraft,standard,0,0,0,5,0,12,2,9,6,2,0,0,0,0
match-9667a0c4-890,rudeljaeger,standard,1,1,1,5,10,9,5,14,1,4,1,10,0,0
match-1d1a5007-891,forschung_muskelkraft,standard,0,0,0,5,0,12,4,11,4,4,1,0,0,0
match-1d1a5007-891,rudeljaeger,standard,1,1,1,5,10,9,5,15,0,5,3,10,0,0
match-8902623f-892,forschung_muskelkraft,standard,0,1,0,7,6,14,8,26,2,6,5,11,0,0
match-8902623f-892,rudeljaeger,standard,1,0,1,7,-1,11,9,26,0,9,1,4,0,0
match-0fb51182-893,forschung_muskelkraft,standard,0,0,0,3,0,8,3,5,1,2,0,0,0,0
match-0fb51182-893,rudeljaeger,standard,1,1,1,3,10,8,3,6,0,3,1,10,0,0
match-7b9d23ba-894,forschung_muskelkraft,standard,0,1,0,10,4,21,14,52,3,12,10,16,0,0
match-7b9d23ba-894,rudeljaeger,standard,1,0,1,10,-6,14,13,39,10,11,7,6,0,1
match-024fd2fd-895,forschung_muskelkraft,standard,0,0,0,3,0,11,3,5,1,2,0,0,0,0
match-024fd2fd-895,rudeljaeger,standard,1,1,1,3,10,8,4,6,0,2,0,10,0,0
match-6e37e535-896,forschung_muskelkraft,standard,0,0,0,10,-1,22,13,46,3,11,9,6,0,0
match-6e37e535-896,rudeljaeger,standard,1,1,1,10,4,15,13,37,10,11,7,11,0,0
match-f4ea9477-897,forschung_muskelkraft,standard,0,1,0,14,2,23,18,69,30,16,14,11,0,0
match-f4ea9477-897,rudeljaeger,standard,1,0,1,14,-1,19,18,50,42,16,11,8,0,1
match-60d2a6b0-898,forschung_muskelkraft,standard,0,0,0,4,0,8,2,6,4,2,0,0,0,0
match-60d2a6b0-898,rudeljaeger,standard,1,1,1,4,10,8,4,8,0,4,1,10,0,0
match-e78555f2-899,forschung_muskelkraft,standard,0,0,0,6,0,13,7,20,1,5,3,0,0,0
match-e78555f2-899,rudeljaeger,standard,1,1,1,6,10,11,8,19,1,7,2,10,0,0
match-29c1707c-900,forschung_muskelkraft,standard,0,0,0,5,-1,13,5,13,2,4,3,2,0,0
match-29c1707c-900,rudeljaeger,standard,1,1,1,5,8,10,6,13,2,5,2,11,0,0
match-b0741fbe-901,forschung_muskelkraft,standard,0,1,0,6,2,12,6,20,1,5,5,10,0,0
match-b0741fbe-901,rudeljaeger,standard,1,0,1,6,0,10,8,18,2,7,1,8,0,0
match-1c5c31f7-902,forschung_muskelkraft,standard,0,0,0,8,0,16,10,33,2,8,6,0,0,0
match-1c5c31f7-902,rudeljaeger,standard,1,1,1,8,10,12,10,28,4,10,6,10,0,0
match-a30ec139-903,forschung_muskelkraft,standard,0,0,0,7,0,14,7,26,1,6,4,6,0,0
match-a30ec139-903,rudeljaeger,standard,1,1,1,7,4,10,9,22,3,8,3,10,0,0
match-0ef6f372-904,forschung_muskelkraft,standard,0,0,0,4,0,10,5,8,1,3,3,0,0,0
match-0ef6f372-904,rudeljaeger,standard,1,1,1,4,10,8,6,9,1,6,1,10,0,0
match-95a982b4-905,forschung_muskelkraft,standard,0,1,0,8,4,17,7,28,8,6,5,11,0,0
match-95a982b4-905,rudeljaeger,standard,1,0,1,8,-1,13,11,26,8,9,1,6,0,0
match-0191b4ed-906,forschung_muskelkraft,standard,0,0,0,9,-2,17,10,38,6,8,5,3,0,0
match-0191b4ed-906,rudeljaeger,standard,1,1,1,9,7,14,10,30,7,8,4,12,0,0
match-8844442f-907,forschung_muskelkraft,standard,0,1,0,13,6,22,17,67,15,15,14,10,0,0
match-8844442f-907,rudeljaeger,standard,1,0,1,13,0,17,17,48,32,16,10,4,0,1
match-f42c7667-908,forschung_muskelkraft,standard,0,1,0,10,1,19,8,33,17,6,12,16,0,0
match-f42c7667-908,rudeljaeger,standard,1,0,1,10,-6,15,14,38,16,13,1,9,0,0
match-7adf05aa-909,forschung_muskelkraft,standard,0,1,0,8,3,15,9,32,2,7,7,14,0,0
match-7adf05aa-909,rudeljaeger,standard,1,0,1,8,-4,13,11,29,2,10,2,7,0,1
match-e6c737e2-910,forschung_muskelkraft,standard,0,1,0,16,1,22,20,75,49,18,13,8,0,0
match-e6c737e2-910,rudeljaeger,standard,1,0,1,16,-1,22,20,56,67,18,16,6,0,1
match-6d79c725-911,forschung_muskelkraft,standard,0,1,0,10,6,20,12,38,7,10,10,13,0,0
match-6d79c725-911,rudeljaeger,standard,1,0,1,10,-3,15,13,30,16,11,5,4,0,1
match-d961f95d-912,forschung_muskelkraft,standard,0,0,0,5,-1,10,5,14,1,4,1,3,0,0
match-d961f95d-912,rudeljaeger,standard,1,1,1,5,7,8,5,13,2,4,2,11,0,0
match-601488a0-913,forschung_muskelkraft,standard,0,1,0,14,1,21,10,38,53,8,13,11,0,0
match-601488a0-913,rudeljaeger,standard,1,0,1,14,-1,20,17,48,46,15,3,9,0,1
match-cbfcbad8-914,forschung_muskelkraft,standard,0,1,0,13,8,23,16,65,17,14,13,11,0,0
match-cbfcbad8-914,rudeljaeger,standard,1,0,1,13,-1,18,17,49,32,15,12,2,0,2
match-52af4a1b-915,forschung_muskelkraft,standard,0,1,0,12,3,22,16,63,7,14,12,12,0,0
match-52af4a1b-915,rudeljaeger,standard,1,0,1,12,-2,18,16,46,22,14,10,7,0,1
match-94eb64a4-916,forschung_muskelkraft,standard,0,1,0,8,6,17,10,34,1,8,10,11,0,0
match-94eb64a4-916,rudeljaeger,standard,1,0,1,8,-1,12,12,32,1,10,3,4,0,1
match-1b9e13e7-917,forschung_muskelkraft,standard,0,0,0,4,0,11,4,9,1,3,0,3,0,0
match-1b9e13e7-917,rudeljaeger,standard,1,1,1,4,7,9,4,9,0,4,1,10,0,0
match-8786261f-918,forschung_muskelkraft,standard,0,0,0,8,0,14,10,35,1,9,7,8,0,0
match-8786261f-918,rudeljaeger,standard,1,1,1,8,2,12,10,26,7,10,6,10,0,0
match-0e38d562-919,forschung_muskelkraft,standard,0,0,0,9,0,17,10,36,9,8,5,4,0,0
match-0e38d562-919,rudeljaeger,standard,1,1,1,9,6,13,11,30,8,9,5,10,0,0
match-7a20e79a-920,forschung_muskelkraft,standard,0,0,0,4,-1,9,4,9,1,3,1,3,0,0
match-7a20e79a-920,rudeljaeger,standard,1,1,1,4,7,10,4,10,0,4,0,11,0,0
match-00d396dd-921,forschung_muskelkraft,standard,0,0,0,4,0,10,1,4,6,1,0,0,0,0
match-00d396dd-921,rudeljaeger,standard,1,1,1,4,10,8,4,9,1,4,0,10,0,0
match-6cbba915-922,forschung_muskelkraft,standard,0,1,0,9,6,17,8,30,6,6,8,11,0,0
match-6cbba915-922,rudeljaeger,standard,1,0,1,9,-1,16,13,32,10,11,2,4,0,1
match-f36e5857-923,forschung_muskelkraft,standard,0,1,0,15,2,22,19,73,34,17,11,9,0,0
match-f36e5857-923,rudeljaeger,standard,1,0,1,15,0,19,17,48,57,15,14,7,0,1
match-5f566a90-924,forschung_muskelkraft,standard,0,1,0,8,4,17,7,23,5,6,8,13,0,0
match-5f566a90-924,rudeljaeger,standard,1,0,1,8,-3,13,11,26,6,10,1,6,0,0
match-e60919d2-925,forschung_muskelkraft,standard,0,0,0,3,-1,10,3,5,1,2,0,0,0,0
match-e60919d2-925,rudeljaeger,standard,1,1,1,3,10,8,3,5,1,3,1,11,0,0
match-51f12c0b-926,forschung_muskelkraft,standard,0,0,0,6,0,15,5,16,4,5,2,0,0,0
match-51f12c0b-926,rudeljaeger,standard,1,1,1,6,10,10,6,17,3,6,2,10,0,0
match-d8a3db4d-927,forschung_muskelkraft,standard,0,1,0,13,3,23,14,54,24,12,13,10,0,0
match-d8a3db4d-927,rudeljaeger,standard,1,0,1,13,0,17,16,46,37,14,7,7,0,0
match-448bed86-928,forschung_muskelkraft,standard,0,0,0,6,0,14,6,20,1,5,6,8,0,0
match-448bed86-928,rudeljaeger,standard,1,1,1,6,2,9,8,18,1,8,2,10,0,0
match-cb3e9cc8-929,forschung_muskelkraft,standard,0,1,0,12,2,21,16,60,10,14,11,13,0,0
match-cb3e9cc8-929,rudeljaeger,standard,1,0,1,12,-3,16,15,41,27,13,9,8,0,0
match-3726af01-930,forschung_muskelkraft,standard,0,0,0,15,-3,23,20,75,30,18,15,8,0,0
match-3726af01-930,rudeljaeger,standard,1,1,1,15,2,20,19,51,55,17,17,13,0,0
match-bdd95e43-931,forschung_muskelkraft,standard,0,1,0,15,4,22,14,53,52,12,15,12,0,0
match-bdd95e43-931,rudeljaeger,standard,1,0,1,15,-2,19,19,51,55,17,7,6,0,1
match-001578cd-932,forschung_muskelkraft,standard,0,1,0,13,3,22,11,44,39,9,12,15,0,0
match-001578cd-932,rudeljaeger,standard,1,0,1,13,-5,16,16,45,37,14,5,7,0,2
match-86c8080f-933,forschung_muskelkraft,standard,0,1,0,9,3,15,9,29,7,7,10,14,0,0
match-86c8080f-933,rudeljaeger,standard,1,0,1,9,-4,13,12,31,9,11,2,7,0,1
match-f2b03a47-934,forschung_muskelkraft,standard,0,0,0,4,0,10,4,9,1,3,0,0,0,0
match-f2b03a47-934,rudeljaeger,standard,1,1,1,4,10,8,4,9,0,4,1,10,0,0
match-7962c98a-935,forschung_muskelkraft,standard,0,1,0,12,4,19,12,46,25,10,10,13,0,0
match-7962c98a-935,rudeljaeger,standard,1,0,1,12,-3,15,15,39,33,13,6,6,0,0
match-e54afbc2-936,forschung_muskelkraft,standard,0,1,0,7,3,14,7,25,1,6,8,11,0,0
match-e54afbc2-936,rudeljaeger,standard,1,0,1,7,-1,14,10,23,3,9,3,7,0,0
match-6bfd8b05-937,forschung_muskelkraft,standard,0,0,0,3,-1,10,3,5,1,2,0,0,0,0
match-6bfd8b05-937,rudeljaeger,standard,1,1,1,3,10,8,4,6,0,3,1,11,0,0
match-d7e5bd3d-938,forschung_muskelkraft,standard,0,0,0,15,0,22,18,71,42,16,13,8,0,0
match-d7e5bd3d-938,rudeljaeger,standard,1,1,1,15,1,22,19,53,53,17,13,9,0,1
match-5e984c80-939,forschung_muskelkraft,standard,0,0,0,4,0,10,2,6,4,2,0,0,0,0
match-5e984c80-939,rudeljaeger,standard,1,1,1,4,10,8,4,8,1,4,1,10,0,0
match-ca807eb8-940,forschung_muskelkraft,standard,0,1,0,15,3,21,18,71,40,16,15,11,0,0
match-ca807eb8-940,rudeljaeger,standard,1,0,1,15,-1,20,19,54,55,17,13,7,0,1
match-51330dfb-941,forschung_muskelkraft,standard,0,,0,16,0,23,16,65,55,14,15,7,0,0
match-51330dfb-941,rudeljaeger,standard,1,,1,16,0,21,19,53,69,17,11,7,0,0
match-bd1b2033-942,forschung_muskelkraft,standard,0,0,0,4,0,10,4,8,2,2,0,0,0,0
match-bd1b2033-942,rudeljaeger,standard,1,1,1,4,10,8,3,8,2,3,0,10,0,0
match-43cdcf76-943,forschung_muskelkraft,standard,0,0,0,4,0,10,3,7,3,2,1,0,0,0
match-43cdcf76-943,rudeljaeger,standard,1,1,1,4,10,10,4,8,0,4,0,10,0,0
match-afb5e1ae-944,forschung_muskelkraft,standard,0,0,0,13,-1,22,14,54,24,13,14,5,0,0
match-afb5e1ae-944,rudeljaeger,standard,1,1,1,13,5,17,16,49,33,15,11,11,0,1
match-366890f1-945,forschung_muskelkraft,standard,0,1,0,6,1,11,6,20,1,5,4,10,0,0
match-366890f1-945,rudeljaeger,standard,1,0,1,6,0,11,7,16,4,6,2,9,0,0
match-a250a329-946,forschung_muskelkraft,standard,0,0,0,6,-3,14,6,20,1,5,4,0,0,0
match-a250a329-946,rudeljaeger,standard,1,1,1,6,10,11,6,18,1,5,3,13,0,0
match-2903526c-947,forschung_muskelkraft,standard,0,1,0,7,1,15,8,26,2,6,4,10,0,0
match-2903526c-947,rudeljaeger,standard,1,0,1,7,0,11,8,21,7,8,1,9,0,0
match-6b3f6cf5-948,forschung_muskelkraft,standard,0,0,0,6,-1,13,6,20,1,5,4,6,0,0
match-6b3f6cf5-948,rudeljaeger,standard,1,1,1,6,4,10,7,16,3,7,3,11,0,0
match-f1f21c37-949,forschung_muskelkraft,standard,0,0,0,6,-1,17,7,20,1,5,3,0,0,0
match-f1f21c37-949,rudeljaeger,standard,1,1,1,6,10,10,7,19,2,6,2,11,0,0
match-5dda2e70-950,forschung_muskelkraft,standard,0,0,0,4,-2,10,1,4,6,1,0,0,0,0
match-5dda2e70-950,rudeljaeger,standard,1,1,1,4,10,8,3,9,1,3,0,12,0,0
match-e48cddb2-951,forschung_muskelkraft,standard,0,0,0,4,-3,10,4,9,1,3,3,0,0,0
match-e48cddb2-951,rudeljaeger,standard,1,1,1,4,10,8,4,9,1,4,1,13,0,0
match-5074efeb-952,forschung_muskelkraft,standard,0,1,0,10,3,21,11,39,6,9,11,12,0,0
match-5074efeb-952,rudeljaeger,standard,1,0,1,10,-2,15,14,36,12,12,4,7,0,1
match-d7279f2d-953,forschung_muskelkraft,standard,0,1,0,10,3,22,11,39,12,9,14,11,0,0
match-d7279f2d-953,rudeljaeger,standard,1,0,1,10,-1,15,13,37,8,13,5,7,0,1
match-430fb166-954,forschung_muskelkraft,standard,0,0,0,15,0,22,10,41,70,8,10,7,0,0
match-430fb166-954,rudeljaeger,standard,1,1,1,15,2,22,17,48,64,15,3,9,0,0
match-c9c240a8-955,forschung_muskelkraft,standard,0,0,0,9,0,15,12,42,3,11,4,2,0,0
match-c9c240a8-955,rudeljaeger,standard,1,1,1,9,8,14,11,33,5,9,7,10,0,1
match-35aa72e1-956,forschung_muskelkraft,standard,0,1,0,15,4,23,18,71,39,16,12,10,0,0
match-35aa72e1-956,rudeljaeger,standard,1,0,1,15,0,20,18,51,57,16,11,6,0,2
match-bc5d0223-957,forschung_muskelkraft,standard,0,1,0,9,4,19,11,39,2,9,7,11,0,0
match-bc5d0223-957,rudeljaeger,standard,1,0,1,9,-1,14,12,35,5,10,7,6,0,1
match-2845345c-958,forschung_muskelkraft,standard,0,1,0,11,3,22,11,42,13,9,12,11,0,0
match-2845345c-958,rudeljaeger,standard,1,0,1,11,-1,16,14,39,20,14,4,7,0,0
match-aef7c39e-959,forschung_muskelkraft,standard,0,1,0,13,1,22,13,53,26,11,14,10,0,0
match-aef7c39e-959,rudeljaeger,standard,1,0,1,13,0,19,16,40,39,14,7,9,0,1
match-1adff5d7-960,forschung_muskelkraft,standard,0,1,0,14,3,23,15,61,38,13,14,10,0,0
match-1adff5d7-960,rudeljaeger,standard,1,0,1,14,0,19,18,49,44,16,9,7,0,0
match-a1928519-961,forschung_muskelkraft,standard,0,1,0,9,3,21,10,37,5,8,9,12,0,0
match-a1928519-961,rudeljaeger,standard,1,0,1,9,-2,12,12,30,9,10,3,7,0,0
match-0d7ab752-962,forschung_muskelkraft,standard,0,0,0,12,0,23,15,59,18,13,9,4,0,0
match-0d7ab752-962,rudeljaeger,standard,1,1,1,12,6,17,14,41,27,12,9,10,0,0
match-942d4694-963,forschung_muskelkraft,standard,0,1,0,10,2,20,9,32,13,7,11,10,0,0
match-942d4694-963,rudeljaeger,standard,1,0,1,10,0,15,14,32,21,13,2,8,0,0
match-d669611d-964,forschung_muskelkraft,standard,0,0,0,6,0,14,6,20,1,5,1,4,0,0
match-d669611d-964,rudeljaeger,standard,1,1,1,6,6,11,6,16,1,5,2,10,0,0
match-5d1c1060-965,forschung_muskelkraft,standard,0,1,0,6,5,13,5,19,2,5,2,12,0,0
match-5d1c1060-965,rudeljaeger,standard,1,0,1,6,-2,11,5,17,4,5,2,5,0,1
match-c9042298-966,forschung_muskelkraft,standard,0,1,0,15,2,22,20,75,32,18,13,10,0,0
match-c9042298-966,rudeljaeger,standard,1,0,1,15,0,20,19,52,57,17,13,8,0,3
match-4fb6d1db-967,forschung_muskelkraft,standard,0,1,0,11,4,17,14,48,8,12,7,10,0,0
match-4fb6d1db-967,rudeljaeger,standard,1,0,1,11,0,15,12,41,19,11,7,6,0,2
match-bb9ee413-968,forschung_muskelkraft,standard,0,0,0,5,-1,11,3,11,4,3,1,0,0,0
match-bb9ee413-968,rudeljaeger,standard,1,1,1,5,10,9,5,13,2,5,1,11,0,0
match-42519356-969,forschung_muskelkraft,standard,0,1,0,9,3,18,9,32,4,8,11,12,0,0
match-42519356-969,rudeljaeger,standard,1,0,1,9,-2,13,13,38,3,11,4,7,0,1
match-ae39a58e-970,forschung_muskelkraft,standard,0,0,0,16,-1,22,20,75,45,18,16,7,0,0
match-ae39a58e-970,rudeljaeger,standard,1,1,1,16,2,21,19,53,67,17,15,10,0,3
match-34ec54d1-971,forschung_muskelkraft,standard,0,1,0,9,1,20,8,33,8,7,8,14,0,0
match-34ec54d1-971,rudeljaeger,standard,1,0,1,9,-4,15,11,31,12,10,2,9,0,0
match-a0d46709-972,forschung_muskelkraft,standard,0,1,0,8,1,15,9,27,1,7,10,10,0,0
match-a0d46709-972,rudeljaeger,standard,1,0,1,8,0,13,11,29,4,11,5,9,0,1
match-2787164c-973,forschung_muskelkraft,standard,0,0,0,5,0,10,2,9,6,2,3,0,0,0
match-2787164c-973,rudeljaeger,standard,1,1,1,5,10,9,6,14,1,5,1,10,0,0
match-936f2884-974,forschung_muskelkraft,standard,0,0,0,4,0,9,1,4,6,1,3,0,0,0
match-936f2884-974,rudeljaeger,standard,1,1,1,4,10,9,4,8,1,4,0,10,0,0
match-1a21d7c7-975,forschung_muskelkraft,standard,0,1,0,11,4,17,14,47,8,12,11,12,0,0
match-1a21d7c7-975,rudeljaeger,standard,1,0,1,11,-2,16,14,35,22,12,7,6,0,1
match-8609e9ff-976,forschung_muskelkraft,standard,0,0,0,6,0,16,5,19,2,5,1,0,0,0
match-8609e9ff-976,rudeljaeger,standard,1,1,1,6,10,11,6,17,3,5,3,10,0,0
match-0cbc9942-977,forschung_muskelkraft,standard,0,1,0,12,5,20,12,46,20,10,12,14,0,0
match-0cbc9942-977,rudeljaeger,standard,1,0,1,12,-4,17,16,45,25,14,6,5,0,0
match-78a4ab7a-978,forschung_muskelkraft,standard,0,1,0,14,4,23,19,73,22,17,13,13,0,0
match-78a4ab7a-978,rudeljaeger,standard,1,0,1,14,-3,19,18,50,48,16,13,6,0,0
match-ff575abc-979,forschung_muskelkraft,standard,0,1,0,8,5,14,8,31,3,7,7,13,0,0
match-ff575abc-979,rudeljaeger,standard,1,0,1,8,-3,11,11,23,8,9,2,5,0,0
match-41937546-980,forschung_muskelkraft,standard,0,1,0,11,1,20,12,43,12,10,14,10,0,0
match-41937546-980,rudeljaeger,standard,1,0,1,11,0,17,15,37,23,14,5,9,0,0
match-c8460488-981,forschung_muskelkraft,standard,0,0,0,4,0,11,4,9,1,3,3,3,0,0
match-c8460488-981,rudeljaeger,standard,1,1,1,4,7,9,4,8,2,4,1,10,0,0
match-342e36c1-982,forschung_muskelkraft,standard,0,1,0,14,6,21,15,56,35,13,13,12,0,0
match-342e36c1-982,rudeljaeger,standard,1,0,1,14,-2,18,17,46,49,15,8,4,0,3
match-bae0c603-983,forschung_muskelkraft,standard,0,0,0,3,0,8,3,5,1,2,0,0,0,0
match-bae0c603-983,rudeljaeger,standard,1,1,1,3,10,7,3,6,0,3,1,10,0,0
match-26c8f83c-984,forschung_muskelkraft,standard,0,0,0,4,0,12,3,8,2,3,3,0,0,0
match-26c8f83c-984,rudeljaeger,standard,1,1,1,4,10,9,5,10,0,5,1,10,0,0
match-ad7b877e-985,forschung_muskelkraft,standard,0,1,0,12,4,22,12,48,18,10,11,11,0,0
match-ad7b877e-985,rudeljaeger,standard,1,0,1,12,-1,16,15,44,29,14,5,6,0,0
match-1963b9b7-986,forschung_muskelkraft,standard,0,1,0,8,6,16,8,27,2,7,7,12,0,0
match-1963b9b7-986,rudeljaeger,standard,1,0,1,8,-2,13,10,28,3,10,2,4,0,1
match-a01648f9-987,forschung_muskelkraft,standard,0,1,0,15,7,23,20,75,32,18,15,13,0,0
match-a01648f9-987,rudeljaeger,standard,1,0,1,15,-3,21,19,55,53,17,14,3,0,2
match-0bfe7b32-988,forschung_muskelkraft,standard,0,1,0,16,3,23,17,69,55,15,14,7,0,0
match-0bfe7b32-988,rudeljaeger,standard,1,0,1,16,0,21,19,54,69,17,12,4,0,0
match-92b10a74-989,forschung_muskelkraft,standard,0,0,0,16,-1,22,11,43,83,9,14,3,0,0
match-92b10a74-989,rudeljaeger,standard,1,1,1,16,4,19,18,51,71,16,4,8,0,0
match-fe993cac-990,forschung_muskelkraft,standard,0,0,0,7,-1,15,7,25,2,6,5,2,0,0
match-fe993cac-990,rudeljaeger,standard,1,1,1,7,8,12,9,24,3,8,3,11,0,0
match-854bcbef-991,forschung_muskelkraft,standard,0,1,0,8,2,18,10,34,1,8,7,15,0,0
match-854bcbef-991,rudeljaeger,standard,1,0,1,8,-5,13,11,31,1,9,3,8,0,0
match-f133fe27-992,forschung_muskelkraft,standard,0,1,0,6,6,13,7,20,1,5,5,12,0,0
match-f133fe27-992,rudeljaeger,standard,1,0,1,6,-2,9,8,20,0,7,1,4,0,1
match-77e68d6a-993,forschung_muskelkraft,standard,0,0,0,4,-2,10,5,8,1,3,0,0,0,0
match-77e68d6a-993,rudeljaeger,standard,1,1,1,4,10,8,3,9,1,3,1,12,0,0
match-e3cebfa2-994,forschung_muskelkraft,standard,0,0,0,4,-1,10,2,6,4,2,0,0,0,0
match-e3cebfa2-994,rudeljaeger,standard,1,1,1,4,10,9,4,10,0,4,1,11,0,0
match-6a814ee5-995,forschung_muskelkraft,standard,0,0,0,4,0,11,4,9,1,3,3,3,0,0
match-6a814ee5-995,rudeljaeger,standard,1,1,1,4,7,8,4,9,1,4,1,10,0,0
match-acbd696e-996,forschung_muskelkraft,standard,0,1,0,16,3,23,16,65,59,14,16,7,0,0
match-acbd696e-996,rudeljaeger,standard,1,0,1,16,0,21,20,56,69,18,13,4,0,0
match-337018b1-997,forschung_muskelkraft,standard,0,1,0,8,2,15,10,31,3,8,8,10,0,0
match-337018b1-997,rudeljaeger,standard,1,0,1,8,0,13,11,30,3,10,4,8,0,0
match-9f582ae9-998,forschung_muskelkraft,standard,0,1,0,13,4,23,15,61,21,13,12,13,0,0
match-9f582ae9-998,rudeljaeger,standard,1,0,1,13,-3,17,17,49,31,15,8,6,0,2
match-260ada2c-999,forschung_muskelkraft,standard,0,1,0,15,4,23,17,67,38,15,14,11,0,0
match-260ada2c-999,rudeljaeger,standard,1,0,1,15,-1,20,19,55,59,17,10,6,0,0
match-0b03a0ca-1000,forschung_muskelkraft,standard,0,0,1,10,0,19,10,40,5,9,9,9,0,0
match-0b03a0ca-1000,solidaritaet_ueberleben,standard,1,1,0,10,1,14,11,39,8,10,4,10,0,0
match-91b6500c-1001,forschung_muskelkraft,standard,0,1,1,17,4,23,13,50,86,11,18,11,0,0
match-91b6500c-1001,solidaritaet_ueberleben,standard,1,0,0,17,-4,23,20,68,68,19,6,3,0,0
match-1868ff4f-1002,forschung_muskelkraft,standard,0,0,1,7,0,14,8,26,1,6,2,7,0,0
match-1868ff4f-1002,solidaritaet_ueberleben,standard,1,1,0,7,3,11,6,25,2,6,4,10,0,0
match-9f1b8e91-1003,forschung_muskelkraft,standard,0,1,1,13,4,22,12,44,40,10,15,10,0,0
match-9f1b8e91-1003,solidaritaet_ueberleben,standard,1,0,0,13,0,19,17,55,25,16,5,6,0,0
match-25ce3dd4-1004,forschung_muskelkraft,standard,0,1,1,8,4,18,7,23,5,5,10,13,0,0
match-25ce3dd4-1004,solidaritaet_ueberleben,standard,1,0,0,8,-3,12,11,28,5,11,0,6,0,0
match-ac80cd16-1005,forschung_muskelkraft,standard,0,,1,16,-1,22,17,65,59,15,16,8,0,0
match-ac80cd16-1005,solidaritaet_ueberleben,standard,1,,0,16,-1,20,19,67,58,18,13,8,0,0
match-33337c59-1006,forschung_muskelkraft,standard,0,1,1,13,1,23,13,49,29,11,18,10,0,0
match-33337c59-1006,solidaritaet_ueberleben,standard,1,0,0,13,0,19,17,56,26,16,6,9,0,0
match-b9e60b9b-1007,forschung_muskelkraft,standard,0,1,1,13,10,23,15,59,29,13,14,12,0,0
match-b9e60b9b-1007,solidaritaet_ueberleben,standard,1,0,0,13,-2,19,17,54,30,16,8,0,0,0
match-d56ea6b5-1008,forschung_muskelkraft,standard,0,0,1,15,0,23,15,61,44,13,14,7,0,0
match-d56ea6b5-1008,solidaritaet_ueberleben,standard,1,1,0,15,2,21,18,62,49,17,11,9,0,0
match-5c2155f8-1009,forschung_muskelkraft,standard,0,1,1,12,6,22,13,48,18,11,15,14,0,0
match-5c2155f8-1009,solidaritaet_ueberleben,standard,1,0,0,12,-4,17,16,56,16,15,6,4,0,0
match-e2d3e53a-1010,forschung_muskelkraft,standard,0,1,1,13,4,22,12,48,36,10,13,11,0,0
match-e2d3e53a-1010,solidaritaet_ueberleben,standard,1,0,0,13,-1,19,17,55,26,16,5,6,0,0
match-6986947d-1011,forschung_muskelkraft,standard,0,1,1,7,6,14,5,19,2,5,8,10,0,0
match-6986947d-1011,solidaritaet_ueberleben,standard,1,0,0,7,0,10,8,25,2,8,0,4,0,0
match-f03923bf-1012,forschung_muskelkraft,standard,0,0,1,12,0,24,13,55,21,11,12,8,0,0
match-f03923bf-1012,solidaritaet_ueberleben,standard,1,1,0,12,2,17,15,50,19,14,7,10,0,0
match-76ebd302-1013,forschung_muskelkraft,standard,0,0,1,8,0,15,7,29,7,6,5,7,0,0
match-76ebd302-1013,solidaritaet_ueberleben,standard,1,1,0,8,3,12,8,24,9,8,1,10,0,0
match-fd9e6244-1014,forschung_muskelkraft,standard,0,1,1,16,5,23,17,67,53,15,18,11,0,0
match-fd9e6244-1014,solidaritaet_ueberleben,standard,1,0,0,16,-2,22,20,68,58,19,12,4,1,0
match-84511187-1015,forschung_muskelkraft,standard,0,,1,17,-2,23,18,71,67,16,20,6,0,0
match-84511187-1015,solidaritaet_ueberleben,standard,1,,0,17,-2,22,19,67,70,18,13,6,0,0
match-762db4f2-1016,forschung_muskelkraft,standard,0,1,1,12,5,22,11,46,26,9,13,13,0,0
match-762db4f2-1016,solidaritaet_ueberleben,standard,1,0,0,12,-3,15,15,51,20,14,5,5,0,0
match-fce04434-1017,forschung_muskelkraft,standard,0,0,1,16,-1,23,16,65,64,14,14,6,0,0
match-fce04434-1017,solidaritaet_ueberleben,standard,1,1,0,16,3,22,18,65,62,17,9,10,0,0
match-8392f377-1018,forschung_muskelkraft,standard,0,0,1,8,-1,18,7,21,8,5,4,5,0,0
match-8392f377-1018,solidaritaet_ueberleben,standard,1,1,0,8,5,13,10,31,3,9,0,11,0,0
match-0a4582ba-1019,forschung_muskelkraft,standard,0,0,1,12,0,23,8,30,36,6,6,0,0,0
match-0a4582ba-1019,solidaritaet_ueberleben,standard,1,1,0,12,10,18,11,43,27,11,1,10,0,0
match-90f831fc-1020,forschung_muskelkraft,standard,0,1,1,16,4,23,12,45,75,10,18,8,0,0
match-90f831fc-1020,solidaritaet_ueberleben,standard,1,0,0,16,-1,21,20,68,58,19,6,3,0,0
match-17aac13f-1021,forschung_muskelkraft,standard,0,1,1,15,4,22,11,43,68,9,13,9,0,0
match-17aac13f-1021,solidaritaet_ueberleben,standard,1,0,0,15,0,19,18,62,46,17,5,5,1,0
match-9e5d7081-1022,forschung_muskelkraft,standard,0,0,1,6,0,13,6,19,1,5,2,0,0,0
match-9e5d7081-1022,solidaritaet_ueberleben,standard,1,1,0,6,10,10,7,20,1,7,1,10,0,0
match-25101fc4-1023,forschung_muskelkraft,standard,0,1,1,11,8,21,10,33,27,8,14,13,0,0
match-25101fc4-1023,solidaritaet_ueberleben,standard,1,0,0,11,-3,16,15,47,12,15,3,2,0,0
match-4098bade-1024,forschung_muskelkraft,standard,0,,1,15,0,23,9,35,75,7,16,9,0,0
match-4098bade-1024,solidaritaet_ueberleben,standard,1,,0,15,0,20,18,65,48,17,2,9,0,0
match-c74b4a20-1025,forschung_muskelkraft,standard,0,0,1,7,-2,16,7,26,2,7,5,7,0,0
match-c74b4a20-1025,solidaritaet_ueberleben,standard,1,1,0,7,3,11,8,25,3,8,2,12,0,0
match-4dfdf963-1026,forschung_muskelkraft,standard,0,1,1,12,8,21,9,36,30,8,13,10,0,0
match-4dfdf963-1026,solidaritaet_ueberleben,standard,1,0,0,12,0,19,16,53,15,15,3,2,0,0
match-d4b088a5-1027,forschung_muskelkraft,standard,0,0,1,8,0,18,7,25,3,6,5,6,0,0
match-d4b088a5-1027,solidaritaet_ueberleben,standard,1,1,0,8,4,13,9,32,1,9,1,10,0,0
match-5b6337e8-1028,forschung_muskelkraft,standard,0,0,1,8,-1,15,6,19,9,5,4,6,0,0
match-5b6337e8-1028,solidaritaet_ueberleben,standard,1,1,0,8,4,14,8,31,1,7,0,11,0,0
match-e215c72a-1029,forschung_muskelkraft,standard,0,,1,18,0,22,9,32,121,7,18,2,0,0
match-e215c72a-1029,solidaritaet_ueberleben,standard,1,,0,18,-2,22,20,68,87,19,2,0,1,0
match-68c8766d-1030,forschung_muskelkraft,standard,0,1,1,7,6,15,7,20,1,5,6,12,0,0
match-68c8766d-1030,solidaritaet_ueberleben,standard,1,0,0,7,-2,12,8,27,0,8,0,4,0,0
match-ef7b05af-1031,forschung_muskelkraft,standard,0,0,1,15,-1,22,20,75,32,18,14,8,0,0
match-ef7b05af-1031,solidaritaet_ueberleben,standard,1,1,0,15,2,19,18,65,46,17,14,11,0,0
match-34afb879-1032,forschung_muskelkraft,standard,0,1,1,14,8,21,16,63,36,14,15,16,0,0
match-34afb879-1032,solidaritaet_ueberleben,standard,1,0,0,14,-6,20,18,63,35,17,9,2,0,0
match-bb6247bb-1033,forschung_muskelkraft,standard,0,0,1,9,0,17,10,37,4,8,5,5,0,0
match-bb6247bb-1033,solidaritaet_ueberleben,standard,1,1,0,9,5,14,9,37,5,8,3,10,0,0
match-4214f6fe-1034,forschung_muskelkraft,standard,0,0,1,13,0,22,12,40,43,10,11,9,0,0
match-4214f6fe-1034,solidaritaet_ueberleben,standard,1,1,0,13,1,18,16,53,31,16,6,10,0,0
match-c8c78640-1035,forschung_muskelkraft,standard,0,1,1,17,1,22,10,36,100,8,10,6,0,0
match-c8c78640-1035,solidaritaet_ueberleben,standard,1,0,0,17,-2,20,14,58,78,13,4,3,0,0
match-4f7a3583-1036,forschung_muskelkraft,standard,0,1,1,13,10,23,12,44,34,10,14,11,0,0
match-4f7a3583-1036,solidaritaet_ueberleben,standard,1,0,0,13,-1,18,16,53,28,15,5,0,0,0
match-d62cc4c5-1037,forschung_muskelkraft,standard,0,1,1,6,5,14,6,19,1,5,3,12,0,0
match-d62cc4c5-1037,solidaritaet_ueberleben,standard,1,0,0,6,-2,11,6,19,2,6,0,5,0,0
match-5cdf7408-1038,forschung_muskelkraft,standard,0,1,1,11,8,20,13,48,7,11,10,15,0,0
match-5cdf7408-1038,solidaritaet_ueberleben,standard,1,0,0,11,-5,15,13,47,19,12,6,2,0,0
match-e392034a-1039,forschung_muskelkraft,standard,0,1,1,13,3,23,14,54,28,12,17,12,0,0
match-e392034a-1039,solidaritaet_ueberleben,standard,1,0,0,13,-2,18,16,59,22,16,7,7,0,0
match-ff1abe64-1040,forschung_muskelkraft,standard,0,1,1,14,8,23,12,45,46,10,17,12,0,0
match-ff1abe64-1040,solidaritaet_ueberleben,standard,1,0,0,14,-2,19,18,61,36,17,6,2,0,0
match-85cd4da7-1041,forschung_muskelkraft,standard,0,1,1,16,3,23,16,65,63,14,17,7,0,0
match-85cd4da7-1041,solidaritaet_ueberleben,standard,1,0,0,16,0,22,20,68,60,19,9,4,0,0
match-0c7ffcea-1042,forschung_muskelkraft,standard,0,1,1,16,5,22,18,71,49,16,16,10,0,0
match-0c7ffcea-1042,solidaritaet_ueberleben,standard,1,0,0,16,-1,21,20,68,54,19,11,4,0,0
match-93328c2c-1043,forschung_muskelkraft,standard,0,,1,16,-1,22,14,59,69,12,18,7,0,0
match-93328c2c-1043,solidaritaet_ueberleben,standard,1,,0,16,0,22,20,68,55,19,7,8,1,0
match-19e53b6f-1044,forschung_muskelkraft,standard,0,1,1,14,6,23,20,75,22,18,13,11,0,0
match-19e53b6f-1044,solidaritaet_ueberleben,standard,1,0,0,14,-1,20,15,57,36,14,17,4,0,0
match-a097cab1-1045,forschung_muskelkraft,standard,0,0,1,11,-5,18,9,35,25,7,10,7,0,0
match-a097cab1-1045,solidaritaet_ueberleben,standard,1,1,0,11,3,16,14,45,14,14,3,15,0,0
match-274a79f4-1046,forschung_muskelkraft,standard,0,1,1,14,4,22,12,44,47,10,15,12,0,0
match-274a79f4-1046,solidaritaet_ueberleben,standard,1,0,0,14,-2,19,18,65,29,17,6,6,0,0
match-adfd0936-1047,forschung_muskelkraft,standard,0,1,1,15,8,23,17,67,46,15,17,14,0,0
match-adfd0936-1047,solidaritaet_ueberleben,standard,1,0,0,15,-4,20,19,62,47,18,10,2,0,0
match-9fd9aca1-1048,forschung_muskelkraft,standard,0,1,1,13,4,23,10,36,42,8,14,10,0,0
match-9fd9aca1-1048,solidaritaet_ueberleben,standard,1,0,0,13,0,16,16,48,36,15,3,6,0,0
match-268c5be4-1049,forschung_muskelkraft,standard,0,1,1,10,3,21,9,31,14,7,14,10,0,0
match-268c5be4-1049,solidaritaet_ueberleben,standard,1,0,0,10,0,15,14,46,7,14,2,7,0,0
match-ad3eeb26-1050,forschung_muskelkraft,standard,0,0,1,17,0,23,9,35,101,7,17,0,0,0
match-ad3eeb26-1050,solidaritaet_ueberleben,standard,1,1,0,17,4,22,19,66,72,18,2,4,0,0
match-33f19a69-1051,forschung_muskelkraft,standard,0,1,1,13,3,21,13,50,33,11,14,10,0,0
match-33f19a69-1051,solidaritaet_ueberleben,standard,1,0,0,13,0,19,17,53,28,16,6,7,0,0
match-baa429ab-1052,forschung_muskelkraft,standard,0,0,1,15,-2,21,20,75,32,18,15,9,0,0
match-baa429ab-1052,solidaritaet_ueberleben,standard,1,1,0,15,1,20,18,60,48,17,15,12,1,0
match-4156d8ee-1053,forschung_muskelkraft,standard,0,0,1,8,-1,14,6,22,6,5,6,7,0,0
match-4156d8ee-1053,solidaritaet_ueberleben,standard,1,1,0,8,3,14,8,29,3,8,0,11,0,0
match-c8096830-1054,forschung_muskelkraft,standard,0,1,1,10,9,19,9,28,17,7,11,11,0,0
match-c8096830-1054,solidaritaet_ueberleben,standard,1,0,0,10,-1,15,13,48,4,13,2,1,1,0
match-4ebc1773-1055,forschung_muskelkraft,standard,0,0,1,8,-1,16,8,26,2,6,4,0,0,0
match-4ebc1773-1055,solidaritaet_ueberleben,standard,1,1,0,8,10,14,9,31,1,9,1,11,0,0
match-6a44b28d-1056,forschung_muskelkraft,standard,0,,1,17,0,21,11,42,94,9,13,5,0,0
match-6a44b28d-1056,solidaritaet_ueberleben,standard,1,,0,17,-1,21,16,60,82,15,4,4,0,0
match-f0f741cf-1057,forschung_muskelkraft,standard,0,1,1,12,4,22,9,35,31,7,16,12,0,0
match-f0f741cf-1057,solidaritaet_ueberleben,standard,1,0,0,12,-2,18,16,49,19,15,2,6,0,0
match-77a9f112-1058,forschung_muskelkraft,standard,0,1,1,12,6,22,14,57,14,12,10,10,0,0
match-77a9f112-1058,solidaritaet_ueberleben,standard,1,0,0,12,0,17,15,51,16,14,7,4,0,0
match-fe5c8054-1059,forschung_muskelkraft,standard,0,0,1,15,-4,23,19,73,36,17,11,6,0,0
match-fe5c8054-1059,solidaritaet_ueberleben,standard,1,1,0,15,4,21,16,59,46,15,13,14,0,0
match-850f2f97-1060,forschung_muskelkraft,standard,0,1,1,7,1,13,8,27,1,7,4,12,0,0
match-850f2f97-1060,solidaritaet_ueberleben,standard,1,0,0,7,-2,12,8,27,1,8,4,9,0,0
match-0bc1deda-1061,forschung_muskelkraft,standard,0,1,1,12,4,23,12,44,22,10,8,12,0,0
match-0bc1deda-1061,solidaritaet_ueberleben,standard,1,0,0,12,-2,19,14,48,18,13,6,6,0,0
match-92746e1c-1062,forschung_muskelkraft,standard,0,0,1,8,0,15,6,24,4,6,8,8,0,0
match-92746e1c-1062,solidaritaet_ueberleben,standard,1,1,0,8,2,14,9,32,2,9,1,10,0,0
match-19271d5f-1063,forschung_muskelkraft,standard,0,0,1,8,-1,18,8,26,2,6,5,0,0,0
match-19271d5f-1063,solidaritaet_ueberleben,standard,1,1,0,8,10,12,8,27,5,8,1,11,0,0
match-5e5bb028-1064,forschung_muskelkraft,standard,0,0,1,15,0,23,15,61,48,13,14,6,0,0
match-5e5bb028-1064,solidaritaet_ueberleben,standard,1,1,0,15,4,19,18,60,53,17,8,10,0,0
match-e50e5f6a-1065,forschung_muskelkraft,standard,0,1,1,12,8,23,12,38,28,10,10,10,0,0
match-e50e5f6a-1065,solidaritaet_ueberleben,standard,1,0,0,12,0,16,14,47,19,13,7,2,0,0
match-6bc0eead-1066,forschung_muskelkraft,standard,0,0,1,13,-3,22,12,51,32,10,16,8,0,0
match-6bc0eead-1066,solidaritaet_ueberleben,standard,1,1,0,13,2,20,17,52,28,17,5,13,0,0
match-f2739def-1067,forschung_muskelkraft,standard,0,,1,16,-1,22,15,59,61,13,18,8,0,0
match-f2739def-1067,solidaritaet_ueberleben,standard,1,,0,16,-1,23,20,68,58,19,12,8,0,0
match-79262d32-1068,forschung_muskelkraft,standard,0,1,1,14,5,22,13,55,40,11,16,10,0,0
match-79262d32-1068,solidaritaet_ueberleben,standard,1,0,0,14,0,19,18,61,36,17,8,5,2,0
match-ffd8dc74-1069,forschung_muskelkraft,standard,0,0,1,8,0,15,9,31,2,7,6,5,0,0
match-ffd8dc74-1069,solidaritaet_ueberleben,standard,1,1,0,8,5,13,9,31,5,8,2,10,0,0
match-868b6bb7-1070,forschung_muskelkraft,standard,0,,1,15,0,22,18,71,40,16,15,9,0,0
match-868b6bb7-1070,solidaritaet_ueberleben,standard,1,,0,15,0,20,18,60,45,17,13,9,0,0
match-0d3e1afa-1071,forschung_muskelkraft,standard,0,0,1,16,0,24,19,73,51,17,14,5,0,0
match-0d3e1afa-1071,solidaritaet_ueberleben,standard,1,1,0,16,4,22,19,67,59,18,13,9,2,0
match-28c6b614-1072,forschung_muskelkraft,standard,0,0,1,9,0,20,11,38,4,9,4,0,0,0
match-28c6b614-1072,solidaritaet_ueberleben,standard,1,1,0,9,10,16,9,31,9,9,5,10,2,0
match-af794556-1073,forschung_muskelkraft,standard,0,1,1,12,6,18,10,41,26,9,10,11,0,0
match-af794556-1073,solidaritaet_ueberleben,standard,1,0,0,12,-1,17,15,49,25,14,4,4,0,0
match-362bf499-1074,forschung_muskelkraft,standard,0,0,1,9,-2,17,11,42,3,10,7,6,0,0
match-362bf499-1074,solidaritaet_ueberleben,standard,1,1,0,9,4,16,11,38,3,10,6,12,0,0
match-bcde83db-1075,forschung_muskelkraft,standard,0,0,1,15,-2,23,13,55,54,11,16,6,0,0
match-bcde83db-1075,solidaritaet_ueberleben,standard,1,1,0,15,4,21,19,62,48,18,6,12,0,0
match-4391331e-1076,forschung_muskelkraft,standard,0,0,1,8,0,16,8,29,4,6,7,5,0,0
match-4391331e-1076,solidaritaet_ueberleben,standard,1,1,0,8,5,12,11,35,1,10,1,10,0,0
match-ca43c260-1077,forschung_muskelkraft,standard,0,1,1,12,2,23,13,50,22,11,12,12,0,0
match-ca43c260-1077,solidaritaet_ueberleben,standard,1,0,0,12,-2,17,15,50,18,15,6,8,0,0
match-50f671a3-1078,forschung_muskelkraft,standard,0,1,1,11,4,19,9,34,26,7,13,12,0,0
match-50f671a3-1078,solidaritaet_ueberleben,standard,1,0,0,11,-2,17,15,47,12,14,3,6,1,0
match-d7a900e5-1079,forschung_muskelkraft,standard,0,1,1,14,5,23,13,50,52,11,17,13,0,0
match-d7a900e5-1079,solidaritaet_ueberleben,standard,1,0,0,14,-3,20,18,56,41,17,6,5,0,0
match-c985a450-1080,forschung_muskelkraft,standard,0,1,1,14,1,21,15,58,33,13,11,10,0,0
match-c985a450-1080,solidaritaet_ueberleben,standard,1,0,0,14,0,19,15,50,41,14,8,9,0,0
match-50385393-1081,forschung_muskelkraft,standard,0,0,1,15,-5,23,20,75,34,18,14,4,0,0
match-50385393-1081,solidaritaet_ueberleben,standard,1,1,0,15,6,21,18,64,46,17,14,15,0,0
match-d6eae2d5-1082,forschung_muskelkraft,standard,0,0,1,9,-3,18,9,35,10,9,5,4,0,0
match-d6eae2d5-1082,solidaritaet_ueberleben,standard,1,1,0,9,6,14,10,42,3,9,6,13,0,0
match-5d9d9218-1083,forschung_muskelkraft,standard,0,1,1,16,1,22,12,47,73,10,8,7,0,0
match-5d9d9218-1083,solidaritaet_ueberleben,standard,1,0,0,16,0,22,12,49,77,11,5,6,0,0
match-e450215a-1084,forschung_muskelkraft,standard,0,,1,16,0,22,10,36,84,8,6,7,0,0
match-e450215a-1084,solidaritaet_ueberleben,standard,1,,0,16,0,21,10,40,80,9,4,7,0,0
match-6b02d09d-1085,forschung_muskelkraft,standard,0,1,1,7,6,13,8,27,1,6,6,10,0,0
match-6b02d09d-1085,solidaritaet_ueberleben,standard,1,0,0,7,0,11,8,28,0,8,1,4,0,0
match-f1b57fdf-1086,forschung_muskelkraft,standard,0,1,1,11,1,18,13,50,9,12,11,10,0,0
match-f1b57fdf-1086,solidaritaet_ueberleben,standard,1,0,0,11,0,16,14,52,10,13,7,9,0,0
match-78680f22-1087,forschung_muskelkraft,standard,0,0,1,9,0,21,10,38,6,9,3,4,0,0
match-78680f22-1087,solidaritaet_ueberleben,standard,1,1,0,9,6,14,9,37,5,8,4,10,0,0
match-93f0aa3c-1088,forschung_muskelkraft,standard,0,0,1,16,0,22,15,59,61,13,17,2,0,0
match-93f0aa3c-1088,solidaritaet_ueberleben,standard,1,1,0,16,5,22,18,63,57,17,9,7,0,0
match-1aa3597f-1089,forschung_muskelkraft,standard,0,0,1,12,-1,23,12,41,25,10,13,9,0,0
match-1aa3597f-1089,solidaritaet_ueberleben,standard,1,1,0,12,1,18,15,54,16,14,5,11,1,0
match-a155e8c1-1090,forschung_muskelkraft,standard,0,0,1,10,-1,21,10,37,13,8,7,5,0,0
match-a155e8c1-1090,solidaritaet_ueberleben,standard,1,1,0,10,5,15,12,40,5,11,4,11,2,0
match-28089804-1091,forschung_muskelkraft,standard,0,1,1,10,4,20,10,32,13,8,13,10,0,0
match-28089804-1091,solidaritaet_ueberleben,standard,1,0,0,10,0,13,13,41,6,12,3,6,0,0
match-aebb2746-1092,forschung_muskelkraft,standard,0,1,1,16,7,23,14,54,71,12,16,8,0,0
match-aebb2746-1092,solidaritaet_ueberleben,standard,1,0,0,16,-1,22,20,68,58,19,9,0,0,0
match-356dd689-1093,forschung_muskelkraft,standard,0,1,1,13,6,19,9,32,46,7,16,21,0,0
match-356dd689-1093,solidaritaet_ueberleben,standard,1,0,0,13,-11,20,17,60,20,16,2,4,0,0
match-bc2065cb-1094,forschung_muskelkraft,standard,0,1,1,11,3,19,11,39,16,9,11,10,0,0
match-bc2065cb-1094,solidaritaet_ueberleben,standard,1,0,0,11,0,17,14,42,19,13,4,7,0,0
match-42d3150e-1095,forschung_muskelkraft,standard,0,0,1,9,0,19,7,23,13,5,5,6,0,0
match-42d3150e-1095,solidaritaet_ueberleben,standard,1,1,0,9,4,16,8,28,10,8,1,10,0,0
match-8807a7d7-1096,forschung_muskelkraft,standard,0,1,1,16,1,23,10,37,83,8,12,12,0,0
match-8807a7d7-1096,solidaritaet_ueberleben,standard,1,0,0,16,-3,22,16,60,60,15,3,8,0,0
match-0eba571a-1097,forschung_muskelkraft,standard,0,0,1,16,-1,24,9,32,88,7,14,3,0,0
match-0eba571a-1097,solidaritaet_ueberleben,standard,1,1,0,16,4,21,18,64,59,17,3,8,0,0
match-956ce65c-1098,forschung_muskelkraft,standard,0,1,1,15,2,22,17,69,44,15,18,9,0,0
match-956ce65c-1098,solidaritaet_ueberleben,standard,1,0,0,15,0,21,19,67,42,18,12,7,0,0
match-1c1f959f-1099,forschung_muskelkraft,standard,0,1,1,7,8,16,8,25,2,6,5,12,0,0
match-1c1f959f-1099,solidaritaet_ueberleben,standard,1,0,0,7,-2,11,8,25,2,7,1,2,0,0
match-a2d224e1-1100,forschung_muskelkraft,standard,0,0,1,8,0,16,7,29,6,6,2,0,0,0
match-a2d224e1-1100,solidaritaet_ueberleben,standard,1,1,0,8,10,11,7,23,11,7,3,10,0,0
match-2984d424-1101,forschung_muskelkraft,standard,0,0,1,15,-3,24,13,50,55,11,16,9,0,0
match-2984d424-1101,solidaritaet_ueberleben,standard,1,1,0,15,1,21,18,60,45,17,6,13,4,0
match-b0376366-1102,forschung_muskelkraft,standard,0,0,1,15,0,21,8,29,76,6,13,5,0,0
match-b0376366-1102,solidaritaet_ueberleben,standard,1,1,0,15,4,20,15,56,53,14,1,9,0,0
match-36ea12a9-1103,forschung_muskelkraft,standard,0,0,1,12,0,23,11,40,36,9,11,0,0,0
match-36ea12a9-1103,solidaritaet_ueberleben,standard,1,1,0,12,10,17,15,51,16,14,4,10,0,0
match-5272adc3-1104,forschung_muskelkraft,standard,0,,1,15,0,22,20,75,32,18,14,9,0,0
match-5272adc3-1104,solidaritaet_ueberleben,standard,1,,0,15,0,20,17,61,48,17,16,9,0,0
match-d9255d05-1105,forschung_muskelkraft,standard,0,1,1,11,4,19,10,41,19,9,11,16,0,0
match-d9255d05-1105,solidaritaet_ueberleben,standard,1,0,0,11,-6,16,14,48,13,13,4,6,0,0
match-5fd7ec48-1106,forschung_muskelkraft,standard,0,0,1,8,-1,19,9,32,2,7,5,4,0,0
match-5fd7ec48-1106,solidaritaet_ueberleben,standard,1,1,0,8,6,13,9,33,3,9,2,11,0,0
match-e68a9b8a-1107,forschung_muskelkraft,standard,0,0,1,14,0,23,16,61,30,14,14,5,0,0
match-e68a9b8a-1107,solidaritaet_ueberleben,standard,1,1,0,14,5,20,17,57,36,16,9,10,0,0
match-6d3d2acd-1108,forschung_muskelkraft,standard,0,1,1,17,1,22,11,44,92,9,18,7,0,0
match-6d3d2acd-1108,solidaritaet_ueberleben,standard,1,0,0,17,0,23,20,68,68,19,5,6,0,0
match-f3efda0f-1109,forschung_muskelkraft,standard,0,0,1,15,0,23,20,75,30,18,13,5,0,0
match-f3efda0f-1109,solidaritaet_ueberleben,standard,1,1,0,15,4,21,16,57,60,15,13,9,0,0
match-7aa26952-1110,forschung_muskelkraft,standard,0,1,1,15,1,22,19,73,34,17,14,12,0,0
match-7aa26952-1110,solidaritaet_ueberleben,standard,1,0,0,15,-2,20,18,63,42,17,13,9,0,0
match-01551895-1111,forschung_muskelkraft,standard,0,0,1,15,0,22,13,53,52,11,16,7,0,0
match-01551895-1111,solidaritaet_ueberleben,standard,1,1,0,15,2,21,16,59,46,16,7,9,0,0
match-f331bbff-1112,forschung_muskelkraft,standard,0,1,1,14,3,22,13,50,41,11,17,13,0,0
match-f331bbff-1112,solidaritaet_ueberleben,standard,1,0,0,14,-3,20,17,58,39,16,7,7,0,0
match-79e44b42-1113,forschung_muskelkraft,standard,0,0,1,12,0,18,10,35,31,8,3,6,0,0
match-79e44b42-1113,solidaritaet_ueberleben,standard,1,1,0,12,4,18,7,27,39,7,3,10,0,0
match-0096fa85-1114,forschung_muskelkraft,standard,0,0,1,10,-3,16,10,38,12,8,11,4,0,0
match-0096fa85-1114,solidaritaet_ueberleben,standard,1,1,0,10,6,16,13,46,5,12,4,13,0,0
match-874989c7-1115,forschung_muskelkraft,standard,0,1,1,16,4,22,15,59,66,13,17,7,0,0
match-874989c7-1115,solidaritaet_ueberleben,standard,1,0,0,16,0,21,20,68,58,19,10,3,0,0
match-0dfc390a-1116,forschung_muskelkraft,standard,0,0,1,14,-4,23,14,55,49,12,14,6,0,0
match-0dfc390a-1116,solidaritaet_ueberleben,standard,1,1,0,14,4,19,18,59,40,17,7,14,0,0
match-94aec84c-1117,forschung_muskelkraft,standard,0,0,1,13,-4,22,14,53,31,12,14,3,0,0
match-94aec84c-1117,solidaritaet_ueberleben,standard,1,1,0,13,7,20,17,60,21,16,7,14,0,0
match-1b61778f-1118,forschung_muskelkraft,standard,0,1,1,7,8,14,7,20,1,5,7,11,0,0
match-1b61778f-1118,solidaritaet_ueberleben,standard,1,0,0,7,-1,12,8,22,5,8,0,2,0,0
match-a21406d1-1119,forschung_muskelkraft,standard,0,1,1,17,1,23,14,56,80,12,14,6,0,0
match-a21406d1-1119,solidaritaet_ueberleben,standard,1,0,0,17,-2,22,17,63,80,16,7,3,0,0
match-bd9ca1eb-1120,forschung_muskelkraft,standard,0,1,1,9,4,16,10,38,5,9,10,13,0,0
match-bd9ca1eb-1120,solidaritaet_ueberleben,standard,1,0,0,9,-3,14,11,38,5,11,4,6,0,0
match-444f512e-1121,forschung_muskelkraft,standard,0,0,1,8,-1,17,7,24,6,5,4,0,0,0
match-444f512e-1121,solidaritaet_ueberleben,standard,1,1,0,8,10,13,9,33,3,8,0,11,0,0
match-cb01e070-1122,forschung_muskelkraft,standard,0,1,1,12,2,21,15,59,12,13,13,12,0,0
match-cb01e070-1122,solidaritaet_ueberleben,standard,1,0,0,12,-2,19,16,51,26,15,8,8,0,0
match-51b48fb3-1123,forschung_muskelkraft,standard,0,0,1,13,0,23,15,55,28,13,16,9,0,0
match-51b48fb3-1123,solidaritaet_ueberleben,standard,1,1,0,13,1,19,17,57,23,16,8,10,0,0
match-d8673ef5-1124,forschung_muskelkraft,standard,0,0,1,9,0,16,8,33,8,6,6,0,0,0
match-d8673ef5-1124,solidaritaet_ueberleben,standard,1,1,0,9,10,13,10,34,9,9,1,10,0,0
match-5f19ce38-1125,forschung_muskelkraft,standard,0,0,1,9,-1,21,11,38,3,9,9,5,0,0
match-5f19ce38-1125,solidaritaet_ueberleben,standard,1,1,0,9,5,14,11,38,2,11,4,11,1,0
match-e5cc7d7a-1126,forschung_muskelkraft,standard,0,1,1,13,6,21,14,54,33,12,12,17,0,0
match-e5cc7d7a-1126,solidaritaet_ueberleben,standard,1,0,0,13,-7,16,16,50,34,15,8,4,0,0
match-6c7f0cbd-1127,forschung_muskelkraft,standard,0,1,1,12,8,23,14,55,11,12,8,10,0,0
match-6c7f0cbd-1127,solidaritaet_ueberleben,standard,1,0,0,12,0,17,12,49,21,11,7,2,0,0
match-6453a20d-1128,forschung_muskelkraft,standard,0,0,1,8,-1,19,7,28,6,6,4,0,0,0
match-6453a20d-1128,solidaritaet_ueberleben,standard,1,1,0,8,10,12,7,29,3,7,1,11,0,0
match-eb06514f-1129,forschung_muskelkraft,standard,0,0,1,9,-1,16,8,31,10,7,5,5,0,0
match-eb06514f-1129,solidaritaet_ueberleben,standard,1,1,0,9,5,15,10,34,5,10,2,11,1,0
match-71b8e092-1130,forschung_muskelkraft,standard,0,1,1,11,4,19,10,37,18,8,12,10,0,0
match-71b8e092-1130,solidaritaet_ueberleben,standard,1,0,0,11,0,16,15,55,8,14,3,6,0,0
match-f86b8fd4-1131,forschung_muskelkraft,standard,0,1,1,11,1,22,12,47,13,10,10,11,0,0
match-f86b8fd4-1131,solidaritaet_ueberleben,standard,1,0,0,11,-1,17,14,47,8,13,7,9,0,0
match-7f1e3f17-1132,forschung_muskelkraft,standard,0,1,1,15,4,23,18,71,40,16,15,13,0,0
match-7f1e3f17-1132,solidaritaet_ueberleben,standard,1,0,0,15,-3,19,19,66,44,18,11,6,0,0
match-05d0ce5a-1133,forschung_muskelkraft,standard,0,1,1,11,4,20,13,47,8,11,8,10,0,0
match-05d0ce5a-1133,solidaritaet_ueberleben,standard,1,0,0,11,0,17,13,49,6,13,6,6,1,0
match-8c837d9c-1134,forschung_muskelkraft,standard,0,,1,16,-1,23,20,75,47,18,16,8,0,0
match-8c837d9c-1134,solidaritaet_ueberleben,standard,1,,0,16,-1,22,20,68,58,19,13,8,3,0
match-13360cdf-1135,forschung_muskelkraft,standard,0,1,1,11,3,19,10,38,23,8,14,11,0,0
match-13360cdf-1135,solidaritaet_ueberleben,standard,1,0,0,11,-1,17,15,44,15,14,4,7,0,0
match-2ebea7f9-1136,forschung_muskelkraft,standard,0,0,1,16,0,22,12,48,78,10,13,6,0,0
match-2ebea7f9-1136,solidaritaet_ueberleben,standard,1,1,0,16,1,21,18,64,56,17,7,7,0,0
match-b571573b-1137,forschung_muskelkraft,standard,0,1,1,9,6,18,7,25,11,6,9,14,0,0
match-b571573b-1137,solidaritaet_ueberleben,standard,1,0,0,9,-4,15,12,41,3,11,1,4,0,0
match-3c23e67e-1138,forschung_muskelkraft,standard,0,1,1,11,1,19,12,44,16,10,8,10,0,0
match-3c23e67e-1138,solidaritaet_ueberleben,standard,1,0,0,11,0,16,12,38,17,11,6,9,0,0
match-c2d695c0-1139,forschung_muskelkraft,standard,0,,1,15,0,22,14,57,52,12,15,9,0,0
match-c2d695c0-1139,solidaritaet_ueberleben,standard,1,,0,15,0,20,18,60,51,17,10,9,0,0
match-49892503-1140,forschung_muskelkraft,standard,0,1,1,15,3,22,14,55,50,12,19,9,0,0
match-49892503-1140,solidaritaet_ueberleben,standard,1,0,0,15,0,21,19,65,42,18,7,6,0,0
match-d03bd445-1141,forschung_muskelkraft,standard,0,1,1,16,3,23,13,48,78,11,18,7,0,0
match-d03bd445-1141,solidaritaet_ueberleben,standard,1,0,0,16,0,21,20,68,54,19,7,4,0,0
match-56ee6388-1142,forschung_muskelkraft,standard,0,1,1,16,1,22,13,52,74,11,16,13,0,0
match-56ee6388-1142,solidaritaet_ueberleben,standard,1,0,0,16,-4,22,20,68,55,19,7,8,0,0
match-dda112ca-1143,forschung_muskelkraft,standard,0,1,1,13,1,23,10,38,40,8,15,17,0,0
match-dda112ca-1143,solidaritaet_ueberleben,standard,1,0,0,13,-7,19,17,59,24,16,3,9,0,0
match-cf7db635-1144,forschung_muskelkraft,standard,0,1,1,14,4,23,12,51,40,10,16,13,0,0
match-cf7db635-1144,solidaritaet_ueberleben,standard,1,0,0,14,-3,19,18,63,30,17,6,6,0,0
match-56304578-1145,forschung_muskelkraft,standard,0,0,1,11,-1,21,13,48,17,11,9,8,0,0
match-56304578-1145,solidaritaet_ueberleben,standard,1,1,0,11,2,16,14,45,13,13,7,11,2,0
match-dce2f4ba-1146,forschung_muskelkraft,standard,0,1,1,12,8,21,13,49,22,11,13,12,0,0
match-dce2f4ba-1146,solidaritaet_ueberleben,standard,1,0,0,12,-2,17,16,55,15,15,6,2,0,0
match-639583fd-1147,forschung_muskelkraft,standard,0,0,1,14,-4,23,20,75,26,18,16,5,0,0
match-639583fd-1147,solidaritaet_ueberleben,standard,1,1,0,14,5,21,18,62,33,17,13,14,0,0
match-ea48333f-1148,forschung_muskelkraft,standard,0,1,1,8,6,16,6,24,4,6,7,13,0,0
match-ea48333f-1148,solidaritaet_ueberleben,standard,1,0,0,8,-3,14,10,33,2,10,1,4,0,0
match-70fac282-1149,forschung_muskelkraft,standard,0,1,1,16,2,22,17,67,65,15,15,8,0,0
match-70fac282-1149,solidaritaet_ueberleben,standard,1,0,0,16,-1,22,20,68,54,19,11,5,0,0
match-f7ad71c4-1150,forschung_muskelkraft,standard,0,1,1,15,5,23,14,54,51,12,18,11,0,0
match-f7ad71c4-1150,solidaritaet_ueberleben,standard,1,0,0,15,-1,20,18,60,49,17,7,5,0,0
match-7e600107-1151,forschung_muskelkraft,standard,0,1,1,14,8,21,13,50,51,11,14,10,0,0
match-7e600107-1151,solidaritaet_ueberleben,standard,1,0,0,14,0,19,17,57,39,16,6,2,0,0
match-99e8bc21-1152,forschung_muskelkraft,standard,0,,1,17,-1,23,20,75,61,18,15,5,0,0
match-99e8bc21-1152,solidaritaet_ueberleben,standard,1,,0,17,-1,23,18,65,77,17,16,5,0,0
match-209b4b64-1153,forschung_muskelkraft,standard,0,1,1,13,6,21,9,35,43,7,16,16,0,0
match-209b4b64-1153,solidaritaet_ueberleben,standard,1,0,0,13,-6,19,16,52,32,16,2,4,1,0
match-a74dfaa6-1154,forschung_muskelkraft,standard,0,1,1,11,5,21,9,31,24,7,9,10,0,0
match-a74dfaa6-1154,solidaritaet_ueberleben,standard,1,0,0,11,0,16,14,45,12,13,3,5,0,0
match-2e0089e9-1155,forschung_muskelkraft,standard,0,0,1,7,-3,13,8,24,3,7,1,0,0,0
match-2e0089e9-1155,solidaritaet_ueberleben,standard,1,1,0,7,10,13,6,25,2,6,3,13,0,0
match-b4b3392b-1156,forschung_muskelkraft,standard,0,1,1,15,4,22,20,75,32,18,12,10,0,0
match-b4b3392b-1156,solidaritaet_ueberleben,standard,1,0,0,15,0,20,17,63,42,16,14,6,2,0
match-3b65c86e-1157,forschung_muskelkraft,standard,0,1,1,12,1,22,13,50,22,11,11,11,0,0
match-3b65c86e-1157,solidaritaet_ueberleben,standard,1,0,0,12,-1,17,15,53,16,14,6,9,0,0
match-c21877b0-1158,forschung_muskelkraft,standard,0,1,1,15,4,22,16,65,44,14,15,11,0,0
match-c21877b0-1158,solidaritaet_ueberleben,standard,1,0,0,15,-1,21,19,64,46,18,9,6,1,0
match-48cb06f3-1159,forschung_muskelkraft,standard,0,1,1,7,4,17,7,25,3,6,4,10,0,0
match-48cb06f3-1159,solidaritaet_ueberleben,standard,1,0,0,7,0,12,8,26,1,7,1,6,0,0
match-8dffb9bc-1160,forschung_muskelkraft,standard,0,0,1,9,0,17,9,31,6,7,3,0,0,0
match-8dffb9bc-1160,solidaritaet_ueberleben,standard,1,1,0,9,10,14,9,37,3,8,2,10,0,0
match-14b248ff-1161,forschung_muskelkraft,standard,0,0,1,8,-2,15,6,19,9,6,2,4,0,0
match-14b248ff-1161,solidaritaet_ueberleben,standard,1,1,0,8,6,14,7,29,4,6,1,12,0,0
match-9b64f841-1162,forschung_muskelkraft,standard,0,0,1,13,-4,22,14,55,35,12,14,4,0,0
match-9b64f841-1162,solidaritaet_ueberleben,standard,1,1,0,13,6,19,17,56,24,16,7,14,0,0
match-22178784-1163,forschung_muskelkraft,standard,0,1,1,12,9,23,14,51,19,12,16,13,0,0
match-22178784-1163,solidaritaet_ueberleben,standard,1,0,0,12,-3,19,16,59,11,16,7,1,0,0
match-a8ca36c6-1164,forschung_muskelkraft,standard,0,1,1,15,5,23,15,59,50,13,11,9,0,0
match-a8ca36c6-1164,solidaritaet_ueberleben,standard,1,0,0,15,0,22,16,52,53,15,8,4,0,0
match-2f7cc609-1165,forschung_muskelkraft,standard,0,,1,11,-3,21,11,36,19,9,13,11,0,0
match-2f7cc609-1165,solidaritaet_ueberleben,standard,1,,0,11,-1,18,15,49,9,15,5,13,0,0
match-b62f754b-1166,forschung_muskelkraft,standard,0,,1,16,-1,22,14,52,68,12,13,8,0,0
match-b62f754b-1166,solidaritaet_ueberleben,standard,1,,0,16,-1,22,17,62,66,16,7,8,0,0
match-3ce2048e-1167,forschung_muskelkraft,standard,0,1,1,9,9,18,8,30,6,6,10,11,0,0
match-3ce2048e-1167,solidaritaet_ueberleben,standard,1,0,0,9,-1,14,12,39,3,11,1,1,0,0
match-586abfa8-1168,forschung_muskelkraft,standard,0,1,1,7,7,13,5,19,2,5,7,14,0,0
match-586abfa8-1168,solidaritaet_ueberleben,standard,1,0,0,7,-4,12,9,28,0,9,0,3,0,0
match-df1d4eea-1169,forschung_muskelkraft,standard,0,1,1,13,3,22,12,44,34,10,15,12,0,0
match-df1d4eea-1169,solidaritaet_ueberleben,standard,1,0,0,13,-2,18,17,56,23,16,5,7,0,0
match-65cffe2d-1170,forschung_muskelkraft,standard,0,1,1,14,2,23,17,69,26,15,14,12,0,0
match-65cffe2d-1170,solidaritaet_ueberleben,standard,1,0,0,14,-2,18,18,59,39,17,10,8,0,0
match-ec828d6f-1171,forschung_muskelkraft,standard,0,1,1,14,8,22,14,55,41,12,17,12,0,0
match-ec828d6f-1171,solidaritaet_ueberleben,standard,1,0,0,14,-2,19,17,59,35,17,8,2,0,0
match-73353cb2-1172,forschung_muskelkraft,standard,0,0,1,8,-1,17,9,30,5,7,3,1,0,0
match-73353cb2-1172,solidaritaet_ueberleben,standard,1,1,0,8,9,13,7,26,2,7,3,11,0,0
match-f9e7cbf4-1173,forschung_muskelkraft,standard,0,1,1,14,8,22,10,40,51,8,12,13,0,0
match-f9e7cbf4-1173,solidaritaet_ueberleben,standard,1,0,0,14,-3,18,15,54,39,14,4,2,0,0
match-809a7b37-1174,forschung_muskelkraft,standard,0,1,1,13,1,23,14,48,30,12,13,13,0,0
match-809a7b37-1174,solidaritaet_ueberleben,standard,1,0,0,13,-3,20,17,55,28,16,7,9,1,0
match-074d0a7a-1175,forschung_muskelkraft,standard,0,0,1,7,0,17,7,25,2,6,4,0,0,0
match-074d0a7a-1175,solidaritaet_ueberleben,standard,1,1,0,7,10,11,8,25,2,8,3,10,0,0
match-f929ade4-1176,forschung_muskelkraft,standard,0,1,1,17,1,23,16,61,75,14,20,10,0,0
match-f929ade4-1176,solidaritaet_ueberleben,standard,1,0,0,17,-3,20,20,68,68,19,9,6,0,0
match-7fdc5d27-1177,forschung_muskelkraft,standard,0,0,1,11,-1,22,15,55,11,13,10,3,0,0
match-7fdc5d27-1177,solidaritaet_ueberleben,standard,1,1,0,11,7,16,11,44,14,11,8,11,0,0
match-068eec6a-1178,forschung_muskelkraft,standard,0,0,1,11,0,21,9,31,24,7,8,0,0,0
match-068eec6a-1178,solidaritaet_ueberleben,standard,1,1,0,11,10,17,12,46,17,12,2,10,0,0
match-8d419bac-1179,forschung_muskelkraft,standard,0,0,1,8,-2,15,6,20,8,5,4,7,0,0
match-8d419bac-1179,solidaritaet_ueberleben,standard,1,1,0,8,3,13,8,32,1,8,0,12,0,0
match-13f42aef-1180,forschung_muskelkraft,standard,0,1,1,17,3,22,14,55,81,12,13,8,0,0
match-13f42aef-1180,solidaritaet_ueberleben,standard,1,0,0,17,-1,23,17,63,73,16,7,4,0,0
match-9aa6da31-1181,forschung_muskelkraft,standard,0,1,1,10,5,20,8,29,16,6,13,11,0,0
match-9aa6da31-1181,solidaritaet_ueberleben,standard,1,0,0,10,-1,16,14,38,9,14,1,5,1,0
match-21596974-1182,forschung_muskelkraft,standard,0,0,1,8,-2,13,7,25,3,6,4,5,0,0
match-21596974-1182,solidaritaet_ueberleben,standard,1,1,0,8,5,13,9,27,5,9,1,12,0,0
match-a80c18b6-1183,forschung_muskelkraft,standard,0,1,1,9,3,19,9,31,11,7,12,11,0,0
match-a80c18b6-1183,solidaritaet_ueberleben,standard,1,0,0,9,-1,15,13,40,2,13,4,7,0,0
match-c394b3d0-1184,forschung_muskelkraft,standard,0,1,1,14,1,23,11,37,54,9,12,10,0,0
match-c394b3d0-1184,solidaritaet_ueberleben,standard,1,0,0,14,0,18,15,53,38,14,7,9,0,0
match-4a474313-1185,forschung_muskelkraft,standard,0,0,1,16,-3,23,13,50,70,11,16,6,0,0
match-4a474313-1185,solidaritaet_ueberleben,standard,1,1,0,16,3,22,20,68,55,19,6,12,0,0
match-d0f9f255-1186,forschung_muskelkraft,standard,0,1,1,16,1,23,17,69,55,15,16,7,0,0
match-d0f9f255-1186,solidaritaet_ueberleben,standard,1,0,0,16,0,21,20,68,55,19,13,6,0,0
match-57ac8198-1187,forschung_muskelkraft,standard,0,0,1,17,-1,23,13,55,81,11,11,3,0,0
match-57ac8198-1187,solidaritaet_ueberleben,standard,1,1,0,17,1,21,15,59,77,14,6,5,0,0
match-de5f30da-1188,forschung_muskelkraft,standard,0,1,1,15,9,22,10,37,68,8,18,9,0,0
match-de5f30da-1188,solidaritaet_ueberleben,standard,1,0,0,15,0,22,19,64,46,18,4,0,0,0
match-6511c01d-1189,forschung_muskelkraft,standard,0,1,1,12,7,23,12,42,24,10,14,14,0,0
match-6511c01d-1189,solidaritaet_ueberleben,standard,1,0,0,12,-4,17,16,54,17,15,5,3,0,0
match-ebc46f5f-1190,forschung_muskelkraft,standard,0,1,1,13,8,23,12,44,40,10,14,13,0,0
match-ebc46f5f-1190,solidaritaet_ueberleben,standard,1,0,0,13,-3,20,17,54,30,16,5,2,0,0
match-72771ea2-1191,forschung_muskelkraft,standard,0,1,1,16,1,23,17,69,55,15,17,8,0,0
match-72771ea2-1191,solidaritaet_ueberleben,standard,1,0,0,16,-1,22,20,68,58,19,13,6,0,0
match-b7abb16b-1192,forschung_muskelkraft,standard,0,1,1,17,2,23,12,48,93,10,18,13,0,0
match-b7abb16b-1192,solidaritaet_ueberleben,standard,1,0,0,17,-6,21,20,68,69,19,5,5,0,0
match-3e5e40ae-1193,forschung_muskelkraft,standard,0,1,1,15,2,21,20,75,34,18,14,9,0,0
match-3e5e40ae-1193,solidaritaet_ueberleben,standard,1,0,0,15,0,22,17,62,47,16,17,7,1,0
match-c510eff0-1194,forschung_muskelkraft,standard,0,1,1,8,3,17,9,30,3,7,4,12,0,0
match-c510eff0-1194,solidaritaet_ueberleben,standard,1,0,0,8,-2,13,9,34,1,8,4,7,0,0
match-4bc39f33-1195,forschung_muskelkraft,standard,0,1,1,15,1,23,9,36,69,7,14,13,0,0
match-4bc39f33-1195,solidaritaet_ueberleben,standard,1,0,0,15,-3,20,19,65,44,18,2,9,0,0
match-d2762e75-1196,forschung_muskelkraft,standard,0,,1,17,-2,23,12,48,88,10,6,6,0,0
match-d2762e75-1196,solidaritaet_ueberleben,standard,1,,0,17,-2,22,10,35,101,9,6,6,7,0
match-5928ddb8-1197,forschung_muskelkraft,standard,0,1,1,8,4,18,10,31,4,8,5,11,0,0
match-5928ddb8-1197,solidaritaet_ueberleben,standard,1,0,0,8,-1,12,9,30,4,9,3,6,0,0
match-dfdb6cfa-1198,forschung_muskelkraft,standard,0,0,1,9,0,15,8,31,5,7,4,0,0,0
match-dfdb6cfa-1198,solidaritaet_ueberleben,standard,1,1,0,9,10,16,9,34,2,8,2,10,0,0
match-668e1c3d-1199,forschung_muskelkraft,standard,0,0,1,11,0,21,8,30,25,6,7,3,0,0
match-668e1c3d-1199,solidaritaet_ueberleben,standard,1,1,0,11,7,15,10,37,18,10,1,10,0,0
match-8216b757-1200,forschung_muskelkraft,standard,0,0,1,6,0,14,6,20,1,5,2,2,0,0
match-8216b757-1200,solidaritaet_ueberleben,standard,1,1,0,6,8,11,6,20,1,6,1,10,0,0
match-08c9469a-1201,forschung_muskelkraft,standard,0,0,1,12,-2,23,14,52,14,12,13,9,0,0
match-08c9469a-1201,solidaritaet_ueberleben,standard,1,1,0,12,1,17,14,50,22,14,11,12,0,0
match-8f7bf5dc-1202,forschung_muskelkraft,standard,0,1,1,8,6,17,7,26,2,6,7,10,0,0
match-8f7bf5dc-1202,solidaritaet_ueberleben,standard,1,0,0,8,0,14,10,34,2,9,1,4,0,0
match-162e851f-1203,forschung_muskelkraft,standard,0,1,1,13,1,23,13,55,23,11,14,13,0,0
match-162e851f-1203,solidaritaet_ueberleben,standard,1,0,0,13,-3,20,16,53,29,15,7,9,0,0
match-9ce13461-1204,forschung_muskelkraft,standard,0,1,1,16,4,21,12,44,76,10,12,7,0,0
match-9ce13461-1204,solidaritaet_ueberleben,standard,1,0,0,16,0,22,17,60,66,16,5,3,1,0
match-2393c3a4-1205,forschung_muskelkraft,standard,0,1,1,16,3,22,14,55,70,12,14,9,0,0
match-2393c3a4-1205,solidaritaet_ueberleben,standard,1,0,0,16,0,19,19,62,61,18,7,6,0,0
match-aa4672e6-1206,forschung_muskelkraft,standard,0,0,1,8,0,17,10,32,2,8,9,0,0,0
match-aa4672e6-1206,solidaritaet_ueberleben,standard,1,1,0,8,10,12,9,31,1,9,3,10,0,0
match-30f90229-1207,forschung_muskelkraft,standard,0,1,1,6,2,16,6,19,1,5,4,11,0,0
match-30f90229-1207,solidaritaet_ueberleben,standard,1,0,0,6,-1,12,6,16,5,6,0,8,0,0
match-22d5a594-1208,forschung_muskelkraft,standard,0,0,1,16,-1,22,19,73,53,17,12,6,0,0
match-22d5a594-1208,solidaritaet_ueberleben,standard,1,1,0,16,1,21,17,62,62,16,15,8,4,0
match-a98854d6-1209,forschung_muskelkraft,standard,0,0,1,15,-3,22,13,49,62,11,15,6,0,0
match-a98854d6-1209,solidaritaet_ueberleben,standard,1,1,0,15,4,20,18,65,45,17,6,13,0,0
match-303ae419-1210,forschung_muskelkraft,standard,0,1,1,16,4,23,16,63,57,14,18,11,0,0
match-303ae419-1210,solidaritaet_ueberleben,standard,1,0,0,16,-2,21,20,68,53,19,10,5,1,0
match-b6ed935b-1211,forschung_muskelkraft,standard,0,1,1,12,1,21,12,48,24,10,6,10,0,0
match-b6ed935b-1211,solidaritaet_ueberleben,standard,1,0,0,12,0,17,12,45,21,11,7,9,0,0
match-3da0229e-1212,forschung_muskelkraft,standard,0,0,1,10,-3,20,9,33,20,8,6,7,0,0
match-3da0229e-1212,solidaritaet_ueberleben,standard,1,1,0,10,3,14,9,34,11,9,3,13,0,0
match-c452d1e0-1213,forschung_muskelkraft,standard,0,1,1,17,2,22,20,75,61,18,18,7,0,0
match-c452d1e0-1213,solidaritaet_ueberleben,standard,1,0,0,17,0,22,20,68,68,19,15,5,0,0
match-4b056123-1214,forschung_muskelkraft,standard,0,0,1,8,-1,18,8,24,4,6,5,5,0,0
match-4b056123-1214,solidaritaet_ueberleben,standard,1,1,0,8,5,13,8,29,2,8,1,11,0,0
match-d1b81065-1215,forschung_muskelkraft,standard,0,1,1,12,7,23,11,38,28,9,15,13,0,0
match-d1b81065-1215,solidaritaet_ueberleben,standard,1,0,0,12,-3,18,16,48,22,15,5,3,0,0
match-ed40ab7f-1216,forschung_muskelkraft,standard,0,0,1,15,0,22,16,61,44,14,15,7,0,0
match-ed40ab7f-1216,solidaritaet_ueberleben,standard,1,1,0,15,2,20,18,61,48,17,9,9,0,0
match-73f35ac2-1217,forschung_muskelkraft,standard,0,0,1,11,-4,19,11,43,17,9,2,5,0,0
match-73f35ac2-1217,solidaritaet_ueberleben,standard,1,1,0,11,5,16,8,34,26,7,4,14,0,0
match-faa5ea04-1218,forschung_muskelkraft,standard,0,1,1,15,5,22,10,41,64,8,17,12,0,0
match-faa5ea04-1218,solidaritaet_ueberleben,standard,1,0,0,15,-2,21,19,64,47,18,3,5,0,0
match-81589947-1219,forschung_muskelkraft,standard,0,0,1,8,-6,13,9,32,2,8,3,5,0,0
match-81589947-1219,solidaritaet_ueberleben,standard,1,1,0,8,5,14,8,31,1,8,5,16,0,0
match-080b288a-1220,forschung_muskelkraft,standard,0,1,1,14,6,23,15,61,35,13,17,15,0,0
match-080b288a-1220,solidaritaet_ueberleben,standard,1,0,0,14,-5,19,18,61,36,18,9,4,1,0
match-8ebdd7cc-1221,forschung_muskelkraft,standard,0,1,1,10,4,19,7,30,20,6,11,10,0,0
match-8ebdd7cc-1221,solidaritaet_ueberleben,standard,1,0,0,10,0,15,13,35,13,12,1,6,0,0
match-1570670f-1222,forschung_muskelkraft,standard,0,1,1,10,3,17,11,39,6,9,7,10,0,0
match-1570670f-1222,solidaritaet_ueberleben,standard,1,0,0,10,0,13,11,43,4,10,4,7,0,0
match-9c231651-1223,forschung_muskelkraft,standard,0,0,1,16,0,21,14,57,68,12,10,6,0,0
match-9c231651-1223,solidaritaet_ueberleben,standard,1,1,0,16,1,22,15,55,70,14,8,7,0,0
match-e157a91a-1224,forschung_muskelkraft,standard,0,1,1,14,8,23,10,38,54,8,12,21,0,0
match-e157a91a-1224,solidaritaet_ueberleben,standard,1,0,0,14,-11,20,17,56,38,16,3,2,1,0
match-680a585d-1225,forschung_muskelkraft,standard,0,0,1,12,-1,23,11,39,27,9,12,8,0,0
match-680a585d-1225,solidaritaet_ueberleben,standard,1,1,0,12,2,18,16,53,15,15,4,11,0,0
match-eebce79f-1226,forschung_muskelkraft,standard,0,,1,16,0,21,17,67,53,15,18,7,0,0
match-eebce79f-1226,solidaritaet_ueberleben,standard,1,,0,16,0,23,20,68,54,19,12,7,0,0
match-756f96e2-1227,forschung_muskelkraft,standard,0,1,1,14,4,23,12,46,45,10,16,12,0,0
match-756f96e2-1227,solidaritaet_ueberleben,standard,1,0,0,14,-2,21,18,61,37,17,5,6,0,0
match-fc222624-1228,forschung_muskelkraft,standard,0,1,1,9,5,16,8,30,6,7,10,13,0,0
match-fc222624-1228,solidaritaet_ueberleben,standard,1,0,0,9,-3,13,12,38,4,11,3,5,0,0
match-82d4d567-1229,forschung_muskelkraft,standard,0,1,1,11,1,22,13,50,11,11,12,10,0,0
match-82d4d567-1229,solidaritaet_ueberleben,standard,1,0,0,11,0,16,14,52,10,13,6,9,0,0
match-098764aa-1230,forschung_muskelkraft,standard,0,0,1,9,0,17,8,25,12,6,6,7,0,0
match-098764aa-1230,solidaritaet_ueberleben,standard,1,1,0,9,3,16,10,33,5,10,2,10,0,0
match-903a13ec-1231,forschung_muskelkraft,standard,0,0,1,16,-1,23,16,61,59,14,14,6,0,0
match-903a13ec-1231,solidaritaet_ueberleben,standard,1,1,0,16,1,21,17,60,63,16,9,8,0,0
match-abc2af06-1232,forschung_muskelkraft,standard,0,0,1,8,-1,18,10,34,1,8,3,0,0,0
match-abc2af06-1232,solidaritaet_ueberleben,standard,1,1,0,8,10,11,9,33,3,8,4,11,0,0
match-32755e49-1233,forschung_muskelkraft,standard,0,1,1,13,8,21,14,54,28,12,14,13,0,0
match-32755e49-1233,solidaritaet_ueberleben,standard,1,0,0,13,-3,19,17,55,27,16,7,2,0,0
match-b927ed8b-1234,forschung_muskelkraft,standard,0,0,1,16,0,22,13,53,67,11,19,3,0,0
match-b927ed8b-1234,solidaritaet_ueberleben,standard,1,1,0,16,4,23,20,68,53,19,6,7,0,0
match-3fda9cce-1235,forschung_muskelkraft,standard,0,0,1,15,0,22,12,45,60,10,14,7,0,0
match-3fda9cce-1235,solidaritaet_ueberleben,standard,1,1,0,15,2,19,17,60,45,16,7,9,0,0
match-c68d2c10-1236,forschung_muskelkraft,standard,0,1,1,10,6,19,9,30,19,7,15,10,0,0
match-c68d2c10-1236,solidaritaet_ueberleben,standard,1,0,0,10,0,16,14,43,8,14,2,4,1,0
match-4d3fdb53-1237,forschung_muskelkraft,standard,0,0,1,11,-1,21,9,35,26,7,9,7,0,0
match-4d3fdb53-1237,solidaritaet_ueberleben,standard,1,1,0,11,3,18,13,42,13,12,2,11,0,0
match-d3f26a95-1238,forschung_muskelkraft,standard,0,0,1,10,0,19,10,39,16,8,4,5,0,0
match-d3f26a95-1238,solidaritaet_ueberleben,standard,1,1,0,10,5,16,10,37,11,9,3,10,0,0
match-5aa519d8-1239,forschung_muskelkraft,standard,0,1,1,14,7,23,13,55,40,11,16,12,0,0
match-5aa519d8-1239,solidaritaet_ueberleben,standard,1,0,0,14,-2,18,18,58,37,17,6,3,0,0
match-4c81bd43-1240,forschung_muskelkraft,standard,0,0,1,8,-2,18,6,27,6,5,3,0,0,0
match-4c81bd43-1240,solidaritaet_ueberleben,standard,1,1,0,8,10,12,7,29,4,7,0,12,0,0
match-d3344c85-1241,forschung_muskelkraft,standard,0,1,1,13,4,23,11,42,36,9,14,13,0,0
match-d3344c85-1241,solidaritaet_ueberleben,standard,1,0,0,13,-3,18,16,56,26,15,4,6,1,0
match-59e6fbc8-1242,forschung_muskelkraft,standard,0,0,1,10,-3,18,7,29,16,5,3,0,0,0
match-59e6fbc8-1242,solidaritaet_ueberleben,standard,1,1,0,10,10,15,9,36,13,8,0,13,0,0
match-e0998b0a-1243,forschung_muskelkraft,standard,0,0,1,13,0,19,13,50,34,11,14,7,0,0
match-e0998b0a-1243,solidaritaet_ueberleben,standard,1,1,0,13,3,19,17,56,24,16,9,10,0,0
match-674c3a4d-1244,forschung_muskelkraft,standard,0,1,1,10,4,20,10,37,9,8,12,16,0,0
match-674c3a4d-1244,solidaritaet_ueberleben,standard,1,0,0,10,-6,14,13,42,7,12,3,6,0,0
match-edfec98f-1245,forschung_muskelkraft,standard,0,1,1,17,4,22,14,57,79,12,19,8,0,0
match-edfec98f-1245,solidaritaet_ueberleben,standard,1,0,0,17,-1,22,20,68,71,19,9,3,0,0
match-74b178d2-1246,forschung_muskelkraft,standard,0,0,1,7,-4,16,7,21,1,5,4,4,0,0
match-74b178d2-1246,solidaritaet_ueberleben,standard,1,1,0,7,6,11,8,25,0,8,0,14,0,0
match-fb640814-1247,forschung_muskelkraft,standard,0,0,1,8,-4,17,9,32,3,8,6,4,0,0
match-fb640814-1247,solidaritaet_ueberleben,standard,1,1,0,8,6,15,9,30,6,9,3,14,0,0
match-16eca32f-1248,forschung_muskelkraft,standard,0,1,1,8,2,16,10,34,2,8,6,11,0,0
match-16eca32f-1248,solidaritaet_ueberleben,standard,1,0,0,8,-1,13,9,33,3,8,3,8,2,0
match-9d9f5271-1249,forschung_muskelkraft,standard,0,0,1,10,0,16,8,31,14,7,14,8,0,0
match-9d9f5271-1249,solidaritaet_ueberleben,standard,1,1,0,10,2,17,14,44,5,14,4,10,0,0
match-2451e1b4-1250,forschung_muskelkraft,standard,0,0,1,17,-2,23,10,37,105,8,13,0,0,0
match-2451e1b4-1250,solidaritaet_ueberleben,standard,1,1,0,17,7,22,17,63,75,16,3,9,0,0
match-ab0490f6-1251,forschung_muskelkraft,standard,0,0,1,8,-3,15,10,33,2,8,6,0,0,0
match-ab0490f6-1251,solidaritaet_ueberleben,standard,1,1,0,8,10,15,9,34,2,9,5,13,0,0
match-31b72039-1252,forschung_muskelkraft,standard,0,0,1,15,-1,22,17,69,36,15,12,8,0,0
match-31b72039-1252,solidaritaet_ueberleben,standard,1,1,0,15,2,22,15,56,54,14,11,11,0,0
match-b869cf7b-1253,forschung_muskelkraft,standard,0,,1,17,-2,21,14,53,93,12,17,5,0,0
match-b869cf7b-1253,solidaritaet_ueberleben,standard,1,,0,17,-1,22,20,68,69,19,8,6,1,0
match-3f1c7ebe-1254,forschung_muskelkraft,standard,0,0,1,11,-1,22,11,39,16,9,9,8,0,0
match-3f1c7ebe-1254,solidaritaet_ueberleben,standard,1,1,0,11,2,17,11,39,16,10,4,11,0,0
match-c5cf0e00-1255,forschung_muskelkraft,standard,0,1,1,13,5,22,13,52,32,11,14,14,0,0
match-c5cf0e00-1255,solidaritaet_ueberleben,standard,1,0,0,13,-4,18,16,59,23,16,7,5,0,0
match-bda3a350-1256,forschung_muskelkraft,standard,0,1,1,11,8,16,9,34,21,8,14,11,0,0
match-bda3a350-1256,solidaritaet_ueberleben,standard,1,0,0,11,-1,17,15,51,7,14,3,2,0,0
match-44565293-1257,forschung_muskelkraft,standard,0,1,1,12,5,20,9,36,30,7,16,19,0,0
match-44565293-1257,solidaritaet_ueberleben,standard,1,0,0,12,-9,18,16,51,16,15,3,5,0,0
match-cb08e1d5-1258,forschung_muskelkraft,standard,0,0,1,10,-4,21,11,39,6,9,8,7,0,0
match-cb08e1d5-1258,solidaritaet_ueberleben,standard,1,1,0,10,3,16,11,37,12,10,4,14,0,0
match-51bb9118-1259,forschung_muskelkraft,standard,0,1,1,16,2,23,13,53,72,11,17,7,0,0
match-51bb9118-1259,solidaritaet_ueberleben,standard,1,0,0,16,0,22,20,68,53,19,6,5,0,0
match-d86e205a-1260,forschung_muskelkraft,standard,0,1,1,16,1,22,11,45,75,9,16,16,0,0
match-d86e205a-1260,solidaritaet_ueberleben,standard,1,0,0,16,-7,21,19,67,57,18,5,8,0,0
match-5f20cf9d-1261,forschung_muskelkraft,standard,0,0,1,16,-1,21,13,53,67,11,8,6,0,0
match-5f20cf9d-1261,solidaritaet_ueberleben,standard,1,1,0,16,1,20,12,47,77,11,7,8,0,0
match-e5d37edf-1262,forschung_muskelkraft,standard,0,1,1,17,5,23,12,45,91,10,19,10,0,0
match-e5d37edf-1262,solidaritaet_ueberleben,standard,1,0,0,17,-3,23,20,68,68,19,5,2,0,0
match-6c860e22-1263,forschung_muskelkraft,standard,0,1,1,13,10,21,16,63,19,14,14,11,0,0
match-6c860e22-1263,solidaritaet_ueberleben,standard,1,0,0,13,-1,18,17,55,25,17,9,0,0,0
match-880ea93c-1264,forschung_muskelkraft,standard,0,1,1,13,8,23,12,51,32,10,14,10,0,0
match-880ea93c-1264,solidaritaet_ueberleben,standard,1,0,0,13,0,19,17,52,28,16,6,2,0,0
match-0ec1587f-1265,forschung_muskelkraft,standard,0,1,1,12,3,21,14,51,16,12,13,14,0,0
match-0ec1587f-1265,solidaritaet_ueberleben,standard,1,0,0,12,-4,17,16,52,18,15,7,7,0,0
match-9573e7c1-1266,forschung_muskelkraft,standard,0,1,1,16,1,22,17,63,57,15,8,7,0,0
match-9573e7c1-1266,solidaritaet_ueberleben,standard,1,0,0,16,0,22,14,54,66,13,11,6,0,0
match-1c269704-1267,forschung_muskelkraft,standard,0,1,1,6,4,15,6,19,1,5,6,10,0,0
match-1c269704-1267,solidaritaet_ueberleben,standard,1,0,0,6,0,10,7,20,1,7,0,6,0,0
match-a2d92646-1268,forschung_muskelkraft,standard,0,1,1,16,1,23,13,50,70,11,14,7,0,0
match-a2d92646-1268,solidaritaet_ueberleben,standard,1,0,0,16,0,22,17,54,66,16,7,6,0,0
match-298bd589-1269,forschung_muskelkraft,standard,0,0,1,17,-1,23,11,42,94,9,15,0,0,0
match-298bd589-1269,solidaritaet_ueberleben,standard,1,1,0,17,4,23,18,65,73,17,5,5,0,0
match-b03e64cb-1270,forschung_muskelkraft,standard,0,1,1,9,7,21,8,31,5,7,8,12,0,0
match-b03e64cb-1270,solidaritaet_ueberleben,standard,1,0,0,9,-2,13,11,40,5,10,3,3,0,0
match-36f1140e-1271,forschung_muskelkraft,standard,0,1,1,7,10,15,8,26,1,6,5,11,0,0
match-36f1140e-1271,solidaritaet_ueberleben,standard,1,0,0,7,-1,13,6,24,3,6,1,0,0,0
match-28cdb779-1272,forschung_muskelkraft,standard,0,1,1,12,6,21,14,56,15,12,10,11,0,0
match-28cdb779-1272,solidaritaet_ueberleben,standard,1,0,0,12,-1,17,13,42,29,13,7,4,0,0
match-af8046bb-1273,forschung_muskelkraft,standard,0,1,1,6,4,13,7,19,2,5,3,10,0,0
match-af8046bb-1273,solidaritaet_ueberleben,standard,1,0,0,6,0,10,6,20,1,6,0,6,0,0
match-3632f5fe-1274,forschung_muskelkraft,standard,0,0,1,5,0,11,5,14,1,4,1,0,0,0
match-3632f5fe-1274,solidaritaet_ueberleben,standard,1,1,0,5,10,9,5,13,1,4,1,10,0,0
match-bce58540-1275,forschung_muskelkraft,standard,0,1,1,15,1,23,10,40,65,8,16,10,0,0
match-bce58540-1275,solidaritaet_ueberleben,standard,1,0,0,15,0,19,18,64,45,17,4,9,0,0
match-43983483-1276,forschung_muskelkraft,standard,0,0,1,8,-3,19,8,29,4,6,4,0,0,0
match-43983483-1276,solidaritaet_ueberleben,standard,1,1,0,8,10,12,8,31,2,8,1,13,0,0
match-ca4ac3c5-1277,forschung_muskelkraft,standard,0,0,1,6,-1,14,6,20,1,5,3,3,0,0
match-ca4ac3c5-1277,solidaritaet_ueberleben,standard,1,1,0,6,7,11,7,20,1,7,2,11,1,0
match-50fd7308-1278,forschung_muskelkraft,standard,0,0,1,9,-4,18,7,25,17,6,5,7,0,0
match-50fd7308-1278,solidaritaet_ueberleben,standard,1,1,0,9,3,14,10,39,6,10,1,14,0,0
match-d7b0024a-1279,forschung_muskelkraft,standard,0,1,1,15,6,22,16,63,42,14,16,10,0,0
match-d7b0024a-1279,solidaritaet_ueberleben,standard,1,0,0,15,0,21,19,66,42,18,9,4,0,0
match-f338bd64-1280,forschung_muskelkraft,standard,0,0,1,7,0,16,6,19,3,5,4,4,0,0
match-f338bd64-1280,solidaritaet_ueberleben,standard,1,1,0,7,6,13,7,25,2,6,0,10,0,0
match-79eb4ca7-1281,forschung_muskelkraft,standard,0,0,1,10,-4,16,10,40,15,8,10,6,0,0
match-79eb4ca7-1281,solidaritaet_ueberleben,standard,1,1,0,10,4,15,13,40,8,12,3,14,0,0
match-009dfbea-1282,forschung_muskelkraft,standard,0,0,1,9,-1,21,11,42,3,11,7,5,0,0
match-009dfbea-1282,solidaritaet_ueberleben,standard,1,1,0,9,5,13,12,36,3,11,6,11,0,0
match-87508b2c-1283,forschung_muskelkraft,standard,0,1,1,16,3,23,17,69,55,15,18,8,0,0
match-87508b2c-1283,solidaritaet_ueberleben,standard,1,0,0,16,-1,22,20,68,61,19,10,4,1,0
match-0e033a6f-1284,forschung_muskelkraft,standard,0,1,1,13,9,22,10,37,41,8,11,18,0,0
match-0e033a6f-1284,solidaritaet_ueberleben,standard,1,0,0,13,-8,16,16,50,32,15,3,1,0,0
match-94b5c9b1-1285,forschung_muskelkraft,standard,0,1,1,17,1,23,14,59,81,12,17,13,0,0
match-94b5c9b1-1285,solidaritaet_ueberleben,standard,1,0,0,17,-6,22,20,68,68,19,7,6,0,0
match-1b6878f4-1286,forschung_muskelkraft,standard,0,0,1,6,0,14,4,15,6,3,1,0,0,0
match-1b6878f4-1286,solidaritaet_ueberleben,standard,1,1,0,6,10,11,6,20,1,6,2,10,0,0
match-a21b0836-1287,forschung_muskelkraft,standard,0,1,1,17,3,22,12,45,91,10,19,15,0,0
match-a21b0836-1287,solidaritaet_ueberleben,standard,1,0,0,17,-8,23,20,68,68,19,5,4,0,0
match-e74fbaff-1288,forschung_muskelkraft,standard,0,0,1,16,-1,23,13,53,67,11,17,0,0,0
match-e74fbaff-1288,solidaritaet_ueberleben,standard,1,1,0,16,7,22,18,64,60,17,7,8,0,0
match-6e024a42-1289,forschung_muskelkraft,standard,0,1,1,15,6,22,12,43,62,10,16,18,0,0
match-6e024a42-1289,solidaritaet_ueberleben,standard,1,0,0,15,-8,21,19,66,45,18,5,4,7,0
match-f4b4f984-1290,forschung_muskelkraft,standard,0,1,1,10,6,17,8,30,15,6,12,12,0,0
match-f4b4f984-1290,solidaritaet_ueberleben,standard,1,0,0,10,-2,14,14,41,8,13,1,4,0,0
match-7b6788c7-1291,forschung_muskelkraft,standard,0,0,1,9,-1,18,9,36,6,7,6,0,0,0
match-7b6788c7-1291,solidaritaet_ueberleben,standard,1,1,0,9,10,15,9,35,10,9,2,11,0,0
match-021a380a-1292,forschung_muskelkraft,standard,0,1,1,8,6,15,6,23,5,6,8,13,0,0
match-021a380a-1292,solidaritaet_ueberleben,standard,1,0,0,8,-3,13,11,36,0,11,1,4,0,0
match-88ccc74c-1293,forschung_muskelkraft,standard,0,1,1,7,5,16,7,24,4,6,4,13,0,0
match-88ccc74c-1293,solidaritaet_ueberleben,standard,1,0,0,7,-3,11,8,26,2,8,1,5,0,0
match-0f7f768f-1294,forschung_muskelkraft,standard,0,1,1,16,5,21,19,73,47,17,16,10,0,0
match-0f7f768f-1294,solidaritaet_ueberleben,standard,1,0,0,16,-1,21,19,67,57,18,12,4,0,0
match-963205d1-1295,forschung_muskelkraft,standard,0,1,1,15,4,22,18,71,40,16,10,13,0,0
match-963205d1-1295,solidaritaet_ueberleben,standard,1,0,0,15,-3,21,16,57,57,15,11,6,0,0
match-b1baa0eb-1296,forschung_muskelkraft,standard,0,1,1,12,4,22,11,39,27,9,17,12,0,0
match-b1baa0eb-1296,solidaritaet_ueberleben,standard,1,0,0,12,-2,17,16,55,16,16,4,6,0,0
match-386d502e-1297,forschung_muskelkraft,standard,0,1,1,9,3,20,9,34,7,7,9,11,0,0
match-386d502e-1297,solidaritaet_ueberleben,standard,1,0,0,9,-1,15,11,36,8,10,2,7,0,0
match-bf1fff70-1298,forschung_muskelkraft,standard,0,0,1,9,-1,17,9,32,6,7,5,6,0,0
match-bf1fff70-1298,solidaritaet_ueberleben,standard,1,1,0,9,4,14,10,35,5,9,2,11,0,0
match-45d28eb3-1299,forschung_muskelkraft,standard,0,1,1,11,1,23,12,46,15,10,15,14,0,0
match-45d28eb3-1299,solidaritaet_ueberleben,standard,1,0,0,11,-4,16,15,45,13,15,5,9,0,0
match-cc853df5-1300,forschung_muskelkraft,standard,0,1,1,11,5,22,9,36,19,7,15,11,0,0
match-cc853df5-1300,solidaritaet_ueberleben,standard,1,0,0,11,-1,18,15,45,16,15,2,5,1,0
match-5337cd38-1301,forschung_muskelkraft,standard,0,0,1,16,-1,22,14,51,69,12,14,6,0,0
match-5337cd38-1301,solidaritaet_ueberleben,standard,1,1,0,16,3,22,19,67,55,18,7,10,2,0
match-d9ea7c7a-1302,forschung_muskelkraft,standard,0,1,1,13,1,23,17,67,15,15,15,11,0,0
match-d9ea7c7a-1302,solidaritaet_ueberleben,standard,1,0,0,13,-1,20,16,58,23,15,10,9,0,0
match-609d0bbd-1303,forschung_muskelkraft,standard,0,1,1,8,1,15,8,31,4,8,6,15,0,0
match-609d0bbd-1303,solidaritaet_ueberleben,standard,1,0,0,8,-5,12,9,34,2,9,3,9,0,0
match-5279af28-1304,forschung_muskelkraft,standard,0,0,1,8,-2,15,7,24,4,5,4,4,0,0
match-5279af28-1304,solidaritaet_ueberleben,standard,1,1,0,8,6,14,8,31,2,8,0,12,0,0
match-d92c5e6a-1305,forschung_muskelkraft,standard,0,0,1,13,-1,19,13,47,35,11,13,9,0,0
match-d92c5e6a-1305,solidaritaet_ueberleben,standard,1,1,0,13,1,18,16,53,30,15,6,11,0,0
match-5fdeedad-1306,forschung_muskelkraft,standard,0,1,1,16,2,23,14,54,66,12,18,8,0,0
match-5fdeedad-1306,solidaritaet_ueberleben,standard,1,0,0,16,-1,22,20,68,54,19,8,5,0,0
match-e6919cef-1307,forschung_muskelkraft,standard,0,1,1,13,5,22,11,39,40,9,14,13,0,0
match-e6919cef-1307,solidaritaet_ueberleben,standard,1,0,0,13,-3,19,16,55,25,15,4,5,0,0
match-6d442c32-1308,forschung_muskelkraft,standard,0,0,1,13,-4,21,11,42,36,9,11,2,0,0
match-6d442c32-1308,solidaritaet_ueberleben,standard,1,1,0,13,8,19,14,54,24,13,4,14,0,0
match-f3f6db74-1309,forschung_muskelkraft,standard,0,1,1,10,7,20,9,31,14,7,11,11,0,0
match-f3f6db74-1309,solidaritaet_ueberleben,standard,1,0,0,10,-1,15,14,44,3,13,2,3,0,0
match-7aa96ab7-1310,forschung_muskelkraft,standard,0,0,1,12,0,21,14,51,15,12,7,1,0,0
match-7aa96ab7-1310,solidaritaet_ueberleben,standard,1,1,0,12,9,20,12,49,17,11,8,10,0,0
match-015c19fa-1311,forschung_muskelkraft,standard,0,0,1,10,-1,22,8,30,25,7,8,9,0,0
match-015c19fa-1311,solidaritaet_ueberleben,standard,1,1,0,10,1,13,13,41,7,12,2,11,0,0
match-1ce4b514-1312,forschung_muskelkraft,standard,0,0,1,9,0,16,8,30,6,6,10,4,0,0
match-1ce4b514-1312,solidaritaet_ueberleben,standard,1,1,0,9,6,15,10,34,2,9,2,10,0,0
match-a3974456-1313,forschung_muskelkraft,standard,0,1,1,13,4,22,12,48,30,10,15,12,0,0
match-a3974456-1313,solidaritaet_ueberleben,standard,1,0,0,13,-2,19,17,61,23,16,6,6,0,0
match-2a49f399-1314,forschung_muskelkraft,standard,0,1,1,15,3,23,15,59,50,13,18,9,0,0
match-2a49f399-1314,solidaritaet_ueberleben,standard,1,0,0,15,0,22,19,64,42,18,10,6,0,0
match-b0fc82db-1315,forschung_muskelkraft,standard,0,,1,17,-2,23,13,52,84,11,15,6,0,0
match-b0fc82db-1315,solidaritaet_ueberleben,standard,1,,0,17,-2,22,19,67,74,18,6,6,0,0
match-37af321e-1316,forschung_muskelkraft,standard,0,0,1,12,0,22,12,45,21,10,10,8,0,0
match-37af321e-1316,solidaritaet_ueberleben,standard,1,1,0,12,2,18,15,54,16,14,5,10,0,0
match-be61c160-1317,forschung_muskelkraft,standard,0,1,1,9,4,19,10,33,3,8,10,15,0,0
match-be61c160-1317,solidaritaet_ueberleben,standard,1,0,0,9,-5,14,12,38,2,11,3,6,0,0
match-451470a3-1318,forschung_muskelkraft,standard,0,0,1,11,-4,18,13,49,16,11,8,5,0,0
match-451470a3-1318,solidaritaet_ueberleben,standard,1,1,0,11,5,14,13,46,15,12,6,14,0,0
match-cbc71fe5-1319,forschung_muskelkraft,standard,0,1,1,12,6,19,9,37,29,8,13,15,0,0
match-cbc71fe5-1319,solidaritaet_ueberleben,standard,1,0,0,12,-5,17,15,51,22,15,3,4,1,0
match-10fbb2af-1320,forschung_muskelkraft,standard,0,1,1,11,4,20,13,49,17,11,8,11,0,0
match-10fbb2af-1320,solidaritaet_ueberleben,standard,1,0,0,11,-1,16,11,40,18,11,8,6,0,0
match-97ae41f1-1321,forschung_muskelkraft,standard,0,0,1,10,0,17,9,27,18,7,4,0,0,0
match-97ae41f1-1321,solidaritaet_ueberleben,standard,1,1,0,10,10,13,8,37,13,8,2,10,0,0
match-1e60f134-1322,forschung_muskelkraft,standard,0,1,1,10,6,19,9,32,13,7,14,13,0,0
match-1e60f134-1322,solidaritaet_ueberleben,standard,1,0,0,10,-3,15,14,44,5,14,2,4,0,0
match-a5138076-1323,forschung_muskelkraft,standard,0,,1,17,-2,23,17,67,73,15,16,4,0,0
match-a5138076-1323,solidaritaet_ueberleben,standard,1,,0,17,0,22,18,65,71,17,10,6,0,0
match-2bc62fb9-1324,forschung_muskelkraft,standard,0,0,1,9,-1,16,8,27,9,6,11,9,0,0
match-2bc62fb9-1324,solidaritaet_ueberleben,standard,1,1,0,9,1,14,13,37,5,13,3,11,0,0
match-b278defb-1325,forschung_muskelkraft,standard,0,0,1,7,-1,16,7,25,3,7,5,4,0,0
match-b278defb-1325,solidaritaet_ueberleben,standard,1,1,0,7,6,13,8,24,2,8,2,11,0,0
match-392b6e3e-1326,forschung_muskelkraft,standard,0,1,1,12,6,21,10,37,29,8,13,16,0,0
match-392b6e3e-1326,solidaritaet_ueberleben,standard,1,0,0,12,-6,16,16,56,16,15,3,4,0,0
match-bfde1d80-1327,forschung_muskelkraft,standard,0,1,1,8,7,14,9,28,1,7,7,13,0,0
match-bfde1d80-1327,solidaritaet_ueberleben,standard,1,0,0,8,-3,13,9,33,1,9,2,3,0,0
match-db66b89a-1328,forschung_muskelkraft,standard,0,0,1,9,0,17,10,37,4,8,5,0,0,0
match-db66b89a-1328,solidaritaet_ueberleben,standard,1,1,0,9,10,13,9,35,6,9,3,10,0,0
match-621947dd-1329,forschung_muskelkraft,standard,0,0,1,11,0,18,10,38,17,8,7,0,0,0
match-621947dd-1329,solidaritaet_ueberleben,standard,1,1,0,11,10,15,9,29,26,9,3,10,0,0
match-e8cbf71f-1330,forschung_muskelkraft,standard,0,0,1,9,-2,19,10,34,10,8,5,5,0,0
match-e8cbf71f-1330,solidaritaet_ueberleben,standard,1,1,0,9,5,13,10,37,3,9,4,12,0,0
match-6f7e8662-1331,forschung_muskelkraft,standard,0,0,1,10,0,22,9,28,18,7,5,0,0,0
match-6f7e8662-1331,solidaritaet_ueberleben,standard,1,1,0,10,10,15,9,37,12,8,2,10,0,0
match-f63135a4-1332,forschung_muskelkraft,standard,0,1,1,11,6,21,10,37,18,8,15,16,0,0
match-f63135a4-1332,solidaritaet_ueberleben,standard,1,0,0,11,-6,16,15,47,14,15,3,4,0,0
match-7ce3c4e7-1333,forschung_muskelkraft,standard,0,0,1,8,-1,20,6,22,7,5,4,5,0,0
match-7ce3c4e7-1333,solidaritaet_ueberleben,standard,1,1,0,8,5,14,8,26,10,8,0,11,0,0
match-0396742a-1334,forschung_muskelkraft,standard,0,1,1,13,6,22,11,39,39,9,16,15,0,0
match-0396742a-1334,solidaritaet_ueberleben,standard,1,0,0,13,-5,19,17,56,27,16,5,4,0,0
match-8a49036c-1335,forschung_muskelkraft,standard,0,,1,17,-1,23,11,43,99,9,13,4,0,0
match-8a49036c-1335,solidaritaet_ueberleben,standard,1,,0,17,0,23,17,64,80,16,4,5,0,0
match-7c25a6d7-1336,forschung_muskelkraft,standard,0,1,1,13,4,22,11,38,45,9,16,13,0,0
match-7c25a6d7-1336,solidaritaet_ueberleben,standard,1,0,0,13,-3,19,17,57,27,16,4,6,0,0
match-02d8561a-1337,forschung_muskelkraft,standard,0,,1,16,0,23,19,73,51,17,10,8,0,0
match-02d8561a-1337,solidaritaet_ueberleben,standard,1,,0,16,-1,22,15,59,65,14,15,7,0,0
match-898ae55c-1338,forschung_muskelkraft,standard,0,0,1,12,-3,21,13,48,18,11,12,4,0,0
match-898ae55c-1338,solidaritaet_ueberleben,standard,1,1,0,12,6,17,15,48,22,15,7,13,0,0
match-103d949f-1339,forschung_muskelkraft,standard,0,1,1,15,4,23,13,48,62,11,17,15,0,0
match-103d949f-1339,solidaritaet_ueberleben,standard,1,0,0,15,-5,20,19,63,45,18,8,6,0,0
match-96f023e1-1340,forschung_muskelkraft,standard,0,0,1,16,-1,23,17,67,57,15,19,6,0,0
match-96f023e1-1340,solidaritaet_ueberleben,standard,1,1,0,16,1,23,20,68,58,19,10,8,0,0
match-1da2d324-1341,forschung_muskelkraft,standard,0,0,1,9,-1,16,9,35,6,8,6,9,0,0
match-1da2d324-1341,solidaritaet_ueberleben,standard,1,1,0,9,1,15,8,29,7,8,4,11,0,0
match-a4556266-1342,forschung_muskelkraft,standard,0,1,1,9,6,18,10,31,9,8,12,11,0,0
match-a4556266-1342,solidaritaet_ueberleben,standard,1,0,0,9,-1,14,12,38,6,12,3,4,0,0
match-2b0811a9-1343,forschung_muskelkraft,standard,0,0,1,8,0,14,6,20,8,5,5,7,0,0
match-2b0811a9-1343,solidaritaet_ueberleben,standard,1,1,0,8,3,14,8,29,3,8,0,10,0,0
match-4690acc3-1344,forschung_muskelkraft,standard,0,0,1,9,0,20,8,25,11,6,6,3,0,0
match-4690acc3-1344,solidaritaet_ueberleben,standard,1,1,0,9,7,14,10,36,9,10,2,10,0,0
match-cd435c05-1345,forschung_muskelkraft,standard,0,0,1,16,-5,22,20,75,49,18,16,6,0,0
match-cd435c05-1345,solidaritaet_ueberleben,standard,1,1,0,16,3,21,20,68,56,19,15,14,0,0
match-53f5eb48-1346,forschung_muskelkraft,standard,0,0,1,15,0,22,15,59,51,13,8,1,0,0
match-53f5eb48-1346,solidaritaet_ueberleben,standard,1,1,0,15,8,20,12,49,60,11,8,9,0,0
match-daa89a8a-1347,forschung_muskelkraft,standard,0,1,1,6,4,13,7,19,2,5,3,12,0,0
match-daa89a8a-1347,solidaritaet_ueberleben,standard,1,0,0,6,-2,10,7,21,0,7,0,6,0,0
match-615b29cd-1348,forschung_muskelkraft,standard,0,1,1,12,1,21,14,57,21,12,16,13,0,0
match-615b29cd-1348,solidaritaet_ueberleben,standard,1,0,0,12,-3,18,16,52,21,16,7,9,0,0
match-e80dd90f-1349,forschung_muskelkraft,standard,0,1,1,16,2,23,15,61,59,13,16,7,0,0
match-e80dd90f-1349,solidaritaet_ueberleben,standard,1,0,0,16,0,22,18,66,59,17,9,5,1,0
match-6ec06852-1350,forschung_muskelkraft,standard,0,1,1,16,4,23,11,44,81,9,17,8,0,0
match-6ec06852-1350,solidaritaet_ueberleben,standard,1,0,0,16,-1,22,20,68,59,19,4,3,0,0
match-f5731794-1351,forschung_muskelkraft,standard,0,0,1,12,0,22,11,42,24,9,12,4,0,0
match-f5731794-1351,solidaritaet_ueberleben,standard,1,1,0,12,6,18,14,45,24,13,4,10,0,0
match-3aa7aa5e-1352,forschung_muskelkraft,standard,0,1,1,16,2,23,19,73,47,17,14,9,0,0
match-3aa7aa5e-1352,solidaritaet_ueberleben,standard,1,0,0,16,0,21,18,64,56,17,13,7,0,0
match-c15a59a0-1353,forschung_muskelkraft,standard,0,0,1,11,-1,20,13,47,8,12,8,5,0,0
match-c15a59a0-1353,solidaritaet_ueberleben,standard,1,1,0,11,5,18,12,46,9,11,7,11,0,0
match-480ce8e3-1354,forschung_muskelkraft,standard,0,1,1,15,7,22,17,67,42,15,16,15,0,0
match-480ce8e3-1354,solidaritaet_ueberleben,standard,1,0,0,15,-5,20,19,62,49,18,10,3,0,0
match-cebf9825-1355,forschung_muskelkraft,standard,0,0,1,8,0,14,9,30,3,7,5,2,0,0
match-cebf9825-1355,solidaritaet_ueberleben,standard,1,1,0,8,8,14,9,31,3,8,2,10,0,0
match-55722768-1356,forschung_muskelkraft,standard,0,1,1,12,5,22,12,44,28,10,14,13,0,0
match-55722768-1356,solidaritaet_ueberleben,standard,1,0,0,12,-3,19,16,55,19,15,5,5,2,0
match-dc24d6aa-1357,forschung_muskelkraft,standard,0,1,1,16,2,22,13,55,65,11,15,10,0,0
match-dc24d6aa-1357,solidaritaet_ueberleben,standard,1,0,0,16,-1,21,18,65,61,17,6,7,0,0
match-62d765ed-1358,forschung_muskelkraft,standard,0,0,1,10,-2,21,10,40,15,9,7,0,0,0
match-62d765ed-1358,solidaritaet_ueberleben,standard,1,1,0,10,10,14,10,30,15,10,4,12,0,0
match-e98a152f-1359,forschung_muskelkraft,standard,0,1,1,8,7,19,8,29,4,7,7,11,0,0
match-e98a152f-1359,solidaritaet_ueberleben,standard,1,0,0,8,-1,12,10,31,3,9,3,3,0,0
match-0512b04a-1360,forschung_muskelkraft,standard,0,1,1,11,6,20,6,23,32,5,14,10,0,0
match-0512b04a-1360,solidaritaet_ueberleben,standard,1,0,0,11,0,17,15,48,11,14,0,4,0,0
match-8bc55f8c-1361,forschung_muskelkraft,standard,0,1,1,17,3,22,11,42,94,9,19,10,0,0
match-8bc55f8c-1361,solidaritaet_ueberleben,standard,1,0,0,17,-3,22,20,68,68,19,4,4,0,0
match-1277eecf-1362,forschung_muskelkraft,standard,0,0,1,7,0,15,8,26,2,7,6,6,0,0
match-1277eecf-1362,solidaritaet_ueberleben,standard,1,1,0,7,4,12,9,28,0,9,3,10,0,0
match-992a9e11-1363,forschung_muskelkraft,standard,0,1,1,13,4,23,14,57,25,12,16,13,0,0
match-992a9e11-1363,solidaritaet_ueberleben,standard,1,0,0,13,-3,18,17,57,25,16,7,6,0,0
match-1fdd2d54-1364,forschung_muskelkraft,standard,0,1,1,8,1,17,7,25,3,6,6,13,0,0
match-1fdd2d54-1364,solidaritaet_ueberleben,standard,1,0,0,8,-3,11,8,29,2,8,2,9,0,0
match-a68fdc96-1365,forschung_muskelkraft,standard,0,1,1,10,2,21,10,39,16,9,9,13,0,0
match-a68fdc96-1365,solidaritaet_ueberleben,standard,1,0,0,10,-3,14,11,35,16,10,5,8,0,0
match-2d426bd9-1366,forschung_muskelkraft,standard,0,1,1,7,8,13,7,24,3,5,5,10,0,0
match-2d426bd9-1366,solidaritaet_ueberleben,standard,1,0,0,7,0,13,8,25,2,7,0,2,0,0
match-b3f51b1b-1367,forschung_muskelkraft,standard,0,0,1,15,0,23,16,61,53,14,14,5,0,0
match-b3f51b1b-1367,solidaritaet_ueberleben,standard,1,1,0,15,4,21,19,65,41,18,10,9,1,0
match-a5d1be86-1368,forschung_muskelkraft,standard,0,0,1,14,0,23,13,49,42,11,11,5,0,0
match-a5d1be86-1368,solidaritaet_ueberleben,standard,1,1,0,14,5,20,14,57,37,13,6,10,3,0
match-2c844dc9-1369,forschung_muskelkraft,standard,0,1,1,7,7,14,8,24,2,6,3,10,0,0
match-2c844dc9-1369,solidaritaet_ueberleben,standard,1,0,0,7,0,12,6,24,3,6,1,3,0,0
match-b336fd0b-1370,forschung_muskelkraft,standard,0,0,1,11,-2,22,10,39,16,8,6,0,0,0
match-b336fd0b-1370,solidaritaet_ueberleben,standard,1,1,0,11,10,16,10,37,18,9,3,12,0,0
match-39e98c4e-1371,forschung_muskelkraft,standard,0,1,1,15,5,20,19,73,36,17,14,11,0,0
match-39e98c4e-1371,solidaritaet_ueberleben,standard,1,0,0,15,-1,20,18,62,55,17,12,5,0,0
match-c09c3b90-1372,forschung_muskelkraft,standard,0,1,1,10,6,19,11,39,6,9,8,11,0,0
match-c09c3b90-1372,solidaritaet_ueberleben,standard,1,0,0,10,-1,16,12,44,8,12,4,4,0,0
match-474ecad3-1373,forschung_muskelkraft,standard,0,1,1,8,8,19,8,26,2,7,8,11,0,0
match-474ecad3-1373,solidaritaet_ueberleben,standard,1,0,0,8,-1,12,11,31,1,10,3,2,0,0
match-ce017a15-1374,forschung_muskelkraft,standard,0,1,1,11,3,23,13,49,12,11,6,11,0,0
match-ce017a15-1374,solidaritaet_ueberleben,standard,1,0,0,11,-1,16,11,39,20,10,6,7,0,0
match-54b40958-1375,forschung_muskelkraft,standard,0,1,1,9,5,19,5,22,14,5,11,10,0,0
match-54b40958-1375,solidaritaet_ueberleben,standard,1,0,0,9,0,14,12,36,2,12,1,5,0,0
match-703ca472-1376,forschung_muskelkraft,standard,0,0,1,8,-1,18,10,34,2,9,5,2,0,0
match-703ca472-1376,solidaritaet_ueberleben,standard,1,1,0,8,8,12,9,33,2,8,4,11,0,0
match-f6ef53b4-1377,forschung_muskelkraft,standard,0,0,1,10,-1,18,9,39,11,7,4,0,0,0
match-f6ef53b4-1377,solidaritaet_ueberleben,standard,1,1,0,10,10,16,8,29,21,8,3,11,0,0
match-7da1e2f7-1378,forschung_muskelkraft,standard,0,1,1,15,4,22,13,53,57,11,13,11,0,0
match-7da1e2f7-1378,solidaritaet_ueberleben,standard,1,0,0,15,-1,20,18,65,40,17,7,6,0,0
match-0454923a-1379,forschung_muskelkraft,standard,0,0,1,10,-1,20,12,39,6,10,5,4,0,0
match-0454923a-1379,solidaritaet_ueberleben,standard,1,1,0,10,6,15,9,37,12,8,5,11,0,0
match-8b07217c-1380,forschung_muskelkraft,standard,0,0,1,16,0,23,15,61,59,13,16,0,0,0
match-8b07217c-1380,solidaritaet_ueberleben,standard,1,1,0,16,7,20,18,66,62,17,8,7,0,0
match-11b9d0bf-1381,forschung_muskelkraft,standard,0,0,1,10,-1,22,12,45,10,10,9,6,0,0
match-11b9d0bf-1381,solidaritaet_ueberleben,standard,1,1,0,10,4,14,13,44,9,13,6,11,0,0
match-986c6001-1382,forschung_muskelkraft,standard,0,1,1,14,4,22,14,57,34,12,15,11,0,0
match-986c6001-1382,solidaritaet_ueberleben,standard,1,0,0,14,-1,20,18,61,36,17,7,6,0,0
match-1f1f0f44-1383,forschung_muskelkraft,standard,0,0,1,9,0,19,10,36,5,8,6,4,0,0
match-1f1f0f44-1383,solidaritaet_ueberleben,standard,1,1,0,9,6,15,9,36,6,9,3,10,0,0
match-16f3a494-1384,forschung_muskelkraft,standard,0,1,1,11,6,19,10,40,19,8,9,12,0,0
match-16f3a494-1384,solidaritaet_ueberleben,standard,1,0,0,11,-2,15,11,43,16,10,4,4,0,0
match-9da653d6-1385,forschung_muskelkraft,standard,0,1,1,14,6,23,19,73,20,17,15,10,0,0
match-9da653d6-1385,solidaritaet_ueberleben,standard,1,0,0,14,0,20,16,58,35,15,14,4,0,0
match-2458e319-1386,forschung_muskelkraft,standard,0,0,1,11,-1,21,12,51,15,11,5,6,0,0
match-2458e319-1386,solidaritaet_ueberleben,standard,1,1,0,11,4,16,10,40,15,9,6,11,0,0
match-ab0b925b-1387,forschung_muskelkraft,standard,0,0,1,15,-1,23,18,71,38,16,16,8,0,0
match-ab0b925b-1387,solidaritaet_ueberleben,standard,1,1,0,15,2,21,19,66,42,18,11,11,2,0
match-31be219e-1388,forschung_muskelkraft,standard,0,0,1,7,-2,16,8,26,1,6,2,5,0,0
match-31be219e-1388,solidaritaet_ueberleben,standard,1,1,0,7,5,11,8,27,1,7,2,12,0,0
match-b870d0e0-1389,forschung_muskelkraft,standard,0,1,1,16,1,22,12,44,76,10,16,13,0,0
match-b870d0e0-1389,solidaritaet_ueberleben,standard,1,0,0,16,-4,22,20,68,57,19,5,8,0,0
match-3f236023-1390,forschung_muskelkraft,standard,0,1,1,7,3,13,6,24,2,6,5,12,0,0
match-3f236023-1390,solidaritaet_ueberleben,standard,1,0,0,7,-2,13,7,22,5,7,4,7,0,0
match-c5d60f65-1391,forschung_muskelkraft,standard,0,0,1,16,0,21,18,71,53,16,17,7,0,0
match-c5d60f65-1391,solidaritaet_ueberleben,standard,1,1,0,16,2,20,19,64,56,18,11,9,0,0
match-e15eaa7f-1392,forschung_muskelkraft,standard,0,0,1,9,0,18,11,39,2,9,6,4,0,0
match-e15eaa7f-1392,solidaritaet_ueberleben,standard,1,1,0,9,6,14,9,36,4,8,4,10,0,0
match-681159c2-1393,forschung_muskelkraft,standard,0,0,1,10,0,20,10,37,13,8,8,0,0,0
match-681159c2-1393,solidaritaet_ueberleben,standard,1,1,0,10,10,13,11,42,10,11,3,10,0,0
match-eec3e904-1394,forschung_muskelkraft,standard,0,1,1,13,10,21,13,52,27,11,13,16,0,0
match-eec3e904-1394,solidaritaet_ueberleben,standard,1,0,0,13,-6,18,16,53,27,15,6,0,0,0
match-75769847-1395,forschung_muskelkraft,standard,0,1,1,15,5,21,10,36,69,8,16,10,0,0
match-75769847-1395,solidaritaet_ueberleben,standard,1,0,0,15,0,19,18,62,46,17,3,5,0,0
match-fc292789-1396,forschung_muskelkraft,standard,0,1,1,12,3,20,11,44,27,9,8,13,0,0
match-fc292789-1396,solidaritaet_ueberleben,standard,1,0,0,12,-3,18,12,44,26,11,4,7,0,0
match-82dbd6cc-1397,forschung_muskelkraft,standard,0,1,1,12,10,23,11,42,24,9,11,13,0,0
match-82dbd6cc-1397,solidaritaet_ueberleben,standard,1,0,0,12,-3,18,15,45,25,14,4,0,0,0
match-098e660f-1398,forschung_muskelkraft,standard,0,1,1,7,6,16,8,26,1,6,6,10,0,0
match-098e660f-1398,solidaritaet_ueberleben,standard,1,0,0,7,0,13,10,24,1,10,1,4,0,0
match-90411551-1399,forschung_muskelkraft,standard,0,1,1,17,2,23,10,40,96,8,14,6,0,0
match-90411551-1399,solidaritaet_ueberleben,standard,1,0,0,17,-2,22,17,64,75,16,3,2,0,0
match-821db8bc-1400,forschung_muskelkraft,standard,0,1,1,12,1,21,13,48,18,11,10,12,0,0
match-821db8bc-1400,solidaritaet_ueberleben,standard,1,0,0,12,-2,17,14,52,14,13,8,9,0,0
match-08d047ff-1401,forschung_muskelkraft,standard,0,0,1,16,0,22,13,49,82,11,14,6,0,0
match-08d047ff-1401,solidaritaet_ueberleben,standard,1,1,0,16,1,22,18,66,59,17,6,7,5,0
match-8f82f741-1402,forschung_muskelkraft,standard,0,1,1,13,6,22,12,48,35,10,16,10,0,0
match-8f82f741-1402,solidaritaet_ueberleben,standard,1,0,0,13,0,18,16,55,27,16,5,4,0,0
match-16358684-1403,forschung_muskelkraft,standard,0,0,1,9,-1,18,7,24,12,5,8,5,0,0
match-16358684-1403,solidaritaet_ueberleben,standard,1,1,0,9,5,15,11,37,5,11,2,11,0,0
match-9ce835c6-1404,forschung_muskelkraft,standard,0,1,1,11,6,21,9,33,22,8,16,15,0,0
match-9ce835c6-1404,solidaritaet_ueberleben,standard,1,0,0,11,-5,16,15,48,8,15,4,4,0,0
match-239ac509-1405,forschung_muskelkraft,standard,0,1,1,14,5,24,15,59,36,13,14,16,0,0
match-239ac509-1405,solidaritaet_ueberleben,standard,1,0,0,14,-6,20,18,57,36,17,8,5,0,0
match-aa4d744b-1406,forschung_muskelkraft,standard,0,1,1,15,5,22,12,48,63,10,17,11,0,0
match-aa4d744b-1406,solidaritaet_ueberleben,standard,1,0,0,15,-1,20,19,64,43,18,5,5,0,0
match-3100038e-1407,forschung_muskelkraft,standard,0,0,1,10,-4,19,10,32,19,8,4,2,0,0
match-3100038e-1407,solidaritaet_ueberleben,standard,1,1,0,10,8,16,9,37,8,8,3,14,0,0
match-4c88bea8-1408,forschung_muskelkraft,standard,0,1,1,9,6,16,9,33,3,8,4,12,0,0
match-4c88bea8-1408,solidaritaet_ueberleben,standard,1,0,0,9,-2,14,10,34,2,9,3,4,0,0
match-d33b4dea-1409,forschung_muskelkraft,standard,0,,1,17,-2,22,12,45,97,10,15,6,0,0
match-d33b4dea-1409,solidaritaet_ueberleben,standard,1,,0,17,-2,23,20,68,68,19,5,6,2,0
match-59edfd2d-1410,forschung_muskelkraft,standard,0,1,1,16,1,22,17,67,57,15,15,7,0,0
match-59edfd2d-1410,solidaritaet_ueberleben,standard,1,0,0,16,0,22,19,63,59,18,11,6,0,0
match-e0a08c6f-1411,forschung_muskelkraft,standard,0,1,1,7,7,16,7,24,3,6,6,11,0,0
match-e0a08c6f-1411,solidaritaet_ueberleben,standard,1,0,0,7,-1,11,8,25,2,8,1,3,2,0
match-67533bb2-1412,forschung_muskelkraft,standard,0,0,1,11,0,22,11,38,17,9,10,9,0,0
match-67533bb2-1412,solidaritaet_ueberleben,standard,1,1,0,11,1,16,13,50,11,12,5,10,0,0
match-ee05caf4-1413,forschung_muskelkraft,standard,0,0,1,10,0,20,10,41,14,9,8,8,0,0
match-ee05caf4-1413,solidaritaet_ueberleben,standard,1,1,0,10,2,14,13,48,3,12,5,10,0,0
match-74b87a37-1414,forschung_muskelkraft,standard,0,0,1,9,0,17,7,24,12,5,6,9,0,0
match-74b87a37-1414,solidaritaet_ueberleben,standard,1,1,0,9,1,15,9,31,5,8,0,10,0,0
match-fb6b0979-1415,forschung_muskelkraft,standard,0,0,1,17,-3,22,20,75,65,18,12,3,0,0
match-fb6b0979-1415,solidaritaet_ueberleben,standard,1,1,0,17,4,21,18,64,77,17,14,10,5,0
match-409fbc43-1416,forschung_muskelkraft,standard,0,0,1,13,0,21,15,60,26,13,14,6,0,0
match-409fbc43-1416,solidaritaet_ueberleben,standard,1,1,0,13,4,17,16,55,29,15,9,10,0,0
match-c7524b85-1417,forschung_muskelkraft,standard,0,0,1,9,-1,17,9,29,15,7,7,6,0,0
match-c7524b85-1417,solidaritaet_ueberleben,standard,1,1,0,9,4,14,11,37,1,11,2,11,0,0
match-4e04fac8-1418,forschung_muskelkraft,standard,0,1,1,13,2,22,12,44,34,10,16,10,0,0
match-4e04fac8-1418,solidaritaet_ueberleben,standard,1,0,0,13,0,18,16,54,26,15,5,8,0,0
match-d4b78a0a-1419,forschung_muskelkraft,standard,0,1,1,12,2,21,11,44,23,9,14,14,0,0
match-d4b78a0a-1419,solidaritaet_ueberleben,standard,1,0,0,12,-4,17,15,50,20,14,5,8,0,0
match-5b6a394d-1420,forschung_muskelkraft,standard,0,0,1,15,-1,22,13,47,58,11,11,8,0,0
match-5b6a394d-1420,solidaritaet_ueberleben,standard,1,1,0,15,2,21,15,54,51,14,6,11,1,0
match-e21cc88f-1421,forschung_muskelkraft,standard,0,1,1,10,6,20,10,37,8,8,12,10,0,0
match-e21cc88f-1421,solidaritaet_ueberleben,standard,1,0,0,10,0,16,13,42,7,12,3,4,0,0
match-68cf77d2-1422,forschung_muskelkraft,standard,0,0,1,10,-1,15,7,24,21,5,6,6,0,0
match-68cf77d2-1422,solidaritaet_ueberleben,standard,1,1,0,10,4,17,11,38,7,10,0,11,0,0
match-ef820714-1423,forschung_muskelkraft,standard,0,1,1,15,8,23,14,55,50,12,16,11,0,0
match-ef820714-1423,solidaritaet_ueberleben,standard,1,0,0,15,-1,21,19,62,46,18,7,2,0,0
match-0b0aa22f-1424,forschung_muskelkraft,standard,0,1,1,13,3,23,12,48,30,10,16,11,0,0
match-0b0aa22f-1424,solidaritaet_ueberleben,standard,1,0,0,13,-1,18,17,59,23,16,5,7,0,0
match-91bd5171-1425,forschung_muskelkraft,standard,0,0,1,15,-1,23,14,57,48,12,16,8,0,0
match-91bd5171-1425,solidaritaet_ueberleben,standard,1,1,0,15,2,21,18,57,48,17,7,11,0,0
match-186fe0b4-1426,forschung_muskelkraft,standard,0,1,1,8,6,17,7,23,5,5,8,12,0,0
match-186fe0b4-1426,solidaritaet_ueberleben,standard,1,0,0,8,-2,12,11,32,1,11,0,4,0,0
match-9f228ff6-1427,forschung_muskelkraft,standard,0,0,1,7,-1,15,8,27,1,6,2,3,0,0
match-9f228ff6-1427,solidaritaet_ueberleben,standard,1,1,0,7,7,11,6,26,1,6,4,11,0,0
match-25d53f39-1428,forschung_muskelkraft,standard,0,1,1,15,5,22,12,47,58,10,18,9,0,0
match-25d53f39-1428,solidaritaet_ueberleben,standard,1,0,0,15,0,22,19,66,43,18,5,4,0,0
match-ac87ce7b-1429,forschung_muskelkraft,standard,0,1,1,13,5,22,10,37,41,8,16,10,0,0
match-ac87ce7b-1429,solidaritaet_ueberleben,standard,1,0,0,13,0,20,17,60,23,16,3,5,0,0
match-333a7dbe-1430,forschung_muskelkraft,standard,0,0,1,17,-3,20,15,59,77,13,20,5,0,0
match-333a7dbe-1430,solidaritaet_ueberleben,standard,1,1,0,17,2,20,20,68,68,19,13,10,0,0
match-b9ed0d00-1431,forschung_muskelkraft,standard,0,1,1,16,6,22,16,63,57,14,16,8,0,0
match-b9ed0d00-1431,solidaritaet_ueberleben,standard,1,0,0,16,-1,22,17,64,58,16,11,1,0,0
match-abc9b06b-1432,forschung_muskelkraft,standard,0,0,1,9,-1,20,7,25,11,6,4,5,0,0
match-abc9b06b-1432,solidaritaet_ueberleben,standard,1,1,0,9,5,13,9,31,11,9,1,11,0,0
match-327c5fae-1433,forschung_muskelkraft,standard,0,1,1,7,3,13,7,25,3,7,4,10,0,0
match-327c5fae-1433,solidaritaet_ueberleben,standard,1,0,0,7,0,12,8,24,1,8,2,7,0,0
match-b92eeef0-1434,forschung_muskelkraft,standard,0,0,1,17,0,22,11,43,93,9,15,0,0,0
match-b92eeef0-1434,solidaritaet_ueberleben,standard,1,1,0,17,4,22,18,65,73,17,4,4,0,0
match-3fe19e33-1435,forschung_muskelkraft,standard,0,0,1,16,-1,22,9,32,88,7,12,2,0,0
match-3fe19e33-1435,solidaritaet_ueberleben,standard,1,1,0,16,7,21,16,60,60,15,2,10,0,0
match-c6942d75-1436,forschung_muskelkraft,standard,0,1,1,11,2,18,11,40,15,9,9,11,0,0
match-c6942d75-1436,solidaritaet_ueberleben,standard,1,0,0,11,-1,15,13,41,17,13,4,8,0,0
match-4d46dcb8-1437,forschung_muskelkraft,standard,0,1,1,15,4,23,10,37,68,8,14,12,0,0
match-4d46dcb8-1437,solidaritaet_ueberleben,standard,1,0,0,15,-2,20,17,63,48,16,3,6,0,0
match-d3f96bfa-1438,forschung_muskelkraft,standard,0,1,1,12,8,21,14,50,16,12,15,10,0,0
match-d3f96bfa-1438,solidaritaet_ueberleben,standard,1,0,0,12,0,19,16,51,19,15,7,2,0,0
match-5aac1b3d-1439,forschung_muskelkraft,standard,0,1,1,12,5,23,11,45,26,9,13,10,0,0
match-5aac1b3d-1439,solidaritaet_ueberleben,standard,1,0,0,12,0,16,15,51,20,15,4,5,0,0
match-7634b657-1440,forschung_muskelkraft,standard,0,1,1,8,8,16,6,20,8,5,9,11,0,0
match-7634b657-1440,solidaritaet_ueberleben,standard,1,0,0,8,-1,13,11,29,2,10,0,2,0,0
match-fce74599-1441,forschung_muskelkraft,standard,0,0,1,14,-3,22,19,73,24,17,13,2,0,0
match-fce74599-1441,solidaritaet_ueberleben,standard,1,1,0,14,8,21,18,60,37,17,12,13,0,0
match-8399f4dc-1442,forschung_muskelkraft,standard,0,1,1,14,6,22,14,57,38,12,15,13,0,0
match-8399f4dc-1442,solidaritaet_ueberleben,standard,1,0,0,14,-3,19,17,55,38,17,7,4,0,0
match-0a4c841f-1443,forschung_muskelkraft,standard,0,0,1,14,-2,23,9,31,60,7,10,0,0,0
match-0a4c841f-1443,solidaritaet_ueberleben,standard,1,1,0,14,10,18,13,49,42,13,3,12,0,0
match-90ff3361-1444,forschung_muskelkraft,standard,0,1,1,7,6,15,7,26,1,6,6,10,0,0
match-90ff3361-1444,solidaritaet_ueberleben,standard,1,0,0,7,0,11,7,26,1,7,1,4,0,0
match-17b1c2a4-1445,forschung_muskelkraft,standard,0,0,1,8,0,20,8,26,4,6,4,0,0,0
match-17b1c2a4-1445,solidaritaet_ueberleben,standard,1,1,0,8,10,14,7,32,2,7,1,10,2,0
match-9e6471e6-1446,forschung_muskelkraft,standard,0,0,1,10,0,20,9,31,19,7,5,2,0,0
match-9e6471e6-1446,solidaritaet_ueberleben,standard,1,1,0,10,8,13,9,32,13,9,2,10,1,0
match-25170129-1447,forschung_muskelkraft,standard,0,1,1,12,2,23,11,42,30,9,14,10,0,0
match-25170129-1447,solidaritaet_ueberleben,standard,1,0,0,12,0,19,16,49,23,15,4,8,0,0
match-6a4bb3f2-1448,forschung_muskelkraft,standard,0,0,1,14,-1,22,14,57,38,12,16,0,0,0
match-6a4bb3f2-1448,solidaritaet_ueberleben,standard,1,1,0,14,10,21,18,62,34,18,7,11,0,0
match-f0fe4334-1449,forschung_muskelkraft,standard,0,1,1,11,6,19,11,38,17,9,13,12,0,0
match-f0fe4334-1449,solidaritaet_ueberleben,standard,1,0,0,11,-2,17,14,53,10,14,4,4,0,0
match-77b0f277-1450,forschung_muskelkraft,standard,0,0,1,9,-1,17,12,43,2,10,6,5,0,0
match-77b0f277-1450,solidaritaet_ueberleben,standard,1,1,0,9,5,14,12,35,3,11,5,11,1,0
match-fe6381b9-1451,forschung_muskelkraft,standard,0,1,1,10,4,19,10,34,11,9,7,11,0,0
match-fe6381b9-1451,solidaritaet_ueberleben,standard,1,0,0,10,-1,16,11,36,9,11,6,6,0,0
match-851630fc-1452,forschung_muskelkraft,standard,0,0,1,9,0,16,10,39,5,9,4,2,0,0
match-851630fc-1452,solidaritaet_ueberleben,standard,1,1,0,9,8,14,10,36,5,9,4,10,0,0
match-0bc8c03f-1453,forschung_muskelkraft,standard,0,1,1,11,7,21,12,44,11,10,9,12,0,0
match-0bc8c03f-1453,solidaritaet_ueberleben,standard,1,0,0,11,-2,15,13,49,12,13,5,3,0,0
match-927b6f81-1454,forschung_muskelkraft,standard,0,1,1,7,5,16,6,20,2,5,6,12,0,0
match-927b6f81-1454,solidaritaet_ueberleben,standard,1,0,0,7,-2,12,9,28,0,9,0,5,0,0
match-192e1ec4-1455,forschung_muskelkraft,standard,0,1,1,10,7,18,8,26,19,6,14,11,0,0
match-192e1ec4-1455,solidaritaet_ueberleben,standard,1,0,0,10,-1,17,14,42,7,14,2,3,0,0
match-34b6b9de-1456,forschung_muskelkraft,standard,0,,1,16,-1,23,17,69,51,15,20,8,0,0
match-34b6b9de-1456,solidaritaet_ueberleben,standard,1,,0,16,-1,22,20,68,53,19,10,8,0,0
match-bb694920-1457,forschung_muskelkraft,standard,0,0,1,11,-4,21,11,46,20,10,8,5,0,0
match-bb694920-1457,solidaritaet_ueberleben,standard,1,1,0,11,5,16,14,48,7,13,5,14,1,0
match-421bf863-1458,forschung_muskelkraft,standard,0,1,1,15,2,23,13,49,62,11,17,9,0,0
match-421bf863-1458,solidaritaet_ueberleben,standard,1,0,0,15,0,22,19,64,44,18,7,7,0,0
match-c8ce87a5-1459,forschung_muskelkraft,standard,0,1,1,17,1,22,20,75,63,18,16,5,0,0
match-c8ce87a5-1459,solidaritaet_ueberleben,standard,1,0,0,17,-1,21,20,68,70,19,14,3,0,0
match-4f8136e8-1460,forschung_muskelkraft,standard,0,1,1,11,5,19,11,43,12,10,15,12,0,0
match-4f8136e8-1460,solidaritaet_ueberleben,standard,1,0,0,11,-2,16,15,51,10,14,5,5,0,0
match-d633c62a-1461,forschung_muskelkraft,standard,0,1,1,9,5,19,7,24,12,5,9,10,0,0
match-d633c62a-1461,solidaritaet_ueberleben,standard,1,0,0,9,0,14,11,40,4,11,1,5,0,0
match-5ce6756d-1462,forschung_muskelkraft,standard,0,0,1,10,0,18,8,30,20,6,10,7,0,0
match-5ce6756d-1462,solidaritaet_ueberleben,standard,1,1,0,10,3,16,14,46,7,13,2,10,1,0
match-e39904af-1463,forschung_muskelkraft,standard,0,1,1,10,6,20,7,28,17,5,13,12,0,0
match-e39904af-1463,solidaritaet_ueberleben,standard,1,0,0,10,-2,15,13,37,12,12,0,4,0,0
match-d575a81a-1464,forschung_muskelkraft,standard,0,0,1,8,0,19,6,21,7,5,3,6,0,0
match-d575a81a-1464,solidaritaet_ueberleben,standard,1,1,0,8,4,13,8,33,2,7,0,10,0,0
match-5c28575d-1465,forschung_muskelkraft,standard,0,1,1,8,6,16,8,27,1,6,8,10,0,0
match-5c28575d-1465,solidaritaet_ueberleben,standard,1,0,0,8,0,13,10,31,3,9,2,4,0,0
match-e2dae69f-1466,forschung_muskelkraft,standard,0,1,1,18,1,22,13,53,105,11,18,8,0,0
match-e2dae69f-1466,solidaritaet_ueberleben,standard,1,0,0,18,-4,22,20,68,86,19,6,3,4,0
match-698d95e2-1467,forschung_muskelkraft,standard,0,1,1,16,3,22,20,75,45,18,15,9,0,0
match-698d95e2-1467,solidaritaet_ueberleben,standard,1,0,0,16,0,22,19,66,54,18,14,6,0,0
match-f0402524-1468,forschung_muskelkraft,standard,0,1,1,17,4,23,17,67,73,15,17,5,0,0
match-f0402524-1468,solidaritaet_ueberleben,standard,1,0,0,17,-1,22,20,68,74,19,12,0,0,0
match-76f2d467-1469,forschung_muskelkraft,standard,0,1,1,10,6,20,11,39,6,10,11,12,0,0
match-76f2d467-1469,solidaritaet_ueberleben,standard,1,0,0,10,-2,14,13,42,11,12,5,4,0,0
match-fda563a9-1470,forschung_muskelkraft,standard,0,,1,15,0,24,20,75,34,18,15,9,0,0
match-fda563a9-1470,solidaritaet_ueberleben,standard,1,,0,15,0,21,18,60,45,17,17,9,0,0
match-845812ec-1471,forschung_muskelkraft,standard,0,1,1,11,3,19,11,39,16,9,14,12,0,0
match-845812ec-1471,solidaritaet_ueberleben,standard,1,0,0,11,-2,17,15,45,13,14,4,7,0,0
match-9fe0ae06-1472,forschung_muskelkraft,standard,0,1,1,15,9,23,20,75,32,18,9,11,0,0
match-9fe0ae06-1472,solidaritaet_ueberleben,standard,1,0,0,15,-1,22,14,54,51,13,14,1,0,0
match-26935d49-1473,forschung_muskelkraft,standard,0,1,1,7,6,14,8,26,1,6,6,10,0,0
match-26935d49-1473,solidaritaet_ueberleben,standard,1,0,0,7,0,12,7,25,2,7,1,4,0,0
match-ad45ec8b-1474,forschung_muskelkraft,standard,0,1,1,13,9,20,9,36,42,7,13,18,0,0
match-ad45ec8b-1474,solidaritaet_ueberleben,standard,1,0,0,13,-8,18,14,52,28,14,2,1,0,0
match-33f89bce-1475,forschung_muskelkraft,standard,0,1,1,7,10,14,8,27,1,6,4,10,0,0
match-33f89bce-1475,solidaritaet_ueberleben,standard,1,0,0,7,0,13,6,25,3,6,1,0,0,0
match-baab2b10-1476,forschung_muskelkraft,standard,0,0,1,15,-5,22,12,48,57,10,15,7,0,0
match-baab2b10-1476,solidaritaet_ueberleben,standard,1,1,0,15,3,22,18,59,46,17,6,15,0,0
match-415dda53-1477,forschung_muskelkraft,standard,0,1,1,16,1,23,20,75,45,18,16,8,0,0
match-415dda53-1477,solidaritaet_ueberleben,standard,1,0,0,16,-1,23,20,68,61,19,16,6,2,0
match-c8106995-1478,forschung_muskelkraft,standard,0,0,1,5,-1,12,4,13,2,4,1,0,0,0
match-c8106995-1478,solidaritaet_ueberleben,standard,1,1,0,5,10,10,5,15,0,5,1,11,0,0
match-4ec318d8-1479,forschung_muskelkraft,standard,0,1,1,14,5,23,13,50,41,11,14,11,0,0
match-4ec318d8-1479,solidaritaet_ueberleben,standard,1,0,0,14,-1,21,18,63,30,17,6,5,0,0
match-93f7aba1-1480,forschung_muskelkraft,standard,0,1,1,16,4,22,17,65,59,15,16,12,0,0
match-93f7aba1-1480,solidaritaet_ueberleben,standard,1,0,0,16,-3,23,20,68,53,19,10,5,0,0
match-1aaa5ae4-1481,forschung_muskelkraft,standard,0,1,1,12,3,22,13,56,14,12,9,11,0,0
match-1aaa5ae4-1481,solidaritaet_ueberleben,standard,1,0,0,12,-1,17,12,44,26,11,8,7,0,0
match-a15cea26-1482,forschung_muskelkraft,standard,0,1,1,12,2,23,14,56,10,12,9,10,0,0
match-a15cea26-1482,solidaritaet_ueberleben,standard,1,0,0,12,0,19,13,50,19,12,7,8,0,0
match-280f9969-1483,forschung_muskelkraft,standard,0,,1,16,-1,23,11,44,88,9,11,7,0,0
match-280f9969-1483,solidaritaet_ueberleben,standard,1,,0,16,0,21,16,57,68,15,4,8,0,0
match-aec228ab-1484,forschung_muskelkraft,standard,0,0,1,10,-4,17,8,27,19,6,6,3,0,0
match-aec228ab-1484,solidaritaet_ueberleben,standard,1,1,0,10,7,16,10,36,14,10,2,14,0,0
match-3574d7ee-1485,forschung_muskelkraft,standard,0,1,1,14,5,23,17,67,24,15,17,10,0,0
match-3574d7ee-1485,solidaritaet_ueberleben,standard,1,0,0,14,0,20,18,62,31,17,12,5,0,0
match-bc276730-1486,forschung_muskelkraft,standard,0,0,1,7,0,18,9,27,1,7,3,0,0,0
match-bc276730-1486,solidaritaet_ueberleben,standard,1,1,0,7,10,13,8,27,1,8,4,10,0,0
match-42da1673-1487,forschung_muskelkraft,standard,0,0,1,16,-5,23,14,49,76,12,11,7,0,0
match-42da1673-1487,solidaritaet_ueberleben,standard,1,1,0,16,2,20,17,60,65,16,7,14,2,0
match-5e62b18d-1488,forschung_muskelkraft,standard,0,1,1,12,4,20,10,41,25,8,14,11,0,0
match-5e62b18d-1488,solidaritaet_ueberleben,standard,1,0,0,12,-1,19,16,52,17,15,3,6,0,0
match-e51540cf-1489,forschung_muskelkraft,standard,0,0,1,14,-4,24,12,47,50,10,8,9,0,0
match-e51540cf-1489,solidaritaet_ueberleben,standard,1,1,0,14,1,20,13,41,50,12,5,14,0,0
match-6bc7f012-1490,forschung_muskelkraft,standard,0,,1,15,0,22,14,57,54,12,16,9,0,0
match-6bc7f012-1490,solidaritaet_ueberleben,standard,1,,0,15,0,21,19,65,44,18,9,9,0,0
match-f27a9f54-1491,forschung_muskelkraft,standard,0,1,1,15,2,22,16,65,40,14,14,9,0,0
match-f27a9f54-1491,solidaritaet_ueberleben,standard,1,0,0,15,0,20,17,60,49,16,9,7,0,0
match-792d2e97-1492,forschung_muskelkraft,standard,0,0,1,8,0,14,8,26,2,6,8,7,0,0
match-792d2e97-1492,solidaritaet_ueberleben,standard,1,1,0,8,3,12,10,33,1,10,1,10,0,0
match-ffdfddd9-1493,forschung_muskelkraft,standard,0,1,1,12,3,21,12,44,22,10,13,11,0,0
match-ffdfddd9-1493,solidaritaet_ueberleben,standard,1,0,0,12,-1,16,15,49,20,14,5,7,0,0
match-86926d1c-1494,forschung_muskelkraft,standard,0,1,1,12,4,21,10,37,29,9,13,10,0,0
match-86926d1c-1494,solidaritaet_ueberleben,standard,1,0,0,12,0,18,16,53,18,15,4,6,0,0
match-0d451c5f-1495,forschung_muskelkraft,standard,0,0,1,14,-4,22,15,61,34,13,12,0,0,0
match-0d451c5f-1495,solidaritaet_ueberleben,standard,1,1,0,14,10,19,17,60,35,16,8,14,0,0
match-ff21bfc9-1496,forschung_muskelkraft,standard,0,1,1,12,5,21,13,48,18,11,14,14,0,0
match-ff21bfc9-1496,solidaritaet_ueberleben,standard,1,0,0,12,-4,18,16,60,14,15,7,5,0,0
match-85d44f0c-1497,forschung_muskelkraft,standard,0,1,1,9,4,16,11,39,4,9,6,11,0,0
match-85d44f0c-1497,solidaritaet_ueberleben,standard,1,0,0,9,-1,12,9,31,11,9,6,6,1,0
match-0c86fe4f-1498,forschung_muskelkraft,standard,0,0,1,8,-3,16,8,26,2,6,4,0,0,0
match-0c86fe4f-1498,solidaritaet_ueberleben,standard,1,1,0,8,10,15,8,31,1,8,1,13,0,0
match-93398d91-1499,forschung_muskelkraft,standard,0,0,1,15,-1,23,17,65,44,15,17,6,0,0
match-93398d91-1499,solidaritaet_ueberleben,standard,1,1,0,15,4,21,19,63,46,18,10,11,0,0
match-a723813a-1500,forschung_muskelkraft,standard,0,1,0,11,6,21,11,39,21,9,13,12,0,0
match-a723813a-1500,solidaritaet_ueberleben,standard,1,0,1,11,-2,17,14,43,17,13,5,4,1,0
match-2070f1f8-1501,forschung_muskelkraft,standard,0,1,0,10,1,19,12,49,6,11,6,10,0,0
match-2070f1f8-1501,solidaritaet_ueberleben,standard,1,0,1,10,0,15,9,35,10,8,7,9,1,0
match-99be42b5-1502,forschung_muskelkraft,standard,0,1,0,9,8,19,9,31,5,7,9,10,0,0
match-99be42b5-1502,solidaritaet_ueberleben,standard,1,0,1,9,0,13,12,34,5,11,2,2,0,0
match-130bb373-1503,forschung_muskelkraft,standard,0,1,0,11,3,19,11,40,16,9,12,10,0,0
match-130bb373-1503,solidaritaet_ueberleben,standard,1,0,1,11,0,17,14,50,13,14,4,7,0,0
match-c1ee1e44-1504,forschung_muskelkraft,standard,0,1,0,10,4,21,11,38,7,9,11,13,0,0
match-c1ee1e44-1504,solidaritaet_ueberleben,standard,1,0,1,10,-3,16,13,43,6,12,4,6,0,0
match-3b3b6f02-1505,forschung_muskelkraft,standard,0,1,0,15,1,23,16,63,47,14,17,9,0,0
match-3b3b6f02-1505,solidaritaet_ueberleben,standard,1,0,1,15,0,22,19,64,43,18,10,8,0,0
match-b488dfbf-1506,forschung_muskelkraft,standard,0,1,0,7,8,14,8,26,1,6,6,10,0,0
match-b488dfbf-1506,solidaritaet_ueberleben,standard,1,0,1,7,0,12,8,24,3,8,1,2,0,0
match-2dd6307d-1507,forschung_muskelkraft,standard,0,1,0,11,10,20,13,51,9,11,10,14,0,0
match-2dd6307d-1507,solidaritaet_ueberleben,standard,1,0,1,11,-4,17,13,39,22,13,6,0,0,0
match-718e8726-1508,forschung_muskelkraft,standard,0,0,0,16,-1,22,14,59,69,12,13,2,0,0
match-718e8726-1508,solidaritaet_ueberleben,standard,1,1,1,16,5,21,16,61,64,15,7,8,0,0
match-eadbf7e3-1509,forschung_muskelkraft,standard,0,0,0,11,-2,19,10,37,18,8,5,3,0,0
match-eadbf7e3-1509,solidaritaet_ueberleben,standard,1,1,1,11,7,16,10,41,17,9,3,12,0,0
match-642948a1-1510,forschung_muskelkraft,standard,0,0,0,15,-3,23,17,69,40,15,15,7,0,0
match-642948a1-1510,solidaritaet_ueberleben,standard,1,1,1,15,3,21,19,63,44,18,11,13,0,0
match-dd76b95e-1511,forschung_muskelkraft,standard,0,0,0,14,-2,23,11,42,49,9,4,9,0,0
match-dd76b95e-1511,solidaritaet_ueberleben,standard,1,1,1,14,1,18,9,37,54,9,4,12,0,0
match-8c590430-1512,forschung_muskelkraft,standard,0,1,0,16,1,22,17,67,61,15,18,7,0,0
match-8c590430-1512,solidaritaet_ueberleben,standard,1,0,1,16,0,23,20,68,58,19,12,6,0,0
match-05a674ee-1513,forschung_muskelkraft,standard,0,0,0,15,0,22,20,75,30,18,17,8,0,0
match-05a674ee-1513,solidaritaet_ueberleben,standard,1,1,1,15,1,20,18,63,47,17,14,9,0,0
match-7ef3c5ab-1514,forschung_muskelkraft,standard,0,0,0,8,0,19,9,26,2,8,6,5,0,0
match-7ef3c5ab-1514,solidaritaet_ueberleben,standard,1,1,1,8,5,12,9,32,2,8,3,10,0,0
match-f8413668-1515,forschung_muskelkraft,standard,0,1,0,13,7,22,13,51,33,11,17,10,0,0
match-f8413668-1515,solidaritaet_ueberleben,standard,1,0,1,13,0,18,17,60,24,16,6,3,0,0
match-124d9563-1516,forschung_muskelkraft,standard,0,0,0,8,-1,16,10,33,2,9,2,0,0,0
match-124d9563-1516,solidaritaet_ueberleben,standard,1,1,1,8,10,15,7,24,4,7,4,11,0,0
match-8b9ae620-1517,forschung_muskelkraft,standard,0,1,0,12,8,22,8,29,37,6,15,11,0,0
match-8b9ae620-1517,solidaritaet_ueberleben,standard,1,0,1,12,-1,17,16,55,14,15,1,2,0,0
match-04e856de-1518,forschung_muskelkraft,standard,0,1,0,10,1,20,9,31,14,7,12,11,0,0
match-04e856de-1518,solidaritaet_ueberleben,standard,1,0,1,10,-1,14,13,43,4,12,2,9,0,0
match-7e35a79b-1519,forschung_muskelkraft,standard,0,0,0,15,-1,21,14,52,58,12,17,8,0,0
match-7e35a79b-1519,solidaritaet_ueberleben,standard,1,1,1,15,2,22,19,66,40,18,7,11,0,0
match-2d18126d-1520,forschung_muskelkraft,standard,0,0,0,11,-3,21,10,37,24,8,8,9,0,0
match-2d18126d-1520,solidaritaet_ueberleben,standard,1,1,1,11,1,16,13,42,13,12,3,13,0,0
match-a665632a-1521,forschung_muskelkraft,standard,0,1,0,8,6,15,7,25,3,6,6,10,0,0
match-a665632a-1521,solidaritaet_ueberleben,standard,1,0,1,8,0,12,9,32,2,8,1,4,0,0
match-1fb2d3e8-1522,forschung_muskelkraft,standard,0,0,0,10,-2,21,10,37,14,8,5,0,0,0
match-1fb2d3e8-1522,solidaritaet_ueberleben,standard,1,1,1,10,10,16,11,41,9,10,3,12,2,0
match-990024a5-1523,forschung_muskelkraft,standard,0,1,0,8,8,16,7,25,3,6,3,13,0,0
match-990024a5-1523,solidaritaet_ueberleben,standard,1,0,1,8,-3,12,8,31,5,7,1,2,0,0
match-dcb89b4e-1524,forschung_muskelkraft,standard,0,1,0,13,7,22,11,43,35,9,10,13,0,0
match-dcb89b4e-1524,solidaritaet_ueberleben,standard,1,0,1,13,-3,19,11,43,35,10,5,3,5,0
match-5605ec0c-1525,forschung_muskelkraft,standard,0,0,0,16,0,21,18,71,57,16,12,5,0,0
match-5605ec0c-1525,solidaritaet_ueberleben,standard,1,1,1,16,2,22,15,60,66,14,12,7,0,0
match-cf535cc9-1526,forschung_muskelkraft,standard,0,1,0,18,2,22,16,63,94,14,17,11,0,0
match-cf535cc9-1526,solidaritaet_ueberleben,standard,1,0,1,18,-7,21,20,68,86,19,9,2,1,0
match-48a0ad87-1527,forschung_muskelkraft,standard,0,1,0,16,3,23,14,57,72,12,17,8,0,0
match-48a0ad87-1527,solidaritaet_ueberleben,standard,1,0,1,16,-1,21,20,68,58,19,7,4,0,0
match-f7831858-1528,forschung_muskelkraft,standard,0,0,0,16,0,22,18,71,53,16,18,7,0,0
match-f7831858-1528,solidaritaet_ueberleben,standard,1,1,1,16,2,21,20,68,53,19,12,9,1,0
match-70d06916-1529,forschung_muskelkraft,standard,0,0,0,10,0,17,9,32,13,7,3,0,0,0
match-70d06916-1529,solidaritaet_ueberleben,standard,1,1,1,10,10,15,8,32,13,8,2,10,0,0
match-ea1dd9d3-1530,forschung_muskelkraft,standard,0,0,0,13,-1,22,12,48,35,10,8,6,0,0
match-ea1dd9d3-1530,solidaritaet_ueberleben,standard,1,1,1,13,4,19,14,50,30,13,5,11,0,0
match-636b2a91-1531,forschung_muskelkraft,standard,0,1,0,7,8,15,7,25,3,7,5,10,0,0
match-636b2a91-1531,solidaritaet_ueberleben,standard,1,0,1,7,0,12,7,25,2,7,2,2,0,0
match-d0cf98e9-1532,forschung_muskelkraft,standard,0,0,0,11,-1,23,10,33,22,8,5,7,0,0
match-d0cf98e9-1532,solidaritaet_ueberleben,standard,1,1,1,11,3,17,10,35,20,9,3,11,0,0
match-4a1ce9a7-1533,forschung_muskelkraft,standard,0,0,0,8,-1,15,9,26,9,7,5,5,0,0
match-4a1ce9a7-1533,solidaritaet_ueberleben,standard,1,1,1,8,5,13,8,24,4,8,2,11,0,0
match-c36a5a64-1534,forschung_muskelkraft,standard,0,1,0,10,8,21,9,29,23,7,12,14,0,0
match-c36a5a64-1534,solidaritaet_ueberleben,standard,1,0,1,10,-4,13,13,33,16,12,2,2,0,0
match-3cb7ab22-1535,forschung_muskelkraft,standard,0,1,0,13,2,21,10,42,36,9,16,14,0,0
match-3cb7ab22-1535,solidaritaet_ueberleben,standard,1,0,1,13,-4,19,17,63,21,16,5,8,0,0
match-eb9a15f3-1536,forschung_muskelkraft,standard,0,1,0,11,2,20,10,41,20,9,6,13,0,0
match-eb9a15f3-1536,solidaritaet_ueberleben,standard,1,0,1,11,-3,17,11,37,18,11,5,8,0,0
match-64e766b1-1537,forschung_muskelkraft,standard,0,1,0,12,1,19,13,52,22,11,9,10,0,0
match-64e766b1-1537,solidaritaet_ueberleben,standard,1,0,1,12,0,19,12,46,28,12,7,9,0,0
match-de34d76e-1538,forschung_muskelkraft,standard,0,0,0,9,-1,19,10,32,4,8,2,3,0,0
match-de34d76e-1538,solidaritaet_ueberleben,standard,1,1,1,9,7,16,8,32,7,7,3,11,0,0
match-5782282c-1539,forschung_muskelkraft,standard,0,0,0,7,-1,11,8,26,1,6,4,5,0,0
match-5782282c-1539,solidaritaet_ueberleben,standard,1,1,1,7,5,12,7,25,3,7,1,11,0,0
match-9b3a9ed5-1540,forschung_muskelkraft,standard,0,0,0,17,-2,21,14,56,80,12,10,3,0,0
match-9b3a9ed5-1540,solidaritaet_ueberleben,standard,1,1,1,17,1,20,14,56,85,13,8,6,0,0
match-1487ef93-1541,forschung_muskelkraft,standard,0,1,0,15,4,23,18,71,38,16,17,9,0,0
match-1487ef93-1541,solidaritaet_ueberleben,standard,1,0,1,15,0,21,19,62,47,18,12,5,0,0
match-8dd54050-1542,forschung_muskelkraft,standard,0,0,0,11,-3,20,7,30,25,7,4,0,0,0
match-8dd54050-1542,solidaritaet_ueberleben,standard,1,1,1,11,10,18,10,35,24,9,2,13,0,0
match-0722b10e-1543,forschung_muskelkraft,standard,0,0,0,13,0,24,11,46,32,9,11,5,0,0
match-0722b10e-1543,solidaritaet_ueberleben,standard,1,1,1,13,5,19,14,47,33,14,4,10,0,0
match-b6051bdf-1544,forschung_muskelkraft,standard,0,,0,16,-1,22,13,49,71,11,18,8,0,0
match-b6051bdf-1544,solidaritaet_ueberleben,standard,1,,1,16,-1,21,19,66,54,18,7,8,0,0
match-2f526c9d-1545,forschung_muskelkraft,standard,0,0,0,7,-3,12,6,23,3,5,5,8,0,0
match-2f526c9d-1545,solidaritaet_ueberleben,standard,1,1,1,7,2,12,9,28,0,9,1,13,0,0
match-a89fdd5a-1546,forschung_muskelkraft,standard,0,0,0,13,-4,22,16,63,15,14,10,9,0,0
match-a89fdd5a-1546,solidaritaet_ueberleben,standard,1,1,1,13,1,19,15,59,25,14,11,14,0,0
match-21ed2e18-1547,forschung_muskelkraft,standard,0,1,0,16,1,23,15,61,63,13,16,8,0,0
match-21ed2e18-1547,solidaritaet_ueberleben,standard,1,0,1,16,-1,20,19,64,59,18,8,6,0,0
match-3bf98d12-1548,forschung_muskelkraft,standard,0,1,0,14,2,20,13,49,42,11,17,10,0,0
match-3bf98d12-1548,solidaritaet_ueberleben,standard,1,0,1,14,0,19,18,58,37,18,6,8,0,0
match-b546fdcf-1549,forschung_muskelkraft,standard,0,1,0,10,5,18,10,34,11,8,12,12,0,0
match-b546fdcf-1549,solidaritaet_ueberleben,standard,1,0,1,10,-2,16,13,39,12,12,3,5,0,0
match-2e944e8d-1550,forschung_muskelkraft,standard,0,0,0,17,-1,23,16,65,79,14,14,3,0,0
match-2e944e8d-1550,solidaritaet_ueberleben,standard,1,1,1,17,1,23,19,67,71,18,10,5,1,0
match-a7e1bf4a-1551,forschung_muskelkraft,standard,0,0,0,8,0,16,8,27,8,6,2,5,0,0
match-a7e1bf4a-1551,solidaritaet_ueberleben,standard,1,1,1,8,5,12,7,26,2,7,1,10,0,0
match-56c40a1c-1552,forschung_muskelkraft,standard,0,1,0,15,3,22,14,53,52,12,19,11,0,0
match-56c40a1c-1552,solidaritaet_ueberleben,standard,1,0,1,15,-1,21,19,67,43,18,8,7,0,0
match-d0117ad9-1553,forschung_muskelkraft,standard,0,0,0,16,-3,20,20,75,45,18,14,7,0,0
match-d0117ad9-1553,solidaritaet_ueberleben,standard,1,1,1,16,2,21,18,62,58,17,18,12,0,0
match-495ecb97-1554,forschung_muskelkraft,standard,0,0,0,10,0,17,8,31,14,7,11,9,0,0
match-495ecb97-1554,solidaritaet_ueberleben,standard,1,1,1,10,1,15,13,43,3,12,3,10,0,0
match-c2ac3c54-1555,forschung_muskelkraft,standard,0,1,0,15,1,22,14,55,61,12,16,9,0,0
match-c2ac3c54-1555,solidaritaet_ueberleben,standard,1,0,1,15,0,21,19,66,42,18,8,8,0,0
match-066492fe-1556,forschung_muskelkraft,standard,0,0,0,11,0,20,11,44,16,9,9,6,0,0
match-066492fe-1556,solidaritaet_ueberleben,standard,1,1,1,11,4,15,13,45,15,12,4,10,0,0
match-7fb1e3bb-1557,forschung_muskelkraft,standard,0,0,0,10,0,15,11,40,15,9,0,6,0,0
match-7fb1e3bb-1557,solidaritaet_ueberleben,standard,1,1,1,10,4,16,6,29,16,5,5,10,0,0
match-f8ff5478-1558,forschung_muskelkraft,standard,0,0,0,6,0,13,6,20,1,5,3,0,0,0
match-f8ff5478-1558,solidaritaet_ueberleben,standard,1,1,1,6,10,11,6,21,0,6,3,10,0,0
match-724ca536-1559,forschung_muskelkraft,standard,0,0,0,13,-1,22,15,59,23,13,6,1,0,0
match-724ca536-1559,solidaritaet_ueberleben,standard,1,1,1,13,9,19,10,45,33,10,8,11,0,0
match-212f1008-1560,forschung_muskelkraft,standard,0,0,0,10,-2,20,15,52,2,13,7,9,0,0
match-212f1008-1560,solidaritaet_ueberleben,standard,1,1,1,10,1,15,11,41,10,10,8,12,0,0
match-9a7c60c5-1561,forschung_muskelkraft,standard,0,1,0,16,6,23,14,57,68,12,15,8,0,0
match-9a7c60c5-1561,solidaritaet_ueberleben,standard,1,0,1,16,-1,20,19,67,56,18,8,1,0,0
match-13c9d183-1562,forschung_muskelkraft,standard,0,,0,15,0,23,14,57,53,12,13,9,0,0
match-13c9d183-1562,solidaritaet_ueberleben,standard,1,,1,15,0,20,18,64,41,17,9,9,0,0
match-8d172240-1563,forschung_muskelkraft,standard,0,0,0,12,-6,21,14,56,15,12,3,3,0,0
match-8d172240-1563,solidaritaet_ueberleben,standard,1,1,1,12,7,16,9,37,33,8,8,16,0,0
match-53cb91dc-1564,forschung_muskelkraft,standard,0,0,0,9,-1,17,11,41,4,9,5,0,0,0
match-53cb91dc-1564,solidaritaet_ueberleben,standard,1,1,1,9,10,13,10,37,5,10,5,11,0,0
match-cd18e299-1565,forschung_muskelkraft,standard,0,1,0,14,3,23,15,56,35,13,17,10,0,0
match-cd18e299-1565,solidaritaet_ueberleben,standard,1,0,1,14,0,20,18,61,33,17,9,7,0,0
match-46665357-1566,forschung_muskelkraft,standard,0,0,0,15,0,22,14,49,56,12,11,3,0,0
match-46665357-1566,solidaritaet_ueberleben,standard,1,1,1,15,6,21,13,50,55,12,8,9,0,0
match-bfb3a414-1567,forschung_muskelkraft,standard,0,0,0,8,0,13,7,24,4,5,6,7,0,0
match-bfb3a414-1567,solidaritaet_ueberleben,standard,1,1,1,8,3,11,8,24,4,7,1,10,0,0
match-6e960ee6-1568,forschung_muskelkraft,standard,0,1,0,15,1,22,17,67,38,15,14,11,0,0
match-6e960ee6-1568,solidaritaet_ueberleben,standard,1,0,1,15,-1,22,18,64,41,17,12,9,1,0
match-e7e37fa3-1569,forschung_muskelkraft,standard,0,1,0,9,4,20,10,37,5,9,4,10,0,0
match-e7e37fa3-1569,solidaritaet_ueberleben,standard,1,0,1,9,0,14,9,29,11,9,5,6,0,0
match-6130d061-1570,forschung_muskelkraft,standard,0,0,0,17,-1,22,20,75,61,18,11,0,0,0
match-6130d061-1570,solidaritaet_ueberleben,standard,1,1,1,17,4,22,15,59,77,14,15,5,0,0
match-da7e211e-1571,forschung_muskelkraft,standard,0,0,0,8,0,17,8,26,3,6,7,5,0,0
match-da7e211e-1571,solidaritaet_ueberleben,standard,1,1,1,8,5,14,11,34,1,10,4,10,0,0
match-1e3697c8-1572,forschung_muskelkraft,standard,0,1,0,11,3,22,11,41,14,10,12,11,0,0
match-1e3697c8-1572,solidaritaet_ueberleben,standard,1,0,1,11,-1,18,15,55,7,14,5,7,0,0
match-9783e885-1573,forschung_muskelkraft,standard,0,1,0,16,6,23,18,71,55,16,19,16,0,0
match-9783e885-1573,solidaritaet_ueberleben,standard,1,0,1,16,-7,22,20,68,58,19,12,3,3,0
match-10d15943-1574,forschung_muskelkraft,standard,0,0,0,12,-1,19,13,43,28,11,12,9,0,0
match-10d15943-1574,solidaritaet_ueberleben,standard,1,1,1,12,1,17,14,48,22,14,10,11,0,0
match-8a1eaa00-1575,forschung_muskelkraft,standard,0,0,0,7,0,17,6,22,4,5,5,1,0,0
match-8a1eaa00-1575,solidaritaet_ueberleben,standard,1,1,1,7,9,11,8,26,2,7,0,10,0,0
match-390114d2-1576,forschung_muskelkraft,standard,0,0,0,12,0,23,13,43,28,11,15,7,0,0
match-390114d2-1576,solidaritaet_ueberleben,standard,1,1,1,12,3,17,16,53,15,16,6,10,0,0
match-b24e658f-1577,forschung_muskelkraft,standard,0,1,0,11,7,21,10,41,20,8,14,13,0,0
match-b24e658f-1577,solidaritaet_ueberleben,standard,1,0,1,11,-3,17,15,48,14,14,3,3,0,0
match-2b9bd64d-1578,forschung_muskelkraft,standard,0,1,0,9,8,16,8,24,12,7,12,11,0,0
match-2b9bd64d-1578,solidaritaet_ueberleben,standard,1,0,1,9,-1,12,12,35,6,12,3,2,0,0
match-a4e9270a-1579,forschung_muskelkraft,standard,0,0,0,11,-4,23,15,56,5,13,6,4,0,0
match-a4e9270a-1579,solidaritaet_ueberleben,standard,1,1,1,11,6,16,10,41,14,9,10,14,0,0
match-bef58604-1580,forschung_muskelkraft,standard,0,1,0,16,7,22,15,61,64,13,15,7,0,0
match-bef58604-1580,solidaritaet_ueberleben,standard,1,0,1,16,0,23,19,67,54,18,10,0,1,0
match-3842f6c2-1581,forschung_muskelkraft,standard,0,0,0,8,0,17,9,31,2,7,5,0,0,0
match-3842f6c2-1581,solidaritaet_ueberleben,standard,1,1,1,8,10,12,8,26,2,8,3,10,0,0
match-b190477f-1582,forschung_muskelkraft,standard,0,0,0,15,0,21,15,55,61,13,15,3,0,0
match-b190477f-1582,solidaritaet_ueberleben,standard,1,1,1,15,7,20,19,62,44,18,8,10,0,0
match-2addb83d-1583,forschung_muskelkraft,standard,0,0,0,8,-3,16,9,30,3,7,4,9,0,0
match-2addb83d-1583,solidaritaet_ueberleben,standard,1,1,1,8,1,13,8,32,2,8,2,13,1,0
match-d9c0030e-1584,forschung_muskelkraft,standard,0,0,0,9,-1,14,10,31,13,8,3,8,0,0
match-d9c0030e-1584,solidaritaet_ueberleben,standard,1,1,1,9,2,13,9,30,8,8,4,11,0,0
match-530d73cc-1585,forschung_muskelkraft,standard,0,0,0,7,-1,17,7,24,3,6,4,3,0,0
match-530d73cc-1585,solidaritaet_ueberleben,standard,1,1,1,7,7,11,9,27,1,8,1,11,0,0
match-cc5ac489-1586,forschung_muskelkraft,standard,0,1,0,11,7,22,12,43,12,10,13,12,0,0
match-cc5ac489-1586,solidaritaet_ueberleben,standard,1,0,1,11,-2,17,15,46,13,14,6,3,1,0
match-45a83547-1587,forschung_muskelkraft,standard,0,0,0,10,-2,19,9,36,15,7,9,9,0,0
match-45a83547-1587,solidaritaet_ueberleben,standard,1,1,1,10,1,14,11,35,13,11,3,12,0,0
match-89608bf0-1588,forschung_muskelkraft,standard,0,0,0,9,-4,17,9,32,10,7,5,0,0,0
match-89608bf0-1588,solidaritaet_ueberleben,standard,1,1,1,9,10,14,10,42,3,9,3,14,0,0
match-02adfcae-1589,forschung_muskelkraft,standard,0,0,0,10,0,19,9,33,17,7,12,7,0,0
match-02adfcae-1589,solidaritaet_ueberleben,standard,1,1,1,10,3,14,13,45,6,12,2,10,1,0
match-7bfb4d6b-1590,forschung_muskelkraft,standard,0,0,0,16,-1,22,17,69,59,15,6,3,0,0
match-7bfb4d6b-1590,solidaritaet_ueberleben,standard,1,1,1,16,6,21,11,42,78,10,10,10,0,0
match-f548be28-1591,forschung_muskelkraft,standard,0,0,0,7,0,15,7,25,1,6,4,3,0,0
match-f548be28-1591,solidaritaet_ueberleben,standard,1,1,1,7,7,11,7,26,2,7,2,10,0,0
match-a42b08fa-1592,forschung_muskelkraft,standard,0,0,0,13,-2,23,17,67,19,15,10,2,0,0
match-a42b08fa-1592,solidaritaet_ueberleben,standard,1,1,1,13,8,18,13,50,31,13,11,12,0,0
match-1d7879b8-1593,forschung_muskelkraft,standard,0,0,0,9,-2,14,11,38,4,9,3,5,0,0
match-1d7879b8-1593,solidaritaet_ueberleben,standard,1,1,1,9,5,14,7,30,6,6,6,12,0,0
match-96c5ca75-1594,forschung_muskelkraft,standard,0,1,0,12,6,21,12,45,21,10,12,11,0,0
match-96c5ca75-1594,solidaritaet_ueberleben,standard,1,0,1,12,-1,18,16,51,21,15,5,4,0,0
match-10133b33-1595,forschung_muskelkraft,standard,0,1,0,13,3,22,14,54,24,12,12,11,0,0
match-10133b33-1595,solidaritaet_ueberleben,standard,1,0,1,13,-1,17,13,50,28,13,9,7,0,0
match-7d77898b-1596,forschung_muskelkraft,standard,0,1,0,7,4,13,7,25,2,6,3,10,0,0
match-7d77898b-1596,solidaritaet_ueberleben,standard,1,0,1,7,0,12,8,25,2,8,1,6,0,0
match-f6c4fa48-1597,forschung_muskelkraft,standard,0,1,0,13,3,23,14,54,24,12,16,15,0,0
match-f6c4fa48-1597,solidaritaet_ueberleben,standard,1,0,1,13,-5,17,16,55,26,15,7,7,0,0
match-70124b06-1598,forschung_muskelkraft,standard,0,,0,16,-1,23,20,75,49,18,17,7,0,0
match-70124b06-1598,solidaritaet_ueberleben,standard,1,,1,16,0,23,20,68,53,19,15,8,1,0
match-e95fbbc3-1599,forschung_muskelkraft,standard,0,1,0,15,5,21,16,63,46,14,18,9,0,0
match-e95fbbc3-1599,solidaritaet_ueberleben,standard,1,0,1,15,0,21,19,62,47,18,9,4,0,0
match-98420695-1600,forschung_muskelkraft,standard,0,1,0,10,2,20,9,32,13,7,14,11,0,0
match-98420695-1600,solidaritaet_ueberleben,standard,1,0,1,10,-1,14,13,38,11,13,2,8,0,0
match-118f7753-1601,forschung_muskelkraft,standard,0,0,0,9,0,19,9,36,5,8,2,6,0,0
match-118f7753-1601,solidaritaet_ueberleben,standard,1,1,1,9,4,13,8,32,10,7,4,10,0,0
match-8adcc810-1602,forschung_muskelkraft,standard,0,1,0,10,6,19,9,32,13,7,13,15,0,0
match-8adcc810-1602,solidaritaet_ueberleben,standard,1,0,1,10,-5,15,14,47,3,13,2,4,0,0
match-042a38ce-1603,forschung_muskelkraft,standard,0,,0,16,0,23,13,50,75,11,13,7,0,0
match-042a38ce-1603,solidaritaet_ueberleben,standard,1,,1,16,0,22,18,62,58,17,7,7,0,0
match-47e28f77-1604,forschung_muskelkraft,standard,0,1,0,13,1,21,10,39,39,8,16,10,0,0
match-47e28f77-1604,solidaritaet_ueberleben,standard,1,0,1,13,0,20,17,59,23,16,3,9,0,0
match-c12fe034-1605,forschung_muskelkraft,standard,0,1,0,16,2,21,16,61,63,14,17,7,0,0
match-c12fe034-1605,solidaritaet_ueberleben,standard,1,0,1,16,0,22,20,68,54,19,9,5,1,0
match-3a7d50f2-1606,forschung_muskelkraft,standard,0,,0,16,0,24,20,75,47,18,17,8,0,0
match-3a7d50f2-1606,solidaritaet_ueberleben,standard,1,,1,16,-1,20,18,65,57,17,15,7,0,0
match-b3caa1af-1607,forschung_muskelkraft,standard,0,0,0,14,-3,22,15,61,38,13,16,6,0,0
match-b3caa1af-1607,solidaritaet_ueberleben,standard,1,1,1,14,4,19,18,63,33,17,8,13,0,0
match-62ad0c81-1608,forschung_muskelkraft,standard,0,1,0,15,4,23,12,48,57,10,16,13,0,0
match-62ad0c81-1608,solidaritaet_ueberleben,standard,1,0,1,15,-3,18,18,56,51,17,5,6,1,0
match-dbfa7d3e-1609,forschung_muskelkraft,standard,0,0,0,7,0,14,6,23,3,5,3,4,0,0
match-dbfa7d3e-1609,solidaritaet_ueberleben,standard,1,1,1,7,6,13,8,25,2,7,0,10,0,0
match-5547cdfc-1610,forschung_muskelkraft,standard,0,0,0,7,0,14,9,25,2,7,4,6,0,0
match-5547cdfc-1610,solidaritaet_ueberleben,standard,1,1,1,7,4,14,8,27,1,8,4,10,0,0
match-ce953eb9-1611,forschung_muskelkraft,standard,0,1,0,12,4,19,11,45,21,9,9,11,0,0
match-ce953eb9-1611,solidaritaet_ueberleben,standard,1,0,1,12,-1,18,14,52,20,13,4,6,0,0
match-e8a19db3-1612,forschung_muskelkraft,standard,0,0,0,16,0,23,15,61,59,13,15,5,0,0
match-e8a19db3-1612,solidaritaet_ueberleben,standard,1,1,1,16,2,23,19,65,55,18,11,7,0,0
match-61eeee71-1613,forschung_muskelkraft,standard,0,0,0,13,-1,22,9,31,47,7,10,0,0,0
match-61eeee71-1613,solidaritaet_ueberleben,standard,1,1,1,13,10,18,13,49,34,12,2,11,0,0
match-db3c5f2e-1614,forschung_muskelkraft,standard,0,1,0,10,6,21,9,31,14,7,10,10,0,0
match-db3c5f2e-1614,solidaritaet_ueberleben,standard,1,0,1,10,0,17,14,40,9,13,3,4,0,0
match-5489afec-1615,forschung_muskelkraft,standard,0,1,0,15,5,23,17,65,40,15,17,9,0,0
match-5489afec-1615,solidaritaet_ueberleben,standard,1,0,1,15,0,21,19,64,47,19,11,4,0,0
match-036c1abe-1616,forschung_muskelkraft,standard,0,1,0,7,8,15,7,26,2,6,4,11,0,0
match-036c1abe-1616,solidaritaet_ueberleben,standard,1,0,1,7,-1,11,8,25,3,8,2,2,0,0
match-7cb96b7b-1617,forschung_muskelkraft,standard,0,0,0,17,-2,22,10,34,102,8,7,3,0,0
match-7cb96b7b-1617,solidaritaet_ueberleben,standard,1,1,1,17,1,21,13,43,93,12,4,6,0,0
match-f606dc38-1618,forschung_muskelkraft,standard,0,,0,16,-1,23,17,65,55,15,20,7,0,0
match-f606dc38-1618,solidaritaet_ueberleben,standard,1,,1,16,0,20,20,68,57,19,12,8,0,0
match-6f542cf6-1619,forschung_muskelkraft,standard,0,0,0,8,0,17,9,32,1,8,4,3,0,0
match-6f542cf6-1619,solidaritaet_ueberleben,standard,1,1,1,8,7,14,8,31,2,8,3,10,0,0
match-b30c839f-1620,forschung_muskelkraft,standard,0,1,0,15,4,23,14,61,48,12,14,10,0,0
match-b30c839f-1620,solidaritaet_ueberleben,standard,1,0,1,15,0,22,18,63,42,17,8,6,2,0
match-2c59f45d-1621,forschung_muskelkraft,standard,0,1,0,7,4,11,6,20,1,5,8,10,0,0
match-2c59f45d-1621,solidaritaet_ueberleben,standard,1,0,1,7,0,12,10,27,0,10,1,6,0,0
match-a5a7451a-1622,forschung_muskelkraft,standard,0,0,0,11,-3,22,11,42,19,9,8,8,0,0
match-a5a7451a-1622,solidaritaet_ueberleben,standard,1,1,1,11,2,15,13,40,15,12,4,13,0,0
match-1ef4b5d8-1623,forschung_muskelkraft,standard,0,1,0,13,4,23,11,39,39,9,17,13,0,0
match-1ef4b5d8-1623,solidaritaet_ueberleben,standard,1,0,1,13,-3,19,17,55,26,16,4,6,0,0
match-cdd700a9-1624,forschung_muskelkraft,standard,0,0,0,8,0,17,11,35,1,9,2,2,0,0
match-cdd700a9-1624,solidaritaet_ueberleben,standard,1,1,1,8,8,14,7,28,4,7,5,10,0,0
match-47247167-1625,forschung_muskelkraft,standard,0,1,0,9,2,16,8,29,7,6,7,10,0,0
match-47247167-1625,solidaritaet_ueberleben,standard,1,0,1,9,0,13,10,34,9,10,2,8,0,0
match-c071c224-1626,forschung_muskelkraft,standard,0,0,0,8,-3,14,8,31,4,8,4,3,0,0
match-c071c224-1626,solidaritaet_ueberleben,standard,1,1,1,8,7,14,7,26,2,7,3,13,0,0
match-39bf32e2-1627,forschung_muskelkraft,standard,0,1,0,17,1,22,17,69,75,15,9,5,0,0
match-39bf32e2-1627,solidaritaet_ueberleben,standard,1,0,1,17,-1,23,15,59,84,14,10,3,0,0
match-4dd39ff7-1628,forschung_muskelkraft,standard,0,1,0,15,1,22,13,46,59,11,19,9,0,0
match-4dd39ff7-1628,solidaritaet_ueberleben,standard,1,0,1,15,0,21,19,67,40,18,8,8,0,0
match-c720f0b4-1629,forschung_muskelkraft,standard,0,1,0,11,7,19,9,37,18,8,13,12,0,0
match-c720f0b4-1629,solidaritaet_ueberleben,standard,1,0,1,11,-2,16,15,45,15,14,3,3,0,0
match-406e4172-1630,forschung_muskelkraft,standard,0,1,0,17,1,22,13,50,86,11,19,6,0,0
match-406e4172-1630,solidaritaet_ueberleben,standard,1,0,1,17,-2,23,20,68,69,19,6,3,0,0
match-b9bbb22f-1631,forschung_muskelkraft,standard,0,0,0,10,-2,21,8,30,15,7,7,5,0,0
match-b9bbb22f-1631,solidaritaet_ueberleben,standard,1,1,1,10,5,14,11,32,13,11,4,12,0,0
match-689e1d01-1632,forschung_muskelkraft,standard,0,1,0,11,9,22,9,34,25,8,12,15,0,0
match-689e1d01-1632,solidaritaet_ueberleben,standard,1,0,1,11,-5,17,15,46,11,14,3,1,0,0
match-e1eb6dbe-1633,forschung_muskelkraft,standard,0,,0,16,0,23,14,52,73,12,14,7,0,0
match-e1eb6dbe-1633,solidaritaet_ueberleben,standard,1,,1,16,0,23,19,66,56,18,9,7,2,0
match-5b38de7c-1634,forschung_muskelkraft,standard,0,1,0,15,7,22,14,56,49,12,17,17,0,0
match-5b38de7c-1634,solidaritaet_ueberleben,standard,1,0,1,15,-7,22,19,66,45,18,7,3,0,0
match-d4862f39-1635,forschung_muskelkraft,standard,0,1,0,11,7,22,9,35,20,7,14,10,0,0
match-d4862f39-1635,solidaritaet_ueberleben,standard,1,0,1,11,0,16,15,45,16,14,2,3,0,0
match-183e85e3-1636,forschung_muskelkraft,standard,0,0,0,8,0,17,10,33,2,8,3,2,0,0
match-183e85e3-1636,solidaritaet_ueberleben,standard,1,1,1,8,8,11,9,33,3,8,3,10,0,0
match-918bf6a0-1637,forschung_muskelkraft,standard,0,1,0,9,4,17,7,24,13,5,12,15,0,0
match-918bf6a0-1637,solidaritaet_ueberleben,standard,1,0,1,9,-5,16,13,36,2,12,0,6,0,0
match-0ad9475e-1638,forschung_muskelkraft,standard,0,1,0,9,3,18,8,30,6,7,7,12,0,0
match-0ad9475e-1638,solidaritaet_ueberleben,standard,1,0,1,9,-2,12,10,33,12,9,2,7,0,0
match-8426b81b-1639,forschung_muskelkraft,standard,0,0,0,8,-2,18,10,33,2,8,4,5,0,0
match-8426b81b-1639,solidaritaet_ueberleben,standard,1,1,1,8,5,14,8,32,2,8,3,12,0,0
match-330902ed-1640,forschung_muskelkraft,standard,0,1,0,13,8,22,9,35,49,7,18,11,0,0
match-330902ed-1640,solidaritaet_ueberleben,standard,1,0,1,13,-1,19,17,55,25,17,3,2,0,0
match-ac5673aa-1641,forschung_muskelkraft,standard,0,0,0,14,-2,23,17,67,28,15,14,3,0,0
match-ac5673aa-1641,solidaritaet_ueberleben,standard,1,1,1,14,7,20,17,55,40,16,10,12,0,0
match-25a3c468-1642,forschung_muskelkraft,standard,0,1,0,8,2,18,8,31,3,7,9,12,0,0
match-25a3c468-1642,solidaritaet_ueberleben,standard,1,0,1,8,-2,14,10,30,6,10,2,8,0,0
match-9ef13525-1643,forschung_muskelkraft,standard,0,1,0,16,1,22,15,59,65,13,14,8,0,0
match-9ef13525-1643,solidaritaet_ueberleben,standard,1,0,1,16,-1,21,18,64,64,17,8,6,0,0
match-b8fd941f-1644,forschung_muskelkraft,standard,0,1,0,9,4,17,9,36,5,8,8,12,0,0
match-b8fd941f-1644,solidaritaet_ueberleben,standard,1,0,1,9,-2,14,11,34,4,10,5,6,0,0
match-324ae4dd-1645,forschung_muskelkraft,standard,0,1,0,9,6,20,9,31,10,7,8,11,0,0
match-324ae4dd-1645,solidaritaet_ueberleben,standard,1,0,1,9,-1,15,12,41,3,11,2,4,0,0
match-ab98559a-1646,forschung_muskelkraft,standard,0,1,0,12,7,23,12,47,19,10,14,11,0,0
match-ab98559a-1646,solidaritaet_ueberleben,standard,1,0,1,12,-1,17,15,47,26,15,5,3,0,0
match-24e5a658-1647,forschung_muskelkraft,standard,0,0,0,8,0,16,8,27,7,7,8,5,0,0
match-24e5a658-1647,solidaritaet_ueberleben,standard,1,1,1,8,5,12,9,31,2,9,2,10,1,0
match-d3c81129-1648,forschung_muskelkraft,standard,0,,0,17,-2,23,11,43,93,9,14,6,0,0
match-d3c81129-1648,solidaritaet_ueberleben,standard,1,,1,17,-2,21,16,61,75,15,5,6,0,0
match-4d1561e7-1649,forschung_muskelkraft,standard,0,1,0,15,1,23,14,51,60,12,7,9,0,0
match-4d1561e7-1649,solidaritaet_ueberleben,standard,1,0,1,15,0,19,12,50,55,11,7,8,0,0
match-c662d2a4-1650,forschung_muskelkraft,standard,0,0,0,15,0,23,13,53,58,11,8,8,0,0
match-c662d2a4-1650,solidaritaet_ueberleben,standard,1,1,1,15,1,20,13,51,63,12,6,9,0,0
match-3fb02362-1651,forschung_muskelkraft,standard,0,0,0,9,-2,14,9,38,7,8,6,9,0,0
match-3fb02362-1651,solidaritaet_ueberleben,standard,1,1,1,9,1,14,10,36,0,10,3,12,0,0
match-83689a0b-1652,forschung_muskelkraft,standard,0,0,0,14,-3,23,13,46,45,11,10,4,0,0
match-83689a0b-1652,solidaritaet_ueberleben,standard,1,1,1,14,6,20,14,55,36,14,6,13,0,0
match-fcb5eac8-1653,forschung_muskelkraft,standard,0,,0,15,0,21,15,61,52,13,13,9,0,0
match-fcb5eac8-1653,solidaritaet_ueberleben,standard,1,,1,15,0,20,17,61,46,16,9,9,1,0
match-76035b86-1654,forschung_muskelkraft,standard,0,,0,16,-1,22,13,52,68,11,17,7,0,0
match-76035b86-1654,solidaritaet_ueberleben,standard,1,,1,16,0,21,17,61,61,17,8,8,0,0
match-ef50ac43-1655,forschung_muskelkraft,standard,0,1,0,7,6,15,7,24,2,6,3,10,0,0
match-ef50ac43-1655,solidaritaet_ueberleben,standard,1,0,1,7,0,12,8,26,1,7,2,4,0,0
match-9e331715-1656,forschung_muskelkraft,standard,0,0,0,9,-2,19,10,34,2,8,5,2,0,0
match-9e331715-1656,solidaritaet_ueberleben,standard,1,1,1,9,8,14,10,35,5,10,3,12,0,0
match-178067d3-1657,forschung_muskelkraft,standard,0,0,0,9,0,16,8,30,11,7,8,6,0,0
match-178067d3-1657,solidaritaet_ueberleben,standard,1,1,1,9,4,14,12,40,1,11,3,10,0,0
match-90cdd890-1658,forschung_muskelkraft,standard,0,0,0,12,0,22,12,44,27,10,10,3,0,0
match-90cdd890-1658,solidaritaet_ueberleben,standard,1,1,1,12,7,17,16,50,18,15,6,10,2,0
match-0a1b294e-1659,forschung_muskelkraft,standard,0,1,0,14,3,22,13,47,44,11,16,13,0,0
match-0a1b294e-1659,solidaritaet_ueberleben,standard,1,0,1,14,-3,21,18,59,36,17,7,7,0,0
match-777f97a6-1660,forschung_muskelkraft,standard,0,0,0,8,-2,20,10,33,2,8,6,2,0,0
match-777f97a6-1660,solidaritaet_ueberleben,standard,1,1,1,8,8,13,9,30,4,9,4,12,0,0
match-f0cce863-1661,forschung_muskelkraft,standard,0,1,0,8,2,18,7,24,4,7,9,14,0,0
match-f0cce863-1661,solidaritaet_ueberleben,standard,1,0,1,8,-4,13,11,32,2,11,2,8,0,0
match-6a1a5921-1662,forschung_muskelkraft,standard,0,0,0,8,-2,18,7,25,8,6,4,6,0,0
match-6a1a5921-1662,solidaritaet_ueberleben,standard,1,1,1,8,4,13,8,29,3,8,1,12,0,0
match-e367a9de-1663,forschung_muskelkraft,standard,0,0,0,7,0,14,8,26,2,6,5,0,0,0
match-e367a9de-1663,solidaritaet_ueberleben,standard,1,1,1,7,10,10,9,27,1,8,1,10,0,0
match-924a14b0-1664,forschung_muskelkraft,standard,0,0,0,15,0,23,15,59,50,13,7,3,0,0
match-924a14b0-1664,solidaritaet_ueberleben,standard,1,1,1,15,7,22,11,41,64,11,8,10,1,0
match-0b97656e-1665,forschung_muskelkraft,standard,0,1,0,16,5,23,13,49,71,11,17,12,0,0
match-0b97656e-1665,solidaritaet_ueberleben,standard,1,0,1,16,-3,21,19,66,57,18,6,4,1,0
match-84e4d62b-1666,forschung_muskelkraft,standard,0,0,0,10,-4,20,11,45,10,11,6,0,0,0
match-84e4d62b-1666,solidaritaet_ueberleben,standard,1,1,1,10,10,15,9,32,13,9,6,14,0,0
match-fe3226e8-1667,forschung_muskelkraft,standard,0,0,0,10,-3,21,9,31,14,7,11,9,0,0
match-fe3226e8-1667,solidaritaet_ueberleben,standard,1,1,1,10,1,13,13,41,10,12,2,13,0,0
match-41ea9d92-1668,forschung_muskelkraft,standard,0,1,0,10,5,21,11,39,12,9,12,11,0,0
match-41ea9d92-1668,solidaritaet_ueberleben,standard,1,0,1,10,-1,14,13,39,9,12,4,5,0,0
match-bb37ee4f-1669,forschung_muskelkraft,standard,0,0,0,9,-5,20,10,34,11,8,5,9,0,0
match-bb37ee4f-1669,solidaritaet_ueberleben,standard,1,1,1,9,1,13,11,38,3,10,5,15,0,0
match-34855f0d-1670,forschung_muskelkraft,standard,0,1,0,14,8,23,15,59,36,13,14,13,0,0
match-34855f0d-1670,solidaritaet_ueberleben,standard,1,0,1,14,-3,20,18,61,40,17,8,2,0,0
match-add2afca-1671,forschung_muskelkraft,standard,0,1,0,7,2,13,5,21,6,4,3,10,0,0
match-add2afca-1671,solidaritaet_ueberleben,standard,1,0,1,7,0,11,7,21,2,7,1,8,0,0
match-5cb51a9c-1672,forschung_muskelkraft,standard,0,0,0,11,0,21,12,45,10,10,8,0,0,0
match-5cb51a9c-1672,solidaritaet_ueberleben,standard,1,1,1,11,10,17,12,46,13,11,5,10,0,0
match-d6026b59-1673,forschung_muskelkraft,standard,0,1,0,10,8,18,12,45,4,10,12,13,0,0
match-d6026b59-1673,solidaritaet_ueberleben,standard,1,0,1,10,-3,16,14,45,6,13,5,2,0,0
match-4f4fdc17-1674,forschung_muskelkraft,standard,0,1,0,16,2,23,16,63,57,14,19,10,0,0
match-4f4fdc17-1674,solidaritaet_ueberleben,standard,1,0,1,16,-1,22,20,68,56,19,9,7,0,0
match-c89d2cd4-1675,forschung_muskelkraft,standard,0,0,0,8,0,18,9,30,3,7,6,4,0,0
match-c89d2cd4-1675,solidaritaet_ueberleben,standard,1,1,1,8,6,12,8,28,3,8,2,10,0,0
match-e2a98bce-1676,forschung_muskelkraft,standard,0,0,0,15,0,23,14,57,48,12,14,7,0,0
match-e2a98bce-1676,solidaritaet_ueberleben,standard,1,1,1,15,2,19,16,54,51,16,8,9,0,0
match-5bf6fc8c-1677,forschung_muskelkraft,standard,0,0,0,11,-3,22,13,52,14,11,6,0,0,0
match-5bf6fc8c-1677,solidaritaet_ueberleben,standard,1,1,1,11,10,16,12,42,21,11,7,13,0,0
match-d5444d49-1678,forschung_muskelkraft,standard,0,1,0,16,1,22,13,48,72,11,18,8,0,0
match-d5444d49-1678,solidaritaet_ueberleben,standard,1,0,1,16,-1,20,20,68,57,19,7,6,0,0
match-4e91be07-1679,forschung_muskelkraft,standard,0,0,0,13,-1,22,15,61,21,13,14,6,0,0
match-4e91be07-1679,solidaritaet_ueberleben,standard,1,1,1,13,4,17,16,54,29,15,8,11,1,0
match-fd7408d8-1680,forschung_muskelkraft,standard,0,0,0,11,0,21,11,37,18,9,12,8,0,0
match-fd7408d8-1680,solidaritaet_ueberleben,standard,1,1,1,11,2,16,15,52,7,14,6,10,0,0
match-76c17996-1681,forschung_muskelkraft,standard,0,,0,15,0,23,15,59,50,13,11,9,0,0
match-76c17996-1681,solidaritaet_ueberleben,standard,1,,1,15,0,21,15,57,53,14,8,9,1,0
match-f00eca53-1682,forschung_muskelkraft,standard,0,0,0,7,-1,16,8,26,2,6,2,0,0,0
match-f00eca53-1682,solidaritaet_ueberleben,standard,1,1,1,7,10,12,7,27,1,7,4,11,0,0
match-695c3b11-1683,forschung_muskelkraft,standard,0,,0,16,-1,21,11,39,86,9,9,8,0,0
match-695c3b11-1683,solidaritaet_ueberleben,standard,1,,1,16,-1,23,14,53,73,13,4,8,0,0
match-ad1491ba-1684,forschung_muskelkraft,standard,0,1,0,6,6,10,6,18,2,4,2,11,0,0
match-ad1491ba-1684,solidaritaet_ueberleben,standard,1,0,1,6,-1,11,6,19,2,6,0,4,0,0
match-2661e278-1685,forschung_muskelkraft,standard,0,1,0,15,3,22,18,71,34,16,13,9,0,0
match-2661e278-1685,solidaritaet_ueberleben,standard,1,0,1,15,0,21,14,51,54,13,15,6,0,0
match-9faf5335-1686,forschung_muskelkraft,standard,0,0,0,16,-2,23,14,57,67,12,13,8,0,0
match-9faf5335-1686,solidaritaet_ueberleben,standard,1,1,1,16,1,22,18,61,59,17,7,11,0,0
match-18fca3f3-1687,forschung_muskelkraft,standard,0,1,0,8,4,18,8,31,4,8,6,10,0,0
match-18fca3f3-1687,solidaritaet_ueberleben,standard,1,0,1,8,0,12,10,36,0,10,3,6,0,0
match-c7df0ec4-1688,forschung_muskelkraft,standard,0,0,0,14,-1,23,14,57,34,12,12,2,0,0
match-c7df0ec4-1688,solidaritaet_ueberleben,standard,1,1,1,14,8,19,15,54,37,14,7,11,0,0
match-412c7f82-1689,forschung_muskelkraft,standard,0,0,0,15,0,22,12,45,60,10,8,4,0,0
match-412c7f82-1689,solidaritaet_ueberleben,standard,1,1,1,15,5,20,12,45,64,12,5,9,0,0
match-ba79d03f-1690,forschung_muskelkraft,standard,0,1,0,12,5,23,10,33,38,8,7,10,0,0
match-ba79d03f-1690,solidaritaet_ueberleben,standard,1,0,1,12,0,17,12,41,31,11,3,5,0,0
match-33c720fd-1691,forschung_muskelkraft,standard,0,1,0,14,1,23,12,44,47,10,16,13,0,0
match-33c720fd-1691,solidaritaet_ueberleben,standard,1,0,1,14,-3,20,17,56,38,16,5,9,1,0
match-fa7b9098-1692,forschung_muskelkraft,standard,0,0,0,10,-1,22,10,37,13,8,11,2,0,0
match-fa7b9098-1692,solidaritaet_ueberleben,standard,1,1,1,10,8,14,13,44,4,13,3,11,0,0
match-73c8e156-1693,forschung_muskelkraft,standard,0,0,0,9,-1,19,10,33,3,9,7,3,0,0
match-73c8e156-1693,solidaritaet_ueberleben,standard,1,1,1,9,7,14,10,36,3,9,4,11,2,0
match-ed165213-1694,forschung_muskelkraft,standard,0,1,0,15,2,22,16,65,40,14,11,11,0,0
match-ed165213-1694,solidaritaet_ueberleben,standard,1,0,1,15,-1,21,16,56,49,15,9,8,0,0
match-6663a2d1-1695,forschung_muskelkraft,standard,0,0,0,15,0,22,10,33,72,8,9,0,0,0
match-6663a2d1-1695,solidaritaet_ueberleben,standard,1,1,1,15,9,20,14,53,57,13,4,9,0,0
match-15460da3-1696,forschung_muskelkraft,standard,0,0,0,13,-1,21,11,39,45,9,11,5,0,0
match-15460da3-1696,solidaritaet_ueberleben,standard,1,1,1,13,5,18,15,50,28,14,5,11,0,0
match-8e937e60-1697,forschung_muskelkraft,standard,0,1,0,6,5,12,6,20,1,5,4,10,0,0
match-8e937e60-1697,solidaritaet_ueberleben,standard,1,0,1,6,0,10,8,20,1,8,1,5,0,0
match-07e0cf1e-1698,forschung_muskelkraft,standard,0,1,0,14,7,23,17,66,26,15,15,11,0,0
match-07e0cf1e-1698,solidaritaet_ueberleben,standard,1,0,1,14,-1,20,18,58,38,17,10,3,0,0
match-812e3fdb-1699,forschung_muskelkraft,standard,0,0,0,8,-1,16,8,31,4,7,5,3,0,0
match-812e3fdb-1699,solidaritaet_ueberleben,standard,1,1,1,8,7,14,10,33,3,10,2,11,0,0
match-c4e69684-1700,forschung_muskelkraft,standard,0,1,0,10,6,21,10,36,9,8,11,13,0,0
match-c4e69684-1700,solidaritaet_ueberleben,standard,1,0,1,10,-3,14,13,45,4,12,3,4,0,0
match-3e33e742-1701,forschung_muskelkraft,standard,0,0,0,7,0,15,7,25,2,6,4,3,0,0
match-3e33e742-1701,solidaritaet_ueberleben,standard,1,1,1,7,7,13,8,21,3,8,1,10,0,0
match-b78157ff-1702,forschung_muskelkraft,standard,0,1,0,8,6,17,8,25,3,6,11,12,0,0
match-b78157ff-1702,solidaritaet_ueberleben,standard,1,0,1,8,-2,12,11,31,2,11,2,4,0,0
match-30cea8bd-1703,forschung_muskelkraft,standard,0,1,0,11,2,20,10,41,14,9,11,12,0,0
match-30cea8bd-1703,solidaritaet_ueberleben,standard,1,0,1,11,-2,18,13,45,10,12,5,8,0,0
match-dfb1138e-1704,forschung_muskelkraft,standard,0,1,0,8,6,16,7,25,3,6,6,12,0,0
match-dfb1138e-1704,solidaritaet_ueberleben,standard,1,0,1,8,-2,13,9,29,7,9,1,4,0,0
match-58fe644c-1705,forschung_muskelkraft,standard,0,1,0,14,2,23,17,67,32,15,15,10,0,0
match-58fe644c-1705,solidaritaet_ueberleben,standard,1,0,1,14,0,22,17,60,37,16,12,8,0,0
match-d24bd509-1706,forschung_muskelkraft,standard,0,1,0,11,1,21,13,49,6,12,11,12,0,0
match-d24bd509-1706,solidaritaet_ueberleben,standard,1,0,1,11,-2,15,14,47,12,13,7,9,0,0
match-4b9925c7-1707,forschung_muskelkraft,standard,0,0,0,12,-3,23,13,49,22,11,10,7,0,0
match-4b9925c7-1707,solidaritaet_ueberleben,standard,1,1,1,12,3,17,14,47,19,13,6,13,1,0
match-65a584c1-1708,forschung_muskelkraft,standard,0,,0,16,0,22,16,60,65,14,8,7,0,0
match-65a584c1-1708,solidaritaet_ueberleben,standard,1,,1,16,0,21,12,49,71,11,11,7,0,0
match-def2f57e-1709,forschung_muskelkraft,standard,0,1,0,6,2,11,6,19,2,5,3,10,0,0
match-def2f57e-1709,solidaritaet_ueberleben,standard,1,0,1,6,0,12,6,19,1,6,2,8,0,0
match-5840463c-1710,forschung_muskelkraft,standard,0,0,0,16,-5,23,13,53,67,11,6,1,0,0
match-5840463c-1710,solidaritaet_ueberleben,standard,1,1,1,16,8,22,11,45,75,10,6,14,0,0
match-d18db6f9-1711,forschung_muskelkraft,standard,0,0,0,16,0,22,14,59,65,12,9,3,0,0
match-d18db6f9-1711,solidaritaet_ueberleben,standard,1,1,1,16,6,21,14,51,73,13,7,9,0,0
match-807001cb-1712,forschung_muskelkraft,standard,0,0,0,15,0,24,12,44,61,10,16,6,0,0
match-807001cb-1712,solidaritaet_ueberleben,standard,1,1,1,15,3,20,19,65,45,18,5,9,0,0
match-f9bd7288-1713,forschung_muskelkraft,standard,0,0,0,6,0,14,4,15,6,4,1,0,0,0
match-f9bd7288-1713,solidaritaet_ueberleben,standard,1,1,1,6,10,10,5,19,1,5,2,10,0,0
match-730ac346-1714,forschung_muskelkraft,standard,0,0,0,10,-2,22,11,38,12,9,6,4,0,0
match-730ac346-1714,solidaritaet_ueberleben,standard,1,1,1,10,6,15,12,42,9,11,5,12,0,0
match-ec583403-1715,forschung_muskelkraft,standard,0,0,0,8,-2,20,11,34,2,9,4,4,0,0
match-ec583403-1715,solidaritaet_ueberleben,standard,1,1,1,8,6,13,9,28,0,9,4,12,0,0
match-30108aad-1716,forschung_muskelkraft,standard,0,1,0,6,6,10,6,19,2,5,4,10,0,0
match-30108aad-1716,solidaritaet_ueberleben,standard,1,0,1,6,0,13,6,19,2,6,0,4,0,0
match-a95dfb6a-1717,forschung_muskelkraft,standard,0,0,0,10,-1,21,9,31,14,7,4,3,0,0
match-a95dfb6a-1717,solidaritaet_ueberleben,standard,1,1,1,10,7,15,9,30,15,8,2,11,0,0
match-22ab4c28-1718,forschung_muskelkraft,standard,0,0,0,15,0,23,16,63,42,14,17,6,0,0
match-22ab4c28-1718,solidaritaet_ueberleben,standard,1,1,1,15,3,21,19,67,41,18,9,9,0,0
match-9bf8bce5-1719,forschung_muskelkraft,standard,0,,0,16,-1,22,12,45,75,10,15,8,0,0
match-9bf8bce5-1719,solidaritaet_ueberleben,standard,1,,1,16,-1,20,19,65,58,18,6,8,0,0
match-4adb07b7-1720,forschung_muskelkraft,standard,0,1,0,7,6,12,8,27,1,6,4,10,0,0
match-4adb07b7-1720,solidaritaet_ueberleben,standard,1,0,1,7,0,12,7,27,1,7,2,4,0,0
match-c4287874-1721,forschung_muskelkraft,standard,0,0,0,14,-3,23,11,45,52,9,10,3,0,0
match-c4287874-1721,solidaritaet_ueberleben,standard,1,1,1,14,7,21,14,49,42,13,5,13,0,0
match-3d75c932-1722,forschung_muskelkraft,standard,0,0,0,13,-2,21,14,54,26,12,10,9,0,0
match-3d75c932-1722,solidaritaet_ueberleben,standard,1,1,1,13,1,16,14,53,29,14,8,12,1,0
match-b6c339ef-1723,forschung_muskelkraft,standard,0,0,0,12,0,23,12,44,24,10,4,0,0,0
match-b6c339ef-1723,solidaritaet_ueberleben,standard,1,1,1,12,10,16,8,31,35,7,5,10,0,0
match-24278848-1724,forschung_muskelkraft,standard,0,0,0,9,0,18,9,32,4,7,9,8,0,0
match-24278848-1724,solidaritaet_ueberleben,standard,1,1,1,9,2,14,12,40,1,11,4,10,0,0
match-9d74f905-1725,forschung_muskelkraft,standard,0,0,0,8,-4,15,9,31,5,8,2,0,0,0
match-9d74f905-1725,solidaritaet_ueberleben,standard,1,1,1,8,10,12,8,29,3,7,3,14,0,0
match-16c249c3-1726,forschung_muskelkraft,standard,0,,0,17,-1,23,17,65,80,15,11,6,0,0
match-16c249c3-1726,solidaritaet_ueberleben,standard,1,,1,17,-2,23,16,61,80,15,10,5,0,0
match-900fba80-1727,forschung_muskelkraft,standard,0,0,0,16,0,22,10,36,89,8,6,6,0,0
match-900fba80-1727,solidaritaet_ueberleben,standard,1,1,1,16,1,21,12,47,79,11,3,7,0,0
match-3ef20552-1728,forschung_muskelkraft,standard,0,0,0,16,0,21,14,57,63,12,10,4,0,0
match-3ef20552-1728,solidaritaet_ueberleben,standard,1,1,1,16,5,21,15,55,65,14,7,9,0,0
match-b83f760f-1729,forschung_muskelkraft,standard,0,0,0,14,-1,23,10,41,56,8,7,6,0,0
match-b83f760f-1729,solidaritaet_ueberleben,standard,1,1,1,14,4,19,12,46,49,11,3,11,2,0
match-318cc6cd-1730,forschung_muskelkraft,standard,0,0,0,9,-4,17,7,25,11,5,4,0,0,0
match-318cc6cd-1730,solidaritaet_ueberleben,standard,1,1,1,9,10,13,9,37,4,8,0,14,0,0
match-aada378a-1731,forschung_muskelkraft,standard,0,1,0,11,4,19,10,37,23,8,14,11,0,0
match-aada378a-1731,solidaritaet_ueberleben,standard,1,0,1,11,-1,16,15,49,11,14,4,6,0,0
match-ee928e33-1732,forschung_muskelkraft,standard,0,0,0,15,-1,22,18,67,46,16,16,4,0,0
match-ee928e33-1732,solidaritaet_ueberleben,standard,1,1,1,15,6,21,19,62,48,18,12,11,0,0
match-67dffef1-1733,forschung_muskelkraft,standard,0,0,0,9,-1,17,9,33,8,7,5,5,0,0
match-67dffef1-1733,solidaritaet_ueberleben,standard,1,1,1,9,5,14,9,31,5,9,2,11,0,0
match-e12d4fae-1734,forschung_muskelkraft,standard,0,1,0,11,5,20,9,34,26,7,10,11,0,0
match-e12d4fae-1734,solidaritaet_ueberleben,standard,1,0,1,11,-1,16,15,46,12,14,4,5,0,0
match-5a7aa06c-1735,forschung_muskelkraft,standard,0,1,0,12,6,20,14,54,16,12,12,12,0,0
match-5a7aa06c-1735,solidaritaet_ueberleben,standard,1,0,1,12,-2,17,15,47,24,14,7,4,0,0
match-095d0b3e-1736,forschung_muskelkraft,standard,0,1,0,9,3,16,9,35,7,7,11,10,0,0
match-095d0b3e-1736,solidaritaet_ueberleben,standard,1,0,1,9,0,15,13,39,2,13,2,7,1,0
match-82aa7bfb-1737,forschung_muskelkraft,standard,0,0,0,13,0,21,15,57,26,13,13,7,0,0
match-82aa7bfb-1737,solidaritaet_ueberleben,standard,1,1,1,13,3,19,17,54,28,17,8,10,3,0
match-fbf7ccb8-1738,forschung_muskelkraft,standard,0,0,0,7,0,19,7,26,2,7,4,7,0,0
match-fbf7ccb8-1738,solidaritaet_ueberleben,standard,1,1,1,7,3,13,8,27,1,7,2,10,0,0
match-75453d76-1739,forschung_muskelkraft,standard,0,1,0,8,4,18,7,23,5,5,6,13,0,0
match-75453d76-1739,solidaritaet_ueberleben,standard,1,0,1,8,-3,12,9,32,3,8,0,6,0,0
match-8f519c70-1740,forschung_muskelkraft,standard,0,0,0,9,-3,16,10,35,5,8,6,6,0,0
match-8f519c70-1740,solidaritaet_ueberleben,standard,1,1,1,9,4,14,11,36,3,10,3,13,0,0
match-089eed2e-1741,forschung_muskelkraft,standard,0,1,0,16,3,23,12,51,74,10,16,8,0,0
match-089eed2e-1741,solidaritaet_ueberleben,standard,1,0,1,16,-1,20,19,62,61,18,7,4,0,0
match-81ec5deb-1742,forschung_muskelkraft,standard,0,1,0,16,1,23,20,75,47,18,18,7,0,0
match-81ec5deb-1742,solidaritaet_ueberleben,standard,1,0,1,16,0,22,20,68,54,19,15,6,0,0
match-fb39aea8-1743,forschung_muskelkraft,standard,0,0,0,7,-1,13,6,24,3,6,5,7,0,0
match-fb39aea8-1743,solidaritaet_ueberleben,standard,1,1,1,7,3,11,8,26,1,8,2,11,0,0
match-aa1c197a-1744,forschung_muskelkraft,standard,0,0,0,15,0,22,12,47,64,10,10,3,0,0
match-aa1c197a-1744,solidaritaet_ueberleben,standard,1,1,1,15,7,20,14,55,54,13,5,10,0,0
match-23696a38-1745,forschung_muskelkraft,standard,0,0,0,14,-1,24,12,45,52,10,13,5,0,0
match-23696a38-1745,solidaritaet_ueberleben,standard,1,1,1,14,5,18,16,59,36,16,5,11,0,0
match-9cb6daf5-1746,forschung_muskelkraft,standard,0,0,0,15,0,23,14,59,50,12,18,3,0,0
match-9cb6daf5-1746,solidaritaet_ueberleben,standard,1,1,1,15,6,20,19,66,45,18,8,9,0,0
match-16042bb3-1747,forschung_muskelkraft,standard,0,0,0,9,-1,16,7,21,15,5,6,9,0,0
match-16042bb3-1747,solidaritaet_ueberleben,standard,1,1,1,9,1,15,10,34,6,10,1,11,0,0
match-59bc825c-1748,forschung_muskelkraft,standard,0,1,0,15,2,22,17,69,36,15,13,11,0,0
match-59bc825c-1748,solidaritaet_ueberleben,standard,1,0,1,15,-1,19,16,57,48,15,14,8,0,0
match-d309f319-1749,forschung_muskelkraft,standard,0,0,0,8,0,15,8,29,4,7,2,0,0,0
match-d309f319-1749,solidaritaet_ueberleben,standard,1,1,1,8,10,14,7,27,1,7,2,10,0,0
match-4c5743d7-1750,forschung_muskelkraft,standard,0,1,0,15,2,23,13,51,59,11,18,11,0,0
match-4c5743d7-1750,solidaritaet_ueberleben,standard,1,0,1,15,-1,20,19,66,50,18,6,8,0,0
match-c5a4b494-1751,forschung_muskelkraft,standard,0,1,0,15,1,22,14,52,58,12,15,9,0,0
match-c5a4b494-1751,solidaritaet_ueberleben,standard,1,0,1,15,0,22,19,65,44,18,8,8,0,0
match-74871f66-1752,forschung_muskelkraft,standard,0,1,0,15,3,23,14,57,53,12,18,17,0,0
match-74871f66-1752,solidaritaet_ueberleben,standard,1,0,1,15,-7,21,19,62,47,18,9,7,2,0
match-edd47023-1753,forschung_muskelkraft,standard,0,0,0,7,-1,15,8,26,1,6,4,9,0,0
match-edd47023-1753,solidaritaet_ueberleben,standard,1,1,1,7,1,14,9,27,1,9,1,11,0,0
match-6721c0e1-1754,forschung_muskelkraft,standard,0,0,0,17,0,23,14,55,81,12,19,0,0,0
match-6721c0e1-1754,solidaritaet_ueberleben,standard,1,1,1,17,4,21,20,68,70,19,7,4,0,0
match-e06f319e-1755,forschung_muskelkraft,standard,0,0,0,15,0,22,13,51,60,11,17,8,0,0
match-e06f319e-1755,solidaritaet_ueberleben,standard,1,1,1,15,2,20,19,64,44,18,6,10,1,0
match-f4839eb3-1756,forschung_muskelkraft,standard,0,1,0,16,5,23,17,69,51,15,19,9,0,0
match-f4839eb3-1756,solidaritaet_ueberleben,standard,1,0,1,16,0,22,20,68,58,19,10,4,0,0
match-6dd0ef71-1757,forschung_muskelkraft,standard,0,0,0,15,0,22,10,37,68,8,12,6,0,0
match-6dd0ef71-1757,solidaritaet_ueberleben,standard,1,1,1,15,3,20,16,60,54,15,3,9,0,0
match-e71e402e-1758,forschung_muskelkraft,standard,0,0,0,8,0,17,10,33,2,9,3,0,0,0
match-e71e402e-1758,solidaritaet_ueberleben,standard,1,1,1,8,10,12,8,33,3,8,4,10,0,0
match-606bb0ec-1759,forschung_muskelkraft,standard,0,0,0,14,-1,22,10,42,49,8,13,7,0,0
match-606bb0ec-1759,solidaritaet_ueberleben,standard,1,1,1,14,3,19,16,54,41,15,4,11,0,0
match-0f4e1bbe-1760,forschung_muskelkraft,standard,0,0,0,15,0,22,15,59,46,13,12,7,0,0
match-0f4e1bbe-1760,solidaritaet_ueberleben,standard,1,1,1,15,2,22,16,58,50,15,10,9,0,0
match-889b6c7b-1761,forschung_muskelkraft,standard,0,1,0,14,5,23,15,61,39,13,16,10,0,0
match-889b6c7b-1761,solidaritaet_ueberleben,standard,1,0,1,14,0,20,18,57,38,17,8,5,0,0
match-01e8dd39-1762,forschung_muskelkraft,standard,0,1,0,15,4,23,15,59,55,13,13,11,0,0
match-01e8dd39-1762,solidaritaet_ueberleben,standard,1,0,1,15,-1,20,17,62,45,16,9,6,2,0
match-7b362df6-1763,forschung_muskelkraft,standard,0,0,0,10,-3,20,12,44,7,10,6,4,0,0
match-7b362df6-1763,solidaritaet_ueberleben,standard,1,1,1,10,6,15,10,38,9,9,5,13,3,0
match-beee849f-1764,forschung_muskelkraft,standard,0,1,0,10,6,18,10,34,12,8,5,10,0,0
match-beee849f-1764,solidaritaet_ueberleben,standard,1,0,1,10,0,14,10,35,13,10,3,4,0,0
match-383bf55d-1765,forschung_muskelkraft,standard,0,1,0,15,2,23,16,61,44,14,17,9,0,0
match-383bf55d-1765,solidaritaet_ueberleben,standard,1,0,1,15,0,20,19,66,45,18,10,7,0,0
match-b189461a-1766,forschung_muskelkraft,standard,0,1,0,14,6,24,13,50,47,11,14,13,0,0
match-b189461a-1766,solidaritaet_ueberleben,standard,1,0,1,14,-3,21,18,59,36,17,6,4,0,0
match-2ad6b6d8-1767,forschung_muskelkraft,standard,0,0,0,8,-1,20,10,34,2,9,5,0,0,0
match-2ad6b6d8-1767,solidaritaet_ueberleben,standard,1,1,1,8,10,12,8,30,4,8,4,11,0,0
match-d9b901a9-1768,forschung_muskelkraft,standard,0,1,0,15,1,22,15,61,44,13,17,11,0,0
match-d9b901a9-1768,solidaritaet_ueberleben,standard,1,0,1,15,-1,20,19,62,45,18,10,9,0,0
match-53067267-1769,forschung_muskelkraft,standard,0,0,0,8,-3,17,6,23,6,5,4,0,0,0
match-53067267-1769,solidaritaet_ueberleben,standard,1,1,1,8,10,12,9,29,5,9,0,13,1,0
match-cc53c324-1770,forschung_muskelkraft,standard,0,0,0,12,-3,18,10,37,29,8,9,7,0,0
match-cc53c324-1770,solidaritaet_ueberleben,standard,1,1,1,12,3,17,13,44,26,13,4,13,0,0
match-45a133e2-1771,forschung_muskelkraft,standard,0,1,0,10,4,16,10,39,12,8,6,10,0,0
match-45a133e2-1771,solidaritaet_ueberleben,standard,1,0,1,10,0,14,10,33,19,10,3,6,0,0
match-5fad92dc-1772,forschung_muskelkraft,standard,0,0,0,5,0,13,5,14,1,4,2,0,0,0
match-5fad92dc-1772,solidaritaet_ueberleben,standard,1,1,1,5,10,9,6,14,0,5,0,10,0,0
match-d8fae399-1773,forschung_muskelkraft,standard,0,1,0,9,4,16,9,32,4,7,11,10,0,0
match-d8fae399-1773,solidaritaet_ueberleben,standard,1,0,1,9,0,14,12,31,8,12,2,6,1,0
match-52485457-1774,forschung_muskelkraft,standard,0,0,0,10,-2,18,7,24,22,5,11,9,0,0
match-52485457-1774,solidaritaet_ueberleben,standard,1,1,1,10,1,17,13,38,11,12,0,12,0,0
match-cb95a514-1775,forschung_muskelkraft,standard,0,1,0,7,10,14,7,24,2,6,5,12,0,0
match-cb95a514-1775,solidaritaet_ueberleben,standard,1,0,1,7,-2,12,6,25,3,6,2,0,0,0
match-7a780fe6-1776,forschung_muskelkraft,standard,0,1,0,8,10,18,9,31,2,7,7,12,0,0
match-7a780fe6-1776,solidaritaet_ueberleben,standard,1,0,1,8,-2,14,10,31,5,9,2,0,0,0
match-f3c560a3-1777,forschung_muskelkraft,standard,0,0,0,9,-5,18,10,40,5,9,6,0,0,0
match-f3c560a3-1777,solidaritaet_ueberleben,standard,1,1,1,9,10,14,10,38,4,10,5,15,0,0
match-6d12d161-1778,forschung_muskelkraft,standard,0,1,0,15,6,22,16,61,44,14,18,15,0,0
match-6d12d161-1778,solidaritaet_ueberleben,standard,1,0,1,15,-5,21,19,62,45,18,10,4,0,0
match-e660221e-1779,forschung_muskelkraft,standard,0,1,0,13,8,23,13,49,34,11,14,12,0,0
match-e660221e-1779,solidaritaet_ueberleben,standard,1,0,1,13,-2,19,17,57,25,16,7,2,0,0
match-2a1898c8-1780,forschung_muskelkraft,standard,0,1,0,9,4,17,10,33,9,8,11,10,0,0
match-2a1898c8-1780,solidaritaet_ueberleben,standard,1,0,1,9,0,15,13,37,7,13,3,6,0,0
match-a365e985-1781,forschung_muskelkraft,standard,0,0,0,7,0,15,8,23,5,6,4,0,0,0
match-a365e985-1781,solidaritaet_ueberleben,standard,1,1,1,7,10,11,7,27,1,7,2,10,0,0
match-1cb35a43-1782,forschung_muskelkraft,standard,0,0,0,8,-2,18,11,34,1,9,5,9,0,0
match-1cb35a43-1782,solidaritaet_ueberleben,standard,1,1,1,8,1,13,9,31,5,9,4,12,0,0
match-9600ab00-1783,forschung_muskelkraft,standard,0,0,0,7,0,18,8,25,1,6,6,0,0,0
match-9600ab00-1783,solidaritaet_ueberleben,standard,1,1,1,7,10,10,8,25,3,8,1,10,0,0
match-44e315d2-1784,forschung_muskelkraft,standard,0,0,0,8,-1,19,9,31,4,7,2,3,0,0
match-44e315d2-1784,solidaritaet_ueberleben,standard,1,1,1,8,7,13,7,25,3,7,2,11,3,0
match-be30668f-1785,forschung_muskelkraft,standard,0,1,0,13,8,22,14,54,24,12,17,16,0,0
match-be30668f-1785,solidaritaet_ueberleben,standard,1,0,1,13,-6,18,17,61,21,16,7,2,2,0
match-377dd74d-1786,forschung_muskelkraft,standard,0,0,0,14,-4,21,15,55,41,13,15,8,0,0
match-377dd74d-1786,solidaritaet_ueberleben,standard,1,1,1,14,2,19,18,65,32,17,8,14,0,0
match-b0cb280a-1787,forschung_muskelkraft,standard,0,1,0,12,3,22,11,41,25,9,15,12,0,0
match-b0cb280a-1787,solidaritaet_ueberleben,standard,1,0,1,12,-2,18,16,52,15,15,4,7,0,0
match-1e2f9663-1788,forschung_muskelkraft,standard,0,1,0,14,10,23,15,59,36,13,15,14,0,0
match-1e2f9663-1788,solidaritaet_ueberleben,standard,1,0,1,14,-4,19,18,61,36,17,9,0,0,0
match-977ce720-1789,forschung_muskelkraft,standard,0,1,0,11,3,20,9,33,22,7,16,10,0,0
match-977ce720-1789,solidaritaet_ueberleben,standard,1,0,1,11,0,15,15,45,12,15,3,7,0,0
match-10ca57de-1790,forschung_muskelkraft,standard,0,1,0,16,4,22,8,26,94,6,7,7,0,0
match-10ca57de-1790,solidaritaet_ueberleben,standard,1,0,1,16,0,21,12,50,70,11,1,3,0,0
match-8a17a89b-1791,forschung_muskelkraft,standard,0,1,0,12,4,22,10,34,32,8,8,12,0,0
match-8a17a89b-1791,solidaritaet_ueberleben,standard,1,0,1,12,-2,17,13,46,22,12,3,6,0,0
match-38fa136d-1792,forschung_muskelkraft,standard,0,1,0,5,4,12,4,13,2,4,2,11,0,0
match-38fa136d-1792,solidaritaet_ueberleben,standard,1,0,1,5,-1,11,5,14,0,5,0,6,0,0
match-b247642a-1793,forschung_muskelkraft,standard,0,1,0,7,6,15,8,26,1,6,4,11,0,0
match-b247642a-1793,solidaritaet_ueberleben,standard,1,0,1,7,-1,12,7,24,3,7,2,4,0,0
match-2b94d4e8-1794,forschung_muskelkraft,standard,0,1,0,11,3,20,13,48,7,11,13,12,0,0
match-2b94d4e8-1794,solidaritaet_ueberleben,standard,1,0,1,11,-2,16,14,40,17,13,8,7,2,0
match-a4e225a5-1795,forschung_muskelkraft,standard,0,0,0,13,-2,22,12,50,33,10,15,9,0,0
match-a4e225a5-1795,solidaritaet_ueberleben,standard,1,1,1,13,1,20,17,56,25,16,5,12,2,0
match-e89a9c4e-1796,forschung_muskelkraft,standard,0,0,0,7,0,13,5,19,2,5,5,7,0,0
match-e89a9c4e-1796,solidaritaet_ueberleben,standard,1,1,1,7,3,12,8,24,1,8,1,10,0,0
match-61e7ed0c-1797,forschung_muskelkraft,standard,0,0,0,16,-1,22,15,59,66,13,16,6,0,0
match-61e7ed0c-1797,solidaritaet_ueberleben,standard,1,1,1,16,3,21,19,66,60,18,8,10,2,0
match-db355dc9-1798,forschung_muskelkraft,standard,0,0,0,16,-4,21,20,75,45,18,13,7,0,0
match-db355dc9-1798,solidaritaet_ueberleben,standard,1,1,1,16,2,23,16,57,63,15,17,13,0,0
match-5482ae87-1799,forschung_muskelkraft,standard,0,0,0,8,0,18,7,25,8,6,4,8,0,0
match-5482ae87-1799,solidaritaet_ueberleben,standard,1,1,1,8,2,12,8,25,7,7,1,10,0,0
match-03651959-1800,forschung_muskelkraft,standard,0,1,0,15,5,23,13,49,56,11,17,20,0,0
match-03651959-1800,solidaritaet_ueberleben,standard,1,0,1,15,-10,20,19,66,45,18,9,5,0,0
match-7cb26a16-1801,forschung_muskelkraft,standard,0,1,0,15,4,22,14,53,52,12,18,9,0,0
match-7cb26a16-1801,solidaritaet_ueberleben,standard,1,0,1,15,0,20,19,62,44,18,8,5,0,0
match-f5ffdad3-1802,forschung_muskelkraft,standard,0,1,0,16,1,22,17,65,55,15,17,8,0,0
match-f5ffdad3-1802,solidaritaet_ueberleben,standard,1,0,1,16,-1,21,19,67,56,18,11,6,0,0
match-6f4d2b91-1803,forschung_muskelkraft,standard,0,1,0,13,1,22,12,48,30,10,14,12,0,0
match-6f4d2b91-1803,solidaritaet_ueberleben,standard,1,0,1,13,-2,17,16,56,28,15,5,9,0,0
match-89598a8b-1804,forschung_muskelkraft,standard,0,1,0,11,6,23,12,44,11,10,11,13,0,0
match-89598a8b-1804,solidaritaet_ueberleben,standard,1,0,1,11,-3,16,14,43,18,13,5,4,0,0
match-02a6fb49-1805,forschung_muskelkraft,standard,0,0,0,9,-4,17,10,36,7,9,6,3,0,0
match-02a6fb49-1805,solidaritaet_ueberleben,standard,1,1,1,9,7,13,11,40,4,10,5,14,0,0
match-7bf44c06-1806,forschung_muskelkraft,standard,0,,0,16,0,22,17,67,57,15,18,7,0,0
match-7bf44c06-1806,solidaritaet_ueberleben,standard,1,,1,16,0,21,20,68,56,19,11,7,0,0
match-f541bcc3-1807,forschung_muskelkraft,standard,0,0,0,8,0,15,9,32,2,7,4,0,0,0
match-f541bcc3-1807,solidaritaet_ueberleben,standard,1,1,1,8,10,12,8,29,2,8,2,10,1,0
match-a4240795-1808,forschung_muskelkraft,standard,0,0,0,15,-4,23,10,40,65,8,6,9,0,0
match-a4240795-1808,solidaritaet_ueberleben,standard,1,1,1,15,1,19,11,38,67,10,3,14,0,0
match-1d717853-1809,forschung_muskelkraft,standard,0,0,0,15,0,23,14,55,50,12,19,5,0,0
match-1d717853-1809,solidaritaet_ueberleben,standard,1,1,1,15,4,21,19,64,43,18,8,9,1,0
match-96bec910-1810,forschung_muskelkraft,standard,0,0,0,16,-2,21,15,61,63,13,17,5,0,0
match-96bec910-1810,solidaritaet_ueberleben,standard,1,1,1,16,4,22,20,68,56,19,9,11,0,0
match-100c39ce-1811,forschung_muskelkraft,standard,0,1,0,15,2,23,15,59,46,13,17,12,0,0
match-100c39ce-1811,solidaritaet_ueberleben,standard,1,0,1,15,-2,21,19,62,44,18,8,8,0,0
match-53c49077-1812,forschung_muskelkraft,standard,0,,0,17,-1,23,9,35,101,7,13,6,0,0
match-53c49077-1812,solidaritaet_ueberleben,standard,1,,1,17,-2,22,16,58,78,15,3,5,0,0
match-cd11e134-1813,forschung_muskelkraft,standard,0,0,0,6,0,12,4,15,6,3,2,0,0,0
match-cd11e134-1813,solidaritaet_ueberleben,standard,1,1,1,6,10,13,6,18,3,6,0,10,0,0
match-465f51f2-1814,forschung_muskelkraft,standard,0,1,0,12,8,22,13,53,23,11,12,13,0,0
match-465f51f2-1814,solidaritaet_ueberleben,standard,1,0,1,12,-3,17,16,53,17,15,6,2,0,0
match-bfaca2af-1815,forschung_muskelkraft,standard,0,1,0,10,6,22,13,47,4,11,8,10,0,0
match-bfaca2af-1815,solidaritaet_ueberleben,standard,1,0,1,10,0,16,12,36,9,11,6,4,0,0
match-6e8f0d81-1816,forschung_muskelkraft,standard,0,0,0,15,0,22,17,67,46,15,16,4,0,0
match-6e8f0d81-1816,solidaritaet_ueberleben,standard,1,1,1,15,6,21,19,64,45,18,10,10,0,0
match-e7dc7e3e-1817,forschung_muskelkraft,standard,0,0,0,16,-1,24,9,32,88,7,14,0,0,0
match-e7dc7e3e-1817,solidaritaet_ueberleben,standard,1,1,1,16,7,23,15,53,67,15,2,8,0,0
match-6129cefc-1818,forschung_muskelkraft,standard,0,0,0,13,-1,23,14,57,21,12,13,5,0,0
match-6129cefc-1818,solidaritaet_ueberleben,standard,1,1,1,13,5,17,14,54,24,13,7,11,0,0
match-da773fb9-1819,forschung_muskelkraft,standard,0,0,0,14,0,21,10,41,50,8,11,0,0,0
match-da773fb9-1819,solidaritaet_ueberleben,standard,1,1,1,14,10,19,14,53,41,14,3,10,0,0
match-a12b8f55-1820,forschung_muskelkraft,standard,0,1,0,15,3,23,16,67,50,14,14,9,0,0
match-a12b8f55-1820,solidaritaet_ueberleben,standard,1,0,1,15,0,19,19,63,54,18,9,6,1,0
match-1a78e013-1821,forschung_muskelkraft,standard,0,0,0,10,-1,20,11,41,14,9,5,0,0,0
match-1a78e013-1821,solidaritaet_ueberleben,standard,1,1,1,10,10,15,10,36,9,9,5,11,0,0
match-93c650d0-1822,forschung_muskelkraft,standard,0,0,0,8,-1,15,9,32,1,7,5,6,0,0
match-93c650d0-1822,solidaritaet_ueberleben,standard,1,1,1,8,4,11,8,28,0,8,3,11,1,0
match-0d13a18e-1823,forschung_muskelkraft,standard,0,0,0,11,0,19,10,44,15,9,6,0,0,0
match-0d13a18e-1823,solidaritaet_ueberleben,standard,1,1,1,11,10,15,11,43,15,10,5,10,0,0
match-bbf60c5f-1824,forschung_muskelkraft,standard,0,1,0,17,4,22,14,53,83,12,19,4,0,0
match-bbf60c5f-1824,solidaritaet_ueberleben,standard,1,0,1,17,0,23,20,68,70,19,8,0,0,0
match-35437d1d-1825,forschung_muskelkraft,standard,0,1,0,13,3,22,13,49,29,11,8,12,0,0
match-35437d1d-1825,solidaritaet_ueberleben,standard,1,0,1,13,-2,18,13,50,28,12,7,7,0,0
match-ae90cdda-1826,forschung_muskelkraft,standard,0,1,0,10,6,19,12,43,3,10,9,11,0,0
match-ae90cdda-1826,solidaritaet_ueberleben,standard,1,0,1,10,-1,15,12,46,7,11,5,4,0,0
match-27de3e98-1827,forschung_muskelkraft,standard,0,0,0,7,-1,16,8,27,1,7,4,0,0,0
match-27de3e98-1827,solidaritaet_ueberleben,standard,1,1,1,7,10,13,8,28,0,8,3,11,0,0
match-6b969541-1828,forschung_muskelkraft,standard,0,1,0,11,5,17,12,47,12,11,9,11,0,0
match-6b969541-1828,solidaritaet_ueberleben,standard,1,0,1,11,-1,16,12,44,22,11,6,5,0,0
match-e4e3e5fe-1829,forschung_muskelkraft,standard,0,1,0,15,1,23,15,61,48,13,16,11,0,0
match-e4e3e5fe-1829,solidaritaet_ueberleben,standard,1,0,1,15,-1,22,19,64,45,18,9,9,1,0
match-5e3156bc-1830,forschung_muskelkraft,standard,0,0,0,8,-2,17,8,28,7,6,7,0,0,0
match-5e3156bc-1830,solidaritaet_ueberleben,standard,1,1,1,8,10,12,9,29,2,9,1,12,0,0
match-d77ea779-1831,forschung_muskelkraft,standard,0,1,0,6,4,13,6,19,2,5,4,11,0,0
match-d77ea779-1831,solidaritaet_ueberleben,standard,1,0,1,6,-1,10,7,18,2,7,0,6,0,0
match-8661124b-1832,forschung_muskelkraft,standard,0,,0,17,-2,23,19,73,71,17,17,6,0,0
match-8661124b-1832,solidaritaet_ueberleben,standard,1,,1,17,-2,20,20,68,68,19,15,6,0,0
match-ffae6308-1833,forschung_muskelkraft,standard,0,0,0,8,0,16,9,30,4,7,4,2,0,0
match-ffae6308-1833,solidaritaet_ueberleben,standard,1,1,1,8,8,11,8,25,3,8,4,10,0,0
match-78fbd3c6-1834,forschung_muskelkraft,standard,0,0,0,14,0,22,14,55,41,12,13,6,0,0
match-78fbd3c6-1834,solidaritaet_ueberleben,standard,1,1,1,14,4,18,16,54,39,15,7,10,3,0
match-f2492483-1835,forschung_muskelkraft,standard,0,0,0,8,-1,18,9,32,2,7,4,0,0,0
match-f2492483-1835,solidaritaet_ueberleben,standard,1,1,1,8,10,13,8,26,2,8,2,11,0,0
match-0c55837e-1836,forschung_muskelkraft,standard,0,1,0,14,2,23,13,56,39,11,18,14,0,0
match-0c55837e-1836,solidaritaet_ueberleben,standard,1,0,1,14,-4,21,18,62,31,17,7,8,0,0
match-85a2f43b-1837,forschung_muskelkraft,standard,0,1,0,14,5,23,14,53,38,12,17,10,0,0
match-85a2f43b-1837,solidaritaet_ueberleben,standard,1,0,1,14,0,21,18,63,34,18,8,5,0,0
match-fef044f8-1838,forschung_muskelkraft,standard,0,,0,17,-2,21,10,37,105,8,16,6,0,0
match-fef044f8-1838,solidaritaet_ueberleben,standard,1,,1,17,-2,22,19,66,75,18,3,6,0,0
match-783db5b6-1839,forschung_muskelkraft,standard,0,1,0,7,9,14,7,26,2,7,4,11,0,0
match-783db5b6-1839,solidaritaet_ueberleben,standard,1,0,1,7,-1,11,9,27,1,8,2,1,0,0
match-27200088-1840,forschung_muskelkraft,standard,0,0,0,7,0,15,8,26,2,7,2,5,0,0
match-27200088-1840,solidaritaet_ueberleben,standard,1,1,1,7,5,11,7,24,2,7,6,10,0,0
match-a06d7145-1841,forschung_muskelkraft,standard,0,0,0,16,-1,22,12,48,72,10,13,1,0,0
match-a06d7145-1841,solidaritaet_ueberleben,standard,1,1,1,16,6,20,15,58,62,14,7,8,0,0
match-19bac203-1842,forschung_muskelkraft,standard,0,0,0,16,-1,23,14,54,66,12,17,6,0,0
match-19bac203-1842,solidaritaet_ueberleben,standard,1,1,1,16,1,21,18,65,57,17,8,8,0,0
match-930832c0-1843,forschung_muskelkraft,standard,0,,0,17,-2,22,18,71,69,16,17,5,0,0
match-930832c0-1843,solidaritaet_ueberleben,standard,1,,1,17,-1,22,20,68,72,19,14,6,2,0
match-d6c08969-1844,forschung_muskelkraft,standard,0,0,0,8,-3,19,9,28,5,7,4,0,0,0
match-d6c08969-1844,solidaritaet_ueberleben,standard,1,1,1,8,10,13,9,31,2,8,3,13,0,0
match-500dfa27-1845,forschung_muskelkraft,standard,0,0,0,9,-3,17,7,25,11,6,9,9,0,0
match-500dfa27-1845,solidaritaet_ueberleben,standard,1,1,1,9,1,16,12,38,3,12,2,13,0,0
match-c95b4ae4-1846,forschung_muskelkraft,standard,0,0,0,9,-3,20,9,37,6,8,5,4,0,0
match-c95b4ae4-1846,solidaritaet_ueberleben,standard,1,1,1,9,6,14,9,36,6,9,3,13,0,0
match-42a8bba2-1847,forschung_muskelkraft,standard,0,1,0,16,3,20,17,60,60,15,19,10,0,0
match-42a8bba2-1847,solidaritaet_ueberleben,standard,1,0,1,16,-1,21,19,67,57,18,11,6,0,0
match-f18b0673-1848,forschung_muskelkraft,standard,0,,0,16,-1,23,20,75,45,18,14,8,0,0
match-f18b0673-1848,solidaritaet_ueberleben,standard,1,,1,16,-1,21,17,60,60,16,17,8,0,0
match-6ad87731-1849,forschung_muskelkraft,standard,0,1,0,9,3,18,8,31,5,8,9,10,0,0
match-6ad87731-1849,solidaritaet_ueberleben,standard,1,0,1,9,0,12,12,36,3,11,3,7,0,0
match-e425c7ee-1850,forschung_muskelkraft,standard,0,0,0,13,-3,22,13,53,30,11,9,0,0,0
match-e425c7ee-1850,solidaritaet_ueberleben,standard,1,1,1,13,10,18,15,56,22,14,6,13,1,0
match-5d7338ac-1851,forschung_muskelkraft,standard,0,0,0,8,-1,18,7,24,4,5,5,6,0,0
match-5d7338ac-1851,solidaritaet_ueberleben,standard,1,1,1,8,4,15,7,20,8,7,0,11,0,0
match-cad78704-1852,forschung_muskelkraft,standard,0,1,0,15,2,21,15,59,51,13,17,11,0,0
match-cad78704-1852,solidaritaet_ueberleben,standard,1,0,1,15,-1,22,18,59,50,17,10,8,0,0
match-4424f7c2-1853,forschung_muskelkraft,standard,0,0,0,17,0,23,9,32,104,7,6,1,0,0
match-4424f7c2-1853,solidaritaet_ueberleben,standard,1,1,1,17,6,23,12,48,88,11,2,7,0,0
match-bd72487f-1854,forschung_muskelkraft,standard,0,0,0,11,-2,21,13,50,16,11,10,7,0,0
match-bd72487f-1854,solidaritaet_ueberleben,standard,1,1,1,11,3,15,14,43,17,13,7,12,0,0
match-36bfb93d-1855,forschung_muskelkraft,standard,0,1,0,7,4,16,7,20,1,5,5,10,0,0
match-36bfb93d-1855,solidaritaet_ueberleben,standard,1,0,1,7,0,11,8,28,0,8,0,6,0,0
match-e5a2040e-1856,forschung_muskelkraft,standard,0,1,0,13,2,20,12,49,34,10,13,10,0,0
match-e5a2040e-1856,solidaritaet_ueberleben,standard,1,0,1,13,0,18,16,54,25,16,6,8,1,0
match-5eef74cc-1857,forschung_muskelkraft,standard,0,0,0,14,0,22,16,60,31,14,10,9,0,0
match-5eef74cc-1857,solidaritaet_ueberleben,standard,1,1,1,14,1,19,13,49,42,12,9,10,0,0
match-d83cc589-1858,forschung_muskelkraft,standard,0,1,0,14,3,23,16,61,30,14,16,11,0,0
match-d83cc589-1858,solidaritaet_ueberleben,standard,1,0,1,14,-1,19,18,60,32,17,9,7,1,0
match-518a3647-1859,forschung_muskelkraft,standard,0,0,0,8,0,16,7,30,4,6,2,2,0,0
match-518a3647-1859,solidaritaet_ueberleben,standard,1,1,1,8,8,14,8,29,3,7,1,10,0,0
match-95428cf0-1860,forschung_muskelkraft,standard,0,1,0,6,4,16,6,19,2,5,7,11,0,0
match-95428cf0-1860,solidaritaet_ueberleben,standard,1,0,1,6,-1,10,7,20,1,7,0,6,0,0
match-0e8ffdae-1861,forschung_muskelkraft,standard,0,1,0,11,4,20,12,44,17,10,14,12,0,0
match-0e8ffdae-1861,solidaritaet_ueberleben,standard,1,0,1,11,-2,17,15,49,9,15,5,6,0,0
match-87dd4e6b-1862,forschung_muskelkraft,standard,0,1,0,13,8,22,13,49,29,11,14,18,0,0
match-87dd4e6b-1862,solidaritaet_ueberleben,standard,1,0,1,13,-8,17,16,57,25,16,6,2,0,0
match-012abf29-1863,forschung_muskelkraft,standard,0,0,0,7,-1,16,8,26,2,6,3,6,0,0
match-012abf29-1863,solidaritaet_ueberleben,standard,1,1,1,7,4,11,8,27,1,7,1,11,0,0
match-b00d09fa-1864,forschung_muskelkraft,standard,0,0,0,7,0,14,8,25,3,7,3,7,0,0
match-b00d09fa-1864,solidaritaet_ueberleben,standard,1,1,1,7,3,11,6,21,2,6,4,10,0,0
match-295a7ab8-1865,forschung_muskelkraft,standard,0,0,0,17,-4,23,18,71,69,16,12,6,0,0
match-295a7ab8-1865,solidaritaet_ueberleben,standard,1,1,1,17,1,22,17,58,78,16,12,11,0,0
match-a2a7cb75-1866,forschung_muskelkraft,standard,0,1,0,11,7,21,10,37,18,8,15,10,0,0
match-a2a7cb75-1866,solidaritaet_ueberleben,standard,1,0,1,11,0,15,14,49,12,14,3,3,1,0
match-1bf53c33-1867,forschung_muskelkraft,standard,0,1,0,6,5,12,6,18,2,4,5,11,0,0
match-1bf53c33-1867,solidaritaet_ueberleben,standard,1,0,1,6,-1,10,7,20,1,6,0,5,0,0
match-36019b2d-1868,forschung_muskelkraft,standard,0,0,0,11,0,19,12,44,16,10,8,6,0,0
match-36019b2d-1868,solidaritaet_ueberleben,standard,1,1,1,11,4,18,11,45,14,10,5,10,0,0
match-af4eebea-1869,forschung_muskelkraft,standard,0,1,0,16,1,22,13,49,71,11,16,7,0,0
match-af4eebea-1869,solidaritaet_ueberleben,standard,1,0,1,16,0,19,19,65,61,18,8,6,0,0
match-289c5ca8-1870,forschung_muskelkraft,standard,0,0,0,15,-4,23,15,59,46,13,14,7,0,0
match-289c5ca8-1870,solidaritaet_ueberleben,standard,1,1,1,15,3,21,17,63,44,16,9,14,1,0
match-a1e9ad65-1871,forschung_muskelkraft,standard,0,0,0,10,-1,22,10,33,12,8,6,0,0,0
match-a1e9ad65-1871,solidaritaet_ueberleben,standard,1,1,1,10,10,16,9,37,12,9,4,11,0,0
match-50cc1837-1872,forschung_muskelkraft,standard,0,,0,17,-1,23,20,75,63,18,16,6,0,0
match-50cc1837-1872,solidaritaet_ueberleben,standard,1,,1,17,-2,22,19,62,74,18,16,5,1,0
match-ca1968f4-1873,forschung_muskelkraft,standard,0,1,0,8,5,17,8,26,2,6,7,10,0,0
match-ca1968f4-1873,solidaritaet_ueberleben,standard,1,0,1,8,0,13,11,31,3,11,1,5,1,0
match-4366d9b2-1874,forschung_muskelkraft,standard,0,1,0,7,3,15,8,24,2,6,7,10,0,0
match-4366d9b2-1874,solidaritaet_ueberleben,standard,1,0,1,7,0,10,10,27,1,10,1,7,0,0
match-bcb42a6f-1875,forschung_muskelkraft,standard,0,1,0,16,5,23,20,75,47,18,16,9,0,0
match-bcb42a6f-1875,solidaritaet_ueberleben,standard,1,0,1,16,0,22,18,64,56,17,15,4,0,0
match-006c8119-1876,forschung_muskelkraft,standard,0,0,0,5,0,11,4,12,3,3,3,0,0,0
match-006c8119-1876,solidaritaet_ueberleben,standard,1,1,1,5,10,9,6,12,0,6,1,10,0,0
match-79b9f1d6-1877,forschung_muskelkraft,standard,0,0,0,15,0,23,11,43,62,9,10,0,0,0
match-79b9f1d6-1877,solidaritaet_ueberleben,standard,1,1,1,15,9,22,13,50,58,13,5,9,0,0
match-f3074293-1878,forschung_muskelkraft,standard,0,0,0,14,0,23,13,53,38,11,14,5,0,0
match-f3074293-1878,solidaritaet_ueberleben,standard,1,1,1,14,5,22,18,59,32,17,7,10,0,0
match-6c54b351-1879,forschung_muskelkraft,standard,0,0,0,10,-2,20,10,37,14,8,2,0,0,0
match-6c54b351-1879,solidaritaet_ueberleben,standard,1,1,1,10,10,16,7,30,20,7,3,12,0,0
match-1b371e23-1880,forschung_muskelkraft,standard,0,1,0,8,2,15,8,28,6,6,5,11,0,0
match-1b371e23-1880,solidaritaet_ueberleben,standard,1,0,1,8,-1,11,10,29,6,9,1,8,0,0
match-94846ee0-1881,forschung_muskelkraft,standard,0,1,0,16,6,22,18,71,55,16,13,7,0,0
match-94846ee0-1881,solidaritaet_ueberleben,standard,1,0,1,16,0,23,17,61,67,16,13,1,0,0
match-0dd1df9e-1882,forschung_muskelkraft,standard,0,1,0,8,6,17,9,31,4,7,7,10,0,0
match-0dd1df9e-1882,solidaritaet_ueberleben,standard,1,0,1,8,0,14,10,33,3,9,2,4,0,0
match-871f305b-1883,forschung_muskelkraft,standard,0,1,0,9,7,18,9,35,6,8,9,12,0,0
match-871f305b-1883,solidaritaet_ueberleben,standard,1,0,1,9,-2,12,12,39,1,11,3,3,0,0
match-9b339d70-1884,forschung_muskelkraft,standard,0,1,0,8,8,18,8,30,3,7,7,11,0,0
match-9b339d70-1884,solidaritaet_ueberleben,standard,1,0,1,8,-1,12,9,33,2,9,2,2,0,0
match-1480ee2e-1885,forschung_muskelkraft,standard,0,0,0,10,-2,20,10,38,13,8,12,7,0,0
match-1480ee2e-1885,solidaritaet_ueberleben,standard,1,1,1,10,3,17,14,48,3,13,4,12,0,0
match-8dce5eeb-1886,forschung_muskelkraft,standard,0,1,0,13,4,22,14,57,21,12,12,10,0,0
match-8dce5eeb-1886,solidaritaet_ueberleben,standard,1,0,1,13,0,19,15,51,27,14,9,6,0,0
match-071bafa9-1887,forschung_muskelkraft,standard,0,1,0,11,5,18,13,51,10,11,10,11,0,0
match-071bafa9-1887,solidaritaet_ueberleben,standard,1,0,1,11,-1,16,14,47,14,13,7,5,1,0
match-b5fe1a7a-1888,forschung_muskelkraft,standard,0,1,0,16,2,23,14,57,67,12,16,8,0,0
match-b5fe1a7a-1888,solidaritaet_ueberleben,standard,1,0,1,16,-1,21,19,62,58,18,9,5,0,0
match-2f4b6b38-1889,forschung_muskelkraft,standard,0,1,0,16,1,23,17,65,55,15,16,8,0,0
match-2f4b6b38-1889,solidaritaet_ueberleben,standard,1,0,1,16,-1,21,20,68,55,19,11,6,0,0
match-a898dbf5-1890,forschung_muskelkraft,standard,0,,0,16,-1,22,15,61,59,13,17,7,0,0
match-a898dbf5-1890,solidaritaet_ueberleben,standard,1,,1,16,0,22,19,67,58,18,9,8,0,0
match-21e62cb3-1891,forschung_muskelkraft,standard,0,1,0,9,2,18,8,26,10,6,12,11,0,0
match-21e62cb3-1891,solidaritaet_ueberleben,standard,1,0,1,9,-1,12,12,36,3,11,1,8,0,0
match-659e835c-1892,forschung_muskelkraft,standard,0,1,0,13,2,22,13,52,26,11,12,12,0,0
match-659e835c-1892,solidaritaet_ueberleben,standard,1,0,1,13,-2,17,15,50,28,14,8,8,1,0
match-deebf419-1893,forschung_muskelkraft,standard,0,0,0,9,-2,18,9,35,10,8,4,3,0,0
match-deebf419-1893,solidaritaet_ueberleben,standard,1,1,1,9,7,14,8,30,11,8,4,12,0,0
match-583944d7-1894,forschung_muskelkraft,standard,0,1,0,12,6,23,13,44,22,11,15,11,0,0
match-583944d7-1894,solidaritaet_ueberleben,standard,1,0,1,12,-1,18,16,55,15,15,6,4,0,0
match-d186b594-1895,forschung_muskelkraft,standard,0,1,0,16,4,21,18,69,51,16,19,7,0,0
match-d186b594-1895,solidaritaet_ueberleben,standard,1,0,1,16,0,21,20,68,53,19,12,3,0,0
match-80690066-1896,forschung_muskelkraft,standard,0,1,0,16,3,22,13,50,70,11,16,8,0,0
match-80690066-1896,solidaritaet_ueberleben,standard,1,0,1,16,-1,23,20,68,60,19,6,4,0,0
match-f9b67123-1897,forschung_muskelkraft,standard,0,1,0,11,4,19,10,35,26,8,11,10,0,0
match-f9b67123-1897,solidaritaet_ueberleben,standard,1,0,1,11,0,17,15,46,12,14,3,6,0,0
match-7303c1e1-1898,forschung_muskelkraft,standard,0,1,0,15,2,22,14,55,55,12,18,9,0,0
match-7303c1e1-1898,solidaritaet_ueberleben,standard,1,0,1,15,0,20,18,64,44,17,8,7,1,0
match-ec51329e-1899,forschung_muskelkraft,standard,0,1,0,16,1,23,17,67,57,15,18,11,0,0
match-ec51329e-1899,solidaritaet_ueberleben,standard,1,0,1,16,-2,22,20,68,53,19,10,8,0,0
match-065d9199-1900,forschung_muskelkraft,standard,0,0,0,15,0,22,11,42,69,9,9,2,0,0
match-065d9199-1900,solidaritaet_ueberleben,standard,1,1,1,15,7,20,14,52,59,13,4,9,0,0
match-7faae256-1901,forschung_muskelkraft,standard,0,1,0,9,2,17,8,29,7,6,8,11,0,0
match-7faae256-1901,solidaritaet_ueberleben,standard,1,0,1,9,-1,13,12,40,2,11,2,8,0,0
match-f8f85313-1902,forschung_muskelkraft,standard,0,1,0,12,5,22,15,58,14,13,12,10,0,0
match-f8f85313-1902,solidaritaet_ueberleben,standard,1,0,1,12,0,17,15,55,14,14,8,5,0,0
match-7245a3d1-1903,forschung_muskelkraft,standard,0,0,0,8,-1,18,8,30,4,7,2,6,0,0
match-7245a3d1-1903,solidaritaet_ueberleben,standard,1,1,1,8,4,13,8,26,2,7,2,11,0,0
match-21280ea3-1904,forschung_muskelkraft,standard,0,1,0,17,1,23,15,59,77,13,20,10,0,0
match-21280ea3-1904,solidaritaet_ueberleben,standard,1,0,1,17,-3,21,20,68,68,19,9,6,0,0
match-9a757f60-1905,forschung_muskelkraft,standard,0,1,0,11,6,19,13,50,5,11,10,10,0,0
match-9a757f60-1905,solidaritaet_ueberleben,standard,1,0,1,11,0,15,12,39,21,12,8,4,0,0
match-13c2d01e-1906,forschung_muskelkraft,standard,0,1,0,8,1,19,8,28,6,6,4,14,0,0
match-13c2d01e-1906,solidaritaet_ueberleben,standard,1,0,1,8,-4,13,9,33,3,8,1,9,0,0
match-8d1020db-1907,forschung_muskelkraft,standard,0,1,0,7,2,15,8,25,1,6,6,10,0,0
match-8d1020db-1907,solidaritaet_ueberleben,standard,1,0,1,7,0,13,9,28,0,9,2,8,0,0
match-d0c89784-1908,forschung_muskelkraft,standard,0,1,0,6,7,13,7,20,1,5,4,10,0,0
match-d0c89784-1908,solidaritaet_ueberleben,standard,1,0,1,6,0,12,7,20,1,7,1,3,0,0
match-4a15e842-1909,forschung_muskelkraft,standard,0,1,0,16,1,21,15,61,59,13,16,7,0,0
match-4a15e842-1909,solidaritaet_ueberleben,standard,1,0,1,16,0,23,18,64,64,17,8,6,0,0
match-c36358ff-1910,forschung_muskelkraft,standard,0,,0,17,0,21,17,67,73,15,18,6,0,0
match-c36358ff-1910,solidaritaet_ueberleben,standard,1,,1,17,-2,22,20,68,69,19,10,4,0,0
match-3cb0a9bd-1911,forschung_muskelkraft,standard,0,0,0,10,0,17,8,30,15,6,11,8,0,0
match-3cb0a9bd-1911,solidaritaet_ueberleben,standard,1,1,1,10,2,16,13,40,9,12,1,10,0,0
match-eb93148e-1912,forschung_muskelkraft,standard,0,1,0,8,7,15,8,26,3,6,6,11,0,0
match-eb93148e-1912,solidaritaet_ueberleben,standard,1,0,1,8,-1,14,9,34,2,9,1,3,0,0
match-64e0654c-1913,forschung_muskelkraft,standard,0,1,0,8,8,17,8,30,3,7,6,10,0,0
match-64e0654c-1913,solidaritaet_ueberleben,standard,1,0,1,8,0,12,10,31,4,9,2,2,0,0
match-de2dd609-1914,forschung_muskelkraft,standard,0,1,0,12,2,21,13,46,20,11,13,12,0,0
match-de2dd609-1914,solidaritaet_ueberleben,standard,1,0,1,12,-2,18,15,50,19,14,8,8,0,0
match-577b26c7-1915,forschung_muskelkraft,standard,0,1,0,15,4,23,11,46,59,9,7,10,0,0
match-577b26c7-1915,solidaritaet_ueberleben,standard,1,0,1,15,0,21,11,46,59,10,4,6,0,0
match-c4df951f-1916,forschung_muskelkraft,standard,0,0,0,17,-3,22,20,75,61,18,7,5,0,0
match-c4df951f-1916,solidaritaet_ueberleben,standard,1,1,1,17,2,22,11,45,91,10,16,10,0,0
match-3e2ce5dd-1917,forschung_muskelkraft,standard,0,1,0,17,4,23,12,51,85,10,19,9,0,0
match-3e2ce5dd-1917,solidaritaet_ueberleben,standard,1,0,1,17,-2,21,20,68,68,19,6,3,1,0
match-b77a569a-1918,forschung_muskelkraft,standard,0,0,0,12,-2,23,14,55,22,12,10,4,0,0
match-b77a569a-1918,solidaritaet_ueberleben,standard,1,1,1,12,6,17,14,50,18,13,9,12,0,0
match-30c7a758-1919,forschung_muskelkraft,standard,0,0,0,8,-3,16,8,24,4,6,6,9,0,0
match-30c7a758-1919,solidaritaet_ueberleben,standard,1,1,1,8,1,13,9,30,4,9,1,13,0,0
match-dfaa1229-1920,forschung_muskelkraft,standard,0,1,0,13,1,23,13,50,34,11,9,10,0,0
match-dfaa1229-1920,solidaritaet_ueberleben,standard,1,0,1,13,0,20,14,52,30,13,6,9,3,0
match-58f762e7-1921,forschung_muskelkraft,standard,0,0,0,15,0,23,19,71,38,17,15,6,0,0
match-58f762e7-1921,solidaritaet_ueberleben,standard,1,1,1,15,3,22,18,63,45,17,12,9,1,0
match-d244d3a4-1922,forschung_muskelkraft,standard,0,,0,16,0,23,15,54,71,13,16,7,0,0
match-d244d3a4-1922,solidaritaet_ueberleben,standard,1,,1,16,0,22,19,63,63,18,8,7,2,0
match-4b922462-1923,forschung_muskelkraft,standard,0,0,0,8,0,14,8,30,6,6,4,0,0,0
match-4b922462-1923,solidaritaet_ueberleben,standard,1,1,1,8,10,12,8,29,7,8,2,10,0,0
match-8f4a9b0b-1924,forschung_muskelkraft,standard,0,,0,17,-2,23,19,73,65,17,16,6,0,0
match-8f4a9b0b-1924,solidaritaet_ueberleben,standard,1,,1,17,-2,22,20,68,68,19,16,6,0,0
match-0897ebc9-1925,forschung_muskelkraft,standard,0,0,0,16,-3,23,15,61,59,13,12,7,0,0
match-0897ebc9-1925,solidaritaet_ueberleben,standard,1,1,1,16,2,20,15,59,61,14,8,12,0,0
match-81e55c86-1926,forschung_muskelkraft,standard,0,0,0,12,-1,24,13,48,29,11,9,0,0,0
match-81e55c86-1926,solidaritaet_ueberleben,standard,1,1,1,12,10,18,13,48,24,12,7,11,0,0
match-fb32ad43-1927,forschung_muskelkraft,standard,0,1,0,12,5,21,11,43,28,9,11,10,0,0
match-fb32ad43-1927,solidaritaet_ueberleben,standard,1,0,1,12,0,19,16,59,11,15,4,5,0,0
match-aa151815-1928,forschung_muskelkraft,standard,0,1,0,8,6,12,7,24,9,6,11,11,0,0
match-aa151815-1928,solidaritaet_ueberleben,standard,1,0,1,8,-1,14,11,31,4,11,2,4,0,0
match-236268d3-1929,forschung_muskelkraft,standard,0,0,0,15,0,22,9,31,74,7,10,2,0,0
match-236268d3-1929,solidaritaet_ueberleben,standard,1,1,1,15,8,21,14,58,47,13,2,10,0,0
match-9cafd990-1930,forschung_muskelkraft,standard,0,0,0,9,-2,16,8,32,4,8,5,8,0,0
match-9cafd990-1930,solidaritaet_ueberleben,standard,1,1,1,9,2,14,10,31,8,10,3,12,0,0
match-15fd2a4e-1931,forschung_muskelkraft,standard,0,0,0,8,-1,16,9,32,1,7,2,4,0,0
match-15fd2a4e-1931,solidaritaet_ueberleben,standard,1,1,1,8,6,15,7,31,3,7,3,11,0,0
match-30098948-1932,forschung_muskelkraft,standard,0,1,0,15,5,23,18,71,36,16,15,12,0,0
match-30098948-1932,solidaritaet_ueberleben,standard,1,0,1,15,-2,21,18,62,47,17,11,5,0,0
match-a956fa05-1933,forschung_muskelkraft,standard,0,1,0,15,6,23,13,53,57,11,16,10,0,0
match-a956fa05-1933,solidaritaet_ueberleben,standard,1,0,1,15,0,20,19,64,44,18,7,4,0,0
match-22a44ac3-1934,forschung_muskelkraft,standard,0,1,0,16,1,21,14,56,64,12,17,7,0,0
match-22a44ac3-1934,solidaritaet_ueberleben,standard,1,0,1,16,0,22,19,62,62,18,7,6,0,0
match-9bf1bb80-1935,forschung_muskelkraft,standard,0,0,0,14,-1,23,12,50,41,10,11,7,0,0
match-9bf1bb80-1935,solidaritaet_ueberleben,standard,1,1,1,14,3,19,13,45,46,13,5,11,4,0
match-4ad40652-1936,forschung_muskelkraft,standard,0,1,0,16,1,22,15,54,71,13,17,8,0,0
match-4ad40652-1936,solidaritaet_ueberleben,standard,1,0,1,16,-1,20,20,68,53,19,9,6,0,0
match-c421770f-1937,forschung_muskelkraft,standard,0,1,0,5,6,12,5,13,2,5,1,10,0,0
match-c421770f-1937,solidaritaet_ueberleben,standard,1,0,1,5,0,9,4,13,1,4,1,4,0,0
match-3d6ec7cd-1938,forschung_muskelkraft,standard,0,1,0,12,6,23,12,51,21,10,13,13,0,0
match-3d6ec7cd-1938,solidaritaet_ueberleben,standard,1,0,1,12,-3,17,16,52,17,15,5,4,0,0
match-b6bc388a-1939,forschung_muskelkraft,standard,0,1,0,7,4,15,8,25,3,7,5,12,0,0
match-b6bc388a-1939,solidaritaet_ueberleben,standard,1,0,1,7,-2,13,8,24,3,7,2,6,0,0
match-fa748f33-1940,forschung_muskelkraft,standard,0,0,0,12,-3,22,12,46,25,10,10,2,0,0
match-fa748f33-1940,solidaritaet_ueberleben,standard,1,1,1,12,8,18,14,51,19,13,5,13,0,0
match-73c1fff1-1941,forschung_muskelkraft,standard,0,0,0,9,0,14,9,34,6,7,3,0,0,0
match-73c1fff1-1941,solidaritaet_ueberleben,standard,1,1,1,9,10,15,8,27,14,8,2,10,0,0
match-ed0f50ae-1942,forschung_muskelkraft,standard,0,0,0,15,0,23,14,57,48,12,17,8,0,0
match-ed0f50ae-1942,solidaritaet_ueberleben,standard,1,1,1,15,1,20,19,64,47,18,9,9,0,0
match-665ca16c-1943,forschung_muskelkraft,standard,0,0,0,17,-2,23,9,29,107,7,8,1,0,0
match-665ca16c-1943,solidaritaet_ueberleben,standard,1,1,1,17,3,21,13,51,89,12,2,6,0,0
match-153f0c3e-1944,forschung_muskelkraft,standard,0,0,0,5,-3,13,5,13,2,4,1,0,0,0
match-153f0c3e-1944,solidaritaet_ueberleben,standard,1,1,1,5,10,9,5,15,0,5,2,13,0,0
match-8e8c7cfb-1945,forschung_muskelkraft,standard,0,0,0,15,0,21,19,73,38,17,10,4,0,0
match-8e8c7cfb-1945,solidaritaet_ueberleben,standard,1,1,1,15,6,22,15,56,54,14,12,10,0,0
match-07d9cdb9-1946,forschung_muskelkraft,standard,0,1,0,13,3,23,11,39,39,9,15,14,0,0
match-07d9cdb9-1946,solidaritaet_ueberleben,standard,1,0,1,13,-4,19,17,59,23,16,5,7,0,0
match-81273e76-1947,forschung_muskelkraft,standard,0,0,0,16,-1,22,10,37,83,8,15,5,0,0
match-81273e76-1947,solidaritaet_ueberleben,standard,1,1,1,16,2,22,17,61,63,16,3,8,0,0
match-47db8e12-1948,forschung_muskelkraft,standard,0,1,0,10,4,17,9,34,11,8,13,13,0,0
match-47db8e12-1948,solidaritaet_ueberleben,standard,1,0,1,10,-3,14,13,37,12,12,3,6,0,0
match-c128fecf-1949,forschung_muskelkraft,standard,0,0,0,10,-2,20,11,43,12,9,4,0,0,0
match-c128fecf-1949,solidaritaet_ueberleben,standard,1,1,1,10,10,16,10,37,17,9,4,12,0,0
match-3a764f8d-1950,forschung_muskelkraft,standard,0,1,0,11,1,21,14,54,11,12,11,10,0,0
match-3a764f8d-1950,solidaritaet_ueberleben,standard,1,0,1,11,0,15,15,46,14,15,7,9,1,0
match-b3c3a04a-1951,forschung_muskelkraft,standard,0,1,0,16,7,23,12,45,75,10,19,12,0,0
match-b3c3a04a-1951,solidaritaet_ueberleben,standard,1,0,1,16,-3,23,20,68,57,19,5,2,0,0
match-62a60b1c-1952,forschung_muskelkraft,standard,0,1,0,14,4,22,14,55,36,12,11,10,0,0
match-62a60b1c-1952,solidaritaet_ueberleben,standard,1,0,1,14,0,21,14,55,39,14,8,6,0,0
match-dbf37bd9-1953,forschung_muskelkraft,standard,0,0,0,9,-5,19,9,30,6,7,6,7,0,0
match-dbf37bd9-1953,solidaritaet_ueberleben,standard,1,1,1,9,3,14,10,37,4,10,2,15,0,0
match-5540cc97-1954,forschung_muskelkraft,standard,0,1,0,10,7,22,10,37,14,8,9,14,0,0
match-5540cc97-1954,solidaritaet_ueberleben,standard,1,0,1,10,-4,15,13,41,12,12,4,3,0,0
match-ce8e3d54-1955,forschung_muskelkraft,standard,0,0,0,7,0,15,6,19,2,5,4,4,0,0
match-ce8e3d54-1955,solidaritaet_ueberleben,standard,1,1,1,7,6,11,7,22,2,6,0,10,0,0
match-124693fe-1956,forschung_muskelkraft,standard,0,0,0,16,0,23,18,71,53,16,11,5,0,0
match-124693fe-1956,solidaritaet_ueberleben,standard,1,1,1,16,4,22,16,54,66,15,11,9,1,0
match-8b93e4bb-1957,forschung_muskelkraft,standard,0,0,0,16,-1,22,15,61,67,13,9,4,0,0
match-8b93e4bb-1957,solidaritaet_ueberleben,standard,1,1,1,16,3,21,13,51,69,12,9,8,0,0
match-04e15579-1958,forschung_muskelkraft,standard,0,1,0,11,5,21,12,47,14,10,13,10,0,0
match-04e15579-1958,solidaritaet_ueberleben,standard,1,0,1,11,0,18,15,50,11,14,6,5,0,0
match-7e2ea636-1959,forschung_muskelkraft,standard,0,0,0,8,-4,15,8,27,8,6,5,6,0,0
match-7e2ea636-1959,solidaritaet_ueberleben,standard,1,1,1,8,4,13,9,30,5,9,1,14,0,0
match-2d111108-1960,forschung_muskelkraft,standard,0,0,0,7,-2,19,8,26,2,7,4,3,0,0
match-2d111108-1960,solidaritaet_ueberleben,standard,1,1,1,7,7,12,8,25,3,8,3,12,0,0
match-a65e61c5-1961,forschung_muskelkraft,standard,0,,0,15,0,22,13,49,62,11,17,9,0,0
match-a65e61c5-1961,solidaritaet_ueberleben,standard,1,,1,15,0,21,19,64,43,18,7,9,0,0
match-1fabd283-1962,forschung_muskelkraft,standard,0,0,0,16,0,22,15,63,61,13,17,4,0,0
match-1fabd283-1962,solidaritaet_ueberleben,standard,1,1,1,16,3,21,20,68,62,19,8,7,0,0
match-98f92340-1963,forschung_muskelkraft,standard,0,0,0,15,-3,24,19,73,34,17,14,0,0,0
match-98f92340-1963,solidaritaet_ueberleben,standard,1,1,1,15,10,22,17,64,47,16,13,13,0,0
match-b305823a-1964,forschung_muskelkraft,standard,0,1,0,8,9,16,8,31,3,7,7,11,0,0
match-b305823a-1964,solidaritaet_ueberleben,standard,1,0,1,8,-1,14,10,33,2,9,2,1,0,0
match-2c52f2f8-1965,forschung_muskelkraft,standard,0,0,0,9,-3,17,9,37,4,8,6,0,0,0
match-2c52f2f8-1965,solidaritaet_ueberleben,standard,1,1,1,9,10,14,9,38,4,9,5,13,0,0
match-a5a043b5-1966,forschung_muskelkraft,standard,0,0,0,7,0,16,7,26,2,7,3,1,0,0
match-a5a043b5-1966,solidaritaet_ueberleben,standard,1,1,1,7,9,12,8,27,1,8,4,10,0,0
match-1eedb473-1967,forschung_muskelkraft,standard,0,1,0,16,2,22,20,75,47,18,7,8,0,0
match-1eedb473-1967,solidaritaet_ueberleben,standard,1,0,1,16,-1,21,13,53,67,12,16,5,0,0
match-cdd01f44-1968,forschung_muskelkraft,standard,0,0,0,9,-4,16,9,35,6,8,4,8,0,0
match-cdd01f44-1968,solidaritaet_ueberleben,standard,1,1,1,9,2,13,8,31,5,7,4,14,0,0
match-471d7002-1969,forschung_muskelkraft,standard,0,1,0,15,5,23,12,48,57,10,17,10,0,0
match-471d7002-1969,solidaritaet_ueberleben,standard,1,0,1,15,0,22,19,65,41,18,5,5,0,0
match-c06ac0bf-1970,forschung_muskelkraft,standard,0,0,0,7,0,12,7,20,1,5,6,8,0,0
match-c06ac0bf-1970,solidaritaet_ueberleben,standard,1,1,1,7,2,13,7,26,1,7,0,10,0,0
match-39b8317d-1971,forschung_muskelkraft,standard,0,0,0,8,0,15,9,33,2,7,2,0,0,0
match-39b8317d-1971,solidaritaet_ueberleben,standard,1,1,1,8,10,12,7,23,5,7,2,10,0,0
match-7d708826-1972,forschung_muskelkraft,standard,0,0,0,16,-3,23,12,49,77,10,10,3,0,0
match-7d708826-1972,solidaritaet_ueberleben,standard,1,1,1,16,6,21,15,54,69,15,5,12,0,0
match-f6bdf8e3-1973,forschung_muskelkraft,standard,0,0,0,10,-2,21,12,44,6,10,6,2,0,0
match-f6bdf8e3-1973,solidaritaet_ueberleben,standard,1,1,1,10,8,16,9,33,12,9,5,12,0,0
match-700b49a1-1974,forschung_muskelkraft,standard,0,0,0,9,0,21,7,29,7,7,4,0,0,0
match-700b49a1-1974,solidaritaet_ueberleben,standard,1,1,1,9,10,13,8,28,8,8,3,10,1,0
match-e958ba5e-1975,forschung_muskelkraft,standard,0,1,0,16,9,22,19,73,53,17,14,9,0,0
match-e958ba5e-1975,solidaritaet_ueberleben,standard,1,0,1,16,0,23,19,66,57,18,12,0,1,0
match-983b0530-1976,forschung_muskelkraft,standard,0,0,0,17,-2,22,15,61,79,13,10,3,0,0
match-983b0530-1976,solidaritaet_ueberleben,standard,1,1,1,17,1,21,14,55,81,13,10,6,0,0
match-118875ee-1977,forschung_muskelkraft,standard,0,1,0,17,3,23,18,71,65,16,19,8,0,0
match-118875ee-1977,solidaritaet_ueberleben,standard,1,0,1,17,-1,22,20,68,68,19,12,4,0,0
match-8ad5c6ab-1978,forschung_muskelkraft,standard,0,1,0,9,4,16,12,39,2,10,7,11,0,0
match-8ad5c6ab-1978,solidaritaet_ueberleben,standard,1,0,1,9,-1,12,10,31,11,10,5,6,0,0
match-04233769-1979,forschung_muskelkraft,standard,0,0,0,16,0,23,13,52,68,11,18,2,0,0
match-04233769-1979,solidaritaet_ueberleben,standard,1,1,1,16,5,22,18,63,59,18,7,7,0,0
match-718785c1-1980,forschung_muskelkraft,standard,0,1,0,7,5,15,7,25,3,5,5,12,0,0
match-718785c1-1980,solidaritaet_ueberleben,standard,1,0,1,7,-2,13,8,26,2,8,2,5,0,0
match-ead4f67e-1981,forschung_muskelkraft,standard,0,1,0,8,5,18,7,28,5,6,6,11,0,0
match-ead4f67e-1981,solidaritaet_ueberleben,standard,1,0,1,8,-1,13,8,33,3,7,2,5,0,0
match-6422473c-1982,forschung_muskelkraft,standard,0,1,0,15,1,23,17,69,41,15,10,10,0,0
match-6422473c-1982,solidaritaet_ueberleben,standard,1,0,1,15,0,20,16,55,56,15,12,9,1,0
match-dd6fb7f9-1983,forschung_muskelkraft,standard,0,0,0,8,-3,14,8,26,3,6,6,8,0,0
match-dd6fb7f9-1983,solidaritaet_ueberleben,standard,1,1,1,8,2,12,10,29,2,9,2,13,0,0
match-8c5202cb-1984,forschung_muskelkraft,standard,0,1,0,11,4,17,11,41,14,9,7,11,0,0
match-8c5202cb-1984,solidaritaet_ueberleben,standard,1,0,1,11,-1,16,9,30,29,9,4,6,1,0
match-059f7389-1985,forschung_muskelkraft,standard,0,1,0,12,1,23,14,55,16,12,11,15,0,0
match-059f7389-1985,solidaritaet_ueberleben,standard,1,0,1,12,-5,18,15,49,20,15,7,9,0,0
match-7eecc446-1986,forschung_muskelkraft,standard,0,0,0,15,0,22,17,67,38,15,11,4,0,0
match-7eecc446-1986,solidaritaet_ueberleben,standard,1,1,1,15,5,20,14,55,54,13,11,9,0,0
match-f83a3503-1987,forschung_muskelkraft,standard,0,1,0,6,6,10,6,20,1,5,4,10,0,0
match-f83a3503-1987,solidaritaet_ueberleben,standard,1,0,1,6,0,10,7,20,1,6,0,4,0,0
match-3bf28bad-1988,forschung_muskelkraft,standard,0,,0,15,0,22,13,50,55,11,13,9,0,0
match-3bf28bad-1988,solidaritaet_ueberleben,standard,1,,1,15,0,20,15,55,55,14,6,9,1,0
match-b53ffc6a-1989,forschung_muskelkraft,standard,0,1,0,9,2,20,10,36,5,8,6,12,0,0
match-b53ffc6a-1989,solidaritaet_ueberleben,standard,1,0,1,9,-2,13,11,37,4,10,3,8,0,0
match-2e8d4d28-1990,forschung_muskelkraft,standard,0,1,0,13,6,23,15,59,30,13,14,11,0,0
match-2e8d4d28-1990,solidaritaet_ueberleben,standard,1,0,1,13,-1,18,16,52,32,15,8,4,0,0
match-a7dabde5-1991,forschung_muskelkraft,standard,0,1,0,8,6,19,10,33,1,8,5,10,0,0
match-a7dabde5-1991,solidaritaet_ueberleben,standard,1,0,1,8,0,13,10,35,1,9,3,4,0,0
match-56bd08b7-1992,forschung_muskelkraft,standard,0,0,0,16,0,23,10,37,83,8,14,4,0,0
match-56bd08b7-1992,solidaritaet_ueberleben,standard,1,1,1,16,3,21,16,61,63,15,3,7,0,0
match-d00a7974-1993,forschung_muskelkraft,standard,0,0,0,14,-3,22,14,57,38,12,16,8,0,0
match-d00a7974-1993,solidaritaet_ueberleben,standard,1,1,1,14,2,21,18,60,34,18,7,13,1,0
match-4957ca32-1994,forschung_muskelkraft,standard,0,0,0,16,-1,22,18,69,55,16,18,4,0,0
match-4957ca32-1994,solidaritaet_ueberleben,standard,1,1,1,16,3,23,20,68,58,19,12,8,0,0
match-c2a53aef-1995,forschung_muskelkraft,standard,0,0,0,15,-1,23,18,71,36,16,16,7,0,0
match-c2a53aef-1995,solidaritaet_ueberleben,standard,1,1,1,15,3,22,19,65,42,18,15,11,0,0
match-dcb199e9-1996,forschung_muskelkraft,standard,0,0,0,17,-3,22,20,75,63,18,13,0,0,0
match-dcb199e9-1996,solidaritaet_ueberleben,standard,1,1,1,17,7,21,18,63,73,17,15,10,0,0
match-55feeaa7-1997,forschung_muskelkraft,standard,0,1,0,15,4,23,14,55,50,12,18,13,0,0
match-55feeaa7-1997,solidaritaet_ueberleben,standard,1,0,1,15,-3,22,19,67,42,18,7,6,0,0
match-cf4c5b64-1998,forschung_muskelkraft,standard,0,1,0,11,8,22,11,41,18,9,15,11,0,0
match-cf4c5b64-1998,solidaritaet_ueberleben,standard,1,0,1,11,-1,17,15,51,9,14,4,2,0,0
match-4899ac22-1999,forschung_muskelkraft,standard,0,1,0,8,5,19,9,31,5,7,6,11,0,0
match-4899ac22-1999,solidaritaet_ueberleben,standard,1,0,1,8,-1,12,9,34,2,9,2,5,0,0
match-fb505172-2000,forschung_muskelkraft,standard,0,1,1,5,4,10,5,14,1,4,4,11,0,0
match-fb505172-2000,urzeitliche_kolosse,standard,1,0,0,5,-1,11,6,14,0,5,0,6,0,0
match-749da230-2001,forschung_muskelkraft,standard,0,0,1,9,-1,16,10,36,4,9,7,8,0,0
match-749da230-2001,urzeitliche_kolosse,standard,1,1,0,9,2,14,9,38,1,9,4,11,0,0
match-08b58ff8-2002,forschung_muskelkraft,standard,0,0,1,9,-2,21,10,32,5,8,6,9,0,0
match-08b58ff8-2002,urzeitliche_kolosse,standard,1,1,0,9,1,14,10,37,6,9,3,12,0,4
match-8202e0b5-2003,forschung_muskelkraft,standard,0,0,1,8,0,18,10,31,4,8,2,4,0,0
match-8202e0b5-2003,urzeitliche_kolosse,standard,1,1,0,8,6,14,8,28,6,7,3,10,0,0
match-161ace7d-2004,forschung_muskelkraft,standard,0,1,1,10,2,18,11,45,6,10,9,13,0,0
match-161ace7d-2004,urzeitliche_kolosse,standard,1,0,0,10,-3,15,13,45,7,12,6,8,0,2
match-8f683f3a-2005,forschung_muskelkraft,standard,0,0,1,9,-2,17,9,32,4,8,8,8,0,0
match-8f683f3a-2005,urzeitliche_kolosse,standard,1,1,0,9,2,15,10,42,2,10,4,12,0,2
match-23800d02-2006,forschung_muskelkraft,standard,0,1,1,8,10,15,9,30,3,7,4,12,0,0
match-23800d02-2006,urzeitliche_kolosse,standard,1,0,0,8,-2,13,6,30,6,6,2,0,0,0
match-9ccd7dbf-2007,forschung_muskelkraft,standard,0,0,1,12,-4,20,8,30,36,6,9,8,0,0
match-9ccd7dbf-2007,urzeitliche_kolosse,standard,1,1,0,12,2,17,14,62,8,13,1,14,0,1
match-c5bb575e-2008,forschung_muskelkraft,standard,0,0,1,9,-1,20,11,41,4,9,8,0,0,0
match-c5bb575e-2008,urzeitliche_kolosse,standard,1,1,0,9,10,14,11,35,5,11,4,11,0,0
match-3f08a81c-2009,forschung_muskelkraft,standard,0,0,1,11,-1,17,12,47,13,10,5,9,0,0
match-3f08a81c-2009,urzeitliche_kolosse,standard,1,1,0,11,1,16,11,42,13,10,6,11,0,2
match-d32095e3-2010,forschung_muskelkraft,standard,0,0,1,9,0,16,10,39,5,9,5,8,0,0
match-d32095e3-2010,urzeitliche_kolosse,standard,1,1,0,9,2,14,9,38,5,8,4,10,0,0
match-4c6de6a1-2011,forschung_muskelkraft,standard,0,1,1,8,2,21,10,34,2,8,7,11,0,0
match-4c6de6a1-2011,urzeitliche_kolosse,standard,1,0,0,8,-1,13,11,32,1,10,3,8,0,0
match-e085d468-2012,forschung_muskelkraft,standard,0,1,1,8,2,16,8,23,5,6,5,13,0,0
match-e085d468-2012,urzeitliche_kolosse,standard,1,0,0,8,-3,13,8,32,4,7,1,8,0,0
match-59d32526-2013,forschung_muskelkraft,standard,0,0,1,5,0,15,4,10,5,3,1,2,0,0
match-59d32526-2013,urzeitliche_kolosse,standard,1,1,0,5,8,9,5,13,0,5,1,10,0,0
match-edeb12ed-2014,forschung_muskelkraft,standard,0,0,1,16,-1,22,14,59,69,12,10,5,0,0
match-edeb12ed-2014,urzeitliche_kolosse,standard,1,1,0,16,2,21,16,65,67,15,7,8,0,1
match-673863ab-2015,forschung_muskelkraft,standard,0,1,1,12,2,22,10,41,25,8,11,16,0,0
match-673863ab-2015,urzeitliche_kolosse,standard,1,0,0,12,-6,18,15,52,17,14,3,8,0,1
match-90265d4a-2016,forschung_muskelkraft,standard,0,1,1,6,4,13,6,20,1,5,5,11,0,0
match-90265d4a-2016,urzeitliche_kolosse,standard,1,0,0,6,-1,11,6,17,2,6,1,6,0,0
match-0973ae08-2017,forschung_muskelkraft,standard,0,1,1,7,4,16,7,25,2,6,5,12,0,0
match-0973ae08-2017,urzeitliche_kolosse,standard,1,0,0,7,-2,13,9,26,2,8,1,6,0,0
match-9d8b9bcf-2018,forschung_muskelkraft,standard,0,0,1,6,-2,16,5,17,4,4,2,0,0,0
match-9d8b9bcf-2018,urzeitliche_kolosse,standard,1,1,0,6,10,12,5,20,1,5,2,12,0,1
match-16d8ec8d-2019,forschung_muskelkraft,standard,0,0,1,16,-1,22,13,51,74,11,10,4,0,0
match-16d8ec8d-2019,urzeitliche_kolosse,standard,1,1,0,16,3,22,16,66,58,15,7,8,0,3
match-aaf0da54-2020,forschung_muskelkraft,standard,0,0,1,5,-1,10,5,14,1,4,1,0,0,0
match-aaf0da54-2020,urzeitliche_kolosse,standard,1,1,0,5,10,11,5,13,0,4,2,11,0,0
match-243e2b12-2021,forschung_muskelkraft,standard,0,0,1,5,-2,12,4,13,2,4,2,3,0,0
match-243e2b12-2021,urzeitliche_kolosse,standard,1,1,0,5,7,11,5,13,0,5,1,12,0,0
match-b85618d9-2022,forschung_muskelkraft,standard,0,1,1,6,4,15,5,19,2,5,4,14,0,0
match-b85618d9-2022,urzeitliche_kolosse,standard,1,0,0,6,-4,11,6,18,1,6,2,6,0,2
match-31a36997-2023,forschung_muskelkraft,standard,0,0,1,5,-1,10,5,14,1,4,2,3,0,0
match-31a36997-2023,urzeitliche_kolosse,standard,1,1,0,5,7,11,5,15,0,5,0,11,0,0
match-5a914336-2024,forschung_muskelkraft,standard,0,1,1,7,4,17,7,25,2,6,5,11,0,0
match-5a914336-2024,urzeitliche_kolosse,standard,1,0,0,7,-1,12,8,26,2,7,2,6,0,0
match-d3deb3f3-2025,forschung_muskelkraft,standard,0,1,1,6,2,13,6,19,1,5,3,11,0,0
match-d3deb3f3-2025,urzeitliche_kolosse,standard,1,0,0,6,-1,12,5,17,2,5,1,8,0,1
match-67f681bb-2026,forschung_muskelkraft,standard,0,0,1,15,0,22,19,73,39,17,13,7,0,0
match-67f681bb-2026,urzeitliche_kolosse,standard,1,1,0,15,2,21,18,63,43,17,15,9,0,0
match-e143f278-2027,forschung_muskelkraft,standard,0,1,1,7,2,16,8,27,1,6,6,12,0,0
match-e143f278-2027,urzeitliche_kolosse,standard,1,0,0,7,-2,12,8,25,3,7,1,8,0,0
match-755bc040-2028,forschung_muskelkraft,standard,0,1,1,14,1,22,12,54,41,11,14,16,0,0
match-755bc040-2028,urzeitliche_kolosse,standard,1,0,0,14,-6,20,17,67,32,16,6,9,0,0
match-eea930fd-2029,forschung_muskelkraft,standard,0,0,1,10,-2,22,10,37,14,8,8,9,0,0
match-eea930fd-2029,urzeitliche_kolosse,standard,1,1,0,10,1,16,13,47,6,12,4,12,0,1
match-82c11ec5-2030,forschung_muskelkraft,standard,0,1,1,7,10,18,8,26,2,7,3,10,0,0
match-82c11ec5-2030,urzeitliche_kolosse,standard,1,0,0,7,0,13,5,22,6,5,2,0,0,0
match-fc0e6f82-2031,forschung_muskelkraft,standard,0,1,1,13,4,22,10,39,39,8,11,12,0,0
match-fc0e6f82-2031,urzeitliche_kolosse,standard,1,0,0,13,-2,18,16,54,29,15,3,6,0,1
match-24fc4922-2032,forschung_muskelkraft,standard,0,1,1,6,4,12,6,20,1,5,3,11,0,0
match-24fc4922-2032,urzeitliche_kolosse,standard,1,0,0,6,-1,11,7,19,1,7,1,6,0,1
match-9e49b9df-2033,forschung_muskelkraft,standard,0,0,1,5,-1,11,4,12,3,3,2,3,0,0
match-9e49b9df-2033,urzeitliche_kolosse,standard,1,1,0,5,7,11,5,14,1,5,0,11,0,0
match-326187a7-2034,forschung_muskelkraft,standard,0,1,1,8,10,16,9,31,2,7,4,11,0,0
match-326187a7-2034,urzeitliche_kolosse,standard,1,0,0,8,-1,14,6,32,4,6,2,0,0,2
match-abaef864-2035,forschung_muskelkraft,standard,0,1,1,11,3,19,10,42,18,9,8,12,0,0
match-abaef864-2035,urzeitliche_kolosse,standard,1,0,0,11,-2,16,11,50,8,10,6,7,0,3
match-3fc6c62c-2036,forschung_muskelkraft,standard,0,1,1,10,2,22,10,33,12,8,6,12,0,0
match-3fc6c62c-2036,urzeitliche_kolosse,standard,1,0,0,10,-2,16,11,44,8,10,4,8,0,1
match-b91436e9-2037,forschung_muskelkraft,standard,0,1,1,7,6,17,7,23,3,6,2,13,0,0
match-b91436e9-2037,urzeitliche_kolosse,standard,1,0,0,7,-3,13,7,23,5,6,2,4,0,0
match-4d2c04b1-2038,forschung_muskelkraft,standard,0,1,1,7,2,17,7,25,1,6,5,11,0,0
match-4d2c04b1-2038,urzeitliche_kolosse,standard,1,0,0,7,-1,13,9,27,1,8,1,8,0,0
match-c679756e-2039,forschung_muskelkraft,standard,0,0,1,9,-2,17,8,32,9,6,7,8,0,0
match-c679756e-2039,urzeitliche_kolosse,standard,1,1,0,9,2,14,10,41,2,9,1,12,0,1
match-ef674f0d-2040,forschung_muskelkraft,standard,0,1,1,11,2,21,12,42,18,10,6,12,0,0
match-ef674f0d-2040,urzeitliche_kolosse,standard,1,0,0,11,-2,17,11,43,15,10,5,8,0,1
match-68b4bfcb-2041,forschung_muskelkraft,standard,0,0,1,13,0,22,14,52,26,12,9,9,0,0
match-68b4bfcb-2041,urzeitliche_kolosse,standard,1,1,0,13,1,19,12,53,25,12,7,10,0,3
match-fccc8d92-2042,forschung_muskelkraft,standard,0,0,1,7,0,15,8,26,2,7,3,6,0,0
match-fccc8d92-2042,urzeitliche_kolosse,standard,1,1,0,7,4,12,5,23,4,5,2,10,0,1
match-7619fe50-2043,forschung_muskelkraft,standard,0,0,1,5,-2,12,5,14,1,4,3,6,0,0
match-7619fe50-2043,urzeitliche_kolosse,standard,1,1,0,5,4,10,5,15,0,5,0,12,0,0
match-0a31cc18-2044,forschung_muskelkraft,standard,0,1,1,7,6,19,7,25,3,7,2,14,0,0
match-0a31cc18-2044,urzeitliche_kolosse,standard,1,0,0,7,-4,11,7,23,3,6,4,4,0,0
match-837f3cd5-2045,forschung_muskelkraft,standard,0,0,1,9,-1,17,10,33,4,8,7,4,0,0
match-837f3cd5-2045,urzeitliche_kolosse,standard,1,1,0,9,6,14,10,37,7,10,3,11,0,1
match-17970a9d-2046,forschung_muskelkraft,standard,0,0,1,11,-1,22,13,51,14,11,9,6,0,0
match-17970a9d-2046,urzeitliche_kolosse,standard,1,1,0,11,4,16,14,56,7,13,7,11,0,3
match-90e47b5a-2047,forschung_muskelkraft,standard,0,0,1,14,-4,22,12,48,43,10,13,9,0,0
match-90e47b5a-2047,urzeitliche_kolosse,standard,1,1,0,14,1,19,17,64,30,16,5,14,0,1
match-b9d254f9-2048,forschung_muskelkraft,standard,0,0,1,15,0,23,14,55,55,12,14,8,0,0
match-b9d254f9-2048,urzeitliche_kolosse,standard,1,1,0,15,1,19,18,68,41,17,7,9,0,6
match-331fa5b7-2049,forschung_muskelkraft,standard,0,0,1,9,-1,18,8,28,8,7,7,8,0,0
match-331fa5b7-2049,urzeitliche_kolosse,standard,1,1,0,9,2,13,12,40,3,11,2,11,0,0
match-c737937e-2050,forschung_muskelkraft,standard,0,0,1,9,0,18,10,34,4,8,8,9,0,0
match-c737937e-2050,urzeitliche_kolosse,standard,1,1,0,9,1,14,11,38,3,10,3,10,0,1
match-4084e43c-2051,forschung_muskelkraft,standard,0,1,1,8,2,18,6,27,6,6,7,11,0,0
match-4084e43c-2051,urzeitliche_kolosse,standard,1,0,0,8,-1,13,10,33,3,9,1,8,0,2
match-d49cd203-2052,forschung_muskelkraft,standard,0,0,1,8,0,20,8,25,3,6,6,5,0,0
match-d49cd203-2052,urzeitliche_kolosse,standard,1,1,0,8,5,14,8,34,2,8,1,10,0,0
match-4dea22c1-2053,forschung_muskelkraft,standard,0,0,1,8,-1,15,9,33,3,8,3,7,0,0
match-4dea22c1-2053,urzeitliche_kolosse,standard,1,1,0,8,3,14,9,35,1,8,4,11,0,2
match-e2021088-2054,forschung_muskelkraft,standard,0,0,1,5,-1,14,4,13,2,4,0,0,0,0
match-e2021088-2054,urzeitliche_kolosse,standard,1,1,0,5,10,9,6,15,0,5,2,11,0,0
match-5b4f6146-2055,forschung_muskelkraft,standard,0,0,1,9,-3,19,10,34,3,8,6,8,0,0
match-5b4f6146-2055,urzeitliche_kolosse,standard,1,1,0,9,2,15,9,38,5,9,3,13,0,2
match-843d5ae5-2056,forschung_muskelkraft,standard,0,,1,15,0,22,14,54,51,12,14,9,0,0
match-843d5ae5-2056,urzeitliche_kolosse,standard,1,,0,15,0,20,18,63,48,17,8,9,0,3
match-fd8aaba2-2057,forschung_muskelkraft,standard,0,1,1,9,3,20,10,33,3,9,6,11,0,0
match-fd8aaba2-2057,urzeitliche_kolosse,standard,1,0,0,9,-1,13,10,43,1,10,4,7,0,1
match-91a2996a-2058,forschung_muskelkraft,standard,0,0,1,3,0,9,3,5,1,2,0,0,0,0
match-91a2996a-2058,urzeitliche_kolosse,standard,1,1,0,3,10,7,3,5,1,3,0,10,0,0
match-0aefea28-2059,forschung_muskelkraft,standard,0,1,1,8,1,16,9,32,2,8,8,11,0,0
match-0aefea28-2059,urzeitliche_kolosse,standard,1,0,0,8,-1,14,10,33,1,9,3,9,0,0
match-9f07d7ef-2060,forschung_muskelkraft,standard,0,1,1,9,1,19,10,38,3,9,8,15,0,0
match-9f07d7ef-2060,urzeitliche_kolosse,standard,1,0,0,9,-5,14,10,40,3,10,5,9,0,5
match-185528ad-2061,forschung_muskelkraft,standard,0,0,1,8,-1,19,7,24,4,6,2,5,0,0
match-185528ad-2061,urzeitliche_kolosse,standard,1,1,0,8,5,12,8,32,2,7,1,11,0,1
match-ac6d1674-2062,forschung_muskelkraft,standard,0,1,1,13,6,19,15,54,24,13,12,11,0,0
match-ac6d1674-2062,urzeitliche_kolosse,standard,1,0,0,13,-1,18,16,61,19,15,8,4,0,1
match-25ba6732-2063,forschung_muskelkraft,standard,0,1,1,8,4,17,8,26,2,7,7,11,0,0
match-25ba6732-2063,urzeitliche_kolosse,standard,1,0,0,8,-1,13,8,32,3,8,3,6,0,1
match-4ea840d1-2064,forschung_muskelkraft,standard,0,0,1,13,-1,22,12,47,31,10,12,9,0,0
match-4ea840d1-2064,urzeitliche_kolosse,standard,1,1,0,13,1,19,15,54,24,14,5,11,0,1
match-c7f5b18e-2065,forschung_muskelkraft,standard,0,1,1,15,3,23,17,67,42,15,10,12,0,0
match-c7f5b18e-2065,urzeitliche_kolosse,standard,1,0,0,15,-2,20,15,61,46,14,12,7,0,0
match-5c0d9f56-2066,forschung_muskelkraft,standard,0,1,1,5,4,11,5,14,1,4,1,11,0,0
match-5c0d9f56-2066,urzeitliche_kolosse,standard,1,0,0,5,-1,10,5,13,1,5,0,6,0,1
match-d55af013-2067,forschung_muskelkraft,standard,0,1,1,5,3,11,5,14,1,4,3,10,0,0
match-d55af013-2067,urzeitliche_kolosse,standard,1,0,0,5,0,9,6,15,0,5,2,7,0,0
match-6972dddb-2068,forschung_muskelkraft,standard,0,0,1,8,-2,17,8,31,3,7,6,9,0,0
match-6972dddb-2068,urzeitliche_kolosse,standard,1,1,0,8,1,14,9,31,2,9,2,12,0,0
match-e2c02e98-2069,forschung_muskelkraft,standard,0,1,1,7,4,16,7,26,2,6,5,10,0,0
match-e2c02e98-2069,urzeitliche_kolosse,standard,1,0,0,7,0,13,8,24,2,7,2,6,0,2
match-76d81c60-2070,forschung_muskelkraft,standard,0,0,1,9,-2,18,9,36,5,9,3,6,0,0
match-76d81c60-2070,urzeitliche_kolosse,standard,1,1,0,9,4,14,8,31,5,8,5,12,0,2
match-f0256d1d-2071,forschung_muskelkraft,standard,0,1,1,12,4,23,10,37,34,8,12,10,0,0
match-f0256d1d-2071,urzeitliche_kolosse,standard,1,0,0,12,0,16,15,54,19,14,3,6,0,0
match-191346bd-2072,forschung_muskelkraft,standard,0,0,1,5,-1,13,4,10,5,3,1,6,0,0
match-191346bd-2072,urzeitliche_kolosse,standard,1,1,0,5,4,11,5,15,0,5,0,11,0,0
match-9260b77a-2073,forschung_muskelkraft,standard,0,1,1,14,5,23,16,59,37,14,15,17,0,0
match-9260b77a-2073,urzeitliche_kolosse,standard,1,0,0,14,-7,20,17,64,34,17,9,5,0,1
match-26788542-2074,forschung_muskelkraft,standard,0,0,1,5,-2,11,2,9,6,2,1,0,0,0
match-26788542-2074,urzeitliche_kolosse,standard,1,1,0,5,10,10,4,14,1,4,1,12,0,0
match-9fc5f5ff-2075,forschung_muskelkraft,standard,0,1,1,8,6,14,7,26,2,6,5,13,0,0
match-9fc5f5ff-2075,urzeitliche_kolosse,standard,1,0,0,8,-3,11,8,35,1,8,2,4,0,1
match-33ddc3c7-2076,forschung_muskelkraft,standard,0,1,1,11,4,20,12,45,15,11,12,13,0,0
match-33ddc3c7-2076,urzeitliche_kolosse,standard,1,0,0,11,-3,17,14,49,13,13,6,6,0,2
match-ad2b3484-2077,forschung_muskelkraft,standard,0,1,1,10,8,20,11,42,9,9,9,11,0,0
match-ad2b3484-2077,urzeitliche_kolosse,standard,1,0,0,10,-1,15,13,44,6,12,4,2,0,1
match-4143024c-2078,forschung_muskelkraft,standard,0,0,1,5,-1,12,2,9,6,2,2,0,0,0
match-4143024c-2078,urzeitliche_kolosse,standard,1,1,0,5,10,10,4,11,4,4,0,11,0,0
match-ba907309-2079,forschung_muskelkraft,standard,0,0,1,10,0,19,11,42,3,9,10,3,0,0
match-ba907309-2079,urzeitliche_kolosse,standard,1,1,0,10,7,14,11,41,7,11,6,10,0,2
match-e37e4ca8-2080,forschung_muskelkraft,standard,0,1,1,8,1,18,8,31,2,8,8,10,0,0
match-e37e4ca8-2080,urzeitliche_kolosse,standard,1,0,0,8,0,13,10,34,2,9,3,9,0,0
match-5ccbbd66-2081,forschung_muskelkraft,standard,0,1,1,7,2,13,6,24,4,5,5,13,0,0
match-5ccbbd66-2081,urzeitliche_kolosse,standard,1,0,0,7,-3,11,8,23,1,8,1,8,0,1
match-f0e38b2d-2082,forschung_muskelkraft,standard,0,1,1,9,6,14,10,37,8,8,7,10,0,0
match-f0e38b2d-2082,urzeitliche_kolosse,standard,1,0,0,9,0,15,10,38,6,10,3,4,0,0
match-6a30fbeb-2083,forschung_muskelkraft,standard,0,0,1,10,-3,18,12,48,6,10,4,4,0,0
match-6a30fbeb-2083,urzeitliche_kolosse,standard,1,1,0,10,6,14,9,39,16,9,5,13,0,0
match-fe48c9b2-2084,forschung_muskelkraft,standard,0,0,1,9,-1,17,11,34,10,9,2,9,0,0
match-fe48c9b2-2084,urzeitliche_kolosse,standard,1,1,0,9,1,14,8,38,5,7,4,11,0,1
match-77963a70-2085,forschung_muskelkraft,standard,0,0,1,9,-5,15,11,38,3,9,6,6,0,0
match-77963a70-2085,urzeitliche_kolosse,standard,1,1,0,9,4,14,10,38,1,10,4,15,0,1
match-0bae0838-2086,forschung_muskelkraft,standard,0,0,1,7,0,14,7,26,2,6,2,7,0,0
match-0bae0838-2086,urzeitliche_kolosse,standard,1,1,0,7,3,11,7,24,3,6,3,10,0,0
match-84fb78f5-2087,forschung_muskelkraft,standard,0,1,1,8,5,17,8,31,2,7,6,14,0,0
match-84fb78f5-2087,urzeitliche_kolosse,standard,1,0,0,8,-4,14,8,32,4,8,3,5,0,1
match-ade95294-2088,forschung_muskelkraft,standard,0,0,1,10,0,22,14,51,4,12,6,5,0,0
match-ade95294-2088,urzeitliche_kolosse,standard,1,1,0,10,5,16,12,47,5,11,8,10,0,1
match-2736a352-2089,forschung_muskelkraft,standard,0,1,1,12,4,22,13,50,16,11,12,16,0,0
match-2736a352-2089,urzeitliche_kolosse,standard,1,0,0,12,-6,18,15,56,17,14,7,6,0,0
match-bb4e9119-2090,forschung_muskelkraft,standard,0,0,1,7,0,17,8,26,2,7,4,7,0,0
match-bb4e9119-2090,urzeitliche_kolosse,standard,1,1,0,7,3,12,9,25,1,9,2,10,0,0
match-349be1d7-2091,forschung_muskelkraft,standard,0,1,1,10,4,21,11,38,7,9,11,11,0,0
match-349be1d7-2091,urzeitliche_kolosse,standard,1,0,0,10,-1,15,13,42,8,13,4,6,0,0
match-c8b3cf9e-2092,forschung_muskelkraft,standard,0,1,1,11,1,21,11,40,15,9,8,10,0,0
match-c8b3cf9e-2092,urzeitliche_kolosse,standard,1,0,0,11,0,15,13,48,10,13,4,9,0,1
match-4201205c-2093,forschung_muskelkraft,standard,0,1,1,8,4,18,10,33,1,8,5,10,0,0
match-4201205c-2093,urzeitliche_kolosse,standard,1,0,0,8,0,14,7,33,3,7,4,6,0,2
match-d6190e23-2094,forschung_muskelkraft,standard,0,1,1,7,1,14,8,26,1,6,6,15,0,0
match-d6190e23-2094,urzeitliche_kolosse,standard,1,0,0,7,-5,12,9,26,1,8,1,9,0,1
match-4f667ee1-2095,forschung_muskelkraft,standard,0,1,1,7,6,15,8,25,1,6,4,12,0,0
match-4f667ee1-2095,urzeitliche_kolosse,standard,1,0,0,7,-2,13,8,24,3,8,1,4,0,1
match-78545880-2096,forschung_muskelkraft,standard,0,0,1,10,-1,17,10,41,9,8,5,6,0,0
match-78545880-2096,urzeitliche_kolosse,standard,1,1,0,10,4,15,10,38,14,9,4,11,0,2
match-f1a1a93d-2097,forschung_muskelkraft,standard,0,1,1,7,2,13,7,25,2,6,4,10,0,0
match-f1a1a93d-2097,urzeitliche_kolosse,standard,1,0,0,7,0,11,9,25,2,9,3,8,0,0
match-85b99705-2098,forschung_muskelkraft,standard,0,1,1,10,6,16,9,39,11,7,7,12,0,0
match-85b99705-2098,urzeitliche_kolosse,standard,1,0,0,10,-2,16,12,49,6,11,2,4,0,0
match-ff06e7c2-2099,forschung_muskelkraft,standard,0,1,1,8,5,19,10,33,2,8,5,11,0,0
match-ff06e7c2-2099,urzeitliche_kolosse,standard,1,0,0,8,-1,13,10,35,1,9,3,5,0,0
match-931ed58a-2100,forschung_muskelkraft,standard,0,,1,11,-3,18,10,35,20,8,7,11,0,0
match-931ed58a-2100,urzeitliche_kolosse,standard,1,,0,11,-1,16,12,52,11,11,3,13,0,0
match-0c6c2648-2101,forschung_muskelkraft,standard,0,0,1,6,0,13,6,20,1,5,4,7,0,0
match-0c6c2648-2101,urzeitliche_kolosse,standard,1,1,0,6,3,11,7,19,2,7,2,10,0,1
match-a084140f-2102,forschung_muskelkraft,standard,0,0,1,6,-1,11,6,18,2,4,4,0,0,0
match-a084140f-2102,urzeitliche_kolosse,standard,1,1,0,6,10,12,6,19,1,6,0,11,0,1
match-19d164cd-2103,forschung_muskelkraft,standard,0,0,1,10,-4,19,9,36,14,8,7,6,0,0
match-19d164cd-2103,urzeitliche_kolosse,standard,1,1,0,10,4,14,12,51,3,11,3,14,0,0
match-42bf5e6c-2104,forschung_muskelkraft,standard,0,0,1,8,-3,17,7,21,7,5,6,4,0,0
match-42bf5e6c-2104,urzeitliche_kolosse,standard,1,1,0,8,6,14,9,35,1,9,0,13,0,1
match-bc0caf29-2105,forschung_muskelkraft,standard,0,0,1,8,0,18,10,34,2,8,2,7,0,0
match-bc0caf29-2105,urzeitliche_kolosse,standard,1,1,0,8,3,14,6,31,4,6,5,10,0,0
match-50249cf1-2106,forschung_muskelkraft,standard,0,0,1,7,-1,17,7,25,2,6,2,2,0,0
match-50249cf1-2106,urzeitliche_kolosse,standard,1,1,0,7,8,12,6,23,3,5,4,11,0,0
match-c971edae-2107,forschung_muskelkraft,standard,0,1,1,7,6,17,6,24,4,6,4,10,0,0
match-c971edae-2107,urzeitliche_kolosse,standard,1,0,0,7,0,13,6,23,5,6,1,4,0,0
match-5d89db76-2108,forschung_muskelkraft,standard,0,0,1,5,-1,14,4,12,3,3,2,4,0,0
match-5d89db76-2108,urzeitliche_kolosse,standard,1,1,0,5,6,11,4,13,2,4,0,11,0,0
match-d6d72c33-2109,forschung_muskelkraft,standard,0,0,1,7,-2,16,7,24,3,5,3,6,0,0
match-d6d72c33-2109,urzeitliche_kolosse,standard,1,1,0,7,4,13,7,25,3,7,2,12,0,0
match-6aef19fb-2110,forschung_muskelkraft,standard,0,1,1,5,3,11,4,13,2,4,3,10,0,0
match-6aef19fb-2110,urzeitliche_kolosse,standard,1,0,0,5,0,11,5,14,1,4,2,7,0,0
match-e43c6ab8-2111,forschung_muskelkraft,standard,0,1,1,15,1,22,14,53,52,12,15,14,0,0
match-e43c6ab8-2111,urzeitliche_kolosse,standard,1,0,0,15,-4,20,18,71,35,17,7,9,0,2
match-0d2a4458-2112,forschung_muskelkraft,standard,0,0,1,7,0,14,9,27,1,7,3,4,0,0
match-0d2a4458-2112,urzeitliche_kolosse,standard,1,1,0,7,6,11,7,27,1,6,4,10,0,0
match-8677b515-2113,forschung_muskelkraft,standard,0,1,1,13,3,23,15,61,26,13,10,13,0,0
match-8677b515-2113,urzeitliche_kolosse,standard,1,0,0,13,-3,17,16,63,23,15,9,7,0,2
match-1a8f82dd-2114,forschung_muskelkraft,standard,0,0,1,16,-1,23,9,35,85,7,13,6,0,0
match-1a8f82dd-2114,urzeitliche_kolosse,standard,1,1,0,16,1,22,17,67,56,16,4,8,0,1
match-93dcf39a-2115,forschung_muskelkraft,standard,0,0,1,9,-1,17,9,32,9,7,3,6,0,0
match-93dcf39a-2115,urzeitliche_kolosse,standard,1,1,0,9,4,14,9,41,3,8,2,11,0,2
match-27f4c162-2116,forschung_muskelkraft,standard,0,0,1,15,0,22,19,73,36,17,11,7,0,0
match-27f4c162-2116,urzeitliche_kolosse,standard,1,1,0,15,2,21,15,62,46,15,16,9,0,3
match-a142321f-2117,forschung_muskelkraft,standard,0,1,1,10,3,16,9,39,11,7,11,13,0,0
match-a142321f-2117,urzeitliche_kolosse,standard,1,0,0,10,-3,15,13,42,9,13,3,7,0,0
match-355a1fe7-2118,forschung_muskelkraft,standard,0,1,1,9,4,21,10,33,4,8,10,15,0,0
match-355a1fe7-2118,urzeitliche_kolosse,standard,1,0,0,9,-5,15,12,38,4,11,3,6,0,0
match-aea770a4-2119,forschung_muskelkraft,standard,0,1,1,10,2,21,11,41,4,9,8,13,0,0
match-aea770a4-2119,urzeitliche_kolosse,standard,1,0,0,10,-3,16,13,44,6,12,4,8,0,0
match-d7954a43-2120,forschung_muskelkraft,standard,0,0,1,10,-2,19,10,37,13,8,8,6,0,0
match-d7954a43-2120,urzeitliche_kolosse,standard,1,1,0,10,4,15,11,48,5,11,3,12,0,0
match-50e2bb01-2121,forschung_muskelkraft,standard,0,1,1,8,2,18,8,31,2,8,2,11,0,0
match-50e2bb01-2121,urzeitliche_kolosse,standard,1,0,0,8,-1,13,8,31,2,7,3,8,0,0
match-e4fa88c8-2122,forschung_muskelkraft,standard,0,0,1,12,0,21,10,37,29,8,7,8,0,0
match-e4fa88c8-2122,urzeitliche_kolosse,standard,1,1,0,12,2,18,12,52,20,12,3,10,0,0
match-5e47f986-2123,forschung_muskelkraft,standard,0,0,1,4,-2,10,4,6,2,2,0,3,0,0
match-5e47f986-2123,urzeitliche_kolosse,standard,1,1,0,4,7,9,3,9,1,3,0,12,0,0
match-f25fc74d-2124,forschung_muskelkraft,standard,0,0,1,3,0,8,2,3,1,1,0,3,0,0
match-f25fc74d-2124,urzeitliche_kolosse,standard,1,1,0,3,7,8,3,6,0,3,0,10,0,0
match-6bad380b-2125,forschung_muskelkraft,standard,0,0,1,12,-2,22,13,50,21,11,11,7,0,0
match-6bad380b-2125,urzeitliche_kolosse,standard,1,1,0,12,3,17,15,60,13,14,6,12,0,0
match-ffc505d2-2126,forschung_muskelkraft,standard,0,0,1,16,-1,22,19,73,49,17,13,6,0,0
match-ffc505d2-2126,urzeitliche_kolosse,standard,1,1,0,16,1,21,19,75,51,18,12,8,0,2
match-79127690-2127,forschung_muskelkraft,standard,0,0,1,8,-2,17,8,31,5,7,4,8,0,0
match-79127690-2127,urzeitliche_kolosse,standard,1,1,0,8,2,13,8,32,3,8,2,12,0,0
match-a200502f-2128,forschung_muskelkraft,standard,0,0,1,9,0,19,11,38,3,9,6,8,0,0
match-a200502f-2128,urzeitliche_kolosse,standard,1,1,0,9,2,15,9,41,2,9,5,10,0,0
match-1b4da0ed-2129,forschung_muskelkraft,standard,0,1,1,12,8,22,12,47,24,10,13,15,0,0
match-1b4da0ed-2129,urzeitliche_kolosse,standard,1,0,0,12,-5,18,15,61,9,15,5,2,0,1
match-af658eb4-2130,forschung_muskelkraft,standard,0,0,1,14,-1,22,14,57,38,12,11,5,0,0
match-af658eb4-2130,urzeitliche_kolosse,standard,1,1,0,14,5,19,17,66,26,16,7,11,0,1
match-28b2ff72-2131,forschung_muskelkraft,standard,0,1,1,11,3,21,11,38,17,9,7,12,0,0
match-28b2ff72-2131,urzeitliche_kolosse,standard,1,0,0,11,-2,15,13,46,13,12,4,7,0,0
match-bccacd39-2132,forschung_muskelkraft,standard,0,0,1,8,-2,20,9,33,2,8,3,0,0,0
match-bccacd39-2132,urzeitliche_kolosse,standard,1,1,0,8,10,14,8,35,1,7,3,12,0,0
match-36183df7-2133,forschung_muskelkraft,standard,0,1,1,9,6,20,10,37,4,9,7,14,0,0
match-36183df7-2133,urzeitliche_kolosse,standard,1,0,0,9,-4,15,10,39,6,10,4,4,0,0
match-ca300bbe-2134,forschung_muskelkraft,standard,0,,1,17,-2,21,12,43,93,10,9,6,0,0
match-ca300bbe-2134,urzeitliche_kolosse,standard,1,,0,17,-2,21,14,54,82,13,5,6,0,0
match-437d7c7c-2135,forschung_muskelkraft,standard,0,1,1,7,7,16,9,27,1,7,6,10,0,0
match-437d7c7c-2135,urzeitliche_kolosse,standard,1,0,0,7,0,12,7,25,3,7,3,3,0,0
match-6c6b561b-2136,forschung_muskelkraft,standard,0,0,1,9,-4,19,8,30,6,6,6,5,0,0
match-6c6b561b-2136,urzeitliche_kolosse,standard,1,1,0,9,5,14,10,34,2,9,1,14,0,0
match-e5b8a6d8-2137,forschung_muskelkraft,standard,0,0,1,8,-3,18,8,25,4,6,5,5,0,0
match-e5b8a6d8-2137,urzeitliche_kolosse,standard,1,1,0,8,5,14,8,34,2,8,1,13,0,1
match-79d094a0-2138,forschung_muskelkraft,standard,0,1,1,5,1,12,4,13,2,4,4,10,0,0
match-79d094a0-2138,urzeitliche_kolosse,standard,1,0,0,5,0,10,5,12,1,5,1,9,0,0
match-f31de55d-2139,forschung_muskelkraft,standard,0,0,1,5,-1,13,6,13,2,4,1,5,0,0
match-f31de55d-2139,urzeitliche_kolosse,standard,1,1,0,5,5,11,4,13,2,4,0,11,0,0
match-8735d325-2140,forschung_muskelkraft,standard,0,1,1,9,10,14,10,37,4,8,5,15,0,0
match-8735d325-2140,urzeitliche_kolosse,standard,1,0,0,9,-5,14,9,39,5,8,3,0,0,0
match-008323e3-2141,forschung_muskelkraft,standard,0,0,1,6,0,13,6,19,1,5,3,5,0,0
match-008323e3-2141,urzeitliche_kolosse,standard,1,1,0,6,5,12,5,19,2,5,3,10,0,0
match-949b11aa-2142,forschung_muskelkraft,standard,0,0,1,15,-1,22,17,69,36,15,13,8,0,0
match-949b11aa-2142,urzeitliche_kolosse,standard,1,1,0,15,2,18,17,64,41,16,10,11,0,4
match-0de86268-2143,forschung_muskelkraft,standard,0,1,1,8,2,15,8,26,2,6,4,10,0,0
match-0de86268-2143,urzeitliche_kolosse,standard,1,0,0,8,0,13,8,36,0,8,2,8,0,0
match-36d65c07-2144,forschung_muskelkraft,standard,0,1,1,10,1,15,11,44,6,10,6,13,0,0
match-36d65c07-2144,urzeitliche_kolosse,standard,1,0,0,10,-3,15,11,39,13,11,5,9,0,1
match-b023acc4-2145,forschung_muskelkraft,standard,0,0,1,6,0,13,5,19,2,5,2,0,0,0
match-b023acc4-2145,urzeitliche_kolosse,standard,1,1,0,6,10,10,5,18,2,5,3,10,0,1
match-443b9a8c-2146,forschung_muskelkraft,standard,0,0,1,10,0,17,10,38,12,8,7,6,0,0
match-443b9a8c-2146,urzeitliche_kolosse,standard,1,1,0,10,4,15,12,46,2,12,3,10,0,1
match-bd88eb49-2147,forschung_muskelkraft,standard,0,1,1,13,5,20,15,58,21,13,10,11,0,0
match-bd88eb49-2147,urzeitliche_kolosse,standard,1,0,0,13,-1,18,16,59,21,15,8,5,0,0
match-51a0d911-2148,forschung_muskelkraft,standard,0,1,1,9,4,20,9,28,8,7,5,11,0,0
match-51a0d911-2148,urzeitliche_kolosse,standard,1,0,0,9,-1,14,10,41,4,9,2,6,0,0
match-caee29ce-2149,forschung_muskelkraft,standard,0,1,1,9,5,16,10,39,6,8,11,14,0,0
match-caee29ce-2149,urzeitliche_kolosse,standard,1,0,0,9,-4,15,12,42,1,11,3,5,0,1
match-5f061796-2150,forschung_muskelkraft,standard,0,1,1,13,4,22,17,67,19,15,9,13,0,0
match-5f061796-2150,urzeitliche_kolosse,standard,1,0,0,13,-3,18,13,54,27,13,11,6,0,0
match-d8536853-2151,forschung_muskelkraft,standard,0,0,1,4,-1,8,4,9,1,3,1,3,0,0
match-d8536853-2151,urzeitliche_kolosse,standard,1,1,0,4,7,9,4,10,0,4,1,11,0,0
match-014141f3-2152,forschung_muskelkraft,standard,0,1,1,8,4,16,9,32,1,7,8,12,0,0
match-014141f3-2152,urzeitliche_kolosse,standard,1,0,0,8,-2,12,11,32,1,10,2,6,0,0
match-7a8eb2b0-2153,forschung_muskelkraft,standard,0,1,1,7,9,12,8,27,1,6,3,12,0,0
match-7a8eb2b0-2153,urzeitliche_kolosse,standard,1,0,0,7,-2,13,6,24,4,6,3,1,0,0
match-0ea68078-2154,forschung_muskelkraft,standard,0,1,1,5,3,13,5,14,1,4,3,11,0,0
match-0ea68078-2154,urzeitliche_kolosse,standard,1,0,0,5,-1,10,5,15,0,5,0,7,0,0
match-87f3f135-2155,forschung_muskelkraft,standard,0,1,1,5,2,12,4,13,2,4,2,11,0,0
match-87f3f135-2155,urzeitliche_kolosse,standard,1,0,0,5,-1,11,5,13,2,5,1,8,0,0
match-1c0bdefd-2156,forschung_muskelkraft,standard,0,0,1,9,0,18,10,34,8,8,5,5,0,0
match-1c0bdefd-2156,urzeitliche_kolosse,standard,1,1,0,9,5,13,10,42,1,10,3,10,0,2
match-95592fba-2157,forschung_muskelkraft,standard,0,1,1,10,6,17,8,35,15,7,8,10,0,0
match-95592fba-2157,urzeitliche_kolosse,standard,1,0,0,10,0,15,12,48,4,11,4,4,0,0
match-29711d82-2158,forschung_muskelkraft,standard,0,1,1,8,6,16,8,31,4,7,6,11,0,0
match-29711d82-2158,urzeitliche_kolosse,standard,1,0,0,8,-1,14,9,33,2,9,3,4,0,1
match-a2be6e3f-2159,forschung_muskelkraft,standard,0,1,1,9,4,19,8,25,12,6,9,13,0,0
match-a2be6e3f-2159,urzeitliche_kolosse,standard,1,0,0,9,-3,14,12,40,4,11,1,6,0,1
match-cbac47de-2160,forschung_muskelkraft,standard,0,0,1,6,0,14,7,20,1,6,2,0,0,0
match-cbac47de-2160,urzeitliche_kolosse,standard,1,1,0,6,10,11,7,19,0,6,2,10,0,0
match-44f9b89c-2161,forschung_muskelkraft,standard,0,0,1,6,0,15,7,20,1,5,3,0,0,0
match-44f9b89c-2161,urzeitliche_kolosse,standard,1,1,0,6,10,12,5,18,3,5,2,10,0,0
match-d9118663-2162,forschung_muskelkraft,standard,0,1,1,10,1,21,12,43,8,10,10,12,0,0
match-d9118663-2162,urzeitliche_kolosse,standard,1,0,0,10,-2,16,11,44,8,11,5,9,0,1
match-525ef721-2163,forschung_muskelkraft,standard,0,0,1,6,0,14,7,20,1,5,3,2,0,0
match-525ef721-2163,urzeitliche_kolosse,standard,1,1,0,6,8,11,6,16,3,6,3,10,0,0
match-e676c4e8-2164,forschung_muskelkraft,standard,0,0,1,12,-2,23,13,47,25,11,7,7,0,0
match-e676c4e8-2164,urzeitliche_kolosse,standard,1,1,0,12,3,17,12,45,21,12,6,12,0,1
match-5fc435a6-2165,forschung_muskelkraft,standard,0,0,1,10,-3,18,8,33,17,6,5,9,0,0
match-5fc435a6-2165,urzeitliche_kolosse,standard,1,1,0,10,1,16,11,43,9,10,1,13,0,1
match-f3dc036d-2166,forschung_muskelkraft,standard,0,0,1,5,0,13,4,13,2,4,1,7,0,0
match-f3dc036d-2166,urzeitliche_kolosse,standard,1,1,0,5,3,11,4,14,1,4,2,10,0,0
match-6d29742b-2167,forschung_muskelkraft,standard,0,0,1,6,-1,14,5,18,2,5,2,0,0,0
match-6d29742b-2167,urzeitliche_kolosse,standard,1,1,0,6,10,12,6,19,2,5,3,11,0,0
match-96174dca-2168,forschung_muskelkraft,standard,0,0,1,11,-1,22,10,38,17,8,11,7,0,0
match-96174dca-2168,urzeitliche_kolosse,standard,1,1,0,11,3,17,14,56,10,14,4,11,0,3
match-0f64be88-2169,forschung_muskelkraft,standard,0,0,1,6,-2,14,5,18,2,5,4,4,0,0
match-0f64be88-2169,urzeitliche_kolosse,standard,1,1,0,6,6,11,6,19,2,6,3,12,0,0
match-a37c8c4f-2170,forschung_muskelkraft,standard,0,1,1,7,2,18,8,27,1,7,3,13,0,0
match-a37c8c4f-2170,urzeitliche_kolosse,standard,1,0,0,7,-3,12,8,25,3,7,3,8,0,0
match-1cc9fd0d-2171,forschung_muskelkraft,standard,0,0,1,10,0,21,12,44,11,11,8,1,0,0
match-1cc9fd0d-2171,urzeitliche_kolosse,standard,1,1,0,10,9,15,13,50,5,13,7,10,0,0
match-b0e1cad4-2172,forschung_muskelkraft,standard,0,0,1,8,-3,15,10,32,3,8,5,8,0,0
match-b0e1cad4-2172,urzeitliche_kolosse,standard,1,1,0,8,2,13,9,33,3,8,4,13,0,1
match-2a2f3b92-2173,forschung_muskelkraft,standard,0,0,1,5,-1,14,4,13,2,4,0,0,0,0
match-2a2f3b92-2173,urzeitliche_kolosse,standard,1,1,0,5,10,10,6,15,0,5,2,11,0,1
match-be470959-2174,forschung_muskelkraft,standard,0,0,1,4,0,10,3,8,2,3,0,0,0,0
match-be470959-2174,urzeitliche_kolosse,standard,1,1,0,4,10,10,4,10,0,4,2,10,0,0
match-37947a17-2175,forschung_muskelkraft,standard,0,0,1,9,-3,17,9,31,5,7,2,6,0,0
match-37947a17-2175,urzeitliche_kolosse,standard,1,1,0,9,4,14,7,31,5,6,2,13,0,1
match-608253b6-2176,forschung_muskelkraft,standard,0,0,1,5,-1,13,4,13,2,4,0,3,0,0
match-608253b6-2176,urzeitliche_kolosse,standard,1,1,0,5,7,9,4,13,2,4,1,11,0,0
match-d9cfa473-2177,forschung_muskelkraft,standard,0,1,1,8,5,17,7,26,2,6,8,12,0,0
match-d9cfa473-2177,urzeitliche_kolosse,standard,1,0,0,8,-2,13,11,33,2,10,1,5,0,0
match-6de7923b-2178,forschung_muskelkraft,standard,0,0,1,16,-2,23,17,67,53,15,13,8,0,0
match-6de7923b-2178,urzeitliche_kolosse,standard,1,1,0,16,1,21,19,75,48,18,11,11,0,3
match-e734e2f8-2179,forschung_muskelkraft,standard,0,0,1,8,0,16,7,26,2,6,4,9,0,0
match-e734e2f8-2179,urzeitliche_kolosse,standard,1,1,0,8,1,14,6,30,6,6,1,10,0,0
match-7b4cd0c0-2180,forschung_muskelkraft,standard,0,1,1,8,1,18,7,25,3,6,4,11,0,0
match-7b4cd0c0-2180,urzeitliche_kolosse,standard,1,0,0,8,-1,13,7,33,3,6,2,9,0,3
match-f49a217d-2181,forschung_muskelkraft,standard,0,0,1,10,-2,21,8,25,20,6,9,9,0,0
match-f49a217d-2181,urzeitliche_kolosse,standard,1,1,0,10,1,14,12,40,9,11,1,12,0,1
match-88b20f45-2182,forschung_muskelkraft,standard,0,1,1,15,4,23,16,63,52,14,12,9,0,0
match-88b20f45-2182,urzeitliche_kolosse,standard,1,0,0,15,0,20,17,67,38,16,9,5,0,3
match-01ff6003-2183,forschung_muskelkraft,standard,0,0,1,8,-2,17,9,28,2,7,6,5,0,0
match-01ff6003-2183,urzeitliche_kolosse,standard,1,1,0,8,5,13,9,34,2,9,2,12,0,3
match-2aed59a2-2184,forschung_muskelkraft,standard,0,0,1,9,-1,21,10,34,4,8,5,4,0,0
match-2aed59a2-2184,urzeitliche_kolosse,standard,1,1,0,9,6,15,10,40,2,9,3,11,0,2
match-a43aaa5f-2185,forschung_muskelkraft,standard,0,1,1,7,1,17,6,22,4,5,5,12,0,0
match-a43aaa5f-2185,urzeitliche_kolosse,standard,1,0,0,7,-2,11,7,20,8,7,0,9,0,0
match-38529827-2186,forschung_muskelkraft,standard,0,0,1,8,-1,19,9,32,1,8,6,8,0,0
match-38529827-2186,urzeitliche_kolosse,standard,1,1,0,8,2,15,9,28,5,8,3,11,0,0
match-b19fe8e4-2187,forschung_muskelkraft,standard,0,0,1,10,-1,21,11,39,12,9,6,6,0,0
match-b19fe8e4-2187,urzeitliche_kolosse,standard,1,1,0,10,4,14,12,44,10,11,4,11,0,0
match-45b7d6ac-2188,forschung_muskelkraft,standard,0,0,1,8,0,17,9,28,1,7,5,5,0,0
match-45b7d6ac-2188,urzeitliche_kolosse,standard,1,1,0,8,5,14,9,32,0,8,2,10,0,0
match-bf052769-2189,forschung_muskelkraft,standard,0,0,1,11,-1,17,12,43,16,10,9,9,0,0
match-bf052769-2189,urzeitliche_kolosse,standard,1,1,0,11,1,16,12,48,11,11,5,11,0,1
match-531d1531-2190,forschung_muskelkraft,standard,0,1,1,11,3,21,11,38,17,9,12,12,0,0
match-531d1531-2190,urzeitliche_kolosse,standard,1,0,0,11,-2,17,14,49,13,14,4,7,0,0
match-cc6a65ee-2191,forschung_muskelkraft,standard,0,1,1,13,1,22,16,59,24,14,14,11,0,0
match-cc6a65ee-2191,urzeitliche_kolosse,standard,1,0,0,13,-1,18,16,65,17,15,9,9,0,2
match-f5585f8d-2192,forschung_muskelkraft,standard,0,1,1,5,3,11,5,14,1,4,3,10,0,0
match-f5585f8d-2192,urzeitliche_kolosse,standard,1,0,0,5,0,10,5,11,1,4,1,7,0,0
match-6ea5b04b-2193,forschung_muskelkraft,standard,0,0,1,8,-1,16,8,27,1,6,3,4,0,0
match-6ea5b04b-2193,urzeitliche_kolosse,standard,1,1,0,8,6,12,7,34,1,7,1,11,0,3
match-02bd9e13-2194,forschung_muskelkraft,standard,0,1,1,8,1,18,8,30,3,7,7,13,0,0
match-02bd9e13-2194,urzeitliche_kolosse,standard,1,0,0,8,-3,12,10,35,1,9,2,9,0,1
match-7c0aeed0-2195,forschung_muskelkraft,standard,0,0,1,8,-2,14,9,28,4,7,5,6,0,0
match-7c0aeed0-2195,urzeitliche_kolosse,standard,1,1,0,8,4,14,8,33,3,8,2,12,0,0
match-1022dc98-2196,forschung_muskelkraft,standard,0,0,1,7,0,12,6,23,3,5,4,7,0,0
match-1022dc98-2196,urzeitliche_kolosse,standard,1,1,0,7,3,11,7,27,1,7,1,10,0,1
match-89702d55-2197,forschung_muskelkraft,standard,0,0,1,5,-1,14,4,13,2,4,1,0,0,0
match-89702d55-2197,urzeitliche_kolosse,standard,1,1,0,5,10,10,4,14,1,4,2,11,0,0
match-1d881b1d-2198,forschung_muskelkraft,standard,0,1,1,9,5,18,10,35,6,8,6,11,0,0
match-1d881b1d-2198,urzeitliche_kolosse,standard,1,0,0,9,-1,14,11,37,7,10,3,5,0,1
match-96d56bda-2199,forschung_muskelkraft,standard,0,0,1,9,0,16,8,26,10,6,4,4,0,0
match-96d56bda-2199,urzeitliche_kolosse,standard,1,1,0,9,6,15,7,33,3,7,1,10,0,0
match-bfc34579-2200,forschung_muskelkraft,standard,0,0,1,13,-3,23,17,65,25,15,14,8,0,0
match-bfc34579-2200,urzeitliche_kolosse,standard,1,1,0,13,2,18,16,67,16,16,10,13,0,0
match-3910b637-2201,forschung_muskelkraft,standard,0,0,1,15,0,21,16,65,44,14,14,4,0,0
match-3910b637-2201,urzeitliche_kolosse,standard,1,1,0,15,5,20,18,72,40,17,9,9,0,3
match-cd2883fe-2202,forschung_muskelkraft,standard,0,1,1,6,4,11,6,18,2,4,4,11,0,0
match-cd2883fe-2202,urzeitliche_kolosse,standard,1,0,0,6,-1,11,6,17,3,5,1,6,0,0
match-4675f4bc-2203,forschung_muskelkraft,standard,0,0,1,7,0,16,8,25,1,6,3,9,0,0
match-4675f4bc-2203,urzeitliche_kolosse,standard,1,1,0,7,1,13,6,22,2,6,3,10,0,0
match-da8dc283-2204,forschung_muskelkraft,standard,0,1,1,8,4,15,10,33,2,8,6,13,0,0
match-da8dc283-2204,urzeitliche_kolosse,standard,1,0,0,8,-3,12,11,32,4,10,3,6,0,0
match-53db3341-2205,forschung_muskelkraft,standard,0,0,1,4,-1,9,3,7,3,2,0,6,0,0
match-53db3341-2205,urzeitliche_kolosse,standard,1,1,0,4,4,9,5,10,0,4,0,11,0,0
match-e7f30108-2206,forschung_muskelkraft,standard,0,0,1,13,-2,22,13,46,32,11,11,9,0,0
match-e7f30108-2206,urzeitliche_kolosse,standard,1,1,0,13,1,18,15,61,17,14,6,12,0,0
match-614071c6-2207,forschung_muskelkraft,standard,0,1,1,9,1,17,10,36,5,8,6,12,0,0
match-614071c6-2207,urzeitliche_kolosse,standard,1,0,0,9,-2,14,11,39,5,10,3,9,0,0
match-8a2e4b65-2208,forschung_muskelkraft,standard,0,0,1,6,-1,11,5,18,3,4,3,8,0,0
match-8a2e4b65-2208,urzeitliche_kolosse,standard,1,1,0,6,2,11,7,18,2,6,2,11,0,0
match-037bbc23-2209,forschung_muskelkraft,standard,0,1,1,8,4,19,10,33,1,8,4,14,0,0
match-037bbc23-2209,urzeitliche_kolosse,standard,1,0,0,8,-4,13,8,35,1,7,3,6,0,2
match-979389ea-2210,forschung_muskelkraft,standard,0,0,1,6,0,17,6,19,1,5,2,7,0,0
match-979389ea-2210,urzeitliche_kolosse,standard,1,1,0,6,3,12,6,20,1,6,0,10,0,0
match-10e0faa8-2211,forschung_muskelkraft,standard,0,1,1,8,2,20,9,29,5,7,7,13,0,0
match-10e0faa8-2211,urzeitliche_kolosse,standard,1,0,0,8,-3,13,8,32,4,8,2,8,0,1
match-a4f8c86f-2212,forschung_muskelkraft,standard,0,1,1,15,3,21,12,48,57,10,13,9,0,0
match-a4f8c86f-2212,urzeitliche_kolosse,standard,1,0,0,15,0,21,17,71,37,16,6,6,0,3
match-1e46392d-2213,forschung_muskelkraft,standard,0,1,1,7,4,16,6,23,3,5,5,12,0,0
match-1e46392d-2213,urzeitliche_kolosse,standard,1,0,0,7,-2,12,7,25,3,7,0,6,0,0
match-b25e06f4-2214,forschung_muskelkraft,standard,0,1,1,9,1,15,6,27,10,5,3,12,0,0
match-b25e06f4-2214,urzeitliche_kolosse,standard,1,0,0,9,-2,13,8,33,11,7,0,9,0,3
match-2bab77b2-2215,forschung_muskelkraft,standard,0,0,1,10,0,21,12,45,5,10,7,6,0,0
match-2bab77b2-2215,urzeitliche_kolosse,standard,1,1,0,10,4,15,11,41,4,11,7,10,0,1
match-54995151-2216,forschung_muskelkraft,standard,0,0,1,9,-2,19,11,38,3,9,8,4,0,0
match-54995151-2216,urzeitliche_kolosse,standard,1,1,0,9,6,15,11,37,6,11,4,12,0,0
match-cde6a20e-2217,forschung_muskelkraft,standard,0,1,1,6,6,15,6,19,1,5,3,10,0,0
match-cde6a20e-2217,urzeitliche_kolosse,standard,1,0,0,6,0,12,6,19,1,5,1,4,0,0
match-61fe8fd6-2218,forschung_muskelkraft,standard,0,1,1,7,4,14,7,25,2,6,4,12,0,0
match-61fe8fd6-2218,urzeitliche_kolosse,standard,1,0,0,7,-2,12,6,24,4,6,2,6,0,0
match-db4be093-2219,forschung_muskelkraft,standard,0,0,1,10,-4,22,14,51,4,12,6,3,0,0
match-db4be093-2219,urzeitliche_kolosse,standard,1,1,0,10,7,15,12,52,2,11,8,14,0,0
match-6f63ce5b-2220,forschung_muskelkraft,standard,0,1,1,16,2,23,9,35,85,7,15,7,0,0
match-6f63ce5b-2220,urzeitliche_kolosse,standard,1,0,0,16,0,20,19,76,48,18,2,5,0,0
match-e8b13f18-2221,forschung_muskelkraft,standard,0,1,1,8,4,17,7,26,2,7,8,10,0,0
match-e8b13f18-2221,urzeitliche_kolosse,standard,1,0,0,8,0,12,10,30,2,9,2,6,0,1
match-7cc90ce0-2222,forschung_muskelkraft,standard,0,1,1,12,3,23,15,59,7,13,11,15,0,0
match-7cc90ce0-2222,urzeitliche_kolosse,standard,1,0,0,12,-5,18,15,51,19,14,8,7,0,3
match-f6167d9d-2223,forschung_muskelkraft,standard,0,1,1,7,7,16,8,27,1,6,3,10,0,0
match-f6167d9d-2223,urzeitliche_kolosse,standard,1,0,0,7,0,11,7,25,3,6,3,3,0,0
match-1f04573d-2224,forschung_muskelkraft,standard,0,1,1,11,1,23,13,50,11,11,10,10,0,0
match-1f04573d-2224,urzeitliche_kolosse,standard,1,0,0,11,0,16,14,53,9,13,6,9,0,0
match-9851a7fa-2225,forschung_muskelkraft,standard,0,1,1,6,6,15,6,20,1,5,4,11,0,0
match-9851a7fa-2225,urzeitliche_kolosse,standard,1,0,0,6,-1,11,5,17,3,5,2,4,0,0
match-2c6995c2-2226,forschung_muskelkraft,standard,0,1,1,7,6,13,8,27,1,6,3,11,0,0
match-2c6995c2-2226,urzeitliche_kolosse,standard,1,0,0,7,-1,12,6,24,4,6,2,4,0,1
match-a5b6e67f-2227,forschung_muskelkraft,standard,0,1,1,6,4,12,5,17,2,5,2,10,0,0
match-a5b6e67f-2227,urzeitliche_kolosse,standard,1,0,0,6,0,11,4,15,5,4,2,6,0,1
match-39ced447-2228,forschung_muskelkraft,standard,0,0,1,10,0,20,12,43,2,10,9,7,0,0
match-39ced447-2228,urzeitliche_kolosse,standard,1,1,0,10,3,14,12,41,8,11,7,10,0,0
match-b31c2504-2229,forschung_muskelkraft,standard,0,1,1,8,1,15,8,26,2,6,4,11,0,0
match-b31c2504-2229,urzeitliche_kolosse,standard,1,0,0,8,-1,14,8,31,5,7,1,9,0,0
match-473412cc-2230,forschung_muskelkraft,standard,0,0,1,15,0,22,19,73,40,17,14,9,0,0
match-473412cc-2230,urzeitliche_kolosse,standard,1,1,0,15,1,18,18,68,41,17,12,10,0,1
match-c0816389-2231,forschung_muskelkraft,standard,0,0,1,11,0,20,12,45,16,10,8,7,0,0
match-c0816389-2231,urzeitliche_kolosse,standard,1,1,0,11,3,17,12,53,7,12,5,10,0,0
match-e96f5d28-2232,forschung_muskelkraft,standard,0,1,1,7,3,16,8,25,1,7,7,10,0,0
match-e96f5d28-2232,urzeitliche_kolosse,standard,1,0,0,7,0,13,9,27,1,8,2,7,0,0
match-62bcade6-2233,forschung_muskelkraft,standard,0,0,1,5,-1,11,2,7,8,2,3,0,0,0
match-62bcade6-2233,urzeitliche_kolosse,standard,1,1,0,5,10,9,5,15,0,5,1,11,0,0
match-f6d49bad-2234,forschung_muskelkraft,standard,0,1,1,11,3,16,10,42,17,9,10,10,0,0
match-f6d49bad-2234,urzeitliche_kolosse,standard,1,0,0,11,0,16,14,48,10,13,4,7,0,2
match-7021ec6b-2235,forschung_muskelkraft,standard,0,1,1,7,6,17,7,26,2,7,4,10,0,0
match-7021ec6b-2235,urzeitliche_kolosse,standard,1,0,0,7,0,13,7,26,2,7,2,4,0,1
match-0439da33-2236,forschung_muskelkraft,standard,0,1,1,5,6,13,5,14,1,4,0,10,0,0
match-0439da33-2236,urzeitliche_kolosse,standard,1,0,0,5,0,10,3,11,4,3,1,4,0,0
match-7d872af0-2237,forschung_muskelkraft,standard,0,0,1,8,-3,14,9,32,4,8,5,5,0,0
match-7d872af0-2237,urzeitliche_kolosse,standard,1,1,0,8,5,13,9,31,4,8,3,13,0,0
match-119f18b8-2238,forschung_muskelkraft,standard,0,0,1,10,-3,19,10,39,6,9,6,7,0,0
match-119f18b8-2238,urzeitliche_kolosse,standard,1,1,0,10,3,14,9,39,9,9,4,13,0,0
match-8aec6975-2239,forschung_muskelkraft,standard,0,0,1,10,-5,20,11,42,10,10,5,8,0,0
match-8aec6975-2239,urzeitliche_kolosse,standard,1,1,0,10,2,15,11,44,6,10,5,15,0,0
match-b3da4314-2240,forschung_muskelkraft,standard,0,0,1,6,0,12,6,20,1,5,4,3,0,0
match-b3da4314-2240,urzeitliche_kolosse,standard,1,1,0,6,7,12,6,20,1,6,1,10,0,0
match-2d27b3d2-2241,forschung_muskelkraft,standard,0,0,1,6,-2,15,5,18,2,5,5,2,0,0
match-2d27b3d2-2241,urzeitliche_kolosse,standard,1,1,0,6,8,11,8,20,1,8,3,12,0,0
match-c13f8199-2242,forschung_muskelkraft,standard,0,0,1,11,0,19,13,47,8,11,8,0,0,0
match-c13f8199-2242,urzeitliche_kolosse,standard,1,1,0,11,10,16,13,53,13,12,6,10,0,1
match-3a8cf257-2243,forschung_muskelkraft,standard,0,1,1,10,6,14,8,30,15,6,6,14,0,0
match-3a8cf257-2243,urzeitliche_kolosse,standard,1,0,0,10,-4,16,10,43,10,9,1,4,0,5
match-cea4c01e-2244,forschung_muskelkraft,standard,0,1,1,6,4,13,6,19,2,5,4,11,0,0
match-cea4c01e-2244,urzeitliche_kolosse,standard,1,0,0,6,-1,10,7,19,1,7,1,6,0,1
match-47f230dc-2245,forschung_muskelkraft,standard,0,1,1,16,1,22,17,67,61,15,13,7,0,0
match-47f230dc-2245,urzeitliche_kolosse,standard,1,0,0,16,0,20,19,71,53,18,10,6,0,0
match-dc0a1ea3-2246,forschung_muskelkraft,standard,0,0,1,3,0,9,3,5,1,2,0,3,0,0
match-dc0a1ea3-2246,urzeitliche_kolosse,standard,1,1,0,3,7,8,3,4,1,2,0,10,0,0
match-55576f61-2247,forschung_muskelkraft,standard,0,0,1,7,0,16,8,27,1,6,6,4,0,0
match-55576f61-2247,urzeitliche_kolosse,standard,1,1,0,7,6,12,9,25,0,9,3,10,0,0
match-7e454900-2248,forschung_muskelkraft,standard,0,1,1,7,5,14,7,25,1,6,4,10,0,0
match-7e454900-2248,urzeitliche_kolosse,standard,1,0,0,7,0,13,6,25,3,5,1,5,0,1
match-f792b9bd-2249,forschung_muskelkraft,standard,0,0,1,5,-2,11,5,14,1,4,1,8,0,0
match-f792b9bd-2249,urzeitliche_kolosse,standard,1,1,0,5,2,10,4,12,3,3,1,12,0,0
match-8baa8785-2250,forschung_muskelkraft,standard,0,0,1,8,-3,15,8,28,6,7,4,7,0,0
match-8baa8785-2250,urzeitliche_kolosse,standard,1,1,0,8,3,12,9,35,1,9,3,13,0,1
match-04f7f843-2251,forschung_muskelkraft,standard,0,0,1,6,-2,17,5,18,2,5,1,0,0,0
match-04f7f843-2251,urzeitliche_kolosse,standard,1,1,0,6,10,12,5,18,3,5,3,12,0,2
match-990fc60a-2252,forschung_muskelkraft,standard,0,0,1,7,0,15,9,26,1,7,3,7,0,0
match-990fc60a-2252,urzeitliche_kolosse,standard,1,1,0,7,3,12,8,26,2,7,4,10,0,0
match-125d36c8-2253,forschung_muskelkraft,standard,0,0,1,10,-3,18,10,41,10,9,8,9,0,0
match-125d36c8-2253,urzeitliche_kolosse,standard,1,1,0,10,1,14,13,50,5,13,4,13,0,0
match-a675048f-2254,forschung_muskelkraft,standard,0,0,1,9,-2,19,8,30,12,7,6,2,0,0
match-a675048f-2254,urzeitliche_kolosse,standard,1,1,0,9,8,12,10,40,3,9,2,12,0,0
match-1fc2754d-2255,forschung_muskelkraft,standard,0,0,1,7,-1,17,7,26,2,7,4,8,0,0
match-1fc2754d-2255,urzeitliche_kolosse,standard,1,1,0,7,2,11,9,27,0,8,2,11,0,0
match-48b04eec-2256,forschung_muskelkraft,standard,0,1,1,11,7,20,11,43,12,10,11,10,0,0
match-48b04eec-2256,urzeitliche_kolosse,standard,1,0,0,11,0,16,14,51,12,13,5,3,0,0
match-c1fdbfa9-2257,forschung_muskelkraft,standard,0,0,1,8,0,15,8,27,1,7,4,8,0,0
match-c1fdbfa9-2257,urzeitliche_kolosse,standard,1,1,0,8,2,14,8,28,6,7,2,10,0,0
match-56158d71-2258,forschung_muskelkraft,standard,0,1,1,12,6,23,14,55,21,12,11,13,0,0
match-56158d71-2258,urzeitliche_kolosse,standard,1,0,0,12,-3,17,15,58,17,15,7,4,0,2
match-cf62fe2e-2259,forschung_muskelkraft,standard,0,1,1,5,4,12,5,12,3,4,1,13,0,0
match-cf62fe2e-2259,urzeitliche_kolosse,standard,1,0,0,5,-3,9,5,15,0,4,1,6,0,1
match-637acbf6-2260,forschung_muskelkraft,standard,0,1,1,15,4,23,18,71,38,16,15,12,0,0
match-637acbf6-2260,urzeitliche_kolosse,standard,1,0,0,15,-2,19,18,72,37,17,11,6,0,2
match-dcc83cb3-2261,forschung_muskelkraft,standard,0,0,1,7,0,15,5,22,6,5,1,0,0,0
match-dcc83cb3-2261,urzeitliche_kolosse,standard,1,1,0,7,10,12,6,25,3,6,1,10,0,3
match-70e00a7b-2262,forschung_muskelkraft,standard,0,1,1,6,1,14,5,17,3,4,2,13,0,0
match-70e00a7b-2262,urzeitliche_kolosse,standard,1,0,0,6,-3,11,5,16,3,5,0,9,0,0
match-ea2d7b38-2263,forschung_muskelkraft,standard,0,0,1,5,-2,14,4,12,3,3,1,0,0,0
match-ea2d7b38-2263,urzeitliche_kolosse,standard,1,1,0,5,10,11,5,13,0,5,0,12,0,1
match-131b54d8-2264,forschung_muskelkraft,standard,0,0,1,7,-1,15,6,24,3,5,2,3,0,0
match-131b54d8-2264,urzeitliche_kolosse,standard,1,1,0,7,7,14,5,21,3,5,1,11,0,1
match-8c68a595-2265,forschung_muskelkraft,standard,0,0,1,9,-2,15,9,32,5,8,7,9,0,0
match-8c68a595-2265,urzeitliche_kolosse,standard,1,1,0,9,1,13,10,41,2,10,3,12,0,0
match-2080935d-2266,forschung_muskelkraft,standard,0,0,1,15,0,23,18,71,42,16,14,6,0,0
match-2080935d-2266,urzeitliche_kolosse,standard,1,1,0,15,3,20,18,68,42,17,12,9,0,2
match-99cde41a-2267,forschung_muskelkraft,standard,0,0,1,11,-1,21,9,32,23,7,4,6,0,0
match-99cde41a-2267,urzeitliche_kolosse,standard,1,1,0,11,4,17,8,31,24,8,2,11,0,6
match-2de5d1e2-2268,forschung_muskelkraft,standard,0,1,1,11,1,23,13,51,15,12,13,10,0,0
match-2de5d1e2-2268,urzeitliche_kolosse,standard,1,0,0,11,0,17,14,50,9,14,7,9,0,0
match-a733229f-2269,forschung_muskelkraft,standard,0,1,1,6,6,12,6,20,1,5,4,11,0,0
match-a733229f-2269,urzeitliche_kolosse,standard,1,0,0,6,-1,11,6,19,0,6,1,4,0,1
match-3b4b1067-2270,forschung_muskelkraft,standard,0,1,1,9,5,19,10,40,5,9,9,12,0,0
match-3b4b1067-2270,urzeitliche_kolosse,standard,1,0,0,9,-2,15,12,33,6,11,4,5,0,0
match-b4986124-2271,forschung_muskelkraft,standard,0,1,1,16,2,22,16,63,61,14,12,7,0,0
match-b4986124-2271,urzeitliche_kolosse,standard,1,0,0,16,0,20,18,69,59,17,10,5,0,1
match-dd865ac3-2272,forschung_muskelkraft,standard,0,1,1,5,2,11,4,12,3,3,0,10,0,0
match-dd865ac3-2272,urzeitliche_kolosse,standard,1,0,0,5,0,11,5,11,1,4,0,8,0,0
match-56d3ab81-2273,forschung_muskelkraft,standard,0,0,1,3,0,7,3,4,1,1,0,3,0,0
match-56d3ab81-2273,urzeitliche_kolosse,standard,1,1,0,3,7,8,3,6,0,2,0,10,0,0
match-eaeb9948-2274,forschung_muskelkraft,standard,0,1,1,10,3,17,9,35,15,8,9,12,0,0
match-eaeb9948-2274,urzeitliche_kolosse,standard,1,0,0,10,-2,15,11,42,7,10,4,7,0,1
match-6438ea06-2275,forschung_muskelkraft,standard,0,0,1,13,-2,22,19,73,17,17,11,9,0,0
match-6438ea06-2275,urzeitliche_kolosse,standard,1,1,0,13,1,19,16,63,21,15,13,12,0,1
match-f850d7cd-2276,forschung_muskelkraft,standard,0,1,1,13,1,22,13,53,25,11,13,14,0,0
match-f850d7cd-2276,urzeitliche_kolosse,standard,1,0,0,13,-4,18,16,64,19,15,6,9,0,0
match-719e288b-2277,forschung_muskelkraft,standard,0,1,1,8,2,18,8,27,2,7,6,10,0,0
match-719e288b-2277,urzeitliche_kolosse,standard,1,0,0,8,0,12,8,33,3,7,3,8,0,2
match-05b61653-2278,forschung_muskelkraft,standard,0,0,1,9,-4,18,9,32,10,7,4,8,0,0
match-05b61653-2278,urzeitliche_kolosse,standard,1,1,0,9,2,14,8,38,4,8,2,14,0,2
match-7f036710-2279,forschung_muskelkraft,standard,0,1,1,6,2,11,7,20,1,5,3,11,0,0
match-7f036710-2279,urzeitliche_kolosse,standard,1,0,0,6,-1,11,6,20,1,6,2,8,0,1
match-a7f140af-2280,forschung_muskelkraft,standard,0,1,1,16,1,23,15,61,64,13,16,10,0,0
match-a7f140af-2280,urzeitliche_kolosse,standard,1,0,0,16,-1,20,19,70,54,18,9,8,0,1
match-213eb16d-2281,forschung_muskelkraft,standard,0,1,1,11,1,21,14,53,2,12,10,14,0,0
match-213eb16d-2281,urzeitliche_kolosse,standard,1,0,0,11,-4,16,14,48,15,13,7,9,0,2
match-b5569f34-2282,forschung_muskelkraft,standard,0,0,1,8,-2,19,8,27,2,7,4,4,0,0
match-b5569f34-2282,urzeitliche_kolosse,standard,1,1,0,8,6,13,7,30,6,7,2,12,0,0
match-2ea3eff2-2283,forschung_muskelkraft,standard,0,1,1,7,4,18,7,24,4,6,6,11,0,0
match-2ea3eff2-2283,urzeitliche_kolosse,standard,1,0,0,7,-1,12,8,22,2,7,2,6,0,0
match-c2bbddb9-2284,forschung_muskelkraft,standard,0,0,1,9,0,18,10,33,3,8,5,4,0,0
match-c2bbddb9-2284,urzeitliche_kolosse,standard,1,1,0,9,6,15,9,33,3,8,4,10,0,3
match-3c092e77-2285,forschung_muskelkraft,standard,0,0,1,8,0,15,8,31,4,8,5,0,0,0
match-3c092e77-2285,urzeitliche_kolosse,standard,1,1,0,8,10,13,10,34,2,9,4,10,0,0
match-d0211c3e-2286,forschung_muskelkraft,standard,0,1,1,8,6,18,8,25,3,6,5,11,0,0
match-d0211c3e-2286,urzeitliche_kolosse,standard,1,0,0,8,-1,12,9,32,4,9,1,4,0,1
match-496e6cfc-2287,forschung_muskelkraft,standard,0,1,1,8,2,18,8,28,6,6,6,13,0,0
match-496e6cfc-2287,urzeitliche_kolosse,standard,1,0,0,8,-3,14,8,33,3,8,1,8,0,0
match-725c469b-2288,forschung_muskelkraft,standard,0,0,1,10,0,21,10,37,13,8,4,8,0,0
match-725c469b-2288,urzeitliche_kolosse,standard,1,1,0,10,2,15,10,42,5,9,3,10,0,0
match-eba9b758-2289,forschung_muskelkraft,standard,0,1,1,6,6,12,4,17,4,4,4,10,0,0
match-eba9b758-2289,urzeitliche_kolosse,standard,1,0,0,6,0,10,7,20,1,7,1,4,0,0
match-7fc18520-2290,forschung_muskelkraft,standard,0,1,1,11,4,20,12,44,22,10,8,11,0,0
match-7fc18520-2290,urzeitliche_kolosse,standard,1,0,0,11,-1,16,11,49,6,10,6,6,0,1
match-f90ef5dd-2291,forschung_muskelkraft,standard,0,0,1,9,-3,19,10,37,5,8,9,8,0,0
match-f90ef5dd-2291,urzeitliche_kolosse,standard,1,1,0,9,2,13,11,43,0,11,3,13,0,0
match-8d26c3a5-2292,forschung_muskelkraft,standard,0,0,1,6,-1,13,6,19,2,4,3,6,0,0
match-8d26c3a5-2292,urzeitliche_kolosse,standard,1,1,0,6,4,11,6,18,2,6,1,11,0,1
match-06743463-2293,forschung_muskelkraft,standard,0,0,1,8,-2,15,6,20,8,5,3,9,0,0
match-06743463-2293,urzeitliche_kolosse,standard,1,1,0,8,1,13,8,31,3,8,0,12,0,1
match-9a8c022a-2294,forschung_muskelkraft,standard,0,,1,15,0,23,18,69,44,16,12,9,0,0
match-9a8c022a-2294,urzeitliche_kolosse,standard,1,,0,15,0,20,17,66,44,16,13,9,0,1
match-13d972e8-2295,forschung_muskelkraft,standard,0,1,1,6,6,16,7,20,1,5,4,10,0,0
match-13d972e8-2295,urzeitliche_kolosse,standard,1,0,0,6,0,12,7,18,1,6,1,4,0,1
match-3cc74c87-2296,forschung_muskelkraft,standard,0,1,1,6,2,13,5,19,2,5,2,11,0,0
match-3cc74c87-2296,urzeitliche_kolosse,standard,1,0,0,6,-1,12,5,16,3,5,2,8,0,1
match-b614bd44-2297,forschung_muskelkraft,standard,0,1,1,8,1,16,8,27,2,7,8,13,0,0
match-b614bd44-2297,urzeitliche_kolosse,standard,1,0,0,8,-3,12,10,36,0,9,3,9,0,0
match-4a2c8b0c-2298,forschung_muskelkraft,standard,0,1,1,5,4,12,4,13,2,4,3,10,0,0
match-4a2c8b0c-2298,urzeitliche_kolosse,standard,1,0,0,5,0,10,4,11,4,4,1,6,0,0
match-c379fbc9-2299,forschung_muskelkraft,standard,0,1,1,7,5,19,8,26,2,7,4,11,0,0
match-c379fbc9-2299,urzeitliche_kolosse,standard,1,0,0,7,-1,12,7,26,2,7,3,5,0,0
match-5791c991-2300,forschung_muskelkraft,standard,0,0,1,9,0,20,8,31,11,7,5,4,0,0
match-5791c991-2300,urzeitliche_kolosse,standard,1,1,0,9,6,14,9,40,3,9,2,10,0,0
match-d0df3a4e-2301,forschung_muskelkraft,standard,0,0,1,7,-1,15,8,26,1,6,3,0,0,0
match-d0df3a4e-2301,urzeitliche_kolosse,standard,1,1,0,7,10,12,6,26,2,6,4,11,0,0
match-64f70816-2302,forschung_muskelkraft,standard,0,0,1,12,-1,20,13,49,17,11,7,7,0,0
match-64f70816-2302,urzeitliche_kolosse,standard,1,1,0,12,3,17,12,40,29,11,7,11,0,1
match-de4478d3-2303,forschung_muskelkraft,standard,0,1,1,10,1,19,12,40,11,10,7,10,0,0
match-de4478d3-2303,urzeitliche_kolosse,standard,1,0,0,10,0,14,12,50,3,12,5,9,0,1
match-07325273-2304,forschung_muskelkraft,standard,0,0,1,5,0,11,4,13,2,4,1,0,0,0
match-07325273-2304,urzeitliche_kolosse,standard,1,1,0,5,10,11,4,14,1,4,1,10,0,0
match-807fa330-2305,forschung_muskelkraft,standard,0,1,1,7,6,14,8,26,1,6,6,13,0,0
match-807fa330-2305,urzeitliche_kolosse,standard,1,0,0,7,-3,11,9,23,0,8,1,4,0,0
match-149790f8-2306,forschung_muskelkraft,standard,0,1,1,7,10,14,9,27,1,7,4,13,0,0
match-149790f8-2306,urzeitliche_kolosse,standard,1,0,0,7,-3,11,6,24,4,6,2,0,0,0
match-8de4e1b5-2307,forschung_muskelkraft,standard,0,0,1,9,-3,20,9,37,5,8,6,8,0,0
match-8de4e1b5-2307,urzeitliche_kolosse,standard,1,1,0,9,2,15,10,38,2,9,4,13,0,3
match-21fccf7d-2308,forschung_muskelkraft,standard,0,1,1,10,4,17,9,34,11,7,6,13,0,0
match-21fccf7d-2308,urzeitliche_kolosse,standard,1,0,0,10,-3,17,10,40,15,10,2,6,0,2
match-9b4a203a-2309,forschung_muskelkraft,standard,0,0,1,8,-2,15,9,31,3,7,5,9,0,0
match-9b4a203a-2309,urzeitliche_kolosse,standard,1,1,0,8,1,13,8,33,3,8,2,12,0,1
match-2f620e02-2310,forschung_muskelkraft,standard,0,1,1,5,4,12,4,12,3,3,0,11,0,0
match-2f620e02-2310,urzeitliche_kolosse,standard,1,0,0,5,-1,9,3,11,4,3,0,6,0,0
match-a8af7ebf-2311,forschung_muskelkraft,standard,0,0,1,5,-1,12,2,9,6,2,0,2,0,0
match-a8af7ebf-2311,urzeitliche_kolosse,standard,1,1,0,5,8,11,5,15,0,4,0,11,0,0
match-d19d585e-2312,forschung_muskelkraft,standard,0,0,1,12,-1,22,8,26,40,6,7,7,0,0
match-d19d585e-2312,urzeitliche_kolosse,standard,1,1,0,12,3,16,13,44,26,12,1,11,0,0
match-4aeaa91c-2313,forschung_muskelkraft,standard,0,1,1,13,4,23,11,43,41,9,15,12,0,0
match-4aeaa91c-2313,urzeitliche_kolosse,standard,1,0,0,13,-2,18,15,63,15,15,4,6,0,1
match-df0296e3-2314,forschung_muskelkraft,standard,0,1,1,10,4,21,11,44,7,10,9,10,0,0
match-df0296e3-2314,urzeitliche_kolosse,standard,1,0,0,10,0,15,12,46,7,11,5,6,0,3
match-584fe7a1-2315,forschung_muskelkraft,standard,0,1,1,8,3,19,9,31,2,8,5,11,0,0
match-584fe7a1-2315,urzeitliche_kolosse,standard,1,0,0,8,-1,13,8,31,5,8,3,7,0,0
match-ec67d568-2316,forschung_muskelkraft,standard,0,0,1,11,-1,20,12,46,14,10,10,6,0,0
match-ec67d568-2316,urzeitliche_kolosse,standard,1,1,0,11,4,16,14,47,12,13,8,11,0,2
match-65b52626-2317,forschung_muskelkraft,standard,0,1,1,11,3,21,12,45,16,10,12,14,0,0
match-65b52626-2317,urzeitliche_kolosse,standard,1,0,0,11,-4,16,14,53,10,13,6,7,0,1
match-f9cd13ed-2318,forschung_muskelkraft,standard,0,0,1,5,0,13,4,10,5,3,2,3,0,0
match-f9cd13ed-2318,urzeitliche_kolosse,standard,1,1,0,5,7,11,6,15,0,5,1,10,0,0
match-731a64ab-2319,forschung_muskelkraft,standard,0,0,1,5,0,12,5,14,1,4,2,2,0,0
match-731a64ab-2319,urzeitliche_kolosse,standard,1,1,0,5,8,11,6,15,0,6,1,10,0,0
match-9c085e4a-2320,forschung_muskelkraft,standard,0,1,1,12,3,23,10,41,30,9,8,12,0,0
match-9c085e4a-2320,urzeitliche_kolosse,standard,1,0,0,12,-2,18,14,51,22,13,4,7,0,2
match-1555af08-2321,forschung_muskelkraft,standard,0,1,1,7,1,15,8,27,1,7,4,13,0,0
match-1555af08-2321,urzeitliche_kolosse,standard,1,0,0,7,-3,13,7,25,3,7,4,9,0,0
match-a96d9ccf-2322,forschung_muskelkraft,standard,0,0,1,10,-1,20,14,51,4,12,7,6,0,0
match-a96d9ccf-2322,urzeitliche_kolosse,standard,1,1,0,10,4,15,11,40,5,11,9,11,0,0
match-22baed8d-2323,forschung_muskelkraft,standard,0,1,1,6,6,12,7,20,1,5,4,12,0,0
match-22baed8d-2323,urzeitliche_kolosse,standard,1,0,0,6,-2,10,6,19,2,6,2,4,0,1
match-b6d2db54-2324,forschung_muskelkraft,standard,0,0,1,9,0,19,8,29,9,6,6,9,0,0
match-b6d2db54-2324,urzeitliche_kolosse,standard,1,1,0,9,1,14,11,43,2,10,1,10,0,1
match-30202c12-2325,forschung_muskelkraft,standard,0,1,1,6,5,11,6,20,1,5,1,10,0,0
match-30202c12-2325,urzeitliche_kolosse,standard,1,0,0,6,0,10,4,17,3,4,1,5,0,1
match-c43819d9-2326,forschung_muskelkraft,standard,0,0,1,7,-2,14,8,26,2,6,4,7,0,0
match-c43819d9-2326,urzeitliche_kolosse,standard,1,1,0,7,3,12,7,24,3,7,3,12,0,1
match-3d856a97-2327,forschung_muskelkraft,standard,0,0,1,6,0,12,5,17,3,4,3,4,0,0
match-3d856a97-2327,urzeitliche_kolosse,standard,1,1,0,6,6,12,5,20,1,5,1,10,0,1
match-66734436-2328,forschung_muskelkraft,standard,0,1,1,11,5,22,12,44,16,10,11,12,0,0
match-66734436-2328,urzeitliche_kolosse,standard,1,0,0,11,-2,16,14,50,9,13,5,5,0,0
match-dfc0b4f3-2329,forschung_muskelkraft,standard,0,1,1,9,4,16,6,24,12,5,4,11,0,0
match-dfc0b4f3-2329,urzeitliche_kolosse,standard,1,0,0,9,-1,15,8,34,10,8,0,6,0,2
match-73d882bb-2330,forschung_muskelkraft,standard,0,0,1,16,-5,23,18,71,55,16,14,8,0,0
match-73d882bb-2330,urzeitliche_kolosse,standard,1,1,0,16,1,22,19,73,54,18,11,14,0,2
match-ed25f378-2331,forschung_muskelkraft,standard,0,0,1,9,-3,16,9,30,11,7,4,0,0,0
match-ed25f378-2331,urzeitliche_kolosse,standard,1,1,0,9,10,15,10,34,6,9,2,13,0,1
match-813dc140-2332,forschung_muskelkraft,standard,0,1,1,7,4,14,7,25,2,6,6,12,0,0
match-813dc140-2332,urzeitliche_kolosse,standard,1,0,0,7,-2,13,8,27,1,7,3,6,0,1
match-fa8b31fd-2333,forschung_muskelkraft,standard,0,1,1,10,10,17,12,44,7,10,11,17,0,0
match-fa8b31fd-2333,urzeitliche_kolosse,standard,1,0,0,10,-7,16,12,49,4,11,6,0,0,1
match-8ea31fc5-2334,forschung_muskelkraft,standard,0,1,1,9,6,17,8,33,10,6,4,11,0,0
match-8ea31fc5-2334,urzeitliche_kolosse,standard,1,0,0,9,-1,15,8,32,11,8,1,4,0,2
match-07f07083-2335,forschung_muskelkraft,standard,0,1,1,10,6,18,11,41,8,10,11,10,0,0
match-07f07083-2335,urzeitliche_kolosse,standard,1,0,0,10,0,15,13,39,11,12,6,4,0,0
match-30de4a22-2336,forschung_muskelkraft,standard,0,1,1,8,4,19,8,27,2,7,5,10,0,0
match-30de4a22-2336,urzeitliche_kolosse,standard,1,0,0,8,0,12,8,29,7,8,2,6,0,0
match-aa2bbadf-2337,forschung_muskelkraft,standard,0,1,1,12,2,22,12,48,18,10,12,17,0,0
match-aa2bbadf-2337,urzeitliche_kolosse,standard,1,0,0,12,-7,18,15,55,17,14,5,8,0,2
match-3e4388a7-2338,forschung_muskelkraft,standard,0,0,1,6,-1,12,6,20,1,5,2,5,0,0
match-3e4388a7-2338,urzeitliche_kolosse,standard,1,1,0,6,5,11,5,20,1,5,2,11,0,1
match-b790f964-2339,forschung_muskelkraft,standard,0,1,1,7,6,12,8,26,1,6,5,13,0,0
match-b790f964-2339,urzeitliche_kolosse,standard,1,0,0,7,-3,12,7,23,3,6,3,4,0,1
match-4ba8c72c-2340,forschung_muskelkraft,standard,0,0,1,8,0,17,9,32,2,8,6,4,0,0
match-4ba8c72c-2340,urzeitliche_kolosse,standard,1,1,0,8,6,13,10,33,2,9,3,10,0,0
match-c4f637e9-2341,forschung_muskelkraft,standard,0,0,1,8,-2,13,7,25,3,5,5,9,0,0
match-c4f637e9-2341,urzeitliche_kolosse,standard,1,1,0,8,1,13,8,34,2,8,0,12,0,0
match-590e05b1-2342,forschung_muskelkraft,standard,0,1,1,8,2,19,8,30,3,7,4,11,0,0
match-590e05b1-2342,urzeitliche_kolosse,standard,1,0,0,8,-1,13,8,34,2,8,3,8,0,1
match-d25b766e-2343,forschung_muskelkraft,standard,0,0,1,6,-3,13,6,18,3,4,1,7,0,0
match-d25b766e-2343,urzeitliche_kolosse,standard,1,1,0,6,3,10,6,19,2,5,0,13,0,0
match-fb49500d-2344,forschung_muskelkraft,standard,0,1,1,10,3,22,11,43,8,10,9,12,0,0
match-fb49500d-2344,urzeitliche_kolosse,standard,1,0,0,10,-2,16,13,46,4,13,5,7,0,3
match-7496a0cb-2345,forschung_muskelkraft,standard,0,0,1,8,-3,16,9,33,2,8,5,0,0,0
match-7496a0cb-2345,urzeitliche_kolosse,standard,1,1,0,8,10,12,10,32,1,9,4,13,0,1
match-08ae8e93-2346,forschung_muskelkraft,standard,0,1,1,16,1,23,18,71,53,16,13,8,0,0
match-08ae8e93-2346,urzeitliche_kolosse,standard,1,0,0,16,-1,22,18,73,56,17,12,6,0,2
match-81fbff50-2347,forschung_muskelkraft,standard,0,0,1,13,-2,22,13,51,27,11,12,7,0,0
match-81fbff50-2347,urzeitliche_kolosse,standard,1,1,0,13,3,19,15,63,15,15,7,12,0,1
match-1613cd18-2348,forschung_muskelkraft,standard,0,1,1,8,1,17,7,25,3,6,7,10,0,0
match-1613cd18-2348,urzeitliche_kolosse,standard,1,0,0,8,0,13,10,35,1,10,1,9,0,1
match-8f613dd5-2349,forschung_muskelkraft,standard,0,0,1,5,-2,14,5,14,1,4,0,6,0,0
match-8f613dd5-2349,urzeitliche_kolosse,standard,1,1,0,5,4,10,4,12,3,3,1,12,0,0
match-23790b9d-2350,forschung_muskelkraft,standard,0,0,1,9,-1,20,10,40,5,10,6,7,0,0
match-23790b9d-2350,urzeitliche_kolosse,standard,1,1,0,9,3,14,10,42,3,10,7,11,0,1
match-9cc67c5a-2351,forschung_muskelkraft,standard,0,0,1,9,0,21,11,37,8,9,6,4,0,0
match-9cc67c5a-2351,urzeitliche_kolosse,standard,1,1,0,9,6,14,11,41,2,10,4,10,0,2
match-c5b455f9-2352,forschung_muskelkraft,standard,0,0,1,9,-2,17,9,31,5,7,7,9,0,0
match-c5b455f9-2352,urzeitliche_kolosse,standard,1,1,0,9,1,14,9,33,3,9,2,12,0,1
match-3f01a6b7-2353,forschung_muskelkraft,standard,0,0,1,5,0,13,4,12,3,3,0,7,0,0
match-3f01a6b7-2353,urzeitliche_kolosse,standard,1,1,0,5,3,10,5,15,0,4,0,10,0,0
match-d319947e-2354,forschung_muskelkraft,standard,0,0,1,16,0,22,12,48,72,10,13,6,0,0
match-d319947e-2354,urzeitliche_kolosse,standard,1,1,0,16,1,22,17,65,60,16,6,7,0,0
match-4c66e53c-2355,forschung_muskelkraft,standard,0,0,1,10,0,20,11,38,17,9,7,5,0,0
match-4c66e53c-2355,urzeitliche_kolosse,standard,1,1,0,10,5,15,12,49,1,12,7,10,0,2
match-e07ed303-2356,forschung_muskelkraft,standard,0,1,1,6,3,14,5,18,2,5,3,11,0,0
match-e07ed303-2356,urzeitliche_kolosse,standard,1,0,0,6,-1,11,6,19,1,6,1,7,0,0
match-59cc23c1-2357,forschung_muskelkraft,standard,0,0,1,5,-4,11,4,12,3,3,0,3,0,0
match-59cc23c1-2357,urzeitliche_kolosse,standard,1,1,0,5,7,10,4,14,1,4,0,14,0,0
match-ede41188-2358,forschung_muskelkraft,standard,0,1,1,8,7,16,9,31,2,7,5,11,0,0
match-ede41188-2358,urzeitliche_kolosse,standard,1,0,0,8,-1,13,8,32,1,7,3,3,0,0
match-67316246-2359,forschung_muskelkraft,standard,0,1,1,15,7,22,19,73,34,17,13,13,0,0
match-67316246-2359,urzeitliche_kolosse,standard,1,0,0,15,-3,20,18,67,46,17,13,3,0,4
match-901f5be5-2360,forschung_muskelkraft,standard,0,0,1,10,0,16,10,36,14,8,7,7,0,0
match-901f5be5-2360,urzeitliche_kolosse,standard,1,1,0,10,3,14,12,43,9,11,3,10,0,0
match-096caca3-2361,forschung_muskelkraft,standard,0,,1,15,0,21,18,69,36,16,16,9,0,0
match-096caca3-2361,urzeitliche_kolosse,standard,1,,0,15,0,19,18,70,39,17,12,9,0,1
match-9d849a6a-2362,forschung_muskelkraft,standard,0,1,1,9,7,20,9,37,5,8,9,11,0,0
match-9d849a6a-2362,urzeitliche_kolosse,standard,1,0,0,9,-1,15,11,40,4,11,3,3,0,2
match-16d1eb28-2363,forschung_muskelkraft,standard,0,0,1,4,0,9,4,9,1,3,2,3,0,0
match-16d1eb28-2363,urzeitliche_kolosse,standard,1,1,0,4,7,9,4,9,0,4,0,10,0,0
match-aae9d8ef-2364,forschung_muskelkraft,standard,0,0,1,6,-3,12,5,18,3,4,3,2,0,0
match-aae9d8ef-2364,urzeitliche_kolosse,standard,1,1,0,6,8,11,5,19,2,5,0,13,0,0
match-243729ad-2365,forschung_muskelkraft,standard,0,0,1,8,-2,19,8,31,2,8,5,0,0,0
match-243729ad-2365,urzeitliche_kolosse,standard,1,1,0,8,10,14,10,34,1,9,3,12,0,0
match-b84f1774-2366,forschung_muskelkraft,standard,0,1,1,7,4,17,8,27,1,7,6,10,0,0
match-b84f1774-2366,urzeitliche_kolosse,standard,1,0,0,7,0,13,8,25,3,7,2,6,0,0
match-319c6832-2367,forschung_muskelkraft,standard,0,0,1,10,-5,22,10,38,12,9,5,7,0,0
match-319c6832-2367,urzeitliche_kolosse,standard,1,1,0,10,3,13,11,45,10,10,4,15,0,0
match-5a8a41d1-2368,forschung_muskelkraft,standard,0,0,1,8,0,16,7,25,3,6,5,7,0,0
match-5a8a41d1-2368,urzeitliche_kolosse,standard,1,1,0,8,3,14,8,34,2,8,2,10,0,0
match-d3d7b28e-2369,forschung_muskelkraft,standard,0,1,1,11,1,21,11,42,13,9,8,10,0,0
match-d3d7b28e-2369,urzeitliche_kolosse,standard,1,0,0,11,0,16,13,45,10,12,6,9,0,1
match-67ef8056-2370,forschung_muskelkraft,standard,0,0,1,9,-1,19,9,28,9,7,6,6,0,0
match-67ef8056-2370,urzeitliche_kolosse,standard,1,1,0,9,4,14,9,37,4,8,3,11,0,0
match-e13cf113-2371,forschung_muskelkraft,standard,0,1,1,10,7,19,10,34,12,8,9,15,0,0
match-e13cf113-2371,urzeitliche_kolosse,standard,1,0,0,10,-5,16,13,46,7,12,3,3,0,1
match-7554dedb-2372,forschung_muskelkraft,standard,0,0,1,15,-1,22,14,57,58,12,13,6,0,0
match-7554dedb-2372,urzeitliche_kolosse,standard,1,1,0,15,4,22,18,70,40,17,7,11,0,0
match-eea22f98-2373,forschung_muskelkraft,standard,0,1,1,7,4,18,8,25,1,6,6,10,0,0
match-eea22f98-2373,urzeitliche_kolosse,standard,1,0,0,7,0,12,8,25,3,8,1,6,0,0
match-82ba1d60-2374,forschung_muskelkraft,standard,0,1,1,6,2,12,6,19,1,5,3,10,0,0
match-82ba1d60-2374,urzeitliche_kolosse,standard,1,0,0,6,0,11,6,19,2,6,1,8,0,1
match-fc076e1d-2375,forschung_muskelkraft,standard,0,1,1,12,3,23,14,49,17,12,11,14,0,0
match-fc076e1d-2375,urzeitliche_kolosse,standard,1,0,0,12,-4,18,13,47,19,12,8,7,0,0
match-24f547bd-2376,forschung_muskelkraft,standard,0,1,1,6,2,11,6,20,1,5,2,11,0,0
match-24f547bd-2376,urzeitliche_kolosse,standard,1,0,0,6,-1,11,5,18,1,5,2,8,0,1
match-9e42b87a-2377,forschung_muskelkraft,standard,0,1,1,8,1,15,10,33,1,8,8,15,0,0
match-9e42b87a-2377,urzeitliche_kolosse,standard,1,0,0,8,-5,13,9,32,4,9,3,9,0,0
match-325a8642-2378,forschung_muskelkraft,standard,0,0,1,7,-1,14,8,25,3,6,2,6,0,0
match-325a8642-2378,urzeitliche_kolosse,standard,1,1,0,7,4,12,7,28,0,7,2,11,0,0
match-aba7f6ff-2379,forschung_muskelkraft,standard,0,0,1,7,0,16,7,26,2,6,2,0,0,0
match-aba7f6ff-2379,urzeitliche_kolosse,standard,1,1,0,7,10,12,6,24,3,6,4,10,0,0
match-3fbfc4c7-2380,forschung_muskelkraft,standard,0,1,1,10,6,19,11,38,7,9,9,11,0,0
match-3fbfc4c7-2380,urzeitliche_kolosse,standard,1,0,0,10,-1,16,12,43,10,11,4,4,0,0
match-b90d3584-2381,forschung_muskelkraft,standard,0,0,1,10,0,19,11,40,11,9,9,9,0,0
match-b90d3584-2381,urzeitliche_kolosse,standard,1,1,0,10,1,15,12,50,4,12,4,10,0,2
match-4d25034c-2382,forschung_muskelkraft,standard,0,,1,17,-1,23,14,57,79,12,14,4,0,0
match-4d25034c-2382,urzeitliche_kolosse,standard,1,,0,17,0,21,18,72,64,17,9,5,0,2
match-c6727409-2383,forschung_muskelkraft,standard,0,1,1,13,7,21,13,50,28,11,15,16,0,0
match-c6727409-2383,urzeitliche_kolosse,standard,1,0,0,13,-6,19,16,63,16,16,7,3,0,0
match-ef604da8-2384,forschung_muskelkraft,standard,0,0,1,6,-1,16,6,19,1,5,3,0,0,0
match-ef604da8-2384,urzeitliche_kolosse,standard,1,1,0,6,10,9,7,17,2,7,2,11,0,0
match-68adbe66-2385,forschung_muskelkraft,standard,0,0,1,9,0,15,9,32,4,7,6,6,0,0
match-68adbe66-2385,urzeitliche_kolosse,standard,1,1,0,9,4,13,8,31,5,8,2,10,0,1
match-fcc58c2d-2386,forschung_muskelkraft,standard,0,0,1,8,-2,16,8,30,4,7,4,8,0,0
match-fcc58c2d-2386,urzeitliche_kolosse,standard,1,1,0,8,2,13,10,34,1,9,4,12,0,0
match-7612fceb-2387,forschung_muskelkraft,standard,0,0,1,9,-1,17,8,30,6,6,5,9,0,0
match-7612fceb-2387,urzeitliche_kolosse,standard,1,1,0,9,1,13,10,33,7,9,1,11,0,0
match-0a2acab3-2388,forschung_muskelkraft,standard,0,0,1,5,-1,12,4,12,3,3,1,3,0,0
match-0a2acab3-2388,urzeitliche_kolosse,standard,1,1,0,5,7,10,5,14,1,4,0,11,0,0
match-83783b70-2389,forschung_muskelkraft,standard,0,0,1,7,0,14,9,27,1,7,3,3,0,0
match-83783b70-2389,urzeitliche_kolosse,standard,1,1,0,7,7,13,6,25,3,6,3,10,0,0
match-17900938-2390,forschung_muskelkraft,standard,0,0,1,5,0,12,5,14,1,4,3,2,0,0
match-17900938-2390,urzeitliche_kolosse,standard,1,1,0,5,8,11,6,14,1,6,1,10,0,0
match-90dd79f5-2391,forschung_muskelkraft,standard,0,0,1,9,-5,17,8,30,12,6,4,6,0,0
match-90dd79f5-2391,urzeitliche_kolosse,standard,1,1,0,9,4,14,9,38,4,9,1,15,0,0
match-b9cb5394-2392,forschung_muskelkraft,standard,0,1,1,8,2,15,8,27,1,7,7,11,0,0
match-b9cb5394-2392,urzeitliche_kolosse,standard,1,0,0,8,-1,12,9,34,2,9,2,8,0,0
match-3318a452-2393,forschung_muskelkraft,standard,0,1,1,8,4,15,8,31,2,8,5,10,0,0
match-3318a452-2393,urzeitliche_kolosse,standard,1,0,0,8,0,12,7,31,5,7,3,6,0,0
match-c7309219-2394,forschung_muskelkraft,standard,0,1,1,9,4,19,7,28,13,6,9,12,0,0
match-c7309219-2394,urzeitliche_kolosse,standard,1,0,0,9,-2,14,12,38,3,11,1,6,0,1
match-407de2d7-2395,forschung_muskelkraft,standard,0,0,1,9,-1,16,8,32,4,7,4,7,0,0
match-407de2d7-2395,urzeitliche_kolosse,standard,1,1,0,9,3,15,9,34,2,8,2,11,0,4
match-d495d09e-2396,forschung_muskelkraft,standard,0,1,1,8,5,18,9,32,2,7,6,10,0,0
match-d495d09e-2396,urzeitliche_kolosse,standard,1,0,0,8,0,14,9,33,3,8,5,5,0,1
match-4de3215c-2397,forschung_muskelkraft,standard,0,1,1,11,1,22,12,43,17,10,11,13,0,0
match-4de3215c-2397,urzeitliche_kolosse,standard,1,0,0,11,-3,16,14,50,8,13,7,9,0,2
match-e1fb0f23-2398,forschung_muskelkraft,standard,0,0,1,9,-3,16,8,30,12,6,4,7,0,0
match-e1fb0f23-2398,urzeitliche_kolosse,standard,1,1,0,9,3,15,8,37,7,8,1,13,0,3
match-5b487fe1-2399,forschung_muskelkraft,standard,0,0,1,11,0,22,13,44,17,11,10,8,0,0
match-5b487fe1-2399,urzeitliche_kolosse,standard,1,1,0,11,2,17,14,48,9,13,8,10,0,2
match-84365980-2400,forschung_muskelkraft,standard,0,0,1,5,-2,12,4,13,2,4,0,0,0,0
match-84365980-2400,urzeitliche_kolosse,standard,1,1,0,5,10,10,4,12,1,4,2,12,0,0
match-fd83aa3d-2401,forschung_muskelkraft,standard,0,1,1,6,1,16,5,19,2,5,2,11,0,0
match-fd83aa3d-2401,urzeitliche_kolosse,standard,1,0,0,6,-1,12,5,18,2,5,2,9,0,1
match-919b9805-2402,forschung_muskelkraft,standard,0,0,1,7,0,14,8,26,2,6,2,2,0,0
match-919b9805-2402,urzeitliche_kolosse,standard,1,1,0,7,8,12,7,26,0,7,1,10,0,0
match-0ae8e8c3-2403,forschung_muskelkraft,standard,0,0,1,12,-2,23,13,49,22,11,9,8,0,0
match-0ae8e8c3-2403,urzeitliche_kolosse,standard,1,1,0,12,2,16,14,57,18,13,6,12,0,2
match-9f00d68a-2404,forschung_muskelkraft,standard,0,0,1,3,0,8,2,3,1,1,0,3,0,0
match-9f00d68a-2404,urzeitliche_kolosse,standard,1,1,0,3,7,8,3,4,1,2,0,10,0,0
match-184e2748-2405,forschung_muskelkraft,standard,0,1,1,12,4,23,13,50,16,11,14,11,0,0
match-184e2748-2405,urzeitliche_kolosse,standard,1,0,0,12,-1,17,15,63,10,14,8,6,0,5
match-ac66150f-2406,forschung_muskelkraft,standard,0,1,1,10,5,20,12,47,7,10,10,14,0,0
match-ac66150f-2406,urzeitliche_kolosse,standard,1,0,0,10,-4,16,13,52,2,12,5,5,0,0
match-25b365cd-2407,forschung_muskelkraft,standard,0,1,1,11,6,23,12,45,16,10,9,11,0,0
match-25b365cd-2407,urzeitliche_kolosse,standard,1,0,0,11,-1,16,14,51,8,13,5,4,0,1
match-4ea15f6c-2408,forschung_muskelkraft,standard,0,1,1,10,1,22,11,37,13,9,8,11,0,0
match-4ea15f6c-2408,urzeitliche_kolosse,standard,1,0,0,10,-1,14,13,42,7,12,4,9,0,0
match-c7eeb029-2409,forschung_muskelkraft,standard,0,0,1,10,-2,20,12,47,8,10,8,6,0,0
match-c7eeb029-2409,urzeitliche_kolosse,standard,1,1,0,10,4,15,13,45,4,12,6,12,0,1
match-5c069df1-2410,forschung_muskelkraft,standard,0,0,1,4,0,10,4,7,1,3,1,3,0,0
match-5c069df1-2410,urzeitliche_kolosse,standard,1,1,0,4,7,9,4,9,0,4,0,10,0,0
match-d553eeae-2411,forschung_muskelkraft,standard,0,0,1,8,0,13,6,26,6,5,6,9,0,0
match-d553eeae-2411,urzeitliche_kolosse,standard,1,1,0,8,1,13,10,29,6,9,2,10,0,1
match-696bdc76-2412,forschung_muskelkraft,standard,0,0,1,6,-1,15,6,17,3,5,4,0,0,0
match-696bdc76-2412,urzeitliche_kolosse,standard,1,1,0,6,10,11,7,21,0,7,1,11,0,0
match-e2b92d33-2413,forschung_muskelkraft,standard,0,1,1,14,1,23,13,53,38,11,15,12,0,0
match-e2b92d33-2413,urzeitliche_kolosse,standard,1,0,0,14,-2,20,17,67,28,16,7,9,0,1
match-76d11afb-2414,forschung_muskelkraft,standard,0,1,1,6,4,13,7,18,2,5,4,10,0,0
match-76d11afb-2414,urzeitliche_kolosse,standard,1,0,0,6,0,11,6,19,1,5,0,6,0,1
match-f01e6bb8-2415,forschung_muskelkraft,standard,0,1,1,13,2,23,16,61,21,14,11,12,0,0
match-f01e6bb8-2415,urzeitliche_kolosse,standard,1,0,0,13,-2,16,16,63,20,15,9,8,0,0
match-190c4558-2416,forschung_muskelkraft,standard,0,1,1,12,1,23,13,50,21,11,10,13,0,0
match-190c4558-2416,urzeitliche_kolosse,standard,1,0,0,12,-3,18,15,58,11,14,6,9,0,3
match-9259b615-2417,forschung_muskelkraft,standard,0,1,1,6,2,12,6,19,1,5,5,10,0,0
match-9259b615-2417,urzeitliche_kolosse,standard,1,0,0,6,0,10,6,20,0,6,1,8,0,1
match-267183dd-2418,forschung_muskelkraft,standard,0,0,1,7,0,15,7,22,4,5,6,8,0,0
match-267183dd-2418,urzeitliche_kolosse,standard,1,1,0,7,2,13,8,25,0,8,0,10,0,0
match-9fbef49a-2419,forschung_muskelkraft,standard,0,0,1,5,0,13,3,11,4,3,0,0,0,0
match-9fbef49a-2419,urzeitliche_kolosse,standard,1,1,0,5,10,11,5,13,0,5,1,10,0,0
match-33d6c262-2420,forschung_muskelkraft,standard,0,1,1,7,2,14,7,23,4,6,5,11,0,0
match-33d6c262-2420,urzeitliche_kolosse,standard,1,0,0,7,-1,12,8,26,2,7,2,8,0,1
match-ad24331f-2421,forschung_muskelkraft,standard,0,1,1,7,6,16,7,26,2,7,5,11,0,0
match-ad24331f-2421,urzeitliche_kolosse,standard,1,0,0,7,-1,13,8,25,3,7,3,4,0,0
match-413c00e7-2422,forschung_muskelkraft,standard,0,0,1,9,-3,19,10,34,10,8,4,6,0,0
match-413c00e7-2422,urzeitliche_kolosse,standard,1,1,0,9,4,15,10,40,1,9,3,13,0,0
match-ba8971a4-2423,forschung_muskelkraft,standard,0,0,1,14,-1,22,15,57,43,13,13,9,0,0
match-ba8971a4-2423,urzeitliche_kolosse,standard,1,1,0,14,1,19,17,62,34,16,8,11,0,1
match-e3774b43-2424,forschung_muskelkraft,standard,0,0,1,10,-2,19,12,43,11,10,8,7,0,0
match-e3774b43-2424,urzeitliche_kolosse,standard,1,1,0,10,3,15,13,50,2,12,6,12,0,1
match-5cc4bc01-2425,forschung_muskelkraft,standard,0,0,1,4,0,10,3,8,2,3,0,0,0,0
match-5cc4bc01-2425,urzeitliche_kolosse,standard,1,1,0,4,10,8,4,10,0,3,1,10,0,0
match-f0dc89c8-2426,forschung_muskelkraft,standard,0,0,1,13,-4,22,13,50,33,11,10,9,0,0
match-f0dc89c8-2426,urzeitliche_kolosse,standard,1,1,0,13,1,19,15,60,23,14,6,14,0,0
match-6a29fa86-2427,forschung_muskelkraft,standard,0,1,1,13,4,23,13,52,30,11,14,13,0,0
match-6a29fa86-2427,urzeitliche_kolosse,standard,1,0,0,13,-3,18,16,61,24,16,6,6,0,1
match-fe41c84d-2428,forschung_muskelkraft,standard,0,1,1,7,2,15,9,27,1,7,6,14,0,0
match-fe41c84d-2428,urzeitliche_kolosse,standard,1,0,0,7,-4,11,8,26,2,7,3,8,0,0
match-778f390b-2429,forschung_muskelkraft,standard,0,0,1,5,-1,13,5,14,1,4,1,3,0,0
match-778f390b-2429,urzeitliche_kolosse,standard,1,1,0,5,7,10,5,15,0,5,0,11,0,0
match-0ba706d3-2430,forschung_muskelkraft,standard,0,0,1,5,-3,12,5,14,1,4,1,0,0,0
match-0ba706d3-2430,urzeitliche_kolosse,standard,1,1,0,5,10,9,5,15,0,4,1,13,0,0
match-84f47790-2431,forschung_muskelkraft,standard,0,0,1,9,-5,19,10,37,5,8,5,0,0,0
match-84f47790-2431,urzeitliche_kolosse,standard,1,1,0,9,10,15,8,39,4,8,3,15,0,0
match-ade2512f-2432,forschung_muskelkraft,standard,0,0,1,11,0,19,14,51,9,12,7,5,0,0
match-ade2512f-2432,urzeitliche_kolosse,standard,1,1,0,11,5,17,13,45,10,12,7,10,0,1
match-272fa1ed-2433,forschung_muskelkraft,standard,0,0,1,8,0,16,9,32,3,7,3,9,0,0
match-272fa1ed-2433,urzeitliche_kolosse,standard,1,1,0,8,1,15,8,26,4,7,3,10,0,2
match-bb478fb4-2434,forschung_muskelkraft,standard,0,1,1,11,1,20,10,38,17,8,12,17,0,0
match-bb478fb4-2434,urzeitliche_kolosse,standard,1,0,0,11,-7,16,14,49,10,14,3,9,0,1
match-3494e072-2435,forschung_muskelkraft,standard,0,0,1,11,-2,21,14,54,7,12,10,5,0,0
match-3494e072-2435,urzeitliche_kolosse,standard,1,1,0,11,5,16,14,48,8,13,7,12,0,1
match-c8acce39-2436,forschung_muskelkraft,standard,0,1,1,11,3,23,10,41,14,8,9,12,0,0
match-c8acce39-2436,urzeitliche_kolosse,standard,1,0,0,11,-2,15,14,53,13,13,3,7,0,1
match-41fa3ef7-2437,forschung_muskelkraft,standard,0,1,1,16,1,21,20,75,47,18,15,9,0,0
match-41fa3ef7-2437,urzeitliche_kolosse,standard,1,0,0,16,0,20,19,77,51,18,15,8,0,4
match-d6120cbe-2438,forschung_muskelkraft,standard,0,1,1,12,3,22,14,55,22,12,12,14,0,0
match-d6120cbe-2438,urzeitliche_kolosse,standard,1,0,0,12,-4,17,15,68,10,15,7,7,0,1
match-4f5f7d7c-2439,forschung_muskelkraft,standard,0,1,1,8,10,16,9,28,1,7,5,14,0,0
match-4f5f7d7c-2439,urzeitliche_kolosse,standard,1,0,0,8,-4,14,7,32,4,7,2,0,0,0
match-784d571b-2440,forschung_muskelkraft,standard,0,1,1,15,3,23,18,71,38,16,15,16,0,0
match-784d571b-2440,urzeitliche_kolosse,standard,1,0,0,15,-6,21,18,72,38,17,12,7,0,2
match-f19aa7d8-2441,forschung_muskelkraft,standard,0,0,1,8,-2,21,9,29,4,7,3,6,0,0
match-f19aa7d8-2441,urzeitliche_kolosse,standard,1,1,0,8,4,12,9,32,3,8,2,12,0,1
match-85b295a0-2442,forschung_muskelkraft,standard,0,0,1,9,-4,19,6,24,17,6,4,5,0,0
match-85b295a0-2442,urzeitliche_kolosse,standard,1,1,0,9,5,15,9,40,0,9,1,14,0,3
match-feffe65d-2443,forschung_muskelkraft,standard,0,1,1,9,7,18,10,36,5,8,4,11,0,0
match-feffe65d-2443,urzeitliche_kolosse,standard,1,0,0,9,-1,13,10,37,4,9,3,3,0,1
match-9317d425-2444,forschung_muskelkraft,standard,0,1,1,8,1,19,7,29,6,7,9,11,0,0
match-9317d425-2444,urzeitliche_kolosse,standard,1,0,0,8,-1,13,11,31,3,10,3,9,0,0
match-0c6524e3-2445,forschung_muskelkraft,standard,0,1,1,8,4,16,6,23,5,5,5,14,0,0
match-0c6524e3-2445,urzeitliche_kolosse,standard,1,0,0,8,-4,12,8,30,6,8,0,6,0,1
match-a07d12aa-2446,forschung_muskelkraft,standard,0,0,1,7,-2,14,7,26,2,6,2,6,0,0
match-a07d12aa-2446,urzeitliche_kolosse,standard,1,1,0,7,4,12,7,26,2,6,3,12,0,1
match-19ca6368-2447,forschung_muskelkraft,standard,0,0,1,6,0,14,6,18,3,4,3,0,0,0
match-19ca6368-2447,urzeitliche_kolosse,standard,1,1,0,6,10,12,6,18,2,6,2,10,0,1
match-42b85d07-2448,forschung_muskelkraft,standard,0,0,1,8,0,15,10,34,1,9,4,7,0,0
match-42b85d07-2448,urzeitliche_kolosse,standard,1,1,0,8,3,13,8,31,4,8,4,10,0,3
match-bc05adc4-2449,forschung_muskelkraft,standard,0,1,1,7,4,17,7,26,2,7,4,10,0,0
match-bc05adc4-2449,urzeitliche_kolosse,standard,1,0,0,7,0,12,9,26,2,9,2,6,0,0
match-501d9b8c-2450,forschung_muskelkraft,standard,0,1,1,8,6,15,9,29,4,7,4,10,0,0
match-501d9b8c-2450,urzeitliche_kolosse,standard,1,0,0,8,0,14,7,29,7,7,2,4,0,0
match-c96aec49-2451,forschung_muskelkraft,standard,0,1,1,12,2,23,13,49,23,11,10,12,0,0
match-c96aec49-2451,urzeitliche_kolosse,standard,1,0,0,12,-2,17,15,54,15,14,6,8,0,1
match-5d82da11-2452,forschung_muskelkraft,standard,0,1,1,8,6,16,7,25,3,6,2,10,0,0
match-5d82da11-2452,urzeitliche_kolosse,standard,1,0,0,8,0,15,6,31,5,6,1,4,0,0
match-d6d02ace-2453,forschung_muskelkraft,standard,0,0,1,10,-5,20,9,31,14,7,5,9,0,0
match-d6d02ace-2453,urzeitliche_kolosse,standard,1,1,0,10,1,16,10,46,3,9,2,15,0,0
match-6ae81896-2454,forschung_muskelkraft,standard,0,1,1,10,1,21,14,47,8,12,6,11,0,0
match-6ae81896-2454,urzeitliche_kolosse,standard,1,0,0,10,-1,15,11,48,4,11,8,9,0,1
match-e4356953-2455,forschung_muskelkraft,standard,0,0,1,4,0,11,3,8,2,3,0,0,0,0
match-e4356953-2455,urzeitliche_kolosse,standard,1,1,0,4,10,9,4,10,0,3,1,10,0,0
match-0d2342f3-2456,forschung_muskelkraft,standard,0,0,1,10,-2,20,10,37,14,8,6,3,0,0
match-0d2342f3-2456,urzeitliche_kolosse,standard,1,1,0,10,7,14,11,43,6,11,3,12,0,2
match-8670b3b0-2457,forschung_muskelkraft,standard,0,0,1,6,-3,12,6,19,2,5,3,3,0,0
match-8670b3b0-2457,urzeitliche_kolosse,standard,1,1,0,6,7,12,6,21,0,6,1,13,0,0
match-1a888178-2458,forschung_muskelkraft,standard,0,0,1,5,-1,11,2,9,6,2,0,0,0,0
match-1a888178-2458,urzeitliche_kolosse,standard,1,1,0,5,10,10,4,13,2,4,0,11,0,0
match-93d5f235-2459,forschung_muskelkraft,standard,0,0,1,8,-1,19,10,33,3,8,3,6,0,0
match-93d5f235-2459,urzeitliche_kolosse,standard,1,1,0,8,4,13,8,26,2,8,4,11,0,0
match-27eddffd-2460,forschung_muskelkraft,standard,0,0,1,9,0,14,8,34,6,8,4,5,0,0
match-27eddffd-2460,urzeitliche_kolosse,standard,1,1,0,9,5,14,8,36,8,8,3,10,0,1
match-a13b30ba-2461,forschung_muskelkraft,standard,0,0,1,5,-2,14,5,13,2,3,2,0,0,0
match-a13b30ba-2461,urzeitliche_kolosse,standard,1,1,0,5,10,8,5,14,1,5,0,12,0,0
match-35531e82-2462,forschung_muskelkraft,standard,0,0,1,9,-3,20,10,37,5,8,6,2,0,0
match-35531e82-2462,urzeitliche_kolosse,standard,1,1,0,9,8,15,10,40,3,9,3,13,0,0
match-aea06f3f-2463,forschung_muskelkraft,standard,0,1,1,12,3,23,13,49,23,11,12,13,0,0
match-aea06f3f-2463,urzeitliche_kolosse,standard,1,0,0,12,-3,17,15,49,21,14,6,7,0,1
match-d78e48de-2464,forschung_muskelkraft,standard,0,1,1,7,6,15,7,26,1,6,5,10,0,0
match-d78e48de-2464,urzeitliche_kolosse,standard,1,0,0,7,0,13,8,24,1,7,1,4,0,0
match-50dbb99c-2465,forschung_muskelkraft,standard,0,1,1,8,2,16,9,29,3,8,4,12,0,0
match-50dbb99c-2465,urzeitliche_kolosse,standard,1,0,0,8,-2,13,7,33,3,7,3,8,0,1
match-e4f38763-2466,forschung_muskelkraft,standard,0,1,1,7,4,13,7,25,2,6,7,11,0,0
match-e4f38763-2466,urzeitliche_kolosse,standard,1,0,0,7,-1,11,8,22,3,8,2,6,0,0
match-5e40f821-2467,forschung_muskelkraft,standard,0,1,1,8,4,17,7,30,4,7,4,10,0,0
match-5e40f821-2467,urzeitliche_kolosse,standard,1,0,0,8,0,13,9,34,2,8,2,6,0,0
match-f258c5e8-2468,forschung_muskelkraft,standard,0,0,1,9,0,17,10,34,3,8,5,9,0,0
match-f258c5e8-2468,urzeitliche_kolosse,standard,1,1,0,9,1,15,9,36,4,9,3,10,0,0
match-6ba636a6-2469,forschung_muskelkraft,standard,0,1,1,6,6,12,5,18,3,4,3,10,0,0
match-6ba636a6-2469,urzeitliche_kolosse,standard,1,0,0,6,0,12,7,19,2,6,0,4,0,0
match-ffbe046d-2470,forschung_muskelkraft,standard,0,1,1,8,1,18,6,27,6,6,3,13,0,0
match-ffbe046d-2470,urzeitliche_kolosse,standard,1,0,0,8,-3,13,7,33,3,6,1,9,0,2
match-790b752b-2471,forschung_muskelkraft,standard,0,0,1,13,0,23,10,41,37,8,10,7,0,0
match-790b752b-2471,urzeitliche_kolosse,standard,1,1,0,13,3,17,15,58,20,14,4,10,0,2
match-a1f94eca-2472,forschung_muskelkraft,standard,0,0,1,5,-1,14,3,11,4,3,0,0,0,0
match-a1f94eca-2472,urzeitliche_kolosse,standard,1,1,0,5,10,11,5,13,0,4,1,11,0,0
match-1b46bf88-2473,forschung_muskelkraft,standard,0,1,1,5,4,12,5,14,1,4,4,11,0,0
match-1b46bf88-2473,urzeitliche_kolosse,standard,1,0,0,5,-1,11,5,13,2,5,1,6,0,1
match-af5e8d4f-2474,forschung_muskelkraft,standard,0,1,1,10,7,22,13,46,5,11,8,10,0,0
match-af5e8d4f-2474,urzeitliche_kolosse,standard,1,0,0,10,0,16,13,47,5,12,7,3,0,0
match-28abfe0d-2475,forschung_muskelkraft,standard,0,1,1,10,4,21,10,33,12,8,9,11,0,0
match-28abfe0d-2475,urzeitliche_kolosse,standard,1,0,0,10,-1,15,12,51,4,11,4,6,0,0
match-bcc3cbd4-2476,forschung_muskelkraft,standard,0,0,1,9,-1,17,11,40,5,9,5,0,0,0
match-bcc3cbd4-2476,urzeitliche_kolosse,standard,1,1,0,9,10,13,9,38,3,8,5,11,0,2
match-36113c92-2477,forschung_muskelkraft,standard,0,0,1,8,0,16,8,32,4,8,6,8,0,0
match-36113c92-2477,urzeitliche_kolosse,standard,1,1,0,8,2,14,9,31,5,9,3,10,0,0
match-ca290a59-2478,forschung_muskelkraft,standard,0,1,1,8,8,15,8,31,2,8,5,10,0,0
match-ca290a59-2478,urzeitliche_kolosse,standard,1,0,0,8,0,14,7,32,4,7,3,2,0,0
match-43767b17-2479,forschung_muskelkraft,standard,0,0,1,8,0,18,8,27,2,7,2,7,0,0
match-43767b17-2479,urzeitliche_kolosse,standard,1,1,0,8,3,11,7,35,1,7,2,10,0,2
match-6c6454b6-2480,forschung_muskelkraft,standard,0,1,1,8,2,14,8,29,3,7,6,13,0,0
match-6c6454b6-2480,urzeitliche_kolosse,standard,1,0,0,8,-3,13,10,33,2,10,5,8,0,0
match-e5b1a573-2481,forschung_muskelkraft,standard,0,0,1,8,-2,18,10,34,2,8,3,6,0,0
match-e5b1a573-2481,urzeitliche_kolosse,standard,1,1,0,8,4,13,8,28,5,8,3,12,0,0
match-79c9933b-2482,forschung_muskelkraft,standard,0,0,1,9,-2,18,9,32,10,7,4,7,0,0
match-79c9933b-2482,urzeitliche_kolosse,standard,1,1,0,9,3,15,8,36,7,8,2,12,0,3
match-f316e3f8-2483,forschung_muskelkraft,standard,0,1,1,6,6,12,6,19,1,5,3,12,0,0
match-f316e3f8-2483,urzeitliche_kolosse,standard,1,0,0,6,-2,11,5,18,2,5,1,4,0,0
match-872ed1c0-2484,forschung_muskelkraft,standard,0,1,1,10,2,20,11,43,8,9,8,15,0,0
match-872ed1c0-2484,urzeitliche_kolosse,standard,1,0,0,10,-5,15,11,48,5,11,4,8,0,0
match-007c227e-2485,forschung_muskelkraft,standard,0,1,1,6,6,14,6,19,1,5,4,10,0,0
match-007c227e-2485,urzeitliche_kolosse,standard,1,0,0,6,0,11,7,15,2,6,1,4,0,0
match-94941045-2486,forschung_muskelkraft,standard,0,0,1,8,-1,14,9,32,2,8,5,2,0,0
match-94941045-2486,urzeitliche_kolosse,standard,1,1,0,8,8,12,8,33,3,8,3,11,0,0
match-0de16103-2487,forschung_muskelkraft,standard,0,1,1,9,4,18,9,33,4,8,9,12,0,0
match-0de16103-2487,urzeitliche_kolosse,standard,1,0,0,9,-2,14,9,41,3,9,4,6,0,0
match-36cf5aa2-2488,forschung_muskelkraft,standard,0,1,1,7,3,14,7,26,2,6,4,12,0,0
match-36cf5aa2-2488,urzeitliche_kolosse,standard,1,0,0,7,-2,13,7,25,3,7,2,7,0,0
match-b01cab5f-2489,forschung_muskelkraft,standard,0,0,1,11,-2,19,10,39,22,8,5,0,0,0
match-b01cab5f-2489,urzeitliche_kolosse,standard,1,1,0,11,10,16,9,36,27,9,3,12,0,0
match-44349927-2490,forschung_muskelkraft,standard,0,0,1,8,0,16,10,34,2,8,2,4,0,0
match-44349927-2490,urzeitliche_kolosse,standard,1,1,0,8,6,13,8,25,3,7,4,10,0,0
match-bd81e9e4-2491,forschung_muskelkraft,standard,0,1,1,7,6,16,7,25,3,6,2,10,0,0
match-bd81e9e4-2491,urzeitliche_kolosse,standard,1,0,0,7,0,12,7,24,4,6,3,4,0,0
match-5199d7ac-2492,forschung_muskelkraft,standard,0,1,1,16,2,23,19,73,47,17,12,8,0,0
match-5199d7ac-2492,urzeitliche_kolosse,standard,1,0,0,16,-1,22,16,69,56,15,15,5,0,1
match-cae72869-2493,forschung_muskelkraft,standard,0,1,1,6,4,14,6,19,1,5,4,13,0,0
match-cae72869-2493,urzeitliche_kolosse,standard,1,0,0,6,-3,10,6,17,1,5,1,6,0,0
match-5eff1631-2494,forschung_muskelkraft,standard,0,0,1,6,-1,13,7,20,1,6,2,3,0,0
match-5eff1631-2494,urzeitliche_kolosse,standard,1,1,0,6,7,11,6,20,1,6,3,11,0,0
match-d84c66ee-2495,forschung_muskelkraft,standard,0,0,1,5,-1,12,4,13,2,4,2,3,0,0
match-d84c66ee-2495,urzeitliche_kolosse,standard,1,1,0,5,7,10,4,14,1,4,2,11,0,0
match-013a408e-2496,forschung_muskelkraft,standard,0,0,1,10,-2,18,9,31,14,7,7,7,0,0
match-013a408e-2496,urzeitliche_kolosse,standard,1,1,0,10,3,15,10,40,10,10,2,12,0,1
match-7a87b14b-2497,forschung_muskelkraft,standard,0,0,1,8,-2,16,9,31,4,8,5,6,0,0
match-7a87b14b-2497,urzeitliche_kolosse,standard,1,1,0,8,4,11,9,29,6,9,5,12,0,0
match-0e9f9f13-2498,forschung_muskelkraft,standard,0,1,1,13,1,23,15,59,19,13,11,17,0,0
match-0e9f9f13-2498,urzeitliche_kolosse,standard,1,0,0,13,-7,19,16,58,24,15,8,9,0,4
match-87ecefd0-2499,forschung_muskelkraft,standard,0,0,1,6,0,14,3,15,6,3,3,0,0,0
match-87ecefd0-2499,urzeitliche_kolosse,standard,1,1,0,6,10,11,6,18,2,6,0,10,0,0
match-977031e3-2500,forschung_muskelkraft,standard,0,0,0,12,0,23,15,57,9,13,9,9,0,0
match-977031e3-2500,urzeitliche_kolosse,standard,1,1,1,12,1,16,14,52,18,13,8,10,0,6
match-1e22c126-2501,forschung_muskelkraft,standard,0,1,0,6,6,12,6,20,1,5,4,10,0,0
match-1e22c126-2501,urzeitliche_kolosse,standard,1,0,1,6,0,11,7,20,0,6,1,4,0,1
match-a4d57068-2502,forschung_muskelkraft,standard,0,0,0,10,0,21,11,42,9,9,6,8,0,0
match-a4d57068-2502,urzeitliche_kolosse,standard,1,1,1,10,2,15,11,45,3,11,4,10,0,1
match-2b881fab-2503,forschung_muskelkraft,standard,0,0,0,9,-3,20,10,33,3,8,7,7,0,0
match-2b881fab-2503,urzeitliche_kolosse,standard,1,1,1,9,3,13,10,35,5,10,3,13,0,0
match-7ca5b4d9-2504,forschung_muskelkraft,standard,0,0,0,9,-1,18,7,28,13,6,5,9,0,0
match-7ca5b4d9-2504,urzeitliche_kolosse,standard,1,1,1,9,1,13,10,41,2,9,1,11,0,2
match-0358441c-2505,forschung_muskelkraft,standard,0,1,0,8,2,16,10,29,7,8,5,17,0,0
match-0358441c-2505,urzeitliche_kolosse,standard,1,0,1,8,-7,14,10,31,2,9,4,8,0,0
match-8a0af35e-2506,forschung_muskelkraft,standard,0,0,0,15,0,22,13,52,57,11,10,7,0,0
match-8a0af35e-2506,urzeitliche_kolosse,standard,1,1,1,15,2,20,16,69,47,15,6,9,0,4
match-10bd82a1-2507,forschung_muskelkraft,standard,0,1,0,15,1,22,17,67,43,15,13,9,0,0
match-10bd82a1-2507,urzeitliche_kolosse,standard,1,0,1,15,0,20,18,67,43,17,12,8,0,5
match-61db37cf-2508,forschung_muskelkraft,standard,0,1,0,8,5,19,9,32,3,8,5,13,0,0
match-61db37cf-2508,urzeitliche_kolosse,standard,1,0,1,8,-3,12,8,32,4,7,3,5,0,2
match-e88dc711-2509,forschung_muskelkraft,standard,0,0,0,7,0,15,8,26,1,6,2,7,0,0
match-e88dc711-2509,urzeitliche_kolosse,standard,1,1,1,7,3,11,7,27,1,6,1,10,0,1
match-6f407654-2510,forschung_muskelkraft,standard,0,0,0,16,-1,22,11,41,79,9,15,3,0,0
match-6f407654-2510,urzeitliche_kolosse,standard,1,1,1,16,4,21,19,71,56,18,5,8,0,1
match-f5f30596-2511,forschung_muskelkraft,standard,0,1,0,8,1,14,10,32,2,8,4,15,0,0
match-f5f30596-2511,urzeitliche_kolosse,standard,1,0,1,8,-5,13,8,33,3,7,4,9,0,1
match-4710bac5-2512,forschung_muskelkraft,standard,0,1,0,6,4,16,7,20,1,5,2,10,0,0
match-4710bac5-2512,urzeitliche_kolosse,standard,1,0,1,6,0,10,7,19,2,6,1,6,0,0
match-cdc34a07-2513,forschung_muskelkraft,standard,0,1,0,7,1,14,7,25,1,6,6,13,0,0
match-cdc34a07-2513,urzeitliche_kolosse,standard,1,0,1,7,-3,13,9,23,1,8,3,9,0,0
match-5475f94a-2514,forschung_muskelkraft,standard,0,0,0,11,-2,19,13,49,12,11,8,2,0,0
match-5475f94a-2514,urzeitliche_kolosse,standard,1,1,1,11,8,15,14,58,4,13,6,12,0,0
match-db28888c-2515,forschung_muskelkraft,standard,0,,0,17,-2,23,11,42,94,9,15,5,0,0
match-db28888c-2515,urzeitliche_kolosse,standard,1,,1,17,-1,22,19,76,68,18,4,6,0,0
match-2c463dbb-2516,forschung_muskelkraft,standard,0,1,0,6,3,12,6,20,1,5,3,11,0,0
match-2c463dbb-2516,urzeitliche_kolosse,standard,1,0,1,6,-1,10,6,20,0,6,1,7,0,1
match-b2f8ccfd-2517,forschung_muskelkraft,standard,0,1,0,6,4,11,5,17,3,4,4,10,0,0
match-b2f8ccfd-2517,urzeitliche_kolosse,standard,1,0,1,6,0,12,7,20,1,7,0,6,0,1
match-39ab7c40-2518,forschung_muskelkraft,standard,0,1,0,9,7,19,11,39,2,9,7,13,0,0
match-39ab7c40-2518,urzeitliche_kolosse,standard,1,0,1,9,-3,14,10,43,2,9,4,3,0,1
match-c05e0b82-2519,forschung_muskelkraft,standard,0,0,0,8,-2,14,9,32,4,8,5,3,0,0
match-c05e0b82-2519,urzeitliche_kolosse,standard,1,1,1,8,7,12,8,32,4,8,3,12,0,0
match-117ba0b1-2520,forschung_muskelkraft,standard,0,0,0,8,-2,17,10,33,2,8,2,4,0,0
match-117ba0b1-2520,urzeitliche_kolosse,standard,1,1,1,8,6,14,6,32,4,6,3,12,0,0
match-982e4ff3-2521,forschung_muskelkraft,standard,0,0,0,11,-3,21,15,56,9,13,7,7,0,0
match-982e4ff3-2521,urzeitliche_kolosse,standard,1,1,1,11,3,15,11,48,10,10,9,13,0,2
match-1ee0ff36-2522,forschung_muskelkraft,standard,0,1,0,8,4,20,9,32,3,8,5,12,0,0
match-1ee0ff36-2522,urzeitliche_kolosse,standard,1,0,1,8,-2,13,8,32,3,8,3,6,0,0
match-a5938e78-2523,forschung_muskelkraft,standard,0,0,0,4,0,9,4,6,1,2,0,0,0,0
match-a5938e78-2523,urzeitliche_kolosse,standard,1,1,1,4,10,10,3,8,2,3,1,10,0,0
match-f6b123a6-2524,forschung_muskelkraft,standard,0,1,0,13,3,23,16,61,17,14,15,11,0,0
match-f6b123a6-2524,urzeitliche_kolosse,standard,1,0,1,13,-1,19,16,70,12,16,9,7,0,2
match-7d63d2e9-2525,forschung_muskelkraft,standard,0,0,0,9,-4,16,11,38,4,9,7,7,0,0
match-7d63d2e9-2525,urzeitliche_kolosse,standard,1,1,1,9,3,15,10,41,4,10,4,14,0,0
match-0416622c-2526,forschung_muskelkraft,standard,0,1,0,7,2,17,7,25,2,6,5,10,0,0
match-0416622c-2526,urzeitliche_kolosse,standard,1,0,1,7,0,13,8,27,1,7,2,8,0,0
match-8ac9116e-2527,forschung_muskelkraft,standard,0,0,0,7,-3,17,8,26,2,7,3,2,0,0
match-8ac9116e-2527,urzeitliche_kolosse,standard,1,1,1,7,8,13,6,24,4,6,4,13,0,2
match-dbe6a69c-2528,forschung_muskelkraft,standard,0,1,0,13,5,22,14,53,30,12,13,11,0,0
match-dbe6a69c-2528,urzeitliche_kolosse,standard,1,0,1,13,-1,18,16,60,23,15,8,5,0,3
match-629955df-2529,forschung_muskelkraft,standard,0,1,0,13,1,21,17,67,15,15,14,13,0,0
match-629955df-2529,urzeitliche_kolosse,standard,1,0,1,13,-3,17,16,66,13,16,10,9,0,1
match-e94be521-2530,forschung_muskelkraft,standard,0,1,0,6,2,14,6,19,1,5,2,11,0,0
match-e94be521-2530,urzeitliche_kolosse,standard,1,0,1,6,-1,12,4,17,3,4,2,8,0,0
match-6ffe9464-2531,forschung_muskelkraft,standard,0,,0,16,0,23,16,63,57,14,16,8,0,0
match-6ffe9464-2531,urzeitliche_kolosse,standard,1,,1,16,-1,22,19,74,48,18,9,7,0,0
match-c11c2992-2532,forschung_muskelkraft,standard,0,1,0,11,2,19,14,47,8,12,6,11,0,0
match-c11c2992-2532,urzeitliche_kolosse,standard,1,0,1,11,-1,17,12,51,4,11,9,8,0,3
match-47ced8d5-2533,forschung_muskelkraft,standard,0,0,0,13,-2,22,10,37,41,8,5,7,0,0
match-47ced8d5-2533,urzeitliche_kolosse,standard,1,1,1,13,3,19,10,36,42,10,3,12,0,2
match-ce816817-2534,forschung_muskelkraft,standard,0,0,0,13,-2,22,16,65,17,14,12,5,0,0
match-ce816817-2534,urzeitliche_kolosse,standard,1,1,1,13,5,17,16,55,27,15,9,12,0,0
match-5534175a-2535,forschung_muskelkraft,standard,0,1,0,6,4,14,6,19,1,5,4,10,0,0
match-5534175a-2535,urzeitliche_kolosse,standard,1,0,1,6,0,12,7,21,0,6,1,6,0,1
match-a651ac88-2536,forschung_muskelkraft,standard,0,1,0,8,6,16,9,32,1,7,8,11,0,0
match-a651ac88-2536,urzeitliche_kolosse,standard,1,0,1,8,-1,13,10,32,4,10,2,4,0,0
match-2d045bcb-2537,forschung_muskelkraft,standard,0,0,0,6,0,12,4,15,6,3,4,0,0,0
match-2d045bcb-2537,urzeitliche_kolosse,standard,1,1,1,6,10,12,7,19,2,7,0,10,0,0
match-b3b6eb0d-2538,forschung_muskelkraft,standard,0,0,0,10,-1,19,15,52,3,13,5,9,0,0
match-b3b6eb0d-2538,urzeitliche_kolosse,standard,1,1,1,10,1,16,11,48,6,10,10,11,0,0
match-3a699a50-2539,forschung_muskelkraft,standard,0,0,0,9,-2,17,10,34,2,8,6,7,0,0
match-3a699a50-2539,urzeitliche_kolosse,standard,1,1,1,9,3,14,9,39,4,9,3,12,0,0
match-8b872f7e-2540,forschung_muskelkraft,standard,0,1,0,7,4,19,9,27,1,7,4,12,0,0
match-8b872f7e-2540,urzeitliche_kolosse,standard,1,0,1,7,-2,13,7,24,3,7,3,6,0,1
match-1239dec1-2541,forschung_muskelkraft,standard,0,0,0,11,-3,18,14,53,12,12,10,3,0,0
match-1239dec1-2541,urzeitliche_kolosse,standard,1,1,1,11,7,15,14,54,9,13,8,13,0,0
match-98ec6e03-2542,forschung_muskelkraft,standard,0,,0,17,0,22,12,51,85,10,15,6,0,0
match-98ec6e03-2542,urzeitliche_kolosse,standard,1,,1,17,-2,23,19,76,67,18,5,4,0,2
match-1f9f1d46-2543,forschung_muskelkraft,standard,0,1,0,13,4,23,13,50,28,11,12,10,0,0
match-1f9f1d46-2543,urzeitliche_kolosse,standard,1,0,1,13,0,19,16,58,23,15,6,6,0,0
match-70bcb274-2544,forschung_muskelkraft,standard,0,,0,16,0,23,17,67,53,15,11,8,0,0
match-70bcb274-2544,urzeitliche_kolosse,standard,1,,1,16,-1,23,15,64,56,14,10,7,0,2
match-f76f41b6-2545,forschung_muskelkraft,standard,0,0,0,12,-1,22,13,53,17,11,7,5,0,0
match-f76f41b6-2545,urzeitliche_kolosse,standard,1,1,1,12,5,17,13,54,15,12,6,11,0,2
match-7e21f0f9-2546,forschung_muskelkraft,standard,0,1,0,9,1,19,7,32,9,6,7,12,0,0
match-7e21f0f9-2546,urzeitliche_kolosse,standard,1,0,1,9,-2,14,10,30,14,9,2,9,0,0
match-04d4803c-2547,forschung_muskelkraft,standard,0,1,0,12,4,22,12,45,21,10,11,11,0,0
match-04d4803c-2547,urzeitliche_kolosse,standard,1,0,1,12,-1,17,15,53,15,14,5,6,0,2
match-55f2356a-2548,forschung_muskelkraft,standard,0,0,0,6,-2,12,6,20,1,5,4,6,0,0
match-55f2356a-2548,urzeitliche_kolosse,standard,1,1,1,6,4,12,5,16,2,5,1,12,0,0
match-dca4c4ac-2549,forschung_muskelkraft,standard,0,0,0,9,0,19,12,43,2,10,7,7,0,0
match-dca4c4ac-2549,urzeitliche_kolosse,standard,1,1,1,9,3,14,12,41,1,12,7,10,0,0
match-635773ef-2550,forschung_muskelkraft,standard,0,1,0,8,3,15,9,32,2,7,2,13,0,0
match-635773ef-2550,urzeitliche_kolosse,standard,1,0,1,8,-3,13,6,31,5,6,3,7,0,1
match-ea0a0331-2551,forschung_muskelkraft,standard,0,0,0,9,-3,19,8,29,8,6,5,7,0,0
match-ea0a0331-2551,urzeitliche_kolosse,standard,1,1,1,9,3,14,10,38,7,10,1,13,0,0
match-3b27b860-2552,forschung_muskelkraft,standard,0,0,0,6,0,12,6,19,2,5,1,7,0,0
match-3b27b860-2552,urzeitliche_kolosse,standard,1,1,1,6,3,12,5,18,3,5,2,10,0,0
match-c1da47a2-2553,forschung_muskelkraft,standard,0,0,0,9,-1,20,12,42,3,10,4,6,0,0
match-c1da47a2-2553,urzeitliche_kolosse,standard,1,1,1,9,4,13,10,41,4,9,6,11,0,0
match-488cf6e5-2554,forschung_muskelkraft,standard,0,0,0,5,-2,14,4,13,2,4,0,2,0,0
match-488cf6e5-2554,urzeitliche_kolosse,standard,1,1,1,5,8,11,4,14,1,4,2,12,0,0
match-cf3f8627-2555,forschung_muskelkraft,standard,0,0,0,3,0,8,2,4,1,2,0,0,0,0
match-cf3f8627-2555,urzeitliche_kolosse,standard,1,1,1,3,10,9,3,6,0,2,0,10,0,0
match-205d3b56-2556,forschung_muskelkraft,standard,0,0,0,9,-2,14,11,43,2,10,7,7,0,0
match-205d3b56-2556,urzeitliche_kolosse,standard,1,1,1,9,3,15,12,44,1,11,5,12,0,1
match-a70fca98-2557,forschung_muskelkraft,standard,0,0,0,8,0,15,8,29,5,6,3,3,0,0
match-a70fca98-2557,urzeitliche_kolosse,standard,1,1,1,8,7,13,8,28,0,7,1,10,0,0
match-2dc279db-2558,forschung_muskelkraft,standard,0,1,0,7,4,15,7,25,1,6,3,11,0,0
match-2dc279db-2558,urzeitliche_kolosse,standard,1,0,1,7,-1,13,6,23,5,6,2,6,0,0
match-b475091d-2559,forschung_muskelkraft,standard,0,0,0,5,0,14,4,13,2,4,4,3,0,0
match-b475091d-2559,urzeitliche_kolosse,standard,1,1,1,5,7,10,6,14,0,5,2,10,0,0
match-0592be4c-2560,forschung_muskelkraft,standard,0,1,0,14,3,23,12,48,43,10,13,11,0,0
match-0592be4c-2560,urzeitliche_kolosse,standard,1,0,1,14,-1,19,17,71,24,17,5,7,0,1
match-8c454d8e-2561,forschung_muskelkraft,standard,0,0,0,6,0,12,5,18,3,5,1,4,0,0
match-8c454d8e-2561,urzeitliche_kolosse,standard,1,1,1,6,6,11,6,16,4,5,2,10,0,0
match-12f7fcd1-2562,forschung_muskelkraft,standard,0,1,0,5,2,11,5,12,3,4,5,10,0,0
match-12f7fcd1-2562,urzeitliche_kolosse,standard,1,0,1,5,0,10,5,11,0,5,1,8,0,0
match-99aa8c13-2563,forschung_muskelkraft,standard,0,1,0,15,1,21,14,54,51,12,13,12,0,0
match-99aa8c13-2563,urzeitliche_kolosse,standard,1,0,1,15,-2,21,18,67,42,17,7,9,0,1
match-44182285-2564,forschung_muskelkraft,standard,0,1,0,10,5,17,12,46,6,10,10,10,0,0
match-44182285-2564,urzeitliche_kolosse,standard,1,0,1,10,0,15,12,45,10,12,6,5,0,0
match-cacad1c7-2565,forschung_muskelkraft,standard,0,0,0,6,0,15,7,20,1,5,3,4,0,0
match-cacad1c7-2565,urzeitliche_kolosse,standard,1,1,1,6,6,11,5,18,3,5,2,10,0,0
match-517d610a-2566,forschung_muskelkraft,standard,0,0,0,11,0,22,14,53,7,12,7,5,0,0
match-517d610a-2566,urzeitliche_kolosse,standard,1,1,1,11,5,16,12,50,13,12,7,10,0,0
match-d830104c-2567,forschung_muskelkraft,standard,0,0,0,9,-1,19,11,38,3,9,9,6,0,0
match-d830104c-2567,urzeitliche_kolosse,standard,1,1,1,9,4,14,11,39,3,11,6,11,0,1
match-294da57b-2568,forschung_muskelkraft,standard,0,1,0,9,3,20,10,34,3,8,8,11,0,0
match-294da57b-2568,urzeitliche_kolosse,standard,1,0,1,9,-1,14,11,37,2,10,4,7,0,0
match-b00054bd-2569,forschung_muskelkraft,standard,0,1,0,5,3,10,4,13,2,4,1,10,0,0
match-b00054bd-2569,urzeitliche_kolosse,standard,1,0,1,5,0,9,4,12,3,4,1,7,0,0
match-36b2e400-2570,forschung_muskelkraft,standard,0,1,0,7,5,14,6,21,6,5,4,13,0,0
match-36b2e400-2570,urzeitliche_kolosse,standard,1,0,1,7,-3,12,6,25,3,6,1,5,0,1
match-bd659342-2571,forschung_muskelkraft,standard,0,0,0,5,0,12,5,13,1,4,2,6,0,0
match-bd659342-2571,urzeitliche_kolosse,standard,1,1,1,5,4,9,5,13,2,5,0,10,0,0
match-0e832871-2572,forschung_muskelkraft,standard,0,0,0,7,-1,15,9,27,1,8,4,9,0,0
match-0e832871-2572,urzeitliche_kolosse,standard,1,1,1,7,1,13,8,28,0,7,5,11,0,2
match-9535d7b3-2573,forschung_muskelkraft,standard,0,0,0,12,0,22,12,51,25,10,8,3,0,0
match-9535d7b3-2573,urzeitliche_kolosse,standard,1,1,1,12,7,17,13,55,22,13,5,10,0,0
match-1be866f6-2574,forschung_muskelkraft,standard,0,0,0,8,0,19,10,32,3,8,3,7,0,0
match-1be866f6-2574,urzeitliche_kolosse,standard,1,1,1,8,3,13,8,33,2,8,4,10,0,2
match-a29b1638-2575,forschung_muskelkraft,standard,0,1,0,13,7,21,16,63,20,14,11,13,0,0
match-a29b1638-2575,urzeitliche_kolosse,standard,1,0,1,13,-3,18,16,54,28,15,9,3,0,0
match-f3b8ab66-2576,forschung_muskelkraft,standard,0,0,0,9,0,15,12,40,4,10,7,9,0,0
match-f3b8ab66-2576,urzeitliche_kolosse,standard,1,1,1,9,1,14,10,39,5,10,5,10,0,3
match-7a6b5aa9-2577,forschung_muskelkraft,standard,0,1,0,8,1,19,9,32,3,8,4,13,0,0
match-7a6b5aa9-2577,urzeitliche_kolosse,standard,1,0,1,8,-3,12,7,31,5,7,4,9,0,1
match-011de9ec-2578,forschung_muskelkraft,standard,0,0,0,9,0,15,10,34,3,8,7,7,0,0
match-011de9ec-2578,urzeitliche_kolosse,standard,1,1,1,9,3,14,11,39,4,10,3,10,0,0
match-87d0992e-2579,forschung_muskelkraft,standard,0,1,0,6,3,14,6,17,3,5,4,11,0,0
match-87d0992e-2579,urzeitliche_kolosse,standard,1,0,1,6,-1,10,6,11,4,5,1,7,0,0
match-d8ee2e5c-2580,forschung_muskelkraft,standard,0,0,0,9,-1,17,9,33,9,7,5,8,0,0
match-d8ee2e5c-2580,urzeitliche_kolosse,standard,1,1,1,9,2,14,10,43,1,9,2,11,0,0
match-5fa0dd9f-2581,forschung_muskelkraft,standard,0,0,0,11,-1,19,12,44,19,10,7,0,0,0
match-5fa0dd9f-2581,urzeitliche_kolosse,standard,1,1,1,11,10,16,13,56,10,12,5,11,0,0
match-e6536ce1-2582,forschung_muskelkraft,standard,0,0,0,9,-1,17,11,37,8,9,6,4,0,0
match-e6536ce1-2582,urzeitliche_kolosse,standard,1,1,1,9,6,14,12,40,2,11,6,11,0,0
match-6d061c24-2583,forschung_muskelkraft,standard,0,0,0,8,-1,17,10,32,3,8,4,0,0,0
match-6d061c24-2583,urzeitliche_kolosse,standard,1,1,1,8,10,12,9,32,3,8,6,11,0,0
match-be23b152-2584,forschung_muskelkraft,standard,0,0,0,10,-2,20,10,36,15,8,5,6,0,0
match-be23b152-2584,urzeitliche_kolosse,standard,1,1,1,10,4,13,9,34,18,9,3,12,0,2
match-44d64095-2585,forschung_muskelkraft,standard,0,1,0,12,4,19,11,43,28,9,9,10,0,0
match-44d64095-2585,urzeitliche_kolosse,standard,1,0,1,12,0,18,10,50,16,10,5,6,0,3
match-cb88efd7-2586,forschung_muskelkraft,standard,0,0,0,6,-1,12,6,18,3,5,3,8,0,0
match-cb88efd7-2586,urzeitliche_kolosse,standard,1,1,1,6,2,12,6,19,1,5,4,11,0,1
match-523b9f1a-2587,forschung_muskelkraft,standard,0,1,0,8,3,16,6,26,7,5,6,10,0,0
match-523b9f1a-2587,urzeitliche_kolosse,standard,1,0,1,8,0,13,9,34,2,8,1,7,0,2
match-a3593448-2588,forschung_muskelkraft,standard,0,1,0,10,3,20,11,40,11,9,11,15,0,0
match-a3593448-2588,urzeitliche_kolosse,standard,1,0,1,10,-5,15,13,48,3,13,5,7,0,1
match-2a0bc38b-2589,forschung_muskelkraft,standard,0,0,0,8,-3,17,9,31,3,7,2,6,0,0
match-2a0bc38b-2589,urzeitliche_kolosse,standard,1,1,1,8,4,14,8,32,4,7,4,13,0,1
match-b0be72cd-2590,forschung_muskelkraft,standard,0,1,0,8,6,13,7,30,4,6,2,12,0,0
match-b0be72cd-2590,urzeitliche_kolosse,standard,1,0,1,8,-2,14,6,33,3,6,2,4,0,0
match-37710210-2591,forschung_muskelkraft,standard,0,1,0,8,3,18,10,32,1,8,4,12,0,0
match-37710210-2591,urzeitliche_kolosse,standard,1,0,1,8,-2,15,8,30,6,7,3,7,0,0
match-888eb73e-2592,forschung_muskelkraft,standard,0,1,0,7,6,19,9,27,1,7,5,12,0,0
match-888eb73e-2592,urzeitliche_kolosse,standard,1,0,1,7,-2,11,9,25,3,8,3,4,0,0
match-0f414681-2593,forschung_muskelkraft,standard,0,1,0,14,2,23,15,59,37,13,13,11,0,0
match-0f414681-2593,urzeitliche_kolosse,standard,1,0,1,14,-1,18,17,65,29,16,8,8,0,1
match-95f3f5c3-2594,forschung_muskelkraft,standard,0,0,0,6,-1,13,4,17,4,4,2,3,0,0
match-95f3f5c3-2594,urzeitliche_kolosse,standard,1,1,1,6,7,12,6,18,2,6,2,11,0,0
match-1ca68506-2595,forschung_muskelkraft,standard,0,1,0,7,7,16,7,25,2,6,4,11,0,0
match-1ca68506-2595,urzeitliche_kolosse,standard,1,0,1,7,-1,11,6,24,4,6,3,3,0,0
match-6dc43a34-2596,forschung_muskelkraft,standard,0,0,0,9,-1,18,12,40,2,10,7,6,0,0
match-6dc43a34-2596,urzeitliche_kolosse,standard,1,1,1,9,4,12,12,40,5,11,6,11,0,0
match-f476c976-2597,forschung_muskelkraft,standard,0,0,0,9,-2,18,8,29,7,7,5,2,0,0
match-f476c976-2597,urzeitliche_kolosse,standard,1,1,1,9,8,14,10,39,1,9,2,12,0,0
match-7b2978b9-2598,forschung_muskelkraft,standard,0,1,0,7,1,14,7,25,1,6,5,12,0,0
match-7b2978b9-2598,urzeitliche_kolosse,standard,1,0,1,7,-2,12,7,23,3,7,2,9,0,1
match-01dc07fc-2599,forschung_muskelkraft,standard,0,0,0,8,0,18,9,31,2,7,6,9,0,0
match-01dc07fc-2599,urzeitliche_kolosse,standard,1,1,1,8,1,13,9,33,2,8,2,10,0,0
match-52f9bd2a-2600,forschung_muskelkraft,standard,0,0,0,3,0,9,2,3,1,1,0,0,0,0
match-52f9bd2a-2600,urzeitliche_kolosse,standard,1,1,1,3,10,9,3,6,0,3,0,10,0,0
match-d9ac4c6c-2601,forschung_muskelkraft,standard,0,0,0,9,-4,17,10,38,4,8,7,5,0,0
match-d9ac4c6c-2601,urzeitliche_kolosse,standard,1,1,1,9,5,14,10,39,4,10,3,14,0,0
match-605efbaf-2602,forschung_muskelkraft,standard,0,1,0,7,1,14,7,24,3,5,5,10,0,0
match-605efbaf-2602,urzeitliche_kolosse,standard,1,0,1,7,0,12,8,26,2,7,1,9,0,0
match-e7118af1-2603,forschung_muskelkraft,standard,0,1,0,7,4,12,8,27,1,7,3,12,0,0
match-e7118af1-2603,urzeitliche_kolosse,standard,1,0,1,7,-2,13,8,24,4,8,3,6,0,0
match-382f2020-2604,forschung_muskelkraft,standard,0,1,0,7,3,17,7,24,4,6,1,11,0,0
match-382f2020-2604,urzeitliche_kolosse,standard,1,0,1,7,-1,13,7,24,4,6,3,7,0,2
match-bee1cf62-2605,forschung_muskelkraft,standard,0,0,0,15,0,23,16,65,40,14,10,7,0,0
match-bee1cf62-2605,urzeitliche_kolosse,standard,1,1,1,15,2,21,14,59,47,13,10,9,0,0
match-45947ea5-2606,forschung_muskelkraft,standard,0,1,0,11,5,18,12,41,18,10,6,11,0,0
match-45947ea5-2606,urzeitliche_kolosse,standard,1,0,1,11,-1,17,12,46,20,11,5,5,0,0
match-cc470de7-2607,forschung_muskelkraft,standard,0,0,0,6,0,15,7,20,1,5,3,5,0,0
match-cc470de7-2607,urzeitliche_kolosse,standard,1,1,1,6,5,10,6,18,3,6,3,10,0,0
match-1d64a316-2608,forschung_muskelkraft,standard,0,1,0,10,6,19,12,44,6,10,5,11,0,0
match-1d64a316-2608,urzeitliche_kolosse,standard,1,0,1,10,-1,15,10,45,7,10,5,4,0,0
match-a4175258-2609,forschung_muskelkraft,standard,0,0,0,10,-2,18,9,37,13,7,9,9,0,0
match-a4175258-2609,urzeitliche_kolosse,standard,1,1,1,10,1,17,13,41,7,12,2,12,0,1
match-2ac9e19b-2610,forschung_muskelkraft,standard,0,0,0,8,-3,16,8,30,2,7,4,6,0,0
match-2ac9e19b-2610,urzeitliche_kolosse,standard,1,1,1,8,4,14,7,33,3,7,2,13,0,0
match-b17c90dd-2611,forschung_muskelkraft,standard,0,0,0,10,-1,18,9,35,16,7,5,5,0,0
match-b17c90dd-2611,urzeitliche_kolosse,standard,1,1,1,10,5,16,10,47,5,9,2,11,0,1
match-029a260c-2612,forschung_muskelkraft,standard,0,0,0,11,0,17,12,49,6,10,9,8,0,0
match-029a260c-2612,urzeitliche_kolosse,standard,1,1,1,11,2,17,12,51,10,11,6,10,0,0
match-894cd54e-2613,forschung_muskelkraft,standard,0,0,0,16,0,24,20,75,47,18,16,3,0,0
match-894cd54e-2613,urzeitliche_kolosse,standard,1,1,1,16,4,20,19,74,47,18,15,7,0,4
match-0fff6491-2614,forschung_muskelkraft,standard,0,0,0,10,0,21,13,46,4,11,7,6,0,0
match-0fff6491-2614,urzeitliche_kolosse,standard,1,1,1,10,4,15,12,47,5,12,7,10,0,0
match-96b213d3-2615,forschung_muskelkraft,standard,0,0,0,11,0,23,15,55,10,13,11,3,0,0
match-96b213d3-2615,urzeitliche_kolosse,standard,1,1,1,11,7,17,14,58,8,14,9,10,0,0
match-e7cfa901-2616,forschung_muskelkraft,standard,0,1,0,6,2,14,6,20,1,5,4,11,0,0
match-e7cfa901-2616,urzeitliche_kolosse,standard,1,0,1,6,-1,9,7,19,1,6,2,8,0,0
match-6e825844-2617,forschung_muskelkraft,standard,0,1,0,7,4,13,7,25,3,5,4,10,0,0
match-6e825844-2617,urzeitliche_kolosse,standard,1,0,1,7,0,12,8,26,1,8,0,6,0,1
match-f534e786-2618,forschung_muskelkraft,standard,0,1,0,7,3,13,8,25,2,6,5,11,0,0
match-f534e786-2618,urzeitliche_kolosse,standard,1,0,1,7,-1,11,9,26,2,8,1,7,0,0
match-7be796c9-2619,forschung_muskelkraft,standard,0,0,0,11,-2,22,16,57,4,14,7,5,0,0
match-7be796c9-2619,urzeitliche_kolosse,standard,1,1,1,11,5,17,12,49,10,11,9,12,0,1
match-cd052bf7-2620,forschung_muskelkraft,standard,0,1,0,8,3,17,6,29,7,6,4,10,0,0
match-cd052bf7-2620,urzeitliche_kolosse,standard,1,0,1,8,0,13,9,30,5,8,1,7,0,0
match-53b7db3a-2621,forschung_muskelkraft,standard,0,1,0,7,5,15,6,24,2,6,3,13,0,0
match-53b7db3a-2621,urzeitliche_kolosse,standard,1,0,1,7,-3,12,6,25,3,6,2,5,0,1
match-da6a6a7c-2622,forschung_muskelkraft,standard,0,0,0,9,0,20,8,30,6,7,6,6,0,0
match-da6a6a7c-2622,urzeitliche_kolosse,standard,1,1,1,9,4,13,9,33,6,9,2,10,0,0
match-611d19bf-2623,forschung_muskelkraft,standard,0,0,0,9,0,19,10,34,8,8,4,4,0,0
match-611d19bf-2623,urzeitliche_kolosse,standard,1,1,1,9,6,14,8,38,6,8,4,10,0,2
match-b23aaeed-2624,forschung_muskelkraft,standard,0,0,0,16,-1,22,20,75,45,18,13,5,0,0
match-b23aaeed-2624,urzeitliche_kolosse,standard,1,1,1,16,4,22,18,66,54,17,14,10,0,3
match-38ed5e30-2625,forschung_muskelkraft,standard,0,0,0,9,-4,15,7,25,11,6,6,9,0,0
match-38ed5e30-2625,urzeitliche_kolosse,standard,1,1,1,9,1,15,9,40,3,9,1,14,0,4
match-bf9fed72-2626,forschung_muskelkraft,standard,0,0,0,7,0,17,8,26,2,6,3,0,0,0
match-bf9fed72-2626,urzeitliche_kolosse,standard,1,1,1,7,10,11,6,26,2,6,3,10,0,2
match-46529cb5-2627,forschung_muskelkraft,standard,0,1,0,12,4,22,12,45,26,10,12,13,0,0
match-46529cb5-2627,urzeitliche_kolosse,standard,1,0,1,12,-3,18,15,59,11,15,5,6,0,0
match-f0c03326-2628,forschung_muskelkraft,standard,0,0,0,9,0,17,11,33,3,9,7,8,0,0
match-f0c03326-2628,urzeitliche_kolosse,standard,1,1,1,9,2,14,11,41,3,10,4,10,0,1
match-7772c269-2629,forschung_muskelkraft,standard,0,0,0,9,-2,14,9,33,3,7,6,8,0,0
match-7772c269-2629,urzeitliche_kolosse,standard,1,1,1,9,2,13,10,39,4,9,2,12,0,0
match-fe2571ab-2630,forschung_muskelkraft,standard,0,0,0,10,-1,17,10,34,11,8,9,6,0,0
match-fe2571ab-2630,urzeitliche_kolosse,standard,1,1,1,10,4,16,10,42,3,10,3,11,0,0
match-84d800ee-2631,forschung_muskelkraft,standard,0,1,0,12,4,23,12,45,21,10,14,12,0,0
match-84d800ee-2631,urzeitliche_kolosse,standard,1,0,1,12,-2,17,15,57,16,14,6,6,0,0
match-d5f5b61c-2632,forschung_muskelkraft,standard,0,1,0,13,1,23,14,57,27,12,14,14,0,0
match-d5f5b61c-2632,urzeitliche_kolosse,standard,1,0,1,13,-4,19,16,63,20,16,7,9,0,0
match-5ca8455f-2633,forschung_muskelkraft,standard,0,1,0,7,4,16,7,25,1,6,3,13,0,0
match-5ca8455f-2633,urzeitliche_kolosse,standard,1,0,1,7,-3,13,7,25,3,7,2,6,0,0
match-e35af4a1-2634,forschung_muskelkraft,standard,0,1,0,9,3,18,9,33,3,8,7,14,0,0
match-e35af4a1-2634,urzeitliche_kolosse,standard,1,0,1,9,-4,14,11,39,4,10,3,7,0,0
match-6a0d83e4-2635,forschung_muskelkraft,standard,0,1,0,14,3,22,20,75,18,18,17,11,0,0
match-6a0d83e4-2635,urzeitliche_kolosse,standard,1,0,1,14,-1,20,17,66,28,17,15,7,0,2
match-bb2b3912-2636,forschung_muskelkraft,standard,0,1,0,7,4,14,7,25,1,6,6,11,0,0
match-bb2b3912-2636,urzeitliche_kolosse,standard,1,0,1,7,-1,12,8,27,1,8,2,6,0,1
match-41ddc855-2637,forschung_muskelkraft,standard,0,1,0,12,4,22,14,53,13,12,11,10,0,0
match-41ddc855-2637,urzeitliche_kolosse,standard,1,0,1,12,0,15,15,55,14,14,8,6,0,1
match-c8907797-2638,forschung_muskelkraft,standard,0,1,0,6,5,14,5,18,2,5,3,10,0,0
match-c8907797-2638,urzeitliche_kolosse,standard,1,0,1,6,0,11,5,15,5,5,2,5,0,0
match-4f4306da-2639,forschung_muskelkraft,standard,0,0,0,7,0,13,8,27,1,6,4,4,0,0
match-4f4306da-2639,urzeitliche_kolosse,standard,1,1,1,7,6,11,9,26,2,8,4,10,0,0
match-a060bc08-2640,forschung_muskelkraft,standard,0,0,0,13,-2,21,13,51,27,11,10,3,0,0
match-a060bc08-2640,urzeitliche_kolosse,standard,1,1,1,13,7,19,15,61,24,14,6,12,0,0
match-27134b4b-2641,forschung_muskelkraft,standard,0,1,0,9,1,16,8,28,8,7,3,10,0,0
match-27134b4b-2641,urzeitliche_kolosse,standard,1,0,1,9,0,14,9,32,4,8,2,9,0,1
match-adc5fa8d-2642,forschung_muskelkraft,standard,0,1,0,7,2,14,8,26,1,6,7,11,0,0
match-adc5fa8d-2642,urzeitliche_kolosse,standard,1,0,1,7,-1,13,8,25,2,8,1,8,0,1
match-347889d0-2643,forschung_muskelkraft,standard,0,0,0,13,-2,23,15,59,23,13,13,6,0,0
match-347889d0-2643,urzeitliche_kolosse,standard,1,1,1,13,4,19,16,68,15,16,8,12,0,1
match-85963efe-2644,forschung_muskelkraft,standard,0,0,0,9,-4,19,10,37,5,8,8,5,0,0
match-85963efe-2644,urzeitliche_kolosse,standard,1,1,1,9,5,15,11,40,2,11,4,14,0,2
match-0c48ce41-2645,forschung_muskelkraft,standard,0,0,0,4,0,9,4,7,1,3,0,0,0,0
match-0c48ce41-2645,urzeitliche_kolosse,standard,1,1,1,4,10,8,4,9,0,3,0,10,0,0
match-92fb7d83-2646,forschung_muskelkraft,standard,0,0,0,6,0,12,3,15,6,3,0,0,0,0
match-92fb7d83-2646,urzeitliche_kolosse,standard,1,1,1,6,10,12,5,16,2,5,0,10,0,0
match-19ae0cc6-2647,forschung_muskelkraft,standard,0,0,0,11,-2,20,12,48,12,11,6,6,0,0
match-19ae0cc6-2647,urzeitliche_kolosse,standard,1,1,1,11,4,16,10,39,16,10,7,12,0,0
match-6acba1f4-2648,forschung_muskelkraft,standard,0,1,0,6,2,17,6,19,1,5,3,10,0,0
match-6acba1f4-2648,urzeitliche_kolosse,standard,1,0,1,6,0,12,6,17,3,5,2,8,0,0
match-f17e5136-2649,forschung_muskelkraft,standard,0,0,0,8,-1,15,7,23,5,6,2,8,0,0
match-f17e5136-2649,urzeitliche_kolosse,standard,1,1,1,8,2,13,6,24,4,5,1,11,0,1
match-7830e079-2650,forschung_muskelkraft,standard,0,1,0,5,6,11,4,13,2,4,0,10,0,0
match-7830e079-2650,urzeitliche_kolosse,standard,1,0,1,5,0,11,5,13,0,5,0,4,0,0
match-fee38fbb-2651,forschung_muskelkraft,standard,0,1,0,13,4,22,16,63,15,14,12,12,0,0
match-fee38fbb-2651,urzeitliche_kolosse,standard,1,0,1,13,-2,19,16,60,26,15,9,6,0,1
match-500124ea-2652,forschung_muskelkraft,standard,0,1,0,8,4,17,9,32,3,8,7,14,0,0
match-500124ea-2652,urzeitliche_kolosse,standard,1,0,1,8,-4,14,10,33,3,9,3,6,0,0
match-d6b3d42c-2653,forschung_muskelkraft,standard,0,0,0,12,0,20,13,52,14,11,13,5,0,0
match-d6b3d42c-2653,urzeitliche_kolosse,standard,1,1,1,12,5,18,15,59,11,15,8,10,0,0
match-5d66636f-2654,forschung_muskelkraft,standard,0,1,0,6,2,12,6,19,2,6,1,10,0,0
match-5d66636f-2654,urzeitliche_kolosse,standard,1,0,1,6,0,11,6,19,0,5,2,8,0,0
match-e41912b1-2655,forschung_muskelkraft,standard,0,1,0,10,1,19,12,48,6,11,7,14,0,0
match-e41912b1-2655,urzeitliche_kolosse,standard,1,0,1,10,-4,16,12,38,15,11,6,9,0,0
match-3536a7e0-2656,forschung_muskelkraft,standard,0,0,0,6,0,14,6,17,3,5,3,4,0,0
match-3536a7e0-2656,urzeitliche_kolosse,standard,1,1,1,6,6,11,5,19,2,5,2,10,0,0
match-bbe95722-2657,forschung_muskelkraft,standard,0,0,0,9,-1,15,8,31,6,6,8,7,0,0
match-bbe95722-2657,urzeitliche_kolosse,standard,1,1,1,9,3,14,11,36,4,10,1,11,0,0
match-429be665-2658,forschung_muskelkraft,standard,0,0,0,10,0,18,9,37,8,8,4,4,0,0
match-429be665-2658,urzeitliche_kolosse,standard,1,1,1,10,6,15,8,30,15,7,4,10,0,3
match-c94e95a7-2659,forschung_muskelkraft,standard,0,0,0,5,-1,13,5,14,1,4,1,0,0,0
match-c94e95a7-2659,urzeitliche_kolosse,standard,1,1,1,5,10,11,5,14,1,4,2,11,0,0
match-1a6c2ad6-2660,forschung_muskelkraft,standard,0,1,0,9,3,20,9,35,9,7,7,12,0,0
match-1a6c2ad6-2660,urzeitliche_kolosse,standard,1,0,1,9,-2,15,10,42,2,10,2,7,0,2
match-a11eda18-2661,forschung_muskelkraft,standard,0,1,0,17,1,23,18,71,67,16,13,6,0,0
match-a11eda18-2661,urzeitliche_kolosse,standard,1,0,1,17,-2,22,18,75,69,17,14,3,0,1
match-27d1695b-2662,forschung_muskelkraft,standard,0,1,0,9,1,20,10,37,5,8,7,12,0,0
match-27d1695b-2662,urzeitliche_kolosse,standard,1,0,1,9,-2,14,10,40,4,10,3,9,0,0
match-ae84189d-2663,forschung_muskelkraft,standard,0,0,0,9,-3,19,11,36,1,9,3,5,0,0
match-ae84189d-2663,urzeitliche_kolosse,standard,1,1,1,9,5,13,9,42,1,8,4,13,0,3
match-ffa1adcb-2664,forschung_muskelkraft,standard,0,0,0,5,0,12,4,13,2,4,1,4,0,0
match-ffa1adcb-2664,urzeitliche_kolosse,standard,1,1,1,5,6,11,4,13,2,4,1,10,0,0
match-86545d0e-2665,forschung_muskelkraft,standard,0,1,0,7,6,14,7,25,2,6,5,13,0,0
match-86545d0e-2665,urzeitliche_kolosse,standard,1,0,1,7,-3,13,8,27,1,7,2,4,0,0
match-0d06ec51-2666,forschung_muskelkraft,standard,0,1,0,8,2,19,8,30,3,7,4,13,0,0
match-0d06ec51-2666,urzeitliche_kolosse,standard,1,0,1,8,-3,12,6,27,1,6,3,8,0,2
match-93b99b93-2667,forschung_muskelkraft,standard,0,0,0,9,0,20,9,36,5,8,5,3,0,0
match-93b99b93-2667,urzeitliche_kolosse,standard,1,1,1,9,7,15,11,40,3,10,4,10,0,2
match-e4d730c1-2668,forschung_muskelkraft,standard,0,1,0,5,2,10,5,11,4,3,3,10,0,0
match-e4d730c1-2668,urzeitliche_kolosse,standard,1,0,1,5,0,10,5,12,3,5,0,8,0,0
match-6b89c004-2669,forschung_muskelkraft,standard,0,1,0,6,4,13,5,19,2,5,5,10,0,0
match-6b89c004-2669,urzeitliche_kolosse,standard,1,0,1,6,0,10,7,20,1,7,1,6,0,0
match-f23c6f46-2670,forschung_muskelkraft,standard,0,0,0,9,-3,19,9,31,6,7,7,7,0,0
match-f23c6f46-2670,urzeitliche_kolosse,standard,1,1,1,9,3,14,10,44,0,10,2,13,0,2
match-78ef1e89-2671,forschung_muskelkraft,standard,0,1,0,7,4,14,8,27,1,7,4,11,0,0
match-78ef1e89-2671,urzeitliche_kolosse,standard,1,0,1,7,-1,11,7,25,3,7,2,6,0,1
match-ca0cb3b7-2672,forschung_muskelkraft,standard,0,0,0,13,-4,22,17,67,15,15,13,3,0,0
match-ca0cb3b7-2672,urzeitliche_kolosse,standard,1,1,1,13,7,20,16,67,14,15,10,14,0,5
match-50bf42fa-2673,forschung_muskelkraft,standard,0,1,0,5,4,12,5,14,1,4,3,10,0,0
match-50bf42fa-2673,urzeitliche_kolosse,standard,1,0,1,5,0,9,5,12,2,5,1,6,0,0
match-d771f23c-2674,forschung_muskelkraft,standard,0,0,0,15,0,22,14,59,50,12,13,7,0,0
match-d771f23c-2674,urzeitliche_kolosse,standard,1,1,1,15,2,20,17,64,42,16,11,9,0,2
match-5e24817f-2675,forschung_muskelkraft,standard,0,0,0,5,-1,11,3,11,4,3,1,0,0,0
match-5e24817f-2675,urzeitliche_kolosse,standard,1,1,1,5,10,11,4,12,2,4,1,11,0,0
match-af4236ad-2676,forschung_muskelkraft,standard,0,0,0,11,-2,21,11,39,16,9,9,8,0,0
match-af4236ad-2676,urzeitliche_kolosse,standard,1,1,1,11,2,14,12,48,10,12,4,12,0,2
match-35f4c5f0-2677,forschung_muskelkraft,standard,0,0,0,16,-3,23,20,75,45,18,10,8,0,0
match-35f4c5f0-2677,urzeitliche_kolosse,standard,1,1,1,16,1,21,15,64,56,15,14,12,0,2
match-bca77532-2678,forschung_muskelkraft,standard,0,1,0,9,1,19,10,37,4,9,9,11,0,0
match-bca77532-2678,urzeitliche_kolosse,standard,1,0,1,9,-1,15,12,40,0,11,4,9,0,0
match-435a0475-2679,forschung_muskelkraft,standard,0,0,0,5,-2,11,4,13,2,4,0,3,0,0
match-435a0475-2679,urzeitliche_kolosse,standard,1,1,1,5,7,10,4,13,2,4,1,12,0,0
match-9477b9a3-2680,forschung_muskelkraft,standard,0,0,0,8,0,17,8,31,3,7,5,6,0,0
match-9477b9a3-2680,urzeitliche_kolosse,standard,1,1,1,8,4,13,8,29,3,8,2,10,0,0
match-1b2a48e6-2681,forschung_muskelkraft,standard,0,1,0,14,5,22,18,69,30,16,12,12,0,0
match-1b2a48e6-2681,urzeitliche_kolosse,standard,1,0,1,14,-2,18,17,61,38,16,11,5,0,2
match-a1dcf828-2682,forschung_muskelkraft,standard,0,1,0,7,2,16,7,25,1,6,5,12,0,0
match-a1dcf828-2682,urzeitliche_kolosse,standard,1,0,1,7,-2,13,8,23,2,7,2,8,0,0
match-288f876b-2683,forschung_muskelkraft,standard,0,0,0,6,-3,15,6,19,1,5,4,2,0,0
match-288f876b-2683,urzeitliche_kolosse,standard,1,1,1,6,8,12,6,20,0,6,3,13,0,0
match-79ad3c99-2684,forschung_muskelkraft,standard,0,0,0,4,0,10,5,8,1,3,0,0,0,0
match-79ad3c99-2684,urzeitliche_kolosse,standard,1,1,1,4,10,9,3,8,2,3,1,10,0,0
match-005fcbdc-2685,forschung_muskelkraft,standard,0,0,0,9,-4,15,10,33,4,8,5,5,0,0
match-005fcbdc-2685,urzeitliche_kolosse,standard,1,1,1,9,5,14,10,41,3,10,3,14,0,0
match-87127b1e-2686,forschung_muskelkraft,standard,0,1,0,8,6,17,8,30,4,7,3,14,0,0
match-87127b1e-2686,urzeitliche_kolosse,standard,1,0,1,8,-4,14,7,31,5,7,3,4,0,2
match-0dc50a61-2687,forschung_muskelkraft,standard,0,0,0,6,0,17,7,20,1,5,4,1,0,0
match-0dc50a61-2687,urzeitliche_kolosse,standard,1,1,1,6,9,12,7,18,3,6,3,10,0,0
match-5ee2bf8f-2688,forschung_muskelkraft,standard,0,0,0,5,-1,12,4,13,2,4,2,3,0,0
match-5ee2bf8f-2688,urzeitliche_kolosse,standard,1,1,1,5,7,9,6,15,0,5,1,11,0,0
match-e5954ed1-2689,forschung_muskelkraft,standard,0,0,0,4,0,11,2,6,4,2,0,0,0,0
match-e5954ed1-2689,urzeitliche_kolosse,standard,1,1,1,4,10,11,4,10,0,3,1,10,0,0
match-6c47fe14-2690,forschung_muskelkraft,standard,0,1,0,11,2,22,11,42,13,9,8,11,0,0
match-6c47fe14-2690,urzeitliche_kolosse,standard,1,0,1,11,-1,14,12,53,13,11,5,8,0,1
match-f2fa8d56-2691,forschung_muskelkraft,standard,0,0,0,16,-1,23,16,63,57,14,14,5,0,0
match-f2fa8d56-2691,urzeitliche_kolosse,standard,1,1,1,16,2,22,18,72,48,17,12,8,0,1
match-9d6823c8-2692,forschung_muskelkraft,standard,0,0,0,15,0,22,17,67,42,15,11,6,0,0
match-9d6823c8-2692,urzeitliche_kolosse,standard,1,1,1,15,4,20,16,68,37,15,11,10,0,4
match-241ad30b-2693,forschung_muskelkraft,standard,0,1,0,7,4,14,8,25,1,6,5,11,0,0
match-241ad30b-2693,urzeitliche_kolosse,standard,1,0,1,7,-1,13,8,26,2,7,2,6,0,0
match-aacd624d-2694,forschung_muskelkraft,standard,0,0,0,14,-4,22,15,59,36,13,11,9,0,0
match-aacd624d-2694,urzeitliche_kolosse,standard,1,1,1,14,1,20,17,68,28,16,8,14,0,5
match-31801190-2695,forschung_muskelkraft,standard,0,0,0,15,-2,24,13,49,56,11,8,7,0,0
match-31801190-2695,urzeitliche_kolosse,standard,1,1,1,15,3,21,14,58,50,13,6,12,0,5
match-829da6be-2696,forschung_muskelkraft,standard,0,0,0,5,0,15,4,13,2,4,2,4,0,0
match-829da6be-2696,urzeitliche_kolosse,standard,1,1,1,5,6,10,5,14,0,4,2,10,0,0
match-09505601-2697,forschung_muskelkraft,standard,0,1,0,8,3,19,9,32,3,7,6,15,0,0
match-09505601-2697,urzeitliche_kolosse,standard,1,0,1,8,-5,13,9,32,4,8,2,7,0,2
match-9002e543-2698,forschung_muskelkraft,standard,0,1,0,13,1,22,12,44,34,10,13,15,0,0
match-9002e543-2698,urzeitliche_kolosse,standard,1,0,1,13,-5,18,16,53,29,15,5,9,0,1
match-16b59486-2699,forschung_muskelkraft,standard,0,0,0,7,0,17,7,23,3,5,3,8,0,0
match-16b59486-2699,urzeitliche_kolosse,standard,1,1,1,7,2,11,9,27,1,8,0,10,0,0
match-67d329b4-2700,forschung_muskelkraft,standard,0,1,0,7,1,14,6,22,3,6,6,10,0,0
match-67d329b4-2700,urzeitliche_kolosse,standard,1,0,1,7,0,11,8,23,5,8,2,9,0,0
match-ee85d8f6-2701,forschung_muskelkraft,standard,0,1,0,11,4,21,11,42,24,9,6,11,0,0
match-ee85d8f6-2701,urzeitliche_kolosse,standard,1,0,1,11,-1,15,10,42,23,10,4,6,0,0
match-75386839-2702,forschung_muskelkraft,standard,0,1,0,7,6,16,7,25,2,6,5,12,0,0
match-75386839-2702,urzeitliche_kolosse,standard,1,0,1,7,-2,11,7,24,4,7,1,4,0,0
match-fbeb177b-2703,forschung_muskelkraft,standard,0,0,0,6,0,16,7,20,1,5,3,7,0,0
match-fbeb177b-2703,urzeitliche_kolosse,standard,1,1,1,6,3,13,7,18,2,6,1,10,0,0
match-4d08acaa-2704,forschung_muskelkraft,standard,0,0,0,5,0,11,4,12,3,3,3,3,0,0
match-4d08acaa-2704,urzeitliche_kolosse,standard,1,1,1,5,7,10,5,14,1,5,0,10,0,0
match-d3bb5bec-2705,forschung_muskelkraft,standard,0,0,0,9,0,15,10,36,9,9,4,5,0,0
match-d3bb5bec-2705,urzeitliche_kolosse,standard,1,1,1,9,5,13,9,41,4,8,5,10,0,0
match-5a6deb2f-2706,forschung_muskelkraft,standard,0,0,0,8,0,18,7,23,5,5,5,8,0,0
match-5a6deb2f-2706,urzeitliche_kolosse,standard,1,1,1,8,2,14,8,26,2,7,0,10,0,0
match-e1209a71-2707,forschung_muskelkraft,standard,0,0,0,6,0,15,6,20,1,5,4,2,0,0
match-e1209a71-2707,urzeitliche_kolosse,standard,1,1,1,6,8,11,6,17,1,6,3,10,0,0
match-323e2fa0-2708,forschung_muskelkraft,standard,0,1,0,12,1,22,12,45,21,10,10,11,0,0
match-323e2fa0-2708,urzeitliche_kolosse,standard,1,0,1,12,-1,18,14,55,13,13,6,9,0,2
match-b8f0dee2-2709,forschung_muskelkraft,standard,0,0,0,12,0,22,14,56,20,12,10,5,0,0
match-b8f0dee2-2709,urzeitliche_kolosse,standard,1,1,1,12,5,18,15,58,19,14,9,10,0,2
match-3fa36e25-2710,forschung_muskelkraft,standard,0,0,0,8,0,19,10,33,2,8,5,0,0,0
match-3fa36e25-2710,urzeitliche_kolosse,standard,1,1,1,8,10,13,9,25,3,8,4,10,0,0
match-c6561d67-2711,forschung_muskelkraft,standard,0,0,0,12,0,23,15,57,15,13,8,0,0,0
match-c6561d67-2711,urzeitliche_kolosse,standard,1,1,1,12,10,15,13,54,16,13,8,10,0,1
match-1773b296-2712,forschung_muskelkraft,standard,0,1,0,6,5,13,6,19,2,5,3,10,0,0
match-1773b296-2712,urzeitliche_kolosse,standard,1,0,1,6,0,12,5,17,3,5,2,5,0,0
match-9e2641d8-2713,forschung_muskelkraft,standard,0,1,0,16,1,22,15,61,59,13,16,7,0,0
match-9e2641d8-2713,urzeitliche_kolosse,standard,1,0,1,16,0,21,19,70,53,18,10,6,0,3
match-24d8f11b-2714,forschung_muskelkraft,standard,0,0,0,10,-1,19,7,29,16,6,5,4,0,0
match-24d8f11b-2714,urzeitliche_kolosse,standard,1,1,1,10,6,15,10,42,10,9,1,11,0,2
match-ab8b805d-2715,forschung_muskelkraft,standard,0,1,0,12,3,21,12,46,26,10,11,10,0,0
match-ab8b805d-2715,urzeitliche_kolosse,standard,1,0,1,12,0,17,15,57,12,14,6,7,0,2
match-fca9358b-2716,forschung_muskelkraft,standard,0,0,0,9,0,15,9,30,6,7,6,9,0,0
match-fca9358b-2716,urzeitliche_kolosse,standard,1,1,1,9,1,14,10,41,4,10,2,10,0,1
match-835bc4ce-2717,forschung_muskelkraft,standard,0,0,0,12,0,18,16,58,15,14,9,5,0,0
match-835bc4ce-2717,urzeitliche_kolosse,standard,1,1,1,12,5,18,13,54,23,13,9,10,0,1
match-0a0e7411-2718,forschung_muskelkraft,standard,0,0,0,9,-3,19,10,34,3,8,7,8,0,0
match-0a0e7411-2718,urzeitliche_kolosse,standard,1,1,1,9,2,13,10,39,5,10,3,13,0,0
match-90c10353-2719,forschung_muskelkraft,standard,0,0,0,11,0,21,11,42,23,9,7,8,0,0
match-90c10353-2719,urzeitliche_kolosse,standard,1,1,1,11,2,18,13,49,13,12,4,10,0,1
match-e1deb881-2720,forschung_muskelkraft,standard,0,0,0,6,-2,12,7,19,1,6,3,8,0,0
match-e1deb881-2720,urzeitliche_kolosse,standard,1,1,1,6,2,11,6,17,3,5,2,12,0,0
match-689147c4-2721,forschung_muskelkraft,standard,0,0,0,9,-1,16,11,39,3,9,7,2,0,0
match-689147c4-2721,urzeitliche_kolosse,standard,1,1,1,9,8,15,10,37,7,9,4,11,0,0
match-ef43f706-2722,forschung_muskelkraft,standard,0,1,0,7,4,17,8,25,1,6,5,14,0,0
match-ef43f706-2722,urzeitliche_kolosse,standard,1,0,1,7,-4,14,8,26,2,7,2,6,0,0
match-75f68649-2723,forschung_muskelkraft,standard,0,1,0,13,1,22,11,48,36,9,11,12,0,0
match-75f68649-2723,urzeitliche_kolosse,standard,1,0,1,13,-2,19,16,59,23,15,5,9,0,3
match-c7143b77-2724,forschung_muskelkraft,standard,0,0,0,4,-1,11,2,6,4,2,1,0,0,0
match-c7143b77-2724,urzeitliche_kolosse,standard,1,1,1,4,10,10,4,10,0,4,1,11,0,0
match-4dc6caba-2725,forschung_muskelkraft,standard,0,0,0,10,-4,21,13,49,6,11,5,3,0,0
match-4dc6caba-2725,urzeitliche_kolosse,standard,1,1,1,10,7,15,11,44,10,10,6,14,0,2
match-d47979fc-2726,forschung_muskelkraft,standard,0,0,0,7,0,17,6,22,6,5,1,0,0,0
match-d47979fc-2726,urzeitliche_kolosse,standard,1,1,1,7,10,13,6,20,1,6,2,10,0,1
match-5b2c093f-2727,forschung_muskelkraft,standard,0,0,0,12,0,21,11,45,21,9,10,7,0,0
match-5b2c093f-2727,urzeitliche_kolosse,standard,1,1,1,12,3,16,13,52,18,13,4,10,0,0
match-ac49be6d-2728,forschung_muskelkraft,standard,0,1,0,8,1,17,8,30,4,7,5,13,0,0
match-ac49be6d-2728,urzeitliche_kolosse,standard,1,0,1,8,-3,13,8,35,1,7,2,9,0,0
match-32fc4db0-2729,forschung_muskelkraft,standard,0,1,0,13,10,23,14,54,28,12,12,11,0,0
match-32fc4db0-2729,urzeitliche_kolosse,standard,1,0,1,13,-1,17,16,57,28,15,7,0,0,1
match-b9aefcf2-2730,forschung_muskelkraft,standard,0,0,0,6,-3,12,5,19,2,5,2,0,0,0
match-b9aefcf2-2730,urzeitliche_kolosse,standard,1,1,1,6,10,12,5,20,1,5,3,13,0,0
match-40618c35-2731,forschung_muskelkraft,standard,0,0,0,6,-2,13,5,19,2,5,3,3,0,0
match-40618c35-2731,urzeitliche_kolosse,standard,1,1,1,6,7,11,6,16,2,6,3,12,0,0
match-917f2163-2732,forschung_muskelkraft,standard,0,0,0,4,0,10,2,6,4,2,0,0,0,0
match-917f2163-2732,urzeitliche_kolosse,standard,1,1,1,4,10,8,4,10,0,3,1,10,0,0
match-1831d0a6-2733,forschung_muskelkraft,standard,0,1,0,11,3,21,13,52,8,11,10,11,0,0
match-1831d0a6-2733,urzeitliche_kolosse,standard,1,0,1,11,-1,16,14,54,6,13,8,7,0,1
match-9ee47fe8-2734,forschung_muskelkraft,standard,0,0,0,9,-2,16,9,32,4,7,6,9,0,0
match-9ee47fe8-2734,urzeitliche_kolosse,standard,1,1,1,9,1,13,10,42,1,9,2,12,0,0
match-25970f2b-2735,forschung_muskelkraft,standard,0,1,0,11,1,22,12,42,13,10,11,13,0,0
match-25970f2b-2735,urzeitliche_kolosse,standard,1,0,1,11,-3,16,14,53,6,14,5,9,0,1
match-76b4a459-2736,forschung_muskelkraft,standard,0,0,0,7,0,17,7,25,2,6,3,6,0,0
match-76b4a459-2736,urzeitliche_kolosse,standard,1,1,1,7,4,12,6,25,3,6,3,10,0,1
match-fd67539b-2737,forschung_muskelkraft,standard,0,0,0,6,-2,14,5,19,2,5,4,7,0,0
match-fd67539b-2737,urzeitliche_kolosse,standard,1,1,1,6,3,12,6,20,0,6,1,12,0,1
match-8419e2de-2738,forschung_muskelkraft,standard,0,0,0,6,-2,14,5,17,3,4,3,3,0,0
match-8419e2de-2738,urzeitliche_kolosse,standard,1,1,1,6,7,11,5,15,3,5,1,12,0,0
match-0acc9221-2739,forschung_muskelkraft,standard,0,1,0,6,2,14,5,17,3,4,5,12,0,0
match-0acc9221-2739,urzeitliche_kolosse,standard,1,0,1,6,-2,11,6,17,3,6,1,8,0,0
match-5bea274f-2740,forschung_muskelkraft,standard,0,1,0,12,1,23,15,59,12,13,11,13,0,0
match-5bea274f-2740,urzeitliche_kolosse,standard,1,0,1,12,-3,19,15,62,13,15,8,9,0,0
match-e29cd691-2741,forschung_muskelkraft,standard,0,1,0,6,4,12,6,20,1,5,3,10,0,0
match-e29cd691-2741,urzeitliche_kolosse,standard,1,0,1,6,0,11,5,17,2,5,1,6,0,1
match-694f65d4-2742,forschung_muskelkraft,standard,0,1,0,8,2,18,8,30,3,7,8,11,0,0
match-694f65d4-2742,urzeitliche_kolosse,standard,1,0,1,8,-1,13,11,28,4,10,2,8,0,1
match-f0021516-2743,forschung_muskelkraft,standard,0,0,0,15,-2,21,15,60,45,13,8,5,0,0
match-f0021516-2743,urzeitliche_kolosse,standard,1,1,1,15,5,20,14,65,40,13,8,12,0,3
match-411faa45-2744,forschung_muskelkraft,standard,0,1,0,8,4,17,8,31,5,7,5,11,0,0
match-411faa45-2744,urzeitliche_kolosse,standard,1,0,1,8,-1,13,10,32,3,9,2,6,0,1
match-c7d25987-2745,forschung_muskelkraft,standard,0,1,0,6,6,13,6,19,1,5,3,11,0,0
match-c7d25987-2745,urzeitliche_kolosse,standard,1,0,1,6,-1,12,6,18,2,5,1,4,0,0
match-4e84e8ca-2746,forschung_muskelkraft,standard,0,1,0,8,7,16,8,29,4,7,4,12,0,0
match-4e84e8ca-2746,urzeitliche_kolosse,standard,1,0,1,8,-2,14,7,34,2,7,2,3,0,1
match-d537980c-2747,forschung_muskelkraft,standard,0,1,0,8,4,16,7,30,6,7,7,10,0,0
match-d537980c-2747,urzeitliche_kolosse,standard,1,0,1,8,0,13,10,32,3,9,3,6,0,0
match-26552d3b-2748,forschung_muskelkraft,standard,0,0,0,5,0,11,3,11,4,3,2,0,0,0
match-26552d3b-2748,urzeitliche_kolosse,standard,1,1,1,5,10,10,4,13,2,4,1,10,0,0
match-ad07dc7d-2749,forschung_muskelkraft,standard,0,0,0,9,0,18,10,38,4,9,6,5,0,0
match-ad07dc7d-2749,urzeitliche_kolosse,standard,1,1,1,9,5,14,11,42,0,10,4,10,0,1
match-33ba6bc0-2750,forschung_muskelkraft,standard,0,0,0,10,-4,19,9,32,14,7,5,5,0,0
match-33ba6bc0-2750,urzeitliche_kolosse,standard,1,1,1,10,5,15,10,38,11,9,2,14,0,1
match-ba6d1b02-2751,forschung_muskelkraft,standard,0,1,0,12,3,23,17,65,5,15,12,10,0,0
match-ba6d1b02-2751,urzeitliche_kolosse,standard,1,0,1,12,0,17,15,57,16,14,10,7,0,1
match-0b8ab031-2752,forschung_muskelkraft,standard,0,0,0,17,0,23,17,69,71,15,17,5,0,0
match-0b8ab031-2752,urzeitliche_kolosse,standard,1,1,1,17,2,22,20,78,62,19,10,7,0,1
match-923d5f73-2753,forschung_muskelkraft,standard,0,1,0,6,7,14,5,17,3,4,2,11,0,0
match-923d5f73-2753,urzeitliche_kolosse,standard,1,0,1,6,-1,11,5,18,3,5,2,3,0,0
match-18efeeb6-2754,forschung_muskelkraft,standard,0,0,0,8,0,17,9,29,5,7,7,5,0,0
match-18efeeb6-2754,urzeitliche_kolosse,standard,1,1,1,8,5,13,9,32,3,9,2,10,0,1
match-9fa29df8-2755,forschung_muskelkraft,standard,0,0,0,9,-3,18,9,31,5,7,6,9,0,0
match-9fa29df8-2755,urzeitliche_kolosse,standard,1,1,1,9,1,14,9,36,7,9,2,13,0,0
match-e4d02f5c-2756,forschung_muskelkraft,standard,0,0,0,10,-3,20,11,39,7,9,6,7,0,0
match-e4d02f5c-2756,urzeitliche_kolosse,standard,1,1,1,10,3,16,9,39,10,9,4,13,0,0
match-6b82de9f-2757,forschung_muskelkraft,standard,0,0,0,10,-2,18,10,36,9,8,10,6,0,0
match-6b82de9f-2757,urzeitliche_kolosse,standard,1,1,1,10,4,15,12,40,5,11,3,12,0,1
match-f2356de1-2758,forschung_muskelkraft,standard,0,0,0,7,-1,18,8,26,2,7,6,8,0,0
match-f2356de1-2758,urzeitliche_kolosse,standard,1,1,1,7,2,12,10,27,0,9,5,11,0,0
match-78e81d24-2759,forschung_muskelkraft,standard,0,1,0,12,2,23,12,44,28,10,11,11,0,0
match-78e81d24-2759,urzeitliche_kolosse,standard,1,0,1,12,-1,16,15,59,14,15,5,8,0,0
match-ca05b252-2760,forschung_muskelkraft,standard,0,0,0,9,-1,18,9,32,4,8,4,4,0,0
match-ca05b252-2760,urzeitliche_kolosse,standard,1,1,1,9,6,15,8,36,3,8,3,11,0,0
match-50b84195-2761,forschung_muskelkraft,standard,0,0,0,10,-1,19,8,30,21,6,2,0,0,0
match-50b84195-2761,urzeitliche_kolosse,standard,1,1,1,10,10,15,7,29,23,7,1,11,0,0
match-d76af0d7-2762,forschung_muskelkraft,standard,0,1,0,8,3,16,9,30,3,7,5,10,0,0
match-d76af0d7-2762,urzeitliche_kolosse,standard,1,0,1,8,0,11,7,33,3,7,3,7,0,1
match-5e1d801a-2763,forschung_muskelkraft,standard,0,1,0,7,2,14,6,25,2,6,4,13,0,0
match-5e1d801a-2763,urzeitliche_kolosse,standard,1,0,1,7,-3,11,7,25,3,6,3,8,0,0
match-af3b3548-2764,forschung_muskelkraft,standard,0,0,0,9,-2,17,9,33,3,7,6,8,0,0
match-af3b3548-2764,urzeitliche_kolosse,standard,1,1,1,9,2,13,9,38,2,9,2,12,0,1
match-35edc48b-2765,forschung_muskelkraft,standard,0,0,0,8,-1,14,9,33,3,8,5,5,0,0
match-35edc48b-2765,urzeitliche_kolosse,standard,1,1,1,8,5,13,9,33,3,8,5,11,0,0
match-bca073cd-2766,forschung_muskelkraft,standard,0,0,0,10,-2,20,10,41,9,9,5,8,0,0
match-bca073cd-2766,urzeitliche_kolosse,standard,1,1,1,10,2,15,9,38,12,9,4,12,0,0
match-43530310-2767,forschung_muskelkraft,standard,0,0,0,8,-2,15,10,34,2,9,4,8,0,0
match-43530310-2767,urzeitliche_kolosse,standard,1,1,1,8,2,11,9,35,1,8,6,12,0,4
match-9470b83e-2768,forschung_muskelkraft,standard,0,1,0,8,1,18,10,33,2,8,6,10,0,0
match-9470b83e-2768,urzeitliche_kolosse,standard,1,0,1,8,0,13,10,33,2,10,3,9,0,1
match-1b234781-2769,forschung_muskelkraft,standard,0,1,0,10,2,21,11,38,7,9,9,14,0,0
match-1b234781-2769,urzeitliche_kolosse,standard,1,0,1,10,-4,14,12,43,9,11,4,8,0,1
match-a1d5f6c3-2770,forschung_muskelkraft,standard,0,0,0,16,0,22,11,43,77,9,15,0,0,0
match-a1d5f6c3-2770,urzeitliche_kolosse,standard,1,1,1,16,7,22,19,71,53,18,4,7,0,1
match-28888606-2771,forschung_muskelkraft,standard,0,0,0,9,0,19,12,41,4,10,4,0,0,0
match-28888606-2771,urzeitliche_kolosse,standard,1,1,1,9,10,15,10,32,10,9,6,10,0,0
match-79a63b34-2772,forschung_muskelkraft,standard,0,0,0,8,-3,16,9,34,2,8,3,4,0,0
match-79a63b34-2772,urzeitliche_kolosse,standard,1,1,1,8,6,13,7,30,5,6,4,13,0,3
match-0058ca77-2773,forschung_muskelkraft,standard,0,0,0,6,-1,13,6,19,2,5,3,0,0,0
match-0058ca77-2773,urzeitliche_kolosse,standard,1,1,1,6,10,11,6,19,2,5,3,11,0,0
match-870b79b9-2774,forschung_muskelkraft,standard,0,1,0,13,4,23,15,57,26,13,11,13,0,0
match-870b79b9-2774,urzeitliche_kolosse,standard,1,0,1,13,-3,19,16,66,16,15,8,6,0,0
match-0dbe08fc-2775,forschung_muskelkraft,standard,0,1,0,9,4,17,11,38,3,9,6,12,0,0
match-0dbe08fc-2775,urzeitliche_kolosse,standard,1,0,1,9,-2,14,10,38,5,10,4,6,0,0
match-5edbbe2a-2776,forschung_muskelkraft,standard,0,0,0,11,-1,22,14,53,13,12,8,0,0,0
match-5edbbe2a-2776,urzeitliche_kolosse,standard,1,1,1,11,10,15,14,49,7,13,7,11,0,0
match-e58e4d6c-2777,forschung_muskelkraft,standard,0,1,0,11,3,22,15,53,7,13,7,10,0,0
match-e58e4d6c-2777,urzeitliche_kolosse,standard,1,0,1,11,0,17,12,48,15,12,8,7,0,0
match-6c40fcaf-2778,forschung_muskelkraft,standard,0,1,0,15,4,22,15,61,48,13,14,9,0,0
match-6c40fcaf-2778,urzeitliche_kolosse,standard,1,0,1,15,0,21,18,70,42,17,9,5,0,4
match-f2f38bf1-2779,forschung_muskelkraft,standard,0,1,0,6,4,14,7,20,1,6,4,10,0,0
match-f2f38bf1-2779,urzeitliche_kolosse,standard,1,0,1,6,0,10,7,16,1,6,3,6,0,0
match-44112120-2780,forschung_muskelkraft,standard,0,0,0,6,-2,14,3,15,6,3,1,0,0,0
match-44112120-2780,urzeitliche_kolosse,standard,1,1,1,6,10,12,5,15,3,5,0,12,0,0
match-cac3d062-2781,forschung_muskelkraft,standard,0,0,0,15,0,23,16,65,44,14,14,5,0,0
match-cac3d062-2781,urzeitliche_kolosse,standard,1,1,1,15,4,20,18,72,36,17,11,9,0,4
match-51767fa5-2782,forschung_muskelkraft,standard,0,0,0,6,0,14,6,20,1,5,2,6,0,0
match-51767fa5-2782,urzeitliche_kolosse,standard,1,1,1,6,4,10,6,20,1,6,1,10,0,0
match-d8290ee7-2783,forschung_muskelkraft,standard,0,1,0,6,2,13,5,17,3,4,4,13,0,0
match-d8290ee7-2783,urzeitliche_kolosse,standard,1,0,1,6,-3,11,7,20,0,7,0,8,0,1
match-2946a416-2784,forschung_muskelkraft,standard,0,0,0,9,0,19,11,40,2,9,8,6,0,0
match-2946a416-2784,urzeitliche_kolosse,standard,1,1,1,9,4,15,10,40,4,10,4,10,0,0
match-aff95358-2785,forschung_muskelkraft,standard,0,0,0,7,-2,17,8,26,1,6,4,6,0,0
match-aff95358-2785,urzeitliche_kolosse,standard,1,1,1,7,4,13,7,24,4,7,2,12,0,1
match-36abe29b-2786,forschung_muskelkraft,standard,0,1,0,7,2,19,9,27,1,7,3,10,0,0
match-36abe29b-2786,urzeitliche_kolosse,standard,1,0,1,7,0,12,7,27,1,7,4,8,0,0
match-bd5e91dd-2787,forschung_muskelkraft,standard,0,0,0,12,-1,21,12,47,29,10,8,0,0,0
match-bd5e91dd-2787,urzeitliche_kolosse,standard,1,1,1,12,10,17,14,58,19,13,5,11,0,0
match-0e7c270c-2788,forschung_muskelkraft,standard,0,0,0,7,-2,14,7,26,2,7,5,5,0,0
match-0e7c270c-2788,urzeitliche_kolosse,standard,1,1,1,7,5,13,8,27,1,8,4,12,0,0
match-952ed64e-2789,forschung_muskelkraft,standard,0,0,0,9,-4,20,10,37,6,8,4,5,0,0
match-952ed64e-2789,urzeitliche_kolosse,standard,1,1,1,9,5,15,10,40,5,9,3,14,0,0
match-1be16591-2790,forschung_muskelkraft,standard,0,1,0,15,1,23,13,53,52,11,15,13,0,0
match-1be16591-2790,urzeitliche_kolosse,standard,1,0,1,15,-3,20,18,68,42,17,6,9,0,1
match-a29414d3-2791,forschung_muskelkraft,standard,0,0,0,11,-1,21,14,53,7,12,11,9,0,0
match-a29414d3-2791,urzeitliche_kolosse,standard,1,1,1,11,1,15,14,56,6,13,8,11,0,0
match-f3b1aa01-2792,forschung_muskelkraft,standard,0,0,0,10,0,21,13,50,5,11,6,8,0,0
match-f3b1aa01-2792,urzeitliche_kolosse,standard,1,1,1,10,2,15,12,43,11,11,6,10,0,0
match-7a645944-2793,forschung_muskelkraft,standard,0,0,0,6,0,16,6,19,2,5,2,6,0,0
match-7a645944-2793,urzeitliche_kolosse,standard,1,1,1,6,4,11,6,19,2,6,1,10,0,0
match-0116e887-2794,forschung_muskelkraft,standard,0,0,0,9,-5,19,9,36,6,8,6,8,0,0
match-0116e887-2794,urzeitliche_kolosse,standard,1,1,1,9,2,14,11,41,2,10,3,15,0,0
match-87c997c9-2795,forschung_muskelkraft,standard,0,1,0,10,4,21,12,48,6,11,11,13,0,0
match-87c997c9-2795,urzeitliche_kolosse,standard,1,0,1,10,-3,15,13,42,7,12,6,6,0,2
match-d8e72cf7-2796,forschung_muskelkraft,standard,0,1,0,7,4,17,7,24,2,6,4,14,0,0
match-d8e72cf7-2796,urzeitliche_kolosse,standard,1,0,1,7,-4,13,7,25,3,7,1,6,0,0
match-5f99dc3a-2797,forschung_muskelkraft,standard,0,0,0,7,-2,15,7,24,2,5,5,8,0,0
match-5f99dc3a-2797,urzeitliche_kolosse,standard,1,1,1,7,2,11,8,27,1,8,2,12,0,1
match-e64c6b7c-2798,forschung_muskelkraft,standard,0,0,0,15,0,23,20,75,42,18,13,7,0,0
match-e64c6b7c-2798,urzeitliche_kolosse,standard,1,1,1,15,2,21,18,66,44,17,14,9,0,3
match-6cff1abf-2799,forschung_muskelkraft,standard,0,0,0,9,-1,17,11,41,4,9,3,3,0,0
match-6cff1abf-2799,urzeitliche_kolosse,standard,1,1,1,9,7,14,9,34,2,8,5,11,0,0
match-be1cafed-2800,forschung_muskelkraft,standard,0,1,0,5,4,11,4,13,2,4,3,11,0,0
match-be1cafed-2800,urzeitliche_kolosse,standard,1,0,1,5,-1,9,5,10,5,4,2,6,0,0
match-44cf5f30-2801,forschung_muskelkraft,standard,0,0,0,9,-2,18,7,25,11,6,4,7,0,0
match-44cf5f30-2801,urzeitliche_kolosse,standard,1,1,1,9,3,15,9,37,3,8,1,12,0,1
match-cb81ee72-2802,forschung_muskelkraft,standard,0,0,0,8,0,15,10,34,1,9,5,5,0,0
match-cb81ee72-2802,urzeitliche_kolosse,standard,1,1,1,8,5,12,8,32,3,8,6,10,0,2
match-52349db5-2803,forschung_muskelkraft,standard,0,0,0,3,-1,9,3,5,1,2,0,3,0,0
match-52349db5-2803,urzeitliche_kolosse,standard,1,1,1,3,7,8,3,6,0,2,0,11,0,0
match-a35232e3-2804,forschung_muskelkraft,standard,0,0,0,15,-1,22,20,75,32,18,10,6,0,0
match-a35232e3-2804,urzeitliche_kolosse,standard,1,1,1,15,4,21,15,65,46,15,13,11,0,1
match-2a04c226-2805,forschung_muskelkraft,standard,0,0,0,9,-4,19,8,28,8,7,6,7,0,0
match-2a04c226-2805,urzeitliche_kolosse,standard,1,1,1,9,3,14,10,38,4,10,2,14,0,1
match-b0b77168-2806,forschung_muskelkraft,standard,0,1,0,8,1,14,10,34,2,8,4,12,0,0
match-b0b77168-2806,urzeitliche_kolosse,standard,1,0,1,8,-2,13,8,30,6,7,4,9,0,0
match-376a00ab-2807,forschung_muskelkraft,standard,0,0,0,5,0,11,2,9,6,2,0,0,0,0
match-376a00ab-2807,urzeitliche_kolosse,standard,1,1,1,5,10,9,5,12,2,5,0,10,0,0
match-8887b5d9-2808,forschung_muskelkraft,standard,0,0,0,12,0,22,11,43,34,9,11,4,0,0
match-8887b5d9-2808,urzeitliche_kolosse,standard,1,1,1,12,6,16,15,58,16,14,4,10,0,0
match-0f3a451c-2809,forschung_muskelkraft,standard,0,0,0,9,-3,16,7,25,11,6,5,9,0,0
match-0f3a451c-2809,urzeitliche_kolosse,standard,1,1,1,9,1,15,10,35,5,9,1,13,0,0
match-95ecf45e-2810,forschung_muskelkraft,standard,0,1,0,12,4,22,10,40,31,8,10,11,0,0
match-95ecf45e-2810,urzeitliche_kolosse,standard,1,0,1,12,-1,17,15,54,13,14,3,6,0,1
match-1c9f83a1-2811,forschung_muskelkraft,standard,0,1,0,14,5,22,14,56,36,12,13,12,0,0
match-1c9f83a1-2811,urzeitliche_kolosse,standard,1,0,1,14,-2,19,17,59,36,16,8,5,0,1
match-6dbd38cf-2812,forschung_muskelkraft,standard,0,0,0,10,-1,20,11,42,8,9,4,0,0,0
match-6dbd38cf-2812,urzeitliche_kolosse,standard,1,1,1,10,10,15,10,34,14,9,4,11,0,0
match-f46fc811-2813,forschung_muskelkraft,standard,0,1,0,12,4,18,13,46,20,11,11,10,0,0
match-f46fc811-2813,urzeitliche_kolosse,standard,1,0,1,12,0,18,15,55,19,14,6,6,0,0
match-7b227754-2814,forschung_muskelkraft,standard,0,1,0,16,5,22,17,67,57,15,15,11,0,0
match-7b227754-2814,urzeitliche_kolosse,standard,1,0,1,16,-2,20,19,75,48,18,10,4,0,1
match-01d50697-2815,forschung_muskelkraft,standard,0,1,0,14,1,22,15,58,33,13,11,13,0,0
match-01d50697-2815,urzeitliche_kolosse,standard,1,0,1,14,-3,18,17,67,31,16,9,9,0,1
match-52f2bbc5-2816,forschung_muskelkraft,standard,0,0,0,9,-1,17,10,36,5,8,8,7,0,0
match-52f2bbc5-2816,urzeitliche_kolosse,standard,1,1,1,9,3,13,11,43,0,10,3,11,0,0
match-d9a54b07-2817,forschung_muskelkraft,standard,0,1,0,13,5,21,14,57,26,12,11,12,0,0
match-d9a54b07-2817,urzeitliche_kolosse,standard,1,0,1,13,-2,18,16,61,24,15,7,5,0,0
match-6057fa4a-2818,forschung_muskelkraft,standard,0,1,0,7,6,14,6,24,3,6,6,13,0,0
match-6057fa4a-2818,urzeitliche_kolosse,standard,1,0,1,7,-3,12,9,27,1,8,2,4,0,1
match-e70a898c-2819,forschung_muskelkraft,standard,0,1,0,6,3,14,6,19,2,5,2,11,0,0
match-e70a898c-2819,urzeitliche_kolosse,standard,1,0,1,6,-1,12,6,19,1,6,1,7,0,0
match-91783ffe-2820,forschung_muskelkraft,standard,0,0,0,13,-3,20,13,49,29,11,9,9,0,0
match-91783ffe-2820,urzeitliche_kolosse,standard,1,1,1,13,1,19,13,56,26,12,6,13,0,3
match-182acf41-2821,forschung_muskelkraft,standard,0,0,0,5,-1,11,5,14,1,4,4,0,0,0
match-182acf41-2821,urzeitliche_kolosse,standard,1,1,1,5,10,10,6,14,1,5,3,11,0,0
match-9edd7e83-2822,forschung_muskelkraft,standard,0,0,0,16,0,21,12,51,69,10,16,4,0,0
match-9edd7e83-2822,urzeitliche_kolosse,standard,1,1,1,16,3,21,18,75,45,18,6,7,0,1
match-25900dc6-2823,forschung_muskelkraft,standard,0,0,0,6,0,16,6,19,1,5,3,2,0,0
match-25900dc6-2823,urzeitliche_kolosse,standard,1,1,1,6,8,12,6,21,0,6,1,10,0,0
match-76ada2f4-2824,forschung_muskelkraft,standard,0,0,0,8,-2,18,7,25,3,7,6,8,0,0
match-76ada2f4-2824,urzeitliche_kolosse,standard,1,1,1,8,2,14,8,31,3,8,2,12,0,1
match-fd605236-2825,forschung_muskelkraft,standard,0,0,0,10,-1,20,9,31,14,8,9,9,0,0
match-fd605236-2825,urzeitliche_kolosse,standard,1,1,1,10,1,16,13,46,6,12,4,11,0,0
match-8412e179-2826,forschung_muskelkraft,standard,0,0,0,7,0,14,9,27,1,7,5,6,0,0
match-8412e179-2826,urzeitliche_kolosse,standard,1,1,1,7,4,12,7,25,3,7,3,10,0,0
match-0ac590bc-2827,forschung_muskelkraft,standard,0,1,0,10,6,16,13,45,4,11,10,10,0,0
match-0ac590bc-2827,urzeitliche_kolosse,standard,1,0,1,10,0,16,13,43,4,12,6,4,0,1
match-5be325ea-2828,forschung_muskelkraft,standard,0,1,0,11,2,22,13,48,7,11,10,10,0,0
match-5be325ea-2828,urzeitliche_kolosse,standard,1,0,1,11,0,15,14,51,13,13,6,8,0,0
match-e295d52c-2829,forschung_muskelkraft,standard,0,1,0,9,2,17,8,31,11,6,8,15,0,0
match-e295d52c-2829,urzeitliche_kolosse,standard,1,0,1,9,-5,13,10,38,5,9,1,8,0,0
match-6948646f-2830,forschung_muskelkraft,standard,0,1,0,7,3,13,7,23,3,5,5,10,0,0
match-6948646f-2830,urzeitliche_kolosse,standard,1,0,1,7,0,13,7,23,5,7,1,7,0,0
match-effb13b1-2831,forschung_muskelkraft,standard,0,1,0,9,3,17,10,37,5,8,4,11,0,0
match-effb13b1-2831,urzeitliche_kolosse,standard,1,0,1,9,-1,15,10,35,9,9,3,7,0,1
match-4118a8e0-2832,forschung_muskelkraft,standard,0,1,0,8,2,18,9,31,5,7,5,11,0,0
match-4118a8e0-2832,urzeitliche_kolosse,standard,1,0,1,8,-1,14,9,35,1,8,2,8,0,0
match-c7cb5822-2833,forschung_muskelkraft,standard,0,1,0,7,3,13,8,27,1,6,6,12,0,0
match-c7cb5822-2833,urzeitliche_kolosse,standard,1,0,1,7,-2,12,8,22,5,8,3,7,0,0
match-4e7de765-2834,forschung_muskelkraft,standard,0,0,0,10,-4,21,8,30,20,7,6,6,0,0
match-4e7de765-2834,urzeitliche_kolosse,standard,1,1,1,10,4,15,10,42,10,9,2,14,0,1
match-d53096a7-2835,forschung_muskelkraft,standard,0,0,0,6,-3,12,7,19,2,5,3,4,0,0
match-d53096a7-2835,urzeitliche_kolosse,standard,1,1,1,6,6,11,6,18,3,6,1,13,0,0
match-264e2bd6-2836,forschung_muskelkraft,standard,0,1,0,7,2,15,6,24,2,6,4,14,0,0
match-264e2bd6-2836,urzeitliche_kolosse,standard,1,0,1,7,-4,13,6,25,3,6,3,8,0,0
match-ad00db18-2837,forschung_muskelkraft,standard,0,1,0,13,3,24,18,67,11,16,13,12,0,0
match-ad00db18-2837,urzeitliche_kolosse,standard,1,0,1,13,-2,18,16,65,15,15,11,7,0,1
match-33b36a5b-2838,forschung_muskelkraft,standard,0,1,0,10,3,21,11,42,8,9,8,10,0,0
match-33b36a5b-2838,urzeitliche_kolosse,standard,1,0,1,10,0,14,12,43,11,12,4,7,0,0
match-ba66199d-2839,forschung_muskelkraft,standard,0,0,0,8,-3,19,10,33,2,8,4,5,0,0
match-ba66199d-2839,urzeitliche_kolosse,standard,1,1,1,8,5,14,9,34,1,8,4,13,0,0
match-0b83aecc-2840,forschung_muskelkraft,standard,0,1,0,16,3,22,17,67,62,15,13,10,0,0
match-0b83aecc-2840,urzeitliche_kolosse,standard,1,0,1,16,-1,21,19,71,50,18,10,6,0,5
match-92365e0e-2841,forschung_muskelkraft,standard,0,0,0,8,-2,15,7,26,2,6,7,8,0,0
match-92365e0e-2841,urzeitliche_kolosse,standard,1,1,1,8,2,12,9,26,2,9,1,12,0,0
match-18e8ed51-2842,forschung_muskelkraft,standard,0,0,0,9,-2,21,9,27,9,7,8,6,0,0
match-18e8ed51-2842,urzeitliche_kolosse,standard,1,1,1,9,4,12,10,41,2,10,3,12,0,2
match-9f9b9c93-2843,forschung_muskelkraft,standard,0,0,0,11,-1,23,12,43,12,10,8,9,0,0
match-9f9b9c93-2843,urzeitliche_kolosse,standard,1,1,1,11,1,14,13,53,6,12,7,11,0,0
match-f0b931c1-2844,forschung_muskelkraft,standard,0,1,0,11,1,21,12,48,12,10,9,11,0,0
match-f0b931c1-2844,urzeitliche_kolosse,standard,1,0,1,11,-1,16,14,52,7,13,6,9,0,1
match-776bc104-2845,forschung_muskelkraft,standard,0,0,0,3,-1,9,3,5,1,2,0,2,0,0
match-776bc104-2845,urzeitliche_kolosse,standard,1,1,1,3,8,9,3,5,0,2,0,11,0,0
match-fe1e7046-2846,forschung_muskelkraft,standard,0,0,0,6,-2,16,6,18,3,4,2,0,0,0
match-fe1e7046-2846,urzeitliche_kolosse,standard,1,1,1,6,10,11,5,17,3,5,1,12,0,0
match-84d11f89-2847,forschung_muskelkraft,standard,0,1,0,12,8,18,12,45,25,10,12,12,0,0
match-84d11f89-2847,urzeitliche_kolosse,standard,1,0,1,12,-2,17,15,54,20,14,5,2,0,1
match-d5eeb4b7-2848,forschung_muskelkraft,standard,0,0,0,9,-2,17,10,34,10,8,5,6,0,0
match-d5eeb4b7-2848,urzeitliche_kolosse,standard,1,1,1,9,4,14,10,40,5,10,5,12,0,1
match-5ca143fa-2849,forschung_muskelkraft,standard,0,0,0,8,-1,17,9,30,3,7,6,4,0,0
match-5ca143fa-2849,urzeitliche_kolosse,standard,1,1,1,8,6,13,9,32,3,9,2,11,0,0
match-e353f33c-2850,forschung_muskelkraft,standard,0,0,0,10,-2,18,12,43,12,10,4,6,0,0
match-e353f33c-2850,urzeitliche_kolosse,standard,1,1,1,10,4,16,10,40,7,9,5,12,0,2
match-6a06827f-2851,forschung_muskelkraft,standard,0,1,0,7,6,18,7,24,2,6,4,10,0,0
match-6a06827f-2851,urzeitliche_kolosse,standard,1,0,1,7,0,11,7,24,4,7,2,4,0,0
match-bb2437ad-2852,forschung_muskelkraft,standard,0,1,0,6,6,13,6,19,1,5,4,10,0,0
match-bb2437ad-2852,urzeitliche_kolosse,standard,1,0,1,6,0,10,6,18,3,5,1,4,0,0
match-41d6c6f0-2853,forschung_muskelkraft,standard,0,0,0,6,-3,14,5,17,4,4,4,5,0,0
match-41d6c6f0-2853,urzeitliche_kolosse,standard,1,1,1,6,5,12,7,19,1,7,2,13,0,0
match-c8897632-2854,forschung_muskelkraft,standard,0,0,0,4,-2,10,2,6,4,2,0,6,0,0
match-c8897632-2854,urzeitliche_kolosse,standard,1,1,1,4,4,10,3,8,1,3,0,12,0,0
match-4f3c0575-2855,forschung_muskelkraft,standard,0,1,0,13,3,23,14,56,28,12,14,14,0,0
match-4f3c0575-2855,urzeitliche_kolosse,standard,1,0,1,13,-4,19,16,68,15,16,7,7,0,5
match-a059baa3-2856,forschung_muskelkraft,standard,0,1,0,7,4,13,7,24,3,6,5,13,0,0
match-a059baa3-2856,urzeitliche_kolosse,standard,1,0,1,7,-3,13,7,24,4,7,1,6,0,0
match-270c49e6-2857,forschung_muskelkraft,standard,0,0,0,5,0,12,5,14,1,4,1,4,0,0
match-270c49e6-2857,urzeitliche_kolosse,standard,1,1,1,5,6,11,5,13,2,4,2,10,0,0
match-adbef928-2858,forschung_muskelkraft,standard,0,1,0,7,4,13,7,25,2,6,4,11,0,0
match-adbef928-2858,urzeitliche_kolosse,standard,1,0,1,7,-1,13,7,25,3,7,2,6,0,3
match-3471886b-2859,forschung_muskelkraft,standard,0,1,0,16,1,22,20,75,45,18,12,10,0,0
match-3471886b-2859,urzeitliche_kolosse,standard,1,0,1,16,-1,22,18,74,54,17,15,8,0,3
match-858f3d99-2860,forschung_muskelkraft,standard,0,1,0,6,4,11,7,20,1,6,4,10,0,0
match-858f3d99-2860,urzeitliche_kolosse,standard,1,0,1,6,0,12,6,17,2,6,1,6,0,0
match-0c41ccdc-2861,forschung_muskelkraft,standard,0,0,0,6,0,12,6,18,2,4,3,4,0,0
match-0c41ccdc-2861,urzeitliche_kolosse,standard,1,1,1,6,6,11,5,18,3,5,1,10,0,0
match-92f47c1e-2862,forschung_muskelkraft,standard,0,0,0,5,0,12,4,13,2,4,1,0,0,0
match-92f47c1e-2862,urzeitliche_kolosse,standard,1,1,1,5,10,10,5,13,2,5,1,10,0,0
match-19a70b61-2863,forschung_muskelkraft,standard,0,0,0,12,-2,23,12,46,25,10,10,0,0,0
match-19a70b61-2863,urzeitliche_kolosse,standard,1,1,1,12,10,17,14,57,13,14,5,12,0,1
match-6ac4a08f-2864,forschung_muskelkraft,standard,0,1,0,13,5,23,15,61,27,13,9,13,0,0
match-6ac4a08f-2864,urzeitliche_kolosse,standard,1,0,1,13,-3,17,15,62,28,14,8,5,0,2
match-f1774fd1-2865,forschung_muskelkraft,standard,0,0,0,5,0,11,5,14,1,4,2,0,0,0
match-f1774fd1-2865,urzeitliche_kolosse,standard,1,1,1,5,10,10,6,14,1,5,2,10,0,0
match-7829ff14-2866,forschung_muskelkraft,standard,0,1,0,7,1,15,7,26,1,6,4,11,0,0
match-7829ff14-2866,urzeitliche_kolosse,standard,1,0,1,7,-1,12,8,24,4,7,2,9,0,1
match-fedc8e56-2867,forschung_muskelkraft,standard,0,0,0,17,-2,22,13,53,83,11,14,2,0,0
match-fedc8e56-2867,urzeitliche_kolosse,standard,1,1,1,17,2,23,19,76,68,18,7,6,0,2
match-4ffa2385-2868,forschung_muskelkraft,standard,0,1,0,8,1,18,8,27,6,6,3,12,0,0
match-4ffa2385-2868,urzeitliche_kolosse,standard,1,0,1,8,-2,12,7,31,5,7,1,9,0,1
match-d6acd2c7-2869,forschung_muskelkraft,standard,0,1,0,14,7,22,16,65,35,14,14,12,0,0
match-d6acd2c7-2869,urzeitliche_kolosse,standard,1,0,1,14,-2,20,17,69,29,16,9,3,0,3
match-5d5f620a-2870,forschung_muskelkraft,standard,0,0,0,8,-2,15,8,26,2,6,2,8,0,0
match-5d5f620a-2870,urzeitliche_kolosse,standard,1,1,1,8,2,14,6,24,4,6,1,12,0,2
match-e412114c-2871,forschung_muskelkraft,standard,0,0,0,4,-1,11,3,8,2,3,0,0,0,0
match-e412114c-2871,urzeitliche_kolosse,standard,1,1,1,4,10,8,4,10,0,4,1,11,0,0
match-352fa67b-2872,forschung_muskelkraft,standard,0,1,0,7,3,18,8,26,1,6,6,10,0,0
match-352fa67b-2872,urzeitliche_kolosse,standard,1,0,1,7,0,12,8,23,5,7,3,7,0,0
match-bbe255bd-2873,forschung_muskelkraft,standard,0,1,0,9,5,17,11,40,5,9,9,13,0,0
match-bbe255bd-2873,urzeitliche_kolosse,standard,1,0,1,9,-3,13,11,37,6,10,5,5,0,0
match-4294e500-2874,forschung_muskelkraft,standard,0,0,0,10,-1,20,12,44,7,10,8,8,0,0
match-4294e500-2874,urzeitliche_kolosse,standard,1,1,1,10,2,13,12,43,7,11,5,11,0,2
match-c9479442-2875,forschung_muskelkraft,standard,0,1,0,12,1,23,14,54,17,12,10,13,0,0
match-c9479442-2875,urzeitliche_kolosse,standard,1,0,1,12,-3,17,15,57,16,14,7,9,0,4
match-1a652971-2876,forschung_muskelkraft,standard,0,1,0,8,5,18,10,33,1,8,8,13,0,0
match-1a652971-2876,urzeitliche_kolosse,standard,1,0,1,8,-3,12,9,32,4,9,3,5,0,0
match-a117d8b3-2877,forschung_muskelkraft,standard,0,0,0,13,-3,22,13,47,31,11,12,8,0,0
match-a117d8b3-2877,urzeitliche_kolosse,standard,1,1,1,13,2,18,16,60,22,16,6,13,0,3
match-27ca67f6-2878,forschung_muskelkraft,standard,0,1,0,11,1,21,12,44,11,10,12,12,0,0
match-27ca67f6-2878,urzeitliche_kolosse,standard,1,0,1,11,-2,17,14,55,3,13,7,9,0,0
match-ae7d1738-2879,forschung_muskelkraft,standard,0,0,0,15,0,22,18,69,40,16,12,8,0,0
match-ae7d1738-2879,urzeitliche_kolosse,standard,1,1,1,15,1,19,17,71,42,16,13,9,0,3
match-ff9aac66-2880,forschung_muskelkraft,standard,0,0,0,4,-1,11,4,8,2,2,0,0,0,0
match-ff9aac66-2880,urzeitliche_kolosse,standard,1,1,1,4,10,8,4,9,0,4,0,11,0,0
match-864d5ba9-2881,forschung_muskelkraft,standard,0,0,0,9,-3,18,10,36,9,9,6,5,0,0
match-864d5ba9-2881,urzeitliche_kolosse,standard,1,1,1,9,5,12,11,42,0,11,5,13,0,0
match-0cffeaec-2882,forschung_muskelkraft,standard,0,0,0,11,-3,22,11,39,16,9,8,7,0,0
match-0cffeaec-2882,urzeitliche_kolosse,standard,1,1,1,11,3,15,13,55,11,12,4,13,0,2
match-93b29a2e-2883,forschung_muskelkraft,standard,0,0,0,8,-1,18,9,33,3,8,2,5,0,0
match-93b29a2e-2883,urzeitliche_kolosse,standard,1,1,1,8,5,12,6,24,4,6,5,11,0,1
match-3e2030a0-2884,forschung_muskelkraft,standard,0,1,0,15,2,22,14,59,50,12,13,11,0,0
match-3e2030a0-2884,urzeitliche_kolosse,standard,1,0,1,15,-1,21,17,66,45,17,7,8,0,1
match-c4d2dfe2-2885,forschung_muskelkraft,standard,0,0,0,8,-3,16,9,28,1,7,5,3,0,0
match-c4d2dfe2-2885,urzeitliche_kolosse,standard,1,1,1,8,7,13,9,35,1,9,2,13,0,0
match-4b856f25-2886,forschung_muskelkraft,standard,0,1,0,13,1,23,13,52,26,11,12,14,0,0
match-4b856f25-2886,urzeitliche_kolosse,standard,1,0,1,13,-4,17,16,64,19,15,6,9,0,0
match-d2381e67-2887,forschung_muskelkraft,standard,0,0,0,15,0,23,9,35,70,7,13,6,0,0
match-d2381e67-2887,urzeitliche_kolosse,standard,1,1,1,15,3,20,17,66,47,16,3,9,0,0
match-2355b396-2888,forschung_muskelkraft,standard,0,0,0,12,-2,23,13,46,25,11,7,0,0,0
match-2355b396-2888,urzeitliche_kolosse,standard,1,1,1,12,10,16,12,49,25,11,6,12,0,1
match-aa0842d8-2889,forschung_muskelkraft,standard,0,0,0,7,0,16,7,26,1,6,2,0,0,0
match-aa0842d8-2889,urzeitliche_kolosse,standard,1,1,1,7,10,11,7,26,2,6,5,10,0,1
match-30baf21b-2890,forschung_muskelkraft,standard,0,0,0,10,0,20,10,42,8,9,4,4,0,0
match-30baf21b-2890,urzeitliche_kolosse,standard,1,1,1,10,6,13,9,38,12,8,4,10,0,0
match-b76d815d-2891,forschung_muskelkraft,standard,0,0,0,10,0,19,9,40,11,8,6,4,0,0
match-b76d815d-2891,urzeitliche_kolosse,standard,1,1,1,10,6,16,10,38,7,10,3,10,0,1
match-088b368c-2892,forschung_muskelkraft,standard,0,1,0,9,1,21,9,31,6,7,8,12,0,0
match-088b368c-2892,urzeitliche_kolosse,standard,1,0,1,9,-2,15,10,35,8,9,2,9,0,0
match-8f3dc5ce-2893,forschung_muskelkraft,standard,0,0,0,6,0,14,5,17,3,4,2,3,0,0
match-8f3dc5ce-2893,urzeitliche_kolosse,standard,1,1,1,6,7,11,5,20,1,5,0,10,0,0
match-15f07511-2894,forschung_muskelkraft,standard,0,0,0,10,0,21,11,36,9,9,6,8,0,0
match-15f07511-2894,urzeitliche_kolosse,standard,1,1,1,10,2,17,11,41,10,10,8,10,0,0
match-9ca30453-2895,forschung_muskelkraft,standard,0,0,0,8,-1,19,9,31,2,7,4,8,0,0
match-9ca30453-2895,urzeitliche_kolosse,standard,1,1,1,8,2,14,9,34,2,9,2,11,0,6
match-edc0b981-2896,forschung_muskelkraft,standard,0,1,0,10,4,18,12,43,2,10,9,10,0,0
match-edc0b981-2896,urzeitliche_kolosse,standard,1,0,1,10,0,15,13,46,6,12,5,6,0,1
match-747348c4-2897,forschung_muskelkraft,standard,0,0,0,10,-4,14,11,39,6,9,8,5,0,0
match-747348c4-2897,urzeitliche_kolosse,standard,1,1,1,10,5,14,10,40,15,10,5,14,0,1
match-fb25f806-2898,forschung_muskelkraft,standard,0,1,0,6,2,14,6,19,1,5,5,11,0,0
match-fb25f806-2898,urzeitliche_kolosse,standard,1,0,1,6,-1,11,6,16,2,6,2,8,0,0
match-81d88749-2899,forschung_muskelkraft,standard,0,0,0,15,0,20,14,55,50,12,8,7,0,0
match-81d88749-2899,urzeitliche_kolosse,standard,1,1,1,15,2,21,13,58,47,12,9,9,0,4
match-d2f63c77-2900,forschung_muskelkraft,standard,0,0,0,5,-1,13,3,11,4,3,1,0,0,0
match-d2f63c77-2900,urzeitliche_kolosse,standard,1,1,1,5,10,8,6,14,1,5,1,11,0,1
match-59a8cbba-2901,forschung_muskelkraft,standard,0,1,0,8,3,17,10,33,3,8,5,10,0,0
match-59a8cbba-2901,urzeitliche_kolosse,standard,1,0,1,8,0,14,8,32,4,8,5,7,0,0
match-e05b7afc-2902,forschung_muskelkraft,standard,0,1,0,9,4,21,9,31,6,7,7,10,0,0
match-e05b7afc-2902,urzeitliche_kolosse,standard,1,0,1,9,0,15,10,39,5,10,3,6,0,0
match-670e0a3f-2903,forschung_muskelkraft,standard,0,1,0,15,7,21,13,49,62,11,12,9,0,0
match-670e0a3f-2903,urzeitliche_kolosse,standard,1,0,1,15,0,21,18,70,39,17,7,2,0,0
match-b82bbf6d-2904,forschung_muskelkraft,standard,0,1,0,8,4,18,9,32,3,8,4,15,0,0
match-b82bbf6d-2904,urzeitliche_kolosse,standard,1,0,1,8,-5,14,7,32,4,7,3,6,0,0
match-3ede4eb0-2905,forschung_muskelkraft,standard,0,0,0,7,0,18,7,25,3,7,3,0,0,0
match-3ede4eb0-2905,urzeitliche_kolosse,standard,1,1,1,7,10,13,7,27,1,7,4,10,0,0
match-c590fdf2-2906,forschung_muskelkraft,standard,0,1,0,11,1,21,15,56,4,13,10,14,0,0
match-c590fdf2-2906,urzeitliche_kolosse,standard,1,0,1,11,-4,16,14,51,12,13,8,9,0,5
match-4c438d35-2907,forschung_muskelkraft,standard,0,1,0,15,4,22,19,73,36,17,17,13,0,0
match-4c438d35-2907,urzeitliche_kolosse,standard,1,0,1,15,-3,20,18,73,34,17,12,6,0,4
match-9d612263-2908,forschung_muskelkraft,standard,0,0,0,6,-2,16,5,18,2,5,3,0,0,0
match-9d612263-2908,urzeitliche_kolosse,standard,1,1,1,6,10,12,6,21,0,5,3,12,0,0
match-2413d1a6-2909,forschung_muskelkraft,standard,0,0,0,10,-2,21,11,41,10,9,5,0,0,0
match-2413d1a6-2909,urzeitliche_kolosse,standard,1,1,1,10,10,14,10,43,9,9,4,12,0,0
match-aac660e8-2910,forschung_muskelkraft,standard,0,1,0,8,5,19,9,32,4,8,7,13,0,0
match-aac660e8-2910,urzeitliche_kolosse,standard,1,0,1,8,-3,14,9,32,3,9,3,5,0,0
match-3179102b-2911,forschung_muskelkraft,standard,0,1,0,8,2,17,7,29,4,7,9,10,0,0
match-3179102b-2911,urzeitliche_kolosse,standard,1,0,1,8,0,14,10,32,4,10,2,8,0,1
match-8296a559-2912,forschung_muskelkraft,standard,0,0,0,4,-2,9,1,4,6,1,0,0,0,0
match-8296a559-2912,urzeitliche_kolosse,standard,1,1,1,4,10,9,4,9,0,4,0,12,0,0
match-0949549c-2913,forschung_muskelkraft,standard,0,0,0,7,-1,17,8,26,2,6,4,4,0,0
match-0949549c-2913,urzeitliche_kolosse,standard,1,1,1,7,6,12,7,24,2,7,3,11,0,0
match-8ffbe3de-2914,forschung_muskelkraft,standard,0,1,0,12,1,21,14,50,16,12,12,16,0,0
match-8ffbe3de-2914,urzeitliche_kolosse,standard,1,0,1,12,-6,17,15,53,17,14,8,9,0,2
match-16ae9321-2915,forschung_muskelkraft,standard,0,1,0,7,6,13,8,25,1,6,2,13,0,0
match-16ae9321-2915,urzeitliche_kolosse,standard,1,0,1,7,-3,13,8,22,4,7,3,4,0,0
match-67cc284f-2916,forschung_muskelkraft,standard,0,0,0,10,-1,18,10,38,7,8,3,0,0,0
match-67cc284f-2916,urzeitliche_kolosse,standard,1,1,1,10,10,16,8,35,10,7,3,11,0,3
match-ee7ed791-2917,forschung_muskelkraft,standard,0,0,0,10,-2,19,8,35,15,8,9,9,0,0
match-ee7ed791-2917,urzeitliche_kolosse,standard,1,1,1,10,1,15,12,42,6,11,3,12,0,1
match-753166d4-2918,forschung_muskelkraft,standard,0,1,0,10,1,19,9,36,9,8,8,11,0,0
match-753166d4-2918,urzeitliche_kolosse,standard,1,0,1,10,-1,15,13,47,3,13,3,9,0,2
match-fbe41616-2919,forschung_muskelkraft,standard,0,0,0,6,0,15,7,20,1,5,4,5,0,0
match-fbe41616-2919,urzeitliche_kolosse,standard,1,1,1,6,5,12,7,19,1,6,3,10,0,0
match-4d01ab45-2920,forschung_muskelkraft,standard,0,1,0,9,4,18,10,38,3,9,8,14,0,0
match-4d01ab45-2920,urzeitliche_kolosse,standard,1,0,1,9,-4,14,10,41,3,10,5,6,0,0
match-d3b45a87-2921,forschung_muskelkraft,standard,0,0,0,6,0,12,5,19,2,5,1,6,0,0
match-d3b45a87-2921,urzeitliche_kolosse,standard,1,1,1,6,4,11,6,17,3,5,2,10,0,1
match-5a66e9ca-2922,forschung_muskelkraft,standard,0,0,0,15,0,21,19,73,34,17,13,7,0,0
match-5a66e9ca-2922,urzeitliche_kolosse,standard,1,1,1,15,3,20,18,69,40,17,13,10,0,2
match-e119990c-2923,forschung_muskelkraft,standard,0,0,0,8,-2,14,9,30,3,8,4,5,0,0
match-e119990c-2923,urzeitliche_kolosse,standard,1,1,1,8,5,14,8,26,2,8,3,12,0,0
match-32372e3b-2924,forschung_muskelkraft,standard,0,1,0,10,1,19,12,47,7,10,7,14,0,0
match-32372e3b-2924,urzeitliche_kolosse,standard,1,0,1,10,-4,13,9,39,16,9,6,9,0,0
match-b8e9dd7d-2925,forschung_muskelkraft,standard,0,0,0,8,0,16,9,31,3,7,3,6,0,0
match-b8e9dd7d-2925,urzeitliche_kolosse,standard,1,1,1,8,4,14,8,30,2,8,3,10,0,0
match-3f9c6cc0-2926,forschung_muskelkraft,standard,0,0,0,5,0,9,5,13,2,3,1,0,0,0
match-3f9c6cc0-2926,urzeitliche_kolosse,standard,1,1,1,5,10,10,4,13,2,4,0,10,0,0
match-c64f1c02-2927,forschung_muskelkraft,standard,0,0,0,8,-2,17,8,26,8,6,1,5,0,0
match-c64f1c02-2927,urzeitliche_kolosse,standard,1,1,1,8,5,13,7,26,4,6,1,12,0,1
match-176cb131-2928,forschung_muskelkraft,standard,0,1,0,13,6,21,18,71,11,16,11,12,0,0
match-176cb131-2928,urzeitliche_kolosse,standard,1,0,1,13,-2,19,15,57,22,14,11,4,0,3
match-9e1f4073-2929,forschung_muskelkraft,standard,0,0,0,9,-3,16,8,33,12,7,4,0,0,0
match-9e1f4073-2929,urzeitliche_kolosse,standard,1,1,1,9,10,16,9,38,1,9,2,13,0,2
match-24d1efb6-2930,forschung_muskelkraft,standard,0,0,0,15,0,23,15,59,52,13,14,8,0,0
match-24d1efb6-2930,urzeitliche_kolosse,standard,1,1,1,15,1,20,18,69,44,17,8,9,0,2
match-ab849ef8-2931,forschung_muskelkraft,standard,0,0,0,12,0,21,11,49,22,9,10,8,0,0
match-ab849ef8-2931,urzeitliche_kolosse,standard,1,1,1,12,2,18,15,56,16,14,6,10,0,1
match-fca23426-2932,forschung_muskelkraft,standard,0,0,0,16,-1,23,16,63,61,14,12,6,0,0
match-fca23426-2932,urzeitliche_kolosse,standard,1,1,1,16,1,21,18,69,51,17,11,8,0,0
match-8354c369-2933,forschung_muskelkraft,standard,0,1,0,12,8,23,12,50,21,10,15,16,0,0
match-8354c369-2933,urzeitliche_kolosse,standard,1,0,1,12,-6,18,15,50,19,15,5,2,0,1
match-0a0772ac-2934,forschung_muskelkraft,standard,0,0,0,7,-1,13,8,27,1,6,4,6,0,0
match-0a0772ac-2934,urzeitliche_kolosse,standard,1,1,1,7,4,13,7,27,1,7,3,11,0,2
match-90ba01ee-2935,forschung_muskelkraft,standard,0,0,0,5,-1,12,5,14,1,4,3,0,0,0
match-90ba01ee-2935,urzeitliche_kolosse,standard,1,1,1,5,10,9,6,14,1,6,1,11,0,0
match-e1d7b71c-2936,forschung_muskelkraft,standard,0,1,0,12,1,22,15,59,17,13,12,12,0,0
match-e1d7b71c-2936,urzeitliche_kolosse,standard,1,0,1,12,-2,17,15,57,17,14,9,9,0,2
match-688a465f-2937,forschung_muskelkraft,standard,0,1,0,15,3,22,14,51,54,12,13,9,0,0
match-688a465f-2937,urzeitliche_kolosse,standard,1,0,1,15,0,22,18,71,35,17,8,6,0,2
match-ef3cf5a1-2938,forschung_muskelkraft,standard,0,1,0,7,10,16,7,25,1,6,3,12,0,0
match-ef3cf5a1-2938,urzeitliche_kolosse,standard,1,0,1,7,-2,13,5,24,4,5,2,0,0,1
match-75ef84e4-2939,forschung_muskelkraft,standard,0,1,0,7,6,16,7,25,1,6,5,12,0,0
match-75ef84e4-2939,urzeitliche_kolosse,standard,1,0,1,7,-2,13,7,23,5,7,3,4,0,0
match-c70d3a12-2940,forschung_muskelkraft,standard,0,0,0,9,-3,20,10,38,5,8,5,4,0,0
match-c70d3a12-2940,urzeitliche_kolosse,standard,1,1,1,9,6,13,11,40,1,10,3,13,0,0
match-4dbfc955-2941,forschung_muskelkraft,standard,0,0,0,12,-1,22,12,45,21,10,12,9,0,0
match-4dbfc955-2941,urzeitliche_kolosse,standard,1,1,1,12,1,17,15,58,11,14,5,11,0,2
match-d4727897-2942,forschung_muskelkraft,standard,0,1,0,7,3,14,7,24,3,5,5,11,0,0
match-d4727897-2942,urzeitliche_kolosse,standard,1,0,1,7,-1,12,8,26,2,8,1,7,0,0
match-5b2507da-2943,forschung_muskelkraft,standard,0,1,0,8,10,14,8,31,2,7,4,15,0,0
match-5b2507da-2943,urzeitliche_kolosse,standard,1,0,1,8,-5,13,7,33,3,6,2,0,0,1
match-ac42bd08-2944,forschung_muskelkraft,standard,0,1,0,8,1,15,10,34,2,8,7,11,0,0
match-ac42bd08-2944,urzeitliche_kolosse,standard,1,0,1,8,-1,13,11,34,2,10,3,9,0,1
match-32f54c4b-2945,forschung_muskelkraft,standard,0,0,0,10,-1,20,7,28,17,6,9,9,0,0
match-32f54c4b-2945,urzeitliche_kolosse,standard,1,1,1,10,1,15,11,41,4,11,1,11,0,0
match-b9a7fb8d-2946,forschung_muskelkraft,standard,0,1,0,8,5,19,9,33,2,8,6,10,0,0
match-b9a7fb8d-2946,urzeitliche_kolosse,standard,1,0,1,8,0,12,10,31,5,9,4,5,0,1
match-405a8ad0-2947,forschung_muskelkraft,standard,0,0,0,5,0,14,4,13,2,4,1,0,0,0
match-405a8ad0-2947,urzeitliche_kolosse,standard,1,1,1,5,10,9,6,14,1,5,1,10,0,0
match-eac82141-2948,forschung_muskelkraft,standard,0,1,0,8,6,16,6,28,7,6,4,13,0,0
match-eac82141-2948,urzeitliche_kolosse,standard,1,0,1,8,-3,13,8,33,3,7,1,4,0,1
match-717ad084-2949,forschung_muskelkraft,standard,0,1,0,13,4,22,14,55,23,12,13,14,0,0
match-717ad084-2949,urzeitliche_kolosse,standard,1,0,1,13,-4,18,16,60,25,15,7,6,0,1
match-f82d7fc6-2950,forschung_muskelkraft,standard,0,0,0,16,-3,22,20,75,45,18,13,6,0,0
match-f82d7fc6-2950,urzeitliche_kolosse,standard,1,1,1,16,3,22,18,67,53,17,17,12,0,5
match-7ee00f09-2951,forschung_muskelkraft,standard,0,0,0,10,0,20,8,35,16,7,9,6,0,0
match-7ee00f09-2951,urzeitliche_kolosse,standard,1,1,1,10,4,15,11,45,4,11,2,10,0,1
match-cffda437-2952,forschung_muskelkraft,standard,0,0,0,8,-1,17,10,34,1,8,5,5,0,0
match-cffda437-2952,urzeitliche_kolosse,standard,1,1,1,8,5,13,9,31,4,8,4,11,0,2
match-56b0537a-2953,forschung_muskelkraft,standard,0,0,0,9,-2,17,8,31,13,7,6,8,0,0
match-56b0537a-2953,urzeitliche_kolosse,standard,1,1,1,9,2,15,11,40,5,10,2,12,0,0
match-dd62e2bc-2954,forschung_muskelkraft,standard,0,1,0,10,1,18,13,47,7,11,10,11,0,0
match-dd62e2bc-2954,urzeitliche_kolosse,standard,1,0,1,10,-1,16,11,48,5,11,7,9,0,0
match-641591ff-2955,forschung_muskelkraft,standard,0,1,0,6,2,15,6,19,2,5,4,10,0,0
match-641591ff-2955,urzeitliche_kolosse,standard,1,0,1,6,0,10,6,19,0,6,1,8,0,2
match-b533272d-2956,forschung_muskelkraft,standard,0,1,0,6,1,11,6,19,2,5,2,11,0,0
match-b533272d-2956,urzeitliche_kolosse,standard,1,0,1,6,-1,10,6,18,2,6,1,9,0,0
match-3be5d670-2957,forschung_muskelkraft,standard,0,0,0,11,0,21,16,62,3,14,7,3,0,0
match-3be5d670-2957,urzeitliche_kolosse,standard,1,1,1,11,7,16,13,47,12,12,9,10,0,0
match-c29865b2-2958,forschung_muskelkraft,standard,0,0,0,4,0,9,4,9,1,3,0,8,0,0
match-c29865b2-2958,urzeitliche_kolosse,standard,1,1,1,4,2,7,3,7,2,3,0,10,0,0
match-494b14f5-2959,forschung_muskelkraft,standard,0,0,0,12,-1,21,11,43,23,9,5,4,0,0
match-494b14f5-2959,urzeitliche_kolosse,standard,1,1,1,12,6,18,9,39,27,9,4,11,0,2
match-9a68aa23-2960,forschung_muskelkraft,standard,0,0,0,7,-3,16,8,24,2,7,3,7,0,0
match-9a68aa23-2960,urzeitliche_kolosse,standard,1,1,1,7,3,13,7,25,3,7,4,13,0,0
match-211b5966-2961,forschung_muskelkraft,standard,0,0,0,4,-1,10,4,9,1,3,1,0,0,0
match-211b5966-2961,urzeitliche_kolosse,standard,1,1,1,4,10,10,4,8,1,4,1,11,0,0
match-a7cde8a8-2962,forschung_muskelkraft,standard,0,1,0,12,6,22,15,59,11,13,11,10,0,0
match-a7cde8a8-2962,urzeitliche_kolosse,standard,1,0,1,12,0,16,15,50,20,14,8,4,0,0
match-2e8097eb-2963,forschung_muskelkraft,standard,0,1,0,10,3,18,14,48,6,12,8,13,0,0
match-2e8097eb-2963,urzeitliche_kolosse,standard,1,0,1,10,-3,15,13,38,11,12,7,7,0,1
match-7f9e2d19-2964,forschung_muskelkraft,standard,0,0,0,9,-1,20,9,31,5,7,5,6,0,0
match-7f9e2d19-2964,urzeitliche_kolosse,standard,1,1,1,9,4,14,9,39,2,8,2,11,0,0
match-0650dc5c-2965,forschung_muskelkraft,standard,0,0,0,6,0,13,6,19,2,6,3,5,0,0
match-0650dc5c-2965,urzeitliche_kolosse,standard,1,1,1,6,5,10,6,20,1,6,2,10,0,0
match-8d036b9e-2966,forschung_muskelkraft,standard,0,1,0,12,1,23,15,58,12,13,14,11,0,0
match-8d036b9e-2966,urzeitliche_kolosse,standard,1,0,1,12,-1,17,15,60,10,14,8,9,0,0
match-13b61ae1-2967,forschung_muskelkraft,standard,0,0,0,9,0,19,10,33,4,8,7,7,0,0
match-13b61ae1-2967,urzeitliche_kolosse,standard,1,1,1,9,3,14,11,40,4,11,3,10,0,3
match-64d3b00f-2968,forschung_muskelkraft,standard,0,0,0,10,0,21,12,40,5,10,8,8,0,0
match-64d3b00f-2968,urzeitliche_kolosse,standard,1,1,1,10,2,16,11,37,8,10,5,10,0,0
match-eb865f51-2969,forschung_muskelkraft,standard,0,1,0,7,2,13,7,25,2,6,3,11,0,0
match-eb865f51-2969,urzeitliche_kolosse,standard,1,0,1,7,-1,13,6,21,7,6,3,8,0,1
match-7238ee94-2970,forschung_muskelkraft,standard,0,1,0,13,4,22,17,63,15,15,12,10,0,0
match-7238ee94-2970,urzeitliche_kolosse,standard,1,0,1,13,0,19,16,66,14,15,10,6,0,2
match-f8eb9dd6-2971,forschung_muskelkraft,standard,0,1,0,9,3,18,10,33,3,8,11,13,0,0
match-f8eb9dd6-2971,urzeitliche_kolosse,standard,1,0,1,9,-3,16,11,40,3,11,5,7,0,0
match-4a093305-2972,forschung_muskelkraft,standard,0,1,0,13,4,22,12,44,39,10,12,15,0,0
match-4a093305-2972,urzeitliche_kolosse,standard,1,0,1,13,-5,18,16,64,18,15,5,6,0,0
match-d0bbc247-2973,forschung_muskelkraft,standard,0,1,0,9,3,19,10,34,8,8,10,13,0,0
match-d0bbc247-2973,urzeitliche_kolosse,standard,1,0,1,9,-3,12,11,40,4,11,4,7,0,1
match-576e718a-2974,forschung_muskelkraft,standard,0,0,0,8,-2,16,8,27,6,6,4,6,0,0
match-576e718a-2974,urzeitliche_kolosse,standard,1,1,1,8,4,12,8,34,1,8,1,12,0,1
match-de2100cc-2975,forschung_muskelkraft,standard,0,1,0,9,1,21,10,34,3,9,8,15,0,0
match-de2100cc-2975,urzeitliche_kolosse,standard,1,0,1,9,-5,15,11,38,5,10,4,9,0,0
match-2f3eb5fb-2976,forschung_muskelkraft,standard,0,0,0,11,-2,22,10,37,18,8,6,3,0,0
match-2f3eb5fb-2976,urzeitliche_kolosse,standard,1,1,1,11,7,16,9,37,23,9,4,12,0,0
match-b5f1453d-2977,forschung_muskelkraft,standard,0,0,0,16,-3,22,20,75,45,18,15,6,0,0
match-b5f1453d-2977,urzeitliche_kolosse,standard,1,1,1,16,3,22,18,72,48,18,16,12,0,4
match-3ca3f480-2978,forschung_muskelkraft,standard,0,1,0,15,2,23,16,63,42,14,14,9,0,0
match-3ca3f480-2978,urzeitliche_kolosse,standard,1,0,1,15,0,20,18,72,37,17,11,7,0,1
match-c35683c2-2979,forschung_muskelkraft,standard,0,0,0,5,-2,11,5,13,1,4,1,4,0,0
match-c35683c2-2979,urzeitliche_kolosse,standard,1,1,1,5,6,10,4,12,3,3,1,12,0,0
match-147438f1-2980,forschung_muskelkraft,standard,0,1,0,12,2,21,12,46,20,10,12,12,0,0
match-147438f1-2980,urzeitliche_kolosse,standard,1,0,1,12,-2,17,15,56,11,14,5,8,0,0
match-9b26c833-2981,forschung_muskelkraft,standard,0,0,0,14,-2,21,16,65,30,14,13,6,0,0
match-9b26c833-2981,urzeitliche_kolosse,standard,1,1,1,14,4,20,17,68,27,16,10,12,0,2
match-21d97776-2982,forschung_muskelkraft,standard,0,0,0,9,-3,20,8,31,5,8,6,6,0,0
match-21d97776-2982,urzeitliche_kolosse,standard,1,1,1,9,4,13,9,39,2,9,3,13,0,0
match-a88c06b8-2983,forschung_muskelkraft,standard,0,0,0,9,-2,20,10,34,6,8,4,4,0,0
match-a88c06b8-2983,urzeitliche_kolosse,standard,1,1,1,9,6,15,10,38,1,9,3,12,0,2
match-f9a9bbe6-2984,forschung_muskelkraft,standard,0,0,0,6,-2,12,6,19,2,4,2,5,0,0
match-f9a9bbe6-2984,urzeitliche_kolosse,standard,1,1,1,6,5,12,5,18,2,5,2,12,0,0
match-805c4b29-2985,forschung_muskelkraft,standard,0,1,0,9,7,18,9,38,7,8,5,10,0,0
match-805c4b29-2985,urzeitliche_kolosse,standard,1,0,1,9,0,14,10,41,4,9,4,3,0,0
match-070efa6c-2986,forschung_muskelkraft,standard,0,0,0,9,0,19,9,32,4,7,9,9,0,0
match-070efa6c-2986,urzeitliche_kolosse,standard,1,1,1,9,1,14,11,40,3,10,2,10,0,3
match-8dc189ae-2987,forschung_muskelkraft,standard,0,1,0,12,6,22,8,29,37,6,11,12,0,0
match-8dc189ae-2987,urzeitliche_kolosse,standard,1,0,1,12,-2,17,15,61,9,14,1,4,0,0
match-dedf3edc-2988,forschung_muskelkraft,standard,0,1,0,8,2,18,7,28,7,6,5,10,0,0
match-dedf3edc-2988,urzeitliche_kolosse,standard,1,0,1,8,0,12,8,29,7,8,1,8,0,0
match-6591ce1f-2989,forschung_muskelkraft,standard,0,0,0,8,0,15,8,32,4,8,3,4,0,0
match-6591ce1f-2989,urzeitliche_kolosse,standard,1,1,1,8,6,13,7,30,4,7,5,10,0,0
match-ec447d61-2990,forschung_muskelkraft,standard,0,0,0,5,-2,11,2,9,6,2,2,0,0,0
match-ec447d61-2990,urzeitliche_kolosse,standard,1,1,1,5,10,10,7,15,0,6,0,12,0,0
match-72f70ca4-2991,forschung_muskelkraft,standard,0,1,0,15,4,21,15,58,47,13,14,11,0,0
match-72f70ca4-2991,urzeitliche_kolosse,standard,1,0,1,15,-1,21,18,70,42,17,8,6,0,3
match-c414a1d2-2992,forschung_muskelkraft,standard,0,0,0,9,-3,18,10,37,4,9,6,9,0,0
match-c414a1d2-2992,urzeitliche_kolosse,standard,1,1,1,9,1,14,10,40,5,10,4,13,0,0
match-4ac75115-2993,forschung_muskelkraft,standard,0,0,0,10,0,17,10,38,7,8,4,9,0,0
match-4ac75115-2993,urzeitliche_kolosse,standard,1,1,1,10,1,15,9,36,12,8,3,10,0,1
match-d179e057-2994,forschung_muskelkraft,standard,0,1,0,8,5,19,9,31,3,7,6,12,0,0
match-d179e057-2994,urzeitliche_kolosse,standard,1,0,1,8,-2,13,10,34,2,9,2,5,0,0
match-582c8f9a-2995,forschung_muskelkraft,standard,0,1,0,14,1,23,17,69,22,15,13,15,0,0
match-582c8f9a-2995,urzeitliche_kolosse,standard,1,0,1,14,-5,19,17,70,29,16,10,9,0,1
match-a94a24c8-2996,forschung_muskelkraft,standard,0,0,0,6,0,17,6,17,4,5,2,3,0,0
match-a94a24c8-2996,urzeitliche_kolosse,standard,1,1,1,6,7,11,6,16,2,5,1,10,0,0
match-2ffcd40b-2997,forschung_muskelkraft,standard,0,0,0,8,-2,14,10,32,2,8,5,7,0,0
match-2ffcd40b-2997,urzeitliche_kolosse,standard,1,1,1,8,3,12,9,32,2,8,4,12,0,0
match-b6af634d-2998,forschung_muskelkraft,standard,0,1,0,8,3,15,9,29,6,7,5,11,0,0
match-b6af634d-2998,urzeitliche_kolosse,standard,1,0,1,8,-1,13,9,32,4,8,2,7,0,0
match-3d621290-2999,forschung_muskelkraft,standard,0,1,0,17,3,22,10,40,96,8,16,12,0,0
match-3d621290-2999,urzeitliche_kolosse,standard,1,0,1,17,-5,22,20,78,61,19,4,4,0,0
match-d2dd9a8f-3000,rudeljaeger,standard,0,0,1,8,-1,13,10,29,6,8,3,7,0,2
match-d2dd9a8f-3000,solidaritaet_ueberleben,standard,1,1,0,8,3,13,7,25,5,7,3,11,0,0
match-4c2aeb4d-3001,rudeljaeger,standard,0,0,1,14,-4,20,18,53,46,17,13,9,0,3
match-4c2aeb4d-3001,solidaritaet_ueberleben,standard,1,1,0,14,1,18,17,59,37,16,15,14,0,0
match-c5785c0a-3002,rudeljaeger,standard,0,1,1,13,5,17,16,48,30,14,14,10,0,3
match-c5785c0a-3002,solidaritaet_ueberleben,standard,1,0,0,13,0,17,16,54,28,15,10,5,0,0
match-3ec5acc8-3003,rudeljaeger,standard,0,0,1,12,-3,16,11,32,36,10,11,5,0,0
match-3ec5acc8-3003,solidaritaet_ueberleben,standard,1,1,0,12,5,17,15,50,19,14,6,13,0,0
match-eda81799-3004,rudeljaeger,standard,0,0,1,9,-2,13,10,33,12,9,5,7,0,0
match-eda81799-3004,solidaritaet_ueberleben,standard,1,1,0,9,3,14,10,37,6,10,6,12,0,0
match-66f56857-3005,rudeljaeger,standard,0,1,1,11,7,15,14,35,23,13,10,12,0,0
match-66f56857-3005,solidaritaet_ueberleben,standard,1,0,0,11,-2,15,14,45,13,13,9,3,0,0
match-e042d914-3006,rudeljaeger,standard,0,1,1,11,3,16,13,42,15,12,10,12,0,1
match-e042d914-3006,solidaritaet_ueberleben,standard,1,0,0,11,-2,17,14,50,9,13,9,7,0,0
match-599029d2-3007,rudeljaeger,standard,0,0,1,15,0,20,16,44,65,14,6,7,0,0
match-599029d2-3007,solidaritaet_ueberleben,standard,1,1,0,15,2,21,11,45,64,10,10,9,0,0
match-9d48807b-3008,rudeljaeger,standard,0,0,1,12,-1,16,15,40,30,13,13,8,0,0
match-9d48807b-3008,solidaritaet_ueberleben,standard,1,1,0,12,2,16,15,51,20,15,10,11,0,0
match-1695f139-3009,rudeljaeger,standard,0,0,1,8,0,12,12,29,2,11,2,7,0,1
match-1695f139-3009,solidaritaet_ueberleben,standard,1,1,0,8,3,14,8,26,4,7,7,10,0,0
match-8fe341f6-3010,rudeljaeger,standard,0,1,1,6,8,10,9,19,0,8,3,11,0,0
match-8fe341f6-3010,solidaritaet_ueberleben,standard,1,0,0,6,-1,10,7,21,0,6,5,2,0,0
match-0930b2b4-3011,rudeljaeger,standard,0,,1,16,-1,21,16,48,75,14,9,8,0,3
match-0930b2b4-3011,solidaritaet_ueberleben,standard,1,,0,16,-1,21,14,50,73,13,10,8,0,0
match-b8131d85-3012,rudeljaeger,standard,0,0,1,14,0,19,18,49,46,16,14,7,0,3
match-b8131d85-3012,solidaritaet_ueberleben,standard,1,1,0,14,3,18,18,64,33,17,12,10,0,0
match-31606e43-3013,rudeljaeger,standard,0,1,1,6,10,9,6,19,1,5,5,11,0,0
match-31606e43-3013,solidaritaet_ueberleben,standard,1,0,0,6,-1,11,6,19,2,6,1,0,0,0
match-aaaddf00-3014,rudeljaeger,standard,0,1,1,7,9,11,8,26,0,7,4,12,0,0
match-aaaddf00-3014,solidaritaet_ueberleben,standard,1,0,0,7,-2,12,8,24,3,7,3,1,0,0
match-23fb2fbe-3015,rudeljaeger,standard,0,0,1,13,-1,18,17,46,37,15,13,7,0,0
match-23fb2fbe-3015,solidaritaet_ueberleben,standard,1,1,0,13,3,20,17,58,25,16,12,11,0,0
match-67b38667-3016,rudeljaeger,standard,0,1,1,12,8,16,14,41,27,13,15,11,0,1
match-67b38667-3016,solidaritaet_ueberleben,standard,1,0,0,12,-1,16,16,58,13,15,9,2,0,0
match-e100f724-3017,rudeljaeger,standard,0,0,1,15,0,19,19,54,57,18,12,9,0,2
match-e100f724-3017,solidaritaet_ueberleben,standard,1,1,0,15,1,21,16,58,53,15,16,10,0,0
match-5a4e47e2-3018,rudeljaeger,standard,0,1,1,16,3,21,16,49,71,14,15,7,0,6
match-5a4e47e2-3018,solidaritaet_ueberleben,standard,1,0,0,16,0,23,17,63,57,16,11,4,0,0
match-d39bb89f-3019,rudeljaeger,standard,0,1,1,4,8,8,4,9,0,4,3,10,0,0
match-d39bb89f-3019,solidaritaet_ueberleben,standard,1,0,0,4,0,9,4,9,1,4,2,2,0,0
match-827e0371-3020,rudeljaeger,standard,0,1,1,6,5,12,6,19,0,6,2,11,0,1
match-827e0371-3020,solidaritaet_ueberleben,standard,1,0,0,6,-1,12,5,19,2,5,4,5,0,0
match-fbcb742e-3021,rudeljaeger,standard,0,0,1,15,0,19,16,43,62,14,17,9,0,2
match-fbcb742e-3021,solidaritaet_ueberleben,standard,1,1,0,15,1,19,17,58,47,17,10,10,0,0
match-7518c4ec-3022,rudeljaeger,standard,0,1,1,6,7,10,8,18,2,7,2,10,0,0
match-7518c4ec-3022,solidaritaet_ueberleben,standard,1,0,0,6,0,12,5,18,2,5,5,3,0,0
match-ee6635a9-3023,rudeljaeger,standard,0,0,1,16,-4,21,19,55,67,17,6,7,0,0
match-ee6635a9-3023,solidaritaet_ueberleben,standard,1,1,0,16,2,22,11,44,76,10,14,13,0,0
match-321e8c53-3024,rudeljaeger,standard,0,0,1,8,0,14,11,27,5,10,3,6,0,0
match-321e8c53-3024,solidaritaet_ueberleben,standard,1,1,0,8,4,14,8,29,4,8,5,10,0,0
match-ab6bfd10-3025,rudeljaeger,standard,0,0,1,9,-2,13,13,34,7,11,3,4,0,0
match-ab6bfd10-3025,solidaritaet_ueberleben,standard,1,1,0,9,6,13,8,29,13,8,10,12,0,0
match-24b94dce-3026,rudeljaeger,standard,0,0,1,13,0,17,17,45,35,15,11,8,0,2
match-24b94dce-3026,solidaritaet_ueberleben,standard,1,1,0,13,2,16,13,44,37,12,12,10,0,0
match-9e06be8b-3027,rudeljaeger,standard,0,1,1,10,5,15,12,32,18,11,12,10,0,0
match-9e06be8b-3027,solidaritaet_ueberleben,standard,1,0,0,10,0,14,13,43,6,13,8,5,0,0
match-4ce9095d-3028,rudeljaeger,standard,0,0,1,7,-1,11,10,25,3,9,2,8,0,0
match-4ce9095d-3028,solidaritaet_ueberleben,standard,1,1,0,7,2,13,7,25,2,6,5,11,0,0
match-c6367a1a-3029,rudeljaeger,standard,0,0,1,15,0,19,13,43,62,11,16,5,0,0
match-c6367a1a-3029,solidaritaet_ueberleben,standard,1,1,0,15,4,20,18,61,48,17,10,9,0,0
match-3f83cad8-3030,rudeljaeger,standard,0,0,1,7,0,12,10,22,3,9,5,5,0,0
match-3f83cad8-3030,solidaritaet_ueberleben,standard,1,1,0,7,5,12,7,26,1,7,8,10,0,0
match-b8d13b95-3031,rudeljaeger,standard,0,1,1,16,3,22,19,54,77,18,12,7,0,0
match-b8d13b95-3031,solidaritaet_ueberleben,standard,1,0,0,16,0,22,16,60,66,15,14,4,0,0
match-fc89923e-3032,rudeljaeger,standard,0,1,1,4,10,7,4,8,0,4,2,11,0,0
match-fc89923e-3032,solidaritaet_ueberleben,standard,1,0,0,4,-1,7,3,8,1,3,2,0,0,0
match-75d6e2fc-3033,rudeljaeger,standard,0,0,1,11,0,16,10,27,31,8,5,9,0,0
match-75d6e2fc-3033,solidaritaet_ueberleben,standard,1,1,0,11,1,16,10,39,16,9,4,10,0,0
match-ef2453b9-3034,rudeljaeger,standard,0,0,1,8,0,12,11,25,6,10,5,7,0,0
match-ef2453b9-3034,solidaritaet_ueberleben,standard,1,1,0,8,3,14,10,33,3,10,9,10,0,0
match-6871a477-3035,rudeljaeger,standard,0,1,1,5,10,9,6,15,0,5,5,11,0,0
match-6871a477-3035,solidaritaet_ueberleben,standard,1,0,0,5,-1,11,6,14,1,6,1,0,0,0
match-17540f49-3036,rudeljaeger,standard,0,0,1,10,-6,16,9,24,21,8,4,7,0,0
match-17540f49-3036,solidaritaet_ueberleben,standard,1,1,0,10,3,16,9,35,10,8,3,16,0,0
match-90a16006-3037,rudeljaeger,standard,0,1,1,8,4,14,11,33,2,10,7,13,0,1
match-90a16006-3037,solidaritaet_ueberleben,standard,1,0,0,8,-3,13,9,34,0,9,5,6,0,0
match-09eed0c4-3038,rudeljaeger,standard,0,0,1,15,0,20,16,48,60,14,11,7,0,2
match-09eed0c4-3038,solidaritaet_ueberleben,standard,1,1,0,15,2,18,14,55,50,13,10,9,0,0
match-833c2181-3039,rudeljaeger,standard,0,1,1,14,9,19,11,36,55,10,17,14,0,1
match-833c2181-3039,solidaritaet_ueberleben,standard,1,0,0,14,-4,19,18,58,36,18,5,1,0,0
match-c6f4982a-3040,rudeljaeger,standard,0,1,1,10,10,16,14,38,12,14,7,10,0,0
match-c6f4982a-3040,solidaritaet_ueberleben,standard,1,0,0,10,0,16,11,40,15,10,10,0,0,0
match-4041e8e8-3041,rudeljaeger,standard,0,1,1,4,10,8,5,10,0,5,1,10,0,0
match-4041e8e8-3041,solidaritaet_ueberleben,standard,1,0,0,4,0,10,3,9,1,3,2,0,0,0
match-b98f59a5-3042,rudeljaeger,standard,0,0,1,8,-2,12,11,25,5,10,3,7,0,0
match-b98f59a5-3042,solidaritaet_ueberleben,standard,1,1,0,8,3,11,8,31,1,7,7,12,0,0
match-32dcaa63-3043,rudeljaeger,standard,0,0,1,10,-2,14,13,30,17,12,6,7,0,1
match-32dcaa63-3043,solidaritaet_ueberleben,standard,1,1,0,10,3,15,9,32,18,9,9,12,0,0
match-e1bf1534-3044,rudeljaeger,standard,0,1,1,12,10,17,15,43,28,13,14,12,0,0
match-e1bf1534-3044,solidaritaet_ueberleben,standard,1,0,0,12,-2,17,15,47,22,15,9,0,0,0
match-5b0c65f2-3045,rudeljaeger,standard,0,1,1,11,10,17,12,34,21,11,11,13,0,1
match-5b0c65f2-3045,solidaritaet_ueberleben,standard,1,0,0,11,-3,15,14,37,20,13,6,0,0,0
match-d459d6af-3046,rudeljaeger,standard,0,1,1,3,8,7,4,6,0,3,0,10,0,0
match-d459d6af-3046,solidaritaet_ueberleben,standard,1,0,0,3,0,8,3,6,0,3,0,2,0,0
match-4da7276d-3047,rudeljaeger,standard,0,1,1,15,1,20,16,45,63,14,13,9,0,2
match-4da7276d-3047,solidaritaet_ueberleben,standard,1,0,0,15,0,22,14,54,51,13,10,8,0,0
match-915f9e16-3048,rudeljaeger,standard,0,1,1,11,3,17,15,39,19,13,11,11,0,0
match-915f9e16-3048,solidaritaet_ueberleben,standard,1,0,0,11,-1,16,15,52,12,14,9,7,1,0
match-0aaceed4-3049,rudeljaeger,standard,0,0,1,9,0,13,13,33,5,11,2,4,0,1
match-0aaceed4-3049,solidaritaet_ueberleben,standard,1,1,0,9,6,13,8,27,9,7,11,10,0,0
match-83fa5f91-3050,rudeljaeger,standard,0,,1,17,-1,21,19,55,82,17,9,4,0,1
match-83fa5f91-3050,solidaritaet_ueberleben,standard,1,,0,17,0,20,14,54,95,13,13,5,0,0
match-fd47b04e-3051,rudeljaeger,standard,0,0,1,8,-2,13,11,28,3,9,6,9,0,0
match-fd47b04e-3051,solidaritaet_ueberleben,standard,1,1,0,8,1,14,11,30,2,11,5,12,0,0
match-ac2a1b20-3052,rudeljaeger,standard,0,1,1,7,4,12,9,26,1,8,4,10,0,1
match-ac2a1b20-3052,solidaritaet_ueberleben,standard,1,0,0,7,0,13,7,25,2,7,5,6,0,0
match-25776bde-3053,rudeljaeger,standard,0,1,1,7,5,11,9,25,3,9,4,12,0,0
match-25776bde-3053,solidaritaet_ueberleben,standard,1,0,0,7,-2,12,8,28,0,7,4,5,0,0
match-9ec4dc9b-3054,rudeljaeger,standard,0,0,1,9,-4,15,11,30,12,9,6,8,0,0
match-9ec4dc9b-3054,solidaritaet_ueberleben,standard,1,1,0,9,2,15,11,38,4,11,4,14,0,0
match-18122d59-3055,rudeljaeger,standard,0,1,1,4,10,9,4,10,0,4,0,11,0,0
match-18122d59-3055,solidaritaet_ueberleben,standard,1,0,0,4,-1,8,2,7,3,2,0,0,0,0
match-5bca8402-3056,rudeljaeger,standard,0,0,1,12,0,17,16,42,28,15,12,4,0,1
match-5bca8402-3056,solidaritaet_ueberleben,standard,1,1,0,12,6,16,15,47,23,15,13,10,1,0
match-d517f4bf-3057,rudeljaeger,standard,0,1,1,12,1,19,14,40,26,14,14,10,0,1
match-d517f4bf-3057,solidaritaet_ueberleben,standard,1,0,0,12,0,17,15,50,24,14,11,9,0,0
match-4e65457d-3058,rudeljaeger,standard,0,0,1,9,-1,13,9,29,12,8,4,8,0,1
match-4e65457d-3058,solidaritaet_ueberleben,standard,1,1,0,9,2,13,9,31,5,8,4,11,0,0
match-c7b2b63a-3059,rudeljaeger,standard,0,1,1,12,8,16,14,41,27,12,16,11,0,1
match-c7b2b63a-3059,solidaritaet_ueberleben,standard,1,0,0,12,-1,18,16,53,15,16,8,2,0,0
match-7695010c-3060,rudeljaeger,standard,0,1,1,7,10,11,8,22,3,7,4,10,0,0
match-7695010c-3060,solidaritaet_ueberleben,standard,1,0,0,7,0,11,7,24,3,7,4,0,0,0
match-efe271c9-3061,rudeljaeger,standard,0,1,1,6,10,10,6,17,2,5,3,12,0,0
match-efe271c9-3061,solidaritaet_ueberleben,standard,1,0,0,6,-2,11,5,19,2,5,3,0,0,0
match-692fc287-3062,rudeljaeger,standard,0,1,1,7,9,12,9,26,1,7,7,11,0,0
match-692fc287-3062,solidaritaet_ueberleben,standard,1,0,0,7,-1,12,9,26,2,9,2,1,0,0
match-e27d3344-3063,rudeljaeger,standard,0,0,1,10,-2,15,13,39,6,11,9,3,0,0
match-e27d3344-3063,solidaritaet_ueberleben,standard,1,1,0,10,7,16,13,46,9,12,8,12,0,0
match-7f858b31-3064,rudeljaeger,standard,0,1,1,7,2,11,9,22,4,7,5,13,0,0
match-7f858b31-3064,solidaritaet_ueberleben,standard,1,0,0,7,-3,11,7,26,1,7,5,8,0,0
match-f8d2fbee-3065,rudeljaeger,standard,0,1,1,13,6,17,17,46,37,15,13,10,0,1
match-f8d2fbee-3065,solidaritaet_ueberleben,standard,1,0,0,13,0,19,14,48,30,14,13,4,0,0
match-72204cac-3066,rudeljaeger,standard,0,1,1,5,6,9,6,11,2,5,2,10,0,0
match-72204cac-3066,solidaritaet_ueberleben,standard,1,0,0,5,0,10,5,14,1,5,3,4,0,0
match-eb6dbd69-3067,rudeljaeger,standard,0,0,1,8,0,12,11,30,2,9,5,9,0,1
match-eb6dbd69-3067,solidaritaet_ueberleben,standard,1,1,0,8,1,14,9,28,0,9,7,10,0,0
match-9a50083b-3068,rudeljaeger,standard,0,1,1,4,6,7,4,8,0,4,1,11,0,0
match-9a50083b-3068,solidaritaet_ueberleben,standard,1,0,0,4,-1,9,4,9,1,4,3,4,0,0
match-139d78f9-3069,rudeljaeger,standard,0,0,1,8,-3,12,10,25,8,10,4,6,0,0
match-139d78f9-3069,solidaritaet_ueberleben,standard,1,1,0,8,4,12,8,30,5,7,6,13,0,0
match-8ceac9b6-3070,rudeljaeger,standard,0,0,1,13,-1,18,16,45,34,14,12,8,0,2
match-8ceac9b6-3070,solidaritaet_ueberleben,standard,1,1,0,13,2,19,15,56,28,14,9,11,0,0
match-06383a74-3071,rudeljaeger,standard,0,1,1,6,4,9,7,20,0,7,1,11,0,1
match-06383a74-3071,solidaritaet_ueberleben,standard,1,0,0,6,-1,9,5,20,1,5,2,6,0,0
match-49f0911d-3072,rudeljaeger,standard,0,0,1,7,-4,12,10,22,4,8,3,6,0,0
match-49f0911d-3072,solidaritaet_ueberleben,standard,1,1,0,7,4,11,7,25,2,7,5,14,0,0
match-c33de1da-3073,rudeljaeger,standard,0,1,1,7,5,12,8,24,2,8,4,12,0,0
match-c33de1da-3073,solidaritaet_ueberleben,standard,1,0,0,7,-2,13,8,26,1,8,4,5,0,0
match-3c8b5298-3074,rudeljaeger,standard,0,1,1,16,1,22,19,54,68,17,18,11,0,1
match-3c8b5298-3074,solidaritaet_ueberleben,standard,1,0,0,16,-2,22,20,68,55,19,17,8,0,0
match-b5d8a355-3075,rudeljaeger,standard,0,,1,17,-2,20,20,56,83,18,10,6,0,2
match-b5d8a355-3075,solidaritaet_ueberleben,standard,1,,0,17,-2,22,16,58,84,15,14,6,0,0
match-64bb0e27-3076,rudeljaeger,standard,0,0,1,7,0,10,10,25,3,9,3,4,0,0
match-64bb0e27-3076,solidaritaet_ueberleben,standard,1,1,0,7,6,12,8,25,1,8,5,10,0,0
match-de087ee4-3077,rudeljaeger,standard,0,0,1,8,-3,11,8,27,5,8,3,5,0,1
match-de087ee4-3077,solidaritaet_ueberleben,standard,1,1,0,8,5,14,8,28,4,7,4,13,0,0
match-5755cfa2-3078,rudeljaeger,standard,0,0,1,15,0,19,19,54,52,17,15,4,0,1
match-5755cfa2-3078,solidaritaet_ueberleben,standard,1,1,0,15,6,21,18,65,45,17,13,10,0,0
match-d0a3205f-3079,rudeljaeger,standard,0,1,1,4,7,7,6,10,0,5,0,10,0,0
match-d0a3205f-3079,solidaritaet_ueberleben,standard,1,0,0,4,0,9,2,7,3,2,3,3,0,0
match-145b9709-3080,rudeljaeger,standard,0,1,1,16,4,22,19,54,75,17,12,7,0,0
match-145b9709-3080,solidaritaet_ueberleben,standard,1,0,0,16,0,21,16,60,66,15,12,3,0,0
match-8da8e7c6-3081,rudeljaeger,standard,0,1,1,4,8,8,4,9,0,4,2,11,0,0
match-8da8e7c6-3081,solidaritaet_ueberleben,standard,1,0,0,4,-1,8,4,9,1,4,1,2,0,0
match-06f65884-3082,rudeljaeger,standard,0,0,1,9,-1,14,13,34,4,11,7,5,0,0
match-06f65884-3082,solidaritaet_ueberleben,standard,1,1,0,9,5,15,8,29,11,8,11,11,0,0
match-8043a941-3083,rudeljaeger,standard,0,0,1,14,-4,19,17,47,49,15,11,5,0,0
match-8043a941-3083,solidaritaet_ueberleben,standard,1,1,0,14,5,18,14,52,39,13,12,14,0,0
match-2f261413-3084,rudeljaeger,standard,0,1,1,6,8,9,6,19,2,5,3,13,0,0
match-2f261413-3084,solidaritaet_ueberleben,standard,1,0,0,6,-3,11,6,19,2,6,1,2,0,0
match-a87364d0-3085,rudeljaeger,standard,0,1,1,4,10,9,5,10,0,5,1,10,0,0
match-a87364d0-3085,solidaritaet_ueberleben,standard,1,0,0,4,0,10,3,9,1,3,1,0,0,0
match-21c0d58e-3086,rudeljaeger,standard,0,,1,17,-1,22,20,56,80,18,11,4,0,0
match-21c0d58e-3086,solidaritaet_ueberleben,standard,1,,0,17,0,21,16,57,85,15,13,5,0,0
match-9b0e264b-3087,rudeljaeger,standard,0,0,1,10,-4,14,11,33,15,11,6,5,0,0
match-9b0e264b-3087,solidaritaet_ueberleben,standard,1,1,0,10,5,15,9,34,11,9,8,14,0,0
match-dec69cf4-3088,rudeljaeger,standard,0,1,1,7,4,10,7,23,1,7,7,12,0,0
match-dec69cf4-3088,solidaritaet_ueberleben,standard,1,0,0,7,-2,11,8,26,1,8,3,6,0,0
match-5813edb2-3089,rudeljaeger,standard,0,0,1,15,0,20,17,45,60,15,14,6,0,0
match-5813edb2-3089,solidaritaet_ueberleben,standard,1,1,0,15,4,20,18,62,43,17,12,10,0,0
match-d1615e6f-3090,rudeljaeger,standard,0,0,1,12,0,17,14,35,31,12,8,9,0,0
match-d1615e6f-3090,solidaritaet_ueberleben,standard,1,1,0,12,1,16,13,46,23,12,8,10,0,0
match-4aaeaf2d-3091,rudeljaeger,standard,0,1,1,7,10,12,8,25,2,8,5,11,0,0
match-4aaeaf2d-3091,solidaritaet_ueberleben,standard,1,0,0,7,-1,13,7,26,2,6,4,0,0,0
match-f99119fe-3092,rudeljaeger,standard,0,0,1,10,0,15,14,38,11,12,6,7,0,0
match-f99119fe-3092,solidaritaet_ueberleben,standard,1,1,0,10,3,14,11,37,13,10,9,10,0,0
match-72de6abc-3093,rudeljaeger,standard,0,1,1,7,3,11,10,27,0,8,5,11,0,0
match-72de6abc-3093,solidaritaet_ueberleben,standard,1,0,0,7,-1,13,7,25,3,6,3,7,0,0
match-ec2bdb79-3094,rudeljaeger,standard,0,0,1,12,0,18,15,36,32,13,8,9,0,1
match-ec2bdb79-3094,solidaritaet_ueberleben,standard,1,1,0,12,1,15,12,41,31,11,13,10,0,0
match-65792c37-3095,rudeljaeger,standard,0,1,1,9,7,13,10,33,5,8,11,10,0,0
match-65792c37-3095,solidaritaet_ueberleben,standard,1,0,0,9,0,14,12,39,2,11,3,3,0,0
match-a93182e0-3096,rudeljaeger,standard,0,1,1,7,6,10,10,25,2,8,4,11,0,2
match-a93182e0-3096,solidaritaet_ueberleben,standard,1,0,0,7,-1,11,8,25,2,7,4,4,0,0
match-227ef39e-3097,rudeljaeger,standard,0,1,1,7,4,11,9,23,2,7,3,10,0,0
match-227ef39e-3097,solidaritaet_ueberleben,standard,1,0,0,7,0,13,7,26,1,7,5,6,0,0
match-9bcc445b-3098,rudeljaeger,standard,0,1,1,5,7,10,6,15,0,5,2,10,0,0
match-9bcc445b-3098,solidaritaet_ueberleben,standard,1,0,0,5,0,9,6,14,0,5,2,3,0,0
match-1519b519-3099,rudeljaeger,standard,0,0,1,11,-4,17,15,41,15,13,7,7,0,2
match-1519b519-3099,solidaritaet_ueberleben,standard,1,1,0,11,3,16,11,45,13,11,9,14,0,0
match-c3fc1fea-3100,rudeljaeger,standard,0,0,1,7,-4,11,8,21,6,8,3,5,0,1
match-c3fc1fea-3100,solidaritaet_ueberleben,standard,1,1,0,7,5,10,5,19,2,5,4,14,0,0
match-3d4970a8-3101,rudeljaeger,standard,0,0,1,12,-1,16,15,41,27,13,10,7,0,1
match-3d4970a8-3101,solidaritaet_ueberleben,standard,1,1,0,12,3,18,12,48,18,12,9,11,0,0
match-b696c165-3102,rudeljaeger,standard,0,0,1,8,-3,11,11,24,5,9,6,8,0,0
match-b696c165-3102,solidaritaet_ueberleben,standard,1,1,0,8,2,14,10,33,2,10,6,13,0,0
match-2fe43223-3103,rudeljaeger,standard,0,0,1,16,-1,21,17,51,69,15,13,4,0,3
match-2fe43223-3103,solidaritaet_ueberleben,standard,1,1,0,16,3,22,16,59,64,15,12,8,0,0
match-739c88cc-3104,rudeljaeger,standard,0,1,1,7,10,11,8,23,4,6,4,11,0,0
match-739c88cc-3104,solidaritaet_ueberleben,standard,1,0,0,7,-1,10,8,25,2,8,4,0,0,0
match-ece9f989-3105,rudeljaeger,standard,0,1,1,5,3,10,8,14,1,7,0,11,0,0
match-ece9f989-3105,solidaritaet_ueberleben,standard,1,0,0,5,-1,9,4,11,3,3,4,7,0,0
match-66374a47-3106,rudeljaeger,standard,0,1,1,8,6,12,9,27,1,9,8,13,0,2
match-66374a47-3106,solidaritaet_ueberleben,standard,1,0,0,8,-3,14,9,32,4,9,4,4,0,0
match-df84bb04-3107,rudeljaeger,standard,0,0,1,7,-2,11,9,18,3,8,4,3,0,0
match-df84bb04-3107,solidaritaet_ueberleben,standard,1,1,0,7,7,12,6,19,2,6,5,12,0,0
match-8e6705d6-3108,rudeljaeger,standard,0,0,1,9,-1,15,11,30,12,9,3,4,0,0
match-8e6705d6-3108,solidaritaet_ueberleben,standard,1,1,0,9,6,15,9,35,5,8,5,11,0,0
match-07b47694-3109,rudeljaeger,standard,0,1,1,14,4,18,18,52,40,16,15,10,0,3
match-07b47694-3109,solidaritaet_ueberleben,standard,1,0,0,14,0,20,18,62,32,17,12,6,0,0
match-8101c751-3110,rudeljaeger,standard,0,0,1,14,0,19,18,53,42,16,13,8,0,1
match-8101c751-3110,solidaritaet_ueberleben,standard,1,1,0,14,2,21,17,56,40,16,12,10,0,0
match-fa4f380e-3111,rudeljaeger,standard,0,0,1,9,-3,14,8,24,15,7,4,7,0,0
match-fa4f380e-3111,solidaritaet_ueberleben,standard,1,1,0,9,3,15,9,30,6,9,3,13,0,0
match-3e078eb8-3112,rudeljaeger,standard,0,0,1,11,-2,15,14,37,20,12,9,8,0,0
match-3e078eb8-3112,solidaritaet_ueberleben,standard,1,1,0,11,2,15,14,49,11,14,11,12,0,0
match-b754ff75-3113,rudeljaeger,standard,0,0,1,8,-2,12,11,27,6,9,5,5,0,0
match-b754ff75-3113,solidaritaet_ueberleben,standard,1,1,0,8,5,12,10,34,2,10,6,12,0,0
match-30a25033-3114,rudeljaeger,standard,0,0,1,10,-3,14,13,33,13,11,9,9,0,0
match-30a25033-3114,solidaritaet_ueberleben,standard,1,1,0,10,1,16,12,39,8,11,6,13,0,0
match-a9efa0f0-3115,rudeljaeger,standard,0,1,1,15,4,20,14,46,61,12,15,11,0,1
match-a9efa0f0-3115,solidaritaet_ueberleben,standard,1,0,0,15,-1,21,18,61,49,17,7,6,0,0
match-58d20bc2-3116,rudeljaeger,standard,0,1,1,5,10,8,6,12,2,6,1,10,0,0
match-58d20bc2-3116,solidaritaet_ueberleben,standard,1,0,0,5,0,10,4,13,2,4,4,0,0,0
match-d21f7c7f-3117,rudeljaeger,standard,0,0,1,14,0,20,16,44,49,14,14,9,0,0
match-d21f7c7f-3117,solidaritaet_ueberleben,standard,1,1,0,14,1,19,17,60,35,16,12,10,0,0
match-4b6ccd3d-3118,rudeljaeger,standard,0,1,1,6,10,9,6,20,1,6,2,10,0,0
match-4b6ccd3d-3118,solidaritaet_ueberleben,standard,1,0,0,6,0,11,7,19,2,6,3,0,0,0
match-c4ba3dfa-3119,rudeljaeger,standard,0,0,1,9,-5,13,11,31,10,9,4,5,0,3
match-c4ba3dfa-3119,solidaritaet_ueberleben,standard,1,1,0,9,5,14,9,35,5,8,5,15,0,0
match-087294a4-3120,rudeljaeger,standard,0,1,1,6,9,11,6,19,0,6,3,10,0,0
match-087294a4-3120,solidaritaet_ueberleben,standard,1,0,0,6,0,12,5,17,4,5,2,1,0,0
match-81bfe561-3121,rudeljaeger,standard,0,1,1,7,10,11,6,16,5,5,3,11,0,0
match-81bfe561-3121,solidaritaet_ueberleben,standard,1,0,0,7,-1,12,6,25,2,5,1,0,0,0
match-fb0d561e-3122,rudeljaeger,standard,0,1,1,7,10,12,10,26,0,9,4,11,0,0
match-fb0d561e-3122,solidaritaet_ueberleben,standard,1,0,0,7,-1,11,7,25,2,6,4,0,0,0
match-745aa6dc-3123,rudeljaeger,standard,0,1,1,4,10,8,4,10,0,4,0,11,0,0
match-745aa6dc-3123,solidaritaet_ueberleben,standard,1,0,0,4,-1,9,3,9,1,3,1,0,0,0
match-233d11ae-3124,rudeljaeger,standard,0,1,1,15,3,19,16,49,56,14,17,12,0,2
match-233d11ae-3124,solidaritaet_ueberleben,standard,1,0,0,15,-2,22,19,66,44,18,9,7,0,0
match-9c8a626b-3125,rudeljaeger,standard,0,1,1,7,3,12,10,27,1,9,6,10,0,0
match-9c8a626b-3125,solidaritaet_ueberleben,standard,1,0,0,7,0,12,9,25,1,9,5,7,0,0
match-15d7d329-3126,rudeljaeger,standard,0,1,1,7,8,11,8,26,1,7,6,12,0,1
match-15d7d329-3126,solidaritaet_ueberleben,standard,1,0,0,7,-2,11,10,24,2,9,2,2,0,0
match-8f2523e6-3127,rudeljaeger,standard,0,0,1,12,-1,17,16,40,31,14,10,4,0,0
match-8f2523e6-3127,solidaritaet_ueberleben,standard,1,1,0,12,6,18,14,50,20,13,12,11,0,0
match-2c2d9bd3-3128,rudeljaeger,standard,0,0,1,7,-2,12,9,26,2,8,2,9,0,0
match-2c2d9bd3-3128,solidaritaet_ueberleben,standard,1,1,0,7,1,13,6,26,1,6,8,12,0,0
match-a57aec90-3129,rudeljaeger,standard,0,0,1,16,-2,20,20,56,65,18,9,5,0,1
match-a57aec90-3129,solidaritaet_ueberleben,standard,1,1,0,16,4,21,14,52,68,13,15,11,0,0
match-1ec85d4e-3130,rudeljaeger,standard,0,1,1,11,4,16,15,42,19,13,10,12,0,4
match-1ec85d4e-3130,solidaritaet_ueberleben,standard,1,0,0,11,-2,15,14,41,17,13,11,6,1,0
match-9815ae0b-3131,rudeljaeger,standard,0,1,1,3,10,7,3,6,0,3,1,11,0,0
match-9815ae0b-3131,solidaritaet_ueberleben,standard,1,0,0,3,-1,7,2,5,1,2,1,0,0,0
match-46f818dd-3132,rudeljaeger,standard,0,0,1,17,0,20,20,56,80,18,10,4,0,1
match-46f818dd-3132,solidaritaet_ueberleben,standard,1,1,0,17,3,22,14,57,79,13,14,7,0,0
match-c045699a-3133,rudeljaeger,standard,0,0,1,8,-1,13,12,32,3,10,3,4,0,0
match-c045699a-3133,solidaritaet_ueberleben,standard,1,1,0,8,6,14,8,30,4,8,7,11,4,0
match-3992da58-3134,rudeljaeger,standard,0,0,1,10,0,13,13,33,17,13,6,4,0,1
match-3992da58-3134,solidaritaet_ueberleben,standard,1,1,0,10,6,15,11,42,3,11,10,10,0,0
match-b2e02b15-3135,rudeljaeger,standard,0,1,1,10,3,15,11,32,19,10,10,12,0,0
match-b2e02b15-3135,solidaritaet_ueberleben,standard,1,0,0,10,-2,13,13,40,8,12,6,7,0,0
match-f69881be-3136,rudeljaeger,standard,0,1,1,11,3,16,12,29,26,10,14,10,0,0
match-f69881be-3136,solidaritaet_ueberleben,standard,1,0,0,11,0,16,15,41,16,15,7,7,0,0
match-6fe5f27c-3137,rudeljaeger,standard,0,1,1,6,9,10,9,16,3,7,2,11,0,0
match-6fe5f27c-3137,solidaritaet_ueberleben,standard,1,0,0,6,-1,11,5,19,2,5,5,1,0,0
match-e9334339-3138,rudeljaeger,standard,0,1,1,5,8,10,7,15,0,6,1,12,0,0
match-e9334339-3138,solidaritaet_ueberleben,standard,1,0,0,5,-2,10,4,12,2,3,3,2,0,0
match-6280b3f7-3139,rudeljaeger,standard,0,0,1,9,-1,15,9,25,14,8,4,9,0,0
match-6280b3f7-3139,solidaritaet_ueberleben,standard,1,1,0,9,1,14,7,30,6,7,3,11,0,0
match-11631ec9-3140,rudeljaeger,standard,0,0,1,7,-2,11,10,22,0,10,3,7,0,0
match-11631ec9-3140,solidaritaet_ueberleben,standard,1,1,0,7,3,12,7,27,0,7,9,12,0,0
match-8ab06f86-3141,rudeljaeger,standard,0,1,1,5,10,10,7,14,1,6,0,12,0,0
match-8ab06f86-3141,solidaritaet_ueberleben,standard,1,0,0,5,-2,11,3,12,3,3,1,0,0,0
match-03fdc044-3142,rudeljaeger,standard,0,1,1,8,4,12,10,28,0,8,6,11,0,2
match-03fdc044-3142,solidaritaet_ueberleben,standard,1,0,0,8,-1,12,9,32,4,9,4,6,0,0
match-7d4b3101-3143,rudeljaeger,standard,0,1,1,9,1,14,13,31,6,11,7,10,0,0
match-7d4b3101-3143,solidaritaet_ueberleben,standard,1,0,0,9,0,13,10,31,11,9,9,9,0,0
match-c10387aa-3144,rudeljaeger,standard,0,0,1,15,0,19,17,48,57,15,11,8,0,3
match-c10387aa-3144,solidaritaet_ueberleben,standard,1,1,0,15,2,19,14,52,53,13,10,10,0,0
match-3a50f868-3145,rudeljaeger,standard,0,1,1,7,10,11,9,23,3,8,6,11,0,0
match-3a50f868-3145,solidaritaet_ueberleben,standard,1,0,0,7,-1,11,9,26,1,9,4,0,0,0
match-b39e4925-3146,rudeljaeger,standard,0,1,1,8,8,13,9,28,3,8,11,10,0,0
match-b39e4925-3146,solidaritaet_ueberleben,standard,1,0,0,8,0,13,11,31,3,11,4,2,0,0
match-2cebb9e3-3147,rudeljaeger,standard,0,1,1,4,10,8,4,9,0,4,1,11,0,0
match-2cebb9e3-3147,solidaritaet_ueberleben,standard,1,0,0,4,-1,9,3,9,1,3,2,0,0,0
match-dbce04b4-3148,rudeljaeger,standard,0,0,1,16,0,20,16,48,72,14,12,5,0,6
match-dbce04b4-3148,solidaritaet_ueberleben,standard,1,1,0,16,2,20,15,49,71,14,11,7,2,0
match-551b7572-3149,rudeljaeger,standard,0,0,1,9,-6,13,9,26,10,8,5,9,0,0
match-551b7572-3149,solidaritaet_ueberleben,standard,1,1,0,9,1,12,8,29,7,8,3,16,0,0
match-ce68c62f-3150,rudeljaeger,standard,0,1,1,12,6,17,9,32,36,9,13,10,0,0
match-ce68c62f-3150,solidaritaet_ueberleben,standard,1,0,0,12,0,19,15,48,20,15,4,4,0,0
match-47b636ed-3151,rudeljaeger,standard,0,0,1,12,-4,16,15,37,33,13,11,8,0,0
match-47b636ed-3151,solidaritaet_ueberleben,standard,1,1,0,12,2,18,16,52,15,15,10,14,0,0
match-8b6e8d96-3152,rudeljaeger,standard,0,0,1,8,-1,13,11,25,8,10,6,6,0,0
match-8b6e8d96-3152,solidaritaet_ueberleben,standard,1,1,0,8,4,13,10,33,1,10,6,11,0,0
match-04bbfe54-3153,rudeljaeger,standard,0,1,1,7,10,11,9,22,4,8,5,10,0,0
match-04bbfe54-3153,solidaritaet_ueberleben,standard,1,0,0,7,0,12,6,24,3,6,3,0,0,0
match-7e094f11-3154,rudeljaeger,standard,0,1,1,4,10,7,4,8,0,3,1,10,0,0
match-7e094f11-3154,solidaritaet_ueberleben,standard,1,0,0,4,0,8,3,9,1,3,2,0,0,0
match-f756bfce-3155,rudeljaeger,standard,0,1,1,5,4,9,5,15,0,5,1,10,0,0
match-f756bfce-3155,solidaritaet_ueberleben,standard,1,0,0,5,0,9,4,13,1,3,2,6,0,0
match-a6390aa0-3156,rudeljaeger,standard,0,0,1,10,-2,13,13,30,16,11,8,5,0,1
match-a6390aa0-3156,solidaritaet_ueberleben,standard,1,1,0,10,5,14,12,45,8,11,9,12,0,0
match-1f867b5e-3157,rudeljaeger,standard,0,1,1,6,6,9,5,18,3,5,3,11,0,1
match-1f867b5e-3157,solidaritaet_ueberleben,standard,1,0,0,6,-1,10,6,20,1,6,1,4,0,0
match-98d3cc1b-3158,rudeljaeger,standard,0,0,1,13,-2,16,16,46,33,14,15,8,0,0
match-98d3cc1b-3158,solidaritaet_ueberleben,standard,1,1,0,13,2,18,16,52,28,16,11,12,0,0
match-12213cd9-3159,rudeljaeger,standard,0,1,1,11,2,14,14,35,28,12,15,11,0,1
match-12213cd9-3159,solidaritaet_ueberleben,standard,1,0,0,11,-1,17,14,42,14,13,10,8,0,0
match-55d99382-3160,rudeljaeger,standard,0,0,1,8,0,14,10,25,3,9,4,5,0,0
match-55d99382-3160,solidaritaet_ueberleben,standard,1,1,0,8,5,13,9,29,3,8,6,10,0,0
match-cf26e43f-3161,rudeljaeger,standard,0,0,1,15,-1,19,18,52,54,16,12,7,0,1
match-cf26e43f-3161,solidaritaet_ueberleben,standard,1,1,0,15,3,21,16,59,46,15,12,11,0,0
match-487454fd-3162,rudeljaeger,standard,0,,1,16,-1,20,14,41,79,12,17,7,0,0
match-487454fd-3162,solidaritaet_ueberleben,standard,1,,0,16,0,22,20,68,57,19,9,8,0,0
match-c1c1a5ba-3163,rudeljaeger,standard,0,0,1,13,-1,18,16,45,36,15,14,6,0,4
match-c1c1a5ba-3163,solidaritaet_ueberleben,standard,1,1,0,13,4,20,16,55,27,15,13,11,0,0
match-70a4108c-3164,rudeljaeger,standard,0,0,1,7,0,13,7,20,3,6,3,5,0,0
match-70a4108c-3164,solidaritaet_ueberleben,standard,1,1,0,7,5,11,7,23,2,7,2,10,0,0
match-e9f16149-3165,rudeljaeger,standard,0,0,1,8,-1,11,9,28,5,9,5,6,0,1
match-e9f16149-3165,solidaritaet_ueberleben,standard,1,1,0,8,4,11,9,27,6,8,5,11,0,0
match-633ed207-3166,rudeljaeger,standard,0,0,1,12,-2,19,16,45,32,14,11,6,0,1
match-633ed207-3166,solidaritaet_ueberleben,standard,1,1,0,12,4,18,15,56,15,14,10,12,0,0
match-dc8c22c4-3167,rudeljaeger,standard,0,0,1,8,-3,13,8,27,4,7,7,9,0,2
match-dc8c22c4-3167,solidaritaet_ueberleben,standard,1,1,0,8,1,12,10,35,1,10,3,13,0,0
match-2044996e-3168,rudeljaeger,standard,0,0,1,15,0,21,18,48,57,16,17,8,0,3
match-2044996e-3168,solidaritaet_ueberleben,standard,1,1,0,15,1,21,19,66,43,18,17,9,0,0
match-9991ea2b-3169,rudeljaeger,standard,0,0,1,8,-4,14,11,29,5,9,3,9,0,1
match-9991ea2b-3169,solidaritaet_ueberleben,standard,1,1,0,8,1,14,8,32,2,8,7,14,0,0
match-12df5ae9-3170,rudeljaeger,standard,0,1,1,4,10,7,4,9,1,4,1,11,0,0
match-12df5ae9-3170,solidaritaet_ueberleben,standard,1,0,0,4,-1,10,3,9,1,3,2,0,0,0
match-8c2caba6-3171,rudeljaeger,standard,0,1,1,4,4,9,3,6,0,3,1,11,0,0
match-8c2caba6-3171,solidaritaet_ueberleben,standard,1,0,0,4,-1,8,3,6,0,3,1,6,0,0
match-3b0f1678-3172,rudeljaeger,standard,0,1,1,4,7,9,3,9,1,3,3,10,0,0
match-3b0f1678-3172,solidaritaet_ueberleben,standard,1,0,0,4,0,7,4,10,0,4,0,3,0,0
match-b45c6735-3173,rudeljaeger,standard,0,1,1,5,10,9,7,15,0,6,3,10,0,0
match-b45c6735-3173,solidaritaet_ueberleben,standard,1,0,0,5,0,11,4,14,1,4,2,0,0,0
match-2da9d7f3-3174,rudeljaeger,standard,0,1,1,5,5,9,5,15,0,5,2,10,0,0
match-2da9d7f3-3174,solidaritaet_ueberleben,standard,1,0,0,5,0,11,4,11,3,3,2,5,0,0
match-a6f728b0-3175,rudeljaeger,standard,0,1,1,7,7,11,8,20,3,6,4,11,0,0
match-a6f728b0-3175,solidaritaet_ueberleben,standard,1,0,0,7,-1,11,8,23,4,8,2,3,0,0
match-eaaf9f59-3176,rudeljaeger,standard,0,0,1,14,-3,19,15,44,47,14,15,9,0,0
match-eaaf9f59-3176,solidaritaet_ueberleben,standard,1,1,0,14,1,21,18,59,36,17,10,13,0,0
match-63fcf017-3177,rudeljaeger,standard,0,1,1,5,7,10,5,14,1,5,5,10,0,0
match-63fcf017-3177,solidaritaet_ueberleben,standard,1,0,0,5,0,11,6,13,0,6,1,3,0,0
match-dd4a40d4-3178,rudeljaeger,standard,0,1,1,3,10,7,3,6,0,3,0,11,0,0
match-dd4a40d4-3178,solidaritaet_ueberleben,standard,1,0,0,3,-1,8,2,5,1,2,1,0,0,0
match-5697b192-3179,rudeljaeger,standard,0,1,1,11,1,17,14,35,22,12,13,10,0,1
match-5697b192-3179,solidaritaet_ueberleben,standard,1,0,0,11,0,17,15,47,11,14,7,9,0,0
match-057a1c64-3180,rudeljaeger,standard,0,1,1,15,8,22,18,53,55,16,16,9,0,2
match-057a1c64-3180,solidaritaet_ueberleben,standard,1,0,0,15,0,21,18,61,48,17,12,1,0,0
match-7ec76d21-3181,rudeljaeger,standard,0,1,1,6,4,11,9,21,0,8,4,10,0,0
match-7ec76d21-3181,solidaritaet_ueberleben,standard,1,0,0,6,0,11,7,20,1,7,5,6,0,0
match-f814ddde-3182,rudeljaeger,standard,0,1,1,4,10,8,3,9,1,3,1,10,0,0
match-f814ddde-3182,solidaritaet_ueberleben,standard,1,0,0,4,0,9,3,7,1,3,1,0,0,0
match-71622e9c-3183,rudeljaeger,standard,0,0,1,15,-1,20,19,54,59,17,15,6,0,1
match-71622e9c-3183,solidaritaet_ueberleben,standard,1,1,0,15,4,20,17,56,49,17,17,11,0,0
match-b51a8545-3184,rudeljaeger,standard,0,1,1,11,6,16,12,37,23,12,12,11,0,0
match-b51a8545-3184,solidaritaet_ueberleben,standard,1,0,0,11,-1,17,14,48,14,14,9,4,0,0
match-2e67f603-3185,rudeljaeger,standard,0,1,1,4,8,7,4,8,0,3,2,11,0,0
match-2e67f603-3185,solidaritaet_ueberleben,standard,1,0,0,4,-1,9,4,10,0,4,1,2,0,0
match-a7b546c0-3186,rudeljaeger,standard,0,1,1,7,4,13,8,26,2,8,6,10,0,0
match-a7b546c0-3186,solidaritaet_ueberleben,standard,1,0,0,7,0,12,8,27,1,7,4,6,0,0
match-2102b77e-3187,rudeljaeger,standard,0,0,1,8,-2,13,11,28,3,9,5,4,0,1
match-2102b77e-3187,solidaritaet_ueberleben,standard,1,1,0,8,6,12,9,26,8,8,9,12,0,0
match-cfe5024f-3188,rudeljaeger,standard,0,1,1,7,7,12,10,26,0,8,5,11,0,0
match-cfe5024f-3188,solidaritaet_ueberleben,standard,1,0,0,7,-1,12,6,25,2,6,4,3,0,0
match-4932730d-3189,rudeljaeger,standard,0,1,1,7,10,12,7,25,2,7,6,12,0,0
match-4932730d-3189,solidaritaet_ueberleben,standard,1,0,0,7,-2,11,7,25,3,7,2,0,0,0
match-c27fc3ca-3190,rudeljaeger,standard,0,0,1,9,-3,13,8,30,11,7,3,9,0,3
match-c27fc3ca-3190,solidaritaet_ueberleben,standard,1,1,0,9,1,15,9,39,3,8,3,13,0,0
match-3bcd3488-3191,rudeljaeger,standard,0,,1,17,-1,20,16,49,87,14,7,5,0,1
match-3bcd3488-3191,solidaritaet_ueberleben,standard,1,,0,17,-1,23,13,50,90,12,11,5,0,0
match-d8d58c74-3192,rudeljaeger,standard,0,0,1,12,0,15,14,37,29,12,13,4,0,0
match-d8d58c74-3192,solidaritaet_ueberleben,standard,1,1,0,12,6,17,14,48,22,14,9,10,0,0
match-5222fd32-3193,rudeljaeger,standard,0,1,1,8,7,13,12,25,6,10,7,11,0,0
match-5222fd32-3193,solidaritaet_ueberleben,standard,1,0,0,8,-1,12,9,32,4,9,8,3,0,0
match-cb704def-3194,rudeljaeger,standard,0,0,1,10,-4,15,13,29,17,12,7,9,0,0
match-cb704def-3194,solidaritaet_ueberleben,standard,1,1,0,10,1,13,11,42,6,10,9,14,0,0
match-44bdbead-3195,rudeljaeger,standard,0,0,1,13,-2,19,16,43,39,15,11,7,0,1
match-44bdbead-3195,solidaritaet_ueberleben,standard,1,1,0,13,3,18,14,46,34,14,12,12,0,0
match-f3a0097e-3196,rudeljaeger,standard,0,0,1,16,-1,20,19,54,66,17,16,5,0,2
match-f3a0097e-3196,solidaritaet_ueberleben,standard,1,1,0,16,4,21,17,60,60,16,15,10,0,0
match-6ced7a3c-3197,rudeljaeger,standard,0,1,1,13,3,17,15,39,39,13,16,10,0,0
match-6ced7a3c-3197,solidaritaet_ueberleben,standard,1,0,0,13,0,18,17,56,27,17,9,7,0,0
match-e63acaf9-3198,rudeljaeger,standard,0,1,1,5,10,10,7,15,0,6,1,11,0,0
match-e63acaf9-3198,solidaritaet_ueberleben,standard,1,0,0,5,-1,9,5,14,1,5,3,0,0,0
match-5f883bb7-3199,rudeljaeger,standard,0,0,1,10,-1,17,12,33,16,10,7,9,0,2
match-5f883bb7-3199,solidaritaet_ueberleben,standard,1,1,0,10,1,14,11,40,9,11,5,11,0,0
match-a3409260-3200,rudeljaeger,standard,0,0,1,11,0,15,14,32,24,13,10,7,0,2
match-a3409260-3200,solidaritaet_ueberleben,standard,1,1,0,11,3,15,13,42,17,12,8,10,0,0
match-1c8de31e-3201,rudeljaeger,standard,0,1,1,14,3,17,15,43,48,13,14,11,0,1
match-1c8de31e-3201,solidaritaet_ueberleben,standard,1,0,0,14,-1,20,17,59,34,16,8,7,0,0
match-95db53db-3202,rudeljaeger,standard,0,0,1,17,-2,21,18,50,86,16,19,2,0,1
match-95db53db-3202,solidaritaet_ueberleben,standard,1,1,0,17,5,21,20,68,68,19,12,9,0,0
match-0f28a499-3203,rudeljaeger,standard,0,1,1,7,10,12,7,25,2,7,5,11,0,0
match-0f28a499-3203,solidaritaet_ueberleben,standard,1,0,0,7,-1,13,7,24,3,7,3,0,0,0
match-be0b0f6a-3204,rudeljaeger,standard,0,1,1,5,8,8,5,14,0,5,3,10,0,0
match-be0b0f6a-3204,solidaritaet_ueberleben,standard,1,0,0,5,0,11,5,12,2,4,2,2,0,0
match-37586028-3205,rudeljaeger,standard,0,0,1,11,-2,15,12,36,27,11,8,9,0,0
match-37586028-3205,solidaritaet_ueberleben,standard,1,1,0,11,1,16,13,48,10,13,6,12,0,0
match-b0a5d0e5-3206,rudeljaeger,standard,0,0,1,17,-2,23,20,56,80,18,17,5,0,0
match-b0a5d0e5-3206,solidaritaet_ueberleben,standard,1,1,0,17,2,20,20,68,68,19,17,9,0,0
match-29f321a3-3207,rudeljaeger,standard,0,0,1,14,0,20,18,52,45,16,14,9,0,0
match-29f321a3-3207,solidaritaet_ueberleben,standard,1,1,0,14,1,20,18,59,38,17,11,10,2,0
match-6dab984c-3208,rudeljaeger,standard,0,0,1,14,-2,18,17,46,48,15,9,8,0,1
match-6dab984c-3208,solidaritaet_ueberleben,standard,1,1,0,14,2,19,13,55,42,12,13,12,0,0
match-e6f8e909-3209,rudeljaeger,standard,0,1,1,5,8,9,6,12,1,6,2,10,0,0
match-e6f8e909-3209,solidaritaet_ueberleben,standard,1,0,0,5,0,9,5,13,2,5,5,2,0,0
match-604659c7-3210,rudeljaeger,standard,0,1,1,6,5,9,5,17,1,5,3,10,0,0
match-604659c7-3210,solidaritaet_ueberleben,standard,1,0,0,6,0,11,6,20,1,6,2,5,0,0
match-d993aa84-3211,rudeljaeger,standard,0,0,1,13,0,17,13,40,44,12,10,8,0,1
match-d993aa84-3211,solidaritaet_ueberleben,standard,1,1,0,13,2,20,15,46,32,14,8,10,0,0
match-88761556-3212,rudeljaeger,standard,0,0,1,15,-1,20,19,54,53,18,14,7,0,1
match-88761556-3212,solidaritaet_ueberleben,standard,1,1,0,15,3,20,16,53,58,16,19,11,0,0
match-01c36614-3213,rudeljaeger,standard,0,1,1,6,8,10,7,18,2,7,5,10,0,0
match-01c36614-3213,solidaritaet_ueberleben,standard,1,0,0,6,0,10,7,21,0,7,3,2,0,0
match-7b10d6d1-3214,rudeljaeger,standard,0,0,1,10,-4,14,13,38,11,11,6,6,0,2
match-7b10d6d1-3214,solidaritaet_ueberleben,standard,1,1,0,10,4,16,11,39,11,10,9,14,0,0
match-f45e278e-3215,rudeljaeger,standard,0,1,1,4,10,8,4,8,1,4,2,10,0,0
match-f45e278e-3215,solidaritaet_ueberleben,standard,1,0,0,4,0,11,4,9,1,4,2,0,0,0
match-38169e38-3216,rudeljaeger,standard,0,1,1,4,10,9,4,9,1,4,0,11,0,0
match-38169e38-3216,solidaritaet_ueberleben,standard,1,0,0,4,-1,9,3,9,1,3,1,0,0,0
match-b163eef5-3217,rudeljaeger,standard,0,1,1,5,8,9,5,15,0,5,3,13,0,0
match-b163eef5-3217,solidaritaet_ueberleben,standard,1,0,0,5,-3,11,6,15,0,6,4,2,0,0
match-2ab15fb3-3218,rudeljaeger,standard,0,0,1,10,0,15,13,35,19,12,7,5,0,0
match-2ab15fb3-3218,solidaritaet_ueberleben,standard,1,1,0,10,5,15,11,37,14,11,8,10,0,0
match-a3feb070-3219,rudeljaeger,standard,0,0,1,7,0,12,9,27,1,8,2,8,0,0
match-a3feb070-3219,solidaritaet_ueberleben,standard,1,1,0,7,2,12,7,24,3,6,5,10,0,0
match-52e11b42-3220,rudeljaeger,standard,0,0,1,9,-3,13,8,25,17,7,3,9,0,2
match-52e11b42-3220,solidaritaet_ueberleben,standard,1,1,0,9,1,13,7,29,13,7,2,13,0,0
match-cc2e6bff-3221,rudeljaeger,standard,0,0,1,7,-2,12,10,23,0,8,5,8,0,1
match-cc2e6bff-3221,solidaritaet_ueberleben,standard,1,1,0,7,2,12,8,25,2,8,5,12,0,0
match-457bdcbd-3222,rudeljaeger,standard,0,1,1,10,3,15,14,38,9,13,9,12,0,2
match-457bdcbd-3222,solidaritaet_ueberleben,standard,1,0,0,10,-2,15,10,34,11,9,11,7,0,0
match-bec92d7a-3223,rudeljaeger,standard,0,0,1,14,-1,19,18,51,49,16,12,9,0,3
match-bec92d7a-3223,solidaritaet_ueberleben,standard,1,1,0,14,1,19,16,56,43,15,13,11,1,0
match-02818424-3224,rudeljaeger,standard,0,1,1,7,5,11,9,26,2,8,4,13,0,0
match-02818424-3224,solidaritaet_ueberleben,standard,1,0,0,7,-3,12,7,24,3,7,3,5,0,0
match-7bcef4e1-3225,rudeljaeger,standard,0,1,1,6,8,10,5,15,2,5,2,12,0,0
match-7bcef4e1-3225,solidaritaet_ueberleben,standard,1,0,0,6,-2,11,5,19,2,5,4,2,0,0
match-f51c459e-3226,rudeljaeger,standard,0,0,1,15,0,20,19,54,59,17,9,5,0,2
match-f51c459e-3226,solidaritaet_ueberleben,standard,1,1,0,15,5,21,14,50,55,13,13,10,0,0
match-6e69b65c-3227,rudeljaeger,standard,0,1,1,4,8,7,4,9,0,4,0,11,0,0
match-6e69b65c-3227,solidaritaet_ueberleben,standard,1,0,0,4,-1,8,4,8,1,4,2,2,0,0
match-1d4c012e-3228,rudeljaeger,standard,0,0,1,8,0,13,11,25,4,10,4,5,0,0
match-1d4c012e-3228,solidaritaet_ueberleben,standard,1,1,0,8,5,11,9,26,10,8,10,10,0,0
match-969971eb-3229,rudeljaeger,standard,0,1,1,13,2,16,15,43,35,13,16,10,0,0
match-969971eb-3229,solidaritaet_ueberleben,standard,1,0,0,13,0,20,17,55,27,17,9,8,0,0
match-0fe6c2a9-3230,rudeljaeger,standard,0,1,1,15,4,20,16,47,58,14,15,9,0,0
match-0fe6c2a9-3230,solidaritaet_ueberleben,standard,1,0,0,15,0,21,18,65,41,17,13,5,0,0
match-89343366-3231,rudeljaeger,standard,0,1,1,8,10,12,8,26,2,7,4,10,0,0
match-89343366-3231,solidaritaet_ueberleben,standard,1,0,0,8,0,12,8,29,2,8,3,0,0,0
match-ccec8a0f-3232,rudeljaeger,standard,0,1,1,14,3,17,17,45,50,16,17,10,0,4
match-ccec8a0f-3232,solidaritaet_ueberleben,standard,1,0,0,14,0,20,17,59,38,16,12,7,0,0
match-4639facd-3233,rudeljaeger,standard,0,1,1,15,3,20,18,51,55,16,14,10,0,2
match-4639facd-3233,solidaritaet_ueberleben,standard,1,0,0,15,0,21,17,63,50,16,12,7,0,0
match-bf874b8a-3234,rudeljaeger,standard,0,1,1,14,4,20,15,47,46,13,16,12,0,1
match-bf874b8a-3234,solidaritaet_ueberleben,standard,1,0,0,14,-2,20,18,61,32,17,11,6,0,0
match-38d4bc48-3235,rudeljaeger,standard,0,1,1,6,10,11,8,19,0,8,5,10,0,0
match-38d4bc48-3235,solidaritaet_ueberleben,standard,1,0,0,6,0,10,7,21,0,7,6,0,0,0
match-e7b70719-3236,rudeljaeger,standard,0,0,1,16,-2,20,17,49,74,15,7,7,0,0
match-e7b70719-3236,solidaritaet_ueberleben,standard,1,1,0,16,2,22,12,43,77,11,11,11,0,0
match-610477d7-3237,rudeljaeger,standard,0,0,1,15,-2,19,14,44,67,13,9,4,0,3
match-610477d7-3237,solidaritaet_ueberleben,standard,1,1,0,15,6,20,13,48,60,12,9,12,0,0
match-da51c894-3238,rudeljaeger,standard,0,1,1,14,1,19,18,53,39,16,17,11,0,0
match-da51c894-3238,solidaritaet_ueberleben,standard,1,0,0,14,-1,21,18,60,33,17,13,9,0,0
match-539f3952-3239,rudeljaeger,standard,0,1,1,15,6,19,17,49,60,15,16,9,0,1
match-539f3952-3239,solidaritaet_ueberleben,standard,1,0,0,15,0,21,19,66,44,18,12,3,0,0
match-97578ffb-3240,rudeljaeger,standard,0,1,1,9,8,14,11,32,12,10,5,11,0,0
match-97578ffb-3240,solidaritaet_ueberleben,standard,1,0,0,9,-1,14,9,32,13,9,5,2,0,0
match-10a4e0b9-3241,rudeljaeger,standard,0,1,1,7,8,12,10,26,2,9,4,10,0,2
match-10a4e0b9-3241,solidaritaet_ueberleben,standard,1,0,0,7,0,13,7,24,3,7,6,2,0,0
match-89f25176-3242,rudeljaeger,standard,0,0,1,7,-1,11,11,28,0,11,5,8,0,0
match-89f25176-3242,solidaritaet_ueberleben,standard,1,1,0,7,2,13,8,26,2,7,8,11,0,0
match-033fa234-3243,rudeljaeger,standard,0,1,1,6,4,11,8,18,2,8,6,11,0,0
match-033fa234-3243,solidaritaet_ueberleben,standard,1,0,0,6,-1,11,8,18,0,7,5,6,0,0
match-b2220d05-3244,rudeljaeger,standard,0,0,1,8,0,12,11,25,6,9,3,7,0,1
match-b2220d05-3244,solidaritaet_ueberleben,standard,1,1,0,8,3,13,8,26,2,8,6,10,0,0
match-2b6f7dc3-3245,rudeljaeger,standard,0,1,1,5,4,9,4,13,2,4,1,11,0,0
match-2b6f7dc3-3245,solidaritaet_ueberleben,standard,1,0,0,5,-1,10,5,15,0,4,1,6,0,0
match-a4bcce80-3246,rudeljaeger,standard,0,1,1,4,10,9,5,9,0,4,2,10,0,0
match-a4bcce80-3246,solidaritaet_ueberleben,standard,1,0,0,4,0,10,3,8,2,3,1,0,0,0
match-1e0a3f3e-3247,rudeljaeger,standard,0,1,1,7,7,13,8,25,1,8,5,10,0,0
match-1e0a3f3e-3247,solidaritaet_ueberleben,standard,1,0,0,7,0,11,7,27,0,7,3,3,0,0
match-61c295e7-3248,rudeljaeger,standard,0,1,1,13,10,18,16,42,37,15,12,10,0,0
match-61c295e7-3248,solidaritaet_ueberleben,standard,1,0,0,13,0,17,16,57,22,16,13,0,0,0
match-db0fe6a4-3249,rudeljaeger,standard,0,0,1,9,-2,14,8,26,13,8,3,5,0,0
match-db0fe6a4-3249,solidaritaet_ueberleben,standard,1,1,0,9,5,14,8,30,12,8,4,12,0,0
match-545d5762-3250,rudeljaeger,standard,0,1,1,7,4,13,8,24,0,8,3,10,0,0
match-545d5762-3250,solidaritaet_ueberleben,standard,1,0,0,7,0,12,7,22,6,7,5,6,0,0
match-cdaaa81f-3251,rudeljaeger,standard,0,0,1,8,-4,13,6,21,12,6,2,9,0,2
match-cdaaa81f-3251,solidaritaet_ueberleben,standard,1,1,0,8,1,14,8,27,9,7,1,14,0,0
match-7c8d12f1-3252,rudeljaeger,standard,0,0,1,10,-3,15,14,36,11,13,7,8,0,0
match-7c8d12f1-3252,solidaritaet_ueberleben,standard,1,1,0,10,2,16,11,39,12,11,10,13,0,0
match-f5da63ae-3253,rudeljaeger,standard,0,0,1,9,-4,15,10,24,14,8,7,4,0,0
match-f5da63ae-3253,solidaritaet_ueberleben,standard,1,1,0,9,6,14,11,33,5,11,5,14,0,0
match-6f27d46c-3254,rudeljaeger,standard,0,0,1,11,-1,16,8,28,32,7,9,5,0,0
match-6f27d46c-3254,solidaritaet_ueberleben,standard,1,1,0,11,5,17,14,45,14,13,2,11,0,0
match-e8752529-3255,rudeljaeger,standard,0,,1,16,0,22,16,50,76,14,17,8,0,2
match-e8752529-3255,solidaritaet_ueberleben,standard,1,,0,16,-1,22,19,66,56,18,9,7,0,0
match-857d9d16-3256,rudeljaeger,standard,0,1,1,3,8,7,3,6,0,3,0,10,0,0
match-857d9d16-3256,solidaritaet_ueberleben,standard,1,0,0,3,0,9,2,4,2,2,0,2,0,0
match-fecaedd3-3257,rudeljaeger,standard,0,0,1,16,-1,19,19,53,72,17,16,7,0,4
match-fecaedd3-3257,solidaritaet_ueberleben,standard,1,1,0,16,2,23,20,68,55,19,13,10,1,0
match-78185e91-3258,rudeljaeger,standard,0,1,1,15,7,20,13,38,69,12,16,11,0,0
match-78185e91-3258,solidaritaet_ueberleben,standard,1,0,0,15,-1,22,19,66,44,18,7,3,0,0
match-f165af4e-3259,rudeljaeger,standard,0,1,1,15,8,19,16,47,58,14,17,13,0,0
match-f165af4e-3259,solidaritaet_ueberleben,standard,1,0,0,15,-3,22,19,63,46,18,10,2,0,0
match-a0481a20-3260,rudeljaeger,standard,0,0,1,13,0,16,16,46,36,14,6,9,0,2
match-a0481a20-3260,solidaritaet_ueberleben,standard,1,1,0,13,1,19,11,45,33,10,11,10,0,0
match-19956ade-3261,rudeljaeger,standard,0,1,1,7,6,10,10,23,0,9,6,10,0,0
match-19956ade-3261,solidaritaet_ueberleben,standard,1,0,0,7,0,12,8,25,2,7,5,4,0,0
match-92e2db9b-3262,rudeljaeger,standard,0,0,1,7,-1,11,10,20,2,8,4,5,0,0
match-92e2db9b-3262,solidaritaet_ueberleben,standard,1,1,0,7,5,11,7,24,1,7,7,11,0,0
match-0c302c59-3263,rudeljaeger,standard,0,1,1,15,4,20,19,54,53,17,15,9,0,3
match-0c302c59-3263,solidaritaet_ueberleben,standard,1,0,0,15,0,20,18,63,48,17,14,5,0,0
match-4fe88302-3264,rudeljaeger,standard,0,1,1,14,4,19,17,48,44,15,11,12,0,1
match-4fe88302-3264,solidaritaet_ueberleben,standard,1,0,0,14,-2,20,16,57,39,15,12,6,0,0
match-c935f3bf-3265,rudeljaeger,standard,0,1,1,3,10,7,4,6,0,4,1,10,0,0
match-c935f3bf-3265,solidaritaet_ueberleben,standard,1,0,0,3,0,9,2,5,1,2,1,0,0,0
match-4283447d-3266,rudeljaeger,standard,0,0,1,9,-1,14,13,32,7,12,6,7,0,1
match-4283447d-3266,solidaritaet_ueberleben,standard,1,1,0,9,3,15,10,38,4,10,12,11,0,0
match-bbd0b53a-3267,rudeljaeger,standard,0,0,1,14,0,19,18,50,46,16,12,7,0,0
match-bbd0b53a-3267,solidaritaet_ueberleben,standard,1,1,0,14,3,18,17,60,31,16,14,10,1,0
match-6ab3000c-3268,rudeljaeger,standard,0,0,1,7,-1,11,6,16,5,6,4,5,0,0
match-6ab3000c-3268,solidaritaet_ueberleben,standard,1,1,0,7,5,12,7,24,2,7,2,11,0,0
match-e40070c9-3269,rudeljaeger,standard,0,0,1,8,0,13,10,24,7,9,3,8,0,0
match-e40070c9-3269,solidaritaet_ueberleben,standard,1,1,0,8,2,14,8,34,2,8,7,10,0,0
match-5d4dc187-3270,rudeljaeger,standard,0,1,1,14,7,18,16,47,46,14,14,13,0,2
match-5d4dc187-3270,solidaritaet_ueberleben,standard,1,0,0,14,-3,20,15,58,37,14,11,3,0,0
match-d69b3244-3271,rudeljaeger,standard,0,0,1,16,-3,22,20,56,68,18,14,6,0,3
match-d69b3244-3271,solidaritaet_ueberleben,standard,1,1,0,16,3,23,17,64,62,16,13,12,0,0
match-1a5388ee-3272,rudeljaeger,standard,0,1,1,16,3,21,13,42,82,11,10,8,0,0
match-1a5388ee-3272,solidaritaet_ueberleben,standard,1,0,0,16,-1,23,16,62,64,15,7,4,0,0
match-93a0f9ab-3273,rudeljaeger,standard,0,1,1,7,1,11,10,26,1,8,6,12,0,0
match-93a0f9ab-3273,solidaritaet_ueberleben,standard,1,0,0,7,-2,11,10,24,1,9,5,9,0,0
match-0cee4a69-3274,rudeljaeger,standard,0,1,1,7,5,12,10,24,2,9,3,12,0,0
match-0cee4a69-3274,solidaritaet_ueberleben,standard,1,0,0,7,-2,12,6,24,3,6,6,5,0,0
match-863bbb26-3275,rudeljaeger,standard,0,,1,17,-2,21,20,56,85,18,10,5,0,2
match-863bbb26-3275,solidaritaet_ueberleben,standard,1,,0,17,-1,21,15,57,85,14,14,6,0,0
match-351e05f8-3276,rudeljaeger,standard,0,1,1,4,10,7,5,9,0,5,1,10,0,0
match-351e05f8-3276,solidaritaet_ueberleben,standard,1,0,0,4,0,9,3,9,1,3,1,0,0,0
match-ae6b76b5-3277,rudeljaeger,standard,0,0,1,9,-3,13,12,32,9,12,5,7,0,3
match-ae6b76b5-3277,solidaritaet_ueberleben,standard,1,1,0,9,3,13,10,39,5,9,10,13,1,0
match-27b8c773-3278,rudeljaeger,standard,0,0,1,7,-1,11,10,24,0,9,1,7,0,0
match-27b8c773-3278,solidaritaet_ueberleben,standard,1,1,0,7,3,12,5,23,4,5,7,11,0,0
match-a1063830-3279,rudeljaeger,standard,0,0,1,16,-2,21,17,49,78,15,6,6,0,0
match-a1063830-3279,solidaritaet_ueberleben,standard,1,1,0,16,3,22,11,46,78,10,11,11,0,0
match-e4be8ed9-3280,rudeljaeger,standard,0,1,1,12,3,18,14,36,31,12,15,10,0,0
match-e4be8ed9-3280,solidaritaet_ueberleben,standard,1,0,0,12,0,18,16,53,17,15,9,7,1,0
match-5e0bff97-3281,rudeljaeger,standard,0,1,1,7,6,13,8,21,0,7,4,12,0,0
match-5e0bff97-3281,solidaritaet_ueberleben,standard,1,0,0,7,-2,13,7,25,3,7,2,4,0,0
match-d7595054-3282,rudeljaeger,standard,0,1,1,9,1,14,10,30,6,8,6,11,0,0
match-d7595054-3282,solidaritaet_ueberleben,standard,1,0,0,9,-1,15,8,26,10,7,4,9,0,0
match-50a6a112-3283,rudeljaeger,standard,0,0,1,8,-2,11,8,23,5,7,5,7,0,0
match-50a6a112-3283,solidaritaet_ueberleben,standard,1,1,0,8,3,12,9,31,2,9,3,12,0,0
match-ff890be3-3284,rudeljaeger,standard,0,1,1,6,5,10,7,16,2,6,3,10,0,0
match-ff890be3-3284,solidaritaet_ueberleben,standard,1,0,0,6,0,11,6,20,1,6,4,5,0,0
match-78d67ca1-3285,rudeljaeger,standard,0,0,1,12,-2,16,16,44,24,15,4,9,0,1
match-78d67ca1-3285,solidaritaet_ueberleben,standard,1,1,0,12,1,16,9,38,33,9,13,12,0,0
match-f223cd5e-3286,rudeljaeger,standard,0,1,1,5,6,10,4,13,2,4,3,11,0,0
match-f223cd5e-3286,solidaritaet_ueberleben,standard,1,0,0,5,-1,10,5,13,2,5,2,4,0,0
match-6b713e1c-3287,rudeljaeger,standard,0,0,1,9,-1,14,12,31,11,10,7,5,0,0
match-6b713e1c-3287,solidaritaet_ueberleben,standard,1,1,0,9,5,15,10,34,2,10,7,11,1,0
match-af2994c5-3288,rudeljaeger,standard,0,0,1,8,-1,11,8,24,4,6,6,8,0,0
match-af2994c5-3288,solidaritaet_ueberleben,standard,1,1,0,8,2,11,10,33,2,9,2,11,0,0
match-2876e583-3289,rudeljaeger,standard,0,0,1,8,0,13,12,32,2,12,4,6,0,0
match-2876e583-3289,solidaritaet_ueberleben,standard,1,1,0,8,4,12,7,24,4,7,10,10,0,0
match-a1c45640-3290,rudeljaeger,standard,0,1,1,12,5,17,13,34,33,11,11,10,0,2
match-a1c45640-3290,solidaritaet_ueberleben,standard,1,0,0,12,0,17,15,51,20,14,7,5,0,0
match-1b11a6fe-3291,rudeljaeger,standard,0,0,1,15,-4,21,18,53,56,16,10,7,0,1
match-1b11a6fe-3291,solidaritaet_ueberleben,standard,1,1,0,15,3,21,14,57,52,13,12,14,0,0
match-c9f411cf-3292,rudeljaeger,standard,0,1,1,10,6,14,10,31,14,10,12,13,0,0
match-c9f411cf-3292,solidaritaet_ueberleben,standard,1,0,0,10,-3,14,13,41,8,12,6,4,0,0
match-4341628d-3293,rudeljaeger,standard,0,1,1,7,7,12,7,21,2,6,4,12,0,0
match-4341628d-3293,solidaritaet_ueberleben,standard,1,0,0,7,-2,12,7,24,4,7,2,3,0,0
match-bc8ed34a-3294,rudeljaeger,standard,0,1,1,14,2,19,17,48,47,15,17,12,0,0
match-bc8ed34a-3294,solidaritaet_ueberleben,standard,1,0,0,14,-2,20,18,57,38,17,12,8,0,0
match-35dc2408-3295,rudeljaeger,standard,0,0,1,8,-2,13,12,34,1,11,4,5,0,1
match-35dc2408-3295,solidaritaet_ueberleben,standard,1,1,0,8,5,14,8,32,2,8,8,12,0,0
match-79949ab1-3296,rudeljaeger,standard,0,1,1,8,1,13,11,26,5,10,5,10,0,0
match-79949ab1-3296,solidaritaet_ueberleben,standard,1,0,0,8,0,13,9,33,2,8,9,9,0,0
match-f2e1eb6e-3297,rudeljaeger,standard,0,1,1,16,1,23,20,56,66,18,16,8,0,2
match-f2e1eb6e-3297,solidaritaet_ueberleben,standard,1,0,0,16,-1,23,19,67,60,18,15,6,2,0
match-6c2f5c2c-3298,rudeljaeger,standard,0,1,1,4,10,7,4,10,0,4,1,11,0,0
match-6c2f5c2c-3298,solidaritaet_ueberleben,standard,1,0,0,4,-1,9,4,9,1,4,1,0,0,0
match-e57cace9-3299,rudeljaeger,standard,0,0,1,8,-3,13,11,28,2,10,3,5,0,1
match-e57cace9-3299,solidaritaet_ueberleben,standard,1,1,0,8,5,14,8,32,3,7,9,13,0,0
match-945f17bb-3300,rudeljaeger,standard,0,1,1,7,8,12,7,23,1,7,7,10,0,0
match-945f17bb-3300,solidaritaet_ueberleben,standard,1,0,0,7,0,13,10,26,1,10,2,2,0,0
match-0dac6879-3301,rudeljaeger,standard,0,0,1,11,0,16,15,39,18,13,6,8,0,1
match-0dac6879-3301,solidaritaet_ueberleben,standard,1,1,0,11,2,16,11,39,16,10,12,10,0,0
match-86f9d936-3302,rudeljaeger,standard,0,,1,15,0,21,17,50,55,15,16,9,0,0
match-86f9d936-3302,solidaritaet_ueberleben,standard,1,,0,15,0,20,17,58,51,17,12,9,0,0
match-004729f4-3303,rudeljaeger,standard,0,1,1,6,10,11,6,20,1,6,3,10,0,0
match-004729f4-3303,solidaritaet_ueberleben,standard,1,0,0,6,0,12,5,19,2,5,2,0,0,0
match-43ff809d-3304,rudeljaeger,standard,0,1,1,6,8,9,9,17,1,8,3,12,0,0
match-43ff809d-3304,solidaritaet_ueberleben,standard,1,0,0,6,-2,11,6,19,2,6,7,2,0,0
match-bd4cf15a-3305,rudeljaeger,standard,0,0,1,8,0,12,11,26,4,10,3,6,0,0
match-bd4cf15a-3305,solidaritaet_ueberleben,standard,1,1,0,8,4,13,9,31,3,8,8,10,0,0
match-369a4218-3306,rudeljaeger,standard,0,1,1,17,2,21,19,53,84,17,19,8,0,1
match-369a4218-3306,solidaritaet_ueberleben,standard,1,0,0,17,-1,23,20,68,68,19,13,5,1,0
match-afe7b2d5-3307,rudeljaeger,standard,0,0,1,13,0,16,12,37,41,10,7,7,0,0
match-afe7b2d5-3307,solidaritaet_ueberleben,standard,1,1,0,13,3,18,13,49,29,12,6,10,0,0
match-5eca1da7-3308,rudeljaeger,standard,0,1,1,8,2,13,11,28,2,10,7,10,0,1
match-5eca1da7-3308,solidaritaet_ueberleben,standard,1,0,0,8,0,12,9,31,5,9,9,8,0,0
match-d8176e64-3309,rudeljaeger,standard,0,0,1,8,-1,14,12,30,0,10,4,4,0,0
match-d8176e64-3309,solidaritaet_ueberleben,standard,1,1,0,8,6,14,8,31,2,8,7,11,0,0
match-5164df22-3310,rudeljaeger,standard,0,0,1,10,-3,16,14,34,17,13,4,5,0,1
match-5164df22-3310,solidaritaet_ueberleben,standard,1,1,0,10,5,15,8,30,15,7,9,13,0,0
match-cab22fdf-3311,rudeljaeger,standard,0,0,1,13,0,18,12,38,44,10,7,8,0,2
match-cab22fdf-3311,solidaritaet_ueberleben,standard,1,1,0,13,2,18,11,42,36,10,5,10,0,0
match-0e6a8689-3312,rudeljaeger,standard,0,0,1,12,-1,17,15,40,28,13,9,5,0,1
match-0e6a8689-3312,solidaritaet_ueberleben,standard,1,1,0,12,5,18,12,42,32,11,10,11,0,0
match-87b7f746-3313,rudeljaeger,standard,0,0,1,11,0,16,10,26,31,9,5,4,0,0
match-87b7f746-3313,solidaritaet_ueberleben,standard,1,1,0,11,6,16,11,41,18,10,6,10,4,0
match-01054804-3314,rudeljaeger,standard,0,1,1,16,1,21,16,48,72,14,15,8,0,2
match-01054804-3314,solidaritaet_ueberleben,standard,1,0,0,16,-1,22,19,67,59,18,9,6,3,0
match-7a52b8c1-3315,rudeljaeger,standard,0,1,1,10,6,15,11,33,13,10,10,11,0,0
match-7a52b8c1-3315,solidaritaet_ueberleben,standard,1,0,0,10,-1,15,11,35,14,11,7,4,0,0
match-29350393-3316,rudeljaeger,standard,0,1,1,11,6,17,13,35,25,11,12,12,0,0
match-29350393-3316,solidaritaet_ueberleben,standard,1,0,0,11,-2,15,14,43,14,14,7,4,0,0
match-a2827450-3317,rudeljaeger,standard,0,0,1,15,0,18,17,47,58,16,17,5,0,5
match-a2827450-3317,solidaritaet_ueberleben,standard,1,1,0,15,4,20,18,59,48,18,13,9,0,0
match-1bcfc50e-3318,rudeljaeger,standard,0,1,1,10,3,15,9,33,12,8,13,10,0,2
match-1bcfc50e-3318,solidaritaet_ueberleben,standard,1,0,0,10,0,17,14,44,5,13,4,7,0,0
match-951d35cb-3319,rudeljaeger,standard,0,0,1,14,-4,18,18,47,47,16,13,6,0,1
match-951d35cb-3319,solidaritaet_ueberleben,standard,1,1,0,14,4,20,16,55,42,15,12,14,1,0
match-32258db8-3320,rudeljaeger,standard,0,0,1,7,-1,12,10,27,1,8,5,8,0,0
match-32258db8-3320,solidaritaet_ueberleben,standard,1,1,0,7,2,12,8,24,1,8,4,11,0,0
match-ab72fe75-3321,rudeljaeger,standard,0,0,1,12,-3,16,13,44,25,12,11,9,0,0
match-ab72fe75-3321,solidaritaet_ueberleben,standard,1,1,0,12,1,15,13,47,19,13,9,13,0,0
match-24c04f33-3322,rudeljaeger,standard,0,0,1,12,0,17,15,40,29,14,7,8,0,0
match-24c04f33-3322,solidaritaet_ueberleben,standard,1,1,0,12,2,17,13,48,21,12,10,10,0,0
match-9e0dbff0-3323,rudeljaeger,standard,0,1,1,10,2,14,13,33,13,12,8,10,0,1
match-9e0dbff0-3323,solidaritaet_ueberleben,standard,1,0,0,10,0,15,12,41,11,12,9,8,0,0
match-4cf00ac2-3324,rudeljaeger,standard,0,0,1,13,-3,18,11,33,45,9,12,7,0,3
match-4cf00ac2-3324,solidaritaet_ueberleben,standard,1,1,0,13,3,18,16,51,33,15,6,13,0,0
match-c63d7b7f-3325,rudeljaeger,standard,0,1,1,8,10,12,11,28,2,9,8,12,0,2
match-c63d7b7f-3325,solidaritaet_ueberleben,standard,1,0,0,8,-2,14,10,34,1,9,4,0,0,0
match-3f8acc3d-3326,rudeljaeger,standard,0,1,1,11,2,16,15,40,20,14,11,13,0,0
match-3f8acc3d-3326,solidaritaet_ueberleben,standard,1,0,0,11,-3,17,14,43,16,13,10,8,0,0
match-b8d83cfa-3327,rudeljaeger,standard,0,1,1,5,5,9,5,13,2,5,1,11,0,0
match-b8d83cfa-3327,solidaritaet_ueberleben,standard,1,0,0,5,-1,11,4,12,2,4,1,5,0,0
match-fc9093a3-3328,rudeljaeger,standard,0,1,1,8,5,12,11,28,3,10,6,11,0,0
match-fc9093a3-3328,solidaritaet_ueberleben,standard,1,0,0,8,-1,14,9,29,7,9,7,5,0,0
match-75dde461-3329,rudeljaeger,standard,0,0,1,7,0,11,10,26,1,8,2,5,0,0
match-75dde461-3329,solidaritaet_ueberleben,standard,1,1,0,7,5,13,7,25,2,6,4,10,0,0
match-ef2b551e-3330,rudeljaeger,standard,0,1,1,16,4,22,18,53,72,16,9,8,0,0
match-ef2b551e-3330,solidaritaet_ueberleben,standard,1,0,0,16,-1,22,13,50,79,12,11,3,0,0
match-6878a5dc-3331,rudeljaeger,standard,0,0,1,13,-1,17,11,31,47,9,8,8,0,0
match-6878a5dc-3331,solidaritaet_ueberleben,standard,1,1,0,13,2,18,12,45,33,11,4,11,0,0
match-175b10ae-3332,rudeljaeger,standard,0,1,1,16,5,21,16,52,77,14,14,9,0,1
match-175b10ae-3332,solidaritaet_ueberleben,standard,1,0,0,16,0,20,18,64,65,17,10,4,0,0
match-90a8616b-3333,rudeljaeger,standard,0,1,1,12,6,16,13,39,32,11,15,10,0,0
match-90a8616b-3333,solidaritaet_ueberleben,standard,1,0,0,12,0,16,15,47,21,15,6,4,0,0
match-09f5d229-3334,rudeljaeger,standard,0,0,1,15,0,19,12,38,71,10,12,7,0,3
match-09f5d229-3334,solidaritaet_ueberleben,standard,1,1,0,15,2,20,18,64,44,17,6,9,0,0
match-834322e6-3335,rudeljaeger,standard,0,0,1,9,-1,13,8,29,7,7,9,6,0,2
match-834322e6-3335,solidaritaet_ueberleben,standard,1,1,0,9,4,14,9,34,2,9,3,11,0,0
match-c6fb998f-3336,rudeljaeger,standard,0,1,1,7,2,13,10,22,4,8,2,13,0,0
match-c6fb998f-3336,solidaritaet_ueberleben,standard,1,0,0,7,-3,12,6,25,3,6,5,8,0,0
match-4048ea4d-3337,rudeljaeger,standard,0,0,1,8,0,12,11,26,5,11,4,7,0,0
match-4048ea4d-3337,solidaritaet_ueberleben,standard,1,1,0,8,3,13,10,35,1,9,9,10,0,0
match-b9965b0a-3338,rudeljaeger,standard,0,0,1,11,-2,17,14,33,25,12,9,5,0,0
match-b9965b0a-3338,solidaritaet_ueberleben,standard,1,1,0,11,5,15,13,48,13,13,11,12,0,0
match-32e3abc8-3339,rudeljaeger,standard,0,1,1,13,2,17,13,34,44,12,14,12,0,0
match-32e3abc8-3339,solidaritaet_ueberleben,standard,1,0,0,13,-2,20,16,51,30,15,9,8,0,0
match-e1c61699-3340,rudeljaeger,standard,0,1,1,11,2,16,13,32,27,12,12,10,0,0
match-e1c61699-3340,solidaritaet_ueberleben,standard,1,0,0,11,0,16,14,45,14,13,7,8,0,0
match-5b136757-3341,rudeljaeger,standard,0,1,1,15,1,20,18,53,54,16,14,11,0,1
match-5b136757-3341,solidaritaet_ueberleben,standard,1,0,0,15,-1,22,17,64,45,16,12,9,0,0
match-d460d814-3342,rudeljaeger,standard,0,0,1,8,-2,14,9,24,6,8,4,8,0,0
match-d460d814-3342,solidaritaet_ueberleben,standard,1,1,0,8,2,12,8,30,2,8,3,12,0,0
match-4dae28d2-3343,rudeljaeger,standard,0,0,1,15,-2,20,19,54,54,17,12,7,0,1
match-4dae28d2-3343,solidaritaet_ueberleben,standard,1,1,0,15,3,22,16,59,50,15,13,12,0,0
match-91669f7b-3344,rudeljaeger,standard,0,0,1,16,-1,20,19,52,68,17,18,5,0,3
match-91669f7b-3344,solidaritaet_ueberleben,standard,1,1,0,16,2,21,20,68,58,19,14,8,0,0
match-0ab3f039-3345,rudeljaeger,standard,0,1,1,8,6,12,10,26,2,9,6,10,0,0
match-0ab3f039-3345,solidaritaet_ueberleben,standard,1,0,0,8,0,11,10,31,5,9,5,4,0,0
match-840140f6-3346,rudeljaeger,standard,0,1,1,12,3,15,15,42,26,14,13,12,0,0
match-840140f6-3346,solidaritaet_ueberleben,standard,1,0,0,12,-2,18,16,54,15,15,10,7,1,0
match-fd4eb1b3-3347,rudeljaeger,standard,0,1,1,6,10,10,7,19,0,6,3,12,0,1
match-fd4eb1b3-3347,solidaritaet_ueberleben,standard,1,0,0,6,-2,12,5,20,1,5,2,0,0,0
match-ac311c85-3348,rudeljaeger,standard,0,1,1,5,6,10,4,14,1,4,4,10,0,0
match-ac311c85-3348,solidaritaet_ueberleben,standard,1,0,0,5,0,9,7,14,0,7,1,4,0,0
match-257e6d43-3349,rudeljaeger,standard,0,0,1,14,-5,20,18,47,48,16,14,8,0,5
match-257e6d43-3349,solidaritaet_ueberleben,standard,1,1,0,14,2,19,16,56,37,16,13,15,1,0
match-9ecbde00-3350,rudeljaeger,standard,0,0,1,8,-2,13,9,25,3,8,2,7,0,0
match-9ecbde00-3350,solidaritaet_ueberleben,standard,1,1,0,8,3,12,8,30,2,7,4,12,0,0
match-18192ebe-3351,rudeljaeger,standard,0,1,1,6,4,11,6,20,0,6,4,12,0,0
match-18192ebe-3351,solidaritaet_ueberleben,standard,1,0,0,6,-2,9,7,20,1,6,4,6,0,0
match-5bd18567-3352,rudeljaeger,standard,0,1,1,4,8,8,3,9,1,3,1,10,0,0
match-5bd18567-3352,solidaritaet_ueberleben,standard,1,0,0,4,0,9,4,9,1,4,1,2,0,0
match-d51ef624-3353,rudeljaeger,standard,0,0,1,15,-6,18,16,48,61,14,7,8,0,1
match-d51ef624-3353,solidaritaet_ueberleben,standard,1,1,0,15,2,20,12,46,59,11,11,16,0,0
match-4e6c46e2-3354,rudeljaeger,standard,0,1,1,16,2,21,17,45,75,15,15,8,0,4
match-4e6c46e2-3354,solidaritaet_ueberleben,standard,1,0,0,16,-1,21,19,65,55,18,12,5,0,0
match-c7b9b79f-3355,rudeljaeger,standard,0,0,1,9,0,14,11,31,9,10,8,8,0,0
match-c7b9b79f-3355,solidaritaet_ueberleben,standard,1,1,0,9,2,13,10,36,4,10,6,10,2,0
match-769c0271-3356,rudeljaeger,standard,0,1,1,6,10,9,6,18,1,6,2,12,0,0
match-769c0271-3356,solidaritaet_ueberleben,standard,1,0,0,6,-2,10,5,20,1,4,4,0,0,0
match-efe9732e-3357,rudeljaeger,standard,0,0,1,8,-1,11,11,29,4,10,5,8,0,0
match-efe9732e-3357,solidaritaet_ueberleben,standard,1,1,0,8,2,13,9,28,5,9,8,11,0,0
match-6936c3ec-3358,rudeljaeger,standard,0,0,1,11,-1,17,15,39,22,14,10,8,0,2
match-6936c3ec-3358,solidaritaet_ueberleben,standard,1,1,0,11,2,15,13,46,17,12,11,11,0,0
match-e28434a9-3359,rudeljaeger,standard,0,1,1,4,8,7,4,9,1,4,1,11,0,0
match-e28434a9-3359,solidaritaet_ueberleben,standard,1,0,0,4,-1,10,3,9,1,3,1,2,0,0
match-263c8b53-3360,rudeljaeger,standard,0,1,1,14,5,18,18,51,43,16,16,12,0,1
match-263c8b53-3360,solidaritaet_ueberleben,standard,1,0,0,14,-2,20,18,62,33,18,11,5,0,0
match-9f89fc10-3361,rudeljaeger,standard,0,1,1,9,7,12,11,32,9,9,11,11,0,0
match-9f89fc10-3361,solidaritaet_ueberleben,standard,1,0,0,9,-1,14,12,40,1,12,5,3,0,0
match-18d74cce-3362,rudeljaeger,standard,0,0,1,15,0,19,19,53,56,17,11,7,0,0
match-18d74cce-3362,solidaritaet_ueberleben,standard,1,1,0,15,3,19,15,56,52,14,14,10,0,0
match-9224bd8b-3363,rudeljaeger,standard,0,1,1,14,3,19,16,44,47,15,15,10,0,0
match-9224bd8b-3363,solidaritaet_ueberleben,standard,1,0,0,14,0,19,17,58,37,16,12,7,0,0
match-4107085d-3364,rudeljaeger,standard,0,1,1,9,7,12,12,30,7,10,7,12,0,3
match-4107085d-3364,solidaritaet_ueberleben,standard,1,0,0,9,-2,12,9,31,11,9,7,3,2,0
match-ba54791a-3365,rudeljaeger,standard,0,0,1,11,-2,16,14,38,20,12,7,4,0,0
match-ba54791a-3365,solidaritaet_ueberleben,standard,1,1,0,11,6,15,12,42,17,11,12,12,0,0
match-33a1c9d8-3366,rudeljaeger,standard,0,1,1,7,8,10,10,21,4,9,7,10,0,0
match-33a1c9d8-3366,solidaritaet_ueberleben,standard,1,0,0,7,0,12,10,23,1,10,5,2,1,0
match-acef3a95-3367,rudeljaeger,standard,0,0,1,9,0,14,13,36,3,11,4,7,0,1
match-acef3a95-3367,solidaritaet_ueberleben,standard,1,1,0,9,3,14,10,37,3,9,9,10,0,0
match-f0a7913e-3368,rudeljaeger,standard,0,1,1,7,3,14,9,25,3,7,6,10,0,0
match-f0a7913e-3368,solidaritaet_ueberleben,standard,1,0,0,7,0,11,7,25,2,7,3,7,0,0
match-69f4e1fc-3369,rudeljaeger,standard,0,1,1,13,7,16,11,36,42,10,11,10,0,1
match-69f4e1fc-3369,solidaritaet_ueberleben,standard,1,0,0,13,0,18,13,43,42,13,5,3,0,0
match-e34252b9-3370,rudeljaeger,standard,0,,1,17,0,21,16,49,88,14,14,6,0,1
match-e34252b9-3370,solidaritaet_ueberleben,standard,1,,0,17,-2,21,18,63,76,17,12,4,0,0
match-5c8fa377-3371,rudeljaeger,standard,0,0,1,10,-3,17,13,36,12,12,3,5,0,0
match-5c8fa377-3371,solidaritaet_ueberleben,standard,1,1,0,10,5,15,9,36,9,8,10,13,0,0
match-0b720e49-3372,rudeljaeger,standard,0,0,1,8,-1,13,11,30,1,11,2,9,0,0
match-0b720e49-3372,solidaritaet_ueberleben,standard,1,1,0,8,1,12,7,30,2,6,8,11,0,0
match-84bf7f06-3373,rudeljaeger,standard,0,1,1,15,4,19,17,48,59,15,14,12,0,2
match-84bf7f06-3373,solidaritaet_ueberleben,standard,1,0,0,15,-2,22,18,61,44,17,10,6,0,0
match-fe0ccfc3-3374,rudeljaeger,standard,0,1,1,8,7,12,8,25,3,7,5,12,0,0
match-fe0ccfc3-3374,solidaritaet_ueberleben,standard,1,0,0,8,-2,14,10,35,1,9,3,3,0,0
match-775a2081-3375,rudeljaeger,standard,0,1,1,10,6,14,13,33,15,11,11,10,0,0
match-775a2081-3375,solidaritaet_ueberleben,standard,1,0,0,10,0,15,13,44,6,12,6,4,0,0
match-bb12972a-3376,rudeljaeger,standard,0,1,1,15,3,21,19,54,54,18,18,9,0,3
match-bb12972a-3376,solidaritaet_ueberleben,standard,1,0,0,15,0,21,19,64,47,18,13,6,0,0
match-345fe7e8-3377,rudeljaeger,standard,0,1,1,7,5,12,8,27,1,8,4,13,0,2
match-345fe7e8-3377,solidaritaet_ueberleben,standard,1,0,0,7,-3,13,6,24,3,6,4,5,0,0
match-adad58a5-3378,rudeljaeger,standard,0,1,1,10,7,14,10,30,19,8,13,11,0,3
match-adad58a5-3378,solidaritaet_ueberleben,standard,1,0,0,10,-1,14,13,45,4,12,5,3,0,0
match-26faa963-3379,rudeljaeger,standard,0,0,1,8,-4,12,11,31,3,10,4,7,0,1
match-26faa963-3379,solidaritaet_ueberleben,standard,1,1,0,8,3,14,8,34,2,8,6,14,0,0
match-d5dd1434-3380,rudeljaeger,standard,0,1,1,12,2,19,16,42,28,15,11,12,0,1
match-d5dd1434-3380,solidaritaet_ueberleben,standard,1,0,0,12,-2,16,15,49,18,14,11,8,1,0
match-4f2a64f2-3381,rudeljaeger,standard,0,1,1,7,10,12,10,24,2,9,3,10,0,0
match-4f2a64f2-3381,solidaritaet_ueberleben,standard,1,0,0,7,0,12,6,24,4,5,5,0,0,0
match-c877d5af-3382,rudeljaeger,standard,0,0,1,17,-2,21,20,56,80,18,17,4,0,4
match-c877d5af-3382,solidaritaet_ueberleben,standard,1,1,0,17,3,23,19,67,69,18,16,9,1,0
match-41c5266d-3383,rudeljaeger,standard,0,1,1,8,6,13,10,24,9,9,7,11,0,0
match-41c5266d-3383,solidaritaet_ueberleben,standard,1,0,0,8,-1,11,10,34,2,10,5,4,0,0
match-decd9e59-3384,rudeljaeger,standard,0,1,1,7,8,12,8,27,0,7,5,10,0,0
match-decd9e59-3384,solidaritaet_ueberleben,standard,1,0,0,7,0,11,8,25,2,8,2,2,0,0
match-581aef17-3385,rudeljaeger,standard,0,1,1,10,4,15,13,38,8,12,10,10,0,2
match-581aef17-3385,solidaritaet_ueberleben,standard,1,0,0,10,0,15,13,41,8,12,7,6,0,0
match-d1685fd4-3386,rudeljaeger,standard,0,0,1,9,-2,12,12,30,8,12,6,8,0,1
match-d1685fd4-3386,solidaritaet_ueberleben,standard,1,1,0,9,2,15,9,29,7,9,11,12,0,0
match-4ab5b092-3387,rudeljaeger,standard,0,1,1,8,3,12,11,31,0,11,6,13,0,0
match-4ab5b092-3387,solidaritaet_ueberleben,standard,1,0,0,8,-3,13,7,24,4,6,8,7,0,0
match-f9981b63-3388,rudeljaeger,standard,0,0,1,15,0,20,19,55,52,17,12,5,0,3
match-f9981b63-3388,solidaritaet_ueberleben,standard,1,1,0,15,4,21,17,58,59,16,14,9,2,0
match-72e56c21-3389,rudeljaeger,standard,0,0,1,9,-1,14,11,29,11,9,8,7,0,3
match-72e56c21-3389,solidaritaet_ueberleben,standard,1,1,0,9,3,14,12,39,6,11,4,11,0,0
match-ec32dcde-3390,rudeljaeger,standard,0,0,1,16,-3,21,20,56,66,18,15,7,0,1
match-ec32dcde-3390,solidaritaet_ueberleben,standard,1,1,0,16,2,22,20,68,56,19,15,12,3,0
match-65802d9c-3391,rudeljaeger,standard,0,1,1,16,1,20,12,38,84,10,14,8,0,0
match-65802d9c-3391,solidaritaet_ueberleben,standard,1,0,0,16,-1,23,18,65,61,17,6,6,0,0
match-a9388445-3392,rudeljaeger,standard,0,0,1,15,-2,21,19,52,57,17,10,6,0,0
match-a9388445-3392,solidaritaet_ueberleben,standard,1,1,0,15,4,20,14,54,55,13,15,12,0,0
match-2285f503-3393,rudeljaeger,standard,0,1,1,10,6,14,13,34,14,11,9,10,0,4
match-2285f503-3393,solidaritaet_ueberleben,standard,1,0,0,10,0,15,13,38,12,12,10,4,0,0
match-9bd345c0-3394,rudeljaeger,standard,0,0,1,7,-1,10,9,24,2,9,3,9,0,2
match-9bd345c0-3394,solidaritaet_ueberleben,standard,1,1,0,7,1,11,7,27,1,7,5,11,0,0
match-1520b67e-3395,rudeljaeger,standard,0,1,1,5,10,8,5,15,0,5,3,10,0,0
match-1520b67e-3395,solidaritaet_ueberleben,standard,1,0,0,5,0,10,6,14,0,6,2,0,0,0
match-c403014f-3396,rudeljaeger,standard,0,1,1,6,8,10,5,18,1,5,2,11,0,1
match-c403014f-3396,solidaritaet_ueberleben,standard,1,0,0,6,-1,12,5,17,3,4,2,2,0,0
match-3d50720d-3397,rudeljaeger,standard,0,0,1,8,0,13,11,30,3,11,5,9,0,1
match-3d50720d-3397,solidaritaet_ueberleben,standard,1,1,0,8,1,13,9,32,2,9,7,10,0,0
match-b69dc2ca-3398,rudeljaeger,standard,0,0,1,10,-2,15,13,33,13,12,5,7,0,0
match-b69dc2ca-3398,solidaritaet_ueberleben,standard,1,1,0,10,3,16,10,36,9,10,7,12,0,0
match-2feb3388-3399,rudeljaeger,standard,0,1,1,11,10,16,14,38,21,12,13,11,0,0
match-2feb3388-3399,solidaritaet_ueberleben,standard,1,0,0,11,-1,18,15,49,11,14,8,0,0,0
match-73a38a31-3400,rudeljaeger,standard,0,1,1,4,6,8,4,9,0,4,0,10,0,0
match-73a38a31-3400,solidaritaet_ueberleben,standard,1,0,0,4,0,9,4,8,1,4,3,4,0,0
match-ecf0faee-3401,rudeljaeger,standard,0,0,1,7,-1,11,10,22,2,8,3,8,0,0
match-ecf0faee-3401,solidaritaet_ueberleben,standard,1,1,0,7,2,11,7,24,4,7,4,11,0,0
match-663e4bac-3402,rudeljaeger,standard,0,1,1,10,2,14,13,37,12,13,8,13,0,1
match-663e4bac-3402,solidaritaet_ueberleben,standard,1,0,0,10,-3,16,10,31,14,9,12,8,0,0
match-df8bbc69-3403,rudeljaeger,standard,0,1,1,6,9,10,6,19,0,6,2,11,0,0
match-df8bbc69-3403,solidaritaet_ueberleben,standard,1,0,0,6,-1,11,5,20,1,4,2,1,0,0
match-8e6e073b-3404,rudeljaeger,standard,0,0,1,9,-2,13,12,29,9,10,3,6,0,0
match-8e6e073b-3404,solidaritaet_ueberleben,standard,1,1,0,9,4,12,9,31,5,8,9,12,0,0
match-07bb77f9-3405,rudeljaeger,standard,0,1,1,7,5,13,7,27,1,6,7,11,0,2
match-07bb77f9-3405,solidaritaet_ueberleben,standard,1,0,0,7,-1,11,8,25,1,8,1,5,0,0
match-8108c8b6-3406,rudeljaeger,standard,0,0,1,9,0,14,10,28,13,8,3,8,0,0
match-8108c8b6-3406,solidaritaet_ueberleben,standard,1,1,0,9,2,15,8,32,7,8,5,10,0,0
match-fa563973-3407,rudeljaeger,standard,0,0,1,16,-1,21,18,51,70,16,11,6,0,0
match-fa563973-3407,solidaritaet_ueberleben,standard,1,1,0,16,1,22,14,52,68,13,12,8,0,0
match-3e0e901d-3408,rudeljaeger,standard,0,1,1,6,5,10,9,20,1,8,5,10,0,0
match-3e0e901d-3408,solidaritaet_ueberleben,standard,1,0,0,6,0,11,7,21,0,6,6,5,0,0
match-b75be0da-3409,rudeljaeger,standard,0,0,1,10,-1,14,12,32,16,12,11,9,0,0
match-b75be0da-3409,solidaritaet_ueberleben,standard,1,1,0,10,1,17,14,48,2,13,9,11,0,0
match-30a95198-3410,rudeljaeger,standard,0,0,1,9,-2,13,9,29,9,7,9,9,0,3
match-30a95198-3410,solidaritaet_ueberleben,standard,1,1,0,9,1,14,12,36,1,12,2,12,0,0
match-a9f6a255-3411,rudeljaeger,standard,0,,1,17,-1,21,20,56,80,18,16,4,0,1
match-a9f6a255-3411,solidaritaet_ueberleben,standard,1,,0,17,0,21,19,66,75,18,17,5,0,0
match-58d90d27-3412,rudeljaeger,standard,0,0,1,9,0,12,12,32,9,10,8,9,0,0
match-58d90d27-3412,solidaritaet_ueberleben,standard,1,1,0,9,1,14,11,36,2,10,6,10,0,0
match-d2267de4-3413,rudeljaeger,standard,0,0,1,16,0,19,12,39,81,10,10,5,0,0
match-d2267de4-3413,solidaritaet_ueberleben,standard,1,1,0,16,2,21,13,54,66,12,6,7,0,0
match-4b73cea2-3414,rudeljaeger,standard,0,0,1,10,-6,15,14,38,12,12,6,7,0,0
match-4b73cea2-3414,solidaritaet_ueberleben,standard,1,1,0,10,3,15,11,39,10,10,11,16,0,0
match-c4c13f5f-3415,rudeljaeger,standard,0,0,1,15,0,20,16,45,60,14,8,6,0,0
match-c4c13f5f-3415,solidaritaet_ueberleben,standard,1,1,0,15,4,20,12,48,57,11,9,10,0,0
match-08799609-3416,rudeljaeger,standard,0,0,1,10,0,17,13,37,12,12,9,9,0,1
match-08799609-3416,solidaritaet_ueberleben,standard,1,1,0,10,1,16,11,34,11,11,10,10,0,0
match-81c6e6c6-3417,rudeljaeger,standard,0,0,1,13,-1,19,17,45,37,15,10,8,0,1
match-81c6e6c6-3417,solidaritaet_ueberleben,standard,1,1,0,13,2,18,13,50,32,12,13,11,0,0
match-fb145783-3418,rudeljaeger,standard,0,1,1,4,8,8,4,10,0,4,1,10,0,0
match-fb145783-3418,solidaritaet_ueberleben,standard,1,0,0,4,0,8,4,10,0,4,1,2,0,0
match-7461a841-3419,rudeljaeger,standard,0,0,1,12,-1,16,12,37,37,11,9,9,0,1
match-7461a841-3419,solidaritaet_ueberleben,standard,1,1,0,12,1,17,12,43,27,12,7,11,0,0
match-23441313-3420,rudeljaeger,standard,0,0,1,16,-3,21,19,53,67,17,16,6,0,1
match-23441313-3420,solidaritaet_ueberleben,standard,1,1,0,16,3,21,18,65,61,17,13,12,0,0
match-9c9163d0-3421,rudeljaeger,standard,0,1,1,6,7,10,7,19,1,7,1,12,0,0
match-9c9163d0-3421,solidaritaet_ueberleben,standard,1,0,0,6,-2,11,5,18,1,5,5,3,0,0
match-15ded48e-3422,rudeljaeger,standard,0,1,1,15,4,20,12,39,71,10,6,9,0,0
match-15ded48e-3422,solidaritaet_ueberleben,standard,1,0,0,15,0,20,12,51,57,11,6,5,0,0
match-8f2c254b-3423,rudeljaeger,standard,0,,1,16,0,21,18,53,67,16,12,8,0,0
match-8f2c254b-3423,solidaritaet_ueberleben,standard,1,,0,16,-1,20,14,55,69,13,12,7,0,0
match-d2e49bf4-3424,rudeljaeger,standard,0,0,1,9,0,13,13,31,8,11,4,5,0,0
match-d2e49bf4-3424,solidaritaet_ueberleben,standard,1,1,0,9,5,15,9,33,3,8,10,10,0,0
match-4c31ecb2-3425,rudeljaeger,standard,0,0,1,9,-1,13,10,28,8,9,5,6,0,0
match-4c31ecb2-3425,solidaritaet_ueberleben,standard,1,1,0,9,4,14,9,33,3,8,5,11,0,0
match-c57f5d6f-3426,rudeljaeger,standard,0,1,1,4,8,9,4,10,0,4,2,11,0,0
match-c57f5d6f-3426,solidaritaet_ueberleben,standard,1,0,0,4,-1,9,4,10,0,4,1,2,0,0
match-3eccae2d-3427,rudeljaeger,standard,0,0,1,8,0,12,11,29,6,10,3,9,0,2
match-3eccae2d-3427,solidaritaet_ueberleben,standard,1,1,0,8,1,12,8,29,3,8,5,10,0,0
match-edaf18fe-3428,rudeljaeger,standard,0,1,1,5,3,10,7,15,0,6,1,10,0,0
match-edaf18fe-3428,solidaritaet_ueberleben,standard,1,0,0,5,0,10,4,14,1,4,3,7,0,0
match-66fc69bc-3429,rudeljaeger,standard,0,1,1,7,7,14,9,21,5,8,2,11,0,0
match-66fc69bc-3429,solidaritaet_ueberleben,standard,1,0,0,7,-1,12,6,25,2,5,4,3,0,0
match-e049da79-3430,rudeljaeger,standard,0,1,1,12,2,17,11,30,36,9,11,11,0,0
match-e049da79-3430,solidaritaet_ueberleben,standard,1,0,0,12,-1,18,15,51,19,14,5,8,0,0
match-59972b37-3431,rudeljaeger,standard,0,0,1,14,0,19,13,39,52,11,8,5,0,0
match-59972b37-3431,solidaritaet_ueberleben,standard,1,1,0,14,5,19,12,49,46,12,6,10,0,0
match-9d4f81e0-3432,rudeljaeger,standard,0,0,1,13,0,17,16,41,39,14,9,5,0,1
match-9d4f81e0-3432,solidaritaet_ueberleben,standard,1,1,0,13,5,18,13,49,33,12,13,10,0,0
match-169cf29e-3433,rudeljaeger,standard,0,0,1,8,-3,13,11,24,9,10,5,8,0,0
match-169cf29e-3433,solidaritaet_ueberleben,standard,1,1,0,8,2,12,9,32,3,9,7,13,0,0
match-8fea435b-3434,rudeljaeger,standard,0,1,1,6,10,10,6,17,1,5,6,10,0,0
match-8fea435b-3434,solidaritaet_ueberleben,standard,1,0,0,6,0,11,6,20,1,6,2,0,0,0
match-0937b419-3435,rudeljaeger,standard,0,1,1,8,5,11,10,29,4,9,8,10,0,0
match-0937b419-3435,solidaritaet_ueberleben,standard,1,0,0,8,0,13,10,28,8,9,4,5,0,0
match-b81a1eea-3436,rudeljaeger,standard,0,0,1,10,-2,14,10,29,16,8,11,8,0,0
match-b81a1eea-3436,solidaritaet_ueberleben,standard,1,1,0,10,2,15,13,44,3,13,4,12,0,0
match-31676fa8-3437,rudeljaeger,standard,0,0,1,14,0,18,13,38,58,11,13,7,0,0
match-31676fa8-3437,solidaritaet_ueberleben,standard,1,1,0,14,3,19,17,57,39,16,6,10,1,0
match-aab4c065-3438,rudeljaeger,standard,0,1,1,4,10,8,5,8,1,5,2,10,0,0
match-aab4c065-3438,solidaritaet_ueberleben,standard,1,0,0,4,0,9,3,9,1,3,2,0,0,0
match-24023123-3439,rudeljaeger,standard,0,0,1,10,-2,14,13,31,15,11,7,8,0,0
match-24023123-3439,solidaritaet_ueberleben,standard,1,1,0,10,2,16,11,36,9,10,7,12,0,0
match-67ba87cc-3440,rudeljaeger,standard,0,1,1,3,8,8,4,6,0,4,0,10,0,0
match-67ba87cc-3440,solidaritaet_ueberleben,standard,1,0,0,3,0,9,3,6,0,3,0,2,0,0
match-e107f889-3441,rudeljaeger,standard,0,1,1,6,8,10,6,17,2,5,3,10,0,0
match-e107f889-3441,solidaritaet_ueberleben,standard,1,0,0,6,0,11,6,19,1,6,2,2,0,0
match-5a554947-3442,rudeljaeger,standard,0,1,1,17,1,22,12,43,97,10,11,6,0,0
match-5a554947-3442,solidaritaet_ueberleben,standard,1,0,0,17,-2,21,14,56,80,13,6,3,0,0
match-d3a2ba04-3443,rudeljaeger,standard,0,0,1,11,-1,17,15,40,18,13,7,7,0,2
match-d3a2ba04-3443,solidaritaet_ueberleben,standard,1,1,0,11,3,17,12,44,14,12,11,11,0,0
match-828504d6-3444,rudeljaeger,standard,0,1,1,8,8,13,10,29,3,8,4,11,0,0
match-828504d6-3444,solidaritaet_ueberleben,standard,1,0,0,8,-1,14,8,28,4,7,5,2,0,0
match-fbd27593-3445,rudeljaeger,standard,0,0,1,8,-4,13,8,22,6,6,6,9,0,0
match-fbd27593-3445,solidaritaet_ueberleben,standard,1,1,0,8,1,13,9,32,1,9,2,14,0,0
match-751fc651-3446,rudeljaeger,standard,0,1,1,6,6,11,6,18,1,5,2,12,0,1
match-751fc651-3446,solidaritaet_ueberleben,standard,1,0,0,6,-2,12,7,20,1,6,3,4,0,0
match-ee6d370e-3447,rudeljaeger,standard,0,0,1,8,-2,11,11,25,10,10,5,5,0,0
match-ee6d370e-3447,solidaritaet_ueberleben,standard,1,1,0,8,5,12,9,33,2,9,6,12,0,0
match-8b758efb-3448,rudeljaeger,standard,0,0,1,8,-6,11,11,26,7,10,3,3,0,2
match-8b758efb-3448,solidaritaet_ueberleben,standard,1,1,0,8,7,13,7,29,3,7,9,16,0,0
match-04c2ffb9-3449,rudeljaeger,standard,0,0,1,7,0,10,9,26,1,9,4,8,0,2
match-04c2ffb9-3449,solidaritaet_ueberleben,standard,1,1,0,7,2,11,7,26,1,7,5,10,0,0
match-7e105076-3450,rudeljaeger,standard,0,1,1,6,10,10,8,19,2,7,2,10,0,0
match-7e105076-3450,solidaritaet_ueberleben,standard,1,0,0,6,0,11,7,20,1,6,4,0,0,0
match-f75da133-3451,rudeljaeger,standard,0,1,1,6,4,10,6,19,1,6,3,10,0,0
match-f75da133-3451,solidaritaet_ueberleben,standard,1,0,0,6,0,9,6,19,2,6,5,6,0,0
match-a6400c05-3452,rudeljaeger,standard,0,0,1,9,-2,13,12,34,6,10,4,4,0,2
match-a6400c05-3452,solidaritaet_ueberleben,standard,1,1,0,9,6,14,8,32,4,8,10,12,0,0
match-1f8d7cc3-3453,rudeljaeger,standard,0,1,1,5,6,9,6,14,1,6,2,11,0,0
match-1f8d7cc3-3453,solidaritaet_ueberleben,standard,1,0,0,5,-1,10,6,11,1,6,3,4,0,0
match-98dacd80-3454,rudeljaeger,standard,0,1,1,3,7,7,3,6,0,3,0,10,0,0
match-98dacd80-3454,solidaritaet_ueberleben,standard,1,0,0,3,0,7,3,6,0,3,0,3,0,0
match-12283e3e-3455,rudeljaeger,standard,0,0,1,16,-2,22,14,46,78,12,14,8,0,0
match-12283e3e-3455,solidaritaet_ueberleben,standard,1,1,0,16,1,23,18,65,60,17,7,11,0,0
match-55e094e7-3456,rudeljaeger,standard,0,1,1,7,5,11,9,21,2,7,4,14,0,0
match-55e094e7-3456,solidaritaet_ueberleben,standard,1,0,0,7,-4,12,8,25,2,7,3,5,0,0
match-cf2de5a4-3457,rudeljaeger,standard,0,1,1,9,5,13,12,30,8,12,8,10,0,0
match-cf2de5a4-3457,solidaritaet_ueberleben,standard,1,0,0,9,0,13,11,39,6,11,8,5,2,0
match-487b5662-3458,rudeljaeger,standard,0,1,1,9,5,13,11,35,5,10,9,13,0,2
match-487b5662-3458,solidaritaet_ueberleben,standard,1,0,0,9,-3,14,13,42,2,13,6,5,0,0
match-c1c8a71f-3459,rudeljaeger,standard,0,0,1,8,-2,13,10,26,3,9,4,6,0,0
match-c1c8a71f-3459,solidaritaet_ueberleben,standard,1,1,0,8,4,14,9,33,2,9,4,12,0,0
match-70ab11f1-3460,rudeljaeger,standard,0,1,1,9,5,13,11,34,4,11,8,13,0,1
match-70ab11f1-3460,solidaritaet_ueberleben,standard,1,0,0,9,-3,14,12,39,3,12,6,5,0,0
match-e9f862ae-3461,rudeljaeger,standard,0,0,1,11,-3,16,13,35,20,12,8,7,0,0
match-e9f862ae-3461,solidaritaet_ueberleben,standard,1,1,0,11,3,15,13,46,9,12,7,13,1,0
match-6345d36c-3462,rudeljaeger,standard,0,0,1,7,0,11,8,22,3,8,5,8,0,1
match-6345d36c-3462,solidaritaet_ueberleben,standard,1,1,0,7,2,12,7,27,1,7,4,10,0,0
match-dc932429-3463,rudeljaeger,standard,0,0,1,10,-2,15,14,38,8,12,9,8,0,0
match-dc932429-3463,solidaritaet_ueberleben,standard,1,1,0,10,2,16,11,40,8,10,8,12,0,0
match-204b9ad3-3464,rudeljaeger,standard,0,1,1,7,4,10,7,24,0,7,7,10,0,1
match-204b9ad3-3464,solidaritaet_ueberleben,standard,1,0,0,7,0,12,10,26,1,9,2,6,0,0
match-9998eb90-3465,rudeljaeger,standard,0,0,1,8,-2,12,11,24,5,9,6,5,0,0
match-9998eb90-3465,solidaritaet_ueberleben,standard,1,1,0,8,5,13,9,31,3,9,5,12,0,0
match-12e65c4e-3466,rudeljaeger,standard,0,1,1,6,10,10,6,19,0,6,2,12,0,0
match-12e65c4e-3466,solidaritaet_ueberleben,standard,1,0,0,6,-2,12,5,18,3,5,4,0,0,0
match-8c33ad0b-3467,rudeljaeger,standard,0,0,1,8,-1,13,9,23,13,9,8,6,0,0
match-8c33ad0b-3467,solidaritaet_ueberleben,standard,1,1,0,8,4,12,11,31,3,11,5,11,0,0
match-3b1617dd-3468,rudeljaeger,standard,0,0,1,11,0,16,14,38,20,12,6,5,0,2
match-3b1617dd-3468,solidaritaet_ueberleben,standard,1,1,0,11,5,16,8,29,32,8,7,10,0,0
match-b463689a-3469,rudeljaeger,standard,0,1,1,9,10,14,12,30,14,12,11,12,0,0
match-b463689a-3469,solidaritaet_ueberleben,standard,1,0,0,9,-2,13,12,38,4,11,8,0,1,0
match-2db0d958-3470,rudeljaeger,standard,0,0,1,10,-1,13,13,32,16,11,9,7,0,3
match-2db0d958-3470,solidaritaet_ueberleben,standard,1,1,0,10,3,16,13,39,10,12,10,11,0,0
match-a6fe2a15-3471,rudeljaeger,standard,0,1,1,12,7,18,15,42,25,13,13,11,0,3
match-a6fe2a15-3471,solidaritaet_ueberleben,standard,1,0,0,12,-1,16,15,50,21,14,8,3,0,0
match-eab680be-3472,rudeljaeger,standard,0,1,1,15,1,22,17,53,56,15,15,12,0,1
match-eab680be-3472,solidaritaet_ueberleben,standard,1,0,0,15,-2,19,15,55,50,14,13,9,0,0
match-6403f17c-3473,rudeljaeger,standard,0,0,1,11,-1,14,14,37,25,13,8,8,0,0
match-6403f17c-3473,solidaritaet_ueberleben,standard,1,1,0,11,2,16,13,45,16,12,10,11,0,0
match-dd514239-3474,rudeljaeger,standard,0,1,1,7,1,12,10,25,1,8,5,11,0,0
match-dd514239-3474,solidaritaet_ueberleben,standard,1,0,0,7,-1,12,7,23,2,6,6,9,0,0
match-569eb2f7-3475,rudeljaeger,standard,0,1,1,9,2,13,12,33,4,11,8,10,0,1
match-569eb2f7-3475,solidaritaet_ueberleben,standard,1,0,0,9,0,13,12,32,8,12,9,8,0,0
match-05811dc9-3476,rudeljaeger,standard,0,0,1,12,0,17,16,45,22,14,13,5,0,2
match-05811dc9-3476,solidaritaet_ueberleben,standard,1,1,0,12,5,18,16,53,19,16,11,10,0,0
match-7ece6e86-3477,rudeljaeger,standard,0,0,1,11,-2,16,14,35,24,12,8,9,0,0
match-7ece6e86-3477,solidaritaet_ueberleben,standard,1,1,0,11,1,15,13,41,17,12,8,12,0,0
match-f81bdf43-3478,rudeljaeger,standard,0,0,1,7,0,13,10,25,1,8,4,4,0,2
match-f81bdf43-3478,solidaritaet_ueberleben,standard,1,1,0,7,6,13,6,24,3,6,6,10,0,0
match-71693001-3479,rudeljaeger,standard,0,0,1,11,-3,16,14,38,19,12,6,7,0,0
match-71693001-3479,solidaritaet_ueberleben,standard,1,1,0,11,3,17,11,44,16,10,10,13,0,0
match-b52186aa-3480,rudeljaeger,standard,0,1,1,8,10,12,7,24,4,6,10,11,0,0
match-b52186aa-3480,solidaritaet_ueberleben,standard,1,0,0,8,-1,12,11,29,2,11,1,0,0,0
match-2e6ef768-3481,rudeljaeger,standard,0,0,1,10,-2,16,11,32,17,9,6,9,0,2
match-2e6ef768-3481,solidaritaet_ueberleben,standard,1,1,0,10,1,16,10,40,9,10,5,12,0,0
match-a7bc4825-3482,rudeljaeger,standard,0,0,1,7,-2,11,10,20,5,8,5,9,0,2
match-a7bc4825-3482,solidaritaet_ueberleben,standard,1,1,0,7,1,12,9,28,0,8,3,12,0,0
match-2109b8e3-3483,rudeljaeger,standard,0,0,1,8,-1,13,7,23,5,6,3,6,0,2
match-2109b8e3-3483,solidaritaet_ueberleben,standard,1,1,0,8,4,13,8,31,2,8,2,11,0,0
match-cfec03b4-3484,rudeljaeger,standard,0,1,1,6,8,10,7,19,1,6,4,11,0,0
match-cfec03b4-3484,solidaritaet_ueberleben,standard,1,0,0,6,-1,12,6,21,0,6,2,2,0,0
match-49397472-3485,rudeljaeger,standard,0,1,1,4,6,7,5,10,0,5,2,10,0,0
match-49397472-3485,solidaritaet_ueberleben,standard,1,0,0,4,0,10,4,8,0,4,4,4,0,0
match-c286c52f-3486,rudeljaeger,standard,0,0,1,16,0,19,13,36,84,11,7,6,0,0
match-c286c52f-3486,solidaritaet_ueberleben,standard,1,1,0,16,1,21,13,46,74,12,6,7,0,0
match-3bd435ed-3487,rudeljaeger,standard,0,1,1,7,8,11,10,24,1,9,6,10,0,1
match-3bd435ed-3487,solidaritaet_ueberleben,standard,1,0,0,7,0,10,9,27,0,9,6,2,0,0
match-7f8c8c96-3488,rudeljaeger,standard,0,0,1,7,-1,12,8,23,2,8,4,5,0,0
match-7f8c8c96-3488,solidaritaet_ueberleben,standard,1,1,0,7,5,13,8,26,1,8,4,11,0,0
match-f8d9fd53-3489,rudeljaeger,standard,0,0,1,9,-5,13,12,29,9,10,8,9,0,0
match-f8d9fd53-3489,solidaritaet_ueberleben,standard,1,1,0,9,1,13,12,38,4,12,7,15,0,0
match-72274e11-3490,rudeljaeger,standard,0,1,1,11,8,18,13,40,18,11,10,11,0,0
match-72274e11-3490,solidaritaet_ueberleben,standard,1,0,0,11,-1,18,14,46,12,13,7,2,0,0
match-eb74bece-3491,rudeljaeger,standard,0,0,1,8,-1,14,12,33,1,10,3,8,0,1
match-eb74bece-3491,solidaritaet_ueberleben,standard,1,1,0,8,2,12,7,29,4,7,6,11,0,0
match-9a5709a0-3492,rudeljaeger,standard,0,1,1,6,10,11,8,19,0,7,4,10,0,1
match-9a5709a0-3492,solidaritaet_ueberleben,standard,1,0,0,6,0,11,5,18,3,5,2,0,0,0
match-13a47a5e-3493,rudeljaeger,standard,0,0,1,11,0,16,15,34,22,13,13,4,0,0
match-13a47a5e-3493,solidaritaet_ueberleben,standard,1,1,0,11,6,17,14,51,8,13,11,10,0,0
match-8cf1cb1b-3494,rudeljaeger,standard,0,1,1,10,4,14,13,34,15,11,8,13,0,1
match-8cf1cb1b-3494,solidaritaet_ueberleben,standard,1,0,0,10,-3,15,13,43,8,12,7,6,0,0
match-063f3bd9-3495,rudeljaeger,standard,0,1,1,6,8,9,7,19,1,6,5,11,0,0
match-063f3bd9-3495,solidaritaet_ueberleben,standard,1,0,0,6,-1,11,6,20,1,6,4,2,0,0
match-49f79282-3496,rudeljaeger,standard,0,1,1,10,5,14,11,31,14,9,13,10,0,0
match-49f79282-3496,solidaritaet_ueberleben,standard,1,0,0,10,0,15,14,42,11,14,6,5,0,0
match-c344e33f-3497,rudeljaeger,standard,0,0,1,11,-1,16,14,37,22,13,7,9,0,0
match-c344e33f-3497,solidaritaet_ueberleben,standard,1,1,0,11,1,17,12,44,15,11,10,11,0,0
match-3c9253fd-3498,rudeljaeger,standard,0,1,1,12,8,16,13,34,32,11,13,11,0,0
match-3c9253fd-3498,solidaritaet_ueberleben,standard,1,0,0,12,-1,16,15,47,21,14,6,2,0,0
match-b5dfa4ba-3499,rudeljaeger,standard,0,1,1,16,1,21,15,48,74,13,12,12,0,0
match-b5dfa4ba-3499,solidaritaet_ueberleben,standard,1,0,0,16,-3,23,16,61,59,15,10,8,0,0
match-e84acbbd-3500,rudeljaeger,standard,0,0,0,15,0,19,15,41,64,13,13,6,0,1
match-e84acbbd-3500,solidaritaet_ueberleben,standard,1,1,1,15,3,20,16,58,49,15,9,9,0,0
match-61983c7b-3501,rudeljaeger,standard,0,0,0,9,-2,14,12,36,8,10,4,3,0,0
match-61983c7b-3501,solidaritaet_ueberleben,standard,1,1,1,9,7,14,8,32,4,8,6,12,0,0
match-f5b00a42-3502,rudeljaeger,standard,0,1,0,7,8,11,9,23,2,8,4,10,0,0
match-f5b00a42-3502,solidaritaet_ueberleben,standard,1,0,1,7,0,13,8,26,1,7,4,2,0,0
match-6efd7b00-3503,rudeljaeger,standard,0,1,0,6,10,10,6,20,1,5,3,12,0,1
match-6efd7b00-3503,solidaritaet_ueberleben,standard,1,0,1,6,-2,10,7,20,1,7,1,0,0,0
match-cd804eb3-3504,rudeljaeger,standard,0,0,0,9,0,14,13,38,4,11,7,8,0,2
match-cd804eb3-3504,solidaritaet_ueberleben,standard,1,1,1,9,2,12,10,32,10,9,8,10,0,0
match-46cdbf71-3505,rudeljaeger,standard,0,0,0,8,-1,14,12,31,3,10,4,8,0,0
match-46cdbf71-3505,solidaritaet_ueberleben,standard,1,1,1,8,2,12,8,34,2,8,6,11,0,0
match-dae58d38-3506,rudeljaeger,standard,0,0,0,9,-2,12,7,23,17,6,6,9,0,0
match-dae58d38-3506,solidaritaet_ueberleben,standard,1,1,1,9,1,15,10,30,14,10,1,12,0,0
match-5432fdf6-3507,rudeljaeger,standard,0,0,0,9,-2,14,12,32,9,12,4,8,0,0
match-5432fdf6-3507,solidaritaet_ueberleben,standard,1,1,1,9,2,13,9,35,4,8,11,12,0,0
match-b2b5d1a9-3508,rudeljaeger,standard,0,1,0,7,4,13,9,26,2,8,3,10,0,0
match-b2b5d1a9-3508,solidaritaet_ueberleben,standard,1,0,1,7,0,11,6,23,2,5,7,6,0,0
match-2c032267-3509,rudeljaeger,standard,0,0,0,8,-5,12,11,26,5,10,5,4,0,0
match-2c032267-3509,solidaritaet_ueberleben,standard,1,1,1,8,6,14,9,34,2,9,6,15,0,0
match-c01b102e-3510,rudeljaeger,standard,0,1,0,12,2,17,13,38,28,11,13,11,0,0
match-c01b102e-3510,solidaritaet_ueberleben,standard,1,0,1,12,-1,16,15,48,23,14,8,8,0,0
match-396860ec-3511,rudeljaeger,standard,0,0,0,8,-2,11,11,30,2,9,5,6,0,0
match-396860ec-3511,solidaritaet_ueberleben,standard,1,1,1,8,4,13,9,29,4,9,4,12,0,0
match-97eb549f-3512,rudeljaeger,standard,0,0,0,15,0,19,18,51,57,16,8,8,0,2
match-97eb549f-3512,solidaritaet_ueberleben,standard,1,1,1,15,1,21,14,54,56,13,14,9,0,0
match-1138a55d-3513,rudeljaeger,standard,0,1,0,12,2,17,15,46,25,13,16,13,0,3
match-1138a55d-3513,solidaritaet_ueberleben,standard,1,0,1,12,-3,18,16,49,21,16,8,8,0,0
match-a5509324-3514,rudeljaeger,standard,0,1,0,6,7,10,6,21,0,6,2,10,0,1
match-a5509324-3514,solidaritaet_ueberleben,standard,1,0,1,6,0,9,5,19,2,4,2,3,0,0
match-1e9de3e2-3515,rudeljaeger,standard,0,1,0,5,7,10,6,15,0,5,1,11,0,0
match-1e9de3e2-3515,solidaritaet_ueberleben,standard,1,0,1,5,-1,9,4,14,1,3,3,3,0,0
match-7d20d795-3516,rudeljaeger,standard,0,0,0,9,-4,14,12,34,6,11,4,7,0,0
match-7d20d795-3516,solidaritaet_ueberleben,standard,1,1,1,9,3,13,9,34,6,8,11,14,0,0
match-f66e2852-3517,rudeljaeger,standard,0,0,0,8,-3,14,9,27,9,9,3,7,0,0
match-f66e2852-3517,solidaritaet_ueberleben,standard,1,1,1,8,3,15,8,27,5,8,5,13,0,0
match-8a86161a-3518,rudeljaeger,standard,0,1,0,13,3,17,16,42,40,14,16,11,0,1
match-8a86161a-3518,solidaritaet_ueberleben,standard,1,0,1,13,-1,18,16,45,35,15,10,7,0,0
match-03d366d8-3519,rudeljaeger,standard,0,1,0,7,10,11,7,21,2,6,4,10,0,0
match-03d366d8-3519,solidaritaet_ueberleben,standard,1,0,1,7,0,13,7,23,3,6,2,0,0,0
match-62565a8b-3520,rudeljaeger,standard,0,0,0,12,-1,19,12,31,35,10,5,7,0,0
match-62565a8b-3520,solidaritaet_ueberleben,standard,1,1,1,12,3,16,10,36,30,10,6,11,2,0
match-dba3ab48-3521,rudeljaeger,standard,0,0,0,12,0,17,16,41,27,14,8,3,0,1
match-dba3ab48-3521,solidaritaet_ueberleben,standard,1,1,1,12,7,16,11,45,25,11,12,10,0,0
match-6fbb9910-3522,rudeljaeger,standard,0,1,0,7,8,12,9,21,4,9,3,10,0,0
match-6fbb9910-3522,solidaritaet_ueberleben,standard,1,0,1,7,0,11,7,24,3,6,4,2,0,0
match-e908e9cd-3523,rudeljaeger,standard,0,0,0,9,-2,14,11,29,11,9,2,8,0,0
match-e908e9cd-3523,solidaritaet_ueberleben,standard,1,1,1,9,2,15,7,31,11,7,4,12,0,0
match-478bdd81-3524,rudeljaeger,standard,0,,0,17,-2,22,20,56,80,18,11,6,0,2
match-478bdd81-3524,solidaritaet_ueberleben,standard,1,,1,17,-2,20,16,61,79,15,16,6,0,0
match-c0d92e3e-3525,rudeljaeger,standard,0,0,0,11,-4,17,14,38,17,12,6,4,0,0
match-c0d92e3e-3525,solidaritaet_ueberleben,standard,1,1,1,11,6,17,10,39,21,10,8,14,0,0
match-54f11c06-3526,rudeljaeger,standard,0,1,0,5,5,9,6,13,1,5,3,10,0,0
match-54f11c06-3526,solidaritaet_ueberleben,standard,1,0,1,5,0,9,5,15,0,5,4,5,0,0
match-ce3e6cc3-3527,rudeljaeger,standard,0,1,0,16,5,22,19,55,70,17,17,7,0,0
match-ce3e6cc3-3527,solidaritaet_ueberleben,standard,1,0,1,16,0,23,18,64,60,17,15,2,2,0
match-2cc14077-3528,rudeljaeger,standard,0,0,0,16,0,22,20,56,74,18,15,8,0,2
match-2cc14077-3528,solidaritaet_ueberleben,standard,1,1,1,16,1,22,18,61,59,17,17,9,2,0
match-a60eb134-3529,rudeljaeger,standard,0,0,0,8,-4,12,11,23,11,10,4,8,0,0
match-a60eb134-3529,solidaritaet_ueberleben,standard,1,1,1,8,2,12,8,26,2,8,6,14,0,0
match-3a269efc-3530,rudeljaeger,standard,0,1,0,17,4,21,20,56,80,18,18,10,0,0
match-3a269efc-3530,solidaritaet_ueberleben,standard,1,0,1,17,-3,22,20,68,68,19,15,3,3,0
match-b373efb9-3531,rudeljaeger,standard,0,0,0,7,-2,11,9,23,3,8,4,7,0,0
match-b373efb9-3531,solidaritaet_ueberleben,standard,1,1,1,7,3,14,6,20,1,6,8,12,0,0
match-11f6c36d-3532,rudeljaeger,standard,0,1,0,6,10,10,8,18,0,7,3,11,0,0
match-11f6c36d-3532,solidaritaet_ueberleben,standard,1,0,1,6,-1,11,6,20,1,6,2,0,0,0
match-8b44342a-3533,rudeljaeger,standard,0,0,0,10,-2,15,14,39,8,14,6,6,0,0
match-8b44342a-3533,solidaritaet_ueberleben,standard,1,1,1,10,4,15,11,36,14,10,15,12,1,0
match-1f5c01f2-3534,rudeljaeger,standard,0,0,0,9,0,13,12,30,10,10,4,5,0,0
match-1f5c01f2-3534,solidaritaet_ueberleben,standard,1,1,1,9,5,12,9,34,2,9,9,10,0,0
match-98a972af-3535,rudeljaeger,standard,0,0,0,10,0,16,13,41,11,11,7,4,0,1
match-98a972af-3535,solidaritaet_ueberleben,standard,1,1,1,10,6,14,12,42,7,11,9,10,0,0
match-f72c4662-3536,rudeljaeger,standard,0,0,0,7,-1,13,9,25,2,9,2,4,0,1
match-f72c4662-3536,solidaritaet_ueberleben,standard,1,1,1,7,6,11,7,27,1,7,5,11,0,0
match-7079b720-3537,rudeljaeger,standard,0,0,0,14,-1,19,15,44,51,14,12,8,0,1
match-7079b720-3537,solidaritaet_ueberleben,standard,1,1,1,14,2,20,17,61,32,16,9,11,0,0
match-049184e8-3538,rudeljaeger,standard,0,0,0,9,-3,15,9,35,5,8,8,6,0,2
match-049184e8-3538,solidaritaet_ueberleben,standard,1,1,1,9,4,14,11,38,4,11,3,13,0,0
match-7ddef5a5-3539,rudeljaeger,standard,0,0,0,12,-5,17,13,38,30,11,9,7,0,0
match-7ddef5a5-3539,solidaritaet_ueberleben,standard,1,1,1,12,3,17,13,46,22,12,7,15,0,0
match-dc61c958-3540,rudeljaeger,standard,0,0,0,11,-1,14,14,39,24,13,8,7,0,1
match-dc61c958-3540,solidaritaet_ueberleben,standard,1,1,1,11,3,16,12,45,15,12,10,11,0,0
match-55af3a16-3541,rudeljaeger,standard,0,0,0,13,0,17,17,50,31,16,9,8,0,3
match-55af3a16-3541,solidaritaet_ueberleben,standard,1,1,1,13,2,18,13,50,28,12,12,10,0,0
match-e9c707dd-3542,rudeljaeger,standard,0,1,0,6,5,11,6,19,1,6,2,12,0,1
match-e9c707dd-3542,solidaritaet_ueberleben,standard,1,0,1,6,-2,11,7,21,0,6,1,5,0,0
match-6314789b-3543,rudeljaeger,standard,0,0,0,11,-4,16,14,37,20,12,7,6,0,2
match-6314789b-3543,solidaritaet_ueberleben,standard,1,1,1,11,4,18,12,45,12,11,9,14,0,0
match-c1974c4e-3544,rudeljaeger,standard,0,0,0,9,0,13,12,27,11,10,3,9,0,0
match-c1974c4e-3544,solidaritaet_ueberleben,standard,1,1,1,9,1,12,8,25,11,8,8,10,2,0
match-3ae4bd0c-3545,rudeljaeger,standard,0,1,0,6,10,10,9,19,2,8,4,11,0,0
match-3ae4bd0c-3545,solidaritaet_ueberleben,standard,1,0,1,6,-1,12,7,21,0,7,4,0,0,0
match-cefc8ad3-3546,rudeljaeger,standard,0,1,0,16,2,21,16,49,71,14,7,8,0,0
match-cefc8ad3-3546,solidaritaet_ueberleben,standard,1,0,1,16,-1,21,12,46,74,11,11,5,0,0
match-4849fb91-3547,rudeljaeger,standard,0,1,0,11,3,15,12,35,20,10,8,10,0,1
match-4849fb91-3547,solidaritaet_ueberleben,standard,1,0,1,11,0,17,13,48,16,12,7,7,0,0
match-a6cccf44-3548,rudeljaeger,standard,0,1,0,4,10,9,5,9,0,5,2,11,0,0
match-a6cccf44-3548,solidaritaet_ueberleben,standard,1,0,1,4,-1,8,4,8,0,4,1,0,0,0
match-201a2002-3549,rudeljaeger,standard,0,0,0,9,-3,14,12,37,4,10,3,4,0,0
match-201a2002-3549,solidaritaet_ueberleben,standard,1,1,1,9,6,14,7,27,9,7,6,13,0,0
match-b4320dc9-3550,rudeljaeger,standard,0,0,0,9,-1,13,10,31,5,8,9,9,0,0
match-b4320dc9-3550,solidaritaet_ueberleben,standard,1,1,1,9,1,14,12,40,3,12,7,11,0,0
match-2d7f7e87-3551,rudeljaeger,standard,0,1,0,15,1,19,17,51,54,15,9,9,0,5
match-2d7f7e87-3551,solidaritaet_ueberleben,standard,1,0,1,15,0,21,13,48,57,12,14,8,0,0
match-8c02523a-3552,rudeljaeger,standard,0,0,0,8,-1,11,10,25,6,9,5,6,0,0
match-8c02523a-3552,solidaritaet_ueberleben,standard,1,1,1,8,4,12,10,33,1,9,8,11,0,0
match-054fa2f8-3553,rudeljaeger,standard,0,0,0,7,-2,11,9,25,2,8,2,2,0,0
match-054fa2f8-3553,solidaritaet_ueberleben,standard,1,1,1,7,8,12,5,19,2,5,5,12,0,0
match-996790bf-3554,rudeljaeger,standard,0,1,0,7,7,11,10,23,2,10,4,11,0,0
match-996790bf-3554,solidaritaet_ueberleben,standard,1,0,1,7,-1,11,8,27,1,7,7,3,0,0
match-12b4e17d-3555,rudeljaeger,standard,0,0,0,9,-2,15,13,33,6,11,3,5,0,0
match-12b4e17d-3555,solidaritaet_ueberleben,standard,1,1,1,9,5,14,9,35,4,8,9,12,0,0
match-7137d530-3556,rudeljaeger,standard,0,1,0,9,3,14,12,29,9,10,4,13,0,0
match-7137d530-3556,solidaritaet_ueberleben,standard,1,0,1,9,-3,14,9,26,13,8,9,7,0,0
match-ea8525ed-3557,rudeljaeger,standard,0,0,0,8,-1,13,11,28,2,9,6,9,0,0
match-ea8525ed-3557,solidaritaet_ueberleben,standard,1,1,1,8,1,12,8,26,2,8,9,11,0,0
match-7e9d13b5-3558,rudeljaeger,standard,0,1,0,7,8,11,9,22,0,8,1,12,0,0
match-7e9d13b5-3558,solidaritaet_ueberleben,standard,1,0,1,7,-2,13,6,20,1,5,6,2,0,0
match-f7ea6472-3559,rudeljaeger,standard,0,1,0,5,9,9,6,14,0,6,3,11,0,0
match-f7ea6472-3559,solidaritaet_ueberleben,standard,1,0,1,5,-1,10,4,14,1,4,1,1,0,0
match-566d5826-3560,rudeljaeger,standard,0,0,0,10,-2,14,14,36,12,13,5,9,0,1
match-566d5826-3560,solidaritaet_ueberleben,standard,1,1,1,10,1,15,11,42,5,10,8,12,0,0
match-cfbaa8e3-3561,rudeljaeger,standard,0,0,0,16,-2,21,19,53,73,17,8,4,0,1
match-cfbaa8e3-3561,solidaritaet_ueberleben,standard,1,1,1,16,5,22,12,45,75,11,12,11,0,0
match-63d296ab-3562,rudeljaeger,standard,0,1,0,12,3,17,15,43,28,14,13,11,0,1
match-63d296ab-3562,solidaritaet_ueberleben,standard,1,0,1,12,-1,19,16,51,21,15,10,7,0,0
match-dd1fe768-3563,rudeljaeger,standard,0,1,0,15,1,21,19,52,57,17,10,10,0,0
match-dd1fe768-3563,solidaritaet_ueberleben,standard,1,0,1,15,0,20,13,49,60,12,13,9,0,0
match-3ba2db1c-3564,rudeljaeger,standard,0,1,0,11,5,17,13,37,18,12,12,11,0,1
match-3ba2db1c-3564,solidaritaet_ueberleben,standard,1,0,1,11,-1,14,14,45,17,13,7,5,0,0
match-b4f02bd9-3565,rudeljaeger,standard,0,1,0,10,3,14,8,31,14,8,15,12,0,0
match-b4f02bd9-3565,solidaritaet_ueberleben,standard,1,0,1,10,-2,17,14,44,4,14,5,7,0,0
match-490819a1-3566,rudeljaeger,standard,0,0,0,9,-6,12,12,31,10,11,6,8,0,0
match-490819a1-3566,solidaritaet_ueberleben,standard,1,1,1,9,2,14,11,39,6,11,8,16,0,0
match-c2556a5e-3567,rudeljaeger,standard,0,0,0,8,0,12,10,26,4,9,4,9,0,2
match-c2556a5e-3567,solidaritaet_ueberleben,standard,1,1,1,8,1,14,8,30,4,8,4,10,0,0
match-20d85e12-3568,rudeljaeger,standard,0,0,0,9,0,13,11,35,6,9,2,6,0,1
match-20d85e12-3568,solidaritaet_ueberleben,standard,1,1,1,9,4,14,7,31,11,7,4,10,0,0
match-9a25aecf-3569,rudeljaeger,standard,0,0,0,9,-4,13,12,35,5,11,4,8,0,1
match-9a25aecf-3569,solidaritaet_ueberleben,standard,1,1,1,9,2,13,9,34,2,9,8,14,0,0
match-2e3d9c97-3570,rudeljaeger,standard,0,0,0,13,-3,17,16,43,37,14,10,8,0,1
match-2e3d9c97-3570,solidaritaet_ueberleben,standard,1,1,1,13,2,17,14,46,37,13,11,13,0,0
match-a78aed54-3571,rudeljaeger,standard,0,1,0,14,10,20,14,44,47,12,15,11,0,1
match-a78aed54-3571,solidaritaet_ueberleben,standard,1,0,1,14,-1,20,18,58,36,17,7,0,0,0
match-060dc108-3572,rudeljaeger,standard,0,,0,16,-1,21,15,44,80,13,18,7,0,0
match-060dc108-3572,solidaritaet_ueberleben,standard,1,,1,16,0,22,20,68,56,19,9,8,0,0
match-7f5b31c5-3573,rudeljaeger,standard,0,0,0,7,0,13,8,24,2,7,6,8,0,0
match-7f5b31c5-3573,solidaritaet_ueberleben,standard,1,1,1,7,2,11,9,24,1,9,2,10,0,0
match-13731f8d-3574,rudeljaeger,standard,0,1,0,12,1,16,14,39,32,12,12,12,0,0
match-13731f8d-3574,solidaritaet_ueberleben,standard,1,0,1,12,-2,16,15,46,23,14,7,9,0,0
match-8cc0704a-3575,rudeljaeger,standard,0,0,0,9,-3,13,12,33,6,10,3,9,0,1
match-8cc0704a-3575,solidaritaet_ueberleben,standard,1,1,1,9,1,16,9,32,4,8,7,13,0,0
match-eb4343fd-3576,rudeljaeger,standard,0,1,0,13,5,17,16,40,38,14,16,12,0,0
match-eb4343fd-3576,solidaritaet_ueberleben,standard,1,0,1,13,-2,19,17,58,24,17,10,5,0,0
match-6490b4bb-3577,rudeljaeger,standard,0,0,0,9,0,13,12,34,9,11,3,4,0,0
match-6490b4bb-3577,solidaritaet_ueberleben,standard,1,1,1,9,6,14,6,25,11,6,8,10,0,0
match-f8a88282-3578,rudeljaeger,standard,0,0,0,9,-2,14,11,31,5,10,6,6,0,0
match-f8a88282-3578,solidaritaet_ueberleben,standard,1,1,1,9,4,14,9,35,5,8,6,12,0,0
match-71f5f340-3579,rudeljaeger,standard,0,1,0,6,2,11,6,20,0,6,3,12,0,1
match-71f5f340-3579,solidaritaet_ueberleben,standard,1,0,1,6,-2,11,5,14,1,5,3,8,0,0
match-d078c6f3-3580,rudeljaeger,standard,0,1,0,8,7,12,10,29,2,8,9,11,0,0
match-d078c6f3-3580,solidaritaet_ueberleben,standard,1,0,1,8,-1,12,10,29,5,10,4,3,1,0
match-49c637b1-3581,rudeljaeger,standard,0,0,0,11,-1,16,15,42,17,13,10,7,0,1
match-49c637b1-3581,solidaritaet_ueberleben,standard,1,1,1,11,3,17,14,44,18,13,10,11,0,0
match-ddde0578-3582,rudeljaeger,standard,0,1,0,8,3,11,10,30,2,9,9,10,0,1
match-ddde0578-3582,solidaritaet_ueberleben,standard,1,0,1,8,0,13,9,30,2,9,7,7,0,0
match-572b7636-3583,rudeljaeger,standard,0,0,0,8,-5,11,9,27,2,9,4,5,0,0
match-572b7636-3583,solidaritaet_ueberleben,standard,1,1,1,8,5,13,8,24,8,7,5,15,0,0
match-b5ae49e9-3584,rudeljaeger,standard,0,0,0,9,0,12,11,33,5,9,5,4,0,0
match-b5ae49e9-3584,solidaritaet_ueberleben,standard,1,1,1,9,6,15,9,32,4,9,5,10,0,0
match-2efbbaa7-3585,rudeljaeger,standard,0,1,0,8,1,12,10,25,7,10,7,12,0,0
match-2efbbaa7-3585,solidaritaet_ueberleben,standard,1,0,1,8,-2,12,9,27,1,9,8,9,3,0
match-c313886e-3586,rudeljaeger,standard,0,1,0,6,5,11,7,19,2,7,0,11,0,0
match-c313886e-3586,solidaritaet_ueberleben,standard,1,0,1,6,-1,11,5,18,2,4,4,5,0,0
match-3c60f92c-3587,rudeljaeger,standard,0,0,0,13,-2,18,16,44,37,14,6,8,0,0
match-3c60f92c-3587,solidaritaet_ueberleben,standard,1,1,1,13,2,17,11,42,36,10,10,12,0,0
match-9ae3ccdf-3588,rudeljaeger,standard,0,0,0,16,0,20,20,56,65,18,8,8,0,0
match-9ae3ccdf-3588,solidaritaet_ueberleben,standard,1,1,1,16,1,20,14,53,73,13,15,9,0,0
match-14313d9d-3589,rudeljaeger,standard,0,0,0,14,-1,18,15,48,45,14,11,8,0,0
match-14313d9d-3589,solidaritaet_ueberleben,standard,1,1,1,14,2,20,15,59,37,14,10,11,7,0
match-a8490b64-3590,rudeljaeger,standard,0,1,0,5,9,9,5,14,1,5,3,10,0,0
match-a8490b64-3590,solidaritaet_ueberleben,standard,1,0,1,5,0,11,6,15,0,6,1,1,0,0
match-21967c22-3591,rudeljaeger,standard,0,0,0,9,0,13,9,31,9,8,5,4,0,0
match-21967c22-3591,solidaritaet_ueberleben,standard,1,1,1,9,6,14,11,39,6,10,4,10,0,0
match-80194fd5-3592,rudeljaeger,standard,0,0,0,12,-2,17,15,42,29,13,8,6,0,0
match-80194fd5-3592,solidaritaet_ueberleben,standard,1,1,1,12,4,17,11,45,25,11,12,12,0,0
match-f966a092-3593,rudeljaeger,standard,0,0,0,9,0,13,11,35,5,10,6,7,0,3
match-f966a092-3593,solidaritaet_ueberleben,standard,1,1,1,9,3,16,9,32,11,9,6,10,0,0
match-8d7e8e5a-3594,rudeljaeger,standard,0,1,0,7,10,11,7,24,1,7,3,13,0,0
match-8d7e8e5a-3594,solidaritaet_ueberleben,standard,1,0,1,7,-3,13,7,25,2,6,4,0,0,0
match-06cbff18-3595,rudeljaeger,standard,0,1,0,16,3,22,14,40,80,12,3,8,0,0
match-06cbff18-3595,solidaritaet_ueberleben,standard,1,0,1,16,-1,22,9,36,90,8,7,4,0,0
match-654ed2cb-3596,rudeljaeger,standard,0,1,0,11,8,14,12,35,24,11,7,11,0,0
match-654ed2cb-3596,solidaritaet_ueberleben,standard,1,0,1,11,-1,17,8,30,25,7,7,2,0,0
match-de9c2388-3597,rudeljaeger,standard,0,0,0,12,-3,16,15,40,32,13,9,8,0,3
match-de9c2388-3597,solidaritaet_ueberleben,standard,1,1,1,12,2,17,15,49,17,14,11,13,0,0
match-72b41150-3598,rudeljaeger,standard,0,0,0,11,-1,15,12,34,21,12,13,9,0,2
match-72b41150-3598,solidaritaet_ueberleben,standard,1,1,1,11,1,16,14,46,17,14,8,11,0,0
match-ec01620d-3599,rudeljaeger,standard,0,0,0,9,-2,15,13,31,11,11,4,5,0,0
match-ec01620d-3599,solidaritaet_ueberleben,standard,1,1,1,9,5,14,9,34,2,9,8,12,0,0
match-4a8455c1-3600,rudeljaeger,standard,0,0,0,14,0,18,17,46,48,15,9,5,0,2
match-4a8455c1-3600,solidaritaet_ueberleben,standard,1,1,1,14,5,18,14,49,42,13,13,10,0,0
match-c3d1a67e-3601,rudeljaeger,standard,0,0,0,8,-2,12,11,27,4,10,5,5,0,0
match-c3d1a67e-3601,solidaritaet_ueberleben,standard,1,1,1,8,5,14,9,31,2,9,7,12,1,0
match-57e99446-3602,rudeljaeger,standard,0,1,0,8,4,14,10,28,1,8,7,12,0,1
match-57e99446-3602,solidaritaet_ueberleben,standard,1,0,1,8,-2,12,10,30,1,9,4,6,0,0
match-d136e503-3603,rudeljaeger,standard,0,0,0,13,0,19,16,42,41,14,7,8,0,0
match-d136e503-3603,solidaritaet_ueberleben,standard,1,1,1,13,2,18,12,38,40,11,13,10,0,0
match-2fb9d8b7-3604,rudeljaeger,standard,0,1,0,10,10,15,7,27,18,7,14,11,0,0
match-2fb9d8b7-3604,solidaritaet_ueberleben,standard,1,0,1,10,-1,16,13,41,10,13,3,0,0,0
match-a9072974-3605,rudeljaeger,standard,0,1,0,15,1,19,19,53,56,17,11,9,0,0
match-a9072974-3605,solidaritaet_ueberleben,standard,1,0,1,15,0,20,16,59,56,15,13,8,0,0
match-3d1f173c-3606,rudeljaeger,standard,0,0,0,16,0,20,12,36,86,10,13,2,0,0
match-3d1f173c-3606,solidaritaet_ueberleben,standard,1,1,1,16,5,21,16,62,64,15,7,7,0,0
match-b66c67f9-3607,rudeljaeger,standard,0,0,0,9,0,13,11,33,11,9,9,9,0,0
match-b66c67f9-3607,solidaritaet_ueberleben,standard,1,1,1,9,1,14,12,38,2,11,4,10,0,0
match-14ef5bad-3608,rudeljaeger,standard,0,0,0,9,-3,15,12,29,9,10,4,7,0,1
match-14ef5bad-3608,solidaritaet_ueberleben,standard,1,1,1,9,3,14,9,33,9,8,9,13,0,0
match-8e3cac6a-3609,rudeljaeger,standard,0,1,0,8,7,12,11,28,3,10,5,10,0,1
match-8e3cac6a-3609,solidaritaet_ueberleben,standard,1,0,1,8,0,12,8,27,7,7,7,3,0,0
match-22549a32-3610,rudeljaeger,standard,0,1,0,8,3,13,12,34,2,10,8,12,0,0
match-22549a32-3610,solidaritaet_ueberleben,standard,1,0,1,8,-2,13,11,32,1,11,6,7,0,0
match-9ba1eaef-3611,rudeljaeger,standard,0,0,0,6,0,9,7,18,2,6,3,5,0,0
match-9ba1eaef-3611,solidaritaet_ueberleben,standard,1,1,1,6,5,10,6,21,0,6,4,10,0,0
match-fa24dea2-3612,rudeljaeger,standard,0,1,0,5,9,8,5,14,1,5,1,11,0,0
match-fa24dea2-3612,solidaritaet_ueberleben,standard,1,0,1,5,-1,9,5,15,0,5,2,1,0,0
match-73722f60-3613,rudeljaeger,standard,0,0,0,8,0,12,9,24,7,7,4,6,0,0
match-73722f60-3613,solidaritaet_ueberleben,standard,1,1,1,8,4,12,8,31,4,7,4,10,0,0
match-078a1d28-3614,rudeljaeger,standard,0,0,0,16,-1,21,20,56,70,18,17,6,0,1
match-078a1d28-3614,solidaritaet_ueberleben,standard,1,1,1,16,1,21,19,62,58,18,14,8,0,0
match-80d76de5-3615,rudeljaeger,standard,0,0,0,10,-2,15,13,40,10,11,10,4,0,1
match-80d76de5-3615,solidaritaet_ueberleben,standard,1,1,1,10,6,14,14,49,4,13,8,12,0,0
match-df5a4198-3616,rudeljaeger,standard,0,0,0,12,-2,17,15,40,29,14,6,5,0,0
match-df5a4198-3616,solidaritaet_ueberleben,standard,1,1,1,12,5,17,11,34,32,10,12,12,0,0
match-58a7b256-3617,rudeljaeger,standard,0,0,0,14,-2,18,15,41,50,13,10,7,0,0
match-58a7b256-3617,solidaritaet_ueberleben,standard,1,1,1,14,3,19,13,47,44,12,10,12,0,0
match-ecbf801d-3618,rudeljaeger,standard,0,1,0,7,3,11,10,25,2,8,4,10,0,0
match-ecbf801d-3618,solidaritaet_ueberleben,standard,1,0,1,7,0,11,8,24,1,7,7,7,0,0
match-660cf0db-3619,rudeljaeger,standard,0,1,0,6,8,10,6,18,1,5,2,10,0,1
match-660cf0db-3619,solidaritaet_ueberleben,standard,1,0,1,6,0,12,5,20,1,5,2,2,0,0
match-c48fc48e-3620,rudeljaeger,standard,0,1,0,9,1,15,10,24,12,8,8,10,0,0
match-c48fc48e-3620,solidaritaet_ueberleben,standard,1,0,1,9,0,13,12,39,4,11,3,9,0,0
match-3ddd354c-3621,rudeljaeger,standard,0,,0,16,-1,22,18,53,74,16,7,8,0,1
match-3ddd354c-3621,solidaritaet_ueberleben,standard,1,,1,16,-1,21,12,50,80,11,11,8,0,0
match-d1f50313-3622,rudeljaeger,standard,0,1,0,5,9,10,5,14,0,5,4,11,0,0
match-d1f50313-3622,solidaritaet_ueberleben,standard,1,0,1,5,-1,11,5,15,0,5,2,1,0,0
match-4b4273d1-3623,rudeljaeger,standard,0,0,0,15,0,20,18,53,61,17,16,7,0,5
match-4b4273d1-3623,solidaritaet_ueberleben,standard,1,1,1,15,2,21,19,62,45,18,14,9,7,0
match-a9c54784-3624,rudeljaeger,standard,0,1,0,12,1,16,16,45,23,15,12,12,0,1
match-a9c54784-3624,solidaritaet_ueberleben,standard,1,0,1,12,-2,17,15,49,24,14,10,9,2,0
match-2312b842-3625,rudeljaeger,standard,0,1,0,6,7,12,6,19,1,5,4,10,0,0
match-2312b842-3625,solidaritaet_ueberleben,standard,1,0,1,6,0,11,6,20,1,6,2,3,0,0
match-b72a8609-3626,rudeljaeger,standard,0,1,0,11,6,14,13,35,23,11,11,13,0,0
match-b72a8609-3626,solidaritaet_ueberleben,standard,1,0,1,11,-3,15,14,50,7,13,9,4,0,0
match-3077f6c7-3627,rudeljaeger,standard,0,0,0,15,-2,20,16,45,63,14,12,7,0,0
match-3077f6c7-3627,solidaritaet_ueberleben,standard,1,1,1,15,3,20,15,60,45,14,12,12,0,0
match-419acd01-3628,rudeljaeger,standard,0,0,0,12,-2,15,15,42,26,13,7,9,0,1
match-419acd01-3628,solidaritaet_ueberleben,standard,1,1,1,12,1,18,11,44,28,10,11,12,0,0
match-bae83dbe-3629,rudeljaeger,standard,0,1,0,12,10,16,14,41,30,12,12,14,0,0
match-bae83dbe-3629,solidaritaet_ueberleben,standard,1,0,1,12,-4,17,15,45,24,14,9,0,0,0
match-4f000b86-3630,rudeljaeger,standard,0,1,0,8,10,12,9,27,1,9,9,11,0,2
match-4f000b86-3630,solidaritaet_ueberleben,standard,1,0,1,8,-1,14,11,34,0,10,5,0,0,0
match-c84d7c43-3631,rudeljaeger,standard,0,0,0,15,-4,20,19,54,55,17,12,9,0,3
match-c84d7c43-3631,solidaritaet_ueberleben,standard,1,1,1,15,1,19,16,58,57,15,14,14,4,0
match-26d04ff7-3632,rudeljaeger,standard,0,1,0,6,10,11,5,19,2,5,3,10,0,0
match-26d04ff7-3632,solidaritaet_ueberleben,standard,1,0,1,6,0,11,5,20,1,5,1,0,0,0
match-a01da0b4-3633,rudeljaeger,standard,0,1,0,5,10,9,6,15,0,5,2,10,0,0
match-a01da0b4-3633,solidaritaet_ueberleben,standard,1,0,1,5,0,10,4,14,1,4,1,0,0,0
match-34358e7c-3634,rudeljaeger,standard,0,1,0,5,10,10,6,14,0,6,1,10,0,0
match-34358e7c-3634,solidaritaet_ueberleben,standard,1,0,1,5,0,9,5,15,0,5,3,0,0,0
match-ad82ff39-3635,rudeljaeger,standard,0,1,0,15,1,19,17,49,58,16,17,11,0,1
match-ad82ff39-3635,solidaritaet_ueberleben,standard,1,0,1,15,-1,21,19,65,45,18,14,9,0,0
match-0c05d2ed-3636,rudeljaeger,standard,0,1,0,9,7,13,6,24,12,5,10,11,0,1
match-0c05d2ed-3636,solidaritaet_ueberleben,standard,1,0,1,9,-1,15,12,34,5,12,0,3,0,0
match-855323aa-3637,rudeljaeger,standard,0,1,0,5,7,9,5,14,1,5,4,10,0,0
match-855323aa-3637,solidaritaet_ueberleben,standard,1,0,1,5,0,9,6,14,1,6,3,3,0,0
match-196b1172-3638,rudeljaeger,standard,0,0,0,9,-3,14,13,32,8,12,7,4,0,0
match-196b1172-3638,solidaritaet_ueberleben,standard,1,1,1,9,6,14,12,40,2,11,9,13,0,0
match-92b8622f-3639,rudeljaeger,standard,0,1,0,12,5,16,15,43,27,13,15,10,0,3
match-92b8622f-3639,solidaritaet_ueberleben,standard,1,0,1,12,0,16,15,46,26,14,9,5,0,0
match-f13b55e2-3640,rudeljaeger,standard,0,0,0,15,0,20,17,48,65,15,13,6,0,0
match-f13b55e2-3640,solidaritaet_ueberleben,standard,1,1,1,15,3,21,17,59,57,16,10,9,0,0
match-6a88a6a0-3641,rudeljaeger,standard,0,1,0,5,10,9,6,11,2,6,3,10,0,0
match-6a88a6a0-3641,solidaritaet_ueberleben,standard,1,0,1,5,0,8,5,14,1,5,1,0,0,0
match-fea09467-3642,rudeljaeger,standard,0,1,0,14,3,19,17,47,44,16,18,10,0,1
match-fea09467-3642,solidaritaet_ueberleben,standard,1,0,1,14,0,20,18,60,35,17,12,7,0,0
match-77ede525-3643,rudeljaeger,standard,0,1,0,5,10,9,6,15,0,5,2,10,0,0
match-77ede525-3643,solidaritaet_ueberleben,standard,1,0,1,5,0,11,4,14,1,4,2,0,0,0
match-d670d8d8-3644,rudeljaeger,standard,0,1,0,9,5,12,9,33,5,8,10,12,0,2
match-d670d8d8-3644,solidaritaet_ueberleben,standard,1,0,1,9,-2,16,13,41,4,13,3,5,0,0
match-4fbe2996-3645,rudeljaeger,standard,0,1,0,10,6,14,13,34,16,12,9,10,0,0
match-4fbe2996-3645,solidaritaet_ueberleben,standard,1,0,1,10,0,15,12,44,10,12,8,4,0,0
match-e3d6175d-3646,rudeljaeger,standard,0,1,0,5,8,9,5,15,0,5,2,11,0,0
match-e3d6175d-3646,solidaritaet_ueberleben,standard,1,0,1,5,-1,10,5,14,1,5,1,2,0,0
match-5d23681b-3647,rudeljaeger,standard,0,0,0,9,-6,14,13,33,7,13,6,6,0,1
match-5d23681b-3647,solidaritaet_ueberleben,standard,1,1,1,9,4,14,10,34,10,10,11,16,0,0
match-bba65bce-3648,rudeljaeger,standard,0,0,0,8,-1,12,11,25,5,10,3,6,0,0
match-bba65bce-3648,solidaritaet_ueberleben,standard,1,1,1,8,4,13,8,27,1,8,8,11,0,0
match-34f3ac8c-3649,rudeljaeger,standard,0,0,0,8,0,12,11,28,4,10,4,7,0,0
match-34f3ac8c-3649,solidaritaet_ueberleben,standard,1,1,1,8,3,13,7,31,3,7,7,10,0,0
match-c90b9a53-3650,rudeljaeger,standard,0,1,0,7,7,12,7,21,2,6,5,11,0,0
match-c90b9a53-3650,solidaritaet_ueberleben,standard,1,0,1,7,-1,13,7,26,0,7,1,3,0,0
match-4258eb11-3651,rudeljaeger,standard,0,1,0,4,9,9,4,10,0,4,2,10,0,0
match-4258eb11-3651,solidaritaet_ueberleben,standard,1,0,1,4,0,9,4,8,0,4,1,1,0,0
match-a0dbdec4-3652,rudeljaeger,standard,0,1,0,10,10,13,12,35,14,10,8,11,0,0
match-a0dbdec4-3652,solidaritaet_ueberleben,standard,1,0,1,10,-1,15,13,39,8,12,7,0,0,0
match-1a292f82-3653,rudeljaeger,standard,0,0,0,12,-2,17,15,42,27,13,5,6,0,0
match-1a292f82-3653,solidaritaet_ueberleben,standard,1,1,1,12,4,17,10,38,32,9,10,12,0,0
match-ae411d49-3654,rudeljaeger,standard,0,0,0,10,-2,13,11,33,16,10,5,9,0,0
match-ae411d49-3654,solidaritaet_ueberleben,standard,1,1,1,10,1,17,11,41,11,10,6,12,0,0
match-278e6e07-3655,rudeljaeger,standard,0,0,0,11,0,15,14,38,19,12,9,5,0,1
match-278e6e07-3655,solidaritaet_ueberleben,standard,1,1,1,11,5,17,13,42,18,13,10,10,0,0
match-861141ba-3656,rudeljaeger,standard,0,1,0,14,5,19,17,50,43,15,15,14,0,0
match-861141ba-3656,solidaritaet_ueberleben,standard,1,0,1,14,-4,20,18,60,34,17,11,5,0,0
match-ff5eb277-3657,rudeljaeger,standard,0,0,0,7,0,11,7,25,2,5,3,8,0,1
match-ff5eb277-3657,solidaritaet_ueberleben,standard,1,1,1,7,2,13,8,26,2,8,0,10,0,0
match-9376803f-3658,rudeljaeger,standard,0,1,0,7,7,11,8,26,2,7,5,10,0,1
match-9376803f-3658,solidaritaet_ueberleben,standard,1,0,1,7,0,12,8,25,2,8,2,3,0,0
match-0cc3f0fd-3659,rudeljaeger,standard,0,0,0,16,0,19,14,44,78,12,16,7,0,1
match-0cc3f0fd-3659,solidaritaet_ueberleben,standard,1,1,1,16,2,20,19,66,57,18,8,9,1,0
match-6b46c4b0-3660,rudeljaeger,standard,0,0,0,10,-1,14,13,37,11,12,6,5,0,0
match-6b46c4b0-3660,solidaritaet_ueberleben,standard,1,1,1,10,5,14,9,31,14,9,9,11,0,0
match-e494356d-3661,rudeljaeger,standard,0,0,0,9,-4,13,12,28,13,10,8,8,0,0
match-e494356d-3661,solidaritaet_ueberleben,standard,1,1,1,9,2,14,10,34,6,10,6,14,0,0
match-78ac0335-3662,rudeljaeger,standard,0,0,0,7,0,11,10,22,3,8,4,5,0,0
match-78ac0335-3662,solidaritaet_ueberleben,standard,1,1,1,7,5,13,8,25,2,8,5,10,0,0
match-f1f973f2-3663,rudeljaeger,standard,0,1,0,8,1,13,11,28,1,10,3,12,0,0
match-f1f973f2-3663,solidaritaet_ueberleben,standard,1,0,1,8,-2,12,6,24,4,6,9,9,0,0
match-507c47a6-3664,rudeljaeger,standard,0,1,0,4,10,8,4,10,0,4,3,10,0,0
match-507c47a6-3664,solidaritaet_ueberleben,standard,1,0,1,4,0,8,4,10,0,4,2,0,0,0
match-c9c9b863-3665,rudeljaeger,standard,0,0,0,10,-2,15,13,34,14,12,7,7,0,2
match-c9c9b863-3665,solidaritaet_ueberleben,standard,1,1,1,10,3,14,11,40,7,10,12,12,0,0
match-5de1862b-3666,rudeljaeger,standard,0,1,0,15,1,19,19,51,57,17,16,9,0,0
match-5de1862b-3666,solidaritaet_ueberleben,standard,1,0,1,15,0,20,18,61,48,17,16,8,1,0
match-d72ef6e8-3667,rudeljaeger,standard,0,1,0,17,2,21,19,53,83,17,17,7,0,3
match-d72ef6e8-3667,solidaritaet_ueberleben,standard,1,0,1,17,0,21,20,68,68,19,15,5,1,0
match-35b1ca9c-3668,rudeljaeger,standard,0,1,0,9,10,14,12,30,11,11,7,13,0,0
match-35b1ca9c-3668,solidaritaet_ueberleben,standard,1,0,1,9,-3,15,10,32,13,9,8,0,0,0
match-aeff3b59-3669,rudeljaeger,standard,0,0,0,10,-3,16,12,31,14,11,7,5,0,0
match-aeff3b59-3669,solidaritaet_ueberleben,standard,1,1,1,10,5,17,11,40,5,10,6,13,0,0
match-43170921-3670,rudeljaeger,standard,0,0,0,16,0,21,16,50,73,14,8,6,0,3
match-43170921-3670,solidaritaet_ueberleben,standard,1,1,1,16,1,21,13,49,78,13,9,7,0,0
match-bc6479de-3671,rudeljaeger,standard,0,0,0,15,0,20,19,53,58,17,14,5,0,1
match-bc6479de-3671,solidaritaet_ueberleben,standard,1,1,1,15,4,19,18,63,45,17,16,9,0,0
match-1ae74d92-3672,rudeljaeger,standard,0,0,0,8,0,14,7,24,8,7,3,8,0,0
match-1ae74d92-3672,solidaritaet_ueberleben,standard,1,1,1,8,2,11,7,23,8,7,3,10,0,0
match-9434be4f-3673,rudeljaeger,standard,0,1,0,11,7,15,12,37,18,11,12,10,0,1
match-9434be4f-3673,solidaritaet_ueberleben,standard,1,0,1,11,0,16,14,47,11,13,7,3,0,0
match-284c8c17-3674,rudeljaeger,standard,0,0,0,13,-2,19,17,43,40,15,8,9,0,3
match-284c8c17-3674,solidaritaet_ueberleben,standard,1,1,1,13,1,19,13,51,31,12,15,12,0,0
match-a199fcd4-3675,rudeljaeger,standard,0,1,0,14,2,20,18,47,47,16,16,10,0,1
match-a199fcd4-3675,solidaritaet_ueberleben,standard,1,0,1,14,0,20,18,61,35,17,14,8,0,0
match-001cd088-3676,rudeljaeger,standard,0,0,0,9,-4,14,10,29,12,9,2,4,0,2
match-001cd088-3676,solidaritaet_ueberleben,standard,1,1,1,9,6,14,7,27,9,7,5,14,0,0
match-796a2145-3677,rudeljaeger,standard,0,,0,16,0,20,13,41,85,11,7,7,0,0
match-796a2145-3677,solidaritaet_ueberleben,standard,1,,1,16,0,21,13,51,69,12,8,7,0,0
match-0d820f0d-3678,rudeljaeger,standard,0,1,0,6,6,9,7,20,1,7,4,12,0,0
match-0d820f0d-3678,solidaritaet_ueberleben,standard,1,0,1,6,-2,12,6,21,0,6,4,4,0,0
match-86cf7fca-3679,rudeljaeger,standard,0,1,0,10,10,15,12,38,11,12,8,12,0,0
match-86cf7fca-3679,solidaritaet_ueberleben,standard,1,0,1,10,-2,15,10,31,14,10,9,0,0,0
match-e552537d-3680,rudeljaeger,standard,0,0,0,7,-1,10,9,23,3,7,3,4,0,0
match-e552537d-3680,solidaritaet_ueberleben,standard,1,1,1,7,6,11,7,27,0,7,3,11,0,0
match-5e9fa43b-3681,rudeljaeger,standard,0,0,0,9,0,13,12,33,8,12,3,8,0,0
match-5e9fa43b-3681,solidaritaet_ueberleben,standard,1,1,1,9,2,14,8,29,12,8,10,10,0,0
match-f2b79202-3682,rudeljaeger,standard,0,0,0,9,-1,12,12,27,11,10,6,6,0,0
match-f2b79202-3682,solidaritaet_ueberleben,standard,1,1,1,9,4,15,10,29,12,10,9,11,0,0
match-6c04e2c0-3683,rudeljaeger,standard,0,1,0,5,7,10,6,13,2,6,3,11,0,0
match-6c04e2c0-3683,solidaritaet_ueberleben,standard,1,0,1,5,-1,8,7,15,0,7,1,3,0,0
match-ca87d673-3684,rudeljaeger,standard,0,0,0,10,-3,14,12,29,16,11,5,9,0,1
match-ca87d673-3684,solidaritaet_ueberleben,standard,1,1,1,10,1,15,9,36,13,8,7,13,0,0
match-43d52731-3685,rudeljaeger,standard,0,1,0,5,9,8,7,14,0,7,1,10,0,0
match-43d52731-3685,solidaritaet_ueberleben,standard,1,0,1,5,0,10,4,14,1,3,3,1,0,0
match-d7ed14f8-3686,rudeljaeger,standard,0,0,0,8,-1,13,11,27,5,9,6,6,0,0
match-d7ed14f8-3686,solidaritaet_ueberleben,standard,1,1,1,8,4,14,8,32,1,8,7,11,0,0
match-513a65b6-3687,rudeljaeger,standard,0,1,0,11,3,16,10,33,22,9,12,12,0,0
match-513a65b6-3687,solidaritaet_ueberleben,standard,1,0,1,11,-2,17,14,42,18,13,4,7,0,0
match-afbd5969-3688,rudeljaeger,standard,0,1,0,7,2,10,10,24,2,8,4,11,0,0
match-afbd5969-3688,solidaritaet_ueberleben,standard,1,0,1,7,-1,13,6,25,2,6,6,8,0,0
match-290aaa27-3689,rudeljaeger,standard,0,,0,16,-1,22,16,49,75,14,12,8,0,2
match-290aaa27-3689,solidaritaet_ueberleben,standard,1,,1,16,-1,21,16,59,71,15,9,8,1,0
match-bd2297ee-3690,rudeljaeger,standard,0,0,0,12,-1,18,14,41,30,12,13,4,0,0
match-bd2297ee-3690,solidaritaet_ueberleben,standard,1,1,1,12,6,18,16,52,16,15,11,11,0,0
match-366fe8ac-3691,rudeljaeger,standard,0,0,0,12,-1,18,11,31,35,9,8,6,0,0
match-366fe8ac-3691,solidaritaet_ueberleben,standard,1,1,1,12,4,17,11,39,27,10,5,11,0,0
match-94f2dc5f-3692,rudeljaeger,standard,0,1,0,8,8,11,6,17,11,6,9,12,0,0
match-94f2dc5f-3692,solidaritaet_ueberleben,standard,1,0,1,8,-2,13,12,30,2,11,1,2,0,0
match-0e402d1d-3693,rudeljaeger,standard,0,1,0,14,1,18,16,48,43,14,16,10,0,1
match-0e402d1d-3693,solidaritaet_ueberleben,standard,1,0,1,14,0,19,17,60,35,16,10,9,0,0
match-a2581ae4-3694,rudeljaeger,standard,0,0,0,10,0,14,11,34,14,10,6,8,0,0
match-a2581ae4-3694,solidaritaet_ueberleben,standard,1,1,1,10,2,16,11,43,7,10,6,10,0,0
match-1ba56ba2-3695,rudeljaeger,standard,0,1,0,5,2,8,4,14,1,4,3,11,0,0
match-1ba56ba2-3695,solidaritaet_ueberleben,standard,1,0,1,5,-1,10,5,14,1,5,1,8,0,0
match-7a285f55-3696,rudeljaeger,standard,0,1,0,15,1,19,18,51,58,16,15,9,0,3
match-7a285f55-3696,solidaritaet_ueberleben,standard,1,0,1,15,0,20,18,62,47,17,14,8,0,0
match-f375b012-3697,rudeljaeger,standard,0,,0,17,-2,21,20,56,80,18,16,5,0,1
match-f375b012-3697,solidaritaet_ueberleben,standard,1,,1,17,-1,23,19,65,71,18,18,6,0,0
match-878d9dda-3698,rudeljaeger,standard,0,0,0,8,-5,12,11,25,7,10,4,5,0,0
match-878d9dda-3698,solidaritaet_ueberleben,standard,1,1,1,8,5,14,8,31,3,8,10,15,0,0
match-00daee98-3699,rudeljaeger,standard,0,0,0,9,-5,13,11,29,15,9,4,9,0,0
match-00daee98-3699,solidaritaet_ueberleben,standard,1,1,1,9,1,14,9,33,7,9,4,15,0,0
match-5f5dc24b-3700,rudeljaeger,standard,0,0,0,16,-1,20,20,56,67,18,12,3,0,3
match-5f5dc24b-3700,solidaritaet_ueberleben,standard,1,1,1,16,4,22,15,58,68,14,15,8,0,0
match-d8ab3308-3701,rudeljaeger,standard,0,0,0,14,-2,18,18,47,45,16,11,4,0,0
match-d8ab3308-3701,solidaritaet_ueberleben,standard,1,1,1,14,6,20,13,48,43,13,16,12,0,0
match-6cc300d0-3702,rudeljaeger,standard,0,1,0,7,4,12,10,24,1,9,4,11,0,0
match-6cc300d0-3702,solidaritaet_ueberleben,standard,1,0,1,7,-1,11,7,23,1,7,7,6,0,0
match-e610718d-3703,rudeljaeger,standard,0,0,0,8,0,12,9,29,1,8,3,5,0,3
match-e610718d-3703,solidaritaet_ueberleben,standard,1,1,1,8,5,13,8,33,1,8,4,10,0,0
match-44934541-3704,rudeljaeger,standard,0,0,0,7,0,11,10,25,2,9,3,8,0,0
match-44934541-3704,solidaritaet_ueberleben,standard,1,1,1,7,2,12,7,27,1,7,5,10,0,0
match-bde0b5fe-3705,rudeljaeger,standard,0,0,0,15,0,20,17,50,55,15,13,9,0,0
match-bde0b5fe-3705,solidaritaet_ueberleben,standard,1,1,1,15,1,21,16,57,52,15,11,10,0,0
match-51f883c6-3706,rudeljaeger,standard,0,0,0,11,-4,17,15,40,19,13,5,8,0,1
match-51f883c6-3706,solidaritaet_ueberleben,standard,1,1,1,11,2,16,10,38,17,9,11,14,0,0
match-cb45f483-3707,rudeljaeger,standard,0,0,0,9,-2,13,10,33,11,9,4,7,0,3
match-cb45f483-3707,solidaritaet_ueberleben,standard,1,1,1,9,3,15,8,32,10,8,4,12,0,0
match-29c8c837-3708,rudeljaeger,standard,0,0,0,14,0,18,15,38,53,13,7,4,0,0
match-29c8c837-3708,solidaritaet_ueberleben,standard,1,1,1,14,6,19,11,41,50,11,10,10,0,0
match-a31638f4-3709,rudeljaeger,standard,0,0,0,8,-1,12,9,26,4,8,5,3,0,0
match-a31638f4-3709,solidaritaet_ueberleben,standard,1,1,1,8,7,13,9,30,2,9,3,11,0,0
match-372e06bc-3710,rudeljaeger,standard,0,1,0,15,3,21,16,48,59,14,8,9,0,0
match-372e06bc-3710,solidaritaet_ueberleben,standard,1,0,1,15,0,19,12,41,64,11,12,6,0,0
match-b07b7779-3711,rudeljaeger,standard,0,0,0,11,-3,16,11,39,20,9,11,8,0,2
match-b07b7779-3711,solidaritaet_ueberleben,standard,1,1,1,11,2,17,14,49,10,13,6,13,1,0
match-0efe4b2d-3712,rudeljaeger,standard,0,0,0,9,0,13,12,35,9,11,4,5,0,1
match-0efe4b2d-3712,solidaritaet_ueberleben,standard,1,1,1,9,5,16,9,28,8,8,6,10,0,0
match-884bbbea-3713,rudeljaeger,standard,0,1,0,5,2,8,6,15,0,6,2,10,0,0
match-884bbbea-3713,solidaritaet_ueberleben,standard,1,0,1,5,0,9,6,13,2,6,3,8,0,0
match-1c6389b2-3714,rudeljaeger,standard,0,0,0,7,0,11,10,21,3,8,3,6,0,0
match-1c6389b2-3714,solidaritaet_ueberleben,standard,1,1,1,7,4,12,8,28,0,8,7,10,0,0
match-95b0fa6f-3715,rudeljaeger,standard,0,1,0,6,9,11,6,18,3,5,2,10,0,0
match-95b0fa6f-3715,solidaritaet_ueberleben,standard,1,0,1,6,0,10,5,19,2,5,1,1,0,0
match-f433ce22-3716,rudeljaeger,standard,0,,0,15,0,21,19,51,56,17,14,9,0,0
match-f433ce22-3716,solidaritaet_ueberleben,standard,1,,1,15,0,20,17,54,63,16,15,9,0,0
match-6d813ee0-3717,rudeljaeger,standard,0,0,0,9,0,13,8,28,11,8,3,6,0,0
match-6d813ee0-3717,solidaritaet_ueberleben,standard,1,1,1,9,4,13,9,29,10,8,4,10,0,0
match-01990ca8-3718,rudeljaeger,standard,0,0,0,12,-2,16,15,39,33,13,7,5,0,1
match-01990ca8-3718,solidaritaet_ueberleben,standard,1,1,1,12,5,17,11,43,23,11,10,12,0,0
match-7ae67d65-3719,rudeljaeger,standard,0,0,0,8,-2,13,11,27,5,11,3,6,0,1
match-7ae67d65-3719,solidaritaet_ueberleben,standard,1,1,1,8,4,12,9,31,3,8,7,12,0,0
match-d9695118-3720,rudeljaeger,standard,0,0,0,15,-3,19,18,48,59,16,16,9,0,0
match-d9695118-3720,solidaritaet_ueberleben,standard,1,1,1,15,1,22,19,67,43,18,12,13,0,0
match-52b6a1d6-3721,rudeljaeger,standard,0,0,0,8,-4,12,11,32,3,10,3,4,0,1
match-52b6a1d6-3721,solidaritaet_ueberleben,standard,1,1,1,8,6,13,8,32,2,8,7,14,0,0
match-e6ce8f9d-3722,rudeljaeger,standard,0,0,0,9,-2,14,10,28,11,9,4,9,0,1
match-e6ce8f9d-3722,solidaritaet_ueberleben,standard,1,1,1,9,1,13,9,33,6,8,6,12,0,0
match-601be05b-3723,rudeljaeger,standard,0,0,0,9,-4,13,12,28,10,10,2,4,0,1
match-601be05b-3723,solidaritaet_ueberleben,standard,1,1,1,9,6,16,8,32,4,7,10,14,0,0
match-be9ed40e-3724,rudeljaeger,standard,0,1,0,9,4,14,13,32,7,12,5,11,0,1
match-be9ed40e-3724,solidaritaet_ueberleben,standard,1,0,1,9,-1,13,8,27,9,7,9,6,0,0
match-37ec24cc-3725,rudeljaeger,standard,0,1,0,8,4,12,11,25,8,9,10,13,0,0
match-37ec24cc-3725,solidaritaet_ueberleben,standard,1,0,1,8,-3,13,11,25,5,11,6,6,0,0
match-cc041293-3726,rudeljaeger,standard,0,0,0,15,-2,19,18,50,55,16,18,5,0,0
match-cc041293-3726,solidaritaet_ueberleben,standard,1,1,1,15,5,21,19,63,47,18,14,12,0,0
match-45516351-3727,rudeljaeger,standard,0,0,0,8,-2,12,11,28,2,9,5,9,0,0
match-45516351-3727,solidaritaet_ueberleben,standard,1,1,1,8,1,15,8,30,2,7,5,12,0,0
match-a3d45704-3728,rudeljaeger,standard,0,1,0,13,5,18,16,39,41,15,13,11,0,0
match-a3d45704-3728,solidaritaet_ueberleben,standard,1,0,1,13,-1,18,16,57,25,15,12,5,0,0
match-1d21a7c2-3729,rudeljaeger,standard,0,1,0,5,6,8,6,14,1,6,2,11,0,0
match-1d21a7c2-3729,solidaritaet_ueberleben,standard,1,0,1,5,-1,11,4,13,1,4,4,4,0,0
match-b1399589-3730,rudeljaeger,standard,0,0,0,13,-3,18,15,44,39,13,15,9,0,1
match-b1399589-3730,solidaritaet_ueberleben,standard,1,1,1,13,1,19,17,56,29,16,8,13,0,0
match-2a86e647-3731,rudeljaeger,standard,0,1,0,6,6,10,6,20,1,6,2,10,0,1
match-2a86e647-3731,solidaritaet_ueberleben,standard,1,0,1,6,0,11,5,20,1,5,4,4,0,0
match-8909d9fa-3732,rudeljaeger,standard,0,0,0,6,-1,9,8,19,1,8,2,6,0,0
match-8909d9fa-3732,solidaritaet_ueberleben,standard,1,1,1,6,4,9,6,17,0,6,7,11,0,0
match-02572ab8-3733,rudeljaeger,standard,0,0,0,13,-3,16,15,38,40,14,10,4,0,0
match-02572ab8-3733,solidaritaet_ueberleben,standard,1,1,1,13,6,20,14,51,30,14,11,13,0,0
match-966f187f-3734,rudeljaeger,standard,0,1,0,17,3,22,16,45,91,14,13,10,0,0
match-966f187f-3734,solidaritaet_ueberleben,standard,1,0,1,17,-3,23,17,63,75,16,11,4,0,0
match-0fbc693d-3735,rudeljaeger,standard,0,0,0,10,-1,14,9,27,23,8,5,6,0,1
match-0fbc693d-3735,solidaritaet_ueberleben,standard,1,1,1,10,4,16,10,35,10,9,4,11,0,0
match-6e3f5cf0-3736,rudeljaeger,standard,0,1,0,13,1,17,16,48,32,14,13,11,0,0
match-6e3f5cf0-3736,solidaritaet_ueberleben,standard,1,0,1,13,-1,18,15,46,39,15,12,9,0,0
match-e78cadad-3737,rudeljaeger,standard,0,1,0,6,9,13,8,18,0,6,3,12,0,1
match-e78cadad-3737,solidaritaet_ueberleben,standard,1,0,1,6,-2,10,7,20,1,7,2,1,0,0
match-7ba49b75-3738,rudeljaeger,standard,0,0,0,8,-2,11,8,22,11,7,4,9,0,0
match-7ba49b75-3738,solidaritaet_ueberleben,standard,1,1,1,8,1,13,7,28,3,6,3,12,0,0
match-f4f1ec32-3739,rudeljaeger,standard,0,1,0,4,8,7,3,9,1,3,2,10,0,0
match-f4f1ec32-3739,solidaritaet_ueberleben,standard,1,0,1,4,0,8,5,10,0,5,1,2,0,0
match-5374dfe6-3740,rudeljaeger,standard,0,1,0,10,4,13,13,34,13,12,11,10,0,0
match-5374dfe6-3740,solidaritaet_ueberleben,standard,1,0,1,10,0,16,13,38,12,12,8,6,0,0
match-ccc230a3-3741,rudeljaeger,standard,0,0,0,9,0,15,11,34,4,9,7,3,0,2
match-ccc230a3-3741,solidaritaet_ueberleben,standard,1,1,1,9,7,13,11,37,6,11,4,10,0,0
match-60da1e6b-3742,rudeljaeger,standard,0,1,0,6,4,10,8,18,3,7,3,10,0,0
match-60da1e6b-3742,solidaritaet_ueberleben,standard,1,0,1,6,0,13,6,21,0,5,5,6,0,0
match-da276f28-3743,rudeljaeger,standard,0,,0,15,0,19,17,51,56,15,17,9,0,2
match-da276f28-3743,solidaritaet_ueberleben,standard,1,,1,15,0,19,18,63,47,17,11,9,0,0
match-38aa42dc-3744,rudeljaeger,standard,0,0,0,10,-1,14,13,35,14,11,8,3,0,0
match-38aa42dc-3744,solidaritaet_ueberleben,standard,1,1,1,10,7,14,10,35,13,10,9,11,0,0
match-b1f7b399-3745,rudeljaeger,standard,0,0,0,8,0,12,9,26,4,8,3,6,0,0
match-b1f7b399-3745,solidaritaet_ueberleben,standard,1,1,1,8,4,14,8,32,2,7,6,10,0,0
match-460f8161-3746,rudeljaeger,standard,0,1,0,7,6,11,7,22,2,7,4,10,0,0
match-460f8161-3746,solidaritaet_ueberleben,standard,1,0,1,7,0,12,6,25,2,6,3,4,0,0
match-bf5cf21e-3747,rudeljaeger,standard,0,0,0,16,0,21,20,56,65,18,14,5,0,0
match-bf5cf21e-3747,solidaritaet_ueberleben,standard,1,1,1,16,4,21,18,64,62,17,15,9,0,0
match-1ddfc5d2-3748,rudeljaeger,standard,0,0,0,10,0,14,12,33,17,11,5,7,0,0
match-1ddfc5d2-3748,solidaritaet_ueberleben,standard,1,1,1,10,3,14,9,33,12,9,7,10,0,0
match-972d368f-3749,rudeljaeger,standard,0,0,0,14,-2,19,18,49,43,16,10,5,0,1
match-972d368f-3749,solidaritaet_ueberleben,standard,1,1,1,14,5,21,13,47,49,13,13,12,0,0
match-2b450457-3750,rudeljaeger,standard,0,1,0,7,4,12,7,21,3,6,5,12,0,0
match-2b450457-3750,solidaritaet_ueberleben,standard,1,0,1,7,-2,12,8,25,2,8,4,6,0,0
match-a4927514-3751,rudeljaeger,standard,0,0,0,8,0,14,12,27,4,11,4,7,0,1
match-a4927514-3751,solidaritaet_ueberleben,standard,1,1,1,8,3,12,9,32,2,8,8,10,0,0
match-031548c8-3752,rudeljaeger,standard,0,1,0,9,5,13,10,25,13,9,9,10,0,0
match-031548c8-3752,solidaritaet_ueberleben,standard,1,0,1,9,0,14,11,32,10,10,6,5,2,0
match-7c62b985-3753,rudeljaeger,standard,0,0,0,12,-3,16,14,29,37,12,8,4,0,0
match-7c62b985-3753,solidaritaet_ueberleben,standard,1,1,1,12,6,16,13,49,17,12,7,13,0,0
match-107a874d-3754,rudeljaeger,standard,0,0,0,8,-2,15,11,33,1,10,5,9,0,1
match-107a874d-3754,solidaritaet_ueberleben,standard,1,1,1,8,1,14,8,30,2,7,6,12,0,0
match-89c7f80a-3755,rudeljaeger,standard,0,1,0,4,10,8,5,9,1,5,1,10,0,0
match-89c7f80a-3755,solidaritaet_ueberleben,standard,1,0,1,4,0,7,3,9,1,3,1,0,0,0
match-35aac937-3756,rudeljaeger,standard,0,0,0,16,0,21,20,56,68,18,17,6,0,1
match-35aac937-3756,solidaritaet_ueberleben,standard,1,1,1,16,1,22,20,68,58,19,15,7,0,0
match-aef839f4-3757,rudeljaeger,standard,0,1,0,7,4,13,10,23,4,9,4,12,0,0
match-aef839f4-3757,solidaritaet_ueberleben,standard,1,0,1,7,-2,10,7,25,2,7,6,6,0,0
match-431007bc-3758,rudeljaeger,standard,0,1,0,9,8,13,10,32,4,8,11,10,0,0
match-431007bc-3758,solidaritaet_ueberleben,standard,1,0,1,9,0,14,12,34,5,11,4,2,0,0
match-bc5d7879-3759,rudeljaeger,standard,0,0,0,8,0,13,10,29,4,8,8,8,0,2
match-bc5d7879-3759,solidaritaet_ueberleben,standard,1,1,1,8,2,13,9,31,2,9,5,10,0,0
match-1ae04c2d-3760,rudeljaeger,standard,0,1,0,8,6,14,9,28,5,8,6,11,0,0
match-1ae04c2d-3760,solidaritaet_ueberleben,standard,1,0,1,8,-1,14,9,32,3,9,3,4,0,0
match-942dbcea-3761,rudeljaeger,standard,0,0,0,10,-1,15,13,36,13,11,9,9,0,1
match-942dbcea-3761,solidaritaet_ueberleben,standard,1,1,1,10,1,13,13,44,10,12,6,11,1,0
match-28458ab2-3762,rudeljaeger,standard,0,0,0,7,-1,10,10,23,3,8,2,6,0,0
match-28458ab2-3762,solidaritaet_ueberleben,standard,1,1,1,7,4,12,7,27,1,7,6,11,0,0
match-a192fb6f-3763,rudeljaeger,standard,0,0,0,13,-1,17,15,43,39,13,12,7,0,0
match-a192fb6f-3763,solidaritaet_ueberleben,standard,1,1,1,13,3,19,17,55,30,16,9,11,0,0
match-0015cf23-3764,rudeljaeger,standard,0,1,0,6,4,9,8,18,2,8,2,10,0,0
match-0015cf23-3764,solidaritaet_ueberleben,standard,1,0,1,6,0,9,5,18,3,5,4,6,0,0
match-79633fe0-3765,rudeljaeger,standard,0,0,0,15,-1,21,19,52,56,17,13,5,0,1
match-79633fe0-3765,solidaritaet_ueberleben,standard,1,1,1,15,5,19,16,55,53,16,16,11,0,0
match-0d7b0da8-3766,rudeljaeger,standard,0,1,0,6,10,11,7,21,0,7,6,10,0,0
match-0d7b0da8-3766,solidaritaet_ueberleben,standard,1,0,1,6,0,11,7,21,0,7,3,0,0,0
match-86c87e65-3767,rudeljaeger,standard,0,1,0,6,3,10,8,18,2,7,3,11,0,0
match-86c87e65-3767,solidaritaet_ueberleben,standard,1,0,1,6,-1,12,6,19,2,6,3,7,0,0
match-e54b5218-3768,rudeljaeger,standard,0,0,0,9,-3,13,12,29,11,11,4,9,0,0
match-e54b5218-3768,solidaritaet_ueberleben,standard,1,1,1,9,1,15,9,38,6,8,8,13,0,0
match-5e98a2d6-3769,rudeljaeger,standard,0,1,0,5,10,8,6,12,0,5,5,11,0,0
match-5e98a2d6-3769,solidaritaet_ueberleben,standard,1,0,1,5,-1,11,5,15,0,5,1,0,0,0
match-f2b0909d-3770,rudeljaeger,standard,0,0,0,12,-5,15,14,40,30,12,6,3,0,1
match-f2b0909d-3770,solidaritaet_ueberleben,standard,1,1,1,12,7,17,11,40,31,10,9,15,0,0
match-6bfde15b-3771,rudeljaeger,standard,0,0,0,12,0,19,16,41,28,15,7,4,0,1
match-6bfde15b-3771,solidaritaet_ueberleben,standard,1,1,1,12,6,16,12,43,23,11,14,10,0,0
match-ca80d50e-3772,rudeljaeger,standard,0,0,0,14,-2,20,17,49,42,16,10,7,0,0
match-ca80d50e-3772,solidaritaet_ueberleben,standard,1,1,1,14,3,20,15,58,33,14,12,12,0,0
match-43ce25cc-3773,rudeljaeger,standard,0,0,0,9,-2,13,12,30,9,11,7,8,0,0
match-43ce25cc-3773,solidaritaet_ueberleben,standard,1,1,1,9,2,13,10,36,6,9,8,12,0,0
match-d7e61393-3774,rudeljaeger,standard,0,0,0,13,-2,17,17,44,36,15,13,7,0,0
match-d7e61393-3774,solidaritaet_ueberleben,standard,1,1,1,13,3,18,15,53,31,15,11,12,0,0
match-51336451-3775,rudeljaeger,standard,0,1,0,5,10,9,4,13,2,4,1,10,0,0
match-51336451-3775,solidaritaet_ueberleben,standard,1,0,1,5,0,10,5,14,1,5,1,0,0,0
match-afb65804-3776,rudeljaeger,standard,0,0,0,9,-2,13,9,29,9,8,7,5,0,0
match-afb65804-3776,solidaritaet_ueberleben,standard,1,1,1,9,5,14,10,34,2,10,5,12,1,0
match-2903a8c2-3777,rudeljaeger,standard,0,0,0,8,-3,12,11,29,2,9,3,9,0,0
match-2903a8c2-3777,solidaritaet_ueberleben,standard,1,1,1,8,1,13,6,25,3,6,9,13,0,0
match-bd1b9689-3778,rudeljaeger,standard,0,0,0,11,-2,15,15,41,20,13,6,9,0,3
match-bd1b9689-3778,solidaritaet_ueberleben,standard,1,1,1,11,1,15,10,40,20,9,9,12,0,0
match-3668e747-3779,rudeljaeger,standard,0,1,0,6,7,10,7,20,0,7,1,11,0,1
match-3668e747-3779,solidaritaet_ueberleben,standard,1,0,1,6,-1,9,5,19,2,5,4,3,0,0
match-94ebdafa-3780,rudeljaeger,standard,0,0,0,14,-1,17,15,43,51,13,6,8,0,0
match-94ebdafa-3780,solidaritaet_ueberleben,standard,1,1,1,14,2,18,11,37,54,10,9,11,0,0
match-0e392bb8-3781,rudeljaeger,standard,0,0,0,8,-2,13,8,28,3,8,2,6,0,0
match-0e392bb8-3781,solidaritaet_ueberleben,standard,1,1,1,8,4,13,7,31,3,6,3,12,0,0
match-a251197f-3782,rudeljaeger,standard,0,0,0,16,0,21,18,53,72,16,12,5,0,0
match-a251197f-3782,solidaritaet_ueberleben,standard,1,1,1,16,2,20,15,52,68,14,13,7,0,0
match-1b9e6a3d-3783,rudeljaeger,standard,0,1,0,6,10,12,8,19,0,7,0,10,0,0
match-1b9e6a3d-3783,solidaritaet_ueberleben,standard,1,0,1,6,0,10,4,18,3,4,3,0,0,0
match-7a215df0-3784,rudeljaeger,standard,0,1,0,16,2,22,19,55,71,17,17,7,0,2
match-7a215df0-3784,solidaritaet_ueberleben,standard,1,0,1,16,0,22,20,68,61,19,13,5,0,0
match-f36eaead-3785,rudeljaeger,standard,0,0,0,11,-4,15,14,39,18,13,6,8,0,0
match-f36eaead-3785,solidaritaet_ueberleben,standard,1,1,1,11,2,16,10,38,20,10,10,14,0,0
match-87869c75-3786,rudeljaeger,standard,0,0,0,8,-2,12,10,24,5,9,6,7,0,0
match-87869c75-3786,solidaritaet_ueberleben,standard,1,1,1,8,3,12,9,33,1,9,5,12,0,0
match-00d3ed33-3787,rudeljaeger,standard,0,1,0,5,4,9,7,14,1,7,3,11,0,0
match-00d3ed33-3787,solidaritaet_ueberleben,standard,1,0,1,5,-1,10,5,14,1,5,4,6,0,0
match-5f56c0e6-3788,rudeljaeger,standard,0,1,0,12,7,16,16,44,24,15,15,13,0,0
match-5f56c0e6-3788,solidaritaet_ueberleben,standard,1,0,1,12,-3,19,16,45,22,15,13,3,0,0
match-d8a431a3-3789,rudeljaeger,standard,0,0,0,8,-1,12,12,32,2,10,3,8,0,1
match-d8a431a3-3789,solidaritaet_ueberleben,standard,1,1,1,8,2,13,8,28,6,7,7,11,0,0
match-6cbc1f6b-3790,rudeljaeger,standard,0,0,0,9,0,14,9,25,15,8,7,9,0,0
match-6cbc1f6b-3790,solidaritaet_ueberleben,standard,1,1,1,9,1,14,10,36,6,10,3,10,0,0
match-e6097028-3791,rudeljaeger,standard,0,0,0,9,-2,13,12,34,5,11,6,6,0,1
match-e6097028-3791,solidaritaet_ueberleben,standard,1,1,1,9,4,14,9,31,10,9,7,12,2,0
match-448c43dc-3792,rudeljaeger,standard,0,0,0,10,-3,14,13,34,16,13,4,6,0,3
match-448c43dc-3792,solidaritaet_ueberleben,standard,1,1,1,10,4,15,9,38,12,9,9,13,0,0
match-bdd9b499-3793,rudeljaeger,standard,0,1,0,15,1,21,18,53,56,16,18,9,0,2
match-bdd9b499-3793,solidaritaet_ueberleben,standard,1,0,1,15,0,19,19,63,43,18,12,8,0,0
match-51f18261-3794,rudeljaeger,standard,0,0,0,7,-2,11,8,27,1,7,2,9,0,0
match-51f18261-3794,solidaritaet_ueberleben,standard,1,1,1,7,1,10,7,26,1,7,4,12,0,0
match-cb3ef31e-3795,rudeljaeger,standard,0,1,0,5,10,8,6,15,0,6,1,10,0,0
match-cb3ef31e-3795,solidaritaet_ueberleben,standard,1,0,1,5,0,9,5,14,1,5,2,0,0,0
match-29c1c6d2-3796,rudeljaeger,standard,0,0,0,14,-2,20,17,45,48,15,11,6,0,1
match-29c1c6d2-3796,solidaritaet_ueberleben,standard,1,1,1,14,4,19,14,46,49,13,13,12,0,0
match-a30f378f-3797,rudeljaeger,standard,0,1,0,8,9,12,10,29,4,9,5,11,0,0
match-a30f378f-3797,solidaritaet_ueberleben,standard,1,0,1,8,-1,13,10,31,5,9,4,1,0,0
match-37270557-3798,rudeljaeger,standard,0,0,0,9,-1,15,13,34,8,11,5,5,0,1
match-37270557-3798,solidaritaet_ueberleben,standard,1,1,1,9,5,14,11,36,3,10,7,11,0,0
match-b0747614-3799,rudeljaeger,standard,0,0,0,15,0,20,16,44,65,15,12,7,0,0
match-b0747614-3799,solidaritaet_ueberleben,standard,1,1,1,15,2,22,15,57,48,14,13,9,0,0
match-0ef749c8-3800,rudeljaeger,standard,0,1,0,16,2,21,20,56,68,18,15,8,0,0
match-0ef749c8-3800,solidaritaet_ueberleben,standard,1,0,1,16,-1,22,18,65,61,17,17,5,4,0
match-8844ba85-3801,rudeljaeger,standard,0,0,0,10,0,14,13,40,13,12,7,7,0,0
match-8844ba85-3801,solidaritaet_ueberleben,standard,1,1,1,10,3,14,11,37,8,10,9,10,0,0
match-1c5c884d-3802,rudeljaeger,standard,0,1,0,15,3,19,18,51,58,16,17,9,0,5
match-1c5c884d-3802,solidaritaet_ueberleben,standard,1,0,1,15,0,22,19,63,49,18,13,6,1,0
match-95a9f90a-3803,rudeljaeger,standard,0,1,0,4,10,8,5,10,0,5,3,11,0,0
match-95a9f90a-3803,solidaritaet_ueberleben,standard,1,0,1,4,-1,9,3,9,1,2,1,0,0,0
match-f42cccbd-3804,rudeljaeger,standard,0,0,0,10,0,16,13,39,8,12,7,5,0,1
match-f42cccbd-3804,solidaritaet_ueberleben,standard,1,1,1,10,5,15,9,31,18,8,7,10,0,0
match-6d7a3d7b-3805,rudeljaeger,standard,0,0,0,14,-3,19,16,42,54,14,16,6,0,0
match-6d7a3d7b-3805,solidaritaet_ueberleben,standard,1,1,1,14,4,20,18,60,34,17,10,13,0,0
match-01920b43-3806,rudeljaeger,standard,0,0,0,17,-4,21,16,46,91,14,11,4,0,0
match-01920b43-3806,solidaritaet_ueberleben,standard,1,1,1,17,3,23,14,57,79,13,11,11,0,0
match-7adf7c00-3807,rudeljaeger,standard,0,1,0,7,5,12,9,18,5,9,4,12,0,0
match-7adf7c00-3807,solidaritaet_ueberleben,standard,1,0,1,7,-2,11,8,26,1,8,5,5,0,0
match-d9624fb3-3808,rudeljaeger,standard,0,1,0,6,4,11,7,19,1,6,1,10,0,1
match-d9624fb3-3808,solidaritaet_ueberleben,standard,1,0,1,6,0,11,6,18,2,5,2,6,0,0
match-52afa071-3809,rudeljaeger,standard,0,0,0,15,0,20,17,49,56,15,10,8,0,1
match-52afa071-3809,solidaritaet_ueberleben,standard,1,1,1,15,2,22,15,57,48,14,11,10,0,0
match-e6c78e38-3810,rudeljaeger,standard,0,0,0,14,-2,18,18,49,45,16,14,5,0,3
match-e6c78e38-3810,solidaritaet_ueberleben,standard,1,1,1,14,5,18,18,62,32,17,13,12,0,0
match-6014fef6-3811,rudeljaeger,standard,0,0,0,14,-5,19,18,51,44,16,8,6,0,0
match-6014fef6-3811,solidaritaet_ueberleben,standard,1,1,1,14,4,18,12,46,45,12,14,15,0,0
match-be97d2a9-3812,rudeljaeger,standard,0,0,0,9,-2,14,10,29,13,9,6,2,0,0
match-be97d2a9-3812,solidaritaet_ueberleben,standard,1,1,1,9,8,14,10,36,5,9,7,12,0,0
match-37e52367-3813,rudeljaeger,standard,0,0,0,10,-3,17,14,38,11,13,6,7,0,0
match-37e52367-3813,solidaritaet_ueberleben,standard,1,1,1,10,3,16,10,35,15,9,8,13,0,0
match-cbfd112e-3814,rudeljaeger,standard,0,0,0,11,-3,15,14,37,20,13,9,9,0,1
match-cbfd112e-3814,solidaritaet_ueberleben,standard,1,1,1,11,1,15,13,49,12,12,10,13,0,0
match-454a61ec-3815,rudeljaeger,standard,0,0,0,11,-2,14,14,38,22,13,7,9,0,0
match-454a61ec-3815,solidaritaet_ueberleben,standard,1,1,1,11,1,15,12,48,14,11,12,12,0,0
match-a3cd559f-3816,rudeljaeger,standard,0,0,0,12,0,18,16,42,25,14,7,5,0,0
match-a3cd559f-3816,solidaritaet_ueberleben,standard,1,1,1,12,5,17,12,45,21,11,13,10,0,0
match-1d1aa65d-3817,rudeljaeger,standard,0,1,0,5,9,9,6,13,2,5,3,10,0,0
match-1d1aa65d-3817,solidaritaet_ueberleben,standard,1,0,1,5,0,10,5,12,3,5,2,1,0,0
match-b1329424-3818,rudeljaeger,standard,0,1,0,7,5,13,7,21,0,7,10,11,0,0
match-b1329424-3818,solidaritaet_ueberleben,standard,1,0,1,7,-1,11,10,27,0,10,3,5,0,0
match-2a7fe4e2-3819,rudeljaeger,standard,0,1,0,12,3,18,16,46,26,14,14,10,0,0
match-2a7fe4e2-3819,solidaritaet_ueberleben,standard,1,0,1,12,0,19,15,51,17,15,11,7,0,0
match-8902d895-3820,rudeljaeger,standard,0,1,0,4,10,8,6,10,0,6,3,10,0,0
match-8902d895-3820,solidaritaet_ueberleben,standard,1,0,1,4,0,10,4,9,0,4,3,0,0,0
match-02502953-3821,rudeljaeger,standard,0,0,0,8,0,11,11,24,9,9,3,8,0,0
match-02502953-3821,solidaritaet_ueberleben,standard,1,1,1,8,2,12,8,25,5,7,4,10,0,0
match-9668171a-3822,rudeljaeger,standard,0,0,0,13,-2,18,15,38,42,13,14,3,0,0
match-9668171a-3822,solidaritaet_ueberleben,standard,1,1,1,13,7,19,17,57,25,16,9,12,0,0
match-0fb567d8-3823,rudeljaeger,standard,0,0,0,9,-3,12,9,30,10,7,4,2,0,1
match-0fb567d8-3823,solidaritaet_ueberleben,standard,1,1,1,9,8,13,9,36,6,9,3,13,0,0
match-6e385b8b-3824,rudeljaeger,standard,0,1,0,9,8,13,11,36,4,9,4,11,0,2
match-6e385b8b-3824,solidaritaet_ueberleben,standard,1,0,1,9,-1,14,7,26,12,7,4,2,0,0
match-e785ac48-3825,rudeljaeger,standard,0,1,0,7,10,12,7,18,3,6,4,11,0,0
match-e785ac48-3825,solidaritaet_ueberleben,standard,1,0,1,7,-1,12,9,27,1,8,2,0,0,0
match-7b9d9a10-3826,rudeljaeger,standard,0,0,0,11,-2,14,14,32,27,12,7,9,0,0
match-7b9d9a10-3826,solidaritaet_ueberleben,standard,1,1,1,11,1,18,11,37,18,10,10,12,0,0
match-f4eaeacd-3827,rudeljaeger,standard,0,1,0,8,1,13,11,28,4,10,8,12,0,0
match-f4eaeacd-3827,solidaritaet_ueberleben,standard,1,0,1,8,-2,13,8,28,4,8,5,9,0,0
match-536dde81-3828,rudeljaeger,standard,0,1,0,5,10,8,5,14,1,5,2,12,0,0
match-536dde81-3828,solidaritaet_ueberleben,standard,1,0,1,5,-2,10,4,13,2,4,1,0,0,0
match-ccbb2f3e-3829,rudeljaeger,standard,0,1,0,14,2,20,18,48,48,16,15,10,0,1
match-ccbb2f3e-3829,solidaritaet_ueberleben,standard,1,0,1,14,0,19,18,59,37,17,13,8,0,0
match-60d31d06-3830,rudeljaeger,standard,0,1,0,12,3,18,15,43,26,13,12,12,0,1
match-60d31d06-3830,solidaritaet_ueberleben,standard,1,0,1,12,-2,18,16,51,19,15,11,7,0,0
match-da206dc3-3831,rudeljaeger,standard,0,0,0,16,-1,19,19,52,73,17,16,5,0,0
match-da206dc3-3831,solidaritaet_ueberleben,standard,1,1,1,16,4,21,19,64,61,18,14,10,3,0
match-38a34177-3832,rudeljaeger,standard,0,1,0,16,7,22,18,53,70,16,17,8,0,0
match-38a34177-3832,solidaritaet_ueberleben,standard,1,0,1,16,-1,22,20,68,54,19,14,0,1,0
match-b1f0b234-3833,rudeljaeger,standard,0,0,0,7,0,12,9,24,2,9,1,8,0,0
match-b1f0b234-3833,solidaritaet_ueberleben,standard,1,1,1,7,2,14,6,18,3,6,6,10,0,0
match-46089ffc-3834,rudeljaeger,standard,0,0,0,8,-2,15,11,29,4,10,1,8,0,0
match-46089ffc-3834,solidaritaet_ueberleben,standard,1,1,1,8,2,11,7,25,7,6,9,12,0,0
match-bf55f0b9-3835,rudeljaeger,standard,0,0,0,10,-4,15,13,29,19,11,7,6,0,0
match-bf55f0b9-3835,solidaritaet_ueberleben,standard,1,1,1,10,4,17,13,37,8,12,8,14,1,0
match-1dd8c46d-3836,rudeljaeger,standard,0,1,0,4,10,8,5,9,0,5,1,10,0,0
match-1dd8c46d-3836,solidaritaet_ueberleben,standard,1,0,1,4,0,9,3,9,1,3,1,0,0,0
match-9726352a-3837,rudeljaeger,standard,0,1,0,12,4,17,15,37,30,13,13,10,0,1
match-9726352a-3837,solidaritaet_ueberleben,standard,1,0,1,12,0,18,14,44,28,14,9,6,0,0
match-2b3e02f2-3838,rudeljaeger,standard,0,0,0,8,-5,12,8,19,9,7,4,7,0,0
match-2b3e02f2-3838,solidaritaet_ueberleben,standard,1,1,1,8,3,13,8,27,1,7,2,15,0,0
match-a48b73af-3839,rudeljaeger,standard,0,0,0,10,-3,13,13,32,17,12,6,6,0,0
match-a48b73af-3839,solidaritaet_ueberleben,standard,1,1,1,10,4,15,11,40,10,10,9,13,0,0
match-030e4763-3840,rudeljaeger,standard,0,1,0,4,10,9,5,9,1,4,0,11,0,0
match-030e4763-3840,solidaritaet_ueberleben,standard,1,0,1,4,-1,9,2,6,3,2,1,0,0,0
match-7c5bb820-3841,rudeljaeger,standard,0,0,0,10,-2,15,12,35,13,11,7,9,0,2
match-7c5bb820-3841,solidaritaet_ueberleben,standard,1,1,1,10,1,13,11,40,15,11,7,12,0,0
match-107385e8-3842,rudeljaeger,standard,0,1,0,10,5,14,13,35,13,11,14,13,0,0
match-107385e8-3842,solidaritaet_ueberleben,standard,1,0,1,10,-3,17,14,39,8,13,7,5,0,0
match-89c0f6a5-3843,rudeljaeger,standard,0,0,0,9,-5,12,11,31,5,10,4,7,0,1
match-89c0f6a5-3843,solidaritaet_ueberleben,standard,1,1,1,9,3,16,7,29,11,7,6,15,0,0
match-e843ca58-3844,rudeljaeger,standard,0,1,0,5,10,9,6,13,1,6,4,12,0,0
match-e843ca58-3844,solidaritaet_ueberleben,standard,1,0,1,5,-2,11,6,14,1,6,3,0,0,0
match-61913b16-3845,rudeljaeger,standard,0,1,0,5,8,8,6,15,0,6,2,11,0,0
match-61913b16-3845,solidaritaet_ueberleben,standard,1,0,1,5,-1,10,4,13,2,4,3,2,0,0
match-f5a908dd-3846,rudeljaeger,standard,0,0,0,14,-4,18,16,48,46,14,14,4,0,2
match-f5a908dd-3846,solidaritaet_ueberleben,standard,1,1,1,14,6,18,17,57,38,16,10,14,0,0
match-6ef6799b-3847,rudeljaeger,standard,0,0,0,8,-4,11,11,30,1,9,4,6,0,1
match-6ef6799b-3847,solidaritaet_ueberleben,standard,1,1,1,8,4,13,7,26,8,7,5,14,0,0
match-cd794d4e-3848,rudeljaeger,standard,0,0,0,15,0,20,19,51,56,17,15,7,0,0
match-cd794d4e-3848,solidaritaet_ueberleben,standard,1,1,1,15,2,21,16,57,52,15,14,9,6,0
match-46c6be0c-3849,rudeljaeger,standard,0,0,0,9,-3,13,9,27,12,7,2,9,0,1
match-46c6be0c-3849,solidaritaet_ueberleben,standard,1,1,1,9,1,15,6,25,11,6,4,13,0,0
match-dade8bd3-3850,rudeljaeger,standard,0,0,0,12,-5,16,8,27,39,7,8,8,0,2
match-dade8bd3-3850,solidaritaet_ueberleben,standard,1,1,1,12,2,16,13,48,23,12,3,15,0,0
match-542bfc91-3851,rudeljaeger,standard,0,1,0,10,7,17,13,31,17,11,10,12,0,0
match-542bfc91-3851,solidaritaet_ueberleben,standard,1,0,1,10,-2,16,13,43,6,12,8,3,0,0
match-b2aed044-3852,rudeljaeger,standard,0,1,0,5,3,8,6,14,1,6,2,11,0,0
match-b2aed044-3852,solidaritaet_ueberleben,standard,1,0,1,5,-1,10,4,14,1,4,4,7,0,0
match-2bfc2102-3853,rudeljaeger,standard,0,1,0,5,10,9,5,15,0,5,3,11,0,0
match-2bfc2102-3853,solidaritaet_ueberleben,standard,1,0,1,5,-1,8,5,14,0,5,2,0,0,0
match-c0140ec9-3854,rudeljaeger,standard,0,0,0,15,0,18,15,44,65,13,11,7,0,2
match-c0140ec9-3854,solidaritaet_ueberleben,standard,1,1,1,15,3,20,14,56,52,14,8,10,0,0
match-39617f87-3855,rudeljaeger,standard,0,0,0,14,-1,21,18,51,42,16,14,6,0,3
match-39617f87-3855,solidaritaet_ueberleben,standard,1,1,1,14,4,19,18,61,36,17,16,11,1,0
match-97e4533a-3856,rudeljaeger,standard,0,1,0,6,7,10,8,18,0,6,1,12,0,0
match-97e4533a-3856,solidaritaet_ueberleben,standard,1,0,1,6,-2,12,5,20,1,5,2,3,0,0
match-1131a3f8-3857,rudeljaeger,standard,0,,0,16,0,21,16,49,72,14,12,7,0,2
match-1131a3f8-3857,solidaritaet_ueberleben,standard,1,,1,16,0,22,17,63,67,16,11,7,0,0
match-a54991bf-3858,rudeljaeger,standard,0,0,0,16,-2,21,20,56,69,18,16,7,0,2
match-a54991bf-3858,solidaritaet_ueberleben,standard,1,1,1,16,2,21,19,66,61,18,15,11,0,0
match-1e96e27d-3859,rudeljaeger,standard,0,0,0,11,0,15,14,43,16,13,10,6,0,2
match-1e96e27d-3859,solidaritaet_ueberleben,standard,1,1,1,11,4,15,14,46,11,14,11,10,0,0
match-7d19d630-3860,rudeljaeger,standard,0,1,0,10,6,14,13,36,13,12,13,10,0,0
match-7d19d630-3860,solidaritaet_ueberleben,standard,1,0,1,10,0,13,13,41,10,13,8,4,0,0
match-f66726ed-3861,rudeljaeger,standard,0,0,0,13,-1,17,12,34,46,12,11,8,0,0
match-f66726ed-3861,solidaritaet_ueberleben,standard,1,1,1,13,2,20,16,54,27,15,9,11,0,0
match-8a7f14b5-3862,rudeljaeger,standard,0,0,0,15,0,18,18,49,65,16,14,8,0,2
match-8a7f14b5-3862,solidaritaet_ueberleben,standard,1,1,1,15,1,20,18,61,51,17,11,9,3,0
match-03cc6573-3863,rudeljaeger,standard,0,0,0,12,-1,15,15,42,27,14,9,6,0,1
match-03cc6573-3863,solidaritaet_ueberleben,standard,1,1,1,12,4,17,12,44,25,11,11,11,0,0
match-624f5926-3864,rudeljaeger,standard,0,1,0,15,3,20,16,41,65,14,13,9,0,1
match-624f5926-3864,solidaritaet_ueberleben,standard,1,0,1,15,0,20,15,58,47,14,10,6,0,0
match-db9ca9e3-3865,rudeljaeger,standard,0,0,0,9,0,13,13,35,8,11,6,5,0,0
match-db9ca9e3-3865,solidaritaet_ueberleben,standard,1,1,1,9,5,12,9,28,8,9,10,10,2,0
match-6fb497ab-3866,rudeljaeger,standard,0,0,0,8,-2,11,11,29,6,9,3,6,0,1
match-6fb497ab-3866,solidaritaet_ueberleben,standard,1,1,1,8,4,12,6,26,2,6,6,12,0,0
match-e901e868-3867,rudeljaeger,standard,0,0,0,9,-1,14,12,36,7,10,6,6,0,1
match-e901e868-3867,solidaritaet_ueberleben,standard,1,1,1,9,4,15,11,37,5,10,5,11,0,0
match-4784dc1c-3868,rudeljaeger,standard,0,1,0,6,10,10,9,19,0,7,4,10,0,0
match-4784dc1c-3868,solidaritaet_ueberleben,standard,1,0,1,6,0,9,6,20,1,5,4,0,0,0
match-c0d22cd9-3869,rudeljaeger,standard,0,0,0,8,-1,12,11,28,8,11,4,9,0,0
match-c0d22cd9-3869,solidaritaet_ueberleben,standard,1,1,1,8,1,15,10,35,1,9,9,11,0,0
match-54ea1aa1-3870,rudeljaeger,standard,0,0,0,8,-5,13,9,25,3,7,6,5,0,0
match-54ea1aa1-3870,solidaritaet_ueberleben,standard,1,1,1,8,5,12,10,31,1,10,3,15,0,0
match-ce376b5e-3871,rudeljaeger,standard,0,0,0,9,-2,14,12,32,5,11,5,9,0,0
match-ce376b5e-3871,solidaritaet_ueberleben,standard,1,1,1,9,1,15,10,34,6,9,7,12,0,0
match-2cba5f12-3872,rudeljaeger,standard,0,0,0,10,-2,13,13,34,12,11,6,9,0,0
match-2cba5f12-3872,solidaritaet_ueberleben,standard,1,1,1,10,1,15,8,32,16,8,8,12,0,0
match-a607afcf-3873,rudeljaeger,standard,0,1,0,12,2,17,16,46,22,14,8,13,0,0
match-a607afcf-3873,solidaritaet_ueberleben,standard,1,0,1,12,-3,18,11,43,25,11,10,8,0,0
match-3a1f9d97-3874,rudeljaeger,standard,0,1,0,11,4,16,14,41,16,13,8,12,0,0
match-3a1f9d97-3874,solidaritaet_ueberleben,standard,1,0,1,11,-2,16,8,29,26,8,10,6,0,0
match-b36cee54-3875,rudeljaeger,standard,0,1,0,11,5,15,12,38,22,11,15,12,0,0
match-b36cee54-3875,solidaritaet_ueberleben,standard,1,0,1,11,-2,17,15,47,11,15,6,5,0,0
match-11efc208-3876,rudeljaeger,standard,0,0,0,12,-2,17,16,48,20,14,6,9,0,1
match-11efc208-3876,solidaritaet_ueberleben,standard,1,1,1,12,1,17,11,47,19,10,12,12,0,0
match-8b3d32c5-3877,rudeljaeger,standard,0,1,0,6,10,10,7,19,2,7,5,11,0,0
match-8b3d32c5-3877,solidaritaet_ueberleben,standard,1,0,1,6,-1,10,6,20,1,6,2,0,0,0
match-1f55008d-3878,rudeljaeger,standard,0,0,0,11,0,14,14,37,21,12,6,8,0,0
match-1f55008d-3878,solidaritaet_ueberleben,standard,1,1,1,11,2,14,9,34,21,8,10,10,2,0
match-98a2714a-3879,rudeljaeger,standard,0,0,0,13,0,17,16,44,39,14,8,8,0,0
match-98a2714a-3879,solidaritaet_ueberleben,standard,1,1,1,13,2,18,12,45,37,12,10,10,0,0
match-f72544fd-3880,rudeljaeger,standard,0,0,0,8,-1,12,10,23,6,9,4,9,0,0
match-f72544fd-3880,solidaritaet_ueberleben,standard,1,1,1,8,1,12,7,29,3,7,4,11,0,0
match-7072b5bb-3881,rudeljaeger,standard,0,0,0,17,-3,20,15,47,89,13,9,6,0,1
match-7072b5bb-3881,solidaritaet_ueberleben,standard,1,1,1,17,1,22,14,57,79,13,9,10,0,0
match-048a8383-3882,rudeljaeger,standard,0,0,0,8,-3,11,9,23,9,9,4,6,0,0
match-048a8383-3882,solidaritaet_ueberleben,standard,1,1,1,8,4,14,8,29,5,8,5,13,0,0
match-7dd7f440-3883,rudeljaeger,standard,0,0,0,6,0,10,7,16,4,7,2,5,0,0
match-7dd7f440-3883,solidaritaet_ueberleben,standard,1,1,1,6,5,11,6,20,1,6,6,10,0,0
match-8efaca7a-3884,rudeljaeger,standard,0,0,0,10,-5,14,11,30,22,10,8,9,0,2
match-8efaca7a-3884,solidaritaet_ueberleben,standard,1,1,1,10,1,15,12,46,5,12,7,15,0,0
match-08483b38-3885,rudeljaeger,standard,0,1,0,6,3,11,8,20,1,7,1,12,0,1
match-08483b38-3885,solidaritaet_ueberleben,standard,1,0,1,6,-2,10,5,20,1,5,5,7,0,0
match-9c6008ff-3886,rudeljaeger,standard,0,1,0,4,10,9,5,10,0,5,2,11,0,0
match-9c6008ff-3886,solidaritaet_ueberleben,standard,1,0,1,4,-1,9,4,9,0,4,1,0,0,0
match-15ad79bd-3887,rudeljaeger,standard,0,0,0,8,-2,12,10,25,5,9,7,7,0,0
match-15ad79bd-3887,solidaritaet_ueberleben,standard,1,1,1,8,3,12,10,33,2,9,5,12,0,0
match-74304d70-3888,rudeljaeger,standard,0,0,0,8,0,12,11,29,6,9,5,8,0,0
match-74304d70-3888,solidaritaet_ueberleben,standard,1,1,1,8,2,14,9,31,5,9,6,10,0,0
match-ed7dbe2d-3889,rudeljaeger,standard,0,1,0,6,10,12,6,17,2,5,4,11,0,1
match-ed7dbe2d-3889,solidaritaet_ueberleben,standard,1,0,1,6,-1,11,6,20,1,6,2,0,0,0
match-81958bf5-3890,rudeljaeger,standard,0,0,0,10,-1,13,9,27,18,7,10,9,0,0
match-81958bf5-3890,solidaritaet_ueberleben,standard,1,1,1,10,1,16,13,44,4,12,3,11,0,0
match-fae2fcb2-3891,rudeljaeger,standard,0,1,0,17,1,20,16,49,87,14,8,5,0,2
match-fae2fcb2-3891,solidaritaet_ueberleben,standard,1,0,1,17,-1,22,12,47,89,11,10,3,3,0
match-5965d066-3892,rudeljaeger,standard,0,0,0,13,-2,19,15,42,36,13,9,4,0,1
match-5965d066-3892,solidaritaet_ueberleben,standard,1,1,1,13,6,17,14,52,30,13,8,12,0,0
match-d2b32123-3893,rudeljaeger,standard,0,1,0,5,9,10,6,14,0,6,3,13,0,0
match-d2b32123-3893,solidaritaet_ueberleben,standard,1,0,1,5,-3,9,5,14,0,5,5,1,0,0
match-66cb0eeb-3894,rudeljaeger,standard,0,1,0,4,9,8,5,10,0,4,0,10,0,0
match-66cb0eeb-3894,solidaritaet_ueberleben,standard,1,0,1,4,0,9,3,9,1,3,1,1,0,0
match-e0187fa8-3895,rudeljaeger,standard,0,1,0,16,3,20,19,54,71,18,12,8,0,2
match-e0187fa8-3895,solidaritaet_ueberleben,standard,1,0,1,16,-1,21,16,62,67,15,16,4,0,0
match-3e9b535c-3896,rudeljaeger,standard,0,1,0,6,8,10,8,20,1,6,6,10,0,0
match-3e9b535c-3896,solidaritaet_ueberleben,standard,1,0,1,6,0,10,8,19,1,7,1,2,0,0
match-b7e8a419-3897,rudeljaeger,standard,0,0,0,17,-1,21,19,52,84,17,6,6,0,1
match-b7e8a419-3897,solidaritaet_ueberleben,standard,1,1,1,17,1,22,12,48,88,11,13,8,0,0
match-4c0091e1-3898,rudeljaeger,standard,0,0,0,6,0,11,8,19,1,6,3,9,0,1
match-4c0091e1-3898,solidaritaet_ueberleben,standard,1,1,1,6,1,11,6,18,1,6,4,10,0,0
match-c54de29e-3899,rudeljaeger,standard,0,1,0,4,9,8,4,10,0,3,1,11,0,0
match-c54de29e-3899,solidaritaet_ueberleben,standard,1,0,1,4,-1,9,4,10,0,4,0,1,0,0
match-23d0d652-3900,rudeljaeger,standard,0,1,0,9,4,12,9,27,13,9,6,12,0,0
match-23d0d652-3900,solidaritaet_ueberleben,standard,1,0,1,9,-2,14,8,30,6,7,6,6,0,0
match-9d1e270f-3901,rudeljaeger,standard,0,0,0,13,-4,19,17,47,33,15,14,9,0,2
match-9d1e270f-3901,solidaritaet_ueberleben,standard,1,1,1,13,1,18,17,54,28,16,15,14,0,0
match-313614d7-3902,rudeljaeger,standard,0,1,0,7,6,12,7,25,2,7,3,11,0,1
match-313614d7-3902,solidaritaet_ueberleben,standard,1,0,1,7,-1,12,6,24,3,6,4,4,0,0
match-aa836594-3903,rudeljaeger,standard,0,1,0,12,1,16,15,40,32,14,13,10,0,1
match-aa836594-3903,solidaritaet_ueberleben,standard,1,0,1,12,0,16,15,46,22,15,12,9,0,0
match-09065948-3904,rudeljaeger,standard,0,0,0,11,0,15,13,35,23,11,7,6,0,1
match-09065948-3904,solidaritaet_ueberleben,standard,1,1,1,11,4,16,12,46,12,11,7,10,0,0
match-8253aa05-3905,rudeljaeger,standard,0,0,0,11,0,15,15,38,20,14,12,8,0,0
match-8253aa05-3905,solidaritaet_ueberleben,standard,1,1,1,11,2,14,13,41,16,13,12,10,2,0
match-166b97cd-3906,rudeljaeger,standard,0,1,0,6,9,11,6,21,0,6,4,11,0,0
match-166b97cd-3906,solidaritaet_ueberleben,standard,1,0,1,6,-1,12,6,20,1,6,2,1,0,0
match-8fb8e88a-3907,rudeljaeger,standard,0,0,0,13,0,17,17,43,38,15,6,8,0,1
match-8fb8e88a-3907,solidaritaet_ueberleben,standard,1,1,1,13,2,19,11,48,41,10,13,10,0,0
match-ee3bdc3d-3908,rudeljaeger,standard,0,0,0,12,-1,17,15,37,31,13,13,7,0,0
match-ee3bdc3d-3908,solidaritaet_ueberleben,standard,1,1,1,12,3,16,16,55,17,16,11,11,2,0
match-67892cfb-3909,rudeljaeger,standard,0,0,0,7,-2,13,10,23,1,8,5,6,0,0
match-67892cfb-3909,solidaritaet_ueberleben,standard,1,1,1,7,4,12,8,26,1,8,8,12,0,0
match-fba11ac2-3910,rudeljaeger,standard,0,1,0,7,5,11,10,22,2,8,5,10,0,0
match-fba11ac2-3910,solidaritaet_ueberleben,standard,1,0,1,7,0,12,8,26,1,8,6,5,0,0
match-74ee6b80-3911,rudeljaeger,standard,0,,0,16,-1,21,20,56,69,18,13,8,0,3
match-74ee6b80-3911,solidaritaet_ueberleben,standard,1,,1,16,-1,23,18,59,61,17,16,8,4,0
match-d3715f33-3912,rudeljaeger,standard,0,0,0,8,-1,12,11,27,5,9,5,5,0,0
match-d3715f33-3912,solidaritaet_ueberleben,standard,1,1,1,8,5,15,9,29,4,9,8,11,0,0
match-4cbeaff1-3913,rudeljaeger,standard,0,1,0,7,9,11,8,19,2,8,5,11,0,0
match-4cbeaff1-3913,solidaritaet_ueberleben,standard,1,0,1,7,-1,11,7,26,1,7,4,1,0,0
match-e0d69db8-3914,rudeljaeger,standard,0,1,0,11,4,16,11,34,21,9,6,10,0,0
match-e0d69db8-3914,solidaritaet_ueberleben,standard,1,0,1,11,0,19,11,38,17,10,4,6,0,0
match-5a23ee76-3915,rudeljaeger,standard,0,1,0,12,3,18,16,46,22,14,10,11,0,3
match-5a23ee76-3915,solidaritaet_ueberleben,standard,1,0,1,12,-1,17,11,47,25,10,11,7,0,0
match-b8a6c229-3916,rudeljaeger,standard,0,0,0,8,-2,12,7,24,4,6,0,6,0,0
match-b8a6c229-3916,solidaritaet_ueberleben,standard,1,1,1,8,4,14,5,24,4,5,1,12,0,0
match-31f432e7-3917,rudeljaeger,standard,0,1,0,8,3,12,9,26,6,7,9,10,0,2
match-31f432e7-3917,solidaritaet_ueberleben,standard,1,0,1,8,0,13,11,30,5,10,2,7,0,0
match-c60c00ae-3918,rudeljaeger,standard,0,1,0,6,7,10,6,15,1,5,5,12,0,0
match-c60c00ae-3918,solidaritaet_ueberleben,standard,1,0,1,6,-2,10,6,19,2,6,0,3,0,0
match-3f59716c-3919,rudeljaeger,standard,0,1,0,8,6,12,11,27,4,9,9,10,0,0
match-3f59716c-3919,solidaritaet_ueberleben,standard,1,0,1,8,0,14,12,32,1,12,7,4,0,0
match-9ddc451f-3920,rudeljaeger,standard,0,0,0,8,-1,13,11,27,6,10,7,5,0,0
match-9ddc451f-3920,solidaritaet_ueberleben,standard,1,1,1,8,5,14,11,32,2,11,5,11,1,0
match-1729b5dd-3921,rudeljaeger,standard,0,0,0,15,0,20,19,51,58,17,10,7,0,0
match-1729b5dd-3921,solidaritaet_ueberleben,standard,1,1,1,15,2,22,14,54,61,13,14,9,0,0
match-ab4183a4-3922,rudeljaeger,standard,0,1,0,6,6,10,7,16,4,6,4,10,0,0
match-ab4183a4-3922,solidaritaet_ueberleben,standard,1,0,1,6,0,10,6,20,1,6,3,4,0,0
match-248ef462-3923,rudeljaeger,standard,0,0,0,13,0,17,16,42,41,14,12,8,0,0
match-248ef462-3923,solidaritaet_ueberleben,standard,1,1,1,13,2,19,17,55,27,16,11,10,0,0
match-8311c815-3924,rudeljaeger,standard,0,1,0,9,10,13,11,35,5,10,8,12,0,1
match-8311c815-3924,solidaritaet_ueberleben,standard,1,0,1,9,-2,13,12,37,5,11,6,0,0,0
match-fc5f38d2-3925,rudeljaeger,standard,0,0,0,15,0,19,15,49,60,13,16,4,0,0
match-fc5f38d2-3925,solidaritaet_ueberleben,standard,1,1,1,15,5,20,19,67,43,18,9,9,2,0
match-9077069a-3926,rudeljaeger,standard,0,0,0,9,-4,14,10,30,9,9,4,9,0,0
match-9077069a-3926,solidaritaet_ueberleben,standard,1,1,1,9,1,16,9,37,5,9,5,14,0,0
match-09c47758-3927,rudeljaeger,standard,0,0,0,8,-3,11,11,26,7,11,3,9,0,0
match-09c47758-3927,solidaritaet_ueberleben,standard,1,1,1,8,1,13,7,32,2,7,10,13,0,0
match-68474b0b-3928,rudeljaeger,standard,0,0,0,8,-2,12,10,29,2,10,8,6,0,0
match-68474b0b-3928,solidaritaet_ueberleben,standard,1,1,1,8,4,13,10,33,2,10,6,12,0,0
match-e194bbc8-3929,rudeljaeger,standard,0,0,0,12,-3,16,11,32,36,10,11,8,0,0
match-e194bbc8-3929,solidaritaet_ueberleben,standard,1,1,1,12,2,16,15,51,21,14,6,13,3,0
match-75ac8990-3930,rudeljaeger,standard,0,0,0,9,0,12,11,29,12,10,4,6,0,0
match-75ac8990-3930,solidaritaet_ueberleben,standard,1,1,1,9,4,15,8,32,4,8,5,10,0,0
match-eef9fa4d-3931,rudeljaeger,standard,0,1,0,6,10,9,7,16,3,6,4,11,0,0
match-eef9fa4d-3931,solidaritaet_ueberleben,standard,1,0,1,6,-1,10,6,20,1,6,1,0,0,0
match-4d7cce01-3932,rudeljaeger,standard,0,0,0,14,-2,19,18,47,48,16,9,5,0,1
match-4d7cce01-3932,solidaritaet_ueberleben,standard,1,1,1,14,5,21,15,52,39,14,15,12,0,0
match-c6ca3ebe-3933,rudeljaeger,standard,0,1,0,6,10,10,6,20,1,6,3,11,0,0
match-c6ca3ebe-3933,solidaritaet_ueberleben,standard,1,0,1,6,-1,12,5,18,2,5,2,0,0,0
match-5ae20c86-3934,rudeljaeger,standard,0,0,0,15,-2,21,19,54,55,17,11,8,0,0
match-5ae20c86-3934,solidaritaet_ueberleben,standard,1,1,1,15,2,20,16,60,51,15,15,12,0,0
match-d42f7d43-3935,rudeljaeger,standard,0,0,0,12,-5,16,16,43,28,15,9,4,0,0
match-d42f7d43-3935,solidaritaet_ueberleben,standard,1,1,1,12,6,19,13,48,23,12,11,15,0,0
match-32b250f7-3936,rudeljaeger,standard,0,0,0,13,0,17,14,38,40,12,7,8,0,0
match-32b250f7-3936,solidaritaet_ueberleben,standard,1,1,1,13,2,17,11,45,38,11,7,10,0,0
match-abffa1b4-3937,rudeljaeger,standard,0,0,0,15,0,20,17,51,54,15,17,6,0,3
match-abffa1b4-3937,solidaritaet_ueberleben,standard,1,1,1,15,3,20,19,64,45,19,12,9,0,0
match-40178f7c-3938,rudeljaeger,standard,0,1,0,14,5,17,17,45,48,15,13,11,0,1
match-40178f7c-3938,solidaritaet_ueberleben,standard,1,0,1,14,-1,20,15,54,37,14,11,5,0,0
match-b964e039-3939,rudeljaeger,standard,0,0,0,9,-4,14,12,35,6,11,8,6,0,0
match-b964e039-3939,solidaritaet_ueberleben,standard,1,1,1,9,4,14,11,37,2,11,7,14,0,0
match-17e7d3ed-3940,rudeljaeger,standard,0,1,0,6,10,10,7,20,1,7,4,10,0,0
match-17e7d3ed-3940,solidaritaet_ueberleben,standard,1,0,1,6,0,11,6,21,0,6,3,0,0,0
match-913524aa-3941,rudeljaeger,standard,0,1,0,7,7,11,8,25,2,7,8,10,0,0
match-913524aa-3941,solidaritaet_ueberleben,standard,1,0,1,7,0,11,9,25,1,9,2,3,0,0
match-254d1272-3942,rudeljaeger,standard,0,0,0,10,0,13,11,28,20,10,6,9,0,0
match-254d1272-3942,solidaritaet_ueberleben,standard,1,1,1,10,1,15,11,42,8,10,5,10,0,0
match-9e9a632f-3943,rudeljaeger,standard,0,0,0,9,0,13,12,31,11,10,2,7,0,2
match-9e9a632f-3943,solidaritaet_ueberleben,standard,1,1,1,9,3,14,6,23,13,5,7,10,0,0
match-fd1d56e2-3944,rudeljaeger,standard,0,0,0,9,-2,12,12,32,8,11,5,7,0,1
match-fd1d56e2-3944,solidaritaet_ueberleben,standard,1,1,1,9,3,14,10,37,5,9,9,12,0,0
match-766aa7a0-3945,rudeljaeger,standard,0,0,0,8,-3,12,10,28,3,10,8,9,0,0
match-766aa7a0-3945,solidaritaet_ueberleben,standard,1,1,1,8,1,12,10,32,1,9,6,13,0,0
match-0a829568-3946,rudeljaeger,standard,0,0,0,13,-1,18,16,43,38,14,6,2,0,0
match-0a829568-3946,solidaritaet_ueberleben,standard,1,1,1,13,8,19,12,44,38,11,11,11,0,0
match-83cfe625-3947,rudeljaeger,standard,0,1,0,5,7,10,6,11,1,6,2,11,0,0
match-83cfe625-3947,solidaritaet_ueberleben,standard,1,0,1,5,-1,10,5,15,0,5,3,3,0,0
match-e252d9d8-3948,rudeljaeger,standard,0,1,0,16,1,21,16,44,76,14,16,7,0,0
match-e252d9d8-3948,solidaritaet_ueberleben,standard,1,0,1,16,0,22,19,67,59,18,10,6,8,0
match-5ba02a96-3949,rudeljaeger,standard,0,0,0,8,0,13,9,22,7,8,5,6,0,0
match-5ba02a96-3949,solidaritaet_ueberleben,standard,1,1,1,8,4,14,9,30,1,9,6,10,0,0
match-efb8185d-3950,rudeljaeger,standard,0,1,0,5,7,10,5,14,1,5,4,10,0,0
match-efb8185d-3950,solidaritaet_ueberleben,standard,1,0,1,5,0,9,7,15,0,7,2,3,0,0
match-6905691b-3951,rudeljaeger,standard,0,1,0,15,2,21,17,47,62,15,16,13,0,1
match-6905691b-3951,solidaritaet_ueberleben,standard,1,0,1,15,-3,21,18,64,46,17,10,8,0,0
match-c7885cce-3952,rudeljaeger,standard,0,0,0,16,-1,20,15,47,76,13,16,5,0,2
match-c7885cce-3952,solidaritaet_ueberleben,standard,1,1,1,16,2,22,17,63,59,16,9,8,0,0
match-40d5ad8c-3953,rudeljaeger,standard,0,1,0,16,1,21,17,51,74,15,11,8,0,1
match-40d5ad8c-3953,solidaritaet_ueberleben,standard,1,0,1,16,-1,23,15,58,66,14,11,6,0,0
match-d4ed9b53-3954,rudeljaeger,standard,0,1,0,15,9,22,13,44,65,11,11,9,0,0
match-d4ed9b53-3954,solidaritaet_ueberleben,standard,1,0,1,15,0,20,16,56,56,15,7,0,0,0
match-4e3aec11-3955,rudeljaeger,standard,0,0,0,14,-2,17,17,42,52,15,10,8,0,3
match-4e3aec11-3955,solidaritaet_ueberleben,standard,1,1,1,14,2,21,12,47,44,12,14,12,0,0
match-acbddfc4-3956,rudeljaeger,standard,0,0,0,8,-3,14,12,25,8,10,6,8,0,0
match-acbddfc4-3956,solidaritaet_ueberleben,standard,1,1,1,8,2,11,10,32,4,10,5,13,0,0
match-260b3082-3957,rudeljaeger,standard,0,0,0,8,0,12,11,29,3,10,3,5,0,0
match-260b3082-3957,solidaritaet_ueberleben,standard,1,1,1,8,5,14,7,26,8,7,10,10,0,0
match-ba231e49-3958,rudeljaeger,standard,0,0,0,8,-2,13,11,32,1,10,2,6,0,1
match-ba231e49-3958,solidaritaet_ueberleben,standard,1,1,1,8,4,14,6,26,4,6,7,12,0,0
match-33706f07-3959,rudeljaeger,standard,0,1,0,4,10,8,5,9,1,5,1,10,0,0
match-33706f07-3959,solidaritaet_ueberleben,standard,1,0,1,4,0,9,3,8,1,3,1,0,0,0
match-91f342ba-3960,rudeljaeger,standard,0,0,0,7,-3,10,10,23,3,8,3,9,0,0
match-91f342ba-3960,solidaritaet_ueberleben,standard,1,1,1,7,1,13,7,25,2,7,6,13,0,0
match-0b40b378-3961,rudeljaeger,standard,0,0,0,16,-1,22,19,54,66,18,11,6,0,3
match-0b40b378-3961,solidaritaet_ueberleben,standard,1,1,1,16,3,22,17,62,58,16,17,10,0,0
match-9f58813f-3962,rudeljaeger,standard,0,0,0,8,-2,14,11,31,1,10,8,1,0,0
match-9f58813f-3962,solidaritaet_ueberleben,standard,1,1,1,8,9,11,9,25,6,9,9,12,0,0
match-18a5f1fd-3963,rudeljaeger,standard,0,1,0,4,10,9,6,9,0,6,1,11,0,0
match-18a5f1fd-3963,solidaritaet_ueberleben,standard,1,0,1,4,-1,9,2,7,3,2,2,0,0,0
match-7728c5b0-3964,rudeljaeger,standard,0,0,0,13,-2,18,16,41,40,14,10,6,0,2
match-7728c5b0-3964,solidaritaet_ueberleben,standard,1,1,1,13,4,18,14,47,36,13,11,12,0,0
match-f076366d-3965,rudeljaeger,standard,0,,0,16,0,21,19,54,71,17,15,7,0,0
match-f076366d-3965,solidaritaet_ueberleben,standard,1,,1,16,0,22,17,64,62,16,14,7,0,0
match-848e0435-3966,rudeljaeger,standard,0,0,0,16,-1,22,20,56,68,18,5,6,0,0
match-848e0435-3966,solidaritaet_ueberleben,standard,1,1,1,16,1,20,10,45,75,9,14,8,0,0
match-fddb74f2-3967,rudeljaeger,standard,0,0,0,15,0,20,18,52,59,16,10,5,0,0
match-fddb74f2-3967,solidaritaet_ueberleben,standard,1,1,1,15,4,21,15,56,58,14,12,9,0,0
match-5c5e48a6-3968,rudeljaeger,standard,0,0,0,13,-2,18,17,49,32,15,14,8,0,1
match-5c5e48a6-3968,solidaritaet_ueberleben,standard,1,1,1,13,2,18,16,56,27,16,13,12,1,0
match-d5abb963-3969,rudeljaeger,standard,0,,0,16,-1,20,18,53,70,17,8,7,0,2
match-d5abb963-3969,solidaritaet_ueberleben,standard,1,,1,16,0,22,11,41,79,10,14,8,0,0
match-69c3872b-3970,rudeljaeger,standard,0,1,0,7,5,11,9,22,3,8,3,13,0,0
match-69c3872b-3970,solidaritaet_ueberleben,standard,1,0,1,7,-3,13,6,23,4,6,6,5,0,0
match-e310f7e8-3971,rudeljaeger,standard,0,1,0,6,10,9,8,16,5,8,4,11,0,0
match-e310f7e8-3971,solidaritaet_ueberleben,standard,1,0,1,6,-1,10,6,19,2,6,4,0,0,0
match-4193cb9c-3972,rudeljaeger,standard,0,0,0,10,-2,14,14,34,12,12,7,3,0,0
match-4193cb9c-3972,solidaritaet_ueberleben,standard,1,1,1,10,7,15,9,32,19,9,8,12,0,0
match-bae13c59-3973,rudeljaeger,standard,0,1,0,7,5,11,10,25,0,8,3,11,0,1
match-bae13c59-3973,solidaritaet_ueberleben,standard,1,0,1,7,-1,13,6,14,7,6,8,5,0,0
match-4ef90a21-3974,rudeljaeger,standard,0,1,0,5,7,8,5,15,0,5,0,10,0,0
match-4ef90a21-3974,solidaritaet_ueberleben,standard,1,0,1,5,0,10,4,14,1,4,1,3,0,0
match-c8467ade-3975,rudeljaeger,standard,0,0,0,14,0,20,18,48,46,16,11,2,0,1
match-c8467ade-3975,solidaritaet_ueberleben,standard,1,1,1,14,8,21,15,54,42,14,13,10,0,0
match-26c94e92-3976,rudeljaeger,standard,0,1,0,10,6,16,14,38,9,12,8,10,0,1
match-26c94e92-3976,solidaritaet_ueberleben,standard,1,0,1,10,0,15,12,37,10,11,11,4,0,0
match-a016bf4f-3977,rudeljaeger,standard,0,0,0,9,-2,13,12,32,9,11,5,6,0,0
match-a016bf4f-3977,solidaritaet_ueberleben,standard,1,1,1,9,4,13,10,33,3,9,9,12,0,0
match-342e8d17-3978,rudeljaeger,standard,0,0,0,8,0,11,9,29,3,8,5,8,0,1
match-342e8d17-3978,solidaritaet_ueberleben,standard,1,1,1,8,2,13,8,31,3,8,3,10,0,0
match-ad7bfdd4-3979,rudeljaeger,standard,0,0,0,15,0,20,17,46,59,15,16,8,0,0
match-ad7bfdd4-3979,solidaritaet_ueberleben,standard,1,1,1,15,1,19,18,64,47,17,10,9,1,0
match-0bfed188-3980,rudeljaeger,standard,0,1,0,7,4,12,9,27,1,8,6,12,0,1
match-0bfed188-3980,solidaritaet_ueberleben,standard,1,0,1,7,-2,11,7,26,1,7,5,6,0,0
match-854c2245-3981,rudeljaeger,standard,0,0,0,13,-2,17,17,46,35,16,12,7,0,0
match-854c2245-3981,solidaritaet_ueberleben,standard,1,1,1,13,3,20,17,56,26,16,15,12,1,0
match-1964100d-3982,rudeljaeger,standard,0,0,0,10,-2,17,10,34,15,9,5,4,0,2
match-1964100d-3982,solidaritaet_ueberleben,standard,1,1,1,10,6,15,8,32,19,8,4,12,0,0
match-92b160ca-3983,rudeljaeger,standard,0,0,0,9,-4,14,8,27,15,7,1,9,0,0
match-92b160ca-3983,solidaritaet_ueberleben,standard,1,1,1,9,1,13,6,26,10,6,2,14,0,0
match-f134547d-3984,rudeljaeger,standard,0,1,0,13,2,18,17,50,29,16,14,12,0,1
match-f134547d-3984,solidaritaet_ueberleben,standard,1,0,1,13,-2,19,17,61,25,16,12,8,0,0
match-6a81a53b-3985,rudeljaeger,standard,0,0,0,9,0,13,12,29,8,11,6,8,0,0
match-6a81a53b-3985,solidaritaet_ueberleben,standard,1,1,1,9,2,13,9,30,6,9,8,10,0,0
match-fe999302-3986,rudeljaeger,standard,0,0,0,8,-2,13,9,24,7,9,2,8,0,0
match-fe999302-3986,solidaritaet_ueberleben,standard,1,1,1,8,2,12,7,30,3,6,5,12,0,0
match-77e6e3c0-3987,rudeljaeger,standard,0,0,0,7,-3,11,10,23,2,9,2,7,0,1
match-77e6e3c0-3987,solidaritaet_ueberleben,standard,1,1,1,7,3,11,7,24,2,7,8,13,0,0
match-d669d773-3988,rudeljaeger,standard,0,0,0,13,0,18,17,45,34,15,10,4,0,1
match-d669d773-3988,solidaritaet_ueberleben,standard,1,1,1,13,6,19,14,54,30,13,12,10,0,0
match-4fb72831-3989,rudeljaeger,standard,0,1,0,7,7,12,10,24,2,8,6,11,0,0
match-4fb72831-3989,solidaritaet_ueberleben,standard,1,0,1,7,-1,13,8,27,0,8,4,3,0,0
match-e3cf15f8-3990,rudeljaeger,standard,0,,0,15,0,19,16,44,65,14,8,9,0,0
match-e3cf15f8-3990,solidaritaet_ueberleben,standard,1,,1,15,0,19,14,56,55,13,12,9,0,0
match-5d1c66b6-3991,rudeljaeger,standard,0,0,0,7,0,12,10,26,2,9,2,7,0,1
match-5d1c66b6-3991,solidaritaet_ueberleben,standard,1,1,1,7,3,12,7,24,1,7,4,10,0,0
match-bb9f5a69-3992,rudeljaeger,standard,0,0,0,12,-1,17,15,45,22,14,14,8,0,0
match-bb9f5a69-3992,solidaritaet_ueberleben,standard,1,1,1,12,2,18,14,45,24,14,11,11,3,0
match-34ecab27-3993,rudeljaeger,standard,0,1,0,11,5,15,15,38,18,13,4,11,0,0
match-34ecab27-3993,solidaritaet_ueberleben,standard,1,0,1,11,-1,17,9,33,22,8,11,5,0,0
match-c90498ee-3994,rudeljaeger,standard,0,1,0,14,2,18,16,44,52,14,11,12,0,1
match-c90498ee-3994,solidaritaet_ueberleben,standard,1,0,1,14,-2,19,14,51,40,13,12,8,0,0
match-4251e9ac-3995,rudeljaeger,standard,0,0,0,10,-1,16,14,35,14,13,8,9,0,0
match-4251e9ac-3995,solidaritaet_ueberleben,standard,1,1,1,10,1,15,12,43,8,12,12,11,0,0
match-a0d4dd5f-3996,rudeljaeger,standard,0,0,0,10,-4,14,11,31,15,10,8,4,0,0
match-a0d4dd5f-3996,solidaritaet_ueberleben,standard,1,1,1,10,6,16,12,39,10,12,6,14,0,0
match-1a222e1d-3997,rudeljaeger,standard,0,0,0,13,-3,17,17,47,33,16,9,8,0,1
match-1a222e1d-3997,solidaritaet_ueberleben,standard,1,1,1,13,2,20,13,48,36,12,13,13,0,0
match-ae3a1be4-3998,rudeljaeger,standard,0,1,0,12,8,16,14,39,27,13,14,12,0,1
match-ae3a1be4-3998,solidaritaet_ueberleben,standard,1,0,1,12,-2,17,16,53,19,15,8,2,0,0
match-27876ca2-3999,rudeljaeger,standard,0,0,0,8,-2,13,9,26,5,8,5,5,0,2
match-27876ca2-3999,solidaritaet_ueberleben,standard,1,1,1,8,5,13,10,34,2,9,3,12,0,0
match-f552e20b-4000,rudeljaeger,standard,0,1,1,7,3,11,8,22,4,7,5,11,0,0
match-f552e20b-4000,urzeitliche_kolosse,standard,1,0,0,7,-1,13,7,26,2,7,4,7,0,1
match-7c05914e-4001,rudeljaeger,standard,0,0,1,8,-1,13,9,29,3,9,6,7,0,2
match-7c05914e-4001,urzeitliche_kolosse,standard,1,1,0,8,3,13,9,31,5,8,4,11,0,0
match-e7eda386-4002,rudeljaeger,standard,0,0,1,8,0,12,11,29,1,9,5,8,0,1
match-e7eda386-4002,urzeitliche_kolosse,standard,1,1,0,8,2,13,9,36,0,9,7,10,0,2
match-6ea052c9-4003,rudeljaeger,standard,0,1,1,6,3,10,8,16,1,7,5,10,0,0
match-6ea052c9-4003,urzeitliche_kolosse,standard,1,0,0,6,0,10,6,19,2,6,6,7,0,0
match-101d7f16-4004,rudeljaeger,standard,0,1,1,14,3,19,17,52,42,15,12,12,0,0
match-101d7f16-4004,urzeitliche_kolosse,standard,1,0,0,14,-2,19,17,69,25,16,13,7,0,1
match-96d00e58-4005,rudeljaeger,standard,0,1,1,10,5,17,13,33,18,12,10,11,0,0
match-96d00e58-4005,urzeitliche_kolosse,standard,1,0,0,10,-1,16,12,47,5,11,8,5,0,2
match-02b82091-4006,rudeljaeger,standard,0,0,1,9,-4,13,10,31,8,8,7,5,0,2
match-02b82091-4006,urzeitliche_kolosse,standard,1,1,0,9,5,14,10,36,5,10,3,14,0,3
match-896acfd3-4007,rudeljaeger,standard,0,0,1,11,-1,17,13,33,25,11,8,5,0,1
match-896acfd3-4007,urzeitliche_kolosse,standard,1,1,0,11,5,16,14,50,12,13,8,11,0,2
match-bfbde7f7-4008,rudeljaeger,standard,0,0,1,8,0,13,10,23,8,9,1,6,0,0
match-bfbde7f7-4008,urzeitliche_kolosse,standard,1,1,0,8,4,13,7,26,4,6,6,10,0,0
match-4670973a-4009,rudeljaeger,standard,0,1,1,3,10,7,3,6,0,3,0,10,0,0
match-4670973a-4009,urzeitliche_kolosse,standard,1,0,0,3,0,7,1,3,3,1,0,0,0,0
match-b258a972-4010,rudeljaeger,standard,0,1,1,4,7,9,4,8,0,4,1,12,0,0
match-b258a972-4010,urzeitliche_kolosse,standard,1,0,0,4,-2,9,3,7,2,3,1,3,0,0
match-390b58b5-4011,rudeljaeger,standard,0,1,1,8,5,13,11,28,1,9,5,11,0,0
match-390b58b5-4011,urzeitliche_kolosse,standard,1,0,0,8,-1,14,8,33,3,7,5,5,0,0
match-da886501-4012,rudeljaeger,standard,0,1,1,4,7,7,4,7,1,4,0,11,0,0
match-da886501-4012,urzeitliche_kolosse,standard,1,0,0,4,-1,9,2,6,3,2,2,3,0,0
match-613b1444-4013,rudeljaeger,standard,0,0,1,6,-3,10,6,18,2,6,0,9,0,0
match-613b1444-4013,urzeitliche_kolosse,standard,1,1,0,6,1,11,6,18,3,5,6,13,0,0
match-cd23267c-4014,rudeljaeger,standard,0,1,1,5,10,9,6,13,2,6,0,13,0,0
match-cd23267c-4014,urzeitliche_kolosse,standard,1,0,0,5,-3,11,2,9,6,2,3,0,0,0
match-53d5d5bf-4015,rudeljaeger,standard,0,1,1,6,2,10,7,17,2,7,3,12,0,0
match-53d5d5bf-4015,urzeitliche_kolosse,standard,1,0,0,6,-2,11,7,20,0,6,2,8,0,0
match-8a28ede3-4016,rudeljaeger,standard,0,0,1,4,0,9,4,10,0,4,2,7,0,0
match-8a28ede3-4016,urzeitliche_kolosse,standard,1,1,0,4,3,9,4,8,1,4,1,10,0,0
match-10db9d26-4017,rudeljaeger,standard,0,0,1,13,-1,20,14,42,40,13,5,4,0,0
match-10db9d26-4017,urzeitliche_kolosse,standard,1,1,0,13,6,17,11,45,41,10,8,11,0,0
match-7cc3af5e-4018,rudeljaeger,standard,0,1,1,10,2,14,11,37,8,9,9,14,0,2
match-7cc3af5e-4018,urzeitliche_kolosse,standard,1,0,0,10,-4,15,12,42,11,11,4,8,0,2
match-03765ea1-4019,rudeljaeger,standard,0,1,1,4,7,9,5,10,0,5,0,11,0,0
match-03765ea1-4019,urzeitliche_kolosse,standard,1,0,0,4,-1,10,2,7,3,2,2,3,0,0
match-a4f36aed-4020,rudeljaeger,standard,0,0,1,9,-4,14,11,33,4,10,6,3,0,2
match-a4f36aed-4020,urzeitliche_kolosse,standard,1,1,0,9,7,14,11,41,2,10,6,14,0,3
match-2ba61a30-4021,rudeljaeger,standard,0,1,1,7,6,12,8,27,1,7,6,10,0,2
match-2ba61a30-4021,urzeitliche_kolosse,standard,1,0,0,7,0,12,7,25,3,7,2,4,0,0
match-978e2c68-4022,rudeljaeger,standard,0,1,1,7,3,11,9,26,2,8,4,10,0,0
match-978e2c68-4022,urzeitliche_kolosse,standard,1,0,0,7,0,11,7,24,4,6,4,7,0,0
match-1e40dbab-4023,rudeljaeger,standard,0,1,1,5,6,8,5,12,3,4,2,12,0,0
match-1e40dbab-4023,urzeitliche_kolosse,standard,1,0,0,5,-2,11,4,13,2,4,1,4,0,0
match-5493f3cf-4024,rudeljaeger,standard,0,1,1,5,4,10,5,15,0,5,3,12,0,0
match-5493f3cf-4024,urzeitliche_kolosse,standard,1,0,0,5,-2,11,4,14,1,4,3,6,0,0
match-db468311-4025,rudeljaeger,standard,0,1,1,5,3,9,5,13,2,5,4,12,0,0
match-db468311-4025,urzeitliche_kolosse,standard,1,0,0,5,-2,10,5,15,0,5,3,7,0,0
match-472eb54a-4026,rudeljaeger,standard,0,0,1,4,0,9,4,9,1,3,2,9,0,0
match-472eb54a-4026,urzeitliche_kolosse,standard,1,1,0,4,1,10,3,8,2,3,0,10,0,0
match-cde1448c-4027,rudeljaeger,standard,0,0,1,6,0,11,7,18,3,6,5,6,0,0
match-cde1448c-4027,urzeitliche_kolosse,standard,1,1,0,6,4,11,7,17,3,7,4,10,0,0
match-6f5e70d9-4028,rudeljaeger,standard,0,1,1,5,6,10,6,14,1,6,2,10,0,0
match-6f5e70d9-4028,urzeitliche_kolosse,standard,1,0,0,5,0,9,4,11,3,4,2,4,0,0
match-f611001b-4029,rudeljaeger,standard,0,0,1,5,-1,10,4,13,2,4,1,5,0,0
match-f611001b-4029,urzeitliche_kolosse,standard,1,1,0,5,5,10,4,14,1,4,1,11,0,0
match-61f93254-4030,rudeljaeger,standard,0,1,1,12,1,17,14,39,32,12,10,11,0,0
match-61f93254-4030,urzeitliche_kolosse,standard,1,0,0,12,-1,17,15,51,20,14,10,9,0,0
match-e8abc196-4031,rudeljaeger,standard,0,0,1,10,0,14,11,31,20,10,8,5,0,0
match-e8abc196-4031,urzeitliche_kolosse,standard,1,1,0,10,5,16,12,48,6,12,5,10,0,0
match-1efef9bb-4032,rudeljaeger,standard,0,0,1,12,-1,16,15,42,28,13,9,9,0,3
match-1efef9bb-4032,urzeitliche_kolosse,standard,1,1,0,12,1,17,15,54,21,14,12,11,0,0
match-a5b188fd-4033,rudeljaeger,standard,0,1,1,7,1,11,9,23,1,9,5,12,0,0
match-a5b188fd-4033,urzeitliche_kolosse,standard,1,0,0,7,-2,12,7,27,1,7,5,9,0,2
match-1199bb36-4034,rudeljaeger,standard,0,1,1,5,1,9,5,13,2,4,2,11,0,0
match-1199bb36-4034,urzeitliche_kolosse,standard,1,0,0,5,-1,10,4,11,4,3,2,9,0,0
match-984c4a78-4035,rudeljaeger,standard,0,0,1,6,-1,10,8,17,1,6,4,8,0,0
match-984c4a78-4035,urzeitliche_kolosse,standard,1,1,0,6,2,10,6,19,0,6,1,11,0,0
match-39c976c5-4036,rudeljaeger,standard,0,0,1,12,-4,16,15,39,31,13,7,6,0,3
match-39c976c5-4036,urzeitliche_kolosse,standard,1,1,0,12,4,18,12,48,25,12,11,14,0,5
match-c07c0607-4037,rudeljaeger,standard,0,1,1,10,2,15,13,42,9,13,12,13,0,3
match-c07c0607-4037,urzeitliche_kolosse,standard,1,0,0,10,-3,14,13,46,5,13,8,8,0,1
match-2c643840-4038,rudeljaeger,standard,0,0,1,8,-3,13,11,29,3,9,3,6,0,0
match-2c643840-4038,urzeitliche_kolosse,standard,1,1,0,8,4,15,9,31,5,8,6,13,0,0
match-b316c782-4039,rudeljaeger,standard,0,1,1,3,6,7,3,6,0,3,0,10,0,0
match-b316c782-4039,urzeitliche_kolosse,standard,1,0,0,3,0,7,2,4,2,2,0,4,0,0
match-e969ffa6-4040,rudeljaeger,standard,0,1,1,4,3,7,4,9,0,4,0,10,0,0
match-e969ffa6-4040,urzeitliche_kolosse,standard,1,0,0,4,0,10,3,8,2,3,1,7,0,0
match-701c8ee9-4041,rudeljaeger,standard,0,1,1,5,2,10,5,15,0,5,4,10,0,0
match-701c8ee9-4041,urzeitliche_kolosse,standard,1,0,0,5,0,9,6,15,0,5,4,8,0,0
match-dc04a121-4042,rudeljaeger,standard,0,0,1,5,-1,10,5,14,1,5,2,8,0,0
match-dc04a121-4042,urzeitliche_kolosse,standard,1,1,0,5,2,9,5,15,0,4,1,11,0,0
match-62b75064-4043,rudeljaeger,standard,0,0,1,10,-2,15,9,24,21,9,4,8,0,0
match-62b75064-4043,urzeitliche_kolosse,standard,1,1,0,10,2,14,10,42,5,9,4,12,0,3
match-04347cb1-4044,rudeljaeger,standard,0,0,1,16,0,21,20,56,69,18,12,6,0,0
match-04347cb1-4044,urzeitliche_kolosse,standard,1,1,0,16,1,21,18,69,55,17,15,7,0,5
match-8ae70bf3-4045,rudeljaeger,standard,0,1,1,7,3,12,7,20,2,7,6,10,0,0
match-8ae70bf3-4045,urzeitliche_kolosse,standard,1,0,0,7,0,11,8,26,2,8,4,7,0,0
match-f6cf3e2b-4046,rudeljaeger,standard,0,0,1,7,-2,10,10,23,3,9,3,7,0,0
match-f6cf3e2b-4046,urzeitliche_kolosse,standard,1,1,0,7,3,12,6,24,4,6,5,12,0,0
match-7d81cd6e-4047,rudeljaeger,standard,0,1,1,9,2,14,10,30,6,9,7,10,0,2
match-7d81cd6e-4047,urzeitliche_kolosse,standard,1,0,0,9,0,14,10,41,3,10,4,8,0,0
match-b3d4e592-4048,rudeljaeger,standard,0,1,1,6,4,9,7,18,1,6,2,10,0,0
match-b3d4e592-4048,urzeitliche_kolosse,standard,1,0,0,6,0,10,5,18,3,5,3,6,0,0
match-3a8794d5-4049,rudeljaeger,standard,0,1,1,9,3,13,9,26,10,8,6,11,0,0
match-3a8794d5-4049,urzeitliche_kolosse,standard,1,0,0,9,-1,13,10,37,7,9,4,7,0,1
match-a66fa70d-4050,rudeljaeger,standard,0,0,1,11,-1,15,14,31,27,12,6,8,0,0
match-a66fa70d-4050,urzeitliche_kolosse,standard,1,1,0,11,2,16,12,48,10,11,10,11,0,0
match-2d225650-4051,rudeljaeger,standard,0,0,1,4,0,8,4,8,1,4,1,5,0,0
match-2d225650-4051,urzeitliche_kolosse,standard,1,1,0,4,5,8,3,7,2,3,3,10,0,0
match-ce9f629c-4052,rudeljaeger,standard,0,0,1,10,0,14,14,39,10,14,8,7,0,0
match-ce9f629c-4052,urzeitliche_kolosse,standard,1,1,0,10,3,15,13,48,6,12,11,10,0,4
match-555211df-4053,rudeljaeger,standard,0,1,1,9,4,14,12,35,6,12,5,11,0,0
match-555211df-4053,urzeitliche_kolosse,standard,1,0,0,9,-1,15,9,41,2,9,10,6,0,4
match-c13a2417-4054,rudeljaeger,standard,0,0,1,6,0,9,8,19,1,7,3,6,0,0
match-c13a2417-4054,urzeitliche_kolosse,standard,1,1,0,6,4,11,6,19,2,6,5,10,0,0
match-47ecd35a-4055,rudeljaeger,standard,0,1,1,5,3,10,8,15,0,8,1,12,0,0
match-47ecd35a-4055,urzeitliche_kolosse,standard,1,0,0,5,-2,9,5,13,2,5,7,7,0,0
match-7e3feb7e-4056,rudeljaeger,standard,0,1,1,7,4,12,8,21,0,8,4,11,0,0
match-7e3feb7e-4056,urzeitliche_kolosse,standard,1,0,0,7,-1,12,7,26,2,6,3,6,0,0
match-04f29ac1-4057,rudeljaeger,standard,0,0,1,5,0,10,6,14,1,5,1,9,0,0
match-04f29ac1-4057,urzeitliche_kolosse,standard,1,1,0,5,1,11,3,12,3,3,2,10,0,0
match-70daacf9-4058,rudeljaeger,standard,0,1,1,7,3,11,11,27,1,9,4,14,0,0
match-70daacf9-4058,urzeitliche_kolosse,standard,1,0,0,7,-4,11,8,25,1,7,6,7,0,0
match-f78d5c3b-4059,rudeljaeger,standard,0,1,1,7,6,12,8,26,2,7,2,16,0,0
match-f78d5c3b-4059,urzeitliche_kolosse,standard,1,0,0,7,-6,12,7,27,1,6,4,4,0,0
match-990a6888-4060,rudeljaeger,standard,0,0,1,12,0,16,12,38,28,11,7,7,0,0
match-990a6888-4060,urzeitliche_kolosse,standard,1,1,0,12,3,17,12,49,20,11,6,10,0,4
match-1fbd17cb-4061,rudeljaeger,standard,0,0,1,7,-1,11,9,25,3,8,5,7,0,2
match-1fbd17cb-4061,urzeitliche_kolosse,standard,1,1,0,7,3,12,7,25,2,7,3,11,0,0
match-8ba52a03-4062,rudeljaeger,standard,0,0,1,10,-4,16,13,44,8,13,7,5,0,0
match-8ba52a03-4062,urzeitliche_kolosse,standard,1,1,0,10,5,16,13,52,3,12,9,14,0,0
match-1257d946-4063,rudeljaeger,standard,0,1,1,8,4,12,11,27,4,10,5,11,0,0
match-1257d946-4063,urzeitliche_kolosse,standard,1,0,0,8,-1,15,8,31,5,8,7,6,0,0
match-48aaf16a-4064,rudeljaeger,standard,0,1,1,5,4,9,6,14,1,6,1,12,0,0
match-48aaf16a-4064,urzeitliche_kolosse,standard,1,0,0,5,-2,11,4,13,1,4,2,6,0,0
match-cf5d80ac-4065,rudeljaeger,standard,0,1,1,8,7,13,11,31,1,11,6,10,0,0
match-cf5d80ac-4065,urzeitliche_kolosse,standard,1,0,0,8,0,14,9,31,4,9,10,3,0,0
match-3b45b2e5-4066,rudeljaeger,standard,0,1,1,6,2,10,6,18,3,5,2,12,0,0
match-3b45b2e5-4066,urzeitliche_kolosse,standard,1,0,0,6,-2,11,5,18,3,5,4,8,0,0
match-c1f84227-4067,rudeljaeger,standard,0,1,1,5,4,8,7,13,0,6,5,10,0,0
match-c1f84227-4067,urzeitliche_kolosse,standard,1,0,0,5,0,10,5,12,3,5,4,6,0,0
match-63756e74-4068,rudeljaeger,standard,0,0,1,7,-1,10,9,27,1,9,4,9,0,0
match-63756e74-4068,urzeitliche_kolosse,standard,1,1,0,7,1,11,8,28,0,7,5,11,0,0
match-ea281db6-4069,rudeljaeger,standard,0,1,1,5,3,11,7,15,0,6,3,11,0,0
match-ea281db6-4069,urzeitliche_kolosse,standard,1,0,0,5,-1,10,6,14,0,5,4,7,0,0
match-56102fef-4070,rudeljaeger,standard,0,1,1,5,10,10,6,14,1,5,2,11,0,0
match-56102fef-4070,urzeitliche_kolosse,standard,1,0,0,5,-1,10,4,14,1,4,4,0,0,0
match-dcc2df31-4071,rudeljaeger,standard,0,1,1,5,5,8,5,14,1,5,2,11,0,0
match-dcc2df31-4071,urzeitliche_kolosse,standard,1,0,0,5,-1,10,5,14,1,5,2,5,0,0
match-1315f756-4072,rudeljaeger,standard,0,0,1,5,0,9,7,12,1,6,1,8,0,0
match-1315f756-4072,urzeitliche_kolosse,standard,1,1,0,5,2,9,4,13,2,4,6,10,0,0
match-99c88698-4073,rudeljaeger,standard,0,1,1,5,3,10,5,14,1,4,3,10,0,0
match-99c88698-4073,urzeitliche_kolosse,standard,1,0,0,5,0,10,5,12,2,5,1,7,0,0
match-05b0b8d1-4074,rudeljaeger,standard,0,0,1,10,0,15,13,36,12,11,10,6,0,0
match-05b0b8d1-4074,urzeitliche_kolosse,standard,1,1,0,10,4,14,13,46,7,13,6,10,0,0
match-8c634813-4075,rudeljaeger,standard,0,0,1,10,0,15,13,34,16,12,5,5,0,0
match-8c634813-4075,urzeitliche_kolosse,standard,1,1,0,10,5,14,11,34,11,10,9,10,0,0
match-2de07460-4076,rudeljaeger,standard,0,0,1,9,-2,14,12,35,8,12,7,7,0,1
match-2de07460-4076,urzeitliche_kolosse,standard,1,1,0,9,3,13,11,41,2,11,10,12,0,1
match-b49303a2-4077,rudeljaeger,standard,0,1,1,5,8,8,6,13,2,5,3,11,0,0
match-b49303a2-4077,urzeitliche_kolosse,standard,1,0,0,5,-1,11,5,14,1,5,2,2,0,0
match-207b35db-4078,rudeljaeger,standard,0,0,1,9,-1,14,12,28,12,10,7,9,0,0
match-207b35db-4078,urzeitliche_kolosse,standard,1,1,0,9,1,15,11,40,2,10,7,11,0,0
match-a72dc51d-4079,rudeljaeger,standard,0,1,1,6,6,10,8,20,1,7,2,12,0,0
match-a72dc51d-4079,urzeitliche_kolosse,standard,1,0,0,6,-2,13,4,18,3,4,4,4,0,0
match-dd80fd41-4080,rudeljaeger,standard,0,0,1,8,0,12,9,26,4,8,7,6,0,0
match-dd80fd41-4080,urzeitliche_kolosse,standard,1,1,0,8,4,11,9,34,1,9,5,10,0,1
match-64338c84-4081,rudeljaeger,standard,0,1,1,5,8,9,6,15,0,6,1,12,0,0
match-64338c84-4081,urzeitliche_kolosse,standard,1,0,0,5,-2,11,3,12,3,3,4,2,0,0
match-d01bbebc-4082,rudeljaeger,standard,0,1,1,9,4,12,12,31,9,11,7,12,0,0
match-d01bbebc-4082,urzeitliche_kolosse,standard,1,0,0,9,-2,15,12,41,1,11,6,6,0,1
match-56ce4dff-4083,rudeljaeger,standard,0,1,1,6,3,9,7,17,2,7,3,10,0,0
match-56ce4dff-4083,urzeitliche_kolosse,standard,1,0,0,6,0,10,7,21,0,6,4,7,0,0
match-f84b7a4b-4084,rudeljaeger,standard,0,0,1,10,-1,16,14,33,20,14,5,7,0,0
match-f84b7a4b-4084,urzeitliche_kolosse,standard,1,1,0,10,3,14,11,43,11,10,9,11,0,0
match-7efe098e-4085,rudeljaeger,standard,0,1,1,5,4,10,5,12,2,4,2,12,0,0
match-7efe098e-4085,urzeitliche_kolosse,standard,1,0,0,5,-2,9,5,13,2,5,1,6,0,0
match-eae63bc6-4086,rudeljaeger,standard,0,1,1,3,10,7,3,5,1,3,0,11,0,0
match-eae63bc6-4086,urzeitliche_kolosse,standard,1,0,0,3,-1,8,1,3,3,1,0,0,0,0
match-7198cb09-4087,rudeljaeger,standard,0,0,1,8,0,14,9,28,2,8,3,8,0,0
match-7198cb09-4087,urzeitliche_kolosse,standard,1,1,0,8,2,14,8,32,4,7,3,10,0,0
match-a7ebe32d-4088,rudeljaeger,standard,0,1,1,5,2,10,5,14,1,5,1,10,0,0
match-a7ebe32d-4088,urzeitliche_kolosse,standard,1,0,0,5,0,10,5,14,1,5,2,8,0,0
match-2e9e9270-4089,rudeljaeger,standard,0,1,1,4,8,9,4,9,1,4,0,10,0,0
match-2e9e9270-4089,urzeitliche_kolosse,standard,1,0,0,4,0,9,2,7,3,2,0,2,0,0
match-9a86a4a8-4090,rudeljaeger,standard,0,1,1,7,1,11,10,24,0,10,5,10,0,0
match-9a86a4a8-4090,urzeitliche_kolosse,standard,1,0,0,7,0,13,8,26,2,8,7,9,0,0
match-213953eb-4091,rudeljaeger,standard,0,1,1,6,8,11,6,14,1,6,5,11,0,0
match-213953eb-4091,urzeitliche_kolosse,standard,1,0,0,6,-1,12,6,12,3,5,5,2,0,0
match-c2b66037-4092,rudeljaeger,standard,0,1,1,8,3,13,9,28,2,8,4,12,0,3
match-c2b66037-4092,urzeitliche_kolosse,standard,1,0,0,8,-2,13,8,30,6,7,4,7,0,1
match-49690f7a-4093,rudeljaeger,standard,0,1,1,6,7,9,6,19,1,6,3,10,0,0
match-49690f7a-4093,urzeitliche_kolosse,standard,1,0,0,6,0,10,5,19,2,5,1,3,0,0
match-b55121b2-4094,rudeljaeger,standard,0,1,1,8,7,13,10,30,2,9,5,11,0,0
match-b55121b2-4094,urzeitliche_kolosse,standard,1,0,0,8,-1,13,9,33,3,8,4,3,0,0
match-3c03d0f5-4095,rudeljaeger,standard,0,1,1,6,5,10,8,17,0,7,3,11,0,0
match-3c03d0f5-4095,urzeitliche_kolosse,standard,1,0,0,6,-1,11,6,19,1,5,5,5,0,0
match-7256e919-4096,rudeljaeger,standard,0,0,1,14,-2,19,18,47,45,16,13,5,0,1
match-7256e919-4096,urzeitliche_kolosse,standard,1,1,0,14,5,19,17,65,31,16,13,12,0,1
match-f909985b-4097,rudeljaeger,standard,0,1,1,5,3,10,6,15,0,6,1,12,0,0
match-f909985b-4097,urzeitliche_kolosse,standard,1,0,0,5,-2,10,6,15,0,5,6,7,0,0
match-64f1aa94-4098,rudeljaeger,standard,0,0,1,9,0,13,12,27,11,10,6,8,0,0
match-64f1aa94-4098,urzeitliche_kolosse,standard,1,1,0,9,2,14,11,39,2,10,8,10,0,2
match-eba459d6-4099,rudeljaeger,standard,0,0,1,8,-1,12,8,29,3,8,2,9,0,3
match-eba459d6-4099,urzeitliche_kolosse,standard,1,1,0,8,1,13,7,32,4,7,3,11,0,0
match-8d216623-4100,rudeljaeger,standard,0,1,1,5,6,8,6,13,1,6,2,13,0,0
match-8d216623-4100,urzeitliche_kolosse,standard,1,0,0,5,-3,9,4,11,4,4,3,4,0,0
match-13d41566-4101,rudeljaeger,standard,0,1,1,10,3,17,13,36,11,11,10,10,0,0
match-13d41566-4101,urzeitliche_kolosse,standard,1,0,0,10,0,16,12,46,7,11,7,7,0,0
match-7fbc279e-4102,rudeljaeger,standard,0,0,1,9,-1,14,11,35,5,10,6,7,0,0
match-7fbc279e-4102,urzeitliche_kolosse,standard,1,1,0,9,3,14,11,43,2,11,6,11,0,0
match-066ed6e1-4103,rudeljaeger,standard,0,1,1,4,4,8,3,7,1,3,0,12,0,0
match-066ed6e1-4103,urzeitliche_kolosse,standard,1,0,0,4,-2,8,2,6,3,2,0,6,0,0
match-3cc1ef05-4104,rudeljaeger,standard,0,1,1,6,10,11,6,16,2,6,1,11,0,0
match-3cc1ef05-4104,urzeitliche_kolosse,standard,1,0,0,6,-1,12,4,17,4,4,4,0,0,0
match-c3749e47-4105,rudeljaeger,standard,0,1,1,7,1,12,8,26,2,8,3,10,0,0
match-c3749e47-4105,urzeitliche_kolosse,standard,1,0,0,7,0,12,8,28,0,7,4,9,0,0
match-2f5cb080-4106,rudeljaeger,standard,0,1,1,5,4,10,3,12,3,3,0,11,0,0
match-2f5cb080-4106,urzeitliche_kolosse,standard,1,0,0,5,-1,10,3,12,3,3,0,6,0,0
match-b60f5fc2-4107,rudeljaeger,standard,0,1,1,4,3,8,4,9,1,4,0,10,0,0
match-b60f5fc2-4107,urzeitliche_kolosse,standard,1,0,0,4,0,10,3,8,2,3,3,7,0,0
match-578c6c0f-4108,rudeljaeger,standard,0,1,1,11,2,17,13,39,18,11,11,12,0,0
match-578c6c0f-4108,urzeitliche_kolosse,standard,1,0,0,11,-2,16,14,58,6,13,6,8,0,3
match-de3f1b51-4109,rudeljaeger,standard,0,1,1,4,10,9,5,9,0,4,1,12,0,0
match-de3f1b51-4109,urzeitliche_kolosse,standard,1,0,0,4,-2,11,2,7,3,2,3,0,0,0
match-4a272d8a-4110,rudeljaeger,standard,0,1,1,16,1,21,20,56,69,18,7,8,0,1
match-4a272d8a-4110,urzeitliche_kolosse,standard,1,0,0,16,-1,20,13,57,67,12,14,6,0,0
match-d0d9dccc-4111,rudeljaeger,standard,0,1,1,10,4,15,14,41,10,13,9,11,0,2
match-d0d9dccc-4111,urzeitliche_kolosse,standard,1,0,0,10,-1,16,13,44,9,12,11,6,0,1
match-072cf4f1-4112,rudeljaeger,standard,0,1,1,5,2,8,5,14,1,5,1,11,0,0
match-072cf4f1-4112,urzeitliche_kolosse,standard,1,0,0,5,-1,10,6,15,0,5,2,8,0,0
match-8ddf8433-4113,rudeljaeger,standard,0,1,1,13,4,17,13,37,41,12,11,13,0,0
match-8ddf8433-4113,urzeitliche_kolosse,standard,1,0,0,13,-3,19,16,60,22,15,8,6,0,1
match-f9c7b66b-4114,rudeljaeger,standard,0,0,1,5,-1,9,7,15,0,6,2,7,0,0
match-f9c7b66b-4114,urzeitliche_kolosse,standard,1,1,0,5,3,11,5,14,1,4,5,11,0,0
match-807a45ae-4115,rudeljaeger,standard,0,1,1,6,3,10,7,19,2,7,4,10,0,0
match-807a45ae-4115,urzeitliche_kolosse,standard,1,0,0,6,0,11,8,21,0,7,4,7,0,0
match-21f771fb-4116,rudeljaeger,standard,0,0,1,9,-2,14,12,33,10,11,10,6,0,1
match-21f771fb-4116,urzeitliche_kolosse,standard,1,1,0,9,4,15,12,33,6,11,9,12,0,0
match-a8aa013d-4117,rudeljaeger,standard,0,1,1,4,7,10,4,10,0,4,1,11,0,0
match-a8aa013d-4117,urzeitliche_kolosse,standard,1,0,0,4,-1,9,3,8,1,3,1,3,0,0
match-14923376-4118,rudeljaeger,standard,0,0,1,7,0,11,9,22,2,8,3,9,0,1
match-14923376-4118,urzeitliche_kolosse,standard,1,1,0,7,1,12,7,26,2,6,6,10,0,0
match-9b44c2b8-4119,rudeljaeger,standard,0,1,1,4,8,8,4,10,0,4,2,10,0,0
match-9b44c2b8-4119,urzeitliche_kolosse,standard,1,0,0,4,0,10,4,8,2,3,2,2,0,0
match-d197fadc-4120,rudeljaeger,standard,0,0,1,9,-2,14,13,38,2,11,8,9,0,2
match-d197fadc-4120,urzeitliche_kolosse,standard,1,1,0,9,1,15,11,39,3,11,8,12,0,3
match-584a8a1f-4121,rudeljaeger,standard,0,1,1,5,5,9,7,14,1,6,2,11,0,0
match-584a8a1f-4121,urzeitliche_kolosse,standard,1,0,0,5,-1,10,5,12,1,4,3,5,0,0
match-c432bc57-4122,rudeljaeger,standard,0,1,1,7,4,12,8,23,4,8,6,11,0,0
match-c432bc57-4122,urzeitliche_kolosse,standard,1,0,0,7,-1,12,8,26,2,8,5,6,0,0
match-4ae54b9a-4123,rudeljaeger,standard,0,1,1,10,1,16,14,36,11,12,7,15,0,2
match-4ae54b9a-4123,urzeitliche_kolosse,standard,1,0,0,10,-5,16,9,44,9,9,9,9,0,3
match-ec6277e6-4124,rudeljaeger,standard,0,0,1,7,-1,10,9,24,3,9,2,9,0,0
match-ec6277e6-4124,urzeitliche_kolosse,standard,1,1,0,7,1,12,7,26,2,7,5,11,0,0
match-73150729-4125,rudeljaeger,standard,0,0,1,11,-1,15,15,40,19,13,8,7,0,0
match-73150729-4125,urzeitliche_kolosse,standard,1,1,0,11,3,16,12,43,16,11,11,11,0,0
match-defd3961-4126,rudeljaeger,standard,0,0,1,11,0,16,13,35,20,11,6,7,0,0
match-defd3961-4126,urzeitliche_kolosse,standard,1,1,0,11,3,17,11,43,12,10,8,10,0,1
match-65afc8a4-4127,rudeljaeger,standard,0,1,1,8,3,12,9,29,1,8,6,12,0,0
match-65afc8a4-4127,urzeitliche_kolosse,standard,1,0,0,8,-2,14,8,35,1,7,5,7,0,0
match-4ea2e34f-4128,rudeljaeger,standard,0,1,1,10,4,15,13,35,10,12,6,12,0,0
match-4ea2e34f-4128,urzeitliche_kolosse,standard,1,0,0,10,-2,15,9,45,4,9,9,6,0,1
match-d5559291-4129,rudeljaeger,standard,0,1,1,7,8,11,10,23,3,9,4,10,0,0
match-d5559291-4129,urzeitliche_kolosse,standard,1,0,0,7,0,13,8,25,2,7,6,2,0,0
match-413da4ca-4130,rudeljaeger,standard,0,1,1,13,3,17,14,45,35,13,13,13,0,1
match-413da4ca-4130,urzeitliche_kolosse,standard,1,0,0,13,-3,18,16,67,19,15,9,7,0,1
match-c7f0540c-4131,rudeljaeger,standard,0,0,1,9,-4,13,11,29,12,9,6,5,0,2
match-c7f0540c-4131,urzeitliche_kolosse,standard,1,1,0,9,5,15,10,40,2,10,5,14,0,1
match-696d6059-4132,rudeljaeger,standard,0,,1,16,0,20,20,56,68,18,14,8,0,1
match-696d6059-4132,urzeitliche_kolosse,standard,1,,0,16,-1,22,19,74,53,18,15,7,0,3
match-f0200f9b-4133,rudeljaeger,standard,0,1,1,7,4,12,9,27,0,8,5,10,0,1
match-f0200f9b-4133,urzeitliche_kolosse,standard,1,0,0,7,0,12,7,28,0,7,3,6,0,0
match-5c0821d4-4134,rudeljaeger,standard,0,1,1,5,2,8,6,15,0,6,3,11,0,0
match-5c0821d4-4134,urzeitliche_kolosse,standard,1,0,0,5,-1,10,5,12,0,4,4,8,0,0
match-e2bad116-4135,rudeljaeger,standard,0,1,1,6,3,12,6,18,0,6,4,11,0,1
match-e2bad116-4135,urzeitliche_kolosse,standard,1,0,0,6,-1,10,6,18,2,6,3,7,0,0
match-190de93b-4136,rudeljaeger,standard,0,1,1,5,6,10,6,14,1,6,4,11,0,0
match-190de93b-4136,urzeitliche_kolosse,standard,1,0,0,5,-1,11,5,12,2,5,3,4,0,0
match-9fc0987d-4137,rudeljaeger,standard,0,0,1,4,0,8,4,9,0,4,2,8,0,0
match-9fc0987d-4137,urzeitliche_kolosse,standard,1,1,0,4,2,10,4,9,1,4,1,10,0,0
match-0ba8aab6-4138,rudeljaeger,standard,0,0,1,8,-1,12,8,26,2,7,4,9,0,0
match-0ba8aab6-4138,urzeitliche_kolosse,standard,1,1,0,8,1,12,9,31,1,8,2,11,0,3
match-925b59f8-4139,rudeljaeger,standard,0,1,1,8,5,13,9,27,3,8,4,12,0,0
match-925b59f8-4139,urzeitliche_kolosse,standard,1,0,0,8,-2,13,8,31,5,7,4,5,0,2
match-33d86645-4140,rudeljaeger,standard,0,0,1,9,-1,13,12,32,8,11,6,6,0,1
match-33d86645-4140,urzeitliche_kolosse,standard,1,1,0,9,4,15,11,37,3,10,8,11,0,0
match-ba8b1587-4141,rudeljaeger,standard,0,1,1,6,2,11,7,16,1,7,1,10,0,0
match-ba8b1587-4141,urzeitliche_kolosse,standard,1,0,0,6,0,12,4,18,3,4,4,8,0,1
match-267327c0-4142,rudeljaeger,standard,0,1,1,10,2,14,13,38,7,11,7,12,0,4
match-267327c0-4142,urzeitliche_kolosse,standard,1,0,0,10,-2,15,12,51,3,11,8,8,0,1
match-ad25d702-4143,rudeljaeger,standard,0,1,1,4,6,8,3,9,1,3,4,10,0,0
match-ad25d702-4143,urzeitliche_kolosse,standard,1,0,0,4,0,7,5,10,0,5,2,4,0,0
match-e378ef26-4144,rudeljaeger,standard,0,0,1,4,0,7,4,9,1,4,1,3,0,0
match-e378ef26-4144,urzeitliche_kolosse,standard,1,1,0,4,7,8,4,10,0,4,1,10,0,0
match-6a2b9e69-4145,rudeljaeger,standard,0,1,1,4,10,9,5,7,1,4,1,11,0,0
match-6a2b9e69-4145,urzeitliche_kolosse,standard,1,0,0,4,-1,9,2,7,3,2,3,0,0,0
match-d613b0a1-4146,rudeljaeger,standard,0,0,1,5,0,9,6,15,0,6,2,6,0,0
match-d613b0a1-4146,urzeitliche_kolosse,standard,1,1,0,5,4,10,6,14,0,6,3,10,0,0
match-5cc65fe4-4147,rudeljaeger,standard,0,0,1,11,-2,17,11,33,26,10,5,8,0,0
match-5cc65fe4-4147,urzeitliche_kolosse,standard,1,1,0,11,2,17,11,46,9,10,6,12,0,0
match-fe436c30-4148,rudeljaeger,standard,0,0,1,12,-4,16,15,42,24,14,11,9,0,2
match-fe436c30-4148,urzeitliche_kolosse,standard,1,1,0,12,1,18,15,58,11,14,11,14,0,0
match-84f61b73-4149,rudeljaeger,standard,0,0,1,7,0,10,10,24,4,9,3,4,0,1
match-84f61b73-4149,urzeitliche_kolosse,standard,1,1,0,7,6,12,8,26,0,8,7,10,0,0
match-f0de2dab-4150,rudeljaeger,standard,0,0,1,9,-2,13,12,28,10,11,6,8,0,0
match-f0de2dab-4150,urzeitliche_kolosse,standard,1,1,0,9,2,14,10,36,3,10,9,12,0,0
match-7790dcee-4151,rudeljaeger,standard,0,1,1,7,6,10,9,23,2,8,3,10,0,0
match-7790dcee-4151,urzeitliche_kolosse,standard,1,0,0,7,0,11,7,23,5,6,4,4,0,0
match-ade3f512-4152,rudeljaeger,standard,0,1,1,5,3,9,6,15,0,6,1,11,0,0
match-ade3f512-4152,urzeitliche_kolosse,standard,1,0,0,5,-1,9,3,11,4,3,3,7,0,0
match-34968455-4153,rudeljaeger,standard,0,0,1,9,-2,13,12,34,7,12,7,6,0,1
match-34968455-4153,urzeitliche_kolosse,standard,1,1,0,9,4,15,12,40,5,11,11,12,0,2
match-a07eb68d-4154,rudeljaeger,standard,0,0,1,5,0,10,7,15,0,5,1,9,0,0
match-a07eb68d-4154,urzeitliche_kolosse,standard,1,1,0,5,1,9,5,13,1,5,3,10,0,0
match-273145d0-4155,rudeljaeger,standard,0,1,1,4,7,7,4,9,1,4,1,10,0,0
match-273145d0-4155,urzeitliche_kolosse,standard,1,0,0,4,0,9,4,9,1,3,0,3,0,0
match-c8ae721c-4156,rudeljaeger,standard,0,0,1,5,-1,10,6,13,1,5,3,8,0,0
match-c8ae721c-4156,urzeitliche_kolosse,standard,1,1,0,5,2,8,5,14,0,5,5,11,0,0
match-4f61015f-4157,rudeljaeger,standard,0,1,1,9,4,14,9,29,7,8,4,11,0,0
match-4f61015f-4157,urzeitliche_kolosse,standard,1,0,0,9,-1,15,8,34,10,7,3,6,0,0
match-bb493397-4158,rudeljaeger,standard,0,0,1,9,-2,13,10,30,7,8,4,7,0,0
match-bb493397-4158,urzeitliche_kolosse,standard,1,1,0,9,3,15,10,38,1,9,5,12,0,0
match-41fbc2da-4159,rudeljaeger,standard,0,1,1,6,2,12,9,21,0,8,5,12,0,0
match-41fbc2da-4159,urzeitliche_kolosse,standard,1,0,0,6,-2,11,6,19,2,6,5,8,0,0
match-784efafe-4160,rudeljaeger,standard,0,0,1,9,-3,15,10,24,13,9,4,9,0,0
match-784efafe-4160,urzeitliche_kolosse,standard,1,1,0,9,1,15,9,39,1,8,4,13,0,0
match-ff018a40-4161,rudeljaeger,standard,0,1,1,9,4,14,12,30,12,10,8,11,0,3
match-ff018a40-4161,urzeitliche_kolosse,standard,1,0,0,9,-1,14,11,36,8,10,5,6,0,0
match-6ae9bc79-4162,rudeljaeger,standard,0,0,1,8,-1,12,11,29,3,10,5,8,0,1
match-6ae9bc79-4162,urzeitliche_kolosse,standard,1,1,0,8,2,15,9,34,2,9,8,11,0,0
match-f19c4bbb-4163,rudeljaeger,standard,0,1,1,7,3,13,10,25,2,9,4,11,0,0
match-f19c4bbb-4163,urzeitliche_kolosse,standard,1,0,0,7,-1,11,7,25,3,7,5,7,0,0
match-93197808-4164,rudeljaeger,standard,0,1,1,6,7,10,7,16,3,7,3,12,0,0
match-93197808-4164,urzeitliche_kolosse,standard,1,0,0,6,-2,11,6,20,1,6,6,3,0,0
match-19cc074b-4165,rudeljaeger,standard,0,0,1,5,-2,11,7,15,0,7,3,5,0,0
match-19cc074b-4165,urzeitliche_kolosse,standard,1,1,0,5,5,11,5,13,1,5,6,12,0,0
match-85b43983-4166,rudeljaeger,standard,0,1,1,5,10,10,5,14,1,5,1,10,0,0
match-85b43983-4166,urzeitliche_kolosse,standard,1,0,0,5,0,10,4,14,1,4,3,0,0,0
match-0c66c8c6-4167,rudeljaeger,standard,0,0,1,8,-4,13,11,27,3,10,4,8,0,0
match-0c66c8c6-4167,urzeitliche_kolosse,standard,1,1,0,8,2,14,9,31,4,8,7,14,0,0
match-42b9e0ea-4168,rudeljaeger,standard,0,0,1,7,0,12,9,25,2,8,3,6,0,0
match-42b9e0ea-4168,urzeitliche_kolosse,standard,1,1,0,7,4,12,5,22,5,5,5,10,0,0
match-c96c902c-4169,rudeljaeger,standard,0,1,1,9,1,13,12,32,7,10,6,10,0,3
match-c96c902c-4169,urzeitliche_kolosse,standard,1,0,0,9,0,15,10,42,2,10,5,9,0,0
match-3554a265-4170,rudeljaeger,standard,0,1,1,7,4,10,10,26,0,9,6,11,0,0
match-3554a265-4170,urzeitliche_kolosse,standard,1,0,0,7,-1,11,7,26,2,7,5,6,0,1
match-bc0751a7-4171,rudeljaeger,standard,0,1,1,14,4,19,16,47,49,15,12,10,0,3
match-bc0751a7-4171,urzeitliche_kolosse,standard,1,0,0,14,0,20,17,64,31,16,12,6,0,3
match-5d847df4-4172,rudeljaeger,standard,0,1,1,15,2,21,19,51,56,17,15,9,0,0
match-5d847df4-4172,urzeitliche_kolosse,standard,1,0,0,15,0,20,18,67,42,17,15,7,0,1
match-e4370d36-4173,rudeljaeger,standard,0,1,1,6,4,10,6,18,0,6,3,12,0,1
match-e4370d36-4173,urzeitliche_kolosse,standard,1,0,0,6,-2,10,6,19,2,6,4,6,0,0
match-501f3f6f-4174,rudeljaeger,standard,0,1,1,9,4,14,12,30,8,12,7,11,0,0
match-501f3f6f-4174,urzeitliche_kolosse,standard,1,0,0,9,-1,13,11,39,4,10,9,6,0,0
match-d6d1ceb1-4175,rudeljaeger,standard,0,0,1,10,-1,14,12,33,12,11,9,6,0,1
match-d6d1ceb1-4175,urzeitliche_kolosse,standard,1,1,0,10,4,15,11,44,7,11,7,11,0,2
match-0d24e6d6-4176,rudeljaeger,standard,0,0,1,11,-1,15,14,41,18,12,10,9,0,4
match-0d24e6d6-4176,urzeitliche_kolosse,standard,1,1,0,11,1,14,14,53,6,14,8,11,0,5
match-93d79618-4177,rudeljaeger,standard,0,0,1,10,-5,14,14,38,12,12,9,8,0,0
match-93d79618-4177,urzeitliche_kolosse,standard,1,1,0,10,2,16,13,45,4,12,9,15,0,4
match-ffbfa850-4178,rudeljaeger,standard,0,1,1,5,5,9,6,15,0,6,1,11,0,0
match-ffbfa850-4178,urzeitliche_kolosse,standard,1,0,0,5,-1,11,3,11,4,3,3,5,0,0
match-86725793-4179,rudeljaeger,standard,0,0,1,9,0,13,9,25,14,8,3,7,0,0
match-86725793-4179,urzeitliche_kolosse,standard,1,1,0,9,3,14,8,39,4,8,4,10,0,0
match-27ef63e0-4180,rudeljaeger,standard,0,0,1,12,-2,15,10,28,38,9,9,6,0,1
match-27ef63e0-4180,urzeitliche_kolosse,standard,1,1,0,12,4,18,14,54,13,13,6,12,0,3
match-aea21322-4181,rudeljaeger,standard,0,0,1,9,-3,13,13,32,5,11,3,9,0,0
match-aea21322-4181,urzeitliche_kolosse,standard,1,1,0,9,1,12,8,38,2,8,8,13,0,2
match-1a8a255b-4182,rudeljaeger,standard,0,,1,16,-1,20,17,48,73,15,11,8,0,0
match-1a8a255b-4182,urzeitliche_kolosse,standard,1,,0,16,-1,22,15,62,58,14,12,8,0,3
match-a13cd49d-4183,rudeljaeger,standard,0,1,1,5,4,11,5,15,0,5,3,12,0,0
match-a13cd49d-4183,urzeitliche_kolosse,standard,1,0,0,5,-2,10,4,10,5,4,1,6,0,0
match-d78fecc1-4184,rudeljaeger,standard,0,1,1,7,2,11,9,26,1,7,4,13,0,2
match-d78fecc1-4184,urzeitliche_kolosse,standard,1,0,0,7,-3,12,8,24,2,8,3,8,0,0
match-5e429c04-4185,rudeljaeger,standard,0,1,1,7,4,11,9,28,0,8,4,11,0,0
match-5e429c04-4185,urzeitliche_kolosse,standard,1,0,0,7,-1,13,8,26,2,8,4,6,0,0
match-ca2aae3c-4186,rudeljaeger,standard,0,1,1,5,4,9,6,15,0,6,1,10,0,0
match-ca2aae3c-4186,urzeitliche_kolosse,standard,1,0,0,5,0,10,5,14,1,4,1,6,0,0
match-50dd5d7f-4187,rudeljaeger,standard,0,1,1,4,6,9,4,10,0,4,3,11,0,0
match-50dd5d7f-4187,urzeitliche_kolosse,standard,1,0,0,4,-1,9,4,9,0,4,2,4,0,0
match-f25a69cb-4188,rudeljaeger,standard,0,0,1,10,0,13,10,29,17,8,2,7,0,0
match-f25a69cb-4188,urzeitliche_kolosse,standard,1,1,0,10,3,16,8,34,11,7,5,10,0,2
match-790d190e-4189,rudeljaeger,standard,0,0,1,13,-5,16,16,37,46,14,10,6,0,0
match-790d190e-4189,urzeitliche_kolosse,standard,1,1,0,13,4,18,16,58,25,15,11,15,0,0
match-e4f52b46-4190,rudeljaeger,standard,0,1,1,5,7,9,5,11,2,5,0,11,0,0
match-e4f52b46-4190,urzeitliche_kolosse,standard,1,0,0,5,-1,11,3,12,3,3,3,3,0,0
match-6ba7da89-4191,rudeljaeger,standard,0,1,1,6,4,9,8,19,2,8,3,11,0,0
match-6ba7da89-4191,urzeitliche_kolosse,standard,1,0,0,6,-1,11,6,19,1,5,5,6,0,0
match-a1faf2ad-4192,rudeljaeger,standard,0,0,1,9,-3,16,8,26,13,8,5,8,0,2
match-a1faf2ad-4192,urzeitliche_kolosse,standard,1,1,0,9,2,13,8,36,6,8,3,13,0,0
match-28ad81f0-4193,rudeljaeger,standard,0,1,1,5,3,9,6,11,1,6,4,10,0,0
match-28ad81f0-4193,urzeitliche_kolosse,standard,1,0,0,5,0,10,5,15,0,5,5,7,0,0
match-9495b428-4194,rudeljaeger,standard,0,0,1,9,-2,14,10,30,14,9,4,5,0,2
match-9495b428-4194,urzeitliche_kolosse,standard,1,1,0,9,5,13,9,42,1,9,4,12,0,0
match-1b48436b-4195,rudeljaeger,standard,0,1,1,6,5,10,8,19,1,8,3,10,0,0
match-1b48436b-4195,urzeitliche_kolosse,standard,1,0,0,6,0,11,6,18,3,6,4,5,0,1
match-bcc56fb7-4196,rudeljaeger,standard,0,0,1,13,0,17,16,43,40,15,8,6,0,0
match-bcc56fb7-4196,urzeitliche_kolosse,standard,1,1,0,13,4,18,14,56,22,13,10,10,0,3
match-43781efa-4197,rudeljaeger,standard,0,0,1,6,-1,11,7,20,0,7,1,8,0,1
match-43781efa-4197,urzeitliche_kolosse,standard,1,1,0,6,2,12,6,19,2,5,4,11,0,0
match-af603132-4198,rudeljaeger,standard,0,1,1,14,1,20,18,50,43,16,13,13,0,1
match-af603132-4198,urzeitliche_kolosse,standard,1,0,0,14,-3,17,17,68,26,16,13,9,0,2
match-3612c075-4199,rudeljaeger,standard,0,0,1,11,-3,16,11,28,28,9,8,9,0,0
match-3612c075-4199,urzeitliche_kolosse,standard,1,1,0,11,1,17,13,51,6,13,4,13,0,1
match-6c65f899-4200,rudeljaeger,standard,0,1,1,7,2,11,8,25,1,7,4,10,0,0
match-6c65f899-4200,urzeitliche_kolosse,standard,1,0,0,7,0,13,8,28,0,7,4,8,0,0
match-f31887db-4201,rudeljaeger,standard,0,1,1,5,3,10,5,14,1,5,3,10,0,0
match-f31887db-4201,urzeitliche_kolosse,standard,1,0,0,5,0,11,5,12,2,5,3,7,0,0
match-5f00ba14-4202,rudeljaeger,standard,0,1,1,8,2,13,11,34,2,10,9,12,0,0
match-5f00ba14-4202,urzeitliche_kolosse,standard,1,0,0,8,-2,13,9,34,1,9,7,8,0,1
match-e5b34956-4203,rudeljaeger,standard,0,0,1,10,-2,14,9,28,21,9,4,4,0,0
match-e5b34956-4203,urzeitliche_kolosse,standard,1,1,0,10,6,14,9,38,7,8,5,12,0,0
match-873075a3-4204,rudeljaeger,standard,0,1,1,7,6,10,10,27,1,9,3,10,0,2
match-873075a3-4204,urzeitliche_kolosse,standard,1,0,0,7,0,13,7,24,4,6,5,4,0,0
match-0de304e6-4205,rudeljaeger,standard,0,1,1,4,7,9,5,9,0,5,1,10,0,0
match-0de304e6-4205,urzeitliche_kolosse,standard,1,0,0,4,0,10,3,8,2,3,4,3,0,0
match-79cb371e-4206,rudeljaeger,standard,0,1,1,11,6,16,13,37,21,12,12,12,0,0
match-79cb371e-4206,urzeitliche_kolosse,standard,1,0,0,11,-2,17,14,57,9,14,8,4,0,1
match-007dc661-4207,rudeljaeger,standard,0,0,1,6,0,11,9,21,0,8,2,8,0,1
match-007dc661-4207,urzeitliche_kolosse,standard,1,1,0,6,2,10,6,20,1,6,4,10,0,0
match-36d0fe85-4208,rudeljaeger,standard,0,1,1,11,6,17,13,40,16,11,7,13,0,1
match-36d0fe85-4208,urzeitliche_kolosse,standard,1,0,0,11,-3,15,12,46,20,11,7,4,0,3
match-bd838dc7-4209,rudeljaeger,standard,0,0,1,5,-1,10,6,15,0,6,1,6,0,0
match-bd838dc7-4209,urzeitliche_kolosse,standard,1,1,0,5,4,11,4,13,2,4,4,11,0,0
match-296ba000-4210,rudeljaeger,standard,0,1,1,9,5,16,10,31,8,9,5,11,0,3
match-296ba000-4210,urzeitliche_kolosse,standard,1,0,0,9,-1,14,9,40,5,9,5,5,0,0
match-b01e4f42-4211,rudeljaeger,standard,0,0,1,10,-1,14,13,32,17,11,7,9,0,0
match-b01e4f42-4211,urzeitliche_kolosse,standard,1,1,0,10,1,16,11,40,5,11,6,11,0,0
match-519b7b8f-4212,rudeljaeger,standard,0,1,1,5,7,9,6,14,1,6,0,12,0,0
match-519b7b8f-4212,urzeitliche_kolosse,standard,1,0,0,5,-2,11,3,12,3,3,4,3,0,1
match-d84e0ad1-4213,rudeljaeger,standard,0,0,1,6,0,10,9,20,1,7,0,8,0,1
match-d84e0ad1-4213,urzeitliche_kolosse,standard,1,1,0,6,2,12,4,18,3,4,5,10,0,0
match-44363d0a-4214,rudeljaeger,standard,0,0,1,7,0,11,10,27,0,9,1,6,0,0
match-44363d0a-4214,urzeitliche_kolosse,standard,1,1,0,7,4,12,6,25,3,6,6,10,0,2
match-cae8cc4c-4215,rudeljaeger,standard,0,0,1,8,0,12,7,24,4,5,4,6,0,1
match-cae8cc4c-4215,urzeitliche_kolosse,standard,1,1,0,8,4,13,10,32,2,9,1,10,0,0
match-013be471-4216,rudeljaeger,standard,0,1,1,7,4,12,9,26,1,8,4,12,0,0
match-013be471-4216,urzeitliche_kolosse,standard,1,0,0,7,-2,11,7,25,3,6,4,6,0,0
match-87ee93b3-4217,rudeljaeger,standard,0,1,1,4,6,7,5,9,0,5,2,10,0,0
match-87ee93b3-4217,urzeitliche_kolosse,standard,1,0,0,4,0,10,4,9,1,4,2,4,0,0
match-f3d6a5eb-4218,rudeljaeger,standard,0,0,1,7,0,10,10,21,3,9,3,9,0,0
match-f3d6a5eb-4218,urzeitliche_kolosse,standard,1,1,0,7,1,11,6,22,3,6,7,10,0,0
match-7a89552e-4219,rudeljaeger,standard,0,1,1,14,1,19,15,47,48,14,13,10,0,2
match-7a89552e-4219,urzeitliche_kolosse,standard,1,0,0,14,0,19,17,66,32,16,11,9,0,0
match-1c06617b-4220,rudeljaeger,standard,0,1,1,7,8,10,8,27,1,6,4,13,0,0
match-1c06617b-4220,urzeitliche_kolosse,standard,1,0,0,7,-3,13,7,27,1,7,2,2,0,0
match-a2b910bd-4221,rudeljaeger,standard,0,0,1,9,0,14,13,34,11,11,6,9,0,1
match-a2b910bd-4221,urzeitliche_kolosse,standard,1,1,0,9,1,13,11,42,2,11,6,10,0,0
match-0ea122f6-4222,rudeljaeger,standard,0,0,1,16,-2,22,19,51,71,17,13,5,0,0
match-0ea122f6-4222,urzeitliche_kolosse,standard,1,1,0,16,4,20,19,70,54,18,14,11,0,1
match-9553d238-4223,rudeljaeger,standard,0,1,1,6,3,10,8,17,1,7,3,14,0,0
match-9553d238-4223,urzeitliche_kolosse,standard,1,0,0,6,-4,9,7,18,3,7,5,7,0,0
match-cba6ea5c-4224,rudeljaeger,standard,0,1,1,4,3,7,6,9,0,6,2,10,0,0
match-cba6ea5c-4224,urzeitliche_kolosse,standard,1,0,0,4,0,8,4,10,0,4,4,7,0,0
match-5259999f-4225,rudeljaeger,standard,0,1,1,11,1,15,13,39,17,13,8,10,0,0
match-5259999f-4225,urzeitliche_kolosse,standard,1,0,0,11,0,15,12,46,17,12,8,9,0,0
match-be41abd7-4226,rudeljaeger,standard,0,0,1,9,-1,15,10,25,13,9,6,5,0,0
match-be41abd7-4226,urzeitliche_kolosse,standard,1,1,0,9,5,14,10,37,7,10,4,11,0,0
match-44f45b1a-4227,rudeljaeger,standard,0,1,1,4,4,8,4,8,0,4,2,12,0,0
match-44f45b1a-4227,urzeitliche_kolosse,standard,1,0,0,4,-2,10,3,7,2,3,2,6,0,0
match-e6716766-4228,rudeljaeger,standard,0,1,1,12,3,16,16,44,34,15,13,10,0,0
match-e6716766-4228,urzeitliche_kolosse,standard,1,0,0,12,0,17,15,59,12,15,11,7,0,2
match-6d2416a9-4229,rudeljaeger,standard,0,0,1,13,0,18,16,48,35,14,12,5,0,0
match-6d2416a9-4229,urzeitliche_kolosse,standard,1,1,0,13,5,19,16,52,29,15,11,10,0,3
match-d90c28e1-4230,rudeljaeger,standard,0,0,1,8,0,13,11,30,5,10,2,6,0,0
match-d90c28e1-4230,urzeitliche_kolosse,standard,1,1,0,8,4,13,8,29,1,7,9,10,0,0
match-5fbed824-4231,rudeljaeger,standard,0,1,1,5,6,10,5,15,0,5,2,10,0,0
match-5fbed824-4231,urzeitliche_kolosse,standard,1,0,0,5,0,10,4,13,2,4,3,4,0,0
match-9611f048-4232,rudeljaeger,standard,0,1,1,8,4,12,9,32,0,7,4,13,0,1
match-9611f048-4232,urzeitliche_kolosse,standard,1,0,0,8,-3,14,8,36,0,7,4,6,0,0
match-1cc49f8b-4233,rudeljaeger,standard,0,1,1,6,10,11,6,20,1,6,2,10,0,0
match-1cc49f8b-4233,urzeitliche_kolosse,standard,1,0,0,6,0,10,6,19,1,6,3,0,0,0
match-88acb1c3-4234,rudeljaeger,standard,0,1,1,8,6,11,9,29,2,9,4,10,0,1
match-88acb1c3-4234,urzeitliche_kolosse,standard,1,0,0,8,0,13,8,34,2,8,5,4,0,0
match-0f5f4106-4235,rudeljaeger,standard,0,0,1,11,-3,14,14,32,26,12,6,7,0,1
match-0f5f4106-4235,urzeitliche_kolosse,standard,1,1,0,11,3,15,12,46,13,11,12,13,0,0
match-b0dc6d52-4236,rudeljaeger,standard,0,1,1,7,2,12,9,25,2,8,6,12,0,0
match-b0dc6d52-4236,urzeitliche_kolosse,standard,1,0,0,7,-2,13,8,27,1,8,5,8,0,0
match-378f1c95-4237,rudeljaeger,standard,0,1,1,8,4,12,11,28,5,10,4,10,0,1
match-378f1c95-4237,urzeitliche_kolosse,standard,1,0,0,8,0,13,6,32,4,6,5,6,0,0
match-a3772ecd-4238,rudeljaeger,standard,0,1,1,8,10,13,10,29,1,8,5,11,0,0
match-a3772ecd-4238,urzeitliche_kolosse,standard,1,0,0,8,-1,13,9,31,4,8,4,0,0,0
match-2a29de10-4239,rudeljaeger,standard,0,1,1,4,4,8,4,9,1,4,1,11,0,0
match-2a29de10-4239,urzeitliche_kolosse,standard,1,0,0,4,-1,11,2,6,3,2,2,6,0,0
match-607cf634-4240,rudeljaeger,standard,0,1,1,4,5,7,4,10,0,4,1,11,0,0
match-607cf634-4240,urzeitliche_kolosse,standard,1,0,0,4,-1,9,3,8,2,3,4,5,0,0
match-e72f8576-4241,rudeljaeger,standard,0,0,1,8,-2,11,11,28,3,10,5,5,0,0
match-e72f8576-4241,urzeitliche_kolosse,standard,1,1,0,8,5,13,9,35,1,8,8,12,0,2
match-5317b7af-4242,rudeljaeger,standard,0,0,1,9,-3,14,13,34,5,12,6,8,0,0
match-5317b7af-4242,urzeitliche_kolosse,standard,1,1,0,9,2,13,10,40,4,9,8,13,0,0
match-d9ca46f1-4243,rudeljaeger,standard,0,1,1,9,6,12,10,30,6,9,9,13,0,0
match-d9ca46f1-4243,urzeitliche_kolosse,standard,1,0,0,9,-3,14,11,35,8,10,4,4,0,1
match-7b47733e-4244,rudeljaeger,standard,0,1,1,8,6,12,9,26,3,8,5,12,0,0
match-7b47733e-4244,urzeitliche_kolosse,standard,1,0,0,8,-2,13,9,33,3,8,6,4,0,1
match-01fa0281-4245,rudeljaeger,standard,0,0,1,10,0,16,12,31,16,11,6,5,0,0
match-01fa0281-4245,urzeitliche_kolosse,standard,1,1,0,10,5,16,11,36,9,10,6,10,0,0
match-6de234b9-4246,rudeljaeger,standard,0,1,1,8,5,12,11,31,2,11,6,11,0,0
match-6de234b9-4246,urzeitliche_kolosse,standard,1,0,0,8,-1,13,9,34,1,9,9,5,0,0
match-f494c3fb-4247,rudeljaeger,standard,0,0,1,12,-1,17,16,43,27,14,11,8,0,1
match-f494c3fb-4247,urzeitliche_kolosse,standard,1,1,0,12,2,16,15,57,16,15,12,11,0,7
match-2ae7fc20-4248,rudeljaeger,standard,0,1,1,5,7,9,5,15,0,5,0,13,0,0
match-2ae7fc20-4248,urzeitliche_kolosse,standard,1,0,0,5,-3,10,3,12,3,3,2,3,0,0
match-b19a8b62-4249,rudeljaeger,standard,0,0,1,10,-3,14,14,38,10,13,6,9,0,1
match-b19a8b62-4249,urzeitliche_kolosse,standard,1,1,0,10,1,15,11,45,9,11,13,13,0,0
match-1d82bd9b-4250,rudeljaeger,standard,0,1,1,6,6,9,8,18,0,7,3,10,0,1
match-1d82bd9b-4250,urzeitliche_kolosse,standard,1,0,0,6,0,12,6,20,1,6,4,4,0,0
match-a4354cdd-4251,rudeljaeger,standard,0,1,1,6,6,10,7,18,0,7,4,12,0,0
match-a4354cdd-4251,urzeitliche_kolosse,standard,1,0,0,6,-2,12,6,17,2,6,3,4,0,1
match-45b2792a-4252,rudeljaeger,standard,0,1,1,5,2,9,6,13,0,5,4,10,0,0
match-45b2792a-4252,urzeitliche_kolosse,standard,1,0,0,5,0,10,5,14,0,5,4,8,0,0
match-cc65086c-4253,rudeljaeger,standard,0,0,1,9,0,14,10,34,5,9,3,7,0,3
match-cc65086c-4253,urzeitliche_kolosse,standard,1,1,0,9,3,15,8,25,11,8,4,10,0,0
match-384d3aa5-4254,rudeljaeger,standard,0,1,1,5,4,9,6,14,1,6,3,12,0,0
match-384d3aa5-4254,urzeitliche_kolosse,standard,1,0,0,5,-2,8,5,14,1,5,3,6,0,0
match-beffc9e7-4255,rudeljaeger,standard,0,1,1,10,3,15,12,33,12,10,8,12,0,0
match-beffc9e7-4255,urzeitliche_kolosse,standard,1,0,0,10,-2,15,13,45,3,12,5,7,0,1
match-a7f2e492-4256,rudeljaeger,standard,0,1,1,8,8,14,8,27,3,8,5,11,0,0
match-a7f2e492-4256,urzeitliche_kolosse,standard,1,0,0,8,-1,13,8,33,3,8,4,2,0,0
match-2ea593d5-4257,rudeljaeger,standard,0,0,1,12,-1,16,13,34,32,11,9,7,0,0
match-2ea593d5-4257,urzeitliche_kolosse,standard,1,1,0,12,3,17,14,55,14,13,8,11,0,2
match-9a8da60d-4258,rudeljaeger,standard,0,0,1,11,-3,15,10,30,28,9,6,8,0,0
match-9a8da60d-4258,urzeitliche_kolosse,standard,1,1,0,11,2,16,11,43,15,10,5,13,0,0
match-21405550-4259,rudeljaeger,standard,0,1,1,7,6,12,8,25,3,7,5,13,0,2
match-21405550-4259,urzeitliche_kolosse,standard,1,0,0,7,-3,12,9,22,4,8,4,4,0,0
match-c2bd619c-4260,rudeljaeger,standard,0,1,1,4,7,7,3,9,1,3,1,12,0,0
match-c2bd619c-4260,urzeitliche_kolosse,standard,1,0,0,4,-2,10,2,6,3,2,1,3,0,0
match-497010df-4261,rudeljaeger,standard,0,1,1,6,2,10,9,20,1,7,4,11,0,0
match-497010df-4261,urzeitliche_kolosse,standard,1,0,0,6,-1,11,7,21,0,6,3,8,0,0
match-b5582317-4262,rudeljaeger,standard,0,1,1,6,2,10,6,14,4,5,3,10,0,0
match-b5582317-4262,urzeitliche_kolosse,standard,1,0,0,6,0,11,5,17,4,5,4,8,0,0
match-3c0ad25a-4263,rudeljaeger,standard,0,1,1,9,3,14,9,30,8,7,6,10,0,0
match-3c0ad25a-4263,urzeitliche_kolosse,standard,1,0,0,9,0,13,11,37,8,10,2,7,0,2
match-725dea7e-4264,rudeljaeger,standard,0,1,1,8,1,12,8,26,4,7,5,14,0,2
match-725dea7e-4264,urzeitliche_kolosse,standard,1,0,0,8,-4,13,8,31,5,7,3,9,0,0
match-f91099c0-4265,rudeljaeger,standard,0,1,1,9,6,12,8,25,11,7,6,12,0,0
match-f91099c0-4265,urzeitliche_kolosse,standard,1,0,0,9,-2,14,9,40,5,9,2,4,0,0
match-64f8abf9-4266,rudeljaeger,standard,0,1,1,14,7,18,17,45,49,15,12,11,0,0
match-64f8abf9-4266,urzeitliche_kolosse,standard,1,0,0,14,-1,19,17,67,32,16,12,3,0,2
match-ebab5b3b-4267,rudeljaeger,standard,0,1,1,4,6,8,5,10,0,5,3,10,0,0
match-ebab5b3b-4267,urzeitliche_kolosse,standard,1,0,0,4,0,9,4,10,0,4,2,4,0,0
match-8d286788-4268,rudeljaeger,standard,0,0,1,9,-1,15,9,26,10,7,8,9,0,0
match-8d286788-4268,urzeitliche_kolosse,standard,1,1,0,9,1,14,11,34,8,10,2,11,0,0
match-13db16cb-4269,rudeljaeger,standard,0,1,1,8,3,14,10,29,1,9,5,12,0,0
match-13db16cb-4269,urzeitliche_kolosse,standard,1,0,0,8,-2,13,7,32,4,7,7,7,0,0
match-7fc32903-4270,rudeljaeger,standard,0,1,1,6,8,12,6,21,0,6,4,11,0,0
match-7fc32903-4270,urzeitliche_kolosse,standard,1,0,0,6,-1,12,7,21,0,6,3,2,0,0
match-0675d846-4271,rudeljaeger,standard,0,1,1,5,2,8,5,13,1,5,1,11,0,0
match-0675d846-4271,urzeitliche_kolosse,standard,1,0,0,5,-1,9,5,14,1,4,3,8,0,0
match-3cc8f06a-4272,rudeljaeger,standard,0,0,1,9,-2,14,8,30,6,7,6,4,0,2
match-3cc8f06a-4272,urzeitliche_kolosse,standard,1,1,0,9,6,14,9,32,4,8,2,12,0,0
match-c37b9fac-4273,rudeljaeger,standard,0,1,1,4,7,7,5,10,0,5,0,10,0,0
match-c37b9fac-4273,urzeitliche_kolosse,standard,1,0,0,4,0,9,3,9,1,3,2,3,0,0
match-2f63b1e5-4274,rudeljaeger,standard,0,0,1,8,-3,12,11,24,8,9,2,5,0,0
match-2f63b1e5-4274,urzeitliche_kolosse,standard,1,1,0,8,5,14,7,29,1,6,5,13,0,0
match-b6164127-4275,rudeljaeger,standard,0,1,1,5,10,9,5,15,0,5,2,13,0,0
match-b6164127-4275,urzeitliche_kolosse,standard,1,0,0,5,-3,10,4,14,1,4,2,0,0,0
match-57936d74-4276,rudeljaeger,standard,0,0,1,9,0,13,12,32,10,11,7,6,0,3
match-57936d74-4276,urzeitliche_kolosse,standard,1,1,0,9,4,14,10,41,3,10,7,10,0,0
match-de461cb6-4277,rudeljaeger,standard,0,1,1,11,5,16,14,38,22,12,10,10,0,0
match-de461cb6-4277,urzeitliche_kolosse,standard,1,0,0,11,0,15,14,50,13,13,8,5,0,0
match-4a2e2eef-4278,rudeljaeger,standard,0,1,1,9,5,14,9,28,8,8,6,13,0,1
match-4a2e2eef-4278,urzeitliche_kolosse,standard,1,0,0,9,-3,14,10,42,1,9,4,5,0,3
match-d0e0de31-4279,rudeljaeger,standard,0,1,1,6,10,9,7,19,2,7,3,11,0,0
match-d0e0de31-4279,urzeitliche_kolosse,standard,1,0,0,6,-1,11,5,19,2,5,4,0,0,1
match-0733f656-4280,rudeljaeger,standard,0,1,1,10,4,13,12,36,13,11,11,13,0,0
match-0733f656-4280,urzeitliche_kolosse,standard,1,0,0,10,-3,16,13,51,3,12,8,6,0,3
match-8de68598-4281,rudeljaeger,standard,0,1,1,9,1,14,9,30,6,8,9,10,0,0
match-8de68598-4281,urzeitliche_kolosse,standard,1,0,0,9,0,13,12,41,1,12,3,9,0,0
match-f9ceb7d0-4282,rudeljaeger,standard,0,1,1,4,4,8,3,9,1,3,2,10,0,0
match-f9ceb7d0-4282,urzeitliche_kolosse,standard,1,0,0,4,0,8,4,9,1,4,1,6,0,0
match-80814713-4283,rudeljaeger,standard,0,0,1,5,0,9,5,15,0,5,1,5,0,0
match-80814713-4283,urzeitliche_kolosse,standard,1,1,0,5,5,11,4,14,1,4,2,10,0,0
match-21fe7360-4284,rudeljaeger,standard,0,1,1,9,1,14,10,35,5,8,10,12,0,1
match-21fe7360-4284,urzeitliche_kolosse,standard,1,0,0,9,-2,15,12,40,3,12,3,9,0,0
match-a8b102a2-4285,rudeljaeger,standard,0,1,1,9,1,13,9,25,11,8,6,12,0,0
match-a8b102a2-4285,urzeitliche_kolosse,standard,1,0,0,9,-2,12,11,40,4,10,4,9,0,0
match-149934db-4286,rudeljaeger,standard,0,1,1,7,1,12,10,26,2,10,7,12,0,0
match-149934db-4286,urzeitliche_kolosse,standard,1,0,0,7,-2,11,8,24,3,8,7,9,0,0
match-9b4bc41d-4287,rudeljaeger,standard,0,1,1,7,3,11,7,25,1,6,5,10,0,0
match-9b4bc41d-4287,urzeitliche_kolosse,standard,1,0,0,7,0,13,7,20,5,7,3,7,0,2
match-d19efc41-4288,rudeljaeger,standard,0,1,1,5,3,9,6,15,0,6,2,11,0,0
match-d19efc41-4288,urzeitliche_kolosse,standard,1,0,0,5,-1,11,4,13,2,4,4,7,0,0
match-58518b84-4289,rudeljaeger,standard,0,1,1,8,2,13,8,28,3,8,4,12,0,0
match-58518b84-4289,urzeitliche_kolosse,standard,1,0,0,8,-2,14,6,31,5,6,5,8,0,2
match-c439bdbc-4290,rudeljaeger,standard,0,0,1,9,-1,14,12,28,11,10,6,9,0,0
match-c439bdbc-4290,urzeitliche_kolosse,standard,1,1,0,9,1,15,10,40,1,9,7,11,0,0
match-4aec4cff-4291,rudeljaeger,standard,0,0,1,10,-1,15,14,35,12,12,10,7,0,0
match-4aec4cff-4291,urzeitliche_kolosse,standard,1,1,0,10,3,16,13,48,5,13,11,11,0,0
match-ec69794b-4292,rudeljaeger,standard,0,1,1,7,2,11,11,25,1,9,4,10,0,0
match-ec69794b-4292,urzeitliche_kolosse,standard,1,0,0,7,0,11,8,25,3,7,7,8,0,0
match-731c088e-4293,rudeljaeger,standard,0,1,1,5,1,10,6,15,0,6,1,14,0,0
match-731c088e-4293,urzeitliche_kolosse,standard,1,0,0,5,-4,10,4,14,1,4,3,9,0,0
match-df043ac6-4294,rudeljaeger,standard,0,1,1,7,6,12,10,23,3,8,7,10,0,0
match-df043ac6-4294,urzeitliche_kolosse,standard,1,0,0,7,0,12,8,27,1,8,3,4,0,2
match-65b6ca09-4295,rudeljaeger,standard,0,0,1,10,-3,14,10,28,17,9,7,7,0,0
match-65b6ca09-4295,urzeitliche_kolosse,standard,1,1,0,10,3,14,12,49,3,11,4,13,0,0
match-9c09e22d-4296,rudeljaeger,standard,0,1,1,4,6,7,3,9,1,3,1,10,0,0
match-9c09e22d-4296,urzeitliche_kolosse,standard,1,0,0,4,0,9,3,8,2,3,2,4,0,0
match-22bc9170-4297,rudeljaeger,standard,0,0,1,7,-1,12,9,28,0,8,1,5,0,1
match-22bc9170-4297,urzeitliche_kolosse,standard,1,1,0,7,5,11,7,24,1,6,4,11,0,1
match-8ea4a3a8-4298,rudeljaeger,standard,0,1,1,9,4,14,9,30,6,9,7,13,0,0
match-8ea4a3a8-4298,urzeitliche_kolosse,standard,1,0,0,9,-3,14,11,39,4,10,5,6,0,1
match-155752eb-4299,rudeljaeger,standard,0,1,1,4,10,8,4,8,0,3,0,12,0,0
match-155752eb-4299,urzeitliche_kolosse,standard,1,0,0,4,-2,9,2,7,3,2,1,0,0,0
match-b6d47f37-4300,rudeljaeger,standard,0,1,1,9,2,13,11,29,7,10,9,10,0,0
match-b6d47f37-4300,urzeitliche_kolosse,standard,1,0,0,9,0,15,10,42,2,10,6,8,0,0
match-3d870e7a-4301,rudeljaeger,standard,0,1,1,5,4,10,6,13,0,5,0,14,0,0
match-3d870e7a-4301,urzeitliche_kolosse,standard,1,0,0,5,-4,10,3,11,3,3,1,6,0,0
match-a96f20b2-4302,rudeljaeger,standard,0,1,1,6,2,10,7,20,1,7,4,10,0,0
match-a96f20b2-4302,urzeitliche_kolosse,standard,1,0,0,6,0,10,8,21,0,7,4,8,0,0
match-3021cff5-4303,rudeljaeger,standard,0,1,1,4,10,9,5,9,0,5,2,11,0,0
match-3021cff5-4303,urzeitliche_kolosse,standard,1,0,0,4,-1,10,3,8,2,3,4,0,0,0
match-6674e819-4304,rudeljaeger,standard,0,1,1,3,10,6,3,6,0,3,1,11,0,0
match-6674e819-4304,urzeitliche_kolosse,standard,1,0,0,3,-1,9,2,5,1,2,1,0,0,0
match-ed27975b-4305,rudeljaeger,standard,0,1,1,4,8,10,4,10,0,4,0,11,0,0
match-ed27975b-4305,urzeitliche_kolosse,standard,1,0,0,4,-1,9,2,7,3,2,0,2,0,0
match-590fa994-4306,rudeljaeger,standard,0,1,1,5,1,10,4,14,1,4,3,10,0,0
match-590fa994-4306,urzeitliche_kolosse,standard,1,0,0,5,0,11,5,14,1,5,1,9,0,0
match-dfc258d6-4307,rudeljaeger,standard,0,0,1,4,0,8,4,10,0,4,1,5,0,0
match-dfc258d6-4307,urzeitliche_kolosse,standard,1,1,0,4,5,8,4,9,0,4,2,10,0,0
match-813f6523-4308,rudeljaeger,standard,0,0,1,9,-1,13,9,23,16,8,4,9,0,0
match-813f6523-4308,urzeitliche_kolosse,standard,1,1,0,9,1,14,9,39,1,8,4,11,0,1
match-07f21466-4309,rudeljaeger,standard,0,0,1,15,0,19,18,50,59,16,12,7,0,1
match-07f21466-4309,urzeitliche_kolosse,standard,1,1,0,15,2,21,17,72,45,16,12,9,0,2
match-73da269e-4310,rudeljaeger,standard,0,1,1,3,7,7,3,6,0,3,0,11,0,0
match-73da269e-4310,urzeitliche_kolosse,standard,1,0,0,3,-1,8,2,5,1,2,0,3,0,0
match-fa8cd5e0-4311,rudeljaeger,standard,0,1,1,8,2,12,10,30,2,10,6,10,0,0
match-fa8cd5e0-4311,urzeitliche_kolosse,standard,1,0,0,8,0,13,10,30,6,9,5,8,0,0
match-30dfee05-4312,rudeljaeger,standard,0,1,1,5,6,9,6,13,2,5,2,10,0,0
match-30dfee05-4312,urzeitliche_kolosse,standard,1,0,0,5,0,12,4,12,3,4,3,4,0,0
match-b7929d47-4313,rudeljaeger,standard,0,1,1,12,1,16,16,46,25,15,10,14,0,1
match-b7929d47-4313,urzeitliche_kolosse,standard,1,0,0,12,-4,16,15,49,21,14,12,9,0,1
match-237aaf80-4314,rudeljaeger,standard,0,1,1,8,6,12,9,23,5,8,8,10,0,0
match-237aaf80-4314,urzeitliche_kolosse,standard,1,0,0,8,0,14,8,32,4,8,4,4,0,0
match-aa2d5ec2-4315,rudeljaeger,standard,0,1,1,4,3,8,4,9,1,4,1,10,0,0
match-aa2d5ec2-4315,urzeitliche_kolosse,standard,1,0,0,4,0,10,4,10,0,4,0,7,0,0
match-4baa6b0f-4316,rudeljaeger,standard,0,1,1,6,3,10,6,20,1,6,4,12,0,0
match-4baa6b0f-4316,urzeitliche_kolosse,standard,1,0,0,6,-2,11,7,17,1,6,4,7,0,0
match-d25d1a51-4317,rudeljaeger,standard,0,0,1,11,0,16,14,41,18,12,7,4,0,0
match-d25d1a51-4317,urzeitliche_kolosse,standard,1,1,0,11,6,17,12,51,8,12,9,10,0,1
match-3e452c8a-4318,rudeljaeger,standard,0,1,1,8,10,12,10,25,4,8,5,12,0,0
match-3e452c8a-4318,urzeitliche_kolosse,standard,1,0,0,8,-2,13,9,33,2,8,4,0,0,0
match-c4f7dbcc-4319,rudeljaeger,standard,0,1,1,5,10,9,8,14,1,6,1,10,0,0
match-c4f7dbcc-4319,urzeitliche_kolosse,standard,1,0,0,5,0,10,3,12,3,3,4,0,0,0
match-fb4af3f0-4320,rudeljaeger,standard,0,1,1,5,4,8,7,13,2,6,2,11,0,0
match-fb4af3f0-4320,urzeitliche_kolosse,standard,1,0,0,5,-1,11,4,11,2,4,2,6,0,0
match-81fd8333-4321,rudeljaeger,standard,0,0,1,6,0,9,9,21,0,8,3,9,0,0
match-81fd8333-4321,urzeitliche_kolosse,standard,1,1,0,6,1,12,7,20,1,7,5,10,0,0
match-ede5b56b-4322,rudeljaeger,standard,0,1,1,4,5,8,4,10,0,4,0,11,0,0
match-ede5b56b-4322,urzeitliche_kolosse,standard,1,0,0,4,-1,10,3,8,2,3,1,5,0,0
match-749844ae-4323,rudeljaeger,standard,0,0,1,15,0,19,18,50,58,16,13,7,0,0
match-749844ae-4323,urzeitliche_kolosse,standard,1,1,0,15,2,19,18,63,47,17,16,9,0,2
match-161570fb-4324,rudeljaeger,standard,0,0,1,14,-2,18,18,51,44,16,9,8,0,1
match-161570fb-4324,urzeitliche_kolosse,standard,1,1,0,14,2,20,15,58,41,14,13,12,0,2
match-9cc8003d-4325,rudeljaeger,standard,0,0,1,8,-3,11,11,27,2,9,6,5,0,0
match-9cc8003d-4325,urzeitliche_kolosse,standard,1,1,0,8,5,13,9,35,1,9,5,13,0,2
match-08b03276-4326,rudeljaeger,standard,0,1,1,6,3,11,7,19,1,7,2,12,0,0
match-08b03276-4326,urzeitliche_kolosse,standard,1,0,0,6,-2,12,6,18,3,5,4,7,0,1
match-8f62c1b8-4327,rudeljaeger,standard,0,1,1,8,1,12,9,29,3,7,6,12,0,0
match-8f62c1b8-4327,urzeitliche_kolosse,standard,1,0,0,8,-2,14,8,34,2,8,4,9,0,3
match-c5b5f9dc-4328,rudeljaeger,standard,0,1,1,4,4,9,4,9,0,4,1,11,0,0
match-c5b5f9dc-4328,urzeitliche_kolosse,standard,1,0,0,4,-1,8,3,9,1,3,1,6,0,0
match-4c68891f-4329,rudeljaeger,standard,0,0,1,8,-1,12,11,32,2,11,4,6,0,1
match-4c68891f-4329,urzeitliche_kolosse,standard,1,1,0,8,4,13,8,31,1,7,8,11,0,2
match-b850bb57-4330,rudeljaeger,standard,0,1,1,6,3,9,6,17,1,6,2,11,0,1
match-b850bb57-4330,urzeitliche_kolosse,standard,1,0,0,6,-1,11,6,19,2,6,5,7,0,0
match-3f034a9a-4331,rudeljaeger,standard,0,1,1,3,10,7,4,6,0,4,1,10,0,0
match-3f034a9a-4331,urzeitliche_kolosse,standard,1,0,0,3,0,9,2,5,1,2,2,0,0,0
match-e08076e6-4332,rudeljaeger,standard,0,1,1,8,3,12,11,24,5,10,7,10,0,0
match-e08076e6-4332,urzeitliche_kolosse,standard,1,0,0,8,0,14,9,31,3,9,8,7,0,0
match-67330629-4333,rudeljaeger,standard,0,1,1,3,10,7,3,6,0,3,0,10,0,0
match-67330629-4333,urzeitliche_kolosse,standard,1,0,0,3,0,9,1,3,3,1,1,0,0,0
match-d31b3861-4334,rudeljaeger,standard,0,1,1,11,4,14,14,41,16,12,12,10,0,0
match-d31b3861-4334,urzeitliche_kolosse,standard,1,0,0,11,0,16,14,47,11,13,12,6,0,1
match-59cdc7a4-4335,rudeljaeger,standard,0,0,1,7,0,13,11,22,2,10,2,7,0,0
match-59cdc7a4-4335,urzeitliche_kolosse,standard,1,1,0,7,3,12,7,26,0,7,7,10,0,0
match-9020ffc8-4336,rudeljaeger,standard,0,1,1,7,8,11,10,21,1,8,4,11,0,0
match-9020ffc8-4336,urzeitliche_kolosse,standard,1,0,0,7,-1,12,6,24,4,6,3,2,0,0
match-16d38f0b-4337,rudeljaeger,standard,0,1,1,10,1,14,13,33,15,11,8,11,0,0
match-16d38f0b-4337,urzeitliche_kolosse,standard,1,0,0,10,-1,14,12,39,11,11,8,9,0,0
match-82bba143-4338,rudeljaeger,standard,0,1,1,5,4,8,6,14,0,6,2,12,0,0
match-82bba143-4338,urzeitliche_kolosse,standard,1,0,0,5,-2,11,4,12,2,4,4,6,0,0
match-096e5086-4339,rudeljaeger,standard,0,1,1,7,2,12,6,20,4,5,6,11,0,2
match-096e5086-4339,urzeitliche_kolosse,standard,1,0,0,7,-1,11,7,26,2,7,1,8,0,1
match-aaeb7cd2-4340,rudeljaeger,standard,0,0,1,14,-4,19,17,50,43,15,8,8,0,1
match-aaeb7cd2-4340,urzeitliche_kolosse,standard,1,1,0,14,2,19,12,55,43,11,11,14,0,5
match-319e0c15-4341,rudeljaeger,standard,0,0,1,9,0,14,13,37,5,11,6,4,0,1
match-319e0c15-4341,urzeitliche_kolosse,standard,1,1,0,9,6,14,10,37,4,10,6,10,0,1
match-9d863e4d-4342,rudeljaeger,standard,0,1,1,4,3,8,5,9,0,5,2,10,0,0
match-9d863e4d-4342,urzeitliche_kolosse,standard,1,0,0,4,0,8,4,10,0,4,3,7,0,0
match-2438cd90-4343,rudeljaeger,standard,0,0,1,6,0,10,7,21,0,7,1,7,0,1
match-2438cd90-4343,urzeitliche_kolosse,standard,1,1,0,6,3,11,5,18,2,5,4,10,0,0
match-5a8be5b4-4344,rudeljaeger,standard,0,0,1,3,-1,9,2,5,1,2,0,3,0,0
match-5a8be5b4-4344,urzeitliche_kolosse,standard,1,1,0,3,7,8,3,5,1,3,0,11,0,0
match-e13e94f6-4345,rudeljaeger,standard,0,1,1,7,3,12,10,26,2,9,7,10,0,0
match-e13e94f6-4345,urzeitliche_kolosse,standard,1,0,0,7,0,11,8,20,5,8,4,7,0,0
match-4d26a72f-4346,rudeljaeger,standard,0,1,1,13,3,16,15,46,34,14,11,11,0,0
match-4d26a72f-4346,urzeitliche_kolosse,standard,1,0,0,13,-1,18,16,57,24,15,10,7,0,0
match-d3d95671-4347,rudeljaeger,standard,0,1,1,6,4,12,5,18,3,5,3,11,0,0
match-d3d95671-4347,urzeitliche_kolosse,standard,1,0,0,6,-1,12,6,18,2,6,3,6,0,0
match-755662be-4348,rudeljaeger,standard,0,1,1,11,4,17,15,40,16,13,10,11,0,0
match-755662be-4348,urzeitliche_kolosse,standard,1,0,0,11,-1,15,14,50,12,13,9,6,0,0
match-fc091200-4349,rudeljaeger,standard,0,0,1,10,0,15,11,36,9,9,8,6,0,0
match-fc091200-4349,urzeitliche_kolosse,standard,1,1,0,10,4,14,11,47,2,11,5,10,0,0
match-67f12439-4350,rudeljaeger,standard,0,0,1,9,0,14,12,30,8,11,5,7,0,0
match-67f12439-4350,urzeitliche_kolosse,standard,1,1,0,9,3,15,9,40,3,9,6,10,0,0
match-eea3d37b-4351,rudeljaeger,standard,0,1,1,5,6,9,5,14,1,5,3,10,0,0
match-eea3d37b-4351,urzeitliche_kolosse,standard,1,0,0,5,0,9,5,13,1,5,2,4,0,0
match-24f6eba0-4352,rudeljaeger,standard,0,0,1,11,-2,15,11,35,25,9,8,7,0,0
match-24f6eba0-4352,urzeitliche_kolosse,standard,1,1,0,11,3,14,13,52,7,12,7,12,0,0
match-aba99ae2-4353,rudeljaeger,standard,0,1,1,14,7,17,14,45,46,13,13,14,0,0
match-aba99ae2-4353,urzeitliche_kolosse,standard,1,0,0,14,-4,19,17,64,30,16,9,3,0,0
match-1791ad1b-4354,rudeljaeger,standard,0,0,1,8,0,14,9,24,4,7,6,8,0,0
match-1791ad1b-4354,urzeitliche_kolosse,standard,1,1,0,8,2,14,9,36,0,8,2,10,0,0
match-9e445c5d-4355,rudeljaeger,standard,0,1,1,6,6,12,6,18,0,5,3,11,0,0
match-9e445c5d-4355,urzeitliche_kolosse,standard,1,0,0,6,-1,9,6,19,1,6,2,4,0,0
match-3fc168aa-4356,rudeljaeger,standard,0,0,1,9,-1,12,11,33,4,10,5,7,0,0
match-3fc168aa-4356,urzeitliche_kolosse,standard,1,1,0,9,3,13,8,34,6,8,6,11,0,0
match-c67417ec-4357,rudeljaeger,standard,0,0,1,8,-1,12,10,28,2,8,6,5,0,0
match-c67417ec-4357,urzeitliche_kolosse,standard,1,1,0,8,5,13,9,33,1,8,3,11,0,0
match-325c2a25-4358,rudeljaeger,standard,0,1,1,8,4,12,11,20,9,9,6,10,0,0
match-325c2a25-4358,urzeitliche_kolosse,standard,1,0,0,8,0,14,9,31,4,9,5,6,0,0
match-b90ed967-4359,rudeljaeger,standard,0,1,1,4,10,8,4,10,0,4,2,10,0,0
match-b90ed967-4359,urzeitliche_kolosse,standard,1,0,0,4,0,10,2,4,2,2,2,0,0,0
match-ef61f18b-4360,rudeljaeger,standard,0,1,1,5,3,9,5,14,1,4,3,11,0,0
match-ef61f18b-4360,urzeitliche_kolosse,standard,1,0,0,5,-1,10,6,13,1,6,1,7,0,0
match-761480ce-4361,rudeljaeger,standard,0,1,1,5,10,8,6,14,0,6,2,11,0,0
match-761480ce-4361,urzeitliche_kolosse,standard,1,0,0,5,-1,10,3,9,6,3,3,0,0,0
match-e1fcb306-4362,rudeljaeger,standard,0,1,1,7,3,12,9,28,0,9,6,11,0,0
match-e1fcb306-4362,urzeitliche_kolosse,standard,1,0,0,7,-1,13,8,26,2,7,4,7,0,1
match-68af4249-4363,rudeljaeger,standard,0,0,1,13,-2,18,16,42,39,14,13,8,0,1
match-68af4249-4363,urzeitliche_kolosse,standard,1,1,0,13,2,16,16,60,23,15,13,12,0,1
match-0a2c6e96-4364,rudeljaeger,standard,0,0,1,9,0,13,11,32,10,9,4,4,0,3
match-0a2c6e96-4364,urzeitliche_kolosse,standard,1,1,0,9,6,14,9,39,4,9,5,10,0,0
match-90df1dd8-4365,rudeljaeger,standard,0,1,1,9,6,13,11,33,5,9,8,12,0,0
match-90df1dd8-4365,urzeitliche_kolosse,standard,1,0,0,9,-2,14,11,42,1,11,6,4,0,0
match-fcc73010-4366,rudeljaeger,standard,0,0,1,9,-1,13,12,33,8,10,6,6,0,0
match-fcc73010-4366,urzeitliche_kolosse,standard,1,1,0,9,4,15,10,39,1,10,8,11,0,2
match-8379df53-4367,rudeljaeger,standard,0,1,1,5,7,9,7,14,0,7,2,10,0,0
match-8379df53-4367,urzeitliche_kolosse,standard,1,0,0,5,0,11,4,14,1,4,2,3,0,0
match-b9ccf777-4368,rudeljaeger,standard,0,1,1,5,6,9,5,14,1,5,2,11,0,0
match-b9ccf777-4368,urzeitliche_kolosse,standard,1,0,0,5,-1,11,5,13,2,4,4,4,0,0
match-407f86ba-4369,rudeljaeger,standard,0,1,1,4,10,8,4,9,1,4,1,10,0,0
match-407f86ba-4369,urzeitliche_kolosse,standard,1,0,0,4,0,8,3,8,1,3,2,0,0,0
match-ac67b8f2-4370,rudeljaeger,standard,0,1,1,7,3,12,10,26,1,9,4,10,0,0
match-ac67b8f2-4370,urzeitliche_kolosse,standard,1,0,0,7,0,11,7,24,2,7,6,7,0,0
match-331a4835-4371,rudeljaeger,standard,0,1,1,8,3,11,8,26,4,7,5,12,0,1
match-331a4835-4371,urzeitliche_kolosse,standard,1,0,0,8,-2,13,9,31,5,8,3,7,0,0
match-d4977481-4372,rudeljaeger,standard,0,0,1,10,-1,15,12,36,14,11,8,8,0,0
match-d4977481-4372,urzeitliche_kolosse,standard,1,1,0,10,2,14,12,49,5,12,7,11,0,4
match-5b4a03c4-4373,rudeljaeger,standard,0,0,1,9,-2,14,12,33,5,10,8,4,0,2
match-5b4a03c4-4373,urzeitliche_kolosse,standard,1,1,0,9,6,13,10,36,4,10,7,12,0,0
match-c73235fc-4374,rudeljaeger,standard,0,1,1,3,10,7,3,6,0,3,0,10,0,0
match-c73235fc-4374,urzeitliche_kolosse,standard,1,0,0,3,0,9,1,3,3,1,0,0,0,0
match-4de4c53f-4375,rudeljaeger,standard,0,1,1,11,7,16,15,44,14,14,12,12,0,2
match-4de4c53f-4375,urzeitliche_kolosse,standard,1,0,0,11,-2,15,14,48,10,13,10,3,0,0
match-8437fd63-4376,rudeljaeger,standard,0,1,1,6,10,11,8,15,3,7,3,12,0,0
match-8437fd63-4376,urzeitliche_kolosse,standard,1,0,0,6,-2,10,6,20,1,5,3,0,0,0
match-0aea8ca6-4377,rudeljaeger,standard,0,1,1,9,6,14,11,36,4,10,9,13,0,3
match-0aea8ca6-4377,urzeitliche_kolosse,standard,1,0,0,9,-3,15,11,36,3,10,6,4,0,0
match-76d2bede-4378,rudeljaeger,standard,0,0,1,5,0,8,5,13,1,5,1,8,0,0
match-76d2bede-4378,urzeitliche_kolosse,standard,1,1,0,5,2,11,4,12,2,4,3,10,0,0
match-fd854e20-4379,rudeljaeger,standard,0,0,1,7,-1,12,9,21,1,9,4,7,0,0
match-fd854e20-4379,urzeitliche_kolosse,standard,1,1,0,7,3,12,7,27,1,7,8,11,0,0
match-9f027a6d-4380,rudeljaeger,standard,0,1,1,7,6,12,7,25,1,7,6,11,0,2
match-9f027a6d-4380,urzeitliche_kolosse,standard,1,0,0,7,-1,13,8,26,2,7,2,4,0,0
match-25b509b0-4381,rudeljaeger,standard,0,1,1,5,6,9,5,14,1,4,2,10,0,0
match-25b509b0-4381,urzeitliche_kolosse,standard,1,0,0,5,0,9,5,15,0,5,0,4,0,0
match-919d3be8-4382,rudeljaeger,standard,0,1,1,7,6,13,8,28,0,8,6,11,0,0
match-919d3be8-4382,urzeitliche_kolosse,standard,1,0,0,7,-1,11,9,25,1,8,4,4,0,1
match-184fcb2b-4383,rudeljaeger,standard,0,1,1,11,1,17,12,34,25,10,9,10,0,3
match-184fcb2b-4383,urzeitliche_kolosse,standard,1,0,0,11,0,15,13,46,14,12,5,9,0,0
match-0142e5d6-4384,rudeljaeger,standard,0,1,1,5,5,10,6,15,0,5,2,12,0,0
match-0142e5d6-4384,urzeitliche_kolosse,standard,1,0,0,5,-2,9,5,15,0,4,4,5,0,0
match-87f59518-4385,rudeljaeger,standard,0,0,1,5,0,11,5,14,1,5,1,7,0,0
match-87f59518-4385,urzeitliche_kolosse,standard,1,1,0,5,3,11,4,13,2,4,2,10,0,0
match-f3dda750-4386,rudeljaeger,standard,0,1,1,12,1,19,14,42,28,13,12,13,0,1
match-f3dda750-4386,urzeitliche_kolosse,standard,1,0,0,12,-3,18,15,57,11,14,9,9,0,4
match-7a905693-4387,rudeljaeger,standard,0,1,1,5,8,11,5,14,1,5,2,10,0,0
match-7a905693-4387,urzeitliche_kolosse,standard,1,0,0,5,0,10,4,13,1,4,0,2,0,0
match-1c0d62e0-4388,rudeljaeger,standard,0,1,1,10,2,13,13,35,17,13,9,10,0,0
match-1c0d62e0-4388,urzeitliche_kolosse,standard,1,0,0,10,0,14,13,45,4,12,9,8,0,1
match-a2c01222-4389,rudeljaeger,standard,0,0,1,5,-2,9,6,15,0,6,1,4,0,0
match-a2c01222-4389,urzeitliche_kolosse,standard,1,1,0,5,6,11,4,13,2,4,3,12,0,0
match-0ea8245b-4390,rudeljaeger,standard,0,1,1,3,10,7,3,6,0,3,0,10,0,0
match-0ea8245b-4390,urzeitliche_kolosse,standard,1,0,0,3,0,9,1,3,3,1,0,0,0,0
match-955ad39d-4391,rudeljaeger,standard,0,1,1,5,3,10,6,15,0,6,1,11,0,0
match-955ad39d-4391,urzeitliche_kolosse,standard,1,0,0,5,-1,10,4,13,2,4,4,7,0,0
match-cbadebc1-4392,rudeljaeger,standard,0,1,1,5,6,8,6,15,0,6,0,11,0,0
match-cbadebc1-4392,urzeitliche_kolosse,standard,1,0,0,5,-1,9,3,11,4,3,4,4,0,0
match-52609b04-4393,rudeljaeger,standard,0,1,1,13,6,19,17,46,34,15,12,12,0,1
match-52609b04-4393,urzeitliche_kolosse,standard,1,0,0,13,-2,18,16,62,23,15,14,4,0,2
match-be48ad3c-4394,rudeljaeger,standard,0,0,1,13,-2,18,13,40,38,12,8,9,0,0
match-be48ad3c-4394,urzeitliche_kolosse,standard,1,1,0,13,1,18,13,47,31,12,7,12,0,0
match-44fb5c7f-4395,rudeljaeger,standard,0,1,1,3,10,6,3,5,1,3,0,10,0,0
match-44fb5c7f-4395,urzeitliche_kolosse,standard,1,0,0,3,0,8,1,3,3,1,0,0,0,0
match-e67868cb-4396,rudeljaeger,standard,0,0,1,9,-1,14,12,27,13,10,5,6,0,3
match-e67868cb-4396,urzeitliche_kolosse,standard,1,1,0,9,4,12,9,36,8,9,6,11,0,3
match-6d2b180e-4397,rudeljaeger,standard,0,0,1,5,-1,8,4,13,2,4,3,3,0,0
match-6d2b180e-4397,urzeitliche_kolosse,standard,1,1,0,5,7,9,6,14,0,6,2,11,0,0
match-d9132a46-4398,rudeljaeger,standard,0,1,1,7,4,11,10,22,1,9,4,10,0,2
match-d9132a46-4398,urzeitliche_kolosse,standard,1,0,0,7,0,13,8,26,2,7,6,6,0,1
match-5fc5d989-4399,rudeljaeger,standard,0,1,1,8,1,13,11,21,7,9,5,11,0,0
match-5fc5d989-4399,urzeitliche_kolosse,standard,1,0,0,8,-1,14,9,34,1,9,5,9,0,0
match-9618f1ad-4400,rudeljaeger,standard,0,0,1,8,-1,11,11,23,6,10,5,8,0,0
match-9618f1ad-4400,urzeitliche_kolosse,standard,1,1,0,8,2,12,9,33,3,8,7,11,0,0
match-1ccb80f0-4401,rudeljaeger,standard,0,1,1,6,8,11,8,20,1,7,2,10,0,0
match-1ccb80f0-4401,urzeitliche_kolosse,standard,1,0,0,6,0,12,5,18,3,5,4,2,0,0
match-88b3b328-4402,rudeljaeger,standard,0,1,1,7,10,11,9,24,2,8,5,12,0,1
match-88b3b328-4402,urzeitliche_kolosse,standard,1,0,0,7,-2,11,7,24,4,7,5,0,0,1
match-0f66426b-4403,rudeljaeger,standard,0,0,1,10,-2,15,11,36,10,10,5,4,0,1
match-0f66426b-4403,urzeitliche_kolosse,standard,1,1,0,10,6,15,10,36,9,9,8,12,0,0
match-b0e36eb7-4404,rudeljaeger,standard,0,1,1,6,3,11,6,19,0,6,1,13,0,0
match-b0e36eb7-4404,urzeitliche_kolosse,standard,1,0,0,6,-3,12,4,17,4,4,5,7,0,1
match-37961dfa-4405,rudeljaeger,standard,0,1,1,9,6,13,10,28,12,9,8,10,0,0
match-37961dfa-4405,urzeitliche_kolosse,standard,1,0,0,9,0,14,12,37,5,11,5,4,0,1
match-a37e3032-4406,rudeljaeger,standard,0,1,1,4,3,9,3,9,1,3,2,10,0,0
match-a37e3032-4406,urzeitliche_kolosse,standard,1,0,0,4,0,9,4,9,1,4,0,7,0,0
match-2a30df75-4407,rudeljaeger,standard,0,0,1,9,-4,12,12,33,8,11,6,6,0,0
match-2a30df75-4407,urzeitliche_kolosse,standard,1,1,0,9,4,14,10,38,1,10,7,14,0,0
match-6083f799-4408,rudeljaeger,standard,0,0,1,15,0,20,18,53,54,16,11,6,0,1
match-6083f799-4408,urzeitliche_kolosse,standard,1,1,0,15,4,20,16,67,45,16,12,10,0,1
match-e73686db-4409,rudeljaeger,standard,0,0,1,8,0,13,11,24,5,11,4,8,0,0
match-e73686db-4409,urzeitliche_kolosse,standard,1,1,0,8,2,14,10,31,3,9,9,10,0,1
match-531eb914-4410,rudeljaeger,standard,0,1,1,7,2,10,10,24,0,8,5,12,0,0
match-531eb914-4410,urzeitliche_kolosse,standard,1,0,0,7,-2,11,7,24,4,7,5,8,0,0
match-d9d14856-4411,rudeljaeger,standard,0,1,1,3,10,6,3,6,0,3,1,11,0,0
match-d9d14856-4411,urzeitliche_kolosse,standard,1,0,0,3,-1,7,2,5,1,2,1,0,0,0
match-7b4e74a3-4412,rudeljaeger,standard,0,1,1,7,7,12,9,26,1,9,3,11,0,0
match-7b4e74a3-4412,urzeitliche_kolosse,standard,1,0,0,7,-1,11,7,26,2,7,7,3,0,0
match-020103e6-4413,rudeljaeger,standard,0,0,1,8,-1,12,11,33,1,11,4,5,0,0
match-020103e6-4413,urzeitliche_kolosse,standard,1,1,0,8,5,13,8,34,2,8,9,11,0,0
match-6de9361e-4414,rudeljaeger,standard,0,1,1,4,10,8,4,10,0,4,0,11,0,0
match-6de9361e-4414,urzeitliche_kolosse,standard,1,0,0,4,-1,9,2,7,3,2,1,0,0,0
match-f49bc560-4415,rudeljaeger,standard,0,1,1,8,6,13,10,25,5,8,7,11,0,0
match-f49bc560-4415,urzeitliche_kolosse,standard,1,0,0,8,-1,14,8,33,3,8,3,4,0,1
match-2aeefd85-4416,rudeljaeger,standard,0,0,1,7,-1,10,10,26,1,8,6,9,0,2
match-2aeefd85-4416,urzeitliche_kolosse,standard,1,1,0,7,1,11,8,25,3,8,4,11,0,0
match-b1a18cc7-4417,rudeljaeger,standard,0,0,1,7,-1,10,9,25,2,8,3,7,0,1
match-b1a18cc7-4417,urzeitliche_kolosse,standard,1,1,0,7,3,13,8,27,1,8,6,11,0,0
match-1d89bf00-4418,rudeljaeger,standard,0,1,1,6,6,10,6,15,2,6,1,11,0,0
match-1d89bf00-4418,urzeitliche_kolosse,standard,1,0,0,6,-1,11,4,17,4,4,6,4,0,0
match-a43c4e42-4419,rudeljaeger,standard,0,1,1,4,10,9,4,9,1,3,1,11,0,0
match-a43c4e42-4419,urzeitliche_kolosse,standard,1,0,0,4,-1,9,3,6,3,2,1,0,0,0
match-45b97a8f-4420,rudeljaeger,standard,0,1,1,6,10,10,7,20,1,6,2,10,0,0
match-45b97a8f-4420,urzeitliche_kolosse,standard,1,0,0,6,0,11,5,17,4,5,2,0,0,0
match-cc6c09d1-4421,rudeljaeger,standard,0,0,1,8,-1,11,7,23,5,7,4,6,0,0
match-cc6c09d1-4421,urzeitliche_kolosse,standard,1,1,0,8,4,12,8,30,1,8,2,11,0,0
match-38543c0a-4422,rudeljaeger,standard,0,1,1,3,10,7,3,6,0,3,0,10,0,0
match-38543c0a-4422,urzeitliche_kolosse,standard,1,0,0,3,0,9,1,3,3,1,0,0,0,0
match-bf06cb4c-4423,rudeljaeger,standard,0,0,1,11,-2,17,14,43,15,12,7,4,0,2
match-bf06cb4c-4423,urzeitliche_kolosse,standard,1,1,0,11,6,17,12,42,13,11,9,12,0,2
match-f559e370-4424,rudeljaeger,standard,0,0,1,9,0,14,12,28,11,11,4,9,0,1
match-f559e370-4424,urzeitliche_kolosse,standard,1,1,0,9,1,15,8,30,9,8,8,10,0,1
match-7c0c92b3-4425,rudeljaeger,standard,0,1,1,5,6,9,7,15,0,6,2,10,0,0
match-7c0c92b3-4425,urzeitliche_kolosse,standard,1,0,0,5,0,10,4,12,2,4,2,4,0,0
match-e7f4a4eb-4426,rudeljaeger,standard,0,1,1,4,4,8,5,10,0,4,0,11,0,0
match-e7f4a4eb-4426,urzeitliche_kolosse,standard,1,0,0,4,-1,8,2,6,3,2,3,6,0,0
match-6ea7542e-4427,rudeljaeger,standard,0,0,1,8,-1,11,8,23,7,6,4,8,0,0
match-6ea7542e-4427,urzeitliche_kolosse,standard,1,1,0,8,2,12,7,30,6,7,1,11,0,0
match-1024607b-4428,rudeljaeger,standard,0,1,1,6,8,10,6,17,0,6,2,11,0,1
match-1024607b-4428,urzeitliche_kolosse,standard,1,0,0,6,-1,11,5,17,4,5,3,2,0,0
match-96d70fbd-4429,rudeljaeger,standard,0,1,1,5,5,10,4,13,2,4,2,10,0,0
match-96d70fbd-4429,urzeitliche_kolosse,standard,1,0,0,5,0,11,5,14,0,5,1,5,0,0
match-02bf21f6-4430,rudeljaeger,standard,0,0,1,10,-1,14,13,35,14,12,4,9,0,0
match-02bf21f6-4430,urzeitliche_kolosse,standard,1,1,0,10,1,16,10,44,6,9,8,11,0,0
match-8971d138-4431,rudeljaeger,standard,0,1,1,3,10,7,3,6,0,3,1,11,0,0
match-8971d138-4431,urzeitliche_kolosse,standard,1,0,0,3,-1,9,1,2,1,1,1,0,0,0
match-bfc4e95c-4432,rudeljaeger,standard,0,0,1,12,-1,16,15,41,29,13,8,8,0,4
match-bfc4e95c-4432,urzeitliche_kolosse,standard,1,1,0,12,2,19,13,52,16,12,10,11,0,1
match-4677989f-4433,rudeljaeger,standard,0,1,1,4,5,8,5,10,0,5,1,10,0,0
match-4677989f-4433,urzeitliche_kolosse,standard,1,0,0,4,0,9,4,10,0,3,4,5,0,0
match-b25faad7-4434,rudeljaeger,standard,0,0,1,9,-2,14,12,27,14,10,3,7,0,0
match-b25faad7-4434,urzeitliche_kolosse,standard,1,1,0,9,3,15,8,34,4,7,8,12,0,0
match-39125a1a-4435,rudeljaeger,standard,0,1,1,5,7,8,6,14,0,5,3,10,0,0
match-39125a1a-4435,urzeitliche_kolosse,standard,1,0,0,5,0,9,5,14,1,5,3,3,0,0
match-da8f6666-4436,rudeljaeger,standard,0,0,1,5,0,9,8,12,0,7,2,9,0,0
match-da8f6666-4436,urzeitliche_kolosse,standard,1,1,0,5,1,11,4,13,2,4,7,10,0,0
match-614215a9-4437,rudeljaeger,standard,0,1,1,5,7,11,7,14,0,6,1,10,0,0
match-614215a9-4437,urzeitliche_kolosse,standard,1,0,0,5,0,10,3,12,3,3,3,3,0,0
match-cd2a27e1-4438,rudeljaeger,standard,0,0,1,10,-5,14,9,31,14,7,8,7,0,2
match-cd2a27e1-4438,urzeitliche_kolosse,standard,1,1,0,10,3,15,11,49,3,11,2,15,0,0
match-53dcd724-4439,rudeljaeger,standard,0,1,1,6,10,9,8,19,1,7,4,10,0,0
match-53dcd724-4439,urzeitliche_kolosse,standard,1,0,0,6,0,11,6,15,1,6,4,0,0,0
match-8a2fef48-4440,rudeljaeger,standard,0,1,1,6,4,10,8,20,1,8,1,12,0,0
match-8a2fef48-4440,urzeitliche_kolosse,standard,1,0,0,6,-2,12,5,17,4,4,3,6,0,1
match-10e29e8b-4441,rudeljaeger,standard,0,0,1,5,-2,8,6,13,2,5,2,7,0,0
match-10e29e8b-4441,urzeitliche_kolosse,standard,1,1,0,5,3,11,5,13,1,5,4,12,0,0
match-7ccab0c3-4442,rudeljaeger,standard,0,1,1,5,3,9,4,14,1,4,3,12,0,0
match-7ccab0c3-4442,urzeitliche_kolosse,standard,1,0,0,5,-2,10,5,15,0,5,1,7,0,0
match-037d4006-4443,rudeljaeger,standard,0,0,1,13,-5,17,17,46,34,16,13,5,0,2
match-037d4006-4443,urzeitliche_kolosse,standard,1,1,0,13,5,17,16,62,17,15,15,15,0,0
match-a4fa6c52-4444,rudeljaeger,standard,0,1,1,5,4,9,5,13,2,4,2,10,0,0
match-a4fa6c52-4444,urzeitliche_kolosse,standard,1,0,0,5,0,11,6,15,0,5,0,6,0,0
match-2bad1b95-4445,rudeljaeger,standard,0,1,1,6,10,11,8,20,1,7,3,11,0,0
match-2bad1b95-4445,urzeitliche_kolosse,standard,1,0,0,6,-1,11,5,19,2,5,3,0,0,0
match-97952dcd-4446,rudeljaeger,standard,0,1,1,7,10,11,8,22,1,7,3,11,0,0
match-97952dcd-4446,urzeitliche_kolosse,standard,1,0,0,7,-1,12,6,25,3,6,3,0,0,0
match-1e47dd10-4447,rudeljaeger,standard,0,1,1,7,10,11,9,25,1,8,3,10,0,0
match-1e47dd10-4447,urzeitliche_kolosse,standard,1,0,0,7,0,12,6,23,5,6,4,0,0,0
match-549af534-4448,rudeljaeger,standard,0,0,1,10,0,16,10,32,22,9,7,4,0,0
match-549af534-4448,urzeitliche_kolosse,standard,1,1,0,10,6,15,11,40,7,10,6,10,0,1
match-db4d8476-4449,rudeljaeger,standard,0,1,1,4,7,7,4,9,0,4,0,10,0,0
match-db4d8476-4449,urzeitliche_kolosse,standard,1,0,0,4,0,10,2,7,3,2,2,3,0,0
match-4735b6af-4450,rudeljaeger,standard,0,0,1,8,-2,13,11,29,3,10,3,8,0,0
match-4735b6af-4450,urzeitliche_kolosse,standard,1,1,0,8,2,13,8,31,4,8,8,12,0,0
match-cde845f1-4451,rudeljaeger,standard,0,1,1,6,6,10,7,21,0,7,3,12,0,0
match-cde845f1-4451,urzeitliche_kolosse,standard,1,0,0,6,-2,12,6,20,1,6,4,4,0,1
match-6f65723e-4452,rudeljaeger,standard,0,0,1,10,0,14,12,35,14,11,7,9,0,1
match-6f65723e-4452,urzeitliche_kolosse,standard,1,1,0,10,1,15,12,45,9,12,9,10,0,5
match-f6180180-4453,rudeljaeger,standard,0,1,1,5,3,11,6,13,1,5,1,12,0,0
match-f6180180-4453,urzeitliche_kolosse,standard,1,0,0,5,-2,10,5,13,2,5,2,7,0,0
match-620033b9-4454,rudeljaeger,standard,0,0,1,8,-1,13,7,24,4,5,6,6,0,1
match-620033b9-4454,urzeitliche_kolosse,standard,1,1,0,8,4,14,9,31,4,9,1,11,0,1
match-e8b2c2fb-4455,rudeljaeger,standard,0,0,1,8,-1,12,9,25,3,8,4,3,0,2
match-e8b2c2fb-4455,urzeitliche_kolosse,standard,1,1,0,8,7,13,8,32,0,8,4,11,0,2
match-1f05fb20-4456,rudeljaeger,standard,0,1,1,5,10,11,7,15,0,7,2,10,0,0
match-1f05fb20-4456,urzeitliche_kolosse,standard,1,0,0,5,0,11,4,12,2,4,2,0,0,0
match-a5b88a62-4457,rudeljaeger,standard,0,1,1,4,7,8,5,10,0,4,4,11,0,0
match-a5b88a62-4457,urzeitliche_kolosse,standard,1,0,0,4,-1,9,5,9,0,4,3,3,0,0
match-11a0bc9b-4458,rudeljaeger,standard,0,0,1,14,-2,19,17,44,49,15,14,7,0,3
match-11a0bc9b-4458,urzeitliche_kolosse,standard,1,1,0,14,3,18,17,67,25,16,13,12,0,1
match-98534bdd-4459,rudeljaeger,standard,0,1,1,4,7,9,5,10,0,5,0,11,0,0
match-98534bdd-4459,urzeitliche_kolosse,standard,1,0,0,4,-1,9,2,7,3,2,4,3,0,0
match-39d0782a-4460,rudeljaeger,standard,0,1,1,7,6,10,10,21,4,9,4,11,0,0
match-39d0782a-4460,urzeitliche_kolosse,standard,1,0,0,7,-1,13,7,26,2,7,5,4,0,0
match-c083076c-4461,rudeljaeger,standard,0,1,1,7,3,10,10,24,0,9,7,11,0,1
match-c083076c-4461,urzeitliche_kolosse,standard,1,0,0,7,-1,13,10,25,2,9,9,7,0,0
match-2c6b39a5-4462,rudeljaeger,standard,0,1,1,5,10,9,6,13,1,5,2,11,0,0
match-2c6b39a5-4462,urzeitliche_kolosse,standard,1,0,0,5,-1,11,3,12,3,3,1,0,0,0
match-b31dc8e7-4463,rudeljaeger,standard,0,1,1,7,3,12,10,26,0,8,5,11,0,0
match-b31dc8e7-4463,urzeitliche_kolosse,standard,1,0,0,7,-1,11,8,28,0,8,4,7,0,0
match-e970e10b-4464,rudeljaeger,standard,0,1,1,14,5,20,16,48,48,14,12,10,0,1
match-e970e10b-4464,urzeitliche_kolosse,standard,1,0,0,14,0,19,17,62,33,16,10,5,0,2
match-7023904e-4465,rudeljaeger,standard,0,1,1,7,6,11,10,25,3,10,6,10,0,0
match-7023904e-4465,urzeitliche_kolosse,standard,1,0,0,7,0,13,8,27,1,7,6,4,0,0
match-dc0ba286-4466,rudeljaeger,standard,0,1,1,6,3,10,8,19,0,7,6,13,0,0
match-dc0ba286-4466,urzeitliche_kolosse,standard,1,0,0,6,-3,10,8,21,0,8,5,7,0,0
match-62be51c9-4467,rudeljaeger,standard,0,1,1,7,6,11,8,23,2,7,4,10,0,0
match-62be51c9-4467,urzeitliche_kolosse,standard,1,0,0,7,0,13,7,27,1,7,5,4,0,1
match-043b7e16-4468,rudeljaeger,standard,0,0,1,6,0,12,9,19,0,8,3,6,0,0
match-043b7e16-4468,urzeitliche_kolosse,standard,1,1,0,6,4,11,6,21,0,6,4,10,0,0
match-8aee0d58-4469,rudeljaeger,standard,0,1,1,7,4,11,10,24,2,8,4,10,0,1
match-8aee0d58-4469,urzeitliche_kolosse,standard,1,0,0,7,0,12,9,27,1,8,5,6,0,0
match-f6d63f90-4470,rudeljaeger,standard,0,1,1,5,7,10,7,15,0,6,4,11,0,0
match-f6d63f90-4470,urzeitliche_kolosse,standard,1,0,0,5,-1,10,5,14,1,5,3,3,0,0
match-7d88ced3-4471,rudeljaeger,standard,0,1,1,7,7,10,8,26,2,7,2,11,0,0
match-7d88ced3-4471,urzeitliche_kolosse,standard,1,0,0,7,-1,12,6,22,5,6,5,3,0,0
match-b3dbe6f7-4472,rudeljaeger,standard,0,1,1,10,1,14,13,40,13,12,9,12,0,0
match-b3dbe6f7-4472,urzeitliche_kolosse,standard,1,0,0,10,-2,15,13,46,5,12,9,9,0,1
match-3a8e963a-4473,rudeljaeger,standard,0,1,1,6,4,11,5,19,1,5,4,10,0,1
match-3a8e963a-4473,urzeitliche_kolosse,standard,1,0,0,6,0,11,6,18,2,5,4,6,0,0
match-a676a872-4474,rudeljaeger,standard,0,0,1,10,0,16,14,39,10,13,6,9,0,0
match-a676a872-4474,urzeitliche_kolosse,standard,1,1,0,10,1,16,10,49,6,9,10,10,0,0
match-2d2957b5-4475,rudeljaeger,standard,0,0,1,9,0,13,12,33,5,11,7,6,0,0
match-2d2957b5-4475,urzeitliche_kolosse,standard,1,1,0,9,4,14,10,37,3,10,7,10,0,1
match-cea66401-4476,rudeljaeger,standard,0,0,1,4,0,8,3,8,2,3,2,4,0,0
match-cea66401-4476,urzeitliche_kolosse,standard,1,1,0,4,6,10,4,9,1,4,1,10,0,0
match-55591344-4477,rudeljaeger,standard,0,1,1,6,2,11,7,17,1,7,2,11,0,0
match-55591344-4477,urzeitliche_kolosse,standard,1,0,0,6,-1,11,6,20,1,6,3,8,0,0
match-c141257c-4478,rudeljaeger,standard,0,1,1,4,10,7,4,9,1,4,2,11,0,0
match-c141257c-4478,urzeitliche_kolosse,standard,1,0,0,4,-1,9,3,8,2,3,2,0,0,0
match-47f3d4bf-4479,rudeljaeger,standard,0,0,1,14,-1,18,17,48,47,16,12,6,0,1
match-47f3d4bf-4479,urzeitliche_kolosse,standard,1,1,0,14,4,19,17,64,35,16,12,11,0,4
match-7e46ece3-4480,rudeljaeger,standard,0,1,1,6,8,10,5,19,2,5,4,10,0,0
match-7e46ece3-4480,urzeitliche_kolosse,standard,1,0,0,6,0,12,5,16,3,5,2,2,0,0
match-04f99c26-4481,rudeljaeger,standard,0,1,1,8,3,12,9,25,5,8,7,12,0,2
match-04f99c26-4481,urzeitliche_kolosse,standard,1,0,0,8,-2,12,9,34,2,9,8,7,0,1
match-70e1ae5e-4482,rudeljaeger,standard,0,1,1,5,3,8,4,14,1,4,5,10,0,0
match-70e1ae5e-4482,urzeitliche_kolosse,standard,1,0,0,5,0,9,6,14,0,6,0,7,0,0
match-f7945da0-4483,rudeljaeger,standard,0,1,1,6,6,10,6,21,0,6,5,10,0,0
match-f7945da0-4483,urzeitliche_kolosse,standard,1,0,0,6,0,11,7,19,1,7,3,4,0,0
match-991169ed-4484,rudeljaeger,standard,0,0,1,10,-1,16,13,34,11,11,8,6,0,0
match-991169ed-4484,urzeitliche_kolosse,standard,1,1,0,10,4,15,11,46,3,10,7,11,0,0
match-1fc41930-4485,rudeljaeger,standard,0,1,1,13,2,18,16,45,34,14,14,12,0,1
match-1fc41930-4485,urzeitliche_kolosse,standard,1,0,0,13,-2,18,16,58,25,16,11,8,0,0
match-8bac2b68-4486,rudeljaeger,standard,0,0,1,14,-1,18,13,43,48,11,12,9,0,2
match-8bac2b68-4486,urzeitliche_kolosse,standard,1,1,0,14,1,19,16,56,38,15,8,11,0,0
match-125edaab-4487,rudeljaeger,standard,0,0,1,12,-1,17,13,44,29,12,9,6,0,0
match-125edaab-4487,urzeitliche_kolosse,standard,1,1,0,12,4,16,13,51,23,13,9,11,0,4
match-48b1f2cf-4488,rudeljaeger,standard,0,1,1,7,3,13,11,26,0,10,6,12,0,0
match-48b1f2cf-4488,urzeitliche_kolosse,standard,1,0,0,7,-2,13,8,25,3,8,8,7,0,0
match-cf648211-4489,rudeljaeger,standard,0,0,1,9,0,12,12,31,9,10,5,7,0,0
match-cf648211-4489,urzeitliche_kolosse,standard,1,1,0,9,3,14,11,39,0,10,6,10,0,0
match-3b4cb44a-4490,rudeljaeger,standard,0,1,1,8,6,12,9,25,6,7,4,11,0,0
match-3b4cb44a-4490,urzeitliche_kolosse,standard,1,0,0,8,-1,14,6,29,7,6,4,4,0,1
match-c1ff438c-4491,rudeljaeger,standard,0,0,1,12,-1,15,15,40,27,13,8,6,0,0
match-c1ff438c-4491,urzeitliche_kolosse,standard,1,1,0,12,4,18,14,59,13,13,12,11,0,4
match-637c6fd9-4492,rudeljaeger,standard,0,0,1,12,-1,15,15,44,23,13,7,8,0,1
match-637c6fd9-4492,urzeitliche_kolosse,standard,1,1,0,12,2,17,12,49,21,11,11,11,0,1
match-ea2f1f1b-4493,rudeljaeger,standard,0,0,1,5,0,9,4,14,1,4,2,6,0,0
match-ea2f1f1b-4493,urzeitliche_kolosse,standard,1,1,0,5,4,11,4,11,4,4,0,10,0,0
match-56173154-4494,rudeljaeger,standard,0,1,1,6,5,10,5,15,2,5,4,10,0,0
match-56173154-4494,urzeitliche_kolosse,standard,1,0,0,6,0,11,5,18,2,5,3,5,0,1
match-dcc9c096-4495,rudeljaeger,standard,0,1,1,7,6,13,10,26,0,8,3,13,0,0
match-dcc9c096-4495,urzeitliche_kolosse,standard,1,0,0,7,-3,12,7,26,2,6,4,4,0,0
match-131cf8bb-4496,rudeljaeger,standard,0,1,1,8,6,13,8,26,2,8,4,12,0,0
match-131cf8bb-4496,urzeitliche_kolosse,standard,1,0,0,8,-2,14,7,33,3,6,5,4,0,0
match-99cf87fd-4497,rudeljaeger,standard,0,0,1,7,0,12,10,24,3,9,3,5,0,0
match-99cf87fd-4497,urzeitliche_kolosse,standard,1,1,0,7,5,12,8,28,0,8,4,10,0,0
match-05b7ba36-4498,rudeljaeger,standard,0,0,1,8,-2,13,6,21,7,6,3,4,0,1
match-05b7ba36-4498,urzeitliche_kolosse,standard,1,1,0,8,6,13,8,34,2,7,2,12,0,0
match-8c6a4978-4499,rudeljaeger,standard,0,1,1,7,1,12,9,26,2,8,4,11,0,2
match-8c6a4978-4499,urzeitliche_kolosse,standard,1,0,0,7,-1,12,7,23,5,6,4,9,0,1
match-3d72d1a6-4500,rudeljaeger,standard,0,1,0,7,7,12,7,24,1,7,4,10,0,0
match-3d72d1a6-4500,urzeitliche_kolosse,standard,1,0,1,7,0,13,7,26,1,6,3,3,0,0
match-b6c02263-4501,rudeljaeger,standard,0,0,0,8,0,12,9,23,9,8,3,6,0,0
match-b6c02263-4501,urzeitliche_kolosse,standard,1,1,1,8,4,12,7,28,4,7,3,10,0,1
match-4ad8102b-4502,rudeljaeger,standard,0,1,0,7,10,11,8,25,0,8,5,10,0,0
match-4ad8102b-4502,urzeitliche_kolosse,standard,1,0,1,7,0,13,7,23,5,7,4,0,0,0
match-c42560e8-4503,rudeljaeger,standard,0,1,0,5,6,10,5,13,1,5,3,13,0,0
match-c42560e8-4503,urzeitliche_kolosse,standard,1,0,1,5,-3,11,5,13,2,5,2,4,0,0
match-22a8549c-4504,rudeljaeger,standard,0,1,0,3,7,8,3,6,0,3,0,11,0,0
match-22a8549c-4504,urzeitliche_kolosse,standard,1,0,1,3,-1,9,2,5,1,2,0,3,0,0
match-9bf5a559-4505,rudeljaeger,standard,0,1,0,5,8,10,6,14,1,6,3,11,0,0
match-9bf5a559-4505,urzeitliche_kolosse,standard,1,0,1,5,-1,11,5,14,1,5,4,2,0,0
match-300d9321-4506,rudeljaeger,standard,0,0,0,5,0,10,5,15,0,5,2,8,0,0
match-300d9321-4506,urzeitliche_kolosse,standard,1,1,1,5,2,10,5,14,1,5,3,10,0,0
match-a95ae3de-4507,rudeljaeger,standard,0,1,0,4,3,8,3,9,1,3,0,10,0,0
match-a95ae3de-4507,urzeitliche_kolosse,standard,1,0,1,4,0,9,3,8,2,3,0,7,0,0
match-07ddd792-4508,rudeljaeger,standard,0,1,0,7,6,10,10,25,1,9,2,10,0,0
match-07ddd792-4508,urzeitliche_kolosse,standard,1,0,1,7,0,13,6,26,2,6,5,4,0,2
match-812b284f-4509,rudeljaeger,standard,0,0,0,10,-2,15,14,37,14,13,7,5,0,0
match-812b284f-4509,urzeitliche_kolosse,standard,1,1,1,10,5,16,12,48,1,11,11,12,0,0
match-15431617-4510,rudeljaeger,standard,0,0,0,11,-1,17,14,37,22,13,3,7,0,0
match-15431617-4510,urzeitliche_kolosse,standard,1,1,1,11,3,17,9,40,15,8,10,11,0,0
match-8e9066d4-4511,rudeljaeger,standard,0,0,0,9,-2,14,10,31,8,10,4,9,0,2
match-8e9066d4-4511,urzeitliche_kolosse,standard,1,1,1,9,1,14,8,38,5,8,6,12,0,2
match-ed135a87-4512,rudeljaeger,standard,0,1,0,5,8,8,7,14,0,7,2,11,0,0
match-ed135a87-4512,urzeitliche_kolosse,standard,1,0,1,5,-1,11,4,12,2,4,4,2,0,0
match-6660ab45-4513,rudeljaeger,standard,0,1,0,4,7,7,6,10,0,6,0,11,0,0
match-6660ab45-4513,urzeitliche_kolosse,standard,1,0,1,4,-1,9,2,7,3,2,3,3,0,0
match-fa78990c-4514,rudeljaeger,standard,0,1,0,6,2,11,6,18,2,6,2,12,0,0
match-fa78990c-4514,urzeitliche_kolosse,standard,1,0,1,6,-2,11,5,19,1,5,3,8,0,0
match-73c5e9ca-4515,rudeljaeger,standard,0,1,0,6,3,12,7,20,1,7,2,10,0,0
match-73c5e9ca-4515,urzeitliche_kolosse,standard,1,0,1,6,0,12,4,16,4,4,3,7,0,0
match-d248dd7d-4516,rudeljaeger,standard,0,0,0,8,-3,11,11,30,3,10,5,8,0,0
match-d248dd7d-4516,urzeitliche_kolosse,standard,1,1,1,8,2,13,9,32,2,9,10,13,0,0
match-4b962e3b-4517,rudeljaeger,standard,0,0,0,5,0,8,7,15,0,7,2,8,0,0
match-4b962e3b-4517,urzeitliche_kolosse,standard,1,1,1,5,2,11,5,15,0,5,4,10,0,0
match-dfae1c02-4518,rudeljaeger,standard,0,0,0,8,0,11,9,24,4,8,6,7,0,0
match-dfae1c02-4518,urzeitliche_kolosse,standard,1,1,1,8,3,14,9,31,5,8,3,10,0,0
match-58fb6cc0-4519,rudeljaeger,standard,0,0,0,10,-3,15,12,34,12,11,8,7,0,0
match-58fb6cc0-4519,urzeitliche_kolosse,standard,1,1,1,10,3,16,12,44,4,11,6,13,0,0
match-b77e4073-4520,rudeljaeger,standard,0,1,0,13,2,19,16,47,35,15,11,11,0,3
match-b77e4073-4520,urzeitliche_kolosse,standard,1,0,1,13,-1,18,16,62,20,15,11,8,0,1
match-30cbb131-4521,rudeljaeger,standard,0,1,0,10,4,14,13,38,9,13,12,12,0,1
match-30cbb131-4521,urzeitliche_kolosse,standard,1,0,1,10,-2,14,12,43,3,12,11,6,0,1
match-c4e39ef8-4522,rudeljaeger,standard,0,1,0,7,10,13,6,23,1,6,3,12,0,0
match-c4e39ef8-4522,urzeitliche_kolosse,standard,1,0,1,7,-2,13,6,23,5,5,2,0,0,0
match-3e30efb6-4523,rudeljaeger,standard,0,0,0,9,0,13,13,30,9,11,4,8,0,0
match-3e30efb6-4523,urzeitliche_kolosse,standard,1,1,1,9,2,15,9,39,4,8,11,10,0,1
match-9cb3c369-4524,rudeljaeger,standard,0,1,0,13,5,17,17,44,35,16,11,11,0,0
match-9cb3c369-4524,urzeitliche_kolosse,standard,1,0,1,13,-1,19,16,59,32,15,15,5,0,0
match-16013427-4525,rudeljaeger,standard,0,1,0,9,2,14,11,33,5,10,5,12,0,0
match-16013427-4525,urzeitliche_kolosse,standard,1,0,1,9,-2,13,9,35,9,8,8,8,0,1
match-aa1901ee-4526,rudeljaeger,standard,0,1,0,7,1,11,7,21,1,7,3,11,0,0
match-aa1901ee-4526,urzeitliche_kolosse,standard,1,0,1,7,-1,11,7,21,7,6,2,9,0,0
match-236672ac-4527,rudeljaeger,standard,0,1,0,6,8,11,8,19,2,7,7,10,0,0
match-236672ac-4527,urzeitliche_kolosse,standard,1,0,1,6,0,9,8,20,1,7,5,2,0,0
match-81e9465f-4528,rudeljaeger,standard,0,0,0,11,-3,15,14,36,20,14,10,9,0,0
match-81e9465f-4528,urzeitliche_kolosse,standard,1,1,1,11,1,15,14,51,12,13,10,13,0,0
match-fb36b71c-4529,rudeljaeger,standard,0,0,0,15,-1,19,19,53,56,17,11,9,0,3
match-fb36b71c-4529,urzeitliche_kolosse,standard,1,1,1,15,1,19,17,65,49,16,13,11,0,1
match-8f4e84e4-4530,rudeljaeger,standard,0,0,0,8,-1,12,11,25,5,10,4,6,0,0
match-8f4e84e4-4530,urzeitliche_kolosse,standard,1,1,1,8,4,13,9,36,0,8,8,11,0,4
match-089bf5a2-4531,rudeljaeger,standard,0,0,0,6,-1,11,7,18,3,7,3,8,0,0
match-089bf5a2-4531,urzeitliche_kolosse,standard,1,1,1,6,2,12,6,20,1,6,2,11,0,0
match-671ec955-4532,rudeljaeger,standard,0,0,0,9,-2,15,13,34,7,12,7,8,0,2
match-671ec955-4532,urzeitliche_kolosse,standard,1,1,1,9,2,14,11,41,2,10,9,12,0,0
match-e06c3a12-4533,rudeljaeger,standard,0,0,0,8,-1,11,10,28,6,9,3,5,0,0
match-e06c3a12-4533,urzeitliche_kolosse,standard,1,1,1,8,5,12,8,35,1,8,5,11,0,1
match-748407da-4534,rudeljaeger,standard,0,0,0,10,-2,13,13,35,12,12,6,5,0,1
match-748407da-4534,urzeitliche_kolosse,standard,1,1,1,10,5,16,10,44,4,10,10,12,0,0
match-edd17897-4535,rudeljaeger,standard,0,0,0,12,-2,18,14,43,23,13,8,8,0,1
match-edd17897-4535,urzeitliche_kolosse,standard,1,1,1,12,2,17,12,51,15,11,8,12,0,0
match-4c544c4b-4536,rudeljaeger,standard,0,0,0,10,-2,16,14,38,10,13,7,7,0,1
match-4c544c4b-4536,urzeitliche_kolosse,standard,1,1,1,10,3,14,11,42,8,11,8,12,0,0
match-c5a1bd08-4537,rudeljaeger,standard,0,0,0,10,0,15,12,33,16,11,6,5,0,0
match-c5a1bd08-4537,urzeitliche_kolosse,standard,1,1,1,10,5,14,11,47,3,11,6,10,0,0
match-59b98ad0-4538,rudeljaeger,standard,0,0,0,9,0,12,12,34,5,11,3,9,0,0
match-59b98ad0-4538,urzeitliche_kolosse,standard,1,1,1,9,1,15,9,39,4,8,7,10,0,0
match-d306fb8d-4539,rudeljaeger,standard,0,1,0,5,10,8,6,15,0,5,3,10,0,0
match-d306fb8d-4539,urzeitliche_kolosse,standard,1,0,1,5,0,10,4,14,1,4,2,0,0,0
match-3189cf41-4540,rudeljaeger,standard,0,1,0,5,7,10,6,13,0,6,2,11,0,0
match-3189cf41-4540,urzeitliche_kolosse,standard,1,0,1,5,-1,11,4,14,1,4,3,3,0,0
match-aad73ffe-4541,rudeljaeger,standard,0,1,0,9,2,15,10,28,10,9,7,11,0,2
match-aad73ffe-4541,urzeitliche_kolosse,standard,1,0,1,9,-1,14,10,38,5,9,5,8,0,3
match-3eef0dc6-4542,rudeljaeger,standard,0,0,0,10,-1,14,13,41,7,11,7,5,0,1
match-3eef0dc6-4542,urzeitliche_kolosse,standard,1,1,1,10,5,16,12,45,5,12,8,11,0,2
match-b83c7e83-4543,rudeljaeger,standard,0,0,0,14,-2,18,17,50,44,16,14,8,0,3
match-b83c7e83-4543,urzeitliche_kolosse,standard,1,1,1,14,2,19,17,63,35,16,14,12,0,3
match-16bf5237-4544,rudeljaeger,standard,0,0,0,9,-3,13,12,30,11,10,5,9,0,0
match-16bf5237-4544,urzeitliche_kolosse,standard,1,1,1,9,1,15,11,43,2,10,8,13,0,0
match-900ca2f4-4545,rudeljaeger,standard,0,1,0,11,4,15,13,37,18,11,10,14,0,1
match-900ca2f4-4545,urzeitliche_kolosse,standard,1,0,1,11,-4,15,14,56,10,13,7,6,0,2
match-242490bc-4546,rudeljaeger,standard,0,1,0,6,3,11,9,19,1,8,4,11,0,0
match-242490bc-4546,urzeitliche_kolosse,standard,1,0,1,6,-1,11,6,18,2,5,5,7,0,0
match-9d71e179-4547,rudeljaeger,standard,0,,0,17,-2,22,20,56,83,18,12,4,0,2
match-9d71e179-4547,urzeitliche_kolosse,standard,1,,1,17,0,23,17,67,69,16,17,6,0,4
match-fbf4d52c-4548,rudeljaeger,standard,0,0,0,5,-2,9,5,9,6,5,1,4,0,0
match-fbf4d52c-4548,urzeitliche_kolosse,standard,1,1,1,5,6,10,4,12,1,4,4,12,0,0
match-754225ea-4549,rudeljaeger,standard,0,1,0,4,3,8,3,9,1,3,1,10,0,0
match-754225ea-4549,urzeitliche_kolosse,standard,1,0,1,4,0,9,3,7,2,3,0,7,0,0
match-095a13b2-4550,rudeljaeger,standard,0,,0,16,0,21,19,55,69,17,12,8,0,0
match-095a13b2-4550,urzeitliche_kolosse,standard,1,,1,16,-1,22,17,64,56,16,15,7,0,3
match-82a7646f-4551,rudeljaeger,standard,0,0,0,10,-2,14,14,36,16,12,8,9,0,0
match-82a7646f-4551,urzeitliche_kolosse,standard,1,1,1,10,1,15,11,48,4,11,9,12,0,0
match-e12a5822-4552,rudeljaeger,standard,0,0,0,8,0,12,11,25,6,10,3,9,0,0
match-e12a5822-4552,urzeitliche_kolosse,standard,1,1,1,8,1,13,8,27,1,7,7,10,0,3
match-5a77a8e0-4553,rudeljaeger,standard,0,1,0,3,7,6,3,6,0,3,1,11,0,0
match-5a77a8e0-4553,urzeitliche_kolosse,standard,1,0,1,3,-1,8,2,5,1,2,1,3,0,0
match-ee8f96a7-4554,rudeljaeger,standard,0,0,0,7,0,12,10,26,1,9,3,9,0,0
match-ee8f96a7-4554,urzeitliche_kolosse,standard,1,1,1,7,1,12,8,25,3,7,7,10,0,0
match-67dce765-4555,rudeljaeger,standard,0,1,0,8,1,11,11,27,4,10,4,13,0,1
match-67dce765-4555,urzeitliche_kolosse,standard,1,0,1,8,-3,14,8,32,3,8,8,9,0,0
match-c65fdb18-4556,rudeljaeger,standard,0,1,0,5,6,10,6,14,0,6,2,11,0,0
match-c65fdb18-4556,urzeitliche_kolosse,standard,1,0,1,5,-1,11,4,11,4,4,2,4,0,0
match-3fad2bd6-4557,rudeljaeger,standard,0,1,0,8,6,14,9,23,8,9,6,12,0,0
match-3fad2bd6-4557,urzeitliche_kolosse,standard,1,0,1,8,-2,13,10,36,0,9,8,4,0,5
match-d3c5199d-4558,rudeljaeger,standard,0,0,0,4,-2,10,4,9,0,4,1,8,0,0
match-d3c5199d-4558,urzeitliche_kolosse,standard,1,1,1,4,2,9,4,10,0,3,2,12,0,0
match-4d126a5b-4559,rudeljaeger,standard,0,1,0,5,4,9,5,14,1,5,0,10,0,0
match-4d126a5b-4559,urzeitliche_kolosse,standard,1,0,1,5,0,11,4,12,3,4,3,6,0,1
match-ab955e0e-4560,rudeljaeger,standard,0,1,0,6,4,10,7,19,2,6,4,10,0,1
match-ab955e0e-4560,urzeitliche_kolosse,standard,1,0,1,6,0,10,7,19,2,7,2,6,0,0
match-24e2aecc-4561,rudeljaeger,standard,0,0,0,11,-1,16,14,41,19,13,9,9,0,0
match-24e2aecc-4561,urzeitliche_kolosse,standard,1,1,1,11,1,17,14,51,9,13,13,11,0,0
match-b8fa9c93-4562,rudeljaeger,standard,0,1,0,9,5,13,12,37,3,10,5,11,0,2
match-b8fa9c93-4562,urzeitliche_kolosse,standard,1,0,1,9,-1,15,8,36,8,8,6,5,0,0
match-3247ed51-4563,rudeljaeger,standard,0,1,0,6,3,10,7,19,1,7,4,13,0,0
match-3247ed51-4563,urzeitliche_kolosse,standard,1,0,1,6,-3,10,7,19,2,7,4,7,0,0
match-ea1ac247-4564,rudeljaeger,standard,0,1,0,5,6,9,5,13,0,5,3,11,0,0
match-ea1ac247-4564,urzeitliche_kolosse,standard,1,0,1,5,-1,10,4,13,2,4,3,4,0,0
match-63683305-4565,rudeljaeger,standard,0,0,0,9,-3,14,13,37,3,13,5,9,0,1
match-63683305-4565,urzeitliche_kolosse,standard,1,1,1,9,1,15,10,38,5,10,10,13,0,9
match-f78000cc-4566,rudeljaeger,standard,0,0,0,13,-3,19,13,44,36,11,11,9,0,4
match-f78000cc-4566,urzeitliche_kolosse,standard,1,1,1,13,1,17,16,59,25,15,8,13,0,3
match-70cd718a-4567,rudeljaeger,standard,0,0,0,10,-2,15,14,38,10,12,9,6,0,1
match-70cd718a-4567,urzeitliche_kolosse,standard,1,1,1,10,4,15,12,48,4,11,10,12,0,0
match-cf50453d-4568,rudeljaeger,standard,0,1,0,7,5,10,10,20,4,9,4,11,0,0
match-cf50453d-4568,urzeitliche_kolosse,standard,1,0,1,7,-1,12,6,26,2,6,7,5,0,0
match-489db5fb-4569,rudeljaeger,standard,0,0,0,8,0,11,11,31,1,9,3,9,0,1
match-489db5fb-4569,urzeitliche_kolosse,standard,1,1,1,8,1,12,8,33,3,7,5,10,0,0
match-dcb583c2-4570,rudeljaeger,standard,0,1,0,11,3,16,13,36,19,11,10,13,0,0
match-dcb583c2-4570,urzeitliche_kolosse,standard,1,0,1,11,-3,15,14,53,7,13,7,7,0,4
match-5602f480-4571,rudeljaeger,standard,0,0,0,17,-4,21,16,51,85,14,8,5,0,0
match-5602f480-4571,urzeitliche_kolosse,standard,1,1,1,17,2,23,14,60,76,13,10,11,0,0
match-b485c833-4572,rudeljaeger,standard,0,1,0,4,7,9,4,10,0,4,2,13,0,0
match-b485c833-4572,urzeitliche_kolosse,standard,1,0,1,4,-3,9,3,7,2,3,2,3,0,0
match-2dd338f1-4573,rudeljaeger,standard,0,1,0,9,4,14,10,30,11,10,7,13,0,0
match-2dd338f1-4573,urzeitliche_kolosse,standard,1,0,1,9,-3,15,10,41,2,10,7,6,0,2
match-c1eb06b8-4574,rudeljaeger,standard,0,1,0,7,3,10,10,26,0,8,4,10,0,0
match-c1eb06b8-4574,urzeitliche_kolosse,standard,1,0,1,7,0,10,7,27,1,7,4,7,0,2
match-3b387776-4575,rudeljaeger,standard,0,1,0,7,1,12,10,26,2,9,3,13,0,1
match-3b387776-4575,urzeitliche_kolosse,standard,1,0,1,7,-3,12,8,26,2,7,7,9,0,0
match-99bb4b29-4576,rudeljaeger,standard,0,0,0,10,0,14,13,35,14,13,6,6,0,0
match-99bb4b29-4576,urzeitliche_kolosse,standard,1,1,1,10,4,15,11,45,2,11,9,10,0,4
match-1308bbe7-4577,rudeljaeger,standard,0,1,0,7,6,13,7,23,2,7,6,12,0,0
match-1308bbe7-4577,urzeitliche_kolosse,standard,1,0,1,7,-2,13,7,24,4,7,5,4,0,0
match-a72089ae-4578,rudeljaeger,standard,0,0,0,8,-3,14,12,32,1,11,3,9,0,1
match-a72089ae-4578,urzeitliche_kolosse,standard,1,1,1,8,1,12,8,30,4,7,9,13,0,2
match-206dfa6c-4579,rudeljaeger,standard,0,0,0,11,-3,16,12,36,21,11,8,9,0,0
match-206dfa6c-4579,urzeitliche_kolosse,standard,1,1,1,11,1,16,14,51,9,13,7,13,0,1
match-7ef0ce1f-4580,rudeljaeger,standard,0,1,0,5,10,9,4,14,1,4,2,12,0,0
match-7ef0ce1f-4580,urzeitliche_kolosse,standard,1,0,1,5,-2,9,4,14,1,4,1,0,0,0
match-f83e3edc-4581,rudeljaeger,standard,0,0,0,10,-2,16,14,37,12,13,7,9,0,0
match-f83e3edc-4581,urzeitliche_kolosse,standard,1,1,1,10,1,16,12,49,3,12,10,12,0,1
match-8c560ca4-4582,rudeljaeger,standard,0,1,0,7,2,13,10,26,0,9,5,14,0,0
match-8c560ca4-4582,urzeitliche_kolosse,standard,1,0,1,7,-4,13,9,28,0,9,8,8,0,2
match-05a37d62-4583,rudeljaeger,standard,0,1,0,5,5,9,7,12,0,7,2,10,0,0
match-05a37d62-4583,urzeitliche_kolosse,standard,1,0,1,5,0,10,4,13,2,4,6,5,0,0
match-64265115-4584,rudeljaeger,standard,0,1,0,4,10,7,4,10,0,4,1,10,0,0
match-64265115-4584,urzeitliche_kolosse,standard,1,0,1,4,0,9,3,9,1,3,2,0,0,0
match-dd73a1d2-4585,rudeljaeger,standard,0,1,0,8,4,12,11,20,9,10,8,11,0,0
match-dd73a1d2-4585,urzeitliche_kolosse,standard,1,0,1,8,-1,12,10,32,4,10,7,6,0,0
match-718b8f9a-4586,rudeljaeger,standard,0,1,0,5,4,10,6,13,2,6,1,11,0,0
match-718b8f9a-4586,urzeitliche_kolosse,standard,1,0,1,5,-1,10,4,11,3,4,3,6,0,0
match-ead8e057-4587,rudeljaeger,standard,0,1,0,4,10,10,5,10,0,5,1,10,0,0
match-ead8e057-4587,urzeitliche_kolosse,standard,1,0,1,4,0,10,2,7,3,2,1,0,0,0
match-495bd40b-4588,rudeljaeger,standard,0,1,0,4,3,8,5,9,1,5,2,11,0,0
match-495bd40b-4588,urzeitliche_kolosse,standard,1,0,1,4,-1,10,3,7,2,3,2,7,0,0
match-c2a924c8-4589,rudeljaeger,standard,0,0,0,8,-1,12,9,26,4,9,4,8,0,1
match-c2a924c8-4589,urzeitliche_kolosse,standard,1,1,1,8,2,13,9,34,2,8,4,11,0,0
match-56c11290-4590,rudeljaeger,standard,0,0,0,12,-1,17,15,41,32,13,10,9,0,0
match-56c11290-4590,urzeitliche_kolosse,standard,1,1,1,12,1,17,15,52,15,14,10,11,0,3
match-d00e634d-4591,rudeljaeger,standard,0,1,0,9,2,14,12,34,4,11,9,13,0,0
match-d00e634d-4591,urzeitliche_kolosse,standard,1,0,1,9,-3,14,12,37,6,11,7,8,0,0
match-2e915701-4592,rudeljaeger,standard,0,0,0,13,-1,17,14,43,40,12,10,6,0,0
match-2e915701-4592,urzeitliche_kolosse,standard,1,1,1,13,4,19,16,62,21,15,8,11,0,0
match-a7dea7be-4593,rudeljaeger,standard,0,1,0,8,1,13,10,25,7,9,5,11,0,2
match-a7dea7be-4593,urzeitliche_kolosse,standard,1,0,1,8,-1,14,8,34,2,8,7,9,0,2
match-3bf69586-4594,rudeljaeger,standard,0,0,0,8,-2,11,11,29,4,10,5,8,0,0
match-3bf69586-4594,urzeitliche_kolosse,standard,1,1,1,8,2,13,9,30,5,8,7,12,0,0
match-b543e643-4595,rudeljaeger,standard,0,0,0,8,-1,14,11,30,1,10,5,9,0,1
match-b543e643-4595,urzeitliche_kolosse,standard,1,1,1,8,1,13,9,30,6,8,8,11,0,0
match-13c6d9f7-4596,rudeljaeger,standard,0,1,0,6,6,11,8,19,1,7,3,10,0,0
match-13c6d9f7-4596,urzeitliche_kolosse,standard,1,0,1,6,0,10,6,20,1,6,2,4,0,0
match-8d142ab4-4597,rudeljaeger,standard,0,1,0,12,4,18,16,42,25,15,11,13,0,2
match-8d142ab4-4597,urzeitliche_kolosse,standard,1,0,1,12,-3,18,15,63,8,14,12,6,0,4
match-212c187c-4598,rudeljaeger,standard,0,0,0,4,0,8,4,8,1,4,2,0,0,0
match-212c187c-4598,urzeitliche_kolosse,standard,1,1,1,4,10,9,4,8,1,4,1,10,0,0
match-9a796939-4599,rudeljaeger,standard,0,0,0,12,-3,17,16,39,28,14,9,9,0,0
match-9a796939-4599,urzeitliche_kolosse,standard,1,1,1,12,1,17,14,53,13,13,12,13,0,2
match-f8fc5cec-4600,rudeljaeger,standard,0,0,0,7,-3,12,10,27,1,8,4,9,0,1
match-f8fc5cec-4600,urzeitliche_kolosse,standard,1,1,1,7,1,12,8,26,0,7,6,13,0,0
match-7249adaa-4601,rudeljaeger,standard,0,0,0,12,-3,17,15,41,30,13,10,9,0,0
match-7249adaa-4601,urzeitliche_kolosse,standard,1,1,1,12,1,17,14,54,19,13,9,13,0,0
match-06619b72-4602,rudeljaeger,standard,0,0,0,8,-1,11,11,24,5,9,5,8,0,0
match-06619b72-4602,urzeitliche_kolosse,standard,1,1,1,8,2,13,10,34,2,9,6,11,0,0
match-7faeec2f-4603,rudeljaeger,standard,0,1,0,8,4,11,10,34,1,8,3,10,0,0
match-7faeec2f-4603,urzeitliche_kolosse,standard,1,0,1,8,0,13,7,30,6,6,4,6,0,0
match-de31dfe2-4604,rudeljaeger,standard,0,0,0,10,-1,14,13,40,13,13,7,8,0,1
match-de31dfe2-4604,urzeitliche_kolosse,standard,1,1,1,10,2,13,13,43,10,12,11,11,0,1
match-577f30a0-4605,rudeljaeger,standard,0,0,0,12,-2,16,15,40,28,14,7,8,0,0
match-577f30a0-4605,urzeitliche_kolosse,standard,1,1,1,12,2,18,13,49,17,12,12,12,0,0
match-eb971e67-4606,rudeljaeger,standard,0,0,0,10,-2,15,8,26,22,8,5,9,0,0
match-eb971e67-4606,urzeitliche_kolosse,standard,1,1,1,10,1,13,11,45,4,10,4,12,0,0
match-64e46f25-4607,rudeljaeger,standard,0,0,0,10,-4,15,14,36,11,12,8,5,0,0
match-64e46f25-4607,urzeitliche_kolosse,standard,1,1,1,10,5,15,12,43,6,12,10,14,0,1
match-c36742d8-4608,rudeljaeger,standard,0,1,0,13,1,18,15,43,35,14,14,11,0,1
match-c36742d8-4608,urzeitliche_kolosse,standard,1,0,1,13,-1,18,16,58,21,15,10,9,0,1
match-3cb4b396-4609,rudeljaeger,standard,0,0,0,9,-1,14,12,33,3,11,5,6,0,1
match-3cb4b396-4609,urzeitliche_kolosse,standard,1,1,1,9,4,15,10,39,5,9,7,11,0,0
match-d0cc815d-4610,rudeljaeger,standard,0,0,0,8,-1,14,11,30,2,9,2,6,0,1
match-d0cc815d-4610,urzeitliche_kolosse,standard,1,1,1,8,4,12,8,30,3,7,5,11,0,1
match-4a19f21b-4611,rudeljaeger,standard,0,1,0,5,8,9,5,13,2,5,2,12,0,0
match-4a19f21b-4611,urzeitliche_kolosse,standard,1,0,1,5,-2,10,4,13,2,4,3,2,0,0
match-a89cc5ce-4612,rudeljaeger,standard,0,1,0,5,10,9,6,14,1,6,1,10,0,0
match-a89cc5ce-4612,urzeitliche_kolosse,standard,1,0,1,5,0,11,3,12,3,3,1,0,0,0
match-21ea368c-4613,rudeljaeger,standard,0,1,0,13,3,19,15,46,35,14,13,13,0,1
match-21ea368c-4613,urzeitliche_kolosse,standard,1,0,1,13,-3,18,16,60,23,16,11,7,0,0
match-b6020453-4614,rudeljaeger,standard,0,1,0,6,2,10,8,21,0,8,3,11,0,0
match-b6020453-4614,urzeitliche_kolosse,standard,1,0,1,6,-1,11,6,17,3,6,6,8,0,0
match-2f4f7511-4615,rudeljaeger,standard,0,0,0,12,-1,18,15,46,26,13,10,6,0,1
match-2f4f7511-4615,urzeitliche_kolosse,standard,1,1,1,12,4,17,15,66,8,14,9,11,0,3
match-8dd248c4-4616,rudeljaeger,standard,0,0,0,8,-1,12,11,28,2,9,5,5,0,1
match-8dd248c4-4616,urzeitliche_kolosse,standard,1,1,1,8,5,13,9,32,4,9,6,11,0,0
match-071fb982-4617,rudeljaeger,standard,0,1,0,8,6,14,9,30,3,8,6,10,0,1
match-071fb982-4617,urzeitliche_kolosse,standard,1,0,1,8,0,14,7,25,11,7,3,4,0,0
match-9b378749-4618,rudeljaeger,standard,0,1,0,9,1,13,10,32,4,8,7,13,0,0
match-9b378749-4618,urzeitliche_kolosse,standard,1,0,1,9,-3,14,10,40,5,10,3,9,0,0
match-1484f807-4619,rudeljaeger,standard,0,1,0,9,3,15,13,30,8,13,7,10,0,0
match-1484f807-4619,urzeitliche_kolosse,standard,1,0,1,9,0,13,10,37,7,10,12,7,0,0
match-7307cbba-4620,rudeljaeger,standard,0,0,0,9,0,14,9,22,14,7,4,6,0,0
match-7307cbba-4620,urzeitliche_kolosse,standard,1,1,1,9,4,15,9,38,5,8,3,10,0,0
match-ec553c77-4621,rudeljaeger,standard,0,1,0,3,7,8,3,5,0,2,1,10,0,0
match-ec553c77-4621,urzeitliche_kolosse,standard,1,0,1,3,0,8,2,5,1,2,1,3,0,0
match-806d0a3f-4622,rudeljaeger,standard,0,1,0,10,4,13,13,33,15,12,8,11,0,0
match-806d0a3f-4622,urzeitliche_kolosse,standard,1,0,1,10,-1,14,12,48,6,11,9,6,0,1
match-f9ba7afc-4623,rudeljaeger,standard,0,1,0,6,6,11,7,19,1,6,3,10,0,0
match-f9ba7afc-4623,urzeitliche_kolosse,standard,1,0,1,6,0,11,6,15,3,6,2,4,0,0
match-583d4eb0-4624,rudeljaeger,standard,0,0,0,8,-1,11,11,25,7,10,5,5,0,0
match-583d4eb0-4624,urzeitliche_kolosse,standard,1,1,1,8,5,14,8,32,4,8,8,11,0,0
match-d18abf6d-4625,rudeljaeger,standard,0,0,0,6,-1,9,6,17,1,5,1,6,0,1
match-d18abf6d-4625,urzeitliche_kolosse,standard,1,1,1,6,4,11,6,19,2,6,1,11,0,0
match-65a28d35-4626,rudeljaeger,standard,0,0,0,10,-2,15,14,35,11,12,7,7,0,0
match-65a28d35-4626,urzeitliche_kolosse,standard,1,1,1,10,3,15,10,39,11,10,8,12,0,3
match-deeffdf2-4627,rudeljaeger,standard,0,1,0,5,10,9,6,10,1,6,2,10,0,0
match-deeffdf2-4627,urzeitliche_kolosse,standard,1,0,1,5,0,10,4,12,2,4,3,0,0,0
match-e422d062-4628,rudeljaeger,standard,0,0,0,9,-1,15,11,33,5,10,6,6,0,1
match-e422d062-4628,urzeitliche_kolosse,standard,1,1,1,9,4,14,10,39,6,10,5,11,0,0
match-5d702120-4629,rudeljaeger,standard,0,0,0,9,-2,13,12,37,3,10,5,6,0,1
match-5d702120-4629,urzeitliche_kolosse,standard,1,1,1,9,4,14,11,42,3,10,5,12,0,0
match-f1880ee7-4630,rudeljaeger,standard,0,1,0,5,4,9,7,13,2,5,0,11,0,0
match-f1880ee7-4630,urzeitliche_kolosse,standard,1,0,1,5,-1,10,3,11,3,3,3,6,0,0
match-6ad57fa5-4631,rudeljaeger,standard,0,0,0,14,-1,19,16,46,47,14,13,6,0,1
match-6ad57fa5-4631,urzeitliche_kolosse,standard,1,1,1,14,4,20,17,64,30,16,12,11,0,1
match-c9585358-4632,rudeljaeger,standard,0,0,0,11,-1,16,15,38,19,14,10,9,0,1
match-c9585358-4632,urzeitliche_kolosse,standard,1,1,1,11,1,17,14,47,12,13,13,11,0,3
match-42a5a416-4633,rudeljaeger,standard,0,1,0,7,4,10,10,21,3,9,5,11,0,0
match-42a5a416-4633,urzeitliche_kolosse,standard,1,0,1,7,-1,13,8,26,2,8,5,6,0,0
match-d6bd91dd-4634,rudeljaeger,standard,0,1,0,6,5,10,8,19,0,6,5,10,0,0
match-d6bd91dd-4634,urzeitliche_kolosse,standard,1,0,1,6,0,10,6,20,0,5,3,5,0,1
match-500ae29b-4635,rudeljaeger,standard,0,1,0,7,8,12,7,24,2,7,5,11,0,0
match-500ae29b-4635,urzeitliche_kolosse,standard,1,0,1,7,-1,11,8,24,2,7,4,2,0,1
match-ae8dd64e-4636,rudeljaeger,standard,0,0,0,8,0,12,7,23,9,7,4,9,0,2
match-ae8dd64e-4636,urzeitliche_kolosse,standard,1,1,1,8,1,12,8,35,1,7,3,10,0,1
match-27db270c-4637,rudeljaeger,standard,0,1,0,8,2,12,11,31,3,9,5,12,0,0
match-27db270c-4637,urzeitliche_kolosse,standard,1,0,1,8,-2,13,9,31,4,8,6,8,0,0
match-bbf314d3-4638,rudeljaeger,standard,0,1,0,5,1,10,5,13,2,5,1,10,0,0
match-bbf314d3-4638,urzeitliche_kolosse,standard,1,0,1,5,0,9,4,12,2,4,2,9,0,0
match-35406591-4639,rudeljaeger,standard,0,0,0,15,0,22,19,51,56,17,9,6,0,0
match-35406591-4639,urzeitliche_kolosse,standard,1,1,1,15,4,21,15,61,44,14,15,10,0,1
match-93c35944-4640,rudeljaeger,standard,0,0,0,9,-1,14,11,36,3,10,6,2,0,1
match-93c35944-4640,urzeitliche_kolosse,standard,1,1,1,9,8,14,11,35,3,10,5,11,0,0
match-0d10aa02-4641,rudeljaeger,standard,0,1,0,7,7,12,9,25,1,8,3,10,0,0
match-0d10aa02-4641,urzeitliche_kolosse,standard,1,0,1,7,0,12,6,25,3,6,3,3,0,1
match-a12897c9-4642,rudeljaeger,standard,0,1,0,7,4,10,10,27,1,8,4,11,0,0
match-a12897c9-4642,urzeitliche_kolosse,standard,1,0,1,7,-1,12,8,26,2,7,5,6,0,1
match-1a75e887-4643,rudeljaeger,standard,0,0,0,15,0,22,18,53,57,17,14,4,0,1
match-1a75e887-4643,urzeitliche_kolosse,standard,1,1,1,15,5,20,18,70,43,17,14,9,0,2
match-78f8dc3a-4644,rudeljaeger,standard,0,1,0,7,7,10,8,23,3,6,4,14,0,0
match-78f8dc3a-4644,urzeitliche_kolosse,standard,1,0,1,7,-4,11,8,25,3,7,4,3,0,0
match-f2462cf7-4645,rudeljaeger,standard,0,1,0,10,2,15,12,37,8,12,9,10,0,0
match-f2462cf7-4645,urzeitliche_kolosse,standard,1,0,1,10,0,15,13,47,5,13,9,8,0,0
match-865e1abf-4646,rudeljaeger,standard,0,0,0,8,0,12,11,28,3,10,1,8,0,0
match-865e1abf-4646,urzeitliche_kolosse,standard,1,1,1,8,2,13,7,28,2,6,7,10,0,2
match-ffab6b7c-4647,rudeljaeger,standard,0,0,0,13,-2,17,16,44,39,14,6,8,0,0
match-ffab6b7c-4647,urzeitliche_kolosse,standard,1,1,1,13,2,19,12,50,32,11,9,12,0,0
match-5e2e5f30-4648,rudeljaeger,standard,0,0,0,8,-1,13,11,28,4,10,3,6,0,1
match-5e2e5f30-4648,urzeitliche_kolosse,standard,1,1,1,8,4,13,7,31,5,7,8,11,0,0
match-d77bafed-4649,rudeljaeger,standard,0,0,0,10,-1,15,13,27,20,11,8,8,0,0
match-d77bafed-4649,urzeitliche_kolosse,standard,1,1,1,10,2,14,12,44,5,12,10,11,0,0
match-6b939db5-4650,rudeljaeger,standard,0,0,0,7,-3,10,10,23,2,8,3,5,0,0
match-6b939db5-4650,urzeitliche_kolosse,standard,1,1,1,7,5,13,7,26,2,7,6,13,0,0
match-e4e0ee72-4651,rudeljaeger,standard,0,1,0,7,5,14,7,25,0,7,5,13,0,0
match-e4e0ee72-4651,urzeitliche_kolosse,standard,1,0,1,7,-3,12,8,25,1,8,3,5,0,0
match-4363c226-4652,rudeljaeger,standard,0,0,0,6,-1,10,6,18,3,6,2,7,0,0
match-4363c226-4652,urzeitliche_kolosse,standard,1,1,1,6,3,11,6,16,3,6,3,11,0,0
match-bcb132e3-4653,rudeljaeger,standard,0,1,0,7,3,12,9,23,1,9,5,11,0,0
match-bcb132e3-4653,urzeitliche_kolosse,standard,1,0,1,7,-1,13,8,27,1,8,5,7,0,2
match-50c900ab-4654,rudeljaeger,standard,0,1,0,8,3,14,11,31,2,9,5,14,0,0
match-50c900ab-4654,urzeitliche_kolosse,standard,1,0,1,8,-4,13,9,33,2,8,7,7,0,4
match-ca167168-4655,rudeljaeger,standard,0,0,0,5,0,10,7,13,2,6,4,6,0,0
match-ca167168-4655,urzeitliche_kolosse,standard,1,1,1,5,4,10,6,15,0,6,3,10,0,0
match-2899451c-4656,rudeljaeger,standard,0,0,0,9,-3,12,12,30,9,11,7,8,0,0
match-2899451c-4656,urzeitliche_kolosse,standard,1,1,1,9,2,14,11,40,4,10,10,13,0,2
match-a1e6b5d9-4657,rudeljaeger,standard,0,1,0,8,3,12,11,33,3,10,4,11,0,0
match-a1e6b5d9-4657,urzeitliche_kolosse,standard,1,0,1,8,-1,13,8,33,3,8,8,7,0,0
match-35fe83a1-4658,rudeljaeger,standard,0,0,0,9,0,14,13,32,7,12,4,9,0,0
match-35fe83a1-4658,urzeitliche_kolosse,standard,1,1,1,9,1,14,10,36,7,9,10,10,0,0
match-af4bf45e-4659,rudeljaeger,standard,0,0,0,7,-2,10,10,26,1,10,3,7,0,0
match-af4bf45e-4659,urzeitliche_kolosse,standard,1,1,1,7,3,12,7,24,4,6,7,12,0,0
match-0dcec812-4660,rudeljaeger,standard,0,0,0,16,-1,21,20,56,66,18,13,4,0,1
match-0dcec812-4660,urzeitliche_kolosse,standard,1,1,1,16,3,20,17,66,61,16,18,8,0,6
match-871c38cf-4661,rudeljaeger,standard,0,0,0,10,-2,14,13,35,15,13,7,9,0,1
match-871c38cf-4661,urzeitliche_kolosse,standard,1,1,1,10,1,15,12,50,2,12,11,12,0,2
match-1b340697-4662,rudeljaeger,standard,0,1,0,5,6,10,5,14,1,5,3,10,0,0
match-1b340697-4662,urzeitliche_kolosse,standard,1,0,1,5,0,10,4,13,2,4,3,4,0,0
match-94817754-4663,rudeljaeger,standard,0,0,0,8,0,12,10,28,6,10,6,7,0,0
match-94817754-4663,urzeitliche_kolosse,standard,1,1,1,8,3,12,9,33,3,8,6,10,0,1
match-f3044b07-4664,rudeljaeger,standard,0,0,0,12,-1,15,15,41,31,15,12,9,0,0
match-f3044b07-4664,urzeitliche_kolosse,standard,1,1,1,12,1,18,15,61,12,15,13,11,0,2
match-6c51bbc5-4665,rudeljaeger,standard,0,0,0,6,-2,10,7,19,2,7,3,6,0,0
match-6c51bbc5-4665,urzeitliche_kolosse,standard,1,1,1,6,4,12,7,21,0,6,4,12,0,0
match-0069898d-4666,rudeljaeger,standard,0,0,0,8,0,12,10,24,4,10,7,7,0,0
match-0069898d-4666,urzeitliche_kolosse,standard,1,1,1,8,3,12,9,31,0,9,7,10,0,0
match-79b6fa4a-4667,rudeljaeger,standard,0,0,0,11,-1,14,12,37,18,10,6,8,0,2
match-79b6fa4a-4667,urzeitliche_kolosse,standard,1,1,1,11,2,16,11,47,12,10,6,11,0,7
match-d839cdfd-4668,rudeljaeger,standard,0,0,0,8,-1,12,9,27,6,8,5,7,0,0
match-d839cdfd-4668,urzeitliche_kolosse,standard,1,1,1,8,3,13,9,33,3,8,3,11,0,0
match-51873ebb-4669,rudeljaeger,standard,0,1,0,12,2,16,16,46,23,14,13,13,0,2
match-51873ebb-4669,urzeitliche_kolosse,standard,1,0,1,12,-3,17,15,55,16,14,10,8,0,3
match-e59f0c82-4670,rudeljaeger,standard,0,0,0,10,-2,13,13,33,15,11,6,8,0,0
match-e59f0c82-4670,urzeitliche_kolosse,standard,1,1,1,10,2,14,9,37,13,9,8,12,0,0
match-5eec7d40-4671,rudeljaeger,standard,0,1,0,3,10,8,3,6,0,3,0,10,0,0
match-5eec7d40-4671,urzeitliche_kolosse,standard,1,0,1,3,0,9,1,3,3,1,0,0,0,0
match-bd6f50f3-4672,rudeljaeger,standard,0,0,0,8,0,11,9,26,5,7,2,7,0,0
match-bd6f50f3-4672,urzeitliche_kolosse,standard,1,1,1,8,3,13,7,27,1,7,3,10,0,0
match-36bca1b1-4673,rudeljaeger,standard,0,1,0,6,8,12,6,19,2,5,3,11,0,0
match-36bca1b1-4673,urzeitliche_kolosse,standard,1,0,1,6,-1,12,6,18,3,5,2,2,0,0
match-cad48f78-4674,rudeljaeger,standard,0,0,0,14,-2,19,18,49,44,16,12,9,0,0
match-cad48f78-4674,urzeitliche_kolosse,standard,1,1,1,14,1,20,17,67,26,16,13,12,0,4
match-4421e036-4675,rudeljaeger,standard,0,0,0,8,-2,14,8,28,2,7,3,9,0,0
match-4421e036-4675,urzeitliche_kolosse,standard,1,1,1,8,1,14,7,26,2,6,3,12,0,0
match-a2a4d3e9-4676,rudeljaeger,standard,0,1,0,7,10,11,8,24,0,8,4,10,0,0
match-a2a4d3e9-4676,urzeitliche_kolosse,standard,1,0,1,7,0,11,7,26,2,7,4,0,0,0
match-1bf224a7-4677,rudeljaeger,standard,0,0,0,9,0,15,13,28,11,11,3,5,0,0
match-1bf224a7-4677,urzeitliche_kolosse,standard,1,1,1,9,5,14,9,38,5,8,9,10,0,3
match-b00a126e-4678,rudeljaeger,standard,0,0,0,10,0,15,13,36,12,11,5,5,0,0
match-b00a126e-4678,urzeitliche_kolosse,standard,1,1,1,10,5,15,10,43,5,9,9,10,0,0
match-2957632c-4679,rudeljaeger,standard,0,1,0,10,6,14,12,37,10,10,9,12,0,1
match-2957632c-4679,urzeitliche_kolosse,standard,1,0,1,10,-2,15,13,44,8,12,6,4,0,0
match-87da56df-4680,rudeljaeger,standard,0,1,0,6,3,11,8,19,2,8,3,10,0,0
match-87da56df-4680,urzeitliche_kolosse,standard,1,0,1,6,0,11,6,17,4,5,5,7,0,0
match-0127a79d-4681,rudeljaeger,standard,0,1,0,6,1,11,6,19,1,5,5,15,0,0
match-0127a79d-4681,urzeitliche_kolosse,standard,1,0,1,6,-5,10,6,18,2,6,2,9,0,0
match-953f9564-4682,rudeljaeger,standard,0,0,0,10,0,14,14,35,12,12,8,7,0,0
match-953f9564-4682,urzeitliche_kolosse,standard,1,1,1,10,3,15,11,44,4,11,11,10,0,4
match-0e8ce622-4683,rudeljaeger,standard,0,1,0,6,5,11,6,21,0,6,2,10,0,1
match-0e8ce622-4683,urzeitliche_kolosse,standard,1,0,1,6,0,11,5,19,1,5,3,5,0,1
match-6d0fd9d5-4684,rudeljaeger,standard,0,1,0,6,7,11,9,20,0,8,4,12,0,1
match-6d0fd9d5-4684,urzeitliche_kolosse,standard,1,0,1,6,-2,10,7,19,2,6,5,3,0,0
match-e65d2a92-4685,rudeljaeger,standard,0,0,0,5,-1,9,4,14,1,4,2,7,0,0
match-e65d2a92-4685,urzeitliche_kolosse,standard,1,1,1,5,3,10,6,15,0,5,2,11,0,0
match-7a75185a-4686,rudeljaeger,standard,0,1,0,7,5,11,7,22,2,7,5,14,0,0
match-7a75185a-4686,urzeitliche_kolosse,standard,1,0,1,7,-4,12,7,25,3,7,3,5,0,0
match-f3c26917-4687,rudeljaeger,standard,0,1,0,3,10,6,3,6,0,3,0,10,0,0
match-f3c26917-4687,urzeitliche_kolosse,standard,1,0,1,3,0,8,1,3,3,1,0,0,0,0
match-52455ccb-4688,rudeljaeger,standard,0,0,0,6,-2,11,8,20,1,7,4,6,0,1
match-52455ccb-4688,urzeitliche_kolosse,standard,1,1,1,6,4,11,7,20,1,7,4,12,0,0
match-cb92ad88-4689,rudeljaeger,standard,0,1,0,13,4,18,16,43,35,14,12,13,0,0
match-cb92ad88-4689,urzeitliche_kolosse,standard,1,0,1,13,-3,18,16,63,19,15,10,6,0,0
match-5faa9b50-4690,rudeljaeger,standard,0,1,0,3,10,7,3,6,0,3,0,10,0,0
match-5faa9b50-4690,urzeitliche_kolosse,standard,1,0,1,3,0,8,1,3,3,1,1,0,0,0
match-d8f7ec0d-4691,rudeljaeger,standard,0,1,0,6,10,10,9,19,1,8,4,12,0,0
match-d8f7ec0d-4691,urzeitliche_kolosse,standard,1,0,1,6,-2,11,6,18,2,6,6,0,0,0
match-90cac104-4692,rudeljaeger,standard,0,1,0,6,5,9,6,21,0,6,7,11,0,0
match-90cac104-4692,urzeitliche_kolosse,standard,1,0,1,6,-1,12,7,19,2,7,4,5,0,0
match-0a1831c2-4693,rudeljaeger,standard,0,0,0,10,-4,16,13,35,15,11,5,9,0,0
match-0a1831c2-4693,urzeitliche_kolosse,standard,1,1,1,10,1,16,9,41,7,9,9,14,0,4
match-9e301f89-4694,rudeljaeger,standard,0,1,0,5,6,11,8,15,0,7,1,12,0,0
match-9e301f89-4694,urzeitliche_kolosse,standard,1,0,1,5,-2,11,5,14,0,4,4,4,0,0
match-177d7047-4695,rudeljaeger,standard,0,0,0,9,-1,14,13,31,8,11,5,9,0,3
match-177d7047-4695,urzeitliche_kolosse,standard,1,1,1,9,1,14,10,38,5,10,7,11,0,1
match-760043fa-4696,rudeljaeger,standard,0,1,0,4,10,8,5,9,1,5,1,11,0,0
match-760043fa-4696,urzeitliche_kolosse,standard,1,0,1,4,-1,10,2,7,3,2,2,0,0,0
match-ef4db4b7-4697,rudeljaeger,standard,0,1,0,16,3,21,18,52,70,16,12,7,0,2
match-ef4db4b7-4697,urzeitliche_kolosse,standard,1,0,1,16,0,21,17,68,67,16,13,4,0,0
match-8365827f-4698,rudeljaeger,standard,0,0,0,10,-1,14,13,38,11,12,2,9,0,0
match-8365827f-4698,urzeitliche_kolosse,standard,1,1,1,10,1,16,8,34,19,7,10,11,0,0
match-fcb2f33c-4699,rudeljaeger,standard,0,0,0,8,-1,12,11,26,6,9,5,4,0,0
match-fcb2f33c-4699,urzeitliche_kolosse,standard,1,1,1,8,6,12,10,30,5,9,9,11,0,0
match-5b35c6f0-4700,rudeljaeger,standard,0,1,0,3,10,7,2,3,0,2,0,10,0,0
match-5b35c6f0-4700,urzeitliche_kolosse,standard,1,0,1,3,0,8,0,0,3,0,0,0,0,0
match-d48337ad-4701,rudeljaeger,standard,0,1,0,7,8,10,7,25,1,7,5,11,0,1
match-d48337ad-4701,urzeitliche_kolosse,standard,1,0,1,7,-1,12,8,24,2,8,4,2,0,0
match-689b0575-4702,rudeljaeger,standard,0,1,0,3,10,8,3,6,0,3,1,11,0,0
match-689b0575-4702,urzeitliche_kolosse,standard,1,0,1,3,-1,9,2,5,1,2,1,0,0,0
match-e1e87632-4703,rudeljaeger,standard,0,1,0,5,6,9,7,14,1,6,1,10,0,0
match-e1e87632-4703,urzeitliche_kolosse,standard,1,0,1,5,0,11,5,14,1,5,6,4,0,0
match-406b49e6-4704,rudeljaeger,standard,0,1,0,7,6,12,9,21,2,8,4,11,0,0
match-406b49e6-4704,urzeitliche_kolosse,standard,1,0,1,7,-1,12,6,26,2,6,7,4,0,0
match-b9b8baa3-4705,rudeljaeger,standard,0,0,0,8,-2,13,11,24,6,10,5,7,0,0
match-b9b8baa3-4705,urzeitliche_kolosse,standard,1,1,1,8,3,13,9,33,2,9,7,12,0,0
match-4dd0886b-4706,rudeljaeger,standard,0,1,0,4,3,8,5,9,0,5,3,10,0,0
match-4dd0886b-4706,urzeitliche_kolosse,standard,1,0,1,4,0,10,4,9,0,4,5,7,0,0
match-c71df928-4707,rudeljaeger,standard,0,1,0,5,4,10,5,15,0,4,0,11,0,0
match-c71df928-4707,urzeitliche_kolosse,standard,1,0,1,5,-1,11,3,11,4,3,2,6,0,0
match-25a0ccdc-4708,rudeljaeger,standard,0,1,0,5,10,10,6,12,1,6,1,11,0,0
match-25a0ccdc-4708,urzeitliche_kolosse,standard,1,0,1,5,-1,11,4,12,3,3,1,0,0,0
match-9eee3d99-4709,rudeljaeger,standard,0,1,0,4,7,8,5,8,0,5,0,11,0,0
match-9eee3d99-4709,urzeitliche_kolosse,standard,1,0,1,4,-1,10,2,7,3,2,2,3,0,0
match-33060b61-4710,rudeljaeger,standard,0,0,0,13,-1,17,16,48,35,14,8,7,0,0
match-33060b61-4710,urzeitliche_kolosse,standard,1,1,1,13,3,19,14,61,23,13,12,11,0,0
match-ac537c1e-4711,rudeljaeger,standard,0,0,0,9,0,15,12,31,8,11,8,5,0,0
match-ac537c1e-4711,urzeitliche_kolosse,standard,1,1,1,9,5,15,12,37,4,12,10,10,0,3
match-0ad64fd2-4712,rudeljaeger,standard,0,1,0,5,10,9,5,11,0,5,2,12,0,0
match-0ad64fd2-4712,urzeitliche_kolosse,standard,1,0,1,5,-2,11,4,12,3,4,1,0,0,0
match-8423a08f-4713,rudeljaeger,standard,0,1,0,6,5,11,9,20,1,7,4,11,0,0
match-8423a08f-4713,urzeitliche_kolosse,standard,1,0,1,6,-1,12,6,18,3,5,6,5,0,0
match-183b8e57-4714,rudeljaeger,standard,0,1,0,6,2,10,8,21,0,7,2,10,0,0
match-183b8e57-4714,urzeitliche_kolosse,standard,1,0,1,6,0,11,5,17,4,5,4,8,0,0
match-9188ff14-4715,rudeljaeger,standard,0,0,0,10,0,15,14,42,5,12,7,4,0,1
match-9188ff14-4715,urzeitliche_kolosse,standard,1,1,1,10,6,15,12,45,6,11,8,10,0,2
match-f00bd2c7-4716,rudeljaeger,standard,0,0,0,9,-2,15,13,35,6,11,5,6,0,0
match-f00bd2c7-4716,urzeitliche_kolosse,standard,1,1,1,9,4,15,9,35,6,8,9,12,0,0
match-69592385-4717,rudeljaeger,standard,0,1,0,8,4,11,11,27,2,9,7,12,0,0
match-69592385-4717,urzeitliche_kolosse,standard,1,0,1,8,-2,13,10,30,6,10,6,6,0,0
match-fd71114c-4718,rudeljaeger,standard,0,0,0,9,-3,12,11,31,7,10,4,9,0,2
match-fd71114c-4718,urzeitliche_kolosse,standard,1,1,1,9,1,14,9,37,5,9,5,13,0,0
match-76be620a-4719,rudeljaeger,standard,0,1,0,8,4,12,9,27,3,8,5,11,0,0
match-76be620a-4719,urzeitliche_kolosse,standard,1,0,1,8,-1,14,8,33,2,7,4,6,0,3
match-d54155bd-4720,rudeljaeger,standard,0,1,0,10,1,16,14,38,17,13,7,10,0,0
match-d54155bd-4720,urzeitliche_kolosse,standard,1,0,1,10,0,16,11,44,9,11,9,9,0,0
match-4e8ea67b-4721,rudeljaeger,standard,0,0,0,9,-3,14,9,26,13,8,5,5,0,1
match-4e8ea67b-4721,urzeitliche_kolosse,standard,1,1,1,9,5,13,11,38,2,10,4,13,0,0
match-e2a69442-4722,rudeljaeger,standard,0,1,0,11,3,17,14,42,15,13,13,11,0,0
match-e2a69442-4722,urzeitliche_kolosse,standard,1,0,1,11,-1,17,14,52,8,13,11,7,0,4
match-5bf3e500-4723,rudeljaeger,standard,0,1,0,6,10,11,6,21,0,6,2,10,0,1
match-5bf3e500-4723,urzeitliche_kolosse,standard,1,0,1,6,0,11,5,20,1,5,2,0,0,1
match-ba76d8b3-4724,rudeljaeger,standard,0,0,0,11,-3,15,14,38,21,12,9,7,0,2
match-ba76d8b3-4724,urzeitliche_kolosse,standard,1,1,1,11,3,16,14,51,9,13,10,13,0,0
match-33c42971-4725,rudeljaeger,standard,0,0,0,7,0,11,10,26,2,9,3,8,0,0
match-33c42971-4725,urzeitliche_kolosse,standard,1,1,1,7,2,11,7,26,2,7,8,10,0,0
match-c7dc1738-4726,rudeljaeger,standard,0,1,0,4,10,9,6,10,0,6,1,10,0,0
match-c7dc1738-4726,urzeitliche_kolosse,standard,1,0,1,4,0,10,2,7,3,2,4,0,0,0
match-412967f6-4727,rudeljaeger,standard,0,0,0,7,-2,11,10,25,2,9,3,8,0,2
match-412967f6-4727,urzeitliche_kolosse,standard,1,1,1,7,2,11,8,25,1,8,6,12,0,0
match-9fac5ba9-4728,rudeljaeger,standard,0,0,0,9,-3,13,9,29,12,8,5,7,0,1
match-9fac5ba9-4728,urzeitliche_kolosse,standard,1,1,1,9,3,14,11,37,3,10,3,13,0,2
match-18f9ac67-4729,rudeljaeger,standard,0,1,0,7,5,10,8,23,1,8,3,10,0,0
match-18f9ac67-4729,urzeitliche_kolosse,standard,1,0,1,7,0,12,7,25,3,7,5,5,0,0
match-ad119a2e-4730,rudeljaeger,standard,0,1,0,4,6,8,4,10,0,4,2,11,0,0
match-ad119a2e-4730,urzeitliche_kolosse,standard,1,0,1,4,-1,9,4,9,0,4,1,4,0,0
match-265eeaec-4731,rudeljaeger,standard,0,1,0,7,1,11,10,24,1,8,5,10,0,0
match-265eeaec-4731,urzeitliche_kolosse,standard,1,0,1,7,0,12,8,27,1,7,4,9,0,0
match-84e1de9f-4732,rudeljaeger,standard,0,1,0,5,5,9,4,14,1,4,1,11,0,0
match-84e1de9f-4732,urzeitliche_kolosse,standard,1,0,1,5,-1,11,3,12,3,3,1,5,0,0
match-fe2f2f5c-4733,rudeljaeger,standard,0,0,0,12,-2,17,16,42,27,14,9,7,0,1
match-fe2f2f5c-4733,urzeitliche_kolosse,standard,1,1,1,12,3,16,13,53,13,13,14,12,0,1
match-92471d24-4734,rudeljaeger,standard,0,0,0,10,-6,14,14,34,13,12,5,5,0,1
match-92471d24-4734,urzeitliche_kolosse,standard,1,1,1,10,5,14,10,41,9,9,12,16,0,0
match-0b946de2-4735,rudeljaeger,standard,0,1,0,5,1,10,7,13,2,6,2,10,0,0
match-0b946de2-4735,urzeitliche_kolosse,standard,1,0,1,5,0,9,5,13,1,5,3,9,0,0
match-6a174195-4736,rudeljaeger,standard,0,1,0,3,10,7,3,6,0,3,1,11,0,0
match-6a174195-4736,urzeitliche_kolosse,standard,1,0,1,3,-1,7,2,5,1,2,1,0,0,0
match-e364b252-4737,rudeljaeger,standard,0,1,0,7,10,11,6,22,1,6,4,12,0,0
match-e364b252-4737,urzeitliche_kolosse,standard,1,0,1,7,-2,11,7,27,1,6,2,0,0,0
match-777c801a-4738,rudeljaeger,standard,0,1,0,5,4,8,6,15,0,6,1,11,0,0
match-777c801a-4738,urzeitliche_kolosse,standard,1,0,1,5,-1,10,4,14,1,4,2,6,0,0
match-f0c9f0d7-4739,rudeljaeger,standard,0,0,0,9,0,12,9,30,6,8,5,9,0,0
match-f0c9f0d7-4739,urzeitliche_kolosse,standard,1,1,1,9,1,14,9,35,7,8,3,10,0,5
match-4f4cc48b-4740,rudeljaeger,standard,0,1,0,5,10,10,5,14,0,5,1,10,0,0
match-4f4cc48b-4740,urzeitliche_kolosse,standard,1,0,1,5,0,10,4,11,3,4,1,0,0,0
match-c89a3548-4741,rudeljaeger,standard,0,0,0,9,-2,13,12,34,5,10,4,8,0,3
match-c89a3548-4741,urzeitliche_kolosse,standard,1,1,1,9,2,14,9,38,2,9,5,12,0,0
match-5cb20310-4742,rudeljaeger,standard,0,0,0,15,0,20,19,52,57,17,9,8,0,1
match-5cb20310-4742,urzeitliche_kolosse,standard,1,1,1,15,1,21,14,54,56,13,15,9,0,1
match-d5ff73cd-4743,rudeljaeger,standard,0,0,0,10,-4,15,9,33,17,9,7,7,0,3
match-d5ff73cd-4743,urzeitliche_kolosse,standard,1,1,1,10,3,14,11,40,9,10,6,14,0,1
match-34824781-4744,rudeljaeger,standard,0,0,0,9,0,13,12,32,7,11,8,8,0,0
match-34824781-4744,urzeitliche_kolosse,standard,1,1,1,9,2,13,11,37,8,11,9,10,0,0
match-adcfb83e-4745,rudeljaeger,standard,0,1,0,6,10,11,7,21,0,7,3,10,0,0
match-adcfb83e-4745,urzeitliche_kolosse,standard,1,0,1,6,0,11,6,18,3,6,2,0,0,0
match-41e78606-4746,rudeljaeger,standard,0,0,0,8,-1,13,8,31,4,7,4,5,0,1
match-41e78606-4746,urzeitliche_kolosse,standard,1,1,1,8,5,12,8,33,3,8,2,11,0,0
match-bb34f6c3-4747,rudeljaeger,standard,0,1,0,8,10,13,9,29,1,8,8,13,0,0
match-bb34f6c3-4747,urzeitliche_kolosse,standard,1,0,1,8,-3,13,9,34,2,9,3,0,0,0
match-19b7ca77-4748,rudeljaeger,standard,0,1,0,3,10,7,3,6,0,3,0,10,0,0
match-19b7ca77-4748,urzeitliche_kolosse,standard,1,0,1,3,0,8,1,3,3,1,0,0,0,0
match-93053b34-4749,rudeljaeger,standard,0,0,0,8,-2,12,11,32,4,10,4,8,0,0
match-93053b34-4749,urzeitliche_kolosse,standard,1,1,1,8,2,12,9,33,3,8,8,12,0,0
match-271d08fc-4750,rudeljaeger,standard,0,0,0,4,-2,8,2,6,3,2,0,6,0,0
match-271d08fc-4750,urzeitliche_kolosse,standard,1,1,1,4,4,8,3,9,1,3,0,12,0,0
match-a06a79b9-4751,rudeljaeger,standard,0,0,0,9,-2,13,11,37,7,11,6,5,0,0
match-a06a79b9-4751,urzeitliche_kolosse,standard,1,1,1,9,5,15,11,43,2,10,9,12,0,1
match-feed4d6c-4752,rudeljaeger,standard,0,0,0,11,-4,16,14,40,19,13,5,6,0,0
match-feed4d6c-4752,urzeitliche_kolosse,standard,1,1,1,11,4,15,11,46,19,10,12,14,0,4
match-783abe2a-4753,rudeljaeger,standard,0,0,0,6,-2,9,7,19,1,6,1,7,0,1
match-783abe2a-4753,urzeitliche_kolosse,standard,1,1,1,6,3,11,5,19,2,5,4,12,0,0
match-0c528bf2-4754,rudeljaeger,standard,0,1,0,5,5,10,6,14,1,6,2,11,0,0
match-0c528bf2-4754,urzeitliche_kolosse,standard,1,0,1,5,-1,11,5,14,1,5,3,5,0,1
match-859ffcaf-4755,rudeljaeger,standard,0,1,0,5,8,9,5,13,0,5,2,10,0,0
match-859ffcaf-4755,urzeitliche_kolosse,standard,1,0,1,5,0,11,4,13,2,4,3,2,0,0
match-8ad2cf1f-4756,rudeljaeger,standard,0,1,0,6,6,10,7,19,1,6,4,11,0,0
match-8ad2cf1f-4756,urzeitliche_kolosse,standard,1,0,1,6,-1,10,6,16,3,5,4,4,0,0
match-04203fdd-4757,rudeljaeger,standard,0,0,0,11,-2,16,14,39,18,12,7,8,0,1
match-04203fdd-4757,urzeitliche_kolosse,standard,1,1,1,11,2,17,13,49,12,12,10,12,0,1
match-98380da4-4758,rudeljaeger,standard,0,1,0,7,4,11,6,21,4,5,6,10,0,2
match-98380da4-4758,urzeitliche_kolosse,standard,1,0,1,7,0,11,8,21,5,8,1,6,0,0
match-11857e62-4759,rudeljaeger,standard,0,1,0,12,5,15,15,38,32,13,11,10,0,0
match-11857e62-4759,urzeitliche_kolosse,standard,1,0,1,12,0,16,15,57,14,15,11,5,0,0
match-70085215-4760,rudeljaeger,standard,0,1,0,5,4,8,5,15,0,4,0,11,0,0
match-70085215-4760,urzeitliche_kolosse,standard,1,0,1,5,-1,10,4,14,1,4,1,6,0,0
match-e955a2d2-4761,rudeljaeger,standard,0,1,0,7,7,11,9,22,2,8,4,13,0,1
match-e955a2d2-4761,urzeitliche_kolosse,standard,1,0,1,7,-3,13,7,24,4,7,5,3,0,0
match-7d6d909a-4762,rudeljaeger,standard,0,0,0,12,-2,18,16,41,30,14,9,6,0,3
match-7d6d909a-4762,urzeitliche_kolosse,standard,1,1,1,12,4,18,13,49,20,12,13,12,0,2
match-f6bae157-4763,rudeljaeger,standard,0,0,0,9,-1,13,12,30,9,11,5,8,0,0
match-f6bae157-4763,urzeitliche_kolosse,standard,1,1,1,9,2,12,11,39,4,10,8,11,0,1
match-553dd50b-4764,rudeljaeger,standard,0,1,0,8,3,12,9,25,3,8,5,10,0,0
match-553dd50b-4764,urzeitliche_kolosse,standard,1,0,1,8,0,13,7,31,5,7,4,7,0,1
match-ce8b25c8-4765,rudeljaeger,standard,0,1,0,7,5,11,9,22,0,9,4,11,0,0
match-ce8b25c8-4765,urzeitliche_kolosse,standard,1,0,1,7,-1,12,7,26,2,7,5,5,0,1
match-62a31390-4766,rudeljaeger,standard,0,1,0,5,10,9,5,15,0,5,1,10,0,0
match-62a31390-4766,urzeitliche_kolosse,standard,1,0,1,5,0,10,3,12,3,3,3,0,0,0
match-dbf0644d-4767,rudeljaeger,standard,0,0,0,7,-2,12,9,27,1,8,3,5,0,0
match-dbf0644d-4767,urzeitliche_kolosse,standard,1,1,1,7,5,12,9,26,1,8,4,12,0,0
match-3a735801-4768,rudeljaeger,standard,0,1,0,11,1,14,13,32,25,11,9,13,0,0
match-3a735801-4768,urzeitliche_kolosse,standard,1,0,1,11,-3,16,14,51,8,13,6,9,0,1
match-b3c0a8be-4769,rudeljaeger,standard,0,1,0,4,6,8,3,9,1,3,1,10,0,0
match-b3c0a8be-4769,urzeitliche_kolosse,standard,1,0,1,4,0,9,3,6,3,2,1,4,0,0
match-47d89686-4770,rudeljaeger,standard,0,0,0,12,-3,18,13,39,30,12,7,4,0,1
match-47d89686-4770,urzeitliche_kolosse,standard,1,1,1,12,6,17,12,52,25,11,8,13,0,3
match-c125e743-4771,rudeljaeger,standard,0,1,0,11,6,16,11,34,21,9,4,13,0,1
match-c125e743-4771,urzeitliche_kolosse,standard,1,0,1,11,-3,16,9,42,24,8,4,4,0,3
match-1fa8daf7-4772,rudeljaeger,standard,0,0,0,9,0,15,8,28,8,7,4,4,0,2
match-1fa8daf7-4772,urzeitliche_kolosse,standard,1,1,1,9,6,13,9,33,8,8,3,10,0,2
match-98f62bb4-4773,rudeljaeger,standard,0,0,0,7,-1,10,10,21,3,10,5,7,0,0
match-98f62bb4-4773,urzeitliche_kolosse,standard,1,1,1,7,3,12,8,26,1,8,10,11,0,0
match-2d0e197c-4774,rudeljaeger,standard,0,0,0,9,-1,14,12,31,9,11,3,7,0,0
match-2d0e197c-4774,urzeitliche_kolosse,standard,1,1,1,9,3,13,8,36,4,8,8,11,0,2
match-a65b6a39-4775,rudeljaeger,standard,0,1,0,7,8,12,7,23,0,7,2,13,0,0
match-a65b6a39-4775,urzeitliche_kolosse,standard,1,0,1,7,-3,13,7,25,3,6,5,2,0,0
match-04de5ded-4776,rudeljaeger,standard,0,1,0,11,6,15,15,40,22,13,13,10,0,0
match-04de5ded-4776,urzeitliche_kolosse,standard,1,0,1,11,0,15,14,49,12,14,11,4,0,1
match-7e2baeaa-4777,rudeljaeger,standard,0,0,0,7,0,11,7,20,3,7,5,5,0,1
match-7e2baeaa-4777,urzeitliche_kolosse,standard,1,1,1,7,5,12,8,22,2,8,5,10,0,0
match-12439c72-4778,rudeljaeger,standard,0,1,0,8,6,14,11,31,1,9,4,10,0,1
match-12439c72-4778,urzeitliche_kolosse,standard,1,0,1,8,0,13,9,30,5,8,6,4,0,1
match-8b90ed2f-4779,rudeljaeger,standard,0,0,0,10,-4,17,14,41,10,12,7,9,0,1
match-8b90ed2f-4779,urzeitliche_kolosse,standard,1,1,1,10,1,14,13,47,7,12,7,14,0,0
match-ea13c0e2-4780,rudeljaeger,standard,0,1,0,10,5,15,13,36,10,12,7,11,0,0
match-ea13c0e2-4780,urzeitliche_kolosse,standard,1,0,1,10,-1,15,11,43,11,10,8,5,0,0
match-636131a0-4781,rudeljaeger,standard,0,1,0,8,1,13,11,27,3,9,3,13,0,0
match-636131a0-4781,urzeitliche_kolosse,standard,1,0,1,8,-3,14,6,29,3,6,5,9,0,4
match-f7791f67-4782,rudeljaeger,standard,0,0,0,9,-2,15,8,30,7,8,4,9,0,2
match-f7791f67-4782,urzeitliche_kolosse,standard,1,1,1,9,1,14,7,29,14,7,6,12,0,0
match-70c67025-4783,rudeljaeger,standard,0,1,0,7,1,12,9,22,4,8,4,12,0,0
match-70c67025-4783,urzeitliche_kolosse,standard,1,0,1,7,-2,12,8,24,2,7,5,9,0,0
match-cf4943d8-4784,rudeljaeger,standard,0,0,0,12,0,15,15,46,22,15,10,6,0,1
match-cf4943d8-4784,urzeitliche_kolosse,standard,1,1,1,12,4,18,15,60,12,14,11,10,0,2
match-4896b496-4785,rudeljaeger,standard,0,1,0,13,3,18,17,50,32,15,11,14,0,2
match-4896b496-4785,urzeitliche_kolosse,standard,1,0,1,13,-4,17,16,57,25,15,13,7,0,0
match-dcae825d-4786,rudeljaeger,standard,0,1,0,7,5,11,7,25,2,7,5,11,0,0
match-dcae825d-4786,urzeitliche_kolosse,standard,1,0,1,7,-1,12,9,25,2,8,2,5,0,0
match-55fbf31b-4787,rudeljaeger,standard,0,0,0,12,-1,17,16,43,27,15,11,7,0,0
match-55fbf31b-4787,urzeitliche_kolosse,standard,1,1,1,12,3,16,13,52,17,12,13,11,0,3
match-b47ec6ce-4788,rudeljaeger,standard,0,0,0,3,-1,7,3,5,0,3,0,5,0,0
match-b47ec6ce-4788,urzeitliche_kolosse,standard,1,1,1,3,5,9,3,5,0,2,2,11,0,0
match-2dcc378c-4789,rudeljaeger,standard,0,1,0,5,5,10,5,14,1,4,3,10,0,0
match-2dcc378c-4789,urzeitliche_kolosse,standard,1,0,1,5,0,11,5,14,1,4,2,5,0,0
match-c1e40553-4790,rudeljaeger,standard,0,0,0,9,-4,14,11,32,4,9,7,8,0,0
match-c1e40553-4790,urzeitliche_kolosse,standard,1,1,1,9,2,14,10,37,2,9,4,14,0,0
match-3b317611-4791,rudeljaeger,standard,0,1,0,4,10,10,5,10,0,5,2,11,0,0
match-3b317611-4791,urzeitliche_kolosse,standard,1,0,1,4,-1,9,3,8,1,3,2,0,0,0
match-99b449c4-4792,rudeljaeger,standard,0,1,0,13,1,17,16,43,39,15,14,11,0,0
match-99b449c4-4792,urzeitliche_kolosse,standard,1,0,1,13,-1,19,16,59,24,16,12,9,0,7
match-1301ba82-4793,rudeljaeger,standard,0,0,0,10,-1,13,13,35,11,11,9,8,0,0
match-1301ba82-4793,urzeitliche_kolosse,standard,1,1,1,10,2,15,13,46,6,12,9,11,0,2
match-a7198849-4794,rudeljaeger,standard,0,1,0,8,4,11,11,29,3,11,5,10,0,0
match-a7198849-4794,urzeitliche_kolosse,standard,1,0,1,8,0,13,9,31,2,9,9,6,0,3
match-2066f907-4795,rudeljaeger,standard,0,1,0,5,5,10,5,13,2,5,3,12,0,0
match-2066f907-4795,urzeitliche_kolosse,standard,1,0,1,5,-2,9,5,14,0,5,2,5,0,0
match-7ee9ccba-4796,rudeljaeger,standard,0,1,0,5,4,9,6,13,0,6,2,11,0,0
match-7ee9ccba-4796,urzeitliche_kolosse,standard,1,0,1,5,-1,10,5,13,0,4,4,6,0,0
match-f8373d77-4797,rudeljaeger,standard,0,1,0,8,6,13,10,29,3,8,6,11,0,0
match-f8373d77-4797,urzeitliche_kolosse,standard,1,0,1,8,-1,13,9,31,4,8,5,4,0,0
match-8c4f0b3f-4798,rudeljaeger,standard,0,1,0,7,3,12,8,22,1,8,5,11,0,1
match-8c4f0b3f-4798,urzeitliche_kolosse,standard,1,0,1,7,-1,12,8,25,3,8,4,7,0,0
match-059c7bfd-4799,rudeljaeger,standard,0,0,0,9,-2,14,12,30,7,11,6,8,0,1
match-059c7bfd-4799,urzeitliche_kolosse,standard,1,1,1,9,2,16,11,41,2,10,8,12,0,2
match-641f4fb0-4800,rudeljaeger,standard,0,1,0,5,3,9,5,14,1,5,4,11,0,0
match-641f4fb0-4800,urzeitliche_kolosse,standard,1,0,1,5,-1,10,7,15,0,6,2,7,0,0
match-dd6ca06d-4801,rudeljaeger,standard,0,1,0,3,6,6,2,3,0,2,0,10,0,0
match-dd6ca06d-4801,urzeitliche_kolosse,standard,1,0,1,3,0,9,1,1,2,1,0,4,0,0
match-71848e35-4802,rudeljaeger,standard,0,1,0,3,6,9,4,6,0,4,1,10,0,0
match-71848e35-4802,urzeitliche_kolosse,standard,1,0,1,3,0,7,3,6,0,3,1,4,0,0
match-ead1fef2-4803,rudeljaeger,standard,0,1,0,8,2,12,8,27,5,7,6,11,0,2
match-ead1fef2-4803,urzeitliche_kolosse,standard,1,0,1,8,-1,13,9,33,3,8,3,8,0,2
match-4954d2a6-4804,rudeljaeger,standard,0,1,0,5,10,9,6,14,1,6,3,10,0,0
match-4954d2a6-4804,urzeitliche_kolosse,standard,1,0,1,5,0,10,4,12,3,4,3,0,0,0
match-c2a22363-4805,rudeljaeger,standard,0,1,0,3,4,6,3,6,0,3,0,10,0,0
match-c2a22363-4805,urzeitliche_kolosse,standard,1,0,1,3,0,9,3,6,0,2,1,6,0,0
match-56ba112b-4806,rudeljaeger,standard,0,1,0,8,3,12,9,30,5,7,6,14,0,2
match-56ba112b-4806,urzeitliche_kolosse,standard,1,0,1,8,-4,12,8,30,6,8,3,7,0,0
match-d00761e8-4807,rudeljaeger,standard,0,0,0,10,0,13,13,36,11,11,5,8,0,2
match-d00761e8-4807,urzeitliche_kolosse,standard,1,1,1,10,2,13,11,38,7,10,7,10,0,0
match-2e8a559c-4808,rudeljaeger,standard,0,1,0,4,3,7,5,9,0,5,3,10,0,0
match-2e8a559c-4808,urzeitliche_kolosse,standard,1,0,1,4,0,10,4,9,0,4,2,7,0,0
match-a7d7a659-4809,rudeljaeger,standard,0,0,0,9,-2,12,12,32,5,11,8,8,0,0
match-a7d7a659-4809,urzeitliche_kolosse,standard,1,1,1,9,2,13,11,37,2,10,7,12,0,0
match-3bef9421-4810,rudeljaeger,standard,0,1,0,5,7,9,5,13,1,5,0,10,0,0
match-3bef9421-4810,urzeitliche_kolosse,standard,1,0,1,5,0,10,3,12,3,3,2,3,0,0
match-b53ce4de-4811,rudeljaeger,standard,0,1,0,5,10,9,5,14,0,5,3,12,0,0
match-b53ce4de-4811,urzeitliche_kolosse,standard,1,0,1,5,-2,11,4,13,2,4,2,0,0,0
match-13bfd892-4812,rudeljaeger,standard,0,0,0,8,-3,11,11,26,4,9,5,6,0,0
match-13bfd892-4812,urzeitliche_kolosse,standard,1,1,1,8,4,14,9,32,3,9,7,13,0,1
match-8d0d294f-4813,rudeljaeger,standard,0,0,0,9,-3,13,12,34,6,11,4,9,0,1
match-8d0d294f-4813,urzeitliche_kolosse,standard,1,1,1,9,1,14,10,39,1,9,10,13,0,0
match-21251717-4814,rudeljaeger,standard,0,0,0,6,-1,10,7,20,0,5,3,9,0,0
match-21251717-4814,urzeitliche_kolosse,standard,1,1,1,6,1,11,6,19,1,6,3,11,0,1
match-9a7267d4-4815,rudeljaeger,standard,0,0,0,16,0,20,11,36,84,9,5,5,0,0
match-9a7267d4-4815,urzeitliche_kolosse,standard,1,1,1,16,2,21,10,40,80,9,6,7,0,0
match-f8f55b87-4816,rudeljaeger,standard,0,0,0,8,-1,12,10,24,7,8,6,9,0,0
match-f8f55b87-4816,urzeitliche_kolosse,standard,1,1,1,8,1,12,9,31,1,9,4,11,0,0
match-7242ac45-4817,rudeljaeger,standard,0,1,0,4,10,8,4,10,0,4,2,12,0,0
match-7242ac45-4817,urzeitliche_kolosse,standard,1,0,1,4,-2,8,3,9,1,3,2,0,0,0
match-065a9a0d-4818,rudeljaeger,standard,0,0,0,10,0,15,13,39,13,12,5,8,0,1
match-065a9a0d-4818,urzeitliche_kolosse,standard,1,1,1,10,2,15,11,46,6,10,7,10,0,2
match-7fa7eaca-4819,rudeljaeger,standard,0,1,0,4,6,9,4,9,0,4,2,11,0,0
match-7fa7eaca-4819,urzeitliche_kolosse,standard,1,0,1,4,-1,9,4,9,1,3,2,4,0,0
match-377adfc1-4820,rudeljaeger,standard,0,1,0,8,7,12,11,30,3,10,8,11,0,0
match-377adfc1-4820,urzeitliche_kolosse,standard,1,0,1,8,-1,13,9,31,5,9,6,3,0,0
match-b0c8307e-4821,rudeljaeger,standard,0,0,0,6,0,11,8,20,1,6,1,7,0,0
match-b0c8307e-4821,urzeitliche_kolosse,standard,1,1,1,6,3,12,5,18,3,5,5,10,0,0
match-44e01e46-4822,rudeljaeger,standard,0,1,0,12,1,17,15,44,27,13,11,11,0,2
match-44e01e46-4822,urzeitliche_kolosse,standard,1,0,1,12,-1,18,15,53,16,14,10,9,0,0
match-be2d6f03-4823,rudeljaeger,standard,0,0,0,4,0,8,4,8,1,4,1,6,0,0
match-be2d6f03-4823,urzeitliche_kolosse,standard,1,1,1,4,4,10,3,8,2,3,3,10,0,0
match-1cb042b7-4824,rudeljaeger,standard,0,1,0,4,5,9,5,10,0,5,0,10,0,0
match-1cb042b7-4824,urzeitliche_kolosse,standard,1,0,1,4,0,8,3,7,3,3,4,5,0,0
match-95fdb374-4825,rudeljaeger,standard,0,0,0,4,-2,8,4,9,1,3,1,6,0,0
match-95fdb374-4825,urzeitliche_kolosse,standard,1,1,1,4,4,8,4,10,0,3,0,12,0,0
match-2a15813c-4826,rudeljaeger,standard,0,1,0,3,10,6,3,6,0,3,1,11,0,0
match-2a15813c-4826,urzeitliche_kolosse,standard,1,0,1,3,-1,8,2,5,1,2,1,0,0,0
match-a362f1f9-4827,rudeljaeger,standard,0,1,0,5,4,9,6,15,0,6,2,12,0,0
match-a362f1f9-4827,urzeitliche_kolosse,standard,1,0,1,5,-2,10,6,15,0,5,2,6,0,0
match-01e5c5ad-4828,rudeljaeger,standard,0,0,0,7,-2,10,10,25,1,10,4,9,0,1
match-01e5c5ad-4828,urzeitliche_kolosse,standard,1,1,1,7,1,13,7,26,2,7,7,12,0,0
match-7b33366a-4829,rudeljaeger,standard,0,1,0,4,10,8,6,10,0,5,1,11,0,0
match-7b33366a-4829,urzeitliche_kolosse,standard,1,0,1,4,-1,10,2,7,3,2,0,0,0,0
match-0f4b0432-4830,rudeljaeger,standard,0,1,0,5,10,10,6,13,2,6,1,11,0,0
match-0f4b0432-4830,urzeitliche_kolosse,standard,1,0,1,5,-1,8,3,11,3,3,2,0,0,0
match-889874ef-4831,rudeljaeger,standard,0,0,0,7,-4,10,10,25,1,9,4,9,0,0
match-889874ef-4831,urzeitliche_kolosse,standard,1,1,1,7,1,12,7,25,3,7,6,14,0,0
match-e71b48a2-4832,rudeljaeger,standard,0,0,0,15,0,20,17,48,62,15,10,8,0,0
match-e71b48a2-4832,urzeitliche_kolosse,standard,1,1,1,15,1,20,16,66,46,15,11,9,0,2
match-6068b960-4833,rudeljaeger,standard,0,1,0,12,4,17,12,42,26,11,12,11,0,1
match-6068b960-4833,urzeitliche_kolosse,standard,1,0,1,12,-1,17,15,63,7,15,7,6,0,1
match-f4808727-4834,rudeljaeger,standard,0,0,0,9,-2,13,11,31,5,9,4,9,0,1
match-f4808727-4834,urzeitliche_kolosse,standard,1,1,1,9,1,14,9,37,3,9,5,12,0,0
match-6dcdf7e5-4835,rudeljaeger,standard,0,1,0,9,3,14,12,32,5,10,7,12,0,0
match-6dcdf7e5-4835,urzeitliche_kolosse,standard,1,0,1,9,-2,13,10,37,7,10,7,7,0,1
match-cc50cb98-4836,rudeljaeger,standard,0,0,0,13,-2,18,17,44,39,15,11,6,0,0
match-cc50cb98-4836,urzeitliche_kolosse,standard,1,1,1,13,4,19,16,58,24,15,13,12,0,0
match-459e3c56-4837,rudeljaeger,standard,0,0,0,9,-3,14,12,26,14,10,4,8,0,0
match-459e3c56-4837,urzeitliche_kolosse,standard,1,1,1,9,2,14,9,41,4,8,7,13,0,0
match-d9b60a1d-4838,rudeljaeger,standard,0,1,0,3,10,7,3,6,0,3,0,10,0,0
match-d9b60a1d-4838,urzeitliche_kolosse,standard,1,0,1,3,0,8,1,3,3,1,0,0,0,0
match-53037adb-4839,rudeljaeger,standard,0,1,0,6,3,12,6,18,3,6,0,14,0,0
match-53037adb-4839,urzeitliche_kolosse,standard,1,0,1,6,-4,12,5,15,4,4,2,7,0,0
match-b1864e8e-4840,rudeljaeger,standard,0,0,0,8,-3,11,10,30,1,8,3,8,0,0
match-b1864e8e-4840,urzeitliche_kolosse,standard,1,1,1,8,2,12,8,32,4,7,8,13,0,0
match-2ad3bf4c-4841,rudeljaeger,standard,0,1,0,10,3,13,12,29,16,11,9,11,0,0
match-2ad3bf4c-4841,urzeitliche_kolosse,standard,1,0,1,10,-1,15,13,47,5,12,7,7,0,4
match-beeb8d13-4842,rudeljaeger,standard,0,0,0,17,0,22,20,56,80,18,8,5,0,0
match-beeb8d13-4842,urzeitliche_kolosse,standard,1,1,1,17,2,22,14,58,78,13,16,7,0,0
match-3838fdd1-4843,rudeljaeger,standard,0,1,0,3,6,7,4,6,0,4,0,10,0,0
match-3838fdd1-4843,urzeitliche_kolosse,standard,1,0,1,3,0,8,3,6,0,3,0,4,0,0
match-96bbd184-4844,rudeljaeger,standard,0,0,0,5,-1,9,6,15,0,6,1,5,0,0
match-96bbd184-4844,urzeitliche_kolosse,standard,1,1,1,5,5,11,5,15,0,5,3,11,0,0
match-10092242-4845,rudeljaeger,standard,0,0,0,8,0,13,12,27,4,10,5,7,0,0
match-10092242-4845,urzeitliche_kolosse,standard,1,1,1,8,3,14,10,32,0,9,8,10,0,0
match-a4211009-4846,rudeljaeger,standard,0,0,0,8,-1,12,11,29,6,9,5,6,0,0
match-a4211009-4846,urzeitliche_kolosse,standard,1,1,1,8,4,12,9,33,3,8,5,11,0,0
match-1d6e60c7-4847,rudeljaeger,standard,0,1,0,10,6,15,13,37,9,11,8,10,0,0
match-1d6e60c7-4847,urzeitliche_kolosse,standard,1,0,1,10,0,14,11,43,10,11,7,4,0,0
match-7bf1547a-4848,rudeljaeger,standard,0,0,0,9,-1,13,12,28,14,11,5,9,0,0
match-7bf1547a-4848,urzeitliche_kolosse,standard,1,1,1,9,1,14,9,36,0,9,7,11,0,0
match-f53ea537-4849,rudeljaeger,standard,0,1,0,5,10,10,6,14,1,5,3,11,0,0
match-f53ea537-4849,urzeitliche_kolosse,standard,1,0,1,5,-1,11,4,12,1,4,2,0,0,0
match-895692ff-4850,rudeljaeger,standard,0,1,0,6,4,9,8,19,1,7,5,10,0,1
match-895692ff-4850,urzeitliche_kolosse,standard,1,0,1,6,0,11,6,20,0,6,5,6,0,1
match-02a3e3bd-4851,rudeljaeger,standard,0,0,0,9,-3,13,13,40,3,11,5,6,0,1
match-02a3e3bd-4851,urzeitliche_kolosse,standard,1,1,1,9,4,14,9,35,1,9,6,13,0,0
match-6126d770-4852,rudeljaeger,standard,0,1,0,4,10,8,4,10,0,4,2,12,0,0
match-6126d770-4852,urzeitliche_kolosse,standard,1,0,1,4,-2,9,3,8,1,3,2,0,0,0
match-da74282d-4853,rudeljaeger,standard,0,1,0,6,10,10,7,19,1,7,3,10,0,0
match-da74282d-4853,urzeitliche_kolosse,standard,1,0,1,6,0,12,6,20,1,5,3,0,0,0
match-6e8c15f5-4854,rudeljaeger,standard,0,0,0,7,-1,13,10,24,0,8,6,9,0,0
match-6e8c15f5-4854,urzeitliche_kolosse,standard,1,1,1,7,1,11,7,26,2,7,8,11,0,0
match-e7d966b2-4855,rudeljaeger,standard,0,1,0,8,6,12,10,26,2,10,5,10,0,0
match-e7d966b2-4855,urzeitliche_kolosse,standard,1,0,1,8,0,14,9,35,1,8,7,4,0,0
match-465c5a66-4856,rudeljaeger,standard,0,1,0,13,2,18,16,42,39,14,13,10,0,2
match-465c5a66-4856,urzeitliche_kolosse,standard,1,0,1,13,0,19,16,60,22,15,12,8,0,2
match-bfa9ab23-4857,rudeljaeger,standard,0,1,0,14,2,18,16,45,46,14,13,10,0,1
match-bfa9ab23-4857,urzeitliche_kolosse,standard,1,0,1,14,0,17,17,64,31,16,9,8,0,2
match-53c198eb-4858,rudeljaeger,standard,0,0,0,13,-1,16,16,44,37,16,2,9,0,0
match-53c198eb-4858,urzeitliche_kolosse,standard,1,1,1,13,1,18,8,38,40,7,11,11,0,0
match-cd0ee9a8-4859,rudeljaeger,standard,0,1,0,5,6,9,5,15,0,5,1,10,0,0
match-cd0ee9a8-4859,urzeitliche_kolosse,standard,1,0,1,5,0,9,4,12,2,4,2,4,0,0
match-2b91dd5c-4860,rudeljaeger,standard,0,1,0,5,6,9,5,15,0,5,1,10,0,0
match-2b91dd5c-4860,urzeitliche_kolosse,standard,1,0,1,5,0,10,4,11,3,4,2,4,0,0
match-a4df2e19-4861,rudeljaeger,standard,0,0,0,5,-2,9,5,13,2,5,0,9,0,0
match-a4df2e19-4861,urzeitliche_kolosse,standard,1,1,1,5,1,10,4,14,1,4,4,12,0,0
match-38f71be1-4862,rudeljaeger,standard,0,0,0,11,-1,15,15,41,17,13,6,6,0,0
match-38f71be1-4862,urzeitliche_kolosse,standard,1,1,1,11,4,16,12,45,15,11,9,11,0,0
match-b2446c9e-4863,rudeljaeger,standard,0,1,0,6,1,11,9,20,1,9,3,10,0,0
match-b2446c9e-4863,urzeitliche_kolosse,standard,1,0,1,6,0,11,7,19,2,6,6,9,0,1
match-10c74052-4864,rudeljaeger,standard,0,1,0,8,6,13,9,30,4,7,8,11,0,1
match-10c74052-4864,urzeitliche_kolosse,standard,1,0,1,8,-1,13,10,30,3,9,2,4,0,0
match-8a14b10f-4865,rudeljaeger,standard,0,0,0,7,-4,11,10,23,0,8,5,9,0,0
match-8a14b10f-4865,urzeitliche_kolosse,standard,1,1,1,7,1,12,7,26,2,7,6,14,0,0
match-1e2c9ed7-4866,rudeljaeger,standard,0,0,0,14,-3,18,17,52,43,16,6,7,0,1
match-1e2c9ed7-4866,urzeitliche_kolosse,standard,1,1,1,14,3,19,10,45,53,9,13,13,0,0
match-9779ef94-4867,rudeljaeger,standard,0,1,0,5,1,9,4,13,2,4,2,10,0,0
match-9779ef94-4867,urzeitliche_kolosse,standard,1,0,1,5,0,8,4,14,1,4,1,9,0,0
match-f5fcc347-4868,rudeljaeger,standard,0,0,0,9,-1,14,12,31,8,11,6,5,0,0
match-f5fcc347-4868,urzeitliche_kolosse,standard,1,1,1,9,5,15,11,41,4,10,10,11,0,2
match-6f4a3405-4869,rudeljaeger,standard,0,0,0,7,0,11,10,22,3,9,2,5,0,1
match-6f4a3405-4869,urzeitliche_kolosse,standard,1,1,1,7,5,13,6,27,1,6,5,10,0,0
match-036201cd-4870,rudeljaeger,standard,0,0,0,11,-2,16,14,33,25,12,7,8,0,0
match-036201cd-4870,urzeitliche_kolosse,standard,1,1,1,11,2,15,12,47,17,12,10,12,0,0
match-7caf728a-4871,rudeljaeger,standard,0,0,0,6,-2,9,6,18,3,6,2,7,0,0
match-7caf728a-4871,urzeitliche_kolosse,standard,1,1,1,6,3,10,6,18,0,6,3,12,0,0
match-db32463d-4872,rudeljaeger,standard,0,1,0,6,6,12,7,21,0,7,3,11,0,0
match-db32463d-4872,urzeitliche_kolosse,standard,1,0,1,6,-1,11,6,18,2,5,4,4,0,0
match-547fb6fb-4873,rudeljaeger,standard,0,1,0,9,5,15,11,30,6,9,8,11,0,0
match-547fb6fb-4873,urzeitliche_kolosse,standard,1,0,1,9,-1,14,9,39,5,9,5,5,0,0
match-e89784c2-4874,rudeljaeger,standard,0,0,0,5,-1,9,6,13,1,6,2,7,0,0
match-e89784c2-4874,urzeitliche_kolosse,standard,1,1,1,5,3,10,6,14,0,6,4,11,0,1
match-61e4f580-4875,rudeljaeger,standard,0,1,0,5,4,10,5,11,1,5,1,10,0,0
match-61e4f580-4875,urzeitliche_kolosse,standard,1,0,1,5,0,10,3,11,4,3,5,6,0,0
match-c067c933-4876,rudeljaeger,standard,0,1,0,5,3,8,6,10,1,5,4,10,0,0
match-c067c933-4876,urzeitliche_kolosse,standard,1,0,1,5,0,9,5,13,0,5,4,7,0,0
match-39b539f1-4877,rudeljaeger,standard,0,1,0,10,3,15,11,31,14,10,11,11,0,0
match-39b539f1-4877,urzeitliche_kolosse,standard,1,0,1,10,-1,15,13,47,4,13,6,7,0,4
match-cdcd07b8-4878,rudeljaeger,standard,0,1,0,6,10,11,8,18,0,7,3,10,0,0
match-cdcd07b8-4878,urzeitliche_kolosse,standard,1,0,1,6,0,11,6,20,1,6,4,0,0,1
match-471a7876-4879,rudeljaeger,standard,0,0,0,11,-3,17,14,34,26,12,7,7,0,0
match-471a7876-4879,urzeitliche_kolosse,standard,1,1,1,11,3,16,12,46,15,11,9,13,0,0
match-a59d4c29-4880,rudeljaeger,standard,0,1,0,6,1,10,8,20,0,8,4,14,0,0
match-a59d4c29-4880,urzeitliche_kolosse,standard,1,0,1,6,-4,11,8,19,0,7,4,9,0,0
match-1eeabce7-4881,rudeljaeger,standard,0,1,0,7,4,10,9,25,1,8,4,11,0,2
match-1eeabce7-4881,urzeitliche_kolosse,standard,1,0,1,7,-1,13,7,27,1,7,4,6,0,0
match-b3028aae-4882,rudeljaeger,standard,0,0,0,14,-1,19,18,46,50,16,11,9,0,0
match-b3028aae-4882,urzeitliche_kolosse,standard,1,1,1,14,1,19,16,67,24,15,14,11,0,5
match-2c4ffb6c-4883,rudeljaeger,standard,0,0,0,11,-1,16,14,33,27,12,10,8,0,1
match-2c4ffb6c-4883,urzeitliche_kolosse,standard,1,1,1,11,2,16,14,49,10,13,10,11,0,3
match-3182cddc-4884,rudeljaeger,standard,0,1,0,8,1,14,11,30,3,10,5,10,0,1
match-3182cddc-4884,urzeitliche_kolosse,standard,1,0,1,8,0,13,8,28,7,7,8,9,0,0
match-aad03e99-4885,rudeljaeger,standard,0,1,0,4,10,9,6,9,1,6,1,10,0,0
match-aad03e99-4885,urzeitliche_kolosse,standard,1,0,1,4,0,9,3,7,3,2,3,0,0,0
match-3ee80c61-4886,rudeljaeger,standard,0,0,0,5,-1,9,6,15,0,6,2,5,0,0
match-3ee80c61-4886,urzeitliche_kolosse,standard,1,1,1,5,5,11,5,15,0,5,2,11,0,0
match-b8357d1e-4887,rudeljaeger,standard,0,1,0,5,10,8,5,12,2,5,2,12,0,0
match-b8357d1e-4887,urzeitliche_kolosse,standard,1,0,1,5,-2,10,4,11,3,3,4,0,0,0
match-16b850d2-4888,rudeljaeger,standard,0,0,0,9,0,14,13,33,6,12,6,6,0,0
match-16b850d2-4888,urzeitliche_kolosse,standard,1,1,1,9,4,14,11,41,1,10,9,10,0,0
match-9005a18f-4889,rudeljaeger,standard,0,0,0,9,-1,12,12,30,7,10,4,8,0,1
match-9005a18f-4889,urzeitliche_kolosse,standard,1,1,1,9,2,15,9,38,3,9,8,11,0,0
match-241d8f57-4890,rudeljaeger,standard,0,1,0,6,6,11,7,18,2,7,5,12,0,0
match-241d8f57-4890,urzeitliche_kolosse,standard,1,0,1,6,-2,11,7,19,1,7,5,4,0,0
match-9d6ae014-4891,rudeljaeger,standard,0,1,0,11,4,14,14,41,15,13,10,10,0,2
match-9d6ae014-4891,urzeitliche_kolosse,standard,1,0,1,11,0,15,10,47,14,10,9,6,0,3
match-fbedd3c7-4892,rudeljaeger,standard,0,1,0,4,2,9,5,9,0,5,2,10,0,0
match-fbedd3c7-4892,urzeitliche_kolosse,standard,1,0,1,4,0,9,4,10,0,4,2,8,0,0
match-753b2485-4893,rudeljaeger,standard,0,0,0,9,0,13,12,34,6,11,6,8,0,0
match-753b2485-4893,urzeitliche_kolosse,standard,1,1,1,9,2,14,10,40,3,9,9,10,0,5
match-0953124d-4894,rudeljaeger,standard,0,0,0,9,-2,15,13,37,4,11,9,9,0,0
match-0953124d-4894,urzeitliche_kolosse,standard,1,1,1,9,1,15,12,37,2,11,10,12,0,2
match-82a0630a-4895,rudeljaeger,standard,0,0,0,9,-1,16,11,35,6,10,7,8,0,0
match-82a0630a-4895,urzeitliche_kolosse,standard,1,1,1,9,2,13,11,42,2,11,6,11,0,0
match-e12356bd-4896,rudeljaeger,standard,0,1,0,7,2,11,8,24,1,7,4,10,0,1
match-e12356bd-4896,urzeitliche_kolosse,standard,1,0,1,7,0,12,7,23,5,7,4,8,0,0
match-5a70a77b-4897,rudeljaeger,standard,0,1,0,11,3,15,13,38,22,12,10,13,0,1
match-5a70a77b-4897,urzeitliche_kolosse,standard,1,0,1,11,-3,16,14,46,12,13,8,7,0,1
match-ee889542-4898,rudeljaeger,standard,0,0,0,9,-2,14,11,30,9,11,7,6,0,3
match-ee889542-4898,urzeitliche_kolosse,standard,1,1,1,9,4,13,10,38,7,10,8,12,0,2
match-67d5e600-4899,rudeljaeger,standard,0,1,0,12,3,18,16,45,26,14,10,11,0,0
match-67d5e600-4899,urzeitliche_kolosse,standard,1,0,1,12,-1,17,15,49,19,14,10,7,0,1
match-c658d9b3-4900,rudeljaeger,standard,0,1,0,7,2,12,7,22,1,7,8,13,0,0
match-c658d9b3-4900,urzeitliche_kolosse,standard,1,0,1,7,-3,12,9,28,0,9,3,8,0,0
match-3fa62a71-4901,rudeljaeger,standard,0,0,0,8,-2,13,12,31,2,11,6,8,0,1
match-3fa62a71-4901,urzeitliche_kolosse,standard,1,1,1,8,2,13,8,34,2,8,7,12,0,0
match-d3be1838-4902,rudeljaeger,standard,0,1,0,4,7,8,4,9,0,4,1,10,0,0
match-d3be1838-4902,urzeitliche_kolosse,standard,1,0,1,4,0,9,3,9,1,3,2,3,0,0
match-4d0b68f6-4903,rudeljaeger,standard,0,1,0,8,2,14,8,25,3,7,6,12,0,0
match-4d0b68f6-4903,urzeitliche_kolosse,standard,1,0,1,8,-2,12,9,32,4,8,2,8,0,1
match-ab8e5ca9-4904,rudeljaeger,standard,0,1,0,5,4,10,6,13,1,6,3,10,0,0
match-ab8e5ca9-4904,urzeitliche_kolosse,standard,1,0,1,5,0,11,5,13,2,5,4,6,0,0
match-24dbad67-4905,rudeljaeger,standard,0,1,0,13,1,19,17,49,30,15,11,11,0,0
match-24dbad67-4905,urzeitliche_kolosse,standard,1,0,1,13,-1,19,16,62,20,15,12,9,0,3
match-b8f39b2e-4906,rudeljaeger,standard,0,1,0,4,3,8,4,10,0,3,1,10,0,0
match-b8f39b2e-4906,urzeitliche_kolosse,standard,1,0,1,4,0,9,4,10,0,4,0,7,0,0
match-3240ebec-4907,rudeljaeger,standard,0,1,0,8,8,11,9,23,7,9,5,10,0,1
match-3240ebec-4907,urzeitliche_kolosse,standard,1,0,1,8,0,14,9,32,3,9,6,2,0,1
match-90c3df9f-4908,rudeljaeger,standard,0,1,0,3,6,7,3,6,0,3,0,10,0,0
match-90c3df9f-4908,urzeitliche_kolosse,standard,1,0,1,3,0,8,2,4,2,2,0,4,0,0
match-0a11305d-4909,rudeljaeger,standard,0,1,0,6,10,10,7,20,0,7,2,11,0,0
match-0a11305d-4909,urzeitliche_kolosse,standard,1,0,1,6,-1,12,4,16,4,4,4,0,0,0
match-9e291e24-4910,rudeljaeger,standard,0,1,0,6,5,10,8,21,0,8,2,10,0,1
match-9e291e24-4910,urzeitliche_kolosse,standard,1,0,1,6,0,12,7,17,2,6,6,5,0,1
match-17766ee2-4911,rudeljaeger,standard,0,1,0,13,2,18,16,46,37,15,12,11,0,0
match-17766ee2-4911,urzeitliche_kolosse,standard,1,0,1,13,-1,19,16,54,29,15,10,8,0,1
match-75f94295-4912,rudeljaeger,standard,0,1,0,7,1,11,8,21,2,7,5,12,0,1
match-75f94295-4912,urzeitliche_kolosse,standard,1,0,1,7,-2,13,8,27,1,7,3,9,0,0
match-ef46b352-4913,rudeljaeger,standard,0,1,0,5,10,10,6,15,0,6,3,11,0,0
match-ef46b352-4913,urzeitliche_kolosse,standard,1,0,1,5,-1,11,5,13,1,5,2,0,0,0
match-835e811a-4914,rudeljaeger,standard,0,1,0,5,5,8,6,15,0,5,1,11,0,0
match-835e811a-4914,urzeitliche_kolosse,standard,1,0,1,5,-1,9,4,12,2,4,2,5,0,0
match-fcabf1d7-4915,rudeljaeger,standard,0,0,0,9,-1,13,12,37,3,10,6,0,0,0
match-fcabf1d7-4915,urzeitliche_kolosse,standard,1,1,1,9,10,14,12,44,1,11,6,11,0,0
match-5b2ec58b-4916,rudeljaeger,standard,0,0,0,7,0,12,10,20,4,10,5,9,0,0
match-5b2ec58b-4916,urzeitliche_kolosse,standard,1,1,1,7,1,13,8,26,2,8,7,10,0,0
match-d47c3648-4917,rudeljaeger,standard,0,1,0,4,4,8,4,8,1,4,0,10,0,0
match-d47c3648-4917,urzeitliche_kolosse,standard,1,0,1,4,0,10,2,7,3,2,2,6,0,0
match-68940410-4918,rudeljaeger,standard,0,0,0,8,-2,13,12,32,1,11,4,7,0,1
match-68940410-4918,urzeitliche_kolosse,standard,1,1,1,8,3,13,9,31,2,9,7,12,0,0
match-e1e174cd-4919,rudeljaeger,standard,0,1,0,7,7,10,10,26,0,8,3,13,0,0
match-e1e174cd-4919,urzeitliche_kolosse,standard,1,0,1,7,-3,12,6,23,5,5,5,3,0,0
match-40644881-4920,rudeljaeger,standard,0,1,0,9,3,14,9,25,11,8,5,11,0,1
match-40644881-4920,urzeitliche_kolosse,standard,1,0,1,9,-1,15,9,43,2,9,3,7,0,2
match-b9b1b93e-4921,rudeljaeger,standard,0,0,0,15,0,20,18,48,58,16,11,6,0,0
match-b9b1b93e-4921,urzeitliche_kolosse,standard,1,1,1,15,3,20,16,70,35,15,15,9,0,4
match-4dc98706-4922,rudeljaeger,standard,0,1,0,4,7,8,4,10,0,4,1,10,0,0
match-4dc98706-4922,urzeitliche_kolosse,standard,1,0,1,4,0,9,3,7,2,3,2,3,0,0
match-c716f7c3-4923,rudeljaeger,standard,0,1,0,5,8,10,5,12,0,5,4,10,0,0
match-c716f7c3-4923,urzeitliche_kolosse,standard,1,0,1,5,0,9,6,13,1,5,3,2,0,0
match-2599cb77-4924,rudeljaeger,standard,0,0,0,14,-1,20,18,51,41,16,9,7,0,2
match-2599cb77-4924,urzeitliche_kolosse,standard,1,1,1,14,3,20,14,63,31,14,13,11,0,3
match-9ee73c34-4925,rudeljaeger,standard,0,1,0,5,6,9,5,11,2,5,0,10,0,0
match-9ee73c34-4925,urzeitliche_kolosse,standard,1,0,1,5,0,10,4,12,3,4,4,4,0,0
match-32ff09fc-4926,rudeljaeger,standard,0,1,0,10,4,15,14,35,14,12,9,12,0,2
match-32ff09fc-4926,urzeitliche_kolosse,standard,1,0,1,10,-2,15,12,50,4,11,7,6,0,0
match-ac4c7ab9-4927,rudeljaeger,standard,0,1,0,8,1,12,11,32,3,9,5,13,0,0
match-ac4c7ab9-4927,urzeitliche_kolosse,standard,1,0,1,8,-3,14,9,33,1,9,7,9,0,3
match-0acf4e6d-4928,rudeljaeger,standard,0,0,0,8,-1,12,11,27,5,9,3,8,0,0
match-0acf4e6d-4928,urzeitliche_kolosse,standard,1,1,1,8,2,14,7,31,2,7,7,11,0,2
match-841cbf2a-4929,rudeljaeger,standard,0,1,0,6,6,11,6,18,2,6,2,12,0,0
match-841cbf2a-4929,urzeitliche_kolosse,standard,1,0,1,6,-2,11,6,20,1,5,4,4,0,0
match-18348cf2-4930,rudeljaeger,standard,0,1,0,10,9,14,12,34,11,11,9,11,0,0
match-18348cf2-4930,urzeitliche_kolosse,standard,1,0,1,10,-1,14,13,45,3,12,8,1,0,0
match-9181fdaf-4931,rudeljaeger,standard,0,0,0,8,-2,12,9,27,4,8,3,6,0,1
match-9181fdaf-4931,urzeitliche_kolosse,standard,1,1,1,8,4,14,8,33,2,8,5,12,0,0
match-f004d162-4932,rudeljaeger,standard,0,0,0,11,-2,16,9,29,31,7,5,6,0,3
match-f004d162-4932,urzeitliche_kolosse,standard,1,1,1,11,4,15,10,38,20,10,3,12,0,3
match-69522220-4933,rudeljaeger,standard,0,0,0,14,-3,19,18,49,46,16,11,9,0,1
match-69522220-4933,urzeitliche_kolosse,standard,1,1,1,14,1,19,16,64,34,15,13,13,0,3
match-fd6a0fe7-4934,rudeljaeger,standard,0,0,0,8,0,12,11,28,2,9,6,9,0,0
match-fd6a0fe7-4934,urzeitliche_kolosse,standard,1,1,1,8,1,14,10,35,1,10,7,10,0,1
match-76b760a5-4935,rudeljaeger,standard,0,0,0,9,-1,14,12,31,10,11,4,9,0,0
match-76b760a5-4935,urzeitliche_kolosse,standard,1,1,1,9,1,13,9,36,3,8,8,11,0,0
match-d53a5458-4936,rudeljaeger,standard,0,1,0,4,4,8,4,10,0,3,1,10,0,0
match-d53a5458-4936,urzeitliche_kolosse,standard,1,0,1,4,0,10,4,10,0,3,2,6,0,0
match-4e87a516-4937,rudeljaeger,standard,0,1,0,10,6,15,13,38,12,12,7,10,0,0
match-4e87a516-4937,urzeitliche_kolosse,standard,1,0,1,10,0,15,10,33,19,9,8,4,0,2
match-e29f92dd-4938,rudeljaeger,standard,0,0,0,5,0,10,5,13,0,5,3,8,0,0
match-e29f92dd-4938,urzeitliche_kolosse,standard,1,1,1,5,2,11,5,14,1,5,4,10,0,0
match-5bece39b-4939,rudeljaeger,standard,0,0,0,8,0,12,11,29,2,9,7,6,0,0
match-5bece39b-4939,urzeitliche_kolosse,standard,1,1,1,8,4,13,10,33,3,9,6,10,0,0
match-ba6fd74e-4940,rudeljaeger,standard,0,0,0,9,-2,14,10,30,10,9,5,9,0,0
match-ba6fd74e-4940,urzeitliche_kolosse,standard,1,1,1,9,1,13,10,38,2,9,6,12,0,5
match-33bd280c-4941,rudeljaeger,standard,0,1,0,7,5,11,8,21,3,7,4,10,0,0
match-33bd280c-4941,urzeitliche_kolosse,standard,1,0,1,7,0,12,7,26,2,7,2,5,0,2
match-c7d515d3-4942,rudeljaeger,standard,0,0,0,7,-2,10,10,22,4,9,4,6,0,2
match-c7d515d3-4942,urzeitliche_kolosse,standard,1,1,1,7,4,13,9,27,1,8,7,12,0,2
match-41226691-4943,rudeljaeger,standard,0,0,0,9,-4,12,11,30,11,10,3,5,0,0
match-41226691-4943,urzeitliche_kolosse,standard,1,1,1,9,5,15,8,40,5,8,5,14,0,0
match-9fa55a44-4944,rudeljaeger,standard,0,0,0,8,0,13,11,27,3,9,6,0,0,0
match-9fa55a44-4944,urzeitliche_kolosse,standard,1,1,1,8,10,13,8,30,1,8,6,10,0,0
match-18f2ab02-4945,rudeljaeger,standard,0,1,0,11,3,16,14,43,15,13,8,10,0,2
match-18f2ab02-4945,urzeitliche_kolosse,standard,1,0,1,11,0,16,13,52,14,12,9,7,0,0
match-ad0a98c9-4946,rudeljaeger,standard,0,0,0,7,-1,12,9,25,3,8,3,4,0,1
match-ad0a98c9-4946,urzeitliche_kolosse,standard,1,1,1,7,6,12,6,22,3,6,6,11,0,1
match-2657e987-4947,rudeljaeger,standard,0,1,0,6,6,11,8,19,2,7,4,11,0,0
match-2657e987-4947,urzeitliche_kolosse,standard,1,0,1,6,-1,12,5,18,2,5,5,4,0,2
match-de2ade7d-4948,rudeljaeger,standard,0,0,0,7,-3,12,8,24,0,8,1,9,0,1
match-de2ade7d-4948,urzeitliche_kolosse,standard,1,1,1,7,1,12,6,24,3,6,4,13,0,0
match-57782f3b-4949,rudeljaeger,standard,0,1,0,6,5,9,9,19,0,8,4,10,0,0
match-57782f3b-4949,urzeitliche_kolosse,standard,1,0,1,6,0,11,7,19,2,6,5,5,0,0
match-eb901d02-4950,rudeljaeger,standard,0,1,0,5,10,10,5,12,0,5,3,12,0,0
match-eb901d02-4950,urzeitliche_kolosse,standard,1,0,1,5,-2,11,4,13,2,4,3,0,0,0
match-64dd6dc0-4951,rudeljaeger,standard,0,0,0,14,0,19,17,52,43,15,13,7,0,1
match-64dd6dc0-4951,urzeitliche_kolosse,standard,1,1,1,14,3,20,17,63,32,17,12,10,0,1
match-c3604173-4952,rudeljaeger,standard,0,1,0,16,1,21,20,56,67,18,14,8,0,2
match-c3604173-4952,urzeitliche_kolosse,standard,1,0,1,16,-1,22,19,75,52,18,16,6,0,2
match-3cadb231-4953,rudeljaeger,standard,0,0,0,9,-4,15,10,31,5,9,5,7,0,0
match-3cadb231-4953,urzeitliche_kolosse,standard,1,1,1,9,3,15,9,38,2,9,5,14,0,3
match-d0c59ff8-4954,rudeljaeger,standard,0,0,0,9,0,12,11,31,7,9,7,5,0,1
match-d0c59ff8-4954,urzeitliche_kolosse,standard,1,1,1,9,5,14,9,40,4,9,5,10,0,1
match-4a12f0b6-4955,rudeljaeger,standard,0,1,0,11,1,16,15,46,10,14,12,10,0,1
match-4a12f0b6-4955,urzeitliche_kolosse,standard,1,0,1,11,0,17,14,48,8,13,11,9,0,3
match-a895c469-4956,rudeljaeger,standard,0,1,0,5,10,11,6,13,1,6,2,12,0,0
match-a895c469-4956,urzeitliche_kolosse,standard,1,0,1,5,-2,10,3,10,4,3,3,0,0,0
match-21e33527-4957,rudeljaeger,standard,0,1,0,5,4,10,6,15,0,6,1,10,0,0
match-21e33527-4957,urzeitliche_kolosse,standard,1,0,1,5,0,10,5,14,1,4,4,6,0,0
match-b5fb02ee-4958,rudeljaeger,standard,0,0,0,12,-2,16,14,37,29,13,9,9,0,1
match-b5fb02ee-4958,urzeitliche_kolosse,standard,1,1,1,12,1,16,12,48,18,12,11,12,0,0
match-2f4873ac-4959,rudeljaeger,standard,0,1,0,13,1,18,15,45,35,13,12,11,0,1
match-2f4873ac-4959,urzeitliche_kolosse,standard,1,0,1,13,-1,18,16,64,17,15,9,9,0,2
match-8dcb475f-4960,rudeljaeger,standard,0,1,0,9,4,14,12,35,4,11,7,10,0,0
match-8dcb475f-4960,urzeitliche_kolosse,standard,1,0,1,9,0,15,11,40,4,11,8,6,0,0
match-0718b81d-4961,rudeljaeger,standard,0,1,0,5,6,9,6,13,1,6,3,10,0,0
match-0718b81d-4961,urzeitliche_kolosse,standard,1,0,1,5,0,9,6,15,0,5,4,4,0,0
match-9b3085e4-4962,rudeljaeger,standard,0,0,0,9,0,14,12,34,7,10,6,6,0,0
match-9b3085e4-4962,urzeitliche_kolosse,standard,1,1,1,9,4,15,11,42,1,10,8,10,0,5
match-147df6a2-4963,rudeljaeger,standard,0,1,0,10,4,15,13,33,14,13,4,12,0,3
match-147df6a2-4963,urzeitliche_kolosse,standard,1,0,1,10,-2,16,7,30,18,7,11,6,0,1
match-7300ca55-4964,rudeljaeger,standard,0,1,0,5,6,11,6,15,0,6,1,11,0,0
match-7300ca55-4964,urzeitliche_kolosse,standard,1,0,1,5,-1,11,4,12,2,4,2,4,0,0
match-ec4e3b12-4965,rudeljaeger,standard,0,1,0,5,10,10,4,11,1,4,1,12,0,0
match-ec4e3b12-4965,urzeitliche_kolosse,standard,1,0,1,5,-2,10,3,12,3,3,0,0,0,0
match-806608da-4966,rudeljaeger,standard,0,1,0,6,4,11,8,21,0,8,4,10,0,0
match-806608da-4966,urzeitliche_kolosse,standard,1,0,1,6,0,11,6,19,2,5,6,6,0,0
match-f9b37997-4967,rudeljaeger,standard,0,1,0,3,4,6,3,6,0,3,0,10,0,0
match-f9b37997-4967,urzeitliche_kolosse,standard,1,0,1,3,0,7,3,6,0,2,1,6,0,0
match-58364d4b-4968,rudeljaeger,standard,0,1,0,8,6,13,11,32,0,10,7,12,0,1
match-58364d4b-4968,urzeitliche_kolosse,standard,1,0,1,8,-2,12,9,30,6,8,7,4,0,1
match-d183be08-4969,rudeljaeger,standard,0,1,0,3,3,7,4,6,0,4,1,10,0,0
match-d183be08-4969,urzeitliche_kolosse,standard,1,0,1,3,0,9,3,6,0,3,1,7,0,0
match-659b8bd0-4970,rudeljaeger,standard,0,1,0,5,1,9,6,11,3,6,0,12,0,0
match-659b8bd0-4970,urzeitliche_kolosse,standard,1,0,1,5,-2,10,3,11,4,3,4,9,0,0
match-dee8fc8d-4971,rudeljaeger,standard,0,1,0,5,3,9,5,13,0,5,2,12,0,0
match-dee8fc8d-4971,urzeitliche_kolosse,standard,1,0,1,5,-2,10,5,14,0,5,1,7,0,0
match-3d6bd041-4972,rudeljaeger,standard,0,1,0,10,2,14,13,35,13,11,6,10,0,1
match-3d6bd041-4972,urzeitliche_kolosse,standard,1,0,1,10,0,15,9,38,11,9,10,8,0,4
match-b6b920fe-4973,rudeljaeger,standard,0,0,0,12,-3,17,15,37,30,14,8,4,0,0
match-b6b920fe-4973,urzeitliche_kolosse,standard,1,1,1,12,6,17,13,54,16,13,11,13,0,1
match-4ad10ec6-4974,rudeljaeger,standard,0,0,0,9,-4,15,11,30,15,10,3,7,0,0
match-4ad10ec6-4974,urzeitliche_kolosse,standard,1,1,1,9,3,15,8,40,3,8,6,14,0,1
match-c41e7f83-4975,rudeljaeger,standard,0,0,0,10,0,14,10,34,15,9,7,9,0,1
match-c41e7f83-4975,urzeitliche_kolosse,standard,1,1,1,10,1,16,11,42,7,11,5,10,0,3
match-22a15337-4976,rudeljaeger,standard,0,1,0,4,7,8,4,10,0,4,0,10,0,0
match-22a15337-4976,urzeitliche_kolosse,standard,1,0,1,4,0,10,2,7,3,2,2,3,0,0
match-9beea3f4-4977,rudeljaeger,standard,0,1,0,5,10,8,7,15,0,7,1,10,0,0
match-9beea3f4-4977,urzeitliche_kolosse,standard,1,0,1,5,0,11,4,12,3,4,3,0,0,0
match-300691bc-4978,rudeljaeger,standard,0,1,0,5,1,8,6,11,0,6,1,11,0,0
match-300691bc-4978,urzeitliche_kolosse,standard,1,0,1,5,-1,10,3,12,3,3,5,9,0,0
match-a953e279-4979,rudeljaeger,standard,0,0,0,8,-2,13,11,28,2,10,2,9,0,0
match-a953e279-4979,urzeitliche_kolosse,standard,1,1,1,8,1,13,7,31,5,6,6,12,0,2
match-07d6d62d-4980,rudeljaeger,standard,0,1,0,8,2,12,11,28,2,9,7,10,0,1
match-07d6d62d-4980,urzeitliche_kolosse,standard,1,0,1,8,0,12,8,23,5,8,9,8,0,0
match-812426ea-4981,rudeljaeger,standard,0,0,0,7,-1,11,9,24,3,8,3,7,0,0
match-812426ea-4981,urzeitliche_kolosse,standard,1,1,1,7,3,13,7,24,4,6,5,11,0,0
match-153c14b2-4982,rudeljaeger,standard,0,1,0,5,4,10,6,14,0,5,3,10,0,0
match-153c14b2-4982,urzeitliche_kolosse,standard,1,0,1,5,0,11,5,12,0,4,3,6,0,0
match-8e89656f-4983,rudeljaeger,standard,0,0,0,10,-2,14,13,32,18,11,3,9,0,0
match-8e89656f-4983,urzeitliche_kolosse,standard,1,1,1,10,1,16,8,37,13,8,8,12,0,1
match-ed0c5922-4984,rudeljaeger,standard,0,0,0,9,0,12,9,32,7,9,5,6,0,2
match-ed0c5922-4984,urzeitliche_kolosse,standard,1,1,1,9,4,14,10,36,2,9,7,10,0,0
match-6659a9e0-4985,rudeljaeger,standard,0,1,0,4,8,9,5,10,0,5,2,10,0,0
match-6659a9e0-4985,urzeitliche_kolosse,standard,1,0,1,4,0,10,3,8,2,3,3,2,0,0
match-fa7197a7-4986,rudeljaeger,standard,0,0,0,11,-1,14,11,33,22,10,4,7,0,0
match-fa7197a7-4986,urzeitliche_kolosse,standard,1,1,1,11,3,16,10,45,21,9,5,11,0,2
match-73bee865-4987,rudeljaeger,standard,0,0,0,8,0,13,11,26,3,9,4,5,0,1
match-73bee865-4987,urzeitliche_kolosse,standard,1,1,1,8,5,13,7,34,2,7,8,10,0,2
match-d241dc18-4988,rudeljaeger,standard,0,1,0,4,2,8,5,6,2,5,1,10,0,0
match-d241dc18-4988,urzeitliche_kolosse,standard,1,0,1,4,0,9,4,9,1,3,3,8,0,0
match-4b8f2cd6-4989,rudeljaeger,standard,0,1,0,5,10,8,5,12,0,5,3,11,0,0
match-4b8f2cd6-4989,urzeitliche_kolosse,standard,1,0,1,5,-1,11,4,14,1,4,3,0,0,0
match-dfa71a9d-4990,rudeljaeger,standard,0,1,0,6,6,9,7,16,4,6,5,10,0,0
match-dfa71a9d-4990,urzeitliche_kolosse,standard,1,0,1,6,0,11,7,19,1,7,2,4,0,1
match-58f46b5b-4991,rudeljaeger,standard,0,1,0,9,7,14,12,32,8,12,8,13,0,0
match-58f46b5b-4991,urzeitliche_kolosse,standard,1,0,1,9,-3,13,11,33,7,10,8,3,0,2
match-b7775f0e-4992,rudeljaeger,standard,0,1,0,12,10,18,14,46,22,13,11,11,0,2
match-b7775f0e-4992,urzeitliche_kolosse,standard,1,0,1,12,-1,18,15,49,18,14,9,0,0,1
match-30c4afcc-4993,rudeljaeger,standard,0,1,0,5,7,11,5,14,0,5,2,12,0,0
match-30c4afcc-4993,urzeitliche_kolosse,standard,1,0,1,5,-2,11,4,13,1,4,3,3,0,0
match-c4dc9d93-4994,rudeljaeger,standard,0,1,0,10,3,16,14,37,10,12,10,15,0,1
match-c4dc9d93-4994,urzeitliche_kolosse,standard,1,0,1,10,-5,15,12,45,4,11,8,7,0,0
match-3e29ee51-4995,rudeljaeger,standard,0,1,0,8,2,13,10,29,6,9,6,10,0,0
match-3e29ee51-4995,urzeitliche_kolosse,standard,1,0,1,8,0,14,8,31,5,8,5,8,0,0
match-9cacc204-4996,rudeljaeger,standard,0,,0,16,-1,21,19,54,69,18,11,8,0,1
match-9cacc204-4996,urzeitliche_kolosse,standard,1,,1,16,-1,22,14,59,61,13,17,8,0,1
match-15fa32c2-4997,rudeljaeger,standard,0,1,0,4,2,7,6,10,0,4,1,10,0,0
match-15fa32c2-4997,urzeitliche_kolosse,standard,1,0,1,4,0,10,3,8,2,3,4,8,0,0
match-aa120089-4998,rudeljaeger,standard,0,1,0,8,8,12,10,33,1,9,6,13,0,2
match-aa120089-4998,urzeitliche_kolosse,standard,1,0,1,8,-3,13,8,31,4,8,7,2,0,0
match-235f7147-4999,rudeljaeger,standard,0,0,0,12,-2,16,16,41,29,14,10,5,0,1
match-235f7147-4999,urzeitliche_kolosse,standard,1,1,1,12,5,18,15,57,16,14,12,12,0,2
match-8463be08-5000,solidaritaet_ueberleben,standard,0,0,1,9,-4,13,9,31,5,8,5,5,0,0
match-8463be08-5000,urzeitliche_kolosse,standard,1,1,0,9,5,14,9,31,5,8,3,14,0,3
match-0b164d4b-5001,solidaritaet_ueberleben,standard,0,0,1,9,0,15,9,33,3,8,4,7,0,0
match-0b164d4b-5001,urzeitliche_kolosse,standard,1,1,0,9,3,14,8,33,3,7,4,10,0,0
match-91c8fc8d-5002,solidaritaet_ueberleben,standard,0,0,1,12,-2,16,16,47,24,15,8,7,0,0
match-91c8fc8d-5002,urzeitliche_kolosse,standard,1,1,0,12,3,16,14,50,18,13,14,12,0,1
match-187b8bd0-5003,solidaritaet_ueberleben,standard,0,0,1,6,-1,10,5,19,2,5,2,3,0,0
match-187b8bd0-5003,urzeitliche_kolosse,standard,1,1,0,6,7,12,5,17,3,5,2,11,0,1
match-9f2e3b12-5004,solidaritaet_ueberleben,standard,0,1,1,15,1,21,14,55,55,13,8,9,0,0
match-9f2e3b12-5004,urzeitliche_kolosse,standard,1,0,0,15,0,21,14,49,56,13,9,8,0,0
match-25e0ca55-5005,solidaritaet_ueberleben,standard,0,1,1,8,2,14,8,29,4,8,3,11,0,0
match-25e0ca55-5005,urzeitliche_kolosse,standard,1,0,0,8,-1,13,7,27,4,7,5,8,0,0
match-ac937997-5006,solidaritaet_ueberleben,standard,0,0,1,9,0,14,7,30,6,6,7,7,0,0
match-ac937997-5006,urzeitliche_kolosse,standard,1,1,0,9,3,14,10,40,3,9,5,10,0,0
match-334608da-5007,solidaritaet_ueberleben,standard,0,0,1,8,-3,13,10,31,3,10,5,7,1,0
match-334608da-5007,urzeitliche_kolosse,standard,1,1,0,8,3,13,8,35,1,8,5,13,0,0
match-4ecea3f4-5008,solidaritaet_ueberleben,standard,0,1,1,13,6,19,14,49,34,14,12,10,0,0
match-4ecea3f4-5008,urzeitliche_kolosse,standard,1,0,0,13,0,18,16,63,19,15,11,4,0,1
match-d5815336-5009,solidaritaet_ueberleben,standard,0,1,1,15,3,20,17,59,48,16,11,10,0,0
match-d5815336-5009,urzeitliche_kolosse,standard,1,0,0,15,0,22,16,65,40,15,12,7,0,0
match-5c33e279-5010,solidaritaet_ueberleben,standard,0,1,1,11,4,16,13,44,11,12,4,13,0,0
match-5c33e279-5010,urzeitliche_kolosse,standard,1,0,0,11,-3,17,10,39,18,9,8,6,0,4
match-e2e691bb-5011,solidaritaet_ueberleben,standard,0,0,1,16,0,21,13,55,71,12,9,0,0,0
match-e2e691bb-5011,urzeitliche_kolosse,standard,1,1,0,16,7,21,15,60,63,14,8,7,0,0
match-699920fe-5012,solidaritaet_ueberleben,standard,0,1,1,11,5,18,14,47,12,13,7,10,0,0
match-699920fe-5012,urzeitliche_kolosse,standard,1,0,0,11,0,17,12,45,10,11,11,5,0,0
match-f04bd040-5013,solidaritaet_ueberleben,standard,0,0,1,9,0,14,11,32,13,11,7,0,0,0
match-f04bd040-5013,urzeitliche_kolosse,standard,1,1,0,9,10,15,11,39,4,10,6,10,0,0
match-76fe7f83-5014,solidaritaet_ueberleben,standard,0,0,1,5,0,10,5,14,1,5,1,0,0,0
match-76fe7f83-5014,urzeitliche_kolosse,standard,1,1,0,5,10,10,5,13,0,4,2,10,0,0
match-fdb10ec5-5015,solidaritaet_ueberleben,standard,0,0,1,5,-1,9,5,14,1,5,1,6,0,0
match-fdb10ec5-5015,urzeitliche_kolosse,standard,1,1,0,5,4,10,4,14,1,4,1,11,0,0
match-ef8db230-5016,solidaritaet_ueberleben,standard,0,0,1,10,-3,14,13,35,13,13,6,4,0,0
match-ef8db230-5016,urzeitliche_kolosse,standard,1,1,0,10,6,15,12,48,5,11,10,13,0,0
match-76404173-5017,solidaritaet_ueberleben,standard,0,1,1,8,4,12,9,29,1,9,5,12,0,0
match-76404173-5017,urzeitliche_kolosse,standard,1,0,0,8,-2,13,8,31,4,8,4,6,0,1
match-fcf2f0b5-5018,solidaritaet_ueberleben,standard,0,0,1,9,0,13,6,20,16,6,3,4,0,0
match-fcf2f0b5-5018,urzeitliche_kolosse,standard,1,1,0,9,6,15,7,34,2,7,2,10,0,2
match-83a59ff8-5019,solidaritaet_ueberleben,standard,0,1,1,7,8,12,8,26,0,8,0,11,0,0
match-83a59ff8-5019,urzeitliche_kolosse,standard,1,0,0,7,-1,13,6,20,3,5,7,2,0,1
match-0a582f3b-5020,solidaritaet_ueberleben,standard,0,1,1,15,3,20,18,65,43,17,8,9,0,0
match-0a582f3b-5020,urzeitliche_kolosse,standard,1,0,0,15,0,20,12,50,63,12,13,6,0,0
match-910ade7d-5021,solidaritaet_ueberleben,standard,0,0,1,13,-2,19,14,49,34,13,10,7,0,0
match-910ade7d-5021,urzeitliche_kolosse,standard,1,1,0,13,3,18,14,59,19,13,12,12,0,2
match-17bd6dc0-5022,solidaritaet_ueberleben,standard,0,0,1,4,0,10,4,9,1,4,0,1,0,0
match-17bd6dc0-5022,urzeitliche_kolosse,standard,1,1,0,4,9,10,4,7,0,3,1,10,0,0
match-9e701d02-5023,solidaritaet_ueberleben,standard,0,0,1,8,-2,12,9,31,3,9,5,9,0,0
match-9e701d02-5023,urzeitliche_kolosse,standard,1,1,0,8,1,13,9,33,0,8,5,12,0,3
match-b9f8b81c-5024,solidaritaet_ueberleben,standard,0,0,1,9,-2,15,12,34,6,12,5,5,0,0
match-b9f8b81c-5024,urzeitliche_kolosse,standard,1,1,0,9,5,15,11,41,1,10,9,12,0,0
match-40ab475f-5025,solidaritaet_ueberleben,standard,0,0,1,10,-1,17,10,40,11,9,6,7,0,0
match-40ab475f-5025,urzeitliche_kolosse,standard,1,1,0,10,3,14,12,43,10,11,5,11,0,0
match-c75df6a1-5026,solidaritaet_ueberleben,standard,0,0,1,7,-3,10,7,21,0,7,3,3,0,0
match-c75df6a1-5026,urzeitliche_kolosse,standard,1,1,0,7,7,14,6,18,3,6,3,13,0,0
match-4e1085e4-5027,solidaritaet_ueberleben,standard,0,0,1,11,-1,16,9,34,25,8,7,3,0,0
match-4e1085e4-5027,urzeitliche_kolosse,standard,1,1,0,11,7,16,11,47,8,11,4,11,0,0
match-d4c33526-5028,solidaritaet_ueberleben,standard,0,0,1,10,-2,15,9,31,18,8,8,9,0,0
match-d4c33526-5028,urzeitliche_kolosse,standard,1,1,0,10,1,15,13,48,4,13,5,12,0,0
match-5b75c469-5029,solidaritaet_ueberleben,standard,0,1,1,9,4,14,9,38,2,8,5,11,0,0
match-5b75c469-5029,urzeitliche_kolosse,standard,1,0,0,9,-1,14,11,38,3,10,3,6,0,0
match-e22873ab-5030,solidaritaet_ueberleben,standard,0,0,1,9,0,13,9,32,6,8,8,7,0,0
match-e22873ab-5030,urzeitliche_kolosse,standard,1,1,0,9,3,15,12,42,3,11,5,10,0,0
match-68db02ee-5031,solidaritaet_ueberleben,standard,0,0,1,7,-2,10,8,26,1,8,2,3,0,0
match-68db02ee-5031,urzeitliche_kolosse,standard,1,1,0,7,7,11,7,28,0,6,6,12,0,0
match-ae0fb5b7-5032,solidaritaet_ueberleben,standard,0,0,1,11,0,16,13,41,19,12,10,7,0,0
match-ae0fb5b7-5032,urzeitliche_kolosse,standard,1,1,0,11,3,15,14,47,9,13,8,10,0,1
match-34c244fa-5033,solidaritaet_ueberleben,standard,0,1,1,16,3,22,15,58,73,14,13,8,0,0
match-34c244fa-5033,urzeitliche_kolosse,standard,1,0,0,16,-1,21,19,73,54,18,11,4,0,3
match-bb74f43c-5034,solidaritaet_ueberleben,standard,0,0,1,14,0,18,15,55,36,14,12,4,1,0
match-bb74f43c-5034,urzeitliche_kolosse,standard,1,1,0,14,6,18,16,55,36,15,13,10,0,0
match-4227837f-5035,solidaritaet_ueberleben,standard,0,1,1,10,2,14,10,40,11,9,7,12,0,0
match-4227837f-5035,urzeitliche_kolosse,standard,1,0,0,10,-2,15,11,49,6,11,4,8,0,2
match-c8da32c1-5036,solidaritaet_ueberleben,standard,0,1,1,6,1,10,6,20,1,6,4,10,0,0
match-c8da32c1-5036,urzeitliche_kolosse,standard,1,0,0,6,0,11,6,18,1,6,2,9,0,0
match-4f8cc204-5037,solidaritaet_ueberleben,standard,0,1,1,16,1,22,12,46,74,11,10,8,4,0
match-4f8cc204-5037,urzeitliche_kolosse,standard,1,0,0,16,-1,22,14,56,67,13,10,6,0,2
match-d63f7146-5038,solidaritaet_ueberleben,standard,0,1,1,9,5,15,8,33,3,8,5,10,0,0
match-d63f7146-5038,urzeitliche_kolosse,standard,1,0,0,9,0,15,10,43,2,10,5,5,0,3
match-5cf20089-5039,solidaritaet_ueberleben,standard,0,0,1,8,0,13,8,30,2,8,4,0,0,0
match-5cf20089-5039,urzeitliche_kolosse,standard,1,1,0,8,10,13,8,36,0,8,3,10,0,1
match-787abba3-5040,solidaritaet_ueberleben,standard,0,1,1,7,6,12,9,27,1,9,5,10,0,0
match-787abba3-5040,urzeitliche_kolosse,standard,1,0,0,7,0,12,7,26,2,7,5,4,0,1
match-ff2d4ae5-5041,solidaritaet_ueberleben,standard,0,1,1,11,1,16,11,43,20,11,8,11,0,0
match-ff2d4ae5-5041,urzeitliche_kolosse,standard,1,0,0,11,-1,15,13,52,7,13,7,9,0,2
match-85dffa28-5042,solidaritaet_ueberleben,standard,0,1,1,8,5,14,8,32,2,8,4,11,0,0
match-85dffa28-5042,urzeitliche_kolosse,standard,1,0,0,8,-1,14,9,30,5,8,5,5,0,0
match-0c92896b-5043,solidaritaet_ueberleben,standard,0,1,1,12,4,17,15,51,20,15,9,11,0,0
match-0c92896b-5043,urzeitliche_kolosse,standard,1,0,0,12,-1,18,14,58,15,14,13,6,0,3
match-934538ad-5044,solidaritaet_ueberleben,standard,0,1,1,8,1,14,9,31,4,9,4,10,0,0
match-934538ad-5044,urzeitliche_kolosse,standard,1,0,0,8,0,12,8,34,2,8,7,9,0,0
match-19f7c7f0-5045,solidaritaet_ueberleben,standard,0,0,1,6,0,11,6,20,1,6,1,2,0,0
match-19f7c7f0-5045,urzeitliche_kolosse,standard,1,1,0,6,8,12,5,18,3,5,6,10,0,1
match-a0aa7732-5046,solidaritaet_ueberleben,standard,0,0,1,15,0,22,18,65,42,17,9,5,0,0
match-a0aa7732-5046,urzeitliche_kolosse,standard,1,1,0,15,5,21,15,56,49,14,16,10,0,0
match-275d0675-5047,solidaritaet_ueberleben,standard,0,0,1,9,-1,13,10,35,5,10,4,6,0,0
match-275d0675-5047,urzeitliche_kolosse,standard,1,1,0,9,4,13,9,37,2,9,6,11,0,1
match-1939a9e0-5048,solidaritaet_ueberleben,standard,0,0,1,7,-2,12,10,28,0,10,2,0,0,0
match-1939a9e0-5048,urzeitliche_kolosse,standard,1,1,0,7,10,11,8,24,4,7,8,12,0,0
match-9fec5922-5049,solidaritaet_ueberleben,standard,0,0,1,8,0,12,8,29,5,8,5,3,0,0
match-9fec5922-5049,urzeitliche_kolosse,standard,1,1,0,8,7,13,9,31,4,8,3,10,0,0
match-269ee865-5050,solidaritaet_ueberleben,standard,0,0,1,11,-4,17,14,46,13,13,9,1,0,0
match-269ee865-5050,urzeitliche_kolosse,standard,1,1,0,11,9,17,13,53,9,12,10,14,0,4
match-ad5197a7-5051,solidaritaet_ueberleben,standard,0,1,1,8,5,12,8,28,3,8,5,10,0,0
match-ad5197a7-5051,urzeitliche_kolosse,standard,1,0,0,8,0,12,9,32,4,9,6,5,0,1
match-340426ea-5052,solidaritaet_ueberleben,standard,0,1,1,10,3,16,8,33,12,7,6,12,0,0
match-340426ea-5052,urzeitliche_kolosse,standard,1,0,0,10,-2,16,11,42,11,10,3,7,0,0
match-bab6d62c-5053,solidaritaet_ueberleben,standard,0,0,1,8,-3,13,9,24,4,8,7,8,0,0
match-bab6d62c-5053,urzeitliche_kolosse,standard,1,1,0,8,2,12,10,36,0,9,4,13,0,0
match-4169656f-5054,solidaritaet_ueberleben,standard,0,1,1,8,8,14,7,29,3,6,2,11,0,0
match-4169656f-5054,urzeitliche_kolosse,standard,1,0,0,8,-1,13,7,29,6,6,1,2,0,0
match-c81c14b1-5055,solidaritaet_ueberleben,standard,0,0,1,5,-1,9,6,15,0,6,2,3,0,0
match-c81c14b1-5055,urzeitliche_kolosse,standard,1,1,0,5,7,10,5,15,0,5,3,11,0,0
match-e3a4afcb-5056,solidaritaet_ueberleben,standard,0,1,1,10,3,15,13,42,5,12,6,12,0,0
match-e3a4afcb-5056,urzeitliche_kolosse,standard,1,0,0,10,-2,14,12,39,14,11,7,7,0,0
match-6a575f0e-5057,solidaritaet_ueberleben,standard,0,0,1,7,0,11,9,25,1,8,1,1,1,0
match-6a575f0e-5057,urzeitliche_kolosse,standard,1,1,0,7,9,13,6,18,3,6,5,10,0,0
match-f109ee50-5058,solidaritaet_ueberleben,standard,0,1,1,8,5,12,10,34,2,9,4,10,0,0
match-f109ee50-5058,urzeitliche_kolosse,standard,1,0,0,8,0,14,8,33,3,8,5,5,0,0
match-77bc9d93-5059,solidaritaet_ueberleben,standard,0,0,1,13,0,18,15,51,29,14,9,9,0,0
match-77bc9d93-5059,urzeitliche_kolosse,standard,1,1,0,13,1,17,14,52,34,13,10,10,0,0
match-fe6f2cd5-5060,solidaritaet_ueberleben,standard,0,1,1,15,6,19,13,45,60,12,4,11,0,0
match-fe6f2cd5-5060,urzeitliche_kolosse,standard,1,0,0,15,-1,19,10,40,65,9,8,4,0,0
match-8521dc18-5061,solidaritaet_ueberleben,standard,0,0,1,7,-2,13,8,28,0,8,3,6,0,0
match-8521dc18-5061,urzeitliche_kolosse,standard,1,1,0,7,4,12,7,27,1,7,5,12,0,2
match-0bd46b5b-5062,solidaritaet_ueberleben,standard,0,0,1,8,-1,12,10,28,4,9,1,4,0,0
match-0bd46b5b-5062,urzeitliche_kolosse,standard,1,1,0,8,6,13,7,29,3,6,5,11,0,0
match-92871a9d-5063,solidaritaet_ueberleben,standard,0,1,1,8,4,12,8,27,1,8,6,12,0,0
match-92871a9d-5063,urzeitliche_kolosse,standard,1,0,0,8,-2,12,10,32,4,9,3,6,0,0
match-d7bbad66-5064,solidaritaet_ueberleben,standard,0,1,1,8,3,13,9,31,1,9,5,14,0,0
match-d7bbad66-5064,urzeitliche_kolosse,standard,1,0,0,8,-4,13,8,35,1,8,5,7,0,0
match-5e6e5ca9-5065,solidaritaet_ueberleben,standard,0,1,1,9,4,12,9,31,9,8,6,13,0,0
match-5e6e5ca9-5065,urzeitliche_kolosse,standard,1,0,0,9,-3,13,11,40,3,10,3,6,0,2
match-e520ebeb-5066,solidaritaet_ueberleben,standard,0,1,1,8,7,13,9,33,1,9,5,14,0,0
match-e520ebeb-5066,urzeitliche_kolosse,standard,1,0,0,8,-4,14,8,30,6,8,5,3,0,1
match-6bd39b2e-5067,solidaritaet_ueberleben,standard,0,1,1,9,5,15,10,40,4,9,5,14,0,0
match-6bd39b2e-5067,urzeitliche_kolosse,standard,1,0,0,9,-4,14,9,43,0,8,5,5,0,0
match-f2862a70-5068,solidaritaet_ueberleben,standard,0,1,1,15,3,20,19,66,41,18,9,9,0,0
match-f2862a70-5068,urzeitliche_kolosse,standard,1,0,0,15,0,20,14,52,53,13,15,6,0,2
match-7938d9b3-5069,solidaritaet_ueberleben,standard,0,1,1,8,4,13,8,28,3,8,8,12,0,0
match-7938d9b3-5069,urzeitliche_kolosse,standard,1,0,0,8,-2,13,10,34,1,10,4,6,0,1
match-ffeb68f5-5070,solidaritaet_ueberleben,standard,0,1,1,10,7,16,10,41,9,9,5,10,0,0
match-ffeb68f5-5070,urzeitliche_kolosse,standard,1,0,0,10,0,17,11,47,5,10,4,3,0,0
match-869e1838-5071,solidaritaet_ueberleben,standard,0,0,1,5,0,10,5,13,2,5,0,0,0,0
match-869e1838-5071,urzeitliche_kolosse,standard,1,1,0,5,10,11,4,14,1,4,2,10,0,0
match-a226b352-5072,solidaritaet_ueberleben,standard,0,1,1,8,5,14,9,31,0,8,3,11,0,0
match-a226b352-5072,urzeitliche_kolosse,standard,1,0,0,8,-1,12,9,28,3,8,4,5,0,2
match-28d94295-5073,solidaritaet_ueberleben,standard,0,0,1,9,0,14,7,27,9,6,4,7,0,0
match-28d94295-5073,urzeitliche_kolosse,standard,1,1,0,9,3,14,9,35,5,9,1,10,0,1
match-af8bf1d7-5074,solidaritaet_ueberleben,standard,0,1,1,14,4,19,15,57,36,14,13,11,0,0
match-af8bf1d7-5074,urzeitliche_kolosse,standard,1,0,0,14,-1,19,17,62,31,16,10,6,0,0
match-363e811a-5075,solidaritaet_ueberleben,standard,0,0,1,6,-2,11,6,21,0,6,2,6,0,0
match-363e811a-5075,urzeitliche_kolosse,standard,1,1,0,6,4,13,5,19,1,5,2,12,0,1
match-bcf1305c-5076,solidaritaet_ueberleben,standard,0,1,1,10,2,14,11,45,4,10,7,10,0,0
match-bcf1305c-5076,urzeitliche_kolosse,standard,1,0,0,10,0,14,13,46,5,12,5,8,0,2
match-43a3df9f-5077,solidaritaet_ueberleben,standard,0,0,1,17,-2,22,13,54,85,12,9,3,0,0
match-43a3df9f-5077,urzeitliche_kolosse,standard,1,1,0,17,1,23,14,63,73,13,9,6,0,0
match-ca566ee1-5078,solidaritaet_ueberleben,standard,0,1,1,9,5,14,8,31,5,7,8,10,0,0
match-ca566ee1-5078,urzeitliche_kolosse,standard,1,0,0,9,0,15,11,41,2,11,3,5,0,1
match-51091e24-5079,solidaritaet_ueberleben,standard,0,0,1,11,-4,15,12,44,20,12,9,2,0,0
match-51091e24-5079,urzeitliche_kolosse,standard,1,1,0,11,8,15,14,56,5,13,8,14,0,3
match-42e5a18f-5080,solidaritaet_ueberleben,standard,0,1,1,8,3,12,8,31,2,8,3,11,0,0
match-42e5a18f-5080,urzeitliche_kolosse,standard,1,0,0,8,-1,12,9,29,1,8,5,7,0,1
match-c99850d1-5081,solidaritaet_ueberleben,standard,0,0,1,10,0,15,12,35,18,11,6,4,0,0
match-c99850d1-5081,urzeitliche_kolosse,standard,1,1,0,10,6,14,11,43,10,11,7,10,0,3
match-504ae014-5082,solidaritaet_ueberleben,standard,0,0,1,12,0,17,15,50,23,15,9,8,0,0
match-504ae014-5082,urzeitliche_kolosse,standard,1,1,0,12,2,16,15,64,13,14,10,10,0,5
match-d6fd8f56-5083,solidaritaet_ueberleben,standard,0,0,1,11,-1,16,13,41,20,12,9,9,0,0
match-d6fd8f56-5083,urzeitliche_kolosse,standard,1,1,0,11,1,17,14,55,7,13,12,11,0,0
match-5db03e99-5084,solidaritaet_ueberleben,standard,0,0,1,13,0,20,14,48,36,13,7,6,0,0
match-5db03e99-5084,urzeitliche_kolosse,standard,1,1,0,13,4,19,12,47,36,11,9,10,0,0
match-e462cddb-5085,solidaritaet_ueberleben,standard,0,0,1,12,-1,18,12,45,26,11,8,9,0,0
match-e462cddb-5085,urzeitliche_kolosse,standard,1,1,0,12,1,17,14,59,13,13,8,11,0,6
match-6b157d1e-5086,solidaritaet_ueberleben,standard,0,0,1,9,-2,13,9,35,4,9,4,6,0,0
match-6b157d1e-5086,urzeitliche_kolosse,standard,1,1,0,9,4,13,9,38,1,9,5,12,0,0
match-f1c80c60-5087,solidaritaet_ueberleben,standard,0,1,1,9,2,16,10,34,7,9,6,12,0,0
match-f1c80c60-5087,urzeitliche_kolosse,standard,1,0,0,9,-2,14,10,40,4,10,6,8,0,0
match-0d50a77b-5088,solidaritaet_ueberleben,standard,0,0,1,8,0,13,8,32,3,7,5,4,0,0
match-0d50a77b-5088,urzeitliche_kolosse,standard,1,1,0,8,6,12,8,34,2,8,4,10,0,0
match-940356bd-5089,solidaritaet_ueberleben,standard,0,1,1,9,3,15,8,27,9,8,8,15,0,0
match-940356bd-5089,urzeitliche_kolosse,standard,1,0,0,9,-5,14,11,40,3,10,4,7,0,1
match-1ab5e600-5090,solidaritaet_ueberleben,standard,0,1,1,8,4,13,10,32,1,10,3,12,2,0
match-1ab5e600-5090,urzeitliche_kolosse,standard,1,0,0,8,-2,11,8,25,6,7,8,6,0,0
match-a1689542-5091,solidaritaet_ueberleben,standard,0,1,1,14,5,19,18,60,33,17,10,13,0,0
match-a1689542-5091,urzeitliche_kolosse,standard,1,0,0,14,-3,20,16,54,41,15,16,5,0,2
match-281b2485-5092,solidaritaet_ueberleben,standard,0,0,1,15,0,19,18,61,48,17,7,6,0,0
match-281b2485-5092,urzeitliche_kolosse,standard,1,1,0,15,4,19,13,57,50,12,14,10,0,3
match-aecdd3c7-5093,solidaritaet_ueberleben,standard,0,1,1,8,5,14,7,32,2,7,2,11,0,0
match-aecdd3c7-5093,urzeitliche_kolosse,standard,1,0,0,8,-1,13,8,29,6,7,4,5,0,0
match-3580630a-5094,solidaritaet_ueberleben,standard,0,1,1,10,4,14,10,38,13,9,9,11,0,0
match-3580630a-5094,urzeitliche_kolosse,standard,1,0,0,10,-1,16,12,45,6,11,6,6,0,0
match-bc33124c-5095,solidaritaet_ueberleben,standard,0,0,1,10,0,14,10,43,9,9,5,9,0,0
match-bc33124c-5095,urzeitliche_kolosse,standard,1,1,0,10,1,15,9,46,8,9,6,10,0,0
match-0167a516-5096,solidaritaet_ueberleben,standard,0,1,1,8,2,14,8,31,1,8,3,12,0,0
match-0167a516-5096,urzeitliche_kolosse,standard,1,0,0,8,-2,14,7,34,2,7,4,8,0,1
match-881a5458-5097,solidaritaet_ueberleben,standard,0,0,1,12,0,17,12,38,33,11,7,2,0,0
match-881a5458-5097,urzeitliche_kolosse,standard,1,1,0,12,8,17,13,53,21,12,7,10,0,1
match-0ecce39b-5098,solidaritaet_ueberleben,standard,0,1,1,7,4,13,6,24,3,6,6,10,0,0
match-0ecce39b-5098,urzeitliche_kolosse,standard,1,0,0,7,0,12,9,26,1,8,4,6,0,0
match-957f92dd-5099,solidaritaet_ueberleben,standard,0,0,1,8,-1,14,9,30,4,8,4,1,0,0
match-957f92dd-5099,urzeitliche_kolosse,standard,1,1,0,8,9,14,9,34,2,8,5,11,0,2
match-1c322220-5100,solidaritaet_ueberleben,standard,0,0,1,11,-1,17,13,46,17,12,6,8,0,0
match-1c322220-5100,urzeitliche_kolosse,standard,1,1,0,11,2,16,11,48,14,10,9,11,0,0
match-a2e4d162-5101,solidaritaet_ueberleben,standard,0,0,1,12,-1,17,15,48,23,14,11,3,0,0
match-a2e4d162-5101,urzeitliche_kolosse,standard,1,1,0,12,7,16,15,64,6,15,11,11,0,5
match-299760a5-5102,solidaritaet_ueberleben,standard,0,0,1,8,0,13,8,25,3,7,5,7,0,0
match-299760a5-5102,urzeitliche_kolosse,standard,1,1,0,8,3,12,9,29,6,9,5,10,0,0
match-b04a0fe7-5103,solidaritaet_ueberleben,standard,0,1,1,15,2,20,16,54,51,15,9,10,0,0
match-b04a0fe7-5103,urzeitliche_kolosse,standard,1,0,0,15,0,20,15,58,47,14,11,8,0,4
match-cbd2ab01-5104,solidaritaet_ueberleben,standard,0,1,1,9,6,15,11,33,8,10,5,10,0,0
match-cbd2ab01-5104,urzeitliche_kolosse,standard,1,0,0,9,0,14,11,42,3,10,5,4,0,3
match-52855a44-5105,solidaritaet_ueberleben,standard,0,1,1,17,1,22,17,64,74,16,12,11,0,0
match-52855a44-5105,urzeitliche_kolosse,standard,1,0,0,17,-4,23,18,75,61,17,12,6,0,2
match-d937e986-5106,solidaritaet_ueberleben,standard,0,1,1,9,5,15,11,39,3,10,4,12,1,0
match-d937e986-5106,urzeitliche_kolosse,standard,1,0,0,9,-2,15,10,37,6,9,5,5,0,0
match-5fea98c9-5107,solidaritaet_ueberleben,standard,0,1,1,9,10,15,8,36,9,7,4,12,0,0
match-5fea98c9-5107,urzeitliche_kolosse,standard,1,0,0,9,-2,15,9,35,10,8,2,0,0,0
match-e69d280b-5108,solidaritaet_ueberleben,standard,0,1,1,11,6,17,15,51,10,14,8,10,1,0
match-e69d280b-5108,urzeitliche_kolosse,standard,1,0,0,11,0,17,12,52,13,12,10,4,0,2
match-6d4fd74e-5109,solidaritaet_ueberleben,standard,0,0,1,6,-3,12,7,19,0,7,2,0,0,0
match-6d4fd74e-5109,urzeitliche_kolosse,standard,1,1,0,6,10,10,7,20,0,6,4,13,0,1
match-f4026690-5110,solidaritaet_ueberleben,standard,0,0,1,12,-4,16,12,46,26,12,9,6,0,0
match-f4026690-5110,urzeitliche_kolosse,standard,1,1,0,12,4,18,15,53,17,14,9,14,0,0
match-7ab515d3-5111,solidaritaet_ueberleben,standard,0,0,1,9,-2,14,12,28,16,12,3,2,1,0
match-7ab515d3-5111,urzeitliche_kolosse,standard,1,1,0,9,8,15,9,36,2,8,12,12,0,2
match-6c91b93e-5112,solidaritaet_ueberleben,standard,0,1,1,15,6,21,16,58,47,16,14,15,2,0
match-6c91b93e-5112,urzeitliche_kolosse,standard,1,0,0,15,-5,21,19,74,40,18,14,4,0,2
match-f3444880-5113,solidaritaet_ueberleben,standard,0,0,1,9,-1,14,8,30,9,8,5,6,0,0
match-f3444880-5113,urzeitliche_kolosse,standard,1,1,0,9,4,14,10,37,3,9,3,11,0,0
match-79f6f7c3-5114,solidaritaet_ueberleben,standard,0,1,1,8,3,12,8,31,1,8,6,12,0,0
match-79f6f7c3-5114,urzeitliche_kolosse,standard,1,0,0,8,-2,12,11,35,0,10,3,7,0,1
match-00a98706-5115,solidaritaet_ueberleben,standard,0,1,1,6,10,11,7,21,0,7,1,10,0,0
match-00a98706-5115,urzeitliche_kolosse,standard,1,0,0,6,0,11,5,17,4,5,3,0,0,0
match-875c3648-5116,solidaritaet_ueberleben,standard,0,1,1,15,3,19,19,62,45,18,10,13,1,0
match-875c3648-5116,urzeitliche_kolosse,standard,1,0,0,15,-3,21,15,69,44,15,16,7,0,5
match-0e0ec58b-5117,solidaritaet_ueberleben,standard,0,1,1,9,4,14,11,37,4,10,4,10,0,0
match-0e0ec58b-5117,urzeitliche_kolosse,standard,1,0,0,9,0,14,9,37,6,8,7,6,0,0
match-94c174cd-5118,solidaritaet_ueberleben,standard,0,0,1,7,-1,11,7,24,2,6,4,0,0,0
match-94c174cd-5118,urzeitliche_kolosse,standard,1,1,0,7,10,12,8,23,2,7,2,11,0,0
match-1b740410-5119,solidaritaet_ueberleben,standard,0,0,1,9,-2,15,9,34,10,8,4,8,0,0
match-1b740410-5119,urzeitliche_kolosse,standard,1,1,0,9,2,14,9,40,5,9,3,12,0,0
match-36fcbf2a-5120,solidaritaet_ueberleben,standard,0,1,1,8,4,12,8,31,3,8,3,14,0,0
match-36fcbf2a-5120,urzeitliche_kolosse,standard,1,0,0,8,-4,14,7,29,6,7,4,6,0,0
match-bdaf4e6c-5121,solidaritaet_ueberleben,standard,0,0,1,8,0,12,7,18,10,7,4,4,0,0
match-bdaf4e6c-5121,urzeitliche_kolosse,standard,1,1,0,8,6,12,8,26,5,8,3,10,0,0
match-4461fdaf-5122,solidaritaet_ueberleben,standard,0,1,1,9,1,15,10,36,8,10,3,12,0,0
match-4461fdaf-5122,urzeitliche_kolosse,standard,1,0,0,9,-2,13,9,33,6,8,5,9,0,1
match-cb148cf1-5123,solidaritaet_ueberleben,standard,0,0,1,9,0,14,9,38,6,8,6,8,0,0
match-cb148cf1-5123,urzeitliche_kolosse,standard,1,1,0,9,2,14,12,39,3,11,6,10,0,0
match-51c73c34-5124,solidaritaet_ueberleben,standard,0,0,1,9,-3,14,6,24,12,6,7,5,0,0
match-51c73c34-5124,urzeitliche_kolosse,standard,1,1,0,9,5,14,10,36,0,9,2,13,0,2
match-d879cb76-5125,solidaritaet_ueberleben,standard,0,1,1,8,1,11,9,29,4,9,3,11,0,0
match-d879cb76-5125,urzeitliche_kolosse,standard,1,0,0,8,-1,14,9,35,1,8,6,9,0,0
match-5f2c7ab9-5126,solidaritaet_ueberleben,standard,0,1,1,12,1,18,12,43,29,12,5,13,2,0
match-5f2c7ab9-5126,urzeitliche_kolosse,standard,1,0,0,12,-3,17,10,53,13,10,10,9,0,5
match-e5df09fb-5127,solidaritaet_ueberleben,standard,0,1,1,7,3,12,7,27,1,6,3,11,0,0
match-e5df09fb-5127,urzeitliche_kolosse,standard,1,0,0,7,-1,13,8,25,3,7,3,7,0,0
match-ddb3bf4b-5128,solidaritaet_ueberleben,standard,0,1,1,8,3,13,11,31,2,10,2,12,0,0
match-ddb3bf4b-5128,urzeitliche_kolosse,standard,1,0,0,8,-2,14,8,30,5,7,8,7,0,1
match-64664e8e-5129,solidaritaet_ueberleben,standard,0,0,1,15,0,21,16,54,55,15,8,6,2,0
match-64664e8e-5129,urzeitliche_kolosse,standard,1,1,0,15,3,20,14,63,48,13,15,9,0,2
match-eb18fdd0-5130,solidaritaet_ueberleben,standard,0,1,1,6,4,12,5,20,1,5,4,11,0,0
match-eb18fdd0-5130,urzeitliche_kolosse,standard,1,0,0,6,-1,10,7,18,0,6,2,6,0,0
match-71cb8d13-5131,solidaritaet_ueberleben,standard,0,0,1,12,0,17,15,48,20,14,11,5,0,0
match-71cb8d13-5131,urzeitliche_kolosse,standard,1,1,0,12,5,18,15,52,20,14,10,10,0,4
match-f87e3c55-5132,solidaritaet_ueberleben,standard,0,1,1,8,2,13,7,26,2,7,6,12,0,0
match-f87e3c55-5132,urzeitliche_kolosse,standard,1,0,0,8,-2,12,9,33,3,8,3,8,0,2
match-7f30cb98-5133,solidaritaet_ueberleben,standard,0,0,1,9,0,13,9,32,7,8,3,2,0,0
match-7f30cb98-5133,urzeitliche_kolosse,standard,1,1,0,9,8,15,8,32,4,8,3,10,0,3
match-05e37adb-5134,solidaritaet_ueberleben,standard,0,1,1,9,3,15,8,32,10,8,4,13,0,0
match-05e37adb-5134,urzeitliche_kolosse,standard,1,0,0,9,-3,13,10,37,6,9,4,7,0,0
match-8c960a1d-5135,solidaritaet_ueberleben,standard,0,0,1,11,0,18,10,36,27,9,7,3,0,0
match-8c960a1d-5135,urzeitliche_kolosse,standard,1,1,0,11,7,15,13,51,11,12,5,10,0,3
match-a81ea537-5136,solidaritaet_ueberleben,standard,0,0,1,16,-1,20,16,60,60,15,8,8,0,0
match-a81ea537-5136,urzeitliche_kolosse,standard,1,1,0,16,1,20,12,52,73,12,12,10,0,0
match-2ed1547a-5137,solidaritaet_ueberleben,standard,0,0,1,9,-1,15,8,28,8,8,6,2,0,0
match-2ed1547a-5137,urzeitliche_kolosse,standard,1,1,0,9,8,14,10,33,3,9,4,11,0,0
match-b583e3bc-5138,solidaritaet_ueberleben,standard,0,1,1,7,3,12,7,26,0,7,5,11,0,0
match-b583e3bc-5138,urzeitliche_kolosse,standard,1,0,0,7,-1,12,8,28,0,8,3,7,0,1
match-3c3692ff-5139,solidaritaet_ueberleben,standard,0,0,1,16,-1,21,15,56,64,14,13,5,0,0
match-3c3692ff-5139,urzeitliche_kolosse,standard,1,1,0,16,2,21,17,73,54,16,13,8,0,2
match-c2e92241-5140,solidaritaet_ueberleben,standard,0,1,1,7,3,13,7,26,1,7,6,12,0,0
match-c2e92241-5140,urzeitliche_kolosse,standard,1,0,0,7,-2,13,9,27,1,8,4,7,0,1
match-499bd184-5141,solidaritaet_ueberleben,standard,0,0,1,6,0,10,4,18,3,4,1,0,0,0
match-499bd184-5141,urzeitliche_kolosse,standard,1,1,0,6,10,12,6,19,1,6,1,10,0,1
match-d04e60c6-5142,solidaritaet_ueberleben,standard,0,1,1,9,5,14,9,32,4,9,7,15,0,0
match-d04e60c6-5142,urzeitliche_kolosse,standard,1,0,0,9,-5,13,11,40,4,10,5,5,0,0
match-57011009-5143,solidaritaet_ueberleben,standard,0,0,1,13,-2,18,13,47,31,12,10,6,1,0
match-57011009-5143,urzeitliche_kolosse,standard,1,1,0,13,4,18,14,60,22,14,8,12,0,0
match-48ddb374-5144,solidaritaet_ueberleben,standard,0,1,1,7,5,12,8,27,1,8,6,11,0,0
match-48ddb374-5144,urzeitliche_kolosse,standard,1,0,0,7,-1,13,8,24,2,7,5,5,0,0
match-cf9042b6-5145,solidaritaet_ueberleben,standard,0,0,1,13,0,18,16,55,24,16,8,9,0,0
match-cf9042b6-5145,urzeitliche_kolosse,standard,1,1,0,13,1,17,13,55,23,12,13,10,0,0
match-5642f1f9-5146,solidaritaet_ueberleben,standard,0,0,1,6,-1,11,5,19,2,5,1,4,0,0
match-5642f1f9-5146,urzeitliche_kolosse,standard,1,1,0,6,6,12,4,16,5,4,1,11,0,1
match-dcf5813b-5147,solidaritaet_ueberleben,standard,0,0,1,5,0,10,4,13,2,4,1,0,0,0
match-dcf5813b-5147,urzeitliche_kolosse,standard,1,1,0,5,10,10,5,14,0,5,3,10,0,0
match-63a8307e-5148,solidaritaet_ueberleben,standard,0,0,1,7,0,11,8,27,1,8,3,2,2,0
match-63a8307e-5148,urzeitliche_kolosse,standard,1,1,0,7,8,13,8,26,2,7,6,10,0,0
match-ea5adfc0-5149,solidaritaet_ueberleben,standard,0,1,1,9,2,14,10,38,5,10,4,12,0,0
match-ea5adfc0-5149,urzeitliche_kolosse,standard,1,0,0,9,-2,14,10,38,2,9,6,8,0,0
match-710d6f03-5150,solidaritaet_ueberleben,standard,0,0,1,10,-5,14,11,36,15,10,8,0,0,0
match-710d6f03-5150,urzeitliche_kolosse,standard,1,1,0,10,10,15,11,48,3,11,8,15,0,3
match-f7c01e45-5151,solidaritaet_ueberleben,standard,0,1,1,8,3,14,7,30,2,6,6,14,0,0
match-f7c01e45-5151,urzeitliche_kolosse,standard,1,0,0,8,-4,13,9,28,7,8,2,7,0,0
match-1348b960-5152,solidaritaet_ueberleben,standard,0,0,1,9,0,14,10,35,6,9,4,2,0,0
match-1348b960-5152,urzeitliche_kolosse,standard,1,1,0,9,8,13,10,37,3,9,5,10,0,0
match-99fb48a2-5153,solidaritaet_ueberleben,standard,0,0,1,7,-2,12,6,18,3,5,2,3,0,0
match-99fb48a2-5153,urzeitliche_kolosse,standard,1,1,0,7,7,13,6,20,1,5,1,12,0,0
match-20adf7e5-5154,solidaritaet_ueberleben,standard,0,0,1,9,-1,13,12,36,6,12,4,3,0,0
match-20adf7e5-5154,urzeitliche_kolosse,standard,1,1,0,9,7,14,9,39,4,8,10,11,0,0
match-a7608727-5155,solidaritaet_ueberleben,standard,0,1,1,16,2,22,12,43,77,12,5,8,0,0
match-a7608727-5155,urzeitliche_kolosse,standard,1,0,0,16,-1,20,10,38,82,9,9,5,0,0
match-2e13366a-5156,solidaritaet_ueberleben,standard,0,1,1,6,2,11,4,17,3,4,3,10,0,0
match-2e13366a-5156,urzeitliche_kolosse,standard,1,0,0,6,0,12,7,21,0,6,0,8,0,1
match-b4c5c5ac-5157,solidaritaet_ueberleben,standard,0,1,1,7,4,12,6,26,1,6,1,10,0,0
match-b4c5c5ac-5157,urzeitliche_kolosse,standard,1,0,0,7,0,13,6,25,3,6,2,6,0,1
match-3b7874ef-5158,solidaritaet_ueberleben,standard,0,0,1,7,-2,12,6,23,4,6,2,0,0,0
match-3b7874ef-5158,urzeitliche_kolosse,standard,1,1,0,7,10,13,7,26,2,7,3,12,0,2
match-c22b0431-5159,solidaritaet_ueberleben,standard,0,1,1,9,1,13,11,39,0,10,9,10,2,0
match-c22b0431-5159,urzeitliche_kolosse,standard,1,0,0,9,0,13,12,41,3,11,5,9,0,0
match-075fb6fb-5160,solidaritaet_ueberleben,standard,0,0,1,12,-2,17,13,43,27,12,12,9,0,0
match-075fb6fb-5160,urzeitliche_kolosse,standard,1,1,0,12,1,18,15,59,14,14,11,12,0,2
match-8e12463d-5161,solidaritaet_ueberleben,standard,0,1,1,9,2,14,8,33,3,8,7,13,0,0
match-8e12463d-5161,urzeitliche_kolosse,standard,1,0,0,9,-3,15,11,41,3,10,3,8,0,2
match-14c4f580-5162,solidaritaet_ueberleben,standard,0,1,1,10,4,13,9,29,16,8,6,10,0,0
match-14c4f580-5162,urzeitliche_kolosse,standard,1,0,0,10,0,14,12,44,4,11,8,6,0,1
match-9b7784c2-5163,solidaritaet_ueberleben,standard,0,1,1,15,4,22,9,36,69,9,7,11,0,0
match-9b7784c2-5163,urzeitliche_kolosse,standard,1,0,0,15,-1,21,13,54,51,12,4,6,0,1
match-222a3405-5164,solidaritaet_ueberleben,standard,0,0,1,10,-5,16,10,35,16,10,8,8,2,0
match-222a3405-5164,urzeitliche_kolosse,standard,1,1,0,10,2,15,11,44,8,11,5,15,0,0
match-a8dcc347-5165,solidaritaet_ueberleben,standard,0,1,1,13,2,20,14,49,35,13,14,12,0,0
match-a8dcc347-5165,urzeitliche_kolosse,standard,1,0,0,13,-2,18,16,61,20,15,10,8,0,3
match-2f8f728a-5166,solidaritaet_ueberleben,standard,0,1,1,8,1,13,10,32,0,9,3,12,0,0
match-2f8f728a-5166,urzeitliche_kolosse,standard,1,0,0,8,-2,13,8,29,6,8,6,9,0,1
match-b64201cc-5167,solidaritaet_ueberleben,standard,0,0,1,10,0,15,14,43,5,13,4,2,0,0
match-b64201cc-5167,urzeitliche_kolosse,standard,1,1,0,10,8,16,10,34,11,9,13,10,0,1
match-d1cabce6-5168,solidaritaet_ueberleben,standard,0,0,1,9,-1,13,9,35,10,9,7,7,0,0
match-d1cabce6-5168,urzeitliche_kolosse,standard,1,1,0,9,3,12,11,42,3,11,4,11,0,0
match-587d4c29-5169,solidaritaet_ueberleben,standard,0,0,1,16,0,20,11,42,78,10,9,6,0,0
match-587d4c29-5169,urzeitliche_kolosse,standard,1,1,0,16,1,20,14,58,62,13,6,7,0,0
match-df2ffb6b-5170,solidaritaet_ueberleben,standard,0,1,1,13,3,19,13,45,33,13,12,10,0,0
match-df2ffb6b-5170,urzeitliche_kolosse,standard,1,0,0,13,0,17,16,54,28,15,9,7,0,1
match-65e28aae-5171,solidaritaet_ueberleben,standard,0,1,1,9,2,15,9,34,5,9,8,11,0,0
match-65e28aae-5171,urzeitliche_kolosse,standard,1,0,0,9,-1,14,12,43,2,12,4,8,0,0
match-ec9539f0-5172,solidaritaet_ueberleben,standard,0,1,1,7,3,12,6,23,1,6,1,11,0,0
match-ec9539f0-5172,urzeitliche_kolosse,standard,1,0,0,7,-1,13,6,27,1,6,2,7,0,1
match-7347c933-5173,solidaritaet_ueberleben,standard,0,1,1,9,3,16,11,35,7,10,8,11,0,0
match-7347c933-5173,urzeitliche_kolosse,standard,1,0,0,9,-1,13,11,40,3,10,6,7,0,2
match-f9fa7875-5174,solidaritaet_ueberleben,standard,0,0,1,8,0,13,7,22,6,7,5,7,0,0
match-f9fa7875-5174,urzeitliche_kolosse,standard,1,1,0,8,3,13,9,32,3,8,3,10,0,0
match-80ad07b8-5175,solidaritaet_ueberleben,standard,0,0,1,9,-1,13,11,32,4,11,3,1,0,0
match-80ad07b8-5175,urzeitliche_kolosse,standard,1,1,0,9,9,13,8,32,4,7,7,11,0,0
match-7289ab23-5176,solidaritaet_ueberleben,standard,0,1,1,13,2,18,15,50,31,15,12,15,2,0
match-7289ab23-5176,urzeitliche_kolosse,standard,1,0,0,13,-5,18,16,58,23,15,12,8,0,5
match-f93c5a65-5177,solidaritaet_ueberleben,standard,0,0,1,9,-3,13,10,38,6,9,5,4,3,0
match-f93c5a65-5177,urzeitliche_kolosse,standard,1,1,0,9,6,14,11,38,4,10,6,13,0,0
match-7feee9a8-5178,solidaritaet_ueberleben,standard,0,0,1,8,-2,13,10,27,4,10,6,2,0,0
match-7feee9a8-5178,urzeitliche_kolosse,standard,1,1,0,8,8,13,11,30,2,10,8,12,0,0
match-06a198eb-5179,solidaritaet_ueberleben,standard,0,1,1,10,3,14,9,37,12,8,9,13,0,0
match-06a198eb-5179,urzeitliche_kolosse,standard,1,0,0,10,-3,16,11,40,5,11,7,7,0,0
match-8d54282d-5180,solidaritaet_ueberleben,standard,0,0,1,13,0,19,14,48,38,13,12,2,0,0
match-8d54282d-5180,urzeitliche_kolosse,standard,1,1,0,13,8,17,16,60,22,15,13,10,0,2
match-1406d770-5181,solidaritaet_ueberleben,standard,0,0,1,8,0,14,9,31,1,8,5,0,0,0
match-1406d770-5181,urzeitliche_kolosse,standard,1,1,0,8,10,13,8,30,6,8,4,10,0,0
match-9ab966b2-5182,solidaritaet_ueberleben,standard,0,1,1,8,2,13,8,29,6,7,4,13,0,0
match-9ab966b2-5182,urzeitliche_kolosse,standard,1,0,0,8,-3,14,8,33,2,8,4,8,0,0
match-216c15f5-5183,solidaritaet_ueberleben,standard,0,1,1,7,2,12,7,27,0,7,4,10,0,0
match-216c15f5-5183,urzeitliche_kolosse,standard,1,0,0,7,0,12,7,24,4,7,3,8,0,0
match-3cf4b10f-5184,solidaritaet_ueberleben,standard,0,0,1,6,-1,11,5,18,2,4,1,3,0,0
match-3cf4b10f-5184,urzeitliche_kolosse,standard,1,1,0,6,7,11,6,18,1,5,2,11,0,0
match-c3a74051-5185,solidaritaet_ueberleben,standard,0,1,1,9,1,13,10,35,6,10,6,10,0,0
match-c3a74051-5185,urzeitliche_kolosse,standard,1,0,0,9,0,14,10,38,5,9,5,9,0,3
match-4a59ef94-5186,solidaritaet_ueberleben,standard,0,0,1,9,0,14,7,29,7,6,3,7,0,0
match-4a59ef94-5186,urzeitliche_kolosse,standard,1,1,0,9,3,14,7,26,10,6,2,10,0,3
match-d10c9ed6-5187,solidaritaet_ueberleben,standard,0,1,1,9,8,14,9,35,5,8,3,10,0,0
match-d10c9ed6-5187,urzeitliche_kolosse,standard,1,0,0,9,0,13,9,37,4,8,4,2,0,0
match-57bf2e19-5188,solidaritaet_ueberleben,standard,0,0,1,9,-2,14,9,32,10,9,6,9,0,0
match-57bf2e19-5188,urzeitliche_kolosse,standard,1,1,0,9,1,13,10,41,2,10,4,12,0,0
match-de71dd5b-5189,solidaritaet_ueberleben,standard,0,0,1,16,-1,21,17,63,65,16,14,6,0,0
match-de71dd5b-5189,urzeitliche_kolosse,standard,1,1,0,16,1,22,19,74,50,18,15,8,0,3
match-65246c9e-5190,solidaritaet_ueberleben,standard,0,1,1,9,6,14,7,28,12,7,3,12,0,0
match-65246c9e-5190,urzeitliche_kolosse,standard,1,0,0,9,-2,14,9,29,7,8,2,4,0,0
match-ebd71be0-5191,solidaritaet_ueberleben,standard,0,0,1,9,-1,14,10,35,6,10,4,2,0,0
match-ebd71be0-5191,urzeitliche_kolosse,standard,1,1,0,9,8,14,10,38,5,9,6,11,0,0
match-310baeaa-5192,solidaritaet_ueberleben,standard,0,1,1,8,4,14,8,31,4,7,7,12,0,0
match-310baeaa-5192,urzeitliche_kolosse,standard,1,0,0,8,-2,12,11,31,3,10,3,6,0,2
match-b7be5dec-5193,solidaritaet_ueberleben,standard,0,,1,17,0,22,17,64,72,16,18,6,5,0
match-b7be5dec-5193,urzeitliche_kolosse,standard,1,,0,17,-2,23,19,73,63,18,16,4,0,0
match-3e70ed2f-5194,solidaritaet_ueberleben,standard,0,0,1,8,0,15,7,31,3,7,3,9,0,0
match-3e70ed2f-5194,urzeitliche_kolosse,standard,1,1,0,8,1,13,8,32,4,8,4,10,0,2
match-c5239c71-5195,solidaritaet_ueberleben,standard,0,1,1,12,3,17,16,51,17,15,7,13,0,0
match-c5239c71-5195,urzeitliche_kolosse,standard,1,0,0,12,-3,18,13,50,24,12,12,7,0,4
match-4bd62bb4-5196,solidaritaet_ueberleben,standard,0,0,1,8,-2,13,6,26,2,6,5,5,0,0
match-4bd62bb4-5196,urzeitliche_kolosse,standard,1,1,0,8,5,12,8,35,1,8,1,12,0,0
match-d288daf6-5197,solidaritaet_ueberleben,standard,0,0,1,9,-2,15,9,33,3,9,6,9,0,0
match-d288daf6-5197,urzeitliche_kolosse,standard,1,1,0,9,1,15,10,33,3,9,5,12,0,0
match-593b6a39-5198,solidaritaet_ueberleben,standard,0,1,1,11,4,17,11,42,13,10,8,13,0,0
match-593b6a39-5198,urzeitliche_kolosse,standard,1,0,0,11,-3,17,13,49,10,13,6,6,0,0
match-dfee197b-5199,solidaritaet_ueberleben,standard,0,0,1,7,-2,13,8,24,3,8,2,0,0,0
match-dfee197b-5199,urzeitliche_kolosse,standard,1,1,0,7,10,12,7,26,2,7,5,12,0,0
match-fb76b495-5200,solidaritaet_ueberleben,standard,0,0,1,15,-2,21,16,60,45,16,12,8,0,0
match-fb76b495-5200,urzeitliche_kolosse,standard,1,1,0,15,2,20,17,70,40,16,17,12,0,1
match-822943d8-5201,solidaritaet_ueberleben,standard,0,0,1,11,-1,16,11,42,19,11,7,6,0,0
match-822943d8-5201,urzeitliche_kolosse,standard,1,1,0,11,4,16,12,52,10,11,7,11,0,2
match-08dbf31b-5202,solidaritaet_ueberleben,standard,0,0,1,9,0,15,9,32,9,9,5,4,0,0
match-08dbf31b-5202,urzeitliche_kolosse,standard,1,1,0,9,6,14,10,42,2,10,4,10,0,3
match-8f8e825d-5203,solidaritaet_ueberleben,standard,0,0,1,14,-2,20,13,47,48,12,7,5,0,0
match-8f8e825d-5203,urzeitliche_kolosse,standard,1,1,0,14,5,20,13,57,37,12,10,12,0,3
match-164131a0-5204,solidaritaet_ueberleben,standard,0,1,1,11,5,16,10,36,19,10,5,10,0,0
match-164131a0-5204,urzeitliche_kolosse,standard,1,0,0,11,0,16,11,41,17,10,6,5,0,0
match-9cf3c0e2-5205,solidaritaet_ueberleben,standard,0,0,1,9,-2,14,8,32,7,8,3,8,0,0
match-9cf3c0e2-5205,urzeitliche_kolosse,standard,1,1,0,9,2,15,7,36,6,7,3,12,0,0
match-23a67025-5206,solidaritaet_ueberleben,standard,0,0,1,12,-1,17,9,35,31,8,5,6,0,0
match-23a67025-5206,urzeitliche_kolosse,standard,1,1,0,12,4,17,10,48,18,9,4,11,0,0
match-aa591f67-5207,solidaritaet_ueberleben,standard,0,0,1,9,0,14,9,32,8,9,5,3,0,0
match-aa591f67-5207,urzeitliche_kolosse,standard,1,1,0,9,7,15,10,33,5,9,8,10,0,0
match-9c35a2d2-5208,solidaritaet_ueberleben,standard,0,0,1,12,0,19,14,50,21,14,8,8,0,0
match-9c35a2d2-5208,urzeitliche_kolosse,standard,1,1,0,12,2,17,13,50,21,12,10,10,0,3
match-22e85215-5209,solidaritaet_ueberleben,standard,0,0,1,8,-1,13,9,30,2,9,3,9,1,0
match-22e85215-5209,urzeitliche_kolosse,standard,1,1,0,8,1,13,8,30,6,7,4,11,0,0
match-a99ae157-5210,solidaritaet_ueberleben,standard,0,1,1,15,1,21,17,57,57,16,12,10,2,0
match-a99ae157-5210,urzeitliche_kolosse,standard,1,0,0,15,0,21,18,70,40,17,13,9,0,0
match-304d909a-5211,solidaritaet_ueberleben,standard,0,0,1,8,-3,14,8,26,2,8,5,3,0,0
match-304d909a-5211,urzeitliche_kolosse,standard,1,1,0,8,7,14,8,31,5,7,4,13,0,0
match-b7003fdc-5212,solidaritaet_ueberleben,standard,0,1,1,9,1,16,12,40,4,12,5,14,0,0
match-b7003fdc-5212,urzeitliche_kolosse,standard,1,0,0,9,-4,14,10,43,1,10,7,9,0,0
match-3db2cf1f-5213,solidaritaet_ueberleben,standard,0,0,1,16,-3,21,20,68,60,19,9,8,2,0
match-3db2cf1f-5213,urzeitliche_kolosse,standard,1,1,0,16,1,21,15,66,59,14,18,12,0,3
match-c4657e61-5214,solidaritaet_ueberleben,standard,0,1,1,8,4,13,8,29,3,8,3,14,0,0
match-c4657e61-5214,urzeitliche_kolosse,standard,1,0,0,8,-4,14,8,35,1,7,4,6,0,0
match-4b180da4-5215,solidaritaet_ueberleben,standard,0,1,1,9,3,14,11,38,7,10,5,13,0,0
match-4b180da4-5215,urzeitliche_kolosse,standard,1,0,0,9,-3,14,10,39,4,10,6,7,0,0
match-66a0a8be-5216,solidaritaet_ueberleben,standard,0,1,1,13,7,18,16,57,24,15,9,15,0,0
match-66a0a8be-5216,urzeitliche_kolosse,standard,1,0,0,13,-5,18,15,56,23,14,12,3,0,1
match-ed535800-5217,solidaritaet_ueberleben,standard,0,0,1,9,0,14,10,34,11,10,4,7,1,0
match-ed535800-5217,urzeitliche_kolosse,standard,1,1,0,9,3,13,10,42,3,9,6,10,0,0
match-7405e743-5218,solidaritaet_ueberleben,standard,0,0,1,11,-2,16,14,45,14,13,4,9,0,0
match-7405e743-5218,urzeitliche_kolosse,standard,1,1,0,11,1,17,10,47,8,9,10,12,0,4
match-fab89685-5219,solidaritaet_ueberleben,standard,0,0,1,8,0,12,10,34,1,9,6,5,0,0
match-fab89685-5219,urzeitliche_kolosse,standard,1,1,0,8,5,14,9,31,5,8,5,10,0,1
match-816b25c8-5220,solidaritaet_ueberleben,standard,0,0,1,11,0,17,14,44,17,13,7,5,0,0
match-816b25c8-5220,urzeitliche_kolosse,standard,1,1,0,11,5,18,10,41,17,10,10,10,0,3
match-081dd50b-5221,solidaritaet_ueberleben,standard,0,0,1,9,-1,16,12,40,2,12,3,4,0,0
match-081dd50b-5221,urzeitliche_kolosse,standard,1,1,0,9,6,14,8,33,3,8,8,11,0,1
match-8ed0644d-5222,solidaritaet_ueberleben,standard,0,1,1,10,6,15,9,28,17,9,8,12,0,0
match-8ed0644d-5222,urzeitliche_kolosse,standard,1,0,0,10,-2,16,13,47,8,12,4,4,0,4
match-15831390-5223,solidaritaet_ueberleben,standard,0,0,1,7,0,12,7,26,2,6,2,1,0,0
match-15831390-5223,urzeitliche_kolosse,standard,1,1,0,7,9,12,7,26,1,7,2,10,0,3
match-5ab7a659-5224,solidaritaet_ueberleben,standard,0,0,1,5,-2,9,5,13,2,5,1,0,0,0
match-5ab7a659-5224,urzeitliche_kolosse,standard,1,1,0,5,10,11,5,14,0,5,4,12,0,0
match-e16a559b-5225,solidaritaet_ueberleben,standard,0,0,1,11,-2,16,13,39,16,12,7,8,0,0
match-e16a559b-5225,urzeitliche_kolosse,standard,1,1,0,11,2,16,9,42,13,9,9,12,0,0
match-681ce4de-5226,solidaritaet_ueberleben,standard,0,1,1,10,3,15,9,31,19,9,4,10,0,0
match-681ce4de-5226,urzeitliche_kolosse,standard,1,0,0,10,0,16,8,38,10,8,5,7,0,2
match-eecf9420-5227,solidaritaet_ueberleben,standard,0,0,1,5,0,10,3,12,3,3,0,0,0,0
match-eecf9420-5227,urzeitliche_kolosse,standard,1,1,0,5,10,10,4,14,1,4,2,10,0,0
match-75822363-5228,solidaritaet_ueberleben,standard,0,0,1,9,-4,13,8,27,15,8,4,5,0,0
match-75822363-5228,urzeitliche_kolosse,standard,1,1,0,9,5,15,9,39,4,9,4,14,0,0
match-fc34d2a5-5229,solidaritaet_ueberleben,standard,0,0,1,8,-1,12,8,28,4,7,5,2,0,0
match-fc34d2a5-5229,urzeitliche_kolosse,standard,1,1,0,8,8,13,9,30,6,9,5,11,0,0
match-82e761e8-5230,solidaritaet_ueberleben,standard,0,0,1,10,0,15,11,38,14,10,3,2,0,0
match-82e761e8-5230,urzeitliche_kolosse,standard,1,1,0,10,8,16,9,40,11,8,6,10,0,0
match-099a112b-5231,solidaritaet_ueberleben,standard,0,0,1,5,0,11,4,14,1,4,3,3,0,0
match-099a112b-5231,urzeitliche_kolosse,standard,1,1,0,5,7,8,5,13,0,5,1,10,0,1
match-2522ac45-5232,solidaritaet_ueberleben,standard,0,1,1,8,1,13,8,24,4,8,4,10,0,0
match-2522ac45-5232,urzeitliche_kolosse,standard,1,0,0,8,0,13,8,32,4,8,3,9,0,0
match-abd55b87-5233,solidaritaet_ueberleben,standard,0,1,1,9,1,15,9,34,10,9,5,10,0,0
match-abd55b87-5233,urzeitliche_kolosse,standard,1,0,0,9,0,13,10,35,7,9,5,9,0,0
match-3287eaca-5234,solidaritaet_ueberleben,standard,0,0,1,9,-2,13,12,35,7,11,3,0,0,0
match-3287eaca-5234,urzeitliche_kolosse,standard,1,1,0,9,10,14,9,33,3,8,9,12,0,0
match-b93a9a0c-5235,solidaritaet_ueberleben,standard,0,0,1,5,-1,10,5,14,1,5,1,0,0,0
match-b93a9a0c-5235,urzeitliche_kolosse,standard,1,1,0,5,10,10,5,13,1,5,2,11,0,0
match-3fed294f-5236,solidaritaet_ueberleben,standard,0,0,1,10,-1,14,11,36,13,10,4,5,0,0
match-3fed294f-5236,urzeitliche_kolosse,standard,1,1,0,10,5,15,10,39,13,9,6,11,0,0
match-c69fd891-5237,solidaritaet_ueberleben,standard,0,0,1,9,-1,12,10,35,6,9,6,9,0,0
match-c69fd891-5237,urzeitliche_kolosse,standard,1,1,0,9,1,14,9,41,2,9,5,11,0,1
match-4d5267d4-5238,solidaritaet_ueberleben,standard,0,1,1,14,4,19,15,57,37,14,15,11,0,0
match-4d5267d4-5238,urzeitliche_kolosse,standard,1,0,0,14,-1,19,17,66,26,16,11,6,0,2
match-d4051716-5239,solidaritaet_ueberleben,standard,0,0,1,15,-1,18,15,57,51,14,7,6,0,0
match-d4051716-5239,urzeitliche_kolosse,standard,1,1,0,15,4,20,13,51,62,12,10,11,0,0
match-c5e1ba81-5240,solidaritaet_ueberleben,standard,0,0,1,8,0,13,8,29,3,7,4,6,0,0
match-c5e1ba81-5240,urzeitliche_kolosse,standard,1,1,0,8,4,14,7,31,4,7,2,10,0,1
match-4c9449c4-5241,solidaritaet_ueberleben,standard,0,0,1,7,0,13,9,28,0,9,4,6,0,0
match-4c9449c4-5241,urzeitliche_kolosse,standard,1,1,0,7,4,11,8,23,3,8,6,10,0,0
match-d346f906-5242,solidaritaet_ueberleben,standard,0,0,1,9,0,13,12,42,2,11,5,6,0,0
match-d346f906-5242,urzeitliche_kolosse,standard,1,1,0,9,4,15,11,39,4,10,8,10,0,5
match-59f98849-5243,solidaritaet_ueberleben,standard,0,1,1,12,1,17,11,45,27,10,3,12,0,0
match-59f98849-5243,urzeitliche_kolosse,standard,1,0,0,12,-2,16,9,37,29,8,6,9,0,1
match-e0ac378b-5244,solidaritaet_ueberleben,standard,0,0,1,9,-2,15,9,38,3,8,6,7,0,0
match-e0ac378b-5244,urzeitliche_kolosse,standard,1,1,0,9,3,15,10,36,4,10,3,12,0,2
match-675ec6ce-5245,solidaritaet_ueberleben,standard,0,0,1,8,0,13,7,27,1,6,3,8,0,0
match-675ec6ce-5245,urzeitliche_kolosse,standard,1,1,0,8,2,12,7,32,4,7,2,10,0,0
match-ee117610-5246,solidaritaet_ueberleben,standard,0,1,1,13,1,17,16,54,29,15,5,14,0,0
match-ee117610-5246,urzeitliche_kolosse,standard,1,0,0,13,-4,19,11,52,33,10,11,9,0,4
match-74c40553-5247,solidaritaet_ueberleben,standard,0,1,1,11,4,15,14,43,17,13,8,12,0,0
match-74c40553-5247,urzeitliche_kolosse,standard,1,0,0,11,-2,17,13,51,8,13,10,6,0,2
match-904ca06d-5248,solidaritaet_ueberleben,standard,0,1,1,7,10,12,6,25,2,6,3,10,0,0
match-904ca06d-5248,urzeitliche_kolosse,standard,1,0,0,7,0,13,5,22,6,5,1,0,0,0
match-16ff4fb0-5249,solidaritaet_ueberleben,standard,0,1,1,7,8,12,7,24,1,7,5,10,0,0
match-16ff4fb0-5249,urzeitliche_kolosse,standard,1,0,0,7,0,12,8,26,2,8,5,2,0,0
match-9db1fef2-5250,solidaritaet_ueberleben,standard,0,0,1,8,-1,12,7,20,12,6,2,2,0,0
match-9db1fef2-5250,urzeitliche_kolosse,standard,1,1,0,8,8,13,7,26,2,7,1,11,0,0
match-24648e35-5251,solidaritaet_ueberleben,standard,0,1,1,8,1,14,8,31,3,8,6,10,0,0
match-24648e35-5251,urzeitliche_kolosse,standard,1,0,0,8,0,14,8,32,3,8,5,9,0,1
match-ab173d77-5252,solidaritaet_ueberleben,standard,0,0,1,9,0,15,12,41,4,11,8,9,0,0
match-ab173d77-5252,urzeitliche_kolosse,standard,1,1,0,9,1,15,11,38,5,11,6,10,0,0
match-31c9ccba-5253,solidaritaet_ueberleben,standard,0,1,1,14,5,20,15,52,39,14,14,13,0,0
match-31c9ccba-5253,urzeitliche_kolosse,standard,1,0,0,14,-3,20,17,66,26,17,11,5,0,1
match-b87c7bfc-5254,solidaritaet_ueberleben,standard,0,0,1,9,0,14,10,35,10,10,4,8,0,0
match-b87c7bfc-5254,urzeitliche_kolosse,standard,1,1,0,9,2,14,10,33,5,9,9,10,0,1
match-3f2f0b3f-5255,solidaritaet_ueberleben,standard,0,1,1,7,1,14,8,27,1,8,4,12,0,0
match-3f2f0b3f-5255,urzeitliche_kolosse,standard,1,0,0,7,-2,12,7,26,2,7,6,9,0,1
match-d1c3bb81-5256,solidaritaet_ueberleben,standard,0,1,1,7,8,13,7,27,1,7,4,12,0,0
match-d1c3bb81-5256,urzeitliche_kolosse,standard,1,0,0,7,-2,12,7,26,2,6,3,2,0,0
match-58764ac4-5257,solidaritaet_ueberleben,standard,0,0,1,10,-1,15,13,41,8,12,6,8,0,0
match-58764ac4-5257,urzeitliche_kolosse,standard,1,1,0,10,2,14,12,43,10,11,8,11,0,2
match-df28fa06-5258,solidaritaet_ueberleben,standard,0,1,1,9,4,15,6,26,10,6,4,12,0,0
match-df28fa06-5258,urzeitliche_kolosse,standard,1,0,0,9,-2,15,10,37,2,9,2,6,0,1
match-65db8949-5259,solidaritaet_ueberleben,standard,0,0,1,12,-1,18,15,50,16,14,12,6,0,0
match-65db8949-5259,urzeitliche_kolosse,standard,1,1,0,12,4,16,15,54,14,14,14,11,0,6
match-ec8e388b-5260,solidaritaet_ueberleben,standard,0,1,1,9,5,14,12,40,3,11,6,14,0,0
match-ec8e388b-5260,urzeitliche_kolosse,standard,1,0,0,9,-4,15,11,38,2,10,6,5,0,1
match-7340c7ce-5261,solidaritaet_ueberleben,standard,0,1,1,12,3,17,14,49,17,13,13,14,0,0
match-7340c7ce-5261,urzeitliche_kolosse,standard,1,0,0,12,-4,18,15,58,11,15,12,7,0,2
match-f9f37710-5262,solidaritaet_ueberleben,standard,0,0,1,9,-1,15,8,34,6,8,7,5,0,0
match-f9f37710-5262,urzeitliche_kolosse,standard,1,1,0,9,5,15,9,37,6,9,3,11,0,2
match-80a60653-5263,solidaritaet_ueberleben,standard,0,1,1,10,7,16,11,38,13,10,10,12,0,0
match-80a60653-5263,urzeitliche_kolosse,standard,1,0,0,10,-2,14,13,42,7,12,8,3,0,0
match-9c2ea16d-5264,solidaritaet_ueberleben,standard,0,1,1,15,5,20,10,44,65,9,4,9,0,0
match-9c2ea16d-5264,urzeitliche_kolosse,standard,1,0,0,15,0,20,10,44,68,9,5,4,0,0
match-22e150b0-5265,solidaritaet_ueberleben,standard,0,,1,16,0,20,15,55,65,14,12,8,0,0
match-22e150b0-5265,urzeitliche_kolosse,standard,1,,0,16,-1,21,17,68,60,16,11,7,0,1
match-a993fff2-5266,solidaritaet_ueberleben,standard,0,0,1,8,-1,12,7,26,10,7,3,2,0,0
match-a993fff2-5266,urzeitliche_kolosse,standard,1,1,0,8,8,13,9,36,0,8,4,11,0,3
match-30468f35-5267,solidaritaet_ueberleben,standard,0,1,1,9,3,15,9,32,7,9,4,10,0,0
match-30468f35-5267,urzeitliche_kolosse,standard,1,0,0,9,0,13,10,31,13,9,5,7,0,0
match-b6f93e77-5268,solidaritaet_ueberleben,standard,0,1,1,11,6,16,14,45,13,14,7,11,0,0
match-b6f93e77-5268,urzeitliche_kolosse,standard,1,0,0,11,-1,16,12,45,13,12,9,4,0,0
match-3dabcdba-5269,solidaritaet_ueberleben,standard,0,1,1,15,4,22,17,58,51,16,11,11,1,0
match-3dabcdba-5269,urzeitliche_kolosse,standard,1,0,0,15,-1,20,17,64,49,16,11,6,0,0
match-c45e7cfc-5270,solidaritaet_ueberleben,standard,0,1,1,11,3,16,14,46,16,13,5,12,0,0
match-c45e7cfc-5270,urzeitliche_kolosse,standard,1,0,0,11,-2,16,10,45,17,10,11,7,0,1
match-4b110c3f-5271,solidaritaet_ueberleben,standard,0,0,1,10,0,15,12,36,12,11,6,9,0,0
match-4b110c3f-5271,urzeitliche_kolosse,standard,1,1,0,10,1,16,11,45,9,11,7,10,0,0
match-3cedafaa-5272,solidaritaet_ueberleben,standard,0,1,1,12,1,18,9,39,27,9,8,13,0,0
match-3cedafaa-5272,urzeitliche_kolosse,standard,1,0,0,12,-3,16,14,50,16,13,7,9,0,4
match-c3a05eec-5273,solidaritaet_ueberleben,standard,0,0,1,9,0,13,8,28,8,7,5,2,0,0
match-c3a05eec-5273,urzeitliche_kolosse,standard,1,1,0,9,8,15,8,28,8,7,2,10,0,2
match-4a52ee2f-5274,solidaritaet_ueberleben,standard,0,1,1,9,2,14,10,40,2,9,3,11,0,0
match-4a52ee2f-5274,urzeitliche_kolosse,standard,1,0,0,9,-1,14,8,30,13,7,5,8,0,0
match-d1059d71-5275,solidaritaet_ueberleben,standard,0,0,1,11,-1,18,12,41,20,11,7,5,0,0
match-d1059d71-5275,urzeitliche_kolosse,standard,1,1,0,11,5,16,13,49,6,12,7,11,0,2
match-57b82cb4-5276,solidaritaet_ueberleben,standard,0,0,1,10,-2,16,11,40,13,10,7,8,0,0
match-57b82cb4-5276,urzeitliche_kolosse,standard,1,1,0,10,2,14,12,48,7,12,6,12,0,1
match-de6adbf6-5277,solidaritaet_ueberleben,standard,0,0,1,8,0,13,9,30,3,8,3,4,0,0
match-de6adbf6-5277,urzeitliche_kolosse,standard,1,1,0,8,6,13,7,32,3,7,6,10,0,2
match-651d6b39-5278,solidaritaet_ueberleben,standard,0,0,1,9,-2,15,9,30,6,8,3,6,0,0
match-651d6b39-5278,urzeitliche_kolosse,standard,1,1,0,9,4,15,8,33,3,8,5,12,0,2
match-ebd01a7b-5279,solidaritaet_ueberleben,standard,0,1,1,9,4,13,9,31,10,9,4,10,0,0
match-ebd01a7b-5279,urzeitliche_kolosse,standard,1,0,0,9,0,13,10,40,1,9,4,6,0,4
match-0758b596-5280,solidaritaet_ueberleben,standard,0,0,1,12,0,16,12,49,20,12,9,6,0,0
match-0758b596-5280,urzeitliche_kolosse,standard,1,1,0,12,4,17,15,56,12,14,8,10,0,1
match-8e0b44d8-5281,solidaritaet_ueberleben,standard,0,0,1,10,0,16,9,31,20,8,3,5,0,0
match-8e0b44d8-5281,urzeitliche_kolosse,standard,1,1,0,10,5,16,8,37,10,7,4,10,0,5
match-14bdf41b-5282,solidaritaet_ueberleben,standard,0,0,1,8,-2,13,9,26,2,8,3,6,0,0
match-14bdf41b-5282,urzeitliche_kolosse,standard,1,1,0,8,4,12,6,33,3,6,5,12,0,1
match-9b70835d-5283,solidaritaet_ueberleben,standard,0,0,1,9,-3,13,10,33,9,10,5,8,3,0
match-9b70835d-5283,urzeitliche_kolosse,standard,1,1,0,9,2,14,10,43,2,10,6,13,0,1
match-222332a0-5284,solidaritaet_ueberleben,standard,0,0,1,12,0,17,15,45,24,15,9,5,0,0
match-222332a0-5284,urzeitliche_kolosse,standard,1,1,0,12,5,18,15,56,14,14,13,10,0,2
match-a8d5c1e2-5285,solidaritaet_ueberleben,standard,0,0,1,14,-1,19,18,59,34,17,6,6,0,0
match-a8d5c1e2-5285,urzeitliche_kolosse,standard,1,1,0,14,4,19,12,48,43,11,15,11,0,0
match-2f887125-5286,solidaritaet_ueberleben,standard,0,1,1,12,3,17,14,45,21,13,6,14,1,0
match-2f887125-5286,urzeitliche_kolosse,standard,1,0,0,12,-4,18,12,57,15,11,10,7,0,0
match-b63b0067-5287,solidaritaet_ueberleben,standard,0,0,1,10,-1,15,12,39,6,11,4,4,0,0
match-b63b0067-5287,urzeitliche_kolosse,standard,1,1,0,10,6,16,9,37,14,8,7,11,0,2
match-fb6fb330-5288,solidaritaet_ueberleben,standard,0,1,1,11,3,15,14,46,9,13,10,11,2,0
match-fb6fb330-5288,urzeitliche_kolosse,standard,1,0,0,11,-1,15,14,53,5,14,12,7,0,2
match-82224273-5289,solidaritaet_ueberleben,standard,0,0,1,15,-2,21,14,46,59,13,13,7,0,0
match-82224273-5289,urzeitliche_kolosse,standard,1,1,0,15,3,21,17,66,39,16,10,12,0,2
match-08d4f1b6-5290,solidaritaet_ueberleben,standard,0,0,1,15,-1,20,16,57,54,15,14,7,2,0
match-08d4f1b6-5290,urzeitliche_kolosse,standard,1,1,0,15,3,19,18,72,37,17,11,11,0,2
match-8f8780f8-5291,solidaritaet_ueberleben,standard,0,0,1,7,-1,10,10,26,1,10,3,2,0,0
match-8f8780f8-5291,urzeitliche_kolosse,standard,1,1,0,7,8,12,7,27,1,6,9,11,0,0
match-163a303b-5292,solidaritaet_ueberleben,standard,0,1,1,16,2,21,19,63,57,18,14,9,0,0
match-163a303b-5292,urzeitliche_kolosse,standard,1,0,0,16,0,21,19,73,50,18,15,7,0,1
match-9cecdf7d-5293,solidaritaet_ueberleben,standard,0,0,1,9,-4,12,7,22,14,7,7,3,0,0
match-9cecdf7d-5293,urzeitliche_kolosse,standard,1,1,0,9,7,12,10,34,2,9,3,14,0,1
match-239f6ec0-5294,solidaritaet_ueberleben,standard,0,0,1,9,-3,12,10,36,5,10,6,9,0,0
match-239f6ec0-5294,urzeitliche_kolosse,standard,1,1,0,9,1,14,10,37,3,9,6,13,0,2
match-aa521e02-5295,solidaritaet_ueberleben,standard,0,0,1,13,-3,19,15,54,36,14,11,1,0,0
match-aa521e02-5295,urzeitliche_kolosse,standard,1,1,0,13,9,17,16,67,16,15,11,13,0,2
match-c5dab91c-5296,solidaritaet_ueberleben,standard,0,1,1,11,4,15,12,43,15,11,9,13,0,0
match-c5dab91c-5296,urzeitliche_kolosse,standard,1,0,0,11,-3,14,14,45,14,13,6,6,0,1
match-4c8d485f-5297,solidaritaet_ueberleben,standard,0,1,1,8,7,11,8,32,1,8,6,12,0,0
match-4c8d485f-5297,urzeitliche_kolosse,standard,1,0,0,8,-2,14,8,31,5,8,5,3,0,0
match-d33ff7a1-5298,solidaritaet_ueberleben,standard,0,1,1,8,3,15,9,34,2,8,2,13,0,0
match-d33ff7a1-5298,urzeitliche_kolosse,standard,1,0,0,8,-3,14,6,30,6,6,5,7,0,2
match-59f286e4-5299,solidaritaet_ueberleben,standard,0,1,1,6,6,11,5,20,1,5,3,10,0,0
match-59f286e4-5299,urzeitliche_kolosse,standard,1,0,0,6,0,12,6,17,4,6,1,4,0,0
match-e0a53626-5300,solidaritaet_ueberleben,standard,0,1,1,8,6,14,9,29,3,8,1,12,0,0
match-e0a53626-5300,urzeitliche_kolosse,standard,1,0,0,8,-2,14,7,27,8,6,4,4,0,0
match-6757c569-5301,solidaritaet_ueberleben,standard,0,0,1,8,0,13,7,22,6,6,5,3,0,0
match-6757c569-5301,urzeitliche_kolosse,standard,1,1,0,8,7,14,8,34,2,8,3,10,0,1
match-ee0a74ab-5302,solidaritaet_ueberleben,standard,0,0,1,10,0,16,9,32,13,9,4,4,0,0
match-ee0a74ab-5302,urzeitliche_kolosse,standard,1,1,0,10,6,16,9,43,9,9,6,10,0,0
match-74bd03ee-5303,solidaritaet_ueberleben,standard,0,1,1,8,3,14,8,29,4,8,7,10,0,0
match-74bd03ee-5303,urzeitliche_kolosse,standard,1,0,0,8,0,13,7,30,6,7,5,7,0,0
match-6699a759-5304,solidaritaet_ueberleben,standard,0,1,1,9,4,15,12,39,3,11,4,10,0,0
match-6699a759-5304,urzeitliche_kolosse,standard,1,0,0,9,0,14,10,39,5,9,8,6,0,2
match-ed4c569b-5305,solidaritaet_ueberleben,standard,0,0,1,8,0,15,7,26,2,7,4,7,0,0
match-ed4c569b-5305,urzeitliche_kolosse,standard,1,1,0,8,3,13,8,32,4,8,2,10,0,0
match-73fee5de-5306,solidaritaet_ueberleben,standard,0,1,1,13,4,18,15,51,30,14,14,15,0,0
match-73fee5de-5306,urzeitliche_kolosse,standard,1,0,0,13,-5,18,16,55,26,15,11,6,0,1
match-fab19520-5307,solidaritaet_ueberleben,standard,0,1,1,8,2,14,9,30,2,8,3,13,0,0
match-fab19520-5307,urzeitliche_kolosse,standard,1,0,0,8,-3,13,8,36,0,7,4,8,0,2
match-81642463-5308,solidaritaet_ueberleben,standard,0,0,1,9,-5,15,10,32,4,9,3,3,0,0
match-81642463-5308,urzeitliche_kolosse,standard,1,1,0,9,7,14,8,34,2,7,4,15,0,2
match-0816d3a6-5309,solidaritaet_ueberleben,standard,0,1,1,7,4,12,8,25,2,7,0,10,0,0
match-0816d3a6-5309,urzeitliche_kolosse,standard,1,0,0,7,0,12,5,23,5,5,3,6,0,0
match-8ec962e8-5310,solidaritaet_ueberleben,standard,0,0,1,4,-1,9,3,9,1,3,1,0,0,0
match-8ec962e8-5310,urzeitliche_kolosse,standard,1,1,0,4,10,8,4,10,0,4,1,11,0,0
match-157c122b-5311,solidaritaet_ueberleben,standard,0,0,1,8,-1,13,7,24,4,7,2,5,0,0
match-157c122b-5311,urzeitliche_kolosse,standard,1,1,0,8,5,14,7,31,5,7,3,11,0,0
match-3104ad45-5312,solidaritaet_ueberleben,standard,0,0,1,10,0,15,13,44,6,12,9,9,0,0
match-3104ad45-5312,urzeitliche_kolosse,standard,1,1,0,10,1,16,13,46,5,13,9,10,0,2
match-b7b75c87-5313,solidaritaet_ueberleben,standard,0,0,1,9,0,15,8,25,11,7,6,1,0,0
match-b7b75c87-5313,urzeitliche_kolosse,standard,1,1,0,9,9,14,9,29,7,8,2,10,0,2
match-3e69ebca-5314,solidaritaet_ueberleben,standard,0,1,1,10,5,14,7,30,20,7,4,11,0,0
match-3e69ebca-5314,urzeitliche_kolosse,standard,1,0,0,10,-1,16,10,45,5,9,3,5,0,0
match-c51c9b0c-5315,solidaritaet_ueberleben,standard,0,1,1,5,6,10,4,14,1,4,1,10,0,0
match-c51c9b0c-5315,urzeitliche_kolosse,standard,1,0,0,5,0,12,4,13,2,3,1,4,0,0
match-4bcf2a4f-5316,solidaritaet_ueberleben,standard,0,1,1,14,1,20,17,60,37,16,14,10,1,0
match-4bcf2a4f-5316,urzeitliche_kolosse,standard,1,0,0,14,0,18,16,60,31,15,13,9,0,3
match-d281d991-5317,solidaritaet_ueberleben,standard,0,0,1,8,-3,14,6,20,8,6,4,5,0,0
match-d281d991-5317,urzeitliche_kolosse,standard,1,1,0,8,5,12,8,34,2,7,1,13,0,1
match-593468d4-5318,solidaritaet_ueberleben,standard,0,1,1,7,4,12,7,24,3,7,5,11,0,0
match-593468d4-5318,urzeitliche_kolosse,standard,1,0,0,7,-1,12,6,24,4,6,2,6,0,0
match-dfe71816-5319,solidaritaet_ueberleben,standard,0,1,1,8,3,12,10,31,1,9,6,10,0,0
match-dfe71816-5319,urzeitliche_kolosse,standard,1,0,0,8,0,13,9,33,3,9,4,7,0,2
match-251baae0-5320,solidaritaet_ueberleben,standard,0,1,1,8,2,12,8,24,4,8,6,14,0,0
match-251baae0-5320,urzeitliche_kolosse,standard,1,0,0,8,-4,15,9,35,1,9,3,8,0,0
match-abce5a22-5321,solidaritaet_ueberleben,standard,0,1,1,7,6,13,8,27,1,8,4,11,0,0
match-abce5a22-5321,urzeitliche_kolosse,standard,1,0,0,7,-1,12,6,24,4,6,3,4,0,1
match-3280e965-5322,solidaritaet_ueberleben,standard,0,0,1,8,-1,13,8,26,2,8,5,6,0,0
match-3280e965-5322,urzeitliche_kolosse,standard,1,1,0,8,4,11,9,33,1,9,4,11,0,0
match-b93398a7-5323,solidaritaet_ueberleben,standard,0,0,1,10,0,15,12,43,9,11,6,0,0,0
match-b93398a7-5323,urzeitliche_kolosse,standard,1,1,0,10,10,15,11,45,4,10,7,10,0,3
match-3fe627ea-5324,solidaritaet_ueberleben,standard,0,1,1,8,3,13,8,27,1,7,5,11,0,0
match-3fe627ea-5324,urzeitliche_kolosse,standard,1,0,0,8,-1,11,7,33,2,7,3,7,0,1
match-c698d72c-5325,solidaritaet_ueberleben,standard,0,1,1,8,2,15,10,34,2,10,5,14,0,0
match-c698d72c-5325,urzeitliche_kolosse,standard,1,0,0,8,-4,13,10,33,1,9,6,8,0,0
match-4d4b666f-5326,solidaritaet_ueberleben,standard,0,0,1,6,-2,11,5,20,1,5,2,3,0,0
match-4d4b666f-5326,urzeitliche_kolosse,standard,1,1,0,6,7,12,5,20,1,5,2,12,0,1
match-d3fe15b1-5327,solidaritaet_ueberleben,standard,0,0,1,5,0,10,5,15,0,4,1,0,0,0
match-d3fe15b1-5327,urzeitliche_kolosse,standard,1,1,0,5,10,11,5,15,0,4,2,10,0,0
match-ef86b0cb-5328,solidaritaet_ueberleben,standard,0,0,1,8,-1,12,9,33,3,9,3,0,0,0
match-ef86b0cb-5328,urzeitliche_kolosse,standard,1,1,0,8,10,13,8,30,2,8,4,11,0,1
match-7639400e-5329,solidaritaet_ueberleben,standard,0,1,1,9,2,16,10,37,3,9,5,13,0,0
match-7639400e-5329,urzeitliche_kolosse,standard,1,0,0,9,-3,12,11,33,7,10,4,8,0,1
match-fcebef50-5330,solidaritaet_ueberleben,standard,0,1,1,9,3,13,9,28,10,9,3,11,0,0
match-fcebef50-5330,urzeitliche_kolosse,standard,1,0,0,9,-1,15,8,42,3,8,6,7,0,3
match-839e9e93-5331,solidaritaet_ueberleben,standard,0,0,1,10,-4,14,9,28,17,9,8,3,0,0
match-839e9e93-5331,urzeitliche_kolosse,standard,1,1,0,10,7,15,12,47,2,12,5,14,0,1
match-0a512dd6-5332,solidaritaet_ueberleben,standard,0,0,1,8,0,11,8,30,2,7,5,4,0,0
match-0a512dd6-5332,urzeitliche_kolosse,standard,1,1,0,8,6,14,8,32,4,8,2,10,0,0
match-9103dd18-5333,solidaritaet_ueberleben,standard,0,1,1,7,3,12,6,24,1,6,4,12,0,0
match-9103dd18-5333,urzeitliche_kolosse,standard,1,0,0,7,-2,11,8,28,0,7,2,7,0,0
match-17b66c5b-5334,solidaritaet_ueberleben,standard,0,0,1,8,-2,14,9,31,1,9,1,4,0,0
match-17b66c5b-5334,urzeitliche_kolosse,standard,1,1,0,8,6,14,7,34,2,6,7,12,0,2
match-9e691b9d-5335,solidaritaet_ueberleben,standard,0,0,1,8,-1,12,10,34,0,10,2,5,0,0
match-9e691b9d-5335,urzeitliche_kolosse,standard,1,1,0,8,5,14,7,27,1,7,8,11,0,2
match-9045bf08-5336,solidaritaet_ueberleben,standard,0,1,1,8,5,13,7,26,2,7,2,10,0,0
match-9045bf08-5336,urzeitliche_kolosse,standard,1,0,0,8,0,13,7,24,4,7,2,5,0,0
match-16f84e4b-5337,solidaritaet_ueberleben,standard,0,1,1,9,1,13,13,41,3,12,7,12,0,0
match-16f84e4b-5337,urzeitliche_kolosse,standard,1,0,0,9,-2,15,10,34,3,10,10,9,0,0
match-9daafd8d-5338,solidaritaet_ueberleben,standard,0,0,1,9,-4,15,11,38,4,11,6,6,0,0
match-9daafd8d-5338,urzeitliche_kolosse,standard,1,1,0,9,4,15,10,42,3,9,6,14,0,3
match-245d8cd0-5339,solidaritaet_ueberleben,standard,0,,1,16,0,21,19,63,63,18,11,7,0,0
match-245d8cd0-5339,urzeitliche_kolosse,standard,1,,0,16,0,22,17,70,58,16,16,7,0,2
match-ab103c12-5340,solidaritaet_ueberleben,standard,0,0,1,4,0,8,4,9,0,4,1,1,0,0
match-ab103c12-5340,urzeitliche_kolosse,standard,1,1,0,4,9,10,4,10,0,3,2,10,0,0
match-31c2cb55-5341,solidaritaet_ueberleben,standard,0,1,1,11,7,15,13,45,17,12,6,10,0,0
match-31c2cb55-5341,urzeitliche_kolosse,standard,1,0,0,11,0,17,11,43,15,11,8,3,0,0
match-b8757a97-5342,solidaritaet_ueberleben,standard,0,1,1,11,6,17,13,51,11,12,11,15,0,0
match-b8757a97-5342,urzeitliche_kolosse,standard,1,0,0,11,-5,16,14,46,13,13,8,4,0,0
match-3f2809da-5343,solidaritaet_ueberleben,standard,0,0,1,14,-1,18,17,60,34,16,13,8,0,0
match-3f2809da-5343,urzeitliche_kolosse,standard,1,1,0,14,2,20,17,60,35,16,15,11,0,4
match-5ab0a4f4-5344,solidaritaet_ueberleben,standard,0,,1,15,0,20,16,54,55,15,9,9,0,0
match-5ab0a4f4-5344,urzeitliche_kolosse,standard,1,,0,15,0,18,14,52,53,13,15,9,0,2
match-e1635436-5345,solidaritaet_ueberleben,standard,0,1,1,7,2,12,7,24,1,6,5,10,0,0
match-e1635436-5345,urzeitliche_kolosse,standard,1,0,0,7,0,12,8,27,1,8,3,8,0,2
match-6815e379-5346,solidaritaet_ueberleben,standard,0,0,1,10,-1,14,12,40,14,11,6,3,0,0
match-6815e379-5346,urzeitliche_kolosse,standard,1,1,0,10,7,15,11,38,9,10,7,11,0,1
match-eec892bb-5347,solidaritaet_ueberleben,standard,0,1,1,8,6,13,9,31,1,8,2,10,0,0
match-eec892bb-5347,urzeitliche_kolosse,standard,1,0,0,8,0,14,8,30,1,7,3,4,0,0
match-757b21fe-5348,solidaritaet_ueberleben,standard,0,0,1,7,-2,11,7,25,2,7,3,7,0,0
match-757b21fe-5348,urzeitliche_kolosse,standard,1,1,0,7,3,12,8,24,4,7,2,12,0,0
match-fc2dd140-5349,solidaritaet_ueberleben,standard,0,0,1,15,0,21,19,64,51,18,14,9,0,0
match-fc2dd140-5349,urzeitliche_kolosse,standard,1,1,0,15,1,21,18,68,42,17,15,10,0,0
match-82e06083-5350,solidaritaet_ueberleben,standard,0,1,1,11,4,16,13,48,15,12,9,12,0,0
match-82e06083-5350,urzeitliche_kolosse,standard,1,0,0,11,-2,16,14,60,3,14,8,6,0,1
match-09930fc6-5351,solidaritaet_ueberleben,standard,0,0,1,8,-2,14,9,31,4,9,3,7,0,0
match-09930fc6-5351,urzeitliche_kolosse,standard,1,1,0,8,3,14,7,33,3,7,5,12,0,1
match-4ec7a28f-5352,solidaritaet_ueberleben,standard,0,0,1,10,0,15,10,35,16,9,5,6,0,0
match-4ec7a28f-5352,urzeitliche_kolosse,standard,1,1,0,10,4,14,11,43,11,10,4,10,0,0
match-d57a51d1-5353,solidaritaet_ueberleben,standard,0,0,1,10,-1,15,11,40,8,10,9,9,0,0
match-d57a51d1-5353,urzeitliche_kolosse,standard,1,1,0,10,1,15,13,43,6,12,5,11,0,0
match-5c2ce114-5354,solidaritaet_ueberleben,standard,0,0,1,9,-1,16,11,36,0,10,4,4,1,0
match-5c2ce114-5354,urzeitliche_kolosse,standard,1,1,0,9,6,15,7,27,9,7,6,11,0,3
match-e2df9056-5355,solidaritaet_ueberleben,standard,0,1,1,7,4,11,8,24,3,8,4,12,0,0
match-e2df9056-5355,urzeitliche_kolosse,standard,1,0,0,7,-2,13,6,24,4,6,5,6,0,1
match-69923f99-5356,solidaritaet_ueberleben,standard,0,1,1,11,1,16,12,42,18,11,4,11,1,0
match-69923f99-5356,urzeitliche_kolosse,standard,1,0,0,11,-1,16,9,40,15,8,7,9,0,1
match-f044cedb-5357,solidaritaet_ueberleben,standard,0,0,1,16,-2,22,11,42,78,10,5,6,0,0
match-f044cedb-5357,urzeitliche_kolosse,standard,1,1,0,16,3,21,11,49,71,10,5,11,0,0
match-76f77e1e-5358,solidaritaet_ueberleben,standard,0,1,1,9,3,14,8,30,6,7,4,11,0,0
match-76f77e1e-5358,urzeitliche_kolosse,standard,1,0,0,9,-1,13,9,35,9,8,2,7,0,0
match-fdaa0d60-5359,solidaritaet_ueberleben,standard,0,0,1,9,0,14,9,28,8,8,4,7,0,0
match-fdaa0d60-5359,urzeitliche_kolosse,standard,1,1,0,9,3,15,10,38,4,9,3,10,0,0
match-1932a87b-5360,solidaritaet_ueberleben,standard,0,1,1,13,4,18,16,57,28,15,10,10,0,0
match-1932a87b-5360,urzeitliche_kolosse,standard,1,0,0,13,0,18,16,55,26,15,11,6,0,1
match-9fe557bd-5361,solidaritaet_ueberleben,standard,0,0,1,8,0,12,11,30,2,10,4,1,0,0
match-9fe557bd-5361,urzeitliche_kolosse,standard,1,1,0,8,9,11,9,34,2,8,7,10,0,0
match-2697e700-5362,solidaritaet_ueberleben,standard,0,0,1,12,0,16,12,42,24,11,6,7,0,0
match-2697e700-5362,urzeitliche_kolosse,standard,1,1,0,12,3,18,12,53,18,11,8,10,0,0
match-ad4a9642-5363,solidaritaet_ueberleben,standard,0,0,1,11,-1,16,11,41,14,10,10,9,0,0
match-ad4a9642-5363,urzeitliche_kolosse,standard,1,1,0,11,1,15,13,55,5,12,8,11,0,0
match-33fd2585-5364,solidaritaet_ueberleben,standard,0,1,1,9,1,15,11,40,2,10,6,13,0,0
match-33fd2585-5364,urzeitliche_kolosse,standard,1,0,0,9,-3,15,9,31,5,8,9,9,0,1
match-baafd4c7-5365,solidaritaet_ueberleben,standard,0,0,1,6,-2,10,7,20,1,6,3,7,0,0
match-baafd4c7-5365,urzeitliche_kolosse,standard,1,1,0,6,3,10,7,17,1,6,5,12,0,0
match-4162640a-5366,solidaritaet_ueberleben,standard,0,1,1,15,2,21,18,62,49,17,14,11,0,0
match-4162640a-5366,urzeitliche_kolosse,standard,1,0,0,15,-1,22,18,67,42,17,14,8,0,0
match-c815134c-5367,solidaritaet_ueberleben,standard,0,0,1,12,-2,17,16,54,14,15,6,7,0,0
match-c815134c-5367,urzeitliche_kolosse,standard,1,1,0,12,3,17,12,51,24,11,14,12,0,3
match-b9f1b6b7-5368,solidaritaet_ueberleben,standard,0,1,1,9,3,14,10,37,5,9,4,11,0,0
match-b9f1b6b7-5368,urzeitliche_kolosse,standard,1,0,0,9,-1,14,10,32,11,9,5,7,0,0
match-40a445fa-5369,solidaritaet_ueberleben,standard,0,0,1,8,-1,14,9,32,2,8,2,6,0,0
match-40a445fa-5369,urzeitliche_kolosse,standard,1,1,0,8,4,13,7,28,3,6,6,11,0,2
match-c756f53c-5370,solidaritaet_ueberleben,standard,0,0,1,9,-3,14,11,33,11,10,3,5,0,0
match-c756f53c-5370,urzeitliche_kolosse,standard,1,1,0,9,5,15,8,34,5,8,9,13,0,2
match-4e09847f-5371,solidaritaet_ueberleben,standard,0,0,1,8,-1,12,10,32,1,9,6,3,0,0
match-4e09847f-5371,urzeitliche_kolosse,standard,1,1,0,8,7,12,10,34,2,9,5,11,0,0
match-d4bc33c1-5372,solidaritaet_ueberleben,standard,0,0,1,16,-2,21,11,47,73,10,10,7,0,0
match-d4bc33c1-5372,urzeitliche_kolosse,standard,1,1,0,16,2,22,16,64,56,15,6,11,0,1
match-5b6ec304-5373,solidaritaet_ueberleben,standard,0,1,1,8,2,15,8,31,3,8,1,10,0,0
match-5b6ec304-5373,urzeitliche_kolosse,standard,1,0,0,8,0,14,6,30,6,6,6,8,0,1
match-e2217246-5374,solidaritaet_ueberleben,standard,0,1,1,8,1,14,8,29,1,7,6,15,0,0
match-e2217246-5374,urzeitliche_kolosse,standard,1,0,0,8,-5,12,10,35,1,9,2,9,0,2
match-68d40189-5375,solidaritaet_ueberleben,standard,0,1,1,7,2,12,6,25,2,5,6,10,0,0
match-68d40189-5375,urzeitliche_kolosse,standard,1,0,0,7,0,13,7,25,3,7,1,8,0,1
match-845cbca3-5376,solidaritaet_ueberleben,standard,0,1,1,9,6,14,11,36,6,10,7,10,0,0
match-845cbca3-5376,urzeitliche_kolosse,standard,1,0,0,9,0,15,11,41,4,10,7,4,0,0
match-0b0f4be6-5377,solidaritaet_ueberleben,standard,0,0,1,5,0,9,6,15,0,6,1,2,0,0
match-0b0f4be6-5377,urzeitliche_kolosse,standard,1,1,0,5,8,10,4,12,3,4,2,10,0,0
match-91c1fb28-5378,solidaritaet_ueberleben,standard,0,1,1,10,3,16,10,40,8,9,10,13,0,0
match-91c1fb28-5378,urzeitliche_kolosse,standard,1,0,0,10,-3,15,13,41,8,12,5,7,0,1
match-18748a6b-5379,solidaritaet_ueberleben,standard,0,0,1,8,0,12,9,31,5,8,2,3,0,0
match-18748a6b-5379,urzeitliche_kolosse,standard,1,1,0,8,7,14,6,31,5,6,4,10,0,2
match-9f2739ad-5380,solidaritaet_ueberleben,standard,0,0,1,8,-3,12,7,22,6,6,3,3,0,0
match-9f2739ad-5380,urzeitliche_kolosse,standard,1,1,0,8,7,13,7,34,2,7,2,13,0,3
match-25d9c8f0-5381,solidaritaet_ueberleben,standard,0,1,1,9,3,13,10,35,7,10,2,15,0,0
match-25d9c8f0-5381,urzeitliche_kolosse,standard,1,0,0,9,-5,14,8,40,4,7,6,7,0,4
match-ac8c7832-5382,solidaritaet_ueberleben,standard,0,0,1,5,-2,11,5,14,1,5,1,1,0,0
match-ac8c7832-5382,urzeitliche_kolosse,standard,1,1,0,5,9,9,5,15,0,5,1,12,0,0
match-333f0775-5383,solidaritaet_ueberleben,standard,0,1,1,14,2,18,16,58,36,15,10,13,0,0
match-333f0775-5383,urzeitliche_kolosse,standard,1,0,0,14,-3,20,16,63,28,15,13,8,0,2
match-2b13bcc5-5384,solidaritaet_ueberleben,standard,0,1,1,6,3,11,5,19,2,5,2,12,0,0
match-2b13bcc5-5384,urzeitliche_kolosse,standard,1,0,0,6,-2,12,4,15,5,4,1,7,0,1
match-b1c64c07-5385,solidaritaet_ueberleben,standard,0,0,1,6,0,12,7,21,0,7,0,4,0,0
match-b1c64c07-5385,urzeitliche_kolosse,standard,1,1,0,6,6,12,4,18,3,4,4,10,0,1
match-3878fb4a-5386,solidaritaet_ueberleben,standard,0,0,1,10,0,15,11,41,7,10,6,9,0,0
match-3878fb4a-5386,urzeitliche_kolosse,standard,1,1,0,10,1,16,11,49,5,11,5,10,0,0
match-bf2b8a8c-5387,solidaritaet_ueberleben,standard,0,1,1,16,1,22,10,39,81,9,7,7,0,0
match-bf2b8a8c-5387,urzeitliche_kolosse,standard,1,0,0,16,0,21,12,46,74,11,5,6,0,0
match-45de39cf-5388,solidaritaet_ueberleben,standard,0,0,1,9,-2,13,12,34,10,11,2,3,0,0
match-45de39cf-5388,urzeitliche_kolosse,standard,1,1,0,9,7,16,7,35,1,7,9,12,0,3
match-cc90c911-5389,solidaritaet_ueberleben,standard,0,0,1,9,-3,15,10,31,9,9,4,4,0,0
match-cc90c911-5389,urzeitliche_kolosse,standard,1,1,0,9,6,14,10,38,2,9,5,13,0,0
match-53437854-5390,solidaritaet_ueberleben,standard,0,0,1,3,-1,8,2,5,1,2,0,1,0,0
match-53437854-5390,urzeitliche_kolosse,standard,1,1,0,3,9,6,3,6,0,2,0,11,0,0
match-d9f60796-5391,solidaritaet_ueberleben,standard,0,0,1,11,0,14,13,45,17,12,11,7,0,0
match-d9f60796-5391,urzeitliche_kolosse,standard,1,1,0,11,3,16,14,51,10,13,7,10,0,0
match-f57ea2b0-5392,solidaritaet_ueberleben,standard,0,1,1,8,4,12,10,29,1,10,7,13,0,0
match-f57ea2b0-5392,urzeitliche_kolosse,standard,1,0,0,8,-3,13,9,33,2,9,7,6,0,0
match-7c3151f3-5393,solidaritaet_ueberleben,standard,0,0,1,10,-2,15,11,39,6,10,5,5,0,0
match-7c3151f3-5393,urzeitliche_kolosse,standard,1,1,0,10,5,16,10,43,6,9,5,12,0,1
match-02e3e136-5394,solidaritaet_ueberleben,standard,0,0,1,8,0,14,8,25,3,8,5,4,0,0
match-02e3e136-5394,urzeitliche_kolosse,standard,1,1,0,8,6,12,7,33,3,7,3,10,0,2
match-89969078-5395,solidaritaet_ueberleben,standard,0,1,1,12,6,18,9,38,32,9,7,11,0,0
match-89969078-5395,urzeitliche_kolosse,standard,1,0,0,12,-1,18,12,47,24,11,6,4,0,1
match-10493fbb-5396,solidaritaet_ueberleben,standard,0,1,1,13,7,17,13,44,39,13,11,10,0,0
match-10493fbb-5396,urzeitliche_kolosse,standard,1,0,0,13,0,19,16,63,17,15,9,3,0,3
match-96fbcefd-5397,solidaritaet_ueberleben,standard,0,0,1,10,-1,14,13,43,5,12,5,6,0,0
match-96fbcefd-5397,urzeitliche_kolosse,standard,1,1,0,10,4,15,9,39,6,9,10,11,0,1
match-1dae7e40-5398,solidaritaet_ueberleben,standard,0,1,1,7,5,12,7,25,0,7,7,10,0,0
match-1dae7e40-5398,urzeitliche_kolosse,standard,1,0,0,7,0,12,8,24,4,8,3,5,0,0
match-a4610d82-5399,solidaritaet_ueberleben,standard,0,0,1,9,0,14,11,36,2,11,5,3,0,0
match-a4610d82-5399,urzeitliche_kolosse,standard,1,1,0,9,7,13,9,34,4,8,8,10,0,0
match-963db0ed-5400,solidaritaet_ueberleben,standard,0,0,1,12,0,18,12,49,21,11,4,7,0,0
match-963db0ed-5400,urzeitliche_kolosse,standard,1,1,0,12,3,17,10,44,30,9,6,10,0,5
match-1cf04030-5401,solidaritaet_ueberleben,standard,0,1,1,8,1,13,9,30,2,9,7,11,0,0
match-1cf04030-5401,urzeitliche_kolosse,standard,1,0,0,8,-1,13,10,29,4,9,5,9,0,0
match-a3a2ef72-5402,solidaritaet_ueberleben,standard,0,1,1,8,2,12,9,32,2,9,3,10,0,0
match-a3a2ef72-5402,urzeitliche_kolosse,standard,1,0,0,8,0,13,8,29,2,8,6,8,0,0
match-2a559eb5-5403,solidaritaet_ueberleben,standard,0,1,1,15,4,18,13,46,70,12,15,14,1,0
match-2a559eb5-5403,urzeitliche_kolosse,standard,1,0,0,15,-4,20,18,71,37,17,8,6,0,0
match-b1082df7-5404,solidaritaet_ueberleben,standard,0,1,1,8,5,13,7,30,2,7,4,11,0,0
match-b1082df7-5404,urzeitliche_kolosse,standard,1,0,0,8,-1,14,7,28,8,7,3,5,0,1
match-37badd3a-5405,solidaritaet_ueberleben,standard,0,0,1,14,-1,19,15,49,42,14,10,6,0,0
match-37badd3a-5405,urzeitliche_kolosse,standard,1,1,0,14,4,21,16,57,34,15,11,11,0,2
match-be6d6c7c-5406,solidaritaet_ueberleben,standard,0,,1,11,-2,16,10,35,20,9,5,10,0,0
match-be6d6c7c-5406,urzeitliche_kolosse,standard,1,,0,11,0,15,10,35,20,9,5,12,0,0
match-45201bbf-5407,solidaritaet_ueberleben,standard,0,1,1,7,10,13,8,27,1,8,2,10,0,0
match-45201bbf-5407,urzeitliche_kolosse,standard,1,0,0,7,0,12,7,24,4,6,4,0,0,0
match-60a8b6d9-5408,solidaritaet_ueberleben,standard,0,0,1,8,-1,11,10,31,2,10,4,3,0,0
match-60a8b6d9-5408,urzeitliche_kolosse,standard,1,1,0,8,7,13,8,33,3,7,7,11,0,2
match-e75b461b-5409,solidaritaet_ueberleben,standard,0,0,1,5,0,9,4,14,1,4,1,1,0,0
match-e75b461b-5409,urzeitliche_kolosse,standard,1,1,0,5,9,11,5,13,2,4,0,10,0,0
match-6e0df55e-5410,solidaritaet_ueberleben,standard,0,0,1,15,0,21,19,62,46,18,13,3,0,0
match-6e0df55e-5410,urzeitliche_kolosse,standard,1,1,0,15,6,21,15,54,54,14,16,9,0,3
match-f4c084a0-5411,solidaritaet_ueberleben,standard,0,0,1,11,0,18,10,42,19,9,6,6,0,0
match-f4c084a0-5411,urzeitliche_kolosse,standard,1,1,0,11,4,16,12,48,7,11,4,10,0,0
match-7b7333e3-5412,solidaritaet_ueberleben,standard,0,1,1,8,2,13,9,29,2,9,6,12,0,0
match-7b7333e3-5412,urzeitliche_kolosse,standard,1,0,0,8,-2,13,9,31,5,9,7,8,0,0
match-0225c326-5413,solidaritaet_ueberleben,standard,0,0,1,7,-2,11,8,24,3,8,1,4,0,0
match-0225c326-5413,urzeitliche_kolosse,standard,1,1,0,7,6,12,6,25,3,5,5,12,0,0
match-88d87268-5414,solidaritaet_ueberleben,standard,0,1,1,13,1,19,17,56,26,16,8,10,0,0
match-88d87268-5414,urzeitliche_kolosse,standard,1,0,0,13,0,19,14,57,25,13,15,9,0,2
match-0f8b01ab-5415,solidaritaet_ueberleben,standard,0,1,1,8,1,13,9,30,3,9,6,13,0,0
match-0f8b01ab-5415,urzeitliche_kolosse,standard,1,0,0,8,-3,11,8,29,7,8,5,9,0,0
match-54bfb474-5416,solidaritaet_ueberleben,standard,0,1,1,10,3,14,7,27,18,7,8,12,0,0
match-54bfb474-5416,urzeitliche_kolosse,standard,1,0,0,10,-2,16,10,51,4,10,3,7,0,1
match-db7243b6-5417,solidaritaet_ueberleben,standard,0,0,1,6,-1,11,6,20,1,5,3,0,0,0
match-db7243b6-5417,urzeitliche_kolosse,standard,1,1,0,6,10,10,7,20,1,7,3,11,0,0
match-6224f2f9-5418,solidaritaet_ueberleben,standard,0,0,1,16,-1,22,19,64,57,19,15,5,0,0
match-6224f2f9-5418,urzeitliche_kolosse,standard,1,1,0,16,2,22,19,74,48,18,19,8,0,2
match-e8d7823b-5419,solidaritaet_ueberleben,standard,0,1,1,9,4,14,11,37,3,10,8,10,0,0
match-e8d7823b-5419,urzeitliche_kolosse,standard,1,0,0,9,0,14,11,42,3,11,7,6,0,3
match-6f8a317e-5420,solidaritaet_ueberleben,standard,0,1,1,9,5,13,8,33,3,8,9,11,0,0
match-6f8a317e-5420,urzeitliche_kolosse,standard,1,0,0,9,-1,14,11,40,4,11,4,5,0,1
match-f63cc0c0-5421,solidaritaet_ueberleben,standard,0,0,1,5,0,11,4,14,1,3,1,0,0,0
match-f63cc0c0-5421,urzeitliche_kolosse,standard,1,1,0,5,10,9,5,14,1,4,1,10,0,0
match-7cef7003-5422,solidaritaet_ueberleben,standard,0,0,1,14,-2,20,13,50,41,13,9,6,0,0
match-7cef7003-5422,urzeitliche_kolosse,standard,1,1,0,14,4,20,14,56,35,13,11,12,0,1
match-03a21f46-5423,solidaritaet_ueberleben,standard,0,0,1,8,0,11,9,29,1,8,4,6,0,0
match-03a21f46-5423,urzeitliche_kolosse,standard,1,1,0,8,4,13,8,32,1,8,4,10,0,1
match-1f2aba60-5424,solidaritaet_ueberleben,standard,0,0,1,16,0,22,20,68,57,19,12,8,1,0
match-1f2aba60-5424,urzeitliche_kolosse,standard,1,1,0,16,1,21,18,69,54,17,19,9,0,1
match-a5dd49a2-5425,solidaritaet_ueberleben,standard,0,0,1,10,0,15,10,35,10,9,5,5,0,0
match-a5dd49a2-5425,urzeitliche_kolosse,standard,1,1,0,10,5,15,10,46,7,10,6,10,0,2
match-2c8ff8e5-5426,solidaritaet_ueberleben,standard,0,0,1,10,-1,15,8,23,22,8,4,3,2,0
match-2c8ff8e5-5426,urzeitliche_kolosse,standard,1,1,0,10,7,16,9,33,12,9,3,11,0,0
match-b3428827-5427,solidaritaet_ueberleben,standard,0,1,1,9,10,14,9,35,5,9,4,12,0,0
match-b3428827-5427,urzeitliche_kolosse,standard,1,0,0,9,-2,15,8,34,9,8,4,0,0,0
match-39f5376a-5428,solidaritaet_ueberleben,standard,0,1,1,8,3,13,9,31,1,9,4,12,0,0
match-39f5376a-5428,urzeitliche_kolosse,standard,1,0,0,8,-2,13,9,35,1,8,6,7,0,0
match-c0a7c6ac-5429,solidaritaet_ueberleben,standard,0,1,1,12,2,18,15,54,14,14,11,11,0,0
match-c0a7c6ac-5429,urzeitliche_kolosse,standard,1,0,0,12,-1,18,15,51,20,14,11,8,0,1
match-475a75ef-5430,solidaritaet_ueberleben,standard,0,0,1,9,-1,15,8,31,8,7,5,0,0,0
match-475a75ef-5430,urzeitliche_kolosse,standard,1,1,0,9,10,13,10,38,2,10,3,11,0,1
match-ce0d0531-5431,solidaritaet_ueberleben,standard,0,0,1,9,-1,14,10,36,6,9,6,2,0,0
match-ce0d0531-5431,urzeitliche_kolosse,standard,1,1,0,9,8,14,8,41,3,8,5,11,0,0
match-bfe9a89c-5432,solidaritaet_ueberleben,standard,0,0,1,15,0,20,12,47,58,11,10,7,0,0
match-bfe9a89c-5432,urzeitliche_kolosse,standard,1,1,0,15,2,20,15,64,48,14,6,9,0,1
match-469c57df-5433,solidaritaet_ueberleben,standard,0,1,1,7,7,11,8,26,1,7,2,10,0,0
match-469c57df-5433,urzeitliche_kolosse,standard,1,0,0,7,0,13,6,24,4,6,4,3,0,0
match-cd4ee721-5434,solidaritaet_ueberleben,standard,0,1,1,13,6,18,17,56,28,16,7,10,0,0
match-cd4ee721-5434,urzeitliche_kolosse,standard,1,0,0,13,0,18,11,52,26,11,12,4,0,0
match-54019664-5435,solidaritaet_ueberleben,standard,0,,1,17,-2,22,20,68,68,19,17,6,0,0
match-54019664-5435,urzeitliche_kolosse,standard,1,,0,17,-2,22,20,78,65,19,15,6,0,0
match-dab425a6-5436,solidaritaet_ueberleben,standard,0,0,1,11,0,15,11,43,12,10,7,8,0,0
match-dab425a6-5436,urzeitliche_kolosse,standard,1,1,0,11,2,15,10,41,14,9,5,10,0,3
match-6166d4e9-5437,solidaritaet_ueberleben,standard,0,1,1,8,3,12,8,31,2,7,4,14,0,0
match-6166d4e9-5437,urzeitliche_kolosse,standard,1,0,0,8,-4,13,9,33,3,8,3,7,0,0
match-e819642b-5438,solidaritaet_ueberleben,standard,0,0,1,14,-2,20,18,57,37,17,12,1,0,0
match-e819642b-5438,urzeitliche_kolosse,standard,1,1,0,14,9,19,17,65,30,16,16,12,0,1
match-6ecc136e-5439,solidaritaet_ueberleben,standard,0,1,1,9,5,13,8,27,9,7,6,11,0,0
match-6ecc136e-5439,urzeitliche_kolosse,standard,1,0,0,9,-1,13,10,43,0,9,3,5,0,1
match-8a54ae88-5440,solidaritaet_ueberleben,standard,0,0,1,5,0,9,4,13,2,4,1,5,0,0
match-8a54ae88-5440,urzeitliche_kolosse,standard,1,1,0,5,5,12,4,12,3,3,0,10,0,0
match-11075dcb-5441,solidaritaet_ueberleben,standard,0,1,1,9,6,12,11,39,5,10,6,15,0,0
match-11075dcb-5441,urzeitliche_kolosse,standard,1,0,0,9,-5,15,10,41,3,10,6,4,0,0
match-97b9ed0d-5442,solidaritaet_ueberleben,standard,0,1,1,13,2,17,16,52,28,15,11,11,0,0
match-97b9ed0d-5442,urzeitliche_kolosse,standard,1,0,0,13,-1,18,16,58,24,15,14,8,0,3
match-1e6c9c50-5443,solidaritaet_ueberleben,standard,0,0,1,16,-1,20,16,59,61,15,9,6,0,0
match-1e6c9c50-5443,urzeitliche_kolosse,standard,1,1,0,16,1,21,13,56,64,12,12,8,0,0
match-a51f2b92-5444,solidaritaet_ueberleben,standard,0,0,1,10,0,14,12,38,11,12,3,5,0,0
match-a51f2b92-5444,urzeitliche_kolosse,standard,1,1,0,10,5,16,8,39,6,8,8,10,0,3
match-2bd1dad5-5445,solidaritaet_ueberleben,standard,0,0,1,12,-1,16,16,50,19,15,7,9,1,0
match-2bd1dad5-5445,urzeitliche_kolosse,standard,1,1,0,12,1,18,13,51,17,12,15,11,0,0
match-b2846a17-5446,solidaritaet_ueberleben,standard,0,1,1,9,3,15,12,37,3,12,7,12,0,0
match-b2846a17-5446,urzeitliche_kolosse,standard,1,0,0,9,-2,14,12,41,1,11,9,7,0,0
match-3937195a-5447,solidaritaet_ueberleben,standard,0,1,1,8,6,13,9,32,1,9,5,11,0,0
match-3937195a-5447,urzeitliche_kolosse,standard,1,0,0,8,-1,13,9,33,3,8,6,4,0,0
match-7e6bac23-5448,solidaritaet_ueberleben,standard,0,1,1,11,3,17,11,43,19,10,5,13,0,0
match-7e6bac23-5448,urzeitliche_kolosse,standard,1,0,0,11,-3,16,11,47,11,10,7,7,0,3
match-051e5b66-5449,solidaritaet_ueberleben,standard,0,0,1,15,0,20,17,60,56,16,11,6,3,0
match-051e5b66-5449,urzeitliche_kolosse,standard,1,1,0,15,3,20,17,67,38,16,13,9,0,7
match-8bd0eaa8-5450,solidaritaet_ueberleben,standard,0,0,1,12,0,17,14,56,14,13,11,6,0,0
match-8bd0eaa8-5450,urzeitliche_kolosse,standard,1,1,0,12,4,18,15,59,15,15,10,10,0,1
match-128399eb-5451,solidaritaet_ueberleben,standard,0,0,1,9,0,14,9,28,8,8,6,0,0,0
match-128399eb-5451,urzeitliche_kolosse,standard,1,1,0,9,10,14,8,32,4,8,5,10,0,2
match-9936292d-5452,solidaritaet_ueberleben,standard,0,1,1,13,5,18,15,55,29,14,14,11,0,0
match-9936292d-5452,urzeitliche_kolosse,standard,1,0,0,13,-1,18,16,57,24,16,11,5,0,3
match-1fe8d870-5453,solidaritaet_ueberleben,standard,0,1,1,12,1,17,12,45,21,11,7,14,0,0
match-1fe8d870-5453,urzeitliche_kolosse,standard,1,0,0,12,-4,17,13,55,18,12,6,9,0,1
match-a69b67b2-5454,solidaritaet_ueberleben,standard,0,0,1,5,0,11,4,13,2,4,1,0,0,0
match-a69b67b2-5454,urzeitliche_kolosse,standard,1,1,0,5,10,10,5,15,0,5,3,10,0,0
match-2d4e16f5-5455,solidaritaet_ueberleben,standard,0,0,1,9,0,13,7,24,12,6,4,2,0,0
match-2d4e16f5-5455,urzeitliche_kolosse,standard,1,1,0,9,8,13,9,33,3,8,1,10,0,1
match-48d6b20f-5456,solidaritaet_ueberleben,standard,0,0,1,8,-1,14,6,26,2,5,3,4,0,0
match-48d6b20f-5456,urzeitliche_kolosse,standard,1,1,0,8,6,14,8,28,0,7,4,11,0,0
match-cf894151-5457,solidaritaet_ueberleben,standard,0,1,1,9,3,13,10,33,6,9,5,10,0,0
match-cf894151-5457,urzeitliche_kolosse,standard,1,0,0,9,0,14,9,31,8,9,6,7,0,0
match-563bf094-5458,solidaritaet_ueberleben,standard,0,1,1,8,2,14,7,27,1,7,6,13,0,0
match-563bf094-5458,urzeitliche_kolosse,standard,1,0,0,8,-3,13,10,32,2,9,2,8,0,2
match-dcee9fd6-5459,solidaritaet_ueberleben,standard,0,0,1,13,0,17,16,59,22,15,12,9,0,0
match-dcee9fd6-5459,urzeitliche_kolosse,standard,1,1,0,13,1,18,16,62,20,16,15,10,0,2
match-63a12f19-5460,solidaritaet_ueberleben,standard,0,0,1,11,-1,16,12,41,14,11,9,7,0,0
match-63a12f19-5460,urzeitliche_kolosse,standard,1,1,0,11,3,15,12,42,13,11,7,11,0,5
match-ea53de5b-5461,solidaritaet_ueberleben,standard,0,1,1,8,4,12,9,33,1,8,5,13,0,0
match-ea53de5b-5461,urzeitliche_kolosse,standard,1,0,0,8,-3,14,9,33,3,9,5,6,0,0
match-71066d9e-5462,solidaritaet_ueberleben,standard,0,0,1,6,-2,9,5,20,1,4,2,0,0,0
match-71066d9e-5462,urzeitliche_kolosse,standard,1,1,0,6,10,11,7,20,1,6,1,12,0,1
match-f7b91ce0-5463,solidaritaet_ueberleben,standard,0,1,1,10,5,14,7,31,14,7,7,12,0,0
match-f7b91ce0-5463,urzeitliche_kolosse,standard,1,0,0,10,-2,15,12,38,14,11,3,5,0,0
match-e995a04b-5464,solidaritaet_ueberleben,standard,0,1,1,15,1,19,8,30,75,7,4,10,3,0
match-e995a04b-5464,urzeitliche_kolosse,standard,1,0,0,15,0,21,10,39,74,9,2,9,0,2
match-70484f8e-5465,solidaritaet_ueberleben,standard,0,1,1,7,5,13,7,27,1,7,5,10,0,0
match-70484f8e-5465,urzeitliche_kolosse,standard,1,0,0,7,0,13,9,25,2,9,3,5,0,0
match-f6fafed0-5466,solidaritaet_ueberleben,standard,0,0,1,8,-1,12,9,29,1,9,6,9,0,0
match-f6fafed0-5466,urzeitliche_kolosse,standard,1,1,0,8,1,14,9,29,6,9,5,11,0,0
match-7dad8e13-5467,solidaritaet_ueberleben,standard,0,1,1,7,5,13,7,27,1,7,3,10,0,0
match-7dad8e13-5467,urzeitliche_kolosse,standard,1,0,0,7,0,13,7,22,6,7,3,5,0,0
match-04603d56-5468,solidaritaet_ueberleben,standard,0,1,1,9,3,15,11,41,3,10,8,10,0,0
match-04603d56-5468,urzeitliche_kolosse,standard,1,0,0,9,0,14,12,37,6,11,6,7,0,0
match-8b12cc98-5469,solidaritaet_ueberleben,standard,0,1,1,8,4,12,10,32,2,10,3,13,0,0
match-8b12cc98-5469,urzeitliche_kolosse,standard,1,0,0,8,-3,13,7,33,3,7,7,6,0,0
match-11c57bdb-5470,solidaritaet_ueberleben,standard,0,0,1,5,-1,10,6,14,1,6,1,0,0,0
match-11c57bdb-5470,urzeitliche_kolosse,standard,1,1,0,5,10,11,5,15,0,5,2,11,0,0
match-98780b1d-5471,solidaritaet_ueberleben,standard,0,1,1,13,5,17,13,44,34,12,9,11,0,0
match-98780b1d-5471,urzeitliche_kolosse,standard,1,0,0,13,-1,18,15,59,23,14,8,5,0,2
match-b400a637-5472,solidaritaet_ueberleben,standard,0,1,1,14,1,18,9,37,54,8,13,10,0,0
match-b400a637-5472,urzeitliche_kolosse,standard,1,0,0,14,0,18,17,60,34,16,5,9,0,0
match-3ab3557a-5473,solidaritaet_ueberleben,standard,0,0,1,5,0,10,5,14,1,4,1,0,0,0
match-3ab3557a-5473,urzeitliche_kolosse,standard,1,1,0,5,10,9,5,15,0,5,1,10,0,0
match-c165e4bc-5474,solidaritaet_ueberleben,standard,0,1,1,15,3,20,19,62,47,18,14,10,0,0
match-c165e4bc-5474,urzeitliche_kolosse,standard,1,0,0,15,0,19,18,69,45,17,14,7,0,0
match-481893ff-5475,solidaritaet_ueberleben,standard,0,1,1,9,2,13,9,29,10,9,3,11,1,0
match-481893ff-5475,urzeitliche_kolosse,standard,1,0,0,9,-1,15,9,35,9,8,4,8,0,1
match-cecb2341-5476,solidaritaet_ueberleben,standard,0,1,1,8,2,15,10,35,1,10,3,11,0,0
match-cecb2341-5476,urzeitliche_kolosse,standard,1,0,0,8,-1,13,8,30,4,7,6,8,0,1
match-557dd284-5477,solidaritaet_ueberleben,standard,0,0,1,7,-1,12,6,25,3,6,3,2,0,0
match-557dd284-5477,urzeitliche_kolosse,standard,1,1,0,7,8,13,7,26,2,7,5,11,0,0
match-dc3061c6-5478,solidaritaet_ueberleben,standard,0,0,1,13,-2,18,16,49,36,15,7,9,0,0
match-dc3061c6-5478,urzeitliche_kolosse,standard,1,1,0,13,1,18,12,54,24,12,12,12,0,1
match-62e31109-5479,solidaritaet_ueberleben,standard,0,0,1,10,-3,15,10,35,10,9,5,8,0,0
match-62e31109-5479,urzeitliche_kolosse,standard,1,1,0,10,2,15,9,46,3,9,5,13,0,5
match-a817a3d2-5480,solidaritaet_ueberleben,standard,0,0,1,10,-1,14,10,31,14,9,3,3,0,0
match-a817a3d2-5480,urzeitliche_kolosse,standard,1,1,0,10,7,15,7,34,19,7,5,11,0,0
match-2eca5315-5481,solidaritaet_ueberleben,standard,0,0,1,11,0,16,9,29,26,8,10,9,0,0
match-2eca5315-5481,urzeitliche_kolosse,standard,1,1,0,11,1,16,14,51,11,14,5,10,0,1
match-b57ce257-5482,solidaritaet_ueberleben,standard,0,1,1,11,3,15,12,45,15,12,6,10,0,0
match-b57ce257-5482,urzeitliche_kolosse,standard,1,0,0,11,0,16,10,44,11,9,10,7,0,0
match-3c2f919a-5483,solidaritaet_ueberleben,standard,0,0,1,12,0,18,12,43,23,12,6,4,0,0
match-3c2f919a-5483,urzeitliche_kolosse,standard,1,1,0,12,6,18,12,48,25,11,8,10,0,0
match-c2e220dc-5484,solidaritaet_ueberleben,standard,0,1,1,13,1,19,12,42,45,11,10,14,0,0
match-c2e220dc-5484,urzeitliche_kolosse,standard,1,0,0,13,-4,19,16,67,22,15,7,9,0,2
match-4994d01f-5485,solidaritaet_ueberleben,standard,0,0,1,5,-2,10,4,11,3,4,0,0,0,0
match-4994d01f-5485,urzeitliche_kolosse,standard,1,1,0,5,10,10,4,12,1,4,3,12,0,0
match-d0477f61-5486,solidaritaet_ueberleben,standard,0,0,1,12,-1,18,15,47,25,14,7,9,0,0
match-d0477f61-5486,urzeitliche_kolosse,standard,1,1,0,12,1,17,12,51,15,12,13,11,0,0
match-56fa0ea4-5487,solidaritaet_ueberleben,standard,0,0,1,10,-2,15,11,34,11,10,4,6,0,0
match-56fa0ea4-5487,urzeitliche_kolosse,standard,1,1,0,10,4,16,10,40,10,9,6,12,0,1
match-7282a9be-5488,solidaritaet_ueberleben,standard,0,1,1,9,5,15,10,37,3,9,4,10,0,0
match-7282a9be-5488,urzeitliche_kolosse,standard,1,0,0,9,0,14,9,33,10,8,5,5,0,1
match-f9355900-5489,solidaritaet_ueberleben,standard,0,1,1,8,3,12,8,29,3,7,5,13,0,0
match-f9355900-5489,urzeitliche_kolosse,standard,1,0,0,8,-3,14,8,34,2,8,3,7,0,1
match-7fe7e843-5490,solidaritaet_ueberleben,standard,0,0,1,14,-1,21,14,54,42,13,11,9,0,0
match-7fe7e843-5490,urzeitliche_kolosse,standard,1,1,0,14,1,19,17,65,29,16,9,11,0,4
match-069a9786-5491,solidaritaet_ueberleben,standard,0,0,1,10,-1,14,9,32,13,8,6,3,0,0
match-069a9786-5491,urzeitliche_kolosse,standard,1,1,0,10,7,14,11,42,13,10,4,11,0,2
match-8d4d26c8-5492,solidaritaet_ueberleben,standard,0,0,1,8,0,14,10,33,2,9,1,4,0,0
match-8d4d26c8-5492,urzeitliche_kolosse,standard,1,1,0,8,6,14,6,33,3,6,5,10,0,0
match-13ffd60b-5493,solidaritaet_ueberleben,standard,0,0,1,7,-2,13,9,25,1,9,2,4,0,0
match-13ffd60b-5493,urzeitliche_kolosse,standard,1,1,0,7,6,13,8,25,3,7,7,12,0,0
match-9ab2654d-5494,solidaritaet_ueberleben,standard,0,0,1,8,-3,13,9,30,2,9,4,0,0,0
match-9ab2654d-5494,urzeitliche_kolosse,standard,1,1,0,8,10,13,10,31,1,9,4,13,0,1
match-21651490-5495,solidaritaet_ueberleben,standard,0,0,1,11,-1,16,11,40,15,10,5,5,0,0
match-21651490-5495,urzeitliche_kolosse,standard,1,1,0,11,5,17,9,37,18,8,5,11,0,0
match-1341b7fb-5496,solidaritaet_ueberleben,standard,0,0,1,16,0,23,17,60,60,16,11,5,0,0
match-1341b7fb-5496,urzeitliche_kolosse,standard,1,1,0,16,4,21,16,68,52,15,13,9,0,1
match-99f4473d-5497,solidaritaet_ueberleben,standard,0,0,1,8,0,13,9,34,1,8,5,3,0,0
match-99f4473d-5497,urzeitliche_kolosse,standard,1,1,0,8,7,13,8,31,5,8,3,10,0,1
match-20a6f680-5498,solidaritaet_ueberleben,standard,0,1,1,8,6,13,7,30,4,7,2,12,0,0
match-20a6f680-5498,urzeitliche_kolosse,standard,1,0,0,8,-2,13,7,24,4,7,4,4,0,0
match-a75985c2-5499,solidaritaet_ueberleben,standard,0,1,1,11,3,15,11,44,15,11,6,12,2,0
match-a75985c2-5499,urzeitliche_kolosse,standard,1,0,0,11,-2,17,12,44,18,11,7,7,0,0
match-c2f67db0-5500,solidaritaet_ueberleben,standard,0,1,0,11,1,17,12,42,13,11,11,10,0,0
match-c2f67db0-5500,urzeitliche_kolosse,standard,1,0,1,11,0,16,14,49,9,13,8,9,0,1
match-49a90cf3-5501,solidaritaet_ueberleben,standard,0,0,0,16,0,21,14,55,65,13,14,8,0,0
match-49a90cf3-5501,urzeitliche_kolosse,standard,1,1,1,16,1,21,17,70,50,17,9,9,0,0
match-b5913f2b-5502,solidaritaet_ueberleben,standard,0,1,0,16,1,23,14,58,65,13,8,10,0,0
match-b5913f2b-5502,urzeitliche_kolosse,standard,1,0,1,16,-1,19,14,57,66,13,9,8,0,0
match-3c43ce6e-5503,solidaritaet_ueberleben,standard,0,1,0,16,1,23,18,64,56,17,13,13,1,0
match-3c43ce6e-5503,urzeitliche_kolosse,standard,1,0,1,16,-4,22,19,70,54,18,14,8,0,2
match-a82be0a6-5504,solidaritaet_ueberleben,standard,0,1,0,8,3,12,8,28,2,8,6,10,0,0
match-a82be0a6-5504,urzeitliche_kolosse,standard,1,0,1,8,0,13,10,33,1,9,5,7,0,2
match-2ede8fe9-5505,solidaritaet_ueberleben,standard,0,1,0,6,3,10,7,20,0,7,4,10,0,0
match-2ede8fe9-5505,urzeitliche_kolosse,standard,1,0,1,6,0,11,6,19,1,6,3,7,0,0
match-9ac6a221-5506,solidaritaet_ueberleben,standard,0,0,0,11,0,17,11,43,17,10,9,7,3,0
match-9ac6a221-5506,urzeitliche_kolosse,standard,1,1,1,11,3,15,14,52,8,14,10,10,0,2
match-21795164-5507,solidaritaet_ueberleben,standard,0,1,0,8,2,13,9,31,3,8,5,10,0,0
match-21795164-5507,urzeitliche_kolosse,standard,1,0,1,8,0,14,11,35,1,10,4,8,0,0
match-f88b77c4-5508,solidaritaet_ueberleben,standard,0,0,0,9,-1,13,7,24,16,7,6,8,0,0
match-f88b77c4-5508,urzeitliche_kolosse,standard,1,1,1,9,2,12,11,40,2,10,2,11,0,0
match-7f3e0707-5509,solidaritaet_ueberleben,standard,0,0,0,6,0,10,5,19,2,5,2,6,0,0
match-7f3e0707-5509,urzeitliche_kolosse,standard,1,1,1,6,4,12,6,19,1,6,2,10,0,0
match-eb26393f-5510,solidaritaet_ueberleben,standard,0,0,0,11,-4,16,15,52,8,14,6,6,0,0
match-eb26393f-5510,urzeitliche_kolosse,standard,1,1,1,11,4,17,12,48,10,11,12,14,0,6
match-71d8c882-5511,solidaritaet_ueberleben,standard,0,1,0,9,5,13,9,31,5,9,5,12,0,0
match-71d8c882-5511,urzeitliche_kolosse,standard,1,0,1,9,-2,15,10,36,4,10,4,5,0,0
match-ddc0faba-5512,solidaritaet_ueberleben,standard,0,1,0,12,7,19,15,57,13,14,9,10,0,0
match-ddc0faba-5512,urzeitliche_kolosse,standard,1,0,1,12,0,16,14,60,16,13,10,3,0,1
match-647389fd-5513,solidaritaet_ueberleben,standard,0,0,0,9,-1,16,7,28,8,7,5,6,0,0
match-647389fd-5513,urzeitliche_kolosse,standard,1,1,1,9,4,14,10,36,4,9,2,11,0,0
match-d05bbc35-5514,solidaritaet_ueberleben,standard,0,0,0,9,0,13,9,33,3,9,5,2,0,0
match-d05bbc35-5514,urzeitliche_kolosse,standard,1,1,1,9,8,14,9,37,3,8,5,10,0,1
match-570e4b78-5515,solidaritaet_ueberleben,standard,0,1,0,10,7,15,11,39,8,10,9,10,0,0
match-570e4b78-5515,urzeitliche_kolosse,standard,1,0,1,10,0,14,13,48,4,12,6,3,0,0
match-2e2071d9-5516,solidaritaet_ueberleben,standard,0,1,0,13,3,18,12,48,34,11,9,15,0,0
match-2e2071d9-5516,urzeitliche_kolosse,standard,1,0,1,13,-5,18,15,57,26,14,7,7,0,2
match-b4d3011b-5517,solidaritaet_ueberleben,standard,0,0,0,11,0,15,12,41,19,11,9,9,1,0
match-b4d3011b-5517,urzeitliche_kolosse,standard,1,1,1,11,1,15,14,57,4,14,9,10,0,2
match-20bb3354-5518,solidaritaet_ueberleben,standard,0,1,0,8,4,13,8,31,5,8,5,10,0,0
match-20bb3354-5518,urzeitliche_kolosse,standard,1,0,1,8,0,11,9,31,5,9,5,6,0,0
match-a76dc296-5519,solidaritaet_ueberleben,standard,0,1,0,8,3,13,10,31,2,10,1,10,0,0
match-a76dc296-5519,urzeitliche_kolosse,standard,1,0,1,8,0,13,7,28,2,6,6,7,0,2
match-1355f4cf-5520,solidaritaet_ueberleben,standard,0,0,0,9,0,13,9,36,9,9,6,4,0,0
match-1355f4cf-5520,urzeitliche_kolosse,standard,1,1,1,9,6,14,10,38,5,9,4,10,0,0
match-9a088411-5521,solidaritaet_ueberleben,standard,0,1,0,11,7,17,15,48,10,14,7,10,2,0
match-9a088411-5521,urzeitliche_kolosse,standard,1,0,1,11,0,16,13,49,11,12,11,3,0,0
match-05f0b64a-5522,solidaritaet_ueberleben,standard,0,1,0,16,2,22,18,65,63,17,13,9,0,0
match-05f0b64a-5522,urzeitliche_kolosse,standard,1,0,1,16,0,21,19,75,50,18,13,7,0,3
match-8ca3458c-5523,solidaritaet_ueberleben,standard,0,1,0,8,4,12,9,31,1,8,4,10,0,0
match-8ca3458c-5523,urzeitliche_kolosse,standard,1,0,1,8,0,14,9,31,5,8,4,6,0,1
match-63b56bed-5524,solidaritaet_ueberleben,standard,0,1,0,10,1,16,11,38,7,10,7,13,0,0
match-63b56bed-5524,urzeitliche_kolosse,standard,1,0,1,10,-3,15,11,41,13,10,5,9,0,0
match-ea681b2f-5525,solidaritaet_ueberleben,standard,0,0,0,7,-2,14,7,23,1,7,4,4,0,0
match-ea681b2f-5525,urzeitliche_kolosse,standard,1,1,1,7,6,12,8,25,1,8,2,12,0,1
match-56502d68-5526,solidaritaet_ueberleben,standard,0,1,0,8,5,13,9,30,5,8,6,12,0,0
match-56502d68-5526,urzeitliche_kolosse,standard,1,0,1,8,-2,11,10,34,2,10,4,5,0,0
match-dd02dcaa-5527,solidaritaet_ueberleben,standard,0,0,0,14,0,19,12,51,43,11,10,5,0,0
match-dd02dcaa-5527,urzeitliche_kolosse,standard,1,1,1,14,5,18,15,60,38,14,8,10,0,1
match-48eaeee3-5528,solidaritaet_ueberleben,standard,0,0,0,8,-1,12,9,33,3,8,4,3,0,0
match-48eaeee3-5528,urzeitliche_kolosse,standard,1,1,1,8,7,13,9,30,1,8,4,11,0,1
match-cf9d9e25-5529,solidaritaet_ueberleben,standard,0,0,0,15,0,21,12,50,61,11,14,5,0,0
match-cf9d9e25-5529,urzeitliche_kolosse,standard,1,1,1,15,4,20,18,70,38,17,9,9,0,3
match-3b85b05e-5530,solidaritaet_ueberleben,standard,0,0,0,13,0,18,16,54,27,15,10,8,0,0
match-3b85b05e-5530,urzeitliche_kolosse,standard,1,1,1,13,2,18,16,61,23,15,11,10,0,0
match-c2385fa0-5531,solidaritaet_ueberleben,standard,0,0,0,11,-1,14,13,44,11,13,5,9,0,0
match-c2385fa0-5531,urzeitliche_kolosse,standard,1,1,1,11,1,17,10,47,15,10,10,11,0,0
match-eca2755f-5532,solidaritaet_ueberleben,standard,0,0,0,16,0,23,20,68,62,19,9,5,0,0
match-eca2755f-5532,urzeitliche_kolosse,standard,1,1,1,16,4,22,15,58,62,14,17,9,0,0
match-735504a2-5533,solidaritaet_ueberleben,standard,0,0,0,8,0,12,9,23,5,9,4,4,0,0
match-735504a2-5533,urzeitliche_kolosse,standard,1,1,1,8,6,12,9,31,4,9,5,10,0,1
match-df3d36da-5534,solidaritaet_ueberleben,standard,0,1,0,10,4,16,11,42,10,11,6,13,0,0
match-df3d36da-5534,urzeitliche_kolosse,standard,1,0,1,10,-3,15,11,45,7,10,8,6,0,0
match-65efc61d-5535,solidaritaet_ueberleben,standard,0,0,0,9,-2,13,10,35,9,10,4,5,1,0
match-65efc61d-5535,urzeitliche_kolosse,standard,1,1,1,9,5,15,9,36,6,9,5,12,0,3
match-d1d7f855-5536,solidaritaet_ueberleben,standard,0,0,0,10,-1,16,10,34,11,10,8,9,0,0
match-d1d7f855-5536,urzeitliche_kolosse,standard,1,1,1,10,1,16,11,43,5,11,8,11,0,0
match-588a8798-5537,solidaritaet_ueberleben,standard,0,1,0,7,2,11,7,24,1,6,6,12,0,0
match-588a8798-5537,urzeitliche_kolosse,standard,1,0,1,7,-2,12,8,28,0,8,1,8,0,0
match-c472b9d0-5538,solidaritaet_ueberleben,standard,0,1,0,5,8,11,5,15,0,5,2,10,0,0
match-c472b9d0-5538,urzeitliche_kolosse,standard,1,0,1,5,0,11,4,12,2,4,0,2,0,0
match-4b254913-5539,solidaritaet_ueberleben,standard,0,1,0,9,4,15,11,32,4,11,1,12,0,0
match-4b254913-5539,urzeitliche_kolosse,standard,1,0,1,9,-2,15,6,32,4,6,10,6,0,3
match-22376f74-5540,solidaritaet_ueberleben,standard,0,1,0,7,3,11,7,27,0,7,5,12,0,0
match-22376f74-5540,urzeitliche_kolosse,standard,1,0,1,7,-2,13,9,26,2,8,4,7,0,1
match-a8ea1eb6-5541,solidaritaet_ueberleben,standard,0,0,0,13,0,18,11,36,42,11,11,2,0,0
match-a8ea1eb6-5541,urzeitliche_kolosse,standard,1,1,1,13,8,17,15,53,26,14,8,10,0,1
match-14d230ef-5542,solidaritaet_ueberleben,standard,0,1,0,9,6,13,12,34,9,11,6,11,0,0
match-14d230ef-5542,urzeitliche_kolosse,standard,1,0,1,9,-1,13,9,33,9,8,8,4,0,4
match-9b84c031-5543,solidaritaet_ueberleben,standard,0,1,0,8,2,14,8,30,4,8,3,14,0,0
match-9b84c031-5543,urzeitliche_kolosse,standard,1,0,1,8,-4,13,7,31,5,7,3,8,0,2
match-076cf26a-5544,solidaritaet_ueberleben,standard,0,1,0,8,5,12,10,26,7,10,3,10,1,0
match-076cf26a-5544,urzeitliche_kolosse,standard,1,0,1,8,0,13,8,29,5,7,8,5,0,1
match-8e1f81ac-5545,solidaritaet_ueberleben,standard,0,0,0,9,-4,14,9,27,9,9,6,3,0,0
match-8e1f81ac-5545,urzeitliche_kolosse,standard,1,1,1,9,7,14,9,39,4,9,5,14,0,2
match-fa07b3e4-5546,solidaritaet_ueberleben,standard,0,0,0,10,-2,16,13,46,9,13,2,0,0,0
match-fa07b3e4-5546,urzeitliche_kolosse,standard,1,1,1,10,10,14,7,30,15,7,11,12,0,0
match-80ba4327-5547,solidaritaet_ueberleben,standard,0,1,0,9,5,13,10,36,3,9,4,10,0,0
match-80ba4327-5547,urzeitliche_kolosse,standard,1,0,1,9,0,15,9,33,12,8,8,5,0,0
match-57cc6988-5548,solidaritaet_ueberleben,standard,0,0,0,9,0,15,12,42,2,11,3,9,0,0
match-57cc6988-5548,urzeitliche_kolosse,standard,1,1,1,9,1,15,8,39,5,7,8,10,0,0
match-de7f18ca-5549,solidaritaet_ueberleben,standard,0,1,0,7,3,11,6,23,2,6,5,10,0,0
match-de7f18ca-5549,urzeitliche_kolosse,standard,1,0,1,7,0,12,8,28,0,8,3,7,0,2
match-4a672b03-5550,solidaritaet_ueberleben,standard,0,1,0,8,1,15,9,32,2,9,6,11,0,0
match-4a672b03-5550,urzeitliche_kolosse,standard,1,0,1,8,-1,12,8,33,3,8,6,9,0,0
match-d119da45-5551,solidaritaet_ueberleben,standard,0,0,0,11,0,16,15,48,9,14,8,0,0,0
match-d119da45-5551,urzeitliche_kolosse,standard,1,1,1,11,10,17,13,51,14,13,11,10,0,0
match-3d01ec7e-5552,solidaritaet_ueberleben,standard,0,0,0,9,-2,15,10,33,9,9,3,0,0,0
match-3d01ec7e-5552,urzeitliche_kolosse,standard,1,1,1,9,10,13,9,40,3,8,5,12,0,2
match-c3b49bc0-5553,solidaritaet_ueberleben,standard,0,0,0,9,-1,15,8,32,10,8,3,0,0,0
match-c3b49bc0-5553,urzeitliche_kolosse,standard,1,1,1,9,10,15,8,40,3,8,4,11,0,0
match-2f9cadf9-5554,solidaritaet_ueberleben,standard,0,0,0,15,0,21,19,65,44,18,15,6,0,0
match-2f9cadf9-5554,urzeitliche_kolosse,standard,1,1,1,15,3,19,18,72,42,18,15,9,0,3
match-b64f5d3b-5555,solidaritaet_ueberleben,standard,0,0,0,10,-1,16,13,36,12,13,4,4,0,0
match-b64f5d3b-5555,urzeitliche_kolosse,standard,1,1,1,10,6,16,10,36,12,9,10,11,0,0
match-8d61639c-5556,solidaritaet_ueberleben,standard,0,0,0,17,-1,23,18,65,71,17,14,6,1,0
match-8d61639c-5556,urzeitliche_kolosse,standard,1,1,1,17,1,22,20,78,62,19,14,8,0,8
match-141412df-5557,solidaritaet_ueberleben,standard,0,1,0,8,4,13,8,32,2,8,5,15,0,0
match-141412df-5557,urzeitliche_kolosse,standard,1,0,1,8,-5,12,8,32,4,8,4,6,0,1
match-7ffc2517-5558,solidaritaet_ueberleben,standard,0,0,0,9,-3,15,8,32,4,7,4,2,0,0
match-7ffc2517-5558,urzeitliche_kolosse,standard,1,1,1,9,8,14,8,37,6,8,2,13,0,2
match-06aed45a-5559,solidaritaet_ueberleben,standard,0,0,0,8,0,12,9,27,1,9,6,9,0,0
match-06aed45a-5559,urzeitliche_kolosse,standard,1,1,1,8,1,14,7,27,1,7,5,10,0,1
match-7296e692-5560,solidaritaet_ueberleben,standard,0,0,0,8,0,14,10,35,1,10,3,2,0,0
match-7296e692-5560,urzeitliche_kolosse,standard,1,1,1,8,8,13,8,28,0,8,5,10,0,0
match-f94995d4-5561,solidaritaet_ueberleben,standard,0,1,0,9,3,15,10,37,2,10,6,12,0,0
match-f94995d4-5561,urzeitliche_kolosse,standard,1,0,1,9,-2,15,11,41,4,10,6,7,0,0
match-6531a80d-5562,solidaritaet_ueberleben,standard,0,1,0,11,6,15,12,45,14,11,5,13,0,0
match-6531a80d-5562,urzeitliche_kolosse,standard,1,0,1,11,-3,15,11,46,13,10,8,4,0,0
match-ebe4574f-5563,solidaritaet_ueberleben,standard,0,0,0,8,-1,14,7,27,1,6,2,0,0,0
match-ebe4574f-5563,urzeitliche_kolosse,standard,1,1,1,8,10,13,7,25,3,6,3,11,0,0
match-6f9e6e52-5564,solidaritaet_ueberleben,standard,0,1,0,7,6,11,7,27,0,7,5,10,0,0
match-6f9e6e52-5564,urzeitliche_kolosse,standard,1,0,1,7,0,12,7,26,2,7,3,4,0,0
match-f6511d94-5565,solidaritaet_ueberleben,standard,0,0,0,15,-2,20,18,63,49,17,11,7,0,0
match-f6511d94-5565,urzeitliche_kolosse,standard,1,1,1,15,3,21,17,65,40,16,15,12,0,3
match-62392fcd-5566,solidaritaet_ueberleben,standard,0,0,0,9,-1,13,9,30,6,8,4,4,0,0
match-62392fcd-5566,urzeitliche_kolosse,standard,1,1,1,9,6,15,9,40,0,9,4,11,0,0
match-e8ebdf0f-5567,solidaritaet_ueberleben,standard,0,0,0,9,-3,15,11,33,7,10,7,2,0,0
match-e8ebdf0f-5567,urzeitliche_kolosse,standard,1,1,1,9,8,14,10,40,3,9,6,13,0,0
match-54d3f148-5568,solidaritaet_ueberleben,standard,0,0,0,10,-1,15,13,41,7,12,5,4,1,0
match-54d3f148-5568,urzeitliche_kolosse,standard,1,1,1,10,6,15,10,40,5,9,9,11,0,3
match-db86808a-5569,solidaritaet_ueberleben,standard,0,0,0,6,0,11,6,20,1,6,3,0,0,0
match-db86808a-5569,urzeitliche_kolosse,standard,1,1,1,6,10,12,6,18,2,6,5,10,0,0
match-476eb2c3-5570,solidaritaet_ueberleben,standard,0,0,0,13,-1,18,15,54,27,15,10,5,1,0
match-476eb2c3-5570,urzeitliche_kolosse,standard,1,1,1,13,5,17,15,66,19,15,11,11,0,1
match-ce214205-5571,solidaritaet_ueberleben,standard,0,1,0,10,9,16,11,44,5,11,6,13,0,0
match-ce214205-5571,urzeitliche_kolosse,standard,1,0,1,10,-3,14,10,44,10,9,6,1,0,0
match-a5336866-5572,solidaritaet_ueberleben,standard,0,0,0,16,0,22,17,64,62,16,9,0,0,0
match-a5336866-5572,urzeitliche_kolosse,standard,1,1,1,16,7,22,14,57,63,13,14,7,0,3
match-2be617a9-5573,solidaritaet_ueberleben,standard,0,0,0,10,-2,14,13,40,10,12,3,4,0,0
match-2be617a9-5573,urzeitliche_kolosse,standard,1,1,1,10,6,14,8,33,15,8,10,12,0,1
match-97ce29e1-5574,solidaritaet_ueberleben,standard,0,0,0,9,0,14,11,33,3,10,3,4,0,0
match-97ce29e1-5574,urzeitliche_kolosse,standard,1,1,1,9,6,13,8,32,9,7,7,10,0,0
match-1e80d924-5575,solidaritaet_ueberleben,standard,0,0,0,10,-1,17,10,42,13,10,4,5,0,0
match-1e80d924-5575,urzeitliche_kolosse,standard,1,1,1,10,5,14,10,41,9,9,5,11,0,0
match-8a68eb5c-5576,solidaritaet_ueberleben,standard,0,0,0,9,-1,14,9,23,13,9,4,4,0,0
match-8a68eb5c-5576,urzeitliche_kolosse,standard,1,1,1,9,6,15,9,34,2,8,7,11,0,0
match-111b9a9f-5577,solidaritaet_ueberleben,standard,0,0,0,9,-5,15,10,30,11,9,8,3,0,0
match-111b9a9f-5577,urzeitliche_kolosse,standard,1,1,1,9,7,15,12,43,2,11,5,15,0,0
match-7d03acd7-5578,solidaritaet_ueberleben,standard,0,0,0,8,-1,14,10,35,1,9,1,6,0,0
match-7d03acd7-5578,urzeitliche_kolosse,standard,1,1,1,8,4,13,6,33,3,6,5,11,0,0
match-03b65c1a-5579,solidaritaet_ueberleben,standard,0,1,0,16,3,23,15,58,67,14,10,7,0,0
match-03b65c1a-5579,urzeitliche_kolosse,standard,1,0,1,16,0,21,16,64,63,15,10,4,0,1
match-dac8627a-5580,solidaritaet_ueberleben,standard,0,1,0,9,5,14,9,36,4,9,8,12,0,0
match-dac8627a-5580,urzeitliche_kolosse,standard,1,0,1,9,-2,14,11,36,7,10,5,5,0,0
match-617b11bd-5581,solidaritaet_ueberleben,standard,0,0,0,7,-3,12,9,26,2,9,3,5,0,0
match-617b11bd-5581,urzeitliche_kolosse,standard,1,1,1,7,5,12,6,23,5,6,5,13,0,0
match-cd6323f5-5582,solidaritaet_ueberleben,standard,0,1,0,13,3,19,17,59,22,16,8,10,1,0
match-cd6323f5-5582,urzeitliche_kolosse,standard,1,0,1,13,0,19,14,54,31,13,13,7,0,2
match-5415d338-5583,solidaritaet_ueberleben,standard,0,1,0,10,8,17,14,45,6,13,9,11,0,0
match-5415d338-5583,urzeitliche_kolosse,standard,1,0,1,10,-1,15,13,49,6,12,11,2,0,4
match-bffde570-5584,solidaritaet_ueberleben,standard,0,1,0,7,3,11,7,26,1,7,7,10,0,0
match-bffde570-5584,urzeitliche_kolosse,standard,1,0,1,7,0,13,8,26,2,8,5,7,0,0
match-46b094b3-5585,solidaritaet_ueberleben,standard,0,0,0,8,-1,13,9,33,3,8,2,4,0,0
match-46b094b3-5585,urzeitliche_kolosse,standard,1,1,1,8,6,13,8,28,0,7,6,11,0,0
match-b298a6eb-5586,solidaritaet_ueberleben,standard,0,1,0,6,4,11,7,19,1,7,5,10,0,0
match-b298a6eb-5586,urzeitliche_kolosse,standard,1,0,1,6,0,10,8,18,1,7,5,6,0,0
match-394b562e-5587,solidaritaet_ueberleben,standard,0,1,0,8,1,13,7,25,9,7,6,12,0,0
match-394b562e-5587,urzeitliche_kolosse,standard,1,0,1,8,-2,11,9,34,1,8,3,9,0,1
match-105d7c8f-5588,solidaritaet_ueberleben,standard,0,1,0,7,2,11,7,24,0,7,5,12,0,0
match-105d7c8f-5588,urzeitliche_kolosse,standard,1,0,1,7,-2,13,7,24,4,7,3,8,0,0
match-97100bd1-5589,solidaritaet_ueberleben,standard,0,0,0,8,-2,14,7,28,6,7,1,4,0,0
match-97100bd1-5589,urzeitliche_kolosse,standard,1,1,1,8,6,12,6,27,1,6,2,12,0,4
match-02f83e0a-5590,solidaritaet_ueberleben,standard,0,1,0,9,4,15,9,34,6,8,2,10,0,0
match-02f83e0a-5590,urzeitliche_kolosse,standard,1,0,1,9,0,15,7,34,10,7,5,6,0,3
match-89aacd4c-5591,solidaritaet_ueberleben,standard,0,1,0,9,3,14,8,32,6,8,3,11,0,0
match-89aacd4c-5591,urzeitliche_kolosse,standard,1,0,1,9,-1,15,7,29,14,7,3,7,0,2
match-f592ff84-5592,solidaritaet_ueberleben,standard,0,0,0,6,-1,11,7,15,0,6,3,2,0,0
match-f592ff84-5592,urzeitliche_kolosse,standard,1,1,1,6,8,10,5,15,0,5,2,11,0,0
match-7c458ec7-5593,solidaritaet_ueberleben,standard,0,1,0,13,2,18,15,50,33,15,11,13,0,0
match-7c458ec7-5593,urzeitliche_kolosse,standard,1,0,1,13,-3,19,16,61,24,15,13,8,0,3
match-e82da0ff-5594,solidaritaet_ueberleben,standard,0,0,0,7,-1,13,8,21,2,7,2,3,0,0
match-e82da0ff-5594,urzeitliche_kolosse,standard,1,1,1,7,7,13,7,26,2,7,5,11,0,2
match-6ee05042-5595,solidaritaet_ueberleben,standard,0,1,0,10,5,14,11,40,13,11,6,13,0,0
match-6ee05042-5595,urzeitliche_kolosse,standard,1,0,1,10,-3,15,10,42,13,10,8,5,0,1
match-994a6601-5596,solidaritaet_ueberleben,standard,0,1,0,8,2,14,8,31,2,8,7,14,0,0
match-994a6601-5596,urzeitliche_kolosse,standard,1,0,1,8,-4,13,11,34,1,10,4,8,0,0
match-1ffd1544-5597,solidaritaet_ueberleben,standard,0,0,0,16,-1,23,14,51,69,13,12,8,0,0
match-1ffd1544-5597,urzeitliche_kolosse,standard,1,1,1,16,1,21,17,70,50,16,8,10,0,2
match-8be5277c-5598,solidaritaet_ueberleben,standard,0,1,0,15,1,19,18,60,45,17,15,11,0,0
match-8be5277c-5598,urzeitliche_kolosse,standard,1,0,1,15,-1,21,18,70,39,17,14,9,0,4
match-1297d6bf-5599,solidaritaet_ueberleben,standard,0,0,0,10,-1,15,13,42,6,12,7,3,0,0
match-1297d6bf-5599,urzeitliche_kolosse,standard,1,1,1,10,7,15,11,40,13,10,7,11,0,0
match-7e7fe8f7-5600,solidaritaet_ueberleben,standard,0,0,0,10,0,15,11,39,10,10,6,2,0,0
match-7e7fe8f7-5600,urzeitliche_kolosse,standard,1,1,1,10,8,15,10,34,11,9,6,10,0,1
match-0532983a-5601,solidaritaet_ueberleben,standard,0,1,0,9,10,16,10,32,8,10,2,10,0,0
match-0532983a-5601,urzeitliche_kolosse,standard,1,0,1,9,0,14,8,34,10,7,8,0,0,3
match-711aaa72-5602,solidaritaet_ueberleben,standard,0,1,0,14,3,20,17,62,37,16,12,15,1,0
match-711aaa72-5602,urzeitliche_kolosse,standard,1,0,1,14,-5,19,17,61,31,16,13,7,0,3
match-f7cd59b4-5603,solidaritaet_ueberleben,standard,0,0,0,6,-1,10,8,20,1,8,5,2,0,0
match-f7cd59b4-5603,urzeitliche_kolosse,standard,1,1,1,6,8,10,7,19,0,7,3,11,0,0
match-cedf6015-5604,solidaritaet_ueberleben,standard,0,0,0,9,-1,14,7,26,10,7,5,8,0,0
match-cedf6015-5604,urzeitliche_kolosse,standard,1,1,1,9,2,13,10,39,2,9,2,11,0,0
match-55920f58-5605,solidaritaet_ueberleben,standard,0,,0,17,-2,20,14,47,89,13,8,5,0,0
match-55920f58-5605,urzeitliche_kolosse,standard,1,,1,17,-1,21,14,59,91,13,10,6,0,0
match-c17a2190-5606,solidaritaet_ueberleben,standard,0,0,0,13,-2,18,13,50,31,12,5,6,0,0
match-c17a2190-5606,urzeitliche_kolosse,standard,1,1,1,13,4,18,11,46,32,10,7,12,0,3
match-482cd0d3-5607,solidaritaet_ueberleben,standard,0,,0,16,-1,20,19,62,63,18,13,7,0,0
match-482cd0d3-5607,urzeitliche_kolosse,standard,1,,1,16,0,22,15,56,64,14,18,8,0,0
match-b414e30b-5608,solidaritaet_ueberleben,standard,0,0,0,16,0,22,19,65,57,18,9,6,0,0
match-b414e30b-5608,urzeitliche_kolosse,standard,1,1,1,16,1,20,15,63,61,14,14,7,0,1
match-3ac7924e-5609,solidaritaet_ueberleben,standard,0,1,0,8,4,13,9,28,5,9,1,10,0,0
match-3ac7924e-5609,urzeitliche_kolosse,standard,1,0,1,8,0,14,6,26,2,6,4,6,0,0
match-a6afa486-5610,solidaritaet_ueberleben,standard,0,1,0,7,6,11,7,23,2,7,5,12,0,0
match-a6afa486-5610,urzeitliche_kolosse,standard,1,0,1,7,-2,11,8,23,3,8,5,4,0,0
match-2d6253c9-5611,solidaritaet_ueberleben,standard,0,0,0,12,-1,16,11,41,29,10,8,2,0,0
match-2d6253c9-5611,urzeitliche_kolosse,standard,1,1,1,12,8,16,14,59,12,13,6,11,0,3
match-04747a2a-5612,solidaritaet_ueberleben,standard,0,1,0,7,2,10,7,25,1,7,3,12,0,0
match-04747a2a-5612,urzeitliche_kolosse,standard,1,0,1,7,-2,12,7,24,4,7,4,8,0,1
match-8b27096c-5613,solidaritaet_ueberleben,standard,0,0,0,12,0,17,12,47,23,12,11,7,0,0
match-8b27096c-5613,urzeitliche_kolosse,standard,1,1,1,12,3,18,15,58,11,14,10,10,0,2
match-f70f3ba4-5614,solidaritaet_ueberleben,standard,0,0,0,8,-1,14,7,26,2,6,6,1,2,0
match-f70f3ba4-5614,urzeitliche_kolosse,standard,1,1,1,8,9,13,9,31,3,9,2,11,0,0
match-7dc1cae7-5615,solidaritaet_ueberleben,standard,0,0,0,9,0,13,11,35,1,10,2,1,0,0
match-7dc1cae7-5615,urzeitliche_kolosse,standard,1,1,1,9,9,13,8,34,6,7,5,10,0,1
match-e9a9fd1f-5616,solidaritaet_ueberleben,standard,0,1,0,8,6,14,8,33,2,7,4,10,0,0
match-e9a9fd1f-5616,urzeitliche_kolosse,standard,1,0,1,8,0,14,8,33,3,8,5,4,0,0
match-705c8c62-5617,solidaritaet_ueberleben,standard,0,1,0,10,6,16,11,42,9,11,7,12,2,0
match-705c8c62-5617,urzeitliche_kolosse,standard,1,0,1,10,-2,15,13,44,10,12,6,4,0,0
match-dc44be9a-5618,solidaritaet_ueberleben,standard,0,1,0,8,2,12,7,31,2,7,3,11,0,0
match-dc44be9a-5618,urzeitliche_kolosse,standard,1,0,1,8,-1,13,9,30,4,8,2,8,0,0
match-62f74ddd-5619,solidaritaet_ueberleben,standard,0,1,0,15,1,20,17,60,49,17,13,13,0,0
match-62f74ddd-5619,urzeitliche_kolosse,standard,1,0,1,15,-3,19,18,72,40,17,16,9,0,3
match-3a09743e-5620,solidaritaet_ueberleben,standard,0,0,0,6,0,10,5,18,3,5,4,8,0,0
match-3a09743e-5620,urzeitliche_kolosse,standard,1,1,1,6,2,11,7,20,1,7,3,10,0,0
match-c0bc0380-5621,solidaritaet_ueberleben,standard,0,0,0,8,-2,12,6,25,3,6,1,7,0,0
match-c0bc0380-5621,urzeitliche_kolosse,standard,1,1,1,8,3,12,6,23,5,5,1,12,0,0
match-2ca435b9-5622,solidaritaet_ueberleben,standard,0,0,0,10,-2,13,10,33,16,9,5,4,0,0
match-2ca435b9-5622,urzeitliche_kolosse,standard,1,1,1,10,6,15,10,38,11,10,5,12,0,1
match-b356c4fb-5623,solidaritaet_ueberleben,standard,0,1,0,16,2,23,13,49,71,12,15,8,0,0
match-b356c4fb-5623,urzeitliche_kolosse,standard,1,0,1,16,-1,22,19,71,51,18,13,5,0,1
match-1f3ef734-5624,solidaritaet_ueberleben,standard,0,0,0,10,0,16,13,38,9,12,6,4,0,0
match-1f3ef734-5624,urzeitliche_kolosse,standard,1,1,1,10,6,16,11,37,11,10,8,10,0,3
match-a5f18676-5625,solidaritaet_ueberleben,standard,0,1,0,7,4,14,7,27,1,7,4,10,0,0
match-a5f18676-5625,urzeitliche_kolosse,standard,1,0,1,7,0,12,9,25,3,8,3,6,0,0
match-11d9b8af-5626,solidaritaet_ueberleben,standard,0,0,0,10,0,15,12,41,11,11,2,2,0,0
match-11d9b8af-5626,urzeitliche_kolosse,standard,1,1,1,10,8,16,7,34,11,7,8,10,0,0
match-988c47f1-5627,solidaritaet_ueberleben,standard,0,0,0,13,-5,20,17,58,27,16,7,4,0,0
match-988c47f1-5627,urzeitliche_kolosse,standard,1,1,1,13,6,18,13,56,22,12,14,15,0,4
match-1c467ef4-5628,solidaritaet_ueberleben,standard,0,0,0,11,-4,16,13,39,20,12,6,3,0,0
match-1c467ef4-5628,urzeitliche_kolosse,standard,1,1,1,11,7,16,12,51,7,11,8,14,0,0
match-a2f90e36-5629,solidaritaet_ueberleben,standard,0,1,0,15,1,20,19,63,43,18,13,9,0,0
match-a2f90e36-5629,urzeitliche_kolosse,standard,1,0,1,15,0,19,17,65,40,16,17,8,0,2
match-0ee1206f-5630,solidaritaet_ueberleben,standard,0,0,0,7,-2,11,6,26,1,6,3,5,0,0
match-0ee1206f-5630,urzeitliche_kolosse,standard,1,1,1,7,5,13,7,26,2,7,3,12,0,2
match-9593cfb1-5631,solidaritaet_ueberleben,standard,0,0,0,8,-2,13,9,33,2,9,2,5,0,0
match-9593cfb1-5631,urzeitliche_kolosse,standard,1,1,1,8,5,13,7,33,3,7,5,12,0,0
match-017be1ea-5632,solidaritaet_ueberleben,standard,0,0,0,11,-3,16,11,38,17,11,4,6,0,0
match-017be1ea-5632,urzeitliche_kolosse,standard,1,1,1,11,4,15,10,43,12,9,6,13,0,3
match-882e912c-5633,solidaritaet_ueberleben,standard,0,1,0,14,3,19,13,51,45,13,9,13,0,0
match-882e912c-5633,urzeitliche_kolosse,standard,1,0,1,14,-3,19,15,52,39,14,10,7,0,0
match-f416a364-5634,solidaritaet_ueberleben,standard,0,1,0,9,6,14,11,35,3,10,9,12,0,0
match-f416a364-5634,urzeitliche_kolosse,standard,1,0,1,9,-2,14,12,40,2,11,6,4,0,0
match-7ac952a7-5635,solidaritaet_ueberleben,standard,0,1,0,9,6,13,9,31,5,9,2,11,0,0
match-7ac952a7-5635,urzeitliche_kolosse,standard,1,0,1,9,-1,15,8,33,10,7,7,4,0,2
match-51db7908-5636,solidaritaet_ueberleben,standard,0,0,0,7,0,12,7,25,2,7,2,4,0,0
match-51db7908-5636,urzeitliche_kolosse,standard,1,1,1,7,6,13,6,25,3,6,4,10,0,0
match-d88e084a-5637,solidaritaet_ueberleben,standard,0,0,0,10,-4,15,10,32,18,9,6,4,0,0
match-d88e084a-5637,urzeitliche_kolosse,standard,1,1,1,10,6,14,12,48,5,11,6,14,0,0
match-44763a83-5638,solidaritaet_ueberleben,standard,0,0,0,14,-3,19,15,56,39,14,5,4,0,0
match-44763a83-5638,urzeitliche_kolosse,standard,1,1,1,14,6,18,10,35,56,9,12,13,0,1
match-cb28c9c5-5639,solidaritaet_ueberleben,standard,0,0,0,11,-1,16,10,41,24,9,4,9,0,0
match-cb28c9c5-5639,urzeitliche_kolosse,standard,1,1,1,11,1,17,10,44,15,9,4,11,0,5
match-3710fbfe-5640,solidaritaet_ueberleben,standard,0,0,0,14,-4,21,18,59,37,17,13,4,0,0
match-3710fbfe-5640,urzeitliche_kolosse,standard,1,1,1,14,6,20,17,61,36,16,13,14,0,4
match-bdc38b40-5641,solidaritaet_ueberleben,standard,0,0,0,8,0,12,8,28,3,7,5,8,0,0
match-bdc38b40-5641,urzeitliche_kolosse,standard,1,1,1,8,2,12,9,29,2,9,4,10,0,3
match-29abbd79-5642,solidaritaet_ueberleben,standard,0,0,0,11,0,14,14,45,14,13,9,1,0,0
match-29abbd79-5642,urzeitliche_kolosse,standard,1,1,1,11,9,16,14,52,10,13,11,10,0,0
match-b05e4cbb-5643,solidaritaet_ueberleben,standard,0,0,0,9,-1,15,10,33,8,9,3,5,0,0
match-b05e4cbb-5643,urzeitliche_kolosse,standard,1,1,1,9,5,14,9,35,3,8,4,11,0,2
match-8770731c-5644,solidaritaet_ueberleben,standard,0,0,0,14,-1,18,14,53,38,13,9,6,0,0
match-8770731c-5644,urzeitliche_kolosse,standard,1,1,1,14,4,20,13,52,39,13,8,11,0,0
match-0e23025f-5645,solidaritaet_ueberleben,standard,0,1,0,16,1,23,20,68,56,19,14,10,0,0
match-0e23025f-5645,urzeitliche_kolosse,standard,1,0,1,16,-1,21,18,75,49,17,18,8,0,4
match-7a0b3497-5646,solidaritaet_ueberleben,standard,0,0,0,7,0,12,8,26,1,7,3,7,0,0
match-7a0b3497-5646,urzeitliche_kolosse,standard,1,1,1,7,3,13,6,25,3,6,3,10,0,0
match-00bdc3da-5647,solidaritaet_ueberleben,standard,0,1,0,9,4,15,8,32,9,7,6,11,0,0
match-00bdc3da-5647,urzeitliche_kolosse,standard,1,0,1,9,-1,14,9,35,8,9,2,6,0,0
match-6ca5f612-5648,solidaritaet_ueberleben,standard,0,0,0,9,-2,15,12,39,3,11,4,5,0,0
match-6ca5f612-5648,urzeitliche_kolosse,standard,1,1,1,9,5,14,10,37,3,9,9,12,0,1
match-f3588554-5649,solidaritaet_ueberleben,standard,0,0,0,11,0,17,10,41,18,10,10,3,0,0
match-f3588554-5649,urzeitliche_kolosse,standard,1,1,1,11,7,16,14,53,9,13,7,10,0,1
match-5f40b78d-5650,solidaritaet_ueberleben,standard,0,1,0,10,4,14,13,44,11,13,6,13,3,0
match-5f40b78d-5650,urzeitliche_kolosse,standard,1,0,1,10,-3,16,9,36,16,9,10,6,0,3
match-e5f346cf-5651,solidaritaet_ueberleben,standard,0,1,0,8,5,12,9,31,3,9,4,12,0,0
match-e5f346cf-5651,urzeitliche_kolosse,standard,1,0,1,8,-2,14,10,30,6,9,5,5,0,0
match-bd056d30-5652,solidaritaet_ueberleben,standard,0,1,0,17,2,22,20,68,68,19,13,4,1,0
match-bd056d30-5652,urzeitliche_kolosse,standard,1,0,1,17,0,23,18,75,72,17,19,2,0,4
match-43b81c73-5653,solidaritaet_ueberleben,standard,0,0,0,8,-1,14,10,35,1,10,3,4,0,0
match-43b81c73-5653,urzeitliche_kolosse,standard,1,1,1,8,6,12,9,27,1,8,6,11,0,2
match-afa02eab-5654,solidaritaet_ueberleben,standard,0,0,0,10,-2,14,9,35,10,9,5,7,0,0
match-afa02eab-5654,urzeitliche_kolosse,standard,1,1,1,10,3,14,9,37,8,8,4,12,0,4
match-3652ddee-5655,solidaritaet_ueberleben,standard,0,0,0,9,-4,15,10,34,7,10,6,7,0,0
match-3652ddee-5655,urzeitliche_kolosse,standard,1,1,1,9,3,14,10,43,2,10,6,14,0,0
match-a23af026-5656,solidaritaet_ueberleben,standard,0,0,0,14,-2,21,18,60,36,17,12,4,0,0
match-a23af026-5656,urzeitliche_kolosse,standard,1,1,1,14,6,18,17,65,35,17,14,12,0,4
match-28ed9f69-5657,solidaritaet_ueberleben,standard,0,0,0,13,-1,18,17,56,25,16,10,3,1,0
match-28ed9f69-5657,urzeitliche_kolosse,standard,1,1,1,13,7,19,16,62,21,15,12,11,0,4
match-94d5b1a1-5658,solidaritaet_ueberleben,standard,0,1,0,8,4,13,8,32,4,7,4,10,0,0
match-94d5b1a1-5658,urzeitliche_kolosse,standard,1,0,1,8,0,13,9,34,2,9,2,6,0,2
match-1b8840e4-5659,solidaritaet_ueberleben,standard,0,0,0,7,-1,13,7,26,1,6,2,1,0,0
match-1b8840e4-5659,urzeitliche_kolosse,standard,1,1,1,7,9,13,7,27,1,7,4,11,0,0
match-45f276a3-5660,solidaritaet_ueberleben,standard,0,1,0,10,6,14,13,43,3,13,6,10,0,0
match-45f276a3-5660,urzeitliche_kolosse,standard,1,0,1,10,0,15,11,36,19,10,9,4,0,2
match-cca505e5-5661,solidaritaet_ueberleben,standard,0,0,0,10,-1,16,12,45,9,11,6,8,0,0
match-cca505e5-5661,urzeitliche_kolosse,standard,1,1,1,10,2,16,12,44,5,11,9,11,0,0
match-388d381e-5662,solidaritaet_ueberleben,standard,0,1,0,7,7,11,7,24,2,7,3,10,0,0
match-388d381e-5662,urzeitliche_kolosse,standard,1,0,1,7,0,13,7,26,2,7,3,3,0,0
match-bf3fc760-5663,solidaritaet_ueberleben,standard,0,0,0,15,-1,20,16,55,53,15,12,6,0,0
match-bf3fc760-5663,urzeitliche_kolosse,standard,1,1,1,15,4,19,18,71,41,17,13,11,0,3
match-2b27f999-5664,solidaritaet_ueberleben,standard,0,0,0,13,0,18,16,53,28,15,13,9,1,0
match-2b27f999-5664,urzeitliche_kolosse,standard,1,1,1,13,1,18,16,54,29,15,13,10,0,1
match-b1da88db-5665,solidaritaet_ueberleben,standard,0,0,0,7,0,12,8,26,1,8,5,2,0,0
match-b1da88db-5665,urzeitliche_kolosse,standard,1,1,1,7,8,12,10,28,0,9,6,10,0,0
match-1dc2bb14-5666,solidaritaet_ueberleben,standard,0,1,0,14,1,19,13,48,43,12,10,15,0,0
match-1dc2bb14-5666,urzeitliche_kolosse,standard,1,0,1,14,-5,18,16,66,30,15,8,9,0,2
match-a4754a56-5667,solidaritaet_ueberleben,standard,0,0,0,9,-2,13,7,27,9,7,4,8,0,0
match-a4754a56-5667,urzeitliche_kolosse,standard,1,1,1,9,2,13,7,27,9,7,4,12,0,2
match-7b8770b7-5668,solidaritaet_ueberleben,standard,0,1,0,9,1,14,9,31,5,9,3,15,0,0
match-7b8770b7-5668,urzeitliche_kolosse,standard,1,0,1,9,-5,15,8,29,14,8,6,9,0,3
match-023a1ffa-5669,solidaritaet_ueberleben,standard,0,0,0,14,-1,19,15,55,36,14,9,0,0,0
match-023a1ffa-5669,urzeitliche_kolosse,standard,1,1,1,14,10,19,14,56,35,13,10,11,0,0
match-6e223232-5670,solidaritaet_ueberleben,standard,0,0,0,10,-2,15,10,38,7,10,7,9,0,0
match-6e223232-5670,urzeitliche_kolosse,standard,1,1,1,10,1,15,9,35,10,8,6,12,0,1
match-f4d4c174-5671,solidaritaet_ueberleben,standard,0,0,0,9,-1,13,8,24,12,8,7,0,0,0
match-f4d4c174-5671,urzeitliche_kolosse,standard,1,1,1,9,10,13,11,38,3,11,4,11,0,1
match-60bcf3ad-5672,solidaritaet_ueberleben,standard,0,1,0,7,6,11,7,27,1,6,2,10,0,0
match-60bcf3ad-5672,urzeitliche_kolosse,standard,1,0,1,7,0,12,7,22,2,7,3,4,0,0
match-e76f82ef-5673,solidaritaet_ueberleben,standard,0,1,0,8,1,14,7,32,4,7,9,13,0,0
match-e76f82ef-5673,urzeitliche_kolosse,standard,1,0,1,8,-3,13,11,30,3,10,2,9,0,0
match-5357b528-5674,solidaritaet_ueberleben,standard,0,1,0,9,4,14,10,39,5,9,6,10,0,0
match-5357b528-5674,urzeitliche_kolosse,standard,1,0,1,9,0,14,9,39,4,9,4,6,0,0
match-da0a446a-5675,solidaritaet_ueberleben,standard,0,1,0,15,1,19,14,45,60,14,11,9,0,0
match-da0a446a-5675,urzeitliche_kolosse,standard,1,0,1,15,0,21,14,62,49,13,14,8,0,3
match-b11c6acb-5676,solidaritaet_ueberleben,standard,0,0,0,8,0,12,9,30,2,9,4,8,0,0
match-b11c6acb-5676,urzeitliche_kolosse,standard,1,1,1,8,2,14,7,31,3,7,4,10,0,0
match-37cf1a0e-5677,solidaritaet_ueberleben,standard,0,0,0,14,0,21,17,58,35,16,13,7,0,0
match-37cf1a0e-5677,urzeitliche_kolosse,standard,1,1,1,14,3,18,17,68,27,16,12,10,0,1
match-a3b72c46-5678,solidaritaet_ueberleben,standard,0,0,0,10,-3,15,10,40,8,10,7,0,0,0
match-a3b72c46-5678,urzeitliche_kolosse,standard,1,1,1,10,10,14,12,47,5,11,5,13,0,1
match-2a69db89-5679,solidaritaet_ueberleben,standard,0,0,0,12,-2,17,12,44,34,12,9,5,0,0
match-2a69db89-5679,urzeitliche_kolosse,standard,1,1,1,12,5,16,15,61,12,14,11,12,0,0
match-9651edc1-5680,solidaritaet_ueberleben,standard,0,0,0,8,-2,13,9,26,5,8,5,7,0,0
match-9651edc1-5680,urzeitliche_kolosse,standard,1,1,1,8,3,14,9,34,0,9,4,12,0,2
match-1d049d04-5681,solidaritaet_ueberleben,standard,0,0,0,9,-1,13,9,33,12,8,3,1,0,0
match-1d049d04-5681,urzeitliche_kolosse,standard,1,1,1,9,9,14,8,39,1,8,4,11,0,0
match-88ecaf3c-5682,solidaritaet_ueberleben,standard,0,1,0,10,6,15,9,41,9,8,5,12,0,0
match-88ecaf3c-5682,urzeitliche_kolosse,standard,1,0,1,10,-2,16,10,37,16,9,4,4,0,0
match-0f9f5e7f-5683,solidaritaet_ueberleben,standard,0,0,0,11,-3,16,14,46,12,13,5,8,0,0
match-0f9f5e7f-5683,urzeitliche_kolosse,standard,1,1,1,11,2,17,11,43,16,10,10,13,0,3
match-e6b164df-5684,solidaritaet_ueberleben,standard,0,1,0,8,7,14,10,33,2,9,4,10,0,0
match-e6b164df-5684,urzeitliche_kolosse,standard,1,0,1,8,0,13,8,33,3,8,7,3,0,0
match-6d641422-5685,solidaritaet_ueberleben,standard,0,,0,16,0,22,17,63,57,16,15,7,0,0
match-6d641422-5685,urzeitliche_kolosse,standard,1,,1,16,0,22,17,68,52,16,14,7,0,6
match-d94c265a-5686,solidaritaet_ueberleben,standard,0,0,0,10,-1,16,13,46,9,12,4,4,0,0
match-d94c265a-5686,urzeitliche_kolosse,standard,1,1,1,10,6,14,10,39,8,9,8,11,0,0
match-5ffed59d-5687,solidaritaet_ueberleben,standard,0,0,0,15,0,19,16,57,48,15,7,8,0,0
match-5ffed59d-5687,urzeitliche_kolosse,standard,1,1,1,15,1,19,12,50,61,11,11,9,0,5
match-cbe6e7d5-5688,solidaritaet_ueberleben,standard,0,0,0,9,-1,13,10,34,2,9,4,3,0,0
match-cbe6e7d5-5688,urzeitliche_kolosse,standard,1,1,1,9,7,15,8,32,4,8,9,11,0,0
match-52999718-5689,solidaritaet_ueberleben,standard,0,0,0,13,-1,19,15,52,26,14,10,5,1,0
match-52999718-5689,urzeitliche_kolosse,standard,1,1,1,13,5,19,14,60,26,14,11,11,0,0
match-be81a950-5690,solidaritaet_ueberleben,standard,0,1,0,7,8,12,6,25,2,6,4,10,0,0
match-be81a950-5690,urzeitliche_kolosse,standard,1,0,1,7,0,12,7,27,1,6,3,2,0,0
match-45345893-5691,solidaritaet_ueberleben,standard,0,1,0,8,8,12,8,26,4,8,7,14,0,0
match-45345893-5691,urzeitliche_kolosse,standard,1,0,1,8,-4,14,9,35,1,8,3,2,0,1
match-c8ee6f95-5692,solidaritaet_ueberleben,standard,0,1,0,7,2,12,6,23,2,6,5,16,0,0
match-c8ee6f95-5692,urzeitliche_kolosse,standard,1,0,1,7,-6,11,7,23,3,7,4,8,0,1
match-4fa11ed8-5693,solidaritaet_ueberleben,standard,0,1,0,9,2,15,8,31,5,7,4,12,0,0
match-4fa11ed8-5693,urzeitliche_kolosse,standard,1,0,1,9,-2,14,9,34,7,8,3,8,0,0
match-bb893110-5694,solidaritaet_ueberleben,standard,0,0,0,9,-1,14,12,33,5,12,6,4,1,0
match-bb893110-5694,urzeitliche_kolosse,standard,1,1,1,9,6,14,10,35,8,10,9,11,0,1
match-423bc053-5695,solidaritaet_ueberleben,standard,0,,0,16,0,21,12,47,73,11,7,8,0,0
match-423bc053-5695,urzeitliche_kolosse,standard,1,,1,16,-1,21,12,55,72,11,7,7,0,3
match-ae23f28b-5696,solidaritaet_ueberleben,standard,0,0,0,16,0,23,19,64,62,18,15,3,0,0
match-ae23f28b-5696,urzeitliche_kolosse,standard,1,1,1,16,4,21,19,74,57,18,16,7,0,1
match-34d681ce-5697,solidaritaet_ueberleben,standard,0,0,0,10,-1,16,9,32,13,9,5,7,0,0
match-34d681ce-5697,urzeitliche_kolosse,standard,1,1,1,10,3,14,10,39,14,9,7,11,0,1
match-a0beb406-5698,solidaritaet_ueberleben,standard,0,1,0,11,10,16,11,37,18,11,1,11,0,0
match-a0beb406-5698,urzeitliche_kolosse,standard,1,0,1,11,-1,16,6,26,29,6,6,0,0,0
match-27714349-5699,solidaritaet_ueberleben,standard,0,0,0,15,-2,22,16,53,52,15,9,3,0,0
match-27714349-5699,urzeitliche_kolosse,standard,1,1,1,15,7,21,15,61,44,14,11,12,0,4
match-fe8369a9-5700,solidaritaet_ueberleben,standard,0,1,0,8,4,13,8,33,3,7,5,11,0,0
match-fe8369a9-5700,urzeitliche_kolosse,standard,1,0,1,8,-1,14,9,32,3,9,3,6,0,0
match-853618ec-5701,solidaritaet_ueberleben,standard,0,0,0,7,-1,13,7,27,0,7,1,6,0,0
match-853618ec-5701,urzeitliche_kolosse,standard,1,1,1,7,4,12,5,25,3,5,5,11,0,0
match-f11e2b24-5702,solidaritaet_ueberleben,standard,0,0,0,6,0,11,5,18,3,4,2,0,0,0
match-f11e2b24-5702,urzeitliche_kolosse,standard,1,1,1,6,10,11,6,21,0,5,2,10,0,0
match-77d0da67-5703,solidaritaet_ueberleben,standard,0,0,0,9,-2,14,9,35,10,8,3,5,0,0
match-77d0da67-5703,urzeitliche_kolosse,standard,1,1,1,9,5,15,8,39,4,8,3,12,0,5
match-e3b8ec9f-5704,solidaritaet_ueberleben,standard,0,0,0,16,0,19,15,52,78,14,14,5,0,0
match-e3b8ec9f-5704,urzeitliche_kolosse,standard,1,1,1,16,2,22,19,71,55,18,11,7,0,5
match-6a6b9be2-5705,solidaritaet_ueberleben,standard,0,0,0,10,-1,14,12,35,17,11,4,4,0,0
match-6a6b9be2-5705,urzeitliche_kolosse,standard,1,1,1,10,6,14,10,38,7,9,9,11,0,0
match-d653ae1a-5706,solidaritaet_ueberleben,standard,0,0,0,11,-4,15,12,37,24,11,9,8,0,0
match-d653ae1a-5706,urzeitliche_kolosse,standard,1,1,1,11,2,16,14,52,13,13,7,14,0,0
match-5d065d5d-5707,solidaritaet_ueberleben,standard,0,0,0,8,0,13,9,28,4,9,6,7,0,0
match-5d065d5d-5707,urzeitliche_kolosse,standard,1,1,1,8,3,12,8,33,3,8,6,10,0,0
match-341863be-5708,solidaritaet_ueberleben,standard,0,1,0,12,2,16,13,49,21,13,6,10,0,0
match-341863be-5708,urzeitliche_kolosse,standard,1,0,1,12,0,18,11,52,18,10,9,8,0,4
match-bacb1300-5709,solidaritaet_ueberleben,standard,0,1,0,12,2,17,15,52,20,14,10,12,0,0
match-bacb1300-5709,urzeitliche_kolosse,standard,1,0,1,12,-2,18,15,54,16,14,9,8,0,1
match-26b32539-5710,solidaritaet_ueberleben,standard,0,0,0,15,-1,21,14,49,56,13,8,7,0,0
match-26b32539-5710,urzeitliche_kolosse,standard,1,1,1,15,3,19,12,55,50,12,11,11,0,0
match-ad65d47b-5711,solidaritaet_ueberleben,standard,0,0,0,10,-2,15,12,35,14,11,4,4,0,0
match-ad65d47b-5711,urzeitliche_kolosse,standard,1,1,1,10,6,15,10,41,9,9,8,12,0,3
match-194de6b4-5712,solidaritaet_ueberleben,standard,0,0,0,10,-1,16,11,36,13,11,3,1,0,0
match-194de6b4-5712,urzeitliche_kolosse,standard,1,1,1,10,9,15,8,35,10,8,6,11,0,0
match-a00095f6-5713,solidaritaet_ueberleben,standard,0,0,0,9,-1,14,12,40,2,12,3,8,0,0
match-a00095f6-5713,urzeitliche_kolosse,standard,1,1,1,9,2,14,8,37,4,7,9,11,0,4
match-0be8a82f-5714,solidaritaet_ueberleben,standard,0,0,0,10,0,16,11,46,4,10,5,8,0,0
match-0be8a82f-5714,urzeitliche_kolosse,standard,1,1,1,10,2,16,10,44,5,10,5,10,0,0
match-929b5771-5715,solidaritaet_ueberleben,standard,0,0,0,16,-2,23,12,39,81,11,5,8,0,0
match-929b5771-5715,urzeitliche_kolosse,standard,1,1,1,16,1,21,11,53,67,10,8,11,0,1
match-69ad7dd2-5716,solidaritaet_ueberleben,standard,0,0,0,7,0,14,9,27,1,9,4,1,0,0
match-69ad7dd2-5716,urzeitliche_kolosse,standard,1,1,1,7,9,12,7,25,3,7,4,10,0,2
match-f0600d14-5717,solidaritaet_ueberleben,standard,0,1,0,8,4,13,9,34,2,8,2,11,0,0
match-f0600d14-5717,urzeitliche_kolosse,standard,1,0,1,8,-1,13,7,31,2,7,7,6,0,2
match-5c483f4d-5718,solidaritaet_ueberleben,standard,0,0,0,8,0,14,8,26,2,8,7,7,2,0
match-5c483f4d-5718,urzeitliche_kolosse,standard,1,1,1,8,3,14,11,34,1,10,3,10,0,0
match-e2face8f-5719,solidaritaet_ueberleben,standard,0,1,0,15,4,21,16,54,55,15,15,9,0,0
match-e2face8f-5719,urzeitliche_kolosse,standard,1,0,1,15,0,21,18,72,36,18,13,5,0,2
match-4ee2e0c8-5720,solidaritaet_ueberleben,standard,0,0,0,10,0,15,12,41,4,11,8,7,1,0
match-4ee2e0c8-5720,urzeitliche_kolosse,standard,1,1,1,10,3,16,12,49,3,12,6,10,0,1
match-d595900a-5721,solidaritaet_ueberleben,standard,0,1,0,7,5,12,7,25,2,7,5,12,0,0
match-d595900a-5721,urzeitliche_kolosse,standard,1,0,1,7,-2,12,7,26,2,6,4,5,0,0
match-417da243-5722,solidaritaet_ueberleben,standard,0,0,0,11,-2,15,12,45,20,12,4,3,0,0
match-417da243-5722,urzeitliche_kolosse,standard,1,1,1,11,7,17,10,43,15,9,8,12,0,2
match-c8305185-5723,solidaritaet_ueberleben,standard,0,0,0,16,-1,22,16,61,64,15,8,5,0,0
match-c8305185-5723,urzeitliche_kolosse,standard,1,1,1,16,2,22,13,60,63,12,13,8,0,3
match-f29a6744-5724,solidaritaet_ueberleben,standard,0,0,0,11,-3,17,14,45,13,13,7,2,0,0
match-f29a6744-5724,urzeitliche_kolosse,standard,1,1,1,11,8,15,13,56,10,12,9,13,0,0
match-794d1687-5725,solidaritaet_ueberleben,standard,0,0,0,6,0,9,8,20,1,8,5,2,1,0
match-794d1687-5725,urzeitliche_kolosse,standard,1,1,1,6,8,10,7,19,2,7,4,10,0,0
match-e53528bf-5726,solidaritaet_ueberleben,standard,0,0,0,11,0,16,14,52,7,13,9,3,0,0
match-e53528bf-5726,urzeitliche_kolosse,standard,1,1,1,11,7,16,14,50,6,13,9,10,0,1
match-6be7d802-5727,solidaritaet_ueberleben,standard,0,0,0,7,0,13,8,26,1,7,3,6,0,0
match-6be7d802-5727,urzeitliche_kolosse,standard,1,1,1,7,4,12,8,26,1,8,6,10,0,3
match-d7cfea3a-5728,solidaritaet_ueberleben,standard,0,0,0,7,0,13,6,18,3,5,4,7,0,0
match-d7cfea3a-5728,urzeitliche_kolosse,standard,1,1,1,7,3,13,7,25,3,7,1,10,0,0
match-5e82997d-5729,solidaritaet_ueberleben,standard,0,0,0,8,-1,13,7,26,2,7,4,3,0,0
match-5e82997d-5729,urzeitliche_kolosse,standard,1,1,1,8,7,14,8,35,1,7,3,11,0,4
match-ca6aabb5-5730,solidaritaet_ueberleben,standard,0,0,0,10,-1,14,12,39,8,11,7,7,0,0
match-ca6aabb5-5730,urzeitliche_kolosse,standard,1,1,1,10,3,17,10,44,5,10,6,11,0,0
match-511d5af8-5731,solidaritaet_ueberleben,standard,0,1,0,7,5,13,7,25,2,7,4,10,0,0
match-511d5af8-5731,urzeitliche_kolosse,standard,1,0,1,7,0,12,6,23,5,6,2,5,0,1
match-282f6159-5732,solidaritaet_ueberleben,standard,0,0,0,9,-4,14,10,34,11,10,4,4,0,0
match-282f6159-5732,urzeitliche_kolosse,standard,1,1,1,9,6,15,9,40,1,9,6,14,0,0
match-aee2109b-5733,solidaritaet_ueberleben,standard,0,0,0,14,-1,19,15,51,40,15,13,8,0,0
match-aee2109b-5733,urzeitliche_kolosse,standard,1,1,1,14,2,18,16,59,32,15,13,11,0,2
match-1aca22d4-5734,solidaritaet_ueberleben,standard,0,0,0,12,-1,19,16,52,16,15,5,8,0,0
match-1aca22d4-5734,urzeitliche_kolosse,standard,1,1,1,12,2,18,11,51,19,10,13,11,0,3
match-a17cd216-5735,solidaritaet_ueberleben,standard,0,0,0,11,0,17,12,42,17,11,9,7,0,0
match-a17cd216-5735,urzeitliche_kolosse,standard,1,1,1,11,3,17,15,55,11,14,7,10,0,0
match-0d64e44f-5736,solidaritaet_ueberleben,standard,0,0,0,11,-1,15,8,31,29,8,6,4,0,0
match-0d64e44f-5736,urzeitliche_kolosse,standard,1,1,1,11,6,17,11,49,16,11,4,11,0,8
match-94179391-5737,solidaritaet_ueberleben,standard,0,0,0,9,0,14,10,31,9,10,2,6,0,0
match-94179391-5737,urzeitliche_kolosse,standard,1,1,1,9,4,15,8,33,5,7,5,10,0,2
match-ffffa5c9-5738,solidaritaet_ueberleben,standard,0,0,0,10,0,13,10,37,11,9,8,8,0,0
match-ffffa5c9-5738,urzeitliche_kolosse,standard,1,1,1,10,2,16,13,44,7,12,4,10,0,0
match-86b2550c-5739,solidaritaet_ueberleben,standard,0,,0,17,-1,21,15,59,80,14,10,5,0,0
match-86b2550c-5739,urzeitliche_kolosse,standard,1,,1,17,-1,22,15,56,80,14,11,5,0,1
match-5dc47b6d-5740,solidaritaet_ueberleben,standard,0,0,0,12,0,17,12,43,27,11,11,2,0,0
match-5dc47b6d-5740,urzeitliche_kolosse,standard,1,1,1,12,8,18,15,55,13,14,9,10,0,0
match-e4770aaf-5741,solidaritaet_ueberleben,standard,0,0,0,15,0,22,16,60,50,15,9,8,0,0
match-e4770aaf-5741,urzeitliche_kolosse,standard,1,1,1,15,2,21,15,61,44,14,11,10,0,3
match-505f3ce8-5742,solidaritaet_ueberleben,standard,0,0,0,10,-1,15,10,36,9,10,6,0,0,0
match-505f3ce8-5742,urzeitliche_kolosse,standard,1,1,1,10,10,16,9,38,7,9,7,11,0,1
match-d711cc2a-5743,solidaritaet_ueberleben,standard,0,0,0,4,-1,9,2,7,3,2,0,0,0,0
match-d711cc2a-5743,urzeitliche_kolosse,standard,1,1,1,4,10,8,5,10,0,5,0,11,0,0
match-42f9fe63-5744,solidaritaet_ueberleben,standard,0,0,0,15,0,19,12,50,55,11,10,4,0,0
match-42f9fe63-5744,urzeitliche_kolosse,standard,1,1,1,15,5,19,15,59,50,14,7,9,0,0
match-c9ac8da5-5745,solidaritaet_ueberleben,standard,0,0,0,11,-1,16,15,49,17,14,4,8,0,0
match-c9ac8da5-5745,urzeitliche_kolosse,standard,1,1,1,11,2,14,10,38,17,9,12,11,0,1
match-3594bfde-5746,solidaritaet_ueberleben,standard,0,0,0,15,0,19,13,51,54,12,10,7,0,0
match-3594bfde-5746,urzeitliche_kolosse,standard,1,1,1,15,2,20,15,60,54,14,10,9,0,1
match-bc474f20-5747,solidaritaet_ueberleben,standard,0,0,0,15,0,19,18,61,55,17,11,4,0,0
match-bc474f20-5747,urzeitliche_kolosse,standard,1,1,1,15,5,21,17,69,43,16,13,9,0,0
match-93597581-5748,solidaritaet_ueberleben,standard,0,1,0,9,4,15,9,34,7,9,3,13,0,0
match-93597581-5748,urzeitliche_kolosse,standard,1,0,1,9,-3,14,9,35,8,8,4,6,0,3
match-1a0c04c4-5749,solidaritaet_ueberleben,standard,0,0,0,6,-4,10,5,17,4,5,3,3,0,0
match-1a0c04c4-5749,urzeitliche_kolosse,standard,1,1,1,6,7,11,6,20,0,6,2,14,0,0
match-85f436fc-5750,solidaritaet_ueberleben,standard,0,0,0,11,-2,17,13,44,17,12,8,6,0,0
match-85f436fc-5750,urzeitliche_kolosse,standard,1,1,1,11,4,15,13,51,9,12,10,12,0,1
match-0ca6c63f-5751,solidaritaet_ueberleben,standard,0,1,0,15,3,21,15,55,50,14,7,12,0,0
match-0ca6c63f-5751,urzeitliche_kolosse,standard,1,0,1,15,-2,21,13,56,49,12,11,7,0,0
match-788ef877-5752,solidaritaet_ueberleben,standard,0,1,0,9,3,15,11,36,6,10,9,12,0,0
match-788ef877-5752,urzeitliche_kolosse,standard,1,0,1,9,-2,15,12,36,4,11,6,7,0,0
match-ff4187b9-5753,solidaritaet_ueberleben,standard,0,0,0,9,-3,12,6,25,11,6,7,4,0,0
match-ff4187b9-5753,urzeitliche_kolosse,standard,1,1,1,9,6,14,11,39,0,10,2,13,0,0
match-6b29b9f2-5754,solidaritaet_ueberleben,standard,0,1,0,10,1,15,10,38,12,10,7,14,0,0
match-6b29b9f2-5754,urzeitliche_kolosse,standard,1,0,1,10,-4,14,12,44,5,12,6,9,0,2
match-f1dc4934-5755,solidaritaet_ueberleben,standard,0,0,0,14,-3,21,14,54,37,13,9,6,0,0
match-f1dc4934-5755,urzeitliche_kolosse,standard,1,1,1,14,4,20,13,51,44,13,8,13,0,1
match-75966037-5756,solidaritaet_ueberleben,standard,0,0,0,14,-2,19,16,55,36,16,11,4,0,0
match-75966037-5756,urzeitliche_kolosse,standard,1,1,1,14,6,20,17,68,29,16,13,12,0,0
match-fc490f79-5757,solidaritaet_ueberleben,standard,0,0,0,9,-2,13,9,35,5,8,5,4,0,0
match-fc490f79-5757,urzeitliche_kolosse,standard,1,1,1,9,6,14,11,39,4,10,3,12,0,1
match-683121b2-5758,solidaritaet_ueberleben,standard,0,1,0,9,5,14,8,30,6,8,8,11,0,0
match-683121b2-5758,urzeitliche_kolosse,standard,1,0,1,9,-1,15,12,38,5,11,4,5,0,0
match-eee3d0f4-5759,solidaritaet_ueberleben,standard,0,0,0,15,-1,21,15,54,51,14,14,5,0,0
match-eee3d0f4-5759,urzeitliche_kolosse,standard,1,1,1,15,5,19,18,71,38,17,10,11,0,2
match-5acbe32d-5760,solidaritaet_ueberleben,standard,0,1,0,7,3,12,6,26,1,6,4,14,0,0
match-5acbe32d-5760,urzeitliche_kolosse,standard,1,0,1,7,-4,12,8,27,1,8,1,7,0,1
match-e17e926f-5761,solidaritaet_ueberleben,standard,0,0,0,9,0,16,13,40,1,12,3,2,0,0
match-e17e926f-5761,urzeitliche_kolosse,standard,1,1,1,9,8,14,9,34,2,8,8,10,0,1
match-4d66a4a8-5762,solidaritaet_ueberleben,standard,0,1,0,9,7,13,12,37,2,12,2,10,0,0
match-4d66a4a8-5762,urzeitliche_kolosse,standard,1,0,1,9,0,15,8,32,6,7,8,3,0,1
match-d41953ea-5763,solidaritaet_ueberleben,standard,0,0,0,8,0,12,10,31,5,9,3,4,0,0
match-d41953ea-5763,urzeitliche_kolosse,standard,1,1,1,8,6,14,9,28,4,8,7,10,0,1
match-ab2b7a4b-5764,solidaritaet_ueberleben,standard,0,,0,16,0,21,14,56,70,13,9,7,0,0
match-ab2b7a4b-5764,urzeitliche_kolosse,standard,1,,1,16,0,22,14,64,60,13,9,7,0,2
match-31de098e-5765,solidaritaet_ueberleben,standard,0,0,0,4,-1,9,3,8,2,3,1,1,0,0
match-31de098e-5765,urzeitliche_kolosse,standard,1,1,1,4,9,10,4,8,0,3,0,11,0,0
match-9dc63bc6-5766,solidaritaet_ueberleben,standard,0,0,0,16,-1,22,15,58,66,14,8,2,0,0
match-9dc63bc6-5766,urzeitliche_kolosse,standard,1,1,1,16,5,21,13,57,63,12,12,8,0,0
match-2478cb09-5767,solidaritaet_ueberleben,standard,0,0,0,11,-2,16,12,43,18,12,8,8,0,0
match-2478cb09-5767,urzeitliche_kolosse,standard,1,1,1,11,2,16,14,51,14,13,8,12,0,1
match-9060fd41-5768,solidaritaet_ueberleben,standard,0,0,0,16,0,21,20,68,55,19,14,5,2,0
match-9060fd41-5768,urzeitliche_kolosse,standard,1,1,1,16,2,21,18,72,53,17,17,7,0,1
match-17138c84-5769,solidaritaet_ueberleben,standard,0,1,0,11,4,16,14,52,11,13,8,15,4,0
match-17138c84-5769,urzeitliche_kolosse,standard,1,0,1,11,-5,16,12,44,21,12,9,6,0,3
match-82fbbebc-5770,solidaritaet_ueberleben,standard,0,1,0,8,5,15,9,33,0,9,6,11,0,0
match-82fbbebc-5770,urzeitliche_kolosse,standard,1,0,1,8,-1,13,8,33,3,8,5,5,0,0
match-09ae4dff-5771,solidaritaet_ueberleben,standard,0,1,0,10,5,14,12,42,9,12,6,10,0,0
match-09ae4dff-5771,urzeitliche_kolosse,standard,1,0,1,10,0,15,11,44,5,11,8,5,0,1
match-e0c0745f-5772,solidaritaet_ueberleben,standard,0,1,0,7,4,12,6,22,3,6,4,10,0,0
match-e0c0745f-5772,urzeitliche_kolosse,standard,1,0,1,7,0,11,7,25,3,6,2,6,0,0
match-677303a2-5773,solidaritaet_ueberleben,standard,0,1,0,10,3,17,11,39,6,10,5,12,0,0
match-677303a2-5773,urzeitliche_kolosse,standard,1,0,1,10,-2,15,11,44,7,10,6,7,0,0
match-d35b35da-5774,solidaritaet_ueberleben,standard,0,1,0,12,6,17,10,37,29,10,4,12,0,0
match-d35b35da-5774,urzeitliche_kolosse,standard,1,0,1,12,-2,17,9,34,35,9,5,4,0,0
match-5a0dc51d-5775,solidaritaet_ueberleben,standard,0,0,0,10,0,14,11,39,16,11,5,7,3,0
match-5a0dc51d-5775,urzeitliche_kolosse,standard,1,1,1,10,3,17,10,38,10,9,8,10,0,3
match-c5f5f755-5776,solidaritaet_ueberleben,standard,0,0,0,9,-5,13,8,26,10,7,7,7,0,0
match-c5f5f755-5776,urzeitliche_kolosse,standard,1,1,1,9,3,15,11,41,2,10,4,15,0,3
match-4ca88698-5777,solidaritaet_ueberleben,standard,0,1,0,9,5,13,8,32,4,8,6,16,0,0
match-4ca88698-5777,urzeitliche_kolosse,standard,1,0,1,9,-6,14,10,41,3,10,4,5,0,0
match-b890b8d0-5778,solidaritaet_ueberleben,standard,0,0,0,10,0,13,11,38,10,10,6,0,0,0
match-b890b8d0-5778,urzeitliche_kolosse,standard,1,1,1,10,10,14,9,35,10,9,8,10,0,1
match-3f434813-5779,solidaritaet_ueberleben,standard,0,1,0,14,3,19,14,48,43,13,13,11,2,0
match-3f434813-5779,urzeitliche_kolosse,standard,1,0,1,14,-1,19,17,65,34,16,9,7,0,1
match-16556e74-5780,solidaritaet_ueberleben,standard,0,1,0,9,5,15,9,32,6,8,5,12,0,0
match-16556e74-5780,urzeitliche_kolosse,standard,1,0,1,9,-2,14,9,34,9,9,4,5,0,0
match-9d081db6-5781,solidaritaet_ueberleben,standard,0,0,0,8,-2,12,10,31,2,10,2,2,0,0
match-9d081db6-5781,urzeitliche_kolosse,standard,1,1,1,8,8,13,7,34,1,7,5,12,0,0
match-08f02fef-5782,solidaritaet_ueberleben,standard,0,0,0,14,-3,20,18,60,35,17,7,5,4,0
match-08f02fef-5782,urzeitliche_kolosse,standard,1,1,1,14,5,19,12,52,43,11,16,13,0,0
match-8fa2df31-5783,solidaritaet_ueberleben,standard,0,1,0,10,4,16,10,39,12,9,5,14,0,0
match-8fa2df31-5783,urzeitliche_kolosse,standard,1,0,1,10,-4,15,10,40,15,10,6,6,0,2
match-fb8af169-5784,solidaritaet_ueberleben,standard,0,0,0,10,0,14,11,35,10,10,3,5,1,0
match-fb8af169-5784,urzeitliche_kolosse,standard,1,1,1,10,5,15,7,33,12,7,6,10,0,3
match-823d80ac-5785,solidaritaet_ueberleben,standard,0,0,0,5,-1,11,6,14,1,6,2,0,0,0
match-823d80ac-5785,urzeitliche_kolosse,standard,1,1,1,5,10,10,5,15,0,5,2,11,0,0
match-ee25b2e4-5786,solidaritaet_ueberleben,standard,0,1,0,15,2,19,16,62,53,15,12,12,0,0
match-ee25b2e4-5786,urzeitliche_kolosse,standard,1,0,1,15,-2,19,18,72,36,17,11,8,0,5
match-74d84227-5787,solidaritaet_ueberleben,standard,0,0,0,10,0,15,7,31,18,7,3,0,0,0
match-74d84227-5787,urzeitliche_kolosse,standard,1,1,1,10,10,15,8,34,19,8,3,10,0,0
match-9f4277e6-5788,solidaritaet_ueberleben,standard,0,0,0,15,0,21,14,54,51,13,4,8,0,0
match-9f4277e6-5788,urzeitliche_kolosse,standard,1,1,1,15,2,21,10,41,64,9,10,10,0,0
match-25f50729-5789,solidaritaet_ueberleben,standard,0,1,0,16,2,22,18,66,61,17,14,9,0,0
match-25f50729-5789,urzeitliche_kolosse,standard,1,0,1,16,0,21,19,70,54,18,14,7,0,5
match-91dd3961-5790,solidaritaet_ueberleben,standard,0,1,0,14,3,19,16,54,40,15,14,12,1,0
match-91dd3961-5790,urzeitliche_kolosse,standard,1,0,1,14,-2,20,17,61,32,16,12,7,0,5
match-188fc8a4-5791,solidaritaet_ueberleben,standard,0,0,0,15,0,22,13,47,58,12,8,6,0,0
match-188fc8a4-5791,urzeitliche_kolosse,standard,1,1,1,15,3,19,13,62,47,12,10,9,0,1
match-8477fadc-5792,solidaritaet_ueberleben,standard,0,1,0,9,6,15,9,32,4,8,7,10,0,0
match-8477fadc-5792,urzeitliche_kolosse,standard,1,0,1,9,0,15,9,34,4,8,4,4,0,0
match-0b2a8a1f-5793,solidaritaet_ueberleben,standard,0,0,0,10,0,14,9,36,12,8,8,9,0,0
match-0b2a8a1f-5793,urzeitliche_kolosse,standard,1,1,1,10,1,15,13,50,5,12,3,10,0,3
match-7712bc57-5794,solidaritaet_ueberleben,standard,0,0,0,10,0,14,12,39,6,11,8,5,1,0
match-7712bc57-5794,urzeitliche_kolosse,standard,1,1,1,10,5,15,11,38,7,10,6,10,0,0
match-fdc54b99-5795,solidaritaet_ueberleben,standard,0,0,0,10,0,14,13,40,9,13,7,0,0,0
match-fdc54b99-5795,urzeitliche_kolosse,standard,1,1,1,10,10,14,12,37,11,11,12,10,0,1
match-d4d771fa-5796,solidaritaet_ueberleben,standard,0,1,0,15,5,19,18,60,47,17,13,13,0,0
match-d4d771fa-5796,urzeitliche_kolosse,standard,1,0,1,15,-3,20,18,71,38,17,15,5,0,3
match-5b8a013d-5797,solidaritaet_ueberleben,standard,0,0,0,6,0,9,7,20,1,6,2,0,0,0
match-5b8a013d-5797,urzeitliche_kolosse,standard,1,1,1,6,10,12,7,19,1,6,3,10,0,0
match-c7723375-5798,solidaritaet_ueberleben,standard,0,0,0,9,-2,15,7,27,9,6,5,3,0,0
match-c7723375-5798,urzeitliche_kolosse,standard,1,1,1,9,7,15,9,39,2,9,4,12,0,0
match-4e24c2b8-5799,solidaritaet_ueberleben,standard,0,1,0,13,3,19,16,54,27,15,7,10,0,0
match-4e24c2b8-5799,urzeitliche_kolosse,standard,1,0,1,13,0,18,13,57,33,12,11,7,0,3
match-ba0cf4f0-5800,solidaritaet_ueberleben,standard,0,0,0,10,-2,15,12,41,13,11,8,5,0,0
match-ba0cf4f0-5800,urzeitliche_kolosse,standard,1,1,1,10,5,16,13,44,8,12,9,12,0,1
match-40bf8433-5801,solidaritaet_ueberleben,standard,0,1,0,10,4,15,12,44,6,11,6,12,0,0
match-40bf8433-5801,urzeitliche_kolosse,standard,1,0,1,10,-2,16,12,43,11,11,6,6,0,0
match-aca7b66b-5802,solidaritaet_ueberleben,standard,0,0,0,6,-1,10,6,20,1,6,5,3,0,0
match-aca7b66b-5802,urzeitliche_kolosse,standard,1,1,1,6,7,10,8,20,0,7,3,11,0,0
match-335a45ae-5803,solidaritaet_ueberleben,standard,0,1,0,9,4,14,9,32,4,9,7,12,0,0
match-335a45ae-5803,urzeitliche_kolosse,standard,1,0,1,9,-2,14,12,39,4,11,4,6,0,0
match-0a6c6c0f-5804,solidaritaet_ueberleben,standard,0,1,0,15,2,20,13,50,60,13,10,10,0,0
match-0a6c6c0f-5804,urzeitliche_kolosse,standard,1,0,1,15,0,19,16,66,43,15,10,8,0,3
match-911f1b51-5805,solidaritaet_ueberleben,standard,0,1,0,13,2,18,15,50,28,14,12,10,0,0
match-911f1b51-5805,urzeitliche_kolosse,standard,1,0,1,13,0,18,16,61,24,15,12,8,0,0
match-fd072d89-5806,solidaritaet_ueberleben,standard,0,1,0,10,3,16,8,35,10,7,3,12,0,0
match-fd072d89-5806,urzeitliche_kolosse,standard,1,0,1,10,-2,14,9,36,12,8,2,7,0,3
match-83b9dccc-5807,solidaritaet_ueberleben,standard,0,1,0,16,2,21,16,56,64,15,10,8,0,0
match-83b9dccc-5807,urzeitliche_kolosse,standard,1,0,1,16,-1,22,14,58,62,13,10,5,0,1
match-efa1ef04-5808,solidaritaet_ueberleben,standard,0,1,0,8,2,14,7,30,2,6,6,10,0,0
match-efa1ef04-5808,urzeitliche_kolosse,standard,1,0,1,8,0,13,10,34,1,10,1,8,0,1
match-76549e47-5809,solidaritaet_ueberleben,standard,0,0,0,8,-1,12,9,29,5,8,4,1,0,0
match-76549e47-5809,urzeitliche_kolosse,standard,1,1,1,8,9,13,9,36,0,9,4,11,0,0
match-e23cb07f-5810,solidaritaet_ueberleben,standard,0,0,0,15,-1,21,13,48,57,12,14,9,0,0
match-e23cb07f-5810,urzeitliche_kolosse,standard,1,1,1,15,1,20,18,71,37,17,11,11,0,2
match-68ef5fc2-5811,solidaritaet_ueberleben,standard,0,1,0,10,3,16,13,47,3,12,4,10,0,0
match-68ef5fc2-5811,urzeitliche_kolosse,standard,1,0,1,10,0,16,9,38,11,9,7,7,0,2
match-40016623-5812,solidaritaet_ueberleben,standard,0,1,0,7,4,13,6,25,2,6,3,11,0,0
match-40016623-5812,urzeitliche_kolosse,standard,1,0,1,7,-1,11,7,25,3,7,2,6,0,1
match-c6b41565-5813,solidaritaet_ueberleben,standard,0,1,0,11,2,16,15,47,13,14,8,13,0,0
match-c6b41565-5813,urzeitliche_kolosse,standard,1,0,1,11,-3,17,13,47,12,12,9,8,0,1
match-329c279e-5814,solidaritaet_ueberleben,standard,0,0,0,11,-1,15,14,50,9,13,6,9,0,0
match-329c279e-5814,urzeitliche_kolosse,standard,1,1,1,11,1,18,12,48,7,11,11,11,0,2
match-b94ed6e0-5815,solidaritaet_ueberleben,standard,0,1,0,11,4,17,13,48,13,12,7,10,0,0
match-b94ed6e0-5815,urzeitliche_kolosse,standard,1,0,1,11,0,17,13,49,6,12,9,6,0,1
match-2536e919-5816,solidaritaet_ueberleben,standard,0,1,0,15,2,18,12,46,59,12,6,10,0,0
match-2536e919-5816,urzeitliche_kolosse,standard,1,0,1,15,0,20,11,45,60,10,10,8,0,0
match-abe9985b-5817,solidaritaet_ueberleben,standard,0,0,0,8,-1,13,8,33,2,7,1,3,0,0
match-abe9985b-5817,urzeitliche_kolosse,standard,1,1,1,8,7,13,7,30,4,6,5,11,0,1
match-17d1aa94-5818,solidaritaet_ueberleben,standard,0,0,0,6,0,10,8,21,0,8,2,3,0,0
match-17d1aa94-5818,urzeitliche_kolosse,standard,1,1,1,6,7,10,5,18,2,5,5,10,0,0
match-9e8459d6-5819,solidaritaet_ueberleben,standard,0,1,0,8,2,14,7,31,2,7,2,10,0,0
match-9e8459d6-5819,urzeitliche_kolosse,standard,1,0,1,8,0,12,8,26,2,7,2,8,0,2
match-223e70d9-5820,solidaritaet_ueberleben,standard,0,0,0,10,-4,14,8,32,13,7,7,8,0,0
match-223e70d9-5820,urzeitliche_kolosse,standard,1,1,1,10,2,15,10,41,4,10,6,14,0,0
match-a8f1001b-5821,solidaritaet_ueberleben,standard,0,0,0,14,0,20,16,57,40,15,12,2,0,0
match-a8f1001b-5821,urzeitliche_kolosse,standard,1,1,1,14,8,19,17,65,32,16,13,10,0,6
match-14d93254-5822,solidaritaet_ueberleben,standard,0,1,0,9,3,13,9,38,2,8,10,13,0,0
match-14d93254-5822,urzeitliche_kolosse,standard,1,0,1,9,-3,15,11,35,5,11,4,7,0,0
match-9b8bc196-5823,solidaritaet_ueberleben,standard,0,0,0,8,-1,13,10,34,1,9,2,3,0,0
match-9b8bc196-5823,urzeitliche_kolosse,standard,1,1,1,8,7,13,7,24,4,6,7,11,0,1
match-0773f3cf-5824,solidaritaet_ueberleben,standard,0,0,0,6,0,10,6,19,2,5,2,4,0,0
match-0773f3cf-5824,urzeitliche_kolosse,standard,1,1,1,6,6,11,5,18,1,5,1,10,0,0
match-8e268311-5825,solidaritaet_ueberleben,standard,0,0,0,12,-2,18,14,50,21,13,5,3,0,0
match-8e268311-5825,urzeitliche_kolosse,standard,1,1,1,12,7,18,10,49,17,10,9,12,0,0
match-fa0eb549-5826,solidaritaet_ueberleben,standard,0,0,0,6,-5,9,7,20,1,7,3,0,0,0
match-fa0eb549-5826,urzeitliche_kolosse,standard,1,1,1,6,10,9,7,19,1,6,5,15,0,0
match-80c1448c-5827,solidaritaet_ueberleben,standard,0,0,0,16,0,20,13,54,66,12,16,7,0,0
match-80c1448c-5827,urzeitliche_kolosse,standard,1,1,1,16,2,22,19,76,47,19,12,9,0,4
match-57d36aed-5828,solidaritaet_ueberleben,standard,0,0,0,11,-2,17,15,50,9,15,5,6,0,0
match-57d36aed-5828,urzeitliche_kolosse,standard,1,1,1,11,4,16,11,43,17,10,15,12,0,0
match-de861a2f-5829,solidaritaet_ueberleben,standard,0,0,0,11,-1,17,14,49,12,14,9,8,0,0
match-de861a2f-5829,urzeitliche_kolosse,standard,1,1,1,11,2,16,14,48,12,13,11,11,0,2
match-4a6e2c68-5830,solidaritaet_ueberleben,standard,0,1,0,15,2,21,16,54,54,15,8,9,0,0
match-4a6e2c68-5830,urzeitliche_kolosse,standard,1,0,1,15,0,21,14,52,53,13,11,7,0,2
match-d120dbaa-5831,solidaritaet_ueberleben,standard,0,0,0,14,-1,17,17,56,41,16,7,2,0,0
match-d120dbaa-5831,urzeitliche_kolosse,standard,1,1,1,14,8,19,13,54,41,12,13,11,0,0
match-3d08ede3-5832,solidaritaet_ueberleben,standard,0,0,0,5,0,10,4,13,2,4,2,0,0,0
match-3d08ede3-5832,urzeitliche_kolosse,standard,1,1,1,5,10,11,6,15,0,6,3,10,0,1
match-c3bb9d25-5833,solidaritaet_ueberleben,standard,0,0,0,6,0,11,6,19,2,5,5,3,0,0
match-c3bb9d25-5833,urzeitliche_kolosse,standard,1,1,1,6,7,11,8,19,0,8,2,10,0,0
match-2fa3af5e-5834,solidaritaet_ueberleben,standard,0,1,0,8,2,13,9,35,1,8,6,10,0,0
match-2fa3af5e-5834,urzeitliche_kolosse,standard,1,0,1,8,0,14,10,33,3,9,4,8,0,1
match-b6565ea0-5835,solidaritaet_ueberleben,standard,0,0,0,4,0,8,4,10,0,4,0,3,0,0
match-b6565ea0-5835,urzeitliche_kolosse,standard,1,1,1,4,7,8,4,10,0,3,1,10,0,0
match-8d686501-5836,solidaritaet_ueberleben,standard,0,1,0,10,3,15,12,43,5,12,4,11,0,0
match-8d686501-5836,urzeitliche_kolosse,standard,1,0,1,10,-1,15,10,36,9,9,10,7,0,0
match-141b1444-5837,solidaritaet_ueberleben,standard,0,1,0,15,5,20,16,57,48,15,12,13,0,0
match-141b1444-5837,urzeitliche_kolosse,standard,1,0,1,15,-3,21,18,68,40,17,11,5,0,4
match-8003267c-5838,solidaritaet_ueberleben,standard,0,0,0,9,0,14,12,36,4,12,5,0,0,0
match-8003267c-5838,urzeitliche_kolosse,standard,1,1,1,9,10,14,10,40,4,9,9,10,0,0
match-06b5d5bf-5839,solidaritaet_ueberleben,standard,0,0,0,6,-1,11,5,19,2,5,3,0,0,0
match-06b5d5bf-5839,urzeitliche_kolosse,standard,1,1,1,6,10,11,7,18,0,7,2,11,0,1
match-729de7f7-5840,solidaritaet_ueberleben,standard,0,0,0,10,0,14,10,37,12,9,3,0,0,0
match-729de7f7-5840,urzeitliche_kolosse,standard,1,1,1,10,10,14,9,35,10,8,5,10,0,0
match-f9509739-5841,solidaritaet_ueberleben,standard,0,0,0,12,-2,17,14,47,25,13,10,6,0,0
match-f9509739-5841,urzeitliche_kolosse,standard,1,1,1,12,4,17,15,58,10,14,8,12,0,0
match-6538a972-5842,solidaritaet_ueberleben,standard,0,1,0,10,1,15,8,33,16,8,5,15,0,0
match-6538a972-5842,urzeitliche_kolosse,standard,1,0,1,10,-5,15,10,41,9,9,5,9,0,0
match-ebeb58b4-5843,solidaritaet_ueberleben,standard,0,1,0,8,1,14,6,30,4,6,2,10,0,0
match-ebeb58b4-5843,urzeitliche_kolosse,standard,1,0,1,8,0,13,7,27,1,7,2,9,0,0
match-c2fd7f15-5844,solidaritaet_ueberleben,standard,0,1,0,8,6,13,8,31,1,8,1,10,0,0
match-c2fd7f15-5844,urzeitliche_kolosse,standard,1,0,1,8,0,14,7,21,7,6,4,4,0,0
match-49b00e58-5845,solidaritaet_ueberleben,standard,0,1,0,6,8,11,6,20,1,6,2,10,2,0
match-49b00e58-5845,urzeitliche_kolosse,standard,1,0,1,6,0,10,5,18,2,5,2,2,0,0
match-b5982090-5846,solidaritaet_ueberleben,standard,0,0,0,9,-3,15,8,33,6,8,5,6,0,0
match-b5982090-5846,urzeitliche_kolosse,standard,1,1,1,9,4,14,10,39,4,10,5,13,0,2
match-3c4acfd3-5847,solidaritaet_ueberleben,standard,0,0,0,16,-2,20,20,68,58,19,11,8,0,0
match-3c4acfd3-5847,urzeitliche_kolosse,standard,1,1,1,16,1,22,16,68,60,15,17,11,0,4
match-a832e20b-5848,solidaritaet_ueberleben,standard,0,1,0,8,8,14,8,31,3,8,5,13,0,0
match-a832e20b-5848,urzeitliche_kolosse,standard,1,0,1,8,-3,14,7,30,6,7,3,2,0,2
match-2ee5914e-5849,solidaritaet_ueberleben,standard,0,0,0,11,0,18,10,42,13,9,5,0,0,0
match-2ee5914e-5849,urzeitliche_kolosse,standard,1,1,1,11,10,15,11,39,16,10,4,10,0,0
match-9acda386-5850,solidaritaet_ueberleben,standard,0,0,0,11,-4,16,14,44,14,13,4,4,0,0
match-9acda386-5850,urzeitliche_kolosse,standard,1,1,1,11,6,16,8,32,28,8,10,14,0,0
match-218052c9-5851,solidaritaet_ueberleben,standard,0,0,0,13,-1,17,13,46,32,12,11,7,0,0
match-218052c9-5851,urzeitliche_kolosse,standard,1,1,1,13,3,18,15,62,21,15,8,11,0,1
match-4bea6888-5852,solidaritaet_ueberleben,standard,0,1,0,10,6,15,9,37,13,9,4,11,0,0
match-4bea6888-5852,urzeitliche_kolosse,standard,1,0,1,10,-1,16,10,30,16,9,4,4,0,0
match-d29d17ca-5853,solidaritaet_ueberleben,standard,0,1,0,9,3,15,9,33,6,8,4,10,0,0
match-d29d17ca-5853,urzeitliche_kolosse,standard,1,0,1,9,0,14,10,34,11,9,5,7,0,1
match-3e852a03-5854,solidaritaet_ueberleben,standard,0,0,0,7,0,14,6,26,1,6,5,2,0,0
match-3e852a03-5854,urzeitliche_kolosse,standard,1,1,1,7,8,12,8,26,1,8,3,10,0,1
match-c537d945-5855,solidaritaet_ueberleben,standard,0,1,0,9,6,14,10,35,4,10,5,11,0,0
match-c537d945-5855,urzeitliche_kolosse,standard,1,0,1,9,-1,15,10,40,3,9,5,4,0,1
match-311feb7e-5856,solidaritaet_ueberleben,standard,0,1,0,10,5,15,11,44,5,11,9,16,0,0
match-311feb7e-5856,urzeitliche_kolosse,standard,1,0,1,10,-6,16,13,44,5,12,6,5,0,0
match-b7d29ac0-5857,solidaritaet_ueberleben,standard,0,1,0,12,2,16,16,49,20,15,8,15,0,0
match-b7d29ac0-5857,urzeitliche_kolosse,standard,1,0,1,12,-5,18,13,48,27,13,13,8,0,1
match-23baacf9-5858,solidaritaet_ueberleben,standard,0,1,0,9,1,15,10,38,2,10,5,11,0,0
match-23baacf9-5858,urzeitliche_kolosse,standard,1,0,1,9,-1,15,9,43,0,9,6,9,0,0
match-aa6d5c3b-5859,solidaritaet_ueberleben,standard,0,,0,16,-1,23,18,62,64,17,12,7,0,0
match-aa6d5c3b-5859,urzeitliche_kolosse,standard,1,,1,16,0,21,17,68,55,16,16,8,0,3
match-817f629c-5860,solidaritaet_ueberleben,standard,0,1,0,14,1,19,15,49,42,14,6,14,0,0
match-817f629c-5860,urzeitliche_kolosse,standard,1,0,1,14,-4,20,11,46,45,11,10,9,0,0
match-083211df-5861,solidaritaet_ueberleben,standard,0,1,0,15,1,20,15,56,54,14,11,9,0,0
match-083211df-5861,urzeitliche_kolosse,standard,1,0,1,15,0,20,17,69,44,16,10,8,0,2
match-741a2417-5862,solidaritaet_ueberleben,standard,0,0,0,9,-4,13,9,32,13,9,6,7,0,0
match-741a2417-5862,urzeitliche_kolosse,standard,1,1,1,9,3,14,11,42,3,11,5,14,0,2
match-faccd359-5863,solidaritaet_ueberleben,standard,0,1,0,8,10,14,8,31,1,7,2,10,0,0
match-faccd359-5863,urzeitliche_kolosse,standard,1,0,1,8,0,12,6,24,11,6,2,0,0,0
match-66b4e592-5864,solidaritaet_ueberleben,standard,0,0,0,10,0,14,13,42,6,12,6,4,0,0
match-66b4e592-5864,urzeitliche_kolosse,standard,1,1,1,10,6,16,10,45,3,10,10,10,0,0
match-ed6794d4-5865,solidaritaet_ueberleben,standard,0,0,0,9,-3,15,10,33,3,10,5,2,0,0
match-ed6794d4-5865,urzeitliche_kolosse,standard,1,1,1,9,8,15,10,37,6,9,7,13,0,0
match-594fa70d-5866,solidaritaet_ueberleben,standard,0,1,0,7,10,13,7,25,0,7,1,12,0,0
match-594fa70d-5866,urzeitliche_kolosse,standard,1,0,1,7,-2,12,6,24,4,6,3,0,0,0
match-e002564f-5867,solidaritaet_ueberleben,standard,0,0,0,15,-1,21,19,66,45,18,14,5,0,0
match-e002564f-5867,urzeitliche_kolosse,standard,1,1,1,15,5,19,18,69,38,17,19,11,0,1
match-b7147cb0-5868,solidaritaet_ueberleben,standard,0,0,0,8,0,13,7,24,4,7,6,6,0,0
match-b7147cb0-5868,urzeitliche_kolosse,standard,1,1,1,8,4,12,7,24,4,7,2,10,0,0
match-3dc70bf3-5869,solidaritaet_ueberleben,standard,0,1,0,9,10,14,8,33,5,8,4,13,0,0
match-3dc70bf3-5869,urzeitliche_kolosse,standard,1,0,1,9,-3,15,9,30,9,8,4,0,0,0
match-a9af3e2b-5870,solidaritaet_ueberleben,standard,0,0,0,11,-1,16,14,39,20,13,3,6,0,0
match-a9af3e2b-5870,urzeitliche_kolosse,standard,1,1,1,11,4,17,9,42,15,8,10,11,0,0
match-3061cd6e-5871,solidaritaet_ueberleben,standard,0,1,0,11,3,15,12,39,16,12,9,13,0,0
match-3061cd6e-5871,urzeitliche_kolosse,standard,1,0,1,11,-3,17,13,53,9,12,8,7,0,1
match-9c49ffa6-5872,solidaritaet_ueberleben,standard,0,0,0,10,0,16,11,40,8,11,8,7,0,0
match-9c49ffa6-5872,urzeitliche_kolosse,standard,1,1,1,10,3,14,11,43,3,11,7,10,0,3
match-22fc8ee9-5873,solidaritaet_ueberleben,standard,0,0,0,13,-1,20,14,53,31,13,10,1,0,0
match-22fc8ee9-5873,urzeitliche_kolosse,standard,1,1,1,13,9,19,15,63,27,15,9,11,0,0
match-8ee4a121-5874,solidaritaet_ueberleben,standard,0,0,0,5,0,11,6,15,0,6,3,3,0,0
match-8ee4a121-5874,urzeitliche_kolosse,standard,1,1,1,5,7,10,7,15,0,7,5,10,0,0
match-15975064-5875,solidaritaet_ueberleben,standard,0,1,0,9,9,15,10,38,3,10,9,13,0,0
match-15975064-5875,urzeitliche_kolosse,standard,1,0,1,9,-3,15,11,41,3,11,7,1,0,0
match-eca976c4-5876,solidaritaet_ueberleben,standard,0,0,0,15,-3,21,13,43,62,12,11,4,0,0
match-eca976c4-5876,urzeitliche_kolosse,standard,1,1,1,15,6,21,17,68,40,16,8,13,0,3
match-735c0607-5877,solidaritaet_ueberleben,standard,0,1,0,6,4,11,5,20,1,5,4,12,0,0
match-735c0607-5877,urzeitliche_kolosse,standard,1,0,1,6,-2,12,8,20,1,7,1,6,0,0
match-df44383f-5878,solidaritaet_ueberleben,standard,0,0,0,9,0,13,11,34,4,11,3,9,0,0
match-df44383f-5878,urzeitliche_kolosse,standard,1,1,1,9,1,13,8,33,6,7,8,10,0,0
match-65f6c782-5879,solidaritaet_ueberleben,standard,0,0,0,15,-3,20,18,61,49,17,7,9,0,0
match-65f6c782-5879,urzeitliche_kolosse,standard,1,1,1,15,1,19,12,54,58,11,14,13,0,0
match-d1def9ba-5880,solidaritaet_ueberleben,standard,0,1,0,8,6,14,9,33,1,9,1,10,0,0
match-d1def9ba-5880,urzeitliche_kolosse,standard,1,0,1,8,0,14,6,23,5,6,6,4,0,0
match-589188fd-5881,solidaritaet_ueberleben,standard,0,0,0,6,-1,11,5,19,1,4,2,4,0,0
match-589188fd-5881,urzeitliche_kolosse,standard,1,1,1,6,6,12,7,18,0,6,1,11,0,3
match-c479bb35-5882,solidaritaet_ueberleben,standard,0,1,0,10,2,16,11,36,14,10,6,10,0,0
match-c479bb35-5882,urzeitliche_kolosse,standard,1,0,1,10,0,16,11,46,7,11,7,8,0,1
match-4b2c4a78-5883,solidaritaet_ueberleben,standard,0,1,0,5,5,8,6,15,0,6,1,11,0,0
match-4b2c4a78-5883,urzeitliche_kolosse,standard,1,0,1,5,-1,10,4,12,3,3,3,5,0,0
match-cee6617a-5884,solidaritaet_ueberleben,standard,0,1,0,9,10,16,11,39,3,11,5,11,0,0
match-cee6617a-5884,urzeitliche_kolosse,standard,1,0,1,9,-1,14,10,33,12,9,7,0,0,0
match-559910bd-5885,solidaritaet_ueberleben,standard,0,1,0,10,2,14,10,41,7,9,5,11,0,0
match-559910bd-5885,urzeitliche_kolosse,standard,1,0,1,10,-1,15,11,42,12,10,5,8,0,2
match-c18122f5-5886,solidaritaet_ueberleben,standard,0,0,0,11,-2,15,10,37,18,9,8,5,0,0
match-c18122f5-5886,urzeitliche_kolosse,standard,1,1,1,11,5,17,11,43,20,11,7,12,0,3
match-4833d238-5887,solidaritaet_ueberleben,standard,0,0,0,9,-2,12,9,32,4,9,5,7,0,0
match-4833d238-5887,urzeitliche_kolosse,standard,1,1,1,9,3,13,10,39,1,10,5,12,0,1
match-b41be470-5888,solidaritaet_ueberleben,standard,0,0,0,9,-2,13,8,29,7,7,8,5,0,0
match-b41be470-5888,urzeitliche_kolosse,standard,1,1,1,9,5,15,11,43,1,11,2,12,0,1
match-3ace93b3-5889,solidaritaet_ueberleben,standard,0,1,0,13,4,18,14,54,30,13,7,10,0,0
match-3ace93b3-5889,urzeitliche_kolosse,standard,1,0,1,13,0,19,12,57,34,12,9,6,0,3
match-a6b6a5eb-5890,solidaritaet_ueberleben,standard,0,1,0,12,1,16,15,48,20,15,10,10,0,0
match-a6b6a5eb-5890,urzeitliche_kolosse,standard,1,0,1,12,0,18,15,51,21,14,12,9,0,1
match-2d69552e-5891,solidaritaet_ueberleben,standard,0,0,0,15,0,20,13,46,59,12,4,4,0,0
match-2d69552e-5891,urzeitliche_kolosse,standard,1,1,1,15,6,21,10,46,59,9,7,10,0,3
match-047b7b8f-5892,solidaritaet_ueberleben,standard,0,0,0,12,0,18,15,52,18,14,10,4,0,0
match-047b7b8f-5892,urzeitliche_kolosse,standard,1,1,1,12,6,17,14,52,18,13,9,10,0,1
match-8b2e0ad1-5893,solidaritaet_ueberleben,standard,0,0,0,9,0,15,8,29,11,7,4,5,0,0
match-8b2e0ad1-5893,urzeitliche_kolosse,standard,1,1,1,9,5,15,10,41,2,9,3,10,0,0
match-f7163d09-5894,solidaritaet_ueberleben,standard,0,1,0,9,5,13,9,30,6,9,9,11,0,0
match-f7163d09-5894,urzeitliche_kolosse,standard,1,0,1,9,-1,15,11,40,3,11,6,5,0,1
match-7dc8cc4c-5895,solidaritaet_ueberleben,standard,0,0,0,11,-1,15,14,51,12,14,7,6,0,0
match-7dc8cc4c-5895,urzeitliche_kolosse,standard,1,1,1,11,4,14,13,47,14,12,11,11,0,2
match-e9b0fe84-5896,solidaritaet_ueberleben,standard,0,0,0,6,0,11,5,17,1,5,2,4,0,0
match-e9b0fe84-5896,urzeitliche_kolosse,standard,1,1,1,6,6,11,5,20,1,5,0,10,0,1
match-70638dc7-5897,solidaritaet_ueberleben,standard,0,0,0,10,-1,15,9,24,21,9,3,4,0,0
match-70638dc7-5897,urzeitliche_kolosse,standard,1,1,1,10,6,15,7,28,17,6,4,11,0,0
match-dc4bbfff-5898,solidaritaet_ueberleben,standard,0,0,0,9,-1,14,9,32,7,8,2,2,0,0
match-dc4bbfff-5898,urzeitliche_kolosse,standard,1,1,1,9,8,14,7,35,1,7,3,11,0,2
match-62fe4f42-5899,solidaritaet_ueberleben,standard,0,0,0,16,-4,21,16,51,69,15,9,8,1,0
match-62fe4f42-5899,urzeitliche_kolosse,standard,1,1,1,16,1,21,14,57,63,13,12,13,0,2
match-3a1075a3-5900,solidaritaet_ueberleben,standard,0,0,0,9,-4,15,10,36,6,9,5,7,0,0
match-3a1075a3-5900,urzeitliche_kolosse,standard,1,1,1,9,3,14,10,39,6,9,5,14,0,0
match-c0c304e5-5901,solidaritaet_ueberleben,standard,0,1,0,8,5,12,9,32,2,9,5,10,0,0
match-c0c304e5-5901,urzeitliche_kolosse,standard,1,0,1,8,0,13,9,36,0,8,6,5,0,1
match-2cab371e-5902,solidaritaet_ueberleben,standard,0,0,0,14,-4,21,15,55,39,14,14,9,1,0
match-2cab371e-5902,urzeitliche_kolosse,standard,1,1,1,14,1,19,17,70,25,17,10,14,0,1
match-b35dc660-5903,solidaritaet_ueberleben,standard,0,1,0,9,8,13,10,35,6,9,4,13,0,0
match-b35dc660-5903,urzeitliche_kolosse,standard,1,0,1,9,-3,13,9,35,9,8,5,2,0,3
match-1f45f899-5904,solidaritaet_ueberleben,standard,0,0,0,10,0,16,9,35,10,8,4,6,0,0
match-1f45f899-5904,urzeitliche_kolosse,standard,1,1,1,10,4,15,8,33,12,7,3,10,0,3
match-a5f887db-5905,solidaritaet_ueberleben,standard,0,,0,16,-1,21,19,67,55,18,12,8,1,0
match-a5f887db-5905,urzeitliche_kolosse,standard,1,,1,16,-1,23,16,69,52,15,16,8,0,5
match-11e0ba14-5906,solidaritaet_ueberleben,standard,0,0,0,9,0,15,8,30,6,7,4,5,0,0
match-11e0ba14-5906,urzeitliche_kolosse,standard,1,1,1,9,5,14,7,38,5,7,3,10,0,3
match-98934956-5907,solidaritaet_ueberleben,standard,0,0,0,10,-2,15,10,33,12,9,2,3,0,0
match-98934956-5907,urzeitliche_kolosse,standard,1,1,1,10,7,14,7,30,15,7,4,12,0,3
match-6fa56fb7-5908,solidaritaet_ueberleben,standard,0,1,0,13,2,18,13,46,32,12,9,14,0,0
match-6fa56fb7-5908,urzeitliche_kolosse,standard,1,0,1,13,-4,17,15,49,29,14,11,8,0,6
match-f6581ef9-5909,solidaritaet_ueberleben,standard,0,1,0,16,1,21,15,57,63,14,4,7,0,0
match-f6581ef9-5909,urzeitliche_kolosse,standard,1,0,1,16,0,21,10,49,78,9,10,6,0,1
match-62403132-5910,solidaritaet_ueberleben,standard,0,0,0,9,0,13,9,26,12,9,1,2,0,0
match-62403132-5910,urzeitliche_kolosse,standard,1,1,1,9,8,15,6,24,12,6,6,10,0,0
match-e8f2c074-5911,solidaritaet_ueberleben,standard,0,1,0,7,6,13,7,26,1,7,5,10,0,0
match-e8f2c074-5911,urzeitliche_kolosse,standard,1,0,1,7,0,13,8,27,1,8,2,4,0,2
match-54daf2ad-5912,solidaritaet_ueberleben,standard,0,0,0,9,-5,14,7,25,11,6,7,9,0,0
match-54daf2ad-5912,urzeitliche_kolosse,standard,1,1,1,9,1,13,10,42,1,9,1,15,0,0
match-db8d81ef-5913,solidaritaet_ueberleben,standard,0,1,0,11,4,18,15,51,10,14,9,12,0,0
match-db8d81ef-5913,urzeitliche_kolosse,standard,1,0,1,11,-2,16,14,55,9,13,13,6,0,1
match-4775b428-5914,solidaritaet_ueberleben,standard,0,0,0,9,0,15,10,36,3,10,4,8,0,0
match-4775b428-5914,urzeitliche_kolosse,standard,1,1,1,9,2,14,9,36,8,8,6,10,0,0
match-ce28436a-5915,solidaritaet_ueberleben,standard,0,1,0,8,10,13,8,25,6,7,5,11,0,0
match-ce28436a-5915,urzeitliche_kolosse,standard,1,0,1,8,-1,14,8,31,4,8,2,0,0,0
match-f8927929-5916,solidaritaet_ueberleben,standard,0,0,0,9,-2,14,8,29,7,8,5,4,0,0
match-f8927929-5916,urzeitliche_kolosse,standard,1,1,1,9,6,15,9,34,2,9,4,12,0,2
match-7f45086c-5917,solidaritaet_ueberleben,standard,0,1,0,9,5,13,10,35,5,10,4,14,0,0
match-7f45086c-5917,urzeitliche_kolosse,standard,1,0,1,9,-4,14,9,32,8,8,6,5,0,3
match-eb2d3aa4-5918,solidaritaet_ueberleben,standard,0,0,0,16,0,22,12,43,77,11,7,5,0,0
match-eb2d3aa4-5918,urzeitliche_kolosse,standard,1,1,1,16,2,21,11,45,75,11,8,7,0,0
match-71dfc9e7-5919,solidaritaet_ueberleben,standard,0,1,0,10,4,16,10,33,12,10,5,10,0,0
match-71dfc9e7-5919,urzeitliche_kolosse,standard,1,0,1,10,0,16,10,42,13,9,6,6,0,1
match-ddc7fc1f-5920,solidaritaet_ueberleben,standard,0,0,0,10,0,14,11,41,8,10,3,6,0,0
match-ddc7fc1f-5920,urzeitliche_kolosse,standard,1,1,1,10,4,15,8,30,15,7,5,10,0,0
match-647a8b62-5921,solidaritaet_ueberleben,standard,0,0,0,9,-2,13,11,36,5,10,4,8,0,0
match-647a8b62-5921,urzeitliche_kolosse,standard,1,1,1,9,2,15,9,38,6,9,6,12,0,0
match-d062bd9a-5922,solidaritaet_ueberleben,standard,0,0,0,9,0,14,9,33,3,9,6,8,0,0
match-d062bd9a-5922,urzeitliche_kolosse,standard,1,1,1,9,2,14,10,33,4,10,5,10,0,0
match-57154cdd-5923,solidaritaet_ueberleben,standard,0,0,0,8,-1,12,11,33,2,10,2,3,0,0
match-57154cdd-5923,urzeitliche_kolosse,standard,1,1,1,8,7,14,8,26,2,7,7,11,0,0
match-2e27733e-5924,solidaritaet_ueberleben,standard,0,0,0,13,-1,18,17,59,24,16,10,4,0,0
match-2e27733e-5924,urzeitliche_kolosse,standard,1,1,1,13,6,19,15,58,23,14,15,11,0,3
match-b4da0280-5925,solidaritaet_ueberleben,standard,0,0,0,9,-2,13,11,33,6,10,7,6,0,0
match-b4da0280-5925,urzeitliche_kolosse,standard,1,1,1,9,4,14,11,42,1,11,5,12,0,2
match-20c234b9-5926,solidaritaet_ueberleben,standard,0,0,0,11,0,18,11,42,13,11,6,9,0,0
match-20c234b9-5926,urzeitliche_kolosse,standard,1,1,1,11,1,16,10,53,13,10,6,10,0,9
match-a774c3fb-5927,solidaritaet_ueberleben,standard,0,1,0,9,9,14,9,38,3,8,2,11,0,0
match-a774c3fb-5927,urzeitliche_kolosse,standard,1,0,1,9,-1,14,7,32,11,7,4,1,0,0
match-135cf634-5928,solidaritaet_ueberleben,standard,0,0,0,8,-2,14,8,32,3,8,2,0,0,0
match-135cf634-5928,urzeitliche_kolosse,standard,1,1,1,8,10,14,7,26,2,7,3,12,0,0
match-9a0f8576-5929,solidaritaet_ueberleben,standard,0,0,0,6,-2,11,6,20,1,6,3,0,0,0
match-9a0f8576-5929,urzeitliche_kolosse,standard,1,1,1,6,10,10,7,20,0,6,2,12,0,0
match-05f7b7af-5930,solidaritaet_ueberleben,standard,0,1,0,17,4,22,18,62,74,17,14,9,1,0
match-05f7b7af-5930,urzeitliche_kolosse,standard,1,0,1,17,-2,23,20,78,63,19,15,3,0,3
match-8caa46f1-5931,solidaritaet_ueberleben,standard,0,0,0,15,-3,22,18,63,45,17,14,6,0,0
match-8caa46f1-5931,urzeitliche_kolosse,standard,1,1,1,15,4,20,18,65,44,17,15,13,0,3
match-63bc6d52-5932,solidaritaet_ueberleben,standard,0,1,0,7,4,12,7,22,3,7,0,10,0,0
match-63bc6d52-5932,urzeitliche_kolosse,standard,1,0,1,7,0,14,5,24,4,5,4,6,0,2
match-ea6f1c94-5933,solidaritaet_ueberleben,standard,0,0,0,12,-1,16,11,41,25,10,5,7,0,0
match-ea6f1c94-5933,urzeitliche_kolosse,standard,1,1,1,12,3,18,9,40,26,9,6,11,0,1
match-56572ecd-5934,solidaritaet_ueberleben,standard,0,0,0,9,-1,15,12,41,4,12,4,7,0,0
match-56572ecd-5934,urzeitliche_kolosse,standard,1,1,1,9,3,14,10,39,4,9,7,11,0,3
match-dd09de0f-5935,solidaritaet_ueberleben,standard,0,1,0,10,2,14,13,40,7,12,5,10,0,0
match-dd09de0f-5935,urzeitliche_kolosse,standard,1,0,1,10,0,14,11,39,13,10,13,8,0,3
match-48f1f048-5936,solidaritaet_ueberleben,standard,0,1,0,13,3,19,17,55,27,16,6,11,0,0
match-48f1f048-5936,urzeitliche_kolosse,standard,1,0,1,13,-1,19,12,55,35,11,14,7,0,0
match-cfa49f8a-5937,solidaritaet_ueberleben,standard,0,0,0,9,0,15,9,35,5,9,6,1,0,0
match-cfa49f8a-5937,urzeitliche_kolosse,standard,1,1,1,9,9,14,8,33,10,8,6,10,0,0
match-3b8cb1c3-5938,solidaritaet_ueberleben,standard,0,1,0,8,2,13,8,27,4,8,6,15,0,0
match-3b8cb1c3-5938,urzeitliche_kolosse,standard,1,0,1,8,-5,12,9,32,4,9,3,8,0,1
match-c23f4105-5939,solidaritaet_ueberleben,standard,0,1,0,10,2,16,10,35,10,9,4,10,0,0
match-c23f4105-5939,urzeitliche_kolosse,standard,1,0,1,10,0,15,10,40,13,9,5,8,0,0
match-99516766-5940,solidaritaet_ueberleben,standard,0,0,0,12,0,17,14,47,24,13,5,8,0,0
match-99516766-5940,urzeitliche_kolosse,standard,1,1,1,12,2,16,11,39,27,10,10,10,0,1
match-200416a9-5941,solidaritaet_ueberleben,standard,0,0,0,13,0,18,15,50,28,14,8,6,1,0
match-200416a9-5941,urzeitliche_kolosse,standard,1,1,1,13,4,19,13,49,29,12,10,10,0,0
match-8bec28e1-5942,solidaritaet_ueberleben,standard,0,0,0,14,-3,21,16,55,36,15,13,7,1,0
match-8bec28e1-5942,urzeitliche_kolosse,standard,1,1,1,14,3,19,15,60,31,15,12,13,0,1
match-129ed824-5943,solidaritaet_ueberleben,standard,0,1,0,8,6,14,9,31,1,9,7,12,0,0
match-129ed824-5943,urzeitliche_kolosse,standard,1,0,1,8,-2,11,10,35,1,10,4,4,0,0
match-7e86ea5c-5944,solidaritaet_ueberleben,standard,0,0,0,12,-1,18,11,43,35,11,6,5,0,0
match-7e86ea5c-5944,urzeitliche_kolosse,standard,1,1,1,12,5,16,12,45,21,11,8,11,0,1
match-0539999f-5945,solidaritaet_ueberleben,standard,0,1,0,12,1,16,13,46,27,13,10,12,0,0
match-0539999f-5945,urzeitliche_kolosse,standard,1,0,1,12,-2,17,15,58,20,14,9,9,0,1
match-7121abd7-5946,solidaritaet_ueberleben,standard,0,0,0,10,0,15,13,40,7,12,7,5,0,0
match-7121abd7-5946,urzeitliche_kolosse,standard,1,1,1,10,5,15,12,41,12,12,11,10,0,5
match-f7d45b19-5947,solidaritaet_ueberleben,standard,0,1,0,13,5,17,14,52,32,14,11,12,0,0
match-f7d45b19-5947,urzeitliche_kolosse,standard,1,0,1,13,-2,19,16,59,21,15,12,5,0,0
match-7b8e721c-5948,solidaritaet_ueberleben,standard,0,0,0,6,0,10,6,21,0,6,3,4,0,0
match-7b8e721c-5948,urzeitliche_kolosse,standard,1,1,1,6,6,12,6,19,1,6,3,10,0,0
match-0241015f-5949,solidaritaet_ueberleben,standard,0,0,0,11,-1,17,10,36,19,9,7,7,0,0
match-0241015f-5949,urzeitliche_kolosse,standard,1,1,1,11,3,16,13,49,6,12,5,11,0,0
match-6e293397-5950,solidaritaet_ueberleben,standard,0,1,0,8,4,14,8,32,3,8,5,16,0,0
match-6e293397-5950,urzeitliche_kolosse,standard,1,0,1,8,-6,13,9,35,1,8,4,6,0,0
match-f4dbc2d9-5951,solidaritaet_ueberleben,standard,0,0,0,11,-4,16,13,41,18,12,7,5,0,0
match-f4dbc2d9-5951,urzeitliche_kolosse,standard,1,1,1,11,5,17,13,54,8,12,8,14,0,2
match-60c3f512-5952,solidaritaet_ueberleben,standard,0,0,0,14,0,20,12,49,42,11,10,6,0,0
match-60c3f512-5952,urzeitliche_kolosse,standard,1,1,1,14,4,18,14,56,35,14,6,10,0,0
match-e7768454-5953,solidaritaet_ueberleben,standard,0,0,0,8,0,12,8,32,2,8,1,0,0,0
match-e7768454-5953,urzeitliche_kolosse,standard,1,1,1,8,10,12,7,33,3,6,6,10,0,3
match-535eb68d-5954,solidaritaet_ueberleben,standard,0,1,0,8,7,13,10,32,2,9,3,11,0,0
match-535eb68d-5954,urzeitliche_kolosse,standard,1,0,1,8,-1,14,7,32,4,6,4,3,0,0
match-da1145cf-5955,solidaritaet_ueberleben,standard,0,,0,16,-1,21,17,62,60,16,16,8,0,0
match-da1145cf-5955,urzeitliche_kolosse,standard,1,,1,16,-1,22,19,74,53,18,12,8,0,2
match-b1236c30-5956,solidaritaet_ueberleben,standard,0,1,0,14,2,20,9,34,57,8,9,10,0,0
match-b1236c30-5956,urzeitliche_kolosse,standard,1,0,1,14,0,18,15,54,37,14,5,8,0,0
match-37d61b73-5957,solidaritaet_ueberleben,standard,0,0,0,12,-2,16,13,48,23,12,10,4,0,0
match-37d61b73-5957,urzeitliche_kolosse,standard,1,1,1,12,6,16,15,58,11,14,7,12,0,2
match-a3be2dab-5958,solidaritaet_ueberleben,standard,0,0,0,8,-1,14,7,25,9,7,3,3,0,0
match-a3be2dab-5958,urzeitliche_kolosse,standard,1,1,1,8,7,12,8,33,3,8,3,11,0,0
match-2a70dcee-5959,solidaritaet_ueberleben,standard,0,1,0,9,3,14,9,32,10,8,3,11,0,0
match-2a70dcee-5959,urzeitliche_kolosse,standard,1,0,1,9,-1,13,8,35,9,8,5,7,0,2
match-9658ef26-5960,solidaritaet_ueberleben,standard,0,1,0,15,7,22,17,60,45,16,13,15,0,0
match-9658ef26-5960,urzeitliche_kolosse,standard,1,0,1,15,-5,19,18,69,41,17,14,3,0,0
match-1d0b9e69-5961,solidaritaet_ueberleben,standard,0,0,0,6,0,12,5,19,2,5,3,8,0,0
match-1d0b9e69-5961,urzeitliche_kolosse,standard,1,1,1,6,2,12,5,18,2,5,2,10,0,0
match-88f3b0a1-5962,solidaritaet_ueberleben,standard,0,0,0,10,-2,14,13,39,10,12,6,9,0,0
match-88f3b0a1-5962,urzeitliche_kolosse,standard,1,1,1,10,1,16,11,41,4,10,10,12,0,0
match-0fa65fe4-5963,solidaritaet_ueberleben,standard,0,1,0,8,9,13,9,32,1,8,2,10,0,0
match-0fa65fe4-5963,urzeitliche_kolosse,standard,1,0,1,8,0,13,8,33,3,7,3,1,0,1
match-e6b86644-5964,solidaritaet_ueberleben,standard,0,,0,16,-1,21,20,68,57,19,15,8,1,0
match-e6b86644-5964,urzeitliche_kolosse,standard,1,,1,16,-1,22,19,72,56,18,17,8,0,1
match-6d6b1587-5965,solidaritaet_ueberleben,standard,0,1,0,8,2,12,8,32,4,8,6,11,0,0
match-6d6b1587-5965,urzeitliche_kolosse,standard,1,0,1,8,-1,14,8,29,6,8,5,8,0,1
match-d95327bf-5966,solidaritaet_ueberleben,standard,0,1,0,9,6,15,8,31,5,8,9,13,0,0
match-d95327bf-5966,urzeitliche_kolosse,standard,1,0,1,9,-3,13,12,40,3,11,3,4,0,2
match-6005d702-5967,solidaritaet_ueberleben,standard,0,0,0,14,-1,19,12,46,45,11,9,6,0,0
match-6005d702-5967,urzeitliche_kolosse,standard,1,1,1,14,4,18,14,62,33,13,6,11,0,2
match-cbede93a-5968,solidaritaet_ueberleben,standard,0,0,0,8,0,15,8,26,2,8,1,3,0,0
match-cbede93a-5968,urzeitliche_kolosse,standard,1,1,1,8,7,12,6,25,3,6,4,10,0,2
match-52a0987d-5969,solidaritaet_ueberleben,standard,0,0,0,6,0,9,7,21,0,7,3,1,0,0
match-52a0987d-5969,urzeitliche_kolosse,standard,1,1,1,6,9,11,6,17,3,6,5,10,0,0
match-be88aab5-5970,solidaritaet_ueberleben,standard,0,1,0,8,5,12,9,30,1,9,6,12,0,0
match-be88aab5-5970,urzeitliche_kolosse,standard,1,0,1,8,-2,13,9,31,4,8,4,5,0,0
match-453b59f8-5971,solidaritaet_ueberleben,standard,0,0,0,8,0,12,10,32,3,9,1,5,0,0
match-453b59f8-5971,urzeitliche_kolosse,standard,1,1,1,8,5,12,7,26,4,6,7,10,0,0
match-1c4d6059-5972,solidaritaet_ueberleben,standard,0,1,0,8,5,12,11,32,1,10,3,10,0,0
match-1c4d6059-5972,urzeitliche_kolosse,standard,1,0,1,8,0,13,8,34,2,7,8,5,0,7
match-a3000f9b-5973,solidaritaet_ueberleben,standard,0,0,0,13,0,20,15,58,26,15,12,5,0,0
match-a3000f9b-5973,urzeitliche_kolosse,standard,1,1,1,13,5,18,16,59,26,15,14,10,0,1
match-0ee821d4-5974,solidaritaet_ueberleben,standard,0,1,0,10,4,16,10,36,15,10,5,13,0,0
match-0ee821d4-5974,urzeitliche_kolosse,standard,1,0,1,10,-3,15,10,42,6,10,6,6,0,0
match-959ad116-5975,solidaritaet_ueberleben,standard,0,1,0,11,4,15,10,40,15,9,11,14,0,0
match-959ad116-5975,urzeitliche_kolosse,standard,1,0,1,11,-4,17,13,49,13,12,7,6,0,3
match-0182e34f-5976,solidaritaet_ueberleben,standard,0,1,0,9,3,15,11,29,7,10,7,10,1,0
match-0182e34f-5976,urzeitliche_kolosse,standard,1,0,1,9,0,14,10,36,9,9,7,7,0,0
match-88359291-5977,solidaritaet_ueberleben,standard,0,0,0,15,0,21,17,58,47,16,13,2,0,0
match-88359291-5977,urzeitliche_kolosse,standard,1,1,1,15,7,21,15,67,41,14,13,9,0,1
match-f41da4c9-5978,solidaritaet_ueberleben,standard,0,1,0,9,2,16,9,30,9,9,5,10,0,0
match-f41da4c9-5978,urzeitliche_kolosse,standard,1,0,1,9,0,15,9,38,5,8,5,8,0,3
match-7ad0540c-5979,solidaritaet_ueberleben,standard,0,1,0,9,6,15,8,26,10,8,7,10,0,0
match-7ad0540c-5979,urzeitliche_kolosse,standard,1,0,1,9,0,13,12,41,2,11,6,4,0,3
match-a53a69cb-5980,solidaritaet_ueberleben,standard,0,0,0,10,0,17,9,30,15,8,6,9,0,0
match-a53a69cb-5980,urzeitliche_kolosse,standard,1,1,1,10,1,15,9,34,11,8,3,10,0,1
match-2bed190e-5981,solidaritaet_ueberleben,standard,0,0,0,8,0,15,10,30,2,9,6,4,0,0
match-2bed190e-5981,urzeitliche_kolosse,standard,1,1,1,8,6,12,9,31,4,9,4,10,0,1
match-97d52b46-5982,solidaritaet_ueberleben,standard,0,1,0,7,8,11,7,24,0,7,3,10,0,0
match-97d52b46-5982,urzeitliche_kolosse,standard,1,0,1,7,0,13,7,26,2,7,3,2,0,0
match-1e87da89-5983,solidaritaet_ueberleben,standard,0,1,0,9,1,13,11,33,7,10,5,10,0,0
match-1e87da89-5983,urzeitliche_kolosse,standard,1,0,1,9,0,14,9,35,10,9,8,9,0,1
match-8a6fecc1-5984,solidaritaet_ueberleben,standard,0,0,0,14,0,20,18,56,37,17,11,8,0,0
match-8a6fecc1-5984,urzeitliche_kolosse,standard,1,1,1,14,2,19,15,65,33,14,15,10,0,1
match-11229c04-5985,solidaritaet_ueberleben,standard,0,1,0,11,1,18,14,47,10,13,9,12,1,0
match-11229c04-5985,urzeitliche_kolosse,standard,1,0,1,11,-2,16,14,54,6,13,10,9,0,3
match-7d0aae3c-5986,solidaritaet_ueberleben,standard,0,1,0,11,2,18,12,43,12,11,5,11,0,0
match-7d0aae3c-5986,urzeitliche_kolosse,standard,1,0,1,11,-1,17,11,44,11,10,9,8,0,2
match-03bd5d7f-5987,solidaritaet_ueberleben,standard,0,0,0,8,0,13,6,29,4,6,3,9,0,0
match-03bd5d7f-5987,urzeitliche_kolosse,standard,1,1,1,8,1,13,7,31,3,7,1,10,0,0
match-dacf63df-5988,solidaritaet_ueberleben,standard,0,0,0,9,0,14,8,31,10,8,6,9,0,0
match-dacf63df-5988,urzeitliche_kolosse,standard,1,1,1,9,1,14,11,40,3,10,4,10,0,1
match-61821322-5989,solidaritaet_ueberleben,standard,0,1,0,9,5,14,10,35,3,10,2,10,0,0
match-61821322-5989,urzeitliche_kolosse,standard,1,0,1,9,0,14,7,33,10,6,6,5,0,0
match-cd6a255a-5990,solidaritaet_ueberleben,standard,0,0,0,13,-2,19,16,48,33,15,13,0,0,0
match-cd6a255a-5990,urzeitliche_kolosse,standard,1,1,1,13,10,18,16,63,18,16,13,12,0,1
match-541cd49d-5991,solidaritaet_ueberleben,standard,0,1,0,9,3,14,10,33,7,10,8,16,0,0
match-541cd49d-5991,urzeitliche_kolosse,standard,1,0,1,9,-6,14,11,39,1,10,8,7,0,0
match-c004e6d5-5992,solidaritaet_ueberleben,standard,0,1,0,12,5,19,14,50,18,13,8,11,1,0
match-c004e6d5-5992,urzeitliche_kolosse,standard,1,0,1,12,-1,17,13,44,22,13,9,5,0,1
match-46b79618-5993,solidaritaet_ueberleben,standard,0,0,0,9,-2,13,9,30,6,8,5,6,1,0
match-46b79618-5993,urzeitliche_kolosse,standard,1,1,1,9,4,14,10,37,4,9,5,12,0,1
match-b29fa850-5994,solidaritaet_ueberleben,standard,0,0,0,16,-2,23,15,58,66,14,12,5,1,0
match-b29fa850-5994,urzeitliche_kolosse,standard,1,1,1,16,4,21,17,66,61,17,10,11,0,1
match-39525793-5995,solidaritaet_ueberleben,standard,0,0,0,8,0,13,8,27,3,8,3,8,0,0
match-39525793-5995,urzeitliche_kolosse,standard,1,1,1,8,2,11,8,32,2,7,3,10,0,1
match-10647df4-5996,solidaritaet_ueberleben,standard,0,1,0,11,4,17,12,43,12,12,5,13,0,0
match-10647df4-5996,urzeitliche_kolosse,standard,1,0,1,11,-3,16,11,44,19,10,8,6,0,0
match-97170d36-5997,solidaritaet_ueberleben,standard,0,0,0,12,-1,17,10,36,30,10,8,6,0,0
match-97170d36-5997,urzeitliche_kolosse,standard,1,1,1,12,4,17,12,54,15,11,7,11,0,4
match-02ff3f6f-5998,solidaritaet_ueberleben,standard,0,0,0,9,0,15,12,33,6,11,2,2,0,0
match-02ff3f6f-5998,urzeitliche_kolosse,standard,1,1,1,9,8,15,7,32,4,7,9,10,0,0
match-89b1ceb1-5999,solidaritaet_ueberleben,standard,0,0,0,12,-2,17,15,46,25,14,8,6,0,0
match-89b1ceb1-5999,urzeitliche_kolosse,standard,1,1,1,12,4,18,13,55,11,12,12,12,0,1
