matchId,deckId,botType,side,round,targetsAffected,attackRemoved,healthRemoved,boardValueBefore,boardValueAfter,boardValueRemoved,won,winWithinOneRound,winWithinTwoRounds
match-0fc24cf1-2,rudeljaeger,standard,1,6,3,13,14,30,3,27,true,false,true
match-37f20880-4,forschung_muskelkraft,standard,0,7,4,8,6,18,4,14,true,false,false
match-b13f793d-5,rudeljaeger,standard,1,8,3,17,20,40,3,37,false,false,false
match-b13f793d-5,forschung_muskelkraft,standard,0,9,4,10,8,22,4,18,true,true,true
match-a3da3ab8-7,rudeljaeger,standard,1,6,2,9,10,21,2,19,false,false,false
match-a3da3ab8-7,forschung_muskelkraft,standard,0,6,2,8,10,20,2,18,true,false,false
match-e7929161-8,forschung_muskelkraft,standard,0,6,2,9,8,19,2,17,false,false,false
match-537aa39a-11,forschung_muskelkraft,standard,0,10,2,9,6,17,2,15,true,false,false
match-537aa39a-11,rudeljaeger,standard,1,11,5,9,11,25,5,20,false,false,false
match-025d0e6c-12,rudeljaeger,standard,1,6,2,9,10,21,2,19,false,false,false
match-025d0e6c-12,forschung_muskelkraft,standard,0,6,4,8,10,22,4,18,true,false,false
match-6e4520a4-15,forschung_muskelkraft,standard,0,6,3,11,6,20,3,17,true,false,true
match-019ef05c-17,rudeljaeger,standard,1,6,3,12,12,27,3,24,false,false,false
match-019ef05c-17,forschung_muskelkraft,standard,0,10,3,10,8,21,3,18,true,true,true
match-7aec4119-18,rudeljaeger,standard,1,6,3,13,12,28,3,25,true,false,false
match-7aec4119-18,forschung_muskelkraft,standard,0,6,4,13,12,29,4,25,false,false,false
match-f439b1d6-19,rudeljaeger,standard,1,6,2,6,10,18,2,16,false,false,false
match-52bc858a-24,forschung_muskelkraft,standard,0,6,5,7,6,18,5,13,true,false,false
match-cc09f647-25,rudeljaeger,standard,1,6,3,12,11,26,3,23,true,false,true
match-45574705-26,rudeljaeger,standard,1,6,3,12,14,29,3,26,false,false,false
match-45574705-26,forschung_muskelkraft,standard,0,6,4,4,6,14,4,10,false,false,false
match-6d870294-28,forschung_muskelkraft,standard,0,6,3,11,6,20,3,17,true,false,false
match-f37b93c6-32,forschung_muskelkraft,standard,0,6,4,4,4,12,4,8,true,false,false
match-f37b93c6-32,rudeljaeger,standard,1,9,5,24,26,55,5,50,false,false,false
match-6cc8e484-33,forschung_muskelkraft,standard,0,6,3,11,10,24,3,21,true,false,false
match-6cc8e484-33,rudeljaeger,standard,1,12,5,13,13,31,5,26,false,false,false
match-e6165541-34,forschung_muskelkraft,standard,0,6,3,11,10,24,3,21,true,false,true
match-5f63a5ff-35,rudeljaeger,standard,1,6,3,11,14,28,3,25,false,false,false
match-5f63a5ff-35,forschung_muskelkraft,standard,0,6,4,8,10,22,4,18,true,false,false
match-0e4610d1-36,forschung_muskelkraft,standard,0,6,5,7,4,16,5,11,true,false,false
match-8793618e-37,rudeljaeger,standard,1,6,3,10,16,29,3,26,false,false,false
match-00e0d24c-38,forschung_muskelkraft,standard,0,6,5,2,0,7,5,2,true,false,false
match-7a2e2309-39,forschung_muskelkraft,standard,0,6,4,5,2,11,4,7,true,false,false
match-bde699b2-40,rudeljaeger,standard,1,6,2,7,8,17,2,15,false,false,false
match-bde699b2-40,forschung_muskelkraft,standard,0,6,3,12,12,27,3,24,true,false,false
match-3733ea70-41,rudeljaeger,standard,1,6,2,8,10,20,2,18,false,false,false
match-3733ea70-41,forschung_muskelkraft,standard,0,8,5,9,10,24,5,19,true,false,false
match-29ceabeb-43,forschung_muskelkraft,standard,0,8,4,5,4,13,4,9,true,true,true
match-51fe677a-45,rudeljaeger,standard,1,6,3,9,9,21,3,18,false,false,false
match-51fe677a-45,forschung_muskelkraft,standard,0,8,5,20,16,41,5,36,true,false,false
match-449928f5-47,rudeljaeger,standard,1,6,3,12,12,27,3,24,false,false,false
match-449928f5-47,forschung_muskelkraft,standard,0,6,4,8,10,22,4,18,true,false,false
match-d7f2f8ac-49,forschung_muskelkraft,standard,0,7,3,4,4,11,3,8,true,false,true
match-5140496a-50,forschung_muskelkraft,standard,0,6,4,10,8,22,4,18,true,false,false
match-797004f9-52,rudeljaeger,standard,1,6,2,8,10,20,2,18,false,false,false
match-797004f9-52,forschung_muskelkraft,standard,0,7,3,8,8,19,3,16,true,false,false
match-e5583731-55,rudeljaeger,standard,1,6,2,9,9,20,2,18,true,false,false
match-e5583731-55,forschung_muskelkraft,standard,0,6,4,6,8,18,4,14,false,false,false
match-43db0ae5-60,forschung_muskelkraft,standard,0,6,5,7,6,18,5,13,true,false,true
match-bd287ba2-61,forschung_muskelkraft,standard,0,6,4,12,8,24,4,20,false,false,false
match-3675cc60-62,rudeljaeger,standard,1,6,2,9,10,21,2,19,false,false,false
match-3675cc60-62,forschung_muskelkraft,standard,0,6,2,8,10,20,2,18,true,false,false
match-e9cceb91-65,forschung_muskelkraft,standard,0,6,3,6,4,13,3,10,true,true,true
match-631a5c4f-66,forschung_muskelkraft,standard,0,6,2,7,6,15,2,13,true,false,false
match-0497689c-69,forschung_muskelkraft,standard,0,8,4,10,8,22,4,18,true,false,false
match-7de4d959-70,rudeljaeger,standard,1,6,3,9,9,21,3,18,false,false,false
match-7de4d959-70,forschung_muskelkraft,standard,0,8,4,13,12,29,4,25,true,false,false
match-3aea80c0-72,rudeljaeger,standard,1,6,3,11,13,27,3,24,true,false,true
match-b437f17d-73,rudeljaeger,standard,1,6,3,11,14,28,3,25,false,false,false
match-b437f17d-73,forschung_muskelkraft,standard,0,7,5,10,10,25,5,20,true,false,false
match-2d85423b-74,forschung_muskelkraft,standard,0,6,4,8,6,18,4,14,true,false,false
match-a6d2b2f8-75,rudeljaeger,standard,1,6,2,9,10,21,2,19,true,false,true
match-55b51dca-76,forschung_muskelkraft,standard,0,6,3,3,2,8,3,5,true,false,false
match-55b51dca-76,rudeljaeger,standard,1,12,5,11,12,28,5,23,false,false,false
match-cf026e87-77,forschung_muskelkraft,standard,0,6,5,9,6,20,5,15,false,false,false
match-cf026e87-77,rudeljaeger,standard,1,10,5,25,33,63,5,58,false,false,false
match-c19d3002-79,rudeljaeger,standard,1,6,3,11,12,26,3,23,false,false,false
match-c19d3002-79,forschung_muskelkraft,standard,0,6,5,10,12,27,5,22,true,false,false
match-54f6ffba-81,rudeljaeger,standard,1,6,2,9,10,21,2,19,false,false,false
match-54f6ffba-81,forschung_muskelkraft,standard,0,6,2,8,10,20,2,18,true,false,false
match-ce445077-82,forschung_muskelkraft,standard,0,6,3,14,10,27,3,24,true,false,false
match-6fc17cc4-85,rudeljaeger,standard,1,6,2,8,11,21,2,19,true,true,true
match-e90ecd81-86,rudeljaeger,standard,1,6,2,8,8,18,2,16,false,false,false
match-e90ecd81-86,forschung_muskelkraft,standard,0,12,2,4,4,10,2,8,true,true,true
match-625c3e3f-87,rudeljaeger,standard,1,6,1,3,4,8,1,7,true,false,false
match-625c3e3f-87,forschung_muskelkraft,standard,0,8,5,6,6,17,5,12,false,false,false
match-1f61e5a6-89,rudeljaeger,standard,1,10,5,29,29,63,5,58,true,false,false
match-1f61e5a6-89,forschung_muskelkraft,standard,0,11,3,13,14,30,3,27,false,false,false
match-11fca721-91,forschung_muskelkraft,standard,0,6,2,8,6,16,2,14,true,true,true
match-c0df11f2-92,rudeljaeger,standard,1,6,3,11,14,28,3,25,false,false,false
match-c0df11f2-92,forschung_muskelkraft,standard,0,6,3,4,6,13,3,10,true,false,false
match-2cc7242b-95,forschung_muskelkraft,standard,0,6,3,9,6,18,3,15,false,false,false
match-2cc7242b-95,rudeljaeger,standard,1,7,4,16,21,41,4,37,true,false,false
match-46d38325-96,rudeljaeger,standard,1,6,2,8,9,19,2,17,true,true,true
match-c020f3e2-97,forschung_muskelkraft,standard,0,6,5,9,8,22,5,17,true,false,false
match-c020f3e2-97,rudeljaeger,standard,1,15,5,14,12,31,5,26,false,false,false
match-619e002f-100,forschung_muskelkraft,standard,0,6,3,11,10,24,3,21,true,true,true
match-cd863267-103,forschung_muskelkraft,standard,0,7,4,4,4,12,4,8,false,false,false
match-cd863267-103,rudeljaeger,standard,1,7,4,4,6,14,4,10,false,false,false
match-113e8911-104,rudeljaeger,standard,1,6,2,7,10,19,2,17,false,false,false
match-113e8911-104,forschung_muskelkraft,standard,0,8,5,15,12,32,5,27,true,true,true
match-8a8bf9ce-105,forschung_muskelkraft,standard,0,6,3,6,6,15,3,12,true,false,false
match-8a8bf9ce-105,rudeljaeger,standard,1,7,3,9,14,26,3,23,false,false,false
match-03d94a8c-106,rudeljaeger,standard,1,6,2,9,9,20,2,18,false,false,false
match-03d94a8c-106,forschung_muskelkraft,standard,0,6,4,13,12,29,4,25,true,false,false
match-2c09061b-108,forschung_muskelkraft,standard,0,6,5,5,2,12,5,7,false,false,false
match-2c09061b-108,rudeljaeger,standard,1,15,5,19,19,43,5,38,true,true,true
match-a55676d8-109,forschung_muskelkraft,standard,0,6,5,5,2,12,5,7,true,false,false
match-1ea3c796-110,rudeljaeger,standard,1,8,3,10,11,24,3,21,false,false,false
match-1ea3c796-110,forschung_muskelkraft,standard,0,10,3,10,12,25,3,22,true,false,false
match-97f13853-111,rudeljaeger,standard,1,6,1,5,6,12,1,11,false,false,false
match-97f13853-111,forschung_muskelkraft,standard,0,6,3,10,12,25,3,22,true,false,false
match-46156515-117,rudeljaeger,standard,1,6,2,6,6,14,2,12,true,false,false
match-46156515-117,forschung_muskelkraft,standard,0,7,3,6,8,17,3,14,false,false,false
match-38b02690-119,forschung_muskelkraft,standard,0,6,5,11,10,26,5,21,true,false,false
match-7c689d39-120,forschung_muskelkraft,standard,0,6,2,9,8,19,2,17,false,false,false
match-7c689d39-120,rudeljaeger,standard,1,9,3,10,13,26,3,23,true,true,true
match-6f035eb4-122,forschung_muskelkraft,standard,0,6,5,12,10,27,5,22,false,false,false
match-6f035eb4-122,rudeljaeger,standard,1,8,3,15,21,39,3,36,true,true,true
match-e850af71-123,rudeljaeger,standard,1,8,4,18,22,44,4,40,false,false,false
match-e850af71-123,forschung_muskelkraft,standard,0,11,4,9,10,23,4,19,true,true,true
match-10806b01-125,rudeljaeger,standard,1,6,1,5,6,12,1,11,true,false,false
match-10806b01-125,forschung_muskelkraft,standard,0,9,2,8,10,20,2,18,false,false,false
match-89cddbbe-126,rudeljaeger,standard,1,7,4,20,25,49,4,45,false,false,false
match-89cddbbe-126,forschung_muskelkraft,standard,0,8,4,7,8,19,4,15,true,false,true
match-031b2c7c-127,rudeljaeger,standard,1,6,2,6,10,18,2,16,false,false,false
match-031b2c7c-127,forschung_muskelkraft,standard,0,6,4,7,8,19,4,15,true,false,false
match-69124e34-130,rudeljaeger,standard,1,6,1,5,6,12,1,11,false,false,false
match-69124e34-130,forschung_muskelkraft,standard,0,7,4,4,6,14,4,10,true,false,false
match-e25fbef1-131,forschung_muskelkraft,standard,0,11,3,8,6,17,3,14,true,true,true
match-914209c3-132,rudeljaeger,standard,1,6,1,5,6,12,1,11,true,true,true
match-0a8f7a81-133,forschung_muskelkraft,standard,0,8,3,6,4,13,3,10,true,true,true
match-83dccb3e-134,forschung_muskelkraft,standard,0,6,4,8,6,18,4,14,true,false,false
match-fd2a3bfb-135,rudeljaeger,standard,1,6,2,0,0,2,2,0,false,false,false
match-fd2a3bfb-135,forschung_muskelkraft,standard,0,6,5,9,8,22,5,17,true,false,false
match-40e292a5-136,forschung_muskelkraft,standard,0,6,4,16,8,28,4,24,false,false,false
match-337d5420-138,forschung_muskelkraft,standard,0,8,5,8,6,19,5,14,false,false,false
match-337d5420-138,rudeljaeger,standard,1,9,5,0,0,5,5,0,true,false,false
match-5bad0faf-140,forschung_muskelkraft,standard,0,6,4,9,6,19,4,15,true,false,false
match-5bad0faf-140,rudeljaeger,standard,1,9,5,23,27,55,5,50,false,false,false
match-d4fa606c-141,rudeljaeger,standard,1,10,4,4,3,11,4,7,false,false,false
match-c79521e7-143,rudeljaeger,standard,1,6,1,5,5,11,1,10,false,false,false
match-c79521e7-143,forschung_muskelkraft,standard,0,7,5,9,8,22,5,17,true,false,false
match-4d89b31a-147,forschung_muskelkraft,standard,0,6,2,8,4,14,2,12,true,true,true
match-fc6c1deb-148,forschung_muskelkraft,standard,0,9,3,8,6,17,3,14,true,true,true
match-75b96ea9-149,forschung_muskelkraft,standard,0,8,4,11,10,25,4,21,false,false,false
match-75b96ea9-149,rudeljaeger,standard,1,14,4,0,0,4,4,0,false,false,false
match-ef06df66-150,forschung_muskelkraft,standard,0,6,3,7,4,14,3,11,true,false,false
match-ef06df66-150,rudeljaeger,standard,1,8,5,0,0,5,5,0,false,false,false
match-ac0c86cd-152,rudeljaeger,standard,1,6,2,6,10,18,2,16,false,false,false
match-ac0c86cd-152,forschung_muskelkraft,standard,0,7,5,0,0,5,5,0,true,false,false
match-17f4b906-155,rudeljaeger,standard,1,8,3,16,22,41,3,38,false,false,false
match-17f4b906-155,forschung_muskelkraft,standard,0,10,4,13,14,31,4,27,true,true,true
match-40247495-157,forschung_muskelkraft,standard,0,6,2,7,6,15,2,13,true,true,true
match-4ccb950a-160,forschung_muskelkraft,standard,0,7,3,5,4,12,3,9,false,false,false
match-3f665685-162,rudeljaeger,standard,1,6,3,12,12,27,3,24,false,false,false
match-3f665685-162,forschung_muskelkraft,standard,0,10,5,16,16,37,5,32,true,false,false
match-b8b3a742-163,forschung_muskelkraft,standard,0,6,4,9,6,19,4,15,false,false,false
match-b8b3a742-163,rudeljaeger,standard,1,14,4,6,6,16,4,12,false,false,false
match-67961214-164,rudeljaeger,standard,1,7,3,5,6,14,3,11,true,true,true
match-17369af6-168,forschung_muskelkraft,standard,0,6,5,9,6,20,5,15,true,false,false
match-09d15c71-170,rudeljaeger,standard,1,6,2,7,10,19,2,17,true,true,true
match-09d15c71-170,forschung_muskelkraft,standard,0,6,5,10,10,25,5,20,false,false,false
match-831ead2e-171,rudeljaeger,standard,1,7,3,15,20,38,3,35,false,false,false
match-831ead2e-171,forschung_muskelkraft,standard,0,8,4,7,8,19,4,15,true,false,false
match-32011800-172,rudeljaeger,standard,1,6,1,3,5,9,1,8,false,false,false
match-32011800-172,forschung_muskelkraft,standard,0,6,2,8,10,20,2,18,true,false,false
match-249bd97b-174,rudeljaeger,standard,1,7,5,22,27,54,5,49,false,false,false
match-249bd97b-174,forschung_muskelkraft,standard,0,8,4,10,10,24,4,20,false,false,false
match-9de92a38-175,forschung_muskelkraft,standard,0,6,4,8,6,18,4,14,true,false,false
match-9de92a38-175,rudeljaeger,standard,1,7,5,21,28,54,5,49,false,false,false
match-b7f58932-176,rudeljaeger,standard,1,6,3,12,9,24,3,21,true,false,false
match-b7f58932-176,forschung_muskelkraft,standard,0,6,3,8,10,21,3,18,false,false,false
match-3142f9f0-177,forschung_muskelkraft,standard,0,6,3,5,2,10,3,7,true,false,false
match-3142f9f0-177,rudeljaeger,standard,1,9,5,4,3,12,5,7,false,false,false
match-4c0d76fa-181,rudeljaeger,standard,1,6,4,14,17,35,4,31,false,false,false
match-4c0d76fa-181,forschung_muskelkraft,standard,0,11,3,8,10,21,3,18,true,true,true
match-c55ac7b7-182,rudeljaeger,standard,1,6,2,8,11,21,2,19,false,false,false
match-c55ac7b7-182,forschung_muskelkraft,standard,0,7,2,8,10,20,2,18,true,false,true
match-3ea83875-183,forschung_muskelkraft,standard,0,6,2,8,6,16,2,14,true,false,false
match-fbadffdb-185,forschung_muskelkraft,standard,0,6,3,12,8,23,3,20,true,false,false
match-74fb5099-186,rudeljaeger,standard,1,7,4,19,23,46,4,42,false,false,false
match-74fb5099-186,forschung_muskelkraft,standard,0,8,4,11,12,27,4,23,true,false,false
match-09133e61-191,forschung_muskelkraft,standard,0,6,3,8,2,13,3,10,true,true,true
match-c9cf9c17-192,forschung_muskelkraft,standard,0,8,2,6,6,14,2,12,true,true,true
match-431cecd5-193,rudeljaeger,standard,1,6,2,8,7,17,2,15,false,false,false
match-bc6a5d92-194,forschung_muskelkraft,standard,0,6,3,9,6,18,3,15,true,false,false
match-bc6a5d92-194,rudeljaeger,standard,1,7,3,14,18,35,3,32,false,false,false
match-e49a1921-196,forschung_muskelkraft,standard,0,6,4,11,10,25,4,21,true,false,false
match-e49a1921-196,rudeljaeger,standard,1,8,5,9,12,26,5,21,false,false,false
match-5de769df-197,forschung_muskelkraft,standard,0,6,3,10,8,21,3,18,false,false,false
match-5de769df-197,rudeljaeger,standard,1,10,5,14,15,34,5,29,true,true,true
match-d734da9c-198,forschung_muskelkraft,standard,0,6,5,12,8,25,5,20,true,false,false
match-d734da9c-198,rudeljaeger,standard,1,9,5,6,6,17,5,12,false,false,false
match-50822b5a-199,forschung_muskelkraft,standard,0,6,4,4,2,10,4,6,true,false,false
match-943a8203-200,forschung_muskelkraft,standard,0,7,1,2,2,5,1,4,true,false,false
match-943a8203-200,rudeljaeger,standard,1,10,4,0,0,4,4,0,false,false,false
match-86d5437e-202,forschung_muskelkraft,standard,0,6,2,11,8,21,2,19,true,false,false
match-0022b43c-203,rudeljaeger,standard,1,6,2,8,10,20,2,18,false,false,false
match-0022b43c-203,forschung_muskelkraft,standard,0,6,3,6,8,17,3,14,true,false,false
match-af051f0d-204,rudeljaeger,standard,1,8,3,14,16,33,3,30,false,false,false
match-af051f0d-204,forschung_muskelkraft,standard,0,12,4,9,8,21,4,17,false,false,false
match-28526fcb-205,rudeljaeger,standard,1,7,2,10,12,24,2,22,true,false,false
match-28526fcb-205,forschung_muskelkraft,standard,0,8,5,10,10,25,5,20,false,false,false
match-1aed3146-207,rudeljaeger,standard,1,6,1,5,6,12,1,11,false,false,false
match-1aed3146-207,forschung_muskelkraft,standard,0,7,3,10,12,25,3,22,true,false,false
match-ae46e0fd-209,forschung_muskelkraft,standard,0,7,1,4,4,9,1,8,true,false,false
match-ae46e0fd-209,rudeljaeger,standard,1,7,5,20,23,48,5,43,false,false,false
match-a0e1a278-211,rudeljaeger,standard,1,6,2,9,10,21,2,19,false,false,false
match-a0e1a278-211,forschung_muskelkraft,standard,0,6,5,8,10,23,5,18,true,false,false
match-4fc40d4a-212,rudeljaeger,standard,1,6,4,15,14,33,4,29,false,false,false
match-4fc40d4a-212,forschung_muskelkraft,standard,0,6,3,8,10,21,3,18,true,false,false
match-c9117e07-213,rudeljaeger,standard,1,6,3,9,12,24,3,21,false,false,false
match-c9117e07-213,forschung_muskelkraft,standard,0,8,3,12,14,29,3,26,true,false,false
match-bbac3f82-215,forschung_muskelkraft,standard,0,6,2,11,8,21,2,19,true,false,true
match-f1ff57a6-218,forschung_muskelkraft,standard,0,6,4,9,6,19,4,15,true,false,false
match-f1ff57a6-218,rudeljaeger,standard,1,7,5,22,25,52,5,47,false,false,false
match-0cc9d4b1-222,rudeljaeger,standard,1,6,2,6,9,17,2,15,false,false,false
match-0cc9d4b1-222,forschung_muskelkraft,standard,0,10,3,12,14,29,3,26,true,false,true
match-a0238468-224,rudeljaeger,standard,1,6,3,13,16,32,3,29,false,false,false
match-a0238468-224,forschung_muskelkraft,standard,0,6,5,8,10,23,5,18,false,false,false
match-92be45e3-226,forschung_muskelkraft,standard,0,8,4,3,2,9,4,5,true,false,false
match-baee0172-228,forschung_muskelkraft,standard,0,6,2,9,8,19,2,17,false,false,false
match-343b7230-229,forschung_muskelkraft,standard,0,6,3,9,8,20,3,17,true,true,true
match-ad88c2ed-230,forschung_muskelkraft,standard,0,6,3,9,6,18,3,15,true,false,false
match-6a8e8a54-232,rudeljaeger,standard,1,12,4,0,0,4,4,0,false,false,false
match-6a8e8a54-232,forschung_muskelkraft,standard,0,12,2,6,8,16,2,14,true,false,true
match-e3dbfb11-233,rudeljaeger,standard,1,6,2,8,11,21,2,19,true,true,true
match-5d294bcf-234,rudeljaeger,standard,1,6,1,5,5,11,1,10,true,true,true
match-d676bc8c-235,forschung_muskelkraft,standard,0,6,5,7,6,18,5,13,true,false,false
match-d676bc8c-235,rudeljaeger,standard,1,7,4,18,23,45,4,41,false,false,false
match-fea6781b-237,rudeljaeger,standard,1,6,3,13,13,29,3,26,false,false,false
match-fea6781b-237,forschung_muskelkraft,standard,0,6,4,14,14,32,4,28,true,false,false
match-77f3c8d9-238,forschung_muskelkraft,standard,0,6,3,10,8,21,3,18,true,true,true
match-0b4d9891-240,forschung_muskelkraft,standard,0,6,3,14,12,29,3,26,true,false,false
match-849ae94e-241,rudeljaeger,standard,1,6,2,8,10,20,2,18,false,false,false
match-849ae94e-241,forschung_muskelkraft,standard,0,6,5,11,12,28,5,23,true,false,false
match-fde85a0b-242,forschung_muskelkraft,standard,0,7,3,7,4,14,3,11,true,true,true
match-2618159b-244,rudeljaeger,standard,1,6,1,5,6,12,1,11,false,false,false
match-2618159b-244,forschung_muskelkraft,standard,0,6,4,11,10,25,4,21,true,false,false
match-9f656658-245,rudeljaeger,standard,1,6,2,9,10,21,2,19,true,true,true
match-18b2d716-246,rudeljaeger,standard,1,6,3,12,14,29,3,26,false,false,false
match-18b2d716-246,forschung_muskelkraft,standard,0,6,4,8,10,22,4,18,true,false,false
match-920027d3-247,forschung_muskelkraft,standard,0,6,4,8,6,18,4,14,true,false,false
match-d5b89e7c-248,forschung_muskelkraft,standard,0,8,5,8,6,19,5,14,false,false,false
match-d5b89e7c-248,rudeljaeger,standard,1,9,5,21,29,55,5,50,true,false,false
match-c8535ff7-250,forschung_muskelkraft,standard,0,6,2,9,8,19,2,17,false,false,false
match-41a0b0b5-251,forschung_muskelkraft,standard,0,6,4,11,8,23,4,19,false,false,false
match-f0831b86-252,rudeljaeger,standard,1,6,2,7,8,17,2,15,false,false,false
match-f0831b86-252,forschung_muskelkraft,standard,0,7,3,10,12,25,3,22,true,false,true
match-69d06c44-253,forschung_muskelkraft,standard,0,8,2,7,6,15,2,13,true,true,true
match-e31ddd01-254,rudeljaeger,standard,1,6,3,11,14,28,3,25,false,false,false
match-e31ddd01-254,forschung_muskelkraft,standard,0,6,3,10,12,25,3,22,true,false,false
match-5c6b2dbf-255,rudeljaeger,standard,1,6,4,15,15,34,4,30,false,false,false
match-5c6b2dbf-255,forschung_muskelkraft,standard,0,6,3,8,10,21,3,18,true,false,false
match-6a8788ef-256,forschung_muskelkraft,standard,0,6,4,11,10,25,4,21,true,true,true
match-e3d4f9ac-257,rudeljaeger,standard,1,6,1,3,5,9,1,8,false,false,false
match-e3d4f9ac-257,forschung_muskelkraft,standard,0,6,3,10,10,23,3,20,true,false,false
match-d66fbb27-259,rudeljaeger,standard,1,6,2,0,0,2,2,0,false,false,false
match-d66fbb27-259,forschung_muskelkraft,standard,0,6,3,7,8,18,3,15,true,false,false
match-855205f9-260,rudeljaeger,standard,1,6,4,14,16,34,4,30,false,false,false
match-855205f9-260,forschung_muskelkraft,standard,0,9,3,8,10,21,3,18,true,true,true
match-fe9f76b6-261,forschung_muskelkraft,standard,0,10,3,7,6,16,3,13,true,true,true
match-77ecc774-262,forschung_muskelkraft,standard,0,6,3,10,8,21,3,18,true,false,false
match-278d5056-266,forschung_muskelkraft,standard,0,12,4,10,8,22,4,18,true,true,true
match-a0daa113-267,rudeljaeger,standard,1,6,4,13,14,31,4,27,true,false,false
match-a0daa113-267,forschung_muskelkraft,standard,0,6,4,8,10,22,4,18,false,false,false
match-4fbd0be5-268,rudeljaeger,standard,1,6,1,3,5,9,1,8,true,true,true
match-c90a7ca2-269,forschung_muskelkraft,standard,0,6,4,7,6,17,4,13,true,false,false
match-4257cd60-270,forschung_muskelkraft,standard,0,6,5,7,6,18,5,13,false,false,false
match-4257cd60-270,rudeljaeger,standard,1,8,4,16,19,39,4,35,false,false,false
match-4efeedd5-273,rudeljaeger,standard,1,8,3,18,22,43,3,40,false,false,false
match-4efeedd5-273,forschung_muskelkraft,standard,0,11,1,3,0,4,1,3,true,false,true
match-c84c5e92-274,forschung_muskelkraft,standard,0,8,5,19,12,36,5,31,true,true,true
match-4199af50-275,rudeljaeger,standard,1,6,3,13,14,30,3,27,false,false,false
match-4199af50-275,forschung_muskelkraft,standard,0,6,3,6,6,15,3,12,true,false,true
match-f07c1a21-276,forschung_muskelkraft,standard,0,11,2,7,6,15,2,13,true,false,true
match-f07c1a21-276,rudeljaeger,standard,1,12,4,9,12,25,4,21,false,false,false
match-69c96adf-277,rudeljaeger,standard,1,6,3,9,12,24,3,21,false,false,false
match-69c96adf-277,forschung_muskelkraft,standard,0,6,2,8,10,20,2,18,true,false,false
match-5c642c5a-279,forschung_muskelkraft,standard,0,6,4,3,2,9,4,5,false,false,false
match-5c642c5a-279,rudeljaeger,standard,1,11,5,7,10,22,5,17,true,false,false
match-92b7447e-282,forschung_muskelkraft,standard,0,6,4,7,4,15,4,11,true,false,false
match-0c04b53c-283,rudeljaeger,standard,1,6,2,7,11,20,2,18,false,false,false
match-0c04b53c-283,forschung_muskelkraft,standard,0,6,3,10,10,23,3,20,true,false,true
match-bae7000d-284,forschung_muskelkraft,standard,0,6,2,8,4,14,2,12,true,false,false
match-26cf3246-287,forschung_muskelkraft,standard,0,6,2,6,2,10,2,8,false,false,false
match-ba28e1fd-289,rudeljaeger,standard,1,6,3,11,12,26,3,23,true,false,false
match-337652bb-290,rudeljaeger,standard,1,6,2,9,10,21,2,19,false,false,false
match-337652bb-290,forschung_muskelkraft,standard,0,7,4,12,12,28,4,24,true,false,false
match-5ba60e4a-292,forschung_muskelkraft,standard,0,6,2,10,8,20,2,18,true,false,false
match-d4f37f07-293,rudeljaeger,standard,1,6,2,9,10,21,2,19,false,false,false
match-d4f37f07-293,forschung_muskelkraft,standard,0,6,4,13,14,31,4,27,true,false,false
match-c78e2082-295,rudeljaeger,standard,1,6,2,9,10,21,2,19,false,false,false
match-c78e2082-295,forschung_muskelkraft,standard,0,6,3,11,10,24,3,21,true,false,false
match-8493e7e9-297,rudeljaeger,standard,1,6,2,7,7,16,2,14,false,false,false
match-8493e7e9-297,forschung_muskelkraft,standard,0,6,4,6,8,18,4,14,true,false,false
match-26111436-300,rudeljaeger,standard,1,6,3,9,9,21,3,18,true,false,false
match-26111436-300,forschung_muskelkraft,standard,0,6,3,12,14,29,3,26,false,false,false
match-18abd5b1-302,rudeljaeger,standard,1,7,3,8,10,21,3,18,true,true,true
match-91f9266e-303,forschung_muskelkraft,standard,0,6,2,9,8,19,2,17,true,false,false
match-ac058568-304,rudeljaeger,standard,1,6,1,3,5,9,1,8,false,false,false
match-ac058568-304,forschung_muskelkraft,standard,0,6,5,7,8,20,5,15,true,false,false
match-2552f626-305,forschung_muskelkraft,standard,0,8,3,3,0,6,3,3,true,false,false
match-17edb7a1-307,forschung_muskelkraft,standard,0,6,3,10,6,19,3,16,true,false,true
match-c6d00272-308,rudeljaeger,standard,1,6,1,5,6,12,1,11,true,true,true
match-b96ac3ed-310,rudeljaeger,standard,1,6,1,5,6,12,1,11,false,false,false
match-b96ac3ed-310,forschung_muskelkraft,standard,0,6,4,10,8,22,4,18,true,false,false
match-76708b54-312,forschung_muskelkraft,standard,0,10,3,5,0,8,3,5,false,false,false
match-76708b54-312,rudeljaeger,standard,1,15,5,7,8,20,5,15,false,false,false
match-efbdfc11-313,rudeljaeger,standard,1,6,3,9,9,21,3,18,false,false,false
match-efbdfc11-313,forschung_muskelkraft,standard,0,10,5,15,14,34,5,29,true,false,true
match-690b4ccf-314,rudeljaeger,standard,1,6,3,12,13,28,3,25,false,false,false
match-690b4ccf-314,forschung_muskelkraft,standard,0,6,2,8,10,20,2,18,true,false,false
match-913b085e-316,forschung_muskelkraft,standard,0,6,3,8,6,17,3,14,true,false,false
match-913b085e-316,rudeljaeger,standard,1,9,5,5,5,15,5,10,false,false,false
match-0a88791c-317,rudeljaeger,standard,1,6,3,9,9,21,3,18,false,false,false
match-0a88791c-317,forschung_muskelkraft,standard,0,7,3,6,8,17,3,14,true,false,false
match-83d5c9d9-318,forschung_muskelkraft,standard,0,6,5,6,4,15,5,10,false,false,false
match-83d5c9d9-318,rudeljaeger,standard,1,11,5,17,22,44,5,39,true,false,false
match-fd233a96-319,forschung_muskelkraft,standard,0,6,4,6,2,12,4,8,true,false,false
match-372ce90b-321,forschung_muskelkraft,standard,0,6,3,13,10,26,3,23,true,false,false
match-b07a59c8-322,rudeljaeger,standard,1,6,3,11,14,28,3,25,true,true,true
match-b07a59c8-322,forschung_muskelkraft,standard,0,6,4,8,10,22,4,18,false,false,false
match-29c7aa86-323,rudeljaeger,standard,1,6,3,10,13,26,3,23,false,false,false
match-29c7aa86-323,forschung_muskelkraft,standard,0,8,5,14,12,31,5,26,true,false,false
match-cb44d6d2-326,rudeljaeger,standard,1,6,3,11,14,28,3,25,true,false,false
match-44922790-327,rudeljaeger,standard,1,6,2,9,9,20,2,18,false,false,false
match-44922790-327,forschung_muskelkraft,standard,0,7,1,4,6,11,1,10,true,false,false
match-884a9e39-328,rudeljaeger,standard,1,6,2,8,10,20,2,18,true,false,false
match-884a9e39-328,forschung_muskelkraft,standard,0,6,5,10,10,25,5,20,false,false,false
match-0197eef7-329,forschung_muskelkraft,standard,0,6,2,8,6,16,2,14,true,false,false
match-7ae55fb4-330,forschung_muskelkraft,standard,0,6,4,10,8,22,4,18,true,false,false
match-a3151b43-332,rudeljaeger,standard,1,8,5,24,29,58,5,53,false,false,false
match-a3151b43-332,forschung_muskelkraft,standard,0,9,4,11,10,25,4,21,true,false,false
match-94f1beae-339,rudeljaeger,standard,1,6,3,5,5,13,3,10,false,false,false
match-94f1beae-339,forschung_muskelkraft,standard,0,8,5,16,12,33,5,28,true,false,true
match-43d40980-340,forschung_muskelkraft,standard,0,7,4,3,2,9,4,5,false,false,false
match-43d40980-340,rudeljaeger,standard,1,7,3,14,18,35,3,32,false,false,false
match-bd217a3d-341,forschung_muskelkraft,standard,0,6,4,7,6,17,4,13,true,true,true
match-366ecafb-342,forschung_muskelkraft,standard,0,6,5,11,10,26,5,21,true,false,true
match-afbc3bb8-343,rudeljaeger,standard,1,6,2,9,8,19,2,17,false,false,false
match-afbc3bb8-343,forschung_muskelkraft,standard,0,6,3,8,10,21,3,18,true,false,false
match-6cc1e31f-345,forschung_muskelkraft,standard,0,6,5,10,6,21,5,16,true,false,false
match-e60f53dc-346,forschung_muskelkraft,standard,0,6,5,10,8,23,5,18,true,false,false
match-e60f53dc-346,rudeljaeger,standard,1,10,5,6,6,17,5,12,false,false,false
match-0e3f0f6c-348,rudeljaeger,standard,1,6,2,6,8,16,2,14,false,false,false
match-0e3f0f6c-348,forschung_muskelkraft,standard,0,8,5,9,8,22,5,17,true,false,false
match-7a2721a4-351,forschung_muskelkraft,standard,0,6,4,13,8,25,4,21,true,false,true
match-0d80f15c-353,rudeljaeger,standard,1,6,3,11,14,28,3,25,false,false,false
match-0d80f15c-353,forschung_muskelkraft,standard,0,6,4,10,12,26,4,22,true,false,false
match-aefe1da8-356,rudeljaeger,standard,1,6,3,11,12,26,3,23,false,false,false
match-aefe1da8-356,forschung_muskelkraft,standard,0,7,2,8,10,20,2,18,true,false,false
match-5e9e868a-360,forschung_muskelkraft,standard,0,11,2,3,2,7,2,5,true,false,false
match-5e9e868a-360,rudeljaeger,standard,1,14,4,8,9,21,4,17,false,false,false
match-ca86b8c2-363,forschung_muskelkraft,standard,0,6,5,11,10,26,5,21,false,false,false
match-ca86b8c2-363,rudeljaeger,standard,1,7,5,5,6,16,5,11,false,false,false
match-e55135cc-367,forschung_muskelkraft,standard,0,6,3,4,4,11,3,8,false,false,false
match-ff5d94c6-368,rudeljaeger,standard,1,6,3,11,11,25,3,22,false,false,false
match-ff5d94c6-368,forschung_muskelkraft,standard,0,6,3,10,12,25,3,22,true,false,false
match-f1f85641-370,rudeljaeger,standard,1,6,1,3,5,9,1,8,true,true,true
match-9375628e-373,rudeljaeger,standard,1,6,3,11,12,26,3,23,false,false,false
match-9375628e-373,forschung_muskelkraft,standard,0,6,3,4,6,13,3,10,true,false,false
match-0cc2d34c-374,rudeljaeger,standard,1,6,1,5,6,12,1,11,false,false,false
match-86102409-375,forschung_muskelkraft,standard,0,8,4,4,4,12,4,8,true,false,false
match-86102409-375,rudeljaeger,standard,1,12,3,5,6,14,3,11,false,false,false
match-bc635c2d-378,rudeljaeger,standard,1,6,3,10,10,23,3,20,false,false,false
match-c3d78a32-384,forschung_muskelkraft,standard,0,9,2,8,6,16,2,14,false,false,false
match-c3d78a32-384,rudeljaeger,standard,1,13,5,12,16,33,5,28,true,false,false
match-b6724bad-386,rudeljaeger,standard,1,6,3,11,14,28,3,25,false,false,false
match-b6724bad-386,forschung_muskelkraft,standard,0,9,3,13,14,30,3,27,true,false,false
match-2fbfbc6b-387,rudeljaeger,standard,1,6,4,16,12,32,4,28,false,false,false
match-2fbfbc6b-387,forschung_muskelkraft,standard,0,6,4,8,10,22,4,18,true,false,false
match-dea2073c-388,rudeljaeger,standard,1,6,3,9,12,24,3,21,false,false,false
match-dea2073c-388,forschung_muskelkraft,standard,0,6,4,10,10,24,4,20,true,false,false
match-d13cc8b7-390,rudeljaeger,standard,1,6,1,3,5,9,1,8,false,false,false
match-d13cc8b7-390,forschung_muskelkraft,standard,0,6,3,10,10,23,3,20,true,false,false
match-078fe0dc-393,rudeljaeger,standard,1,6,3,11,10,24,3,21,false,false,false
match-078fe0dc-393,forschung_muskelkraft,standard,0,7,4,8,8,20,4,16,true,false,false
match-80dd5199-394,forschung_muskelkraft,standard,0,6,3,9,8,20,3,17,true,false,false
match-fa2aa256-395,forschung_muskelkraft,standard,0,7,2,3,2,7,2,5,false,false,false
match-a90d0d28-396,forschung_muskelkraft,standard,0,6,3,4,4,11,3,8,true,false,false
match-a84eef18-401,forschung_muskelkraft,standard,0,6,5,8,6,19,5,14,false,false,false
match-a84eef18-401,rudeljaeger,standard,1,7,4,17,24,45,4,41,false,false,false
match-219c5fd6-402,forschung_muskelkraft,standard,0,6,3,13,10,26,3,23,false,false,false
match-49cc1b65-404,forschung_muskelkraft,standard,0,6,3,8,6,17,3,14,true,false,false
match-f96c8446-408,rudeljaeger,standard,1,6,2,9,9,20,2,18,false,false,false
match-f96c8446-408,forschung_muskelkraft,standard,0,6,4,8,10,22,4,18,true,false,false
match-ec0745c1-410,forschung_muskelkraft,standard,0,6,4,17,12,33,4,29,true,false,false
match-6554b67f-411,rudeljaeger,standard,1,6,2,6,11,19,2,17,false,false,false
match-6554b67f-411,forschung_muskelkraft,standard,0,6,5,13,12,30,5,25,true,false,false
match-14370151-412,rudeljaeger,standard,1,6,1,5,5,11,1,10,false,false,false
match-14370151-412,forschung_muskelkraft,standard,0,8,5,17,14,36,5,31,true,false,false
match-8d84720e-413,rudeljaeger,standard,1,6,1,5,6,12,1,11,true,true,true
match-06d1c2cc-414,forschung_muskelkraft,standard,0,6,3,13,8,24,3,21,true,false,false
match-06d1c2cc-414,rudeljaeger,standard,1,7,4,18,22,44,4,40,false,false,false
match-9a2b9283-416,forschung_muskelkraft,standard,0,6,2,7,4,13,2,11,false,false,false
match-8cc653fe-418,forschung_muskelkraft,standard,0,6,4,10,6,20,4,16,true,false,false
match-0613a4bc-419,forschung_muskelkraft,standard,0,6,5,7,2,14,5,9,true,false,false
match-b4f60f8d-420,rudeljaeger,standard,1,6,3,11,11,25,3,22,false,false,false
match-b4f60f8d-420,forschung_muskelkraft,standard,0,11,3,5,4,12,3,9,true,false,false
match-2e43604b-421,rudeljaeger,standard,1,6,2,8,8,18,2,16,true,true,true
match-a790d108-422,forschung_muskelkraft,standard,0,6,3,10,8,21,3,18,false,false,false
match-6496986f-424,forschung_muskelkraft,standard,0,10,5,10,8,23,5,18,false,false,false
match-6496986f-424,rudeljaeger,standard,1,14,5,4,9,18,5,13,true,true,true
match-dde3e92c-425,forschung_muskelkraft,standard,0,6,3,14,12,29,3,26,true,false,false
match-dde3e92c-425,rudeljaeger,standard,1,12,3,13,17,33,3,30,false,false,false
match-71fbd6f4-430,rudeljaeger,standard,1,6,3,11,11,25,3,22,false,false,false
match-71fbd6f4-430,forschung_muskelkraft,standard,0,7,2,8,10,20,2,18,true,false,false
match-eb4927b1-431,rudeljaeger,standard,1,8,4,6,7,17,4,13,false,false,false
match-055586ac-432,forschung_muskelkraft,standard,0,6,3,11,6,20,3,17,true,false,false
match-7ea2f769-433,forschung_muskelkraft,standard,0,6,5,9,6,20,5,15,false,false,false
match-7ea2f769-433,rudeljaeger,standard,1,7,3,13,18,34,3,31,false,false,false
match-f7f04826-434,forschung_muskelkraft,standard,0,6,5,8,6,19,5,14,true,false,false
match-f7f04826-434,rudeljaeger,standard,1,13,5,15,18,38,5,33,false,false,false
match-12bac531-438,forschung_muskelkraft,standard,0,8,4,14,12,30,4,26,true,false,false
match-12bac531-438,rudeljaeger,standard,1,10,4,6,7,17,4,13,false,false,false
match-8c0835ee-439,forschung_muskelkraft,standard,0,6,4,5,4,13,4,9,true,false,false
match-cfc08c97-440,forschung_muskelkraft,standard,0,6,3,9,6,18,3,15,false,false,false
match-cfc08c97-440,rudeljaeger,standard,1,13,5,21,21,47,5,42,true,false,true
match-ea8b09a1-444,rudeljaeger,standard,1,6,2,9,9,20,2,18,false,false,false
match-ea8b09a1-444,forschung_muskelkraft,standard,0,8,5,9,4,18,5,13,true,false,false
match-63d87a5f-445,forschung_muskelkraft,standard,0,7,3,12,8,23,3,20,true,false,true
match-56733bda-447,rudeljaeger,standard,1,6,3,11,14,28,3,25,false,false,false
match-56733bda-447,forschung_muskelkraft,standard,0,6,5,13,12,30,5,25,true,false,false
match-172f9991-448,rudeljaeger,standard,1,6,3,11,14,28,3,25,false,false,false
match-172f9991-448,forschung_muskelkraft,standard,0,6,2,8,10,20,2,18,true,false,true
match-907cea4e-449,rudeljaeger,standard,1,6,3,11,14,28,3,25,false,false,false
match-907cea4e-449,forschung_muskelkraft,standard,0,6,2,8,10,20,2,18,true,false,false
match-09ca5b0c-450,forschung_muskelkraft,standard,0,6,2,10,8,20,2,18,true,false,false
match-09ca5b0c-450,rudeljaeger,standard,1,9,5,18,24,47,5,42,false,false,false
match-9de228d3-455,rudeljaeger,standard,1,6,2,9,10,21,2,19,false,false,false
match-9de228d3-455,forschung_muskelkraft,standard,0,6,3,8,10,21,3,18,true,false,false
match-e19a9f7c-456,rudeljaeger,standard,1,6,3,13,11,27,3,24,false,false,false
match-e19a9f7c-456,forschung_muskelkraft,standard,0,6,2,8,10,20,2,18,true,false,false
match-5ae7f03a-457,rudeljaeger,standard,1,6,4,14,14,32,4,28,false,false,false
match-5ae7f03a-457,forschung_muskelkraft,standard,0,6,3,8,10,21,3,18,true,false,false
match-d43540f7-458,rudeljaeger,standard,1,6,3,9,9,21,3,18,false,false,false
match-4d82b1b5-459,rudeljaeger,standard,1,6,4,16,16,36,4,32,false,false,false
match-4d82b1b5-459,forschung_muskelkraft,standard,0,6,3,4,6,13,3,10,true,false,false
match-75b26d44-461,forschung_muskelkraft,standard,0,6,4,13,10,27,4,23,true,false,true
match-eeffde01-462,forschung_muskelkraft,standard,0,6,5,7,6,18,5,13,false,false,false
match-eeffde01-462,rudeljaeger,standard,1,8,4,14,17,35,4,31,true,false,false
match-684d2ebf-463,rudeljaeger,standard,1,6,3,13,15,31,3,28,true,false,false
match-82598db9-464,forschung_muskelkraft,standard,0,6,4,10,10,24,4,20,false,false,false
match-82598db9-464,rudeljaeger,standard,1,8,5,0,0,5,5,0,true,false,false
match-ee41bff1-467,rudeljaeger,standard,1,6,3,12,14,29,3,26,false,false,false
match-ee41bff1-467,forschung_muskelkraft,standard,0,10,4,9,8,21,4,17,true,false,true
match-9d240ac3-468,forschung_muskelkraft,standard,0,6,5,11,10,26,5,21,true,true,true
match-16717b81-469,rudeljaeger,standard,1,8,5,13,13,31,5,26,false,false,false
match-16717b81-469,forschung_muskelkraft,standard,0,13,4,8,10,22,4,18,true,true,true
match-090c3cfc-471,rudeljaeger,standard,1,6,2,8,10,20,2,18,false,false,false
match-090c3cfc-471,forschung_muskelkraft,standard,0,6,4,9,8,21,4,17,true,false,false
match-4cc493a5-472,forschung_muskelkraft,standard,0,6,5,11,6,22,5,17,true,false,false
match-4cc493a5-472,rudeljaeger,standard,1,10,4,0,0,4,4,0,false,false,false
match-3f5f5520-474,forschung_muskelkraft,standard,0,6,2,9,8,19,2,17,false,false,false
match-b8aca5dd-475,forschung_muskelkraft,standard,0,6,3,14,12,29,3,26,true,false,false
match-b8aca5dd-475,rudeljaeger,standard,1,10,3,0,0,3,3,0,false,false,false
match-678f10af-476,rudeljaeger,standard,1,6,2,8,10,20,2,18,false,false,false
match-678f10af-476,forschung_muskelkraft,standard,0,6,5,12,12,29,5,24,true,false,false
match-5a29d22a-478,rudeljaeger,standard,1,6,2,7,10,19,2,17,false,false,false
match-5a29d22a-478,forschung_muskelkraft,standard,0,7,4,8,10,22,4,18,true,false,false
match-d37722e7-479,forschung_muskelkraft,standard,0,6,4,5,4,13,4,9,true,false,false
match-ed8381e1-480,rudeljaeger,standard,1,6,3,13,14,30,3,27,false,false,false
match-ed8381e1-480,forschung_muskelkraft,standard,0,8,5,11,12,28,5,23,true,false,false
match-e01e435c-482,rudeljaeger,standard,1,6,2,6,9,17,2,15,true,true,true
match-e01e435c-482,forschung_muskelkraft,standard,0,6,5,9,10,24,5,19,false,false,false
match-084e1eec-484,rudeljaeger,standard,1,6,1,5,6,12,1,11,true,true,true
match-819b6fa9-485,forschung_muskelkraft,standard,0,6,3,6,6,15,3,12,true,false,true
match-23d6ba06-491,forschung_muskelkraft,standard,0,6,3,7,6,16,3,13,true,false,false
match-d2b904d7-492,forschung_muskelkraft,standard,0,9,3,4,2,9,3,6,true,false,false
match-d2b904d7-492,rudeljaeger,standard,1,9,4,11,12,27,4,23,false,false,false
match-4c067595-493,rudeljaeger,standard,1,6,2,8,7,17,2,15,false,false,false
match-4c067595-493,forschung_muskelkraft,standard,0,6,4,7,8,19,4,15,true,false,false
match-c553c652-494,forschung_muskelkraft,standard,0,9,4,5,4,13,4,9,true,true,true
match-58ad960a-496,rudeljaeger,standard,1,6,2,8,10,20,2,18,false,false,false
match-58ad960a-496,forschung_muskelkraft,standard,0,6,1,4,6,11,1,10,true,false,false
match-d1fae6c7-497,rudeljaeger,standard,1,6,2,7,10,19,2,17,false,false,false
match-d1fae6c7-497,forschung_muskelkraft,standard,0,6,5,12,10,27,5,22,false,false,false
match-4b485785-498,forschung_muskelkraft,standard,0,6,4,11,8,23,4,19,true,false,false
match-4b485785-498,rudeljaeger,standard,1,9,5,5,6,16,5,11,false,false,false
match-c495a842-499,rudeljaeger,standard,1,6,2,9,10,21,2,19,false,false,false
match-c495a842-499,forschung_muskelkraft,standard,0,6,5,4,6,15,5,10,true,false,false
match-65477b10-500,rudeljaeger,standard,1,8,5,23,28,56,5,51,false,false,false
match-65477b10-500,forschung_muskelkraft,standard,0,12,4,8,10,22,4,18,true,false,false
match-ebfa0a52-501,forschung_muskelkraft,standard,0,6,4,4,4,12,4,8,true,false,false
match-ebfa0a52-501,rudeljaeger,standard,1,6,3,13,16,32,3,29,false,false,false
match-57e23c8b-502,forschung_muskelkraft,standard,0,8,3,2,2,7,3,4,false,false,false
match-57e23c8b-502,rudeljaeger,standard,1,8,5,24,30,59,5,54,true,false,false
match-d12f8d48-505,forschung_muskelkraft,standard,0,7,4,5,0,9,4,5,true,true,true
match-3d17bf81-506,rudeljaeger,standard,1,6,3,14,17,34,3,31,false,false,false
match-3d17bf81-506,forschung_muskelkraft,standard,0,8,5,11,12,28,5,23,true,false,false
match-c3ca4ec3-507,rudeljaeger,standard,1,6,4,16,16,36,4,32,true,false,false
match-c3ca4ec3-507,forschung_muskelkraft,standard,0,7,5,10,8,23,5,18,false,false,false
match-b665103e-509,forschung_muskelkraft,standard,0,6,2,8,4,14,2,12,false,false,false
match-224d2277-510,forschung_muskelkraft,standard,0,6,2,5,2,9,2,7,false,false,false
match-224d2277-510,rudeljaeger,standard,1,7,2,9,12,23,2,21,true,false,false
match-a8ffd1b9-511,forschung_muskelkraft,standard,0,8,2,3,2,7,2,5,true,false,false
match-a8ffd1b9-511,rudeljaeger,standard,1,10,4,12,16,32,4,28,false,false,false
match-14e7e3f2-512,forschung_muskelkraft,standard,0,6,1,4,4,9,1,8,false,false,false
match-9b9a9334-513,forschung_muskelkraft,standard,0,10,3,8,6,17,3,14,true,false,false
match-9b9a9334-513,rudeljaeger,standard,1,10,4,17,19,40,4,36,false,false,false
match-0782a56d-514,forschung_muskelkraft,standard,0,6,3,5,2,10,3,7,true,false,false
match-0782a56d-514,rudeljaeger,standard,1,11,5,9,11,25,5,20,false,false,false
match-8e3554af-515,forschung_muskelkraft,standard,0,6,2,6,6,14,2,12,true,false,true
match-d0716f38-516,forschung_muskelkraft,standard,0,10,2,2,2,6,2,4,true,true,true
match-49bedff6-519,rudeljaeger,standard,1,6,4,16,17,37,4,33,true,false,true
match-b5a6f22e-520,forschung_muskelkraft,standard,0,6,3,7,6,16,3,13,true,false,false
match-a841b3a9-522,rudeljaeger,standard,1,7,1,5,9,15,1,14,false,false,false
match-a841b3a9-522,forschung_muskelkraft,standard,0,9,5,7,8,20,5,15,true,false,false
match-2ef442ec-523,forschung_muskelkraft,standard,0,6,4,3,2,9,4,5,false,false,false
match-2ef442ec-523,rudeljaeger,standard,1,6,3,13,16,32,3,29,false,false,false
match-9adc7524-524,forschung_muskelkraft,standard,0,7,4,7,6,17,4,13,true,false,false
match-9adc7524-524,rudeljaeger,standard,1,13,3,6,6,15,3,12,false,false,false
match-218f0467-525,forschung_muskelkraft,standard,0,6,2,4,4,10,2,8,true,false,false
match-218f0467-525,rudeljaeger,standard,1,6,4,15,17,36,4,32,false,false,false
match-1429c5e2-527,rudeljaeger,standard,1,10,4,23,24,51,4,47,false,false,false
match-1429c5e2-527,forschung_muskelkraft,standard,0,11,2,9,8,19,2,17,true,false,false
match-8011f81a-528,forschung_muskelkraft,standard,0,6,4,5,2,11,4,7,true,false,false
match-8011f81a-528,rudeljaeger,standard,1,8,4,19,23,46,4,42,false,false,false
match-72acb995-530,forschung_muskelkraft,standard,0,7,4,7,6,17,4,13,true,true,true
match-3b9b6361-532,rudeljaeger,standard,1,7,3,14,17,34,3,31,false,false,false
match-3b9b6361-532,forschung_muskelkraft,standard,0,9,4,10,8,22,4,18,true,false,true
match-b4e8d41e-535,forschung_muskelkraft,standard,0,6,4,12,10,26,4,22,true,false,false
match-a7839599-537,forschung_muskelkraft,standard,0,6,3,4,4,11,3,8,true,false,false
match-0606694d-540,rudeljaeger,standard,1,7,3,13,13,29,3,26,true,false,false
match-0606694d-540,forschung_muskelkraft,standard,0,8,5,8,10,23,5,18,false,false,false
match-8cb9188f-541,forschung_muskelkraft,standard,0,6,3,4,4,11,3,8,true,false,false
match-8cb9188f-541,rudeljaeger,standard,1,12,5,6,7,18,5,13,false,false,false
match-eb3bec42-544,forschung_muskelkraft,standard,0,6,2,8,6,16,2,14,false,false,false
match-ddd6adbd-546,forschung_muskelkraft,standard,0,6,3,6,4,13,3,10,true,true,true
match-a6c57789-548,rudeljaeger,standard,1,6,4,17,19,40,4,36,true,true,true
match-2d7806cc-549,rudeljaeger,standard,1,7,3,13,12,28,3,25,false,false,false
match-99603904-550,forschung_muskelkraft,standard,0,6,2,6,4,12,2,10,true,false,false
match-12ad89c2-553,forschung_muskelkraft,standard,0,6,3,9,8,20,3,17,true,false,true
match-05484b3d-555,forschung_muskelkraft,standard,0,6,4,4,4,12,4,8,false,false,false
match-71307d75-556,forschung_muskelkraft,standard,0,8,3,6,6,15,3,12,true,false,false
match-71307d75-556,rudeljaeger,standard,1,12,5,16,17,38,5,33,false,false,false
match-63cb3ef0-558,forschung_muskelkraft,standard,0,7,3,8,8,19,3,16,true,false,false
match-63cb3ef0-558,rudeljaeger,standard,1,12,4,11,11,26,4,22,false,false,false
match-5665e06b-560,rudeljaeger,standard,1,6,4,17,19,40,4,36,true,false,true
match-dd188fad-561,rudeljaeger,standard,1,7,3,13,15,31,3,28,false,false,false
match-dd188fad-561,forschung_muskelkraft,standard,0,7,3,4,6,13,3,10,true,false,false
match-4900a1e6-562,forschung_muskelkraft,standard,0,6,2,6,4,12,2,10,false,false,false
match-11ef6bb2-564,forschung_muskelkraft,standard,0,6,1,4,4,9,1,8,true,true,true
match-98a21af4-565,forschung_muskelkraft,standard,0,10,4,7,4,15,4,11,true,true,true
match-048a2d2d-566,forschung_muskelkraft,standard,0,6,3,4,4,11,3,8,true,true,true
match-8b3cdc6f-567,forschung_muskelkraft,standard,0,6,5,6,4,15,5,10,false,false,false
match-7dd79dea-569,forschung_muskelkraft,standard,0,6,2,7,6,15,2,13,true,false,false
match-7dd79dea-569,rudeljaeger,standard,1,6,3,12,16,31,3,28,false,false,false
match-e9bfb022-570,forschung_muskelkraft,standard,0,6,3,5,4,12,3,9,true,false,false
match-e9bfb022-570,rudeljaeger,standard,1,6,4,16,18,38,4,34,false,false,false
match-70725f65-571,forschung_muskelkraft,standard,0,6,4,8,6,18,4,14,true,false,false
match-70725f65-571,rudeljaeger,standard,1,6,4,4,6,14,4,10,false,false,false
match-dc5a719d-572,forschung_muskelkraft,standard,0,6,4,5,4,13,4,9,false,false,false
match-dc5a719d-572,rudeljaeger,standard,1,6,4,16,18,38,4,34,false,false,false
match-630d00e0-573,forschung_muskelkraft,standard,0,6,3,3,2,8,3,5,false,false,false
match-630d00e0-573,rudeljaeger,standard,1,6,4,16,24,44,4,40,true,false,false
match-cef53318-574,forschung_muskelkraft,standard,0,6,2,6,6,14,2,12,false,false,false
match-cef53318-574,rudeljaeger,standard,1,9,4,11,15,30,4,26,true,false,false
match-55a7c25b-575,forschung_muskelkraft,standard,0,6,3,4,4,11,3,8,false,false,false
match-55a7c25b-575,rudeljaeger,standard,1,7,3,13,15,31,3,28,true,false,false
match-484283d6-577,forschung_muskelkraft,standard,0,6,5,5,4,14,5,9,true,false,false
match-b42ab60e-578,forschung_muskelkraft,standard,0,6,3,3,2,8,3,5,true,false,true
match-3add4551-579,rudeljaeger,standard,1,6,4,14,18,36,4,32,false,false,false
match-3add4551-579,forschung_muskelkraft,standard,0,7,4,8,10,22,4,18,true,false,false
match-7d197fda-580,rudeljaeger,standard,1,8,3,16,18,37,3,34,false,false,false
match-7d197fda-580,forschung_muskelkraft,standard,0,9,5,9,8,22,5,17,true,false,false
match-03cc0f1d-581,forschung_muskelkraft,standard,0,6,3,4,4,11,3,8,true,false,false
match-03cc0f1d-581,rudeljaeger,standard,1,6,4,16,21,41,4,37,false,false,false
match-6fb42155-582,forschung_muskelkraft,standard,0,6,2,5,4,11,2,9,false,false,false
match-6fb42155-582,rudeljaeger,standard,1,6,2,9,12,23,2,21,true,true,true
match-f666d097-583,rudeljaeger,standard,1,6,4,16,22,42,4,38,false,false,false
match-f666d097-583,forschung_muskelkraft,standard,0,8,5,17,14,36,5,31,true,false,false
match-e9019212-585,forschung_muskelkraft,standard,0,6,3,2,2,7,3,4,false,false,false
match-e9019212-585,rudeljaeger,standard,1,8,5,23,28,56,5,51,true,false,false
match-54e9a44b-586,forschung_muskelkraft,standard,0,9,2,5,4,11,2,9,true,false,true
match-ce371508-589,rudeljaeger,standard,1,8,4,18,18,40,4,36,false,false,false
match-ce371508-589,forschung_muskelkraft,standard,0,10,3,9,10,22,3,19,true,true,true
match-2cb9e8bc-592,forschung_muskelkraft,standard,0,6,3,3,2,8,3,5,true,true,true
match-b36c97fe-593,forschung_muskelkraft,standard,0,6,2,8,6,16,2,14,false,false,false
match-6ef60345-597,forschung_muskelkraft,standard,0,6,4,4,4,12,4,8,true,false,false
match-6190c4c0-599,forschung_muskelkraft,standard,0,6,3,4,4,11,3,8,false,false,false
match-6190c4c0-599,rudeljaeger,standard,1,6,4,16,17,37,4,33,true,false,false
match-542b863b-601,rudeljaeger,standard,1,7,2,7,10,19,2,17,false,false,false
match-542b863b-601,forschung_muskelkraft,standard,0,7,3,13,14,30,3,27,true,false,false
match-a5493b69-606,rudeljaeger,standard,1,9,4,16,17,37,4,33,false,false,false
match-a5493b69-606,forschung_muskelkraft,standard,0,9,2,6,6,14,2,12,true,false,false
match-2bfbcaac-607,rudeljaeger,standard,1,6,4,18,23,45,4,41,false,false,false
match-2bfbcaac-607,forschung_muskelkraft,standard,0,7,5,12,12,29,5,24,false,false,false
match-97e3fce4-608,forschung_muskelkraft,standard,0,6,4,4,4,12,4,8,true,false,false
match-1e968c27-609,forschung_muskelkraft,standard,0,6,1,3,2,6,1,5,false,false,false
match-8a7ebe5f-610,forschung_muskelkraft,standard,0,6,4,6,6,16,4,12,true,false,false
match-8a7ebe5f-610,rudeljaeger,standard,1,6,3,13,15,31,3,28,false,false,false
match-11314da2-611,rudeljaeger,standard,1,6,3,14,16,33,3,30,true,false,true
match-536d682b-612,rudeljaeger,standard,1,6,3,14,15,32,3,29,false,false,false
match-536d682b-612,forschung_muskelkraft,standard,0,8,5,12,14,31,5,26,true,false,false
match-da20176d-613,forschung_muskelkraft,standard,0,6,2,5,4,11,2,9,false,false,false
match-460829a6-614,forschung_muskelkraft,standard,0,6,3,4,4,11,3,8,true,false,false
match-ccbad8e8-615,forschung_muskelkraft,standard,0,6,2,4,4,10,2,8,false,false,false
match-38a2eb21-616,forschung_muskelkraft,standard,0,6,2,9,8,19,2,17,false,false,false
match-38a2eb21-616,rudeljaeger,standard,1,6,3,11,16,30,3,27,true,false,false
match-bf559a63-617,rudeljaeger,standard,1,6,3,14,17,34,3,31,true,false,false
match-bf559a63-617,forschung_muskelkraft,standard,0,7,3,10,12,25,3,22,false,false,false
match-1dd86e17-620,forschung_muskelkraft,standard,0,6,4,4,4,12,4,8,true,false,false
match-1dd86e17-620,rudeljaeger,standard,1,6,2,9,12,23,2,21,false,false,false
match-9725ded4-623,forschung_muskelkraft,standard,0,6,4,4,4,12,4,8,true,false,false
match-9725ded4-623,rudeljaeger,standard,1,7,3,13,15,31,3,28,false,false,false
match-030df10d-624,rudeljaeger,standard,1,6,4,17,20,41,4,37,false,false,false
match-030df10d-624,forschung_muskelkraft,standard,0,9,5,11,8,24,5,19,true,true,true
match-7c5b41ca-627,forschung_muskelkraft,standard,0,6,4,4,4,12,4,8,true,false,false
match-7c5b41ca-627,rudeljaeger,standard,1,10,4,6,7,17,4,13,false,false,false
match-0bf779cd-628,forschung_muskelkraft,standard,0,7,5,7,4,16,5,11,true,false,false
match-0bf779cd-628,rudeljaeger,standard,1,10,5,27,29,61,5,56,false,false,false
match-fe923b47-630,forschung_muskelkraft,standard,0,6,3,4,4,11,3,8,true,false,false
match-fe923b47-630,rudeljaeger,standard,1,9,4,18,23,45,4,41,false,false,false
match-8544ca8a-631,rudeljaeger,standard,1,6,3,13,18,34,3,31,false,false,false
match-8544ca8a-631,forschung_muskelkraft,standard,0,10,3,8,10,21,3,18,true,false,true
match-f12cfcc2-632,forschung_muskelkraft,standard,0,8,3,4,4,11,3,8,true,false,false
match-d6627fb8-636,forschung_muskelkraft,standard,0,6,4,8,6,18,4,14,false,false,false
match-d6627fb8-636,rudeljaeger,standard,1,6,4,15,20,39,4,35,true,false,false
match-5d150efb-637,forschung_muskelkraft,standard,0,6,2,4,4,10,2,8,true,false,false
match-c8fd2133-638,forschung_muskelkraft,standard,0,6,2,8,6,16,2,14,false,false,false
match-4fafd076-639,forschung_muskelkraft,standard,0,6,2,4,4,10,2,8,false,false,false
match-424a91f1-641,forschung_muskelkraft,standard,0,6,2,8,6,16,2,14,true,false,false
match-424a91f1-641,rudeljaeger,standard,1,6,2,6,10,18,2,16,false,false,false
match-ae32a429-642,forschung_muskelkraft,standard,0,7,4,6,4,14,4,10,true,false,false
match-34e5536c-643,forschung_muskelkraft,standard,0,6,4,2,2,8,4,4,true,false,false
match-34e5536c-643,rudeljaeger,standard,1,7,3,12,16,31,3,28,false,false,false
match-fdd41d37-645,forschung_muskelkraft,standard,0,6,4,3,2,9,4,5,false,false,false
match-fdd41d37-645,rudeljaeger,standard,1,6,2,9,11,22,2,20,true,false,false
match-f06edeb2-647,rudeljaeger,standard,1,6,4,18,19,41,4,37,false,false,false
match-f06edeb2-647,forschung_muskelkraft,standard,0,9,5,10,8,23,5,18,true,false,true
match-5c56f0eb-648,rudeljaeger,standard,1,8,5,27,32,64,5,59,true,false,false
match-5c56f0eb-648,forschung_muskelkraft,standard,0,9,5,17,16,38,5,33,false,false,false
match-e309802d-649,rudeljaeger,standard,1,6,4,16,19,39,4,35,true,true,true
match-4ef1b266-650,forschung_muskelkraft,standard,0,6,2,9,8,19,2,17,true,false,false
match-4ef1b266-650,rudeljaeger,standard,1,6,2,9,12,23,2,21,false,false,false
match-d5a441a8-651,forschung_muskelkraft,standard,0,6,3,4,4,11,3,8,true,false,false
match-c83f0323-653,forschung_muskelkraft,standard,0,6,4,0,0,4,4,0,false,false,false
match-c83f0323-653,rudeljaeger,standard,1,6,2,9,12,23,2,21,true,true,true
match-3427355c-654,rudeljaeger,standard,1,6,3,12,16,31,3,28,false,false,false
match-3427355c-654,forschung_muskelkraft,standard,0,13,4,10,6,20,4,16,true,false,true
match-bad9c49e-655,forschung_muskelkraft,standard,0,10,2,5,2,9,2,7,true,false,false
match-bad9c49e-655,rudeljaeger,standard,1,10,5,11,13,29,5,24,false,false,false
match-ad748619-657,forschung_muskelkraft,standard,0,7,3,6,4,13,3,10,true,false,false
match-68fe1160-661,rudeljaeger,standard,1,6,3,13,17,33,3,30,false,false,false
match-68fe1160-661,forschung_muskelkraft,standard,0,7,5,8,10,23,5,18,false,false,false
match-d4e62398-662,rudeljaeger,standard,1,6,4,18,20,42,4,38,false,false,false
match-d4e62398-662,forschung_muskelkraft,standard,0,7,5,13,12,30,5,25,true,false,false
match-5b98d2db-663,rudeljaeger,standard,1,6,3,12,15,30,3,27,true,false,false
match-c780e513-664,rudeljaeger,standard,1,6,2,10,12,24,2,22,false,false,false
match-c780e513-664,forschung_muskelkraft,standard,0,8,5,4,2,11,5,6,true,false,false
match-4e339456-665,forschung_muskelkraft,standard,0,6,4,3,2,9,4,5,true,false,false
match-4e339456-665,rudeljaeger,standard,1,6,3,12,13,28,3,25,false,false,false
match-3369174c-669,rudeljaeger,standard,1,6,4,17,19,40,4,36,true,false,false
match-9f512984-670,forschung_muskelkraft,standard,0,8,3,6,6,15,3,12,true,false,false
match-2603d8c7-671,forschung_muskelkraft,standard,0,6,4,4,4,12,4,8,true,false,false
match-189e9a42-673,forschung_muskelkraft,standard,0,6,2,6,6,14,2,12,false,false,false
match-189e9a42-673,rudeljaeger,standard,1,6,4,16,18,38,4,34,true,false,false
match-c6c2c703-679,rudeljaeger,standard,1,6,5,19,21,45,5,40,true,false,true
match-32aaf93c-680,rudeljaeger,standard,1,6,3,14,16,33,3,30,false,false,false
match-32aaf93c-680,forschung_muskelkraft,standard,0,7,5,13,12,30,5,25,true,false,false
match-b95d887e-681,forschung_muskelkraft,standard,0,6,4,6,6,16,4,12,true,false,false
match-b95d887e-681,rudeljaeger,standard,1,6,4,16,20,40,4,36,false,false,false
match-2545bab7-682,rudeljaeger,standard,1,6,2,10,11,23,2,21,false,false,false
match-2545bab7-682,forschung_muskelkraft,standard,0,7,5,8,10,23,5,18,true,false,false
match-abf849f9-683,rudeljaeger,standard,1,6,4,17,23,44,4,40,false,false,false
match-abf849f9-683,forschung_muskelkraft,standard,0,9,5,17,16,38,5,33,true,false,false
match-17e07c32-684,forschung_muskelkraft,standard,0,7,3,4,2,9,3,6,true,false,false
match-912dccef-687,forschung_muskelkraft,standard,0,6,3,4,4,11,3,8,true,false,false
match-fd15ff27-688,forschung_muskelkraft,standard,0,6,3,4,4,11,3,8,false,false,false
match-83c88e6a-689,rudeljaeger,standard,1,6,3,14,15,32,3,29,false,false,false
match-83c88e6a-689,forschung_muskelkraft,standard,0,8,3,10,12,25,3,22,true,false,false
match-b89f6a6e-692,forschung_muskelkraft,standard,0,6,4,9,8,21,4,17,true,false,false
match-3f5219b1-693,forschung_muskelkraft,standard,0,7,4,8,4,16,4,12,true,false,true
match-ab3a2be9-694,forschung_muskelkraft,standard,0,6,1,4,4,9,1,8,true,false,false
match-ab3a2be9-694,rudeljaeger,standard,1,6,4,14,15,33,4,29,false,false,false
match-31ecdb2c-695,rudeljaeger,standard,1,6,2,10,11,23,2,21,false,false,false
match-31ecdb2c-695,forschung_muskelkraft,standard,0,7,4,8,10,22,4,18,true,false,false
match-9dd4ed64-696,rudeljaeger,standard,1,6,3,14,17,34,3,31,true,true,true
match-24879ca7-697,forschung_muskelkraft,standard,0,7,4,6,6,16,4,12,true,false,false
match-24879ca7-697,rudeljaeger,standard,1,10,4,18,22,44,4,40,false,false,false
match-906faedf-698,forschung_muskelkraft,standard,0,7,5,9,4,18,5,13,true,false,false
match-830a705a-700,forschung_muskelkraft,standard,0,6,3,4,4,11,3,8,true,false,false
match-830a705a-700,rudeljaeger,standard,1,6,4,17,20,41,4,37,false,false,false
match-09bd1f9d-701,rudeljaeger,standard,1,7,3,13,14,30,3,27,false,false,false
match-09bd1f9d-701,forschung_muskelkraft,standard,0,11,4,13,12,29,4,25,true,false,false
match-75a531d5-702,rudeljaeger,standard,1,6,3,14,16,33,3,30,true,true,true
match-fc57c117-703,forschung_muskelkraft,standard,0,7,5,14,10,29,5,24,false,false,false
match-fc57c117-703,rudeljaeger,standard,1,8,5,9,15,29,5,24,true,false,false
match-683ff350-704,forschung_muskelkraft,standard,0,6,4,4,4,12,4,8,true,false,false
match-683ff350-704,rudeljaeger,standard,1,11,4,0,0,4,4,0,false,false,false
match-5adab4cb-706,forschung_muskelkraft,standard,0,7,5,9,8,22,5,17,true,false,false
match-5adab4cb-706,rudeljaeger,standard,1,10,5,5,5,15,5,10,false,false,false
match-e18d440d-707,forschung_muskelkraft,standard,0,6,5,7,6,18,5,13,true,false,false
match-e18d440d-707,rudeljaeger,standard,1,7,4,16,21,41,4,37,false,false,false
match-16642012-710,forschung_muskelkraft,standard,0,10,1,2,2,5,1,4,true,false,false
match-16642012-710,rudeljaeger,standard,1,11,4,20,20,44,4,40,false,false,false
match-9d16cf54-711,forschung_muskelkraft,standard,0,6,3,2,0,5,3,2,true,false,false
match-9d16cf54-711,rudeljaeger,standard,1,6,2,9,12,23,2,21,false,false,false
match-08fee18d-712,forschung_muskelkraft,standard,0,7,4,8,4,16,4,12,true,false,false
match-08fee18d-712,rudeljaeger,standard,1,9,5,25,33,63,5,58,false,false,false
match-8fb190cf-713,rudeljaeger,standard,1,6,4,17,21,42,4,38,true,true,true
match-fb99a307-714,forschung_muskelkraft,standard,0,6,3,5,4,12,3,9,true,false,false
match-fb99a307-714,rudeljaeger,standard,1,9,4,19,26,49,4,45,false,false,false
match-ee346482-716,rudeljaeger,standard,1,7,3,14,18,35,3,32,false,false,false
match-ee346482-716,forschung_muskelkraft,standard,0,11,4,9,8,21,4,17,true,false,true
match-74e713c5-717,forschung_muskelkraft,standard,0,6,3,4,4,11,3,8,true,false,false
match-74e713c5-717,rudeljaeger,standard,1,11,5,19,21,45,5,40,false,false,false
match-e0cf25fd-718,rudeljaeger,standard,1,6,4,18,19,41,4,37,false,false,false
match-e0cf25fd-718,forschung_muskelkraft,standard,0,9,5,11,10,26,5,21,true,false,false
match-6781d540-719,forschung_muskelkraft,standard,0,6,1,4,4,9,1,8,true,true,true
match-d369e778-720,rudeljaeger,standard,1,6,2,8,10,20,2,18,true,true,true
match-5a1c96bb-721,rudeljaeger,standard,1,6,4,18,19,41,4,37,true,false,false
match-5a1c96bb-721,forschung_muskelkraft,standard,0,8,5,9,8,22,5,17,false,false,false
match-c604a8f3-722,forschung_muskelkraft,standard,0,6,1,4,4,9,1,8,false,false,false
match-c604a8f3-722,rudeljaeger,standard,1,6,3,10,16,29,3,26,true,false,true
match-4cb75836-723,forschung_muskelkraft,standard,0,6,2,7,6,15,2,13,false,false,false
match-4cb75836-723,rudeljaeger,standard,1,6,3,13,16,32,3,29,false,false,false
match-8ef372bf-724,forschung_muskelkraft,standard,0,6,1,4,4,9,1,8,false,false,false
match-818e343a-726,forschung_muskelkraft,standard,0,6,1,4,4,9,1,8,true,false,false
match-818e343a-726,rudeljaeger,standard,1,10,5,23,27,55,5,50,false,false,false
match-7428f5b5-728,forschung_muskelkraft,standard,0,6,4,9,6,19,4,15,true,false,false
match-7428f5b5-728,rudeljaeger,standard,1,6,2,9,12,23,2,21,false,false,false
match-fadb84f7-729,rudeljaeger,standard,1,6,3,14,16,33,3,30,false,false,false
match-fadb84f7-729,forschung_muskelkraft,standard,0,10,3,8,10,21,3,18,true,false,false
match-66c3b730-730,forschung_muskelkraft,standard,0,6,4,6,6,16,4,12,true,false,false
match-66c3b730-730,rudeljaeger,standard,1,7,3,12,13,28,3,25,false,false,false
match-595e78ab-732,forschung_muskelkraft,standard,0,7,3,4,4,11,3,8,true,false,false
match-595e78ab-732,rudeljaeger,standard,1,11,2,0,0,2,2,0,false,false,false
match-e01107ed-733,forschung_muskelkraft,standard,0,6,4,9,8,21,4,17,true,false,false
match-e01107ed-733,rudeljaeger,standard,1,6,4,15,18,37,4,33,false,false,false
match-4bf93a26-734,rudeljaeger,standard,1,7,4,18,23,45,4,41,false,false,false
match-4bf93a26-734,forschung_muskelkraft,standard,0,9,4,12,10,26,4,22,true,true,true
match-d2abc968-735,forschung_muskelkraft,standard,0,6,2,8,8,18,2,16,false,false,false
match-3e93fba1-736,forschung_muskelkraft,standard,0,6,3,4,4,11,3,8,false,false,false
match-3e93fba1-736,rudeljaeger,standard,1,6,3,10,14,27,3,24,true,false,true
match-c5468ae3-737,rudeljaeger,standard,1,6,4,17,23,44,4,40,true,false,true
match-312ebd1c-738,rudeljaeger,standard,1,6,3,14,15,32,3,29,true,false,true
match-b7e14c5e-739,forschung_muskelkraft,standard,0,6,3,3,0,6,3,3,true,false,false
match-b7e14c5e-739,rudeljaeger,standard,1,7,3,9,14,26,3,23,false,false,false
match-fa1d66e7-740,rudeljaeger,standard,1,6,2,10,12,24,2,22,true,true,true
match-80d0162a-741,rudeljaeger,standard,1,6,4,15,18,37,4,33,true,false,false
match-ecb82862-742,forschung_muskelkraft,standard,0,6,3,8,6,17,3,14,true,false,false
match-736ad7a5-743,forschung_muskelkraft,standard,0,6,2,6,6,14,2,12,false,false,false
match-736ad7a5-743,rudeljaeger,standard,1,6,4,14,19,37,4,33,true,false,false
match-66059920-745,forschung_muskelkraft,standard,0,6,5,9,8,22,5,17,true,false,false
match-58a05a9b-747,rudeljaeger,standard,1,6,3,14,16,33,3,30,true,false,true
match-c4886cd3-748,rudeljaeger,standard,1,6,3,14,15,32,3,29,true,true,true
match-b7232e4e-750,rudeljaeger,standard,1,6,3,14,16,33,3,30,false,false,false
match-b7232e4e-750,forschung_muskelkraft,standard,0,7,5,11,12,28,5,23,true,false,false
match-3dd5dd91-751,forschung_muskelkraft,standard,0,6,2,9,8,19,2,17,true,false,true
match-30709f0c-753,rudeljaeger,standard,1,6,4,14,18,36,4,32,false,false,false
match-30709f0c-753,forschung_muskelkraft,standard,0,10,3,8,10,21,3,18,true,true,true
match-17e77d97-756,forschung_muskelkraft,standard,0,9,3,5,2,10,3,7,false,false,false
match-17e77d97-756,rudeljaeger,standard,1,10,5,28,28,61,5,56,true,false,false
match-0a823f12-758,forschung_muskelkraft,standard,0,7,5,9,6,20,5,15,true,true,true
match-9134ce54-759,forschung_muskelkraft,standard,0,6,4,8,4,16,4,12,true,false,false
match-9134ce54-759,rudeljaeger,standard,1,9,4,17,22,43,4,39,false,false,false
match-fd1ce08c-760,rudeljaeger,standard,1,8,5,26,31,62,5,57,false,false,false
match-fd1ce08c-760,forschung_muskelkraft,standard,0,10,4,11,12,27,4,23,true,false,false
match-83cf8fcf-761,rudeljaeger,standard,1,6,4,17,22,43,4,39,false,false,false
match-83cf8fcf-761,forschung_muskelkraft,standard,0,7,3,11,12,26,3,23,true,false,false
match-efb7a207-762,rudeljaeger,standard,1,6,2,10,12,24,2,22,false,false,false
match-efb7a207-762,forschung_muskelkraft,standard,0,14,3,3,2,8,3,5,false,false,false
match-766a514a-763,forschung_muskelkraft,standard,0,6,3,3,0,6,3,3,false,false,false
match-766a514a-763,rudeljaeger,standard,1,6,4,15,17,36,4,32,false,false,false
match-690512c5-765,rudeljaeger,standard,1,7,2,8,10,20,2,18,false,false,false
match-690512c5-765,forschung_muskelkraft,standard,0,11,5,15,14,34,5,29,true,true,true
match-5b9fd440-767,forschung_muskelkraft,standard,0,7,2,6,2,10,2,8,true,true,true
match-c787e678-768,forschung_muskelkraft,standard,0,6,3,11,10,24,3,21,true,false,false
match-c787e678-768,rudeljaeger,standard,1,6,3,13,16,32,3,29,false,false,false
match-4e3a95bb-769,rudeljaeger,standard,1,6,3,14,16,33,3,30,false,false,false
match-4e3a95bb-769,forschung_muskelkraft,standard,0,7,5,13,14,32,5,27,true,false,false
match-ba22a7f3-770,rudeljaeger,standard,1,7,4,14,17,35,4,31,false,false,false
match-ba22a7f3-770,forschung_muskelkraft,standard,0,12,5,15,14,34,5,29,true,true,true
match-40d55736-771,forschung_muskelkraft,standard,0,6,3,4,4,11,3,8,true,false,false
match-40d55736-771,rudeljaeger,standard,1,9,5,24,36,65,5,60,false,false,false
match-831171bf-772,rudeljaeger,standard,1,6,2,10,11,23,2,21,true,true,true
match-fc5ec27c-775,rudeljaeger,standard,1,6,3,13,18,34,3,31,false,false,false
match-fc5ec27c-775,forschung_muskelkraft,standard,0,8,5,7,8,20,5,15,true,false,false
match-5ae1b630-778,forschung_muskelkraft,standard,0,6,4,9,8,21,4,17,true,false,false
match-5ae1b630-778,rudeljaeger,standard,1,6,3,13,16,32,3,29,false,false,false
match-e1944572-779,forschung_muskelkraft,standard,0,6,5,6,6,17,5,12,true,false,false
match-e1944572-779,rudeljaeger,standard,1,7,4,16,18,38,4,34,false,false,false
match-d42f06ed-781,rudeljaeger,standard,1,6,3,12,14,29,3,26,true,true,true
match-40173926-782,rudeljaeger,standard,1,6,3,14,16,33,3,30,true,false,false
match-40173926-782,forschung_muskelkraft,standard,0,10,3,12,14,29,3,26,false,false,false
match-c6c9c868-783,rudeljaeger,standard,1,6,3,14,16,33,3,30,true,true,true
match-32b1faa1-784,forschung_muskelkraft,standard,0,6,1,4,4,9,1,8,false,false,false
match-b96489e3-785,forschung_muskelkraft,standard,0,9,4,11,6,21,4,17,true,false,true
match-abff4b5e-787,forschung_muskelkraft,standard,0,8,3,4,4,11,3,8,false,false,false
match-abff4b5e-787,rudeljaeger,standard,1,8,4,20,28,52,4,48,true,false,false
match-ee3b65e7-788,forschung_muskelkraft,standard,0,6,1,3,2,6,1,5,true,true,true
match-74ee152a-789,forschung_muskelkraft,standard,0,6,3,3,0,6,3,3,true,true,true
match-e0d62762-790,forschung_muskelkraft,standard,0,9,2,5,4,11,2,9,true,true,true
match-6788d6a5-791,forschung_muskelkraft,standard,0,6,3,4,4,11,3,8,true,true,true
match-d370e8dd-792,forschung_muskelkraft,standard,0,7,3,8,6,17,3,14,true,true,true
match-5a239820-793,forschung_muskelkraft,standard,0,6,5,6,4,15,5,10,true,false,false
match-4cbe599b-795,forschung_muskelkraft,standard,0,6,4,8,8,20,4,16,true,false,true
match-b8a66bd3-796,forschung_muskelkraft,standard,0,9,2,7,6,15,2,13,true,true,true
match-3f591b16-797,forschung_muskelkraft,standard,0,11,5,18,10,33,5,28,false,false,false
match-3f591b16-797,rudeljaeger,standard,1,12,5,22,26,53,5,48,true,false,false
match-ab412d4e-798,forschung_muskelkraft,standard,0,7,4,9,8,21,4,17,true,true,true
match-9ddbeec9-800,forschung_muskelkraft,standard,0,7,3,2,2,7,3,4,false,false,false
match-9ddbeec9-800,rudeljaeger,standard,1,15,5,22,20,47,5,42,true,true,true
match-248e9e0c-801,rudeljaeger,standard,1,7,2,8,10,20,2,18,true,true,true
match-17295f87-803,rudeljaeger,standard,1,6,3,14,16,33,3,30,true,false,false
match-17295f87-803,forschung_muskelkraft,standard,0,7,3,11,12,26,3,23,false,false,false
match-59657a10-804,forschung_muskelkraft,standard,0,6,2,7,6,15,2,13,false,false,false
match-e0180952-805,rudeljaeger,standard,1,6,4,17,18,39,4,35,false,false,false
match-e0180952-805,forschung_muskelkraft,standard,0,7,2,9,10,21,2,19,true,false,false
match-3e9afd06-808,rudeljaeger,standard,1,6,3,11,13,27,3,24,true,false,false
match-3e9afd06-808,forschung_muskelkraft,standard,0,7,4,8,10,22,4,18,false,false,false
match-c54d8c48-809,forschung_muskelkraft,standard,0,6,4,7,6,17,4,13,true,false,false
match-c54d8c48-809,rudeljaeger,standard,1,6,4,15,19,38,4,34,false,false,false
match-b7e84dc3-811,forschung_muskelkraft,standard,0,8,4,7,6,17,4,13,true,false,false
match-b7e84dc3-811,rudeljaeger,standard,1,12,4,11,15,30,4,26,false,false,false
match-23d07ffc-812,forschung_muskelkraft,standard,0,6,3,8,8,19,3,16,true,false,true
match-aa830f3e-813,rudeljaeger,standard,1,6,3,14,15,32,3,29,false,false,false
match-aa830f3e-813,forschung_muskelkraft,standard,0,7,5,8,10,23,5,18,true,false,false
match-166b2177-814,rudeljaeger,standard,1,6,3,10,11,24,3,21,false,false,false
match-166b2177-814,forschung_muskelkraft,standard,0,7,5,8,10,23,5,18,false,false,false
match-9d1dd0b9-815,forschung_muskelkraft,standard,0,6,4,3,2,9,4,5,true,false,false
match-9d1dd0b9-815,rudeljaeger,standard,1,6,2,9,12,23,2,21,false,false,false
match-0905e2f2-816,forschung_muskelkraft,standard,0,6,2,8,8,18,2,16,true,false,false
match-8fb89234-817,forschung_muskelkraft,standard,0,6,2,5,2,9,2,7,false,false,false
match-8fb89234-817,rudeljaeger,standard,1,6,3,10,16,29,3,26,true,false,false
match-4b421d7b-821,rudeljaeger,standard,1,10,5,29,37,71,5,66,false,false,false
match-4b421d7b-821,forschung_muskelkraft,standard,0,11,4,12,12,28,4,24,true,false,true
match-3ddcdef6-823,rudeljaeger,standard,1,6,3,11,15,29,3,26,true,true,true
match-231241ec-827,rudeljaeger,standard,1,6,4,17,22,43,4,39,false,false,false
match-231241ec-827,forschung_muskelkraft,standard,0,7,4,18,18,40,4,36,true,false,false
match-8efa7424-828,rudeljaeger,standard,1,6,3,14,16,33,3,30,false,false,false
match-8efa7424-828,forschung_muskelkraft,standard,0,9,5,5,2,12,5,7,true,false,true
match-15ad0367-829,forschung_muskelkraft,standard,0,6,2,8,8,18,2,16,false,false,false
match-8195359f-830,forschung_muskelkraft,standard,0,6,4,9,6,19,4,15,true,false,false
match-8195359f-830,rudeljaeger,standard,1,8,4,18,25,47,4,43,false,false,false
match-0847c4e2-831,forschung_muskelkraft,standard,0,7,5,8,6,19,5,14,true,false,true
match-742ff71a-832,forschung_muskelkraft,standard,0,8,3,3,0,6,3,3,true,false,true
match-fae2865c-833,forschung_muskelkraft,standard,0,6,3,2,2,7,3,4,true,false,false
match-fae2865c-833,rudeljaeger,standard,1,6,3,12,16,31,3,28,false,false,false
match-66cab895-834,forschung_muskelkraft,standard,0,7,4,6,4,14,4,10,true,false,true
match-ed7d47d7-835,rudeljaeger,standard,1,6,3,14,15,32,3,29,true,true,true
match-225423dc-838,forschung_muskelkraft,standard,0,6,2,8,8,18,2,16,false,false,false
match-225423dc-838,rudeljaeger,standard,1,8,5,0,0,5,5,0,true,false,false
match-a906d31e-839,forschung_muskelkraft,standard,0,6,1,4,4,9,1,8,false,false,false
match-9ba19499-841,forschung_muskelkraft,standard,0,6,4,3,2,9,4,5,true,false,false
match-9ba19499-841,rudeljaeger,standard,1,6,3,10,13,26,3,23,false,false,false
match-8e3c5614-843,forschung_muskelkraft,standard,0,6,2,4,4,10,2,8,true,true,true
match-fa24684c-844,rudeljaeger,standard,1,6,4,18,22,44,4,40,false,false,false
match-fa24684c-844,forschung_muskelkraft,standard,0,7,5,10,10,25,5,20,true,false,false
match-80d7178f-845,forschung_muskelkraft,standard,0,6,3,4,4,11,3,8,true,false,false
match-80d7178f-845,rudeljaeger,standard,1,6,4,15,20,39,4,35,false,false,false
match-df59eb42-848,rudeljaeger,standard,1,6,3,13,16,32,3,29,true,true,true
match-58a75c00-851,rudeljaeger,standard,1,7,4,0,0,4,4,0,false,false,false
match-58a75c00-851,forschung_muskelkraft,standard,0,9,5,14,12,31,5,26,true,true,true
match-9ae37689-852,forschung_muskelkraft,standard,0,6,4,2,2,8,4,4,false,false,false
match-9ae37689-852,rudeljaeger,standard,1,8,4,18,22,44,4,40,true,false,false
match-8d7e3804-854,rudeljaeger,standard,1,6,3,14,17,34,3,31,false,false,false
match-8d7e3804-854,forschung_muskelkraft,standard,0,11,4,11,6,21,4,17,true,false,false
match-1430c747-855,forschung_muskelkraft,standard,0,6,3,11,10,24,3,21,true,false,false
match-1430c747-855,rudeljaeger,standard,1,11,4,18,18,40,4,36,false,false,false
match-f9664a3c-859,rudeljaeger,standard,1,6,4,16,19,39,4,35,false,false,false
match-f9664a3c-859,forschung_muskelkraft,standard,0,8,5,9,8,22,5,17,true,false,false
match-ec010bb7-861,rudeljaeger,standard,1,6,4,17,22,43,4,39,false,false,false
match-ec010bb7-861,forschung_muskelkraft,standard,0,9,5,11,10,26,5,21,true,false,false
match-57e93df0-862,forschung_muskelkraft,standard,0,6,3,3,2,8,3,5,true,false,false
match-de9bcd32-863,forschung_muskelkraft,standard,0,7,3,5,2,10,3,7,true,true,true
match-d1368ead-865,forschung_muskelkraft,standard,0,7,4,3,2,9,4,5,true,false,false
match-d1368ead-865,rudeljaeger,standard,1,12,5,4,5,14,5,9,false,false,false
match-3d1ea0e6-866,rudeljaeger,standard,1,6,2,8,10,20,2,18,false,false,false
match-3d1ea0e6-866,forschung_muskelkraft,standard,0,9,5,7,8,20,5,15,true,false,false
match-c3d15028-867,forschung_muskelkraft,standard,0,6,4,6,6,16,4,12,true,true,true
match-8cc019f4-869,forschung_muskelkraft,standard,0,8,4,7,6,17,4,13,false,false,false
match-8cc019f4-869,rudeljaeger,standard,1,10,5,22,30,57,5,52,true,false,true
match-f8a82c2c-870,rudeljaeger,standard,1,9,5,29,34,68,5,63,false,false,false
match-f8a82c2c-870,forschung_muskelkraft,standard,0,10,4,13,12,29,4,25,true,false,false
match-7f5adb6f-871,rudeljaeger,standard,1,6,5,22,24,51,5,46,true,false,true
match-71f59cea-873,rudeljaeger,standard,1,10,4,17,19,40,4,36,false,false,false
match-71f59cea-873,forschung_muskelkraft,standard,0,11,4,11,10,25,4,21,true,true,true
match-64905e65-875,forschung_muskelkraft,standard,0,7,5,13,8,26,5,21,false,false,false
match-572b1fe0-877,forschung_muskelkraft,standard,0,6,2,7,6,15,2,13,false,false,false
match-49c5c15b-879,forschung_muskelkraft,standard,0,9,4,9,6,19,4,15,true,true,true
match-2efb4451-883,rudeljaeger,standard,1,6,3,14,16,33,3,30,true,true,true
match-454a0b96-885,forschung_muskelkraft,standard,0,6,3,4,4,11,3,8,true,false,false
match-37e4cd11-887,forschung_muskelkraft,standard,0,6,5,9,8,22,5,17,false,false,false
match-37e4cd11-887,rudeljaeger,standard,1,13,3,0,0,3,3,0,false,false,false
match-a3ccff49-888,forschung_muskelkraft,standard,0,6,2,6,6,14,2,12,true,false,false
match-a3ccff49-888,rudeljaeger,standard,1,6,3,13,16,32,3,29,false,false,false
match-8902623f-892,forschung_muskelkraft,standard,0,7,4,9,6,19,4,15,true,true,true
match-7b9d23ba-894,forschung_muskelkraft,standard,0,6,2,4,2,8,2,6,true,false,false
match-7b9d23ba-894,rudeljaeger,standard,1,6,2,9,12,23,2,21,false,false,false
match-6e37e535-896,forschung_muskelkraft,standard,0,9,2,7,4,13,2,11,false,false,false
match-f4ea9477-897,rudeljaeger,standard,1,6,4,18,20,42,4,38,false,false,false
match-f4ea9477-897,forschung_muskelkraft,standard,0,11,4,10,12,26,4,22,true,false,false
match-1c5c31f7-902,rudeljaeger,standard,1,6,3,13,17,33,3,30,true,false,true
match-0191b4ed-906,forschung_muskelkraft,standard,0,6,2,3,2,7,2,5,false,false,false
match-0191b4ed-906,rudeljaeger,standard,1,6,4,16,21,41,4,37,true,false,false
match-8844442f-907,forschung_muskelkraft,standard,0,6,4,6,6,16,4,12,true,false,false
match-8844442f-907,rudeljaeger,standard,1,8,5,21,30,56,5,51,false,false,false
match-7adf05aa-909,forschung_muskelkraft,standard,0,8,2,4,4,10,2,8,true,true,true
match-e6c737e2-910,forschung_muskelkraft,standard,0,6,4,9,8,21,4,17,true,false,false
match-e6c737e2-910,rudeljaeger,standard,1,9,5,22,30,57,5,52,false,false,false
match-6d79c725-911,forschung_muskelkraft,standard,0,6,2,6,6,14,2,12,true,false,false
match-601488a0-913,forschung_muskelkraft,standard,0,6,4,3,0,7,4,3,true,false,false
match-601488a0-913,rudeljaeger,standard,1,6,3,13,16,32,3,29,false,false,false
match-cbfcbad8-914,forschung_muskelkraft,standard,0,7,3,7,6,16,3,13,true,false,false
match-cbfcbad8-914,rudeljaeger,standard,1,11,3,10,11,24,3,21,false,false,false
match-52af4a1b-915,forschung_muskelkraft,standard,0,6,1,4,4,9,1,8,true,false,false
match-94eb64a4-916,forschung_muskelkraft,standard,0,7,4,14,12,30,4,26,true,true,true
match-0e38d562-919,forschung_muskelkraft,standard,0,6,1,4,4,9,1,8,false,false,false
match-0e38d562-919,rudeljaeger,standard,1,6,4,17,18,39,4,35,true,false,false
match-6cbba915-922,forschung_muskelkraft,standard,0,6,4,8,8,20,4,16,true,false,false
match-f36e5857-923,forschung_muskelkraft,standard,0,6,3,3,2,8,3,5,true,false,false
match-f36e5857-923,rudeljaeger,standard,1,8,5,5,5,15,5,10,false,false,false
match-d8a3db4d-927,rudeljaeger,standard,1,8,4,22,27,53,4,49,false,false,false
match-d8a3db4d-927,forschung_muskelkraft,standard,0,11,5,15,12,32,5,27,true,false,true
match-448bed86-928,forschung_muskelkraft,standard,0,6,2,7,6,15,2,13,false,false,false
match-cb3e9cc8-929,forschung_muskelkraft,standard,0,6,2,5,2,9,2,7,true,false,false
match-cb3e9cc8-929,rudeljaeger,standard,1,6,2,9,12,23,2,21,false,false,false
match-3726af01-930,forschung_muskelkraft,standard,0,6,2,6,0,8,2,6,false,false,false
match-3726af01-930,rudeljaeger,standard,1,6,2,7,10,19,2,17,true,false,false
match-bdd95e43-931,forschung_muskelkraft,standard,0,12,1,4,4,9,1,8,true,false,false
match-bdd95e43-931,rudeljaeger,standard,1,12,5,4,6,15,5,10,false,false,false
match-001578cd-932,forschung_muskelkraft,standard,0,6,4,9,8,21,4,17,true,false,false
match-d7e5bd3d-938,rudeljaeger,standard,1,7,2,10,15,27,2,25,true,false,false
match-d7e5bd3d-938,forschung_muskelkraft,standard,0,11,4,13,12,29,4,25,false,false,false
match-ca807eb8-940,forschung_muskelkraft,standard,0,6,4,8,6,18,4,14,true,false,false
match-ca807eb8-940,rudeljaeger,standard,1,11,5,22,23,50,5,45,false,false,false
match-51330dfb-941,forschung_muskelkraft,standard,0,6,2,3,2,7,2,5,false,false,false
match-51330dfb-941,rudeljaeger,standard,1,6,4,17,19,40,4,36,false,false,false
match-afb5e1ae-944,rudeljaeger,standard,1,6,4,18,22,44,4,40,true,false,false
match-afb5e1ae-944,forschung_muskelkraft,standard,0,10,3,7,6,16,3,13,false,false,false
match-366890f1-945,forschung_muskelkraft,standard,0,6,2,4,2,8,2,6,true,true,true
match-2903526c-947,forschung_muskelkraft,standard,0,7,3,3,2,8,3,5,true,true,true
match-6b3f6cf5-948,forschung_muskelkraft,standard,0,6,2,4,4,10,2,8,false,false,false
match-430fb166-954,rudeljaeger,standard,1,6,3,13,20,36,3,33,true,false,false
match-430fb166-954,forschung_muskelkraft,standard,0,7,5,6,6,17,5,12,false,false,false
match-c9c240a8-955,rudeljaeger,standard,1,6,4,14,14,32,4,28,true,false,false
match-35aa72e1-956,forschung_muskelkraft,standard,0,6,3,10,10,23,3,20,true,false,false
match-35aa72e1-956,rudeljaeger,standard,1,6,3,11,14,28,3,25,false,false,false
match-2845345c-958,rudeljaeger,standard,1,6,3,14,16,33,3,30,false,false,false
match-2845345c-958,forschung_muskelkraft,standard,0,7,2,8,10,20,2,18,true,false,false
match-aef7c39e-959,forschung_muskelkraft,standard,0,6,4,9,6,19,4,15,true,false,false
match-1adff5d7-960,forschung_muskelkraft,standard,0,6,4,7,6,17,4,13,true,false,false
match-1adff5d7-960,rudeljaeger,standard,1,10,5,25,30,60,5,55,false,false,false
match-a1928519-961,forschung_muskelkraft,standard,0,7,5,7,6,18,5,13,true,false,true
match-0d7ab752-962,forschung_muskelkraft,standard,0,6,2,8,6,16,2,14,false,false,false
match-0d7ab752-962,rudeljaeger,standard,1,6,3,10,13,26,3,23,true,false,false
match-942d4694-963,forschung_muskelkraft,standard,0,7,5,5,4,14,5,9,true,false,false
match-5d1c1060-965,forschung_muskelkraft,standard,0,6,2,5,4,11,2,9,true,true,true
match-c9042298-966,rudeljaeger,standard,1,6,3,14,16,33,3,30,false,false,false
match-c9042298-966,forschung_muskelkraft,standard,0,7,5,15,14,34,5,29,true,false,false
match-4fb6d1db-967,rudeljaeger,standard,1,6,4,6,6,16,4,12,false,false,false
match-4fb6d1db-967,forschung_muskelkraft,standard,0,9,5,17,18,40,5,35,true,false,true
match-ae39a58e-970,forschung_muskelkraft,standard,0,6,2,8,8,18,2,16,false,false,false
match-ae39a58e-970,rudeljaeger,standard,1,6,4,16,17,37,4,33,true,false,false
match-34ec54d1-971,forschung_muskelkraft,standard,0,7,5,6,2,13,5,8,true,false,true
match-a0d46709-972,forschung_muskelkraft,standard,0,6,3,10,8,21,3,18,true,false,true
match-1a21d7c7-975,forschung_muskelkraft,standard,0,10,4,11,6,21,4,17,true,true,true
match-0cbc9942-977,forschung_muskelkraft,standard,0,6,5,2,2,9,5,4,true,false,false
match-0cbc9942-977,rudeljaeger,standard,1,7,3,13,16,32,3,29,false,false,false
match-78a4ab7a-978,forschung_muskelkraft,standard,0,6,3,3,2,8,3,5,true,false,false
match-78a4ab7a-978,rudeljaeger,standard,1,8,5,24,33,62,5,57,false,false,false
match-ff575abc-979,forschung_muskelkraft,standard,0,7,1,3,2,6,1,5,true,true,true
match-342e36c1-982,rudeljaeger,standard,1,6,3,12,13,28,3,25,false,false,false
match-342e36c1-982,forschung_muskelkraft,standard,0,11,4,11,10,25,4,21,true,false,false
match-ad7b877e-985,rudeljaeger,standard,1,6,4,17,18,39,4,35,false,false,false
match-ad7b877e-985,forschung_muskelkraft,standard,0,11,4,6,4,14,4,10,true,true,true
match-1963b9b7-986,forschung_muskelkraft,standard,0,6,4,6,6,16,4,12,true,false,true
match-a01648f9-987,forschung_muskelkraft,standard,0,6,2,5,2,9,2,7,true,false,false
match-a01648f9-987,rudeljaeger,standard,1,6,2,9,11,22,2,20,false,false,false
match-0bfe7b32-988,forschung_muskelkraft,standard,0,6,2,7,6,15,2,13,true,false,false
match-0bfe7b32-988,rudeljaeger,standard,1,6,4,16,15,35,4,31,false,false,false
match-92b10a74-989,rudeljaeger,standard,1,6,3,14,16,33,3,30,true,false,false
match-92b10a74-989,forschung_muskelkraft,standard,0,7,5,7,8,20,5,15,false,false,false
match-acbd696e-996,forschung_muskelkraft,standard,0,6,5,4,4,13,5,8,true,false,false
match-acbd696e-996,rudeljaeger,standard,1,8,4,19,25,48,4,44,false,false,false
match-9f582ae9-998,forschung_muskelkraft,standard,0,6,4,6,6,16,4,12,true,false,false
match-9f582ae9-998,rudeljaeger,standard,1,8,4,19,25,48,4,44,false,false,false
match-260ada2c-999,forschung_muskelkraft,standard,0,6,2,4,4,10,2,8,true,false,false
match-260ada2c-999,rudeljaeger,standard,1,6,4,16,22,42,4,38,false,false,false
match-0b03a0ca-1000,solidaritaet_ueberleben,standard,1,6,1,3,4,8,1,7,true,false,false
match-91b6500c-1001,solidaritaet_ueberleben,standard,1,6,2,9,6,17,2,15,false,false,false
match-91b6500c-1001,forschung_muskelkraft,standard,0,6,3,9,10,22,3,19,true,false,false
match-1868ff4f-1002,solidaritaet_ueberleben,standard,1,6,2,8,11,21,2,19,true,true,true
match-9f1b8e91-1003,solidaritaet_ueberleben,standard,1,6,2,7,10,19,2,17,false,false,false
match-9f1b8e91-1003,forschung_muskelkraft,standard,0,11,3,7,10,20,3,17,true,false,true
match-ac80cd16-1005,forschung_muskelkraft,standard,0,9,3,10,10,23,3,20,false,false,false
match-ac80cd16-1005,solidaritaet_ueberleben,standard,1,14,4,6,6,16,4,12,false,false,false
match-33337c59-1006,solidaritaet_ueberleben,standard,1,6,2,8,11,21,2,19,false,false,false
match-b9e60b9b-1007,forschung_muskelkraft,standard,0,6,4,15,15,34,4,30,true,false,false
match-d56ea6b5-1008,forschung_muskelkraft,standard,0,6,5,10,12,27,5,22,false,false,false
match-d56ea6b5-1008,solidaritaet_ueberleben,standard,1,15,5,22,21,48,5,43,true,true,true
match-5c2155f8-1009,forschung_muskelkraft,standard,0,11,3,12,16,31,3,28,true,true,true
match-e2d3e53a-1010,forschung_muskelkraft,standard,0,6,4,16,18,38,4,34,true,false,false
match-6986947d-1011,forschung_muskelkraft,standard,0,6,4,8,10,22,4,18,true,true,true
match-f03923bf-1012,forschung_muskelkraft,standard,0,7,4,10,10,24,4,20,false,false,false
match-fd9e6244-1014,solidaritaet_ueberleben,standard,1,6,3,12,16,31,3,28,false,false,false
match-fd9e6244-1014,forschung_muskelkraft,standard,0,8,5,11,17,33,5,28,true,false,false
match-84511187-1015,forschung_muskelkraft,standard,0,6,5,12,15,32,5,27,false,false,false
match-84511187-1015,solidaritaet_ueberleben,standard,1,7,3,14,18,35,3,32,false,false,false
match-762db4f2-1016,forschung_muskelkraft,standard,0,6,5,12,14,31,5,26,true,false,false
match-762db4f2-1016,solidaritaet_ueberleben,standard,1,11,4,6,7,17,4,13,false,false,false
match-fce04434-1017,forschung_muskelkraft,standard,0,6,3,12,12,27,3,24,false,false,false
match-fce04434-1017,solidaritaet_ueberleben,standard,1,15,5,20,20,45,5,40,true,true,true
match-8392f377-1018,solidaritaet_ueberleben,standard,1,6,4,13,11,28,4,24,true,false,true
match-8392f377-1018,forschung_muskelkraft,standard,0,6,4,7,9,20,4,16,false,false,false
match-0a4582ba-1019,solidaritaet_ueberleben,standard,1,6,3,11,14,28,3,25,true,false,false
match-0a4582ba-1019,forschung_muskelkraft,standard,0,7,4,6,8,18,4,14,false,false,false
match-90f831fc-1020,solidaritaet_ueberleben,standard,1,6,2,9,9,20,2,18,false,false,false
match-90f831fc-1020,forschung_muskelkraft,standard,0,14,2,7,6,15,2,13,true,false,true
match-17aac13f-1021,solidaritaet_ueberleben,standard,1,6,3,11,15,29,3,26,false,false,false
match-17aac13f-1021,forschung_muskelkraft,standard,0,6,4,4,6,14,4,10,true,false,false
match-25101fc4-1023,forschung_muskelkraft,standard,0,6,4,16,18,38,4,34,true,false,false
match-4098bade-1024,solidaritaet_ueberleben,standard,1,6,3,11,13,27,3,24,false,false,false
match-4098bade-1024,forschung_muskelkraft,standard,0,6,4,8,10,22,4,18,false,false,false
match-4dfdf963-1026,solidaritaet_ueberleben,standard,1,6,2,7,11,20,2,18,false,false,false
match-4dfdf963-1026,forschung_muskelkraft,standard,0,8,5,16,20,41,5,36,true,false,false
match-d4b088a5-1027,forschung_muskelkraft,standard,0,6,3,9,9,21,3,18,false,false,false
match-5b6337e8-1028,solidaritaet_ueberleben,standard,1,6,4,13,14,31,4,27,true,false,true
match-5b6337e8-1028,forschung_muskelkraft,standard,0,6,4,10,13,27,4,23,false,false,false
match-e215c72a-1029,solidaritaet_ueberleben,standard,1,6,3,11,14,28,3,25,false,false,false
match-e215c72a-1029,forschung_muskelkraft,standard,0,6,5,13,24,42,5,37,false,false,false
match-ef7b05af-1031,forschung_muskelkraft,standard,0,6,2,9,10,21,2,19,false,false,false
match-ef7b05af-1031,solidaritaet_ueberleben,standard,1,7,5,0,0,5,5,0,true,false,false
match-34afb879-1032,forschung_muskelkraft,standard,0,8,4,13,11,28,4,24,true,false,false
match-34afb879-1032,solidaritaet_ueberleben,standard,1,9,5,20,24,49,5,44,false,false,false
match-bb6247bb-1033,forschung_muskelkraft,standard,0,6,3,9,9,21,3,18,false,false,false
match-bb6247bb-1033,solidaritaet_ueberleben,standard,1,9,5,18,22,45,5,40,true,true,true
match-4214f6fe-1034,forschung_muskelkraft,standard,0,11,2,5,6,13,2,11,false,false,false
match-4214f6fe-1034,solidaritaet_ueberleben,standard,1,13,5,9,12,26,5,21,true,true,true
match-c8c78640-1035,solidaritaet_ueberleben,standard,1,9,5,0,0,5,5,0,false,false,false
match-c8c78640-1035,forschung_muskelkraft,standard,0,10,5,14,16,35,5,30,true,false,false
match-4f7a3583-1036,solidaritaet_ueberleben,standard,1,6,2,9,9,20,2,18,false,false,false
match-4f7a3583-1036,forschung_muskelkraft,standard,0,6,3,9,10,22,3,19,true,false,false
match-5cdf7408-1038,solidaritaet_ueberleben,standard,1,6,3,12,13,28,3,25,false,false,false
match-e392034a-1039,solidaritaet_ueberleben,standard,1,6,2,7,9,18,2,16,false,false,false
match-e392034a-1039,forschung_muskelkraft,standard,0,8,4,19,25,48,4,44,true,false,false
match-ff1abe64-1040,solidaritaet_ueberleben,standard,1,6,1,5,6,12,1,11,false,false,false
match-ff1abe64-1040,forschung_muskelkraft,standard,0,6,4,13,17,34,4,30,true,false,false
match-85cd4da7-1041,forschung_muskelkraft,standard,0,7,4,12,14,30,4,26,true,false,false
match-85cd4da7-1041,solidaritaet_ueberleben,standard,1,9,5,22,30,57,5,52,false,false,false
match-0c7ffcea-1042,solidaritaet_ueberleben,standard,1,6,3,10,15,28,3,25,false,false,false
match-0c7ffcea-1042,forschung_muskelkraft,standard,0,7,4,9,15,28,4,24,true,false,false
match-93328c2c-1043,forschung_muskelkraft,standard,0,6,5,22,25,52,5,47,false,false,false
match-93328c2c-1043,solidaritaet_ueberleben,standard,1,12,5,27,33,65,5,60,false,false,false
match-19e53b6f-1044,forschung_muskelkraft,standard,0,6,3,14,16,33,3,30,true,false,false
match-19e53b6f-1044,solidaritaet_ueberleben,standard,1,12,1,6,6,13,1,12,false,false,false
match-a097cab1-1045,forschung_muskelkraft,standard,0,7,3,7,10,20,3,17,false,false,false
match-274a79f4-1046,solidaritaet_ueberleben,standard,1,12,3,0,0,3,3,0,false,false,false
match-274a79f4-1046,forschung_muskelkraft,standard,0,12,4,15,20,39,4,35,true,false,true
match-adfd0936-1047,forschung_muskelkraft,standard,0,6,5,9,4,18,5,13,true,false,false
match-adfd0936-1047,solidaritaet_ueberleben,standard,1,11,4,6,6,16,4,12,false,false,false
match-9fd9aca1-1048,forschung_muskelkraft,standard,0,8,3,11,13,27,3,24,true,false,false
match-268c5be4-1049,forschung_muskelkraft,standard,0,8,5,17,24,46,5,41,true,false,true
match-ad3eeb26-1050,solidaritaet_ueberleben,standard,1,6,3,10,15,28,3,25,true,false,false
match-ad3eeb26-1050,forschung_muskelkraft,standard,0,6,3,12,14,29,3,26,false,false,false
match-33f19a69-1051,forschung_muskelkraft,standard,0,9,5,14,16,35,5,30,true,false,false
match-baa429ab-1052,forschung_muskelkraft,standard,0,6,2,6,6,14,2,12,false,false,false
match-baa429ab-1052,solidaritaet_ueberleben,standard,1,7,4,16,20,40,4,36,true,false,false
match-4156d8ee-1053,forschung_muskelkraft,standard,0,6,4,3,4,11,4,7,false,false,false
match-c8096830-1054,forschung_muskelkraft,standard,0,6,4,15,16,35,4,31,true,false,false
match-4ebc1773-1055,solidaritaet_ueberleben,standard,1,6,3,13,15,31,3,28,true,false,true
match-4ebc1773-1055,forschung_muskelkraft,standard,0,6,4,6,8,18,4,14,false,false,false
match-6a44b28d-1056,solidaritaet_ueberleben,standard,1,6,4,12,10,26,4,22,false,false,false
match-6a44b28d-1056,forschung_muskelkraft,standard,0,6,4,6,12,22,4,18,false,false,false
match-f0f741cf-1057,forschung_muskelkraft,standard,0,6,5,8,9,22,5,17,true,false,false
match-77a9f112-1058,forschung_muskelkraft,standard,0,6,5,10,13,28,5,23,true,false,false
match-77a9f112-1058,solidaritaet_ueberleben,standard,1,8,5,22,28,55,5,50,false,false,false
match-fe5c8054-1059,forschung_muskelkraft,standard,0,6,4,10,11,25,4,21,false,false,false
match-fe5c8054-1059,solidaritaet_ueberleben,standard,1,11,5,18,22,45,5,40,true,false,false
match-0bc1deda-1061,forschung_muskelkraft,standard,0,8,3,3,4,10,3,7,true,false,false
match-0bc1deda-1061,solidaritaet_ueberleben,standard,1,9,5,18,24,47,5,42,false,false,false
match-92746e1c-1062,forschung_muskelkraft,standard,0,7,2,8,8,18,2,16,false,false,false
match-19271d5f-1063,solidaritaet_ueberleben,standard,1,6,3,12,14,29,3,26,true,false,true
match-5e5bb028-1064,forschung_muskelkraft,standard,0,7,3,6,6,15,3,12,false,false,false
match-5e5bb028-1064,solidaritaet_ueberleben,standard,1,8,5,18,22,45,5,40,true,false,false
match-e50e5f6a-1065,forschung_muskelkraft,standard,0,6,4,15,20,39,4,35,true,false,false
match-6bc0eead-1066,forschung_muskelkraft,standard,0,6,5,12,15,32,5,27,false,false,false
match-f2739def-1067,solidaritaet_ueberleben,standard,1,11,5,31,34,70,5,65,false,false,false
match-f2739def-1067,forschung_muskelkraft,standard,0,13,4,10,10,24,4,20,false,false,false
match-79262d32-1068,forschung_muskelkraft,standard,0,7,4,10,13,27,4,23,true,false,false
match-ffd8dc74-1069,forschung_muskelkraft,standard,0,6,4,6,7,17,4,13,false,false,false
match-868b6bb7-1070,forschung_muskelkraft,standard,0,7,2,5,6,13,2,11,false,false,false
match-868b6bb7-1070,solidaritaet_ueberleben,standard,1,13,5,29,35,69,5,64,false,false,false
match-0d3e1afa-1071,forschung_muskelkraft,standard,0,6,5,10,11,26,5,21,false,false,false
match-0d3e1afa-1071,solidaritaet_ueberleben,standard,1,8,5,20,27,52,5,47,true,false,false
match-28c6b614-1072,solidaritaet_ueberleben,standard,1,7,5,25,29,59,5,54,true,false,true
match-af794556-1073,forschung_muskelkraft,standard,0,8,3,13,13,29,3,26,true,false,false
match-bcde83db-1075,solidaritaet_ueberleben,standard,1,6,1,5,6,12,1,11,true,false,false
match-bcde83db-1075,forschung_muskelkraft,standard,0,7,4,16,19,39,4,35,false,false,false
match-ca43c260-1077,solidaritaet_ueberleben,standard,1,6,2,9,10,21,2,19,false,false,false
match-ca43c260-1077,forschung_muskelkraft,standard,0,8,5,12,15,32,5,27,true,false,false
match-50f671a3-1078,forschung_muskelkraft,standard,0,6,5,11,11,27,5,22,true,false,false
match-d7a900e5-1079,forschung_muskelkraft,standard,0,6,2,5,4,11,2,9,true,false,false
match-c985a450-1080,forschung_muskelkraft,standard,0,6,4,12,13,29,4,25,true,false,false
match-c985a450-1080,solidaritaet_ueberleben,standard,1,10,4,11,11,26,4,22,false,false,false
match-50385393-1081,solidaritaet_ueberleben,standard,1,8,3,14,16,33,3,30,true,false,false
match-50385393-1081,forschung_muskelkraft,standard,0,10,5,19,21,45,5,40,false,false,false
match-d6eae2d5-1082,solidaritaet_ueberleben,standard,1,8,5,24,24,53,5,48,true,true,true
match-5d9d9218-1083,solidaritaet_ueberleben,standard,1,6,4,15,16,35,4,31,false,false,false
match-5d9d9218-1083,forschung_muskelkraft,standard,0,6,3,11,12,26,3,23,true,false,false
match-e450215a-1084,solidaritaet_ueberleben,standard,1,6,4,15,16,35,4,31,false,false,false
match-e450215a-1084,forschung_muskelkraft,standard,0,6,4,11,18,33,4,29,false,false,false
match-6b02d09d-1085,forschung_muskelkraft,standard,0,6,4,11,11,26,4,22,true,true,true
match-f1b57fdf-1086,solidaritaet_ueberleben,standard,1,6,3,12,13,28,3,25,false,false,false
match-f1b57fdf-1086,forschung_muskelkraft,standard,0,9,4,14,17,35,4,31,true,false,true
match-78680f22-1087,solidaritaet_ueberleben,standard,1,9,4,6,7,17,4,13,true,true,true
match-93f0aa3c-1088,solidaritaet_ueberleben,standard,1,10,5,28,31,64,5,59,true,false,false
match-93f0aa3c-1088,forschung_muskelkraft,standard,0,11,3,9,12,24,3,21,false,false,false
match-1aa3597f-1089,solidaritaet_ueberleben,standard,1,6,3,10,12,25,3,22,true,false,false
match-a155e8c1-1090,forschung_muskelkraft,standard,0,6,4,9,14,27,4,23,false,false,false
match-a155e8c1-1090,solidaritaet_ueberleben,standard,1,8,5,21,32,58,5,53,true,false,true
match-aebb2746-1092,forschung_muskelkraft,standard,0,6,5,17,16,38,5,33,true,false,false
match-aebb2746-1092,solidaritaet_ueberleben,standard,1,16,4,13,12,29,4,25,false,false,false
match-356dd689-1093,solidaritaet_ueberleben,standard,1,6,3,11,12,26,3,23,false,false,false
match-bc2065cb-1094,solidaritaet_ueberleben,standard,1,6,3,11,14,28,3,25,false,false,false
match-bc2065cb-1094,forschung_muskelkraft,standard,0,10,4,10,11,25,4,21,true,true,true
match-42d3150e-1095,solidaritaet_ueberleben,standard,1,6,3,12,13,28,3,25,true,false,false
match-8807a7d7-1096,solidaritaet_ueberleben,standard,1,6,3,11,16,30,3,27,false,false,false
match-8807a7d7-1096,forschung_muskelkraft,standard,0,6,4,12,15,31,4,27,true,false,false
match-0eba571a-1097,solidaritaet_ueberleben,standard,1,6,3,12,12,27,3,24,true,false,false
match-0eba571a-1097,forschung_muskelkraft,standard,0,6,5,4,6,15,5,10,false,false,false
match-956ce65c-1098,forschung_muskelkraft,standard,0,6,5,20,28,53,5,48,true,false,false
match-956ce65c-1098,solidaritaet_ueberleben,standard,1,10,5,20,22,47,5,42,false,false,false
match-a2d224e1-1100,solidaritaet_ueberleben,standard,1,7,3,15,16,34,3,31,true,true,true
match-2984d424-1101,forschung_muskelkraft,standard,0,6,5,10,8,23,5,18,false,false,false
match-2984d424-1101,solidaritaet_ueberleben,standard,1,7,4,17,21,42,4,38,true,false,false
match-b0376366-1102,solidaritaet_ueberleben,standard,1,6,3,11,18,32,3,29,true,false,false
match-b0376366-1102,forschung_muskelkraft,standard,0,6,5,8,10,23,5,18,false,false,false
match-36ea12a9-1103,solidaritaet_ueberleben,standard,1,6,2,6,10,18,2,16,true,false,false
match-36ea12a9-1103,forschung_muskelkraft,standard,0,6,3,7,11,21,3,18,false,false,false
match-5272adc3-1104,solidaritaet_ueberleben,standard,1,8,3,13,13,29,3,26,false,false,false
match-5272adc3-1104,forschung_muskelkraft,standard,0,10,5,19,28,52,5,47,false,false,false
match-d9255d05-1105,solidaritaet_ueberleben,standard,1,6,3,10,15,28,3,25,false,false,false
match-5fd7ec48-1106,solidaritaet_ueberleben,standard,1,6,2,9,10,21,2,19,true,false,true
match-5fd7ec48-1106,forschung_muskelkraft,standard,0,7,2,6,8,16,2,14,false,false,false
match-e68a9b8a-1107,solidaritaet_ueberleben,standard,1,10,2,14,12,28,2,26,true,false,false
match-e68a9b8a-1107,forschung_muskelkraft,standard,0,11,5,13,15,33,5,28,false,false,false
match-6d3d2acd-1108,solidaritaet_ueberleben,standard,1,6,3,11,15,29,3,26,false,false,false
match-6d3d2acd-1108,forschung_muskelkraft,standard,0,6,5,13,12,30,5,25,true,false,false
match-f3efda0f-1109,solidaritaet_ueberleben,standard,1,6,4,15,15,34,4,30,true,false,false
match-f3efda0f-1109,forschung_muskelkraft,standard,0,13,5,8,9,22,5,17,false,false,false
match-7aa26952-1110,forschung_muskelkraft,standard,0,6,3,13,13,29,3,26,true,false,false
match-7aa26952-1110,solidaritaet_ueberleben,standard,1,13,5,21,24,50,5,45,false,false,false
match-01551895-1111,solidaritaet_ueberleben,standard,1,9,5,28,35,68,5,63,true,false,false
match-01551895-1111,forschung_muskelkraft,standard,0,11,5,15,19,39,5,34,false,false,false
match-f331bbff-1112,solidaritaet_ueberleben,standard,1,6,2,6,7,15,2,13,false,false,false
match-f331bbff-1112,forschung_muskelkraft,standard,0,6,4,8,11,23,4,19,true,false,false
match-79e44b42-1113,solidaritaet_ueberleben,standard,1,6,3,10,13,26,3,23,true,false,false
match-79e44b42-1113,forschung_muskelkraft,standard,0,6,5,12,20,37,5,32,false,false,false
match-0096fa85-1114,forschung_muskelkraft,standard,0,6,5,18,24,47,5,42,false,false,false
match-874989c7-1115,forschung_muskelkraft,standard,0,6,3,13,13,29,3,26,true,false,false
match-874989c7-1115,solidaritaet_ueberleben,standard,1,15,5,16,17,38,5,33,false,false,false
match-0dfc390a-1116,forschung_muskelkraft,standard,0,6,4,11,11,26,4,22,false,false,false
match-94aec84c-1117,solidaritaet_ueberleben,standard,1,6,3,13,13,29,3,26,true,false,false
match-94aec84c-1117,forschung_muskelkraft,standard,0,8,5,19,24,48,5,43,false,false,false
match-1b61778f-1118,forschung_muskelkraft,standard,0,6,4,10,11,25,4,21,true,true,true
match-a21406d1-1119,solidaritaet_ueberleben,standard,1,6,3,12,12,27,3,24,false,false,false
match-a21406d1-1119,forschung_muskelkraft,standard,0,10,5,13,12,30,5,25,true,false,false
match-bd9ca1eb-1120,forschung_muskelkraft,standard,0,8,5,18,19,42,5,37,true,true,true
match-444f512e-1121,forschung_muskelkraft,standard,0,6,5,6,5,16,5,11,false,false,false
match-444f512e-1121,solidaritaet_ueberleben,standard,1,8,5,20,23,48,5,43,true,true,true
match-cb01e070-1122,solidaritaet_ueberleben,standard,1,6,2,9,10,21,2,19,false,false,false
match-cb01e070-1122,forschung_muskelkraft,standard,0,11,5,15,15,35,5,30,true,true,true
match-51b48fb3-1123,forschung_muskelkraft,standard,0,9,3,9,13,25,3,22,false,false,false
match-5f19ce38-1125,solidaritaet_ueberleben,standard,1,7,5,24,29,58,5,53,true,false,true
match-e5cc7d7a-1126,forschung_muskelkraft,standard,0,6,3,9,8,20,3,17,true,false,false
match-e5cc7d7a-1126,solidaritaet_ueberleben,standard,1,9,5,19,25,49,5,44,false,false,false
match-6c7f0cbd-1127,solidaritaet_ueberleben,standard,1,9,5,19,23,47,5,42,false,false,false
match-6453a20d-1128,forschung_muskelkraft,standard,0,6,5,6,7,18,5,13,false,false,false
match-eb06514f-1129,forschung_muskelkraft,standard,0,6,2,6,9,17,2,15,false,false,false
match-eb06514f-1129,solidaritaet_ueberleben,standard,1,7,5,5,6,16,5,11,true,false,true
match-71b8e092-1130,solidaritaet_ueberleben,standard,1,6,3,13,9,25,3,22,false,false,false
match-71b8e092-1130,forschung_muskelkraft,standard,0,8,5,17,20,42,5,37,true,false,false
match-f86b8fd4-1131,forschung_muskelkraft,standard,0,6,3,10,10,23,3,20,true,false,false
match-f86b8fd4-1131,solidaritaet_ueberleben,standard,1,9,5,25,31,61,5,56,false,false,false
match-7f1e3f17-1132,forschung_muskelkraft,standard,0,6,4,15,19,38,4,34,true,false,false
match-7f1e3f17-1132,solidaritaet_ueberleben,standard,1,12,3,13,16,32,3,29,false,false,false
match-05d0ce5a-1133,solidaritaet_ueberleben,standard,1,9,5,25,26,56,5,51,false,false,false
match-05d0ce5a-1133,forschung_muskelkraft,standard,0,10,5,17,21,43,5,38,true,true,true
match-8c837d9c-1134,forschung_muskelkraft,standard,0,7,3,7,6,16,3,13,false,false,false
match-8c837d9c-1134,solidaritaet_ueberleben,standard,1,16,4,10,11,25,4,21,false,false,false
match-13360cdf-1135,forschung_muskelkraft,standard,0,6,4,13,13,30,4,26,true,false,false
match-13360cdf-1135,solidaritaet_ueberleben,standard,1,10,3,13,18,34,3,31,false,false,false
match-2ebea7f9-1136,forschung_muskelkraft,standard,0,6,4,15,16,35,4,31,false,false,false
match-2ebea7f9-1136,solidaritaet_ueberleben,standard,1,7,4,17,24,45,4,41,true,false,false
match-b571573b-1137,forschung_muskelkraft,standard,0,6,4,10,11,25,4,21,true,false,false
match-3c23e67e-1138,forschung_muskelkraft,standard,0,6,2,5,6,13,2,11,true,false,false
match-c2d695c0-1139,forschung_muskelkraft,standard,0,7,3,6,7,16,3,13,false,false,false
match-c2d695c0-1139,solidaritaet_ueberleben,standard,1,15,5,10,10,25,5,20,false,false,false
match-49892503-1140,solidaritaet_ueberleben,standard,1,6,3,11,14,28,3,25,false,false,false
match-49892503-1140,forschung_muskelkraft,standard,0,8,5,19,27,51,5,46,true,false,false
match-d03bd445-1141,solidaritaet_ueberleben,standard,1,6,3,10,10,23,3,20,false,false,false
match-d03bd445-1141,forschung_muskelkraft,standard,0,7,4,10,10,24,4,20,true,false,false
match-56ee6388-1142,forschung_muskelkraft,standard,0,10,4,20,24,48,4,44,true,false,false
match-56ee6388-1142,solidaritaet_ueberleben,standard,1,13,5,0,0,5,5,0,false,false,false
match-dda112ca-1143,solidaritaet_ueberleben,standard,1,6,3,11,14,28,3,25,false,false,false
match-dda112ca-1143,forschung_muskelkraft,standard,0,6,3,10,12,25,3,22,true,false,false
match-cf7db635-1144,forschung_muskelkraft,standard,0,8,3,4,4,11,3,8,true,false,false
match-cf7db635-1144,solidaritaet_ueberleben,standard,1,11,5,28,33,66,5,61,false,false,false
match-56304578-1145,forschung_muskelkraft,standard,0,6,4,15,15,34,4,30,false,false,false
match-dce2f4ba-1146,forschung_muskelkraft,standard,0,6,4,15,17,36,4,32,true,false,false
match-dce2f4ba-1146,solidaritaet_ueberleben,standard,1,10,4,18,25,47,4,43,false,false,false
match-639583fd-1147,solidaritaet_ueberleben,standard,1,6,4,13,14,31,4,27,true,false,false
match-639583fd-1147,forschung_muskelkraft,standard,0,13,2,3,7,12,2,10,false,false,false
match-ea48333f-1148,forschung_muskelkraft,standard,0,6,3,12,15,30,3,27,true,false,true
match-70fac282-1149,forschung_muskelkraft,standard,0,6,5,19,26,50,5,45,true,false,false
match-70fac282-1149,solidaritaet_ueberleben,standard,1,12,5,27,36,68,5,63,false,false,false
match-f7ad71c4-1150,forschung_muskelkraft,standard,0,11,4,8,6,18,4,14,true,false,false
match-7e600107-1151,forschung_muskelkraft,standard,0,6,4,19,21,44,4,40,true,false,false
match-7e600107-1151,solidaritaet_ueberleben,standard,1,10,5,22,26,53,5,48,false,false,false
match-99e8bc21-1152,forschung_muskelkraft,standard,0,6,3,10,14,27,3,24,false,false,false
match-99e8bc21-1152,solidaritaet_ueberleben,standard,1,7,5,19,22,46,5,41,false,false,false
match-209b4b64-1153,solidaritaet_ueberleben,standard,1,6,1,5,5,11,1,10,false,false,false
match-209b4b64-1153,forschung_muskelkraft,standard,0,8,5,10,14,29,5,24,true,false,false
match-a74dfaa6-1154,forschung_muskelkraft,standard,0,8,5,15,15,35,5,30,true,false,false
match-2e0089e9-1155,solidaritaet_ueberleben,standard,1,7,4,13,14,31,4,27,true,true,true
match-b4b3392b-1156,forschung_muskelkraft,standard,0,6,5,22,31,58,5,53,true,false,false
match-b4b3392b-1156,solidaritaet_ueberleben,standard,1,13,5,22,22,49,5,44,false,false,false
match-3b65c86e-1157,solidaritaet_ueberleben,standard,1,6,2,8,10,20,2,18,false,false,false
match-3b65c86e-1157,forschung_muskelkraft,standard,0,12,4,10,10,24,4,20,true,true,true
match-c21877b0-1158,forschung_muskelkraft,standard,0,7,2,9,10,21,2,19,true,false,false
match-c21877b0-1158,solidaritaet_ueberleben,standard,1,8,5,0,0,5,5,0,false,false,false
match-48cb06f3-1159,forschung_muskelkraft,standard,0,7,4,11,11,26,4,22,true,true,true
match-8dffb9bc-1160,solidaritaet_ueberleben,standard,1,6,1,5,6,12,1,11,true,false,false
match-14b248ff-1161,solidaritaet_ueberleben,standard,1,6,4,15,12,31,4,27,true,false,true
match-14b248ff-1161,forschung_muskelkraft,standard,0,6,3,4,6,13,3,10,false,false,false
match-9b64f841-1162,forschung_muskelkraft,standard,0,11,1,3,2,6,1,5,false,false,false
match-22178784-1163,forschung_muskelkraft,standard,0,6,3,11,12,26,3,23,true,false,false
match-22178784-1163,solidaritaet_ueberleben,standard,1,10,1,5,6,12,1,11,false,false,false
match-a8ca36c6-1164,forschung_muskelkraft,standard,0,9,3,9,12,24,3,21,true,false,false
match-a8ca36c6-1164,solidaritaet_ueberleben,standard,1,13,5,17,17,39,5,34,false,false,false
match-b62f754b-1166,solidaritaet_ueberleben,standard,1,6,3,10,13,26,3,23,false,false,false
match-b62f754b-1166,forschung_muskelkraft,standard,0,12,5,9,12,26,5,21,false,false,false
match-3ce2048e-1167,forschung_muskelkraft,standard,0,6,4,15,19,38,4,34,true,false,false
match-586abfa8-1168,forschung_muskelkraft,standard,0,6,4,10,13,27,4,23,true,true,true
match-df1d4eea-1169,solidaritaet_ueberleben,standard,1,6,1,5,5,11,1,10,false,false,false
match-df1d4eea-1169,forschung_muskelkraft,standard,0,6,3,8,11,22,3,19,true,false,false
match-65cffe2d-1170,forschung_muskelkraft,standard,0,6,3,13,14,30,3,27,true,false,false
match-65cffe2d-1170,solidaritaet_ueberleben,standard,1,9,5,6,6,17,5,12,false,false,false
match-ec828d6f-1171,solidaritaet_ueberleben,standard,1,6,2,9,9,20,2,18,false,false,false
match-ec828d6f-1171,forschung_muskelkraft,standard,0,6,5,14,18,37,5,32,true,false,false
match-73353cb2-1172,solidaritaet_ueberleben,standard,1,6,2,7,14,23,2,21,true,false,true
match-f9e7cbf4-1173,solidaritaet_ueberleben,standard,1,6,2,8,10,20,2,18,false,false,false
match-f9e7cbf4-1173,forschung_muskelkraft,standard,0,6,4,12,16,32,4,28,true,false,false
match-809a7b37-1174,solidaritaet_ueberleben,standard,1,7,2,10,14,26,2,24,false,false,false
match-809a7b37-1174,forschung_muskelkraft,standard,0,10,5,10,13,28,5,23,true,false,false
match-074d0a7a-1175,solidaritaet_ueberleben,standard,1,6,3,13,14,30,3,27,true,true,true
match-f929ade4-1176,solidaritaet_ueberleben,standard,1,7,4,19,25,48,4,44,false,false,false
match-f929ade4-1176,forschung_muskelkraft,standard,0,8,5,14,15,34,5,29,true,false,false
match-7fdc5d27-1177,forschung_muskelkraft,standard,0,6,3,13,13,29,3,26,false,false,false
match-7fdc5d27-1177,solidaritaet_ueberleben,standard,1,7,5,20,23,48,5,43,true,false,false
match-068eec6a-1178,solidaritaet_ueberleben,standard,1,6,4,11,16,31,4,27,true,false,false
match-068eec6a-1178,forschung_muskelkraft,standard,0,9,5,14,17,36,5,31,false,false,false
match-8d419bac-1179,forschung_muskelkraft,standard,0,6,2,9,10,21,2,19,false,false,false
match-13f42aef-1180,forschung_muskelkraft,standard,0,6,5,14,11,30,5,25,true,false,false
match-13f42aef-1180,solidaritaet_ueberleben,standard,1,14,4,15,15,34,4,30,false,false,false
match-9aa6da31-1181,forschung_muskelkraft,standard,0,7,4,7,7,18,4,14,true,false,false
match-21596974-1182,solidaritaet_ueberleben,standard,1,6,3,8,8,19,3,16,true,false,true
match-21596974-1182,forschung_muskelkraft,standard,0,6,2,5,9,16,2,14,false,false,false
match-c394b3d0-1184,solidaritaet_ueberleben,standard,1,6,4,13,15,32,4,28,false,false,false
match-c394b3d0-1184,forschung_muskelkraft,standard,0,6,4,13,12,29,4,25,true,false,false
match-4a474313-1185,forschung_muskelkraft,standard,0,6,4,12,12,28,4,24,false,false,false
match-4a474313-1185,solidaritaet_ueberleben,standard,1,12,5,0,0,5,5,0,true,false,false
match-d0f9f255-1186,forschung_muskelkraft,standard,0,7,3,10,12,25,3,22,true,false,false
match-d0f9f255-1186,solidaritaet_ueberleben,standard,1,12,4,15,22,41,4,37,false,false,false
match-57ac8198-1187,solidaritaet_ueberleben,standard,1,6,3,11,16,30,3,27,true,false,false
match-57ac8198-1187,forschung_muskelkraft,standard,0,6,5,7,11,23,5,18,false,false,false
match-de5f30da-1188,solidaritaet_ueberleben,standard,1,6,3,10,13,26,3,23,false,false,false
match-de5f30da-1188,forschung_muskelkraft,standard,0,6,3,9,10,22,3,19,true,false,false
match-6511c01d-1189,solidaritaet_ueberleben,standard,1,6,2,6,10,18,2,16,false,false,false
match-6511c01d-1189,forschung_muskelkraft,standard,0,8,5,18,24,47,5,42,true,false,false
match-ebc46f5f-1190,forschung_muskelkraft,standard,0,11,4,13,13,30,4,26,true,false,true
match-72771ea2-1191,solidaritaet_ueberleben,standard,1,6,2,6,10,18,2,16,false,false,false
match-72771ea2-1191,forschung_muskelkraft,standard,0,6,3,11,14,28,3,25,true,false,false
match-b7abb16b-1192,solidaritaet_ueberleben,standard,1,6,3,12,16,31,3,28,false,false,false
match-b7abb16b-1192,forschung_muskelkraft,standard,0,6,4,13,14,31,4,27,true,false,false
match-3e5e40ae-1193,forschung_muskelkraft,standard,0,6,3,12,14,29,3,26,true,false,false
match-3e5e40ae-1193,solidaritaet_ueberleben,standard,1,12,3,13,17,33,3,30,false,false,false
match-4bc39f33-1195,solidaritaet_ueberleben,standard,1,6,2,8,14,24,2,22,false,false,false
match-4bc39f33-1195,forschung_muskelkraft,standard,0,6,4,4,6,14,4,10,true,false,false
match-d2762e75-1196,forschung_muskelkraft,standard,0,7,4,7,7,18,4,14,false,false,false
match-d2762e75-1196,solidaritaet_ueberleben,standard,1,7,5,22,27,54,5,49,false,false,false
match-dfdb6cfa-1198,solidaritaet_ueberleben,standard,1,6,2,7,8,17,2,15,true,false,false
match-dfdb6cfa-1198,forschung_muskelkraft,standard,0,6,3,4,6,13,3,10,false,false,false
match-668e1c3d-1199,solidaritaet_ueberleben,standard,1,6,3,12,15,30,3,27,true,false,false
match-668e1c3d-1199,forschung_muskelkraft,standard,0,7,5,5,7,17,5,12,false,false,false
match-8216b757-1200,solidaritaet_ueberleben,standard,1,6,3,9,11,23,3,20,true,true,true
match-08c9469a-1201,forschung_muskelkraft,standard,0,6,2,9,10,21,2,19,false,false,false
match-08c9469a-1201,solidaritaet_ueberleben,standard,1,8,5,20,21,46,5,41,true,false,false
match-8f7bf5dc-1202,forschung_muskelkraft,standard,0,6,3,9,9,21,3,18,true,false,true
match-162e851f-1203,forschung_muskelkraft,standard,0,6,4,5,10,19,4,15,true,false,false
match-9ce13461-1204,solidaritaet_ueberleben,standard,1,6,3,12,10,25,3,22,false,false,false
match-9ce13461-1204,forschung_muskelkraft,standard,0,12,5,15,14,34,5,29,true,false,false
match-2393c3a4-1205,solidaritaet_ueberleben,standard,1,6,1,4,4,9,1,8,false,false,false
match-2393c3a4-1205,forschung_muskelkraft,standard,0,6,4,13,14,31,4,27,true,false,false
match-aa4672e6-1206,solidaritaet_ueberleben,standard,1,6,3,13,13,29,3,26,true,false,true
match-22d5a594-1208,solidaritaet_ueberleben,standard,1,7,4,20,24,48,4,44,true,false,false
match-22d5a594-1208,forschung_muskelkraft,standard,0,11,2,1,3,6,2,4,false,false,false
match-a98854d6-1209,solidaritaet_ueberleben,standard,1,9,5,20,20,45,5,40,true,false,false
match-a98854d6-1209,forschung_muskelkraft,standard,0,10,4,16,23,43,4,39,false,false,false
match-303ae419-1210,forschung_muskelkraft,standard,0,6,4,12,14,30,4,26,true,false,false
match-303ae419-1210,solidaritaet_ueberleben,standard,1,11,5,22,25,52,5,47,false,false,false
match-b6ed935b-1211,forschung_muskelkraft,standard,0,9,2,10,12,24,2,22,true,false,false
match-b6ed935b-1211,solidaritaet_ueberleben,standard,1,11,3,10,13,26,3,23,false,false,false
match-3da0229e-1212,solidaritaet_ueberleben,standard,1,6,4,16,17,37,4,33,true,false,false
match-3da0229e-1212,forschung_muskelkraft,standard,0,6,3,5,6,14,3,11,false,false,false
match-c452d1e0-1213,forschung_muskelkraft,standard,0,6,3,13,13,29,3,26,true,false,false
match-c452d1e0-1213,solidaritaet_ueberleben,standard,1,8,5,22,28,55,5,50,false,false,false
match-4b056123-1214,forschung_muskelkraft,standard,0,7,2,5,6,13,2,11,false,false,false
match-d1b81065-1215,forschung_muskelkraft,standard,0,6,5,9,9,23,5,18,true,false,false
match-ed40ab7f-1216,forschung_muskelkraft,standard,0,9,2,6,8,16,2,14,false,false,false
match-ed40ab7f-1216,solidaritaet_ueberleben,standard,1,9,5,18,24,47,5,42,true,false,false
match-73f35ac2-1217,forschung_muskelkraft,standard,0,6,3,6,7,16,3,13,false,false,false
match-73f35ac2-1217,solidaritaet_ueberleben,standard,1,7,5,10,13,28,5,23,true,false,false
match-faa5ea04-1218,solidaritaet_ueberleben,standard,1,6,3,13,16,32,3,29,false,false,false
match-faa5ea04-1218,forschung_muskelkraft,standard,0,6,4,4,6,14,4,10,true,false,false
match-81589947-1219,solidaritaet_ueberleben,standard,1,7,4,20,21,45,4,41,true,true,true
match-080b288a-1220,forschung_muskelkraft,standard,0,6,4,11,11,26,4,22,true,false,false
match-080b288a-1220,solidaritaet_ueberleben,standard,1,8,5,0,0,5,5,0,false,false,false
match-8ebdd7cc-1221,forschung_muskelkraft,standard,0,6,5,7,8,20,5,15,true,false,false
match-1570670f-1222,solidaritaet_ueberleben,standard,1,6,2,7,8,17,2,15,false,false,false
match-9c231651-1223,forschung_muskelkraft,standard,0,6,4,17,19,40,4,36,false,false,false
match-9c231651-1223,solidaritaet_ueberleben,standard,1,11,5,8,10,23,5,18,true,false,false
match-e157a91a-1224,solidaritaet_ueberleben,standard,1,6,2,8,7,17,2,15,false,false,false
match-e157a91a-1224,forschung_muskelkraft,standard,0,6,3,9,14,26,3,23,true,false,false
match-680a585d-1225,solidaritaet_ueberleben,standard,1,6,2,8,9,19,2,17,true,false,false
match-eebce79f-1226,forschung_muskelkraft,standard,0,7,3,10,9,22,3,19,false,false,false
match-eebce79f-1226,solidaritaet_ueberleben,standard,1,7,3,15,17,35,3,32,false,false,false
match-756f96e2-1227,solidaritaet_ueberleben,standard,1,7,3,15,19,37,3,34,false,false,false
match-756f96e2-1227,forschung_muskelkraft,standard,0,12,3,10,13,26,3,23,true,false,true
match-82d4d567-1229,solidaritaet_ueberleben,standard,1,6,2,9,9,20,2,18,false,false,false
match-82d4d567-1229,forschung_muskelkraft,standard,0,6,2,8,10,20,2,18,true,false,false
match-903a13ec-1231,solidaritaet_ueberleben,standard,1,11,4,15,20,39,4,35,true,false,false
match-903a13ec-1231,forschung_muskelkraft,standard,0,11,3,10,15,28,3,25,false,false,false
match-abc2af06-1232,forschung_muskelkraft,standard,0,7,3,9,14,26,3,23,false,false,false
match-abc2af06-1232,solidaritaet_ueberleben,standard,1,8,2,11,15,28,2,26,true,true,true
match-32755e49-1233,forschung_muskelkraft,standard,0,6,3,12,13,28,3,25,true,false,false
match-32755e49-1233,solidaritaet_ueberleben,standard,1,10,4,17,23,44,4,40,false,false,false
match-b927ed8b-1234,forschung_muskelkraft,standard,0,6,4,17,19,40,4,36,false,false,false
match-b927ed8b-1234,solidaritaet_ueberleben,standard,1,7,3,14,18,35,3,32,true,false,false
match-3fda9cce-1235,solidaritaet_ueberleben,standard,1,9,5,19,22,46,5,41,true,false,false
match-3fda9cce-1235,forschung_muskelkraft,standard,0,10,3,9,10,22,3,19,false,false,false
match-c68d2c10-1236,forschung_muskelkraft,standard,0,6,4,14,14,32,4,28,true,false,false
match-4d3fdb53-1237,forschung_muskelkraft,standard,0,9,3,4,2,9,3,6,false,false,false
match-4d3fdb53-1237,solidaritaet_ueberleben,standard,1,9,5,19,30,54,5,49,true,false,true
match-d3f26a95-1238,forschung_muskelkraft,standard,0,6,3,4,4,11,3,8,false,false,false
match-d3f26a95-1238,solidaritaet_ueberleben,standard,1,8,5,5,8,18,5,13,true,false,true
match-5aa519d8-1239,forschung_muskelkraft,standard,0,7,5,5,5,15,5,10,true,false,false
match-5aa519d8-1239,solidaritaet_ueberleben,standard,1,11,5,22,33,60,5,55,false,false,false
match-4c81bd43-1240,solidaritaet_ueberleben,standard,1,6,2,9,10,21,2,19,true,false,true
match-4c81bd43-1240,forschung_muskelkraft,standard,0,6,4,7,11,22,4,18,false,false,false
match-d3344c85-1241,solidaritaet_ueberleben,standard,1,6,3,11,12,26,3,23,false,false,false
match-d3344c85-1241,forschung_muskelkraft,standard,0,11,5,15,18,38,5,33,true,false,true
match-59e6fbc8-1242,solidaritaet_ueberleben,standard,1,6,2,9,9,20,2,18,true,false,false
match-59e6fbc8-1242,forschung_muskelkraft,standard,0,6,5,15,21,41,5,36,false,false,false
match-e0998b0a-1243,forschung_muskelkraft,standard,0,6,4,15,15,34,4,30,false,false,false
match-e0998b0a-1243,solidaritaet_ueberleben,standard,1,11,5,27,28,60,5,55,true,false,true
match-674c3a4d-1244,forschung_muskelkraft,standard,0,6,4,6,8,18,4,14,true,false,false
match-edfec98f-1245,solidaritaet_ueberleben,standard,1,6,3,13,14,30,3,27,false,false,false
match-edfec98f-1245,forschung_muskelkraft,standard,0,6,4,10,18,32,4,28,true,false,false
match-fb640814-1247,solidaritaet_ueberleben,standard,1,7,5,21,25,51,5,46,true,true,true
match-16eca32f-1248,forschung_muskelkraft,standard,0,8,2,3,4,9,2,7,true,true,true
match-9d9f5271-1249,forschung_muskelkraft,standard,0,6,4,13,11,28,4,24,false,false,false
match-2451e1b4-1250,solidaritaet_ueberleben,standard,1,6,3,10,15,28,3,25,true,false,false
match-2451e1b4-1250,forschung_muskelkraft,standard,0,6,5,4,6,15,5,10,false,false,false
match-ab0490f6-1251,solidaritaet_ueberleben,standard,1,7,4,20,27,51,4,47,true,true,true
match-31b72039-1252,forschung_muskelkraft,standard,0,6,4,16,20,40,4,36,false,false,false
match-31b72039-1252,solidaritaet_ueberleben,standard,1,12,5,21,23,49,5,44,true,false,false
match-b869cf7b-1253,forschung_muskelkraft,standard,0,14,4,6,6,16,4,12,false,false,false
match-b869cf7b-1253,solidaritaet_ueberleben,standard,1,16,5,21,21,47,5,42,false,false,false
match-3f1c7ebe-1254,solidaritaet_ueberleben,standard,1,6,2,7,9,18,2,16,true,false,false
match-3f1c7ebe-1254,forschung_muskelkraft,standard,0,7,3,9,12,24,3,21,false,false,false
match-c5cf0e00-1255,forschung_muskelkraft,standard,0,6,5,16,18,39,5,34,true,false,false
match-c5cf0e00-1255,solidaritaet_ueberleben,standard,1,11,5,23,33,61,5,56,false,false,false
match-bda3a350-1256,forschung_muskelkraft,standard,0,6,2,9,12,23,2,21,true,false,false
match-44565293-1257,forschung_muskelkraft,standard,0,6,4,15,17,36,4,32,true,false,false
match-cb08e1d5-1258,solidaritaet_ueberleben,standard,1,6,3,11,12,26,3,23,true,false,false
match-cb08e1d5-1258,forschung_muskelkraft,standard,0,7,4,10,14,28,4,24,false,false,false
match-51bb9118-1259,solidaritaet_ueberleben,standard,1,6,1,5,6,12,1,11,false,false,false
match-51bb9118-1259,forschung_muskelkraft,standard,0,6,3,11,12,26,3,23,true,false,false
match-d86e205a-1260,forschung_muskelkraft,standard,0,6,5,15,17,37,5,32,true,false,false
match-d86e205a-1260,solidaritaet_ueberleben,standard,1,7,4,18,22,44,4,40,false,false,false
match-5f20cf9d-1261,forschung_muskelkraft,standard,0,6,4,8,11,23,4,19,false,false,false
match-5f20cf9d-1261,solidaritaet_ueberleben,standard,1,13,5,14,14,33,5,28,true,false,false
match-e5d37edf-1262,solidaritaet_ueberleben,standard,1,6,4,16,17,37,4,33,false,false,false
match-e5d37edf-1262,forschung_muskelkraft,standard,0,6,3,9,10,22,3,19,true,false,false
match-6c860e22-1263,forschung_muskelkraft,standard,0,7,3,14,18,35,3,32,true,false,false
match-6c860e22-1263,solidaritaet_ueberleben,standard,1,11,5,5,6,16,5,11,false,false,false
match-880ea93c-1264,forschung_muskelkraft,standard,0,6,5,14,18,37,5,32,true,false,false
match-0ec1587f-1265,solidaritaet_ueberleben,standard,1,6,2,9,10,21,2,19,false,false,false
match-0ec1587f-1265,forschung_muskelkraft,standard,0,10,3,12,12,27,3,24,true,false,true
match-9573e7c1-1266,solidaritaet_ueberleben,standard,1,6,2,8,11,21,2,19,false,false,false
match-9573e7c1-1266,forschung_muskelkraft,standard,0,6,3,9,14,26,3,23,true,false,false
match-a2d92646-1268,forschung_muskelkraft,standard,0,13,3,7,7,17,3,14,true,false,false
match-a2d92646-1268,solidaritaet_ueberleben,standard,1,13,5,20,22,47,5,42,false,false,false
match-298bd589-1269,solidaritaet_ueberleben,standard,1,6,3,10,15,28,3,25,true,false,false
match-298bd589-1269,forschung_muskelkraft,standard,0,6,4,13,15,32,4,28,false,false,false
match-b03e64cb-1270,forschung_muskelkraft,standard,0,6,4,12,10,26,4,22,true,false,false
match-36f1140e-1271,forschung_muskelkraft,standard,0,6,4,14,17,35,4,31,true,true,true
match-28cdb779-1272,forschung_muskelkraft,standard,0,6,4,9,13,26,4,22,true,false,false
match-af8046bb-1273,forschung_muskelkraft,standard,0,6,3,10,11,24,3,21,true,true,true
match-bce58540-1275,solidaritaet_ueberleben,standard,1,6,3,11,11,25,3,22,false,false,false
match-bce58540-1275,forschung_muskelkraft,standard,0,6,4,8,10,22,4,18,true,false,false
match-43983483-1276,solidaritaet_ueberleben,standard,1,6,3,11,18,32,3,29,true,false,true
match-43983483-1276,forschung_muskelkraft,standard,0,7,4,14,15,33,4,29,false,false,false
match-ca4ac3c5-1277,solidaritaet_ueberleben,standard,1,6,3,10,13,26,3,23,true,true,true
match-50fd7308-1278,forschung_muskelkraft,standard,0,6,3,11,13,27,3,24,false,false,false
match-50fd7308-1278,solidaritaet_ueberleben,standard,1,9,5,6,7,18,5,13,true,true,true
match-d7b0024a-1279,forschung_muskelkraft,standard,0,6,3,12,14,29,3,26,true,false,false
match-d7b0024a-1279,solidaritaet_ueberleben,standard,1,9,5,20,26,51,5,46,false,false,false
match-f338bd64-1280,solidaritaet_ueberleben,standard,1,7,5,6,10,21,5,16,true,true,true
match-79eb4ca7-1281,forschung_muskelkraft,standard,0,8,2,8,8,18,2,16,false,false,false
match-87508b2c-1283,forschung_muskelkraft,standard,0,6,2,9,10,21,2,19,true,false,false
match-87508b2c-1283,solidaritaet_ueberleben,standard,1,7,5,0,0,5,5,0,false,false,false
match-0e033a6f-1284,solidaritaet_ueberleben,standard,1,6,3,9,12,24,3,21,false,false,false
match-0e033a6f-1284,forschung_muskelkraft,standard,0,6,4,11,15,30,4,26,true,false,false
match-94b5c9b1-1285,solidaritaet_ueberleben,standard,1,6,2,8,10,20,2,18,false,false,false
match-94b5c9b1-1285,forschung_muskelkraft,standard,0,13,4,4,5,13,4,9,true,false,false
match-a21b0836-1287,solidaritaet_ueberleben,standard,1,6,2,9,10,21,2,19,false,false,false
match-a21b0836-1287,forschung_muskelkraft,standard,0,6,5,15,21,41,5,36,true,false,false
match-e74fbaff-1288,solidaritaet_ueberleben,standard,1,6,3,12,15,30,3,27,true,false,false
match-e74fbaff-1288,forschung_muskelkraft,standard,0,6,4,9,12,25,4,21,false,false,false
match-6e024a42-1289,solidaritaet_ueberleben,standard,1,6,3,13,13,29,3,26,false,false,false
match-6e024a42-1289,forschung_muskelkraft,standard,0,8,5,19,23,47,5,42,true,false,false
match-f4b4f984-1290,forschung_muskelkraft,standard,0,8,4,9,8,21,4,17,true,false,true
match-7b6788c7-1291,forschung_muskelkraft,standard,0,7,4,0,0,4,4,0,false,false,false
match-7b6788c7-1291,solidaritaet_ueberleben,standard,1,9,5,28,32,65,5,60,true,true,true
match-021a380a-1292,forschung_muskelkraft,standard,0,6,4,10,12,26,4,22,true,false,true
match-0f7f768f-1294,forschung_muskelkraft,standard,0,6,2,8,10,20,2,18,true,false,false
match-0f7f768f-1294,solidaritaet_ueberleben,standard,1,7,3,14,18,35,3,32,false,false,false
match-963205d1-1295,forschung_muskelkraft,standard,0,6,3,12,13,28,3,25,true,false,false
match-963205d1-1295,solidaritaet_ueberleben,standard,1,7,5,18,24,47,5,42,false,false,false
match-b1baa0eb-1296,solidaritaet_ueberleben,standard,1,6,2,7,9,18,2,16,false,false,false
match-b1baa0eb-1296,forschung_muskelkraft,standard,0,8,5,17,17,39,5,34,true,false,false
match-bf1fff70-1298,solidaritaet_ueberleben,standard,1,6,2,8,14,24,2,22,true,false,false
match-bf1fff70-1298,forschung_muskelkraft,standard,0,6,4,11,10,25,4,21,false,false,false
match-45d28eb3-1299,forschung_muskelkraft,standard,0,7,3,9,8,20,3,17,true,false,false
match-cc853df5-1300,forschung_muskelkraft,standard,0,6,5,11,13,29,5,24,true,false,false
match-5337cd38-1301,solidaritaet_ueberleben,standard,1,10,5,28,30,63,5,58,true,false,false
match-5337cd38-1301,forschung_muskelkraft,standard,0,11,5,10,12,27,5,22,false,false,false
match-d9ea7c7a-1302,solidaritaet_ueberleben,standard,1,6,3,12,15,30,3,27,false,false,false
match-d9ea7c7a-1302,forschung_muskelkraft,standard,0,9,3,11,14,28,3,25,true,false,false
match-5279af28-1304,solidaritaet_ueberleben,standard,1,6,3,11,17,31,3,28,true,false,true
match-5279af28-1304,forschung_muskelkraft,standard,0,7,4,4,6,14,4,10,false,false,false
match-d92c5e6a-1305,forschung_muskelkraft,standard,0,8,4,14,12,30,4,26,false,false,false
match-d92c5e6a-1305,solidaritaet_ueberleben,standard,1,11,5,3,5,13,5,8,true,false,true
match-5fdeedad-1306,solidaritaet_ueberleben,standard,1,6,2,8,7,17,2,15,false,false,false
match-5fdeedad-1306,forschung_muskelkraft,standard,0,6,3,10,14,27,3,24,true,false,false
match-e6919cef-1307,solidaritaet_ueberleben,standard,1,6,2,8,10,20,2,18,false,false,false
match-e6919cef-1307,forschung_muskelkraft,standard,0,8,4,17,23,44,4,40,true,false,false
match-6d442c32-1308,solidaritaet_ueberleben,standard,1,6,3,11,14,28,3,25,true,false,false
match-6d442c32-1308,forschung_muskelkraft,standard,0,6,4,4,6,14,4,10,false,false,false
match-f3f6db74-1309,forschung_muskelkraft,standard,0,6,5,15,20,40,5,35,true,false,false
match-7aa96ab7-1310,forschung_muskelkraft,standard,0,9,4,14,18,36,4,32,false,false,false
match-7aa96ab7-1310,solidaritaet_ueberleben,standard,1,9,3,13,12,28,3,25,true,false,false
match-015c19fa-1311,forschung_muskelkraft,standard,0,6,2,4,4,10,2,8,false,false,false
match-a3974456-1313,solidaritaet_ueberleben,standard,1,6,2,8,10,20,2,18,false,false,false
match-a3974456-1313,forschung_muskelkraft,standard,0,6,3,10,10,23,3,20,true,false,false
match-2a49f399-1314,forschung_muskelkraft,standard,0,8,4,10,14,28,4,24,true,false,false
match-2a49f399-1314,solidaritaet_ueberleben,standard,1,11,5,20,26,51,5,46,false,false,false
match-b0fc82db-1315,solidaritaet_ueberleben,standard,1,6,3,12,17,32,3,29,false,false,false
match-b0fc82db-1315,forschung_muskelkraft,standard,0,12,5,14,17,36,5,31,false,false,false
match-37af321e-1316,forschung_muskelkraft,standard,0,6,4,8,10,22,4,18,false,false,false
match-37af321e-1316,solidaritaet_ueberleben,standard,1,7,5,19,20,44,5,39,true,false,false
match-451470a3-1318,forschung_muskelkraft,standard,0,6,5,11,11,27,5,22,false,false,false
match-451470a3-1318,solidaritaet_ueberleben,standard,1,11,4,15,16,35,4,31,true,true,true
match-cbc71fe5-1319,solidaritaet_ueberleben,standard,1,6,2,9,9,20,2,18,false,false,false
match-cbc71fe5-1319,forschung_muskelkraft,standard,0,9,4,1,0,5,4,1,true,false,false
match-10fbb2af-1320,forschung_muskelkraft,standard,0,6,2,9,10,21,2,19,true,false,false
match-97ae41f1-1321,solidaritaet_ueberleben,standard,1,6,2,8,10,20,2,18,true,false,false
match-97ae41f1-1321,forschung_muskelkraft,standard,0,6,5,16,21,42,5,37,false,false,false
match-1e60f134-1322,forschung_muskelkraft,standard,0,9,2,5,7,14,2,12,true,true,true
match-a5138076-1323,forschung_muskelkraft,standard,0,6,4,12,12,28,4,24,false,false,false
match-a5138076-1323,solidaritaet_ueberleben,standard,1,7,4,16,23,43,4,39,false,false,false
match-2bc62fb9-1324,forschung_muskelkraft,standard,0,6,5,14,15,34,5,29,false,false,false
match-392b6e3e-1326,solidaritaet_ueberleben,standard,1,6,3,11,14,28,3,25,false,false,false
match-392b6e3e-1326,forschung_muskelkraft,standard,0,9,4,10,12,26,4,22,true,false,false
match-bfde1d80-1327,solidaritaet_ueberleben,standard,1,6,3,12,15,30,3,27,false,false,false
match-db66b89a-1328,solidaritaet_ueberleben,standard,1,6,3,11,14,28,3,25,true,false,false
match-db66b89a-1328,forschung_muskelkraft,standard,0,7,3,8,13,24,3,21,false,false,false
match-621947dd-1329,solidaritaet_ueberleben,standard,1,7,4,20,22,46,4,42,true,false,false
match-621947dd-1329,forschung_muskelkraft,standard,0,9,5,10,10,25,5,20,false,false,false
match-e8cbf71f-1330,forschung_muskelkraft,standard,0,6,3,11,11,25,3,22,false,false,false
match-6f7e8662-1331,solidaritaet_ueberleben,standard,1,6,2,8,10,20,2,18,true,false,false
match-6f7e8662-1331,forschung_muskelkraft,standard,0,6,5,15,22,42,5,37,false,false,false
match-f63135a4-1332,forschung_muskelkraft,standard,0,10,4,16,18,38,4,34,true,true,true
match-7ce3c4e7-1333,solidaritaet_ueberleben,standard,1,8,5,23,26,54,5,49,true,true,true
match-0396742a-1334,forschung_muskelkraft,standard,0,6,5,18,24,47,5,42,true,false,false
match-8a49036c-1335,solidaritaet_ueberleben,standard,1,6,3,10,15,28,3,25,false,false,false
match-8a49036c-1335,forschung_muskelkraft,standard,0,6,3,11,14,28,3,25,false,false,false
match-7c25a6d7-1336,solidaritaet_ueberleben,standard,1,6,3,11,14,28,3,25,false,false,false
match-7c25a6d7-1336,forschung_muskelkraft,standard,0,10,5,14,16,35,5,30,true,false,false
match-02d8561a-1337,forschung_muskelkraft,standard,0,8,3,17,21,41,3,38,false,false,false
match-02d8561a-1337,solidaritaet_ueberleben,standard,1,14,4,9,10,23,4,19,false,false,false
match-898ae55c-1338,solidaritaet_ueberleben,standard,1,6,3,11,15,29,3,26,true,false,false
match-898ae55c-1338,forschung_muskelkraft,standard,0,10,5,5,5,15,5,10,false,false,false
match-103d949f-1339,forschung_muskelkraft,standard,0,6,3,10,11,24,3,21,true,false,false
match-103d949f-1339,solidaritaet_ueberleben,standard,1,12,5,0,0,5,5,0,false,false,false
match-96f023e1-1340,forschung_muskelkraft,standard,0,6,4,13,14,31,4,27,false,false,false
match-96f023e1-1340,solidaritaet_ueberleben,standard,1,9,5,19,23,47,5,42,true,false,false
match-1da2d324-1341,solidaritaet_ueberleben,standard,1,6,3,11,13,27,3,24,true,false,false
match-2b0811a9-1343,forschung_muskelkraft,standard,0,6,2,9,10,21,2,19,false,false,false
match-4690acc3-1344,solidaritaet_ueberleben,standard,1,6,4,14,17,35,4,31,true,false,false
match-cd435c05-1345,forschung_muskelkraft,standard,0,7,2,9,10,21,2,19,false,false,false
match-cd435c05-1345,solidaritaet_ueberleben,standard,1,9,5,22,28,55,5,50,true,false,false
match-53f5eb48-1346,forschung_muskelkraft,standard,0,6,5,12,17,34,5,29,false,false,false
match-53f5eb48-1346,solidaritaet_ueberleben,standard,1,7,4,17,22,43,4,39,true,false,false
match-615b29cd-1348,forschung_muskelkraft,standard,0,12,3,12,14,29,3,26,true,true,true
match-e80dd90f-1349,forschung_muskelkraft,standard,0,8,4,16,20,40,4,36,true,false,false
match-e80dd90f-1349,solidaritaet_ueberleben,standard,1,9,5,20,25,50,5,45,false,false,false
match-6ec06852-1350,solidaritaet_ueberleben,standard,1,6,3,11,11,25,3,22,false,false,false
match-6ec06852-1350,forschung_muskelkraft,standard,0,6,3,8,10,21,3,18,true,false,false
match-f5731794-1351,solidaritaet_ueberleben,standard,1,6,3,12,15,30,3,27,true,false,false
match-3aa7aa5e-1352,forschung_muskelkraft,standard,0,7,3,11,14,28,3,25,true,false,false
match-3aa7aa5e-1352,solidaritaet_ueberleben,standard,1,14,4,19,20,43,4,39,false,false,false
match-c15a59a0-1353,solidaritaet_ueberleben,standard,1,6,3,11,15,29,3,26,true,false,false
match-480ce8e3-1354,solidaritaet_ueberleben,standard,1,9,4,18,23,45,4,41,false,false,false
match-480ce8e3-1354,forschung_muskelkraft,standard,0,11,4,14,20,38,4,34,true,false,false
match-cebf9825-1355,solidaritaet_ueberleben,standard,1,6,3,10,15,28,3,25,true,false,true
match-55722768-1356,solidaritaet_ueberleben,standard,1,6,3,11,13,27,3,24,false,false,false
match-dc24d6aa-1357,forschung_muskelkraft,standard,0,6,4,18,21,43,4,39,true,false,false
match-dc24d6aa-1357,solidaritaet_ueberleben,standard,1,8,4,17,19,40,4,36,false,false,false
match-62d765ed-1358,forschung_muskelkraft,standard,0,6,5,11,16,32,5,27,false,false,false
match-62d765ed-1358,solidaritaet_ueberleben,standard,1,8,4,19,22,45,4,41,true,false,true
match-0512b04a-1360,forschung_muskelkraft,standard,0,6,5,8,10,23,5,18,true,false,false
match-8bc55f8c-1361,solidaritaet_ueberleben,standard,1,6,3,11,13,27,3,24,false,false,false
match-8bc55f8c-1361,forschung_muskelkraft,standard,0,7,3,7,9,19,3,16,true,false,false
match-992a9e11-1363,forschung_muskelkraft,standard,0,6,3,11,14,28,3,25,true,false,false
match-992a9e11-1363,solidaritaet_ueberleben,standard,1,11,4,5,5,14,4,10,false,false,false
match-1fdd2d54-1364,forschung_muskelkraft,standard,0,6,4,14,19,37,4,33,true,false,true
match-a68fdc96-1365,forschung_muskelkraft,standard,0,6,4,3,4,11,4,7,true,false,false
match-2d426bd9-1366,forschung_muskelkraft,standard,0,6,4,13,18,35,4,31,true,true,true
match-b3f51b1b-1367,solidaritaet_ueberleben,standard,1,6,2,9,9,20,2,18,true,false,false
match-b3f51b1b-1367,forschung_muskelkraft,standard,0,12,5,21,28,54,5,49,false,false,false
match-a5d1be86-1368,forschung_muskelkraft,standard,0,6,5,21,26,52,5,47,false,false,false
match-a5d1be86-1368,solidaritaet_ueberleben,standard,1,7,4,18,23,45,4,41,true,false,false
match-2c844dc9-1369,forschung_muskelkraft,standard,0,6,4,13,17,34,4,30,true,true,true
match-b336fd0b-1370,forschung_muskelkraft,standard,0,6,5,12,13,30,5,25,false,false,false
match-b336fd0b-1370,solidaritaet_ueberleben,standard,1,7,5,21,28,54,5,49,true,false,false
match-39e98c4e-1371,solidaritaet_ueberleben,standard,1,6,3,10,15,28,3,25,false,false,false
match-39e98c4e-1371,forschung_muskelkraft,standard,0,10,5,5,9,19,5,14,true,false,false
match-c09c3b90-1372,solidaritaet_ueberleben,standard,1,6,2,9,9,20,2,18,false,false,false
match-ce017a15-1374,forschung_muskelkraft,standard,0,6,4,6,7,17,4,13,true,false,false
match-ce017a15-1374,solidaritaet_ueberleben,standard,1,8,5,0,0,5,5,0,false,false,false
match-54b40958-1375,forschung_muskelkraft,standard,0,6,5,12,14,31,5,26,true,false,false
match-f6ef53b4-1377,forschung_muskelkraft,standard,0,6,5,8,12,25,5,20,false,false,false
match-f6ef53b4-1377,solidaritaet_ueberleben,standard,1,7,4,18,22,44,4,40,true,false,false
match-7da1e2f7-1378,forschung_muskelkraft,standard,0,8,4,15,16,35,4,31,true,false,false
match-7da1e2f7-1378,solidaritaet_ueberleben,standard,1,14,4,13,12,29,4,25,false,false,false
match-0454923a-1379,solidaritaet_ueberleben,standard,1,7,2,9,14,25,2,23,true,false,false
match-8b07217c-1380,forschung_muskelkraft,standard,0,6,5,8,13,26,5,21,false,false,false
match-8b07217c-1380,solidaritaet_ueberleben,standard,1,7,4,16,23,43,4,39,true,false,false
match-11b9d0bf-1381,solidaritaet_ueberleben,standard,1,6,3,11,14,28,3,25,true,false,false
match-986c6001-1382,solidaritaet_ueberleben,standard,1,6,4,15,18,37,4,33,false,false,false
match-986c6001-1382,forschung_muskelkraft,standard,0,13,4,5,8,17,4,13,true,true,true
match-1f1f0f44-1383,solidaritaet_ueberleben,standard,1,6,2,9,9,20,2,18,true,false,false
match-1f1f0f44-1383,forschung_muskelkraft,standard,0,6,4,10,14,28,4,24,false,false,false
match-16f3a494-1384,solidaritaet_ueberleben,standard,1,6,2,9,10,21,2,19,false,false,false
match-16f3a494-1384,forschung_muskelkraft,standard,0,6,5,14,15,34,5,29,true,false,false
match-9da653d6-1385,forschung_muskelkraft,standard,0,6,4,19,22,45,4,41,true,false,false
match-9da653d6-1385,solidaritaet_ueberleben,standard,1,10,5,26,23,54,5,49,false,false,false
match-2458e319-1386,forschung_muskelkraft,standard,0,6,3,10,15,28,3,25,false,false,false
match-2458e319-1386,solidaritaet_ueberleben,standard,1,7,5,22,29,56,5,51,true,false,false
match-ab0b925b-1387,solidaritaet_ueberleben,standard,1,6,2,8,9,19,2,17,true,false,false
match-ab0b925b-1387,forschung_muskelkraft,standard,0,11,4,12,15,31,4,27,false,false,false
match-b870d0e0-1389,solidaritaet_ueberleben,standard,1,6,2,9,10,21,2,19,false,false,false
match-b870d0e0-1389,forschung_muskelkraft,standard,0,6,5,11,16,32,5,27,true,false,false
match-3f236023-1390,solidaritaet_ueberleben,standard,1,6,3,12,13,28,3,25,false,false,false
match-c5d60f65-1391,forschung_muskelkraft,standard,0,6,4,10,13,27,4,23,false,false,false
match-c5d60f65-1391,solidaritaet_ueberleben,standard,1,7,5,19,28,52,5,47,true,false,false
match-e15eaa7f-1392,solidaritaet_ueberleben,standard,1,7,5,23,32,60,5,55,true,false,true
match-681159c2-1393,solidaritaet_ueberleben,standard,1,6,3,11,14,28,3,25,true,false,false
match-eec3e904-1394,solidaritaet_ueberleben,standard,1,6,3,10,12,25,3,22,false,false,false
match-eec3e904-1394,forschung_muskelkraft,standard,0,6,3,9,10,22,3,19,true,false,false
match-75769847-1395,solidaritaet_ueberleben,standard,1,6,3,11,13,27,3,24,false,false,false
match-75769847-1395,forschung_muskelkraft,standard,0,6,4,11,12,27,4,23,true,false,false
match-fc292789-1396,forschung_muskelkraft,standard,0,7,2,5,7,14,2,12,true,false,false
match-fc292789-1396,solidaritaet_ueberleben,standard,1,8,5,20,28,53,5,48,false,false,false
match-82dbd6cc-1397,forschung_muskelkraft,standard,0,6,4,13,16,33,4,29,true,false,false
match-098e660f-1398,forschung_muskelkraft,standard,0,6,3,7,8,18,3,15,true,true,true
match-90411551-1399,solidaritaet_ueberleben,standard,1,6,3,11,17,31,3,28,false,false,false
match-90411551-1399,forschung_muskelkraft,standard,0,6,5,14,17,36,5,31,true,false,false
match-821db8bc-1400,forschung_muskelkraft,standard,0,6,3,11,11,25,3,22,true,false,false
match-08d047ff-1401,solidaritaet_ueberleben,standard,1,6,2,8,10,20,2,18,true,false,false
match-08d047ff-1401,forschung_muskelkraft,standard,0,6,5,18,24,47,5,42,false,false,false
match-8f82f741-1402,solidaritaet_ueberleben,standard,1,6,3,12,14,29,3,26,false,false,false
match-8f82f741-1402,forschung_muskelkraft,standard,0,7,4,9,16,29,4,25,true,false,false
match-16358684-1403,forschung_muskelkraft,standard,0,6,5,7,8,20,5,15,false,false,false
match-16358684-1403,solidaritaet_ueberleben,standard,1,9,5,20,31,56,5,51,true,true,true
match-239ac509-1405,forschung_muskelkraft,standard,0,6,3,14,17,34,3,31,true,false,false
match-aa4d744b-1406,solidaritaet_ueberleben,standard,1,6,3,11,13,27,3,24,false,false,false
match-aa4d744b-1406,forschung_muskelkraft,standard,0,6,4,11,10,25,4,21,true,false,false
match-3100038e-1407,solidaritaet_ueberleben,standard,1,6,4,14,12,30,4,26,true,false,false
match-3100038e-1407,forschung_muskelkraft,standard,0,6,4,14,16,34,4,30,false,false,false
match-d33b4dea-1409,solidaritaet_ueberleben,standard,1,8,3,16,20,39,3,36,false,false,false
match-d33b4dea-1409,forschung_muskelkraft,standard,0,17,5,4,5,14,5,9,false,false,false
match-59edfd2d-1410,solidaritaet_ueberleben,standard,1,6,2,8,8,18,2,16,false,false,false
match-59edfd2d-1410,forschung_muskelkraft,standard,0,6,4,12,16,32,4,28,true,false,false
match-67533bb2-1412,solidaritaet_ueberleben,standard,1,6,2,8,11,21,2,19,true,false,false
match-67533bb2-1412,forschung_muskelkraft,standard,0,6,4,12,17,33,4,29,false,false,false
match-ee05caf4-1413,forschung_muskelkraft,standard,0,6,3,4,4,11,3,8,false,false,false
match-ee05caf4-1413,solidaritaet_ueberleben,standard,1,10,4,13,13,30,4,26,true,true,true
match-74b87a37-1414,forschung_muskelkraft,standard,0,6,5,7,10,22,5,17,false,false,false
match-fb6b0979-1415,forschung_muskelkraft,standard,0,9,2,4,4,10,2,8,false,false,false
match-fb6b0979-1415,solidaritaet_ueberleben,standard,1,9,4,18,16,38,4,34,true,false,false
match-409fbc43-1416,forschung_muskelkraft,standard,0,6,4,12,15,31,4,27,false,false,false
match-409fbc43-1416,solidaritaet_ueberleben,standard,1,13,4,17,20,41,4,37,true,true,true
match-c7524b85-1417,forschung_muskelkraft,standard,0,6,4,10,13,27,4,23,false,false,false
match-4e04fac8-1418,solidaritaet_ueberleben,standard,1,6,2,8,10,20,2,18,false,false,false
match-d4b78a0a-1419,solidaritaet_ueberleben,standard,1,6,2,6,9,17,2,15,false,false,false
match-d4b78a0a-1419,forschung_muskelkraft,standard,0,6,4,11,12,27,4,23,true,false,false
match-5b6a394d-1420,solidaritaet_ueberleben,standard,1,6,3,12,15,30,3,27,true,false,false
match-5b6a394d-1420,forschung_muskelkraft,standard,0,11,4,7,10,21,4,17,false,false,false
match-e21cc88f-1421,forschung_muskelkraft,standard,0,9,3,7,7,17,3,14,true,true,true
match-68cf77d2-1422,solidaritaet_ueberleben,standard,1,6,3,12,13,28,3,25,true,false,false
match-68cf77d2-1422,forschung_muskelkraft,standard,0,6,5,9,12,26,5,21,false,false,false
match-ef820714-1423,solidaritaet_ueberleben,standard,1,6,2,9,10,21,2,19,false,false,false
match-ef820714-1423,forschung_muskelkraft,standard,0,6,3,9,10,22,3,19,true,false,false
match-0b0aa22f-1424,forschung_muskelkraft,standard,0,7,3,11,10,24,3,21,true,false,false
match-91bd5171-1425,solidaritaet_ueberleben,standard,1,6,3,12,15,30,3,27,true,false,false
match-91bd5171-1425,forschung_muskelkraft,standard,0,7,2,5,9,16,2,14,false,false,false
match-9f228ff6-1427,solidaritaet_ueberleben,standard,1,7,3,15,15,33,3,30,true,true,true
match-25d53f39-1428,solidaritaet_ueberleben,standard,1,6,3,12,12,27,3,24,false,false,false
match-25d53f39-1428,forschung_muskelkraft,standard,0,6,4,9,11,24,4,20,true,false,false
match-ac87ce7b-1429,solidaritaet_ueberleben,standard,1,6,3,11,14,28,3,25,false,false,false
match-333a7dbe-1430,forschung_muskelkraft,standard,0,6,5,13,10,28,5,23,false,false,false
match-333a7dbe-1430,solidaritaet_ueberleben,standard,1,11,5,23,31,59,5,54,true,false,false
match-b9ed0d00-1431,forschung_muskelkraft,standard,0,6,5,15,18,38,5,33,true,false,false
match-b9ed0d00-1431,solidaritaet_ueberleben,standard,1,9,5,25,26,56,5,51,false,false,false
match-abc9b06b-1432,forschung_muskelkraft,standard,0,7,5,11,13,29,5,24,false,false,false
match-abc9b06b-1432,solidaritaet_ueberleben,standard,1,9,5,10,15,30,5,25,true,true,true
match-b92eeef0-1434,solidaritaet_ueberleben,standard,1,6,3,11,14,28,3,25,true,false,false
match-b92eeef0-1434,forschung_muskelkraft,standard,0,6,5,14,14,33,5,28,false,false,false
match-3fe19e33-1435,solidaritaet_ueberleben,standard,1,6,3,10,15,28,3,25,true,false,false
match-3fe19e33-1435,forschung_muskelkraft,standard,0,6,5,12,17,34,5,29,false,false,false
match-c6942d75-1436,solidaritaet_ueberleben,standard,1,8,4,0,0,4,4,0,false,false,false
match-c6942d75-1436,forschung_muskelkraft,standard,0,10,5,9,12,26,5,21,true,true,true
match-4d46dcb8-1437,solidaritaet_ueberleben,standard,1,8,4,0,0,4,4,0,false,false,false
match-4d46dcb8-1437,forschung_muskelkraft,standard,0,8,4,12,15,31,4,27,true,false,false
match-d3f96bfa-1438,solidaritaet_ueberleben,standard,1,6,3,13,13,29,3,26,false,false,false
match-d3f96bfa-1438,forschung_muskelkraft,standard,0,10,5,17,22,44,5,39,true,false,true
match-5aac1b3d-1439,forschung_muskelkraft,standard,0,6,4,13,16,33,4,29,true,false,false
match-7634b657-1440,forschung_muskelkraft,standard,0,6,3,10,12,25,3,22,true,false,true
match-fce74599-1441,forschung_muskelkraft,standard,0,6,4,7,6,17,4,13,false,false,false
match-fce74599-1441,solidaritaet_ueberleben,standard,1,7,5,20,22,47,5,42,true,false,false
match-8399f4dc-1442,forschung_muskelkraft,standard,0,6,5,9,8,22,5,17,true,false,false
match-0a4c841f-1443,solidaritaet_ueberleben,standard,1,6,3,11,15,29,3,26,true,false,false
match-0a4c841f-1443,forschung_muskelkraft,standard,0,6,4,12,13,29,4,25,false,false,false
match-90ff3361-1444,forschung_muskelkraft,standard,0,6,4,15,13,32,4,28,true,true,true
match-17b1c2a4-1445,solidaritaet_ueberleben,standard,1,6,2,9,9,20,2,18,true,false,true
match-17b1c2a4-1445,forschung_muskelkraft,standard,0,6,4,16,21,41,4,37,false,false,false
match-9e6471e6-1446,solidaritaet_ueberleben,standard,1,6,4,14,16,34,4,30,true,false,false
match-9e6471e6-1446,forschung_muskelkraft,standard,0,6,4,8,11,23,4,19,false,false,false
match-25170129-1447,solidaritaet_ueberleben,standard,1,6,1,5,5,11,1,10,false,false,false
match-25170129-1447,forschung_muskelkraft,standard,0,7,3,11,14,28,3,25,true,false,false
match-6a4bb3f2-1448,forschung_muskelkraft,standard,0,6,3,11,10,24,3,21,false,false,false
match-6a4bb3f2-1448,solidaritaet_ueberleben,standard,1,11,5,30,33,68,5,63,true,false,false
match-f0fe4334-1449,solidaritaet_ueberleben,standard,1,6,2,6,11,19,2,17,false,false,false
match-fe6381b9-1451,forschung_muskelkraft,standard,0,6,2,6,8,16,2,14,true,false,false
match-851630fc-1452,solidaritaet_ueberleben,standard,1,6,3,10,15,28,3,25,true,false,false
match-0bc8c03f-1453,solidaritaet_ueberleben,standard,1,6,2,8,9,19,2,17,false,false,false
match-0bc8c03f-1453,forschung_muskelkraft,standard,0,7,3,10,12,25,3,22,true,false,false
match-927b6f81-1454,forschung_muskelkraft,standard,0,6,4,11,14,29,4,25,true,true,true
match-192e1ec4-1455,forschung_muskelkraft,standard,0,6,4,16,18,38,4,34,true,false,false
match-34b6b9de-1456,forschung_muskelkraft,standard,0,6,4,18,19,41,4,37,false,false,false
match-34b6b9de-1456,solidaritaet_ueberleben,standard,1,8,4,18,26,48,4,44,false,false,false
match-bb694920-1457,forschung_muskelkraft,standard,0,6,4,10,13,27,4,23,false,false,false
match-421bf863-1458,solidaritaet_ueberleben,standard,1,6,4,13,16,33,4,29,false,false,false
match-421bf863-1458,forschung_muskelkraft,standard,0,9,4,10,13,27,4,23,true,false,false
match-c8ce87a5-1459,forschung_muskelkraft,standard,0,6,5,19,20,44,5,39,true,false,false
match-c8ce87a5-1459,solidaritaet_ueberleben,standard,1,7,5,19,24,48,5,43,false,false,false
match-4f8136e8-1460,forschung_muskelkraft,standard,0,10,3,8,8,19,3,16,true,true,true
match-d633c62a-1461,forschung_muskelkraft,standard,0,6,4,10,13,27,4,23,true,false,false
match-5ce6756d-1462,forschung_muskelkraft,standard,0,6,5,8,13,26,5,21,false,false,false
match-e39904af-1463,forschung_muskelkraft,standard,0,6,5,5,5,15,5,10,true,false,false
match-d575a81a-1464,solidaritaet_ueberleben,standard,1,6,3,10,12,25,3,22,true,false,true
match-d575a81a-1464,forschung_muskelkraft,standard,0,6,4,4,6,14,4,10,false,false,false
match-5c28575d-1465,forschung_muskelkraft,standard,0,6,3,11,11,25,3,22,true,false,true
match-e2dae69f-1466,solidaritaet_ueberleben,standard,1,6,2,8,8,18,2,16,false,false,false
match-e2dae69f-1466,forschung_muskelkraft,standard,0,6,4,11,19,34,4,30,true,false,false
match-698d95e2-1467,forschung_muskelkraft,standard,0,10,3,11,13,27,3,24,true,false,false
match-698d95e2-1467,solidaritaet_ueberleben,standard,1,12,5,0,0,5,5,0,false,false,false
match-f0402524-1468,forschung_muskelkraft,standard,0,6,3,11,13,27,3,24,true,false,false
match-f0402524-1468,solidaritaet_ueberleben,standard,1,8,3,15,18,36,3,33,false,false,false
match-76f2d467-1469,solidaritaet_ueberleben,standard,1,6,3,11,14,28,3,25,false,false,false
match-76f2d467-1469,forschung_muskelkraft,standard,0,9,3,9,10,22,3,19,true,true,true
match-fda563a9-1470,forschung_muskelkraft,standard,0,6,4,10,6,20,4,16,false,false,false
match-fda563a9-1470,solidaritaet_ueberleben,standard,1,13,5,17,20,42,5,37,false,false,false
match-845812ec-1471,forschung_muskelkraft,standard,0,7,4,10,14,28,4,24,true,false,false
match-9fe0ae06-1472,forschung_muskelkraft,standard,0,6,5,14,16,35,5,30,true,false,false
match-9fe0ae06-1472,solidaritaet_ueberleben,standard,1,11,5,23,26,54,5,49,false,false,false
match-26935d49-1473,forschung_muskelkraft,standard,0,6,3,11,14,28,3,25,true,true,true
match-ad45ec8b-1474,solidaritaet_ueberleben,standard,1,6,2,9,10,21,2,19,false,false,false
match-ad45ec8b-1474,forschung_muskelkraft,standard,0,6,5,13,19,37,5,32,true,false,false
match-33f89bce-1475,forschung_muskelkraft,standard,0,6,4,16,17,37,4,33,true,true,true
match-baab2b10-1476,solidaritaet_ueberleben,standard,1,6,2,9,10,21,2,19,true,false,false
match-baab2b10-1476,forschung_muskelkraft,standard,0,8,5,13,14,32,5,27,false,false,false
match-415dda53-1477,solidaritaet_ueberleben,standard,1,7,4,18,25,47,4,43,false,false,false
match-415dda53-1477,forschung_muskelkraft,standard,0,12,5,19,23,47,5,42,true,false,false
match-4ec318d8-1479,solidaritaet_ueberleben,standard,1,6,3,12,13,28,3,25,false,false,false
match-4ec318d8-1479,forschung_muskelkraft,standard,0,8,5,16,19,40,5,35,true,false,false
match-93f7aba1-1480,forschung_muskelkraft,standard,0,6,5,9,13,27,5,22,true,false,false
match-93f7aba1-1480,solidaritaet_ueberleben,standard,1,13,5,0,0,5,5,0,false,false,false
match-1aaa5ae4-1481,forschung_muskelkraft,standard,0,6,2,8,10,20,2,18,true,false,false
match-a15cea26-1482,forschung_muskelkraft,standard,0,9,3,9,8,20,3,17,true,false,false
match-a15cea26-1482,solidaritaet_ueberleben,standard,1,10,3,14,24,41,3,38,false,false,false
match-280f9969-1483,solidaritaet_ueberleben,standard,1,6,3,10,13,26,3,23,false,false,false
match-280f9969-1483,forschung_muskelkraft,standard,0,6,5,11,14,30,5,25,false,false,false
match-aec228ab-1484,solidaritaet_ueberleben,standard,1,6,4,16,15,35,4,31,true,false,false
match-aec228ab-1484,forschung_muskelkraft,standard,0,6,3,5,6,14,3,11,false,false,false
match-3574d7ee-1485,solidaritaet_ueberleben,standard,1,6,2,8,9,19,2,17,false,false,false
match-3574d7ee-1485,forschung_muskelkraft,standard,0,6,2,8,10,20,2,18,true,false,false
match-bc276730-1486,solidaritaet_ueberleben,standard,1,6,1,5,6,12,1,11,true,true,true
match-42da1673-1487,forschung_muskelkraft,standard,0,8,5,15,17,37,5,32,false,false,false
match-42da1673-1487,solidaritaet_ueberleben,standard,1,12,4,4,6,14,4,10,true,false,false
match-5e62b18d-1488,forschung_muskelkraft,standard,0,11,1,5,6,12,1,11,true,true,true
match-e51540cf-1489,forschung_muskelkraft,standard,0,7,3,7,10,20,3,17,false,false,false
match-e51540cf-1489,solidaritaet_ueberleben,standard,1,12,5,10,10,25,5,20,true,false,true
match-6bc7f012-1490,solidaritaet_ueberleben,standard,1,6,3,9,15,27,3,24,false,false,false
match-6bc7f012-1490,forschung_muskelkraft,standard,0,7,4,11,16,31,4,27,false,false,false
match-f27a9f54-1491,forschung_muskelkraft,standard,0,6,4,15,15,34,4,30,true,false,false
match-f27a9f54-1491,solidaritaet_ueberleben,standard,1,7,5,21,26,52,5,47,false,false,false
match-792d2e97-1492,solidaritaet_ueberleben,standard,1,6,3,11,16,30,3,27,true,false,true
match-ffdfddd9-1493,solidaritaet_ueberleben,standard,1,6,3,11,14,28,3,25,false,false,false
match-ffdfddd9-1493,forschung_muskelkraft,standard,0,7,3,12,14,29,3,26,true,false,false
match-86926d1c-1494,solidaritaet_ueberleben,standard,1,6,3,11,9,23,3,20,false,false,false
match-0d451c5f-1495,forschung_muskelkraft,standard,0,8,5,15,19,39,5,34,false,false,false
match-0d451c5f-1495,solidaritaet_ueberleben,standard,1,9,5,24,29,58,5,53,true,false,false
match-ff21bfc9-1496,solidaritaet_ueberleben,standard,1,6,2,5,8,15,2,13,false,false,false
match-85d44f0c-1497,solidaritaet_ueberleben,standard,1,7,4,18,25,47,4,43,false,false,false
match-0c86fe4f-1498,solidaritaet_ueberleben,standard,1,6,3,13,15,31,3,28,true,false,true
match-0c86fe4f-1498,forschung_muskelkraft,standard,0,6,4,4,6,14,4,10,false,false,false
match-93398d91-1499,solidaritaet_ueberleben,standard,1,7,5,22,27,54,5,49,true,false,false
match-93398d91-1499,forschung_muskelkraft,standard,0,9,4,8,16,28,4,24,false,false,false
match-a723813a-1500,forschung_muskelkraft,standard,0,8,5,13,10,28,5,23,true,false,false
match-2070f1f8-1501,forschung_muskelkraft,standard,0,6,2,7,6,15,2,13,true,false,false
match-99be42b5-1502,forschung_muskelkraft,standard,0,7,5,13,19,37,5,32,true,false,true
match-130bb373-1503,forschung_muskelkraft,standard,0,7,5,21,22,48,5,43,true,false,false
match-c1ee1e44-1504,forschung_muskelkraft,standard,0,6,3,9,11,23,3,20,true,false,false
match-3b3b6f02-1505,solidaritaet_ueberleben,standard,1,6,4,15,20,39,4,35,false,false,false
match-3b3b6f02-1505,forschung_muskelkraft,standard,0,12,4,8,7,19,4,15,true,false,false
match-b488dfbf-1506,forschung_muskelkraft,standard,0,7,4,12,16,32,4,28,true,true,true
match-2dd6307d-1507,forschung_muskelkraft,standard,0,6,3,11,12,26,3,23,true,false,false
match-2dd6307d-1507,solidaritaet_ueberleben,standard,1,7,4,15,20,39,4,35,false,false,false
match-718e8726-1508,forschung_muskelkraft,standard,0,6,4,5,4,13,4,9,false,false,false
match-718e8726-1508,solidaritaet_ueberleben,standard,1,6,3,13,14,30,3,27,true,false,false
match-eadbf7e3-1509,forschung_muskelkraft,standard,0,6,3,8,9,20,3,17,false,false,false
match-eadbf7e3-1509,solidaritaet_ueberleben,standard,1,6,3,12,17,32,3,29,true,false,false
match-642948a1-1510,forschung_muskelkraft,standard,0,6,3,5,4,12,3,9,false,false,false
match-642948a1-1510,solidaritaet_ueberleben,standard,1,12,5,25,24,54,5,49,true,false,false
match-dd76b95e-1511,solidaritaet_ueberleben,standard,1,8,5,6,7,18,5,13,true,false,false
match-8c590430-1512,forschung_muskelkraft,standard,0,6,2,6,8,16,2,14,true,false,false
match-8c590430-1512,solidaritaet_ueberleben,standard,1,7,2,9,11,22,2,20,false,false,false
match-05a674ee-1513,solidaritaet_ueberleben,standard,1,6,4,18,18,40,4,36,true,false,false
match-05a674ee-1513,forschung_muskelkraft,standard,0,10,4,17,19,40,4,36,false,false,false
match-f8413668-1515,solidaritaet_ueberleben,standard,1,6,2,10,11,23,2,21,false,false,false
match-f8413668-1515,forschung_muskelkraft,standard,0,7,4,19,25,48,4,44,true,false,false
match-8b9ae620-1517,forschung_muskelkraft,standard,0,7,5,9,10,24,5,19,true,false,false
match-04e856de-1518,forschung_muskelkraft,standard,0,6,4,4,5,13,4,9,true,false,false
match-7e35a79b-1519,forschung_muskelkraft,standard,0,9,5,14,18,37,5,32,false,false,false
match-7e35a79b-1519,solidaritaet_ueberleben,standard,1,13,5,22,25,52,5,47,true,false,true
match-2d18126d-1520,forschung_muskelkraft,standard,0,6,3,5,4,12,3,9,false,false,false
match-a665632a-1521,forschung_muskelkraft,standard,0,6,2,6,4,12,2,10,true,false,true
match-1fb2d3e8-1522,solidaritaet_ueberleben,standard,1,6,4,17,22,43,4,39,true,false,false
match-1fb2d3e8-1522,forschung_muskelkraft,standard,0,7,3,11,14,28,3,25,false,false,false
match-990024a5-1523,forschung_muskelkraft,standard,0,7,3,15,16,34,3,31,true,true,true
match-dcb89b4e-1524,forschung_muskelkraft,standard,0,6,4,7,12,23,4,19,true,false,false
match-dcb89b4e-1524,solidaritaet_ueberleben,standard,1,6,4,15,17,36,4,32,false,false,false
match-5605ec0c-1525,forschung_muskelkraft,standard,0,6,3,9,10,22,3,19,false,false,false
match-5605ec0c-1525,solidaritaet_ueberleben,standard,1,9,4,16,22,42,4,38,true,false,false
match-cf535cc9-1526,forschung_muskelkraft,standard,0,6,4,10,13,27,4,23,true,false,false
match-cf535cc9-1526,solidaritaet_ueberleben,standard,1,6,2,7,10,19,2,17,false,false,false
match-48a0ad87-1527,solidaritaet_ueberleben,standard,1,6,3,12,14,29,3,26,false,false,false
match-48a0ad87-1527,forschung_muskelkraft,standard,0,9,4,5,5,14,4,10,true,false,false
match-f7831858-1528,forschung_muskelkraft,standard,0,6,4,9,10,23,4,19,false,false,false
match-f7831858-1528,solidaritaet_ueberleben,standard,1,8,4,19,25,48,4,44,true,false,false
match-70d06916-1529,forschung_muskelkraft,standard,0,6,3,8,9,20,3,17,false,false,false
match-70d06916-1529,solidaritaet_ueberleben,standard,1,6,4,15,19,38,4,34,true,false,false
match-ea1dd9d3-1530,solidaritaet_ueberleben,standard,1,6,4,18,23,45,4,41,true,false,false
match-ea1dd9d3-1530,forschung_muskelkraft,standard,0,10,4,12,14,30,4,26,false,false,false
match-d0cf98e9-1532,solidaritaet_ueberleben,standard,1,6,4,17,18,39,4,35,true,false,false
match-d0cf98e9-1532,forschung_muskelkraft,standard,0,8,5,6,8,19,5,14,false,false,false
match-4a1ce9a7-1533,solidaritaet_ueberleben,standard,1,6,5,19,18,42,5,37,true,false,true
match-c36a5a64-1534,forschung_muskelkraft,standard,0,10,1,4,4,9,1,8,true,true,true
match-3cb7ab22-1535,solidaritaet_ueberleben,standard,1,6,2,10,11,23,2,21,false,false,false
match-3cb7ab22-1535,forschung_muskelkraft,standard,0,7,5,20,23,48,5,43,true,false,false
match-eb9a15f3-1536,forschung_muskelkraft,standard,0,7,4,8,9,21,4,17,true,false,false
match-eb9a15f3-1536,solidaritaet_ueberleben,standard,1,8,5,0,0,5,5,0,false,false,false
match-64e766b1-1537,forschung_muskelkraft,standard,0,6,4,12,12,28,4,24,true,false,false
match-64e766b1-1537,solidaritaet_ueberleben,standard,1,8,4,20,25,49,4,45,false,false,false
match-de34d76e-1538,solidaritaet_ueberleben,standard,1,6,5,20,20,45,5,40,true,false,false
match-de34d76e-1538,forschung_muskelkraft,standard,0,7,4,14,21,39,4,35,false,false,false
match-9b3a9ed5-1540,forschung_muskelkraft,standard,0,6,3,10,8,21,3,18,false,false,false
match-9b3a9ed5-1540,solidaritaet_ueberleben,standard,1,6,4,15,18,37,4,33,true,false,false
match-1487ef93-1541,forschung_muskelkraft,standard,0,6,2,5,4,11,2,9,true,false,false
match-1487ef93-1541,solidaritaet_ueberleben,standard,1,9,5,16,24,45,5,40,false,false,false
match-8dd54050-1542,solidaritaet_ueberleben,standard,1,6,2,9,12,23,2,21,true,false,false
match-8dd54050-1542,forschung_muskelkraft,standard,0,7,5,4,6,15,5,10,false,false,false
match-0722b10e-1543,forschung_muskelkraft,standard,0,6,3,8,10,21,3,18,false,false,false
match-0722b10e-1543,solidaritaet_ueberleben,standard,1,6,4,16,21,41,4,37,true,false,false
match-b6051bdf-1544,forschung_muskelkraft,standard,0,6,3,12,15,30,3,27,false,false,false
match-b6051bdf-1544,solidaritaet_ueberleben,standard,1,6,3,12,16,31,3,28,false,false,false
match-a89fdd5a-1546,forschung_muskelkraft,standard,0,6,1,3,4,8,1,7,false,false,false
match-a89fdd5a-1546,solidaritaet_ueberleben,standard,1,13,5,26,30,61,5,56,true,true,true
match-21ed2e18-1547,forschung_muskelkraft,standard,0,7,4,10,13,27,4,23,true,false,false
match-21ed2e18-1547,solidaritaet_ueberleben,standard,1,8,5,20,22,47,5,42,false,false,false
match-3bf98d12-1548,forschung_muskelkraft,standard,0,8,4,16,18,38,4,34,true,false,false
match-b546fdcf-1549,forschung_muskelkraft,standard,0,6,3,10,10,23,3,20,true,false,false
match-2e944e8d-1550,forschung_muskelkraft,standard,0,6,3,3,4,10,3,7,false,false,false
match-2e944e8d-1550,solidaritaet_ueberleben,standard,1,6,4,14,15,33,4,29,true,false,false
match-a7e1bf4a-1551,forschung_muskelkraft,standard,0,6,3,4,4,11,3,8,false,false,false
match-a7e1bf4a-1551,solidaritaet_ueberleben,standard,1,6,5,19,22,46,5,41,true,false,true
match-56c40a1c-1552,forschung_muskelkraft,standard,0,6,1,4,4,9,1,8,true,false,false
match-56c40a1c-1552,solidaritaet_ueberleben,standard,1,6,3,11,14,28,3,25,false,false,false
match-d0117ad9-1553,solidaritaet_ueberleben,standard,1,6,5,19,21,45,5,40,true,false,false
match-d0117ad9-1553,forschung_muskelkraft,standard,0,11,5,19,20,44,5,39,false,false,false
match-495ecb97-1554,forschung_muskelkraft,standard,0,7,1,5,6,12,1,11,false,false,false
match-c2ac3c54-1555,forschung_muskelkraft,standard,0,6,4,11,13,28,4,24,true,false,false
match-c2ac3c54-1555,solidaritaet_ueberleben,standard,1,14,5,6,7,18,5,13,false,false,false
match-066492fe-1556,solidaritaet_ueberleben,standard,1,7,3,14,16,33,3,30,true,false,false
match-7fb1e3bb-1557,forschung_muskelkraft,standard,0,6,2,7,6,15,2,13,false,false,false
match-7fb1e3bb-1557,solidaritaet_ueberleben,standard,1,6,4,15,17,36,4,32,true,false,false
match-724ca536-1559,forschung_muskelkraft,standard,0,6,3,9,11,23,3,20,false,false,false
match-724ca536-1559,solidaritaet_ueberleben,standard,1,6,3,13,16,32,3,29,true,false,false
match-212f1008-1560,solidaritaet_ueberleben,standard,1,6,4,17,21,42,4,38,true,false,false
match-9a7c60c5-1561,solidaritaet_ueberleben,standard,1,10,4,19,30,53,4,49,false,false,false
match-9a7c60c5-1561,forschung_muskelkraft,standard,0,11,3,13,18,34,3,31,true,false,false
match-13c9d183-1562,forschung_muskelkraft,standard,0,11,2,9,10,21,2,19,false,false,false
match-13c9d183-1562,solidaritaet_ueberleben,standard,1,12,5,5,6,16,5,11,false,false,false
match-8d172240-1563,forschung_muskelkraft,standard,0,6,2,7,8,17,2,15,false,false,false
match-8d172240-1563,solidaritaet_ueberleben,standard,1,6,4,16,22,42,4,38,true,false,false
match-53cb91dc-1564,solidaritaet_ueberleben,standard,1,7,4,17,23,44,4,40,true,false,true
match-cd18e299-1565,forschung_muskelkraft,standard,0,10,5,24,27,56,5,51,true,false,false
match-46665357-1566,solidaritaet_ueberleben,standard,1,6,5,20,21,46,5,41,true,false,false
match-46665357-1566,forschung_muskelkraft,standard,0,9,5,13,14,32,5,27,false,false,false
match-bfb3a414-1567,forschung_muskelkraft,standard,0,6,5,5,6,16,5,11,false,false,false
match-6e960ee6-1568,solidaritaet_ueberleben,standard,1,9,3,15,16,34,3,31,false,false,false
match-6e960ee6-1568,forschung_muskelkraft,standard,0,11,3,10,12,25,3,22,true,false,false
match-e7e37fa3-1569,solidaritaet_ueberleben,standard,1,6,3,12,16,31,3,28,false,false,false
match-e7e37fa3-1569,forschung_muskelkraft,standard,0,9,5,4,4,13,5,8,true,true,true
match-6130d061-1570,forschung_muskelkraft,standard,0,6,3,9,16,28,3,25,false,false,false
match-6130d061-1570,solidaritaet_ueberleben,standard,1,6,2,9,12,23,2,21,true,false,false
match-da7e211e-1571,forschung_muskelkraft,standard,0,6,2,4,4,10,2,8,false,false,false
match-9783e885-1573,forschung_muskelkraft,standard,0,6,4,7,11,22,4,18,true,false,false
match-9783e885-1573,solidaritaet_ueberleben,standard,1,11,3,0,0,3,3,0,false,false,false
match-10d15943-1574,solidaritaet_ueberleben,standard,1,6,4,19,22,45,4,41,true,false,false
match-390114d2-1576,forschung_muskelkraft,standard,0,6,4,14,14,32,4,28,false,false,false
match-b24e658f-1577,forschung_muskelkraft,standard,0,7,3,6,4,13,3,10,true,false,false
match-2b9bd64d-1578,forschung_muskelkraft,standard,0,6,3,7,7,17,3,14,true,false,false
match-a4e9270a-1579,forschung_muskelkraft,standard,0,6,3,7,10,20,3,17,false,false,false
match-a4e9270a-1579,solidaritaet_ueberleben,standard,1,7,2,9,12,23,2,21,true,false,false
match-bef58604-1580,forschung_muskelkraft,standard,0,10,3,12,14,29,3,26,true,false,false
match-bef58604-1580,solidaritaet_ueberleben,standard,1,15,4,17,15,36,4,32,false,false,false
match-3842f6c2-1581,solidaritaet_ueberleben,standard,1,6,3,13,16,32,3,29,true,false,true
match-b190477f-1582,solidaritaet_ueberleben,standard,1,6,4,13,15,32,4,28,true,false,false
match-b190477f-1582,forschung_muskelkraft,standard,0,8,5,14,14,33,5,28,false,false,false
match-2addb83d-1583,forschung_muskelkraft,standard,0,6,2,5,7,14,2,12,false,false,false
match-2addb83d-1583,solidaritaet_ueberleben,standard,1,8,5,22,30,57,5,52,true,true,true
match-cc5ac489-1586,forschung_muskelkraft,standard,0,10,1,5,6,12,1,11,true,true,true
match-45a83547-1587,forschung_muskelkraft,standard,0,6,4,5,8,17,4,13,false,false,false
match-89608bf0-1588,forschung_muskelkraft,standard,0,6,1,4,4,9,1,8,false,false,false
match-89608bf0-1588,solidaritaet_ueberleben,standard,1,6,5,17,20,42,5,37,true,false,false
match-02adfcae-1589,forschung_muskelkraft,standard,0,6,3,9,8,20,3,17,false,false,false
match-02adfcae-1589,solidaritaet_ueberleben,standard,1,10,5,23,34,62,5,57,true,true,true
match-7bfb4d6b-1590,forschung_muskelkraft,standard,0,6,3,7,11,21,3,18,false,false,false
match-7bfb4d6b-1590,solidaritaet_ueberleben,standard,1,6,5,17,19,41,5,36,true,false,false
match-a42b08fa-1592,forschung_muskelkraft,standard,0,6,2,7,10,19,2,17,false,false,false
match-a42b08fa-1592,solidaritaet_ueberleben,standard,1,6,3,11,18,32,3,29,true,false,false
match-1d7879b8-1593,solidaritaet_ueberleben,standard,1,6,4,18,23,45,4,41,true,false,false
match-96c5ca75-1594,forschung_muskelkraft,standard,0,6,1,4,4,9,1,8,true,false,false
match-10133b33-1595,solidaritaet_ueberleben,standard,1,9,4,19,22,45,4,41,false,false,false
match-7d77898b-1596,forschung_muskelkraft,standard,0,7,5,12,14,31,5,26,true,true,true
match-f6c4fa48-1597,solidaritaet_ueberleben,standard,1,6,3,14,17,34,3,31,false,false,false
match-f6c4fa48-1597,forschung_muskelkraft,standard,0,7,5,14,19,38,5,33,true,false,false
match-70124b06-1598,forschung_muskelkraft,standard,0,6,3,10,15,28,3,25,false,false,false
match-70124b06-1598,solidaritaet_ueberleben,standard,1,11,4,15,23,42,4,38,false,false,false
match-e95fbbc3-1599,forschung_muskelkraft,standard,0,9,4,14,17,35,4,31,true,false,false
match-98420695-1600,forschung_muskelkraft,standard,0,8,3,10,11,24,3,21,true,false,true
match-118f7753-1601,forschung_muskelkraft,standard,0,6,3,4,4,11,3,8,false,false,false
match-118f7753-1601,solidaritaet_ueberleben,standard,1,6,4,15,16,35,4,31,true,false,false
match-042a38ce-1603,solidaritaet_ueberleben,standard,1,9,5,29,31,65,5,60,false,false,false
match-042a38ce-1603,forschung_muskelkraft,standard,0,11,5,8,13,26,5,21,false,false,false
match-47e28f77-1604,forschung_muskelkraft,standard,0,6,2,8,8,18,2,16,true,false,false
match-47e28f77-1604,solidaritaet_ueberleben,standard,1,6,4,16,20,40,4,36,false,false,false
match-c12fe034-1605,solidaritaet_ueberleben,standard,1,10,5,20,25,50,5,45,false,false,false
match-c12fe034-1605,forschung_muskelkraft,standard,0,12,4,18,22,44,4,40,true,false,false
match-3a7d50f2-1606,forschung_muskelkraft,standard,0,6,2,3,2,7,2,5,false,false,false
match-3a7d50f2-1606,solidaritaet_ueberleben,standard,1,9,5,22,24,51,5,46,false,false,false
match-b3caa1af-1607,forschung_muskelkraft,standard,0,8,3,3,2,8,3,5,false,false,false
match-b3caa1af-1607,solidaritaet_ueberleben,standard,1,9,5,25,30,60,5,55,true,false,false
match-62ad0c81-1608,solidaritaet_ueberleben,standard,1,6,3,14,16,33,3,30,false,false,false
match-62ad0c81-1608,forschung_muskelkraft,standard,0,8,5,6,8,19,5,14,true,false,false
match-ce953eb9-1611,solidaritaet_ueberleben,standard,1,6,3,14,16,33,3,30,false,false,false
match-ce953eb9-1611,forschung_muskelkraft,standard,0,8,5,17,25,47,5,42,true,false,false
match-e8a19db3-1612,solidaritaet_ueberleben,standard,1,10,5,30,39,74,5,69,true,false,false
match-e8a19db3-1612,forschung_muskelkraft,standard,0,12,3,7,9,19,3,16,false,false,false
match-61eeee71-1613,solidaritaet_ueberleben,standard,1,7,3,12,17,32,3,29,true,false,false
match-61eeee71-1613,forschung_muskelkraft,standard,0,7,5,6,8,19,5,14,false,false,false
match-db3c5f2e-1614,forschung_muskelkraft,standard,0,6,4,6,11,21,4,17,true,false,false
match-5489afec-1615,solidaritaet_ueberleben,standard,1,10,4,15,13,32,4,28,false,false,false
match-5489afec-1615,forschung_muskelkraft,standard,0,11,5,12,19,36,5,31,true,false,false
match-036c1abe-1616,forschung_muskelkraft,standard,0,6,1,3,5,9,1,8,true,true,true
match-7cb96b7b-1617,forschung_muskelkraft,standard,0,8,5,10,15,30,5,25,false,false,false
match-7cb96b7b-1617,solidaritaet_ueberleben,standard,1,14,5,6,6,17,5,12,true,false,false
match-f606dc38-1618,solidaritaet_ueberleben,standard,1,7,3,14,20,37,3,34,false,false,false
match-f606dc38-1618,forschung_muskelkraft,standard,0,8,4,13,18,35,4,31,false,false,false
match-6f542cf6-1619,forschung_muskelkraft,standard,0,6,4,11,19,34,4,30,false,false,false
match-b30c839f-1620,forschung_muskelkraft,standard,0,7,4,14,16,34,4,30,true,false,false
match-b30c839f-1620,solidaritaet_ueberleben,standard,1,13,4,15,18,37,4,33,false,false,false
match-a5a7451a-1622,forschung_muskelkraft,standard,0,7,4,7,10,21,4,17,false,false,false
match-1ef4b5d8-1623,forschung_muskelkraft,standard,0,6,2,5,10,17,2,15,true,false,false
match-1ef4b5d8-1623,solidaritaet_ueberleben,standard,1,6,2,7,10,19,2,17,false,false,false
match-cdd700a9-1624,solidaritaet_ueberleben,standard,1,6,4,17,22,43,4,39,true,false,true
match-47247167-1625,forschung_muskelkraft,standard,0,6,4,10,11,25,4,21,true,false,false
match-c071c224-1626,solidaritaet_ueberleben,standard,1,6,3,13,14,30,3,27,true,false,true
match-39bf32e2-1627,forschung_muskelkraft,standard,0,6,3,10,15,28,3,25,true,false,false
match-39bf32e2-1627,solidaritaet_ueberleben,standard,1,6,3,12,17,32,3,29,false,false,false
match-4dd39ff7-1628,forschung_muskelkraft,standard,0,6,2,7,6,15,2,13,true,false,false
match-4dd39ff7-1628,solidaritaet_ueberleben,standard,1,7,3,11,15,29,3,26,false,false,false
match-c720f0b4-1629,forschung_muskelkraft,standard,0,6,4,9,12,25,4,21,true,false,false
match-406e4172-1630,solidaritaet_ueberleben,standard,1,6,4,18,23,45,4,41,false,false,false
match-406e4172-1630,forschung_muskelkraft,standard,0,7,4,15,17,36,4,32,true,false,false
match-b9bbb22f-1631,forschung_muskelkraft,standard,0,6,1,3,5,9,1,8,false,false,false
match-689e1d01-1632,forschung_muskelkraft,standard,0,7,4,22,26,52,4,48,true,false,false
match-e1eb6dbe-1633,forschung_muskelkraft,standard,0,6,3,5,2,10,3,7,false,false,false
match-e1eb6dbe-1633,solidaritaet_ueberleben,standard,1,6,4,12,18,34,4,30,false,false,false
match-5b38de7c-1634,forschung_muskelkraft,standard,0,7,4,10,8,22,4,18,true,false,false
match-5b38de7c-1634,solidaritaet_ueberleben,standard,1,8,5,22,27,54,5,49,false,false,false
match-d4862f39-1635,forschung_muskelkraft,standard,0,9,4,11,13,28,4,24,true,false,true
match-183e85e3-1636,solidaritaet_ueberleben,standard,1,6,4,18,23,45,4,41,true,false,true
match-918bf6a0-1637,forschung_muskelkraft,standard,0,6,3,3,5,11,3,8,true,false,false
match-0ad9475e-1638,forschung_muskelkraft,standard,0,7,5,6,8,19,5,14,true,false,true
match-8426b81b-1639,solidaritaet_ueberleben,standard,1,7,4,18,23,45,4,41,true,true,true
match-330902ed-1640,forschung_muskelkraft,standard,0,7,5,9,10,24,5,19,true,false,false
match-ac5673aa-1641,forschung_muskelkraft,standard,0,6,1,3,5,9,1,8,false,false,false
match-ac5673aa-1641,solidaritaet_ueberleben,standard,1,6,2,7,10,19,2,17,true,false,false
match-25a3c468-1642,forschung_muskelkraft,standard,0,6,3,6,4,13,3,10,true,false,true
match-9ef13525-1643,solidaritaet_ueberleben,standard,1,6,4,19,22,45,4,41,false,false,false
match-9ef13525-1643,forschung_muskelkraft,standard,0,8,5,12,13,30,5,25,true,false,false
match-b8fd941f-1644,forschung_muskelkraft,standard,0,6,3,8,12,23,3,20,true,false,false
match-324ae4dd-1645,forschung_muskelkraft,standard,0,6,4,8,8,20,4,16,true,false,false
match-ab98559a-1646,forschung_muskelkraft,standard,0,6,3,9,8,20,3,17,true,false,false
match-d3c81129-1648,solidaritaet_ueberleben,standard,1,6,5,6,7,18,5,13,false,false,false
match-d3c81129-1648,forschung_muskelkraft,standard,0,7,5,13,15,33,5,28,false,false,false
match-4d1561e7-1649,forschung_muskelkraft,standard,0,8,4,18,21,43,4,39,true,false,false
match-4d1561e7-1649,solidaritaet_ueberleben,standard,1,13,5,5,6,16,5,11,false,false,false
match-c662d2a4-1650,forschung_muskelkraft,standard,0,6,4,9,6,19,4,15,false,false,false
match-c662d2a4-1650,solidaritaet_ueberleben,standard,1,6,3,11,16,30,3,27,true,false,false
match-83689a0b-1652,solidaritaet_ueberleben,standard,1,6,3,12,13,28,3,25,true,false,false
match-83689a0b-1652,forschung_muskelkraft,standard,0,8,5,18,22,45,5,40,false,false,false
match-fcb5eac8-1653,solidaritaet_ueberleben,standard,1,8,5,25,29,59,5,54,false,false,false
match-fcb5eac8-1653,forschung_muskelkraft,standard,0,9,3,13,16,32,3,29,false,false,false
match-76035b86-1654,solidaritaet_ueberleben,standard,1,6,4,18,21,43,4,39,false,false,false
match-76035b86-1654,forschung_muskelkraft,standard,0,8,5,14,19,38,5,33,false,false,false
match-ef50ac43-1655,forschung_muskelkraft,standard,0,6,3,5,9,17,3,14,true,true,true
match-9e331715-1656,solidaritaet_ueberleben,standard,1,6,4,17,19,40,4,36,true,false,false
match-9e331715-1656,forschung_muskelkraft,standard,0,8,4,14,21,39,4,35,false,false,false
match-178067d3-1657,forschung_muskelkraft,standard,0,6,3,7,6,16,3,13,false,false,false
match-90cdd890-1658,forschung_muskelkraft,standard,0,10,1,2,2,5,1,4,false,false,false
match-90cdd890-1658,solidaritaet_ueberleben,standard,1,10,5,25,33,63,5,58,true,false,true
match-0a1b294e-1659,solidaritaet_ueberleben,standard,1,6,5,21,25,51,5,46,false,false,false
match-0a1b294e-1659,forschung_muskelkraft,standard,0,8,5,17,19,41,5,36,true,false,false
match-f0cce863-1661,forschung_muskelkraft,standard,0,7,3,11,11,25,3,22,true,true,true
match-6a1a5921-1662,forschung_muskelkraft,standard,0,6,1,4,4,9,1,8,false,false,false
match-6a1a5921-1662,solidaritaet_ueberleben,standard,1,6,5,19,22,46,5,41,true,false,true
match-e367a9de-1663,forschung_muskelkraft,standard,0,6,4,0,0,4,4,0,false,false,false
match-924a14b0-1664,forschung_muskelkraft,standard,0,6,4,6,6,16,4,12,false,false,false
match-924a14b0-1664,solidaritaet_ueberleben,standard,1,6,3,12,14,29,3,26,true,false,false
match-0b97656e-1665,solidaritaet_ueberleben,standard,1,6,4,15,15,34,4,30,false,false,false
match-0b97656e-1665,forschung_muskelkraft,standard,0,7,5,17,22,44,5,39,true,false,false
match-84e4d62b-1666,forschung_muskelkraft,standard,0,6,2,5,6,13,2,11,false,false,false
match-84e4d62b-1666,solidaritaet_ueberleben,standard,1,8,5,20,22,47,5,42,true,false,true
match-fe3226e8-1667,forschung_muskelkraft,standard,0,6,4,9,15,28,4,24,false,false,false
match-fe3226e8-1667,solidaritaet_ueberleben,standard,1,10,5,21,32,58,5,53,true,true,true
match-41ea9d92-1668,forschung_muskelkraft,standard,0,8,2,4,4,10,2,8,true,false,true
match-34855f0d-1670,forschung_muskelkraft,standard,0,6,2,8,10,20,2,18,true,false,false
match-34855f0d-1670,solidaritaet_ueberleben,standard,1,6,4,14,21,39,4,35,false,false,false
match-add2afca-1671,forschung_muskelkraft,standard,0,7,5,6,11,22,5,17,true,true,true
match-5cb51a9c-1672,solidaritaet_ueberleben,standard,1,6,4,15,19,38,4,34,true,false,false
match-5cb51a9c-1672,forschung_muskelkraft,standard,0,9,5,18,26,49,5,44,false,false,false
match-4f4fdc17-1674,solidaritaet_ueberleben,standard,1,6,3,14,15,32,3,29,false,false,false
match-4f4fdc17-1674,forschung_muskelkraft,standard,0,12,2,5,6,13,2,11,true,false,false
match-c89d2cd4-1675,solidaritaet_ueberleben,standard,1,6,5,18,19,42,5,37,true,false,true
match-e2a98bce-1676,forschung_muskelkraft,standard,0,6,4,8,8,20,4,16,false,false,false
match-e2a98bce-1676,solidaritaet_ueberleben,standard,1,13,4,8,9,21,4,17,true,false,true
match-5bf6fc8c-1677,forschung_muskelkraft,standard,0,6,1,4,4,9,1,8,false,false,false
match-5bf6fc8c-1677,solidaritaet_ueberleben,standard,1,6,5,17,20,42,5,37,true,false,false
match-d5444d49-1678,forschung_muskelkraft,standard,0,6,1,3,5,9,1,8,true,false,false
match-d5444d49-1678,solidaritaet_ueberleben,standard,1,6,3,11,12,26,3,23,false,false,false
match-4e91be07-1679,forschung_muskelkraft,standard,0,6,3,6,4,13,3,10,false,false,false
match-4e91be07-1679,solidaritaet_ueberleben,standard,1,10,5,22,27,54,5,49,true,false,false
match-76c17996-1681,forschung_muskelkraft,standard,0,9,5,4,5,14,5,9,false,false,false
match-76c17996-1681,solidaritaet_ueberleben,standard,1,10,5,14,15,34,5,29,false,false,false
match-f00eca53-1682,solidaritaet_ueberleben,standard,1,6,2,8,10,20,2,18,true,true,true
match-695c3b11-1683,solidaritaet_ueberleben,standard,1,9,4,0,0,4,4,0,false,false,false
match-695c3b11-1683,forschung_muskelkraft,standard,0,9,5,12,14,31,5,26,false,false,false
match-2661e278-1685,forschung_muskelkraft,standard,0,6,2,5,4,11,2,9,true,false,false
match-2661e278-1685,solidaritaet_ueberleben,standard,1,13,5,22,20,47,5,42,false,false,false
match-9faf5335-1686,forschung_muskelkraft,standard,0,6,5,3,4,12,5,7,false,false,false
match-9faf5335-1686,solidaritaet_ueberleben,standard,1,7,3,13,15,31,3,28,true,false,false
match-18fca3f3-1687,forschung_muskelkraft,standard,0,7,4,12,14,30,4,26,true,true,true
match-c7df0ec4-1688,solidaritaet_ueberleben,standard,1,6,5,22,24,51,5,46,true,false,false
match-c7df0ec4-1688,forschung_muskelkraft,standard,0,12,3,5,5,13,3,10,false,false,false
match-412c7f82-1689,forschung_muskelkraft,standard,0,8,4,15,19,38,4,34,false,false,false
match-412c7f82-1689,solidaritaet_ueberleben,standard,1,8,5,21,25,51,5,46,true,false,false
match-ba79d03f-1690,solidaritaet_ueberleben,standard,1,6,4,16,20,40,4,36,false,false,false
match-33c720fd-1691,solidaritaet_ueberleben,standard,1,6,4,15,18,37,4,33,false,false,false
match-33c720fd-1691,forschung_muskelkraft,standard,0,8,5,18,23,46,5,41,true,false,false
match-fa7b9098-1692,forschung_muskelkraft,standard,0,6,3,4,9,16,3,13,false,false,false
match-73c8e156-1693,solidaritaet_ueberleben,standard,1,6,3,11,13,27,3,24,true,false,false
match-ed165213-1694,forschung_muskelkraft,standard,0,6,2,8,9,19,2,17,true,false,false
match-ed165213-1694,solidaritaet_ueberleben,standard,1,11,4,19,22,45,4,41,false,false,false
match-6663a2d1-1695,solidaritaet_ueberleben,standard,1,6,3,14,17,34,3,31,true,false,false
match-6663a2d1-1695,forschung_muskelkraft,standard,0,13,5,8,8,21,5,16,false,false,false
match-15460da3-1696,solidaritaet_ueberleben,standard,1,6,4,17,22,43,4,39,true,false,false
match-8e937e60-1697,forschung_muskelkraft,standard,0,6,2,5,7,14,2,12,true,true,true
match-07e0cf1e-1698,solidaritaet_ueberleben,standard,1,7,2,11,11,24,2,22,false,false,false
match-07e0cf1e-1698,forschung_muskelkraft,standard,0,10,5,14,20,39,5,34,true,false,false
match-812e3fdb-1699,forschung_muskelkraft,standard,0,6,3,2,2,7,3,4,false,false,false
match-812e3fdb-1699,solidaritaet_ueberleben,standard,1,8,5,23,30,58,5,53,true,true,true
match-c4e69684-1700,forschung_muskelkraft,standard,0,6,4,9,8,21,4,17,true,false,false
match-b78157ff-1702,forschung_muskelkraft,standard,0,6,2,2,4,8,2,6,true,false,true
match-30cea8bd-1703,forschung_muskelkraft,standard,0,6,2,6,6,14,2,12,true,false,false
match-dfb1138e-1704,forschung_muskelkraft,standard,0,6,5,12,19,36,5,31,true,false,true
match-58fe644c-1705,forschung_muskelkraft,standard,0,6,4,3,4,11,4,7,true,false,false
match-58fe644c-1705,solidaritaet_ueberleben,standard,1,10,4,14,17,35,4,31,false,false,false
match-d24bd509-1706,forschung_muskelkraft,standard,0,10,1,3,2,6,1,5,true,true,true
match-4b9925c7-1707,forschung_muskelkraft,standard,0,8,3,5,6,14,3,11,false,false,false
match-65a584c1-1708,forschung_muskelkraft,standard,0,8,5,16,15,36,5,31,false,false,false
match-65a584c1-1708,solidaritaet_ueberleben,standard,1,10,5,11,11,27,5,22,false,false,false
match-5840463c-1710,solidaritaet_ueberleben,standard,1,10,5,20,25,50,5,45,true,false,false
match-d18db6f9-1711,forschung_muskelkraft,standard,0,6,4,1,0,5,4,1,false,false,false
match-d18db6f9-1711,solidaritaet_ueberleben,standard,1,6,4,16,21,41,4,37,true,false,false
match-807001cb-1712,solidaritaet_ueberleben,standard,1,6,4,13,16,33,4,29,true,false,false
match-807001cb-1712,forschung_muskelkraft,standard,0,7,5,7,8,20,5,15,false,false,false
match-730ac346-1714,forschung_muskelkraft,standard,0,6,2,6,6,14,2,12,false,false,false
match-730ac346-1714,solidaritaet_ueberleben,standard,1,10,5,16,23,44,5,39,true,true,true
match-ec583403-1715,solidaritaet_ueberleben,standard,1,6,3,11,12,26,3,23,true,false,true
match-30108aad-1716,forschung_muskelkraft,standard,0,6,2,3,2,7,2,5,true,true,true
match-a95dfb6a-1717,solidaritaet_ueberleben,standard,1,6,3,12,16,31,3,28,true,false,false
match-22ab4c28-1718,solidaritaet_ueberleben,standard,1,6,4,17,19,40,4,36,true,false,false
match-22ab4c28-1718,forschung_muskelkraft,standard,0,8,3,13,16,32,3,29,false,false,false
match-9bf8bce5-1719,forschung_muskelkraft,standard,0,6,2,5,4,11,2,9,false,false,false
match-9bf8bce5-1719,solidaritaet_ueberleben,standard,1,6,3,11,14,28,3,25,false,false,false
match-4adb07b7-1720,forschung_muskelkraft,standard,0,7,3,14,16,33,3,30,true,true,true
match-c4287874-1721,solidaritaet_ueberleben,standard,1,8,5,21,24,50,5,45,true,false,false
match-c4287874-1721,forschung_muskelkraft,standard,0,9,5,7,11,23,5,18,false,false,false
match-3d75c932-1722,forschung_muskelkraft,standard,0,8,3,7,13,23,3,20,false,false,false
match-3d75c932-1722,solidaritaet_ueberleben,standard,1,12,5,22,24,51,5,46,true,true,true
match-b6c339ef-1723,forschung_muskelkraft,standard,0,6,4,5,4,13,4,9,false,false,false
match-b6c339ef-1723,solidaritaet_ueberleben,standard,1,6,3,13,16,32,3,29,true,false,false
match-24278848-1724,forschung_muskelkraft,standard,0,6,3,7,4,14,3,11,false,false,false
match-9d74f905-1725,solidaritaet_ueberleben,standard,1,6,4,16,17,37,4,33,true,false,true
match-16c249c3-1726,solidaritaet_ueberleben,standard,1,6,4,15,19,38,4,34,false,false,false
match-16c249c3-1726,forschung_muskelkraft,standard,0,8,5,12,15,32,5,27,false,false,false
match-900fba80-1727,solidaritaet_ueberleben,standard,1,6,4,16,21,41,4,37,true,false,false
match-900fba80-1727,forschung_muskelkraft,standard,0,7,5,8,10,23,5,18,false,false,false
match-3ef20552-1728,solidaritaet_ueberleben,standard,1,10,4,10,10,24,4,20,true,false,false
match-3ef20552-1728,forschung_muskelkraft,standard,0,11,5,12,14,31,5,26,false,false,false
match-b83f760f-1729,solidaritaet_ueberleben,standard,1,8,5,25,32,62,5,57,true,false,false
match-b83f760f-1729,forschung_muskelkraft,standard,0,10,5,12,17,34,5,29,false,false,false
match-318cc6cd-1730,solidaritaet_ueberleben,standard,1,6,4,18,20,42,4,38,true,false,false
match-318cc6cd-1730,forschung_muskelkraft,standard,0,7,4,10,13,27,4,23,false,false,false
match-ee928e33-1732,forschung_muskelkraft,standard,0,9,4,15,15,34,4,30,false,false,false
match-e12d4fae-1734,forschung_muskelkraft,standard,0,7,4,15,19,38,4,34,true,false,false
match-5a7aa06c-1735,solidaritaet_ueberleben,standard,1,6,4,18,18,40,4,36,false,false,false
match-5a7aa06c-1735,forschung_muskelkraft,standard,0,11,5,19,24,48,5,43,true,true,true
match-095d0b3e-1736,forschung_muskelkraft,standard,0,6,3,8,11,22,3,19,true,false,false
match-82aa7bfb-1737,forschung_muskelkraft,standard,0,6,4,11,12,27,4,23,false,false,false
match-82aa7bfb-1737,solidaritaet_ueberleben,standard,1,7,2,9,12,23,2,21,true,false,false
match-fbf7ccb8-1738,forschung_muskelkraft,standard,0,6,3,11,13,27,3,24,false,false,false
match-8f519c70-1740,forschung_muskelkraft,standard,0,6,2,6,4,12,2,10,false,false,false
match-8f519c70-1740,solidaritaet_ueberleben,standard,1,7,4,15,19,38,4,34,true,false,true
match-089eed2e-1741,solidaritaet_ueberleben,standard,1,10,5,28,31,64,5,59,false,false,false
match-089eed2e-1741,forschung_muskelkraft,standard,0,12,2,7,11,20,2,18,true,false,false
match-81ec5deb-1742,solidaritaet_ueberleben,standard,1,6,3,13,17,33,3,30,false,false,false
match-81ec5deb-1742,forschung_muskelkraft,standard,0,7,5,18,21,44,5,39,true,false,false
match-aa1c197a-1744,forschung_muskelkraft,standard,0,6,4,8,10,22,4,18,false,false,false
match-aa1c197a-1744,solidaritaet_ueberleben,standard,1,6,4,15,20,39,4,35,true,false,false
match-23696a38-1745,solidaritaet_ueberleben,standard,1,6,5,19,21,45,5,40,true,false,false
match-23696a38-1745,forschung_muskelkraft,standard,0,8,5,16,23,44,5,39,false,false,false
match-9cb6daf5-1746,forschung_muskelkraft,standard,0,6,4,4,4,12,4,8,false,false,false
match-9cb6daf5-1746,solidaritaet_ueberleben,standard,1,7,3,13,16,32,3,29,true,false,false
match-16042bb3-1747,forschung_muskelkraft,standard,0,6,3,4,4,11,3,8,false,false,false
match-59bc825c-1748,forschung_muskelkraft,standard,0,7,4,7,9,20,4,16,true,false,false
match-59bc825c-1748,solidaritaet_ueberleben,standard,1,11,4,0,0,4,4,0,false,false,false
match-d309f319-1749,forschung_muskelkraft,standard,0,6,3,8,10,21,3,18,false,false,false
match-d309f319-1749,solidaritaet_ueberleben,standard,1,6,4,13,15,32,4,28,true,false,true
match-4c5743d7-1750,solidaritaet_ueberleben,standard,1,6,4,15,15,34,4,30,false,false,false
match-4c5743d7-1750,forschung_muskelkraft,standard,0,7,4,14,16,34,4,30,true,false,false
match-c5a4b494-1751,solidaritaet_ueberleben,standard,1,6,4,17,19,40,4,36,false,false,false
match-c5a4b494-1751,forschung_muskelkraft,standard,0,11,4,9,10,23,4,19,true,false,false
match-74871f66-1752,forschung_muskelkraft,standard,0,6,4,11,15,30,4,26,true,false,false
match-edd47023-1753,forschung_muskelkraft,standard,0,6,2,2,5,9,2,7,false,false,false
match-6721c0e1-1754,forschung_muskelkraft,standard,0,6,4,6,10,20,4,16,false,false,false
match-6721c0e1-1754,solidaritaet_ueberleben,standard,1,6,3,13,15,31,3,28,true,false,false
match-e06f319e-1755,forschung_muskelkraft,standard,0,7,5,11,12,28,5,23,false,false,false
match-e06f319e-1755,solidaritaet_ueberleben,standard,1,10,5,0,0,5,5,0,true,false,false
match-f4839eb3-1756,solidaritaet_ueberleben,standard,1,8,4,18,25,47,4,43,false,false,false
match-f4839eb3-1756,forschung_muskelkraft,standard,0,9,5,15,25,45,5,40,true,false,false
match-6dd0ef71-1757,solidaritaet_ueberleben,standard,1,6,5,22,25,52,5,47,true,false,false
match-6dd0ef71-1757,forschung_muskelkraft,standard,0,7,5,9,12,26,5,21,false,false,false
match-e71e402e-1758,solidaritaet_ueberleben,standard,1,6,4,18,23,45,4,41,true,false,true
match-606bb0ec-1759,forschung_muskelkraft,standard,0,7,4,3,6,13,4,9,false,false,false
match-0f4e1bbe-1760,forschung_muskelkraft,standard,0,6,3,12,14,29,3,26,false,false,false
match-0f4e1bbe-1760,solidaritaet_ueberleben,standard,1,6,3,11,15,29,3,26,true,false,false
match-889b6c7b-1761,forschung_muskelkraft,standard,0,6,3,5,4,12,3,9,true,false,false
match-889b6c7b-1761,solidaritaet_ueberleben,standard,1,8,5,18,22,45,5,40,false,false,false
match-01e8dd39-1762,solidaritaet_ueberleben,standard,1,6,4,18,20,42,4,38,false,false,false
match-01e8dd39-1762,forschung_muskelkraft,standard,0,7,4,14,17,35,4,31,true,false,false
match-7b362df6-1763,solidaritaet_ueberleben,standard,1,6,4,17,20,41,4,37,true,false,false
match-beee849f-1764,solidaritaet_ueberleben,standard,1,6,3,14,17,34,3,31,false,false,false
match-beee849f-1764,forschung_muskelkraft,standard,0,8,5,9,11,25,5,20,true,false,true
match-383bf55d-1765,forschung_muskelkraft,standard,0,9,4,14,16,34,4,30,true,false,false
match-383bf55d-1765,solidaritaet_ueberleben,standard,1,13,5,0,0,5,5,0,false,false,false
match-b189461a-1766,solidaritaet_ueberleben,standard,1,6,3,14,16,33,3,30,false,false,false
match-b189461a-1766,forschung_muskelkraft,standard,0,8,4,11,14,29,4,25,true,false,false
match-2ad6b6d8-1767,forschung_muskelkraft,standard,0,6,4,8,11,23,4,19,false,false,false
match-d9b901a9-1768,forschung_muskelkraft,standard,0,8,4,9,9,22,4,18,true,false,false
match-53067267-1769,forschung_muskelkraft,standard,0,6,4,1,2,7,4,3,false,false,false
match-53067267-1769,solidaritaet_ueberleben,standard,1,8,5,21,28,54,5,49,true,true,true
match-cc53c324-1770,solidaritaet_ueberleben,standard,1,6,4,15,22,41,4,37,true,false,false
match-cc53c324-1770,forschung_muskelkraft,standard,0,10,5,10,12,27,5,22,false,false,false
match-45a133e2-1771,forschung_muskelkraft,standard,0,6,2,5,7,14,2,12,true,false,false
match-45a133e2-1771,solidaritaet_ueberleben,standard,1,6,4,15,24,43,4,39,false,false,false
match-d8fae399-1773,forschung_muskelkraft,standard,0,6,3,7,13,23,3,20,true,false,false
match-52485457-1774,forschung_muskelkraft,standard,0,6,5,4,3,12,5,7,false,false,false
match-f3c560a3-1777,forschung_muskelkraft,standard,0,6,2,5,4,11,2,9,false,false,false
match-f3c560a3-1777,solidaritaet_ueberleben,standard,1,6,3,12,17,32,3,29,true,false,false
match-6d12d161-1778,forschung_muskelkraft,standard,0,9,5,7,7,19,5,14,true,false,false
match-e660221e-1779,solidaritaet_ueberleben,standard,1,6,3,14,15,32,3,29,false,false,false
match-e660221e-1779,forschung_muskelkraft,standard,0,7,5,13,19,37,5,32,true,false,false
match-a365e985-1781,solidaritaet_ueberleben,standard,1,6,4,16,23,43,4,39,true,true,true
match-1cb35a43-1782,solidaritaet_ueberleben,standard,1,6,5,6,7,18,5,13,true,false,true
match-44e315d2-1784,solidaritaet_ueberleben,standard,1,6,4,17,18,39,4,35,true,false,true
match-be30668f-1785,solidaritaet_ueberleben,standard,1,6,3,14,15,32,3,29,false,false,false
match-be30668f-1785,forschung_muskelkraft,standard,0,7,5,9,11,25,5,20,true,false,false
match-377dd74d-1786,forschung_muskelkraft,standard,0,12,3,6,7,16,3,13,false,false,false
match-377dd74d-1786,solidaritaet_ueberleben,standard,1,14,5,16,18,39,5,34,true,true,true
match-b0cb280a-1787,forschung_muskelkraft,standard,0,6,2,7,6,15,2,13,true,false,false
match-1e2f9663-1788,forschung_muskelkraft,standard,0,8,3,12,14,29,3,26,true,false,false
match-1e2f9663-1788,solidaritaet_ueberleben,standard,1,11,5,26,26,57,5,52,false,false,false
match-977ce720-1789,forschung_muskelkraft,standard,0,6,3,9,10,22,3,19,true,false,false
match-10ca57de-1790,solidaritaet_ueberleben,standard,1,6,4,9,12,25,4,21,false,false,false
match-8a17a89b-1791,solidaritaet_ueberleben,standard,1,7,2,9,15,26,2,24,false,false,false
match-8a17a89b-1791,forschung_muskelkraft,standard,0,7,5,10,13,28,5,23,true,false,false
match-b247642a-1793,forschung_muskelkraft,standard,0,6,1,4,4,9,1,8,true,true,true
match-a4e225a5-1795,forschung_muskelkraft,standard,0,6,4,7,9,20,4,16,false,false,false
match-e89a9c4e-1796,forschung_muskelkraft,standard,0,6,3,5,7,15,3,12,false,false,false
match-61e7ed0c-1797,forschung_muskelkraft,standard,0,8,3,8,10,21,3,18,false,false,false
match-61e7ed0c-1797,solidaritaet_ueberleben,standard,1,13,4,0,0,4,4,0,true,false,false
match-db355dc9-1798,forschung_muskelkraft,standard,0,6,1,4,4,9,1,8,false,false,false
match-db355dc9-1798,solidaritaet_ueberleben,standard,1,6,4,17,20,41,4,37,true,false,false
match-03651959-1800,solidaritaet_ueberleben,standard,1,6,3,14,17,34,3,31,false,false,false
match-03651959-1800,forschung_muskelkraft,standard,0,7,4,19,24,47,4,43,true,false,false
match-7cb26a16-1801,forschung_muskelkraft,standard,0,6,3,8,10,21,3,18,true,false,false
match-7cb26a16-1801,solidaritaet_ueberleben,standard,1,8,4,19,25,48,4,44,false,false,false
match-f5ffdad3-1802,solidaritaet_ueberleben,standard,1,6,5,23,22,50,5,45,false,false,false
match-f5ffdad3-1802,forschung_muskelkraft,standard,0,9,5,18,22,45,5,40,true,false,false
match-6f4d2b91-1803,solidaritaet_ueberleben,standard,1,6,3,13,17,33,3,30,false,false,false
match-6f4d2b91-1803,forschung_muskelkraft,standard,0,8,4,16,22,42,4,38,true,false,false
match-89598a8b-1804,solidaritaet_ueberleben,standard,1,6,4,14,18,36,4,32,false,false,false
match-89598a8b-1804,forschung_muskelkraft,standard,0,9,5,10,13,28,5,23,true,false,true
match-02a6fb49-1805,forschung_muskelkraft,standard,0,6,2,5,4,11,2,9,false,false,false
match-02a6fb49-1805,solidaritaet_ueberleben,standard,1,6,4,16,18,38,4,34,true,false,false
match-7bf44c06-1806,forschung_muskelkraft,standard,0,8,3,9,12,24,3,21,false,false,false
match-7bf44c06-1806,solidaritaet_ueberleben,standard,1,10,5,24,24,53,5,48,false,false,false
match-f541bcc3-1807,forschung_muskelkraft,standard,0,6,3,9,8,20,3,17,false,false,false
match-f541bcc3-1807,solidaritaet_ueberleben,standard,1,6,4,17,21,42,4,38,true,false,true
match-a4240795-1808,forschung_muskelkraft,standard,0,8,5,10,9,24,5,19,false,false,false
match-1d717853-1809,solidaritaet_ueberleben,standard,1,6,3,13,13,29,3,26,true,false,false
match-1d717853-1809,forschung_muskelkraft,standard,0,12,1,5,6,12,1,11,false,false,false
match-96bec910-1810,forschung_muskelkraft,standard,0,8,3,4,5,12,3,9,false,false,false
match-96bec910-1810,solidaritaet_ueberleben,standard,1,14,5,20,23,48,5,43,true,false,true
match-100c39ce-1811,forschung_muskelkraft,standard,0,6,4,9,13,26,4,22,true,false,false
match-100c39ce-1811,solidaritaet_ueberleben,standard,1,7,3,12,16,31,3,28,false,false,false
match-53c49077-1812,solidaritaet_ueberleben,standard,1,6,4,18,20,42,4,38,false,false,false
match-53c49077-1812,forschung_muskelkraft,standard,0,7,5,14,20,39,5,34,false,false,false
match-465f51f2-1814,forschung_muskelkraft,standard,0,6,4,5,7,16,4,12,true,false,false
match-465f51f2-1814,solidaritaet_ueberleben,standard,1,10,5,24,31,60,5,55,false,false,false
match-bfaca2af-1815,forschung_muskelkraft,standard,0,10,5,14,11,30,5,25,true,true,true
match-6e8f0d81-1816,forschung_muskelkraft,standard,0,6,2,5,8,15,2,13,false,false,false
match-6e8f0d81-1816,solidaritaet_ueberleben,standard,1,10,5,20,28,53,5,48,true,false,false
match-e7dc7e3e-1817,solidaritaet_ueberleben,standard,1,6,4,17,19,40,4,36,true,false,false
match-e7dc7e3e-1817,forschung_muskelkraft,standard,0,8,5,14,17,36,5,31,false,false,false
match-6129cefc-1818,solidaritaet_ueberleben,standard,1,8,4,19,24,47,4,43,true,false,false
match-6129cefc-1818,forschung_muskelkraft,standard,0,12,3,7,8,18,3,15,false,false,false
match-da773fb9-1819,solidaritaet_ueberleben,standard,1,7,2,11,12,25,2,23,true,false,false
match-da773fb9-1819,forschung_muskelkraft,standard,0,12,2,0,0,2,2,0,false,false,false
match-a12b8f55-1820,forschung_muskelkraft,standard,0,7,3,12,14,29,3,26,true,false,false
match-a12b8f55-1820,solidaritaet_ueberleben,standard,1,10,4,6,6,16,4,12,false,false,false
match-1a78e013-1821,forschung_muskelkraft,standard,0,6,1,4,4,9,1,8,false,false,false
match-1a78e013-1821,solidaritaet_ueberleben,standard,1,6,5,19,20,44,5,39,true,false,false
match-93c650d0-1822,forschung_muskelkraft,standard,0,6,2,5,6,13,2,11,false,false,false
match-93c650d0-1822,solidaritaet_ueberleben,standard,1,6,4,15,22,41,4,37,true,false,true
match-0d13a18e-1823,forschung_muskelkraft,standard,0,6,4,15,17,36,4,32,false,false,false
match-0d13a18e-1823,solidaritaet_ueberleben,standard,1,6,2,9,12,23,2,21,true,false,false
match-bbf60c5f-1824,forschung_muskelkraft,standard,0,6,4,10,11,25,4,21,true,false,false
match-bbf60c5f-1824,solidaritaet_ueberleben,standard,1,6,3,11,16,30,3,27,false,false,false
match-35437d1d-1825,forschung_muskelkraft,standard,0,7,3,15,18,36,3,33,true,false,false
match-35437d1d-1825,solidaritaet_ueberleben,standard,1,8,4,19,28,51,4,47,false,false,false
match-ae90cdda-1826,forschung_muskelkraft,standard,0,6,1,3,5,9,1,8,true,false,false
match-ae90cdda-1826,solidaritaet_ueberleben,standard,1,6,2,8,10,20,2,18,false,false,false
match-27de3e98-1827,forschung_muskelkraft,standard,0,6,3,9,14,26,3,23,false,false,false
match-6b969541-1828,forschung_muskelkraft,standard,0,10,5,10,12,27,5,22,true,true,true
match-e4e3e5fe-1829,forschung_muskelkraft,standard,0,6,3,8,6,17,3,14,true,false,false
match-e4e3e5fe-1829,solidaritaet_ueberleben,standard,1,10,5,24,33,62,5,57,false,false,false
match-d77ea779-1831,forschung_muskelkraft,standard,0,6,1,3,4,8,1,7,true,true,true
match-8661124b-1832,forschung_muskelkraft,standard,0,7,5,12,16,33,5,28,false,false,false
match-8661124b-1832,solidaritaet_ueberleben,standard,1,11,4,18,28,50,4,46,false,false,false
match-ffae6308-1833,solidaritaet_ueberleben,standard,1,6,5,18,23,46,5,41,true,false,true
match-78fbd3c6-1834,solidaritaet_ueberleben,standard,1,8,4,20,25,49,4,45,true,false,false
match-78fbd3c6-1834,forschung_muskelkraft,standard,0,9,4,12,14,30,4,26,false,false,false
match-f2492483-1835,forschung_muskelkraft,standard,0,6,3,3,4,10,3,7,false,false,false
match-f2492483-1835,solidaritaet_ueberleben,standard,1,6,4,16,18,38,4,34,true,false,true
match-0c55837e-1836,forschung_muskelkraft,standard,0,6,4,7,8,19,4,15,true,false,false
match-0c55837e-1836,solidaritaet_ueberleben,standard,1,9,5,0,0,5,5,0,false,false,false
match-85a2f43b-1837,solidaritaet_ueberleben,standard,1,6,3,12,15,30,3,27,false,false,false
match-fef044f8-1838,solidaritaet_ueberleben,standard,1,6,4,17,20,41,4,37,false,false,false
match-fef044f8-1838,forschung_muskelkraft,standard,0,9,5,10,11,26,5,21,false,false,false
match-783db5b6-1839,forschung_muskelkraft,standard,0,6,3,6,8,17,3,14,true,true,true
match-27200088-1840,solidaritaet_ueberleben,standard,1,6,3,14,14,31,3,28,true,true,true
match-a06d7145-1841,solidaritaet_ueberleben,standard,1,7,4,15,21,40,4,36,true,false,false
match-a06d7145-1841,forschung_muskelkraft,standard,0,7,4,12,16,32,4,28,false,false,false
match-19bac203-1842,forschung_muskelkraft,standard,0,6,3,9,9,21,3,18,false,false,false
match-19bac203-1842,solidaritaet_ueberleben,standard,1,8,5,22,26,53,5,48,true,false,false
match-930832c0-1843,forschung_muskelkraft,standard,0,6,4,13,13,30,4,26,false,false,false
match-930832c0-1843,solidaritaet_ueberleben,standard,1,6,3,12,16,31,3,28,false,false,false
match-d6c08969-1844,solidaritaet_ueberleben,standard,1,6,4,16,22,42,4,38,true,false,true
match-500dfa27-1845,forschung_muskelkraft,standard,0,6,3,7,6,16,3,13,false,false,false
match-c95b4ae4-1846,forschung_muskelkraft,standard,0,6,3,6,8,17,3,14,false,false,false
match-c95b4ae4-1846,solidaritaet_ueberleben,standard,1,7,4,16,18,38,4,34,true,false,true
match-42a8bba2-1847,forschung_muskelkraft,standard,0,8,4,13,12,29,4,25,true,false,false
match-42a8bba2-1847,solidaritaet_ueberleben,standard,1,8,2,7,10,19,2,17,false,false,false
match-f18b0673-1848,solidaritaet_ueberleben,standard,1,6,4,15,19,38,4,34,false,false,false
match-f18b0673-1848,forschung_muskelkraft,standard,0,11,5,18,25,48,5,43,false,false,false
match-e425c7ee-1850,forschung_muskelkraft,standard,0,9,5,14,16,35,5,30,false,false,false
match-e425c7ee-1850,solidaritaet_ueberleben,standard,1,10,5,24,31,60,5,55,true,false,false
match-cad78704-1852,forschung_muskelkraft,standard,0,10,3,1,0,4,3,1,true,false,false
match-4424f7c2-1853,solidaritaet_ueberleben,standard,1,6,4,16,20,40,4,36,true,false,false
match-bd72487f-1854,forschung_muskelkraft,standard,0,6,3,8,11,22,3,19,false,false,false
match-e5a2040e-1856,solidaritaet_ueberleben,standard,1,6,4,17,24,45,4,41,false,false,false
match-e5a2040e-1856,forschung_muskelkraft,standard,0,9,5,7,8,20,5,15,true,false,false
match-5eef74cc-1857,solidaritaet_ueberleben,standard,1,11,3,17,16,36,3,33,true,false,false
match-5eef74cc-1857,forschung_muskelkraft,standard,0,11,5,4,6,15,5,10,false,false,false
match-d83cc589-1858,solidaritaet_ueberleben,standard,1,12,5,6,7,18,5,13,false,false,false
match-d83cc589-1858,forschung_muskelkraft,standard,0,13,4,13,16,33,4,29,true,true,true
match-518a3647-1859,forschung_muskelkraft,standard,0,6,2,4,4,10,2,8,false,false,false
match-518a3647-1859,solidaritaet_ueberleben,standard,1,6,4,15,20,39,4,35,true,false,true
match-0e8ffdae-1861,forschung_muskelkraft,standard,0,6,3,9,14,26,3,23,true,false,false
match-87dd4e6b-1862,solidaritaet_ueberleben,standard,1,7,3,14,17,34,3,31,false,false,false
match-87dd4e6b-1862,forschung_muskelkraft,standard,0,10,3,11,14,28,3,25,true,false,false
match-012abf29-1863,forschung_muskelkraft,standard,0,6,2,3,4,9,2,7,false,false,false
match-295a7ab8-1865,forschung_muskelkraft,standard,0,11,5,11,17,33,5,28,false,false,false
match-295a7ab8-1865,solidaritaet_ueberleben,standard,1,12,5,23,30,58,5,53,true,false,false
match-a2a7cb75-1866,forschung_muskelkraft,standard,0,7,5,23,26,54,5,49,true,false,false
match-36019b2d-1868,solidaritaet_ueberleben,standard,1,6,4,17,18,39,4,35,true,false,false
match-36019b2d-1868,forschung_muskelkraft,standard,0,8,4,16,17,37,4,33,false,false,false
match-af4eebea-1869,solidaritaet_ueberleben,standard,1,6,4,16,18,38,4,34,false,false,false
match-af4eebea-1869,forschung_muskelkraft,standard,0,7,5,14,22,41,5,36,true,false,false
match-289c5ca8-1870,solidaritaet_ueberleben,standard,1,7,3,12,18,33,3,30,true,false,false
match-289c5ca8-1870,forschung_muskelkraft,standard,0,10,3,12,14,29,3,26,false,false,false
match-a1e9ad65-1871,forschung_muskelkraft,standard,0,6,3,9,11,23,3,20,false,false,false
match-a1e9ad65-1871,solidaritaet_ueberleben,standard,1,6,3,10,16,29,3,26,true,false,false
match-50cc1837-1872,forschung_muskelkraft,standard,0,13,5,19,26,50,5,45,false,false,false
match-50cc1837-1872,solidaritaet_ueberleben,standard,1,14,5,25,26,56,5,51,false,false,false
match-ca1968f4-1873,forschung_muskelkraft,standard,0,6,3,5,4,12,3,9,true,false,true
match-bcb42a6f-1875,forschung_muskelkraft,standard,0,6,2,7,8,17,2,15,true,false,false
match-bcb42a6f-1875,solidaritaet_ueberleben,standard,1,14,4,10,10,24,4,20,false,false,false
match-79b9f1d6-1877,forschung_muskelkraft,standard,0,6,4,5,4,13,4,9,false,false,false
match-79b9f1d6-1877,solidaritaet_ueberleben,standard,1,6,4,15,17,36,4,32,true,false,false
match-f3074293-1878,forschung_muskelkraft,standard,0,6,3,6,11,20,3,17,false,false,false
match-f3074293-1878,solidaritaet_ueberleben,standard,1,11,5,24,33,62,5,57,true,false,false
match-6c54b351-1879,forschung_muskelkraft,standard,0,6,3,9,8,20,3,17,false,false,false
match-6c54b351-1879,solidaritaet_ueberleben,standard,1,6,4,15,21,40,4,36,true,false,false
match-94846ee0-1881,forschung_muskelkraft,standard,0,10,3,9,8,20,3,17,true,false,false
match-94846ee0-1881,solidaritaet_ueberleben,standard,1,12,4,14,16,34,4,30,false,false,false
match-871f305b-1883,forschung_muskelkraft,standard,0,6,2,5,7,14,2,12,true,false,false
match-9b339d70-1884,forschung_muskelkraft,standard,0,6,2,7,8,17,2,15,true,false,true
match-1480ee2e-1885,forschung_muskelkraft,standard,0,8,2,10,12,24,2,22,false,false,false
match-8dce5eeb-1886,forschung_muskelkraft,standard,0,6,2,7,6,15,2,13,true,false,false
match-8dce5eeb-1886,solidaritaet_ueberleben,standard,1,6,4,15,20,39,4,35,false,false,false
match-071bafa9-1887,forschung_muskelkraft,standard,0,11,5,7,8,20,5,15,true,true,true
match-b5fe1a7a-1888,solidaritaet_ueberleben,standard,1,11,5,30,32,67,5,62,false,false,false
match-b5fe1a7a-1888,forschung_muskelkraft,standard,0,12,4,9,10,23,4,19,true,false,false
match-2f4b6b38-1889,forschung_muskelkraft,standard,0,6,4,10,9,23,4,19,true,false,false
match-2f4b6b38-1889,solidaritaet_ueberleben,standard,1,9,5,23,29,57,5,52,false,false,false
match-a898dbf5-1890,solidaritaet_ueberleben,standard,1,6,4,17,20,41,4,37,false,false,false
match-a898dbf5-1890,forschung_muskelkraft,standard,0,12,4,18,20,42,4,38,false,false,false
match-21e62cb3-1891,forschung_muskelkraft,standard,0,8,2,7,10,19,2,17,true,true,true
match-659e835c-1892,forschung_muskelkraft,standard,0,8,2,10,12,24,2,22,true,false,false
match-deebf419-1893,forschung_muskelkraft,standard,0,6,2,4,6,12,2,10,false,false,false
match-deebf419-1893,solidaritaet_ueberleben,standard,1,6,4,17,19,40,4,36,true,false,false
match-583944d7-1894,solidaritaet_ueberleben,standard,1,6,4,16,20,40,4,36,false,false,false
match-d186b594-1895,solidaritaet_ueberleben,standard,1,9,4,22,25,51,4,47,false,false,false
match-d186b594-1895,forschung_muskelkraft,standard,0,10,5,18,22,45,5,40,true,false,false
match-80690066-1896,forschung_muskelkraft,standard,0,6,4,3,4,11,4,7,true,false,false
match-80690066-1896,solidaritaet_ueberleben,standard,1,6,3,12,15,30,3,27,false,false,false
match-f9b67123-1897,solidaritaet_ueberleben,standard,1,9,5,20,27,52,5,47,false,false,false
match-f9b67123-1897,forschung_muskelkraft,standard,0,11,4,14,18,36,4,32,true,true,true
match-7303c1e1-1898,solidaritaet_ueberleben,standard,1,7,3,14,16,33,3,30,false,false,false
match-7303c1e1-1898,forschung_muskelkraft,standard,0,9,5,18,23,46,5,41,true,false,false
match-ec51329e-1899,forschung_muskelkraft,standard,0,8,3,9,8,20,3,17,true,false,false
match-ec51329e-1899,solidaritaet_ueberleben,standard,1,9,5,20,23,48,5,43,false,false,false
match-065d9199-1900,solidaritaet_ueberleben,standard,1,6,5,21,22,48,5,43,true,false,false
match-065d9199-1900,forschung_muskelkraft,standard,0,7,5,8,14,27,5,22,false,false,false
match-f8f85313-1902,solidaritaet_ueberleben,standard,1,11,3,21,19,43,3,40,false,false,false
match-f8f85313-1902,forschung_muskelkraft,standard,0,12,2,8,10,20,2,18,true,true,true
match-7245a3d1-1903,solidaritaet_ueberleben,standard,1,6,5,21,25,51,5,46,true,false,true
match-21280ea3-1904,solidaritaet_ueberleben,standard,1,6,3,14,15,32,3,29,false,false,false
match-21280ea3-1904,forschung_muskelkraft,standard,0,10,4,13,15,32,4,28,true,false,false
match-9a757f60-1905,forschung_muskelkraft,standard,0,7,3,8,6,17,3,14,true,false,false
match-9a757f60-1905,solidaritaet_ueberleben,standard,1,8,5,23,34,62,5,57,false,false,false
match-4a15e842-1909,solidaritaet_ueberleben,standard,1,7,4,17,18,39,4,35,false,false,false
match-4a15e842-1909,forschung_muskelkraft,standard,0,9,5,16,18,39,5,34,true,false,false
match-c36358ff-1910,solidaritaet_ueberleben,standard,1,6,3,14,17,34,3,31,false,false,false
match-c36358ff-1910,forschung_muskelkraft,standard,0,7,5,18,25,48,5,43,false,false,false
match-eb93148e-1912,forschung_muskelkraft,standard,0,6,4,10,15,29,4,25,true,false,true
match-de2dd609-1914,solidaritaet_ueberleben,standard,1,6,4,16,18,38,4,34,false,false,false
match-577b26c7-1915,solidaritaet_ueberleben,standard,1,8,4,22,26,52,4,48,false,false,false
match-577b26c7-1915,forschung_muskelkraft,standard,0,12,4,4,6,14,4,10,true,false,false
match-c4df951f-1916,forschung_muskelkraft,standard,0,7,3,17,21,41,3,38,false,false,false
match-c4df951f-1916,solidaritaet_ueberleben,standard,1,12,5,16,22,43,5,38,true,false,false
match-3e2ce5dd-1917,forschung_muskelkraft,standard,0,6,4,5,7,16,4,12,true,false,false
match-3e2ce5dd-1917,solidaritaet_ueberleben,standard,1,6,4,17,21,42,4,38,false,false,false
match-b77a569a-1918,forschung_muskelkraft,standard,0,6,3,8,11,22,3,19,false,false,false
match-30c7a758-1919,forschung_muskelkraft,standard,0,6,2,4,2,8,2,6,false,false,false
match-dfaa1229-1920,forschung_muskelkraft,standard,0,6,3,6,6,15,3,12,true,false,false
match-dfaa1229-1920,solidaritaet_ueberleben,standard,1,6,3,12,16,31,3,28,false,false,false
match-58f762e7-1921,solidaritaet_ueberleben,standard,1,11,5,24,26,55,5,50,true,false,false
match-58f762e7-1921,forschung_muskelkraft,standard,0,12,5,11,14,30,5,25,false,false,false
match-d244d3a4-1922,solidaritaet_ueberleben,standard,1,6,2,9,12,23,2,21,false,false,false
match-d244d3a4-1922,forschung_muskelkraft,standard,0,13,4,8,11,23,4,19,false,false,false
match-4b922462-1923,solidaritaet_ueberleben,standard,1,8,3,13,17,33,3,30,true,true,true
match-8f4a9b0b-1924,forschung_muskelkraft,standard,0,6,4,7,11,22,4,18,false,false,false
match-8f4a9b0b-1924,solidaritaet_ueberleben,standard,1,16,4,12,10,26,4,22,false,false,false
match-0897ebc9-1925,forschung_muskelkraft,standard,0,7,5,14,17,36,5,31,false,false,false
match-0897ebc9-1925,solidaritaet_ueberleben,standard,1,8,5,23,33,61,5,56,true,false,false
match-81e55c86-1926,forschung_muskelkraft,standard,0,9,5,16,19,40,5,35,false,false,false
match-81e55c86-1926,solidaritaet_ueberleben,standard,1,10,5,20,28,53,5,48,true,false,true
match-fb32ad43-1927,solidaritaet_ueberleben,standard,1,6,4,18,22,44,4,40,false,false,false
match-fb32ad43-1927,forschung_muskelkraft,standard,0,9,5,7,8,20,5,15,true,false,false
match-aa151815-1928,forschung_muskelkraft,standard,0,6,3,3,5,11,3,8,true,false,true
match-236268d3-1929,forschung_muskelkraft,standard,0,6,3,11,13,27,3,24,false,false,false
match-236268d3-1929,solidaritaet_ueberleben,standard,1,6,3,11,17,31,3,28,true,false,false
match-15fd2a4e-1931,forschung_muskelkraft,standard,0,6,4,10,11,25,4,21,false,false,false
match-15fd2a4e-1931,solidaritaet_ueberleben,standard,1,8,5,24,34,63,5,58,true,true,true
match-30098948-1932,forschung_muskelkraft,standard,0,7,4,12,14,30,4,26,true,false,false
match-30098948-1932,solidaritaet_ueberleben,standard,1,13,4,22,23,49,4,45,false,false,false
match-a956fa05-1933,forschung_muskelkraft,standard,0,6,3,7,9,19,3,16,true,false,false
match-a956fa05-1933,solidaritaet_ueberleben,standard,1,10,5,22,28,55,5,50,false,false,false
match-22a44ac3-1934,forschung_muskelkraft,standard,0,6,3,9,9,21,3,18,true,false,false
match-22a44ac3-1934,solidaritaet_ueberleben,standard,1,6,3,10,19,32,3,29,false,false,false
match-9bf1bb80-1935,forschung_muskelkraft,standard,0,7,4,11,12,27,4,23,false,false,false
match-4ad40652-1936,solidaritaet_ueberleben,standard,1,6,3,13,13,29,3,26,false,false,false
match-4ad40652-1936,forschung_muskelkraft,standard,0,14,2,8,10,20,2,18,true,false,true
match-3d6ec7cd-1938,forschung_muskelkraft,standard,0,6,3,3,5,11,3,8,true,false,false
match-b6bc388a-1939,forschung_muskelkraft,standard,0,6,1,3,5,9,1,8,true,true,true
match-fa748f33-1940,solidaritaet_ueberleben,standard,1,6,3,13,18,34,3,31,true,false,false
match-fa748f33-1940,forschung_muskelkraft,standard,0,8,5,8,11,24,5,19,false,false,false
match-73c1fff1-1941,forschung_muskelkraft,standard,0,6,3,2,5,10,3,7,false,false,false
match-73c1fff1-1941,solidaritaet_ueberleben,standard,1,6,4,16,22,42,4,38,true,false,false
match-ed0f50ae-1942,solidaritaet_ueberleben,standard,1,6,4,14,14,32,4,28,true,false,false
match-ed0f50ae-1942,forschung_muskelkraft,standard,0,8,5,7,8,20,5,15,false,false,false
match-665ca16c-1943,solidaritaet_ueberleben,standard,1,6,5,21,19,45,5,40,true,false,false
match-665ca16c-1943,forschung_muskelkraft,standard,0,7,5,12,13,30,5,25,false,false,false
match-8e8c7cfb-1945,forschung_muskelkraft,standard,0,6,2,5,6,13,2,11,false,false,false
match-8e8c7cfb-1945,solidaritaet_ueberleben,standard,1,6,5,20,21,46,5,41,true,false,false
match-07d9cdb9-1946,solidaritaet_ueberleben,standard,1,6,2,8,10,20,2,18,false,false,false
match-07d9cdb9-1946,forschung_muskelkraft,standard,0,9,5,10,14,29,5,24,true,false,false
match-81273e76-1947,solidaritaet_ueberleben,standard,1,6,5,6,7,18,5,13,true,false,false
match-81273e76-1947,forschung_muskelkraft,standard,0,8,5,16,19,40,5,35,false,false,false
match-47db8e12-1948,forschung_muskelkraft,standard,0,6,2,5,4,11,2,9,true,false,false
match-c128fecf-1949,forschung_muskelkraft,standard,0,6,3,6,6,15,3,12,false,false,false
match-c128fecf-1949,solidaritaet_ueberleben,standard,1,6,4,15,16,35,4,31,true,false,false
match-3a764f8d-1950,forschung_muskelkraft,standard,0,11,4,15,14,33,4,29,true,true,true
match-b3c3a04a-1951,forschung_muskelkraft,standard,0,6,4,8,7,19,4,15,true,false,false
match-b3c3a04a-1951,solidaritaet_ueberleben,standard,1,6,3,12,15,30,3,27,false,false,false
match-62a60b1c-1952,forschung_muskelkraft,standard,0,6,2,5,7,14,2,12,true,false,false
match-62a60b1c-1952,solidaritaet_ueberleben,standard,1,8,5,22,26,53,5,48,false,false,false
match-dbf37bd9-1953,solidaritaet_ueberleben,standard,1,7,4,17,23,44,4,40,true,false,true
match-5540cc97-1954,forschung_muskelkraft,standard,0,7,5,11,18,34,5,29,true,false,false
match-124693fe-1956,forschung_muskelkraft,standard,0,6,2,5,4,11,2,9,false,false,false
match-124693fe-1956,solidaritaet_ueberleben,standard,1,11,4,10,15,29,4,25,true,false,false
match-8b93e4bb-1957,solidaritaet_ueberleben,standard,1,6,4,18,23,45,4,41,true,false,false
match-8b93e4bb-1957,forschung_muskelkraft,standard,0,13,5,16,18,39,5,34,false,false,false
match-04e15579-1958,forschung_muskelkraft,standard,0,8,3,6,6,15,3,12,true,false,false
match-7e2ea636-1959,forschung_muskelkraft,standard,0,6,4,3,2,9,4,5,false,false,false
match-2d111108-1960,solidaritaet_ueberleben,standard,1,7,3,12,17,32,3,29,true,true,true
match-a65e61c5-1961,forschung_muskelkraft,standard,0,6,1,3,5,9,1,8,false,false,false
match-a65e61c5-1961,solidaritaet_ueberleben,standard,1,6,2,9,12,23,2,21,false,false,false
match-1fabd283-1962,forschung_muskelkraft,standard,0,6,5,5,7,17,5,12,false,false,false
match-1fabd283-1962,solidaritaet_ueberleben,standard,1,7,3,13,16,32,3,29,true,false,false
match-98f92340-1963,forschung_muskelkraft,standard,0,6,2,6,10,18,2,16,false,false,false
match-98f92340-1963,solidaritaet_ueberleben,standard,1,6,3,11,15,29,3,26,true,false,false
match-b305823a-1964,forschung_muskelkraft,standard,0,7,3,11,14,28,3,25,true,true,true
match-2c52f2f8-1965,forschung_muskelkraft,standard,0,6,1,4,4,9,1,8,false,false,false
match-2c52f2f8-1965,solidaritaet_ueberleben,standard,1,6,4,15,20,39,4,35,true,false,false
match-1eedb473-1967,forschung_muskelkraft,standard,0,7,5,22,29,56,5,51,true,false,false
match-1eedb473-1967,solidaritaet_ueberleben,standard,1,8,5,24,26,55,5,50,false,false,false
match-cdd01f44-1968,solidaritaet_ueberleben,standard,1,6,5,21,25,51,5,46,true,false,false
match-471d7002-1969,solidaritaet_ueberleben,standard,1,6,4,17,24,45,4,41,false,false,false
match-471d7002-1969,forschung_muskelkraft,standard,0,7,5,16,19,40,5,35,true,false,false
match-39b8317d-1971,forschung_muskelkraft,standard,0,6,3,6,11,20,3,17,false,false,false
match-39b8317d-1971,solidaritaet_ueberleben,standard,1,6,4,15,18,37,4,33,true,false,true
match-7d708826-1972,forschung_muskelkraft,standard,0,6,4,3,5,12,4,8,false,false,false
match-7d708826-1972,solidaritaet_ueberleben,standard,1,6,4,14,15,33,4,29,true,false,false
match-f6bdf8e3-1973,forschung_muskelkraft,standard,0,6,3,0,0,3,3,0,false,false,false
match-f6bdf8e3-1973,solidaritaet_ueberleben,standard,1,6,3,13,15,31,3,28,true,false,false
match-700b49a1-1974,forschung_muskelkraft,standard,0,6,2,5,6,13,2,11,false,false,false
match-700b49a1-1974,solidaritaet_ueberleben,standard,1,6,3,12,16,31,3,28,true,false,false
match-e958ba5e-1975,forschung_muskelkraft,standard,0,9,4,12,13,29,4,25,true,false,false
match-e958ba5e-1975,solidaritaet_ueberleben,standard,1,13,4,9,10,23,4,19,false,false,false
match-983b0530-1976,forschung_muskelkraft,standard,0,6,3,8,14,25,3,22,false,false,false
match-983b0530-1976,solidaritaet_ueberleben,standard,1,6,4,16,18,38,4,34,true,false,false
match-118875ee-1977,forschung_muskelkraft,standard,0,6,3,8,9,20,3,17,true,false,false
match-118875ee-1977,solidaritaet_ueberleben,standard,1,9,4,16,24,44,4,40,false,false,false
match-8ad5c6ab-1978,solidaritaet_ueberleben,standard,1,6,3,14,16,33,3,30,false,false,false
match-04233769-1979,forschung_muskelkraft,standard,0,6,3,5,4,12,3,9,false,false,false
match-04233769-1979,solidaritaet_ueberleben,standard,1,6,4,15,17,36,4,32,true,false,false
match-ead4f67e-1981,forschung_muskelkraft,standard,0,6,3,10,12,25,3,22,true,false,true
match-6422473c-1982,forschung_muskelkraft,standard,0,6,3,4,4,11,3,8,true,false,false
match-6422473c-1982,solidaritaet_ueberleben,standard,1,7,5,19,18,42,5,37,false,false,false
match-8c5202cb-1984,forschung_muskelkraft,standard,0,6,5,12,18,35,5,30,true,false,false
match-059f7389-1985,forschung_muskelkraft,standard,0,6,1,4,4,9,1,8,true,false,false
match-7eecc446-1986,forschung_muskelkraft,standard,0,6,3,9,8,20,3,17,false,false,false
match-7eecc446-1986,solidaritaet_ueberleben,standard,1,6,4,17,19,40,4,36,true,false,false
match-3bf28bad-1988,forschung_muskelkraft,standard,0,6,3,7,4,14,3,11,false,false,false
match-3bf28bad-1988,solidaritaet_ueberleben,standard,1,8,5,21,24,50,5,45,false,false,false
match-2e8d4d28-1990,forschung_muskelkraft,standard,0,6,5,14,23,42,5,37,true,false,false
match-2e8d4d28-1990,solidaritaet_ueberleben,standard,1,7,3,11,16,30,3,27,false,false,false
match-a7dabde5-1991,forschung_muskelkraft,standard,0,6,2,5,7,14,2,12,true,false,true
match-56bd08b7-1992,forschung_muskelkraft,standard,0,6,4,2,2,8,4,4,false,false,false
match-56bd08b7-1992,solidaritaet_ueberleben,standard,1,6,4,16,18,38,4,34,true,false,false
match-d00a7974-1993,forschung_muskelkraft,standard,0,6,3,3,8,14,3,11,false,false,false
match-d00a7974-1993,solidaritaet_ueberleben,standard,1,12,5,15,20,40,5,35,true,false,true
match-4957ca32-1994,forschung_muskelkraft,standard,0,9,5,16,21,42,5,37,false,false,false
match-4957ca32-1994,solidaritaet_ueberleben,standard,1,13,5,26,30,61,5,56,true,false,false
match-c2a53aef-1995,forschung_muskelkraft,standard,0,6,3,4,7,14,3,11,false,false,false
match-c2a53aef-1995,solidaritaet_ueberleben,standard,1,8,5,22,29,56,5,51,true,false,false
match-dcb199e9-1996,forschung_muskelkraft,standard,0,9,5,12,11,28,5,23,false,false,false
match-dcb199e9-1996,solidaritaet_ueberleben,standard,1,11,5,31,29,65,5,60,true,false,false
match-55feeaa7-1997,solidaritaet_ueberleben,standard,1,6,3,11,16,30,3,27,false,false,false
match-55feeaa7-1997,forschung_muskelkraft,standard,0,9,5,23,32,60,5,55,true,false,false
match-cf4c5b64-1998,forschung_muskelkraft,standard,0,6,3,5,5,13,3,10,true,false,false
match-749da230-2001,forschung_muskelkraft,standard,0,6,3,11,10,24,3,21,false,false,false
match-8202e0b5-2003,forschung_muskelkraft,standard,0,7,3,7,6,16,3,13,false,false,false
match-8202e0b5-2003,urzeitliche_kolosse,standard,1,8,3,4,6,13,3,10,true,true,true
match-161ace7d-2004,forschung_muskelkraft,standard,0,6,2,8,9,19,2,17,true,false,false
match-8f683f3a-2005,urzeitliche_kolosse,standard,1,6,2,9,9,20,2,18,true,false,false
match-23800d02-2006,urzeitliche_kolosse,standard,1,6,2,7,11,20,2,18,false,false,false
match-9ccd7dbf-2007,urzeitliche_kolosse,standard,1,6,3,11,13,27,3,24,true,false,false
match-9ccd7dbf-2007,forschung_muskelkraft,standard,0,6,3,11,12,26,3,23,false,false,false
match-c5bb575e-2008,urzeitliche_kolosse,standard,1,6,2,9,13,24,2,22,true,false,false
match-c5bb575e-2008,forschung_muskelkraft,standard,0,7,3,10,10,23,3,20,false,false,false
match-3f08a81c-2009,urzeitliche_kolosse,standard,1,6,3,10,13,26,3,23,true,false,false
match-3f08a81c-2009,forschung_muskelkraft,standard,0,7,2,7,10,19,2,17,false,false,false
match-4c6de6a1-2011,forschung_muskelkraft,standard,0,8,2,6,7,15,2,13,true,true,true
match-e085d468-2012,forschung_muskelkraft,standard,0,6,3,11,8,22,3,19,true,false,true
match-edeb12ed-2014,forschung_muskelkraft,standard,0,9,3,11,12,26,3,23,false,false,false
match-edeb12ed-2014,urzeitliche_kolosse,standard,1,9,5,4,6,15,5,10,true,false,false
match-673863ab-2015,urzeitliche_kolosse,standard,1,6,2,9,10,21,2,19,false,false,false
match-673863ab-2015,forschung_muskelkraft,standard,0,6,3,4,6,13,3,10,true,false,false
match-90265d4a-2016,forschung_muskelkraft,standard,0,6,2,7,6,15,2,13,true,true,true
match-0973ae08-2017,forschung_muskelkraft,standard,0,6,3,6,5,14,3,11,true,true,true
match-9d8b9bcf-2018,urzeitliche_kolosse,standard,1,6,1,5,6,12,1,11,true,true,true
match-16d8ec8d-2019,forschung_muskelkraft,standard,0,8,4,15,16,35,4,31,false,false,false
match-16d8ec8d-2019,urzeitliche_kolosse,standard,1,15,5,11,12,28,5,23,true,true,true
match-b85618d9-2022,forschung_muskelkraft,standard,0,6,3,12,11,26,3,23,true,true,true
match-5a914336-2024,forschung_muskelkraft,standard,0,7,1,4,4,9,1,8,true,true,true
match-67f681bb-2026,forschung_muskelkraft,standard,0,6,2,8,7,17,2,15,false,false,false
match-67f681bb-2026,urzeitliche_kolosse,standard,1,14,5,20,17,42,5,37,true,true,true
match-e143f278-2027,forschung_muskelkraft,standard,0,6,3,6,3,12,3,9,true,true,true
match-755bc040-2028,urzeitliche_kolosse,standard,1,6,2,9,10,21,2,19,false,false,false
match-755bc040-2028,forschung_muskelkraft,standard,0,6,5,11,14,30,5,25,true,false,false
match-eea930fd-2029,forschung_muskelkraft,standard,0,8,4,14,12,30,4,26,false,false,false
match-fc0e6f82-2031,forschung_muskelkraft,standard,0,10,4,11,12,27,4,23,true,false,false
match-24fc4922-2032,forschung_muskelkraft,standard,0,6,3,6,5,14,3,11,true,true,true
match-326187a7-2034,forschung_muskelkraft,standard,0,6,2,9,9,20,2,18,true,false,true
match-abaef864-2035,urzeitliche_kolosse,standard,1,6,2,9,9,20,2,18,false,false,false
match-abaef864-2035,forschung_muskelkraft,standard,0,6,3,12,14,29,3,26,true,false,false
match-3fc6c62c-2036,forschung_muskelkraft,standard,0,9,3,11,12,26,3,23,true,true,true
match-b91436e9-2037,urzeitliche_kolosse,standard,1,6,3,10,13,26,3,23,false,false,false
match-4d2c04b1-2038,forschung_muskelkraft,standard,0,6,4,8,5,17,4,13,true,true,true
match-ef674f0d-2040,forschung_muskelkraft,standard,0,6,3,12,12,27,3,24,true,false,false
match-ef674f0d-2040,urzeitliche_kolosse,standard,1,8,5,20,23,48,5,43,false,false,false
match-68b4bfcb-2041,forschung_muskelkraft,standard,0,6,3,12,11,26,3,23,false,false,false
match-68b4bfcb-2041,urzeitliche_kolosse,standard,1,7,4,6,7,17,4,13,true,false,false
match-fccc8d92-2042,urzeitliche_kolosse,standard,1,7,4,3,4,11,4,7,true,true,true
match-837f3cd5-2045,urzeitliche_kolosse,standard,1,6,2,8,10,20,2,18,true,false,false
match-837f3cd5-2045,forschung_muskelkraft,standard,0,7,2,7,10,19,2,17,false,false,false
match-17970a9d-2046,forschung_muskelkraft,standard,0,6,3,12,11,26,3,23,false,false,false
match-17970a9d-2046,urzeitliche_kolosse,standard,1,11,3,8,10,21,3,18,true,true,true
match-90e47b5a-2047,urzeitliche_kolosse,standard,1,6,3,12,15,30,3,27,true,false,false
match-90e47b5a-2047,forschung_muskelkraft,standard,0,9,4,12,17,33,4,29,false,false,false
match-b9d254f9-2048,urzeitliche_kolosse,standard,1,6,3,11,11,25,3,22,true,false,false
match-b9d254f9-2048,forschung_muskelkraft,standard,0,9,4,12,17,33,4,29,false,false,false
match-331fa5b7-2049,forschung_muskelkraft,standard,0,7,2,7,5,14,2,12,false,false,false
match-c737937e-2050,forschung_muskelkraft,standard,0,6,3,3,2,8,3,5,false,false,false
match-4084e43c-2051,forschung_muskelkraft,standard,0,6,3,10,10,23,3,20,true,false,true
match-d49cd203-2052,urzeitliche_kolosse,standard,1,6,3,12,14,29,3,26,true,false,true
match-5b4f6146-2055,urzeitliche_kolosse,standard,1,6,2,9,10,21,2,19,true,false,false
match-5b4f6146-2055,forschung_muskelkraft,standard,0,6,3,12,14,29,3,26,false,false,false
match-843d5ae5-2056,forschung_muskelkraft,standard,0,7,4,15,13,32,4,28,false,false,false
match-843d5ae5-2056,urzeitliche_kolosse,standard,1,15,5,10,10,25,5,20,false,false,false
match-fd8aaba2-2057,urzeitliche_kolosse,standard,1,6,1,5,6,12,1,11,false,false,false
match-9f07d7ef-2060,forschung_muskelkraft,standard,0,6,3,9,6,18,3,15,true,false,false
match-185528ad-2061,urzeitliche_kolosse,standard,1,8,5,7,7,19,5,14,true,true,true
match-ac6d1674-2062,urzeitliche_kolosse,standard,1,7,2,9,13,24,2,22,false,false,false
match-ac6d1674-2062,forschung_muskelkraft,standard,0,9,4,6,4,14,4,10,true,false,false
match-25ba6732-2063,forschung_muskelkraft,standard,0,6,4,16,15,35,4,31,true,false,true
match-4ea840d1-2064,urzeitliche_kolosse,standard,1,6,1,5,6,12,1,11,true,false,false
match-4ea840d1-2064,forschung_muskelkraft,standard,0,10,4,11,14,29,4,25,false,false,false
match-c7f5b18e-2065,forschung_muskelkraft,standard,0,6,4,15,13,32,4,28,true,false,false
match-c7f5b18e-2065,urzeitliche_kolosse,standard,1,13,5,15,15,35,5,30,false,false,false
match-6972dddb-2068,forschung_muskelkraft,standard,0,6,4,8,5,17,4,13,false,false,false
match-e2c02e98-2069,forschung_muskelkraft,standard,0,6,3,9,5,17,3,14,true,true,true
match-76d81c60-2070,urzeitliche_kolosse,standard,1,6,3,12,12,27,3,24,true,false,false
match-f0256d1d-2071,urzeitliche_kolosse,standard,1,6,2,8,10,20,2,18,false,false,false
match-f0256d1d-2071,forschung_muskelkraft,standard,0,6,4,8,10,22,4,18,true,false,false
match-9260b77a-2073,urzeitliche_kolosse,standard,1,6,1,4,4,9,1,8,false,false,false
match-9260b77a-2073,forschung_muskelkraft,standard,0,6,3,8,9,20,3,17,true,false,false
match-9fc5f5ff-2075,urzeitliche_kolosse,standard,1,6,3,9,12,24,3,21,false,false,false
match-33ddc3c7-2076,urzeitliche_kolosse,standard,1,6,3,11,9,23,3,20,false,false,false
match-33ddc3c7-2076,forschung_muskelkraft,standard,0,9,3,10,11,24,3,21,true,false,true
match-ad2b3484-2077,urzeitliche_kolosse,standard,1,6,2,8,10,20,2,18,false,false,false
match-ad2b3484-2077,forschung_muskelkraft,standard,0,6,2,9,11,22,2,20,true,false,false
match-ba907309-2079,urzeitliche_kolosse,standard,1,6,3,13,11,27,3,24,true,false,false
match-ba907309-2079,forschung_muskelkraft,standard,0,6,3,4,6,13,3,10,false,false,false
match-e37e4ca8-2080,forschung_muskelkraft,standard,0,6,2,7,6,15,2,13,true,false,true
match-5ccbbd66-2081,forschung_muskelkraft,standard,0,6,3,10,12,25,3,22,true,true,true
match-f0e38b2d-2082,urzeitliche_kolosse,standard,1,6,2,7,14,23,2,21,false,false,false
match-f0e38b2d-2082,forschung_muskelkraft,standard,0,8,5,13,12,30,5,25,true,true,true
match-6a30fbeb-2083,urzeitliche_kolosse,standard,1,6,2,7,8,17,2,15,true,false,false
match-fe48c9b2-2084,urzeitliche_kolosse,standard,1,6,3,11,13,27,3,24,true,false,false
match-fe48c9b2-2084,forschung_muskelkraft,standard,0,6,3,11,12,26,3,23,false,false,false
match-0bae0838-2086,urzeitliche_kolosse,standard,1,6,1,5,6,12,1,11,true,true,true
match-0bae0838-2086,forschung_muskelkraft,standard,0,6,2,6,7,15,2,13,false,false,false
match-84fb78f5-2087,forschung_muskelkraft,standard,0,6,3,12,12,27,3,24,true,false,true
match-ade95294-2088,urzeitliche_kolosse,standard,1,6,3,11,14,28,3,25,true,false,false
match-2736a352-2089,urzeitliche_kolosse,standard,1,6,2,8,10,20,2,18,false,false,false
match-2736a352-2089,forschung_muskelkraft,standard,0,6,2,9,11,22,2,20,true,false,false
match-c8b3cf9e-2092,forschung_muskelkraft,standard,0,6,4,13,10,27,4,23,true,false,false
match-c8b3cf9e-2092,urzeitliche_kolosse,standard,1,9,5,25,27,57,5,52,false,false,false
match-4201205c-2093,forschung_muskelkraft,standard,0,6,2,10,9,21,2,19,true,false,true
match-d6190e23-2094,forschung_muskelkraft,standard,0,6,4,11,9,24,4,20,true,true,true
match-78545880-2096,forschung_muskelkraft,standard,0,6,4,4,4,12,4,8,false,false,false
match-78545880-2096,urzeitliche_kolosse,standard,1,7,4,5,6,15,4,11,true,false,false
match-f1a1a93d-2097,forschung_muskelkraft,standard,0,6,5,9,8,22,5,17,true,true,true
match-85b99705-2098,forschung_muskelkraft,standard,0,6,5,10,9,24,5,19,true,false,false
match-ff06e7c2-2099,forschung_muskelkraft,standard,0,7,2,8,7,17,2,15,true,true,true
match-931ed58a-2100,urzeitliche_kolosse,standard,1,6,3,10,15,28,3,25,false,false,false
match-931ed58a-2100,forschung_muskelkraft,standard,0,6,2,4,6,12,2,10,false,false,false
match-19d164cd-2103,forschung_muskelkraft,standard,0,8,4,13,14,31,4,27,false,false,false
match-42bf5e6c-2104,forschung_muskelkraft,standard,0,6,3,7,8,18,3,15,false,false,false
match-bc0caf29-2105,urzeitliche_kolosse,standard,1,6,2,8,8,18,2,16,true,false,true
match-50249cf1-2106,urzeitliche_kolosse,standard,1,6,1,3,4,8,1,7,true,true,true
match-c971edae-2107,forschung_muskelkraft,standard,0,6,3,8,9,20,3,17,true,true,true
match-e43c6ab8-2111,forschung_muskelkraft,standard,0,12,5,10,7,22,5,17,true,false,false
match-0d2a4458-2112,urzeitliche_kolosse,standard,1,6,2,8,11,21,2,19,true,true,true
match-8677b515-2113,forschung_muskelkraft,standard,0,6,2,6,8,16,2,14,true,false,false
match-8677b515-2113,urzeitliche_kolosse,standard,1,12,4,5,6,15,4,11,false,false,false
match-1a8f82dd-2114,urzeitliche_kolosse,standard,1,6,3,0,0,3,3,0,true,false,false
match-1a8f82dd-2114,forschung_muskelkraft,standard,0,6,5,9,11,25,5,20,false,false,false
match-93dcf39a-2115,urzeitliche_kolosse,standard,1,6,3,12,12,27,3,24,true,false,false
match-93dcf39a-2115,forschung_muskelkraft,standard,0,6,4,15,16,35,4,31,false,false,false
match-27f4c162-2116,forschung_muskelkraft,standard,0,6,4,9,9,22,4,18,false,false,false
match-27f4c162-2116,urzeitliche_kolosse,standard,1,9,5,21,23,49,5,44,true,false,false
match-a142321f-2117,forschung_muskelkraft,standard,0,6,5,11,10,26,5,21,true,false,false
match-355a1fe7-2118,forschung_muskelkraft,standard,0,6,4,3,1,8,4,4,true,false,false
match-aea770a4-2119,urzeitliche_kolosse,standard,1,6,1,5,6,12,1,11,false,false,false
match-aea770a4-2119,forschung_muskelkraft,standard,0,8,4,16,17,37,4,33,true,false,true
match-d7954a43-2120,urzeitliche_kolosse,standard,1,6,3,9,12,24,3,21,true,false,false
match-d7954a43-2120,forschung_muskelkraft,standard,0,6,3,9,11,23,3,20,false,false,false
match-50e2bb01-2121,forschung_muskelkraft,standard,0,6,4,14,14,32,4,28,true,false,true
match-e4fa88c8-2122,forschung_muskelkraft,standard,0,8,4,14,11,29,4,25,false,false,false
match-e4fa88c8-2122,urzeitliche_kolosse,standard,1,12,5,11,13,29,5,24,true,true,true
match-6bad380b-2125,forschung_muskelkraft,standard,0,6,3,11,10,24,3,21,false,false,false
match-ffc505d2-2126,forschung_muskelkraft,standard,0,6,2,7,8,17,2,15,false,false,false
match-ffc505d2-2126,urzeitliche_kolosse,standard,1,16,4,8,7,19,4,15,true,true,true
match-a200502f-2128,urzeitliche_kolosse,standard,1,6,1,5,5,11,1,10,true,false,false
match-a200502f-2128,forschung_muskelkraft,standard,0,7,2,9,11,22,2,20,false,false,false
match-1b4da0ed-2129,urzeitliche_kolosse,standard,1,6,2,6,11,19,2,17,false,false,false
match-1b4da0ed-2129,forschung_muskelkraft,standard,0,6,2,9,11,22,2,20,true,false,false
match-af658eb4-2130,urzeitliche_kolosse,standard,1,6,1,5,6,12,1,11,true,false,false
match-af658eb4-2130,forschung_muskelkraft,standard,0,6,3,12,15,30,3,27,false,false,false
match-28b2ff72-2131,forschung_muskelkraft,standard,0,6,3,7,6,16,3,13,true,false,false
match-bccacd39-2132,urzeitliche_kolosse,standard,1,6,1,5,6,12,1,11,true,false,true
match-bccacd39-2132,forschung_muskelkraft,standard,0,6,4,4,6,14,4,10,false,false,false
match-36183df7-2133,urzeitliche_kolosse,standard,1,6,1,3,4,8,1,7,false,false,false
match-36183df7-2133,forschung_muskelkraft,standard,0,8,4,15,15,34,4,30,true,true,true
match-ca300bbe-2134,urzeitliche_kolosse,standard,1,7,5,24,26,55,5,50,false,false,false
match-ca300bbe-2134,forschung_muskelkraft,standard,0,8,5,14,14,33,5,28,false,false,false
match-8735d325-2140,forschung_muskelkraft,standard,0,6,2,8,9,19,2,17,true,false,false
match-8735d325-2140,urzeitliche_kolosse,standard,1,7,4,18,22,44,4,40,false,false,false
match-008323e3-2141,urzeitliche_kolosse,standard,1,6,1,5,5,11,1,10,true,true,true
match-949b11aa-2142,urzeitliche_kolosse,standard,1,13,3,13,17,33,3,30,true,false,true
match-949b11aa-2142,forschung_muskelkraft,standard,0,13,4,15,16,35,4,31,false,false,false
match-0de86268-2143,urzeitliche_kolosse,standard,1,6,3,9,12,24,3,21,false,false,false
match-0de86268-2143,forschung_muskelkraft,standard,0,7,3,9,11,23,3,20,true,true,true
match-36d65c07-2144,forschung_muskelkraft,standard,0,6,2,8,7,17,2,15,true,false,false
match-443b9a8c-2146,forschung_muskelkraft,standard,0,6,2,9,9,20,2,18,false,false,false
match-bd88eb49-2147,urzeitliche_kolosse,standard,1,6,2,8,10,20,2,18,false,false,false
match-bd88eb49-2147,forschung_muskelkraft,standard,0,7,3,10,10,23,3,20,true,false,false
match-51a0d911-2148,urzeitliche_kolosse,standard,1,6,2,0,0,2,2,0,false,false,false
match-51a0d911-2148,forschung_muskelkraft,standard,0,6,2,6,8,16,2,14,true,false,false
match-5f061796-2150,forschung_muskelkraft,standard,0,6,2,7,5,14,2,12,true,false,false
match-5f061796-2150,urzeitliche_kolosse,standard,1,11,4,14,16,34,4,30,false,false,false
match-014141f3-2152,forschung_muskelkraft,standard,0,6,4,8,7,19,4,15,true,false,true
match-1c0bdefd-2156,forschung_muskelkraft,standard,0,6,4,9,9,22,4,18,false,false,false
match-1c0bdefd-2156,urzeitliche_kolosse,standard,1,7,4,17,23,44,4,40,true,false,true
match-95592fba-2157,urzeitliche_kolosse,standard,1,6,3,10,12,25,3,22,false,false,false
match-95592fba-2157,forschung_muskelkraft,standard,0,6,2,9,11,22,2,20,true,false,false
match-29711d82-2158,forschung_muskelkraft,standard,0,6,3,12,9,24,3,21,true,false,true
match-44f9b89c-2161,urzeitliche_kolosse,standard,1,6,2,8,10,20,2,18,true,true,true
match-d9118663-2162,urzeitliche_kolosse,standard,1,6,1,5,6,12,1,11,false,false,false
match-d9118663-2162,forschung_muskelkraft,standard,0,10,3,8,7,18,3,15,true,true,true
match-e676c4e8-2164,forschung_muskelkraft,standard,0,9,3,5,4,12,3,9,false,false,false
match-e676c4e8-2164,urzeitliche_kolosse,standard,1,10,5,15,15,35,5,30,true,false,true
match-5fc435a6-2165,urzeitliche_kolosse,standard,1,8,4,22,24,50,4,46,true,false,true
match-96174dca-2168,urzeitliche_kolosse,standard,1,6,3,13,11,27,3,24,true,false,false
match-96174dca-2168,forschung_muskelkraft,standard,0,7,4,4,6,14,4,10,false,false,false
match-a37c8c4f-2170,forschung_muskelkraft,standard,0,6,3,3,2,8,3,5,true,true,true
match-1cc9fd0d-2171,urzeitliche_kolosse,standard,1,6,1,2,4,7,1,6,true,false,false
match-1cc9fd0d-2171,forschung_muskelkraft,standard,0,6,2,9,11,22,2,20,false,false,false
match-37947a17-2175,forschung_muskelkraft,standard,0,6,4,15,14,33,4,29,false,false,false
match-d9cfa473-2177,forschung_muskelkraft,standard,0,6,4,7,8,19,4,15,true,false,true
match-6de7923b-2178,forschung_muskelkraft,standard,0,6,3,12,13,28,3,25,false,false,false
match-6de7923b-2178,urzeitliche_kolosse,standard,1,13,5,24,26,55,5,50,true,false,false
match-7b4cd0c0-2180,urzeitliche_kolosse,standard,1,6,3,12,11,26,3,23,false,false,false
match-7b4cd0c0-2180,forschung_muskelkraft,standard,0,6,3,12,14,29,3,26,true,false,true
match-88b20f45-2182,urzeitliche_kolosse,standard,1,6,2,9,9,20,2,18,false,false,false
match-88b20f45-2182,forschung_muskelkraft,standard,0,10,3,11,12,26,3,23,true,false,false
match-01ff6003-2183,forschung_muskelkraft,standard,0,6,3,9,6,18,3,15,false,false,false
match-2aed59a2-2184,urzeitliche_kolosse,standard,1,6,1,5,6,12,1,11,true,false,false
match-2aed59a2-2184,forschung_muskelkraft,standard,0,6,3,10,12,25,3,22,false,false,false
match-38529827-2186,forschung_muskelkraft,standard,0,6,2,5,2,9,2,7,false,false,false
match-b19fe8e4-2187,urzeitliche_kolosse,standard,1,6,2,9,10,21,2,19,true,false,false
match-b19fe8e4-2187,forschung_muskelkraft,standard,0,6,2,9,11,22,2,20,false,false,false
match-45b7d6ac-2188,urzeitliche_kolosse,standard,1,6,2,8,10,20,2,18,true,false,true
match-45b7d6ac-2188,forschung_muskelkraft,standard,0,6,4,7,10,21,4,17,false,false,false
match-bf052769-2189,forschung_muskelkraft,standard,0,6,3,8,5,16,3,13,false,false,false
match-531d1531-2190,urzeitliche_kolosse,standard,1,6,2,6,11,19,2,17,false,false,false
match-cc6a65ee-2191,urzeitliche_kolosse,standard,1,7,3,14,17,34,3,31,false,false,false
match-6ea5b04b-2193,urzeitliche_kolosse,standard,1,6,3,9,11,23,3,20,true,false,true
match-6ea5b04b-2193,forschung_muskelkraft,standard,0,6,4,15,16,35,4,31,false,false,false
match-02bd9e13-2194,forschung_muskelkraft,standard,0,6,2,9,7,18,2,16,true,false,true
match-96d56bda-2199,urzeitliche_kolosse,standard,1,6,3,11,13,27,3,24,true,false,false
match-96d56bda-2199,forschung_muskelkraft,standard,0,6,2,9,11,22,2,20,false,false,false
match-bfc34579-2200,forschung_muskelkraft,standard,0,6,2,7,6,15,2,13,false,false,false
match-bfc34579-2200,urzeitliche_kolosse,standard,1,7,3,12,16,31,3,28,true,false,false
match-3910b637-2201,forschung_muskelkraft,standard,0,7,3,10,12,25,3,22,false,false,false
match-3910b637-2201,urzeitliche_kolosse,standard,1,7,4,18,26,48,4,44,true,false,false
match-da8dc283-2204,forschung_muskelkraft,standard,0,6,3,11,9,23,3,20,true,false,true
match-e7f30108-2206,urzeitliche_kolosse,standard,1,8,3,12,11,26,3,23,true,false,false
match-614071c6-2207,urzeitliche_kolosse,standard,1,6,2,6,11,19,2,17,false,false,false
match-037bbc23-2209,forschung_muskelkraft,standard,0,8,3,15,16,34,3,31,true,true,true
match-979389ea-2210,urzeitliche_kolosse,standard,1,6,4,14,16,34,4,30,true,true,true
match-10e0faa8-2211,forschung_muskelkraft,standard,0,8,3,11,12,26,3,23,true,true,true
match-a4f8c86f-2212,urzeitliche_kolosse,standard,1,6,2,7,13,22,2,20,false,false,false
match-a4f8c86f-2212,forschung_muskelkraft,standard,0,12,5,10,10,25,5,20,true,false,false
match-1e46392d-2213,forschung_muskelkraft,standard,0,6,5,9,9,23,5,18,true,true,true
match-b25e06f4-2214,urzeitliche_kolosse,standard,1,6,2,9,9,20,2,18,false,false,false
match-b25e06f4-2214,forschung_muskelkraft,standard,0,6,5,10,10,25,5,20,true,false,false
match-2bab77b2-2215,urzeitliche_kolosse,standard,1,6,2,8,10,20,2,18,true,false,false
match-2bab77b2-2215,forschung_muskelkraft,standard,0,7,1,4,6,11,1,10,false,false,false
match-54995151-2216,urzeitliche_kolosse,standard,1,6,3,11,15,29,3,26,true,false,false
match-54995151-2216,forschung_muskelkraft,standard,0,7,3,7,8,18,3,15,false,false,false
match-61fe8fd6-2218,urzeitliche_kolosse,standard,1,6,2,7,8,17,2,15,false,false,false
match-db4be093-2219,urzeitliche_kolosse,standard,1,6,1,5,6,12,1,11,true,false,false
match-6f63ce5b-2220,urzeitliche_kolosse,standard,1,6,3,11,14,28,3,25,false,false,false
match-6f63ce5b-2220,forschung_muskelkraft,standard,0,6,5,11,14,30,5,25,true,false,false
match-e8b13f18-2221,forschung_muskelkraft,standard,0,6,5,8,6,19,5,14,true,false,true
match-7cc90ce0-2222,urzeitliche_kolosse,standard,1,6,1,3,5,9,1,8,false,false,false
match-7cc90ce0-2222,forschung_muskelkraft,standard,0,7,3,9,10,22,3,19,true,false,false
match-f6167d9d-2223,forschung_muskelkraft,standard,0,6,2,9,6,17,2,15,true,true,true
match-1f04573d-2224,urzeitliche_kolosse,standard,1,6,2,8,10,20,2,18,false,false,false
match-1f04573d-2224,forschung_muskelkraft,standard,0,6,2,8,10,20,2,18,true,false,false
match-2c6995c2-2226,forschung_muskelkraft,standard,0,6,2,9,8,19,2,17,true,true,true
match-39ced447-2228,urzeitliche_kolosse,standard,1,6,2,8,11,21,2,19,true,false,false
match-b31c2504-2229,forschung_muskelkraft,standard,0,6,3,7,6,16,3,13,true,false,true
match-473412cc-2230,urzeitliche_kolosse,standard,1,6,1,5,5,11,1,10,true,false,false
match-473412cc-2230,forschung_muskelkraft,standard,0,9,3,4,1,8,3,5,false,false,false
match-c0816389-2231,urzeitliche_kolosse,standard,1,6,2,9,9,20,2,18,true,false,false
match-c0816389-2231,forschung_muskelkraft,standard,0,6,3,12,15,30,3,27,false,false,false
match-e96f5d28-2232,forschung_muskelkraft,standard,0,6,2,5,5,12,2,10,true,true,true
match-f6d49bad-2234,forschung_muskelkraft,standard,0,6,4,9,9,22,4,18,true,false,false
match-7021ec6b-2235,forschung_muskelkraft,standard,0,6,4,7,8,19,4,15,true,true,true
match-119f18b8-2238,forschung_muskelkraft,standard,0,6,3,10,6,19,3,16,false,false,false
match-119f18b8-2238,urzeitliche_kolosse,standard,1,8,4,16,20,40,4,36,true,false,true
match-8aec6975-2239,urzeitliche_kolosse,standard,1,6,3,10,12,25,3,22,true,false,false
match-b3da4314-2240,urzeitliche_kolosse,standard,1,6,3,10,13,26,3,23,true,true,true
match-c13f8199-2242,forschung_muskelkraft,standard,0,6,3,9,7,19,3,16,false,false,false
match-c13f8199-2242,urzeitliche_kolosse,standard,1,7,2,9,12,23,2,21,true,false,false
match-3a8cf257-2243,urzeitliche_kolosse,standard,1,6,3,10,16,29,3,26,false,false,false
match-3a8cf257-2243,forschung_muskelkraft,standard,0,6,5,11,12,28,5,23,true,false,false
match-cea4c01e-2244,forschung_muskelkraft,standard,0,6,3,7,8,18,3,15,true,true,true
match-47f230dc-2245,urzeitliche_kolosse,standard,1,7,4,19,25,48,4,44,false,false,false
match-47f230dc-2245,forschung_muskelkraft,standard,0,11,4,8,9,21,4,17,true,false,false
match-7e454900-2248,forschung_muskelkraft,standard,0,6,3,11,12,26,3,23,true,true,true
match-8baa8785-2250,urzeitliche_kolosse,standard,1,6,4,15,15,34,4,30,true,false,true
match-04f7f843-2251,urzeitliche_kolosse,standard,1,6,1,5,6,12,1,11,true,true,true
match-125d36c8-2253,forschung_muskelkraft,standard,0,8,5,15,17,37,5,32,false,false,false
match-a675048f-2254,forschung_muskelkraft,standard,0,6,3,10,10,23,3,20,false,false,false
match-a675048f-2254,urzeitliche_kolosse,standard,1,7,5,22,25,52,5,47,true,false,true
match-1fc2754d-2255,urzeitliche_kolosse,standard,1,6,2,9,9,20,2,18,true,true,true
match-48b04eec-2256,urzeitliche_kolosse,standard,1,6,1,3,4,8,1,7,false,false,false
match-48b04eec-2256,forschung_muskelkraft,standard,0,6,2,9,11,22,2,20,true,false,false
match-c1fdbfa9-2257,forschung_muskelkraft,standard,0,6,1,3,4,8,1,7,false,false,false
match-c1fdbfa9-2257,urzeitliche_kolosse,standard,1,8,5,9,9,23,5,18,true,true,true
match-56158d71-2258,urzeitliche_kolosse,standard,1,6,2,8,9,19,2,17,false,false,false
match-56158d71-2258,forschung_muskelkraft,standard,0,6,3,11,14,28,3,25,true,false,false
match-637acbf6-2260,urzeitliche_kolosse,standard,1,6,1,5,6,12,1,11,false,false,false
match-637acbf6-2260,forschung_muskelkraft,standard,0,7,3,10,12,25,3,22,true,false,false
match-dcc83cb3-2261,urzeitliche_kolosse,standard,1,6,1,3,4,8,1,7,true,true,true
match-131b54d8-2264,urzeitliche_kolosse,standard,1,6,2,7,10,19,2,17,true,true,true
match-131b54d8-2264,forschung_muskelkraft,standard,0,6,3,12,14,29,3,26,false,false,false
match-8c68a595-2265,forschung_muskelkraft,standard,0,6,4,10,9,23,4,19,false,false,false
match-2080935d-2266,urzeitliche_kolosse,standard,1,6,3,11,10,24,3,21,true,false,false
match-2080935d-2266,forschung_muskelkraft,standard,0,8,3,13,16,32,3,29,false,false,false
match-99cde41a-2267,forschung_muskelkraft,standard,0,6,4,10,8,22,4,18,false,false,false
match-99cde41a-2267,urzeitliche_kolosse,standard,1,8,4,4,12,20,4,16,true,false,false
match-2de5d1e2-2268,urzeitliche_kolosse,standard,1,6,1,5,6,12,1,11,false,false,false
match-2de5d1e2-2268,forschung_muskelkraft,standard,0,9,3,6,4,13,3,10,true,false,true
match-a733229f-2269,forschung_muskelkraft,standard,0,6,3,8,8,19,3,16,true,true,true
match-3b4b1067-2270,forschung_muskelkraft,standard,0,6,3,4,4,11,3,8,true,false,false
match-b4986124-2271,urzeitliche_kolosse,standard,1,6,2,8,8,18,2,16,false,false,false
match-b4986124-2271,forschung_muskelkraft,standard,0,6,3,8,9,20,3,17,true,false,false
match-eaeb9948-2274,urzeitliche_kolosse,standard,1,6,3,11,9,23,3,20,false,false,false
match-eaeb9948-2274,forschung_muskelkraft,standard,0,6,3,11,14,28,3,25,true,false,false
match-6438ea06-2275,forschung_muskelkraft,standard,0,6,3,6,5,14,3,11,false,false,false
match-6438ea06-2275,urzeitliche_kolosse,standard,1,7,4,4,5,13,4,9,true,false,false
match-f850d7cd-2276,urzeitliche_kolosse,standard,1,6,2,9,8,19,2,17,false,false,false
match-f850d7cd-2276,forschung_muskelkraft,standard,0,12,4,12,14,30,4,26,true,true,true
match-719e288b-2277,forschung_muskelkraft,standard,0,6,3,12,11,26,3,23,true,false,true
match-05b61653-2278,forschung_muskelkraft,standard,0,6,3,11,12,26,3,23,false,false,false
match-05b61653-2278,urzeitliche_kolosse,standard,1,9,5,6,7,18,5,13,true,true,true
match-a7f140af-2280,urzeitliche_kolosse,standard,1,6,2,9,9,20,2,18,false,false,false
match-a7f140af-2280,forschung_muskelkraft,standard,0,6,4,12,15,31,4,27,true,false,false
match-213eb16d-2281,forschung_muskelkraft,standard,0,6,2,6,6,14,2,12,true,false,false
match-b5569f34-2282,urzeitliche_kolosse,standard,1,6,2,8,10,20,2,18,true,false,true
match-b5569f34-2282,forschung_muskelkraft,standard,0,6,1,4,6,11,1,10,false,false,false
match-c2bbddb9-2284,urzeitliche_kolosse,standard,1,6,2,7,8,17,2,15,true,false,false
match-c2bbddb9-2284,forschung_muskelkraft,standard,0,6,3,4,6,13,3,10,false,false,false
match-3c092e77-2285,urzeitliche_kolosse,standard,1,6,1,2,4,7,1,6,true,false,true
match-496e6cfc-2287,forschung_muskelkraft,standard,0,8,3,12,8,23,3,20,true,true,true
match-725c469b-2288,forschung_muskelkraft,standard,0,6,3,11,12,26,3,23,false,false,false
match-725c469b-2288,urzeitliche_kolosse,standard,1,8,5,5,9,19,5,14,true,false,true
match-eba9b758-2289,forschung_muskelkraft,standard,0,6,3,12,13,28,3,25,true,true,true
match-7fc18520-2290,urzeitliche_kolosse,standard,1,6,2,6,7,15,2,13,false,false,false
match-7fc18520-2290,forschung_muskelkraft,standard,0,9,1,6,4,11,1,10,true,false,true
match-f90ef5dd-2291,forschung_muskelkraft,standard,0,7,2,7,5,14,2,12,false,false,false
match-06743463-2293,forschung_muskelkraft,standard,0,6,4,13,13,30,4,26,false,false,false
match-06743463-2293,urzeitliche_kolosse,standard,1,8,5,0,0,5,5,0,true,true,true
match-9a8c022a-2294,forschung_muskelkraft,standard,0,8,3,12,8,23,3,20,false,false,false
match-9a8c022a-2294,urzeitliche_kolosse,standard,1,13,3,3,4,10,3,7,false,false,false
match-3cc74c87-2296,forschung_muskelkraft,standard,0,6,4,4,4,12,4,8,true,true,true
match-b614bd44-2297,forschung_muskelkraft,standard,0,6,4,6,6,16,4,12,true,false,true
match-5791c991-2300,forschung_muskelkraft,standard,0,6,4,8,9,21,4,17,false,false,false
match-5791c991-2300,urzeitliche_kolosse,standard,1,7,5,5,6,16,5,11,true,false,true
match-d0df3a4e-2301,urzeitliche_kolosse,standard,1,6,1,5,6,12,1,11,true,true,true
match-64f70816-2302,forschung_muskelkraft,standard,0,6,4,11,10,25,4,21,false,false,false
match-de4478d3-2303,urzeitliche_kolosse,standard,1,6,2,7,8,17,2,15,false,false,false
match-807fa330-2305,forschung_muskelkraft,standard,0,6,4,8,7,19,4,15,true,true,true
match-149790f8-2306,forschung_muskelkraft,standard,0,6,2,6,6,14,2,12,true,true,true
match-8de4e1b5-2307,urzeitliche_kolosse,standard,1,6,2,9,9,20,2,18,true,false,false
match-8de4e1b5-2307,forschung_muskelkraft,standard,0,6,4,4,6,14,4,10,false,false,false
match-21fccf7d-2308,urzeitliche_kolosse,standard,1,6,1,5,6,12,1,11,false,false,false
match-9b4a203a-2309,forschung_muskelkraft,standard,0,7,3,10,10,23,3,20,false,false,false
match-d19d585e-2312,urzeitliche_kolosse,standard,1,6,4,14,16,34,4,30,true,false,false
match-d19d585e-2312,forschung_muskelkraft,standard,0,6,4,8,10,22,4,18,false,false,false
match-4aeaa91c-2313,urzeitliche_kolosse,standard,1,6,1,5,6,12,1,11,false,false,false
match-4aeaa91c-2313,forschung_muskelkraft,standard,0,6,4,15,16,35,4,31,true,false,false
match-df0296e3-2314,urzeitliche_kolosse,standard,1,8,3,18,18,39,3,36,false,false,false
match-df0296e3-2314,forschung_muskelkraft,standard,0,10,4,21,19,44,4,40,true,true,true
match-ec67d568-2316,urzeitliche_kolosse,standard,1,6,3,12,14,29,3,26,true,false,false
match-ec67d568-2316,forschung_muskelkraft,standard,0,10,3,8,7,18,3,15,false,false,false
match-65b52626-2317,urzeitliche_kolosse,standard,1,6,1,3,5,9,1,8,false,false,false
match-65b52626-2317,forschung_muskelkraft,standard,0,6,2,8,10,20,2,18,true,false,false
match-9c085e4a-2320,forschung_muskelkraft,standard,0,6,4,10,9,23,4,19,true,false,false
match-1555af08-2321,urzeitliche_kolosse,standard,1,6,3,11,12,26,3,23,false,false,false
match-a96d9ccf-2322,urzeitliche_kolosse,standard,1,9,4,18,18,40,4,36,true,true,true
match-22baed8d-2323,forschung_muskelkraft,standard,0,6,2,6,5,13,2,11,true,true,true
match-b6d2db54-2324,forschung_muskelkraft,standard,0,6,4,5,5,14,4,10,false,false,false
match-30202c12-2325,forschung_muskelkraft,standard,0,6,3,13,13,29,3,26,true,true,true
match-c43819d9-2326,urzeitliche_kolosse,standard,1,7,4,17,20,41,4,37,true,true,true
match-3d856a97-2327,urzeitliche_kolosse,standard,1,6,2,7,11,20,2,18,true,true,true
match-66734436-2328,urzeitliche_kolosse,standard,1,6,1,5,6,12,1,11,false,false,false
match-66734436-2328,forschung_muskelkraft,standard,0,6,3,13,15,31,3,28,true,false,false
match-dfc0b4f3-2329,urzeitliche_kolosse,standard,1,6,3,12,13,28,3,25,false,false,false
match-dfc0b4f3-2329,forschung_muskelkraft,standard,0,6,5,7,8,20,5,15,true,false,false
match-73d882bb-2330,forschung_muskelkraft,standard,0,6,4,4,4,12,4,8,false,false,false
match-73d882bb-2330,urzeitliche_kolosse,standard,1,9,5,22,30,57,5,52,true,false,false
match-ed25f378-2331,urzeitliche_kolosse,standard,1,6,1,3,5,9,1,8,true,false,false
match-fa8b31fd-2333,forschung_muskelkraft,standard,0,10,1,6,4,11,1,10,true,true,true
match-8ea31fc5-2334,urzeitliche_kolosse,standard,1,6,2,9,10,21,2,19,false,false,false
match-8ea31fc5-2334,forschung_muskelkraft,standard,0,7,5,7,8,20,5,15,true,false,true
match-07f07083-2335,forschung_muskelkraft,standard,0,6,2,8,7,17,2,15,true,false,false
match-30de4a22-2336,forschung_muskelkraft,standard,0,6,5,7,8,20,5,15,true,false,true
match-aa2bbadf-2337,urzeitliche_kolosse,standard,1,6,1,5,6,12,1,11,false,false,false
match-aa2bbadf-2337,forschung_muskelkraft,standard,0,11,3,13,13,29,3,26,true,true,true
match-3e4388a7-2338,urzeitliche_kolosse,standard,1,6,2,9,7,18,2,16,true,true,true
match-b790f964-2339,forschung_muskelkraft,standard,0,7,1,2,0,3,1,2,true,true,true
match-4ba8c72c-2340,forschung_muskelkraft,standard,0,6,4,13,11,28,4,24,false,false,false
match-c4f637e9-2341,forschung_muskelkraft,standard,0,6,3,10,9,22,3,19,false,false,false
match-590e05b1-2342,urzeitliche_kolosse,standard,1,6,3,11,14,28,3,25,false,false,false
match-590e05b1-2342,forschung_muskelkraft,standard,0,7,2,9,11,22,2,20,true,true,true
match-fb49500d-2344,urzeitliche_kolosse,standard,1,6,1,5,6,12,1,11,false,false,false
match-fb49500d-2344,forschung_muskelkraft,standard,0,6,3,12,14,29,3,26,true,false,false
match-7496a0cb-2345,urzeitliche_kolosse,standard,1,6,2,7,8,17,2,15,true,false,true
match-08ae8e93-2346,urzeitliche_kolosse,standard,1,6,2,8,10,20,2,18,false,false,false
match-08ae8e93-2346,forschung_muskelkraft,standard,0,9,3,15,18,36,3,33,true,false,false
match-81fbff50-2347,urzeitliche_kolosse,standard,1,6,3,11,10,24,3,21,true,false,false
match-81fbff50-2347,forschung_muskelkraft,standard,0,6,3,7,8,18,3,15,false,false,false
match-1613cd18-2348,forschung_muskelkraft,standard,0,6,4,7,6,17,4,13,true,false,true
match-9cc67c5a-2351,urzeitliche_kolosse,standard,1,6,3,13,11,27,3,24,true,false,false
match-9cc67c5a-2351,forschung_muskelkraft,standard,0,6,3,4,6,13,3,10,false,false,false
match-c5b455f9-2352,urzeitliche_kolosse,standard,1,6,3,11,14,28,3,25,true,false,false
match-c5b455f9-2352,forschung_muskelkraft,standard,0,7,4,10,12,26,4,22,false,false,false
match-d319947e-2354,urzeitliche_kolosse,standard,1,6,2,9,13,24,2,22,true,false,false
match-d319947e-2354,forschung_muskelkraft,standard,0,6,3,10,11,24,3,21,false,false,false
match-4c66e53c-2355,urzeitliche_kolosse,standard,1,6,2,9,7,18,2,16,true,false,false
match-4c66e53c-2355,forschung_muskelkraft,standard,0,6,3,12,14,29,3,26,false,false,false
match-ede41188-2358,forschung_muskelkraft,standard,0,7,2,9,9,20,2,18,true,true,true
match-67316246-2359,forschung_muskelkraft,standard,0,6,3,14,13,30,3,27,true,false,false
match-67316246-2359,urzeitliche_kolosse,standard,1,8,4,17,18,39,4,35,false,false,false
match-901f5be5-2360,forschung_muskelkraft,standard,0,6,3,3,2,8,3,5,false,false,false
match-901f5be5-2360,urzeitliche_kolosse,standard,1,9,5,3,4,12,5,7,true,true,true
match-096caca3-2361,urzeitliche_kolosse,standard,1,9,4,18,19,41,4,37,false,false,false
match-096caca3-2361,forschung_muskelkraft,standard,0,10,5,22,24,51,5,46,false,false,false
match-9d849a6a-2362,forschung_muskelkraft,standard,0,6,3,12,13,28,3,25,true,false,false
match-aae9d8ef-2364,urzeitliche_kolosse,standard,1,6,3,11,13,27,3,24,true,true,true
match-243729ad-2365,urzeitliche_kolosse,standard,1,6,1,5,6,12,1,11,true,false,true
match-243729ad-2365,forschung_muskelkraft,standard,0,6,2,7,8,17,2,15,false,false,false
match-b84f1774-2366,forschung_muskelkraft,standard,0,6,1,3,4,8,1,7,true,true,true
match-319c6832-2367,forschung_muskelkraft,standard,0,6,1,2,1,4,1,3,false,false,false
match-319c6832-2367,urzeitliche_kolosse,standard,1,7,4,16,18,38,4,34,true,false,false
match-5a8a41d1-2368,forschung_muskelkraft,standard,0,6,3,11,10,24,3,21,false,false,false
match-d3d7b28e-2369,forschung_muskelkraft,standard,0,6,3,12,13,28,3,25,true,false,false
match-67ef8056-2370,urzeitliche_kolosse,standard,1,6,2,8,10,20,2,18,true,false,false
match-67ef8056-2370,forschung_muskelkraft,standard,0,6,1,4,6,11,1,10,false,false,false
match-e13cf113-2371,forschung_muskelkraft,standard,0,6,4,13,12,29,4,25,true,false,false
match-7554dedb-2372,urzeitliche_kolosse,standard,1,7,3,14,14,31,3,28,true,false,false
match-7554dedb-2372,forschung_muskelkraft,standard,0,8,4,14,12,30,4,26,false,false,false
match-fc076e1d-2375,forschung_muskelkraft,standard,0,6,4,13,11,28,4,24,true,false,false
match-24f547bd-2376,forschung_muskelkraft,standard,0,6,3,12,12,27,3,24,true,true,true
match-9e42b87a-2377,forschung_muskelkraft,standard,0,8,3,9,6,18,3,15,true,true,true
match-325a8642-2378,urzeitliche_kolosse,standard,1,6,3,10,13,26,3,23,true,true,true
match-aba7f6ff-2379,urzeitliche_kolosse,standard,1,6,1,5,6,12,1,11,true,true,true
match-3fbfc4c7-2380,urzeitliche_kolosse,standard,1,6,2,8,10,20,2,18,false,false,false
match-3fbfc4c7-2380,forschung_muskelkraft,standard,0,9,2,4,6,12,2,10,true,true,true
match-b90d3584-2381,forschung_muskelkraft,standard,0,6,4,12,7,23,4,19,false,false,false
match-4d25034c-2382,urzeitliche_kolosse,standard,1,6,3,13,14,30,3,27,false,false,false
match-4d25034c-2382,forschung_muskelkraft,standard,0,6,4,10,14,28,4,24,false,false,false
match-c6727409-2383,urzeitliche_kolosse,standard,1,6,1,5,5,11,1,10,false,false,false
match-c6727409-2383,forschung_muskelkraft,standard,0,6,3,11,14,28,3,25,true,false,false
match-68adbe66-2385,urzeitliche_kolosse,standard,1,6,3,11,12,26,3,23,true,false,false
match-68adbe66-2385,forschung_muskelkraft,standard,0,7,4,7,10,21,4,17,false,false,false
match-7612fceb-2387,urzeitliche_kolosse,standard,1,6,3,12,16,31,3,28,true,false,false
match-7612fceb-2387,forschung_muskelkraft,standard,0,7,4,4,6,14,4,10,false,false,false
match-83783b70-2389,urzeitliche_kolosse,standard,1,6,2,8,10,20,2,18,true,true,true
match-90dd79f5-2391,forschung_muskelkraft,standard,0,6,4,6,5,15,4,11,false,false,false
match-90dd79f5-2391,urzeitliche_kolosse,standard,1,9,5,6,7,18,5,13,true,true,true
match-b9cb5394-2392,forschung_muskelkraft,standard,0,6,3,10,8,21,3,18,true,false,true
match-c7309219-2394,forschung_muskelkraft,standard,0,6,4,7,8,19,4,15,true,false,false
match-407de2d7-2395,forschung_muskelkraft,standard,0,6,2,8,8,18,2,16,false,false,false
match-4de3215c-2397,forschung_muskelkraft,standard,0,6,3,12,13,28,3,25,true,false,false
match-e1fb0f23-2398,urzeitliche_kolosse,standard,1,6,3,11,17,31,3,28,true,false,false
match-e1fb0f23-2398,forschung_muskelkraft,standard,0,6,4,8,10,22,4,18,false,false,false
match-5b487fe1-2399,urzeitliche_kolosse,standard,1,6,1,3,4,8,1,7,true,false,false
match-5b487fe1-2399,forschung_muskelkraft,standard,0,6,2,7,10,19,2,17,false,false,false
match-fd83aa3d-2401,forschung_muskelkraft,standard,0,6,3,13,13,29,3,26,true,true,true
match-919b9805-2402,urzeitliche_kolosse,standard,1,6,3,11,17,31,3,28,true,true,true
match-0ae8e8c3-2403,forschung_muskelkraft,standard,0,7,2,5,4,11,2,9,false,false,false
match-0ae8e8c3-2403,urzeitliche_kolosse,standard,1,12,4,15,20,39,4,35,true,true,true
match-184e2748-2405,urzeitliche_kolosse,standard,1,6,1,5,6,12,1,11,false,false,false
match-184e2748-2405,forschung_muskelkraft,standard,0,6,3,10,10,23,3,20,true,false,false
match-ac66150f-2406,forschung_muskelkraft,standard,0,6,3,10,9,22,3,19,true,false,false
match-25b365cd-2407,forschung_muskelkraft,standard,0,8,4,14,15,33,4,29,true,false,false
match-c7eeb029-2409,forschung_muskelkraft,standard,0,6,2,7,6,15,2,13,false,false,false
match-e2b92d33-2413,urzeitliche_kolosse,standard,1,6,2,8,8,18,2,16,false,false,false
match-e2b92d33-2413,forschung_muskelkraft,standard,0,6,3,12,14,29,3,26,true,false,false
match-f01e6bb8-2415,forschung_muskelkraft,standard,0,6,3,6,5,14,3,11,true,false,false
match-f01e6bb8-2415,urzeitliche_kolosse,standard,1,11,4,10,15,29,4,25,false,false,false
match-190c4558-2416,forschung_muskelkraft,standard,0,6,2,7,5,14,2,12,true,false,false
match-413c00e7-2422,forschung_muskelkraft,standard,0,6,5,11,12,28,5,23,false,false,false
match-ba8971a4-2423,urzeitliche_kolosse,standard,1,6,3,11,10,24,3,21,true,false,false
match-ba8971a4-2423,forschung_muskelkraft,standard,0,6,3,12,14,29,3,26,false,false,false
match-e3774b43-2424,urzeitliche_kolosse,standard,1,6,2,7,8,17,2,15,true,false,false
match-e3774b43-2424,forschung_muskelkraft,standard,0,6,2,9,11,22,2,20,false,false,false
match-f0dc89c8-2426,urzeitliche_kolosse,standard,1,9,5,5,6,16,5,11,true,false,false
match-f0dc89c8-2426,forschung_muskelkraft,standard,0,11,5,17,20,42,5,37,false,false,false
match-6a29fa86-2427,urzeitliche_kolosse,standard,1,6,1,5,6,12,1,11,false,false,false
match-6a29fa86-2427,forschung_muskelkraft,standard,0,6,4,15,17,36,4,32,true,false,false
match-84f47790-2431,urzeitliche_kolosse,standard,1,6,2,9,9,20,2,18,true,false,false
match-ade2512f-2432,urzeitliche_kolosse,standard,1,6,2,6,10,18,2,16,true,false,false
match-ade2512f-2432,forschung_muskelkraft,standard,0,6,3,10,11,24,3,21,false,false,false
match-272fa1ed-2433,forschung_muskelkraft,standard,0,6,3,11,12,26,3,23,false,false,false
match-bb478fb4-2434,urzeitliche_kolosse,standard,1,6,2,9,10,21,2,19,false,false,false
match-bb478fb4-2434,forschung_muskelkraft,standard,0,9,3,9,12,24,3,21,true,false,true
match-3494e072-2435,urzeitliche_kolosse,standard,1,6,1,5,6,12,1,11,true,false,false
match-3494e072-2435,forschung_muskelkraft,standard,0,6,2,9,11,22,2,20,false,false,false
match-c8acce39-2436,urzeitliche_kolosse,standard,1,6,1,5,6,12,1,11,false,false,false
match-c8acce39-2436,forschung_muskelkraft,standard,0,10,4,7,8,19,4,15,true,true,true
match-41fa3ef7-2437,urzeitliche_kolosse,standard,1,6,2,7,12,21,2,19,false,false,false
match-41fa3ef7-2437,forschung_muskelkraft,standard,0,9,2,8,9,19,2,17,true,false,false
match-d6120cbe-2438,urzeitliche_kolosse,standard,1,6,2,8,10,20,2,18,false,false,false
match-d6120cbe-2438,forschung_muskelkraft,standard,0,6,2,9,11,22,2,20,true,false,false
match-4f5f7d7c-2439,forschung_muskelkraft,standard,0,6,2,8,9,19,2,17,true,false,true
match-784d571b-2440,urzeitliche_kolosse,standard,1,6,1,3,5,9,1,8,false,false,false
match-784d571b-2440,forschung_muskelkraft,standard,0,7,2,8,10,20,2,18,true,false,false
match-f19aa7d8-2441,forschung_muskelkraft,standard,0,7,3,6,4,13,3,10,false,false,false
match-85b295a0-2442,urzeitliche_kolosse,standard,1,6,4,14,14,32,4,28,true,false,false
match-85b295a0-2442,forschung_muskelkraft,standard,0,6,4,12,13,29,4,25,false,false,false
match-feffe65d-2443,urzeitliche_kolosse,standard,1,6,2,8,10,20,2,18,false,false,false
match-feffe65d-2443,forschung_muskelkraft,standard,0,6,2,7,10,19,2,17,true,false,false
match-9317d425-2444,forschung_muskelkraft,standard,0,6,4,15,15,34,4,30,true,false,true
match-0c6524e3-2445,urzeitliche_kolosse,standard,1,6,3,12,16,31,3,28,false,false,false
match-0c6524e3-2445,forschung_muskelkraft,standard,0,6,2,6,8,16,2,14,true,false,true
match-42b85d07-2448,urzeitliche_kolosse,standard,1,6,2,7,8,17,2,15,true,false,true
match-bc05adc4-2449,forschung_muskelkraft,standard,0,6,4,11,10,25,4,21,true,true,true
match-501d9b8c-2450,urzeitliche_kolosse,standard,1,6,2,6,4,12,2,10,false,false,false
match-501d9b8c-2450,forschung_muskelkraft,standard,0,6,1,4,6,11,1,10,true,false,true
match-c96aec49-2451,forschung_muskelkraft,standard,0,10,3,16,17,36,3,33,true,false,true
match-5d82da11-2452,urzeitliche_kolosse,standard,1,6,3,11,14,28,3,25,false,false,false
match-5d82da11-2452,forschung_muskelkraft,standard,0,6,2,9,11,22,2,20,true,false,true
match-d6d02ace-2453,forschung_muskelkraft,standard,0,8,3,9,10,22,3,19,false,false,false
match-6ae81896-2454,urzeitliche_kolosse,standard,1,6,3,11,15,29,3,26,false,false,false
match-0d2342f3-2456,forschung_muskelkraft,standard,0,6,5,8,8,21,5,16,false,false,false
match-0d2342f3-2456,urzeitliche_kolosse,standard,1,8,5,20,26,51,5,46,true,false,true
match-8670b3b0-2457,urzeitliche_kolosse,standard,1,6,3,11,10,24,3,21,true,true,true
match-27eddffd-2460,urzeitliche_kolosse,standard,1,6,2,7,9,18,2,16,true,false,false
match-35531e82-2462,urzeitliche_kolosse,standard,1,6,3,11,14,28,3,25,true,false,false
match-aea06f3f-2463,forschung_muskelkraft,standard,0,12,2,5,4,11,2,9,true,true,true
match-d78e48de-2464,forschung_muskelkraft,standard,0,6,3,7,6,16,3,13,true,true,true
match-50dbb99c-2465,forschung_muskelkraft,standard,0,6,3,12,13,28,3,25,true,false,true
match-e4f38763-2466,forschung_muskelkraft,standard,0,6,4,7,6,17,4,13,true,true,true
match-f258c5e8-2468,urzeitliche_kolosse,standard,1,6,2,9,9,20,2,18,true,false,false
match-f258c5e8-2468,forschung_muskelkraft,standard,0,6,4,7,8,19,4,15,false,false,false
match-6ba636a6-2469,forschung_muskelkraft,standard,0,6,2,7,7,16,2,14,true,true,true
match-790b752b-2471,urzeitliche_kolosse,standard,1,6,3,11,14,28,3,25,true,false,false
match-790b752b-2471,forschung_muskelkraft,standard,0,6,5,12,14,31,5,26,false,false,false
match-af5e8d4f-2474,urzeitliche_kolosse,standard,1,6,1,5,6,12,1,11,false,false,false
match-af5e8d4f-2474,forschung_muskelkraft,standard,0,6,2,8,10,20,2,18,true,false,false
match-28abfe0d-2475,urzeitliche_kolosse,standard,1,6,1,5,6,12,1,11,false,false,false
match-28abfe0d-2475,forschung_muskelkraft,standard,0,6,1,4,6,11,1,10,true,false,false
match-bcc3cbd4-2476,forschung_muskelkraft,standard,0,7,3,12,11,26,3,23,false,false,false
match-ca290a59-2478,forschung_muskelkraft,standard,0,6,2,8,9,19,2,17,true,false,true
match-43767b17-2479,urzeitliche_kolosse,standard,1,6,2,9,10,21,2,19,true,false,true
match-43767b17-2479,forschung_muskelkraft,standard,0,6,4,4,6,14,4,10,false,false,false
match-e5b1a573-2481,forschung_muskelkraft,standard,0,6,5,10,6,21,5,16,false,false,false
match-79c9933b-2482,forschung_muskelkraft,standard,0,6,4,9,9,22,4,18,false,false,false
match-872ed1c0-2484,urzeitliche_kolosse,standard,1,6,2,9,10,21,2,19,false,false,false
match-872ed1c0-2484,forschung_muskelkraft,standard,0,7,2,7,10,19,2,17,true,false,false
match-94941045-2486,forschung_muskelkraft,standard,0,6,4,3,4,11,4,7,false,false,false
match-0de16103-2487,forschung_muskelkraft,standard,0,6,3,11,11,25,3,22,true,false,false
match-36cf5aa2-2488,forschung_muskelkraft,standard,0,6,4,7,8,19,4,15,true,true,true
match-b01cab5f-2489,forschung_muskelkraft,standard,0,6,5,9,6,20,5,15,false,false,false
match-b01cab5f-2489,urzeitliche_kolosse,standard,1,7,4,18,23,45,4,41,true,false,false
match-44349927-2490,urzeitliche_kolosse,standard,1,7,4,10,14,28,4,24,true,true,true
match-5199d7ac-2492,urzeitliche_kolosse,standard,1,6,1,3,4,8,1,7,false,false,false
match-5199d7ac-2492,forschung_muskelkraft,standard,0,11,4,4,4,12,4,8,true,false,false
match-5eff1631-2494,urzeitliche_kolosse,standard,1,6,1,5,5,11,1,10,true,true,true
match-013a408e-2496,urzeitliche_kolosse,standard,1,6,3,13,11,27,3,24,true,false,false
match-013a408e-2496,forschung_muskelkraft,standard,0,6,4,8,10,22,4,18,false,false,false
match-7a87b14b-2497,urzeitliche_kolosse,standard,1,8,1,6,6,13,1,12,true,true,true
match-0e9f9f13-2498,forschung_muskelkraft,standard,0,8,5,17,14,36,5,31,true,false,false
match-87ecefd0-2499,forschung_muskelkraft,standard,0,6,4,9,9,22,4,18,false,false,false
match-977031e3-2500,forschung_muskelkraft,standard,0,6,1,4,4,9,1,8,false,false,false
match-977031e3-2500,urzeitliche_kolosse,standard,1,6,4,16,17,37,4,33,true,false,false
match-1e22c126-2501,forschung_muskelkraft,standard,0,6,2,4,4,10,2,8,true,true,true
match-a4d57068-2502,forschung_muskelkraft,standard,0,6,3,11,10,24,3,21,false,false,false
match-2b881fab-2503,forschung_muskelkraft,standard,0,8,1,4,3,8,1,7,false,false,false
match-7ca5b4d9-2504,forschung_muskelkraft,standard,0,6,3,5,5,13,3,10,false,false,false
match-0358441c-2505,forschung_muskelkraft,standard,0,8,3,10,10,23,3,20,true,true,true
match-8a0af35e-2506,urzeitliche_kolosse,standard,1,8,3,18,19,40,3,37,true,false,false
match-8a0af35e-2506,forschung_muskelkraft,standard,0,11,4,12,8,24,4,20,false,false,false
match-10bd82a1-2507,urzeitliche_kolosse,standard,1,6,3,11,14,28,3,25,false,false,false
match-10bd82a1-2507,forschung_muskelkraft,standard,0,11,3,10,7,20,3,17,true,false,false
match-61db37cf-2508,forschung_muskelkraft,standard,0,6,2,6,6,14,2,12,true,false,true
match-6f407654-2510,urzeitliche_kolosse,standard,1,6,3,13,13,29,3,26,true,false,false
match-6f407654-2510,forschung_muskelkraft,standard,0,7,5,8,13,26,5,21,false,false,false
match-5475f94a-2514,urzeitliche_kolosse,standard,1,6,2,7,10,19,2,17,true,false,false
match-5475f94a-2514,forschung_muskelkraft,standard,0,7,3,11,15,29,3,26,false,false,false
match-db28888c-2515,urzeitliche_kolosse,standard,1,6,3,13,16,32,3,29,false,false,false
match-db28888c-2515,forschung_muskelkraft,standard,0,7,5,4,6,15,5,10,false,false,false
match-39ab7c40-2518,forschung_muskelkraft,standard,0,6,3,11,10,24,3,21,true,false,false
match-117ba0b1-2520,urzeitliche_kolosse,standard,1,6,3,14,17,34,3,31,true,false,true
match-982e4ff3-2521,forschung_muskelkraft,standard,0,6,1,5,5,11,1,10,false,false,false
match-982e4ff3-2521,urzeitliche_kolosse,standard,1,6,3,10,10,23,3,20,true,false,false
match-1ee0ff36-2522,forschung_muskelkraft,standard,0,7,4,7,11,22,4,18,true,true,true
match-f6b123a6-2524,urzeitliche_kolosse,standard,1,6,2,10,11,23,2,21,false,false,false
match-f6b123a6-2524,forschung_muskelkraft,standard,0,9,4,21,21,46,4,42,true,false,false
match-7d63d2e9-2525,forschung_muskelkraft,standard,0,6,2,8,7,17,2,15,false,false,false
match-0416622c-2526,forschung_muskelkraft,standard,0,7,2,8,11,21,2,19,true,true,true
match-8ac9116e-2527,urzeitliche_kolosse,standard,1,6,4,16,16,36,4,32,true,true,true
match-dbe6a69c-2528,forschung_muskelkraft,standard,0,6,2,7,8,17,2,15,true,false,false
match-dbe6a69c-2528,urzeitliche_kolosse,standard,1,7,4,4,6,14,4,10,false,false,false
match-629955df-2529,forschung_muskelkraft,standard,0,6,1,5,5,11,1,10,true,false,false
match-629955df-2529,urzeitliche_kolosse,standard,1,6,2,9,12,23,2,21,false,false,false
match-6ffe9464-2531,forschung_muskelkraft,standard,0,6,2,7,6,15,2,13,false,false,false
match-6ffe9464-2531,urzeitliche_kolosse,standard,1,6,2,7,10,19,2,17,false,false,false
match-47ced8d5-2533,forschung_muskelkraft,standard,0,7,4,10,13,27,4,23,false,false,false
match-47ced8d5-2533,urzeitliche_kolosse,standard,1,8,5,4,6,15,5,10,true,false,false
match-ce816817-2534,forschung_muskelkraft,standard,0,6,2,9,9,20,2,18,false,false,false
match-ce816817-2534,urzeitliche_kolosse,standard,1,9,4,17,25,46,4,42,true,false,false
match-b3b6eb0d-2538,urzeitliche_kolosse,standard,1,6,3,13,15,31,3,28,true,false,false
match-3a699a50-2539,urzeitliche_kolosse,standard,1,6,4,6,7,17,4,13,true,false,false
match-3a699a50-2539,forschung_muskelkraft,standard,0,7,4,14,17,35,4,31,false,false,false
match-1239dec1-2541,forschung_muskelkraft,standard,0,6,2,5,2,9,2,7,false,false,false
match-1239dec1-2541,urzeitliche_kolosse,standard,1,7,2,9,12,23,2,21,true,false,false
match-98ec6e03-2542,urzeitliche_kolosse,standard,1,6,4,17,21,42,4,38,false,false,false
match-98ec6e03-2542,forschung_muskelkraft,standard,0,7,4,8,9,21,4,17,false,false,false
match-1f9f1d46-2543,urzeitliche_kolosse,standard,1,6,2,10,12,24,2,22,false,false,false
match-1f9f1d46-2543,forschung_muskelkraft,standard,0,10,3,3,4,10,3,7,true,false,false
match-70bcb274-2544,forschung_muskelkraft,standard,0,6,3,11,10,24,3,21,false,false,false
match-70bcb274-2544,urzeitliche_kolosse,standard,1,6,3,12,14,29,3,26,false,false,false
match-f76f41b6-2545,forschung_muskelkraft,standard,0,6,3,4,4,11,3,8,false,false,false
match-f76f41b6-2545,urzeitliche_kolosse,standard,1,7,4,4,6,14,4,10,true,false,false
match-04d4803c-2547,forschung_muskelkraft,standard,0,6,3,5,5,13,3,10,true,false,false
match-04d4803c-2547,urzeitliche_kolosse,standard,1,7,3,12,16,31,3,28,false,false,false
match-55f2356a-2548,forschung_muskelkraft,standard,0,6,2,7,6,15,2,13,false,false,false
match-dca4c4ac-2549,forschung_muskelkraft,standard,0,6,2,3,4,9,2,7,false,false,false
match-dca4c4ac-2549,urzeitliche_kolosse,standard,1,9,4,14,17,35,4,31,true,true,true
match-635773ef-2550,forschung_muskelkraft,standard,0,6,2,8,7,17,2,15,true,false,true
match-ea0a0331-2551,forschung_muskelkraft,standard,0,6,4,9,9,22,4,18,false,false,false
match-3b27b860-2552,forschung_muskelkraft,standard,0,6,2,8,8,18,2,16,false,false,false
match-c1da47a2-2553,urzeitliche_kolosse,standard,1,7,2,10,14,26,2,24,true,false,true
match-205d3b56-2556,forschung_muskelkraft,standard,0,8,1,3,2,6,1,5,false,false,false
match-a70fca98-2557,urzeitliche_kolosse,standard,1,6,4,16,21,41,4,37,true,false,true
match-2dc279db-2558,forschung_muskelkraft,standard,0,6,1,5,5,11,1,10,true,true,true
match-0592be4c-2560,urzeitliche_kolosse,standard,1,6,4,17,20,41,4,37,false,false,false
match-0592be4c-2560,forschung_muskelkraft,standard,0,7,5,12,15,32,5,27,true,false,false
match-99aa8c13-2563,urzeitliche_kolosse,standard,1,7,3,14,20,37,3,34,false,false,false
match-99aa8c13-2563,forschung_muskelkraft,standard,0,13,4,12,13,29,4,25,true,false,true
match-44182285-2564,forschung_muskelkraft,standard,0,6,1,5,5,11,1,10,true,false,false
match-44182285-2564,urzeitliche_kolosse,standard,1,6,2,7,10,19,2,17,false,false,false
match-cacad1c7-2565,urzeitliche_kolosse,standard,1,6,3,12,14,29,3,26,true,true,true
match-517d610a-2566,forschung_muskelkraft,standard,0,6,1,5,5,11,1,10,false,false,false
match-517d610a-2566,urzeitliche_kolosse,standard,1,6,3,13,16,32,3,29,true,false,false
match-d830104c-2567,forschung_muskelkraft,standard,0,6,1,5,5,11,1,10,false,false,false
match-294da57b-2568,urzeitliche_kolosse,standard,1,7,2,8,10,20,2,18,false,false,false
match-294da57b-2568,forschung_muskelkraft,standard,0,7,3,11,12,26,3,23,true,false,true
match-36b2e400-2570,forschung_muskelkraft,standard,0,7,3,4,3,10,3,7,true,true,true
match-9535d7b3-2573,urzeitliche_kolosse,standard,1,6,3,14,16,33,3,30,true,false,false
match-9535d7b3-2573,forschung_muskelkraft,standard,0,9,5,9,11,25,5,20,false,false,false
match-1be866f6-2574,urzeitliche_kolosse,standard,1,6,4,15,19,38,4,34,true,false,true
match-a29b1638-2575,forschung_muskelkraft,standard,0,6,2,8,9,19,2,17,true,false,false
match-a29b1638-2575,urzeitliche_kolosse,standard,1,6,3,12,15,30,3,27,false,false,false
match-f3b8ab66-2576,urzeitliche_kolosse,standard,1,7,3,11,12,26,3,23,true,false,true
match-7a6b5aa9-2577,forschung_muskelkraft,standard,0,6,1,3,2,6,1,5,true,false,true
match-011de9ec-2578,forschung_muskelkraft,standard,0,6,2,3,4,9,2,7,false,false,false
match-011de9ec-2578,urzeitliche_kolosse,standard,1,7,3,12,16,31,3,28,true,false,true
match-d8ee2e5c-2580,forschung_muskelkraft,standard,0,6,3,5,5,13,3,10,false,false,false
match-5fa0dd9f-2581,urzeitliche_kolosse,standard,1,6,4,18,23,45,4,41,true,false,false
match-5fa0dd9f-2581,forschung_muskelkraft,standard,0,7,4,11,14,29,4,25,false,false,false
match-e6536ce1-2582,forschung_muskelkraft,standard,0,6,1,5,5,11,1,10,false,false,false
match-be23b152-2584,forschung_muskelkraft,standard,0,6,4,4,4,12,4,8,false,false,false
match-44d64095-2585,urzeitliche_kolosse,standard,1,6,5,20,22,47,5,42,false,false,false
match-44d64095-2585,forschung_muskelkraft,standard,0,7,3,12,17,32,3,29,true,false,false
match-a3593448-2588,forschung_muskelkraft,standard,0,10,1,4,3,8,1,7,true,true,true
match-2a0bc38b-2589,urzeitliche_kolosse,standard,1,6,4,5,6,15,4,11,true,false,true
match-b0be72cd-2590,forschung_muskelkraft,standard,0,6,1,4,4,9,1,8,true,false,true
match-b0be72cd-2590,urzeitliche_kolosse,standard,1,6,4,17,21,42,4,38,false,false,false
match-37710210-2591,forschung_muskelkraft,standard,0,6,2,0,0,2,2,0,true,false,true
match-0f414681-2593,urzeitliche_kolosse,standard,1,6,2,9,12,23,2,21,false,false,false
match-0f414681-2593,forschung_muskelkraft,standard,0,7,2,8,9,19,2,17,true,false,false
match-95f3f5c3-2594,forschung_muskelkraft,standard,0,6,2,8,7,17,2,15,false,false,false
match-1ca68506-2595,forschung_muskelkraft,standard,0,7,3,13,12,28,3,25,true,true,true
match-6dc43a34-2596,forschung_muskelkraft,standard,0,6,2,8,7,17,2,15,false,false,false
match-f476c976-2597,urzeitliche_kolosse,standard,1,6,3,12,17,32,3,29,true,false,false
match-f476c976-2597,forschung_muskelkraft,standard,0,7,2,8,13,23,2,21,false,false,false
match-7b2978b9-2598,forschung_muskelkraft,standard,0,6,2,7,8,17,2,15,true,true,true
match-d9ac4c6c-2601,forschung_muskelkraft,standard,0,6,2,8,8,18,2,16,false,false,false
match-605efbaf-2602,forschung_muskelkraft,standard,0,7,4,8,7,19,4,15,true,true,true
match-bee1cf62-2605,forschung_muskelkraft,standard,0,6,2,8,7,17,2,15,false,false,false
match-bee1cf62-2605,urzeitliche_kolosse,standard,1,6,2,7,10,19,2,17,true,false,false
match-45947ea5-2606,forschung_muskelkraft,standard,0,6,3,4,4,11,3,8,true,false,false
match-45947ea5-2606,urzeitliche_kolosse,standard,1,6,4,16,22,42,4,38,false,false,false
match-cc470de7-2607,urzeitliche_kolosse,standard,1,6,3,5,6,14,3,11,true,true,true
match-1d64a316-2608,forschung_muskelkraft,standard,0,8,2,8,9,19,2,17,true,false,true
match-1d64a316-2608,urzeitliche_kolosse,standard,1,9,4,18,19,41,4,37,false,false,false
match-2ac9e19b-2610,urzeitliche_kolosse,standard,1,6,5,5,6,16,5,11,true,false,true
match-b17c90dd-2611,urzeitliche_kolosse,standard,1,6,3,14,16,33,3,30,true,false,false
match-b17c90dd-2611,forschung_muskelkraft,standard,0,7,5,12,14,31,5,26,false,false,false
match-029a260c-2612,forschung_muskelkraft,standard,0,6,1,2,2,5,1,4,false,false,false
match-029a260c-2612,urzeitliche_kolosse,standard,1,6,3,11,14,28,3,25,true,false,false
match-894cd54e-2613,urzeitliche_kolosse,standard,1,6,3,12,15,30,3,27,true,false,false
match-894cd54e-2613,forschung_muskelkraft,standard,0,7,2,8,13,23,2,21,false,false,false
match-0fff6491-2614,urzeitliche_kolosse,standard,1,7,2,9,15,26,2,24,true,false,false
match-96b213d3-2615,forschung_muskelkraft,standard,0,6,1,5,5,11,1,10,false,false,false
match-96b213d3-2615,urzeitliche_kolosse,standard,1,6,2,9,12,23,2,21,true,false,false
match-e7cfa901-2616,forschung_muskelkraft,standard,0,6,1,2,0,3,1,2,true,true,true
match-6e825844-2617,forschung_muskelkraft,standard,0,6,2,4,4,10,2,8,true,true,true
match-7be796c9-2619,urzeitliche_kolosse,standard,1,6,3,10,12,25,3,22,true,false,false
match-7be796c9-2619,forschung_muskelkraft,standard,0,10,4,17,22,43,4,39,false,false,false
match-cd052bf7-2620,forschung_muskelkraft,standard,0,6,2,4,4,10,2,8,true,false,true
match-53b7db3a-2621,forschung_muskelkraft,standard,0,6,2,8,8,18,2,16,true,true,true
match-da6a6a7c-2622,forschung_muskelkraft,standard,0,6,1,3,4,8,1,7,false,false,false
match-611d19bf-2623,forschung_muskelkraft,standard,0,6,2,8,7,17,2,15,false,false,false
match-611d19bf-2623,urzeitliche_kolosse,standard,1,6,3,12,15,30,3,27,true,false,false
match-b23aaeed-2624,urzeitliche_kolosse,standard,1,6,4,18,23,45,4,41,true,false,false
match-b23aaeed-2624,forschung_muskelkraft,standard,0,8,3,12,14,29,3,26,false,false,false
match-38ed5e30-2625,urzeitliche_kolosse,standard,1,7,4,17,21,42,4,38,true,false,true
match-38ed5e30-2625,forschung_muskelkraft,standard,0,7,3,7,8,18,3,15,false,false,false
match-bf9fed72-2626,urzeitliche_kolosse,standard,1,6,2,10,11,23,2,21,true,true,true
match-46529cb5-2627,forschung_muskelkraft,standard,0,6,2,7,7,16,2,14,true,false,false
match-46529cb5-2627,urzeitliche_kolosse,standard,1,6,2,7,10,19,2,17,false,false,false
match-f0c03326-2628,forschung_muskelkraft,standard,0,7,4,12,8,24,4,20,false,false,false
match-7772c269-2629,forschung_muskelkraft,standard,0,7,3,6,5,14,3,11,false,false,false
match-fe2571ab-2630,forschung_muskelkraft,standard,0,6,2,6,6,14,2,12,false,false,false
match-84d800ee-2631,urzeitliche_kolosse,standard,1,6,3,14,16,33,3,30,false,false,false
match-84d800ee-2631,forschung_muskelkraft,standard,0,7,3,12,13,28,3,25,true,false,false
match-d5f5b61c-2632,forschung_muskelkraft,standard,0,6,1,4,4,9,1,8,true,false,false
match-d5f5b61c-2632,urzeitliche_kolosse,standard,1,7,3,13,15,31,3,28,false,false,false
match-e35af4a1-2634,forschung_muskelkraft,standard,0,6,2,7,6,15,2,13,true,false,false
match-e35af4a1-2634,urzeitliche_kolosse,standard,1,7,3,11,12,26,3,23,false,false,false
match-6a0d83e4-2635,forschung_muskelkraft,standard,0,6,1,5,5,11,1,10,true,false,false
match-6a0d83e4-2635,urzeitliche_kolosse,standard,1,6,2,9,12,23,2,21,false,false,false
match-bb2b3912-2636,forschung_muskelkraft,standard,0,6,1,5,5,11,1,10,true,true,true
match-41ddc855-2637,forschung_muskelkraft,standard,0,6,1,4,4,9,1,8,true,false,false
match-41ddc855-2637,urzeitliche_kolosse,standard,1,6,2,7,11,20,2,18,false,false,false
match-4f4306da-2639,urzeitliche_kolosse,standard,1,6,2,9,12,23,2,21,true,true,true
match-a060bc08-2640,urzeitliche_kolosse,standard,1,6,3,14,17,34,3,31,true,false,false
match-27134b4b-2641,forschung_muskelkraft,standard,0,6,3,3,4,10,3,7,true,false,false
match-adc5fa8d-2642,forschung_muskelkraft,standard,0,6,4,8,8,20,4,16,true,true,true
match-347889d0-2643,urzeitliche_kolosse,standard,1,6,3,13,14,30,3,27,true,false,false
match-347889d0-2643,forschung_muskelkraft,standard,0,9,5,18,23,46,5,41,false,false,false
match-85963efe-2644,forschung_muskelkraft,standard,0,6,2,3,2,7,2,5,false,false,false
match-19ae0cc6-2647,forschung_muskelkraft,standard,0,6,2,3,4,9,2,7,false,false,false
match-19ae0cc6-2647,urzeitliche_kolosse,standard,1,6,4,13,18,35,4,31,true,false,false
match-f17e5136-2649,forschung_muskelkraft,standard,0,6,2,5,5,12,2,10,false,false,false
match-fee38fbb-2651,urzeitliche_kolosse,standard,1,8,4,6,7,17,4,13,false,false,false
match-fee38fbb-2651,forschung_muskelkraft,standard,0,11,4,14,15,33,4,29,true,false,true
match-500124ea-2652,forschung_muskelkraft,standard,0,6,3,8,9,20,3,17,true,false,true
match-d6b3d42c-2653,urzeitliche_kolosse,standard,1,6,2,10,12,24,2,22,true,false,false
match-d6b3d42c-2653,forschung_muskelkraft,standard,0,7,4,14,17,35,4,31,false,false,false
match-5d66636f-2654,forschung_muskelkraft,standard,0,6,3,5,5,13,3,10,true,true,true
match-e41912b1-2655,urzeitliche_kolosse,standard,1,6,3,12,17,32,3,29,false,false,false
match-e41912b1-2655,forschung_muskelkraft,standard,0,9,5,16,13,34,5,29,true,true,true
match-3536a7e0-2656,urzeitliche_kolosse,standard,1,6,3,12,17,32,3,29,true,true,true
match-bbe95722-2657,forschung_muskelkraft,standard,0,7,5,8,6,19,5,14,false,false,false
match-429be665-2658,urzeitliche_kolosse,standard,1,6,3,13,13,29,3,26,true,false,false
match-a11eda18-2661,urzeitliche_kolosse,standard,1,6,4,17,19,40,4,36,false,false,false
match-a11eda18-2661,forschung_muskelkraft,standard,0,7,3,12,17,32,3,29,true,false,false
match-27d1695b-2662,urzeitliche_kolosse,standard,1,7,4,17,20,41,4,37,false,false,false
match-ae84189d-2663,urzeitliche_kolosse,standard,1,6,4,5,6,15,4,11,true,false,false
match-ae84189d-2663,forschung_muskelkraft,standard,0,8,4,14,19,37,4,33,false,false,false
match-86545d0e-2665,forschung_muskelkraft,standard,0,7,4,13,12,29,4,25,true,true,true
match-0d06ec51-2666,forschung_muskelkraft,standard,0,6,3,9,10,22,3,19,true,false,true
match-0d06ec51-2666,urzeitliche_kolosse,standard,1,6,4,14,18,36,4,32,false,false,false
match-93b99b93-2667,forschung_muskelkraft,standard,0,6,1,4,4,9,1,8,false,false,false
match-93b99b93-2667,urzeitliche_kolosse,standard,1,6,3,11,13,27,3,24,true,false,false
match-6b89c004-2669,forschung_muskelkraft,standard,0,6,1,4,4,9,1,8,true,true,true
match-f23c6f46-2670,urzeitliche_kolosse,standard,1,6,3,12,14,29,3,26,true,false,false
match-f23c6f46-2670,forschung_muskelkraft,standard,0,7,3,12,17,32,3,29,false,false,false
match-78ef1e89-2671,forschung_muskelkraft,standard,0,6,1,4,4,9,1,8,true,true,true
match-ca0cb3b7-2672,urzeitliche_kolosse,standard,1,6,2,10,12,24,2,22,true,false,false
match-ca0cb3b7-2672,forschung_muskelkraft,standard,0,8,4,4,7,15,4,11,false,false,false
match-d771f23c-2674,forschung_muskelkraft,standard,0,6,3,10,9,22,3,19,false,false,false
match-d771f23c-2674,urzeitliche_kolosse,standard,1,6,3,13,15,31,3,28,true,false,false
match-af4236ad-2676,urzeitliche_kolosse,standard,1,6,2,9,11,22,2,20,true,false,false
match-af4236ad-2676,forschung_muskelkraft,standard,0,10,2,6,6,14,2,12,false,false,false
match-35f4c5f0-2677,forschung_muskelkraft,standard,0,6,2,5,5,12,2,10,false,false,false
match-35f4c5f0-2677,urzeitliche_kolosse,standard,1,8,4,10,14,28,4,24,true,false,false
match-bca77532-2678,forschung_muskelkraft,standard,0,7,3,11,9,23,3,20,true,false,true
match-9477b9a3-2680,forschung_muskelkraft,standard,0,6,4,8,9,21,4,17,false,false,false
match-1b2a48e6-2681,urzeitliche_kolosse,standard,1,7,2,9,12,23,2,21,false,false,false
match-1b2a48e6-2681,forschung_muskelkraft,standard,0,7,2,7,10,19,2,17,true,false,false
match-005fcbdc-2685,forschung_muskelkraft,standard,0,6,1,5,5,11,1,10,false,false,false
match-005fcbdc-2685,urzeitliche_kolosse,standard,1,7,2,9,11,22,2,20,true,false,true
match-87127b1e-2686,forschung_muskelkraft,standard,0,6,1,4,4,9,1,8,true,false,true
match-6c47fe14-2690,forschung_muskelkraft,standard,0,6,3,8,6,17,3,14,true,false,false
match-6c47fe14-2690,urzeitliche_kolosse,standard,1,6,2,9,12,23,2,21,false,false,false
match-f2fa8d56-2691,urzeitliche_kolosse,standard,1,6,2,10,11,23,2,21,true,false,false
match-f2fa8d56-2691,forschung_muskelkraft,standard,0,8,3,11,12,26,3,23,false,false,false
match-9d6823c8-2692,urzeitliche_kolosse,standard,1,6,3,12,16,31,3,28,true,false,false
match-9d6823c8-2692,forschung_muskelkraft,standard,0,12,2,6,4,12,2,10,false,false,false
match-241ad30b-2693,forschung_muskelkraft,standard,0,6,1,5,5,11,1,10,true,true,true
match-aacd624d-2694,urzeitliche_kolosse,standard,1,8,4,22,23,49,4,45,true,false,false
match-aacd624d-2694,forschung_muskelkraft,standard,0,9,3,13,16,32,3,29,false,false,false
match-31801190-2695,urzeitliche_kolosse,standard,1,10,5,12,13,30,5,25,true,false,false
match-31801190-2695,forschung_muskelkraft,standard,0,12,5,8,10,23,5,18,false,false,false
match-09505601-2697,forschung_muskelkraft,standard,0,6,3,11,10,24,3,21,true,false,true
match-9002e543-2698,forschung_muskelkraft,standard,0,8,3,4,7,14,3,11,true,false,false
match-ee85d8f6-2701,forschung_muskelkraft,standard,0,6,4,4,4,12,4,8,true,false,false
match-ee85d8f6-2701,urzeitliche_kolosse,standard,1,6,3,13,16,32,3,29,false,false,false
match-d3bb5bec-2705,forschung_muskelkraft,standard,0,6,2,6,4,12,2,10,false,false,false
match-d3bb5bec-2705,urzeitliche_kolosse,standard,1,6,3,12,16,31,3,28,true,false,false
match-323e2fa0-2708,urzeitliche_kolosse,standard,1,6,5,5,6,16,5,11,false,false,false
match-323e2fa0-2708,forschung_muskelkraft,standard,0,8,4,12,13,29,4,25,true,false,false
match-b8f0dee2-2709,forschung_muskelkraft,standard,0,6,3,4,4,11,3,8,false,false,false
match-b8f0dee2-2709,urzeitliche_kolosse,standard,1,8,5,19,29,53,5,48,true,false,false
match-3fa36e25-2710,urzeitliche_kolosse,standard,1,6,4,15,18,37,4,33,true,false,true
match-c6561d67-2711,forschung_muskelkraft,standard,0,6,4,6,4,14,4,10,false,false,false
match-c6561d67-2711,urzeitliche_kolosse,standard,1,7,3,13,16,32,3,29,true,false,false
match-9e2641d8-2713,forschung_muskelkraft,standard,0,6,1,4,4,9,1,8,true,false,false
match-9e2641d8-2713,urzeitliche_kolosse,standard,1,6,5,18,20,43,5,38,false,false,false
match-24d8f11b-2714,urzeitliche_kolosse,standard,1,6,4,17,20,41,4,37,true,false,false
match-24d8f11b-2714,forschung_muskelkraft,standard,0,7,5,12,11,28,5,23,false,false,false
match-ab8b805d-2715,forschung_muskelkraft,standard,0,7,1,4,7,12,1,11,true,false,false
match-fca9358b-2716,forschung_muskelkraft,standard,0,8,1,0,0,1,1,0,false,false,false
match-835bc4ce-2717,forschung_muskelkraft,standard,0,6,2,5,5,12,2,10,false,false,false
match-835bc4ce-2717,urzeitliche_kolosse,standard,1,6,4,16,21,41,4,37,true,false,false
match-0a0e7411-2718,forschung_muskelkraft,standard,0,8,2,4,7,13,2,11,false,false,false
match-90c10353-2719,urzeitliche_kolosse,standard,1,7,4,16,19,39,4,35,true,false,false
match-90c10353-2719,forschung_muskelkraft,standard,0,7,3,9,11,23,3,20,false,false,false
match-689147c4-2721,forschung_muskelkraft,standard,0,8,2,9,9,20,2,18,false,false,false
match-75f68649-2723,forschung_muskelkraft,standard,0,6,4,4,4,12,4,8,true,false,false
match-4dc6caba-2725,forschung_muskelkraft,standard,0,6,3,9,8,20,3,17,false,false,false
match-4dc6caba-2725,urzeitliche_kolosse,standard,1,7,3,12,17,32,3,29,true,false,false
match-d47979fc-2726,urzeitliche_kolosse,standard,1,6,3,14,17,34,3,31,true,true,true
match-5b2c093f-2727,forschung_muskelkraft,standard,0,6,3,5,5,13,3,10,false,false,false
match-5b2c093f-2727,urzeitliche_kolosse,standard,1,6,4,16,17,37,4,33,true,false,false
match-ac49be6d-2728,forschung_muskelkraft,standard,0,8,1,4,7,12,1,11,true,true,true
match-32fc4db0-2729,urzeitliche_kolosse,standard,1,6,3,14,16,33,3,30,false,false,false
match-32fc4db0-2729,forschung_muskelkraft,standard,0,7,3,12,13,28,3,25,true,false,false
match-b9aefcf2-2730,urzeitliche_kolosse,standard,1,6,2,10,11,23,2,21,true,true,true
match-40618c35-2731,forschung_muskelkraft,standard,0,6,2,5,4,11,2,9,false,false,false
match-1831d0a6-2733,forschung_muskelkraft,standard,0,6,2,5,4,11,2,9,true,false,false
match-9ee47fe8-2734,forschung_muskelkraft,standard,0,7,2,9,8,19,2,17,false,false,false
match-25970f2b-2735,urzeitliche_kolosse,standard,1,6,4,14,21,39,4,35,false,false,false
match-25970f2b-2735,forschung_muskelkraft,standard,0,7,3,10,15,28,3,25,true,false,false
match-5bea274f-2740,forschung_muskelkraft,standard,0,8,2,8,11,21,2,19,true,false,false
match-e29cd691-2741,forschung_muskelkraft,standard,0,6,2,8,8,18,2,16,true,true,true
match-694f65d4-2742,forschung_muskelkraft,standard,0,7,3,9,4,16,3,13,true,true,true
match-f0021516-2743,urzeitliche_kolosse,standard,1,9,5,19,26,50,5,45,true,false,false
match-f0021516-2743,forschung_muskelkraft,standard,0,10,3,8,9,20,3,17,false,false,false
match-411faa45-2744,forschung_muskelkraft,standard,0,7,4,8,11,23,4,19,true,true,true
match-ad07dc7d-2749,urzeitliche_kolosse,standard,1,6,4,18,20,42,4,38,true,false,false
match-33ba6bc0-2750,urzeitliche_kolosse,standard,1,6,3,12,14,29,3,26,true,false,false
match-33ba6bc0-2750,forschung_muskelkraft,standard,0,7,5,7,8,20,5,15,false,false,false
match-ba6d1b02-2751,forschung_muskelkraft,standard,0,6,1,5,5,11,1,10,true,false,false
match-ba6d1b02-2751,urzeitliche_kolosse,standard,1,6,3,13,15,31,3,28,false,false,false
match-0b8ab031-2752,forschung_muskelkraft,standard,0,6,3,8,7,18,3,15,false,false,false
match-0b8ab031-2752,urzeitliche_kolosse,standard,1,6,2,9,12,23,2,21,true,false,false
match-18efeeb6-2754,forschung_muskelkraft,standard,0,6,2,6,4,12,2,10,false,false,false
match-e4d02f5c-2756,urzeitliche_kolosse,standard,1,6,3,13,16,32,3,29,true,false,false
match-e4d02f5c-2756,forschung_muskelkraft,standard,0,8,5,13,18,36,5,31,false,false,false
match-6b82de9f-2757,forschung_muskelkraft,standard,0,6,3,4,4,11,3,8,false,false,false
match-78e81d24-2759,forschung_muskelkraft,standard,0,9,4,17,15,36,4,32,true,false,false
match-ca05b252-2760,forschung_muskelkraft,standard,0,6,2,6,6,14,2,12,false,false,false
match-ca05b252-2760,urzeitliche_kolosse,standard,1,6,3,12,16,31,3,28,true,false,false
match-50b84195-2761,forschung_muskelkraft,standard,0,6,4,7,6,17,4,13,false,false,false
match-50b84195-2761,urzeitliche_kolosse,standard,1,6,3,13,16,32,3,29,true,false,false
match-d76af0d7-2762,forschung_muskelkraft,standard,0,6,2,5,6,13,2,11,true,false,true
match-af3b3548-2764,forschung_muskelkraft,standard,0,6,2,5,5,12,2,10,false,false,false
match-bca073cd-2766,forschung_muskelkraft,standard,0,6,3,3,4,10,3,7,false,false,false
match-bca073cd-2766,urzeitliche_kolosse,standard,1,6,4,16,21,41,4,37,true,false,false
match-a1d5f6c3-2770,urzeitliche_kolosse,standard,1,6,3,14,17,34,3,31,true,false,false
match-a1d5f6c3-2770,forschung_muskelkraft,standard,0,7,5,8,10,23,5,18,false,false,false
match-28888606-2771,urzeitliche_kolosse,standard,1,6,4,15,20,39,4,35,true,false,false
match-870b79b9-2774,urzeitliche_kolosse,standard,1,6,4,16,23,43,4,39,false,false,false
match-870b79b9-2774,forschung_muskelkraft,standard,0,12,2,0,0,2,2,0,true,true,true
match-0dbe08fc-2775,urzeitliche_kolosse,standard,1,7,3,13,20,36,3,33,false,false,false
match-5edbbe2a-2776,forschung_muskelkraft,standard,0,6,1,5,5,11,1,10,false,false,false
match-5edbbe2a-2776,urzeitliche_kolosse,standard,1,9,5,21,26,52,5,47,true,false,true
match-e58e4d6c-2777,forschung_muskelkraft,standard,0,6,2,8,9,19,2,17,true,false,false
match-e58e4d6c-2777,urzeitliche_kolosse,standard,1,7,3,4,6,13,3,10,false,false,false
match-6c40fcaf-2778,forschung_muskelkraft,standard,0,6,1,3,4,8,1,7,true,false,false
match-6c40fcaf-2778,urzeitliche_kolosse,standard,1,6,3,11,13,27,3,24,false,false,false
match-f2f38bf1-2779,forschung_muskelkraft,standard,0,6,1,4,4,9,1,8,true,true,true
match-44112120-2780,forschung_muskelkraft,standard,0,6,3,3,4,10,3,7,false,false,false
match-cac3d062-2781,forschung_muskelkraft,standard,0,6,3,8,5,16,3,13,false,false,false
match-cac3d062-2781,urzeitliche_kolosse,standard,1,6,3,13,16,32,3,29,true,false,false
match-51767fa5-2782,urzeitliche_kolosse,standard,1,6,4,16,22,42,4,38,true,true,true
match-2946a416-2784,forschung_muskelkraft,standard,0,6,2,7,6,15,2,13,false,false,false
match-2946a416-2784,urzeitliche_kolosse,standard,1,7,3,13,15,31,3,28,true,false,true
match-bd5e91dd-2787,urzeitliche_kolosse,standard,1,6,4,15,18,37,4,33,true,false,false
match-bd5e91dd-2787,forschung_muskelkraft,standard,0,7,2,8,10,20,2,18,false,false,false
match-0e7c270c-2788,urzeitliche_kolosse,standard,1,6,3,13,12,28,3,25,true,true,true
match-952ed64e-2789,forschung_muskelkraft,standard,0,6,4,4,4,12,4,8,false,false,false
match-1be16591-2790,forschung_muskelkraft,standard,0,6,4,9,9,22,4,18,true,false,false
match-1be16591-2790,urzeitliche_kolosse,standard,1,6,3,13,16,32,3,29,false,false,false
match-a29414d3-2791,urzeitliche_kolosse,standard,1,6,3,14,17,34,3,31,true,false,false
match-a29414d3-2791,forschung_muskelkraft,standard,0,8,3,12,17,32,3,29,false,false,false
match-f3b1aa01-2792,forschung_muskelkraft,standard,0,6,2,6,4,12,2,10,false,false,false
match-f3b1aa01-2792,urzeitliche_kolosse,standard,1,6,4,16,21,41,4,37,true,false,false
match-0116e887-2794,forschung_muskelkraft,standard,0,6,3,6,4,13,3,10,false,false,false
match-5f99dc3a-2797,forschung_muskelkraft,standard,0,6,2,5,5,12,2,10,false,false,false
match-e64c6b7c-2798,urzeitliche_kolosse,standard,1,6,3,12,16,31,3,28,true,false,false
match-e64c6b7c-2798,forschung_muskelkraft,standard,0,10,3,5,5,13,3,10,false,false,false
match-6cff1abf-2799,forschung_muskelkraft,standard,0,6,1,2,1,4,1,3,false,false,false
match-6cff1abf-2799,urzeitliche_kolosse,standard,1,6,2,9,11,22,2,20,true,false,false
match-44cf5f30-2801,urzeitliche_kolosse,standard,1,6,4,18,19,41,4,37,true,false,false
match-44cf5f30-2801,forschung_muskelkraft,standard,0,7,4,8,10,22,4,18,false,false,false
match-a35232e3-2804,forschung_muskelkraft,standard,0,6,1,3,2,6,1,5,false,false,false
match-a35232e3-2804,urzeitliche_kolosse,standard,1,6,3,11,14,28,3,25,true,false,false
match-2a04c226-2805,forschung_muskelkraft,standard,0,7,4,6,4,14,4,10,false,false,false
match-2a04c226-2805,urzeitliche_kolosse,standard,1,9,5,20,25,50,5,45,true,true,true
match-8887b5d9-2808,forschung_muskelkraft,standard,0,6,2,8,9,19,2,17,false,false,false
match-8887b5d9-2808,urzeitliche_kolosse,standard,1,10,5,23,28,56,5,51,true,false,true
match-0f3a451c-2809,forschung_muskelkraft,standard,0,7,3,7,8,18,3,15,false,false,false
match-95ecf45e-2810,forschung_muskelkraft,standard,0,7,5,10,13,28,5,23,true,false,false
match-1c9f83a1-2811,urzeitliche_kolosse,standard,1,6,2,8,10,20,2,18,false,false,false
match-1c9f83a1-2811,forschung_muskelkraft,standard,0,12,1,2,2,5,1,4,true,false,true
match-6dbd38cf-2812,urzeitliche_kolosse,standard,1,6,4,18,23,45,4,41,true,false,false
match-f46fc811-2813,urzeitliche_kolosse,standard,1,6,3,12,15,30,3,27,false,false,false
match-f46fc811-2813,forschung_muskelkraft,standard,0,9,5,14,14,33,5,28,true,false,false
match-7b227754-2814,forschung_muskelkraft,standard,0,6,3,5,5,13,3,10,true,false,false
match-7b227754-2814,urzeitliche_kolosse,standard,1,6,4,16,19,39,4,35,false,false,false
match-01d50697-2815,forschung_muskelkraft,standard,0,6,1,4,4,9,1,8,true,false,false
match-01d50697-2815,urzeitliche_kolosse,standard,1,13,4,11,15,30,4,26,false,false,false
match-52f2bbc5-2816,forschung_muskelkraft,standard,0,6,2,8,8,18,2,16,false,false,false
match-d9a54b07-2817,urzeitliche_kolosse,standard,1,6,2,5,6,13,2,11,false,false,false
match-d9a54b07-2817,forschung_muskelkraft,standard,0,7,4,15,15,34,4,30,true,false,false
match-6057fa4a-2818,forschung_muskelkraft,standard,0,7,2,8,7,17,2,15,true,true,true
match-91783ffe-2820,forschung_muskelkraft,standard,0,6,3,10,8,21,3,18,false,false,false
match-91783ffe-2820,urzeitliche_kolosse,standard,1,6,3,4,6,13,3,10,true,false,false
match-9edd7e83-2822,urzeitliche_kolosse,standard,1,6,4,18,26,48,4,44,true,false,false
match-9edd7e83-2822,forschung_muskelkraft,standard,0,7,3,11,14,28,3,25,false,false,false
match-25900dc6-2823,urzeitliche_kolosse,standard,1,6,4,16,20,40,4,36,true,true,true
match-76ada2f4-2824,urzeitliche_kolosse,standard,1,8,5,9,9,23,5,18,true,true,true
match-fd605236-2825,urzeitliche_kolosse,standard,1,7,2,8,7,17,2,15,true,false,false
match-fd605236-2825,forschung_muskelkraft,standard,0,7,3,9,8,20,3,17,false,false,false
match-5be325ea-2828,urzeitliche_kolosse,standard,1,6,2,8,10,20,2,18,false,false,false
match-e295d52c-2829,forschung_muskelkraft,standard,0,9,3,4,3,10,3,7,true,true,true
match-effb13b1-2831,urzeitliche_kolosse,standard,1,7,2,10,12,24,2,22,false,false,false
match-effb13b1-2831,forschung_muskelkraft,standard,0,9,5,14,14,33,5,28,true,true,true
match-c7cb5822-2833,forschung_muskelkraft,standard,0,7,1,4,4,9,1,8,true,true,true
match-4e7de765-2834,urzeitliche_kolosse,standard,1,6,4,16,18,38,4,34,true,false,false
match-4e7de765-2834,forschung_muskelkraft,standard,0,7,2,9,10,21,2,19,false,false,false
match-ad00db18-2837,urzeitliche_kolosse,standard,1,6,3,14,15,32,3,29,false,false,false
match-ad00db18-2837,forschung_muskelkraft,standard,0,10,4,16,19,39,4,35,true,false,false
match-33b36a5b-2838,forschung_muskelkraft,standard,0,6,4,9,9,22,4,18,true,false,false
match-33b36a5b-2838,urzeitliche_kolosse,standard,1,9,4,20,30,54,4,50,false,false,false
match-ba66199d-2839,urzeitliche_kolosse,standard,1,7,2,10,15,27,2,25,true,true,true
match-0b83aecc-2840,forschung_muskelkraft,standard,0,6,2,6,6,14,2,12,true,false,false
match-0b83aecc-2840,urzeitliche_kolosse,standard,1,6,2,7,11,20,2,18,false,false,false
match-92365e0e-2841,forschung_muskelkraft,standard,0,6,2,3,2,7,2,5,false,false,false
match-9f9b9c93-2843,urzeitliche_kolosse,standard,1,6,3,12,15,30,3,27,true,false,false
match-9f9b9c93-2843,forschung_muskelkraft,standard,0,7,3,12,10,25,3,22,false,false,false
match-f0b931c1-2844,forschung_muskelkraft,standard,0,6,3,11,10,24,3,21,true,false,false
match-84d11f89-2847,urzeitliche_kolosse,standard,1,6,3,14,16,33,3,30,false,false,false
match-84d11f89-2847,forschung_muskelkraft,standard,0,7,3,11,14,28,3,25,true,false,false
match-d5eeb4b7-2848,forschung_muskelkraft,standard,0,6,0,0,0,0,0,0,false,false,false
match-d5eeb4b7-2848,urzeitliche_kolosse,standard,1,6,4,13,18,35,4,31,true,false,false
match-5ca143fa-2849,forschung_muskelkraft,standard,0,6,1,3,4,8,1,7,false,false,false
match-e353f33c-2850,urzeitliche_kolosse,standard,1,8,5,6,6,17,5,12,true,false,true
match-4f3c0575-2855,urzeitliche_kolosse,standard,1,6,4,6,7,17,4,13,false,false,false
match-4f3c0575-2855,forschung_muskelkraft,standard,0,13,3,12,11,26,3,23,true,true,true
match-a059baa3-2856,forschung_muskelkraft,standard,0,6,1,4,4,9,1,8,true,true,true
match-adbef928-2858,forschung_muskelkraft,standard,0,6,1,3,2,6,1,5,true,true,true
match-3471886b-2859,forschung_muskelkraft,standard,0,7,2,7,11,20,2,18,true,false,false
match-3471886b-2859,urzeitliche_kolosse,standard,1,10,5,20,23,48,5,43,false,false,false
match-858f3d99-2860,forschung_muskelkraft,standard,0,6,1,3,2,6,1,5,true,true,true
match-0c41ccdc-2861,urzeitliche_kolosse,standard,1,6,3,14,20,37,3,34,true,true,true
match-19a70b61-2863,urzeitliche_kolosse,standard,1,6,5,20,24,49,5,44,true,false,false
match-19a70b61-2863,forschung_muskelkraft,standard,0,8,4,11,14,29,4,25,false,false,false
match-6ac4a08f-2864,forschung_muskelkraft,standard,0,6,2,7,8,17,2,15,true,false,false
match-6ac4a08f-2864,urzeitliche_kolosse,standard,1,6,3,11,19,33,3,30,false,false,false
match-7829ff14-2866,forschung_muskelkraft,standard,0,6,3,8,4,15,3,12,true,true,true
match-fedc8e56-2867,forschung_muskelkraft,standard,0,6,4,5,5,14,4,10,false,false,false
match-fedc8e56-2867,urzeitliche_kolosse,standard,1,6,4,15,20,39,4,35,true,false,false
match-4ffa2385-2868,forschung_muskelkraft,standard,0,6,3,11,9,23,3,20,true,false,true
match-d6acd2c7-2869,forschung_muskelkraft,standard,0,6,2,7,7,16,2,14,true,false,false
match-d6acd2c7-2869,urzeitliche_kolosse,standard,1,6,2,7,11,20,2,18,false,false,false
match-352fa67b-2872,forschung_muskelkraft,standard,0,7,2,6,9,17,2,15,true,true,true
match-bbe255bd-2873,forschung_muskelkraft,standard,0,6,3,3,2,8,3,5,true,false,false
match-4294e500-2874,forschung_muskelkraft,standard,0,6,2,3,2,7,2,5,false,false,false
match-c9479442-2875,urzeitliche_kolosse,standard,1,6,4,17,15,36,4,32,false,false,false
match-c9479442-2875,forschung_muskelkraft,standard,0,7,3,13,15,31,3,28,true,false,false
match-a117d8b3-2877,urzeitliche_kolosse,standard,1,9,5,23,18,46,5,41,true,false,false
match-a117d8b3-2877,forschung_muskelkraft,standard,0,10,3,8,10,21,3,18,false,false,false
match-27ca67f6-2878,forschung_muskelkraft,standard,0,6,1,5,5,11,1,10,true,false,false
match-ae7d1738-2879,urzeitliche_kolosse,standard,1,6,3,13,17,33,3,30,true,false,false
match-ae7d1738-2879,forschung_muskelkraft,standard,0,10,3,0,0,3,3,0,false,false,false
match-864d5ba9-2881,forschung_muskelkraft,standard,0,6,3,7,8,18,3,15,false,false,false
match-864d5ba9-2881,urzeitliche_kolosse,standard,1,9,3,8,9,20,3,17,true,true,true
match-0cffeaec-2882,urzeitliche_kolosse,standard,1,6,4,17,18,39,4,35,true,false,false
match-0cffeaec-2882,forschung_muskelkraft,standard,0,7,5,18,17,40,5,35,false,false,false
match-93b29a2e-2883,urzeitliche_kolosse,standard,1,6,4,4,4,12,4,8,true,false,true
match-3e2030a0-2884,forschung_muskelkraft,standard,0,7,4,16,11,31,4,27,true,false,false
match-3e2030a0-2884,urzeitliche_kolosse,standard,1,8,4,19,28,51,4,47,false,false,false
match-c4d2dfe2-2885,forschung_muskelkraft,standard,0,6,2,5,2,9,2,7,false,false,false
match-c4d2dfe2-2885,urzeitliche_kolosse,standard,1,6,3,12,13,28,3,25,true,false,true
match-4b856f25-2886,forschung_muskelkraft,standard,0,6,3,9,6,18,3,15,true,false,false
match-4b856f25-2886,urzeitliche_kolosse,standard,1,7,2,9,12,23,2,21,false,false,false
match-d2381e67-2887,urzeitliche_kolosse,standard,1,6,4,18,20,42,4,38,true,false,false
match-d2381e67-2887,forschung_muskelkraft,standard,0,7,5,10,11,26,5,21,false,false,false
match-2355b396-2888,urzeitliche_kolosse,standard,1,6,3,14,16,33,3,30,true,false,false
match-2355b396-2888,forschung_muskelkraft,standard,0,9,5,9,11,25,5,20,false,false,false
match-aa0842d8-2889,urzeitliche_kolosse,standard,1,6,2,10,12,24,2,22,true,true,true
match-30baf21b-2890,forschung_muskelkraft,standard,0,6,3,4,4,11,3,8,false,false,false
match-30baf21b-2890,urzeitliche_kolosse,standard,1,6,4,4,6,14,4,10,true,false,false
match-b76d815d-2891,forschung_muskelkraft,standard,0,7,5,11,11,27,5,22,false,false,false
match-b76d815d-2891,urzeitliche_kolosse,standard,1,8,5,22,31,58,5,53,true,false,true
match-8f3dc5ce-2893,urzeitliche_kolosse,standard,1,6,4,18,21,43,4,39,true,true,true
match-15f07511-2894,urzeitliche_kolosse,standard,1,6,4,17,20,41,4,37,true,false,false
match-15f07511-2894,forschung_muskelkraft,standard,0,9,5,14,15,34,5,29,false,false,false
match-9ca30453-2895,forschung_muskelkraft,standard,0,6,2,7,6,15,2,13,false,false,false
match-edc0b981-2896,urzeitliche_kolosse,standard,1,6,2,10,12,24,2,22,false,false,false
match-edc0b981-2896,forschung_muskelkraft,standard,0,7,3,10,12,25,3,22,true,false,false
match-747348c4-2897,urzeitliche_kolosse,standard,1,6,4,15,19,38,4,34,true,false,false
match-81d88749-2899,forschung_muskelkraft,standard,0,6,1,4,4,9,1,8,false,false,false
match-81d88749-2899,urzeitliche_kolosse,standard,1,10,5,13,17,35,5,30,true,false,false
match-e05b7afc-2902,forschung_muskelkraft,standard,0,8,3,4,7,14,3,11,true,true,true
match-670e0a3f-2903,urzeitliche_kolosse,standard,1,6,3,14,17,34,3,31,false,false,false
match-670e0a3f-2903,forschung_muskelkraft,standard,0,7,3,10,13,26,3,23,true,false,false
match-b82bbf6d-2904,forschung_muskelkraft,standard,0,6,2,9,9,20,2,18,true,false,true
match-3ede4eb0-2905,urzeitliche_kolosse,standard,1,6,2,10,12,24,2,22,true,true,true
match-c590fdf2-2906,forschung_muskelkraft,standard,0,10,3,11,15,29,3,26,true,true,true
match-4c438d35-2907,urzeitliche_kolosse,standard,1,7,3,12,14,29,3,26,false,false,false
match-4c438d35-2907,forschung_muskelkraft,standard,0,9,3,15,18,36,3,33,true,false,false
match-9d612263-2908,urzeitliche_kolosse,standard,1,6,2,10,12,24,2,22,true,true,true
match-2413d1a6-2909,forschung_muskelkraft,standard,0,6,3,3,4,10,3,7,false,false,false
match-2413d1a6-2909,urzeitliche_kolosse,standard,1,6,3,13,16,32,3,29,true,false,false
match-aac660e8-2910,forschung_muskelkraft,standard,0,6,3,9,8,20,3,17,true,false,true
match-3179102b-2911,forschung_muskelkraft,standard,0,7,4,6,3,13,4,9,true,true,true
match-0949549c-2913,urzeitliche_kolosse,standard,1,6,3,12,12,27,3,24,true,true,true
match-8ffbe3de-2914,urzeitliche_kolosse,standard,1,6,3,14,17,34,3,31,false,false,false
match-67cc284f-2916,forschung_muskelkraft,standard,0,6,3,9,6,18,3,15,false,false,false
match-67cc284f-2916,urzeitliche_kolosse,standard,1,6,3,12,16,31,3,28,true,false,false
match-ee7ed791-2917,forschung_muskelkraft,standard,0,8,2,4,7,13,2,11,false,false,false
match-753166d4-2918,forschung_muskelkraft,standard,0,7,3,8,8,19,3,16,true,false,false
match-4d01ab45-2920,forschung_muskelkraft,standard,0,6,2,6,6,14,2,12,true,false,false
match-d3b45a87-2921,forschung_muskelkraft,standard,0,6,2,6,6,14,2,12,false,false,false
match-5a66e9ca-2922,forschung_muskelkraft,standard,0,6,1,5,5,11,1,10,false,false,false
match-5a66e9ca-2922,urzeitliche_kolosse,standard,1,6,4,13,17,34,4,30,true,false,false
match-32372e3b-2924,forschung_muskelkraft,standard,0,6,4,5,3,12,4,8,true,false,false
match-b8e9dd7d-2925,forschung_muskelkraft,standard,0,6,1,5,5,11,1,10,false,false,false
match-c64f1c02-2927,forschung_muskelkraft,standard,0,6,3,4,4,11,3,8,false,false,false
match-c64f1c02-2927,urzeitliche_kolosse,standard,1,6,5,4,6,15,5,10,true,false,true
match-176cb131-2928,forschung_muskelkraft,standard,0,6,2,9,9,20,2,18,true,false,false
match-176cb131-2928,urzeitliche_kolosse,standard,1,6,3,13,16,32,3,29,false,false,false
match-9e1f4073-2929,forschung_muskelkraft,standard,0,6,2,3,2,7,2,5,false,false,false
match-9e1f4073-2929,urzeitliche_kolosse,standard,1,6,4,17,20,41,4,37,true,false,false
match-24d1efb6-2930,urzeitliche_kolosse,standard,1,6,3,12,13,28,3,25,true,false,false
match-24d1efb6-2930,forschung_muskelkraft,standard,0,8,5,11,11,27,5,22,false,false,false
match-ab849ef8-2931,forschung_muskelkraft,standard,0,6,4,3,2,9,4,5,false,false,false
match-ab849ef8-2931,urzeitliche_kolosse,standard,1,9,5,25,36,66,5,61,true,false,false
match-fca23426-2932,urzeitliche_kolosse,standard,1,6,4,17,21,42,4,38,true,false,false
match-fca23426-2932,forschung_muskelkraft,standard,0,12,3,3,2,8,3,5,false,false,false
match-8354c369-2933,forschung_muskelkraft,standard,0,6,2,8,9,19,2,17,true,false,false
match-e1d7b71c-2936,urzeitliche_kolosse,standard,1,6,3,13,14,30,3,27,false,false,false
match-e1d7b71c-2936,forschung_muskelkraft,standard,0,7,3,11,14,28,3,25,true,false,false
match-688a465f-2937,urzeitliche_kolosse,standard,1,6,3,14,16,33,3,30,false,false,false
match-688a465f-2937,forschung_muskelkraft,standard,0,13,3,8,7,18,3,15,true,false,true
match-ef3cf5a1-2938,forschung_muskelkraft,standard,0,6,1,4,4,9,1,8,true,true,true
match-75ef84e4-2939,forschung_muskelkraft,standard,0,6,1,4,4,9,1,8,true,true,true
match-c70d3a12-2940,forschung_muskelkraft,standard,0,6,3,7,8,18,3,15,false,false,false
match-4dbfc955-2941,forschung_muskelkraft,standard,0,6,3,8,5,16,3,13,false,false,false
match-4dbfc955-2941,urzeitliche_kolosse,standard,1,10,5,29,29,63,5,58,true,false,true
match-5b2507da-2943,forschung_muskelkraft,standard,0,6,1,4,4,9,1,8,true,false,true
match-ac42bd08-2944,forschung_muskelkraft,standard,0,6,3,6,4,13,3,10,true,false,true
match-32f54c4b-2945,forschung_muskelkraft,standard,0,6,3,4,4,11,3,8,false,false,false
match-b9a7fb8d-2946,forschung_muskelkraft,standard,0,6,2,5,2,9,2,7,true,false,true
match-eac82141-2948,forschung_muskelkraft,standard,0,6,3,3,2,8,3,5,true,false,true
match-717ad084-2949,forschung_muskelkraft,standard,0,11,3,11,10,24,3,21,true,false,true
match-f82d7fc6-2950,forschung_muskelkraft,standard,0,6,3,3,2,8,3,5,false,false,false
match-f82d7fc6-2950,urzeitliche_kolosse,standard,1,7,3,12,15,30,3,27,true,false,false
match-7ee00f09-2951,forschung_muskelkraft,standard,0,6,4,8,9,21,4,17,false,false,false
match-56b0537a-2953,forschung_muskelkraft,standard,0,6,5,8,8,21,5,16,false,false,false
match-56b0537a-2953,urzeitliche_kolosse,standard,1,9,3,12,18,33,3,30,true,true,true
match-dd62e2bc-2954,forschung_muskelkraft,standard,0,6,2,7,6,15,2,13,true,false,false
match-3be5d670-2957,forschung_muskelkraft,standard,0,6,1,3,4,8,1,7,false,false,false
match-3be5d670-2957,urzeitliche_kolosse,standard,1,6,3,13,12,28,3,25,true,false,false
match-494b14f5-2959,forschung_muskelkraft,standard,0,6,3,7,8,18,3,15,false,false,false
match-494b14f5-2959,urzeitliche_kolosse,standard,1,6,5,17,18,40,5,35,true,false,false
match-9a68aa23-2960,urzeitliche_kolosse,standard,1,6,4,6,7,17,4,13,true,true,true
match-a7cde8a8-2962,urzeitliche_kolosse,standard,1,7,2,10,15,27,2,25,false,false,false
match-a7cde8a8-2962,forschung_muskelkraft,standard,0,8,3,13,15,31,3,28,true,false,false
match-7f9e2d19-2964,forschung_muskelkraft,standard,0,7,3,13,12,28,3,25,false,false,false
match-0650dc5c-2965,urzeitliche_kolosse,standard,1,6,4,15,16,35,4,31,true,true,true
match-8d036b9e-2966,urzeitliche_kolosse,standard,1,6,3,13,19,35,3,32,false,false,false
match-8d036b9e-2966,forschung_muskelkraft,standard,0,11,3,12,11,26,3,23,true,true,true
match-64d3b00f-2968,urzeitliche_kolosse,standard,1,6,3,12,17,32,3,29,true,false,false
match-eb865f51-2969,forschung_muskelkraft,standard,0,7,3,12,15,30,3,27,true,true,true
match-7238ee94-2970,urzeitliche_kolosse,standard,1,6,3,14,15,32,3,29,false,false,false
match-7238ee94-2970,forschung_muskelkraft,standard,0,11,4,14,15,33,4,29,true,false,true
match-f8eb9dd6-2971,forschung_muskelkraft,standard,0,6,1,5,5,11,1,10,true,false,false
match-4a093305-2972,urzeitliche_kolosse,standard,1,6,2,10,11,23,2,21,false,false,false
match-4a093305-2972,forschung_muskelkraft,standard,0,7,5,4,7,16,5,11,true,false,false
match-576e718a-2974,forschung_muskelkraft,standard,0,6,4,4,4,12,4,8,false,false,false
match-de2100cc-2975,forschung_muskelkraft,standard,0,6,3,7,3,13,3,10,true,false,false
match-2f3eb5fb-2976,forschung_muskelkraft,standard,0,6,4,6,6,16,4,12,false,false,false
match-2f3eb5fb-2976,urzeitliche_kolosse,standard,1,6,3,13,15,31,3,28,true,false,false
match-b5f1453d-2977,forschung_muskelkraft,standard,0,6,1,3,4,8,1,7,false,false,false
match-b5f1453d-2977,urzeitliche_kolosse,standard,1,6,3,10,14,27,3,24,true,false,false
match-3ca3f480-2978,urzeitliche_kolosse,standard,1,9,3,16,24,43,3,40,false,false,false
match-3ca3f480-2978,forschung_muskelkraft,standard,0,10,3,9,12,24,3,21,true,false,false
match-147438f1-2980,urzeitliche_kolosse,standard,1,6,4,18,23,45,4,41,false,false,false
match-147438f1-2980,forschung_muskelkraft,standard,0,8,3,11,12,26,3,23,true,false,false
match-9b26c833-2981,forschung_muskelkraft,standard,0,6,5,7,8,20,5,15,false,false,false
match-9b26c833-2981,urzeitliche_kolosse,standard,1,8,5,24,28,57,5,52,true,false,false
match-21d97776-2982,urzeitliche_kolosse,standard,1,6,3,14,17,34,3,31,true,false,false
match-21d97776-2982,forschung_muskelkraft,standard,0,8,3,12,13,28,3,25,false,false,false
match-a88c06b8-2983,urzeitliche_kolosse,standard,1,6,5,20,23,48,5,43,true,false,false
match-070efa6c-2986,forschung_muskelkraft,standard,0,7,4,10,9,23,4,19,false,false,false
match-8dc189ae-2987,urzeitliche_kolosse,standard,1,7,3,14,19,36,3,33,false,false,false
match-8dc189ae-2987,forschung_muskelkraft,standard,0,9,4,15,18,37,4,33,true,false,false
match-dedf3edc-2988,forschung_muskelkraft,standard,0,8,3,4,7,14,3,11,true,true,true
match-6591ce1f-2989,urzeitliche_kolosse,standard,1,6,3,12,13,28,3,25,true,false,true
match-72f70ca4-2991,urzeitliche_kolosse,standard,1,6,4,18,22,44,4,40,false,false,false
match-72f70ca4-2991,forschung_muskelkraft,standard,0,7,4,15,18,37,4,33,true,false,false
match-c414a1d2-2992,forschung_muskelkraft,standard,0,8,1,4,3,8,1,7,false,false,false
match-4ac75115-2993,forschung_muskelkraft,standard,0,6,3,8,7,18,3,15,false,false,false
match-4ac75115-2993,urzeitliche_kolosse,standard,1,6,4,4,6,14,4,10,true,false,false
match-d179e057-2994,forschung_muskelkraft,standard,0,6,2,5,5,12,2,10,true,false,true
match-582c8f9a-2995,forschung_muskelkraft,standard,0,6,1,4,4,9,1,8,true,false,false
match-582c8f9a-2995,urzeitliche_kolosse,standard,1,10,5,12,14,31,5,26,false,false,false
match-2ffcd40b-2997,urzeitliche_kolosse,standard,1,8,5,5,6,16,5,11,true,true,true
match-3d621290-2999,forschung_muskelkraft,standard,0,6,4,9,9,22,4,18,true,false,false
match-3d621290-2999,urzeitliche_kolosse,standard,1,6,4,16,20,40,4,36,false,false,false
match-d2dd9a8f-3000,solidaritaet_ueberleben,standard,1,6,1,4,4,9,1,8,true,false,true
match-d2dd9a8f-3000,rudeljaeger,standard,0,6,4,4,6,14,4,10,false,false,false
match-4c2aeb4d-3001,rudeljaeger,standard,0,6,4,6,7,17,4,13,false,false,false
match-4c2aeb4d-3001,solidaritaet_ueberleben,standard,1,8,5,21,16,42,5,37,true,false,false
match-c5785c0a-3002,solidaritaet_ueberleben,standard,1,6,3,4,4,11,3,8,false,false,false
match-c5785c0a-3002,rudeljaeger,standard,0,12,2,6,9,17,2,15,true,true,true
match-3ec5acc8-3003,solidaritaet_ueberleben,standard,1,6,2,3,2,7,2,5,true,false,false
match-3ec5acc8-3003,rudeljaeger,standard,0,6,4,12,16,32,4,28,false,false,false
match-eda81799-3004,rudeljaeger,standard,0,6,3,11,14,28,3,25,false,false,false
match-eda81799-3004,solidaritaet_ueberleben,standard,1,7,5,19,16,40,5,35,true,false,true
match-66f56857-3005,solidaritaet_ueberleben,standard,1,7,3,14,12,29,3,26,false,false,false
match-e042d914-3006,solidaritaet_ueberleben,standard,1,6,2,7,6,15,2,13,false,false,false
match-e042d914-3006,rudeljaeger,standard,0,10,4,19,24,47,4,43,true,true,true
match-599029d2-3007,rudeljaeger,standard,0,6,3,9,10,22,3,19,false,false,false
match-599029d2-3007,solidaritaet_ueberleben,standard,1,7,5,8,8,21,5,16,true,false,false
match-9d48807b-3008,rudeljaeger,standard,0,11,4,14,18,36,4,32,false,false,false
match-1695f139-3009,solidaritaet_ueberleben,standard,1,6,3,8,6,17,3,14,true,false,true
match-8fe341f6-3010,solidaritaet_ueberleben,standard,1,6,3,3,2,8,3,5,false,false,false
match-0930b2b4-3011,rudeljaeger,standard,0,6,3,14,15,32,3,29,false,false,false
match-0930b2b4-3011,solidaritaet_ueberleben,standard,1,11,5,8,6,19,5,14,false,false,false
match-b8131d85-3012,solidaritaet_ueberleben,standard,1,6,1,4,4,9,1,8,true,false,false
match-aaaddf00-3014,rudeljaeger,standard,0,6,4,12,17,33,4,29,true,true,true
match-23fb2fbe-3015,solidaritaet_ueberleben,standard,1,6,3,13,10,26,3,23,true,false,false
match-67b38667-3016,solidaritaet_ueberleben,standard,1,6,2,8,8,18,2,16,false,false,false
match-67b38667-3016,rudeljaeger,standard,0,8,4,18,22,44,4,40,true,false,false
match-e100f724-3017,rudeljaeger,standard,0,8,2,9,10,21,2,19,false,false,false
match-e100f724-3017,solidaritaet_ueberleben,standard,1,12,2,8,10,20,2,18,true,false,false
match-5a4e47e2-3018,solidaritaet_ueberleben,standard,1,7,3,10,10,23,3,20,false,false,false
match-5a4e47e2-3018,rudeljaeger,standard,0,8,4,6,7,17,4,13,true,false,false
match-fbcb742e-3021,solidaritaet_ueberleben,standard,1,6,3,8,4,15,3,12,true,false,false
match-fbcb742e-3021,rudeljaeger,standard,0,13,4,6,6,16,4,12,false,false,false
match-ee6635a9-3023,rudeljaeger,standard,0,6,3,12,17,32,3,29,false,false,false
match-ee6635a9-3023,solidaritaet_ueberleben,standard,1,7,5,8,10,23,5,18,true,false,false
match-ab6bfd10-3025,solidaritaet_ueberleben,standard,1,9,3,10,10,23,3,20,true,true,true
match-24b94dce-3026,solidaritaet_ueberleben,standard,1,7,3,11,6,20,3,17,true,false,false
match-9e06be8b-3027,rudeljaeger,standard,0,6,4,17,20,41,4,37,true,false,false
match-c6367a1a-3029,solidaritaet_ueberleben,standard,1,7,5,20,16,41,5,36,true,false,false
match-c6367a1a-3029,rudeljaeger,standard,0,14,4,2,3,9,4,5,false,false,false
match-b8d13b95-3031,solidaritaet_ueberleben,standard,1,7,3,6,4,13,3,10,false,false,false
match-b8d13b95-3031,rudeljaeger,standard,0,16,4,7,8,19,4,15,true,true,true
match-75d6e2fc-3033,rudeljaeger,standard,0,6,5,10,11,26,5,21,false,false,false
match-17540f49-3036,rudeljaeger,standard,0,6,3,11,11,25,3,22,false,false,false
match-90a16006-3037,solidaritaet_ueberleben,standard,1,6,2,4,4,10,2,8,false,false,false
match-90a16006-3037,rudeljaeger,standard,0,6,3,11,16,30,3,27,true,false,true
match-09eed0c4-3038,rudeljaeger,standard,0,6,4,17,18,39,4,35,false,false,false
match-09eed0c4-3038,solidaritaet_ueberleben,standard,1,10,4,8,10,22,4,18,true,false,false
match-833c2181-3039,rudeljaeger,standard,0,6,4,13,14,31,4,27,true,false,false
match-c6f4982a-3040,solidaritaet_ueberleben,standard,1,6,4,3,2,9,4,5,false,false,false
match-b98f59a5-3042,solidaritaet_ueberleben,standard,1,6,3,10,8,21,3,18,true,false,true
match-e1bf1534-3044,rudeljaeger,standard,0,7,3,12,14,29,3,26,true,false,false
match-5b0c65f2-3045,rudeljaeger,standard,0,8,5,11,16,32,5,27,true,false,false
match-4da7276d-3047,rudeljaeger,standard,0,6,3,15,17,35,3,32,true,false,false
match-915f9e16-3048,solidaritaet_ueberleben,standard,1,6,1,3,2,6,1,5,false,false,false
match-915f9e16-3048,rudeljaeger,standard,0,8,4,17,22,43,4,39,true,false,false
match-83fa5f91-3050,rudeljaeger,standard,0,6,5,9,9,23,5,18,false,false,false
match-83fa5f91-3050,solidaritaet_ueberleben,standard,1,7,5,13,12,30,5,25,false,false,false
match-ac2a1b20-3052,solidaritaet_ueberleben,standard,1,7,4,8,6,18,4,14,false,false,false
match-25776bde-3053,rudeljaeger,standard,0,7,2,5,6,13,2,11,true,true,true
match-9ec4dc9b-3054,rudeljaeger,standard,0,7,2,6,8,16,2,14,false,false,false
match-9ec4dc9b-3054,solidaritaet_ueberleben,standard,1,9,5,3,0,8,5,3,true,true,true
match-5bca8402-3056,solidaritaet_ueberleben,standard,1,6,3,11,10,24,3,21,true,false,false
match-d517f4bf-3057,solidaritaet_ueberleben,standard,1,6,1,3,2,6,1,5,false,false,false
match-4e65457d-3058,solidaritaet_ueberleben,standard,1,6,3,6,4,13,3,10,true,false,false
match-4e65457d-3058,rudeljaeger,standard,0,6,4,10,10,24,4,20,false,false,false
match-c7b2b63a-3059,rudeljaeger,standard,0,6,4,20,25,49,4,45,true,false,false
match-efe271c9-3061,solidaritaet_ueberleben,standard,1,6,3,9,6,18,3,15,false,false,false
match-692fc287-3062,rudeljaeger,standard,0,6,4,10,11,25,4,21,true,true,true
match-e27d3344-3063,solidaritaet_ueberleben,standard,1,7,3,13,10,26,3,23,true,false,false
match-f8d2fbee-3065,solidaritaet_ueberleben,standard,1,6,3,8,4,15,3,12,false,false,false
match-f8d2fbee-3065,rudeljaeger,standard,0,8,5,20,24,49,5,44,true,false,false
match-8ceac9b6-3070,rudeljaeger,standard,0,6,3,10,15,28,3,25,false,false,false
match-8ceac9b6-3070,solidaritaet_ueberleben,standard,1,13,5,13,8,26,5,21,true,true,true
match-c33de1da-3073,solidaritaet_ueberleben,standard,1,6,2,8,6,16,2,14,false,false,false
match-3c8b5298-3074,rudeljaeger,standard,0,6,4,15,15,34,4,30,true,false,false
match-3c8b5298-3074,solidaritaet_ueberleben,standard,1,8,5,17,16,38,5,33,false,false,false
match-b5d8a355-3075,rudeljaeger,standard,0,8,4,13,13,30,4,26,false,false,false
match-b5d8a355-3075,solidaritaet_ueberleben,standard,1,9,5,12,8,25,5,20,false,false,false
match-5755cfa2-3078,rudeljaeger,standard,0,6,5,7,8,20,5,15,false,false,false
match-5755cfa2-3078,solidaritaet_ueberleben,standard,1,8,3,8,10,21,3,18,true,false,false
match-145b9709-3080,rudeljaeger,standard,0,6,3,13,13,29,3,26,true,false,false
match-145b9709-3080,solidaritaet_ueberleben,standard,1,9,4,14,12,30,4,26,false,false,false
match-06f65884-3082,solidaritaet_ueberleben,standard,1,7,3,8,6,17,3,14,true,false,true
match-8043a941-3083,rudeljaeger,standard,0,12,5,3,4,12,5,7,false,false,false
match-2f261413-3084,rudeljaeger,standard,0,6,3,10,13,26,3,23,true,true,true
match-21c0d58e-3086,rudeljaeger,standard,0,10,5,11,16,32,5,27,false,false,false
match-21c0d58e-3086,solidaritaet_ueberleben,standard,1,12,5,13,14,32,5,27,false,false,false
match-9b0e264b-3087,solidaritaet_ueberleben,standard,1,6,2,7,6,15,2,13,true,false,false
match-9b0e264b-3087,rudeljaeger,standard,0,6,4,15,20,39,4,35,false,false,false
match-5813edb2-3089,solidaritaet_ueberleben,standard,1,8,1,3,2,6,1,5,true,false,false
match-5813edb2-3089,rudeljaeger,standard,0,8,4,15,19,38,4,34,false,false,false
match-72de6abc-3093,rudeljaeger,standard,0,6,3,13,14,30,3,27,true,true,true
match-65792c37-3095,rudeljaeger,standard,0,6,4,10,12,26,4,22,true,false,false
match-227ef39e-3097,rudeljaeger,standard,0,6,4,16,17,37,4,33,true,true,true
match-1519b519-3099,solidaritaet_ueberleben,standard,1,6,2,6,6,14,2,12,true,false,false
match-3d4970a8-3101,solidaritaet_ueberleben,standard,1,7,3,7,4,14,3,11,true,false,false
match-2fe43223-3103,rudeljaeger,standard,0,6,4,13,14,31,4,27,false,false,false
match-2fe43223-3103,solidaritaet_ueberleben,standard,1,8,5,15,16,36,5,31,true,false,false
match-739c88cc-3104,solidaritaet_ueberleben,standard,1,6,3,13,10,26,3,23,false,false,false
match-66374a47-3106,rudeljaeger,standard,0,6,5,21,22,48,5,43,true,false,true
match-8e6705d6-3108,solidaritaet_ueberleben,standard,1,6,5,4,4,13,5,8,true,false,false
match-8e6705d6-3108,rudeljaeger,standard,0,7,3,10,12,25,3,22,false,false,false
match-07b47694-3109,solidaritaet_ueberleben,standard,1,6,2,4,4,10,2,8,false,false,false
match-07b47694-3109,rudeljaeger,standard,0,7,3,10,16,29,3,26,true,false,false
match-8101c751-3110,rudeljaeger,standard,0,7,3,12,12,27,3,24,false,false,false
match-fa4f380e-3111,rudeljaeger,standard,0,6,3,6,7,16,3,13,false,false,false
match-3e078eb8-3112,solidaritaet_ueberleben,standard,1,10,2,4,2,8,2,6,true,true,true
match-b754ff75-3113,solidaritaet_ueberleben,standard,1,6,2,9,8,19,2,17,true,false,true
match-30a25033-3114,rudeljaeger,standard,0,6,3,12,13,28,3,25,false,false,false
match-a9efa0f0-3115,solidaritaet_ueberleben,standard,1,6,2,7,6,15,2,13,false,false,false
match-a9efa0f0-3115,rudeljaeger,standard,0,6,4,5,7,16,4,12,true,false,false
match-d21f7c7f-3117,solidaritaet_ueberleben,standard,1,6,2,7,6,15,2,13,true,false,false
match-d21f7c7f-3117,rudeljaeger,standard,0,10,4,8,8,20,4,16,false,false,false
match-4b6ccd3d-3118,rudeljaeger,standard,0,6,3,9,8,20,3,17,true,true,true
match-c4ba3dfa-3119,solidaritaet_ueberleben,standard,1,8,5,18,14,37,5,32,true,true,true
match-fb0d561e-3122,solidaritaet_ueberleben,standard,1,6,2,4,4,10,2,8,false,false,false
match-233d11ae-3124,solidaritaet_ueberleben,standard,1,6,3,10,8,21,3,18,false,false,false
match-233d11ae-3124,rudeljaeger,standard,0,13,2,2,2,6,2,4,true,false,true
match-9c8a626b-3125,rudeljaeger,standard,0,6,4,7,8,19,4,15,true,true,true
match-15d7d329-3126,rudeljaeger,standard,0,7,1,2,0,3,1,2,true,true,true
match-8f2523e6-3127,solidaritaet_ueberleben,standard,1,10,2,4,0,6,2,4,true,false,true
match-2c2d9bd3-3128,solidaritaet_ueberleben,standard,1,7,3,8,4,15,3,12,true,true,true
match-a57aec90-3129,rudeljaeger,standard,0,7,2,4,4,10,2,8,false,false,false
match-a57aec90-3129,solidaritaet_ueberleben,standard,1,7,5,14,14,33,5,28,true,false,false
match-1ec85d4e-3130,rudeljaeger,standard,0,11,3,8,12,23,3,20,true,true,true
match-46f818dd-3132,rudeljaeger,standard,0,6,3,12,14,29,3,26,false,false,false
match-46f818dd-3132,solidaritaet_ueberleben,standard,1,10,5,12,12,29,5,24,true,false,false
match-3992da58-3134,solidaritaet_ueberleben,standard,1,6,4,10,6,20,4,16,true,false,false
match-b2e02b15-3135,rudeljaeger,standard,0,10,3,8,9,20,3,17,true,true,true
match-f69881be-3136,rudeljaeger,standard,0,7,4,10,15,29,4,25,true,false,false
match-6280b3f7-3139,solidaritaet_ueberleben,standard,1,6,4,10,6,20,4,16,true,false,false
match-6280b3f7-3139,rudeljaeger,standard,0,6,4,14,20,38,4,34,false,false,false
match-11631ec9-3140,solidaritaet_ueberleben,standard,1,6,1,3,2,6,1,5,true,true,true
match-c10387aa-3144,rudeljaeger,standard,0,6,3,8,8,19,3,16,false,false,false
match-c10387aa-3144,solidaritaet_ueberleben,standard,1,9,5,14,14,33,5,28,true,false,false
match-dbce04b4-3148,solidaritaet_ueberleben,standard,1,11,5,15,10,30,5,25,true,false,false
match-dbce04b4-3148,rudeljaeger,standard,0,12,5,11,13,29,5,24,false,false,false
match-551b7572-3149,solidaritaet_ueberleben,standard,1,6,2,8,6,16,2,14,true,false,false
match-551b7572-3149,rudeljaeger,standard,0,6,5,4,6,15,5,10,false,false,false
match-ce68c62f-3150,solidaritaet_ueberleben,standard,1,6,2,8,6,16,2,14,false,false,false
match-ce68c62f-3150,rudeljaeger,standard,0,6,4,12,15,31,4,27,true,false,false
match-1f867b5e-3157,rudeljaeger,standard,0,6,3,6,7,16,3,13,true,true,true
match-98d3cc1b-3158,solidaritaet_ueberleben,standard,1,6,2,8,6,16,2,14,true,false,false
match-98d3cc1b-3158,rudeljaeger,standard,0,8,5,4,5,14,5,9,false,false,false
match-12213cd9-3159,rudeljaeger,standard,0,6,5,15,18,38,5,33,true,false,false
match-cf26e43f-3161,rudeljaeger,standard,0,9,5,21,24,50,5,45,false,false,false
match-cf26e43f-3161,solidaritaet_ueberleben,standard,1,12,4,12,14,30,4,26,true,false,false
match-487454fd-3162,solidaritaet_ueberleben,standard,1,8,2,7,6,15,2,13,false,false,false
match-487454fd-3162,rudeljaeger,standard,0,14,5,13,13,31,5,26,false,false,false
match-c1c1a5ba-3163,solidaritaet_ueberleben,standard,1,6,2,5,0,7,2,5,true,false,false
match-c1c1a5ba-3163,rudeljaeger,standard,0,9,5,23,29,57,5,52,false,false,false
match-633ed207-3166,solidaritaet_ueberleben,standard,1,6,2,8,8,18,2,16,true,false,false
match-633ed207-3166,rudeljaeger,standard,0,8,5,18,23,46,5,41,false,false,false
match-dc8c22c4-3167,solidaritaet_ueberleben,standard,1,8,3,11,10,24,3,21,true,true,true
match-2044996e-3168,solidaritaet_ueberleben,standard,1,9,4,12,6,22,4,18,true,false,false
match-9991ea2b-3169,solidaritaet_ueberleben,standard,1,8,2,1,0,3,2,1,true,true,true
match-a6f728b0-3175,solidaritaet_ueberleben,standard,1,6,3,10,8,21,3,18,false,false,false
match-eaaf9f59-3176,solidaritaet_ueberleben,standard,1,7,3,9,8,20,3,17,true,false,false
match-eaaf9f59-3176,rudeljaeger,standard,0,10,5,3,4,12,5,7,false,false,false
match-057a1c64-3180,solidaritaet_ueberleben,standard,1,6,3,10,8,21,3,18,false,false,false
match-057a1c64-3180,rudeljaeger,standard,0,8,5,19,22,46,5,41,true,false,false
match-71622e9c-3183,rudeljaeger,standard,0,7,2,9,10,21,2,19,false,false,false
match-b51a8545-3184,rudeljaeger,standard,0,6,5,13,15,33,5,28,true,false,false
match-a7b546c0-3186,solidaritaet_ueberleben,standard,1,6,2,0,0,2,2,0,false,false,false
match-a7b546c0-3186,rudeljaeger,standard,0,6,1,4,6,11,1,10,true,true,true
match-4932730d-3189,rudeljaeger,standard,0,6,2,9,12,23,2,21,true,true,true
match-c27fc3ca-3190,solidaritaet_ueberleben,standard,1,6,3,4,4,11,3,8,true,false,false
match-c27fc3ca-3190,rudeljaeger,standard,0,6,4,15,19,38,4,34,false,false,false
match-3bcd3488-3191,rudeljaeger,standard,0,6,3,12,13,28,3,25,false,false,false
match-3bcd3488-3191,solidaritaet_ueberleben,standard,1,7,5,4,6,15,5,10,false,false,false
match-d8d58c74-3192,solidaritaet_ueberleben,standard,1,6,3,12,8,23,3,20,true,false,false
match-44bdbead-3195,solidaritaet_ueberleben,standard,1,6,1,4,4,9,1,8,true,false,false
match-f3a0097e-3196,rudeljaeger,standard,0,10,5,13,21,39,5,34,false,false,false
match-f3a0097e-3196,solidaritaet_ueberleben,standard,1,12,5,19,16,40,5,35,true,false,false
match-6ced7a3c-3197,rudeljaeger,standard,0,8,5,20,22,47,5,42,true,false,false
match-5f883bb7-3199,rudeljaeger,standard,0,6,4,19,21,44,4,40,false,false,false
match-1c8de31e-3201,solidaritaet_ueberleben,standard,1,6,3,11,6,20,3,17,false,false,false
match-1c8de31e-3201,rudeljaeger,standard,0,11,3,3,5,11,3,8,true,false,false
match-95db53db-3202,rudeljaeger,standard,0,7,2,5,7,14,2,12,false,false,false
match-95db53db-3202,solidaritaet_ueberleben,standard,1,8,5,17,14,36,5,31,true,false,false
match-0f28a499-3203,rudeljaeger,standard,0,6,5,15,18,38,5,33,true,true,true
match-37586028-3205,solidaritaet_ueberleben,standard,1,6,2,8,6,16,2,14,true,false,false
match-37586028-3205,rudeljaeger,standard,0,8,4,10,13,27,4,23,false,false,false
match-b0a5d0e5-3206,rudeljaeger,standard,0,6,5,19,20,44,5,39,false,false,false
match-b0a5d0e5-3206,solidaritaet_ueberleben,standard,1,10,5,18,18,41,5,36,true,false,false
match-29f321a3-3207,solidaritaet_ueberleben,standard,1,6,1,4,4,9,1,8,true,false,false
match-29f321a3-3207,rudeljaeger,standard,0,6,4,11,16,31,4,27,false,false,false
match-6dab984c-3208,rudeljaeger,standard,0,6,5,16,18,39,5,34,false,false,false
match-6dab984c-3208,solidaritaet_ueberleben,standard,1,10,4,8,10,22,4,18,true,false,false
match-d993aa84-3211,solidaritaet_ueberleben,standard,1,6,3,6,4,13,3,10,true,false,false
match-d993aa84-3211,rudeljaeger,standard,0,8,5,17,18,40,5,35,false,false,false
match-88761556-3212,rudeljaeger,standard,0,7,3,4,2,9,3,6,false,false,false
match-88761556-3212,solidaritaet_ueberleben,standard,1,7,4,11,12,27,4,23,true,false,false
match-7b10d6d1-3214,solidaritaet_ueberleben,standard,1,8,4,14,12,30,4,26,true,false,true
match-2ab15fb3-3218,solidaritaet_ueberleben,standard,1,6,2,4,2,8,2,6,true,false,false
match-2ab15fb3-3218,rudeljaeger,standard,0,6,5,13,12,30,5,25,false,false,false
match-52e11b42-3220,solidaritaet_ueberleben,standard,1,6,4,4,4,12,4,8,true,false,false
match-52e11b42-3220,rudeljaeger,standard,0,6,4,12,15,31,4,27,false,false,false
match-bec92d7a-3223,rudeljaeger,standard,0,8,3,13,16,32,3,29,false,false,false
match-bec92d7a-3223,solidaritaet_ueberleben,standard,1,10,4,3,6,13,4,9,true,false,false
match-02818424-3224,rudeljaeger,standard,0,6,5,15,16,36,5,31,true,true,true
match-7bcef4e1-3225,solidaritaet_ueberleben,standard,1,6,2,8,6,16,2,14,false,false,false
match-f51c459e-3226,rudeljaeger,standard,0,6,4,13,13,30,4,26,false,false,false
match-f51c459e-3226,solidaritaet_ueberleben,standard,1,7,5,16,16,37,5,32,true,false,false
match-969971eb-3229,solidaritaet_ueberleben,standard,1,6,2,8,6,16,2,14,false,false,false
match-969971eb-3229,rudeljaeger,standard,0,7,4,13,14,31,4,27,true,false,false
match-0fe6c2a9-3230,solidaritaet_ueberleben,standard,1,6,3,4,4,11,3,8,false,false,false
match-0fe6c2a9-3230,rudeljaeger,standard,0,6,4,13,18,35,4,31,true,false,false
match-89343366-3231,solidaritaet_ueberleben,standard,1,6,2,8,6,16,2,14,false,false,false
match-89343366-3231,rudeljaeger,standard,0,6,3,11,16,30,3,27,true,false,true
match-ccec8a0f-3232,solidaritaet_ueberleben,standard,1,6,3,4,4,11,3,8,false,false,false
match-4639facd-3233,solidaritaet_ueberleben,standard,1,6,3,4,4,11,3,8,false,false,false
match-4639facd-3233,rudeljaeger,standard,0,10,5,19,21,45,5,40,true,false,false
match-bf874b8a-3234,solidaritaet_ueberleben,standard,1,6,3,8,8,19,3,16,false,false,false
match-bf874b8a-3234,rudeljaeger,standard,0,10,4,10,11,25,4,21,true,false,false
match-e7b70719-3236,rudeljaeger,standard,0,6,4,4,4,12,4,8,false,false,false
match-e7b70719-3236,solidaritaet_ueberleben,standard,1,7,5,13,12,30,5,25,true,false,false
match-610477d7-3237,rudeljaeger,standard,0,6,4,13,13,30,4,26,false,false,false
match-610477d7-3237,solidaritaet_ueberleben,standard,1,9,5,7,8,20,5,15,true,false,false
match-da51c894-3238,solidaritaet_ueberleben,standard,1,6,1,3,2,6,1,5,false,false,false
match-da51c894-3238,rudeljaeger,standard,0,12,4,6,8,18,4,14,true,false,true
match-539f3952-3239,solidaritaet_ueberleben,standard,1,6,2,6,4,12,2,10,false,false,false
match-539f3952-3239,rudeljaeger,standard,0,12,4,7,7,18,4,14,true,false,false
match-97578ffb-3240,rudeljaeger,standard,0,6,4,16,22,42,4,38,true,false,false
match-b2220d05-3244,solidaritaet_ueberleben,standard,1,6,2,5,2,9,2,7,true,false,true
match-1e0a3f3e-3247,rudeljaeger,standard,0,6,2,9,10,21,2,19,true,true,true
match-61c295e7-3248,rudeljaeger,standard,0,6,4,20,25,49,4,45,true,false,false
match-61c295e7-3248,solidaritaet_ueberleben,standard,1,10,4,9,10,23,4,19,false,false,false
match-db0fe6a4-3249,rudeljaeger,standard,0,6,3,10,14,27,3,24,false,false,false
match-db0fe6a4-3249,solidaritaet_ueberleben,standard,1,9,5,3,2,10,5,5,true,true,true
match-7c8d12f1-3252,solidaritaet_ueberleben,standard,1,7,4,12,10,26,4,22,true,false,false
match-6f27d46c-3254,rudeljaeger,standard,0,6,4,7,9,20,4,16,false,false,false
match-6f27d46c-3254,solidaritaet_ueberleben,standard,1,9,5,0,0,5,5,0,true,false,true
match-e8752529-3255,solidaritaet_ueberleben,standard,1,6,2,8,8,18,2,16,false,false,false
match-e8752529-3255,rudeljaeger,standard,0,6,4,12,19,35,4,31,false,false,false
match-fecaedd3-3257,solidaritaet_ueberleben,standard,1,6,2,7,6,15,2,13,true,false,false
match-fecaedd3-3257,rudeljaeger,standard,0,8,4,17,20,41,4,37,false,false,false
match-78185e91-3258,solidaritaet_ueberleben,standard,1,6,2,3,2,7,2,5,false,false,false
match-78185e91-3258,rudeljaeger,standard,0,6,4,13,18,35,4,31,true,false,false
match-f165af4e-3259,solidaritaet_ueberleben,standard,1,6,3,4,4,11,3,8,false,false,false
match-f165af4e-3259,rudeljaeger,standard,0,8,5,23,27,55,5,50,true,false,false
match-a0481a20-3260,rudeljaeger,standard,0,9,3,0,0,3,3,0,false,false,false
match-a0481a20-3260,solidaritaet_ueberleben,standard,1,10,5,14,12,31,5,26,true,false,false
match-92e2db9b-3262,solidaritaet_ueberleben,standard,1,6,2,5,4,11,2,9,true,true,true
match-0c302c59-3263,rudeljaeger,standard,0,7,4,6,11,21,4,17,true,false,false
match-0c302c59-3263,solidaritaet_ueberleben,standard,1,9,5,13,10,28,5,23,false,false,false
match-4fe88302-3264,solidaritaet_ueberleben,standard,1,6,3,7,4,14,3,11,false,false,false
match-4fe88302-3264,rudeljaeger,standard,0,13,4,8,12,24,4,20,true,true,true
match-4283447d-3266,solidaritaet_ueberleben,standard,1,6,3,11,10,24,3,21,true,false,false
match-bbd0b53a-3267,rudeljaeger,standard,0,11,2,0,0,2,2,0,false,false,false
match-bbd0b53a-3267,solidaritaet_ueberleben,standard,1,12,2,6,8,16,2,14,true,false,true
match-e40070c9-3269,solidaritaet_ueberleben,standard,1,7,5,7,4,16,5,11,true,true,true
match-5d4dc187-3270,rudeljaeger,standard,0,6,4,14,16,34,4,30,true,false,false
match-5d4dc187-3270,solidaritaet_ueberleben,standard,1,8,4,7,10,21,4,17,false,false,false
match-d69b3244-3271,rudeljaeger,standard,0,6,5,14,18,37,5,32,false,false,false
match-d69b3244-3271,solidaritaet_ueberleben,standard,1,9,5,13,14,32,5,27,true,false,false
match-1a5388ee-3272,rudeljaeger,standard,0,6,4,11,11,26,4,22,true,false,false
match-1a5388ee-3272,solidaritaet_ueberleben,standard,1,16,4,3,2,9,4,5,false,false,false
match-863bbb26-3275,rudeljaeger,standard,0,6,3,15,19,37,3,34,false,false,false
match-863bbb26-3275,solidaritaet_ueberleben,standard,1,11,5,10,8,23,5,18,false,false,false
match-ae6b76b5-3277,solidaritaet_ueberleben,standard,1,6,3,9,6,18,3,15,true,false,false
match-27b8c773-3278,solidaritaet_ueberleben,standard,1,6,2,8,6,16,2,14,true,true,true
match-a1063830-3279,rudeljaeger,standard,0,6,3,13,15,31,3,28,false,false,false
match-a1063830-3279,solidaritaet_ueberleben,standard,1,7,5,4,6,15,5,10,true,false,false
match-e4be8ed9-3280,solidaritaet_ueberleben,standard,1,6,2,3,2,7,2,5,false,false,false
match-e4be8ed9-3280,rudeljaeger,standard,0,7,3,9,15,27,3,24,true,false,false
match-5e0bff97-3281,rudeljaeger,standard,0,6,3,10,13,26,3,23,true,true,true
match-d7595054-3282,rudeljaeger,standard,0,6,3,10,11,24,3,21,true,false,false
match-50a6a112-3283,solidaritaet_ueberleben,standard,1,6,3,9,6,18,3,15,true,false,true
match-50a6a112-3283,rudeljaeger,standard,0,6,2,5,10,17,2,15,false,false,false
match-78d67ca1-3285,solidaritaet_ueberleben,standard,1,6,4,7,6,17,4,13,true,false,false
match-78d67ca1-3285,rudeljaeger,standard,0,10,5,0,0,5,5,0,false,false,false
match-6b713e1c-3287,solidaritaet_ueberleben,standard,1,6,3,10,8,21,3,18,true,false,false
match-af2994c5-3288,solidaritaet_ueberleben,standard,1,6,3,8,6,17,3,14,true,false,true
match-af2994c5-3288,rudeljaeger,standard,0,6,3,8,10,21,3,18,false,false,false
match-1b11a6fe-3291,rudeljaeger,standard,0,7,2,8,10,20,2,18,false,false,false
match-1b11a6fe-3291,solidaritaet_ueberleben,standard,1,12,3,7,8,18,3,15,true,false,false
match-c9f411cf-3292,rudeljaeger,standard,0,6,5,6,7,18,5,13,true,false,false
match-4341628d-3293,rudeljaeger,standard,0,6,3,12,14,29,3,26,true,true,true
match-bc8ed34a-3294,rudeljaeger,standard,0,7,4,14,15,33,4,29,true,false,false
match-35dc2408-3295,solidaritaet_ueberleben,standard,1,6,3,10,10,23,3,20,true,false,true
match-79949ab1-3296,solidaritaet_ueberleben,standard,1,6,2,8,6,16,2,14,false,false,false
match-f2e1eb6e-3297,rudeljaeger,standard,0,7,3,7,7,17,3,14,true,false,false
match-f2e1eb6e-3297,solidaritaet_ueberleben,standard,1,8,5,12,10,27,5,22,false,false,false
match-e57cace9-3299,solidaritaet_ueberleben,standard,1,6,4,6,6,16,4,12,true,false,true
match-945f17bb-3300,rudeljaeger,standard,0,6,4,13,14,31,4,27,true,true,true
match-0dac6879-3301,solidaritaet_ueberleben,standard,1,6,3,4,4,11,3,8,true,false,false
match-86f9d936-3302,solidaritaet_ueberleben,standard,1,9,4,13,12,29,4,25,false,false,false
match-86f9d936-3302,rudeljaeger,standard,0,13,5,12,19,36,5,31,false,false,false
match-004729f4-3303,solidaritaet_ueberleben,standard,1,6,2,8,6,16,2,14,false,false,false
match-43ff809d-3304,solidaritaet_ueberleben,standard,1,6,2,4,2,8,2,6,false,false,false
match-bd4cf15a-3305,solidaritaet_ueberleben,standard,1,7,3,5,4,12,3,9,true,true,true
match-369a4218-3306,solidaritaet_ueberleben,standard,1,6,2,3,0,5,2,3,false,false,false
match-369a4218-3306,rudeljaeger,standard,0,6,4,11,14,29,4,25,true,false,false
match-afe7b2d5-3307,solidaritaet_ueberleben,standard,1,6,2,7,6,15,2,13,true,false,false
match-afe7b2d5-3307,rudeljaeger,standard,0,6,3,10,14,27,3,24,false,false,false
match-5164df22-3310,solidaritaet_ueberleben,standard,1,7,5,13,12,30,5,25,true,false,false
match-cab22fdf-3311,solidaritaet_ueberleben,standard,1,6,3,7,6,16,3,13,true,false,false
match-cab22fdf-3311,rudeljaeger,standard,0,6,5,16,16,37,5,32,false,false,false
match-0e6a8689-3312,solidaritaet_ueberleben,standard,1,7,2,5,2,9,2,7,true,false,false
match-87b7f746-3313,solidaritaet_ueberleben,standard,1,6,3,8,6,17,3,14,true,false,false
match-87b7f746-3313,rudeljaeger,standard,0,6,5,14,18,37,5,32,false,false,false
match-01054804-3314,solidaritaet_ueberleben,standard,1,12,4,13,10,27,4,23,false,false,false
match-01054804-3314,rudeljaeger,standard,0,12,4,7,8,19,4,15,true,false,false
match-7a52b8c1-3315,solidaritaet_ueberleben,standard,1,6,1,3,2,6,1,5,false,false,false
match-7a52b8c1-3315,rudeljaeger,standard,0,6,4,4,6,14,4,10,true,false,false
match-29350393-3316,solidaritaet_ueberleben,standard,1,6,1,4,4,9,1,8,false,false,false
match-29350393-3316,rudeljaeger,standard,0,10,4,12,15,31,4,27,true,true,true
match-a2827450-3317,rudeljaeger,standard,0,8,5,16,18,39,5,34,false,false,false
match-a2827450-3317,solidaritaet_ueberleben,standard,1,9,5,14,12,31,5,26,true,false,false
match-1bcfc50e-3318,rudeljaeger,standard,0,8,3,6,6,15,3,12,true,false,true
match-ab72fe75-3321,solidaritaet_ueberleben,standard,1,6,1,4,4,9,1,8,true,false,false
match-ab72fe75-3321,rudeljaeger,standard,0,6,4,12,15,31,4,27,false,false,false
match-24c04f33-3322,solidaritaet_ueberleben,standard,1,7,2,5,2,9,2,7,true,false,false
match-4cf00ac2-3324,solidaritaet_ueberleben,standard,1,9,5,13,12,30,5,25,true,false,false
match-4cf00ac2-3324,rudeljaeger,standard,0,10,3,10,12,25,3,22,false,false,false
match-c63d7b7f-3325,rudeljaeger,standard,0,6,4,16,17,37,4,33,true,false,true
match-3f8acc3d-3326,rudeljaeger,standard,0,10,4,8,8,20,4,16,true,true,true
match-ef2b551e-3330,solidaritaet_ueberleben,standard,1,7,4,11,8,23,4,19,false,false,false
match-ef2b551e-3330,rudeljaeger,standard,0,14,5,9,8,22,5,17,true,false,true
match-6878a5dc-3331,solidaritaet_ueberleben,standard,1,6,3,10,6,19,3,16,true,false,false
match-6878a5dc-3331,rudeljaeger,standard,0,6,4,11,16,31,4,27,false,false,false
match-175b10ae-3332,solidaritaet_ueberleben,standard,1,6,3,9,8,20,3,17,false,false,false
match-175b10ae-3332,rudeljaeger,standard,0,6,4,16,19,39,4,35,true,false,false
match-90a8616b-3333,rudeljaeger,standard,0,6,4,12,13,29,4,25,true,false,false
match-09f5d229-3334,rudeljaeger,standard,0,6,4,15,18,37,4,33,false,false,false
match-09f5d229-3334,solidaritaet_ueberleben,standard,1,14,5,13,10,28,5,23,true,true,true
match-834322e6-3335,rudeljaeger,standard,0,6,5,17,17,39,5,34,false,false,false
match-4048ea4d-3337,solidaritaet_ueberleben,standard,1,7,4,3,0,7,4,3,true,true,true
match-b9965b0a-3338,solidaritaet_ueberleben,standard,1,7,3,11,10,24,3,21,true,false,false
match-32e3abc8-3339,solidaritaet_ueberleben,standard,1,6,2,4,4,10,2,8,false,false,false
match-32e3abc8-3339,rudeljaeger,standard,0,6,3,10,14,27,3,24,true,false,false
match-e1c61699-3340,solidaritaet_ueberleben,standard,1,6,3,7,2,12,3,9,false,false,false
match-e1c61699-3340,rudeljaeger,standard,0,9,4,14,19,37,4,33,true,false,true
match-5b136757-3341,solidaritaet_ueberleben,standard,1,6,3,8,8,19,3,16,false,false,false
match-5b136757-3341,rudeljaeger,standard,0,12,4,4,4,12,4,8,true,false,false
match-4dae28d2-3343,rudeljaeger,standard,0,8,3,13,13,29,3,26,false,false,false
match-4dae28d2-3343,solidaritaet_ueberleben,standard,1,9,5,11,12,28,5,23,true,false,false
match-91669f7b-3344,solidaritaet_ueberleben,standard,1,8,3,13,10,26,3,23,true,false,false
match-91669f7b-3344,rudeljaeger,standard,0,15,4,6,9,19,4,15,false,false,false
match-840140f6-3346,rudeljaeger,standard,0,6,4,16,18,38,4,34,true,false,false
match-9ecbde00-3350,solidaritaet_ueberleben,standard,1,6,1,3,2,6,1,5,true,false,true
match-d51ef624-3353,rudeljaeger,standard,0,6,5,6,5,16,5,11,false,false,false
match-d51ef624-3353,solidaritaet_ueberleben,standard,1,11,5,14,12,31,5,26,true,false,false
match-4e6c46e2-3354,rudeljaeger,standard,0,6,5,13,15,33,5,28,true,false,false
match-4e6c46e2-3354,solidaritaet_ueberleben,standard,1,15,5,9,6,20,5,15,false,false,false
match-c7b9b79f-3355,solidaritaet_ueberleben,standard,1,6,2,7,6,15,2,13,true,false,false
match-263c8b53-3360,solidaritaet_ueberleben,standard,1,7,4,6,4,14,4,10,false,false,false
match-263c8b53-3360,rudeljaeger,standard,0,9,5,16,21,42,5,37,true,false,false
match-9f89fc10-3361,rudeljaeger,standard,0,6,3,12,14,29,3,26,true,false,false
match-18d74cce-3362,rudeljaeger,standard,0,6,4,13,19,36,4,32,false,false,false
match-18d74cce-3362,solidaritaet_ueberleben,standard,1,7,5,13,10,28,5,23,true,false,false
match-9224bd8b-3363,solidaritaet_ueberleben,standard,1,6,3,7,2,12,3,9,false,false,false
match-9224bd8b-3363,rudeljaeger,standard,0,8,5,19,22,46,5,41,true,false,false
match-4107085d-3364,solidaritaet_ueberleben,standard,1,6,3,3,2,8,3,5,false,false,false
match-ba54791a-3365,solidaritaet_ueberleben,standard,1,6,2,6,6,14,2,12,true,false,false
match-f0a7913e-3368,rudeljaeger,standard,0,7,1,4,4,9,1,8,true,true,true
match-69f4e1fc-3369,solidaritaet_ueberleben,standard,1,6,4,8,8,20,4,16,false,false,false
match-69f4e1fc-3369,rudeljaeger,standard,0,6,4,15,18,37,4,33,true,false,false
match-e34252b9-3370,solidaritaet_ueberleben,standard,1,6,2,7,4,13,2,11,false,false,false
match-e34252b9-3370,rudeljaeger,standard,0,6,2,5,9,16,2,14,false,false,false
match-5c8fa377-3371,rudeljaeger,standard,0,7,4,12,20,36,4,32,false,false,false
match-5c8fa377-3371,solidaritaet_ueberleben,standard,1,9,5,8,6,19,5,14,true,true,true
match-84bf7f06-3373,solidaritaet_ueberleben,standard,1,6,2,7,6,15,2,13,false,false,false
match-84bf7f06-3373,rudeljaeger,standard,0,12,4,14,16,34,4,30,true,false,false
match-fe0ccfc3-3374,rudeljaeger,standard,0,6,5,18,22,45,5,40,true,false,true
match-775a2081-3375,rudeljaeger,standard,0,6,5,14,21,40,5,35,true,false,false
match-bb12972a-3376,solidaritaet_ueberleben,standard,1,8,3,10,8,21,3,18,false,false,false
match-bb12972a-3376,rudeljaeger,standard,0,12,5,6,7,18,5,13,true,false,false
match-345fe7e8-3377,rudeljaeger,standard,0,6,4,17,18,39,4,35,true,true,true
match-adad58a5-3378,rudeljaeger,standard,0,6,4,17,17,38,4,34,true,false,false
match-26faa963-3379,solidaritaet_ueberleben,standard,1,7,4,3,2,9,4,5,true,true,true
match-d5dd1434-3380,solidaritaet_ueberleben,standard,1,6,2,4,4,10,2,8,false,false,false
match-c877d5af-3382,solidaritaet_ueberleben,standard,1,6,2,8,8,18,2,16,true,false,false
match-c877d5af-3382,rudeljaeger,standard,0,8,5,11,14,30,5,25,false,false,false
match-decd9e59-3384,rudeljaeger,standard,0,6,3,13,15,31,3,28,true,true,true
match-581aef17-3385,solidaritaet_ueberleben,standard,1,8,1,4,4,9,1,8,false,false,false
match-581aef17-3385,rudeljaeger,standard,0,8,4,12,15,31,4,27,true,false,true
match-f9981b63-3388,rudeljaeger,standard,0,11,2,7,6,15,2,13,false,false,false
match-f9981b63-3388,solidaritaet_ueberleben,standard,1,15,4,9,6,19,4,15,true,true,true
match-ec32dcde-3390,rudeljaeger,standard,0,8,2,7,8,17,2,15,false,false,false
match-ec32dcde-3390,solidaritaet_ueberleben,standard,1,14,3,6,6,15,3,12,true,false,true
match-65802d9c-3391,solidaritaet_ueberleben,standard,1,6,4,13,10,27,4,23,false,false,false
match-65802d9c-3391,rudeljaeger,standard,0,6,4,9,11,24,4,20,true,false,false
match-a9388445-3392,rudeljaeger,standard,0,7,3,12,14,29,3,26,false,false,false
match-a9388445-3392,solidaritaet_ueberleben,standard,1,12,3,8,10,21,3,18,true,false,false
match-3d50720d-3397,solidaritaet_ueberleben,standard,1,6,2,8,6,16,2,14,true,false,true
match-b69dc2ca-3398,rudeljaeger,standard,0,7,3,13,15,31,3,28,false,false,false
match-2feb3388-3399,solidaritaet_ueberleben,standard,1,6,0,0,0,0,0,0,false,false,false
match-2feb3388-3399,rudeljaeger,standard,0,6,2,8,10,20,2,18,true,false,false
match-663e4bac-3402,solidaritaet_ueberleben,standard,1,9,3,10,8,21,3,18,false,false,false
match-df8bbc69-3403,solidaritaet_ueberleben,standard,1,6,3,4,4,11,3,8,false,false,false
match-07bb77f9-3405,rudeljaeger,standard,0,6,3,12,13,28,3,25,true,true,true
match-8108c8b6-3406,solidaritaet_ueberleben,standard,1,6,3,4,2,9,3,6,true,false,false
match-8108c8b6-3406,rudeljaeger,standard,0,6,4,13,21,38,4,34,false,false,false
match-fa563973-3407,solidaritaet_ueberleben,standard,1,10,5,10,8,23,5,18,true,false,false
match-fa563973-3407,rudeljaeger,standard,0,13,4,4,6,14,4,10,false,false,false
match-30a95198-3410,rudeljaeger,standard,0,6,4,13,13,30,4,26,false,false,false
match-a9f6a255-3411,rudeljaeger,standard,0,8,4,9,16,29,4,25,false,false,false
match-a9f6a255-3411,solidaritaet_ueberleben,standard,1,11,5,14,12,31,5,26,false,false,false
match-58d90d27-3412,rudeljaeger,standard,0,6,5,4,4,13,5,8,false,false,false
match-d2267de4-3413,rudeljaeger,standard,0,6,3,12,13,28,3,25,false,false,false
match-d2267de4-3413,solidaritaet_ueberleben,standard,1,9,5,10,10,25,5,20,true,false,false
match-c4c13f5f-3415,rudeljaeger,standard,0,6,3,11,13,27,3,24,false,false,false
match-c4c13f5f-3415,solidaritaet_ueberleben,standard,1,11,5,8,4,17,5,12,true,false,false
match-08799609-3416,solidaritaet_ueberleben,standard,1,8,3,0,0,3,3,0,true,false,true
match-81c6e6c6-3417,solidaritaet_ueberleben,standard,1,6,4,6,2,12,4,8,true,false,false
match-7461a841-3419,solidaritaet_ueberleben,standard,1,6,3,10,8,21,3,18,true,false,false
match-23441313-3420,rudeljaeger,standard,0,6,4,16,18,38,4,34,false,false,false
match-23441313-3420,solidaritaet_ueberleben,standard,1,11,3,6,6,15,3,12,true,false,false
match-15ded48e-3422,solidaritaet_ueberleben,standard,1,6,3,7,4,14,3,11,false,false,false
match-15ded48e-3422,rudeljaeger,standard,0,6,3,11,12,26,3,23,true,false,false
match-8f2c254b-3423,rudeljaeger,standard,0,7,4,14,17,35,4,31,false,false,false
match-8f2c254b-3423,solidaritaet_ueberleben,standard,1,12,4,6,4,14,4,10,false,false,false
match-4c31ecb2-3425,rudeljaeger,standard,0,6,4,16,20,40,4,36,false,false,false
match-66fc69bc-3429,solidaritaet_ueberleben,standard,1,6,4,9,4,17,4,13,false,false,false
match-e049da79-3430,rudeljaeger,standard,0,6,5,16,23,44,5,39,true,false,false
match-59972b37-3431,solidaritaet_ueberleben,standard,1,7,3,12,8,23,3,20,true,false,false
match-59972b37-3431,rudeljaeger,standard,0,12,5,10,10,25,5,20,false,false,false
match-9d4f81e0-3432,solidaritaet_ueberleben,standard,1,7,5,4,2,11,5,6,true,false,false
match-0937b419-3435,rudeljaeger,standard,0,6,4,11,15,30,4,26,true,false,true
match-31676fa8-3437,rudeljaeger,standard,0,6,3,9,9,21,3,18,false,false,false
match-24023123-3439,rudeljaeger,standard,0,6,3,9,12,24,3,21,false,false,false
match-24023123-3439,solidaritaet_ueberleben,standard,1,7,4,8,10,22,4,18,true,false,false
match-5a554947-3442,solidaritaet_ueberleben,standard,1,6,3,4,4,11,3,8,false,false,false
match-5a554947-3442,rudeljaeger,standard,0,6,5,12,19,36,5,31,true,false,false
match-d3a2ba04-3443,solidaritaet_ueberleben,standard,1,6,3,10,8,21,3,18,true,false,false
match-828504d6-3444,rudeljaeger,standard,0,6,3,7,6,16,3,13,true,false,true
match-ee6d370e-3447,solidaritaet_ueberleben,standard,1,8,2,0,0,2,2,0,true,true,true
match-7e105076-3450,rudeljaeger,standard,0,6,5,14,18,37,5,32,true,true,true
match-a6400c05-3452,solidaritaet_ueberleben,standard,1,6,3,4,4,11,3,8,true,false,false
match-12283e3e-3455,rudeljaeger,standard,0,6,5,11,16,32,5,27,false,false,false
match-12283e3e-3455,solidaritaet_ueberleben,standard,1,10,4,0,0,4,4,0,true,false,false
match-e9f862ae-3461,solidaritaet_ueberleben,standard,1,6,2,9,8,19,2,17,true,false,false
match-dc932429-3463,solidaritaet_ueberleben,standard,1,7,1,4,4,9,1,8,true,false,false
match-204b9ad3-3464,rudeljaeger,standard,0,6,5,13,14,32,5,27,true,true,true
match-12e65c4e-3466,solidaritaet_ueberleben,standard,1,6,2,4,4,10,2,8,false,false,false
match-3b1617dd-3468,solidaritaet_ueberleben,standard,1,7,2,5,2,9,2,7,true,false,false
match-3b1617dd-3468,rudeljaeger,standard,0,9,5,4,6,15,5,10,false,false,false
match-eab680be-3472,rudeljaeger,standard,0,6,4,17,21,42,4,38,true,false,false
match-eab680be-3472,solidaritaet_ueberleben,standard,1,11,5,12,10,27,5,22,false,false,false
match-6403f17c-3473,solidaritaet_ueberleben,standard,1,8,3,8,4,15,3,12,true,false,false
match-05811dc9-3476,solidaritaet_ueberleben,standard,1,6,4,4,4,12,4,8,true,false,false
match-71693001-3479,rudeljaeger,standard,0,8,5,20,22,47,5,42,false,false,false
match-71693001-3479,solidaritaet_ueberleben,standard,1,9,3,10,12,25,3,22,true,false,true
match-b52186aa-3480,rudeljaeger,standard,0,6,3,9,12,24,3,21,true,false,true
match-2e6ef768-3481,solidaritaet_ueberleben,standard,1,6,1,4,4,9,1,8,true,false,false
match-2e6ef768-3481,rudeljaeger,standard,0,6,5,7,11,23,5,18,false,false,false
match-2109b8e3-3483,solidaritaet_ueberleben,standard,1,6,2,7,6,15,2,13,true,false,true
match-2109b8e3-3483,rudeljaeger,standard,0,6,4,4,6,14,4,10,false,false,false
match-cfec03b4-3484,solidaritaet_ueberleben,standard,1,6,3,10,6,19,3,16,false,false,false
match-c286c52f-3486,rudeljaeger,standard,0,9,5,0,0,5,5,0,false,false,false
match-3bd435ed-3487,solidaritaet_ueberleben,standard,1,6,0,0,0,0,0,0,false,false,false
match-7f8c8c96-3488,solidaritaet_ueberleben,standard,1,7,4,3,2,9,4,5,true,true,true
match-f8d9fd53-3489,solidaritaet_ueberleben,standard,1,9,3,13,8,24,3,21,true,true,true
match-72274e11-3490,rudeljaeger,standard,0,6,3,15,18,36,3,33,true,false,false
match-eb74bece-3491,solidaritaet_ueberleben,standard,1,6,3,11,10,24,3,21,true,false,true
match-8cf1cb1b-3494,solidaritaet_ueberleben,standard,1,6,3,12,8,23,3,20,false,false,false
match-49f79282-3496,rudeljaeger,standard,0,6,4,13,11,28,4,24,true,false,false
match-c344e33f-3497,solidaritaet_ueberleben,standard,1,8,2,7,6,15,2,13,true,false,false
match-3c9253fd-3498,solidaritaet_ueberleben,standard,1,6,1,4,4,9,1,8,false,false,false
match-3c9253fd-3498,rudeljaeger,standard,0,6,4,13,17,34,4,30,true,false,false
match-b5dfa4ba-3499,rudeljaeger,standard,0,6,2,9,10,21,2,19,true,false,false
match-b5dfa4ba-3499,solidaritaet_ueberleben,standard,1,15,4,7,6,17,4,13,false,false,false
match-e84acbbd-3500,solidaritaet_ueberleben,standard,1,8,3,6,4,13,3,10,true,false,false
match-e84acbbd-3500,rudeljaeger,standard,0,11,5,7,10,22,5,17,false,false,false
match-61983c7b-3501,rudeljaeger,standard,0,6,3,9,9,21,3,18,false,false,false
match-61983c7b-3501,solidaritaet_ueberleben,standard,1,6,3,9,8,20,3,17,true,false,false
match-6efd7b00-3503,rudeljaeger,standard,0,6,2,7,8,17,2,15,true,true,true
match-cd804eb3-3504,solidaritaet_ueberleben,standard,1,7,2,8,8,18,2,16,true,false,true
match-cd804eb3-3504,rudeljaeger,standard,0,8,3,7,9,19,3,16,false,false,false
match-dae58d38-3506,rudeljaeger,standard,0,6,5,2,2,9,5,4,false,false,false
match-5432fdf6-3507,solidaritaet_ueberleben,standard,1,6,5,5,2,12,5,7,true,false,false
match-b2b5d1a9-3508,solidaritaet_ueberleben,standard,1,6,4,13,10,27,4,23,false,false,false
match-c01b102e-3510,rudeljaeger,standard,0,6,3,11,13,27,3,24,true,false,false
match-396860ec-3511,rudeljaeger,standard,0,6,3,9,11,23,3,20,false,false,false
match-97eb549f-3512,rudeljaeger,standard,0,6,4,12,15,31,4,27,false,false,false
match-97eb549f-3512,solidaritaet_ueberleben,standard,1,6,4,8,10,22,4,18,true,false,false
match-1138a55d-3513,rudeljaeger,standard,0,6,2,4,5,11,2,9,true,false,false
match-a5509324-3514,rudeljaeger,standard,0,6,1,3,4,8,1,7,true,true,true
match-03d366d8-3519,rudeljaeger,standard,0,6,1,4,4,9,1,8,true,true,true
match-62565a8b-3520,rudeljaeger,standard,0,6,3,7,8,18,3,15,false,false,false
match-62565a8b-3520,solidaritaet_ueberleben,standard,1,6,5,17,16,38,5,33,true,false,false
match-dba3ab48-3521,solidaritaet_ueberleben,standard,1,6,4,13,10,27,4,23,true,false,false
match-e908e9cd-3523,rudeljaeger,standard,0,6,2,8,10,20,2,18,false,false,false
match-e908e9cd-3523,solidaritaet_ueberleben,standard,1,6,4,8,10,22,4,18,true,false,false
match-478bdd81-3524,rudeljaeger,standard,0,6,4,10,12,26,4,22,false,false,false
match-478bdd81-3524,solidaritaet_ueberleben,standard,1,10,5,13,12,30,5,25,false,false,false
match-c0d92e3e-3525,solidaritaet_ueberleben,standard,1,6,4,10,6,20,4,16,true,false,false
match-c0d92e3e-3525,rudeljaeger,standard,0,10,4,0,0,4,4,0,false,false,false
match-ce3e6cc3-3527,solidaritaet_ueberleben,standard,1,6,4,10,8,22,4,18,false,false,false
match-ce3e6cc3-3527,rudeljaeger,standard,0,10,5,9,9,23,5,18,true,false,false
match-2cc14077-3528,solidaritaet_ueberleben,standard,1,6,2,5,2,9,2,7,true,false,false
match-2cc14077-3528,rudeljaeger,standard,0,11,5,19,20,44,5,39,false,false,false
match-3a269efc-3530,solidaritaet_ueberleben,standard,1,10,2,8,8,18,2,16,false,false,false
match-3a269efc-3530,rudeljaeger,standard,0,12,5,17,21,43,5,38,true,false,false
match-8b44342a-3533,solidaritaet_ueberleben,standard,1,6,4,10,8,22,4,18,true,false,false
match-1f5c01f2-3534,rudeljaeger,standard,0,6,1,4,4,9,1,8,false,false,false
match-1f5c01f2-3534,solidaritaet_ueberleben,standard,1,6,2,8,10,20,2,18,true,false,false
match-98a972af-3535,rudeljaeger,standard,0,6,1,4,4,9,1,8,false,false,false
match-7079b720-3537,solidaritaet_ueberleben,standard,1,6,5,14,8,27,5,22,true,false,false
match-7079b720-3537,rudeljaeger,standard,0,9,5,18,21,44,5,39,false,false,false
match-049184e8-3538,rudeljaeger,standard,0,6,3,9,11,23,3,20,false,false,false
match-7ddef5a5-3539,solidaritaet_ueberleben,standard,1,6,5,4,4,13,5,8,true,false,false
match-7ddef5a5-3539,rudeljaeger,standard,0,7,5,11,13,29,5,24,false,false,false
match-dc61c958-3540,solidaritaet_ueberleben,standard,1,6,5,13,6,24,5,19,true,false,false
match-dc61c958-3540,rudeljaeger,standard,0,8,5,15,20,40,5,35,false,false,false
match-55af3a16-3541,solidaritaet_ueberleben,standard,1,6,4,7,6,17,4,13,true,false,false
match-55af3a16-3541,rudeljaeger,standard,0,12,3,0,0,3,3,0,false,false,false
match-6314789b-3543,rudeljaeger,standard,0,6,3,4,4,11,3,8,false,false,false
match-6314789b-3543,solidaritaet_ueberleben,standard,1,10,5,16,16,37,5,32,true,true,true
match-c1974c4e-3544,solidaritaet_ueberleben,standard,1,8,2,6,4,12,2,10,true,true,true
match-cefc8ad3-3546,rudeljaeger,standard,0,6,3,11,13,27,3,24,true,false,false
match-cefc8ad3-3546,solidaritaet_ueberleben,standard,1,6,3,11,12,26,3,23,false,false,false
match-4849fb91-3547,rudeljaeger,standard,0,6,4,8,9,21,4,17,true,false,false
match-4849fb91-3547,solidaritaet_ueberleben,standard,1,6,2,8,10,20,2,18,false,false,false
match-201a2002-3549,rudeljaeger,standard,0,6,3,11,12,26,3,23,false,false,false
match-201a2002-3549,solidaritaet_ueberleben,standard,1,6,2,8,10,20,2,18,true,false,false
match-b4320dc9-3550,solidaritaet_ueberleben,standard,1,8,4,16,8,28,4,24,true,true,true
match-2d7f7e87-3551,rudeljaeger,standard,0,12,5,8,9,22,5,17,true,false,false
match-2d7f7e87-3551,solidaritaet_ueberleben,standard,1,13,3,13,14,30,3,27,false,false,false
match-8c02523a-3552,solidaritaet_ueberleben,standard,1,8,4,13,10,27,4,23,true,true,true
match-12b4e17d-3555,solidaritaet_ueberleben,standard,1,6,4,8,4,16,4,12,true,false,false
match-7e9d13b5-3558,solidaritaet_ueberleben,standard,1,6,3,8,4,15,3,12,false,false,false
match-566d5826-3560,rudeljaeger,standard,0,6,1,4,4,9,1,8,false,false,false
match-566d5826-3560,solidaritaet_ueberleben,standard,1,6,2,6,8,16,2,14,true,false,false
match-cfbaa8e3-3561,rudeljaeger,standard,0,10,4,0,0,4,4,0,false,false,false
match-cfbaa8e3-3561,solidaritaet_ueberleben,standard,1,10,4,10,10,24,4,20,true,false,false
match-63d296ab-3562,rudeljaeger,standard,0,9,2,4,4,10,2,8,true,false,false
match-dd1fe768-3563,rudeljaeger,standard,0,6,2,5,7,14,2,12,true,false,false
match-dd1fe768-3563,solidaritaet_ueberleben,standard,1,7,3,4,6,13,3,10,false,false,false
match-3ba2db1c-3564,rudeljaeger,standard,0,6,3,11,12,26,3,23,true,false,false
match-3ba2db1c-3564,solidaritaet_ueberleben,standard,1,6,2,8,10,20,2,18,false,false,false
match-b4f02bd9-3565,rudeljaeger,standard,0,6,2,8,9,19,2,17,true,false,false
match-490819a1-3566,rudeljaeger,standard,0,6,2,4,5,11,2,9,false,false,false
match-490819a1-3566,solidaritaet_ueberleben,standard,1,6,2,8,10,20,2,18,true,false,false
match-c2556a5e-3567,rudeljaeger,standard,0,6,3,11,13,27,3,24,false,false,false
match-c2556a5e-3567,solidaritaet_ueberleben,standard,1,8,5,14,12,31,5,26,true,true,true
match-20d85e12-3568,rudeljaeger,standard,0,6,3,11,11,25,3,22,false,false,false
match-20d85e12-3568,solidaritaet_ueberleben,standard,1,6,4,12,14,30,4,26,true,false,false
match-9a25aecf-3569,solidaritaet_ueberleben,standard,1,7,4,0,0,4,4,0,true,false,true
match-a78aed54-3571,solidaritaet_ueberleben,standard,1,6,4,4,2,10,4,6,false,false,false
match-a78aed54-3571,rudeljaeger,standard,0,8,4,17,20,41,4,37,true,false,false
match-060dc108-3572,solidaritaet_ueberleben,standard,1,6,5,4,4,13,5,8,false,false,false
match-060dc108-3572,rudeljaeger,standard,0,7,4,16,21,41,4,37,false,false,false
match-7f5b31c5-3573,rudeljaeger,standard,0,6,3,6,4,13,3,10,false,false,false
match-13731f8d-3574,rudeljaeger,standard,0,8,5,16,18,39,5,34,true,false,false
match-eb4343fd-3576,solidaritaet_ueberleben,standard,1,7,3,9,8,20,3,17,false,false,false
match-eb4343fd-3576,rudeljaeger,standard,0,11,5,9,13,27,5,22,true,false,true
match-6490b4bb-3577,rudeljaeger,standard,0,6,3,11,11,25,3,22,false,false,false
match-6490b4bb-3577,solidaritaet_ueberleben,standard,1,6,4,13,14,31,4,27,true,false,false
match-d078c6f3-3580,rudeljaeger,standard,0,6,2,6,9,17,2,15,true,false,true
match-ddde0578-3582,rudeljaeger,standard,0,6,3,6,7,16,3,13,true,false,true
match-572b7636-3583,rudeljaeger,standard,0,6,4,13,12,29,4,25,false,false,false
match-b5ae49e9-3584,rudeljaeger,standard,0,6,2,2,3,7,2,5,false,false,false
match-b5ae49e9-3584,solidaritaet_ueberleben,standard,1,6,4,15,12,31,4,27,true,false,false
match-3c60f92c-3587,rudeljaeger,standard,0,6,4,9,11,24,4,20,false,false,false
match-3c60f92c-3587,solidaritaet_ueberleben,standard,1,6,4,8,10,22,4,18,true,false,false
match-9ae3ccdf-3588,rudeljaeger,standard,0,6,3,9,12,24,3,21,false,false,false
match-9ae3ccdf-3588,solidaritaet_ueberleben,standard,1,6,4,4,6,14,4,10,true,false,false
match-14313d9d-3589,rudeljaeger,standard,0,6,3,8,8,19,3,16,false,false,false
match-14313d9d-3589,solidaritaet_ueberleben,standard,1,6,3,4,6,13,3,10,true,false,false
match-21967c22-3591,rudeljaeger,standard,0,6,1,4,4,9,1,8,false,false,false
match-21967c22-3591,solidaritaet_ueberleben,standard,1,9,4,4,4,12,4,8,true,true,true
match-80194fd5-3592,rudeljaeger,standard,0,6,3,10,11,24,3,21,false,false,false
match-80194fd5-3592,solidaritaet_ueberleben,standard,1,6,4,16,14,34,4,30,true,false,false
match-f966a092-3593,rudeljaeger,standard,0,6,2,5,4,11,2,9,false,false,false
match-f966a092-3593,solidaritaet_ueberleben,standard,1,6,3,4,6,13,3,10,true,false,false
match-8d7e8e5a-3594,rudeljaeger,standard,0,6,3,11,13,27,3,24,true,true,true
match-06cbff18-3595,rudeljaeger,standard,0,6,4,7,13,24,4,20,true,false,false
match-06cbff18-3595,solidaritaet_ueberleben,standard,1,6,4,12,10,26,4,22,false,false,false
match-654ed2cb-3596,rudeljaeger,standard,0,6,4,8,9,21,4,17,true,false,false
match-654ed2cb-3596,solidaritaet_ueberleben,standard,1,6,4,6,8,18,4,14,false,false,false
match-de9c2388-3597,rudeljaeger,standard,0,10,2,1,3,6,2,4,false,false,false
match-de9c2388-3597,solidaritaet_ueberleben,standard,1,10,5,16,16,37,5,32,true,false,true
match-72b41150-3598,rudeljaeger,standard,0,6,4,13,12,29,4,25,false,false,false
match-ec01620d-3599,solidaritaet_ueberleben,standard,1,6,4,3,2,9,4,5,true,false,false
match-4a8455c1-3600,solidaritaet_ueberleben,standard,1,13,1,4,4,9,1,8,true,true,true
match-d136e503-3603,solidaritaet_ueberleben,standard,1,12,2,6,6,14,2,12,true,true,true
match-2fb9d8b7-3604,rudeljaeger,standard,0,6,1,4,4,9,1,8,true,false,false
match-a9072974-3605,solidaritaet_ueberleben,standard,1,6,4,8,4,16,4,12,false,false,false
match-a9072974-3605,rudeljaeger,standard,0,8,5,19,19,43,5,38,true,false,false
match-3d1f173c-3606,solidaritaet_ueberleben,standard,1,7,5,0,0,5,5,0,true,false,false
match-3d1f173c-3606,rudeljaeger,standard,0,9,5,22,25,52,5,47,false,false,false
match-b66c67f9-3607,rudeljaeger,standard,0,6,3,9,8,20,3,17,false,false,false
match-8e3cac6a-3609,solidaritaet_ueberleben,standard,1,6,4,3,2,9,4,5,false,false,false
match-22549a32-3610,rudeljaeger,standard,0,8,3,11,11,25,3,22,true,true,true
match-73722f60-3613,rudeljaeger,standard,0,6,3,12,16,31,3,28,false,false,false
match-078a1d28-3614,rudeljaeger,standard,0,16,5,3,5,13,5,8,false,false,false
match-df5a4198-3616,rudeljaeger,standard,0,6,3,7,10,20,3,17,false,false,false
match-df5a4198-3616,solidaritaet_ueberleben,standard,1,8,5,8,10,23,5,18,true,false,false
match-58a7b256-3617,rudeljaeger,standard,0,6,2,6,10,18,2,16,false,false,false
match-58a7b256-3617,solidaritaet_ueberleben,standard,1,8,5,12,10,27,5,22,true,false,false
match-c48fc48e-3620,rudeljaeger,standard,0,7,5,10,10,25,5,20,true,false,true
match-3ddd354c-3621,rudeljaeger,standard,0,6,3,6,6,15,3,12,false,false,false
match-3ddd354c-3621,solidaritaet_ueberleben,standard,1,6,5,10,8,23,5,18,false,false,false
match-4b4273d1-3623,rudeljaeger,standard,0,7,4,10,10,24,4,20,false,false,false
match-4b4273d1-3623,solidaritaet_ueberleben,standard,1,11,4,11,12,27,4,23,true,false,false
match-a9c54784-3624,rudeljaeger,standard,0,9,5,18,19,42,5,37,true,false,false
match-b72a8609-3626,rudeljaeger,standard,0,7,4,16,18,38,4,34,true,false,false
match-3077f6c7-3627,solidaritaet_ueberleben,standard,1,6,5,10,4,19,5,14,true,false,false
match-3077f6c7-3627,rudeljaeger,standard,0,9,5,20,23,48,5,43,false,false,false
match-419acd01-3628,rudeljaeger,standard,0,6,4,12,16,32,4,28,false,false,false
match-419acd01-3628,solidaritaet_ueberleben,standard,1,9,5,15,14,34,5,29,true,false,false
match-bae83dbe-3629,rudeljaeger,standard,0,6,1,3,5,9,1,8,true,false,false
match-4f000b86-3630,rudeljaeger,standard,0,6,2,8,8,18,2,16,true,false,true
match-c84d7c43-3631,rudeljaeger,standard,0,6,1,4,4,9,1,8,false,false,false
match-c84d7c43-3631,solidaritaet_ueberleben,standard,1,10,3,4,4,11,3,8,true,false,false
match-26d04ff7-3632,rudeljaeger,standard,0,6,1,3,5,9,1,8,true,true,true
match-ad82ff39-3635,solidaritaet_ueberleben,standard,1,6,5,11,10,26,5,21,false,false,false
match-ad82ff39-3635,rudeljaeger,standard,0,12,4,11,13,28,4,24,true,false,false
match-0c05d2ed-3636,rudeljaeger,standard,0,6,4,4,4,12,4,8,true,false,false
match-92b8622f-3639,solidaritaet_ueberleben,standard,1,6,2,3,2,7,2,5,false,false,false
match-f13b55e2-3640,rudeljaeger,standard,0,6,2,6,8,16,2,14,false,false,false
match-f13b55e2-3640,solidaritaet_ueberleben,standard,1,6,4,10,10,24,4,20,true,false,false
match-fea09467-3642,rudeljaeger,standard,0,8,4,14,18,36,4,32,true,false,false
match-d670d8d8-3644,rudeljaeger,standard,0,6,4,10,9,23,4,19,true,false,false
match-4fbe2996-3645,rudeljaeger,standard,0,8,2,0,0,2,2,0,true,false,true
match-4fbe2996-3645,solidaritaet_ueberleben,standard,1,10,5,18,14,37,5,32,false,false,false
match-bba65bce-3648,solidaritaet_ueberleben,standard,1,7,2,0,0,2,2,0,true,true,true
match-34f3ac8c-3649,solidaritaet_ueberleben,standard,1,6,2,7,6,15,2,13,true,false,true
match-c90b9a53-3650,rudeljaeger,standard,0,6,2,6,10,18,2,16,true,true,true
match-a0dbdec4-3652,rudeljaeger,standard,0,7,4,18,21,43,4,39,true,false,false
match-1a292f82-3653,rudeljaeger,standard,0,6,2,8,10,20,2,18,false,false,false
match-1a292f82-3653,solidaritaet_ueberleben,standard,1,6,4,17,16,37,4,33,true,false,false
match-278e6e07-3655,solidaritaet_ueberleben,standard,1,6,4,12,6,22,4,18,true,false,false
match-278e6e07-3655,rudeljaeger,standard,0,8,4,16,19,39,4,35,false,false,false
match-861141ba-3656,rudeljaeger,standard,0,10,4,13,16,33,4,29,true,false,false
match-ff5eb277-3657,rudeljaeger,standard,0,6,2,0,0,2,2,0,false,false,false
match-9376803f-3658,rudeljaeger,standard,0,6,2,4,6,12,2,10,true,true,true
match-9376803f-3658,solidaritaet_ueberleben,standard,1,7,3,10,12,25,3,22,false,false,false
match-0cc3f0fd-3659,solidaritaet_ueberleben,standard,1,6,2,8,6,16,2,14,true,false,false
match-0cc3f0fd-3659,rudeljaeger,standard,0,13,4,11,13,28,4,24,false,false,false
match-6b46c4b0-3660,rudeljaeger,standard,0,6,3,5,4,12,3,9,false,false,false
match-6b46c4b0-3660,solidaritaet_ueberleben,standard,1,6,3,10,12,25,3,22,true,false,false
match-f1f973f2-3663,solidaritaet_ueberleben,standard,1,6,4,13,10,27,4,23,false,false,false
match-5de1862b-3666,solidaritaet_ueberleben,standard,1,7,3,6,4,13,3,10,false,false,false
match-5de1862b-3666,rudeljaeger,standard,0,13,4,14,19,37,4,33,true,false,true
match-d72ef6e8-3667,solidaritaet_ueberleben,standard,1,6,5,18,12,35,5,30,false,false,false
match-d72ef6e8-3667,rudeljaeger,standard,0,10,4,12,14,30,4,26,true,false,false
match-35b1ca9c-3668,rudeljaeger,standard,0,7,5,14,13,32,5,27,true,false,true
match-aeff3b59-3669,solidaritaet_ueberleben,standard,1,6,4,13,10,27,4,23,true,false,false
match-43170921-3670,rudeljaeger,standard,0,8,4,18,19,41,4,37,false,false,false
match-43170921-3670,solidaritaet_ueberleben,standard,1,8,5,20,20,45,5,40,true,false,false
match-bc6479de-3671,solidaritaet_ueberleben,standard,1,8,3,7,4,14,3,11,true,false,false
match-bc6479de-3671,rudeljaeger,standard,0,15,4,5,6,15,4,11,false,false,false
match-1ae74d92-3672,rudeljaeger,standard,0,6,2,6,6,14,2,12,false,false,false
match-9434be4f-3673,solidaritaet_ueberleben,standard,1,6,5,3,2,10,5,5,false,false,false
match-9434be4f-3673,rudeljaeger,standard,0,9,4,6,7,17,4,13,true,false,true
match-284c8c17-3674,solidaritaet_ueberleben,standard,1,6,4,13,6,23,4,19,true,false,false
match-a199fcd4-3675,rudeljaeger,standard,0,11,5,18,17,40,5,35,true,false,false
match-a199fcd4-3675,solidaritaet_ueberleben,standard,1,13,4,11,10,25,4,21,false,false,false
match-001cd088-3676,rudeljaeger,standard,0,6,3,12,15,30,3,27,false,false,false
match-001cd088-3676,solidaritaet_ueberleben,standard,1,6,5,8,10,23,5,18,true,false,false
match-796a2145-3677,rudeljaeger,standard,0,6,2,4,2,8,2,6,false,false,false
match-796a2145-3677,solidaritaet_ueberleben,standard,1,14,5,7,6,18,5,13,false,false,false
match-86cf7fca-3679,rudeljaeger,standard,0,6,1,4,4,9,1,8,true,false,false
match-86cf7fca-3679,solidaritaet_ueberleben,standard,1,9,2,4,4,10,2,8,false,false,false
match-5e9fa43b-3681,rudeljaeger,standard,0,6,3,6,10,19,3,16,false,false,false
match-5e9fa43b-3681,solidaritaet_ueberleben,standard,1,6,1,4,6,11,1,10,true,false,false
match-ca87d673-3684,solidaritaet_ueberleben,standard,1,6,5,7,4,16,5,11,true,false,false
match-d7ed14f8-3686,solidaritaet_ueberleben,standard,1,6,4,14,10,28,4,24,true,false,true
match-513a65b6-3687,rudeljaeger,standard,0,6,2,5,7,14,2,12,true,false,false
match-290aaa27-3689,rudeljaeger,standard,0,6,4,9,13,26,4,22,false,false,false
match-290aaa27-3689,solidaritaet_ueberleben,standard,1,9,4,10,12,26,4,22,false,false,false
match-bd2297ee-3690,rudeljaeger,standard,0,10,3,10,10,23,3,20,false,false,false
match-366fe8ac-3691,rudeljaeger,standard,0,6,1,1,3,5,1,4,false,false,false
match-0e402d1d-3693,solidaritaet_ueberleben,standard,1,6,5,9,8,22,5,17,false,false,false
match-0e402d1d-3693,rudeljaeger,standard,0,9,5,14,18,37,5,32,true,false,false
match-a2581ae4-3694,solidaritaet_ueberleben,standard,1,6,5,4,2,11,5,6,true,false,false
match-a2581ae4-3694,rudeljaeger,standard,0,7,5,15,20,40,5,35,false,false,false
match-7a285f55-3696,rudeljaeger,standard,0,7,4,13,18,35,4,31,true,false,false
match-7a285f55-3696,solidaritaet_ueberleben,standard,1,11,2,8,10,20,2,18,false,false,false
match-f375b012-3697,rudeljaeger,standard,0,6,3,7,7,17,3,14,false,false,false
match-f375b012-3697,solidaritaet_ueberleben,standard,1,7,5,14,12,31,5,26,false,false,false
match-00daee98-3699,rudeljaeger,standard,0,6,1,4,4,9,1,8,false,false,false
match-00daee98-3699,solidaritaet_ueberleben,standard,1,7,5,4,6,15,5,10,true,false,true
match-5f5dc24b-3700,rudeljaeger,standard,0,6,3,6,7,16,3,13,false,false,false
match-5f5dc24b-3700,solidaritaet_ueberleben,standard,1,8,5,17,14,36,5,31,true,false,false
match-d8ab3308-3701,rudeljaeger,standard,0,10,4,15,17,36,4,32,false,false,false
match-d8ab3308-3701,solidaritaet_ueberleben,standard,1,12,3,11,12,26,3,23,true,false,true
match-6cc300d0-3702,rudeljaeger,standard,0,6,3,7,6,16,3,13,true,true,true
match-e610718d-3703,rudeljaeger,standard,0,6,2,7,8,17,2,15,false,false,false
match-e610718d-3703,solidaritaet_ueberleben,standard,1,6,3,12,14,29,3,26,true,false,true
match-bde0b5fe-3705,rudeljaeger,standard,0,9,5,11,8,24,5,19,false,false,false
match-bde0b5fe-3705,solidaritaet_ueberleben,standard,1,11,4,13,12,29,4,25,true,false,false
match-51f883c6-3706,solidaritaet_ueberleben,standard,1,6,5,7,4,16,5,11,true,false,false
match-51f883c6-3706,rudeljaeger,standard,0,10,3,15,18,36,3,33,false,false,false
match-cb45f483-3707,rudeljaeger,standard,0,6,2,8,8,18,2,16,false,false,false
match-cb45f483-3707,solidaritaet_ueberleben,standard,1,6,4,8,10,22,4,18,true,false,false
match-29c8c837-3708,solidaritaet_ueberleben,standard,1,8,3,10,10,23,3,20,true,false,false
match-29c8c837-3708,rudeljaeger,standard,0,9,5,4,6,15,5,10,false,false,false
match-a31638f4-3709,rudeljaeger,standard,0,6,2,5,6,13,2,11,false,false,false
match-a31638f4-3709,solidaritaet_ueberleben,standard,1,6,3,10,10,23,3,20,true,false,true
match-372e06bc-3710,rudeljaeger,standard,0,8,4,7,6,17,4,13,true,false,false
match-372e06bc-3710,solidaritaet_ueberleben,standard,1,10,5,8,10,23,5,18,false,false,false
match-b07b7779-3711,rudeljaeger,standard,0,6,4,6,12,22,4,18,false,false,false
match-0efe4b2d-3712,rudeljaeger,standard,0,6,3,8,6,17,3,14,false,false,false
match-f433ce22-3716,rudeljaeger,standard,0,6,2,6,4,12,2,10,false,false,false
match-f433ce22-3716,solidaritaet_ueberleben,standard,1,15,2,5,2,9,2,7,false,false,false
match-6d813ee0-3717,rudeljaeger,standard,0,6,2,7,6,15,2,13,false,false,false
match-01990ca8-3718,rudeljaeger,standard,0,6,3,8,8,19,3,16,false,false,false
match-01990ca8-3718,solidaritaet_ueberleben,standard,1,8,5,14,14,33,5,28,true,false,false
match-7ae67d65-3719,solidaritaet_ueberleben,standard,1,8,4,9,6,19,4,15,true,true,true
match-d9695118-3720,rudeljaeger,standard,0,7,4,12,12,28,4,24,false,false,false
match-d9695118-3720,solidaritaet_ueberleben,standard,1,11,1,0,0,1,1,0,true,false,false
match-52b6a1d6-3721,solidaritaet_ueberleben,standard,1,8,3,2,2,7,3,4,true,true,true
match-e6ce8f9d-3722,rudeljaeger,standard,0,6,1,4,4,9,1,8,false,false,false
match-e6ce8f9d-3722,solidaritaet_ueberleben,standard,1,6,4,4,6,14,4,10,true,false,false
match-601be05b-3723,rudeljaeger,standard,0,8,4,19,23,46,4,42,false,false,false
match-be9ed40e-3724,solidaritaet_ueberleben,standard,1,6,4,3,2,9,4,5,false,false,false
match-cc041293-3726,solidaritaet_ueberleben,standard,1,6,5,13,10,28,5,23,true,false,false
match-cc041293-3726,rudeljaeger,standard,0,12,4,13,17,34,4,30,false,false,false
match-45516351-3727,rudeljaeger,standard,0,6,2,7,6,15,2,13,false,false,false
match-a3d45704-3728,solidaritaet_ueberleben,standard,1,6,2,7,6,15,2,13,false,false,false
match-b1399589-3730,rudeljaeger,standard,0,6,4,12,18,34,4,30,false,false,false
match-2a86e647-3731,solidaritaet_ueberleben,standard,1,6,3,14,12,29,3,26,false,false,false
match-02572ab8-3733,rudeljaeger,standard,0,11,5,11,12,28,5,23,false,false,false
match-02572ab8-3733,solidaritaet_ueberleben,standard,1,12,5,20,12,37,5,32,true,true,true
match-966f187f-3734,solidaritaet_ueberleben,standard,1,11,5,8,6,19,5,14,false,false,false
match-966f187f-3734,rudeljaeger,standard,0,12,5,11,15,31,5,26,true,false,false
match-0fbc693d-3735,rudeljaeger,standard,0,7,3,15,17,35,3,32,false,false,false
match-6e3f5cf0-3736,rudeljaeger,standard,0,6,1,3,5,9,1,8,true,false,false
match-5374dfe6-3740,rudeljaeger,standard,0,8,3,9,9,21,3,18,true,false,true
match-ccc230a3-3741,rudeljaeger,standard,0,8,3,14,18,35,3,32,false,false,false
match-da276f28-3743,solidaritaet_ueberleben,standard,1,6,3,11,10,24,3,21,false,false,false
match-da276f28-3743,rudeljaeger,standard,0,12,1,0,0,1,1,0,false,false,false
match-38aa42dc-3744,rudeljaeger,standard,0,6,0,0,0,0,0,0,false,false,false
match-38aa42dc-3744,solidaritaet_ueberleben,standard,1,6,3,10,10,23,3,20,true,false,false
match-b1f7b399-3745,rudeljaeger,standard,0,6,3,6,7,16,3,13,false,false,false
match-b1f7b399-3745,solidaritaet_ueberleben,standard,1,8,5,20,16,41,5,36,true,true,true
match-460f8161-3746,rudeljaeger,standard,0,6,1,4,4,9,1,8,true,true,true
match-bf5cf21e-3747,rudeljaeger,standard,0,6,2,5,7,14,2,12,false,false,false
match-bf5cf21e-3747,solidaritaet_ueberleben,standard,1,13,2,6,6,14,2,12,true,false,false
match-1ddfc5d2-3748,rudeljaeger,standard,0,6,2,6,8,16,2,14,false,false,false
match-1ddfc5d2-3748,solidaritaet_ueberleben,standard,1,6,4,12,8,24,4,20,true,false,false
match-972d368f-3749,rudeljaeger,standard,0,6,1,4,4,9,1,8,false,false,false
match-972d368f-3749,solidaritaet_ueberleben,standard,1,10,4,10,10,24,4,20,true,false,false
match-7c62b985-3753,solidaritaet_ueberleben,standard,1,6,4,12,6,22,4,18,true,false,false
match-107a874d-3754,rudeljaeger,standard,0,6,2,7,6,15,2,13,false,false,false
match-35aac937-3756,solidaritaet_ueberleben,standard,1,6,5,17,10,32,5,27,true,false,false
match-35aac937-3756,rudeljaeger,standard,0,9,4,18,23,45,4,41,false,false,false
match-431007bc-3758,rudeljaeger,standard,0,6,4,12,16,32,4,28,true,false,false
match-bc5d7879-3759,rudeljaeger,standard,0,6,3,11,11,25,3,22,false,false,false
match-1ae04c2d-3760,rudeljaeger,standard,0,6,2,8,10,20,2,18,true,false,true
match-28458ab2-3762,solidaritaet_ueberleben,standard,1,7,2,0,0,2,2,0,true,true,true
match-a192fb6f-3763,solidaritaet_ueberleben,standard,1,6,4,8,6,18,4,14,true,false,false
match-a192fb6f-3763,rudeljaeger,standard,0,8,3,11,16,30,3,27,false,false,false
match-79633fe0-3765,rudeljaeger,standard,0,9,5,20,20,45,5,40,false,false,false
match-79633fe0-3765,solidaritaet_ueberleben,standard,1,10,4,12,12,28,4,24,true,false,false
match-f2b0909d-3770,rudeljaeger,standard,0,6,4,4,5,13,4,9,false,false,false
match-f2b0909d-3770,solidaritaet_ueberleben,standard,1,6,3,12,14,29,3,26,true,false,false
match-6bfde15b-3771,solidaritaet_ueberleben,standard,1,7,1,4,4,9,1,8,true,false,false
match-ca80d50e-3772,solidaritaet_ueberleben,standard,1,7,2,8,6,16,2,14,true,false,false
match-ca80d50e-3772,rudeljaeger,standard,0,10,4,0,0,4,4,0,false,false,false
match-d7e61393-3774,rudeljaeger,standard,0,6,3,11,11,25,3,22,false,false,false
match-d7e61393-3774,solidaritaet_ueberleben,standard,1,8,5,14,14,33,5,28,true,false,false
match-afb65804-3776,rudeljaeger,standard,0,6,2,6,6,14,2,12,false,false,false
match-2903a8c2-3777,solidaritaet_ueberleben,standard,1,6,3,6,4,13,3,10,true,false,true
match-bd1b9689-3778,rudeljaeger,standard,0,6,4,9,14,27,4,23,false,false,false
match-bd1b9689-3778,solidaritaet_ueberleben,standard,1,6,3,10,12,25,3,22,true,false,false
match-3668e747-3779,solidaritaet_ueberleben,standard,1,6,3,8,8,19,3,16,false,false,false
match-94ebdafa-3780,rudeljaeger,standard,0,7,5,13,16,34,5,29,false,false,false
match-94ebdafa-3780,solidaritaet_ueberleben,standard,1,8,5,9,8,22,5,17,true,false,false
match-0e392bb8-3781,rudeljaeger,standard,0,6,2,6,8,16,2,14,false,false,false
match-0e392bb8-3781,solidaritaet_ueberleben,standard,1,8,5,13,12,30,5,25,true,true,true
match-a251197f-3782,rudeljaeger,standard,0,8,5,9,9,23,5,18,false,false,false
match-a251197f-3782,solidaritaet_ueberleben,standard,1,10,5,12,10,27,5,22,true,false,false
match-7a215df0-3784,solidaritaet_ueberleben,standard,1,8,4,17,12,33,4,29,false,false,false
match-7a215df0-3784,rudeljaeger,standard,0,14,4,7,8,19,4,15,true,false,true
match-f36eaead-3785,solidaritaet_ueberleben,standard,1,6,4,8,6,18,4,14,true,false,false
match-87869c75-3786,rudeljaeger,standard,0,6,1,4,4,9,1,8,false,false,false
match-5f56c0e6-3788,rudeljaeger,standard,0,8,4,11,10,25,4,21,true,false,false
match-6cbc1f6b-3790,solidaritaet_ueberleben,standard,1,9,4,7,6,17,4,13,true,true,true
match-448c43dc-3792,rudeljaeger,standard,0,6,4,12,16,32,4,28,false,false,false
match-448c43dc-3792,solidaritaet_ueberleben,standard,1,6,3,8,10,21,3,18,true,false,false
match-bdd9b499-3793,rudeljaeger,standard,0,6,2,7,6,15,2,13,true,false,false
match-bdd9b499-3793,solidaritaet_ueberleben,standard,1,10,5,16,16,37,5,32,false,false,false
match-51f18261-3794,rudeljaeger,standard,0,6,4,11,16,31,4,27,false,false,false
match-29c1c6d2-3796,solidaritaet_ueberleben,standard,1,6,4,17,10,31,4,27,true,false,false
match-a30f378f-3797,rudeljaeger,standard,0,7,5,14,16,35,5,30,true,true,true
match-37270557-3798,solidaritaet_ueberleben,standard,1,6,4,15,12,31,4,27,true,false,false
match-b0747614-3799,rudeljaeger,standard,0,7,5,20,20,45,5,40,false,false,false
match-b0747614-3799,solidaritaet_ueberleben,standard,1,11,4,9,10,23,4,19,true,false,false
match-0ef749c8-3800,solidaritaet_ueberleben,standard,1,6,3,10,8,21,3,18,false,false,false
match-0ef749c8-3800,rudeljaeger,standard,0,7,3,13,18,34,3,31,true,false,false
match-8844ba85-3801,rudeljaeger,standard,0,6,2,6,4,12,2,10,false,false,false
match-8844ba85-3801,solidaritaet_ueberleben,standard,1,6,4,17,16,37,4,33,true,false,false
match-1c5c884d-3802,solidaritaet_ueberleben,standard,1,6,4,9,8,21,4,17,false,false,false
match-1c5c884d-3802,rudeljaeger,standard,0,11,5,15,16,36,5,31,true,false,false
match-f42cccbd-3804,solidaritaet_ueberleben,standard,1,6,4,11,8,23,4,19,true,false,false
match-f42cccbd-3804,rudeljaeger,standard,0,8,5,14,18,37,5,32,false,false,false
match-6d7a3d7b-3805,solidaritaet_ueberleben,standard,1,7,2,2,2,6,2,4,true,false,false
match-6d7a3d7b-3805,rudeljaeger,standard,0,8,5,22,28,55,5,50,false,false,false
match-01920b43-3806,rudeljaeger,standard,0,6,4,9,12,25,4,21,false,false,false
match-01920b43-3806,solidaritaet_ueberleben,standard,1,6,3,12,12,27,3,24,true,false,false
match-52afa071-3809,rudeljaeger,standard,0,6,3,9,8,20,3,17,false,false,false
match-52afa071-3809,solidaritaet_ueberleben,standard,1,6,4,4,6,14,4,10,true,false,false
match-e6c78e38-3810,solidaritaet_ueberleben,standard,1,6,3,13,10,26,3,23,true,false,false
match-e6c78e38-3810,rudeljaeger,standard,0,8,3,10,15,28,3,25,false,false,false
match-6014fef6-3811,solidaritaet_ueberleben,standard,1,6,3,9,8,20,3,17,true,false,false
match-6014fef6-3811,rudeljaeger,standard,0,11,4,9,8,21,4,17,false,false,false
match-be97d2a9-3812,solidaritaet_ueberleben,standard,1,6,5,14,8,27,5,22,true,false,false
match-37e52367-3813,rudeljaeger,standard,0,8,4,7,9,20,4,16,false,false,false
match-454a61ec-3815,rudeljaeger,standard,0,7,3,15,18,36,3,33,false,false,false
match-454a61ec-3815,solidaritaet_ueberleben,standard,1,8,5,11,10,26,5,21,true,false,false
match-a3cd559f-3816,solidaritaet_ueberleben,standard,1,6,4,9,6,19,4,15,true,false,false
match-b1329424-3818,rudeljaeger,standard,0,6,3,5,7,15,3,12,true,true,true
match-2a7fe4e2-3819,rudeljaeger,standard,0,6,1,3,5,9,1,8,true,false,false
match-2a7fe4e2-3819,solidaritaet_ueberleben,standard,1,9,2,6,6,14,2,12,false,false,false
match-9668171a-3822,solidaritaet_ueberleben,standard,1,6,4,11,6,21,4,17,true,false,false
match-9668171a-3822,rudeljaeger,standard,0,10,4,7,6,17,4,13,false,false,false
match-0fb567d8-3823,rudeljaeger,standard,0,6,2,6,9,17,2,15,false,false,false
match-6e385b8b-3824,rudeljaeger,standard,0,6,4,13,19,36,4,32,true,false,false
match-6e385b8b-3824,solidaritaet_ueberleben,standard,1,6,3,4,6,13,3,10,false,false,false
match-e785ac48-3825,rudeljaeger,standard,0,6,0,0,0,0,0,0,true,true,true
match-f4eaeacd-3827,rudeljaeger,standard,0,6,2,6,8,16,2,14,true,false,true
match-60d31d06-3830,rudeljaeger,standard,0,9,5,14,12,31,5,26,true,false,false
match-da206dc3-3831,solidaritaet_ueberleben,standard,1,6,5,10,8,23,5,18,true,false,false
match-da206dc3-3831,rudeljaeger,standard,0,8,4,19,23,46,4,42,false,false,false
match-38a34177-3832,rudeljaeger,standard,0,7,5,20,25,50,5,45,true,false,false
match-38a34177-3832,solidaritaet_ueberleben,standard,1,14,5,13,12,30,5,25,false,false,false
match-a48b73af-3839,solidaritaet_ueberleben,standard,1,6,5,7,6,18,5,13,true,false,false
match-7c5bb820-3841,rudeljaeger,standard,0,6,4,10,10,24,4,20,false,false,false
match-7c5bb820-3841,solidaritaet_ueberleben,standard,1,10,5,16,12,33,5,28,true,true,true
match-107385e8-3842,rudeljaeger,standard,0,6,2,6,8,16,2,14,true,false,false
match-f5a908dd-3846,rudeljaeger,standard,0,6,4,7,11,22,4,18,false,false,false
match-f5a908dd-3846,solidaritaet_ueberleben,standard,1,6,3,12,14,29,3,26,true,false,false
match-6ef6799b-3847,rudeljaeger,standard,0,6,4,9,6,19,4,15,false,false,false
match-6ef6799b-3847,solidaritaet_ueberleben,standard,1,8,4,15,16,35,4,31,true,true,true
match-cd794d4e-3848,solidaritaet_ueberleben,standard,1,6,5,4,4,13,5,8,true,false,false
match-cd794d4e-3848,rudeljaeger,standard,0,14,4,13,13,30,4,26,false,false,false
match-46c6be0c-3849,solidaritaet_ueberleben,standard,1,6,5,13,10,28,5,23,true,false,false
match-dade8bd3-3850,rudeljaeger,standard,0,6,5,5,5,15,5,10,false,false,false
match-c0140ec9-3854,solidaritaet_ueberleben,standard,1,6,3,11,8,22,3,19,true,false,false
match-c0140ec9-3854,rudeljaeger,standard,0,9,5,13,13,31,5,26,false,false,false
match-39617f87-3855,rudeljaeger,standard,0,12,2,5,7,14,2,12,false,false,false
match-39617f87-3855,solidaritaet_ueberleben,standard,1,12,3,12,14,29,3,26,true,false,true
match-1131a3f8-3857,rudeljaeger,standard,0,6,4,7,11,22,4,18,false,false,false
match-1131a3f8-3857,solidaritaet_ueberleben,standard,1,7,4,8,10,22,4,18,false,false,false
match-a54991bf-3858,solidaritaet_ueberleben,standard,1,10,4,14,10,28,4,24,true,false,false
match-a54991bf-3858,rudeljaeger,standard,0,13,5,12,13,30,5,25,false,false,false
match-1e96e27d-3859,rudeljaeger,standard,0,6,3,12,15,30,3,27,false,false,false
match-7d19d630-3860,rudeljaeger,standard,0,6,2,5,6,13,2,11,true,false,false
match-f66726ed-3861,solidaritaet_ueberleben,standard,1,6,4,3,2,9,4,5,true,false,false
match-f66726ed-3861,rudeljaeger,standard,0,7,5,16,22,43,5,38,false,false,false
match-8a7f14b5-3862,solidaritaet_ueberleben,standard,1,7,2,5,4,11,2,9,true,false,false
match-8a7f14b5-3862,rudeljaeger,standard,0,15,4,10,10,24,4,20,false,false,false
match-03cc6573-3863,solidaritaet_ueberleben,standard,1,6,4,11,10,25,4,21,true,false,false
match-624f5926-3864,rudeljaeger,standard,0,6,3,11,13,27,3,24,true,false,false
match-624f5926-3864,solidaritaet_ueberleben,standard,1,6,4,13,12,29,4,25,false,false,false
match-6fb497ab-3866,rudeljaeger,standard,0,6,3,10,11,24,3,21,false,false,false
match-6fb497ab-3866,solidaritaet_ueberleben,standard,1,6,1,4,6,11,1,10,true,false,true
match-e901e868-3867,rudeljaeger,standard,0,6,1,4,4,9,1,8,false,false,false
match-4784dc1c-3868,solidaritaet_ueberleben,standard,1,6,4,2,0,6,4,2,false,false,false
match-54ea1aa1-3870,rudeljaeger,standard,0,6,2,7,6,15,2,13,false,false,false
match-ce376b5e-3871,solidaritaet_ueberleben,standard,1,6,5,4,4,13,5,8,true,false,false
match-2cba5f12-3872,solidaritaet_ueberleben,standard,1,6,4,9,6,19,4,15,true,false,false
match-a607afcf-3873,solidaritaet_ueberleben,standard,1,6,4,4,4,12,4,8,false,false,false
match-a607afcf-3873,rudeljaeger,standard,0,9,5,17,24,46,5,41,true,false,false
match-3a1f9d97-3874,solidaritaet_ueberleben,standard,1,6,5,9,8,22,5,17,false,false,false
match-3a1f9d97-3874,rudeljaeger,standard,0,8,5,14,15,34,5,29,true,false,false
match-b36cee54-3875,rudeljaeger,standard,0,6,2,5,9,16,2,14,true,false,false
match-11efc208-3876,rudeljaeger,standard,0,8,3,13,14,30,3,27,false,false,false
match-11efc208-3876,solidaritaet_ueberleben,standard,1,9,4,10,12,26,4,22,true,false,false
match-1f55008d-3878,solidaritaet_ueberleben,standard,1,6,3,3,2,8,3,5,true,false,false
match-98a2714a-3879,solidaritaet_ueberleben,standard,1,6,5,2,2,9,5,4,true,false,false
match-98a2714a-3879,rudeljaeger,standard,0,11,4,7,8,19,4,15,false,false,false
match-7072b5bb-3881,rudeljaeger,standard,0,6,4,12,15,31,4,27,false,false,false
match-7072b5bb-3881,solidaritaet_ueberleben,standard,1,6,4,8,10,22,4,18,true,false,false
match-8efaca7a-3884,solidaritaet_ueberleben,standard,1,9,5,12,8,25,5,20,true,true,true
match-08483b38-3885,solidaritaet_ueberleben,standard,1,6,2,9,8,19,2,17,false,false,false
match-74304d70-3888,solidaritaet_ueberleben,standard,1,6,3,12,6,21,3,18,true,false,true
match-81958bf5-3890,rudeljaeger,standard,0,6,4,10,12,26,4,22,false,false,false
match-fae2fcb2-3891,rudeljaeger,standard,0,6,4,8,11,23,4,19,true,false,false
match-fae2fcb2-3891,solidaritaet_ueberleben,standard,1,6,5,4,6,15,5,10,false,false,false
match-5965d066-3892,solidaritaet_ueberleben,standard,1,7,1,4,4,9,1,8,true,false,false
match-5965d066-3892,rudeljaeger,standard,0,8,4,10,10,24,4,20,false,false,false
match-e0187fa8-3895,rudeljaeger,standard,0,9,5,15,17,37,5,32,true,false,false
match-e0187fa8-3895,solidaritaet_ueberleben,standard,1,11,3,10,12,25,3,22,false,false,false
match-b7e8a419-3897,rudeljaeger,standard,0,6,3,7,15,25,3,22,false,false,false
match-b7e8a419-3897,solidaritaet_ueberleben,standard,1,11,4,6,6,16,4,12,true,false,false
match-23d0d652-3900,rudeljaeger,standard,0,6,3,11,12,26,3,23,true,false,false
match-9d1e270f-3901,solidaritaet_ueberleben,standard,1,9,3,8,6,17,3,14,true,false,false
match-313614d7-3902,rudeljaeger,standard,0,6,2,6,8,16,2,14,true,true,true
match-313614d7-3902,solidaritaet_ueberleben,standard,1,7,2,6,8,16,2,14,false,false,false
match-8253aa05-3905,rudeljaeger,standard,0,6,3,9,9,21,3,18,false,false,false
match-166b97cd-3906,rudeljaeger,standard,0,6,3,6,7,16,3,13,true,true,true
match-8fb8e88a-3907,rudeljaeger,standard,0,6,2,8,8,18,2,16,false,false,false
match-8fb8e88a-3907,solidaritaet_ueberleben,standard,1,6,5,7,8,20,5,15,true,false,false
match-ee3bdc3d-3908,solidaritaet_ueberleben,standard,1,10,4,13,10,27,4,23,true,false,true
match-74ee6b80-3911,rudeljaeger,standard,0,7,4,19,24,47,4,43,false,false,false
match-e0d69db8-3914,rudeljaeger,standard,0,6,3,7,8,18,3,15,true,false,false
match-e0d69db8-3914,solidaritaet_ueberleben,standard,1,6,3,11,12,26,3,23,false,false,false
match-5a23ee76-3915,solidaritaet_ueberleben,standard,1,6,4,9,8,21,4,17,false,false,false
match-5a23ee76-3915,rudeljaeger,standard,0,9,5,18,21,44,5,39,true,false,false
match-b8a6c229-3916,rudeljaeger,standard,0,6,3,12,16,31,3,28,false,false,false
match-b8a6c229-3916,solidaritaet_ueberleben,standard,1,6,4,12,14,30,4,26,true,false,true
match-1729b5dd-3921,rudeljaeger,standard,0,7,5,5,5,15,5,10,false,false,false
match-1729b5dd-3921,solidaritaet_ueberleben,standard,1,8,4,15,12,31,4,27,true,false,false
match-8311c815-3924,rudeljaeger,standard,0,6,2,7,8,17,2,15,true,false,false
match-fc5f38d2-3925,rudeljaeger,standard,0,7,5,18,22,45,5,40,false,false,false
match-fc5f38d2-3925,solidaritaet_ueberleben,standard,1,9,5,9,10,24,5,19,true,false,false
match-9077069a-3926,rudeljaeger,standard,0,6,1,3,5,9,1,8,false,false,false
match-09c47758-3927,solidaritaet_ueberleben,standard,1,6,4,6,4,14,4,10,true,false,true
match-e194bbc8-3929,rudeljaeger,standard,0,6,4,11,12,27,4,23,false,false,false
match-75ac8990-3930,rudeljaeger,standard,0,6,2,6,8,16,2,14,false,false,false
match-75ac8990-3930,solidaritaet_ueberleben,standard,1,6,5,4,6,15,5,10,true,false,false
match-4d7cce01-3932,rudeljaeger,standard,0,7,5,15,18,38,5,33,false,false,false
match-4d7cce01-3932,solidaritaet_ueberleben,standard,1,11,5,13,14,32,5,27,true,false,false
match-5ae20c86-3934,rudeljaeger,standard,0,8,2,9,12,23,2,21,false,false,false
match-5ae20c86-3934,solidaritaet_ueberleben,standard,1,15,2,4,4,10,2,8,true,true,true
match-d42f7d43-3935,solidaritaet_ueberleben,standard,1,6,3,8,6,17,3,14,true,false,false
match-d42f7d43-3935,rudeljaeger,standard,0,9,5,0,0,5,5,0,false,false,false
match-32b250f7-3936,rudeljaeger,standard,0,6,3,9,14,26,3,23,false,false,false
match-32b250f7-3936,solidaritaet_ueberleben,standard,1,8,4,7,8,19,4,15,true,false,false
match-abffa1b4-3937,solidaritaet_ueberleben,standard,1,6,5,11,6,22,5,17,true,false,false
match-abffa1b4-3937,rudeljaeger,standard,0,14,3,4,2,9,3,6,false,false,false
match-40178f7c-3938,solidaritaet_ueberleben,standard,1,6,3,14,12,29,3,26,false,false,false
match-40178f7c-3938,rudeljaeger,standard,0,11,5,9,11,25,5,20,true,false,false
match-17e7d3ed-3940,rudeljaeger,standard,0,6,3,9,9,21,3,18,true,true,true
match-254d1272-3942,solidaritaet_ueberleben,standard,1,6,5,4,4,13,5,8,true,false,false
match-254d1272-3942,rudeljaeger,standard,0,7,4,16,22,42,4,38,false,false,false
match-9e9a632f-3943,rudeljaeger,standard,0,6,3,6,4,13,3,10,false,false,false
match-9e9a632f-3943,solidaritaet_ueberleben,standard,1,6,5,13,12,30,5,25,true,false,false
match-fd1d56e2-3944,solidaritaet_ueberleben,standard,1,6,5,14,6,25,5,20,true,false,false
match-0a829568-3946,rudeljaeger,standard,0,8,3,15,18,36,3,33,false,false,false
match-0a829568-3946,solidaritaet_ueberleben,standard,1,10,3,9,8,20,3,17,true,false,false
match-e252d9d8-3948,solidaritaet_ueberleben,standard,1,6,4,11,8,23,4,19,false,false,false
match-e252d9d8-3948,rudeljaeger,standard,0,7,5,18,26,49,5,44,true,false,false
match-6905691b-3951,solidaritaet_ueberleben,standard,1,6,4,6,2,12,4,8,false,false,false
match-6905691b-3951,rudeljaeger,standard,0,12,5,6,5,16,5,11,true,false,false
match-c7885cce-3952,solidaritaet_ueberleben,standard,1,6,4,7,4,15,4,11,true,false,false
match-c7885cce-3952,rudeljaeger,standard,0,7,4,16,21,41,4,37,false,false,false
match-40d5ad8c-3953,solidaritaet_ueberleben,standard,1,7,3,2,2,7,3,4,false,false,false
match-40d5ad8c-3953,rudeljaeger,standard,0,7,4,14,18,36,4,32,true,false,false
match-d4ed9b53-3954,solidaritaet_ueberleben,standard,1,6,5,6,4,15,5,10,false,false,false
match-d4ed9b53-3954,rudeljaeger,standard,0,7,3,13,16,32,3,29,true,false,false
match-4e3aec11-3955,solidaritaet_ueberleben,standard,1,11,2,7,4,13,2,11,true,false,false
match-acbddfc4-3956,solidaritaet_ueberleben,standard,1,7,3,0,0,3,3,0,true,true,true
match-260b3082-3957,solidaritaet_ueberleben,standard,1,6,5,9,6,20,5,15,true,false,true
match-0b40b378-3961,rudeljaeger,standard,0,10,3,6,7,16,3,13,false,false,false
match-0b40b378-3961,solidaritaet_ueberleben,standard,1,10,5,19,20,44,5,39,true,false,false
match-f076366d-3965,solidaritaet_ueberleben,standard,1,8,4,10,8,22,4,18,false,false,false
match-f076366d-3965,rudeljaeger,standard,0,13,5,7,11,23,5,18,false,false,false
match-848e0435-3966,rudeljaeger,standard,0,6,3,8,11,22,3,19,false,false,false
match-848e0435-3966,solidaritaet_ueberleben,standard,1,6,5,11,10,26,5,21,true,false,false
match-fddb74f2-3967,rudeljaeger,standard,0,8,4,18,23,45,4,41,false,false,false
match-fddb74f2-3967,solidaritaet_ueberleben,standard,1,8,3,12,12,27,3,24,true,false,false
match-5c5e48a6-3968,rudeljaeger,standard,0,6,3,9,11,23,3,20,false,false,false
match-5c5e48a6-3968,solidaritaet_ueberleben,standard,1,9,4,13,14,31,4,27,true,false,false
match-d5abb963-3969,rudeljaeger,standard,0,8,3,10,13,26,3,23,false,false,false
match-d5abb963-3969,solidaritaet_ueberleben,standard,1,8,5,12,12,29,5,24,false,false,false
match-e310f7e8-3971,solidaritaet_ueberleben,standard,1,6,2,7,6,15,2,13,false,false,false
match-4193cb9c-3972,solidaritaet_ueberleben,standard,1,7,1,2,2,5,1,4,true,false,false
match-c8467ade-3975,rudeljaeger,standard,0,6,3,7,4,14,3,11,false,false,false
match-c8467ade-3975,solidaritaet_ueberleben,standard,1,6,3,12,14,29,3,26,true,false,false
match-26c94e92-3976,solidaritaet_ueberleben,standard,1,7,4,6,2,12,4,8,false,false,false
match-a016bf4f-3977,rudeljaeger,standard,0,6,2,5,4,11,2,9,false,false,false
match-342e8d17-3978,rudeljaeger,standard,0,6,3,7,10,20,3,17,false,false,false
match-342e8d17-3978,solidaritaet_ueberleben,standard,1,8,5,16,18,39,5,34,true,true,true
match-ad7bfdd4-3979,rudeljaeger,standard,0,6,3,6,7,16,3,13,false,false,false
match-ad7bfdd4-3979,solidaritaet_ueberleben,standard,1,15,5,12,10,27,5,22,true,true,true
match-854c2245-3981,rudeljaeger,standard,0,8,2,7,8,17,2,15,false,false,false
match-1964100d-3982,solidaritaet_ueberleben,standard,1,6,4,16,14,34,4,30,true,false,false
match-1964100d-3982,rudeljaeger,standard,0,8,4,4,6,14,4,10,false,false,false
match-92b160ca-3983,rudeljaeger,standard,0,6,3,0,0,3,3,0,false,false,false
match-92b160ca-3983,solidaritaet_ueberleben,standard,1,6,5,12,12,29,5,24,true,false,false
match-f134547d-3984,solidaritaet_ueberleben,standard,1,6,5,9,8,22,5,17,false,false,false
match-f134547d-3984,rudeljaeger,standard,0,9,5,19,25,49,5,44,true,false,false
match-6a81a53b-3985,rudeljaeger,standard,0,6,3,6,9,18,3,15,false,false,false
match-6a81a53b-3985,solidaritaet_ueberleben,standard,1,6,3,4,6,13,3,10,true,false,false
match-d669d773-3988,rudeljaeger,standard,0,6,1,4,4,9,1,8,false,false,false
match-d669d773-3988,solidaritaet_ueberleben,standard,1,6,4,4,6,14,4,10,true,false,false
match-4fb72831-3989,solidaritaet_ueberleben,standard,1,6,3,8,4,15,3,12,false,false,false
match-e3cf15f8-3990,solidaritaet_ueberleben,standard,1,6,3,12,8,23,3,20,false,false,false
match-e3cf15f8-3990,rudeljaeger,standard,0,10,5,11,14,30,5,25,false,false,false
match-bb9f5a69-3992,solidaritaet_ueberleben,standard,1,6,3,13,10,26,3,23,true,false,false
match-bb9f5a69-3992,rudeljaeger,standard,0,11,4,14,15,33,4,29,false,false,false
match-34ecab27-3993,solidaritaet_ueberleben,standard,1,6,5,16,8,29,5,24,false,false,false
match-c90498ee-3994,solidaritaet_ueberleben,standard,1,6,5,7,4,16,5,11,false,false,false
match-c90498ee-3994,rudeljaeger,standard,0,8,5,16,16,37,5,32,true,false,false
match-4251e9ac-3995,solidaritaet_ueberleben,standard,1,6,4,17,12,33,4,29,true,false,false
match-a0d4dd5f-3996,rudeljaeger,standard,0,6,4,9,11,24,4,20,false,false,false
match-1a222e1d-3997,solidaritaet_ueberleben,standard,1,6,5,12,8,25,5,20,true,false,false
match-1a222e1d-3997,rudeljaeger,standard,0,10,4,11,15,30,4,26,false,false,false
match-ae3a1be4-3998,rudeljaeger,standard,0,7,4,15,16,35,4,31,true,false,false
match-27876ca2-3999,rudeljaeger,standard,0,6,4,9,12,25,4,21,false,false,false
match-7c05914e-4001,rudeljaeger,standard,0,6,1,5,2,8,1,7,false,false,false
match-6ea052c9-4003,urzeitliche_kolosse,standard,1,6,0,0,0,0,0,0,false,false,false
match-101d7f16-4004,urzeitliche_kolosse,standard,1,6,3,7,4,14,3,11,false,false,false
match-101d7f16-4004,rudeljaeger,standard,0,6,2,9,11,22,2,20,true,false,false
match-96d00e58-4005,rudeljaeger,standard,0,10,2,8,7,17,2,15,true,true,true
match-02b82091-4006,rudeljaeger,standard,0,6,4,3,2,9,4,5,false,false,false
match-896acfd3-4007,rudeljaeger,standard,0,6,4,10,8,22,4,18,false,false,false
match-bfbde7f7-4008,urzeitliche_kolosse,standard,1,6,5,0,0,5,5,0,true,false,true
match-10db9d26-4017,rudeljaeger,standard,0,6,4,6,8,18,4,14,false,false,false
match-10db9d26-4017,urzeitliche_kolosse,standard,1,7,5,16,16,37,5,32,true,false,false
match-7cc3af5e-4018,rudeljaeger,standard,0,6,4,14,13,31,4,27,true,false,false
match-a4f36aed-4020,rudeljaeger,standard,0,6,2,7,6,15,2,13,false,false,false
match-a4f36aed-4020,urzeitliche_kolosse,standard,1,7,2,9,10,21,2,19,true,false,true
match-2ba61a30-4021,rudeljaeger,standard,0,6,2,6,8,16,2,14,true,true,true
match-978e2c68-4022,urzeitliche_kolosse,standard,1,6,1,3,2,6,1,5,false,false,false
match-61f93254-4030,urzeitliche_kolosse,standard,1,6,2,4,2,8,2,6,false,false,false
match-61f93254-4030,rudeljaeger,standard,0,6,4,6,7,17,4,13,true,false,false
match-e8abc196-4031,rudeljaeger,standard,0,6,3,6,6,15,3,12,false,false,false
match-1efef9bb-4032,rudeljaeger,standard,0,6,4,12,8,24,4,20,false,false,false
match-1efef9bb-4032,urzeitliche_kolosse,standard,1,7,3,11,12,26,3,23,true,false,false
match-39c976c5-4036,rudeljaeger,standard,0,6,4,8,6,18,4,14,false,false,false
match-39c976c5-4036,urzeitliche_kolosse,standard,1,9,5,11,6,22,5,17,true,false,false
match-c07c0607-4037,urzeitliche_kolosse,standard,1,6,1,4,4,9,1,8,false,false,false
match-c07c0607-4037,rudeljaeger,standard,0,6,3,11,12,26,3,23,true,false,false
match-2c643840-4038,urzeitliche_kolosse,standard,1,6,1,0,0,1,1,0,true,false,true
match-62b75064-4043,urzeitliche_kolosse,standard,1,8,5,10,10,25,5,20,true,false,true
match-04347cb1-4044,rudeljaeger,standard,0,6,3,11,12,26,3,23,false,false,false
match-04347cb1-4044,urzeitliche_kolosse,standard,1,8,4,4,4,12,4,8,true,false,false
match-7d81cd6e-4047,urzeitliche_kolosse,standard,1,6,1,4,4,9,1,8,false,false,false
match-7d81cd6e-4047,rudeljaeger,standard,0,7,3,4,6,13,3,10,true,false,true
match-b3d4e592-4048,urzeitliche_kolosse,standard,1,6,2,8,6,16,2,14,false,false,false
match-3a8794d5-4049,urzeitliche_kolosse,standard,1,6,2,6,6,14,2,12,false,false,false
match-3a8794d5-4049,rudeljaeger,standard,0,6,4,7,10,21,4,17,true,false,false
match-a66fa70d-4050,rudeljaeger,standard,0,6,2,7,6,15,2,13,false,false,false
match-a66fa70d-4050,urzeitliche_kolosse,standard,1,8,4,3,2,9,4,5,true,false,false
match-ce9f629c-4052,rudeljaeger,standard,0,7,2,9,9,20,2,18,false,false,false
match-555211df-4053,urzeitliche_kolosse,standard,1,6,2,4,4,10,2,8,false,false,false
match-7e3feb7e-4056,rudeljaeger,standard,0,6,3,12,13,28,3,25,true,true,true
match-f78d5c3b-4059,urzeitliche_kolosse,standard,1,6,1,3,2,6,1,5,false,false,false
match-f78d5c3b-4059,rudeljaeger,standard,0,6,3,12,13,28,3,25,true,true,true
match-990a6888-4060,rudeljaeger,standard,0,6,2,7,6,15,2,13,false,false,false
match-990a6888-4060,urzeitliche_kolosse,standard,1,9,4,3,0,7,4,3,true,false,false
match-1fbd17cb-4061,urzeitliche_kolosse,standard,1,7,3,11,10,24,3,21,true,true,true
match-8ba52a03-4062,rudeljaeger,standard,0,6,3,11,10,24,3,21,false,false,false
match-8ba52a03-4062,urzeitliche_kolosse,standard,1,7,4,15,16,35,4,31,true,false,false
match-1257d946-4063,urzeitliche_kolosse,standard,1,6,2,3,2,7,2,5,false,false,false
match-cf5d80ac-4065,urzeitliche_kolosse,standard,1,7,3,7,6,16,3,13,false,false,false
match-63756e74-4068,urzeitliche_kolosse,standard,1,6,1,4,4,9,1,8,true,true,true
match-05b0b8d1-4074,urzeitliche_kolosse,standard,1,6,1,4,4,9,1,8,true,false,false
match-05b0b8d1-4074,rudeljaeger,standard,0,6,2,6,6,14,2,12,false,false,false
match-8c634813-4075,urzeitliche_kolosse,standard,1,6,4,2,2,8,4,4,true,false,false
match-8c634813-4075,rudeljaeger,standard,0,9,3,4,6,13,3,10,false,false,false
match-2de07460-4076,urzeitliche_kolosse,standard,1,6,2,6,4,12,2,10,true,false,false
match-2de07460-4076,rudeljaeger,standard,0,7,3,8,10,21,3,18,false,false,false
match-207b35db-4078,urzeitliche_kolosse,standard,1,9,3,4,2,9,3,6,true,true,true
match-a72dc51d-4079,urzeitliche_kolosse,standard,1,6,1,4,4,9,1,8,false,false,false
match-dd80fd41-4080,urzeitliche_kolosse,standard,1,6,2,5,4,11,2,9,true,false,true
match-dd80fd41-4080,rudeljaeger,standard,0,6,4,8,10,22,4,18,false,false,false
match-d01bbebc-4082,urzeitliche_kolosse,standard,1,6,2,3,2,7,2,5,false,false,false
match-f84b7a4b-4084,urzeitliche_kolosse,standard,1,6,2,4,2,8,2,6,true,false,false
match-7198cb09-4087,urzeitliche_kolosse,standard,1,6,2,0,0,2,2,0,true,false,true
match-7198cb09-4087,rudeljaeger,standard,0,6,3,11,12,26,3,23,false,false,false
match-c2b66037-4092,rudeljaeger,standard,0,6,4,15,15,34,4,30,true,false,true
match-49690f7a-4093,urzeitliche_kolosse,standard,1,6,4,6,4,14,4,10,false,false,false
match-b55121b2-4094,urzeitliche_kolosse,standard,1,6,2,4,4,10,2,8,false,false,false
match-b55121b2-4094,rudeljaeger,standard,0,6,3,10,11,24,3,21,true,false,true
match-7256e919-4096,urzeitliche_kolosse,standard,1,6,4,4,4,12,4,8,true,false,false
match-64f1aa94-4098,urzeitliche_kolosse,standard,1,6,1,3,2,6,1,5,true,false,false
match-eba459d6-4099,urzeitliche_kolosse,standard,1,6,1,4,4,9,1,8,true,false,true
match-eba459d6-4099,rudeljaeger,standard,0,7,4,4,6,14,4,10,false,false,false
match-13d41566-4101,urzeitliche_kolosse,standard,1,6,3,2,2,7,3,4,false,false,false
match-13d41566-4101,rudeljaeger,standard,0,9,3,14,14,31,3,28,true,true,true
match-7fbc279e-4102,urzeitliche_kolosse,standard,1,6,1,2,2,5,1,4,true,false,false
match-7fbc279e-4102,rudeljaeger,standard,0,6,3,10,10,23,3,20,false,false,false
match-3cc1ef05-4104,urzeitliche_kolosse,standard,1,6,3,4,4,11,3,8,false,false,false
match-c3749e47-4105,urzeitliche_kolosse,standard,1,6,1,3,2,6,1,5,false,false,false
match-c3749e47-4105,rudeljaeger,standard,0,6,3,10,10,23,3,20,true,true,true
match-578c6c0f-4108,urzeitliche_kolosse,standard,1,6,3,2,2,7,3,4,false,false,false
match-578c6c0f-4108,rudeljaeger,standard,0,6,3,10,9,22,3,19,true,false,false
match-4a272d8a-4110,rudeljaeger,standard,0,6,4,15,13,32,4,28,true,false,false
match-4a272d8a-4110,urzeitliche_kolosse,standard,1,7,4,13,14,31,4,27,false,false,false
match-d0d9dccc-4111,rudeljaeger,standard,0,7,2,6,4,12,2,10,true,false,false
match-8ddf8433-4113,urzeitliche_kolosse,standard,1,6,2,1,0,3,2,1,false,false,false
match-8ddf8433-4113,rudeljaeger,standard,0,12,4,8,8,20,4,16,true,true,true
match-21f771fb-4116,rudeljaeger,standard,0,7,4,15,15,34,4,30,false,false,false
match-4ae54b9a-4123,urzeitliche_kolosse,standard,1,7,4,7,6,17,4,13,false,false,false
match-4ae54b9a-4123,rudeljaeger,standard,0,9,4,15,21,40,4,36,true,true,true
match-ec6277e6-4124,urzeitliche_kolosse,standard,1,6,3,7,6,16,3,13,true,true,true
match-73150729-4125,urzeitliche_kolosse,standard,1,6,5,6,6,17,5,12,true,false,false
match-defd3961-4126,rudeljaeger,standard,0,6,3,12,11,26,3,23,false,false,false
match-defd3961-4126,urzeitliche_kolosse,standard,1,9,5,7,4,16,5,11,true,false,true
match-65afc8a4-4127,urzeitliche_kolosse,standard,1,6,1,4,4,9,1,8,false,false,false
match-65afc8a4-4127,rudeljaeger,standard,0,6,4,14,14,32,4,28,true,false,true
match-4ea2e34f-4128,urzeitliche_kolosse,standard,1,6,4,7,6,17,4,13,false,false,false
match-4ea2e34f-4128,rudeljaeger,standard,0,8,4,17,20,41,4,37,true,false,true
match-413da4ca-4130,urzeitliche_kolosse,standard,1,6,3,4,4,11,3,8,false,false,false
match-413da4ca-4130,rudeljaeger,standard,0,6,3,10,12,25,3,22,true,false,false
match-c7f0540c-4131,urzeitliche_kolosse,standard,1,9,4,6,4,14,4,10,true,true,true
match-696d6059-4132,urzeitliche_kolosse,standard,1,6,3,9,6,18,3,15,false,false,false
match-696d6059-4132,rudeljaeger,standard,0,6,3,11,12,26,3,23,false,false,false
match-f0200f9b-4133,urzeitliche_kolosse,standard,1,6,2,7,6,15,2,13,false,false,false
match-f0200f9b-4133,rudeljaeger,standard,0,6,2,4,6,12,2,10,true,true,true
match-0ba8aab6-4138,rudeljaeger,standard,0,6,4,3,4,11,4,7,false,false,false
match-925b59f8-4139,rudeljaeger,standard,0,6,4,13,9,26,4,22,true,false,true
match-33d86645-4140,urzeitliche_kolosse,standard,1,6,1,4,4,9,1,8,true,false,false
match-ba8b1587-4141,urzeitliche_kolosse,standard,1,6,3,0,0,3,3,0,false,false,false
match-267327c0-4142,urzeitliche_kolosse,standard,1,6,2,6,6,14,2,12,false,false,false
match-267327c0-4142,rudeljaeger,standard,0,7,1,4,6,11,1,10,true,false,false
match-5cc65fe4-4147,rudeljaeger,standard,0,7,3,11,9,23,3,20,false,false,false
match-5cc65fe4-4147,urzeitliche_kolosse,standard,1,9,5,8,8,21,5,16,true,false,true
match-fe436c30-4148,urzeitliche_kolosse,standard,1,10,3,7,6,16,3,13,true,false,true
match-fe436c30-4148,rudeljaeger,standard,0,10,4,10,11,25,4,21,false,false,false
match-84f61b73-4149,urzeitliche_kolosse,standard,1,6,1,4,4,9,1,8,true,true,true
match-34968455-4153,urzeitliche_kolosse,standard,1,6,3,4,4,11,3,8,true,false,false
match-4f61015f-4157,urzeitliche_kolosse,standard,1,6,2,4,4,10,2,8,false,false,false
match-4f61015f-4157,rudeljaeger,standard,0,6,4,13,14,31,4,27,true,false,false
match-bb493397-4158,rudeljaeger,standard,0,6,2,8,8,18,2,16,false,false,false
match-93197808-4164,urzeitliche_kolosse,standard,1,6,2,0,0,2,2,0,false,false,false
match-0c66c8c6-4167,rudeljaeger,standard,0,6,2,3,4,9,2,7,false,false,false
match-42b9e0ea-4168,urzeitliche_kolosse,standard,1,7,3,7,6,16,3,13,true,true,true
match-c96c902c-4169,urzeitliche_kolosse,standard,1,6,1,4,4,9,1,8,false,false,false
match-c96c902c-4169,rudeljaeger,standard,0,6,4,4,6,14,4,10,true,false,false
match-3554a265-4170,rudeljaeger,standard,0,6,3,4,4,11,3,8,true,true,true
match-bc0751a7-4171,urzeitliche_kolosse,standard,1,6,1,4,4,9,1,8,false,false,false
match-bc0751a7-4171,rudeljaeger,standard,0,6,4,16,17,37,4,33,true,false,false
match-5d847df4-4172,urzeitliche_kolosse,standard,1,6,4,6,4,14,4,10,false,false,false
match-5d847df4-4172,rudeljaeger,standard,0,6,3,12,14,29,3,26,true,false,false
match-e4370d36-4173,urzeitliche_kolosse,standard,1,6,2,7,6,15,2,13,false,false,false
match-501f3f6f-4174,urzeitliche_kolosse,standard,1,6,2,6,4,12,2,10,false,false,false
match-501f3f6f-4174,rudeljaeger,standard,0,6,3,10,10,23,3,20,true,false,false
match-d6d1ceb1-4175,rudeljaeger,standard,0,8,4,4,7,15,4,11,false,false,false
match-d6d1ceb1-4175,urzeitliche_kolosse,standard,1,10,5,12,12,29,5,24,true,true,true
match-0d24e6d6-4176,urzeitliche_kolosse,standard,1,6,2,7,6,15,2,13,true,false,false
match-93d79618-4177,rudeljaeger,standard,0,8,3,11,7,21,3,18,false,false,false
match-86725793-4179,urzeitliche_kolosse,standard,1,6,5,8,6,19,5,14,true,false,false
match-86725793-4179,rudeljaeger,standard,0,7,3,7,7,17,3,14,false,false,false
match-27ef63e0-4180,rudeljaeger,standard,0,6,3,11,10,24,3,21,false,false,false
match-aea21322-4181,urzeitliche_kolosse,standard,1,6,3,0,0,3,3,0,true,false,false
match-1a8a255b-4182,rudeljaeger,standard,0,6,3,12,9,24,3,21,false,false,false
match-1a8a255b-4182,urzeitliche_kolosse,standard,1,7,4,11,12,27,4,23,false,false,false
match-5e429c04-4185,rudeljaeger,standard,0,6,3,3,1,7,3,4,true,true,true
match-f25a69cb-4188,rudeljaeger,standard,0,6,3,11,12,26,3,23,false,false,false
match-f25a69cb-4188,urzeitliche_kolosse,standard,1,7,5,6,6,17,5,12,true,false,false
match-6ba7da89-4191,rudeljaeger,standard,0,6,3,4,4,11,3,8,true,true,true
match-a1faf2ad-4192,rudeljaeger,standard,0,6,2,3,4,9,2,7,false,false,false
match-a1faf2ad-4192,urzeitliche_kolosse,standard,1,9,5,9,10,24,5,19,true,true,true
match-9495b428-4194,urzeitliche_kolosse,standard,1,6,4,0,0,4,4,0,true,false,false
match-1b48436b-4195,urzeitliche_kolosse,standard,1,6,2,0,0,2,2,0,false,false,false
match-bcc56fb7-4196,rudeljaeger,standard,0,7,2,7,8,17,2,15,false,false,false
match-bcc56fb7-4196,urzeitliche_kolosse,standard,1,9,5,12,10,27,5,22,true,false,false
match-af603132-4198,rudeljaeger,standard,0,7,3,10,9,22,3,19,true,false,false
match-af603132-4198,urzeitliche_kolosse,standard,1,9,5,20,14,39,5,34,false,false,false
match-3612c075-4199,rudeljaeger,standard,0,6,2,6,5,13,2,11,false,false,false
match-6c65f899-4200,urzeitliche_kolosse,standard,1,6,1,2,2,5,1,4,false,false,false
match-6c65f899-4200,rudeljaeger,standard,0,6,2,7,8,17,2,15,true,true,true
match-5f00ba14-4202,urzeitliche_kolosse,standard,1,6,1,3,2,6,1,5,false,false,false
match-5f00ba14-4202,rudeljaeger,standard,0,8,4,13,16,33,4,29,true,true,true
match-e5b34956-4203,urzeitliche_kolosse,standard,1,6,3,8,6,17,3,14,true,false,false
match-e5b34956-4203,rudeljaeger,standard,0,6,4,4,6,14,4,10,false,false,false
match-873075a3-4204,rudeljaeger,standard,0,7,2,6,8,16,2,14,true,true,true
match-79cb371e-4206,urzeitliche_kolosse,standard,1,6,1,2,2,5,1,4,false,false,false
match-79cb371e-4206,rudeljaeger,standard,0,6,3,9,10,22,3,19,true,false,false
match-36d0fe85-4208,urzeitliche_kolosse,standard,1,6,4,4,4,12,4,8,false,false,false
match-36d0fe85-4208,rudeljaeger,standard,0,6,3,8,10,21,3,18,true,false,false
match-296ba000-4210,rudeljaeger,standard,0,6,5,17,13,35,5,30,true,false,false
match-b01e4f42-4211,rudeljaeger,standard,0,6,3,10,10,23,3,20,false,false,false
match-b01e4f42-4211,urzeitliche_kolosse,standard,1,8,4,6,6,16,4,12,true,false,true
match-d84e0ad1-4213,urzeitliche_kolosse,standard,1,6,1,4,4,9,1,8,true,true,true
match-44363d0a-4214,urzeitliche_kolosse,standard,1,6,1,4,4,9,1,8,true,true,true
match-cae8cc4c-4215,rudeljaeger,standard,0,6,4,10,10,24,4,20,false,false,false
match-cae8cc4c-4215,urzeitliche_kolosse,standard,1,8,5,4,6,15,5,10,true,true,true
match-f3d6a5eb-4218,urzeitliche_kolosse,standard,1,6,1,2,0,3,1,2,true,true,true
match-7a89552e-4219,rudeljaeger,standard,0,6,1,4,4,9,1,8,true,false,false
match-7a89552e-4219,urzeitliche_kolosse,standard,1,8,5,12,10,27,5,22,false,false,false
match-1c06617b-4220,urzeitliche_kolosse,standard,1,6,2,7,6,15,2,13,false,false,false
match-1c06617b-4220,rudeljaeger,standard,0,6,2,6,6,14,2,12,true,true,true
match-a2b910bd-4221,urzeitliche_kolosse,standard,1,6,3,9,6,18,3,15,true,false,false
match-0ea122f6-4222,rudeljaeger,standard,0,6,3,8,6,17,3,14,false,false,false
match-0ea122f6-4222,urzeitliche_kolosse,standard,1,10,4,0,0,4,4,0,true,false,false
match-5259999f-4225,rudeljaeger,standard,0,6,4,14,15,33,4,29,true,false,false
match-5259999f-4225,urzeitliche_kolosse,standard,1,7,5,11,12,28,5,23,false,false,false
match-e6716766-4228,rudeljaeger,standard,0,10,4,15,13,32,4,28,true,false,true
match-6d2416a9-4229,rudeljaeger,standard,0,6,3,11,9,23,3,20,false,false,false
match-d90c28e1-4230,urzeitliche_kolosse,standard,1,6,3,4,4,11,3,8,true,false,true
match-9611f048-4232,urzeitliche_kolosse,standard,1,6,1,4,4,9,1,8,false,false,false
match-9611f048-4232,rudeljaeger,standard,0,6,2,4,6,12,2,10,true,false,true
match-1cc49f8b-4233,rudeljaeger,standard,0,6,3,12,13,28,3,25,true,true,true
match-378f1c95-4237,urzeitliche_kolosse,standard,1,6,2,6,6,14,2,12,false,false,false
match-a3772ecd-4238,rudeljaeger,standard,0,6,4,13,10,27,4,23,true,false,true
match-5317b7af-4242,rudeljaeger,standard,0,7,2,8,7,17,2,15,false,false,false
match-5317b7af-4242,urzeitliche_kolosse,standard,1,7,3,10,10,23,3,20,true,false,true
match-d9ca46f1-4243,rudeljaeger,standard,0,6,4,3,2,9,4,5,true,false,false
match-7b47733e-4244,urzeitliche_kolosse,standard,1,6,2,7,6,15,2,13,false,false,false
match-7b47733e-4244,rudeljaeger,standard,0,6,3,4,6,13,3,10,true,false,true
match-01fa0281-4245,urzeitliche_kolosse,standard,1,6,1,4,4,9,1,8,true,false,false
match-01fa0281-4245,rudeljaeger,standard,0,6,3,9,8,20,3,17,false,false,false
match-6de234b9-4246,urzeitliche_kolosse,standard,1,6,0,0,0,0,0,0,false,false,false
match-6de234b9-4246,rudeljaeger,standard,0,7,1,4,6,11,1,10,true,true,true
match-f494c3fb-4247,rudeljaeger,standard,0,6,2,7,6,15,2,13,false,false,false
match-f494c3fb-4247,urzeitliche_kolosse,standard,1,8,4,4,4,12,4,8,true,false,false
match-b19a8b62-4249,urzeitliche_kolosse,standard,1,6,3,6,6,15,3,12,true,false,false
match-cc65086c-4253,rudeljaeger,standard,0,6,3,0,0,3,3,0,false,false,false
match-cc65086c-4253,urzeitliche_kolosse,standard,1,7,3,13,14,30,3,27,true,false,true
match-beffc9e7-4255,urzeitliche_kolosse,standard,1,6,3,9,8,20,3,17,false,false,false
match-beffc9e7-4255,rudeljaeger,standard,0,6,4,6,7,17,4,13,true,false,false
match-a7f2e492-4256,rudeljaeger,standard,0,6,2,9,9,20,2,18,true,false,true
match-2ea593d5-4257,urzeitliche_kolosse,standard,1,8,3,4,4,11,3,8,true,false,false
match-2ea593d5-4257,rudeljaeger,standard,0,8,5,4,6,15,5,10,false,false,false
match-9a8da60d-4258,urzeitliche_kolosse,standard,1,8,5,3,2,10,5,5,true,false,false
match-9a8da60d-4258,rudeljaeger,standard,0,9,3,10,13,26,3,23,false,false,false
match-21405550-4259,rudeljaeger,standard,0,6,2,7,8,17,2,15,true,true,true
match-b5582317-4262,urzeitliche_kolosse,standard,1,6,1,4,4,9,1,8,false,false,false
match-3c0ad25a-4263,rudeljaeger,standard,0,6,4,5,5,14,4,10,true,false,false
match-f91099c0-4265,rudeljaeger,standard,0,6,3,11,12,26,3,23,true,false,false
match-64f8abf9-4266,urzeitliche_kolosse,standard,1,6,4,5,4,13,4,9,false,false,false
match-64f8abf9-4266,rudeljaeger,standard,0,8,4,13,14,31,4,27,true,false,false
match-8d286788-4268,rudeljaeger,standard,0,6,1,2,2,5,1,4,false,false,false
match-8d286788-4268,urzeitliche_kolosse,standard,1,9,5,10,8,23,5,18,true,true,true
match-13db16cb-4269,urzeitliche_kolosse,standard,1,6,3,2,2,7,3,4,false,false,false
match-13db16cb-4269,rudeljaeger,standard,0,6,4,12,12,28,4,24,true,false,true
match-7fc32903-4270,rudeljaeger,standard,0,6,2,9,9,20,2,18,true,true,true
match-3cc8f06a-4272,rudeljaeger,standard,0,6,4,2,1,7,4,3,false,false,false
match-2f63b1e5-4274,urzeitliche_kolosse,standard,1,6,2,7,6,15,2,13,true,false,true
match-57936d74-4276,rudeljaeger,standard,0,6,3,11,9,23,3,20,false,false,false
match-57936d74-4276,urzeitliche_kolosse,standard,1,8,4,13,12,29,4,25,true,true,true
match-de461cb6-4277,rudeljaeger,standard,0,8,4,14,8,26,4,22,true,false,false
match-4a2e2eef-4278,urzeitliche_kolosse,standard,1,6,2,0,0,2,2,0,false,false,false
match-4a2e2eef-4278,rudeljaeger,standard,0,6,4,12,10,26,4,22,true,false,false
match-d0e0de31-4279,urzeitliche_kolosse,standard,1,6,1,4,4,9,1,8,false,false,false
match-0733f656-4280,urzeitliche_kolosse,standard,1,6,2,8,6,16,2,14,false,false,false
match-0733f656-4280,rudeljaeger,standard,0,6,4,13,16,33,4,29,true,false,false
match-8de68598-4281,rudeljaeger,standard,0,6,3,9,9,21,3,18,true,false,false
match-21fe7360-4284,rudeljaeger,standard,0,6,3,10,12,25,3,22,true,false,false
match-a8b102a2-4285,urzeitliche_kolosse,standard,1,6,2,6,6,14,2,12,false,false,false
match-a8b102a2-4285,rudeljaeger,standard,0,6,3,7,8,18,3,15,true,false,false
match-9b4bc41d-4287,rudeljaeger,standard,0,6,4,7,5,16,4,12,true,true,true
match-58518b84-4289,rudeljaeger,standard,0,7,1,4,4,9,1,8,true,true,true
match-c439bdbc-4290,urzeitliche_kolosse,standard,1,6,2,6,4,12,2,10,true,false,false
match-c439bdbc-4290,rudeljaeger,standard,0,6,3,4,6,13,3,10,false,false,false
match-4aec4cff-4291,urzeitliche_kolosse,standard,1,6,1,4,4,9,1,8,true,false,false
match-df043ac6-4294,rudeljaeger,standard,0,6,2,7,6,15,2,13,true,true,true
match-65b6ca09-4295,urzeitliche_kolosse,standard,1,6,2,8,8,18,2,16,true,false,false
match-65b6ca09-4295,rudeljaeger,standard,0,6,2,7,10,19,2,17,false,false,false
match-8ea4a3a8-4298,urzeitliche_kolosse,standard,1,6,1,2,2,5,1,4,false,false,false
match-8ea4a3a8-4298,rudeljaeger,standard,0,6,4,14,14,32,4,28,true,false,false
match-b6d47f37-4300,urzeitliche_kolosse,standard,1,6,1,0,0,1,1,0,false,false,false
match-b6d47f37-4300,rudeljaeger,standard,0,6,4,13,12,29,4,25,true,false,false
match-a96f20b2-4302,rudeljaeger,standard,0,6,3,3,1,7,3,4,true,true,true
match-813f6523-4308,urzeitliche_kolosse,standard,1,6,4,8,4,16,4,12,true,false,false
match-813f6523-4308,rudeljaeger,standard,0,6,2,7,8,17,2,15,false,false,false
match-07f21466-4309,rudeljaeger,standard,0,6,3,13,13,29,3,26,false,false,false
match-07f21466-4309,urzeitliche_kolosse,standard,1,8,5,8,8,21,5,16,true,false,false
match-fa8cd5e0-4311,rudeljaeger,standard,0,6,3,3,2,8,3,5,true,false,true
match-b7929d47-4313,urzeitliche_kolosse,standard,1,6,3,3,0,6,3,3,false,false,false
match-b7929d47-4313,rudeljaeger,standard,0,9,3,10,11,24,3,21,true,false,false
match-237aaf80-4314,urzeitliche_kolosse,standard,1,6,3,0,0,3,3,0,false,false,false
match-237aaf80-4314,rudeljaeger,standard,0,6,3,12,14,29,3,26,true,false,true
match-d25d1a51-4317,rudeljaeger,standard,0,7,4,0,0,4,4,0,false,false,false
match-d25d1a51-4317,urzeitliche_kolosse,standard,1,9,5,12,8,25,5,20,true,false,true
match-3e452c8a-4318,urzeitliche_kolosse,standard,1,6,1,3,2,6,1,5,false,false,false
match-3e452c8a-4318,rudeljaeger,standard,0,6,2,6,8,16,2,14,true,false,true
match-749844ae-4323,urzeitliche_kolosse,standard,1,6,3,7,6,16,3,13,true,false,false
match-749844ae-4323,rudeljaeger,standard,0,6,2,8,10,20,2,18,false,false,false
match-161570fb-4324,rudeljaeger,standard,0,6,4,11,13,28,4,24,false,false,false
match-161570fb-4324,urzeitliche_kolosse,standard,1,7,5,8,10,23,5,18,true,false,false
match-8f62c1b8-4327,rudeljaeger,standard,0,6,3,12,12,27,3,24,true,false,true
match-4c68891f-4329,urzeitliche_kolosse,standard,1,6,2,8,6,16,2,14,true,false,true
match-b850bb57-4330,urzeitliche_kolosse,standard,1,6,1,4,4,9,1,8,false,false,false
match-e08076e6-4332,urzeitliche_kolosse,standard,1,6,2,5,2,9,2,7,false,false,false
match-d31b3861-4334,rudeljaeger,standard,0,6,3,10,10,23,3,20,true,false,false
match-59cdc7a4-4335,urzeitliche_kolosse,standard,1,6,3,8,6,17,3,14,true,true,true
match-9020ffc8-4336,urzeitliche_kolosse,standard,1,6,2,6,6,14,2,12,false,false,false
match-16d38f0b-4337,urzeitliche_kolosse,standard,1,6,1,4,4,9,1,8,false,false,false
match-16d38f0b-4337,rudeljaeger,standard,0,6,4,7,10,21,4,17,true,false,false
match-aaeb7cd2-4340,rudeljaeger,standard,0,6,2,9,9,20,2,18,false,false,false
match-aaeb7cd2-4340,urzeitliche_kolosse,standard,1,8,5,0,0,5,5,0,true,false,false
match-319e0c15-4341,urzeitliche_kolosse,standard,1,6,2,9,8,19,2,17,true,false,false
match-e13e94f6-4345,rudeljaeger,standard,0,6,3,8,7,18,3,15,true,true,true
match-4d26a72f-4346,urzeitliche_kolosse,standard,1,6,3,5,2,10,3,7,false,false,false
match-4d26a72f-4346,rudeljaeger,standard,0,6,3,13,15,31,3,28,true,false,false
match-d3d95671-4347,rudeljaeger,standard,0,6,3,13,13,29,3,26,true,true,true
match-755662be-4348,rudeljaeger,standard,0,6,4,13,12,29,4,25,true,false,false
match-fc091200-4349,urzeitliche_kolosse,standard,1,6,2,6,6,14,2,12,true,false,false
match-fc091200-4349,rudeljaeger,standard,0,6,2,9,11,22,2,20,false,false,false
match-24f6eba0-4352,urzeitliche_kolosse,standard,1,6,3,0,0,3,3,0,true,false,false
match-24f6eba0-4352,rudeljaeger,standard,0,6,2,9,11,22,2,20,false,false,false
match-aba99ae2-4353,urzeitliche_kolosse,standard,1,6,3,4,4,11,3,8,false,false,false
match-aba99ae2-4353,rudeljaeger,standard,0,6,3,11,14,28,3,25,true,false,false
match-1791ad1b-4354,rudeljaeger,standard,0,6,1,3,4,8,1,7,false,false,false
match-3fc168aa-4356,urzeitliche_kolosse,standard,1,6,1,2,2,5,1,4,true,false,false
match-3fc168aa-4356,rudeljaeger,standard,0,6,4,9,11,24,4,20,false,false,false
match-c67417ec-4357,urzeitliche_kolosse,standard,1,6,2,0,0,2,2,0,true,false,true
match-c67417ec-4357,rudeljaeger,standard,0,6,2,6,7,15,2,13,false,false,false
match-e1fcb306-4362,rudeljaeger,standard,0,6,5,7,8,20,5,15,true,true,true
match-68af4249-4363,urzeitliche_kolosse,standard,1,6,1,4,4,9,1,8,true,false,false
match-68af4249-4363,rudeljaeger,standard,0,8,4,14,10,28,4,24,false,false,false
match-0a2c6e96-4364,rudeljaeger,standard,0,6,4,9,9,22,4,18,false,false,false
match-0a2c6e96-4364,urzeitliche_kolosse,standard,1,7,3,12,14,29,3,26,true,false,true
match-90df1dd8-4365,urzeitliche_kolosse,standard,1,6,2,6,6,14,2,12,false,false,false
match-90df1dd8-4365,rudeljaeger,standard,0,6,2,9,11,22,2,20,true,false,false
match-ac67b8f2-4370,urzeitliche_kolosse,standard,1,6,2,4,4,10,2,8,false,false,false
match-ac67b8f2-4370,rudeljaeger,standard,0,6,2,4,6,12,2,10,true,true,true
match-331a4835-4371,rudeljaeger,standard,0,6,5,16,13,34,5,29,true,false,true
match-d4977481-4372,rudeljaeger,standard,0,8,3,13,10,26,3,23,false,false,false
match-5b4a03c4-4373,rudeljaeger,standard,0,6,3,11,10,24,3,21,false,false,false
match-4de4c53f-4375,urzeitliche_kolosse,standard,1,6,1,4,4,9,1,8,false,false,false
match-4de4c53f-4375,rudeljaeger,standard,0,6,3,12,13,28,3,25,true,false,false
match-8437fd63-4376,urzeitliche_kolosse,standard,1,6,3,9,6,18,3,15,false,false,false
match-0aea8ca6-4377,urzeitliche_kolosse,standard,1,6,1,4,4,9,1,8,false,false,false
match-0aea8ca6-4377,rudeljaeger,standard,0,6,3,11,13,27,3,24,true,false,false
match-fd854e20-4379,urzeitliche_kolosse,standard,1,6,2,6,4,12,2,10,true,true,true
match-9f027a6d-4380,rudeljaeger,standard,0,6,3,9,10,22,3,19,true,true,true
match-919d3be8-4382,rudeljaeger,standard,0,6,4,7,8,19,4,15,true,true,true
match-184fcb2b-4383,urzeitliche_kolosse,standard,1,6,2,7,6,15,2,13,false,false,false
match-184fcb2b-4383,rudeljaeger,standard,0,6,4,14,13,31,4,27,true,false,false
match-f3dda750-4386,rudeljaeger,standard,0,10,5,19,13,37,5,32,true,false,true
match-1c0d62e0-4388,rudeljaeger,standard,0,6,3,13,13,29,3,26,true,false,false
match-52609b04-4393,rudeljaeger,standard,0,6,3,11,9,23,3,20,true,false,false
match-52609b04-4393,urzeitliche_kolosse,standard,1,7,4,16,16,36,4,32,false,false,false
match-be48ad3c-4394,rudeljaeger,standard,0,6,4,12,8,24,4,20,false,false,false
match-be48ad3c-4394,urzeitliche_kolosse,standard,1,10,5,14,14,33,5,28,true,false,false
match-d9132a46-4398,urzeitliche_kolosse,standard,1,6,2,7,6,15,2,13,false,false,false
match-1ccb80f0-4401,urzeitliche_kolosse,standard,1,6,1,4,4,9,1,8,false,false,false
match-0f66426b-4403,rudeljaeger,standard,0,6,4,14,12,30,4,26,false,false,false
match-b0e36eb7-4404,urzeitliche_kolosse,standard,1,6,1,4,4,9,1,8,false,false,false
match-37961dfa-4405,rudeljaeger,standard,0,6,3,12,11,26,3,23,true,false,false
match-2a30df75-4407,urzeitliche_kolosse,standard,1,6,2,4,2,8,2,6,true,false,false
match-2a30df75-4407,rudeljaeger,standard,0,7,2,8,10,20,2,18,false,false,false
match-6083f799-4408,rudeljaeger,standard,0,6,3,11,11,25,3,22,false,false,false
match-6083f799-4408,urzeitliche_kolosse,standard,1,8,5,7,8,20,5,15,true,false,false
match-020103e6-4413,urzeitliche_kolosse,standard,1,6,1,4,4,9,1,8,true,false,true
match-f49bc560-4415,rudeljaeger,standard,0,6,3,10,10,23,3,20,true,false,true
match-b1a18cc7-4417,urzeitliche_kolosse,standard,1,6,0,0,0,0,0,0,true,true,true
match-1d89bf00-4418,urzeitliche_kolosse,standard,1,6,1,4,4,9,1,8,false,false,false
match-45b97a8f-4420,rudeljaeger,standard,0,6,3,13,13,29,3,26,true,true,true
match-cc6c09d1-4421,urzeitliche_kolosse,standard,1,6,3,9,6,18,3,15,true,false,true
match-cc6c09d1-4421,rudeljaeger,standard,0,6,4,4,6,14,4,10,false,false,false
match-bf06cb4c-4423,rudeljaeger,standard,0,6,3,10,10,23,3,20,false,false,false
match-bf06cb4c-4423,urzeitliche_kolosse,standard,1,7,4,12,14,30,4,26,true,false,false
match-f559e370-4424,urzeitliche_kolosse,standard,1,6,1,4,4,9,1,8,true,false,false
match-6ea7542e-4427,urzeitliche_kolosse,standard,1,6,4,0,0,4,4,0,true,false,true
match-6ea7542e-4427,rudeljaeger,standard,0,6,2,4,6,12,2,10,false,false,false
match-1024607b-4428,urzeitliche_kolosse,standard,1,6,2,4,4,10,2,8,false,false,false
match-02bf21f6-4430,rudeljaeger,standard,0,6,3,10,10,23,3,20,false,false,false
match-02bf21f6-4430,urzeitliche_kolosse,standard,1,7,3,7,8,18,3,15,true,false,false
match-bfc4e95c-4432,rudeljaeger,standard,0,6,4,15,13,32,4,28,false,false,false
match-cd2a27e1-4438,rudeljaeger,standard,0,6,3,4,4,11,3,8,false,false,false
match-037d4006-4443,urzeitliche_kolosse,standard,1,6,2,0,0,2,2,0,true,false,false
match-2bad1b95-4445,urzeitliche_kolosse,standard,1,6,3,3,2,8,3,5,false,false,false
match-97952dcd-4446,rudeljaeger,standard,0,6,3,13,13,29,3,26,true,true,true
match-1e47dd10-4447,rudeljaeger,standard,0,6,3,10,10,23,3,20,true,true,true
match-549af534-4448,urzeitliche_kolosse,standard,1,6,4,3,0,7,4,3,true,false,false
match-549af534-4448,rudeljaeger,standard,0,6,2,8,10,20,2,18,false,false,false
match-4735b6af-4450,urzeitliche_kolosse,standard,1,7,5,21,14,40,5,35,true,true,true
match-cde845f1-4451,rudeljaeger,standard,0,6,3,10,12,25,3,22,true,true,true
match-6f65723e-4452,rudeljaeger,standard,0,6,2,5,4,11,2,9,false,false,false
match-6f65723e-4452,urzeitliche_kolosse,standard,1,10,3,3,2,8,3,5,true,true,true
match-620033b9-4454,rudeljaeger,standard,0,6,4,11,12,27,4,23,false,false,false
match-e8b2c2fb-4455,urzeitliche_kolosse,standard,1,6,3,4,4,11,3,8,true,false,true
match-e8b2c2fb-4455,rudeljaeger,standard,0,6,4,4,6,14,4,10,false,false,false
match-11a0bc9b-4458,urzeitliche_kolosse,standard,1,6,1,4,4,9,1,8,true,false,false
match-11a0bc9b-4458,rudeljaeger,standard,0,6,4,4,6,14,4,10,false,false,false
match-b31dc8e7-4463,urzeitliche_kolosse,standard,1,6,2,6,4,12,2,10,false,false,false
match-b31dc8e7-4463,rudeljaeger,standard,0,6,1,4,6,11,1,10,true,true,true
match-e970e10b-4464,urzeitliche_kolosse,standard,1,6,3,6,4,13,3,10,false,false,false
match-e970e10b-4464,rudeljaeger,standard,0,6,3,10,11,24,3,21,true,false,false
match-62be51c9-4467,urzeitliche_kolosse,standard,1,6,2,5,4,11,2,9,false,false,false
match-043b7e16-4468,urzeitliche_kolosse,standard,1,6,3,7,4,14,3,11,true,true,true
match-8aee0d58-4469,urzeitliche_kolosse,standard,1,6,2,6,6,14,2,12,false,false,false
match-7d88ced3-4471,rudeljaeger,standard,0,6,3,12,11,26,3,23,true,true,true
match-b3dbe6f7-4472,rudeljaeger,standard,0,7,1,2,2,5,1,4,true,false,false
match-a676a872-4474,urzeitliche_kolosse,standard,1,6,1,3,2,6,1,5,true,false,false
match-a676a872-4474,rudeljaeger,standard,0,9,4,18,20,42,4,38,false,false,false
match-2d2957b5-4475,urzeitliche_kolosse,standard,1,6,1,2,2,5,1,4,true,false,false
match-2d2957b5-4475,rudeljaeger,standard,0,6,3,11,12,26,3,23,false,false,false
match-55591344-4477,urzeitliche_kolosse,standard,1,6,2,6,4,12,2,10,false,false,false
match-47f3d4bf-4479,rudeljaeger,standard,0,7,1,3,4,8,1,7,false,false,false
match-7e46ece3-4480,rudeljaeger,standard,0,6,2,9,9,20,2,18,true,true,true
match-f7945da0-4483,rudeljaeger,standard,0,6,2,4,4,10,2,8,true,true,true
match-991169ed-4484,rudeljaeger,standard,0,8,2,12,8,22,2,20,false,false,false
match-1fc41930-4485,urzeitliche_kolosse,standard,1,6,3,4,4,11,3,8,false,false,false
match-1fc41930-4485,rudeljaeger,standard,0,10,5,12,10,27,5,22,true,false,false
match-8bac2b68-4486,urzeitliche_kolosse,standard,1,6,2,7,6,15,2,13,true,false,false
match-8bac2b68-4486,rudeljaeger,standard,0,6,4,13,12,29,4,25,false,false,false
match-125edaab-4487,rudeljaeger,standard,0,6,4,6,5,15,4,11,false,false,false
match-125edaab-4487,urzeitliche_kolosse,standard,1,7,5,17,14,36,5,31,true,false,false
match-cf648211-4489,urzeitliche_kolosse,standard,1,8,4,2,2,8,4,4,true,true,true
match-c1ff438c-4491,rudeljaeger,standard,0,8,5,16,19,40,5,35,false,false,false
match-c1ff438c-4491,urzeitliche_kolosse,standard,1,12,2,8,10,20,2,18,true,true,true
match-637c6fd9-4492,urzeitliche_kolosse,standard,1,6,2,8,6,16,2,14,true,false,false
match-637c6fd9-4492,rudeljaeger,standard,0,7,1,4,6,11,1,10,false,false,false
match-dcc9c096-4495,urzeitliche_kolosse,standard,1,6,1,3,2,6,1,5,false,false,false
match-dcc9c096-4495,rudeljaeger,standard,0,6,2,8,10,20,2,18,true,true,true
match-131cf8bb-4496,urzeitliche_kolosse,standard,1,6,3,4,4,11,3,8,false,false,false
match-131cf8bb-4496,rudeljaeger,standard,0,7,2,6,7,15,2,13,true,true,true
match-99cf87fd-4497,urzeitliche_kolosse,standard,1,6,4,7,6,17,4,13,true,true,true
match-05b7ba36-4498,urzeitliche_kolosse,standard,1,6,5,8,8,21,5,16,true,false,true
match-05b7ba36-4498,rudeljaeger,standard,0,7,2,8,10,20,2,18,false,false,false
match-8c6a4978-4499,rudeljaeger,standard,0,6,3,0,0,3,3,0,true,true,true
match-3d72d1a6-4500,rudeljaeger,standard,0,6,2,7,7,16,2,14,true,true,true
match-3d72d1a6-4500,urzeitliche_kolosse,standard,1,7,3,10,12,25,3,22,false,false,false
match-b6c02263-4501,rudeljaeger,standard,0,6,2,3,2,7,2,5,false,false,false
match-4ad8102b-4502,rudeljaeger,standard,0,6,3,9,8,20,3,17,true,true,true
match-07ddd792-4508,urzeitliche_kolosse,standard,1,6,4,7,4,15,4,11,false,false,false
match-812b284f-4509,rudeljaeger,standard,0,6,1,4,4,9,1,8,false,false,false
match-812b284f-4509,urzeitliche_kolosse,standard,1,6,4,6,8,18,4,14,true,false,false
match-15431617-4510,rudeljaeger,standard,0,6,3,11,10,24,3,21,false,false,false
match-15431617-4510,urzeitliche_kolosse,standard,1,8,4,16,12,32,4,28,true,false,false
match-8e9066d4-4511,rudeljaeger,standard,0,6,3,10,10,23,3,20,false,false,false
match-8e9066d4-4511,urzeitliche_kolosse,standard,1,6,4,8,10,22,4,18,true,false,false
match-d248dd7d-4516,urzeitliche_kolosse,standard,1,6,3,14,12,29,3,26,true,false,true
match-dfae1c02-4518,rudeljaeger,standard,0,6,1,2,2,5,1,4,false,false,false
match-58fb6cc0-4519,urzeitliche_kolosse,standard,1,6,3,4,4,11,3,8,true,false,false
match-b77e4073-4520,rudeljaeger,standard,0,7,5,16,14,35,5,30,true,false,false
match-b77e4073-4520,urzeitliche_kolosse,standard,1,10,5,17,18,40,5,35,false,false,false
match-30cbb131-4521,rudeljaeger,standard,0,6,2,8,7,17,2,15,true,false,false
match-c4e39ef8-4522,rudeljaeger,standard,0,6,1,3,4,8,1,7,true,true,true
match-3e30efb6-4523,urzeitliche_kolosse,standard,1,6,5,4,4,13,5,8,true,false,false
match-9cb3c369-4524,rudeljaeger,standard,0,6,1,3,2,6,1,5,true,false,false
match-9cb3c369-4524,urzeitliche_kolosse,standard,1,6,3,4,6,13,3,10,false,false,false
match-16013427-4525,rudeljaeger,standard,0,6,2,4,4,10,2,8,true,false,false
match-16013427-4525,urzeitliche_kolosse,standard,1,6,3,13,14,30,3,27,false,false,false
match-aa1901ee-4526,rudeljaeger,standard,0,6,5,2,1,8,5,3,true,true,true
match-81e9465f-4528,rudeljaeger,standard,0,6,2,5,3,10,2,8,false,false,false
match-fb36b71c-4529,urzeitliche_kolosse,standard,1,6,5,7,6,18,5,13,true,false,false
match-fb36b71c-4529,rudeljaeger,standard,0,9,5,14,12,31,5,26,false,false,false
match-8f4e84e4-4530,urzeitliche_kolosse,standard,1,6,5,3,0,8,5,3,true,false,true
match-089bf5a2-4531,urzeitliche_kolosse,standard,1,6,4,4,4,12,4,8,true,true,true
match-671ec955-4532,urzeitliche_kolosse,standard,1,7,4,16,10,30,4,26,true,false,true
match-e06c3a12-4533,urzeitliche_kolosse,standard,1,6,5,9,8,22,5,17,true,false,true
match-748407da-4534,rudeljaeger,standard,0,6,2,6,6,14,2,12,false,false,false
match-748407da-4534,urzeitliche_kolosse,standard,1,6,2,8,10,20,2,18,true,false,false
match-edd17897-4535,rudeljaeger,standard,0,10,4,8,9,21,4,17,false,false,false
match-c5a1bd08-4537,rudeljaeger,standard,0,6,2,6,5,13,2,11,false,false,false
match-c5a1bd08-4537,urzeitliche_kolosse,standard,1,6,3,13,14,30,3,27,true,false,false
match-59b98ad0-4538,rudeljaeger,standard,0,6,1,3,2,6,1,5,false,false,false
match-59b98ad0-4538,urzeitliche_kolosse,standard,1,6,2,4,6,12,2,10,true,false,false
match-aad73ffe-4541,rudeljaeger,standard,0,6,2,6,5,13,2,11,true,false,false
match-3eef0dc6-4542,rudeljaeger,standard,0,6,1,4,4,9,1,8,false,false,false
match-b83c7e83-4543,rudeljaeger,standard,0,6,2,8,9,19,2,17,false,false,false
match-b83c7e83-4543,urzeitliche_kolosse,standard,1,6,2,8,10,20,2,18,true,false,false
match-16bf5237-4544,urzeitliche_kolosse,standard,1,7,2,6,6,14,2,12,true,false,true
match-900ca2f4-4545,rudeljaeger,standard,0,6,2,6,3,11,2,9,true,false,false
match-900ca2f4-4545,urzeitliche_kolosse,standard,1,6,2,8,10,20,2,18,false,false,false
match-9d71e179-4547,rudeljaeger,standard,0,8,2,7,11,20,2,18,false,false,false
match-9d71e179-4547,urzeitliche_kolosse,standard,1,10,5,4,6,15,5,10,false,false,false
match-095a13b2-4550,rudeljaeger,standard,0,8,3,8,11,22,3,19,false,false,false
match-095a13b2-4550,urzeitliche_kolosse,standard,1,13,4,9,8,21,4,17,false,false,false
match-82a7646f-4551,urzeitliche_kolosse,standard,1,6,3,7,6,16,3,13,true,false,false
match-e12a5822-4552,urzeitliche_kolosse,standard,1,6,3,10,8,21,3,18,true,false,true
match-67dce765-4555,urzeitliche_kolosse,standard,1,6,2,4,4,10,2,8,false,false,false
match-3fad2bd6-4557,rudeljaeger,standard,0,6,3,7,6,16,3,13,true,false,true
match-24e2aecc-4561,rudeljaeger,standard,0,6,0,0,0,0,0,0,false,false,false
match-24e2aecc-4561,urzeitliche_kolosse,standard,1,6,2,8,10,20,2,18,true,false,false
match-b8fa9c93-4562,rudeljaeger,standard,0,6,3,8,9,20,3,17,true,false,false
match-b8fa9c93-4562,urzeitliche_kolosse,standard,1,6,3,12,14,29,3,26,false,false,false
match-f78000cc-4566,rudeljaeger,standard,0,11,2,8,7,17,2,15,false,false,false
match-f78000cc-4566,urzeitliche_kolosse,standard,1,13,4,4,6,14,4,10,true,true,true
match-70cd718a-4567,urzeitliche_kolosse,standard,1,6,4,6,4,14,4,10,true,false,false
match-70cd718a-4567,rudeljaeger,standard,0,8,3,11,17,31,3,28,false,false,false
match-489db5fb-4569,urzeitliche_kolosse,standard,1,6,4,9,8,21,4,17,true,false,true
match-dcb583c2-4570,urzeitliche_kolosse,standard,1,6,3,10,8,21,3,18,false,false,false
match-dcb583c2-4570,rudeljaeger,standard,0,9,3,9,6,18,3,15,true,false,true
match-5602f480-4571,rudeljaeger,standard,0,6,4,9,9,22,4,18,false,false,false
match-5602f480-4571,urzeitliche_kolosse,standard,1,6,4,11,12,27,4,23,true,false,false
match-2dd338f1-4573,rudeljaeger,standard,0,6,2,8,9,19,2,17,true,false,false
match-c1eb06b8-4574,rudeljaeger,standard,0,6,2,7,6,15,2,13,true,true,true
match-99bb4b29-4576,rudeljaeger,standard,0,8,3,13,16,32,3,29,false,false,false
match-a72089ae-4578,urzeitliche_kolosse,standard,1,8,3,8,6,17,3,14,true,true,true
match-206dfa6c-4579,rudeljaeger,standard,0,6,2,6,6,14,2,12,false,false,false
match-f83e3edc-4581,urzeitliche_kolosse,standard,1,6,3,12,8,23,3,20,true,false,false
match-8c560ca4-4582,urzeitliche_kolosse,standard,1,6,4,13,10,27,4,23,false,false,false
match-c2a924c8-4589,urzeitliche_kolosse,standard,1,6,3,4,4,11,3,8,true,false,true
match-56c11290-4590,urzeitliche_kolosse,standard,1,6,4,13,8,25,4,21,true,false,false
match-56c11290-4590,rudeljaeger,standard,0,9,4,16,21,41,4,37,false,false,false
match-2e915701-4592,rudeljaeger,standard,0,6,3,8,6,17,3,14,false,false,false
match-2e915701-4592,urzeitliche_kolosse,standard,1,11,5,12,4,21,5,16,true,false,true
match-13c6d9f7-4596,urzeitliche_kolosse,standard,1,6,5,8,6,19,5,14,false,false,false
match-8d142ab4-4597,urzeitliche_kolosse,standard,1,6,4,14,10,28,4,24,false,false,false
match-8d142ab4-4597,rudeljaeger,standard,0,9,4,18,21,43,4,39,true,false,false
match-f8fc5cec-4600,urzeitliche_kolosse,standard,1,6,3,14,12,29,3,26,true,true,true
match-7faeec2f-4603,rudeljaeger,standard,0,6,3,5,5,13,3,10,true,false,true
match-7faeec2f-4603,urzeitliche_kolosse,standard,1,6,3,8,10,21,3,18,false,false,false
match-de31dfe2-4604,rudeljaeger,standard,0,6,0,0,0,0,0,0,false,false,false
match-de31dfe2-4604,urzeitliche_kolosse,standard,1,6,3,11,12,26,3,23,true,false,false
match-577f30a0-4605,rudeljaeger,standard,0,6,2,7,8,17,2,15,false,false,false
match-577f30a0-4605,urzeitliche_kolosse,standard,1,8,5,3,0,8,5,3,true,false,false
match-eb971e67-4606,urzeitliche_kolosse,standard,1,6,5,8,4,17,5,12,true,false,false
match-eb971e67-4606,rudeljaeger,standard,0,7,3,12,17,32,3,29,false,false,false
match-64e46f25-4607,rudeljaeger,standard,0,8,3,10,11,24,3,21,false,false,false
match-c36742d8-4608,urzeitliche_kolosse,standard,1,6,3,11,10,24,3,21,false,false,false
match-c36742d8-4608,rudeljaeger,standard,0,12,3,8,6,17,3,14,true,true,true
match-3cb4b396-4609,rudeljaeger,standard,0,6,2,6,6,14,2,12,false,false,false
match-3cb4b396-4609,urzeitliche_kolosse,standard,1,7,2,6,8,16,2,14,true,false,true
match-21ea368c-4613,rudeljaeger,standard,0,6,3,4,4,11,3,8,true,false,false
match-21ea368c-4613,urzeitliche_kolosse,standard,1,11,1,0,0,1,1,0,false,false,false
match-b6020453-4614,rudeljaeger,standard,0,6,3,9,6,18,3,15,true,true,true
match-2f4f7511-4615,urzeitliche_kolosse,standard,1,7,2,3,2,7,2,5,true,false,false
match-2f4f7511-4615,rudeljaeger,standard,0,8,2,8,10,20,2,18,false,false,false
match-071fb982-4617,rudeljaeger,standard,0,6,4,13,10,27,4,23,true,false,true
match-9b378749-4618,rudeljaeger,standard,0,6,2,5,2,9,2,7,true,false,false
match-1484f807-4619,urzeitliche_kolosse,standard,1,7,3,10,8,21,3,18,false,false,false
match-7307cbba-4620,urzeitliche_kolosse,standard,1,6,4,9,6,19,4,15,true,false,false
match-d18abf6d-4625,urzeitliche_kolosse,standard,1,6,5,7,6,18,5,13,true,true,true
match-65a28d35-4626,urzeitliche_kolosse,standard,1,6,2,6,6,14,2,12,true,false,false
match-e422d062-4628,urzeitliche_kolosse,standard,1,9,4,4,2,10,4,6,true,true,true
match-5d702120-4629,rudeljaeger,standard,0,6,1,4,4,9,1,8,false,false,false
match-6ad57fa5-4631,rudeljaeger,standard,0,6,3,10,10,23,3,20,false,false,false
match-6ad57fa5-4631,urzeitliche_kolosse,standard,1,7,2,6,8,16,2,14,true,false,false
match-500ae29b-4635,rudeljaeger,standard,0,6,1,4,4,9,1,8,true,true,true
match-35406591-4639,urzeitliche_kolosse,standard,1,6,5,7,6,18,5,13,true,false,false
match-35406591-4639,rudeljaeger,standard,0,7,4,14,13,31,4,27,false,false,false
match-93c35944-4640,urzeitliche_kolosse,standard,1,6,2,9,8,19,2,17,true,false,false
match-93c35944-4640,rudeljaeger,standard,0,8,4,2,1,7,4,3,false,false,false
match-0d10aa02-4641,rudeljaeger,standard,0,6,2,9,9,20,2,18,true,true,true
match-1a75e887-4643,rudeljaeger,standard,0,6,2,9,9,20,2,18,false,false,false
match-1a75e887-4643,urzeitliche_kolosse,standard,1,6,2,8,10,20,2,18,true,false,false
match-78f8dc3a-4644,rudeljaeger,standard,0,6,0,0,0,0,0,0,true,true,true
match-f2462cf7-4645,rudeljaeger,standard,0,9,4,17,18,39,4,35,true,true,true
match-865e1abf-4646,urzeitliche_kolosse,standard,1,6,3,3,2,8,3,5,true,false,true
match-ffab6b7c-4647,rudeljaeger,standard,0,6,1,4,4,9,1,8,false,false,false
match-ffab6b7c-4647,urzeitliche_kolosse,standard,1,6,2,6,6,14,2,12,true,false,false
match-5e2e5f30-4648,urzeitliche_kolosse,standard,1,8,3,5,2,10,3,7,true,true,true
match-e4e0ee72-4651,rudeljaeger,standard,0,6,1,3,2,6,1,5,true,true,true
match-4363c226-4652,rudeljaeger,standard,0,6,3,3,4,10,3,7,false,false,false
match-bcb132e3-4653,rudeljaeger,standard,0,6,2,7,6,15,2,13,true,true,true
match-50c900ab-4654,rudeljaeger,standard,0,6,2,7,6,15,2,13,true,false,true
match-2899451c-4656,rudeljaeger,standard,0,6,1,4,4,9,1,8,false,false,false
match-2899451c-4656,urzeitliche_kolosse,standard,1,6,4,4,6,14,4,10,true,false,false
match-a1e6b5d9-4657,rudeljaeger,standard,0,6,1,3,4,8,1,7,true,false,true
match-a1e6b5d9-4657,urzeitliche_kolosse,standard,1,6,2,8,10,20,2,18,false,false,false
match-0dcec812-4660,rudeljaeger,standard,0,6,2,6,6,14,2,12,false,false,false
match-0dcec812-4660,urzeitliche_kolosse,standard,1,8,5,11,12,28,5,23,true,false,false
match-871c38cf-4661,urzeitliche_kolosse,standard,1,6,2,3,2,7,2,5,true,false,false
match-79b6fa4a-4667,urzeitliche_kolosse,standard,1,7,4,5,4,13,4,9,true,false,false
match-79b6fa4a-4667,rudeljaeger,standard,0,10,3,10,10,23,3,20,false,false,false
match-51873ebb-4669,rudeljaeger,standard,0,8,3,11,15,29,3,26,true,false,false
match-e59f0c82-4670,urzeitliche_kolosse,standard,1,6,2,10,8,20,2,18,true,false,false
match-bd6f50f3-4672,rudeljaeger,standard,0,6,3,7,8,18,3,15,false,false,false
match-bd6f50f3-4672,urzeitliche_kolosse,standard,1,6,5,9,8,22,5,17,true,false,true
match-36bca1b1-4673,rudeljaeger,standard,0,6,2,6,4,12,2,10,true,true,true
match-cad48f78-4674,rudeljaeger,standard,0,6,2,7,6,15,2,13,false,false,false
match-cad48f78-4674,urzeitliche_kolosse,standard,1,6,4,6,8,18,4,14,true,false,false
match-4421e036-4675,rudeljaeger,standard,0,6,3,9,7,19,3,16,false,false,false
match-4421e036-4675,urzeitliche_kolosse,standard,1,6,3,9,10,22,3,19,true,false,true
match-a2a4d3e9-4676,urzeitliche_kolosse,standard,1,6,3,13,10,26,3,23,false,false,false
match-2957632c-4679,rudeljaeger,standard,0,7,5,19,19,43,5,38,true,false,false
match-87da56df-4680,urzeitliche_kolosse,standard,1,6,2,4,4,10,2,8,false,false,false
match-953f9564-4682,urzeitliche_kolosse,standard,1,7,3,7,4,14,3,11,true,false,false
match-0e8ce622-4683,rudeljaeger,standard,0,6,2,8,8,18,2,16,true,true,true
match-cb92ad88-4689,urzeitliche_kolosse,standard,1,8,3,7,4,14,3,11,false,false,false
match-cb92ad88-4689,rudeljaeger,standard,0,12,3,3,4,10,3,7,true,true,true
match-90cac104-4692,rudeljaeger,standard,0,6,3,8,6,17,3,14,true,true,true
match-0a1831c2-4693,rudeljaeger,standard,0,6,1,4,4,9,1,8,false,false,false
match-0a1831c2-4693,urzeitliche_kolosse,standard,1,7,4,4,6,14,4,10,true,false,false
match-ef4db4b7-4697,rudeljaeger,standard,0,6,2,6,4,12,2,10,true,false,false
match-ef4db4b7-4697,urzeitliche_kolosse,standard,1,6,5,13,14,32,5,27,false,false,false
match-8365827f-4698,rudeljaeger,standard,0,6,2,8,8,18,2,16,false,false,false
match-8365827f-4698,urzeitliche_kolosse,standard,1,6,4,12,10,26,4,22,true,false,false
match-d48337ad-4701,rudeljaeger,standard,0,6,2,7,8,17,2,15,true,true,true
match-406b49e6-4704,urzeitliche_kolosse,standard,1,6,4,9,8,21,4,17,false,false,false
match-33060b61-4710,urzeitliche_kolosse,standard,1,6,4,13,8,25,4,21,true,false,false
match-33060b61-4710,rudeljaeger,standard,0,11,5,12,9,26,5,21,false,false,false
match-9188ff14-4715,rudeljaeger,standard,0,8,3,10,9,22,3,19,false,false,false
match-9188ff14-4715,urzeitliche_kolosse,standard,1,10,4,14,14,32,4,28,true,true,true
match-f00bd2c7-4716,rudeljaeger,standard,0,6,2,8,9,19,2,17,false,false,false
match-f00bd2c7-4716,urzeitliche_kolosse,standard,1,6,2,8,10,20,2,18,true,false,false
match-fd71114c-4718,urzeitliche_kolosse,standard,1,6,4,15,12,31,4,27,true,false,false
match-fd71114c-4718,rudeljaeger,standard,0,7,4,17,19,40,4,36,false,false,false
match-d54155bd-4720,urzeitliche_kolosse,standard,1,6,2,3,2,7,2,5,false,false,false
match-4e8ea67b-4721,urzeitliche_kolosse,standard,1,6,3,11,10,24,3,21,true,false,false
match-e2a69442-4722,urzeitliche_kolosse,standard,1,6,3,4,4,11,3,8,false,false,false
match-e2a69442-4722,rudeljaeger,standard,0,9,5,21,19,45,5,40,true,false,true
match-5bf3e500-4723,rudeljaeger,standard,0,6,2,7,6,15,2,13,true,true,true
match-5bf3e500-4723,urzeitliche_kolosse,standard,1,6,4,8,10,22,4,18,false,false,false
match-ba76d8b3-4724,urzeitliche_kolosse,standard,1,9,4,11,8,23,4,19,true,false,true
match-33c42971-4725,urzeitliche_kolosse,standard,1,6,2,9,8,19,2,17,true,true,true
match-412967f6-4727,urzeitliche_kolosse,standard,1,6,4,16,12,32,4,28,true,true,true
match-fe2f2f5c-4733,rudeljaeger,standard,0,6,1,3,4,8,1,7,false,false,false
match-fe2f2f5c-4733,urzeitliche_kolosse,standard,1,6,3,10,12,25,3,22,true,false,false
match-e364b252-4737,rudeljaeger,standard,0,6,1,3,4,8,1,7,true,true,true
match-f0c9f0d7-4739,rudeljaeger,standard,0,6,4,7,6,17,4,13,false,false,false
match-f0c9f0d7-4739,urzeitliche_kolosse,standard,1,9,5,12,12,29,5,24,true,true,true
match-5cb20310-4742,rudeljaeger,standard,0,6,2,7,6,15,2,13,false,false,false
match-5cb20310-4742,urzeitliche_kolosse,standard,1,6,5,8,8,21,5,16,true,false,false
match-d5ff73cd-4743,rudeljaeger,standard,0,6,1,3,4,8,1,7,false,false,false
match-34824781-4744,rudeljaeger,standard,0,8,0,0,0,0,0,0,false,false,false
match-41e78606-4746,rudeljaeger,standard,0,6,3,3,2,8,3,5,false,false,false
match-41e78606-4746,urzeitliche_kolosse,standard,1,6,3,12,14,29,3,26,true,false,true
match-bb34f6c3-4747,rudeljaeger,standard,0,7,4,13,14,31,4,27,true,true,true
match-93053b34-4749,urzeitliche_kolosse,standard,1,6,3,13,10,26,3,23,true,false,true
match-a06a79b9-4751,rudeljaeger,standard,0,6,2,7,8,17,2,15,false,false,false
match-feed4d6c-4752,rudeljaeger,standard,0,6,1,4,4,9,1,8,false,false,false
match-feed4d6c-4752,urzeitliche_kolosse,standard,1,6,4,4,6,14,4,10,true,false,false
match-783abe2a-4753,urzeitliche_kolosse,standard,1,6,2,9,8,19,2,17,true,true,true
match-04203fdd-4757,urzeitliche_kolosse,standard,1,6,4,3,2,9,4,5,true,false,false
match-11857e62-4759,urzeitliche_kolosse,standard,1,8,4,3,0,7,4,3,false,false,false
match-7d6d909a-4762,urzeitliche_kolosse,standard,1,6,4,6,6,16,4,12,true,false,false
match-f6bae157-4763,rudeljaeger,standard,0,6,1,3,2,6,1,5,false,false,false
match-f6bae157-4763,urzeitliche_kolosse,standard,1,6,3,4,6,13,3,10,true,false,false
match-553dd50b-4764,rudeljaeger,standard,0,7,3,12,15,30,3,27,true,true,true
match-ce8b25c8-4765,rudeljaeger,standard,0,6,2,8,8,18,2,16,true,true,true
match-dbf0644d-4767,rudeljaeger,standard,0,6,3,10,8,21,3,18,false,false,false
match-dbf0644d-4767,urzeitliche_kolosse,standard,1,7,3,4,6,13,3,10,true,true,true
match-3a735801-4768,rudeljaeger,standard,0,6,3,0,0,3,3,0,true,false,false
match-47d89686-4770,urzeitliche_kolosse,standard,1,7,5,5,4,14,5,9,true,false,false
match-c125e743-4771,rudeljaeger,standard,0,6,3,9,7,19,3,16,true,false,false
match-c125e743-4771,urzeitliche_kolosse,standard,1,6,5,13,14,32,5,27,false,false,false
match-1fa8daf7-4772,urzeitliche_kolosse,standard,1,6,3,11,10,24,3,21,true,false,false
match-1fa8daf7-4772,rudeljaeger,standard,0,7,5,4,6,15,5,10,false,false,false
match-2d0e197c-4774,rudeljaeger,standard,0,6,1,5,5,11,1,10,false,false,false
match-2d0e197c-4774,urzeitliche_kolosse,standard,1,6,3,6,8,17,3,14,true,false,false
match-a65b6a39-4775,rudeljaeger,standard,0,6,3,11,10,24,3,21,true,true,true
match-04de5ded-4776,rudeljaeger,standard,0,6,2,8,9,19,2,17,true,false,false
match-04de5ded-4776,urzeitliche_kolosse,standard,1,6,3,4,6,13,3,10,false,false,false
match-12439c72-4778,rudeljaeger,standard,0,6,3,11,10,24,3,21,true,false,true
match-8b90ed2f-4779,rudeljaeger,standard,0,6,1,4,4,9,1,8,false,false,false
match-ea13c0e2-4780,rudeljaeger,standard,0,6,2,8,9,19,2,17,true,false,false
match-636131a0-4781,rudeljaeger,standard,0,6,2,7,6,15,2,13,true,false,true
match-636131a0-4781,urzeitliche_kolosse,standard,1,6,4,4,6,14,4,10,false,false,false
match-f7791f67-4782,rudeljaeger,standard,0,6,3,10,7,20,3,17,false,false,false
match-f7791f67-4782,urzeitliche_kolosse,standard,1,7,3,12,14,29,3,26,true,false,true
match-cf4943d8-4784,rudeljaeger,standard,0,10,4,8,6,18,4,14,false,false,false
match-cf4943d8-4784,urzeitliche_kolosse,standard,1,12,5,13,14,32,5,27,true,true,true
match-4896b496-4785,urzeitliche_kolosse,standard,1,6,3,14,12,29,3,26,false,false,false
match-4896b496-4785,rudeljaeger,standard,0,11,4,12,13,29,4,25,true,false,true
match-dcae825d-4786,rudeljaeger,standard,0,6,3,10,8,21,3,18,true,true,true
match-55fbf31b-4787,urzeitliche_kolosse,standard,1,6,4,7,6,17,4,13,true,false,false
match-55fbf31b-4787,rudeljaeger,standard,0,9,5,4,4,13,5,8,false,false,false
match-c1e40553-4790,urzeitliche_kolosse,standard,1,6,2,8,4,14,2,12,true,false,false
match-c1e40553-4790,rudeljaeger,standard,0,8,4,4,4,12,4,8,false,false,false
match-99b449c4-4792,rudeljaeger,standard,0,6,1,4,4,9,1,8,true,false,false
match-1301ba82-4793,rudeljaeger,standard,0,6,2,5,5,12,2,10,false,false,false
match-1301ba82-4793,urzeitliche_kolosse,standard,1,7,3,11,12,26,3,23,true,false,false
match-a7198849-4794,urzeitliche_kolosse,standard,1,6,5,9,8,22,5,17,false,false,false
match-f8373d77-4797,rudeljaeger,standard,0,6,2,7,8,17,2,15,true,false,true
match-ead1fef2-4803,rudeljaeger,standard,0,6,4,6,4,14,4,10,true,false,true
match-56ba112b-4806,rudeljaeger,standard,0,6,3,10,10,23,3,20,true,false,true
match-a7d7a659-4809,rudeljaeger,standard,0,8,4,0,0,4,4,0,false,false,false
match-8d0d294f-4813,rudeljaeger,standard,0,6,1,5,5,11,1,10,false,false,false
match-8d0d294f-4813,urzeitliche_kolosse,standard,1,6,4,12,10,26,4,22,true,false,false
match-9a7267d4-4815,rudeljaeger,standard,0,6,4,7,6,17,4,13,false,false,false
match-9a7267d4-4815,urzeitliche_kolosse,standard,1,6,5,10,12,27,5,22,true,false,false
match-065a9a0d-4818,rudeljaeger,standard,0,6,2,6,8,16,2,14,false,false,false
match-065a9a0d-4818,urzeitliche_kolosse,standard,1,8,4,3,2,9,4,5,true,false,true
match-44e01e46-4822,urzeitliche_kolosse,standard,1,6,4,10,8,22,4,18,false,false,false
match-01e5c5ad-4828,urzeitliche_kolosse,standard,1,6,4,9,8,21,4,17,true,true,true
match-e71b48a2-4832,urzeitliche_kolosse,standard,1,7,3,10,8,21,3,18,true,false,false
match-e71b48a2-4832,rudeljaeger,standard,0,8,2,6,6,14,2,12,false,false,false
match-6068b960-4833,rudeljaeger,standard,0,6,2,8,9,19,2,17,true,false,false
match-6068b960-4833,urzeitliche_kolosse,standard,1,6,3,11,12,26,3,23,false,false,false
match-f4808727-4834,rudeljaeger,standard,0,8,4,10,9,23,4,19,false,false,false
match-6dcdf7e5-4835,rudeljaeger,standard,0,6,2,7,7,16,2,14,true,false,false
match-cc50cb98-4836,urzeitliche_kolosse,standard,1,6,4,12,10,26,4,22,true,false,false
match-459e3c56-4837,urzeitliche_kolosse,standard,1,6,5,3,2,10,5,5,true,false,false
match-b1864e8e-4840,rudeljaeger,standard,0,6,1,3,2,6,1,5,false,false,false
match-b1864e8e-4840,urzeitliche_kolosse,standard,1,6,2,8,10,20,2,18,true,false,true
match-2ad3bf4c-4841,urzeitliche_kolosse,standard,1,6,4,3,2,9,4,5,false,false,false
match-beeb8d13-4842,rudeljaeger,standard,0,7,4,15,19,38,4,34,false,false,false
match-beeb8d13-4842,urzeitliche_kolosse,standard,1,8,5,9,8,22,5,17,true,false,false
match-10092242-4845,urzeitliche_kolosse,standard,1,6,4,10,6,20,4,16,true,false,true
match-1d6e60c7-4847,urzeitliche_kolosse,standard,1,6,3,4,4,11,3,8,false,false,false
match-1d6e60c7-4847,rudeljaeger,standard,0,7,4,13,15,32,4,28,true,false,false
match-7bf1547a-4848,urzeitliche_kolosse,standard,1,6,5,8,2,15,5,10,true,false,false
match-02a3e3bd-4851,rudeljaeger,standard,0,6,1,5,5,11,1,10,false,false,false
match-da74282d-4853,urzeitliche_kolosse,standard,1,6,3,4,4,11,3,8,false,false,false
match-e7d966b2-4855,rudeljaeger,standard,0,6,2,7,6,15,2,13,true,false,true
match-e7d966b2-4855,urzeitliche_kolosse,standard,1,6,3,9,8,20,3,17,false,false,false
match-bfa9ab23-4857,urzeitliche_kolosse,standard,1,6,4,7,6,17,4,13,false,false,false
match-bfa9ab23-4857,rudeljaeger,standard,0,13,4,12,9,25,4,21,true,true,true
match-53c198eb-4858,rudeljaeger,standard,0,6,2,9,9,20,2,18,false,false,false
match-53c198eb-4858,urzeitliche_kolosse,standard,1,6,4,13,12,29,4,25,true,false,false
match-38f71be1-4862,urzeitliche_kolosse,standard,1,6,5,11,8,24,5,19,true,false,false
match-38f71be1-4862,rudeljaeger,standard,0,8,3,8,13,24,3,21,false,false,false
match-10c74052-4864,rudeljaeger,standard,0,6,0,0,0,0,0,0,true,false,true
match-1e2c9ed7-4866,rudeljaeger,standard,0,6,2,6,6,14,2,12,false,false,false
match-1e2c9ed7-4866,urzeitliche_kolosse,standard,1,6,5,9,10,24,5,19,true,false,false
match-6f4a3405-4869,urzeitliche_kolosse,standard,1,6,4,7,4,15,4,11,true,true,true
match-036201cd-4870,urzeitliche_kolosse,standard,1,11,2,2,2,6,2,4,true,true,true
match-39b539f1-4877,rudeljaeger,standard,0,8,3,11,13,27,3,24,true,false,true
match-cdcd07b8-4878,urzeitliche_kolosse,standard,1,6,4,9,4,17,4,13,false,false,false
match-471a7876-4879,urzeitliche_kolosse,standard,1,6,3,10,8,21,3,18,true,false,false
match-1eeabce7-4881,urzeitliche_kolosse,standard,1,6,3,12,12,27,3,24,false,false,false
match-b3028aae-4882,rudeljaeger,standard,0,11,4,9,8,21,4,17,false,false,false
match-b3028aae-4882,urzeitliche_kolosse,standard,1,12,5,11,10,26,5,21,true,false,true
match-2c4ffb6c-4883,urzeitliche_kolosse,standard,1,6,3,3,0,6,3,3,true,false,false
match-16b850d2-4888,rudeljaeger,standard,0,8,4,13,15,32,4,28,false,false,false
match-16b850d2-4888,urzeitliche_kolosse,standard,1,9,3,11,12,26,3,23,true,true,true
match-9005a18f-4889,rudeljaeger,standard,0,6,1,2,0,3,1,2,false,false,false
match-9005a18f-4889,urzeitliche_kolosse,standard,1,6,4,7,8,19,4,15,true,false,false
match-9d6ae014-4891,urzeitliche_kolosse,standard,1,6,4,7,4,15,4,11,false,false,false
match-9d6ae014-4891,rudeljaeger,standard,0,9,5,24,22,51,5,46,true,false,true
match-0953124d-4894,rudeljaeger,standard,0,6,2,7,6,15,2,13,false,false,false
match-0953124d-4894,urzeitliche_kolosse,standard,1,7,1,4,6,11,1,10,true,false,true
match-82a0630a-4895,rudeljaeger,standard,0,6,1,5,5,11,1,10,false,false,false
match-5a70a77b-4897,urzeitliche_kolosse,standard,1,6,3,11,10,24,3,21,false,false,false
match-5a70a77b-4897,rudeljaeger,standard,0,8,3,7,10,20,3,17,true,false,false
match-ee889542-4898,urzeitliche_kolosse,standard,1,9,4,13,10,27,4,23,true,true,true
match-67d5e600-4899,rudeljaeger,standard,0,9,5,4,3,12,5,7,true,false,false
match-c658d9b3-4900,rudeljaeger,standard,0,6,1,3,2,6,1,5,true,true,true
match-3fa62a71-4901,urzeitliche_kolosse,standard,1,6,3,9,8,20,3,17,true,false,true
match-4d0b68f6-4903,rudeljaeger,standard,0,6,2,0,0,2,2,0,true,false,true
match-24dbad67-4905,rudeljaeger,standard,0,6,1,2,2,5,1,4,true,false,false
match-17766ee2-4911,urzeitliche_kolosse,standard,1,9,4,6,6,16,4,12,false,false,false
match-17766ee2-4911,rudeljaeger,standard,0,11,5,16,21,42,5,37,true,false,true
match-75f94295-4912,urzeitliche_kolosse,standard,1,6,3,7,6,16,3,13,false,false,false
match-fcabf1d7-4915,urzeitliche_kolosse,standard,1,6,3,15,12,30,3,27,true,false,false
match-40644881-4920,urzeitliche_kolosse,standard,1,6,5,7,4,16,5,11,false,false,false
match-40644881-4920,rudeljaeger,standard,0,7,4,16,21,41,4,37,true,false,true
match-b9b1b93e-4921,rudeljaeger,standard,0,9,5,21,18,44,5,39,false,false,false
match-b9b1b93e-4921,urzeitliche_kolosse,standard,1,13,3,11,12,26,3,23,true,false,true
match-2599cb77-4924,rudeljaeger,standard,0,6,2,8,8,18,2,16,false,false,false
match-2599cb77-4924,urzeitliche_kolosse,standard,1,6,5,13,12,30,5,25,true,false,false
match-32ff09fc-4926,urzeitliche_kolosse,standard,1,6,3,3,0,6,3,3,false,false,false
match-ac4c7ab9-4927,rudeljaeger,standard,0,6,1,4,4,9,1,8,true,false,true
match-ac4c7ab9-4927,urzeitliche_kolosse,standard,1,6,3,12,14,29,3,26,false,false,false
match-0acf4e6d-4928,urzeitliche_kolosse,standard,1,6,5,5,4,14,5,9,true,false,true
match-18348cf2-4930,urzeitliche_kolosse,standard,1,6,2,5,4,11,2,9,false,false,false
match-18348cf2-4930,rudeljaeger,standard,0,9,5,17,15,37,5,32,true,true,true
match-9181fdaf-4931,rudeljaeger,standard,0,6,2,6,4,12,2,10,false,false,false
match-9181fdaf-4931,urzeitliche_kolosse,standard,1,6,2,6,8,16,2,14,true,false,true
match-f004d162-4932,urzeitliche_kolosse,standard,1,6,5,3,2,10,5,5,true,false,false
match-f004d162-4932,rudeljaeger,standard,0,7,5,12,14,31,5,26,false,false,false
match-69522220-4933,rudeljaeger,standard,0,6,3,7,8,18,3,15,false,false,false
match-69522220-4933,urzeitliche_kolosse,standard,1,6,4,4,6,14,4,10,true,false,false
match-fd6a0fe7-4934,rudeljaeger,standard,0,6,3,12,11,26,3,23,false,false,false
match-76b760a5-4935,rudeljaeger,standard,0,6,2,8,8,18,2,16,false,false,false
match-4e87a516-4937,rudeljaeger,standard,0,8,5,15,11,31,5,26,true,false,true
match-5bece39b-4939,urzeitliche_kolosse,standard,1,6,2,7,6,15,2,13,true,false,true
match-ba6fd74e-4940,rudeljaeger,standard,0,6,2,6,3,11,2,9,false,false,false
match-ba6fd74e-4940,urzeitliche_kolosse,standard,1,6,4,4,6,14,4,10,true,false,false
match-33bd280c-4941,rudeljaeger,standard,0,6,2,8,8,18,2,16,true,true,true
match-41226691-4943,urzeitliche_kolosse,standard,1,6,4,8,6,18,4,14,true,false,false
match-9fa55a44-4944,urzeitliche_kolosse,standard,1,6,4,15,8,27,4,23,true,false,true
match-18f2ab02-4945,rudeljaeger,standard,0,6,3,12,11,26,3,23,true,false,false
match-18f2ab02-4945,urzeitliche_kolosse,standard,1,6,3,11,12,26,3,23,false,false,false
match-ad0a98c9-4946,rudeljaeger,standard,0,6,3,0,0,3,3,0,false,false,false
match-de2ade7d-4948,urzeitliche_kolosse,standard,1,6,3,15,12,30,3,27,true,true,true
match-57782f3b-4949,urzeitliche_kolosse,standard,1,6,3,7,4,14,3,11,false,false,false
match-64dd6dc0-4951,rudeljaeger,standard,0,6,2,8,7,17,2,15,false,false,false
match-64dd6dc0-4951,urzeitliche_kolosse,standard,1,10,3,5,4,12,3,9,true,false,false
match-c3604173-4952,urzeitliche_kolosse,standard,1,9,3,3,2,8,3,5,false,false,false
match-c3604173-4952,rudeljaeger,standard,0,9,4,21,19,44,4,40,true,false,false
match-3cadb231-4953,rudeljaeger,standard,0,6,2,8,8,18,2,16,false,false,false
match-3cadb231-4953,urzeitliche_kolosse,standard,1,6,4,8,10,22,4,18,true,false,false
match-d0c59ff8-4954,rudeljaeger,standard,0,6,4,0,0,4,4,0,false,false,false
match-4a12f0b6-4955,rudeljaeger,standard,0,6,3,12,11,26,3,23,true,false,false
match-2f4873ac-4959,urzeitliche_kolosse,standard,1,6,5,7,6,18,5,13,false,false,false
match-2f4873ac-4959,rudeljaeger,standard,0,7,4,16,21,41,4,37,true,false,false
match-8dcb475f-4960,rudeljaeger,standard,0,6,2,6,6,14,2,12,true,false,false
match-8dcb475f-4960,urzeitliche_kolosse,standard,1,7,1,4,6,11,1,10,false,false,false
match-9b3085e4-4962,rudeljaeger,standard,0,6,1,4,4,9,1,8,false,false,false
match-147df6a2-4963,rudeljaeger,standard,0,6,3,10,7,20,3,17,true,false,false
match-147df6a2-4963,urzeitliche_kolosse,standard,1,6,4,8,10,22,4,18,false,false,false
match-58364d4b-4968,rudeljaeger,standard,0,6,2,6,5,13,2,11,true,false,true
match-3d6bd041-4972,rudeljaeger,standard,0,6,2,7,8,17,2,15,true,false,false
match-3d6bd041-4972,urzeitliche_kolosse,standard,1,6,4,4,6,14,4,10,false,false,false
match-c41e7f83-4975,rudeljaeger,standard,0,7,4,10,11,25,4,21,false,false,false
match-8e89656f-4983,urzeitliche_kolosse,standard,1,6,2,3,0,5,2,3,true,false,false
match-ed0c5922-4984,rudeljaeger,standard,0,6,2,7,8,17,2,15,false,false,false
match-ed0c5922-4984,urzeitliche_kolosse,standard,1,6,4,8,10,22,4,18,true,false,false
match-fa7197a7-4986,rudeljaeger,standard,0,6,3,10,8,21,3,18,false,false,false
match-fa7197a7-4986,urzeitliche_kolosse,standard,1,6,5,12,10,27,5,22,true,false,false
match-58f46b5b-4991,rudeljaeger,standard,0,6,3,10,8,21,3,18,true,false,false
match-b7775f0e-4992,rudeljaeger,standard,0,7,3,9,7,19,3,16,true,false,false
match-c4dc9d93-4994,urzeitliche_kolosse,standard,1,9,4,2,2,8,4,4,false,false,false
match-c4dc9d93-4994,rudeljaeger,standard,0,9,3,15,18,36,3,33,true,true,true
match-3e29ee51-4995,rudeljaeger,standard,0,8,1,3,2,6,1,5,true,true,true
match-9cacc204-4996,rudeljaeger,standard,0,9,3,17,15,35,3,32,false,false,false
match-9cacc204-4996,urzeitliche_kolosse,standard,1,12,5,7,8,20,5,15,false,false,false
match-aa120089-4998,rudeljaeger,standard,0,6,2,6,6,14,2,12,true,false,true
match-235f7147-4999,urzeitliche_kolosse,standard,1,7,2,5,4,11,2,9,true,false,false
match-91c8fc8d-5002,urzeitliche_kolosse,standard,1,9,5,4,4,13,5,8,true,false,false
match-9f2e3b12-5004,solidaritaet_ueberleben,standard,0,6,4,16,15,35,4,31,true,false,false
match-9f2e3b12-5004,urzeitliche_kolosse,standard,1,12,5,10,13,28,5,23,false,false,false
match-25e0ca55-5005,urzeitliche_kolosse,standard,1,6,2,7,6,15,2,13,false,false,false
match-ac937997-5006,urzeitliche_kolosse,standard,1,6,3,7,10,20,3,17,true,false,false
match-ac937997-5006,solidaritaet_ueberleben,standard,0,6,2,8,10,20,2,18,false,false,false
match-334608da-5007,urzeitliche_kolosse,standard,1,6,3,7,6,16,3,13,true,false,true
match-4ecea3f4-5008,urzeitliche_kolosse,standard,1,6,1,3,4,8,1,7,false,false,false
match-4ecea3f4-5008,solidaritaet_ueberleben,standard,0,6,4,15,16,35,4,31,true,false,false
match-d5815336-5009,urzeitliche_kolosse,standard,1,10,5,18,25,48,5,43,false,false,false
match-5c33e279-5010,urzeitliche_kolosse,standard,1,9,5,15,15,35,5,30,false,false,false
match-e2e691bb-5011,urzeitliche_kolosse,standard,1,7,3,15,17,35,3,32,true,false,false
match-e2e691bb-5011,solidaritaet_ueberleben,standard,0,10,5,14,14,33,5,28,false,false,false
match-699920fe-5012,solidaritaet_ueberleben,standard,0,6,3,9,10,22,3,19,true,false,false
match-699920fe-5012,urzeitliche_kolosse,standard,1,10,2,3,6,11,2,9,false,false,false
match-76404173-5017,urzeitliche_kolosse,standard,1,6,2,6,8,16,2,14,false,false,false
match-fcf2f0b5-5018,urzeitliche_kolosse,standard,1,6,4,11,13,28,4,24,true,false,false
match-fcf2f0b5-5018,solidaritaet_ueberleben,standard,0,6,3,10,12,25,3,22,false,false,false
match-0a582f3b-5020,urzeitliche_kolosse,standard,1,6,2,6,10,18,2,16,false,false,false
match-0a582f3b-5020,solidaritaet_ueberleben,standard,0,9,4,15,21,40,4,36,true,false,false
match-910ade7d-5021,urzeitliche_kolosse,standard,1,6,3,11,10,24,3,21,true,false,false
match-9e701d02-5023,urzeitliche_kolosse,standard,1,6,2,3,6,11,2,9,true,false,true
match-9e701d02-5023,solidaritaet_ueberleben,standard,0,7,4,15,15,34,4,30,false,false,false
match-b9f8b81c-5024,urzeitliche_kolosse,standard,1,9,3,5,4,12,3,9,true,true,true
match-40ab475f-5025,solidaritaet_ueberleben,standard,0,6,3,10,8,21,3,18,false,false,false
match-40ab475f-5025,urzeitliche_kolosse,standard,1,10,4,9,9,22,4,18,true,true,true
match-c75df6a1-5026,urzeitliche_kolosse,standard,1,6,3,11,10,24,3,21,true,true,true
match-4e1085e4-5027,urzeitliche_kolosse,standard,1,6,3,10,11,24,3,21,true,false,false
match-4e1085e4-5027,solidaritaet_ueberleben,standard,0,6,4,4,6,14,4,10,false,false,false
match-d4c33526-5028,solidaritaet_ueberleben,standard,0,6,5,2,1,8,5,3,false,false,false
match-5b75c469-5029,urzeitliche_kolosse,standard,1,6,1,4,4,9,1,8,false,false,false
match-5b75c469-5029,solidaritaet_ueberleben,standard,0,6,4,4,6,14,4,10,true,false,false
match-e22873ab-5030,solidaritaet_ueberleben,standard,0,6,4,4,4,12,4,8,false,false,false
match-68db02ee-5031,urzeitliche_kolosse,standard,1,6,2,7,8,17,2,15,true,true,true
match-ae0fb5b7-5032,solidaritaet_ueberleben,standard,0,6,4,11,10,25,4,21,false,false,false
match-34c244fa-5033,urzeitliche_kolosse,standard,1,6,3,11,12,26,3,23,false,false,false
match-34c244fa-5033,solidaritaet_ueberleben,standard,0,6,3,8,9,20,3,17,true,false,false
match-bb74f43c-5034,urzeitliche_kolosse,standard,1,6,4,11,14,29,4,25,true,false,false
match-bb74f43c-5034,solidaritaet_ueberleben,standard,0,6,2,8,10,20,2,18,false,false,false
match-4227837f-5035,urzeitliche_kolosse,standard,1,6,2,8,8,18,2,16,false,false,false
match-4227837f-5035,solidaritaet_ueberleben,standard,0,6,4,4,6,14,4,10,true,false,false
match-4f8cc204-5037,urzeitliche_kolosse,standard,1,6,2,5,8,15,2,13,false,false,false
match-4f8cc204-5037,solidaritaet_ueberleben,standard,0,6,3,12,13,28,3,25,true,false,false
match-d63f7146-5038,urzeitliche_kolosse,standard,1,6,1,4,4,9,1,8,false,false,false
match-d63f7146-5038,solidaritaet_ueberleben,standard,0,6,3,11,14,28,3,25,true,false,false
match-5cf20089-5039,urzeitliche_kolosse,standard,1,6,2,6,8,16,2,14,true,false,true
match-5cf20089-5039,solidaritaet_ueberleben,standard,0,6,3,11,14,28,3,25,false,false,false
match-ff2d4ae5-5041,solidaritaet_ueberleben,standard,0,9,2,11,12,25,2,23,true,false,true
match-85dffa28-5042,solidaritaet_ueberleben,standard,0,6,2,5,3,10,2,8,true,false,true
match-0c92896b-5043,urzeitliche_kolosse,standard,1,6,3,7,14,24,3,21,false,false,false
match-0c92896b-5043,solidaritaet_ueberleben,standard,0,9,2,8,7,17,2,15,true,false,false
match-934538ad-5044,urzeitliche_kolosse,standard,1,6,3,10,11,24,3,21,false,false,false
match-19f7c7f0-5045,urzeitliche_kolosse,standard,1,6,0,0,0,0,0,0,true,true,true
match-a0aa7732-5046,solidaritaet_ueberleben,standard,0,7,3,8,7,18,3,15,false,false,false
match-a0aa7732-5046,urzeitliche_kolosse,standard,1,9,5,19,21,45,5,40,true,false,false
match-275d0675-5047,solidaritaet_ueberleben,standard,0,6,3,11,12,26,3,23,false,false,false
match-269ee865-5050,urzeitliche_kolosse,standard,1,6,2,3,4,9,2,7,true,false,false
match-269ee865-5050,solidaritaet_ueberleben,standard,0,8,5,20,19,44,5,39,false,false,false
match-340426ea-5052,urzeitliche_kolosse,standard,1,6,2,2,3,7,2,5,false,false,false
match-340426ea-5052,solidaritaet_ueberleben,standard,0,6,5,17,16,38,5,33,true,false,false
match-4169656f-5054,urzeitliche_kolosse,standard,1,6,3,10,10,23,3,20,false,false,false
match-4169656f-5054,solidaritaet_ueberleben,standard,0,6,3,9,10,22,3,19,true,false,true
match-e3a4afcb-5056,urzeitliche_kolosse,standard,1,6,2,5,4,11,2,9,false,false,false
match-e3a4afcb-5056,solidaritaet_ueberleben,standard,0,9,4,3,2,9,4,5,true,true,true
match-6a575f0e-5057,urzeitliche_kolosse,standard,1,6,3,5,9,17,3,14,true,true,true
match-f109ee50-5058,urzeitliche_kolosse,standard,1,6,2,8,10,20,2,18,false,false,false
match-77bc9d93-5059,urzeitliche_kolosse,standard,1,6,1,4,4,9,1,8,true,false,false
match-fe6f2cd5-5060,urzeitliche_kolosse,standard,1,9,5,10,8,23,5,18,false,false,false
match-8521dc18-5061,urzeitliche_kolosse,standard,1,6,1,4,4,9,1,8,true,true,true
match-d7bbad66-5064,urzeitliche_kolosse,standard,1,6,2,5,4,11,2,9,false,false,false
match-5e6e5ca9-5065,solidaritaet_ueberleben,standard,0,6,5,14,7,26,5,21,true,false,false
match-e520ebeb-5066,solidaritaet_ueberleben,standard,0,8,4,4,4,12,4,8,true,true,true
match-6bd39b2e-5067,urzeitliche_kolosse,standard,1,6,1,3,5,9,1,8,false,false,false
match-6bd39b2e-5067,solidaritaet_ueberleben,standard,0,6,3,13,15,31,3,28,true,false,false
match-f2862a70-5068,solidaritaet_ueberleben,standard,0,7,3,12,11,26,3,23,true,false,false
match-f2862a70-5068,urzeitliche_kolosse,standard,1,14,3,8,8,19,3,16,false,false,false
match-ffeb68f5-5070,urzeitliche_kolosse,standard,1,6,1,4,4,9,1,8,false,false,false
match-ffeb68f5-5070,solidaritaet_ueberleben,standard,0,6,4,16,17,37,4,33,true,false,false
match-28d94295-5073,urzeitliche_kolosse,standard,1,6,3,7,10,20,3,17,true,false,false
match-28d94295-5073,solidaritaet_ueberleben,standard,0,6,4,4,6,14,4,10,false,false,false
match-af8bf1d7-5074,solidaritaet_ueberleben,standard,0,6,4,14,14,32,4,28,true,false,false
match-af8bf1d7-5074,urzeitliche_kolosse,standard,1,8,5,20,21,46,5,41,false,false,false
match-bcf1305c-5076,urzeitliche_kolosse,standard,1,6,1,3,5,9,1,8,false,false,false
match-bcf1305c-5076,solidaritaet_ueberleben,standard,0,8,4,3,4,11,4,7,true,false,true
match-43a3df9f-5077,urzeitliche_kolosse,standard,1,8,4,12,18,34,4,30,true,false,false
match-43a3df9f-5077,solidaritaet_ueberleben,standard,0,12,4,5,5,14,4,10,false,false,false
match-ca566ee1-5078,solidaritaet_ueberleben,standard,0,6,3,12,13,28,3,25,true,false,false
match-51091e24-5079,solidaritaet_ueberleben,standard,0,7,2,7,6,15,2,13,false,false,false
match-42e5a18f-5080,solidaritaet_ueberleben,standard,0,6,3,12,11,26,3,23,true,false,true
match-c99850d1-5081,urzeitliche_kolosse,standard,1,6,3,9,14,26,3,23,true,false,false
match-504ae014-5082,solidaritaet_ueberleben,standard,0,9,3,13,14,30,3,27,false,false,false
match-d6fd8f56-5083,urzeitliche_kolosse,standard,1,10,4,14,18,36,4,32,true,true,true
match-5db03e99-5084,urzeitliche_kolosse,standard,1,6,4,0,0,4,4,0,true,false,false
match-e462cddb-5085,solidaritaet_ueberleben,standard,0,6,4,13,9,26,4,22,false,false,false
match-e462cddb-5085,urzeitliche_kolosse,standard,1,12,4,7,6,17,4,13,true,true,true
match-6b157d1e-5086,urzeitliche_kolosse,standard,1,6,1,3,4,8,1,7,true,false,false
match-6b157d1e-5086,solidaritaet_ueberleben,standard,0,6,3,12,13,28,3,25,false,false,false
match-f1c80c60-5087,solidaritaet_ueberleben,standard,0,6,5,3,2,10,5,5,true,false,false
match-0d50a77b-5088,urzeitliche_kolosse,standard,1,6,2,6,8,16,2,14,true,false,true
match-1ab5e600-5090,urzeitliche_kolosse,standard,1,6,3,4,4,11,3,8,false,false,false
match-a1689542-5091,urzeitliche_kolosse,standard,1,6,4,7,6,17,4,13,false,false,false
match-a1689542-5091,solidaritaet_ueberleben,standard,0,11,4,16,19,39,4,35,true,false,false
match-281b2485-5092,solidaritaet_ueberleben,standard,0,6,3,10,9,22,3,19,false,false,false
match-281b2485-5092,urzeitliche_kolosse,standard,1,13,4,10,14,28,4,24,true,false,true
match-aecdd3c7-5093,urzeitliche_kolosse,standard,1,6,2,5,7,14,2,12,false,false,false
match-aecdd3c7-5093,solidaritaet_ueberleben,standard,0,8,5,4,7,16,5,11,true,true,true
match-3580630a-5094,urzeitliche_kolosse,standard,1,6,4,13,14,31,4,27,false,false,false
match-3580630a-5094,solidaritaet_ueberleben,standard,0,6,2,8,10,20,2,18,true,false,false
match-bc33124c-5095,solidaritaet_ueberleben,standard,0,6,2,7,8,17,2,15,false,false,false
match-bc33124c-5095,urzeitliche_kolosse,standard,1,10,3,0,0,3,3,0,true,true,true
match-0167a516-5096,urzeitliche_kolosse,standard,1,6,2,5,4,11,2,9,false,false,false
match-0167a516-5096,solidaritaet_ueberleben,standard,0,7,3,12,14,29,3,26,true,true,true
match-881a5458-5097,urzeitliche_kolosse,standard,1,6,2,4,2,8,2,6,true,false,false
match-881a5458-5097,solidaritaet_ueberleben,standard,0,6,5,9,11,25,5,20,false,false,false
match-957f92dd-5099,urzeitliche_kolosse,standard,1,6,2,5,4,11,2,9,true,false,true
match-1c322220-5100,urzeitliche_kolosse,standard,1,6,3,8,8,19,3,16,true,false,false
match-a2e4d162-5101,urzeitliche_kolosse,standard,1,6,2,5,4,11,2,9,true,false,false
match-a2e4d162-5101,solidaritaet_ueberleben,standard,0,9,4,0,0,4,4,0,false,false,false
match-b04a0fe7-5103,solidaritaet_ueberleben,standard,0,7,4,13,11,28,4,24,true,false,false
match-b04a0fe7-5103,urzeitliche_kolosse,standard,1,8,4,10,13,27,4,23,false,false,false
match-52855a44-5105,urzeitliche_kolosse,standard,1,6,1,3,5,9,1,8,false,false,false
match-52855a44-5105,solidaritaet_ueberleben,standard,0,6,3,13,15,31,3,28,true,false,false
match-d937e986-5106,urzeitliche_kolosse,standard,1,6,2,8,8,18,2,16,false,false,false
match-5fea98c9-5107,urzeitliche_kolosse,standard,1,6,1,3,5,9,1,8,false,false,false
match-5fea98c9-5107,solidaritaet_ueberleben,standard,0,6,3,12,14,29,3,26,true,false,false
match-e69d280b-5108,solidaritaet_ueberleben,standard,0,11,2,5,5,12,2,10,true,true,true
match-7ab515d3-5111,urzeitliche_kolosse,standard,1,6,4,6,9,19,4,15,true,false,false
match-6c91b93e-5112,solidaritaet_ueberleben,standard,0,6,4,13,14,31,4,27,true,false,false
match-6c91b93e-5112,urzeitliche_kolosse,standard,1,8,5,16,22,43,5,38,false,false,false
match-f3444880-5113,solidaritaet_ueberleben,standard,0,6,3,10,12,25,3,22,false,false,false
match-79f6f7c3-5114,solidaritaet_ueberleben,standard,0,6,5,4,4,13,5,8,true,false,true
match-00a98706-5115,solidaritaet_ueberleben,standard,0,6,3,10,10,23,3,20,true,true,true
match-875c3648-5116,solidaritaet_ueberleben,standard,0,8,4,17,15,36,4,32,true,false,false
match-875c3648-5116,urzeitliche_kolosse,standard,1,11,5,12,16,33,5,28,false,false,false
match-0e0ec58b-5117,solidaritaet_ueberleben,standard,0,6,3,9,6,18,3,15,true,false,false
match-1b740410-5119,solidaritaet_ueberleben,standard,0,6,3,9,9,21,3,18,false,false,false
match-36fcbf2a-5120,urzeitliche_kolosse,standard,1,6,3,9,10,22,3,19,false,false,false
match-36fcbf2a-5120,solidaritaet_ueberleben,standard,0,8,4,13,18,35,4,31,true,true,true
match-bdaf4e6c-5121,solidaritaet_ueberleben,standard,0,7,3,11,10,24,3,21,false,false,false
match-4461fdaf-5122,urzeitliche_kolosse,standard,1,6,1,1,3,5,1,4,false,false,false
match-4461fdaf-5122,solidaritaet_ueberleben,standard,0,6,4,13,12,29,4,25,true,false,false
match-cb148cf1-5123,solidaritaet_ueberleben,standard,0,6,2,5,6,13,2,11,false,false,false
match-cb148cf1-5123,urzeitliche_kolosse,standard,1,9,4,7,6,17,4,13,true,true,true
match-d879cb76-5125,urzeitliche_kolosse,standard,1,6,3,5,2,10,3,7,false,false,false
match-5f2c7ab9-5126,urzeitliche_kolosse,standard,1,10,5,7,6,18,5,13,false,false,false
match-5f2c7ab9-5126,solidaritaet_ueberleben,standard,0,12,5,16,17,38,5,33,true,true,true
match-ddb3bf4b-5128,urzeitliche_kolosse,standard,1,6,3,8,13,24,3,21,false,false,false
match-64664e8e-5129,solidaritaet_ueberleben,standard,0,7,2,9,9,20,2,18,false,false,false
match-64664e8e-5129,urzeitliche_kolosse,standard,1,15,5,12,15,32,5,27,true,true,true
match-eb18fdd0-5130,solidaritaet_ueberleben,standard,0,6,2,7,6,15,2,13,true,true,true
match-71cb8d13-5131,solidaritaet_ueberleben,standard,0,6,3,10,8,21,3,18,false,false,false
match-71cb8d13-5131,urzeitliche_kolosse,standard,1,12,4,0,0,4,4,0,true,true,true
match-f87e3c55-5132,solidaritaet_ueberleben,standard,0,6,4,14,14,32,4,28,true,false,true
match-7f30cb98-5133,solidaritaet_ueberleben,standard,0,7,3,3,2,8,3,5,false,false,false
match-7f30cb98-5133,urzeitliche_kolosse,standard,1,7,4,16,20,40,4,36,true,false,true
match-05e37adb-5134,urzeitliche_kolosse,standard,1,6,5,11,13,29,5,24,false,false,false
match-05e37adb-5134,solidaritaet_ueberleben,standard,0,9,4,12,13,29,4,25,true,true,true
match-8c960a1d-5135,urzeitliche_kolosse,standard,1,6,3,9,14,26,3,23,true,false,false
match-8c960a1d-5135,solidaritaet_ueberleben,standard,0,6,3,4,6,13,3,10,false,false,false
match-a81ea537-5136,urzeitliche_kolosse,standard,1,6,3,6,4,13,3,10,true,false,false
match-a81ea537-5136,solidaritaet_ueberleben,standard,0,14,5,14,13,32,5,27,false,false,false
match-3c3692ff-5139,urzeitliche_kolosse,standard,1,6,3,7,6,16,3,13,true,false,false
match-3c3692ff-5139,solidaritaet_ueberleben,standard,0,6,3,11,14,28,3,25,false,false,false
match-cf9042b6-5145,urzeitliche_kolosse,standard,1,6,2,5,6,13,2,11,true,false,false
match-cf9042b6-5145,solidaritaet_ueberleben,standard,0,11,4,0,0,4,4,0,false,false,false
match-5642f1f9-5146,urzeitliche_kolosse,standard,1,6,3,11,13,27,3,24,true,true,true
match-63a8307e-5148,urzeitliche_kolosse,standard,1,6,4,7,10,21,4,17,true,true,true
match-ea5adfc0-5149,solidaritaet_ueberleben,standard,0,6,2,7,6,15,2,13,true,false,false
match-710d6f03-5150,urzeitliche_kolosse,standard,1,6,2,6,4,12,2,10,true,false,false
match-f7c01e45-5151,solidaritaet_ueberleben,standard,0,6,3,9,8,20,3,17,true,false,true
match-99fb48a2-5153,urzeitliche_kolosse,standard,1,6,5,13,15,33,5,28,true,true,true
match-20adf7e5-5154,urzeitliche_kolosse,standard,1,7,4,8,6,18,4,14,true,false,true
match-a7608727-5155,solidaritaet_ueberleben,standard,0,7,5,16,13,34,5,29,true,false,false
match-a7608727-5155,urzeitliche_kolosse,standard,1,9,5,16,25,46,5,41,false,false,false
match-b4c5c5ac-5157,urzeitliche_kolosse,standard,1,6,3,8,10,21,3,18,false,false,false
match-c22b0431-5159,urzeitliche_kolosse,standard,1,6,2,6,8,16,2,14,false,false,false
match-8e12463d-5161,solidaritaet_ueberleben,standard,0,6,4,14,12,30,4,26,true,false,false
match-14c4f580-5162,solidaritaet_ueberleben,standard,0,6,4,14,13,31,4,27,true,false,false
match-9b7784c2-5163,urzeitliche_kolosse,standard,1,6,3,4,7,14,3,11,false,false,false
match-9b7784c2-5163,solidaritaet_ueberleben,standard,0,6,3,11,12,26,3,23,true,false,false
match-222a3405-5164,solidaritaet_ueberleben,standard,0,7,2,0,0,2,2,0,false,false,false
match-a8dcc347-5165,urzeitliche_kolosse,standard,1,6,2,5,4,11,2,9,false,false,false
match-a8dcc347-5165,solidaritaet_ueberleben,standard,0,10,5,16,15,36,5,31,true,false,false
match-b64201cc-5167,urzeitliche_kolosse,standard,1,6,3,8,14,25,3,22,true,false,false
match-d1cabce6-5168,solidaritaet_ueberleben,standard,0,6,4,13,12,29,4,25,false,false,false
match-d1cabce6-5168,urzeitliche_kolosse,standard,1,7,4,17,19,40,4,36,true,false,true
match-587d4c29-5169,urzeitliche_kolosse,standard,1,6,3,7,10,20,3,17,true,false,false
match-587d4c29-5169,solidaritaet_ueberleben,standard,0,6,4,9,11,24,4,20,false,false,false
match-df2ffb6b-5170,solidaritaet_ueberleben,standard,0,6,5,19,17,41,5,36,true,false,false
match-ec9539f0-5172,urzeitliche_kolosse,standard,1,6,3,10,11,24,3,21,false,false,false
match-7347c933-5173,solidaritaet_ueberleben,standard,0,6,4,7,8,19,4,15,true,false,false
match-f9fa7875-5174,solidaritaet_ueberleben,standard,0,6,3,7,5,15,3,12,false,false,false
match-80ad07b8-5175,urzeitliche_kolosse,standard,1,6,1,4,4,9,1,8,true,false,false
match-7289ab23-5176,solidaritaet_ueberleben,standard,0,6,3,13,13,29,3,26,true,false,false
match-f93c5a65-5177,solidaritaet_ueberleben,standard,0,6,4,14,12,30,4,26,false,false,false
match-f93c5a65-5177,urzeitliche_kolosse,standard,1,9,4,5,5,14,4,10,true,true,true
match-06a198eb-5179,solidaritaet_ueberleben,standard,0,6,3,13,13,29,3,26,true,false,false
match-8d54282d-5180,solidaritaet_ueberleben,standard,0,6,3,11,10,24,3,21,false,false,false
match-8d54282d-5180,urzeitliche_kolosse,standard,1,9,4,9,13,26,4,22,true,false,false
match-1406d770-5181,urzeitliche_kolosse,standard,1,6,2,8,8,18,2,16,true,false,true
match-1406d770-5181,solidaritaet_ueberleben,standard,0,6,4,4,6,14,4,10,false,false,false
match-9ab966b2-5182,urzeitliche_kolosse,standard,1,6,4,16,20,40,4,36,false,false,false
match-216c15f5-5183,solidaritaet_ueberleben,standard,0,6,3,8,5,16,3,13,true,true,true
match-c3a74051-5185,urzeitliche_kolosse,standard,1,6,1,3,2,6,1,5,false,false,false
match-c3a74051-5185,solidaritaet_ueberleben,standard,0,6,4,13,12,29,4,25,true,false,false
match-4a59ef94-5186,solidaritaet_ueberleben,standard,0,6,5,3,1,9,5,4,false,false,false
match-d10c9ed6-5187,urzeitliche_kolosse,standard,1,6,1,4,4,9,1,8,false,false,false
match-d10c9ed6-5187,solidaritaet_ueberleben,standard,0,6,3,10,11,24,3,21,true,false,false
match-de71dd5b-5189,urzeitliche_kolosse,standard,1,6,2,6,4,12,2,10,true,false,false
match-de71dd5b-5189,solidaritaet_ueberleben,standard,0,6,4,14,17,35,4,31,false,false,false
match-65246c9e-5190,urzeitliche_kolosse,standard,1,6,3,9,15,27,3,24,false,false,false
match-65246c9e-5190,solidaritaet_ueberleben,standard,0,6,3,7,8,18,3,15,true,false,false
match-b7be5dec-5193,urzeitliche_kolosse,standard,1,6,2,3,6,11,2,9,false,false,false
match-b7be5dec-5193,solidaritaet_ueberleben,standard,0,6,3,13,15,31,3,28,false,false,false
match-c5239c71-5195,urzeitliche_kolosse,standard,1,6,2,4,6,12,2,10,false,false,false
match-4bd62bb4-5196,solidaritaet_ueberleben,standard,0,7,1,0,0,1,1,0,false,false,false
match-593b6a39-5198,solidaritaet_ueberleben,standard,0,6,2,7,6,15,2,13,true,false,false
match-fb76b495-5200,urzeitliche_kolosse,standard,1,6,3,10,11,24,3,21,true,false,false
match-fb76b495-5200,solidaritaet_ueberleben,standard,0,6,3,11,14,28,3,25,false,false,false
match-822943d8-5201,solidaritaet_ueberleben,standard,0,6,3,12,11,26,3,23,false,false,false
match-08dbf31b-5202,urzeitliche_kolosse,standard,1,6,2,6,8,16,2,14,true,false,false
match-08dbf31b-5202,solidaritaet_ueberleben,standard,0,6,3,4,6,13,3,10,false,false,false
match-8f8e825d-5203,solidaritaet_ueberleben,standard,0,6,3,13,13,29,3,26,false,false,false
match-8f8e825d-5203,urzeitliche_kolosse,standard,1,8,5,0,0,5,5,0,true,false,false
match-164131a0-5204,solidaritaet_ueberleben,standard,0,6,4,13,11,28,4,24,true,false,false
match-164131a0-5204,urzeitliche_kolosse,standard,1,7,5,15,20,40,5,35,false,false,false
match-9cf3c0e2-5205,solidaritaet_ueberleben,standard,0,6,3,12,11,26,3,23,false,false,false
match-9cf3c0e2-5205,urzeitliche_kolosse,standard,1,9,5,7,6,18,5,13,true,true,true
match-23a67025-5206,urzeitliche_kolosse,standard,1,6,4,12,17,33,4,29,true,false,false
match-23a67025-5206,solidaritaet_ueberleben,standard,0,6,4,14,14,32,4,28,false,false,false
match-aa591f67-5207,solidaritaet_ueberleben,standard,0,6,3,10,9,22,3,19,false,false,false
match-aa591f67-5207,urzeitliche_kolosse,standard,1,7,5,15,23,43,5,38,true,false,true
match-9c35a2d2-5208,solidaritaet_ueberleben,standard,0,7,3,12,11,26,3,23,false,false,false
match-a99ae157-5210,urzeitliche_kolosse,standard,1,6,4,7,11,22,4,18,false,false,false
match-a99ae157-5210,solidaritaet_ueberleben,standard,0,6,2,6,7,15,2,13,true,false,false
match-b7003fdc-5212,urzeitliche_kolosse,standard,1,6,1,4,4,9,1,8,false,false,false
match-3db2cf1f-5213,solidaritaet_ueberleben,standard,0,7,3,10,10,23,3,20,false,false,false
match-3db2cf1f-5213,urzeitliche_kolosse,standard,1,13,5,15,21,41,5,36,true,false,false
match-c4657e61-5214,urzeitliche_kolosse,standard,1,6,3,7,12,22,3,19,false,false,false
match-66a0a8be-5216,solidaritaet_ueberleben,standard,0,8,3,10,12,25,3,22,true,false,false
match-66a0a8be-5216,urzeitliche_kolosse,standard,1,9,5,2,4,11,5,6,false,false,false
match-ed535800-5217,solidaritaet_ueberleben,standard,0,6,3,8,7,18,3,15,false,false,false
match-7405e743-5218,urzeitliche_kolosse,standard,1,10,4,2,2,8,4,4,true,true,true
match-816b25c8-5220,urzeitliche_kolosse,standard,1,8,4,12,13,29,4,25,true,false,false
match-081dd50b-5221,urzeitliche_kolosse,standard,1,7,4,18,21,43,4,39,true,false,true
match-8ed0644d-5222,solidaritaet_ueberleben,standard,0,8,5,20,18,43,5,38,true,false,true
match-15831390-5223,urzeitliche_kolosse,standard,1,7,3,11,14,28,3,25,true,true,true
match-e16a559b-5225,urzeitliche_kolosse,standard,1,6,3,8,10,21,3,18,true,false,false
match-681ce4de-5226,urzeitliche_kolosse,standard,1,6,4,4,4,12,4,8,false,false,false
match-681ce4de-5226,solidaritaet_ueberleben,standard,0,6,4,14,16,34,4,30,true,false,false
match-75822363-5228,urzeitliche_kolosse,standard,1,6,4,10,12,26,4,22,true,false,false
match-75822363-5228,solidaritaet_ueberleben,standard,0,6,3,4,6,13,3,10,false,false,false
match-fc34d2a5-5229,solidaritaet_ueberleben,standard,0,6,5,16,12,33,5,28,false,false,false
match-82e761e8-5230,urzeitliche_kolosse,standard,1,6,2,5,9,16,2,14,true,false,false
match-82e761e8-5230,solidaritaet_ueberleben,standard,0,6,3,11,12,26,3,23,false,false,false
match-2522ac45-5232,urzeitliche_kolosse,standard,1,6,3,10,11,24,3,21,false,false,false
match-2522ac45-5232,solidaritaet_ueberleben,standard,0,6,3,11,12,26,3,23,true,false,true
match-abd55b87-5233,urzeitliche_kolosse,standard,1,6,1,3,4,8,1,7,false,false,false
match-abd55b87-5233,solidaritaet_ueberleben,standard,0,6,3,11,12,26,3,23,true,false,false
match-3287eaca-5234,urzeitliche_kolosse,standard,1,6,4,10,8,22,4,18,true,false,false
match-3fed294f-5236,urzeitliche_kolosse,standard,1,8,3,10,11,24,3,21,true,false,true
match-4d5267d4-5238,solidaritaet_ueberleben,standard,0,7,2,6,4,12,2,10,true,false,false
match-4d5267d4-5238,urzeitliche_kolosse,standard,1,8,4,13,18,35,4,31,false,false,false
match-d4051716-5239,solidaritaet_ueberleben,standard,0,8,3,7,11,21,3,18,false,false,false
match-c5e1ba81-5240,solidaritaet_ueberleben,standard,0,6,4,16,15,35,4,31,false,false,false
match-59f98849-5243,solidaritaet_ueberleben,standard,0,6,3,3,4,10,3,7,true,false,false
match-59f98849-5243,urzeitliche_kolosse,standard,1,7,5,0,0,5,5,0,false,false,false
match-e0ac378b-5244,solidaritaet_ueberleben,standard,0,6,3,11,9,23,3,20,false,false,false
match-675ec6ce-5245,urzeitliche_kolosse,standard,1,6,2,7,6,15,2,13,true,false,true
match-ee117610-5246,urzeitliche_kolosse,standard,1,6,3,10,10,23,3,20,false,false,false
match-ee117610-5246,solidaritaet_ueberleben,standard,0,10,5,21,22,48,5,43,true,false,false
match-74c40553-5247,urzeitliche_kolosse,standard,1,6,2,6,4,12,2,10,false,false,false
match-74c40553-5247,solidaritaet_ueberleben,standard,0,6,3,11,14,28,3,25,true,false,false
match-904ca06d-5248,solidaritaet_ueberleben,standard,0,6,4,14,14,32,4,28,true,true,true
match-16ff4fb0-5249,solidaritaet_ueberleben,standard,0,6,2,10,9,21,2,19,true,true,true
match-9db1fef2-5250,urzeitliche_kolosse,standard,1,6,4,9,12,25,4,21,true,false,true
match-31c9ccba-5253,solidaritaet_ueberleben,standard,0,12,4,17,16,37,4,33,true,false,true
match-b87c7bfc-5254,urzeitliche_kolosse,standard,1,7,5,19,18,42,5,37,true,false,true
match-58764ac4-5257,urzeitliche_kolosse,standard,1,6,2,5,9,16,2,14,true,false,false
match-58764ac4-5257,solidaritaet_ueberleben,standard,0,9,3,12,14,29,3,26,false,false,false
match-df28fa06-5258,urzeitliche_kolosse,standard,1,6,3,9,11,23,3,20,false,false,false
match-df28fa06-5258,solidaritaet_ueberleben,standard,0,6,3,12,14,29,3,26,true,false,false
match-65db8949-5259,solidaritaet_ueberleben,standard,0,11,3,14,12,29,3,26,false,false,false
match-80a60653-5263,solidaritaet_ueberleben,standard,0,6,3,11,9,23,3,20,true,false,false
match-9c2ea16d-5264,solidaritaet_ueberleben,standard,0,7,3,11,9,23,3,20,true,false,false
match-9c2ea16d-5264,urzeitliche_kolosse,standard,1,11,5,8,9,22,5,17,false,false,false
match-22e150b0-5265,urzeitliche_kolosse,standard,1,6,2,5,4,11,2,9,false,false,false
match-22e150b0-5265,solidaritaet_ueberleben,standard,0,6,4,15,15,34,4,30,false,false,false
match-30468f35-5267,urzeitliche_kolosse,standard,1,6,1,1,3,5,1,4,false,false,false
match-30468f35-5267,solidaritaet_ueberleben,standard,0,6,5,15,12,32,5,27,true,false,false
match-b6f93e77-5268,urzeitliche_kolosse,standard,1,6,1,4,4,9,1,8,false,false,false
match-3dabcdba-5269,urzeitliche_kolosse,standard,1,6,1,3,5,9,1,8,false,false,false
match-3dabcdba-5269,solidaritaet_ueberleben,standard,0,7,3,11,12,26,3,23,true,false,false
match-c45e7cfc-5270,urzeitliche_kolosse,standard,1,6,3,11,13,27,3,24,false,false,false
match-3cedafaa-5272,solidaritaet_ueberleben,standard,0,6,4,3,2,9,4,5,true,false,false
match-c3a05eec-5273,urzeitliche_kolosse,standard,1,6,2,6,8,16,2,14,true,false,false
match-c3a05eec-5273,solidaritaet_ueberleben,standard,0,6,5,4,6,15,5,10,false,false,false
match-4a52ee2f-5274,urzeitliche_kolosse,standard,1,6,1,4,4,9,1,8,false,false,false
match-4a52ee2f-5274,solidaritaet_ueberleben,standard,0,9,3,5,5,13,3,10,true,true,true
match-d1059d71-5275,solidaritaet_ueberleben,standard,0,6,3,3,4,10,3,7,false,false,false
match-d1059d71-5275,urzeitliche_kolosse,standard,1,10,4,11,13,28,4,24,true,true,true
match-57b82cb4-5276,solidaritaet_ueberleben,standard,0,6,3,3,4,10,3,7,false,false,false
match-57b82cb4-5276,urzeitliche_kolosse,standard,1,8,4,13,15,32,4,28,true,false,true
match-ebd01a7b-5279,urzeitliche_kolosse,standard,1,6,3,0,0,3,3,0,false,false,false
match-ebd01a7b-5279,solidaritaet_ueberleben,standard,0,6,3,12,14,29,3,26,true,false,false
match-0758b596-5280,solidaritaet_ueberleben,standard,0,9,2,12,8,22,2,20,false,false,false
match-8e0b44d8-5281,urzeitliche_kolosse,standard,1,6,4,4,5,13,4,9,true,false,false
match-8e0b44d8-5281,solidaritaet_ueberleben,standard,0,6,4,14,13,31,4,27,false,false,false
match-14bdf41b-5282,urzeitliche_kolosse,standard,1,6,2,7,8,17,2,15,true,false,true
match-9b70835d-5283,solidaritaet_ueberleben,standard,0,6,2,6,3,11,2,9,false,false,false
match-222332a0-5284,urzeitliche_kolosse,standard,1,6,2,6,8,16,2,14,true,false,false
match-a8d5c1e2-5285,urzeitliche_kolosse,standard,1,6,2,8,10,20,2,18,true,false,false
match-a8d5c1e2-5285,solidaritaet_ueberleben,standard,0,10,4,6,4,14,4,10,false,false,false
match-2f887125-5286,urzeitliche_kolosse,standard,1,6,5,13,12,30,5,25,false,false,false
match-b63b0067-5287,urzeitliche_kolosse,standard,1,10,5,11,12,28,5,23,true,true,true
match-fb6fb330-5288,solidaritaet_ueberleben,standard,0,6,4,13,11,28,4,24,true,false,false
match-82224273-5289,urzeitliche_kolosse,standard,1,10,3,11,12,26,3,23,true,false,false
match-82224273-5289,solidaritaet_ueberleben,standard,0,12,4,13,14,31,4,27,false,false,false
match-08d4f1b6-5290,solidaritaet_ueberleben,standard,0,8,4,19,13,36,4,32,false,false,false
match-08d4f1b6-5290,urzeitliche_kolosse,standard,1,13,5,0,0,5,5,0,true,false,true
match-163a303b-5292,urzeitliche_kolosse,standard,1,6,1,3,5,9,1,8,false,false,false
match-163a303b-5292,solidaritaet_ueberleben,standard,0,12,4,7,5,16,4,12,true,false,false
match-9cecdf7d-5293,solidaritaet_ueberleben,standard,0,6,4,8,8,20,4,16,false,false,false
match-aa521e02-5295,urzeitliche_kolosse,standard,1,6,3,7,6,16,3,13,true,false,false
match-c5dab91c-5296,solidaritaet_ueberleben,standard,0,6,5,2,1,8,5,3,true,false,false
match-d33ff7a1-5298,urzeitliche_kolosse,standard,1,6,3,3,4,10,3,7,false,false,false
match-59f286e4-5299,solidaritaet_ueberleben,standard,0,6,3,13,13,29,3,26,true,true,true
match-e0a53626-5300,urzeitliche_kolosse,standard,1,6,2,3,6,11,2,9,false,false,false
match-ee0a74ab-5302,solidaritaet_ueberleben,standard,0,6,2,6,6,14,2,12,false,false,false
match-ee0a74ab-5302,urzeitliche_kolosse,standard,1,7,4,16,20,40,4,36,true,false,false
match-74bd03ee-5303,solidaritaet_ueberleben,standard,0,6,5,15,10,30,5,25,true,false,true
match-6699a759-5304,solidaritaet_ueberleben,standard,0,9,3,17,13,33,3,30,true,true,true
match-ed4c569b-5305,solidaritaet_ueberleben,standard,0,6,4,3,4,11,4,7,false,false,false
match-73fee5de-5306,solidaritaet_ueberleben,standard,0,6,3,12,13,28,3,25,true,false,false
match-fab19520-5307,urzeitliche_kolosse,standard,1,6,3,4,5,12,3,9,false,false,false
match-0816d3a6-5309,urzeitliche_kolosse,standard,1,6,3,4,4,11,3,8,false,false,false
match-157c122b-5311,urzeitliche_kolosse,standard,1,6,3,8,8,19,3,16,true,false,true
match-157c122b-5311,solidaritaet_ueberleben,standard,0,6,4,11,9,24,4,20,false,false,false
match-3104ad45-5312,solidaritaet_ueberleben,standard,0,6,3,11,12,26,3,23,false,false,false
match-3104ad45-5312,urzeitliche_kolosse,standard,1,10,3,4,4,11,3,8,true,true,true
match-b7b75c87-5313,urzeitliche_kolosse,standard,1,6,2,5,4,11,2,9,true,false,false
match-b7b75c87-5313,solidaritaet_ueberleben,standard,0,6,5,4,6,15,5,10,false,false,false
match-3e69ebca-5314,urzeitliche_kolosse,standard,1,6,3,9,11,23,3,20,false,false,false
match-3e69ebca-5314,solidaritaet_ueberleben,standard,0,6,3,10,12,25,3,22,true,false,false
match-4bcf2a4f-5316,urzeitliche_kolosse,standard,1,6,2,6,6,14,2,12,false,false,false
match-4bcf2a4f-5316,solidaritaet_ueberleben,standard,0,10,3,9,9,21,3,18,true,false,false
match-d281d991-5317,solidaritaet_ueberleben,standard,0,6,3,7,6,16,3,13,false,false,false
match-abce5a22-5321,solidaritaet_ueberleben,standard,0,6,3,11,12,26,3,23,true,true,true
match-3280e965-5322,urzeitliche_kolosse,standard,1,8,5,19,25,49,5,44,true,true,true
match-b93398a7-5323,urzeitliche_kolosse,standard,1,7,3,11,14,28,3,25,true,false,false
match-3fe627ea-5324,solidaritaet_ueberleben,standard,0,6,5,18,17,40,5,35,true,false,true
match-c698d72c-5325,urzeitliche_kolosse,standard,1,6,2,4,4,10,2,8,false,false,false
match-4d4b666f-5326,urzeitliche_kolosse,standard,1,6,2,5,9,16,2,14,true,true,true
match-ef86b0cb-5328,urzeitliche_kolosse,standard,1,7,3,16,18,37,3,34,true,true,true
match-7639400e-5329,urzeitliche_kolosse,standard,1,6,1,2,0,3,1,2,false,false,false
match-fcebef50-5330,urzeitliche_kolosse,standard,1,6,3,3,2,8,3,5,false,false,false
match-fcebef50-5330,solidaritaet_ueberleben,standard,0,6,4,14,16,34,4,30,true,false,false
match-839e9e93-5331,solidaritaet_ueberleben,standard,0,8,3,14,16,33,3,30,false,false,false
match-0a512dd6-5332,urzeitliche_kolosse,standard,1,6,3,8,14,25,3,22,true,false,true
match-17b66c5b-5334,urzeitliche_kolosse,standard,1,6,3,0,0,3,3,0,true,false,true
match-9e691b9d-5335,urzeitliche_kolosse,standard,1,6,2,6,10,18,2,16,true,false,true
match-9045bf08-5336,solidaritaet_ueberleben,standard,0,6,4,7,6,17,4,13,true,false,true
match-16f84e4b-5337,urzeitliche_kolosse,standard,1,6,2,5,4,11,2,9,false,false,false
match-245d8cd0-5339,solidaritaet_ueberleben,standard,0,12,4,11,11,26,4,22,false,false,false
match-245d8cd0-5339,urzeitliche_kolosse,standard,1,13,4,13,14,31,4,27,false,false,false
match-31c2cb55-5341,solidaritaet_ueberleben,standard,0,6,2,9,9,20,2,18,true,false,false
match-31c2cb55-5341,urzeitliche_kolosse,standard,1,7,4,15,17,36,4,32,false,false,false
match-b8757a97-5342,urzeitliche_kolosse,standard,1,6,1,4,4,9,1,8,false,false,false
match-b8757a97-5342,solidaritaet_ueberleben,standard,0,7,3,12,15,30,3,27,true,false,false
match-3f2809da-5343,urzeitliche_kolosse,standard,1,6,1,3,5,9,1,8,true,false,false
match-3f2809da-5343,solidaritaet_ueberleben,standard,0,6,3,12,13,28,3,25,false,false,false
match-5ab0a4f4-5344,solidaritaet_ueberleben,standard,0,8,2,9,8,19,2,17,false,false,false
match-5ab0a4f4-5344,urzeitliche_kolosse,standard,1,13,5,14,15,34,5,29,false,false,false
match-6815e379-5346,solidaritaet_ueberleben,standard,0,9,3,12,9,24,3,21,false,false,false
match-eec892bb-5347,urzeitliche_kolosse,standard,1,6,2,5,9,16,2,14,false,false,false
match-eec892bb-5347,solidaritaet_ueberleben,standard,0,6,3,11,14,28,3,25,true,false,true
match-fc2dd140-5349,solidaritaet_ueberleben,standard,0,12,4,7,5,16,4,12,false,false,false
match-82e06083-5350,urzeitliche_kolosse,standard,1,6,1,4,4,9,1,8,false,false,false
match-82e06083-5350,solidaritaet_ueberleben,standard,0,9,3,6,4,13,3,10,true,false,true
match-4ec7a28f-5352,urzeitliche_kolosse,standard,1,6,3,8,8,19,3,16,true,false,false
match-4ec7a28f-5352,solidaritaet_ueberleben,standard,0,8,4,11,14,29,4,25,false,false,false
match-d57a51d1-5353,solidaritaet_ueberleben,standard,0,6,4,13,11,28,4,24,false,false,false
match-5c2ce114-5354,urzeitliche_kolosse,standard,1,6,2,8,8,18,2,16,true,false,false
match-69923f99-5356,urzeitliche_kolosse,standard,1,6,3,7,12,22,3,19,false,false,false
match-69923f99-5356,solidaritaet_ueberleben,standard,0,6,4,16,17,37,4,33,true,false,false
match-f044cedb-5357,solidaritaet_ueberleben,standard,0,6,4,15,15,34,4,30,false,false,false
match-76f77e1e-5358,urzeitliche_kolosse,standard,1,6,2,7,6,15,2,13,false,false,false
match-76f77e1e-5358,solidaritaet_ueberleben,standard,0,6,5,9,11,25,5,20,true,false,false
match-fdaa0d60-5359,urzeitliche_kolosse,standard,1,6,3,5,5,13,3,10,true,false,false
match-fdaa0d60-5359,solidaritaet_ueberleben,standard,0,6,3,10,11,24,3,21,false,false,false
match-1932a87b-5360,solidaritaet_ueberleben,standard,0,8,4,17,13,34,4,30,true,false,false
match-1932a87b-5360,urzeitliche_kolosse,standard,1,10,4,0,0,4,4,0,false,false,false
match-9fe557bd-5361,urzeitliche_kolosse,standard,1,6,2,5,7,14,2,12,true,false,true
match-2697e700-5362,solidaritaet_ueberleben,standard,0,10,5,0,0,5,5,0,false,false,false
match-ad4a9642-5363,urzeitliche_kolosse,standard,1,6,1,4,4,9,1,8,true,false,false
match-4162640a-5366,solidaritaet_ueberleben,standard,0,6,2,9,9,20,2,18,true,false,false
match-c815134c-5367,solidaritaet_ueberleben,standard,0,11,3,0,0,3,3,0,false,false,false
match-c815134c-5367,urzeitliche_kolosse,standard,1,12,3,10,15,28,3,25,true,true,true
match-b9f1b6b7-5368,solidaritaet_ueberleben,standard,0,6,4,2,0,6,4,2,true,false,false
match-c756f53c-5370,urzeitliche_kolosse,standard,1,6,4,10,11,25,4,21,true,false,false
match-d4bc33c1-5372,urzeitliche_kolosse,standard,1,6,2,5,4,11,2,9,true,false,false
match-d4bc33c1-5372,solidaritaet_ueberleben,standard,0,6,4,12,10,26,4,22,false,false,false
match-68d40189-5375,solidaritaet_ueberleben,standard,0,6,3,11,12,26,3,23,true,true,true
match-845cbca3-5376,solidaritaet_ueberleben,standard,0,6,4,15,15,34,4,30,true,false,false
match-91c1fb28-5378,solidaritaet_ueberleben,standard,0,6,3,11,12,26,3,23,true,false,false
match-18748a6b-5379,urzeitliche_kolosse,standard,1,6,4,10,17,31,4,27,true,false,true
match-9f2739ad-5380,urzeitliche_kolosse,standard,1,6,3,8,8,19,3,16,true,false,true
match-333f0775-5383,urzeitliche_kolosse,standard,1,7,4,15,18,37,4,33,false,false,false
match-333f0775-5383,solidaritaet_ueberleben,standard,0,8,4,15,19,38,4,34,true,false,false
match-2b13bcc5-5384,solidaritaet_ueberleben,standard,0,6,3,13,13,29,3,26,true,true,true
match-b1c64c07-5385,urzeitliche_kolosse,standard,1,6,3,4,5,12,3,9,true,true,true
match-3878fb4a-5386,solidaritaet_ueberleben,standard,0,7,3,10,10,23,3,20,false,false,false
match-bf2b8a8c-5387,urzeitliche_kolosse,standard,1,7,5,20,23,48,5,43,false,false,false
match-bf2b8a8c-5387,solidaritaet_ueberleben,standard,0,8,5,11,14,30,5,25,true,false,false
match-45de39cf-5388,urzeitliche_kolosse,standard,1,6,2,5,6,13,2,11,true,false,false
match-d9f60796-5391,solidaritaet_ueberleben,standard,0,9,2,5,4,11,2,9,false,false,false
match-d9f60796-5391,urzeitliche_kolosse,standard,1,11,5,3,2,10,5,5,true,true,true
match-7c3151f3-5393,urzeitliche_kolosse,standard,1,6,3,6,8,17,3,14,true,false,false
match-7c3151f3-5393,solidaritaet_ueberleben,standard,0,9,3,13,16,32,3,29,false,false,false
match-02e3e136-5394,urzeitliche_kolosse,standard,1,6,1,3,5,9,1,8,true,false,true
match-89969078-5395,solidaritaet_ueberleben,standard,0,8,4,16,12,32,4,28,true,false,false
match-10493fbb-5396,urzeitliche_kolosse,standard,1,6,3,0,0,3,3,0,false,false,false
match-10493fbb-5396,solidaritaet_ueberleben,standard,0,6,4,14,15,33,4,29,true,false,false
match-96fbcefd-5397,solidaritaet_ueberleben,standard,0,6,3,11,12,26,3,23,false,false,false
match-96fbcefd-5397,urzeitliche_kolosse,standard,1,7,5,17,20,42,5,37,true,false,false
match-a4610d82-5399,urzeitliche_kolosse,standard,1,6,2,5,6,13,2,11,true,false,false
match-963db0ed-5400,urzeitliche_kolosse,standard,1,6,5,14,20,39,5,34,true,false,false
match-963db0ed-5400,solidaritaet_ueberleben,standard,0,7,3,11,12,26,3,23,false,false,false
match-a3a2ef72-5402,urzeitliche_kolosse,standard,1,6,2,5,7,14,2,12,false,false,false
match-a3a2ef72-5402,solidaritaet_ueberleben,standard,0,8,5,3,2,10,5,5,true,true,true
match-2a559eb5-5403,urzeitliche_kolosse,standard,1,6,3,4,7,14,3,11,false,false,false
match-2a559eb5-5403,solidaritaet_ueberleben,standard,0,6,4,14,17,35,4,31,true,false,false
match-b1082df7-5404,solidaritaet_ueberleben,standard,0,6,4,14,12,30,4,26,true,false,true
match-37badd3a-5405,solidaritaet_ueberleben,standard,0,6,2,8,8,18,2,16,false,false,false
match-37badd3a-5405,urzeitliche_kolosse,standard,1,12,4,8,8,20,4,16,true,false,true
match-be6d6c7c-5406,urzeitliche_kolosse,standard,1,6,4,10,11,25,4,21,false,false,false
match-be6d6c7c-5406,solidaritaet_ueberleben,standard,0,6,4,7,8,19,4,15,false,false,false
match-45201bbf-5407,urzeitliche_kolosse,standard,1,6,1,3,5,9,1,8,false,false,false
match-60a8b6d9-5408,urzeitliche_kolosse,standard,1,7,4,17,24,45,4,41,true,true,true
match-6e0df55e-5410,solidaritaet_ueberleben,standard,0,6,4,16,15,35,4,31,false,false,false
match-6e0df55e-5410,urzeitliche_kolosse,standard,1,7,3,13,16,32,3,29,true,false,false
match-f4c084a0-5411,urzeitliche_kolosse,standard,1,8,3,13,16,32,3,29,true,false,false
match-f4c084a0-5411,solidaritaet_ueberleben,standard,0,8,3,11,11,25,3,22,false,false,false
match-0225c326-5413,urzeitliche_kolosse,standard,1,6,4,6,5,15,4,11,true,true,true
match-88d87268-5414,solidaritaet_ueberleben,standard,0,6,4,12,9,25,4,21,true,false,false
match-88d87268-5414,urzeitliche_kolosse,standard,1,10,2,0,0,2,2,0,false,false,false
match-54bfb474-5416,urzeitliche_kolosse,standard,1,6,3,9,16,28,3,25,false,false,false
match-54bfb474-5416,solidaritaet_ueberleben,standard,0,6,2,9,11,22,2,20,true,false,false
match-6224f2f9-5418,urzeitliche_kolosse,standard,1,6,4,8,12,24,4,20,true,false,false
match-6224f2f9-5418,solidaritaet_ueberleben,standard,0,6,2,8,10,20,2,18,false,false,false
match-e8d7823b-5419,solidaritaet_ueberleben,standard,0,8,4,16,12,32,4,28,true,true,true
match-6f8a317e-5420,solidaritaet_ueberleben,standard,0,8,3,4,3,10,3,7,true,true,true
match-7cef7003-5422,urzeitliche_kolosse,standard,1,6,3,8,11,22,3,19,true,false,false
match-7cef7003-5422,solidaritaet_ueberleben,standard,0,7,3,10,10,23,3,20,false,false,false
match-03a21f46-5423,urzeitliche_kolosse,standard,1,6,1,3,5,9,1,8,true,false,true
match-1f2aba60-5424,solidaritaet_ueberleben,standard,0,6,4,13,12,29,4,25,false,false,false
match-1f2aba60-5424,urzeitliche_kolosse,standard,1,13,3,7,8,18,3,15,true,false,false
match-2c8ff8e5-5426,urzeitliche_kolosse,standard,1,6,3,6,8,17,3,14,true,false,false
match-2c8ff8e5-5426,solidaritaet_ueberleben,standard,0,6,5,16,12,33,5,28,false,false,false
match-b3428827-5427,urzeitliche_kolosse,standard,1,6,1,4,4,9,1,8,false,false,false
match-b3428827-5427,solidaritaet_ueberleben,standard,0,6,3,12,15,30,3,27,true,false,false
match-39f5376a-5428,solidaritaet_ueberleben,standard,0,6,3,14,13,30,3,27,true,false,true
match-c0a7c6ac-5429,solidaritaet_ueberleben,standard,0,10,5,3,1,9,5,4,true,false,true
match-475a75ef-5430,solidaritaet_ueberleben,standard,0,7,2,0,0,2,2,0,false,false,false
match-475a75ef-5430,urzeitliche_kolosse,standard,1,7,4,18,23,45,4,41,true,false,true
match-ce0d0531-5431,urzeitliche_kolosse,standard,1,6,4,10,11,25,4,21,true,false,false
match-bfe9a89c-5432,urzeitliche_kolosse,standard,1,6,3,5,11,19,3,16,true,false,false
match-bfe9a89c-5432,solidaritaet_ueberleben,standard,0,6,4,16,17,37,4,33,false,false,false
match-469c57df-5433,urzeitliche_kolosse,standard,1,6,2,3,4,9,2,7,false,false,false
match-cd4ee721-5434,urzeitliche_kolosse,standard,1,6,3,2,4,9,3,6,false,false,false
match-cd4ee721-5434,solidaritaet_ueberleben,standard,0,13,5,18,14,37,5,32,true,true,true
match-54019664-5435,urzeitliche_kolosse,standard,1,14,2,7,6,15,2,13,false,false,false
match-54019664-5435,solidaritaet_ueberleben,standard,0,15,2,8,9,19,2,17,false,false,false
match-dab425a6-5436,urzeitliche_kolosse,standard,1,7,3,15,18,36,3,33,true,false,false
match-dab425a6-5436,solidaritaet_ueberleben,standard,0,9,5,13,18,36,5,31,false,false,false
match-6166d4e9-5437,solidaritaet_ueberleben,standard,0,6,3,3,2,8,3,5,true,false,true
match-e819642b-5438,solidaritaet_ueberleben,standard,0,6,3,9,8,20,3,17,false,false,false
match-e819642b-5438,urzeitliche_kolosse,standard,1,7,4,14,18,36,4,32,true,false,false
match-6ecc136e-5439,solidaritaet_ueberleben,standard,0,6,4,7,8,19,4,15,true,false,false
match-97b9ed0d-5442,solidaritaet_ueberleben,standard,0,6,4,13,12,29,4,25,true,false,false
match-97b9ed0d-5442,urzeitliche_kolosse,standard,1,12,4,9,10,23,4,19,false,false,false
match-1e6c9c50-5443,solidaritaet_ueberleben,standard,0,8,4,17,18,39,4,35,false,false,false
match-1e6c9c50-5443,urzeitliche_kolosse,standard,1,9,5,3,2,10,5,5,true,false,false
match-a51f2b92-5444,solidaritaet_ueberleben,standard,0,9,3,15,16,34,3,31,false,false,false
match-2bd1dad5-5445,urzeitliche_kolosse,standard,1,10,3,7,9,19,3,16,true,false,true
match-b2846a17-5446,urzeitliche_kolosse,standard,1,6,3,12,13,28,3,25,false,false,false
match-3937195a-5447,solidaritaet_ueberleben,standard,0,6,5,15,10,30,5,25,true,false,true
match-7e6bac23-5448,solidaritaet_ueberleben,standard,0,6,4,15,13,32,4,28,true,false,false
match-051e5b66-5449,solidaritaet_ueberleben,standard,0,9,2,12,8,22,2,20,false,false,false
match-051e5b66-5449,urzeitliche_kolosse,standard,1,14,5,2,5,12,5,7,true,true,true
match-8bd0eaa8-5450,solidaritaet_ueberleben,standard,0,6,3,11,12,26,3,23,false,false,false
match-8bd0eaa8-5450,urzeitliche_kolosse,standard,1,10,4,5,5,14,4,10,true,false,true
match-128399eb-5451,urzeitliche_kolosse,standard,1,6,2,6,4,12,2,10,true,false,false
match-9936292d-5452,urzeitliche_kolosse,standard,1,6,2,6,10,18,2,16,false,false,false
match-9936292d-5452,solidaritaet_ueberleben,standard,0,6,2,8,10,20,2,18,true,false,false
match-1fe8d870-5453,urzeitliche_kolosse,standard,1,9,4,10,10,24,4,20,false,false,false
match-2d4e16f5-5455,urzeitliche_kolosse,standard,1,6,4,11,11,26,4,22,true,false,false
match-2d4e16f5-5455,solidaritaet_ueberleben,standard,0,6,3,7,7,17,3,14,false,false,false
match-48d6b20f-5456,urzeitliche_kolosse,standard,1,6,3,9,8,20,3,17,true,false,true
match-48d6b20f-5456,solidaritaet_ueberleben,standard,0,6,3,4,6,13,3,10,false,false,false
match-cf894151-5457,urzeitliche_kolosse,standard,1,6,2,7,8,17,2,15,false,false,false
match-dcee9fd6-5459,urzeitliche_kolosse,standard,1,6,1,3,5,9,1,8,true,false,false
match-dcee9fd6-5459,solidaritaet_ueberleben,standard,0,8,4,14,19,37,4,33,false,false,false
match-63a12f19-5460,solidaritaet_ueberleben,standard,0,9,3,0,0,3,3,0,false,false,false
match-ea53de5b-5461,solidaritaet_ueberleben,standard,0,8,4,12,8,24,4,20,true,true,true
match-f7b91ce0-5463,urzeitliche_kolosse,standard,1,6,3,9,8,20,3,17,false,false,false
match-f7b91ce0-5463,solidaritaet_ueberleben,standard,0,7,5,7,8,20,5,15,true,false,false
match-e995a04b-5464,solidaritaet_ueberleben,standard,0,7,5,6,6,17,5,12,true,false,false
match-e995a04b-5464,urzeitliche_kolosse,standard,1,9,5,4,6,15,5,10,false,false,false
match-8b12cc98-5469,urzeitliche_kolosse,standard,1,6,2,4,7,13,2,11,false,false,false
match-98780b1d-5471,solidaritaet_ueberleben,standard,0,7,2,7,6,15,2,13,true,false,false
match-b400a637-5472,urzeitliche_kolosse,standard,1,8,4,17,23,44,4,40,false,false,false
match-b400a637-5472,solidaritaet_ueberleben,standard,0,10,5,12,13,30,5,25,true,false,false
match-c165e4bc-5474,urzeitliche_kolosse,standard,1,12,2,9,12,23,2,21,false,false,false
match-c165e4bc-5474,solidaritaet_ueberleben,standard,0,12,5,15,12,32,5,27,true,false,false
match-481893ff-5475,urzeitliche_kolosse,standard,1,6,5,12,12,29,5,24,false,false,false
match-481893ff-5475,solidaritaet_ueberleben,standard,0,8,5,8,4,17,5,12,true,true,true
match-cecb2341-5476,solidaritaet_ueberleben,standard,0,6,4,13,12,29,4,25,true,false,true
match-dc3061c6-5478,urzeitliche_kolosse,standard,1,11,5,10,14,29,5,24,true,false,true
match-62e31109-5479,urzeitliche_kolosse,standard,1,6,1,4,4,9,1,8,true,false,false
match-2eca5315-5481,urzeitliche_kolosse,standard,1,6,3,6,7,16,3,13,true,false,false
match-b57ce257-5482,solidaritaet_ueberleben,standard,0,6,2,8,9,19,2,17,true,false,false
match-b57ce257-5482,urzeitliche_kolosse,standard,1,7,4,14,17,35,4,31,false,false,false
match-3c2f919a-5483,urzeitliche_kolosse,standard,1,8,5,6,7,18,5,13,true,false,false
match-3c2f919a-5483,solidaritaet_ueberleben,standard,0,10,5,12,10,27,5,22,false,false,false
match-c2e220dc-5484,urzeitliche_kolosse,standard,1,6,3,0,0,3,3,0,false,false,false
match-c2e220dc-5484,solidaritaet_ueberleben,standard,0,6,5,16,16,37,5,32,true,false,false
match-d0477f61-5486,urzeitliche_kolosse,standard,1,6,2,5,4,11,2,9,true,false,false
match-56fa0ea4-5487,solidaritaet_ueberleben,standard,0,8,5,20,14,39,5,34,false,false,false
match-7282a9be-5488,urzeitliche_kolosse,standard,1,6,1,4,4,9,1,8,false,false,false
match-7282a9be-5488,solidaritaet_ueberleben,standard,0,8,5,4,4,13,5,8,true,true,true
match-f9355900-5489,urzeitliche_kolosse,standard,1,6,2,5,6,13,2,11,false,false,false
match-7fe7e843-5490,solidaritaet_ueberleben,standard,0,6,5,3,4,12,5,7,false,false,false
match-7fe7e843-5490,urzeitliche_kolosse,standard,1,10,5,23,27,55,5,50,true,false,false
match-069a9786-5491,urzeitliche_kolosse,standard,1,7,3,11,15,29,3,26,true,false,false
match-8d4d26c8-5492,urzeitliche_kolosse,standard,1,6,4,8,10,22,4,18,true,false,true
match-9ab2654d-5494,solidaritaet_ueberleben,standard,0,6,5,2,1,8,5,3,false,false,false
match-21651490-5495,urzeitliche_kolosse,standard,1,6,2,4,7,13,2,11,true,false,false
match-1341b7fb-5496,solidaritaet_ueberleben,standard,0,6,4,13,11,28,4,24,false,false,false
match-1341b7fb-5496,urzeitliche_kolosse,standard,1,9,4,18,21,43,4,39,true,false,false
match-99f4473d-5497,urzeitliche_kolosse,standard,1,8,3,13,13,29,3,26,true,true,true
match-20a6f680-5498,solidaritaet_ueberleben,standard,0,6,2,10,9,21,2,19,true,false,true
match-a75985c2-5499,solidaritaet_ueberleben,standard,0,6,4,13,11,28,4,24,true,false,false
match-49a90cf3-5501,urzeitliche_kolosse,standard,1,7,3,13,13,29,3,26,true,false,false
match-49a90cf3-5501,solidaritaet_ueberleben,standard,0,7,4,7,8,19,4,15,false,false,false
match-b5913f2b-5502,urzeitliche_kolosse,standard,1,6,5,20,25,50,5,45,false,false,false
match-b5913f2b-5502,solidaritaet_ueberleben,standard,0,7,4,12,13,29,4,25,true,false,false
match-3c43ce6e-5503,solidaritaet_ueberleben,standard,0,9,2,8,9,19,2,17,true,false,false
match-3c43ce6e-5503,urzeitliche_kolosse,standard,1,13,3,0,0,3,3,0,false,false,false
match-a82be0a6-5504,solidaritaet_ueberleben,standard,0,6,2,7,8,17,2,15,true,false,true
match-9ac6a221-5506,solidaritaet_ueberleben,standard,0,7,2,4,3,9,2,7,false,false,false
match-f88b77c4-5508,solidaritaet_ueberleben,standard,0,6,2,7,8,17,2,15,false,false,false
match-eb26393f-5510,solidaritaet_ueberleben,standard,0,10,4,0,0,4,4,0,false,false,false
match-ddc0faba-5512,urzeitliche_kolosse,standard,1,6,4,19,23,46,4,42,false,false,false
match-ddc0faba-5512,solidaritaet_ueberleben,standard,0,10,5,21,21,47,5,42,true,false,true
match-647389fd-5513,solidaritaet_ueberleben,standard,0,6,2,5,6,13,2,11,false,false,false
match-d05bbc35-5514,urzeitliche_kolosse,standard,1,6,4,14,18,36,4,32,true,false,false
match-570e4b78-5515,solidaritaet_ueberleben,standard,0,6,3,10,8,21,3,18,true,false,false
match-2e2071d9-5516,solidaritaet_ueberleben,standard,0,6,5,15,10,30,5,25,true,false,false
match-2e2071d9-5516,urzeitliche_kolosse,standard,1,10,5,19,22,46,5,41,false,false,false
match-b4d3011b-5517,urzeitliche_kolosse,standard,1,11,3,1,0,4,3,1,true,true,true
match-a76dc296-5519,urzeitliche_kolosse,standard,1,6,4,16,18,38,4,34,false,false,false
match-1355f4cf-5520,solidaritaet_ueberleben,standard,0,6,1,4,4,9,1,8,false,false,false
match-1355f4cf-5520,urzeitliche_kolosse,standard,1,6,3,9,12,24,3,21,true,false,false
match-9a088411-5521,solidaritaet_ueberleben,standard,0,10,4,12,12,28,4,24,true,true,true
match-05f0b64a-5522,urzeitliche_kolosse,standard,1,6,3,8,12,23,3,20,false,false,false
match-05f0b64a-5522,solidaritaet_ueberleben,standard,0,9,5,22,24,51,5,46,true,false,false
match-63b56bed-5524,urzeitliche_kolosse,standard,1,6,2,8,10,20,2,18,false,false,false
match-ea681b2f-5525,solidaritaet_ueberleben,standard,0,6,4,0,0,4,4,0,false,false,false
match-dd02dcaa-5527,urzeitliche_kolosse,standard,1,6,3,11,11,25,3,22,true,false,false
match-dd02dcaa-5527,solidaritaet_ueberleben,standard,0,7,5,6,6,17,5,12,false,false,false
match-48eaeee3-5528,solidaritaet_ueberleben,standard,0,6,4,0,0,4,4,0,false,false,false
match-cf9d9e25-5529,solidaritaet_ueberleben,standard,0,6,4,12,7,23,4,19,false,false,false
match-cf9d9e25-5529,urzeitliche_kolosse,standard,1,6,3,12,16,31,3,28,true,false,false
match-3b85b05e-5530,solidaritaet_ueberleben,standard,0,12,4,0,0,4,4,0,false,false,false
match-3b85b05e-5530,urzeitliche_kolosse,standard,1,13,3,7,8,18,3,15,true,true,true
match-c2385fa0-5531,urzeitliche_kolosse,standard,1,6,5,5,5,15,5,10,true,false,false
match-c2385fa0-5531,solidaritaet_ueberleben,standard,0,10,3,10,15,28,3,25,false,false,false
match-eca2755f-5532,solidaritaet_ueberleben,standard,0,6,3,10,7,20,3,17,false,false,false
match-eca2755f-5532,urzeitliche_kolosse,standard,1,13,5,11,13,29,5,24,true,false,false
match-735504a2-5533,urzeitliche_kolosse,standard,1,8,5,10,15,30,5,25,true,true,true
match-df3d36da-5534,solidaritaet_ueberleben,standard,0,6,4,12,10,26,4,22,true,false,false
match-65efc61d-5535,solidaritaet_ueberleben,standard,0,6,1,4,4,9,1,8,false,false,false
match-65efc61d-5535,urzeitliche_kolosse,standard,1,9,3,5,6,14,3,11,true,true,true
match-d1d7f855-5536,urzeitliche_kolosse,standard,1,7,3,7,6,16,3,13,true,false,false
match-d1d7f855-5536,solidaritaet_ueberleben,standard,0,8,4,0,0,4,4,0,false,false,false
match-a8ea1eb6-5541,solidaritaet_ueberleben,standard,0,8,4,12,5,21,4,17,false,false,false
match-fa07b3e4-5546,urzeitliche_kolosse,standard,1,6,3,11,11,25,3,22,true,false,false
match-80ba4327-5547,urzeitliche_kolosse,standard,1,6,3,11,13,27,3,24,false,false,false
match-57cc6988-5548,urzeitliche_kolosse,standard,1,6,5,17,15,37,5,32,true,false,false
match-4a672b03-5550,solidaritaet_ueberleben,standard,0,6,3,11,9,23,3,20,true,false,true
match-d119da45-5551,urzeitliche_kolosse,standard,1,11,4,17,18,39,4,35,true,true,true
match-3d01ec7e-5552,urzeitliche_kolosse,standard,1,6,3,9,9,21,3,18,true,false,false
match-c3b49bc0-5553,solidaritaet_ueberleben,standard,0,6,1,3,4,8,1,7,false,false,false
match-c3b49bc0-5553,urzeitliche_kolosse,standard,1,6,3,9,12,24,3,21,true,false,false
match-2f9cadf9-5554,urzeitliche_kolosse,standard,1,6,4,20,25,49,4,45,true,false,false
match-2f9cadf9-5554,solidaritaet_ueberleben,standard,0,8,3,12,17,32,3,29,false,false,false
match-b64f5d3b-5555,urzeitliche_kolosse,standard,1,6,5,16,19,40,5,35,true,false,false
match-8d61639c-5556,urzeitliche_kolosse,standard,1,7,3,8,10,21,3,18,true,false,false
match-8d61639c-5556,solidaritaet_ueberleben,standard,0,14,3,4,4,11,3,8,false,false,false
match-141412df-5557,solidaritaet_ueberleben,standard,0,6,3,8,5,16,3,13,true,false,true
match-7ffc2517-5558,solidaritaet_ueberleben,standard,0,7,3,13,13,29,3,26,false,false,false
match-06aed45a-5559,solidaritaet_ueberleben,standard,0,6,4,13,12,29,4,25,false,false,false
match-7296e692-5560,urzeitliche_kolosse,standard,1,6,3,14,15,32,3,29,true,false,true
match-f94995d4-5561,solidaritaet_ueberleben,standard,0,6,1,2,2,5,1,4,true,false,false
match-f94995d4-5561,urzeitliche_kolosse,standard,1,6,3,4,6,13,3,10,false,false,false
match-6531a80d-5562,solidaritaet_ueberleben,standard,0,6,1,5,5,11,1,10,true,false,false
match-6531a80d-5562,urzeitliche_kolosse,standard,1,6,4,12,14,30,4,26,false,false,false
match-ebe4574f-5563,urzeitliche_kolosse,standard,1,6,3,11,11,25,3,22,true,false,true
match-6f9e6e52-5564,solidaritaet_ueberleben,standard,0,7,2,9,8,19,2,17,true,true,true
match-f6511d94-5565,urzeitliche_kolosse,standard,1,6,5,11,11,27,5,22,true,false,false
match-f6511d94-5565,solidaritaet_ueberleben,standard,0,7,5,18,18,41,5,36,false,false,false
match-62392fcd-5566,urzeitliche_kolosse,standard,1,6,4,11,11,26,4,22,true,false,false
match-62392fcd-5566,solidaritaet_ueberleben,standard,0,8,4,12,18,34,4,30,false,false,false
match-e8ebdf0f-5567,solidaritaet_ueberleben,standard,0,8,2,9,9,20,2,18,false,false,false
match-54d3f148-5568,urzeitliche_kolosse,standard,1,8,4,18,19,41,4,37,true,false,true
match-476eb2c3-5570,solidaritaet_ueberleben,standard,0,6,3,12,11,26,3,23,false,false,false
match-476eb2c3-5570,urzeitliche_kolosse,standard,1,10,4,3,2,9,4,5,true,false,false
match-ce214205-5571,urzeitliche_kolosse,standard,1,6,3,12,13,28,3,25,false,false,false
match-ce214205-5571,solidaritaet_ueberleben,standard,0,7,4,15,19,38,4,34,true,false,false
match-a5336866-5572,solidaritaet_ueberleben,standard,0,6,2,8,8,18,2,16,false,false,false
match-a5336866-5572,urzeitliche_kolosse,standard,1,6,4,10,10,24,4,20,true,false,false
match-2be617a9-5573,urzeitliche_kolosse,standard,1,6,4,11,15,30,4,26,true,false,false
match-97ce29e1-5574,urzeitliche_kolosse,standard,1,6,2,6,6,14,2,12,true,false,false
match-1e80d924-5575,solidaritaet_ueberleben,standard,0,6,3,8,7,18,3,15,false,false,false
match-1e80d924-5575,urzeitliche_kolosse,standard,1,6,3,10,12,25,3,22,true,false,false
match-8a68eb5c-5576,urzeitliche_kolosse,standard,1,6,5,11,16,32,5,27,true,false,false
match-7d03acd7-5578,urzeitliche_kolosse,standard,1,6,4,15,19,38,4,34,true,false,true
match-03b65c1a-5579,solidaritaet_ueberleben,standard,0,6,2,7,9,18,2,16,true,false,false
match-03b65c1a-5579,urzeitliche_kolosse,standard,1,12,5,6,6,17,5,12,false,false,false
match-dac8627a-5580,solidaritaet_ueberleben,standard,0,6,4,12,10,26,4,22,true,false,false
match-cd6323f5-5582,solidaritaet_ueberleben,standard,0,6,1,4,4,9,1,8,true,false,false
match-cd6323f5-5582,urzeitliche_kolosse,standard,1,6,3,10,10,23,3,20,false,false,false
match-46b094b3-5585,urzeitliche_kolosse,standard,1,6,3,14,16,33,3,30,true,false,true
match-105d7c8f-5588,solidaritaet_ueberleben,standard,0,6,1,2,1,4,1,3,true,true,true
match-97100bd1-5589,solidaritaet_ueberleben,standard,0,6,3,9,8,20,3,17,false,false,false
match-97100bd1-5589,urzeitliche_kolosse,standard,1,6,4,12,16,32,4,28,true,false,true
match-02f83e0a-5590,urzeitliche_kolosse,standard,1,6,3,13,16,32,3,29,false,false,false
match-89aacd4c-5591,urzeitliche_kolosse,standard,1,6,3,15,17,35,3,32,false,false,false
match-7c458ec7-5593,solidaritaet_ueberleben,standard,0,6,1,3,4,8,1,7,true,false,false
match-6ee05042-5595,solidaritaet_ueberleben,standard,0,6,4,12,9,25,4,21,true,false,false
match-994a6601-5596,solidaritaet_ueberleben,standard,0,6,3,10,10,23,3,20,true,false,true
match-1ffd1544-5597,urzeitliche_kolosse,standard,1,7,5,18,18,41,5,36,true,false,false
match-1ffd1544-5597,solidaritaet_ueberleben,standard,0,9,5,19,22,46,5,41,false,false,false
match-8be5277c-5598,urzeitliche_kolosse,standard,1,6,3,12,13,28,3,25,false,false,false
match-8be5277c-5598,solidaritaet_ueberleben,standard,0,12,4,7,6,17,4,13,true,false,false
match-1297d6bf-5599,urzeitliche_kolosse,standard,1,6,3,15,17,35,3,32,true,false,false
match-7e7fe8f7-5600,urzeitliche_kolosse,standard,1,6,5,14,16,35,5,30,true,false,false
match-711aaa72-5602,solidaritaet_ueberleben,standard,0,6,2,8,8,18,2,16,true,false,false
match-711aaa72-5602,urzeitliche_kolosse,standard,1,13,4,6,6,16,4,12,false,false,false
match-cedf6015-5604,solidaritaet_ueberleben,standard,0,6,1,5,5,11,1,10,false,false,false
match-55920f58-5605,solidaritaet_ueberleben,standard,0,6,3,10,8,21,3,18,false,false,false
match-55920f58-5605,urzeitliche_kolosse,standard,1,6,4,10,14,28,4,24,false,false,false
match-c17a2190-5606,urzeitliche_kolosse,standard,1,6,3,13,13,29,3,26,true,false,false
match-c17a2190-5606,solidaritaet_ueberleben,standard,0,7,5,8,9,22,5,17,false,false,false
match-482cd0d3-5607,urzeitliche_kolosse,standard,1,6,3,12,14,29,3,26,false,false,false
match-b414e30b-5608,urzeitliche_kolosse,standard,1,6,3,11,13,27,3,24,true,false,false
match-b414e30b-5608,solidaritaet_ueberleben,standard,0,7,4,15,16,35,4,31,false,false,false
match-3ac7924e-5609,solidaritaet_ueberleben,standard,0,6,3,11,11,25,3,22,true,false,true
match-3ac7924e-5609,urzeitliche_kolosse,standard,1,6,4,4,6,14,4,10,false,false,false
match-a6afa486-5610,solidaritaet_ueberleben,standard,0,6,2,8,7,17,2,15,true,true,true
match-2d6253c9-5611,solidaritaet_ueberleben,standard,0,6,2,4,3,9,2,7,false,false,false
match-8b27096c-5613,urzeitliche_kolosse,standard,1,6,3,11,13,27,3,24,true,false,false
match-8b27096c-5613,solidaritaet_ueberleben,standard,0,9,3,4,4,11,3,8,false,false,false
match-f70f3ba4-5614,solidaritaet_ueberleben,standard,0,6,4,5,2,11,4,7,false,false,false
match-f70f3ba4-5614,urzeitliche_kolosse,standard,1,8,5,14,17,36,5,31,true,true,true
match-7dc1cae7-5615,urzeitliche_kolosse,standard,1,6,4,15,15,34,4,30,true,false,false
match-705c8c62-5617,urzeitliche_kolosse,standard,1,6,2,9,10,21,2,19,false,false,false
match-705c8c62-5617,solidaritaet_ueberleben,standard,0,10,2,3,2,7,2,5,true,true,true
match-dc44be9a-5618,solidaritaet_ueberleben,standard,0,6,2,6,4,12,2,10,true,false,true
match-dc44be9a-5618,urzeitliche_kolosse,standard,1,7,3,12,16,31,3,28,false,false,false
match-62f74ddd-5619,urzeitliche_kolosse,standard,1,6,3,13,15,31,3,28,false,false,false
match-62f74ddd-5619,solidaritaet_ueberleben,standard,0,10,3,11,12,26,3,23,true,false,false
match-c0bc0380-5621,solidaritaet_ueberleben,standard,0,6,2,5,3,10,2,8,false,false,false
match-c0bc0380-5621,urzeitliche_kolosse,standard,1,6,4,14,17,35,4,31,true,false,true
match-b356c4fb-5623,solidaritaet_ueberleben,standard,0,6,2,8,7,17,2,15,true,false,false
match-b356c4fb-5623,urzeitliche_kolosse,standard,1,8,5,14,18,37,5,32,false,false,false
match-11d9b8af-5626,solidaritaet_ueberleben,standard,0,6,2,8,9,19,2,17,false,false,false
match-11d9b8af-5626,urzeitliche_kolosse,standard,1,6,3,8,8,19,3,16,true,false,false
match-988c47f1-5627,solidaritaet_ueberleben,standard,0,6,2,7,8,17,2,15,false,false,false
match-988c47f1-5627,urzeitliche_kolosse,standard,1,6,3,10,14,27,3,24,true,false,false
match-1c467ef4-5628,urzeitliche_kolosse,standard,1,6,3,12,14,29,3,26,true,false,false
match-a2f90e36-5629,solidaritaet_ueberleben,standard,0,6,1,5,5,11,1,10,true,false,false
match-a2f90e36-5629,urzeitliche_kolosse,standard,1,6,3,8,12,23,3,20,false,false,false
match-0ee1206f-5630,solidaritaet_ueberleben,standard,0,6,1,3,2,6,1,5,false,false,false
match-9593cfb1-5631,urzeitliche_kolosse,standard,1,6,3,14,15,32,3,29,true,false,true
match-017be1ea-5632,urzeitliche_kolosse,standard,1,6,5,18,28,51,5,46,true,false,false
match-017be1ea-5632,solidaritaet_ueberleben,standard,0,9,5,3,1,9,5,4,false,false,false
match-882e912c-5633,solidaritaet_ueberleben,standard,0,6,2,5,4,11,2,9,true,false,false
match-f416a364-5634,solidaritaet_ueberleben,standard,0,7,3,12,11,26,3,23,true,false,true
match-7ac952a7-5635,solidaritaet_ueberleben,standard,0,6,3,10,8,21,3,18,true,false,false
match-7ac952a7-5635,urzeitliche_kolosse,standard,1,6,5,11,10,26,5,21,false,false,false
match-51db7908-5636,solidaritaet_ueberleben,standard,0,6,3,11,10,24,3,21,false,false,false
match-d88e084a-5637,solidaritaet_ueberleben,standard,0,6,3,9,6,18,3,15,false,false,false
match-d88e084a-5637,urzeitliche_kolosse,standard,1,8,5,14,19,38,5,33,true,false,true
match-44763a83-5638,solidaritaet_ueberleben,standard,0,6,2,0,0,2,2,0,false,false,false
match-44763a83-5638,urzeitliche_kolosse,standard,1,6,5,13,19,37,5,32,true,false,false
match-cb28c9c5-5639,solidaritaet_ueberleben,standard,0,6,2,7,6,15,2,13,false,false,false
match-cb28c9c5-5639,urzeitliche_kolosse,standard,1,6,3,7,12,22,3,19,true,false,false
match-3710fbfe-5640,solidaritaet_ueberleben,standard,0,10,4,3,2,9,4,5,false,false,false
match-3710fbfe-5640,urzeitliche_kolosse,standard,1,14,5,23,26,54,5,49,true,true,true
match-bdc38b40-5641,solidaritaet_ueberleben,standard,0,6,3,4,4,11,3,8,false,false,false
match-8770731c-5644,urzeitliche_kolosse,standard,1,6,3,12,17,32,3,29,true,false,false
match-8770731c-5644,solidaritaet_ueberleben,standard,0,8,5,17,18,40,5,35,false,false,false
match-0e23025f-5645,urzeitliche_kolosse,standard,1,7,3,11,11,25,3,22,false,false,false
match-0e23025f-5645,solidaritaet_ueberleben,standard,0,9,4,19,20,43,4,39,true,false,false
match-00bdc3da-5647,solidaritaet_ueberleben,standard,0,7,5,7,6,18,5,13,true,false,true
match-6ca5f612-5648,urzeitliche_kolosse,standard,1,6,2,8,10,20,2,18,true,false,false
match-f3588554-5649,urzeitliche_kolosse,standard,1,6,5,19,26,50,5,45,true,false,false
match-f3588554-5649,solidaritaet_ueberleben,standard,0,8,4,13,13,30,4,26,false,false,false
match-5f40b78d-5650,solidaritaet_ueberleben,standard,0,10,4,12,12,28,4,24,true,true,true
match-e5f346cf-5651,urzeitliche_kolosse,standard,1,7,4,15,21,40,4,36,false,false,false
match-bd056d30-5652,solidaritaet_ueberleben,standard,0,10,3,13,14,30,3,27,true,false,false
match-bd056d30-5652,urzeitliche_kolosse,standard,1,13,3,10,13,26,3,23,false,false,false
match-43b81c73-5653,urzeitliche_kolosse,standard,1,6,4,18,22,44,4,40,true,false,true
match-afa02eab-5654,urzeitliche_kolosse,standard,1,6,3,10,14,27,3,24,true,false,false
match-a23af026-5656,solidaritaet_ueberleben,standard,0,10,4,0,0,4,4,0,false,false,false
match-28ed9f69-5657,urzeitliche_kolosse,standard,1,6,2,9,10,21,2,19,true,false,false
match-28ed9f69-5657,solidaritaet_ueberleben,standard,0,8,5,0,0,5,5,0,false,false,false
match-94d5b1a1-5658,solidaritaet_ueberleben,standard,0,7,5,12,15,32,5,27,true,true,true
match-1b8840e4-5659,urzeitliche_kolosse,standard,1,6,4,13,17,34,4,30,true,true,true
match-45f276a3-5660,urzeitliche_kolosse,standard,1,6,4,20,25,49,4,45,false,false,false
match-bf3fc760-5663,solidaritaet_ueberleben,standard,0,6,3,10,9,22,3,19,false,false,false
match-bf3fc760-5663,urzeitliche_kolosse,standard,1,9,4,12,17,33,4,29,true,false,false
match-2b27f999-5664,solidaritaet_ueberleben,standard,0,8,3,10,8,21,3,18,false,false,false
match-b1da88db-5665,urzeitliche_kolosse,standard,1,6,2,8,10,20,2,18,true,true,true
match-1dc2bb14-5666,urzeitliche_kolosse,standard,1,6,3,13,15,31,3,28,false,false,false
match-1dc2bb14-5666,solidaritaet_ueberleben,standard,0,9,4,11,12,27,4,23,true,false,false
match-a4754a56-5667,urzeitliche_kolosse,standard,1,6,3,13,13,29,3,26,true,false,false
match-023a1ffa-5669,solidaritaet_ueberleben,standard,0,6,3,11,10,24,3,21,false,false,false
match-023a1ffa-5669,urzeitliche_kolosse,standard,1,8,4,18,22,44,4,40,true,false,false
match-6e223232-5670,urzeitliche_kolosse,standard,1,6,2,7,10,19,2,17,true,false,false
match-f4d4c174-5671,solidaritaet_ueberleben,standard,0,6,3,3,2,8,3,5,false,false,false
match-f4d4c174-5671,urzeitliche_kolosse,standard,1,7,4,13,14,31,4,27,true,false,true
match-e76f82ef-5673,solidaritaet_ueberleben,standard,0,6,2,6,6,14,2,12,true,false,true
match-5357b528-5674,solidaritaet_ueberleben,standard,0,9,3,14,13,30,3,27,true,true,true
match-da0a446a-5675,solidaritaet_ueberleben,standard,0,6,2,8,8,18,2,16,true,false,false
match-b11c6acb-5676,urzeitliche_kolosse,standard,1,8,5,4,5,14,5,9,true,true,true
match-37cf1a0e-5677,urzeitliche_kolosse,standard,1,6,2,9,11,22,2,20,true,false,false
match-37cf1a0e-5677,solidaritaet_ueberleben,standard,0,10,3,8,11,22,3,19,false,false,false
match-a3b72c46-5678,solidaritaet_ueberleben,standard,0,6,4,0,0,4,4,0,false,false,false
match-2a69db89-5679,solidaritaet_ueberleben,standard,0,6,2,7,6,15,2,13,false,false,false
match-2a69db89-5679,urzeitliche_kolosse,standard,1,6,2,7,10,19,2,17,true,false,false
match-9651edc1-5680,urzeitliche_kolosse,standard,1,8,5,17,17,39,5,34,true,true,true
match-1d049d04-5681,solidaritaet_ueberleben,standard,0,6,2,9,9,20,2,18,false,false,false
match-1d049d04-5681,urzeitliche_kolosse,standard,1,6,3,9,13,25,3,22,true,false,false
match-88ecaf3c-5682,solidaritaet_ueberleben,standard,0,6,3,9,8,20,3,17,true,false,false
match-88ecaf3c-5682,urzeitliche_kolosse,standard,1,6,3,9,10,22,3,19,false,false,false
match-0f9f5e7f-5683,solidaritaet_ueberleben,standard,0,6,2,3,2,7,2,5,false,false,false
match-0f9f5e7f-5683,urzeitliche_kolosse,standard,1,8,5,2,1,8,5,3,true,false,false
match-6d641422-5685,urzeitliche_kolosse,standard,1,8,3,10,14,27,3,24,false,false,false
match-6d641422-5685,solidaritaet_ueberleben,standard,0,9,5,17,19,41,5,36,false,false,false
match-d94c265a-5686,solidaritaet_ueberleben,standard,0,6,1,0,0,1,1,0,false,false,false
match-d94c265a-5686,urzeitliche_kolosse,standard,1,8,5,10,11,26,5,21,true,false,true
match-5ffed59d-5687,solidaritaet_ueberleben,standard,0,13,5,8,7,20,5,15,false,false,false
match-5ffed59d-5687,urzeitliche_kolosse,standard,1,15,5,8,11,24,5,19,true,true,true
match-cbe6e7d5-5688,solidaritaet_ueberleben,standard,0,6,1,3,4,8,1,7,false,false,false
match-cbe6e7d5-5688,urzeitliche_kolosse,standard,1,6,3,7,13,23,3,20,true,false,false
match-52999718-5689,solidaritaet_ueberleben,standard,0,6,2,7,8,17,2,15,false,false,false
match-52999718-5689,urzeitliche_kolosse,standard,1,6,3,9,10,22,3,19,true,false,false
match-be81a950-5690,solidaritaet_ueberleben,standard,0,6,2,8,8,18,2,16,true,true,true
match-4fa11ed8-5693,urzeitliche_kolosse,standard,1,6,2,8,8,18,2,16,false,false,false
match-423bc053-5695,solidaritaet_ueberleben,standard,0,6,2,6,5,13,2,11,false,false,false
match-423bc053-5695,urzeitliche_kolosse,standard,1,12,5,17,19,41,5,36,false,false,false
match-ae23f28b-5696,urzeitliche_kolosse,standard,1,6,4,15,20,39,4,35,true,false,false
match-ae23f28b-5696,solidaritaet_ueberleben,standard,0,8,4,15,21,40,4,36,false,false,false
match-34d681ce-5697,solidaritaet_ueberleben,standard,0,6,3,11,9,23,3,20,false,false,false
match-34d681ce-5697,urzeitliche_kolosse,standard,1,6,4,10,11,25,4,21,true,false,false
match-a0beb406-5698,solidaritaet_ueberleben,standard,0,6,3,9,10,22,3,19,true,false,false
match-a0beb406-5698,urzeitliche_kolosse,standard,1,6,5,4,6,15,5,10,false,false,false
match-27714349-5699,urzeitliche_kolosse,standard,1,6,4,13,17,34,4,30,true,false,false
match-27714349-5699,solidaritaet_ueberleben,standard,0,9,5,21,24,50,5,45,false,false,false
match-fe8369a9-5700,solidaritaet_ueberleben,standard,0,8,3,4,3,10,3,7,true,true,true
match-853618ec-5701,urzeitliche_kolosse,standard,1,6,4,10,11,25,4,21,true,true,true
match-f11e2b24-5702,urzeitliche_kolosse,standard,1,6,2,9,10,21,2,19,true,true,true
match-77d0da67-5703,solidaritaet_ueberleben,standard,0,6,2,6,3,11,2,9,false,false,false
match-77d0da67-5703,urzeitliche_kolosse,standard,1,6,4,11,17,32,4,28,true,false,false
match-e3b8ec9f-5704,urzeitliche_kolosse,standard,1,7,4,11,15,30,4,26,true,false,false
match-e3b8ec9f-5704,solidaritaet_ueberleben,standard,0,7,5,16,14,35,5,30,false,false,false
match-6a6b9be2-5705,urzeitliche_kolosse,standard,1,8,5,5,5,15,5,10,true,false,true
match-d653ae1a-5706,solidaritaet_ueberleben,standard,0,6,3,9,6,18,3,15,false,false,false
match-341863be-5708,solidaritaet_ueberleben,standard,0,6,2,9,9,20,2,18,true,false,false
match-bacb1300-5709,solidaritaet_ueberleben,standard,0,6,2,8,8,18,2,16,true,false,false
match-26b32539-5710,urzeitliche_kolosse,standard,1,7,4,17,23,44,4,40,true,false,false
match-26b32539-5710,solidaritaet_ueberleben,standard,0,7,2,8,10,20,2,18,false,false,false
match-ad65d47b-5711,urzeitliche_kolosse,standard,1,6,2,6,6,14,2,12,true,false,false
match-194de6b4-5712,solidaritaet_ueberleben,standard,0,6,3,10,10,23,3,20,false,false,false
match-194de6b4-5712,urzeitliche_kolosse,standard,1,6,4,9,13,26,4,22,true,false,false
match-0be8a82f-5714,urzeitliche_kolosse,standard,1,6,4,15,20,39,4,35,true,false,false
match-0be8a82f-5714,solidaritaet_ueberleben,standard,0,8,2,8,13,23,2,21,false,false,false
match-929b5771-5715,urzeitliche_kolosse,standard,1,11,4,1,3,8,4,4,true,false,false
match-929b5771-5715,solidaritaet_ueberleben,standard,0,11,5,8,10,23,5,18,false,false,false
match-f0600d14-5717,urzeitliche_kolosse,standard,1,6,3,12,13,28,3,25,false,false,false
match-e2face8f-5719,solidaritaet_ueberleben,standard,0,6,2,7,6,15,2,13,true,false,false
match-e2face8f-5719,urzeitliche_kolosse,standard,1,6,4,13,19,36,4,32,false,false,false
match-d595900a-5721,solidaritaet_ueberleben,standard,0,7,2,8,7,17,2,15,true,true,true
match-417da243-5722,solidaritaet_ueberleben,standard,0,6,3,11,10,24,3,21,false,false,false
match-417da243-5722,urzeitliche_kolosse,standard,1,7,4,7,11,22,4,18,true,false,false
match-c8305185-5723,urzeitliche_kolosse,standard,1,7,4,2,1,7,4,3,true,false,false
match-c8305185-5723,solidaritaet_ueberleben,standard,0,7,5,17,17,39,5,34,false,false,false
match-f29a6744-5724,urzeitliche_kolosse,standard,1,7,3,9,15,27,3,24,true,false,false
match-f29a6744-5724,solidaritaet_ueberleben,standard,0,10,4,3,4,11,4,7,false,false,false
match-794d1687-5725,solidaritaet_ueberleben,standard,0,6,2,6,6,14,2,12,false,false,false
match-e53528bf-5726,solidaritaet_ueberleben,standard,0,10,2,8,7,17,2,15,false,false,false
match-6be7d802-5727,urzeitliche_kolosse,standard,1,7,2,9,11,22,2,20,true,true,true
match-ca6aabb5-5730,urzeitliche_kolosse,standard,1,6,4,20,25,49,4,45,true,false,false
match-282f6159-5732,solidaritaet_ueberleben,standard,0,6,2,5,6,13,2,11,false,false,false
match-aee2109b-5733,urzeitliche_kolosse,standard,1,8,4,17,18,39,4,35,true,false,false
match-1aca22d4-5734,urzeitliche_kolosse,standard,1,6,4,16,17,37,4,33,true,false,false
match-a17cd216-5735,solidaritaet_ueberleben,standard,0,6,3,9,8,20,3,17,false,false,false
match-a17cd216-5735,urzeitliche_kolosse,standard,1,9,5,18,24,47,5,42,true,false,true
match-0d64e44f-5736,urzeitliche_kolosse,standard,1,6,5,17,22,44,5,39,true,false,false
match-0d64e44f-5736,solidaritaet_ueberleben,standard,0,8,5,7,8,20,5,15,false,false,false
match-ffffa5c9-5738,solidaritaet_ueberleben,standard,0,8,3,4,7,14,3,11,false,false,false
match-ffffa5c9-5738,urzeitliche_kolosse,standard,1,10,5,3,2,10,5,5,true,true,true
match-86b2550c-5739,solidaritaet_ueberleben,standard,0,6,2,7,8,17,2,15,false,false,false
match-86b2550c-5739,urzeitliche_kolosse,standard,1,13,5,6,6,17,5,12,false,false,false
match-5dc47b6d-5740,urzeitliche_kolosse,standard,1,6,4,14,19,37,4,33,true,false,false
match-5dc47b6d-5740,solidaritaet_ueberleben,standard,0,9,4,18,22,44,4,40,false,false,false
match-e4770aaf-5741,solidaritaet_ueberleben,standard,0,6,2,8,8,18,2,16,false,false,false
match-e4770aaf-5741,urzeitliche_kolosse,standard,1,8,5,18,21,44,5,39,true,false,false
match-505f3ce8-5742,solidaritaet_ueberleben,standard,0,6,3,11,9,23,3,20,false,false,false
match-505f3ce8-5742,urzeitliche_kolosse,standard,1,9,4,16,19,39,4,35,true,true,true
match-42f9fe63-5744,urzeitliche_kolosse,standard,1,6,4,14,18,36,4,32,true,false,false
match-42f9fe63-5744,solidaritaet_ueberleben,standard,0,13,5,9,8,22,5,17,false,false,false
match-c9ac8da5-5745,urzeitliche_kolosse,standard,1,6,4,14,14,32,4,28,true,false,false
match-3594bfde-5746,urzeitliche_kolosse,standard,1,6,3,14,16,33,3,30,true,false,false
match-3594bfde-5746,solidaritaet_ueberleben,standard,0,13,5,11,12,28,5,23,false,false,false
match-bc474f20-5747,urzeitliche_kolosse,standard,1,6,3,12,13,28,3,25,true,false,false
match-bc474f20-5747,solidaritaet_ueberleben,standard,0,8,3,13,15,31,3,28,false,false,false
match-93597581-5748,urzeitliche_kolosse,standard,1,6,3,11,14,28,3,25,false,false,false
match-85f436fc-5750,urzeitliche_kolosse,standard,1,9,5,14,22,41,5,36,true,false,true
match-85f436fc-5750,solidaritaet_ueberleben,standard,0,10,1,4,6,11,1,10,false,false,false
match-0ca6c63f-5751,solidaritaet_ueberleben,standard,0,6,3,8,5,16,3,13,true,false,false
match-0ca6c63f-5751,urzeitliche_kolosse,standard,1,12,4,7,6,17,4,13,false,false,false
match-ff4187b9-5753,solidaritaet_ueberleben,standard,0,7,4,9,7,20,4,16,false,false,false
match-6b29b9f2-5754,solidaritaet_ueberleben,standard,0,6,3,9,7,19,3,16,true,false,false
match-f1dc4934-5755,urzeitliche_kolosse,standard,1,6,4,14,14,32,4,28,true,false,false
match-f1dc4934-5755,solidaritaet_ueberleben,standard,0,11,5,12,17,34,5,29,false,false,false
match-75966037-5756,solidaritaet_ueberleben,standard,0,6,2,8,8,18,2,16,false,false,false
match-75966037-5756,urzeitliche_kolosse,standard,1,14,5,12,14,31,5,26,true,true,true
match-fc490f79-5757,solidaritaet_ueberleben,standard,0,7,4,8,8,20,4,16,false,false,false
match-683121b2-5758,solidaritaet_ueberleben,standard,0,7,4,5,3,12,4,8,true,false,true
match-eee3d0f4-5759,urzeitliche_kolosse,standard,1,6,3,12,14,29,3,26,true,false,false
match-eee3d0f4-5759,solidaritaet_ueberleben,standard,0,12,3,7,8,18,3,15,false,false,false
match-5acbe32d-5760,solidaritaet_ueberleben,standard,0,7,4,8,7,19,4,15,true,true,true
match-e17e926f-5761,urzeitliche_kolosse,standard,1,6,4,18,21,43,4,39,true,false,false
match-4d66a4a8-5762,urzeitliche_kolosse,standard,1,7,4,8,9,21,4,17,false,false,false
match-ab2b7a4b-5764,solidaritaet_ueberleben,standard,0,8,3,13,16,32,3,29,false,false,false
match-ab2b7a4b-5764,urzeitliche_kolosse,standard,1,8,5,8,11,24,5,19,false,false,false
match-9dc63bc6-5766,solidaritaet_ueberleben,standard,0,6,3,9,7,19,3,16,false,false,false
match-9dc63bc6-5766,urzeitliche_kolosse,standard,1,6,4,13,12,29,4,25,true,false,false
match-9060fd41-5768,solidaritaet_ueberleben,standard,0,6,2,8,7,17,2,15,false,false,false
match-9060fd41-5768,urzeitliche_kolosse,standard,1,9,4,17,22,43,4,39,true,false,false
match-17138c84-5769,solidaritaet_ueberleben,standard,0,6,2,8,7,17,2,15,true,false,false
match-82fbbebc-5770,solidaritaet_ueberleben,standard,0,6,1,3,4,8,1,7,true,false,true
match-09ae4dff-5771,solidaritaet_ueberleben,standard,0,6,2,8,7,17,2,15,true,false,false
match-09ae4dff-5771,urzeitliche_kolosse,standard,1,7,3,7,11,21,3,18,false,false,false
match-677303a2-5773,urzeitliche_kolosse,standard,1,6,3,9,11,23,3,20,false,false,false
match-d35b35da-5774,solidaritaet_ueberleben,standard,0,6,4,12,9,25,4,21,true,false,false
match-d35b35da-5774,urzeitliche_kolosse,standard,1,6,3,11,12,26,3,23,false,false,false
match-5a0dc51d-5775,solidaritaet_ueberleben,standard,0,6,2,8,8,18,2,16,false,false,false
match-5a0dc51d-5775,urzeitliche_kolosse,standard,1,6,3,6,12,21,3,18,true,false,false
match-4ca88698-5777,solidaritaet_ueberleben,standard,0,6,1,4,5,10,1,9,true,false,false
match-b890b8d0-5778,solidaritaet_ueberleben,standard,0,6,3,0,0,3,3,0,false,false,false
match-b890b8d0-5778,urzeitliche_kolosse,standard,1,6,3,9,10,22,3,19,true,false,false
match-3f434813-5779,solidaritaet_ueberleben,standard,0,6,2,8,9,19,2,17,true,false,false
match-16556e74-5780,urzeitliche_kolosse,standard,1,6,4,15,21,40,4,36,false,false,false
match-9d081db6-5781,urzeitliche_kolosse,standard,1,6,4,12,19,35,4,31,true,false,true
match-08f02fef-5782,solidaritaet_ueberleben,standard,0,6,1,5,5,11,1,10,false,false,false
match-08f02fef-5782,urzeitliche_kolosse,standard,1,6,5,11,13,29,5,24,true,false,false
match-8fa2df31-5783,solidaritaet_ueberleben,standard,0,6,2,8,8,18,2,16,true,false,false
match-8fa2df31-5783,urzeitliche_kolosse,standard,1,6,4,14,15,33,4,29,false,false,false
match-fb8af169-5784,solidaritaet_ueberleben,standard,0,6,3,9,7,19,3,16,false,false,false
match-fb8af169-5784,urzeitliche_kolosse,standard,1,6,3,4,6,13,3,10,true,false,false
match-ee25b2e4-5786,urzeitliche_kolosse,standard,1,6,4,12,12,28,4,24,false,false,false
match-ee25b2e4-5786,solidaritaet_ueberleben,standard,0,7,4,14,19,37,4,33,true,false,false
match-74d84227-5787,solidaritaet_ueberleben,standard,0,6,3,8,7,18,3,15,false,false,false
match-74d84227-5787,urzeitliche_kolosse,standard,1,6,4,14,16,34,4,30,true,false,false
match-9f4277e6-5788,solidaritaet_ueberleben,standard,0,8,3,4,3,10,3,7,false,false,false
match-9f4277e6-5788,urzeitliche_kolosse,standard,1,8,5,4,6,15,5,10,true,false,false
match-25f50729-5789,urzeitliche_kolosse,standard,1,6,4,16,21,41,4,37,false,false,false
match-25f50729-5789,solidaritaet_ueberleben,standard,0,13,5,14,13,32,5,27,true,false,false
match-188fc8a4-5791,urzeitliche_kolosse,standard,1,6,4,13,18,35,4,31,true,false,false
match-188fc8a4-5791,solidaritaet_ueberleben,standard,0,11,5,8,7,20,5,15,false,false,false
match-8477fadc-5792,solidaritaet_ueberleben,standard,0,8,4,14,15,33,4,29,true,true,true
match-0b2a8a1f-5793,solidaritaet_ueberleben,standard,0,8,2,5,5,12,2,10,false,false,false
match-7712bc57-5794,urzeitliche_kolosse,standard,1,6,1,4,4,9,1,8,true,false,false
match-7712bc57-5794,solidaritaet_ueberleben,standard,0,8,4,14,16,34,4,30,false,false,false
match-fdc54b99-5795,urzeitliche_kolosse,standard,1,6,2,7,8,17,2,15,true,false,false
match-d4d771fa-5796,solidaritaet_ueberleben,standard,0,6,2,6,5,13,2,11,true,false,false
match-d4d771fa-5796,urzeitliche_kolosse,standard,1,8,5,7,8,20,5,15,false,false,false
match-4e24c2b8-5799,urzeitliche_kolosse,standard,1,8,5,10,10,25,5,20,false,false,false
match-4e24c2b8-5799,solidaritaet_ueberleben,standard,0,10,5,19,22,46,5,41,true,false,false
match-ba0cf4f0-5800,urzeitliche_kolosse,standard,1,7,2,7,10,19,2,17,true,false,false
match-40bf8433-5801,urzeitliche_kolosse,standard,1,7,2,9,10,21,2,19,false,false,false
match-40bf8433-5801,solidaritaet_ueberleben,standard,0,9,5,20,17,42,5,37,true,true,true
match-0a6c6c0f-5804,solidaritaet_ueberleben,standard,0,6,2,6,6,14,2,12,true,false,false
match-911f1b51-5805,urzeitliche_kolosse,standard,1,6,3,13,15,31,3,28,false,false,false
match-911f1b51-5805,solidaritaet_ueberleben,standard,0,12,4,7,6,17,4,13,true,true,true
match-fd072d89-5806,solidaritaet_ueberleben,standard,0,6,3,10,8,21,3,18,true,false,false
match-fd072d89-5806,urzeitliche_kolosse,standard,1,6,2,7,11,20,2,18,false,false,false
match-83b9dccc-5807,urzeitliche_kolosse,standard,1,8,3,5,6,14,3,11,false,false,false
match-83b9dccc-5807,solidaritaet_ueberleben,standard,0,15,4,3,2,9,4,5,true,true,true
match-efa1ef04-5808,solidaritaet_ueberleben,standard,0,7,4,10,5,19,4,15,true,true,true
match-76549e47-5809,urzeitliche_kolosse,standard,1,6,4,11,8,23,4,19,true,false,true
match-e23cb07f-5810,urzeitliche_kolosse,standard,1,6,3,13,16,32,3,29,true,false,false
match-e23cb07f-5810,solidaritaet_ueberleben,standard,0,9,4,4,4,12,4,8,false,false,false
match-68ef5fc2-5811,urzeitliche_kolosse,standard,1,6,3,14,18,35,3,32,false,false,false
match-40016623-5812,solidaritaet_ueberleben,standard,0,7,4,8,7,19,4,15,true,true,true
match-329c279e-5814,solidaritaet_ueberleben,standard,0,10,4,0,0,4,4,0,false,false,false
match-b94ed6e0-5815,solidaritaet_ueberleben,standard,0,6,1,3,4,8,1,7,true,false,false
match-2536e919-5816,solidaritaet_ueberleben,standard,0,6,2,5,3,10,2,8,true,false,false
match-2536e919-5816,urzeitliche_kolosse,standard,1,6,4,10,10,24,4,20,false,false,false
match-abe9985b-5817,urzeitliche_kolosse,standard,1,8,3,6,7,16,3,13,true,true,true
match-9e8459d6-5819,solidaritaet_ueberleben,standard,0,6,3,4,4,11,3,8,true,false,true
match-9e8459d6-5819,urzeitliche_kolosse,standard,1,6,4,14,16,34,4,30,false,false,false
match-223e70d9-5820,solidaritaet_ueberleben,standard,0,6,2,9,9,20,2,18,false,false,false
match-a8f1001b-5821,solidaritaet_ueberleben,standard,0,6,4,13,12,29,4,25,false,false,false
match-a8f1001b-5821,urzeitliche_kolosse,standard,1,14,5,15,19,39,5,34,true,true,true
match-14d93254-5822,solidaritaet_ueberleben,standard,0,6,2,9,9,20,2,18,true,false,false
match-9b8bc196-5823,urzeitliche_kolosse,standard,1,6,5,18,22,45,5,40,true,false,true
match-8e268311-5825,urzeitliche_kolosse,standard,1,6,3,6,8,17,3,14,true,false,false
match-80c1448c-5827,urzeitliche_kolosse,standard,1,6,3,15,19,37,3,34,true,false,false
match-80c1448c-5827,solidaritaet_ueberleben,standard,0,9,5,14,14,33,5,28,false,false,false
match-57d36aed-5828,urzeitliche_kolosse,standard,1,7,4,9,8,21,4,17,true,false,false
match-de861a2f-5829,solidaritaet_ueberleben,standard,0,6,2,6,6,14,2,12,false,false,false
match-4a6e2c68-5830,solidaritaet_ueberleben,standard,0,10,5,18,12,35,5,30,true,false,false
match-4a6e2c68-5830,urzeitliche_kolosse,standard,1,12,5,6,6,17,5,12,false,false,false
match-d120dbaa-5831,solidaritaet_ueberleben,standard,0,6,2,8,7,17,2,15,false,false,false
match-d120dbaa-5831,urzeitliche_kolosse,standard,1,6,2,8,10,20,2,18,true,false,false
match-c3bb9d25-5833,solidaritaet_ueberleben,standard,0,6,1,3,2,6,1,5,false,false,false
match-2fa3af5e-5834,solidaritaet_ueberleben,standard,0,8,2,6,4,12,2,10,true,true,true
match-141b1444-5837,solidaritaet_ueberleben,standard,0,9,5,22,21,48,5,43,true,false,false
match-8003267c-5838,urzeitliche_kolosse,standard,1,6,3,13,15,31,3,28,true,false,false
match-729de7f7-5840,solidaritaet_ueberleben,standard,0,6,3,3,4,10,3,7,false,false,false
match-729de7f7-5840,urzeitliche_kolosse,standard,1,6,4,9,12,25,4,21,true,false,false
match-6538a972-5842,solidaritaet_ueberleben,standard,0,6,2,3,4,9,2,7,true,false,false
match-6538a972-5842,urzeitliche_kolosse,standard,1,6,4,15,17,36,4,32,false,false,false
match-ebeb58b4-5843,solidaritaet_ueberleben,standard,0,6,3,4,4,11,3,8,true,false,true
match-ebeb58b4-5843,urzeitliche_kolosse,standard,1,6,4,16,22,42,4,38,false,false,false
match-c2fd7f15-5844,urzeitliche_kolosse,standard,1,7,3,6,7,16,3,13,false,false,false
match-3c4acfd3-5847,solidaritaet_ueberleben,standard,0,6,2,8,9,19,2,17,false,false,false
match-3c4acfd3-5847,urzeitliche_kolosse,standard,1,13,2,5,7,14,2,12,true,false,false
match-a832e20b-5848,solidaritaet_ueberleben,standard,0,6,2,7,8,17,2,15,true,false,true
match-2ee5914e-5849,urzeitliche_kolosse,standard,1,6,3,12,13,28,3,25,true,false,false
match-2ee5914e-5849,solidaritaet_ueberleben,standard,0,10,3,4,6,13,3,10,false,false,false
match-9acda386-5850,urzeitliche_kolosse,standard,1,6,5,17,22,44,5,39,true,false,false
match-9acda386-5850,solidaritaet_ueberleben,standard,0,10,4,0,0,4,4,0,false,false,false
match-218052c9-5851,urzeitliche_kolosse,standard,1,8,5,21,24,50,5,45,true,false,false
match-218052c9-5851,solidaritaet_ueberleben,standard,0,10,4,15,18,37,4,33,false,false,false
match-4bea6888-5852,urzeitliche_kolosse,standard,1,6,4,14,17,35,4,31,false,false,false
match-4bea6888-5852,solidaritaet_ueberleben,standard,0,9,5,8,5,18,5,13,true,true,true
match-d29d17ca-5853,urzeitliche_kolosse,standard,1,6,3,12,12,27,3,24,false,false,false
match-3e852a03-5854,solidaritaet_ueberleben,standard,0,6,3,9,10,22,3,19,false,false,false
match-311feb7e-5856,solidaritaet_ueberleben,standard,0,6,2,9,9,20,2,18,true,false,false
match-311feb7e-5856,urzeitliche_kolosse,standard,1,6,2,7,11,20,2,18,false,false,false
match-b7d29ac0-5857,urzeitliche_kolosse,standard,1,9,3,2,2,7,3,4,false,false,false
match-23baacf9-5858,urzeitliche_kolosse,standard,1,6,2,8,10,20,2,18,false,false,false
match-aa6d5c3b-5859,solidaritaet_ueberleben,standard,0,6,2,8,7,17,2,15,false,false,false
match-aa6d5c3b-5859,urzeitliche_kolosse,standard,1,12,5,9,17,31,5,26,false,false,false
match-817f629c-5860,urzeitliche_kolosse,standard,1,9,3,6,4,13,3,10,false,false,false
match-817f629c-5860,solidaritaet_ueberleben,standard,0,9,5,4,6,15,5,10,true,false,false
match-083211df-5861,solidaritaet_ueberleben,standard,0,6,2,7,6,15,2,13,true,false,false
match-083211df-5861,urzeitliche_kolosse,standard,1,15,4,5,7,16,4,12,false,false,false
match-741a2417-5862,solidaritaet_ueberleben,standard,0,6,3,4,4,11,3,8,false,false,false
match-faccd359-5863,solidaritaet_ueberleben,standard,0,6,3,10,10,23,3,20,true,false,true
match-66b4e592-5864,urzeitliche_kolosse,standard,1,6,4,12,19,35,4,31,true,false,false
match-ed6794d4-5865,urzeitliche_kolosse,standard,1,6,3,12,17,32,3,29,true,false,false
match-e002564f-5867,urzeitliche_kolosse,standard,1,6,3,11,11,25,3,22,true,false,false
match-e002564f-5867,solidaritaet_ueberleben,standard,0,8,4,13,19,36,4,32,false,false,false
match-b7147cb0-5868,solidaritaet_ueberleben,standard,0,6,1,3,2,6,1,5,false,false,false
match-3dc70bf3-5869,solidaritaet_ueberleben,standard,0,6,2,7,8,17,2,15,true,false,false
match-3dc70bf3-5869,urzeitliche_kolosse,standard,1,6,4,15,19,38,4,34,false,false,false
match-a9af3e2b-5870,urzeitliche_kolosse,standard,1,6,4,11,16,31,4,27,true,false,false
match-3061cd6e-5871,urzeitliche_kolosse,standard,1,9,3,0,0,3,3,0,false,false,false
match-9c49ffa6-5872,urzeitliche_kolosse,standard,1,6,3,12,13,28,3,25,true,false,false
match-9c49ffa6-5872,solidaritaet_ueberleben,standard,0,7,4,13,17,34,4,30,false,false,false
match-22fc8ee9-5873,solidaritaet_ueberleben,standard,0,6,1,4,4,9,1,8,false,false,false
match-22fc8ee9-5873,urzeitliche_kolosse,standard,1,6,2,8,10,20,2,18,true,false,false
match-eca976c4-5876,urzeitliche_kolosse,standard,1,8,5,4,4,13,5,8,true,false,false
match-eca976c4-5876,solidaritaet_ueberleben,standard,0,12,3,3,4,10,3,7,false,false,false
match-65f6c782-5879,solidaritaet_ueberleben,standard,0,6,2,5,5,12,2,10,false,false,false
match-65f6c782-5879,urzeitliche_kolosse,standard,1,6,4,14,14,32,4,28,true,false,false
match-d1def9ba-5880,urzeitliche_kolosse,standard,1,6,4,10,11,25,4,21,false,false,false
match-d1def9ba-5880,solidaritaet_ueberleben,standard,0,8,5,18,18,41,5,36,true,true,true
match-c479bb35-5882,solidaritaet_ueberleben,standard,0,6,2,8,8,18,2,16,true,false,false
match-cee6617a-5884,solidaritaet_ueberleben,standard,0,8,5,18,15,38,5,33,true,true,true
match-559910bd-5885,solidaritaet_ueberleben,standard,0,6,3,4,4,11,3,8,true,false,false
match-559910bd-5885,urzeitliche_kolosse,standard,1,6,3,11,12,26,3,23,false,false,false
match-c18122f5-5886,solidaritaet_ueberleben,standard,0,7,5,10,8,23,5,18,false,false,false
match-b41be470-5888,solidaritaet_ueberleben,standard,0,7,5,14,14,33,5,28,false,false,false
match-3ace93b3-5889,solidaritaet_ueberleben,standard,0,6,3,11,10,24,3,21,true,false,false
match-3ace93b3-5889,urzeitliche_kolosse,standard,1,6,4,11,15,30,4,26,false,false,false
match-a6b6a5eb-5890,urzeitliche_kolosse,standard,1,6,4,12,12,28,4,24,false,false,false
match-a6b6a5eb-5890,solidaritaet_ueberleben,standard,0,11,4,9,4,17,4,13,true,true,true
match-2d69552e-5891,solidaritaet_ueberleben,standard,0,6,2,6,6,14,2,12,false,false,false
match-2d69552e-5891,urzeitliche_kolosse,standard,1,6,5,10,16,31,5,26,true,false,false
match-047b7b8f-5892,urzeitliche_kolosse,standard,1,6,2,7,10,19,2,17,true,false,false
match-047b7b8f-5892,solidaritaet_ueberleben,standard,0,10,4,17,16,37,4,33,false,false,false
match-8b2e0ad1-5893,urzeitliche_kolosse,standard,1,7,5,14,16,35,5,30,true,false,true
match-8b2e0ad1-5893,solidaritaet_ueberleben,standard,0,8,3,8,10,21,3,18,false,false,false
match-f7163d09-5894,solidaritaet_ueberleben,standard,0,7,3,11,12,26,3,23,true,false,true
match-7dc8cc4c-5895,solidaritaet_ueberleben,standard,0,6,2,5,5,12,2,10,false,false,false
match-7dc8cc4c-5895,urzeitliche_kolosse,standard,1,11,2,5,7,14,2,12,true,true,true
match-e9b0fe84-5896,urzeitliche_kolosse,standard,1,6,5,15,16,36,5,31,true,true,true
match-70638dc7-5897,urzeitliche_kolosse,standard,1,6,3,12,13,28,3,25,true,false,false
match-dc4bbfff-5898,solidaritaet_ueberleben,standard,0,6,2,7,8,17,2,15,false,false,false
match-dc4bbfff-5898,urzeitliche_kolosse,standard,1,6,3,9,13,25,3,22,true,false,false
match-62fe4f42-5899,urzeitliche_kolosse,standard,1,10,4,9,13,26,4,22,true,false,false
match-62fe4f42-5899,solidaritaet_ueberleben,standard,0,14,4,8,9,21,4,17,false,false,false
match-2cab371e-5902,urzeitliche_kolosse,standard,1,6,3,11,14,28,3,25,true,false,false
match-b35dc660-5903,solidaritaet_ueberleben,standard,0,7,5,17,18,40,5,35,true,false,true
match-1f45f899-5904,solidaritaet_ueberleben,standard,0,6,3,11,10,24,3,21,false,false,false
match-1f45f899-5904,urzeitliche_kolosse,standard,1,6,3,12,14,29,3,26,true,false,false
match-a5f887db-5905,solidaritaet_ueberleben,standard,0,6,2,8,8,18,2,16,false,false,false
match-a5f887db-5905,urzeitliche_kolosse,standard,1,6,5,9,10,24,5,19,false,false,false
match-11e0ba14-5906,solidaritaet_ueberleben,standard,0,7,3,13,16,32,3,29,false,false,false
match-98934956-5907,solidaritaet_ueberleben,standard,0,6,3,0,0,3,3,0,false,false,false
match-98934956-5907,urzeitliche_kolosse,standard,1,7,4,4,6,14,4,10,true,false,false
match-f6581ef9-5909,solidaritaet_ueberleben,standard,0,9,5,25,21,51,5,46,true,false,false
match-f6581ef9-5909,urzeitliche_kolosse,standard,1,10,5,16,19,40,5,35,false,false,false
match-62403132-5910,solidaritaet_ueberleben,standard,0,6,3,12,11,26,3,23,false,false,false
match-62403132-5910,urzeitliche_kolosse,standard,1,6,5,6,7,18,5,13,true,false,false
match-e8f2c074-5911,solidaritaet_ueberleben,standard,0,7,3,10,7,20,3,17,true,true,true
match-54daf2ad-5912,solidaritaet_ueberleben,standard,0,7,3,4,7,14,3,11,false,false,false
match-4775b428-5914,solidaritaet_ueberleben,standard,0,6,2,6,5,13,2,11,false,false,false
match-7f45086c-5917,urzeitliche_kolosse,standard,1,6,3,9,8,20,3,17,false,false,false
match-eb2d3aa4-5918,urzeitliche_kolosse,standard,1,8,5,20,19,44,5,39,true,false,false
match-eb2d3aa4-5918,solidaritaet_ueberleben,standard,0,10,5,4,6,15,5,10,false,false,false
match-71dfc9e7-5919,urzeitliche_kolosse,standard,1,7,4,3,2,9,4,5,false,false,false
match-ddc7fc1f-5920,urzeitliche_kolosse,standard,1,6,3,12,14,29,3,26,true,false,false
match-647a8b62-5921,urzeitliche_kolosse,standard,1,8,4,17,17,38,4,34,true,true,true
match-d062bd9a-5922,solidaritaet_ueberleben,standard,0,6,0,0,0,0,0,0,false,false,false
match-57154cdd-5923,urzeitliche_kolosse,standard,1,6,1,5,6,12,1,11,true,false,true
match-2e27733e-5924,urzeitliche_kolosse,standard,1,7,2,8,8,18,2,16,true,false,false
match-20c234b9-5926,urzeitliche_kolosse,standard,1,7,4,13,15,32,4,28,true,false,false
match-20c234b9-5926,solidaritaet_ueberleben,standard,0,10,4,0,0,4,4,0,false,false,false
match-a774c3fb-5927,solidaritaet_ueberleben,standard,0,6,2,9,9,20,2,18,true,false,false
match-135cf634-5928,solidaritaet_ueberleben,standard,0,6,3,10,8,21,3,18,false,false,false
match-135cf634-5928,urzeitliche_kolosse,standard,1,6,3,12,15,30,3,27,true,false,true
match-05f7b7af-5930,urzeitliche_kolosse,standard,1,6,3,12,18,33,3,30,false,false,false
match-05f7b7af-5930,solidaritaet_ueberleben,standard,0,8,4,15,19,38,4,34,true,false,false
match-8caa46f1-5931,solidaritaet_ueberleben,standard,0,6,2,9,9,20,2,18,false,false,false
match-ea6f1c94-5933,solidaritaet_ueberleben,standard,0,6,3,10,8,21,3,18,false,false,false
match-ea6f1c94-5933,urzeitliche_kolosse,standard,1,9,5,17,19,41,5,36,true,false,false
match-48f1f048-5936,urzeitliche_kolosse,standard,1,6,4,3,5,12,4,8,false,false,false
match-48f1f048-5936,solidaritaet_ueberleben,standard,0,9,5,24,21,50,5,45,true,false,false
match-cfa49f8a-5937,urzeitliche_kolosse,standard,1,6,4,16,20,40,4,36,true,false,false
match-cfa49f8a-5937,solidaritaet_ueberleben,standard,0,8,1,4,6,11,1,10,false,false,false
match-c23f4105-5939,solidaritaet_ueberleben,standard,0,6,2,6,5,13,2,11,true,false,false
match-c23f4105-5939,urzeitliche_kolosse,standard,1,7,4,5,6,15,4,11,false,false,false
match-99516766-5940,urzeitliche_kolosse,standard,1,6,4,13,13,30,4,26,true,false,false
match-200416a9-5941,urzeitliche_kolosse,standard,1,6,4,0,0,4,4,0,true,false,false
match-8bec28e1-5942,urzeitliche_kolosse,standard,1,6,3,11,15,29,3,26,true,false,false
match-7e86ea5c-5944,solidaritaet_ueberleben,standard,0,7,5,11,13,29,5,24,false,false,false
match-7e86ea5c-5944,urzeitliche_kolosse,standard,1,8,5,18,19,42,5,37,true,false,false
match-0539999f-5945,urzeitliche_kolosse,standard,1,6,4,19,21,44,4,40,false,false,false
match-0539999f-5945,solidaritaet_ueberleben,standard,0,8,3,12,13,28,3,25,true,false,false
match-f7d45b19-5947,urzeitliche_kolosse,standard,1,6,4,18,22,44,4,40,false,false,false
match-f7d45b19-5947,solidaritaet_ueberleben,standard,0,9,5,19,23,47,5,42,true,false,false
match-0241015f-5949,solidaritaet_ueberleben,standard,0,8,4,7,5,16,4,12,false,false,false
match-f4dbc2d9-5951,urzeitliche_kolosse,standard,1,6,3,12,14,29,3,26,true,false,false
match-60c3f512-5952,urzeitliche_kolosse,standard,1,7,4,18,21,43,4,39,true,false,false
match-60c3f512-5952,solidaritaet_ueberleben,standard,0,8,4,13,15,32,4,28,false,false,false
match-e7768454-5953,urzeitliche_kolosse,standard,1,6,2,9,10,21,2,19,true,false,true
match-da1145cf-5955,urzeitliche_kolosse,standard,1,11,4,0,0,4,4,0,false,false,false
match-da1145cf-5955,solidaritaet_ueberleben,standard,0,12,3,14,14,31,3,28,false,false,false
match-b1236c30-5956,urzeitliche_kolosse,standard,1,6,4,12,17,33,4,29,false,false,false
match-b1236c30-5956,solidaritaet_ueberleben,standard,0,7,5,9,11,25,5,20,true,false,false
match-37d61b73-5957,urzeitliche_kolosse,standard,1,6,2,9,12,23,2,21,true,false,false
match-37d61b73-5957,solidaritaet_ueberleben,standard,0,7,2,8,13,23,2,21,false,false,false
match-a3be2dab-5958,solidaritaet_ueberleben,standard,0,6,2,6,5,13,2,11,false,false,false
match-a3be2dab-5958,urzeitliche_kolosse,standard,1,6,5,14,17,36,5,31,true,false,true
match-2a70dcee-5959,solidaritaet_ueberleben,standard,0,6,2,7,6,15,2,13,true,false,false
match-2a70dcee-5959,urzeitliche_kolosse,standard,1,6,5,4,6,15,5,10,false,false,false
match-9658ef26-5960,solidaritaet_ueberleben,standard,0,6,3,11,9,23,3,20,true,false,false
match-9658ef26-5960,urzeitliche_kolosse,standard,1,6,3,9,14,26,3,23,false,false,false
match-0fa65fe4-5963,solidaritaet_ueberleben,standard,0,6,2,7,6,15,2,13,true,false,true
match-e6b86644-5964,solidaritaet_ueberleben,standard,0,6,1,5,5,11,1,10,false,false,false
match-d95327bf-5966,solidaritaet_ueberleben,standard,0,6,4,12,10,26,4,22,true,false,false
match-6005d702-5967,urzeitliche_kolosse,standard,1,6,3,14,15,32,3,29,true,false,false
match-6005d702-5967,solidaritaet_ueberleben,standard,0,7,5,4,7,16,5,11,false,false,false
match-cbede93a-5968,urzeitliche_kolosse,standard,1,6,3,11,11,25,3,22,true,false,true
match-be88aab5-5970,solidaritaet_ueberleben,standard,0,6,2,6,5,13,2,11,true,false,true
match-453b59f8-5971,urzeitliche_kolosse,standard,1,6,5,16,20,41,5,36,true,false,true
match-a3000f9b-5973,solidaritaet_ueberleben,standard,0,6,2,8,9,19,2,17,false,false,false
match-a3000f9b-5973,urzeitliche_kolosse,standard,1,8,4,19,24,47,4,43,true,false,false
match-0ee821d4-5974,solidaritaet_ueberleben,standard,0,10,4,8,5,17,4,13,true,true,true
match-959ad116-5975,urzeitliche_kolosse,standard,1,6,3,11,11,25,3,22,false,false,false
match-959ad116-5975,solidaritaet_ueberleben,standard,0,7,3,11,15,29,3,26,true,false,false
match-0182e34f-5976,solidaritaet_ueberleben,standard,0,6,2,8,7,17,2,15,true,false,false
match-88359291-5977,urzeitliche_kolosse,standard,1,6,5,12,14,31,5,26,true,false,false
match-88359291-5977,solidaritaet_ueberleben,standard,0,10,5,22,20,47,5,42,false,false,false
match-f41da4c9-5978,solidaritaet_ueberleben,standard,0,6,2,7,8,17,2,15,true,false,false
match-7ad0540c-5979,solidaritaet_ueberleben,standard,0,7,5,19,14,38,5,33,true,false,true
match-a53a69cb-5980,urzeitliche_kolosse,standard,1,6,2,6,9,17,2,15,true,false,false
match-a53a69cb-5980,solidaritaet_ueberleben,standard,0,7,5,8,10,23,5,18,false,false,false
match-1e87da89-5983,urzeitliche_kolosse,standard,1,6,4,11,13,28,4,24,false,false,false
match-8a6fecc1-5984,urzeitliche_kolosse,standard,1,6,2,4,4,10,2,8,true,false,false
match-8a6fecc1-5984,solidaritaet_ueberleben,standard,0,12,3,10,8,21,3,18,false,false,false
match-11229c04-5985,solidaritaet_ueberleben,standard,0,6,2,8,8,18,2,16,true,false,false
match-03bd5d7f-5987,solidaritaet_ueberleben,standard,0,6,2,4,4,10,2,8,false,false,false
match-03bd5d7f-5987,urzeitliche_kolosse,standard,1,8,5,14,15,34,5,29,true,true,true
match-dacf63df-5988,solidaritaet_ueberleben,standard,0,7,4,9,9,22,4,18,false,false,false
match-61821322-5989,urzeitliche_kolosse,standard,1,6,4,10,14,28,4,24,false,false,false
match-cd6a255a-5990,urzeitliche_kolosse,standard,1,6,4,16,22,42,4,38,true,false,false
match-541cd49d-5991,solidaritaet_ueberleben,standard,0,6,3,11,11,25,3,22,true,false,false
match-c004e6d5-5992,solidaritaet_ueberleben,standard,0,9,3,2,0,5,3,2,true,false,false
match-46b79618-5993,urzeitliche_kolosse,standard,1,7,2,5,7,14,2,12,true,false,true
match-b29fa850-5994,urzeitliche_kolosse,standard,1,7,2,9,12,23,2,21,true,false,false
match-b29fa850-5994,solidaritaet_ueberleben,standard,0,7,4,7,8,19,4,15,false,false,false
match-39525793-5995,urzeitliche_kolosse,standard,1,8,5,18,22,45,5,40,true,true,true
match-10647df4-5996,urzeitliche_kolosse,standard,1,8,5,13,13,31,5,26,false,false,false
match-10647df4-5996,solidaritaet_ueberleben,standard,0,9,5,6,4,15,5,10,true,false,true
match-97170d36-5997,solidaritaet_ueberleben,standard,0,6,2,7,6,15,2,13,false,false,false
match-97170d36-5997,urzeitliche_kolosse,standard,1,6,4,13,20,37,4,33,true,false,false
match-02ff3f6f-5998,urzeitliche_kolosse,standard,1,6,4,12,17,33,4,29,true,false,false
match-89b1ceb1-5999,solidaritaet_ueberleben,standard,0,10,2,11,12,25,2,23,false,false,false
match-89b1ceb1-5999,urzeitliche_kolosse,standard,1,10,4,9,10,23,4,19,true,false,true
