matchId,deckId,botType,side,round,targetsAffected,attackRemoved,healthRemoved,boardValueBefore,boardValueAfter,boardValueRemoved,won,winWithinOneRound,winWithinTwoRounds
match-dfae0f76-0,forschung_muskelkraft,standard,0,10,2,7,4,13,10,3,true,true,true
match-4b9621af-3,rudeljaeger,standard,1,8,2,6,6,14,6,8,false,false,false
match-4b9621af-3,forschung_muskelkraft,standard,0,8,4,12,8,24,17,7,true,true,true
match-3e30e32a-5,forschung_muskelkraft,standard,0,6,3,14,10,27,15,12,false,false,false
match-b77e53e7-6,forschung_muskelkraft,standard,0,6,3,9,6,18,13,5,true,false,false
match-30cba4a5-7,rudeljaeger,standard,1,6,2,6,10,18,10,8,false,false,false
match-30cba4a5-7,forschung_muskelkraft,standard,0,8,5,14,11,30,20,10,true,false,false
match-23666620-9,rudeljaeger,standard,1,10,3,8,10,21,11,10,false,false,false
match-23666620-9,forschung_muskelkraft,standard,0,12,3,6,4,13,9,4,true,true,true
match-1601279b-11,forschung_muskelkraft,standard,0,12,4,11,10,25,17,8,true,false,true
match-1601279b-11,rudeljaeger,standard,1,14,4,18,18,40,20,20,false,false,false
match-81e959d3-14,forschung_muskelkraft,standard,0,6,4,14,10,28,18,10,false,false,false
match-81e959d3-14,rudeljaeger,standard,1,7,4,14,18,36,20,16,true,false,false
match-fb36aa90-15,forschung_muskelkraft,standard,0,6,4,14,10,28,18,10,true,false,false
match-fb36aa90-15,rudeljaeger,standard,1,8,5,21,21,47,25,22,false,false,false
match-4ad8039f-16,rudeljaeger,standard,1,6,3,11,14,28,15,13,true,false,false
match-c425745c-17,rudeljaeger,standard,1,6,3,11,11,25,15,10,false,false,false
match-c425745c-17,forschung_muskelkraft,standard,0,8,5,16,13,34,22,12,true,false,false
match-3d72c51a-18,rudeljaeger,standard,1,6,2,7,8,17,10,7,false,false,false
match-3d72c51a-18,forschung_muskelkraft,standard,0,6,4,12,9,25,18,7,true,false,false
match-b6c035d7-19,forschung_muskelkraft,standard,0,7,2,4,4,10,6,4,true,true,true
match-300d8695-20,forschung_muskelkraft,standard,0,9,1,4,4,9,5,4,true,false,true
match-300d8695-20,rudeljaeger,standard,1,9,5,24,30,59,25,34,false,false,false
match-a95af752-21,forschung_muskelkraft,standard,0,6,3,9,8,20,11,9,false,false,false
match-9bf5b8cd-23,forschung_muskelkraft,standard,0,6,2,7,6,15,10,5,true,false,false
match-9bf5b8cd-23,rudeljaeger,standard,1,11,4,19,22,45,20,25,false,false,false
match-1543098b-24,rudeljaeger,standard,1,8,3,13,13,29,14,15,false,false,false
match-1543098b-24,forschung_muskelkraft,standard,0,9,4,13,10,27,19,8,true,false,true
match-812b3bc3-27,rudeljaeger,standard,1,6,4,13,15,32,19,13,false,false,false
match-812b3bc3-27,forschung_muskelkraft,standard,0,8,3,13,10,26,15,11,true,false,false
match-ed134dfb-30,forschung_muskelkraft,standard,0,6,3,12,8,23,15,8,false,false,false
match-6660beb9-31,forschung_muskelkraft,standard,0,6,4,9,6,19,12,7,true,false,false
match-6660beb9-31,rudeljaeger,standard,1,10,4,5,6,15,8,7,false,false,false
match-095a0726-32,rudeljaeger,standard,1,6,2,7,13,22,10,12,false,false,false
match-095a0726-32,forschung_muskelkraft,standard,0,9,3,7,6,16,11,5,true,true,true
match-82a777e3-33,forschung_muskelkraft,standard,0,6,4,13,10,27,20,7,false,false,false
match-fbf4c8a0-34,rudeljaeger,standard,1,6,3,12,12,27,15,12,false,false,false
match-fbf4c8a0-34,forschung_muskelkraft,standard,0,8,5,13,6,24,17,7,true,true,true
match-7542395e-35,rudeljaeger,standard,1,6,1,5,6,12,5,7,false,false,false
match-ee8f8a1b-36,forschung_muskelkraft,standard,0,7,3,13,10,26,15,11,false,false,false
match-ee8f8a1b-36,rudeljaeger,standard,1,7,2,8,9,19,10,9,true,true,true
match-e12a4b96-38,rudeljaeger,standard,1,6,4,11,14,29,19,10,false,false,false
match-e12a4b96-38,forschung_muskelkraft,standard,0,8,4,11,11,26,16,10,true,false,false
match-5a77bc54-39,forschung_muskelkraft,standard,0,6,3,4,4,11,7,4,false,false,false
match-d3c50d11-40,forschung_muskelkraft,standard,0,6,5,9,8,22,17,5,false,false,false
match-3fad3f4a-43,rudeljaeger,standard,1,6,1,5,6,12,5,7,false,false,false
match-3fad3f4a-43,forschung_muskelkraft,standard,0,8,5,11,9,25,21,4,true,true,true
match-b8fa9007-44,forschung_muskelkraft,standard,0,6,5,13,10,28,17,11,true,false,false
match-b8fa9007-44,rudeljaeger,standard,1,9,5,21,22,48,24,24,false,false,false
match-ab955182-46,rudeljaeger,standard,1,8,4,18,22,44,20,24,true,false,false
match-ab955182-46,forschung_muskelkraft,standard,0,10,4,12,11,27,16,11,false,false,false
match-24e2a240-47,forschung_muskelkraft,standard,0,6,3,11,10,24,15,9,true,false,false
match-24e2a240-47,rudeljaeger,standard,1,10,5,5,5,15,9,6,false,false,false
match-edd16c0b-49,forschung_muskelkraft,standard,0,6,4,7,5,16,11,5,true,true,true
match-d306ef01-53,forschung_muskelkraft,standard,0,6,3,12,12,27,15,12,true,false,false
match-c5a1b07c-55,rudeljaeger,standard,1,6,2,7,8,17,10,7,false,false,false
match-c5a1b07c-55,forschung_muskelkraft,standard,0,8,5,8,6,19,13,6,true,false,true
match-3eef013a-56,rudeljaeger,standard,1,6,3,12,18,33,15,18,false,false,false
match-3189c2b5-58,forschung_muskelkraft,standard,0,6,3,11,8,22,13,9,false,false,false
match-aad73372-59,rudeljaeger,standard,1,7,3,15,16,34,15,19,true,true,true
match-9d71f4ed-61,rudeljaeger,standard,1,6,3,11,14,28,15,13,false,false,false
match-900cb668-63,rudeljaeger,standard,1,7,4,19,24,47,20,27,false,false,false
match-900cb668-63,forschung_muskelkraft,standard,0,11,3,8,8,19,15,4,true,true,true
match-05a370d6-65,rudeljaeger,standard,1,6,2,9,10,21,10,11,true,true,true
match-7ef0c193-66,forschung_muskelkraft,standard,0,6,4,8,8,20,12,8,false,false,false
match-7ef0c193-66,rudeljaeger,standard,1,7,5,18,24,47,25,22,true,true,true
match-f83e3250-67,forschung_muskelkraft,standard,0,8,4,6,6,16,12,4,true,true,true
match-dd73b546-71,rudeljaeger,standard,1,7,4,18,20,42,20,22,false,false,false
match-dd73b546-71,forschung_muskelkraft,standard,0,8,3,10,9,22,15,7,false,false,false
match-56c10604-72,rudeljaeger,standard,1,10,3,3,4,10,7,3,false,false,false
match-56c10604-72,forschung_muskelkraft,standard,0,10,4,11,9,24,18,6,true,true,true
match-d00e76c1-73,forschung_muskelkraft,standard,0,6,5,8,6,19,13,6,true,false,false
match-d00e76c1-73,rudeljaeger,standard,1,7,3,13,15,31,15,16,false,false,false
match-3bf688fa-76,forschung_muskelkraft,standard,0,6,4,8,4,16,10,6,true,false,false
match-a7debb32-79,forschung_muskelkraft,standard,0,7,3,4,4,11,7,4,true,false,true
match-ea1ad5bb-82,forschung_muskelkraft,standard,0,6,2,11,8,21,10,11,false,false,false
match-ea1ad5bb-82,rudeljaeger,standard,1,7,4,17,20,41,20,21,true,false,true
match-63682679-83,rudeljaeger,standard,1,6,3,8,7,18,14,4,false,false,false
match-5602e7f4-85,rudeljaeger,standard,1,6,2,9,10,21,10,11,false,false,false
match-5602e7f4-85,forschung_muskelkraft,standard,0,6,5,7,7,19,13,6,true,false,false
match-cf5058b1-86,forschung_muskelkraft,standard,0,10,4,12,10,26,20,6,true,false,false
match-c1eb1a2c-88,forschung_muskelkraft,standard,0,6,3,9,8,20,11,9,false,false,false
match-3b386aea-89,forschung_muskelkraft,standard,0,6,3,9,8,20,11,9,true,false,true
match-2dd32c65-91,forschung_muskelkraft,standard,0,6,3,11,7,21,14,7,false,false,false
match-a7209d22-92,forschung_muskelkraft,standard,0,6,3,13,10,26,15,11,false,false,false
match-206dede0-93,forschung_muskelkraft,standard,0,6,3,8,6,17,11,6,true,true,true
match-99bb5e9d-94,forschung_muskelkraft,standard,0,7,3,3,2,8,7,1,false,false,false
match-99bb5e9d-94,rudeljaeger,standard,1,7,4,18,20,42,20,22,true,false,false
match-1308af5b-95,rudeljaeger,standard,1,6,2,7,8,17,10,7,false,false,false
match-1308af5b-95,forschung_muskelkraft,standard,0,8,4,6,4,14,12,2,true,false,false
match-2f4f6885-97,rudeljaeger,standard,1,9,5,24,32,61,25,36,false,false,false
match-978e3fdc-100,forschung_muskelkraft,standard,0,6,2,7,6,15,10,5,true,false,false
match-978e3fdc-100,rudeljaeger,standard,1,6,3,11,11,25,15,10,false,false,false
match-a4f37e61-102,rudeljaeger,standard,1,6,5,21,22,48,25,23,false,false,false
match-2ba60da4-103,rudeljaeger,standard,1,8,5,28,33,66,25,41,false,false,false
match-2ba60da4-103,forschung_muskelkraft,standard,0,10,1,3,2,6,5,1,true,false,false
match-7cc3a2d2-104,rudeljaeger,standard,1,6,2,10,11,23,10,13,true,false,true
match-03765215-105,forschung_muskelkraft,standard,0,7,4,14,12,30,16,14,true,false,true
match-8a28e157-106,rudeljaeger,standard,1,6,5,20,19,44,25,19,false,false,false
match-8a28e157-106,forschung_muskelkraft,standard,0,9,5,13,11,29,22,7,true,false,false
match-10db909a-107,forschung_muskelkraft,standard,0,6,4,6,6,16,12,4,true,false,false
match-61f925c8-108,rudeljaeger,standard,1,6,3,12,16,31,15,16,false,false,false
match-e8abd50a-109,rudeljaeger,standard,1,6,4,16,21,41,20,21,false,false,false
match-e8abd50a-109,forschung_muskelkraft,standard,0,9,5,19,13,37,23,14,true,true,true
match-6f5e644d-110,rudeljaeger,standard,1,7,2,10,12,24,10,14,false,false,false
match-6f5e644d-110,forschung_muskelkraft,standard,0,7,3,3,3,9,7,2,true,false,false
match-f611138f-111,rudeljaeger,standard,1,6,5,5,6,16,9,7,false,false,false
match-f611138f-111,forschung_muskelkraft,standard,0,7,4,12,11,27,16,11,true,false,false
match-472ea8be-112,rudeljaeger,standard,1,6,4,17,17,38,20,18,false,false,false
match-5493e743-114,rudeljaeger,standard,1,6,4,16,16,36,19,17,false,false,false
match-5493e743-114,forschung_muskelkraft,standard,0,7,4,10,7,21,14,7,true,false,false
match-db469685-115,forschung_muskelkraft,standard,0,7,4,9,8,21,16,5,false,false,false
match-896ac347-117,rudeljaeger,standard,1,6,4,19,21,44,20,24,true,false,false
match-896ac347-117,forschung_muskelkraft,standard,0,7,3,10,9,22,15,7,false,false,false
match-101d728a-118,rudeljaeger,standard,1,9,5,23,29,57,25,32,false,false,false
match-101d728a-118,forschung_muskelkraft,standard,0,13,3,6,5,14,10,4,true,true,true
match-96d001cc-119,rudeljaeger,standard,1,6,3,12,15,30,15,15,true,false,true
match-7c0584c2-123,forschung_muskelkraft,standard,0,6,4,8,8,20,12,8,true,false,false
match-53d5c933-125,forschung_muskelkraft,standard,0,6,3,3,2,8,7,1,true,true,true
match-613b07b8-127,rudeljaeger,standard,1,6,4,16,23,43,20,23,false,false,false
match-613b07b8-127,forschung_muskelkraft,standard,0,7,4,8,7,19,16,3,true,false,false
match-46708aae-131,rudeljaeger,standard,1,6,4,18,19,41,20,21,true,false,false
match-46708aae-131,forschung_muskelkraft,standard,0,8,2,7,6,15,10,5,false,false,false
match-47ecc6ce-133,rudeljaeger,standard,1,6,4,14,14,32,17,15,false,false,false
match-47ecc6ce-133,forschung_muskelkraft,standard,0,7,5,7,7,19,13,6,true,false,false
match-a66fba81-136,forschung_muskelkraft,standard,0,7,4,8,8,20,12,8,true,false,true
match-8ba53d77-140,rudeljaeger,standard,1,7,3,14,19,36,15,21,false,false,false
match-8ba53d77-140,forschung_muskelkraft,standard,0,7,5,12,11,28,17,11,true,false,false
match-70daa06d-144,forschung_muskelkraft,standard,0,6,2,4,4,10,6,4,true,false,false
match-70daa06d-144,rudeljaeger,standard,1,13,3,11,10,24,11,13,false,false,false
match-04f28e35-147,rudeljaeger,standard,1,6,3,13,14,30,15,15,true,false,false
match-b316daf6-149,forschung_muskelkraft,standard,0,6,2,8,6,16,10,6,true,false,false
match-b316daf6-149,rudeljaeger,standard,1,6,3,11,13,27,15,12,false,false,false
match-c07c197b-151,forschung_muskelkraft,standard,0,7,4,13,10,27,20,7,false,false,false
match-c07c197b-151,rudeljaeger,standard,1,10,5,21,22,48,24,24,true,false,true
match-984c5dec-153,rudeljaeger,standard,1,11,5,0,0,5,5,0,false,false,false
match-984c5dec-153,forschung_muskelkraft,standard,0,12,2,7,7,16,10,6,true,false,true
match-1efeed2f-154,rudeljaeger,standard,1,6,4,15,18,37,20,17,false,false,false
match-1efeed2f-154,forschung_muskelkraft,standard,0,9,5,19,14,38,23,15,true,false,false
match-f6cf319f-156,rudeljaeger,standard,1,6,4,18,23,45,20,25,false,false,false
match-04347025-158,rudeljaeger,standard,1,6,4,17,20,41,20,21,false,false,false
match-8ae71f67-159,rudeljaeger,standard,1,9,3,18,18,39,15,24,false,false,false
match-8ae71f67-159,forschung_muskelkraft,standard,0,11,3,14,12,29,15,14,true,false,false
match-62b743d8-161,forschung_muskelkraft,standard,0,6,4,4,4,12,8,4,true,false,false
match-62b743d8-161,rudeljaeger,standard,1,12,4,19,23,46,16,30,false,false,false
match-e969f31a-162,rudeljaeger,standard,1,6,4,18,20,42,20,22,false,false,false
match-e969f31a-162,forschung_muskelkraft,standard,0,7,3,8,5,16,13,3,true,false,false
match-eae62f3a-164,rudeljaeger,standard,1,6,3,14,16,33,15,18,false,false,false
match-eae62f3a-164,forschung_muskelkraft,standard,0,7,5,11,11,27,17,10,true,false,false
match-7198de7d-165,forschung_muskelkraft,standard,0,7,4,7,6,17,12,5,true,false,false
match-f84b6dbf-166,forschung_muskelkraft,standard,0,7,3,4,4,11,7,4,true,false,true
match-7efe1d02-167,rudeljaeger,standard,1,6,4,16,16,36,20,16,false,false,false
match-7efe1d02-167,forschung_muskelkraft,standard,0,8,5,11,7,23,20,3,true,true,true
match-56ce4173-169,rudeljaeger,standard,1,6,4,15,19,38,20,18,false,false,false
match-56ce4173-169,forschung_muskelkraft,standard,0,7,5,10,9,24,17,7,true,false,false
match-dd80f0b5-170,rudeljaeger,standard,1,6,4,17,18,39,19,20,true,false,false
match-dd80f0b5-170,forschung_muskelkraft,standard,0,7,3,6,5,14,11,3,false,false,false
match-b5513526-172,rudeljaeger,standard,1,6,3,14,17,34,15,19,true,true,true
match-c2b673ab-174,rudeljaeger,standard,1,6,3,14,16,33,15,18,true,true,true
match-496902ee-175,forschung_muskelkraft,standard,0,6,3,10,8,21,13,8,true,false,false
match-496902ee-175,rudeljaeger,standard,1,6,3,12,13,28,15,13,false,false,false
match-9a86b81c-176,forschung_muskelkraft,standard,0,6,5,6,6,17,13,4,true,false,true
match-2139475f-177,rudeljaeger,standard,1,6,2,8,10,20,10,10,false,false,false
match-a7ebf6a1-178,rudeljaeger,standard,1,6,4,18,23,45,20,25,false,false,false
match-2e9e85e4-179,rudeljaeger,standard,1,6,4,18,22,44,20,24,true,false,false
match-2e9e85e4-179,forschung_muskelkraft,standard,0,7,4,11,9,24,16,8,false,false,false
match-637561e8-182,forschung_muskelkraft,standard,0,7,4,16,8,28,16,12,false,false,false
match-3b45a659-184,rudeljaeger,standard,1,6,3,14,16,33,15,18,false,false,false
match-3b45a659-184,forschung_muskelkraft,standard,0,7,5,11,9,25,17,8,true,false,false
match-c1f8559b-185,rudeljaeger,standard,1,6,2,10,12,24,10,14,false,false,false
match-c1f8559b-185,forschung_muskelkraft,standard,0,13,3,10,8,21,15,6,true,false,true
match-207b294f-188,rudeljaeger,standard,1,6,4,18,23,45,20,25,false,false,false
match-207b294f-188,forschung_muskelkraft,standard,0,7,5,9,7,21,17,4,true,false,false
match-a72dd891-189,rudeljaeger,standard,1,6,3,13,17,33,15,18,true,true,true
match-a72dd891-189,forschung_muskelkraft,standard,0,7,3,10,9,22,15,7,false,false,false
match-2de067d4-190,forschung_muskelkraft,standard,0,7,4,10,8,22,16,6,true,true,true
match-05b0ac45-192,forschung_muskelkraft,standard,0,7,4,12,12,28,16,12,true,false,false
match-05b0ac45-192,rudeljaeger,standard,1,8,5,20,21,46,25,21,false,false,false
match-8c635b87-193,forschung_muskelkraft,standard,0,6,4,9,8,21,12,9,false,false,false
match-1315eaca-194,rudeljaeger,standard,1,6,4,17,21,42,20,22,true,false,true
match-99c89a0c-195,rudeljaeger,standard,1,6,2,9,12,23,10,13,true,false,true
match-149226ea-196,rudeljaeger,standard,1,13,4,15,14,33,12,21,false,false,false
match-8a86098e-200,solidaritaet_ueberleben,standard,1,6,3,10,13,26,15,11,false,false,false
match-8a86098e-200,forschung_muskelkraft,standard,0,13,2,10,12,24,10,14,true,false,true
match-7d20cb09-202,forschung_muskelkraft,standard,0,6,4,7,8,19,8,11,false,false,false
match-f66e3bc6-203,solidaritaet_ueberleben,standard,1,6,2,8,11,21,10,11,false,false,false
match-f66e3bc6-203,forschung_muskelkraft,standard,0,8,3,15,16,34,15,19,true,false,false
match-6fbb8c84-204,forschung_muskelkraft,standard,0,6,5,20,26,51,25,26,true,false,false
match-e908fd41-205,forschung_muskelkraft,standard,0,6,5,9,9,23,12,11,true,false,false
match-e908fd41-205,solidaritaet_ueberleben,standard,1,7,4,15,18,37,20,17,false,false,false
match-62564dff-206,forschung_muskelkraft,standard,0,7,2,5,6,13,6,7,true,false,false
match-62564dff-206,solidaritaet_ueberleben,standard,1,7,5,3,3,11,9,2,false,false,false
match-dba3bebc-207,forschung_muskelkraft,standard,0,6,5,21,29,55,25,30,false,false,false
match-dba3bebc-207,solidaritaet_ueberleben,standard,1,11,4,6,6,16,8,8,true,false,false
match-54f10f7a-208,solidaritaet_ueberleben,standard,1,10,4,17,22,43,20,23,false,false,false
match-54f10f7a-208,forschung_muskelkraft,standard,0,11,4,14,16,34,20,14,true,false,true
match-ce3e6037-209,forschung_muskelkraft,standard,0,6,4,15,15,34,18,16,true,false,false
match-478bd0f5-210,solidaritaet_ueberleben,standard,1,6,3,11,14,28,15,13,false,false,false
match-478bd0f5-210,forschung_muskelkraft,standard,0,9,2,6,9,17,9,8,true,false,false
match-3a269270-212,solidaritaet_ueberleben,standard,1,6,3,12,14,29,15,14,true,false,true
match-3a269270-212,forschung_muskelkraft,standard,0,6,4,11,11,26,20,6,false,false,false
match-2cc153eb-214,forschung_muskelkraft,standard,0,7,3,11,13,27,15,12,true,false,false
match-a60ea4a8-215,forschung_muskelkraft,standard,0,6,5,11,11,27,17,10,true,false,false
match-f5b01db6-216,solidaritaet_ueberleben,standard,1,6,3,11,11,25,15,10,true,false,true
match-6efd6e74-217,solidaritaet_ueberleben,standard,1,7,3,15,21,39,15,24,true,true,true
match-e84adf31-218,solidaritaet_ueberleben,standard,1,6,3,11,13,27,15,12,false,false,false
match-e84adf31-218,forschung_muskelkraft,standard,0,8,4,17,18,39,20,19,true,false,false
match-61982fef-219,solidaritaet_ueberleben,standard,1,6,2,8,14,24,10,14,false,false,false
match-61982fef-219,forschung_muskelkraft,standard,0,6,4,13,13,30,20,10,true,false,false
match-dae580ac-220,solidaritaet_ueberleben,standard,1,6,2,6,11,19,10,9,false,false,false
match-dae580ac-220,forschung_muskelkraft,standard,0,11,4,16,17,37,20,17,true,false,true
match-5432f16a-221,solidaritaet_ueberleben,standard,1,6,2,7,10,19,10,9,false,false,false
match-5432f16a-221,forschung_muskelkraft,standard,0,8,4,13,17,34,19,15,true,true,true
match-cd804227-222,forschung_muskelkraft,standard,0,6,5,15,21,41,24,17,false,false,false
match-46cdb2e5-223,solidaritaet_ueberleben,standard,1,6,2,9,9,20,10,10,false,false,false
match-46cdb2e5-223,forschung_muskelkraft,standard,0,11,1,3,5,9,5,4,true,true,true
match-c01b03a2-224,solidaritaet_ueberleben,standard,1,6,3,12,15,30,15,15,true,false,false
match-39687460-225,solidaritaet_ueberleben,standard,1,6,4,14,16,34,19,15,false,false,false
match-39687460-225,forschung_muskelkraft,standard,0,8,3,12,11,26,13,13,true,false,false
match-b2b5c51d-226,forschung_muskelkraft,standard,0,6,4,11,17,32,20,12,false,false,false
match-2c0335db-227,forschung_muskelkraft,standard,0,6,4,14,14,32,19,13,true,false,false
match-2c0335db-227,solidaritaet_ueberleben,standard,1,7,2,8,9,19,10,9,false,false,false
match-1e9df756-229,forschung_muskelkraft,standard,0,8,3,12,13,28,15,13,true,true,true
match-97eb4813-230,forschung_muskelkraft,standard,0,8,3,17,21,41,15,26,true,false,false
match-97eb4813-230,solidaritaet_ueberleben,standard,1,9,5,17,23,45,24,21,false,false,false
match-1138b8d1-231,solidaritaet_ueberleben,standard,1,6,1,5,6,12,5,7,false,false,false
match-1138b8d1-231,forschung_muskelkraft,standard,0,7,4,15,17,36,20,16,true,false,false
match-b432013d-232,solidaritaet_ueberleben,standard,1,7,2,10,11,23,10,13,false,false,false
match-b432013d-232,forschung_muskelkraft,standard,0,9,3,13,18,34,14,20,true,false,false
match-2d7f71fb-233,forschung_muskelkraft,standard,0,10,4,15,21,40,19,21,true,true,true
match-a6ccc2b8-234,forschung_muskelkraft,standard,0,6,2,8,10,20,10,10,true,false,false
match-99678433-236,forschung_muskelkraft,standard,0,6,2,9,10,21,10,11,true,false,false
match-12b4f4f1-237,forschung_muskelkraft,standard,0,6,4,15,15,34,18,16,true,false,false
match-8c0245ae-238,forschung_muskelkraft,standard,0,6,4,16,18,38,20,18,true,false,false
match-8c0245ae-238,solidaritaet_ueberleben,standard,1,7,3,11,13,27,15,12,false,false,false
match-054fb66c-239,forschung_muskelkraft,standard,0,6,5,6,7,18,9,9,true,false,false
match-054fb66c-239,solidaritaet_ueberleben,standard,1,10,5,29,31,65,25,40,false,false,false
match-7e9d0729-240,forschung_muskelkraft,standard,0,6,5,13,24,42,23,19,false,false,false
match-f7ea77e6-241,solidaritaet_ueberleben,standard,1,7,4,18,23,45,20,25,false,false,false
match-f7ea77e6-241,forschung_muskelkraft,standard,0,12,3,11,11,25,12,13,true,false,false
match-ea853961-243,forschung_muskelkraft,standard,0,6,4,6,7,17,8,9,false,false,false
match-63d28a1f-244,forschung_muskelkraft,standard,0,9,3,9,10,22,15,7,true,false,false
match-dd1ffadc-245,solidaritaet_ueberleben,standard,1,6,2,7,11,20,10,10,false,false,false
match-dd1ffadc-245,forschung_muskelkraft,standard,0,7,3,9,13,25,15,10,true,false,false
match-cfbabc57-247,solidaritaet_ueberleben,standard,1,8,5,24,25,54,25,29,true,false,false
match-cfbabc57-247,forschung_muskelkraft,standard,0,10,5,8,13,26,17,9,false,false,false
match-1f5c1566-248,forschung_muskelkraft,standard,0,12,4,14,18,36,19,17,true,true,true
match-98a96623-249,forschung_muskelkraft,standard,0,6,4,15,20,39,20,19,false,false,false
match-98a96623-249,solidaritaet_ueberleben,standard,1,7,3,12,12,27,15,12,true,false,false
match-11f6d6e1-250,forschung_muskelkraft,standard,0,6,4,15,21,40,19,21,true,false,false
match-8b44279e-251,solidaritaet_ueberleben,standard,1,8,2,12,11,25,10,15,false,false,false
match-0491985c-252,forschung_muskelkraft,standard,0,6,3,11,13,27,15,12,true,false,false
match-7ddee919-253,forschung_muskelkraft,standard,0,7,4,15,15,34,18,16,true,false,false
match-f72c59d6-254,solidaritaet_ueberleben,standard,1,6,3,11,12,26,15,11,false,false,false
match-f72c59d6-254,forschung_muskelkraft,standard,0,8,3,10,13,26,11,15,true,false,false
match-63146c0f-257,forschung_muskelkraft,standard,0,12,5,15,16,36,21,15,false,false,false
match-63146c0f-257,solidaritaet_ueberleben,standard,1,14,3,10,10,23,11,12,false,false,false
match-dc61dccc-258,solidaritaet_ueberleben,standard,1,7,4,17,22,43,20,23,true,true,true
match-dc61dccc-258,forschung_muskelkraft,standard,0,8,4,18,20,42,20,22,false,false,false
match-55af2d8a-259,forschung_muskelkraft,standard,0,6,4,9,12,25,12,13,true,false,false
match-cefc9e47-260,solidaritaet_ueberleben,standard,1,6,3,11,14,28,15,13,false,false,false
match-cefc9e47-260,forschung_muskelkraft,standard,0,8,3,10,13,26,11,15,true,false,false
match-4849ef05-261,solidaritaet_ueberleben,standard,1,7,4,18,21,43,20,23,true,false,true
match-c1975fc2-262,forschung_muskelkraft,standard,0,6,4,14,21,39,20,19,true,false,false
match-3ae4b080-263,forschung_muskelkraft,standard,0,8,5,10,14,29,17,12,false,false,false
match-ddde18ec-264,forschung_muskelkraft,standard,0,10,5,15,21,41,21,20,false,false,false
match-ddde18ec-264,solidaritaet_ueberleben,standard,1,13,5,21,22,48,21,27,false,false,false
match-572b69aa-265,forschung_muskelkraft,standard,0,6,3,12,14,29,14,15,true,false,false
match-572b69aa-265,solidaritaet_ueberleben,standard,1,9,5,21,25,51,25,26,false,false,false
match-d078da67-266,solidaritaet_ueberleben,standard,1,6,2,5,8,15,10,5,true,false,false
match-d078da67-266,forschung_muskelkraft,standard,0,6,5,15,18,38,24,14,false,false,false
match-49c62b25-267,solidaritaet_ueberleben,standard,1,8,3,15,19,37,15,22,false,false,false
match-49c62b25-267,forschung_muskelkraft,standard,0,8,3,12,15,30,15,15,true,false,false
match-c3139be2-268,solidaritaet_ueberleben,standard,1,6,3,12,14,29,15,14,true,false,false
match-c3139be2-268,forschung_muskelkraft,standard,0,9,3,13,15,31,15,16,false,false,false
match-3c60eca0-269,forschung_muskelkraft,standard,0,6,2,8,8,18,10,8,false,false,false
match-3c60eca0-269,solidaritaet_ueberleben,standard,1,16,4,11,10,25,12,13,false,false,false
match-b5ae5d5d-270,solidaritaet_ueberleben,standard,1,6,4,14,14,32,19,13,false,false,false
match-b5ae5d5d-270,forschung_muskelkraft,standard,0,6,2,7,7,16,10,6,true,false,false
match-2efbae1b-271,solidaritaet_ueberleben,standard,1,7,3,15,20,38,15,23,false,false,false
match-21966f96-273,solidaritaet_ueberleben,standard,1,6,3,12,15,30,15,15,true,false,false
match-21966f96-273,forschung_muskelkraft,standard,0,7,3,6,5,14,11,3,false,false,false
match-9ae3c053-274,forschung_muskelkraft,standard,0,9,3,11,15,29,14,15,true,false,false
match-14313111-275,solidaritaet_ueberleben,standard,1,6,3,12,15,30,15,15,false,false,false
match-14313111-275,forschung_muskelkraft,standard,0,6,4,9,10,23,18,5,true,false,false
match-8d7e81ce-276,forschung_muskelkraft,standard,0,7,1,5,6,12,5,7,true,false,false
match-8d7e81ce-276,solidaritaet_ueberleben,standard,1,12,4,10,9,23,12,11,false,false,false
match-06cbf28c-277,solidaritaet_ueberleben,standard,1,6,3,11,10,24,14,10,false,false,false
match-06cbf28c-277,forschung_muskelkraft,standard,0,8,4,12,15,31,16,15,true,false,false
match-80194349-278,forschung_muskelkraft,standard,0,7,4,15,16,35,19,16,true,false,false
match-80194349-278,solidaritaet_ueberleben,standard,1,12,4,16,20,40,20,20,false,false,false
match-f966b406-279,solidaritaet_ueberleben,standard,1,6,3,8,9,20,14,6,false,false,false
match-f966b406-279,forschung_muskelkraft,standard,0,11,2,5,7,14,9,5,true,true,true
match-49080d15-280,solidaritaet_ueberleben,standard,1,7,4,17,22,43,20,23,false,false,false
match-49080d15-280,forschung_muskelkraft,standard,0,8,3,12,14,29,15,14,true,false,false
match-3ba2ce90-282,forschung_muskelkraft,standard,0,6,3,6,8,17,7,10,true,true,true
match-b4f03f4d-283,forschung_muskelkraft,standard,0,7,1,5,6,12,5,7,true,false,false
match-b4f03f4d-283,solidaritaet_ueberleben,standard,1,12,3,13,20,36,15,21,false,false,false
match-2e3d900b-284,solidaritaet_ueberleben,standard,1,6,2,8,11,21,10,11,false,false,false
match-2e3d900b-284,forschung_muskelkraft,standard,0,9,4,13,13,30,17,13,true,false,false
match-a78ae0c8-285,forschung_muskelkraft,standard,0,6,4,11,14,29,17,12,true,false,false
match-20d85186-286,forschung_muskelkraft,standard,0,6,4,12,12,28,18,10,false,false,false
match-20d85186-286,solidaritaet_ueberleben,standard,1,9,5,19,23,47,24,23,true,false,false
match-9a25a243-287,solidaritaet_ueberleben,standard,1,6,3,12,15,30,15,15,false,false,false
match-9a25a243-287,forschung_muskelkraft,standard,0,7,2,7,7,16,10,6,true,false,false
match-13731301-288,solidaritaet_ueberleben,standard,1,6,2,8,11,21,10,11,false,false,false
match-13731301-288,forschung_muskelkraft,standard,0,7,3,3,3,9,7,2,true,false,false
match-8cc063be-289,forschung_muskelkraft,standard,0,6,5,12,13,30,13,17,true,false,false
match-060dd47c-290,solidaritaet_ueberleben,standard,1,6,3,11,13,27,15,12,true,false,false
match-060dd47c-290,forschung_muskelkraft,standard,0,12,5,17,23,45,25,20,false,false,false
match-7f5b2539-291,solidaritaet_ueberleben,standard,1,6,2,9,10,21,10,11,true,false,false
match-f8a895f6-292,forschung_muskelkraft,standard,0,6,5,19,20,44,23,21,true,false,false
match-f8a895f6-292,solidaritaet_ueberleben,standard,1,7,3,12,15,30,15,15,false,false,false
match-6490a82f-295,solidaritaet_ueberleben,standard,1,10,5,24,32,61,25,36,false,false,false
match-6490a82f-295,forschung_muskelkraft,standard,0,13,3,9,10,22,15,7,true,true,true
match-078a109c-296,solidaritaet_ueberleben,standard,1,6,3,11,11,25,14,11,false,false,false
match-078a109c-296,forschung_muskelkraft,standard,0,8,3,12,13,28,15,13,true,false,false
match-80d76159-297,forschung_muskelkraft,standard,0,6,4,8,12,24,15,9,true,false,true
match-737222d4-299,solidaritaet_ueberleben,standard,1,6,4,14,15,33,20,13,false,false,false
match-737222d4-299,forschung_muskelkraft,standard,0,8,4,16,17,37,19,18,true,false,false
match-7518d860-300,solidaritaet_ueberleben,standard,1,6,4,18,20,42,20,22,false,false,false
match-7518d860-300,forschung_muskelkraft,standard,0,9,5,18,23,46,24,22,true,true,true
match-827e16e5-302,forschung_muskelkraft,standard,0,7,4,11,12,27,12,15,false,false,false
match-fbcb67a2-303,solidaritaet_ueberleben,standard,1,6,4,15,18,37,20,17,false,false,false
match-fbcb67a2-303,forschung_muskelkraft,standard,0,8,3,15,19,37,15,22,true,false,false
match-5a4e5b56-304,forschung_muskelkraft,standard,0,7,2,8,8,18,10,8,true,true,true
match-d39bac13-305,solidaritaet_ueberleben,standard,1,6,4,15,20,39,20,19,false,false,false
match-d39bac13-305,forschung_muskelkraft,standard,0,9,4,16,15,35,20,15,true,false,false
match-67b399db-306,forschung_muskelkraft,standard,0,7,4,16,16,36,19,17,true,false,false
match-e100ea98-307,solidaritaet_ueberleben,standard,1,6,3,12,14,29,15,14,true,false,false
match-e100ea98-307,forschung_muskelkraft,standard,0,11,5,15,15,35,19,16,false,false,false
match-3f83de4c-308,forschung_muskelkraft,standard,0,7,3,13,13,29,15,14,true,false,false
match-b8d12f09-309,forschung_muskelkraft,standard,0,6,3,9,15,27,15,12,true,false,false
match-b8d12f09-309,solidaritaet_ueberleben,standard,1,6,3,11,12,26,15,11,false,false,false
match-c6366d8e-311,solidaritaet_ueberleben,standard,1,8,4,20,25,49,20,29,false,false,false
match-9e06b1ff-313,forschung_muskelkraft,standard,0,7,3,13,15,31,15,16,true,false,false
match-9e06b1ff-313,solidaritaet_ueberleben,standard,1,10,5,25,27,57,25,32,false,false,false
match-321e9fc7-314,forschung_muskelkraft,standard,0,7,4,8,10,22,16,6,true,true,true
match-ab6bf084-315,forschung_muskelkraft,standard,0,7,4,4,5,13,8,5,false,false,false
match-ab6bf084-315,solidaritaet_ueberleben,standard,1,9,5,20,28,53,25,28,true,false,false
match-e042cc88-316,forschung_muskelkraft,standard,0,9,4,16,21,41,19,22,true,false,true
match-e042cc88-316,solidaritaet_ueberleben,standard,1,10,5,11,13,29,17,12,false,false,false
match-59903d46-317,solidaritaet_ueberleben,standard,1,6,5,22,21,48,25,23,false,false,false
match-59903d46-317,forschung_muskelkraft,standard,0,9,5,16,19,40,25,15,true,false,true
match-eda80b0d-318,forschung_muskelkraft,standard,0,7,5,6,8,19,9,10,true,true,true
match-66f57bcb-319,forschung_muskelkraft,standard,0,6,4,12,15,31,19,12,true,false,false
match-c5784f7e-320,forschung_muskelkraft,standard,0,7,5,15,16,36,20,16,true,true,true
match-3ec5a03c-321,solidaritaet_ueberleben,standard,1,6,4,17,22,43,20,23,false,false,false
match-3ec5a03c-321,forschung_muskelkraft,standard,0,7,3,8,9,20,11,9,true,false,false
match-4c2afec1-323,forschung_muskelkraft,standard,0,7,3,11,14,28,14,14,true,true,true
match-aaadd274-324,solidaritaet_ueberleben,standard,1,6,4,17,24,45,20,25,false,false,false
match-aaadd274-324,forschung_muskelkraft,standard,0,11,4,12,12,28,20,8,true,false,true
match-23fb2332-325,solidaritaet_ueberleben,standard,1,6,3,13,16,32,15,17,false,false,false
match-23fb2332-325,forschung_muskelkraft,standard,0,7,4,7,9,20,8,12,true,false,false
match-b81310f9-326,solidaritaet_ueberleben,standard,1,6,3,14,16,33,15,18,false,false,false
match-b81310f9-326,forschung_muskelkraft,standard,0,8,1,5,6,12,5,7,true,true,true
match-316061b7-327,forschung_muskelkraft,standard,0,7,3,10,14,27,14,13,true,false,false
match-316061b7-327,solidaritaet_ueberleben,standard,1,9,3,18,19,40,15,25,false,false,false
match-0930a628-329,forschung_muskelkraft,standard,0,7,5,12,16,33,13,20,true,false,false
match-0930a628-329,solidaritaet_ueberleben,standard,1,10,5,23,33,61,25,36,false,false,false
match-9d4893ef-330,solidaritaet_ueberleben,standard,1,6,2,10,11,23,10,13,false,false,false
match-9d4893ef-330,forschung_muskelkraft,standard,0,9,4,7,6,17,11,6,true,false,false
match-1695e4ad-331,forschung_muskelkraft,standard,0,6,2,7,8,17,10,7,true,false,false
match-1695e4ad-331,solidaritaet_ueberleben,standard,1,9,4,15,11,30,17,13,false,false,false
match-181220cd-333,solidaritaet_ueberleben,standard,1,11,4,27,22,53,20,33,true,false,true
match-181220cd-333,forschung_muskelkraft,standard,0,11,1,3,3,7,5,2,false,false,false
match-25777f52-335,forschung_muskelkraft,standard,0,6,2,8,10,20,10,10,true,false,false
match-25777f52-335,solidaritaet_ueberleben,standard,1,6,2,8,8,18,10,8,false,false,false
match-83fa5305-336,forschung_muskelkraft,standard,0,6,3,7,16,26,15,11,false,false,false
match-fd47a3c2-337,solidaritaet_ueberleben,standard,1,6,3,12,14,29,15,14,true,false,false
match-fd47a3c2-337,forschung_muskelkraft,standard,0,7,4,14,15,33,20,13,false,false,false
match-0aace248-339,solidaritaet_ueberleben,standard,1,6,3,14,16,33,15,18,true,false,true
match-692fd5fb-340,solidaritaet_ueberleben,standard,1,6,4,18,22,44,20,24,true,false,false
match-692fd5fb-340,forschung_muskelkraft,standard,0,7,4,16,16,36,20,16,false,false,false
match-e27d26b8-341,solidaritaet_ueberleben,standard,1,8,4,20,27,51,20,31,false,false,false
match-76951480-342,solidaritaet_ueberleben,standard,1,6,4,16,22,42,20,22,false,false,false
match-76951480-342,forschung_muskelkraft,standard,0,7,2,8,9,19,10,9,true,false,false
match-efe2653d-343,solidaritaet_ueberleben,standard,1,6,3,14,16,33,15,18,false,false,false
match-efe2653d-343,forschung_muskelkraft,standard,0,7,4,15,20,39,20,19,true,false,false
match-4e6558f1-344,solidaritaet_ueberleben,standard,1,6,3,13,14,30,15,15,false,false,false
match-4e6558f1-344,forschung_muskelkraft,standard,0,14,3,6,11,20,14,6,true,true,true
match-5bca9776-346,forschung_muskelkraft,standard,0,7,3,6,8,17,7,10,false,false,false
match-5bca9776-346,solidaritaet_ueberleben,standard,1,15,4,11,9,24,12,12,false,false,false
match-d517e833-347,forschung_muskelkraft,standard,0,9,5,10,13,28,13,15,true,true,true
match-09eec438-348,solidaritaet_ueberleben,standard,1,7,4,17,19,40,20,20,true,true,true
match-833c34f5-349,solidaritaet_ueberleben,standard,1,6,3,11,16,30,15,15,true,false,false
match-833c34f5-349,forschung_muskelkraft,standard,0,7,3,11,13,27,15,12,false,false,false
match-175402bd-350,forschung_muskelkraft,standard,0,6,3,9,16,28,15,13,false,false,false
match-90a1737a-351,forschung_muskelkraft,standard,0,7,3,14,15,32,15,17,true,false,false
match-90a1737a-351,solidaritaet_ueberleben,standard,1,10,4,19,30,53,20,33,false,false,false
match-ef24472d-352,solidaritaet_ueberleben,standard,1,6,3,13,18,34,15,19,false,false,false
match-ef24472d-352,forschung_muskelkraft,standard,0,9,4,14,17,35,19,16,true,false,false
match-6871b7eb-353,forschung_muskelkraft,standard,0,7,5,6,8,19,9,10,false,false,false
match-fc8985b2-354,forschung_muskelkraft,standard,0,7,2,9,11,22,10,12,true,false,false
match-fc8985b2-354,solidaritaet_ueberleben,standard,1,14,5,17,18,40,17,23,false,false,false
match-75d6f670-355,solidaritaet_ueberleben,standard,1,6,4,17,19,40,20,20,true,false,false
match-75d6f670-355,forschung_muskelkraft,standard,0,7,4,9,10,23,12,11,false,false,false
match-d459ca23-356,forschung_muskelkraft,standard,0,7,3,13,15,31,15,16,false,false,false
match-4da73ae1-357,solidaritaet_ueberleben,standard,1,6,3,11,12,26,15,11,true,false,false
match-4da73ae1-357,forschung_muskelkraft,standard,0,7,5,6,9,20,16,4,false,false,false
match-e1bf08a8-358,forschung_muskelkraft,standard,0,7,3,10,11,24,15,9,true,true,true
match-5b0c7966-359,solidaritaet_ueberleben,standard,1,6,2,10,11,23,10,13,true,false,false
match-5b0c7966-359,forschung_muskelkraft,standard,0,7,4,15,18,37,20,17,false,false,false
match-b98f4d19-360,forschung_muskelkraft,standard,0,6,4,10,14,28,19,9,false,false,false
match-b98f4d19-360,solidaritaet_ueberleben,standard,1,6,3,11,13,27,15,12,true,false,true
match-32dcbdd7-361,forschung_muskelkraft,standard,0,7,3,12,13,28,15,13,true,true,true
match-c6f48b9e-362,forschung_muskelkraft,standard,0,7,4,12,15,31,17,14,true,false,false
match-21c0c902-364,solidaritaet_ueberleben,standard,1,6,3,13,14,30,15,15,true,false,false
match-21c0c902-364,forschung_muskelkraft,standard,0,9,3,13,14,30,14,16,false,false,false
match-9b0e39bf-365,forschung_muskelkraft,standard,0,6,4,13,13,30,18,12,false,false,false
match-9b0e39bf-365,solidaritaet_ueberleben,standard,1,6,4,15,17,36,20,16,true,false,false
match-2f260787-366,solidaritaet_ueberleben,standard,1,10,5,23,29,57,25,32,false,false,false
match-a8737844-367,solidaritaet_ueberleben,standard,1,6,2,8,10,20,10,10,true,false,false
match-a8737844-367,forschung_muskelkraft,standard,0,13,5,8,13,26,17,9,false,false,false
match-06f64bf8-368,forschung_muskelkraft,standard,0,7,3,6,7,16,7,9,true,true,true
match-8043bcb5-369,solidaritaet_ueberleben,standard,1,6,4,17,22,43,20,23,true,false,true
match-8da8fb3a-371,forschung_muskelkraft,standard,0,6,3,10,11,24,14,10,false,false,false
match-8da8fb3a-371,solidaritaet_ueberleben,standard,1,11,5,27,24,56,25,31,true,true,true
match-ec2bceed-372,forschung_muskelkraft,standard,0,6,4,8,15,27,18,9,false,false,false
match-ec2bceed-372,solidaritaet_ueberleben,standard,1,12,5,6,7,18,9,9,true,true,true
match-65793fab-373,forschung_muskelkraft,standard,0,7,5,22,25,52,22,30,true,false,false
match-65793fab-373,solidaritaet_ueberleben,standard,1,11,5,26,26,57,25,32,false,false,false
match-f9910d72-374,forschung_muskelkraft,standard,0,6,3,8,12,23,14,9,true,false,false
match-f9910d72-374,solidaritaet_ueberleben,standard,1,7,3,12,13,28,15,13,false,false,false
match-72de7e30-375,forschung_muskelkraft,standard,0,7,3,15,18,36,15,21,true,false,false
match-72de7e30-375,solidaritaet_ueberleben,standard,1,10,4,19,24,47,20,27,false,false,false
match-d16151e3-376,solidaritaet_ueberleben,standard,1,6,5,21,25,51,25,26,false,false,false
match-4aaea2a1-377,solidaritaet_ueberleben,standard,1,7,4,17,20,41,20,21,true,false,false
match-4aaea2a1-377,forschung_muskelkraft,standard,0,9,5,13,15,33,21,12,false,false,false
match-dec69068-378,forschung_muskelkraft,standard,0,7,3,6,8,17,7,10,true,false,false
match-5813e126-379,forschung_muskelkraft,standard,0,7,3,15,19,37,15,22,false,false,false
match-5813e126-379,solidaritaet_ueberleben,standard,1,11,4,7,6,17,8,9,true,false,false
match-8ceadd2a-380,forschung_muskelkraft,standard,0,9,3,8,13,24,14,10,true,false,false
match-06382de8-381,solidaritaet_ueberleben,standard,1,7,3,12,14,29,15,14,true,true,true
match-9a501baf-382,forschung_muskelkraft,standard,0,6,3,10,13,26,15,11,false,false,false
match-139d6c6d-383,forschung_muskelkraft,standard,0,10,5,11,12,28,21,7,true,false,false
match-139d6c6d-383,solidaritaet_ueberleben,standard,1,14,5,20,20,45,21,24,false,false,false
match-72204020-384,forschung_muskelkraft,standard,0,7,5,18,17,40,20,20,true,false,false
match-eb6db0dd-385,forschung_muskelkraft,standard,0,8,2,8,10,20,10,10,false,false,false
match-eb6db0dd-385,solidaritaet_ueberleben,standard,1,10,4,14,22,40,20,20,true,false,true
match-7f859ea5-386,forschung_muskelkraft,standard,0,7,3,15,18,36,15,21,true,false,false
match-f8d2ef62-387,solidaritaet_ueberleben,standard,1,6,3,13,13,29,15,14,false,false,false
match-f8d2ef62-387,forschung_muskelkraft,standard,0,8,3,11,9,23,13,10,true,false,false
match-5755c316-388,forschung_muskelkraft,standard,0,12,4,10,10,24,18,6,false,false,false
match-5755c316-388,solidaritaet_ueberleben,standard,1,14,4,19,16,39,20,19,true,false,true
match-d0a333d3-389,forschung_muskelkraft,standard,0,11,5,13,13,31,19,12,true,false,false
match-d0a333d3-389,solidaritaet_ueberleben,standard,1,14,5,25,24,54,25,29,false,false,false
match-64bb019b-390,solidaritaet_ueberleben,standard,1,7,2,10,9,21,10,11,true,false,false
match-de087258-391,solidaritaet_ueberleben,standard,1,6,5,21,23,49,25,24,false,false,false
match-de087258-391,forschung_muskelkraft,standard,0,8,3,8,10,21,11,10,true,false,false
match-3c8b460c-392,forschung_muskelkraft,standard,0,10,4,14,14,32,17,15,true,false,false
match-b5d8b6c9-393,solidaritaet_ueberleben,standard,1,6,4,18,22,44,20,24,true,false,false
match-49f08491-394,forschung_muskelkraft,standard,0,7,4,7,9,20,8,12,false,false,false
match-49f08491-394,solidaritaet_ueberleben,standard,1,13,4,6,7,17,8,9,true,true,true
match-c33df54e-395,solidaritaet_ueberleben,standard,1,6,3,13,16,32,15,17,true,true,true
match-58d21f36-398,forschung_muskelkraft,standard,0,7,4,12,15,31,16,15,true,false,false
match-58d21f36-398,solidaritaet_ueberleben,standard,1,8,4,16,20,40,20,20,false,false,false
match-d21f6ff3-399,solidaritaet_ueberleben,standard,1,7,3,12,14,29,15,14,false,false,false
match-d21f6ff3-399,forschung_muskelkraft,standard,0,7,4,15,16,35,20,15,false,false,false
match-8837f8bc-402,urzeitliche_kolosse,standard,1,6,3,11,14,28,15,13,false,false,false
match-8837f8bc-402,forschung_muskelkraft,standard,0,8,3,11,12,26,11,15,true,false,false
match-959d3741-404,urzeitliche_kolosse,standard,1,6,3,12,15,30,15,15,true,false,false
match-959d3741-404,forschung_muskelkraft,standard,0,6,3,11,10,24,15,9,false,false,false
match-a30275c6-406,forschung_muskelkraft,standard,0,6,4,9,9,22,12,10,true,false,true
match-a30275c6-406,urzeitliche_kolosse,standard,1,8,4,17,22,43,20,23,false,false,false
match-29b50509-407,urzeitliche_kolosse,standard,1,6,1,5,5,11,5,6,false,false,false
match-29b50509-407,forschung_muskelkraft,standard,0,8,4,9,10,23,12,11,true,false,true
match-b067b44b-408,urzeitliche_kolosse,standard,1,6,2,7,6,15,9,6,false,false,false
match-b067b44b-408,forschung_muskelkraft,standard,0,7,2,6,7,15,10,5,true,true,true
match-371a438e-409,forschung_muskelkraft,standard,0,8,3,9,10,22,11,11,false,false,false
match-bdccf2d0-410,forschung_muskelkraft,standard,0,6,3,11,12,26,15,11,false,false,false
match-bdccf2d0-410,urzeitliche_kolosse,standard,1,7,5,8,9,22,13,9,true,true,true
match-447f8213-411,urzeitliche_kolosse,standard,1,6,2,9,10,21,10,11,true,false,false
match-e5fcae5f-416,forschung_muskelkraft,standard,0,6,4,13,14,31,20,11,false,false,false
match-6caf5da2-417,urzeitliche_kolosse,standard,1,9,5,28,32,65,25,40,false,false,false
match-6caf5da2-417,forschung_muskelkraft,standard,0,11,2,6,7,15,8,7,true,true,true
match-f361ece4-418,urzeitliche_kolosse,standard,1,6,2,8,10,20,10,10,true,false,false
match-8779daac-421,forschung_muskelkraft,standard,0,6,3,12,13,28,15,13,true,true,true
match-0e2c69ef-422,urzeitliche_kolosse,standard,1,6,2,7,10,19,10,9,false,false,false
match-0e2c69ef-422,forschung_muskelkraft,standard,0,8,4,18,16,38,20,18,true,true,true
match-94df1931-423,urzeitliche_kolosse,standard,1,6,3,11,12,26,15,11,false,false,false
match-94df1931-423,forschung_muskelkraft,standard,0,9,3,12,15,30,15,15,true,false,false
match-1b91a874-424,forschung_muskelkraft,standard,0,6,3,4,4,11,7,4,false,false,false
match-a24457b6-425,forschung_muskelkraft,standard,0,6,3,10,9,22,15,7,true,false,false
match-a24457b6-425,urzeitliche_kolosse,standard,1,8,2,10,15,27,10,17,false,false,false
match-28f6e6f9-426,forschung_muskelkraft,standard,0,6,2,7,6,15,10,5,false,false,false
match-43c16403-430,urzeitliche_kolosse,standard,1,6,3,11,12,26,15,11,false,false,false
match-43c16403-430,forschung_muskelkraft,standard,0,8,3,15,11,29,15,14,true,false,false
match-ca741345-431,forschung_muskelkraft,standard,0,6,3,12,13,28,15,13,true,false,false
match-5126a288-432,forschung_muskelkraft,standard,0,8,3,11,14,28,15,13,true,false,false
match-d7d951ca-433,forschung_muskelkraft,standard,0,8,5,18,16,39,24,15,false,false,false
match-5e8be10d-434,forschung_muskelkraft,standard,0,6,2,8,8,18,10,8,true,true,true
match-6bf13f92-436,forschung_muskelkraft,standard,0,6,2,7,6,15,10,5,true,false,false
match-f2a3ced4-437,forschung_muskelkraft,standard,0,6,4,4,4,12,8,4,true,false,true
match-79567e17-438,urzeitliche_kolosse,standard,1,6,3,11,15,29,15,14,true,false,false
match-79567e17-438,forschung_muskelkraft,standard,0,8,4,16,12,32,19,13,false,false,false
match-00090d5a-439,forschung_muskelkraft,standard,0,6,4,9,9,22,12,10,true,false,false
match-86bbbc9c-440,urzeitliche_kolosse,standard,1,6,2,9,9,20,10,10,true,false,false
match-86bbbc9c-440,forschung_muskelkraft,standard,0,7,2,7,7,16,10,6,false,false,false
match-0d6e4bdf-441,urzeitliche_kolosse,standard,1,6,2,9,10,21,10,11,true,false,false
match-0d6e4bdf-441,forschung_muskelkraft,standard,0,6,3,10,9,22,15,7,false,false,false
match-a18639a6-444,forschung_muskelkraft,standard,0,9,4,14,14,32,16,16,false,false,false
match-2838c8e9-445,urzeitliche_kolosse,standard,1,6,2,9,10,21,10,11,true,true,true
match-aeeb782b-446,urzeitliche_kolosse,standard,1,6,2,8,10,20,10,10,false,false,false
match-aeeb782b-446,forschung_muskelkraft,standard,0,8,4,9,11,24,14,10,true,true,true
match-359e076e-447,urzeitliche_kolosse,standard,1,6,2,8,8,18,10,8,false,false,false
match-430345f3-449,forschung_muskelkraft,standard,0,8,3,14,8,25,15,10,false,false,false
match-c9b5f535-450,forschung_muskelkraft,standard,0,7,4,14,12,30,20,10,true,true,true
match-50688478-451,urzeitliche_kolosse,standard,1,6,1,5,6,12,5,7,false,false,false
match-50688478-451,forschung_muskelkraft,standard,0,6,2,6,5,13,10,3,true,false,true
match-d71b33ba-452,urzeitliche_kolosse,standard,1,6,2,9,7,18,9,9,false,false,false
match-d71b33ba-452,forschung_muskelkraft,standard,0,8,3,9,7,19,11,8,true,true,true
match-e480723f-454,urzeitliche_kolosse,standard,1,6,3,12,12,27,15,12,true,false,true
match-e480723f-454,forschung_muskelkraft,standard,0,8,4,15,19,38,20,18,false,false,false
match-6b330182-455,urzeitliche_kolosse,standard,1,6,3,11,15,29,15,14,false,false,false
match-f1e5b0c4-456,urzeitliche_kolosse,standard,1,6,3,11,12,26,15,11,false,false,false
match-f1e5b0c4-456,forschung_muskelkraft,standard,0,8,2,11,12,25,10,15,true,false,false
match-ff4aef49-458,urzeitliche_kolosse,standard,1,6,2,7,11,20,10,10,false,false,false
match-ff4aef49-458,forschung_muskelkraft,standard,0,8,3,12,15,30,15,15,true,false,false
match-85fd9e8c-459,urzeitliche_kolosse,standard,1,6,1,5,6,12,5,7,false,false,false
match-85fd9e8c-459,forschung_muskelkraft,standard,0,12,3,6,5,14,10,4,true,true,true
match-0cb02dcf-460,forschung_muskelkraft,standard,0,6,3,13,13,29,15,14,true,true,true
match-9362dd11-461,urzeitliche_kolosse,standard,1,6,2,6,10,18,10,8,false,false,false
match-9362dd11-461,forschung_muskelkraft,standard,0,8,2,8,11,21,10,11,true,true,true
match-1a156c54-462,urzeitliche_kolosse,standard,1,6,4,15,17,36,20,16,false,false,false
match-a0c81b96-463,urzeitliche_kolosse,standard,1,6,1,5,6,12,5,7,false,false,false
match-a0c81b96-463,forschung_muskelkraft,standard,0,6,2,6,5,13,10,3,true,false,false
match-ae2d5a1b-465,urzeitliche_kolosse,standard,1,6,1,5,5,11,5,6,true,false,false
match-ae2d5a1b-465,forschung_muskelkraft,standard,0,6,2,7,7,16,10,6,false,false,false
match-424527e3-468,forschung_muskelkraft,standard,0,8,5,11,12,28,16,12,true,true,true
match-c8f7d725-469,urzeitliche_kolosse,standard,1,8,4,18,17,39,18,21,false,false,false
match-c8f7d725-469,forschung_muskelkraft,standard,0,8,4,7,10,21,12,9,true,true,true
match-4faa6668-470,urzeitliche_kolosse,standard,1,6,1,3,5,9,5,4,false,false,false
match-d65d15aa-471,urzeitliche_kolosse,standard,1,6,3,12,15,30,15,15,false,false,false
match-5d0fa4ed-472,forschung_muskelkraft,standard,0,8,5,11,12,28,13,15,true,false,true
match-6a74e372-474,urzeitliche_kolosse,standard,1,6,3,10,13,26,15,11,false,false,false
match-f12792b4-475,urzeitliche_kolosse,standard,1,6,2,9,9,20,10,10,false,false,false
match-77da21f7-476,forschung_muskelkraft,standard,0,9,2,8,11,21,10,11,false,false,false
match-853f607c-478,forschung_muskelkraft,standard,0,6,2,10,9,21,10,11,true,false,true
match-19574e44-481,urzeitliche_kolosse,standard,1,6,3,10,15,28,15,13,true,false,true
match-19574e44-481,forschung_muskelkraft,standard,0,7,3,3,3,9,7,2,false,false,false
match-26bc8cc9-483,forschung_muskelkraft,standard,0,6,3,9,8,20,15,5,false,false,false
match-26bc8cc9-483,urzeitliche_kolosse,standard,1,7,2,6,8,16,10,6,true,false,true
match-ad6f3c0b-484,forschung_muskelkraft,standard,0,6,2,6,8,16,10,6,true,false,false
match-ad6f3c0b-484,urzeitliche_kolosse,standard,1,8,3,11,13,27,15,12,false,false,false
match-3421cb4e-485,urzeitliche_kolosse,standard,1,6,4,15,18,37,20,17,false,false,false
match-3421cb4e-485,forschung_muskelkraft,standard,0,9,4,8,9,21,12,9,true,false,true
match-418709d3-487,urzeitliche_kolosse,standard,1,6,3,11,11,25,14,11,false,false,false
match-418709d3-487,forschung_muskelkraft,standard,0,6,3,10,11,24,15,9,true,false,false
match-c839b915-488,forschung_muskelkraft,standard,0,6,2,6,8,16,10,6,false,false,false
match-c839b915-488,urzeitliche_kolosse,standard,1,9,3,8,10,21,11,10,true,true,true
match-d59ef79a-490,forschung_muskelkraft,standard,0,6,3,12,13,28,15,13,true,false,false
match-d59ef79a-490,urzeitliche_kolosse,standard,1,11,5,6,7,18,9,9,false,false,false
match-5c5186dd-491,forschung_muskelkraft,standard,0,8,3,12,9,24,13,11,true,false,true
match-e304361f-492,forschung_muskelkraft,standard,0,6,2,7,8,17,10,7,true,true,true
match-69b6c562-493,urzeitliche_kolosse,standard,1,6,4,13,14,31,19,12,true,false,true
match-69b6c562-493,forschung_muskelkraft,standard,0,6,3,11,11,25,15,10,false,false,false
match-f06974a4-494,forschung_muskelkraft,standard,0,6,3,10,10,23,15,8,true,false,false
match-771c03e7-495,urzeitliche_kolosse,standard,1,9,5,23,19,47,22,25,false,false,false
match-771c03e7-495,forschung_muskelkraft,standard,0,11,3,15,16,34,15,19,true,true,true
match-fdceb329-496,urzeitliche_kolosse,standard,1,7,3,15,17,35,15,20,false,false,false
match-fdceb329-496,forschung_muskelkraft,standard,0,11,2,8,9,19,10,9,true,false,false
match-8481426c-497,urzeitliche_kolosse,standard,1,7,5,22,25,52,25,27,false,false,false
match-0b33f1af-498,forschung_muskelkraft,standard,0,7,1,4,4,9,5,4,true,true,true
match-91e680f1-499,urzeitliche_kolosse,standard,1,6,2,7,7,16,9,7,false,false,false
match-ec18184b-501,urzeitliche_kolosse,standard,1,6,2,10,11,23,10,13,true,false,false
match-ec18184b-501,forschung_muskelkraft,standard,0,7,3,4,3,10,7,3,false,false,false
match-3d35ad7a-506,urzeitliche_kolosse,standard,1,8,3,11,12,26,11,15,false,false,false
match-3d35ad7a-506,forschung_muskelkraft,standard,0,13,4,13,9,26,14,12,true,false,false
match-c3e85cbc-507,forschung_muskelkraft,standard,0,6,2,9,9,20,10,10,true,false,false
match-c3e85cbc-507,urzeitliche_kolosse,standard,1,10,5,24,29,58,25,33,false,false,false
match-2fd06ef5-508,urzeitliche_kolosse,standard,1,6,4,6,7,17,8,9,true,true,true
match-b6831e37-509,urzeitliche_kolosse,standard,1,6,3,14,15,32,15,17,true,false,false
match-b6831e37-509,forschung_muskelkraft,standard,0,7,4,7,6,17,12,5,false,false,false
match-226b3070-510,forschung_muskelkraft,standard,0,6,3,8,7,18,11,7,false,false,false
match-226b3070-510,urzeitliche_kolosse,standard,1,6,4,15,15,34,20,14,true,false,true
match-1505f1eb-512,urzeitliche_kolosse,standard,1,6,3,12,15,30,15,15,true,false,false
match-9bb8812d-513,forschung_muskelkraft,standard,0,7,4,8,8,20,12,8,true,true,true
match-8e5342a8-515,urzeitliche_kolosse,standard,1,6,3,14,16,33,15,18,true,false,true
match-8e5342a8-515,forschung_muskelkraft,standard,0,8,2,7,6,15,10,5,false,false,false
match-fa3b74e0-516,forschung_muskelkraft,standard,0,6,2,9,9,20,10,10,false,false,false
match-ecd6365b-518,urzeitliche_kolosse,standard,1,6,5,5,6,16,9,7,false,false,false
match-7388c59e-519,forschung_muskelkraft,standard,0,7,2,7,9,18,10,8,false,false,false
match-66238719-521,forschung_muskelkraft,standard,0,6,1,5,5,11,5,6,true,false,true
match-58be4894-523,forschung_muskelkraft,standard,0,8,3,8,11,22,11,11,true,true,true
match-a9dbfdc2-528,urzeitliche_kolosse,standard,1,6,3,14,17,34,15,19,true,false,false
match-a9dbfdc2-528,forschung_muskelkraft,standard,0,7,4,12,15,31,16,15,false,false,false
match-308e8d05-529,urzeitliche_kolosse,standard,1,6,3,12,14,29,15,14,true,true,true
match-9c76bf3d-530,urzeitliche_kolosse,standard,1,7,3,11,15,29,15,14,true,false,false
match-9c76bf3d-530,forschung_muskelkraft,standard,0,9,3,7,9,19,11,8,false,false,false
match-23294e80-531,urzeitliche_kolosse,standard,1,6,3,14,15,32,15,17,false,false,false
match-8f1160b8-532,urzeitliche_kolosse,standard,1,6,3,12,14,29,15,14,true,false,true
match-15c40ffb-533,forschung_muskelkraft,standard,0,9,4,19,17,40,20,20,false,false,false
match-81ac2233-534,urzeitliche_kolosse,standard,1,7,4,18,22,44,20,24,false,false,false
match-81ac2233-534,forschung_muskelkraft,standard,0,9,4,17,16,37,20,17,true,false,false
match-085ed176-535,urzeitliche_kolosse,standard,1,6,4,18,16,38,19,19,true,false,false
match-085ed176-535,forschung_muskelkraft,standard,0,10,4,17,15,36,20,16,false,false,false
match-7446e3ae-536,forschung_muskelkraft,standard,0,6,2,6,8,16,10,6,true,false,false
match-ed94546b-539,urzeitliche_kolosse,standard,1,6,4,16,21,41,20,21,false,false,false
match-ed94546b-539,forschung_muskelkraft,standard,0,7,3,7,10,20,11,9,true,false,false
match-597c66a4-540,forschung_muskelkraft,standard,0,7,4,15,13,32,20,12,true,true,true
match-597c66a4-540,urzeitliche_kolosse,standard,1,8,4,16,20,40,20,20,false,false,false
match-e02f15e6-541,urzeitliche_kolosse,standard,1,6,2,10,12,24,10,14,false,false,false
match-e02f15e6-541,forschung_muskelkraft,standard,0,7,3,12,15,30,15,15,true,false,false
match-4c17281f-542,forschung_muskelkraft,standard,0,7,2,7,11,20,10,10,true,true,true
match-3eb1e99a-544,forschung_muskelkraft,standard,0,7,3,11,9,23,13,10,true,true,true
match-c56498dc-545,forschung_muskelkraft,standard,0,7,3,12,13,28,15,13,true,false,false
match-c56498dc-545,urzeitliche_kolosse,standard,1,8,4,8,9,21,12,9,false,false,false
match-091cef86-552,forschung_muskelkraft,standard,0,6,4,12,8,24,18,6,false,false,false
match-091cef86-552,urzeitliche_kolosse,standard,1,6,3,12,13,28,15,13,true,false,false
match-8fcf9ec8-553,urzeitliche_kolosse,standard,1,6,3,14,16,33,15,18,false,false,false
match-ee52727b-556,forschung_muskelkraft,standard,0,10,4,17,18,39,20,19,true,false,true
match-750501be-557,forschung_muskelkraft,standard,0,7,3,12,16,31,15,16,true,false,false
match-e0ed33f6-558,urzeitliche_kolosse,standard,1,6,4,18,20,42,20,22,true,false,false
match-e0ed33f6-558,forschung_muskelkraft,standard,0,9,4,16,18,38,20,18,false,false,false
match-d387f571-560,forschung_muskelkraft,standard,0,7,3,9,10,22,14,8,true,false,true
match-5a3a84b4-561,urzeitliche_kolosse,standard,1,6,3,13,18,34,15,19,false,false,false
match-5a3a84b4-561,forschung_muskelkraft,standard,0,8,2,9,12,23,10,13,true,false,false
match-c622b6ec-562,urzeitliche_kolosse,standard,1,6,4,6,7,17,8,9,true,false,false
match-c622b6ec-562,forschung_muskelkraft,standard,0,7,2,7,10,19,10,9,false,false,false
match-4cd5462f-563,forschung_muskelkraft,standard,0,6,2,8,7,17,10,7,true,false,true
match-4cd5462f-563,urzeitliche_kolosse,standard,1,6,3,11,13,27,15,12,false,false,false
match-04a83b26-566,urzeitliche_kolosse,standard,1,6,3,14,17,34,15,19,false,false,false
match-04a83b26-566,forschung_muskelkraft,standard,0,9,5,9,8,22,13,9,true,false,false
match-8b5aca68-567,forschung_muskelkraft,standard,0,8,2,4,3,9,6,3,false,false,false
match-8b5aca68-567,urzeitliche_kolosse,standard,1,9,4,6,3,13,10,3,true,true,true
match-f742fca0-568,forschung_muskelkraft,standard,0,7,3,9,8,20,15,5,true,false,false
match-7df58be3-569,forschung_muskelkraft,standard,0,7,1,4,7,12,5,7,false,false,false
match-e9ddbe1b-570,urzeitliche_kolosse,standard,1,6,3,14,17,34,15,19,true,true,true
match-dc787f96-572,urzeitliche_kolosse,standard,1,6,3,13,17,33,15,18,true,false,false
match-dc787f96-572,forschung_muskelkraft,standard,0,9,3,16,12,31,15,16,false,false,false
match-632b0ed9-573,urzeitliche_kolosse,standard,1,6,4,17,19,40,20,20,true,false,false
match-cf132111-574,urzeitliche_kolosse,standard,1,6,4,17,21,42,20,22,true,false,false
match-cf132111-574,forschung_muskelkraft,standard,0,7,3,8,8,19,11,8,false,false,false
match-55c5d054-575,urzeitliche_kolosse,standard,1,6,3,12,17,32,15,17,true,false,false
match-486091cf-577,urzeitliche_kolosse,standard,1,6,3,12,17,32,15,17,true,false,false
match-486091cf-577,forschung_muskelkraft,standard,0,7,4,10,9,23,16,7,false,false,false
match-3afb534a-579,forschung_muskelkraft,standard,0,6,3,11,10,24,15,9,false,false,false
match-a6e36582-580,urzeitliche_kolosse,standard,1,6,4,17,18,39,20,19,true,true,true
match-2d9614c5-581,forschung_muskelkraft,standard,0,7,2,4,4,10,6,4,false,false,false
match-997e26fd-582,urzeitliche_kolosse,standard,1,6,3,14,15,32,15,17,true,true,true
match-8c18e878-584,urzeitliche_kolosse,standard,1,6,4,19,19,42,20,22,false,false,false
match-12cb97bb-585,forschung_muskelkraft,standard,0,7,3,13,12,28,15,13,true,false,false
match-05665936-587,forschung_muskelkraft,standard,0,7,4,13,16,33,16,17,false,false,false
match-714e6b6e-588,urzeitliche_kolosse,standard,1,6,2,9,12,23,10,13,true,false,true
match-f8011ab0-589,urzeitliche_kolosse,standard,1,6,4,17,21,42,20,22,false,false,false
match-f8011ab0-589,forschung_muskelkraft,standard,0,9,3,15,13,31,15,16,true,true,true
match-63e92ce9-590,forschung_muskelkraft,standard,0,7,4,3,2,9,8,1,false,false,false
match-ea9bdc2b-591,urzeitliche_kolosse,standard,1,6,2,10,12,24,10,14,false,false,false
match-ea9bdc2b-591,forschung_muskelkraft,standard,0,8,2,7,8,17,10,7,true,false,false
match-5683ee64-592,forschung_muskelkraft,standard,0,6,2,8,7,17,10,7,false,false,false
match-5683ee64-592,urzeitliche_kolosse,standard,1,6,3,11,14,28,15,13,true,true,true
match-dd369da6-593,urzeitliche_kolosse,standard,1,6,3,14,16,33,15,18,true,false,false
match-dd369da6-593,forschung_muskelkraft,standard,0,7,2,7,10,19,10,9,false,false,false
match-491eafdf-594,forschung_muskelkraft,standard,0,7,2,8,11,21,10,11,true,true,true
match-cfd15f21-595,urzeitliche_kolosse,standard,1,7,1,6,6,13,5,8,true,true,true
match-cfd15f21-595,forschung_muskelkraft,standard,0,8,3,12,12,27,15,12,false,false,false
match-3bb9715a-596,urzeitliche_kolosse,standard,1,6,4,17,21,42,20,22,true,false,true
match-3bb9715a-596,forschung_muskelkraft,standard,0,7,4,8,8,20,12,8,false,false,false
match-c26c009c-597,forschung_muskelkraft,standard,0,9,5,9,10,24,13,11,false,false,false
match-b506c217-599,forschung_muskelkraft,standard,0,7,5,8,11,24,13,11,true,false,false
match-52fe10cd-600,rudeljaeger,standard,0,6,3,10,11,24,14,10,false,false,false
match-52fe10cd-600,solidaritaet_ueberleben,standard,1,8,3,4,4,11,7,4,true,true,true
match-cc4b618a-601,rudeljaeger,standard,0,6,3,13,15,31,15,16,true,false,true
match-4598d248-602,solidaritaet_ueberleben,standard,1,7,2,3,1,6,5,1,true,false,false
match-383393c3-604,rudeljaeger,standard,0,6,4,6,7,17,8,9,false,false,false
match-383393c3-604,solidaritaet_ueberleben,standard,1,8,5,16,12,33,24,9,true,true,true
match-b180e480-605,solidaritaet_ueberleben,standard,1,9,5,10,8,23,18,5,false,false,false
match-2ace553e-606,rudeljaeger,standard,0,6,4,20,25,49,20,29,false,false,false
match-2ace553e-606,solidaritaet_ueberleben,standard,1,13,3,12,12,27,15,12,true,true,true
match-a41ba5fb-607,rudeljaeger,standard,0,6,3,10,9,22,13,9,false,false,false
match-a41ba5fb-607,solidaritaet_ueberleben,standard,1,7,4,14,13,31,20,11,true,false,false
match-1d6916b9-608,rudeljaeger,standard,0,10,5,17,20,42,24,18,false,false,false
match-96b66776-609,solidaritaet_ueberleben,standard,1,7,1,4,4,9,5,4,true,false,true
match-895128f1-611,solidaritaet_ueberleben,standard,1,7,4,10,8,22,16,6,false,false,false
match-029e99af-612,solidaritaet_ueberleben,standard,1,6,2,9,8,19,10,9,true,false,false
match-029e99af-612,rudeljaeger,standard,0,6,4,12,13,29,20,9,false,false,false
match-7bebea6c-613,solidaritaet_ueberleben,standard,1,7,4,8,6,18,17,1,true,false,false
match-f5395b29-614,rudeljaeger,standard,0,6,3,15,17,35,15,20,true,false,false
match-f5395b29-614,solidaritaet_ueberleben,standard,1,10,3,6,4,13,11,2,false,false,false
match-6e86abe7-615,rudeljaeger,standard,0,6,5,19,21,45,25,20,false,false,false
match-6e86abe7-615,solidaritaet_ueberleben,standard,1,7,4,13,10,27,19,8,true,false,false
match-be2804f5-616,rudeljaeger,standard,0,6,4,13,14,31,20,11,false,false,false
match-be2804f5-616,solidaritaet_ueberleben,standard,1,8,4,11,9,24,20,4,false,false,false
match-377575b3-617,solidaritaet_ueberleben,standard,1,6,3,4,4,11,7,4,true,false,false
match-b0c2c670-618,rudeljaeger,standard,0,6,4,16,20,40,20,20,false,false,false
match-b0c2c670-618,solidaritaet_ueberleben,standard,1,7,4,6,5,15,12,3,true,false,false
match-1caaf8a9-621,solidaritaet_ueberleben,standard,1,6,3,10,10,23,15,8,false,false,false
match-1caaf8a9-621,rudeljaeger,standard,0,12,5,4,8,17,12,5,true,true,true
match-95f84966-622,rudeljaeger,standard,0,6,2,9,10,21,10,11,false,false,false
match-95f84966-622,solidaritaet_ueberleben,standard,1,7,5,3,3,11,9,2,true,false,false
match-01e07b9f-625,rudeljaeger,standard,0,7,3,11,13,27,15,12,false,false,false
match-01e07b9f-625,solidaritaet_ueberleben,standard,1,7,2,6,5,13,10,3,true,true,true
match-e715fe94-629,rudeljaeger,standard,0,12,5,0,0,5,5,0,false,false,false
match-e715fe94-629,solidaritaet_ueberleben,standard,1,13,3,9,7,19,13,6,true,false,false
match-d9b0a00f-631,rudeljaeger,standard,0,6,4,13,18,35,19,16,false,false,false
match-d9b0a00f-631,solidaritaet_ueberleben,standard,1,7,4,14,13,31,20,11,true,false,false
match-7caa087c-632,rudeljaeger,standard,0,6,4,17,19,40,19,21,true,false,false
match-7caa087c-632,solidaritaet_ueberleben,standard,1,9,4,13,13,30,20,10,false,false,false
match-f5f77939-633,rudeljaeger,standard,0,6,4,16,16,36,19,17,true,true,true
match-6f44c9f7-634,solidaritaet_ueberleben,standard,1,10,3,10,6,19,13,6,false,false,false
match-6f44c9f7-634,rudeljaeger,standard,0,10,4,12,11,27,20,7,true,false,false
match-e8923ab4-635,solidaritaet_ueberleben,standard,1,7,4,10,8,22,17,5,false,false,false
match-61df8b72-636,solidaritaet_ueberleben,standard,1,6,3,12,8,23,15,8,false,false,false
match-61df8b72-636,rudeljaeger,standard,0,6,2,6,8,16,10,6,true,true,true
match-db2cfc2f-637,rudeljaeger,standard,0,6,3,11,13,27,15,12,true,false,false
match-db2cfc2f-637,solidaritaet_ueberleben,standard,1,7,3,11,9,23,15,8,false,false,false
match-cdc7bdaa-639,solidaritaet_ueberleben,standard,1,6,5,4,4,13,9,4,true,false,false
match-cdc7bdaa-639,rudeljaeger,standard,0,9,5,15,15,35,25,10,false,false,false
match-47150e68-640,solidaritaet_ueberleben,standard,1,6,3,12,8,23,15,8,false,false,false
match-c0627f25-641,rudeljaeger,standard,0,6,4,13,13,30,17,13,false,false,false
match-b2fd20a0-643,rudeljaeger,standard,0,6,4,15,20,39,19,20,true,true,true
match-2c4a915e-644,rudeljaeger,standard,0,8,3,13,15,31,15,16,true,false,false
match-1ee552d9-646,solidaritaet_ueberleben,standard,1,7,4,14,10,28,20,8,false,false,false
match-e7d41ca4-648,solidaritaet_ueberleben,standard,1,11,5,15,12,32,25,7,false,false,false
match-61216d62-649,rudeljaeger,standard,0,6,4,17,24,45,20,25,true,false,false
match-61216d62-649,solidaritaet_ueberleben,standard,1,7,4,6,5,15,12,3,false,false,false
match-da6ede1f-650,rudeljaeger,standard,0,6,5,16,14,35,20,15,true,false,false
match-da6ede1f-650,solidaritaet_ueberleben,standard,1,7,2,5,5,12,10,2,false,false,false
match-53bc2edd-651,solidaritaet_ueberleben,standard,1,10,3,6,5,14,14,0,false,false,false
match-cd099f9a-652,rudeljaeger,standard,0,6,3,11,13,27,15,12,false,false,false
match-cd099f9a-652,solidaritaet_ueberleben,standard,1,7,4,15,11,30,18,12,true,false,false
match-4656f058-653,rudeljaeger,standard,0,6,4,15,13,32,18,14,true,false,false
match-bfa44115-654,solidaritaet_ueberleben,standard,1,7,4,14,12,30,16,14,false,false,false
match-b23f0290-656,solidaritaet_ueberleben,standard,1,8,5,19,10,34,21,13,false,false,false
match-2b8c734e-657,solidaritaet_ueberleben,standard,1,7,4,10,8,22,16,6,true,true,true
match-97748586-660,rudeljaeger,standard,0,6,4,14,15,33,20,13,false,false,false
match-10c1f644-661,solidaritaet_ueberleben,standard,1,6,4,16,10,30,20,10,false,false,false
match-10c1f644-661,rudeljaeger,standard,0,9,4,16,16,36,20,16,true,false,false
match-ffa6016e-664,solidaritaet_ueberleben,standard,1,8,2,7,6,15,10,5,false,false,false
match-ffa6016e-664,rudeljaeger,standard,0,8,5,19,22,46,25,21,true,false,true
match-78f3722c-665,rudeljaeger,standard,0,6,3,14,18,35,15,20,true,false,false
match-78f3722c-665,solidaritaet_ueberleben,standard,1,7,3,12,11,26,15,11,false,false,false
match-e4db8464-668,rudeljaeger,standard,0,10,5,15,14,34,25,9,true,false,false
match-5e28f522-669,rudeljaeger,standard,0,6,4,4,4,12,8,4,false,false,false
match-5e28f522-669,solidaritaet_ueberleben,standard,1,9,5,20,15,40,25,15,true,true,true
match-d77645df-670,rudeljaeger,standard,0,6,4,11,10,25,17,8,false,false,false
match-d77645df-670,solidaritaet_ueberleben,standard,1,7,4,9,9,22,20,2,true,false,false
match-435e7818-673,rudeljaeger,standard,0,6,4,14,20,38,20,18,true,false,false
match-af468a50-676,rudeljaeger,standard,0,9,4,12,17,33,19,14,false,false,false
match-a1e14bcb-678,rudeljaeger,standard,0,6,4,16,20,40,20,20,false,false,false
match-a1e14bcb-678,solidaritaet_ueberleben,standard,1,10,4,12,9,25,18,7,true,true,true
match-1b2ebc89-679,rudeljaeger,standard,0,6,3,9,16,28,15,13,false,false,false
match-1b2ebc89-679,solidaritaet_ueberleben,standard,1,7,3,10,9,22,15,7,true,false,false
match-e41d6654-681,solidaritaet_ueberleben,standard,1,6,2,7,6,15,10,5,true,false,false
match-e41d6654-681,rudeljaeger,standard,0,6,4,3,3,10,8,2,false,false,false
match-5d6ad712-682,rudeljaeger,standard,0,6,4,16,18,38,20,18,true,true,true
match-d6b827cf-683,rudeljaeger,standard,0,6,3,13,15,31,15,16,true,false,true
match-5005988d-684,rudeljaeger,standard,0,6,4,15,15,34,18,16,true,false,false
match-5005988d-684,solidaritaet_ueberleben,standard,1,7,2,6,5,13,10,3,false,false,false
match-c952e94a-685,rudeljaeger,standard,0,6,3,14,15,32,15,17,false,false,false
match-42a05a08-686,rudeljaeger,standard,0,6,3,11,11,25,12,13,true,false,false
match-42a05a08-686,solidaritaet_ueberleben,standard,1,9,4,7,6,17,16,1,false,false,false
match-bbedaac5-687,solidaritaet_ueberleben,standard,1,7,4,14,12,30,20,10,true,false,false
match-bbedaac5-687,rudeljaeger,standard,0,10,3,6,8,17,11,6,false,false,false
match-353b1b83-688,rudeljaeger,standard,0,10,3,11,13,27,15,12,true,true,true
match-ae886c40-689,solidaritaet_ueberleben,standard,1,6,2,8,8,18,10,8,true,false,false
match-ae886c40-689,rudeljaeger,standard,0,7,2,6,5,13,10,3,false,false,false
match-27d5dcfe-690,rudeljaeger,standard,0,6,3,15,18,36,15,21,true,true,true
match-a1232dbb-691,rudeljaeger,standard,0,6,4,12,14,30,19,11,true,false,false
match-a1232dbb-691,solidaritaet_ueberleben,standard,1,10,5,4,2,11,9,2,false,false,false
match-1a709e79-692,rudeljaeger,standard,0,6,4,13,13,30,17,13,true,true,true
match-0d0b5ff4-694,rudeljaeger,standard,0,6,4,12,17,33,19,14,true,false,false
match-0d0b5ff4-694,solidaritaet_ueberleben,standard,1,13,5,11,6,22,17,5,false,false,false
match-8658b0b1-695,solidaritaet_ueberleben,standard,1,6,2,9,8,19,10,9,false,false,false
match-a29f69db-697,solidaritaet_ueberleben,standard,1,6,3,7,6,16,12,4,true,false,false
match-1becda99-698,rudeljaeger,standard,0,6,4,17,19,40,19,21,false,false,false
match-1becda99-698,solidaritaet_ueberleben,standard,1,15,4,4,4,12,12,0,true,true,true
match-3d90df9f-700,solidaritaet_ueberleben,standard,1,8,3,12,10,25,15,10,true,false,false
match-3d90df9f-700,rudeljaeger,standard,0,12,2,6,8,16,10,6,false,false,false
match-b6de305c-701,solidaritaet_ueberleben,standard,1,9,2,7,6,15,10,5,true,true,true
match-4af61e24-702,rudeljaeger,standard,0,6,1,3,5,9,5,4,false,false,false
match-c4436ee1-703,solidaritaet_ueberleben,standard,1,6,3,4,4,11,7,4,true,false,true
match-22c64295-704,rudeljaeger,standard,0,7,3,15,18,36,15,21,false,false,false
match-302b811a-706,solidaritaet_ueberleben,standard,1,7,2,6,6,14,10,4,false,false,false
match-302b811a-706,rudeljaeger,standard,0,7,3,12,15,30,15,15,true,false,false
match-07fbc58b-708,rudeljaeger,standard,0,6,2,6,10,18,10,8,false,false,false
match-81493648-709,solidaritaet_ueberleben,standard,1,6,4,17,10,31,18,13,true,false,true
match-15610410-710,solidaritaet_ueberleben,standard,1,6,4,6,4,14,12,2,false,false,false
match-8eae74cd-711,rudeljaeger,standard,0,6,0,0,0,0,0,0,false,false,false
match-8eae74cd-711,solidaritaet_ueberleben,standard,1,9,3,3,0,6,5,1,true,true,true
match-667eb93e-713,rudeljaeger,standard,0,9,5,8,9,22,9,13,true,false,false
match-22082485-717,rudeljaeger,standard,0,7,4,16,17,37,19,18,false,false,false
match-b620124c-718,rudeljaeger,standard,0,6,1,4,4,9,5,4,true,false,false
match-b620124c-718,solidaritaet_ueberleben,standard,1,6,3,10,9,22,15,7,false,false,false
match-2f6d630a-719,solidaritaet_ueberleben,standard,1,10,5,13,10,28,22,6,true,false,true
match-14a2e600-723,rudeljaeger,standard,0,8,3,15,18,36,15,21,false,false,false
match-14a2e600-723,solidaritaet_ueberleben,standard,1,10,4,8,6,18,14,4,true,true,true
match-7325d9b3-724,solidaritaet_ueberleben,standard,1,6,5,10,6,21,15,6,true,false,false
match-7325d9b3-724,rudeljaeger,standard,0,10,3,0,0,3,3,0,false,false,false
match-808b1838-726,rudeljaeger,standard,0,6,4,11,14,29,19,10,true,false,false
match-f9d868f5-727,solidaritaet_ueberleben,standard,1,6,4,17,12,33,20,13,true,false,true
match-585b5ca9-728,rudeljaeger,standard,0,6,3,8,13,24,14,10,false,false,false
match-585b5ca9-728,solidaritaet_ueberleben,standard,1,6,5,8,7,20,17,3,true,false,false
match-d1a8ad66-729,rudeljaeger,standard,0,6,3,12,14,29,15,14,false,false,false
match-65c09b2e-730,solidaritaet_ueberleben,standard,1,9,3,10,8,21,15,6,false,false,false
match-df0debeb-731,rudeljaeger,standard,0,12,3,0,0,3,3,0,false,false,false
match-df0debeb-731,solidaritaet_ueberleben,standard,1,12,2,6,5,13,10,3,true,true,true
match-74a215d3-734,solidaritaet_ueberleben,standard,1,11,5,14,11,30,22,8,true,true,true
match-edef6690-735,rudeljaeger,standard,0,10,2,0,0,2,2,0,true,false,true
match-4c725a44-736,solidaritaet_ueberleben,standard,1,6,5,16,13,34,24,10,true,false,false
match-59d798c9-738,rudeljaeger,standard,0,7,4,17,23,44,20,24,true,false,false
match-59d798c9-738,solidaritaet_ueberleben,standard,1,11,3,11,10,24,15,9,false,false,false
match-d324e986-739,rudeljaeger,standard,0,7,2,5,6,13,6,7,true,true,true
match-aaf52df7-741,solidaritaet_ueberleben,standard,1,6,3,9,6,18,13,5,false,false,false
match-aaf52df7-741,rudeljaeger,standard,0,7,5,17,19,41,25,16,true,false,false
match-3f0d1bbf-742,rudeljaeger,standard,0,7,3,11,16,30,14,16,true,false,false
match-3f0d1bbf-742,solidaritaet_ueberleben,standard,1,15,3,9,8,20,15,5,false,false,false
match-b85a6c7c-743,rudeljaeger,standard,0,8,3,0,0,3,3,0,false,false,false
match-16dd4030-744,rudeljaeger,standard,0,7,5,17,19,41,25,16,false,false,false
match-16dd4030-744,solidaritaet_ueberleben,standard,1,10,5,15,12,32,24,8,true,false,false
match-902ab0ed-745,rudeljaeger,standard,0,7,3,17,21,41,15,26,true,false,false
match-902ab0ed-745,solidaritaet_ueberleben,standard,1,8,4,10,9,23,16,7,false,false,false
match-24429eb5-746,rudeljaeger,standard,0,6,2,6,8,16,10,6,false,false,false
match-24429eb5-746,solidaritaet_ueberleben,standard,1,6,2,5,5,12,10,2,true,false,false
match-9d8fef72-747,solidaritaet_ueberleben,standard,1,8,3,9,6,18,13,5,true,false,false
match-9d8fef72-747,rudeljaeger,standard,0,10,3,7,6,16,11,5,false,false,false
match-4bb43c34-749,solidaritaet_ueberleben,standard,1,7,3,3,2,8,7,1,true,true,true
match-59197ab9-751,rudeljaeger,standard,0,9,5,0,0,5,5,0,false,false,false
match-59197ab9-751,solidaritaet_ueberleben,standard,1,10,4,15,11,30,20,10,true,false,false
match-b79c4e6c-752,solidaritaet_ueberleben,standard,1,6,4,4,4,12,8,4,true,false,false
match-b79c4e6c-752,rudeljaeger,standard,0,10,4,11,15,30,20,10,false,false,false
match-30e9bf2a-753,rudeljaeger,standard,0,6,2,7,8,17,10,7,false,false,false
match-30e9bf2a-753,solidaritaet_ueberleben,standard,1,10,3,5,4,12,12,0,true,true,true
match-9cd1d162-756,rudeljaeger,standard,0,7,4,20,25,49,20,29,true,false,false
match-161f2220-757,rudeljaeger,standard,0,6,3,10,10,23,15,8,false,false,false
match-aa370fe7-758,rudeljaeger,standard,0,7,3,15,19,37,15,22,true,false,false
match-238460a5-759,solidaritaet_ueberleben,standard,1,10,3,8,4,15,13,2,true,false,false
match-238460a5-759,rudeljaeger,standard,0,15,4,11,15,30,16,14,false,false,false
match-82075458-760,rudeljaeger,standard,0,6,4,11,15,30,19,11,false,false,false
match-82075458-760,solidaritaet_ueberleben,standard,1,6,3,9,9,21,15,6,true,false,false
match-fb54a515-761,rudeljaeger,standard,0,7,4,14,16,34,19,15,true,false,false
match-fb54a515-761,solidaritaet_ueberleben,standard,1,8,4,6,5,15,12,3,false,false,false
match-8f6c92dd-762,solidaritaet_ueberleben,standard,1,12,4,9,7,20,19,1,true,false,false
match-8f6c92dd-762,rudeljaeger,standard,0,13,5,10,13,28,20,8,false,false,false
match-90e8cefd-764,solidaritaet_ueberleben,standard,1,11,4,0,0,4,4,0,false,false,false
match-0a363fbb-765,rudeljaeger,standard,0,6,3,7,8,18,14,4,false,false,false
match-9e4e0d82-766,rudeljaeger,standard,0,7,5,16,18,39,25,14,true,false,true
match-179b7e40-767,rudeljaeger,standard,0,6,2,6,8,16,10,6,false,false,false
match-761e51f3-768,solidaritaet_ueberleben,standard,1,7,3,9,8,20,15,5,true,false,false
match-761e51f3-768,rudeljaeger,standard,0,7,3,9,9,21,12,9,false,false,false
match-83839078-770,solidaritaet_ueberleben,standard,1,8,4,13,8,25,14,11,true,true,true
match-fcd0e135-771,rudeljaeger,standard,0,10,4,12,19,35,20,15,false,false,false
match-fcd0e135-771,solidaritaet_ueberleben,standard,1,12,5,16,15,36,25,11,true,true,true
match-d4a125a6-773,solidaritaet_ueberleben,standard,1,6,4,17,10,31,18,13,true,false,false
match-d4a125a6-773,rudeljaeger,standard,0,7,2,6,8,16,10,6,false,false,false
match-68b9136e-774,rudeljaeger,standard,0,6,4,11,8,23,15,8,true,false,false
match-68b9136e-774,solidaritaet_ueberleben,standard,1,8,3,9,8,20,15,5,false,false,false
match-e206642b-775,rudeljaeger,standard,0,8,4,0,0,4,4,0,true,false,true
match-b9d6a89c-777,rudeljaeger,standard,0,6,3,11,10,24,15,9,false,false,false
match-c73be721-779,solidaritaet_ueberleben,standard,1,6,3,13,10,26,15,11,true,false,false
match-c73be721-779,rudeljaeger,standard,0,10,5,14,17,36,22,14,false,false,false
match-fc12c325-780,solidaritaet_ueberleben,standard,1,10,5,15,11,31,24,7,false,false,false
match-fc12c325-780,rudeljaeger,standard,0,13,4,10,12,26,19,7,true,true,true
match-756033e3-781,rudeljaeger,standard,0,6,3,3,4,10,7,3,false,false,false
match-097801ab-782,rudeljaeger,standard,0,6,4,14,14,32,19,13,false,false,false
match-5a95b6d9-785,solidaritaet_ueberleben,standard,1,10,2,4,3,9,9,0,false,false,false
match-5a95b6d9-785,rudeljaeger,standard,0,15,5,22,24,51,25,26,true,true,true
match-67faf55e-787,rudeljaeger,standard,0,6,3,12,14,29,15,14,false,false,false
match-67faf55e-787,solidaritaet_ueberleben,standard,1,6,2,7,7,16,10,6,true,false,false
match-c67dc911-788,rudeljaeger,standard,0,7,3,12,15,30,15,15,true,false,false
match-3fcb39cf-789,rudeljaeger,standard,0,6,4,11,17,32,19,13,false,false,false
match-d3e30796-790,solidaritaet_ueberleben,standard,1,6,3,8,4,15,13,2,true,false,false
match-4d307854-791,solidaritaet_ueberleben,standard,1,6,3,6,4,13,11,2,false,false,false
match-4d307854-791,rudeljaeger,standard,0,7,4,16,16,36,20,16,true,true,true
match-abb34c07-792,rudeljaeger,standard,0,6,2,5,8,15,9,6,false,false,false
match-2500bcc5-793,rudeljaeger,standard,0,6,2,6,6,14,10,4,false,false,false
match-2500bcc5-793,solidaritaet_ueberleben,standard,1,7,4,3,3,10,8,2,true,true,true
match-ba94c6ac-796,rudeljaeger,standard,0,6,2,7,8,17,10,7,false,false,false
match-ba94c6ac-796,solidaritaet_ueberleben,standard,1,7,3,3,3,9,7,2,true,false,false
match-414775ef-799,rudeljaeger,standard,0,6,3,9,6,18,13,5,false,false,false
match-414775ef-799,solidaritaet_ueberleben,standard,1,6,4,6,5,15,12,3,true,false,false
match-47e982e2-801,rudeljaeger,standard,0,7,2,0,0,2,2,0,false,false,false
match-47e982e2-801,urzeitliche_kolosse,standard,1,8,5,6,5,16,13,3,true,true,true
match-3a84445d-803,rudeljaeger,standard,0,6,3,10,10,23,15,8,true,false,true
match-dc0170a9-804,urzeitliche_kolosse,standard,1,6,1,4,4,9,5,4,true,false,false
match-dc0170a9-804,rudeljaeger,standard,0,9,1,0,0,1,1,0,false,false,false
match-62b41fec-805,urzeitliche_kolosse,standard,1,6,4,4,4,12,8,4,true,false,false
match-554ec167-807,urzeitliche_kolosse,standard,1,6,1,4,4,9,5,4,true,false,false
match-8ba1f98b-808,urzeitliche_kolosse,standard,1,6,1,4,4,9,5,4,true,false,false
match-125488ce-809,urzeitliche_kolosse,standard,1,6,2,7,6,15,10,5,false,false,false
match-125488ce-809,rudeljaeger,standard,0,7,1,3,3,7,5,2,true,true,true
match-7e3cbb06-810,rudeljaeger,standard,0,6,3,13,13,29,15,14,false,false,false
match-a66c7695-812,urzeitliche_kolosse,standard,1,6,4,10,8,22,17,5,true,false,false
match-1fb9c753-815,urzeitliche_kolosse,standard,1,6,1,3,2,6,5,1,false,false,false
match-dcbf8eb9-817,urzeitliche_kolosse,standard,1,6,4,11,8,23,18,5,true,false,false
match-dcbf8eb9-817,rudeljaeger,standard,0,6,2,6,7,15,10,5,false,false,false
match-cf5a5034-819,urzeitliche_kolosse,standard,1,7,3,7,6,16,11,5,true,false,false
match-cf5a5034-819,rudeljaeger,standard,0,8,5,15,14,34,24,10,false,false,false
match-f78a0bc3-821,urzeitliche_kolosse,standard,1,6,1,3,2,6,5,1,false,false,false
match-63723dfc-822,urzeitliche_kolosse,standard,1,6,1,4,4,9,5,4,true,false,true
match-ea24cd3e-823,urzeitliche_kolosse,standard,1,6,3,8,7,18,14,4,true,false,false
match-ea24cd3e-823,rudeljaeger,standard,0,6,4,6,5,15,12,3,false,false,false
match-1312a6de-826,urzeitliche_kolosse,standard,1,7,4,4,0,8,8,0,false,false,false
match-c1f511af-829,urzeitliche_kolosse,standard,1,6,1,3,2,6,5,1,false,false,false
match-c1f511af-829,rudeljaeger,standard,0,6,3,3,3,9,7,2,true,false,false
match-2ddd23e8-830,rudeljaeger,standard,0,6,3,12,13,28,15,13,true,false,false
match-978afbf0-832,urzeitliche_kolosse,standard,1,6,1,2,2,5,5,0,true,true,true
match-b25578fa-836,rudeljaeger,standard,0,6,3,14,13,30,15,15,true,true,true
match-b25578fa-836,urzeitliche_kolosse,standard,1,7,4,12,11,27,20,7,false,false,false
match-3908083d-837,urzeitliche_kolosse,standard,1,6,2,5,2,9,8,1,false,false,false
match-61f5e1dc-840,urzeitliche_kolosse,standard,1,6,2,7,6,15,10,5,false,false,false
match-e8a8911e-841,urzeitliche_kolosse,standard,1,6,2,5,2,9,8,1,true,false,false
match-e8a8911e-841,rudeljaeger,standard,0,6,2,6,5,13,10,3,false,false,false
match-5490a357-842,urzeitliche_kolosse,standard,1,6,3,3,2,8,7,1,false,false,false
match-5490a357-842,rudeljaeger,standard,0,6,3,10,9,22,15,7,true,false,false
match-03730e29-845,rudeljaeger,standard,0,6,3,3,4,10,7,3,false,false,false
match-03730e29-845,urzeitliche_kolosse,standard,1,7,3,11,11,25,15,10,true,false,false
match-f60dcfa3-847,rudeljaeger,standard,0,6,3,11,10,24,15,9,true,true,true
match-1efba943-850,rudeljaeger,standard,0,6,1,3,2,6,5,1,false,false,false
match-1efba943-850,urzeitliche_kolosse,standard,1,9,4,6,2,12,12,0,true,true,true
match-472b64d2-852,rudeljaeger,standard,0,6,5,4,4,13,9,4,false,false,false
match-39c6264d-854,rudeljaeger,standard,0,7,1,4,4,9,5,4,true,false,false
match-39c6264d-854,urzeitliche_kolosse,standard,1,12,5,9,9,23,17,6,false,false,false
match-f6cbedb3-856,urzeitliche_kolosse,standard,1,6,1,4,4,9,5,4,false,false,false
match-f6cbedb3-856,rudeljaeger,standard,0,6,3,10,10,23,15,8,true,false,true
match-e966af2e-858,urzeitliche_kolosse,standard,1,6,1,4,4,9,5,4,true,true,true
match-70195e71-859,rudeljaeger,standard,0,6,3,12,12,27,15,12,true,false,false
match-11966abe-860,rudeljaeger,standard,0,6,2,10,9,21,10,11,true,true,true
match-98491a00-861,rudeljaeger,standard,0,6,4,9,6,19,14,5,false,false,false
match-98491a00-861,urzeitliche_kolosse,standard,1,10,3,7,6,16,11,5,true,false,true
match-8ae3db7b-863,rudeljaeger,standard,0,7,3,10,9,22,14,8,true,false,false
match-6ddee441-864,rudeljaeger,standard,0,6,3,11,10,24,15,9,false,false,false
match-6ddee441-864,urzeitliche_kolosse,standard,1,7,3,8,7,18,15,3,true,false,true
match-f4919383-865,urzeitliche_kolosse,standard,1,6,3,7,6,16,11,5,false,false,false
match-f4919383-865,rudeljaeger,standard,0,6,4,3,3,10,8,2,true,false,false
match-88a9614b-868,urzeitliche_kolosse,standard,1,6,2,7,6,15,10,5,true,false,false
match-0f5c108e-869,urzeitliche_kolosse,standard,1,6,2,9,8,19,10,9,false,false,false
match-01f6d209-871,urzeitliche_kolosse,standard,1,6,3,0,0,3,3,0,true,false,false
match-01f6d209-871,rudeljaeger,standard,0,6,3,10,9,22,15,7,false,false,false
match-53146737-876,urzeitliche_kolosse,standard,1,7,2,6,4,12,10,2,true,true,true
match-45af28b2-878,urzeitliche_kolosse,standard,1,6,2,4,4,10,6,4,false,false,false
match-45af28b2-878,rudeljaeger,standard,0,6,3,12,12,27,15,12,true,false,false
match-02b4f019-880,urzeitliche_kolosse,standard,1,7,3,6,2,11,9,2,false,false,false
match-f54fb193-882,urzeitliche_kolosse,standard,1,6,1,4,4,9,5,4,false,false,false
match-a4321c65-885,rudeljaeger,standard,0,6,3,7,6,16,10,6,true,false,true
match-101a2e9e-886,rudeljaeger,standard,0,6,3,11,10,24,15,9,false,false,false
match-101a2e9e-886,urzeitliche_kolosse,standard,1,9,4,4,2,10,8,2,true,true,true
match-cd1ff604-888,rudeljaeger,standard,0,6,4,13,12,29,18,11,false,false,false
match-53d28547-889,urzeitliche_kolosse,standard,1,6,4,7,2,13,12,1,true,false,false
match-bfbab77f-890,urzeitliche_kolosse,standard,1,6,2,6,4,12,10,2,false,false,false
match-e7ea730e-892,rudeljaeger,standard,0,6,2,10,9,21,10,11,true,true,true
match-e7ea730e-892,urzeitliche_kolosse,standard,1,7,3,10,9,22,15,7,false,false,false
match-6e9d0251-893,rudeljaeger,standard,0,6,3,11,13,27,15,12,true,true,true
match-da853489-894,urzeitliche_kolosse,standard,1,6,3,4,4,11,7,4,true,false,false
match-da853489-894,rudeljaeger,standard,0,10,4,12,8,24,15,9,false,false,false
match-4432ec92-896,rudeljaeger,standard,0,6,1,4,4,9,5,4,false,false,false
match-4432ec92-896,urzeitliche_kolosse,standard,1,7,3,10,9,22,15,7,true,false,false
match-cae59bd4-897,urzeitliche_kolosse,standard,1,6,1,4,4,9,5,4,true,false,false
match-36cdae0d-898,rudeljaeger,standard,0,6,5,7,8,20,13,7,false,false,false
match-bd805d4f-899,rudeljaeger,standard,0,6,3,11,12,26,15,11,false,false,false
match-2517132f-900,urzeitliche_kolosse,standard,1,11,2,7,4,13,8,5,true,true,true
match-17b1d4aa-902,urzeitliche_kolosse,standard,1,6,3,14,12,29,15,14,true,false,false
match-17b1d4aa-902,rudeljaeger,standard,0,7,2,6,5,13,10,3,false,false,false
match-8399e6e2-905,rudeljaeger,standard,0,7,4,4,4,12,8,4,false,false,false
match-d3f97e00-909,rudeljaeger,standard,0,6,4,13,10,27,20,7,true,false,true
match-d3f97e00-909,urzeitliche_kolosse,standard,1,6,4,8,7,19,16,3,false,false,false
match-4d46cebe-910,urzeitliche_kolosse,standard,1,6,5,9,7,21,16,5,false,false,false
match-c6943f7b-911,urzeitliche_kolosse,standard,1,6,3,5,2,10,9,1,true,true,true
match-b92ee0f6-913,rudeljaeger,standard,0,6,1,4,4,9,5,4,false,false,false
match-327c51b4-914,urzeitliche_kolosse,standard,1,6,3,11,8,22,15,7,true,false,false
match-b9ed1f06-916,rudeljaeger,standard,0,6,2,8,9,19,10,9,true,false,true
match-b9ed1f06-916,urzeitliche_kolosse,standard,1,6,2,7,7,16,10,6,false,false,false
match-333a6fc4-917,rudeljaeger,standard,0,6,2,5,4,11,8,3,true,false,false
match-ac87c081-918,urzeitliche_kolosse,standard,1,6,5,7,6,18,13,5,false,false,false
match-ac87c081-918,rudeljaeger,standard,0,7,5,13,14,32,19,13,true,false,false
match-9f2281fc-920,rudeljaeger,standard,0,6,2,3,2,7,6,1,false,false,false
match-91bd4377-922,urzeitliche_kolosse,standard,1,6,4,14,10,28,18,10,false,false,false
match-91bd4377-922,rudeljaeger,standard,0,8,2,7,10,19,10,9,true,false,false
match-0b0ab435-923,urzeitliche_kolosse,standard,1,6,3,5,4,12,7,5,true,false,true
match-0b0ab435-923,rudeljaeger,standard,0,8,2,8,8,18,10,8,false,false,false
match-ef82191a-924,rudeljaeger,standard,0,6,2,0,0,2,2,0,true,true,true
match-d4b79c10-928,urzeitliche_kolosse,standard,1,6,2,8,4,14,8,6,true,false,true
match-c7525d8b-930,rudeljaeger,standard,0,6,2,6,6,14,10,4,true,true,true
match-c7525d8b-930,urzeitliche_kolosse,standard,1,6,3,10,9,22,15,7,false,false,false
match-fb6b1b7f-932,rudeljaeger,standard,0,6,2,0,0,2,2,0,true,true,true
match-ee05dcfa-934,urzeitliche_kolosse,standard,1,6,3,6,4,13,12,1,true,false,false
match-ee05dcfa-934,rudeljaeger,standard,0,7,2,6,5,13,10,3,false,false,false
match-e0a09e75-936,rudeljaeger,standard,0,8,1,4,7,12,5,7,false,false,false
match-e0a09e75-936,urzeitliche_kolosse,standard,1,10,4,9,9,22,16,6,true,false,false
match-4c88b0ae-939,rudeljaeger,standard,0,6,2,6,4,12,10,2,true,false,false
match-aa4d6651-941,rudeljaeger,standard,0,6,2,7,6,15,10,5,false,false,false
match-aa4d6651-941,urzeitliche_kolosse,standard,1,6,5,6,5,16,13,3,true,false,true
match-9ce827cc-943,urzeitliche_kolosse,standard,1,7,1,4,4,9,5,4,true,true,true
match-821daac2-947,rudeljaeger,standard,0,6,4,6,6,16,12,4,false,false,false
match-90410757-948,urzeitliche_kolosse,standard,1,6,5,7,4,16,11,5,true,false,true
match-82dbc8d2-950,rudeljaeger,standard,0,6,1,4,4,9,5,4,false,false,false
match-82dbc8d2-950,urzeitliche_kolosse,standard,1,6,2,5,5,12,10,2,true,false,false
match-eec3fb0a-953,urzeitliche_kolosse,standard,1,8,4,11,7,22,15,7,true,false,true
match-c5d6016b-956,urzeitliche_kolosse,standard,1,6,3,4,4,11,7,4,true,false,true
match-b870c2e6-958,urzeitliche_kolosse,standard,1,6,4,10,8,22,17,5,true,false,false
match-b870c2e6-958,rudeljaeger,standard,0,7,3,9,10,22,13,9,false,false,false
match-31be33a4-959,urzeitliche_kolosse,standard,1,6,5,4,4,13,9,4,true,false,false
match-ab0b8461-960,urzeitliche_kolosse,standard,1,6,4,4,4,12,8,4,true,false,false
match-786f028d-964,urzeitliche_kolosse,standard,1,10,4,11,8,23,20,3,true,true,true
match-d6f1f640-969,urzeitliche_kolosse,standard,1,6,4,4,4,12,8,4,true,true,true
match-c98cb7bb-971,urzeitliche_kolosse,standard,1,6,5,7,4,16,15,1,true,true,true
match-27516d5f-973,urzeitliche_kolosse,standard,1,6,3,11,7,21,14,7,true,true,true
match-93399f97-976,rudeljaeger,standard,0,6,2,8,9,19,10,9,true,true,true
match-0c86f055-977,rudeljaeger,standard,0,7,3,10,10,23,14,9,true,false,true
match-85d44112-978,rudeljaeger,standard,0,6,1,5,5,11,5,6,true,true,true
match-86927f22-981,urzeitliche_kolosse,standard,1,6,3,10,8,21,15,6,true,false,false
match-86927f22-981,rudeljaeger,standard,0,7,2,8,7,17,10,7,false,false,false
match-792d209d-983,rudeljaeger,standard,0,7,3,12,11,26,15,11,false,false,false
match-bc277936-989,rudeljaeger,standard,0,6,1,4,4,9,5,4,true,false,true
match-bc277936-989,urzeitliche_kolosse,standard,1,6,4,11,6,21,17,4,false,false,false
match-3574c9f4-990,rudeljaeger,standard,0,9,4,11,7,22,12,10,true,false,true
match-280f8b6f-992,rudeljaeger,standard,0,6,3,11,10,24,15,9,false,false,false
match-1aaa4cea-994,urzeitliche_kolosse,standard,1,6,4,11,10,25,17,8,false,false,false
match-1aaa4cea-994,rudeljaeger,standard,0,7,2,8,8,18,10,8,true,false,false
match-93f7bda7-995,urzeitliche_kolosse,standard,1,6,5,6,6,17,13,4,false,false,false
match-c8107b9b-997,urzeitliche_kolosse,standard,1,7,3,10,8,21,15,6,false,false,false
match-03e606cd-1000,solidaritaet_ueberleben,standard,0,10,4,15,16,35,16,19,false,false,false
match-7d33778a-1001,urzeitliche_kolosse,standard,1,8,4,15,17,36,19,17,true,false,true
match-7d33778a-1001,solidaritaet_ueberleben,standard,0,8,2,7,10,19,10,9,false,false,false
match-f680c847-1002,urzeitliche_kolosse,standard,1,6,2,8,8,18,10,8,false,false,false
match-6fce3905-1003,solidaritaet_ueberleben,standard,0,6,4,3,1,8,7,1,false,false,false
match-6fce3905-1003,urzeitliche_kolosse,standard,1,11,4,17,18,39,20,19,true,true,true
match-e91b89c2-1004,solidaritaet_ueberleben,standard,0,6,4,14,12,30,19,11,false,false,false
match-6268fa80-1005,solidaritaet_ueberleben,standard,0,8,4,7,11,22,12,10,false,false,false
match-dbb64b3d-1006,urzeitliche_kolosse,standard,1,6,2,7,6,15,10,5,true,false,false
match-dbb64b3d-1006,solidaritaet_ueberleben,standard,0,6,2,6,5,13,10,3,false,false,false
match-ce510cb8-1008,urzeitliche_kolosse,standard,1,6,3,10,13,26,15,11,false,false,false
match-ce510cb8-1008,solidaritaet_ueberleben,standard,0,10,5,22,19,46,25,21,true,false,false
match-c0ebce33-1010,solidaritaet_ueberleben,standard,0,6,3,11,10,24,14,10,true,false,false
match-b3868fae-1012,urzeitliche_kolosse,standard,1,6,2,4,8,14,10,4,false,false,false
match-2cd3e06c-1013,urzeitliche_kolosse,standard,1,8,5,22,26,53,25,28,false,false,false
match-2cd3e06c-1013,solidaritaet_ueberleben,standard,0,13,2,3,4,9,6,3,true,false,true
match-a6215129-1014,urzeitliche_kolosse,standard,1,6,3,7,10,20,14,6,false,false,false
match-61aadc70-1018,solidaritaet_ueberleben,standard,0,6,3,12,11,26,15,11,true,false,false
match-cd92eea8-1021,solidaritaet_ueberleben,standard,0,7,4,3,2,9,8,1,true,false,true
match-46e05f66-1022,urzeitliche_kolosse,standard,1,6,2,6,8,16,10,6,true,false,true
match-397b00e1-1024,urzeitliche_kolosse,standard,1,6,2,5,4,11,7,4,false,false,false
match-397b00e1-1024,solidaritaet_ueberleben,standard,0,8,3,12,15,30,15,15,true,true,true
match-b2c8719e-1025,solidaritaet_ueberleben,standard,0,8,4,16,18,38,20,18,true,false,false
match-2c15c25c-1026,urzeitliche_kolosse,standard,1,6,3,9,6,18,13,5,true,true,true
match-a5633319-1027,solidaritaet_ueberleben,standard,0,6,4,14,14,32,20,12,true,false,false
match-1eb083d7-1028,urzeitliche_kolosse,standard,1,7,3,7,9,19,7,12,true,false,false
match-97fdf494-1029,urzeitliche_kolosse,standard,1,6,2,3,5,10,6,4,false,false,false
match-114b4552-1030,solidaritaet_ueberleben,standard,0,6,4,15,12,31,19,12,false,false,false
match-8a98b60f-1031,solidaritaet_ueberleben,standard,0,6,3,12,13,28,15,13,true,false,false
match-8a98b60f-1031,urzeitliche_kolosse,standard,1,14,3,5,5,13,7,6,false,false,false
match-2d921e7c-1032,solidaritaet_ueberleben,standard,0,6,3,10,9,22,14,8,false,false,false
match-2d921e7c-1032,urzeitliche_kolosse,standard,1,12,5,0,0,5,5,0,true,true,true
match-a6df6f39-1033,urzeitliche_kolosse,standard,1,6,1,4,4,9,5,4,true,false,false
match-a6df6f39-1033,solidaritaet_ueberleben,standard,0,6,5,3,3,11,9,2,false,false,false
match-202cdff7-1034,urzeitliche_kolosse,standard,1,6,1,4,4,9,5,4,false,false,false
match-202cdff7-1034,solidaritaet_ueberleben,standard,0,6,4,13,11,28,20,8,true,false,false
match-8c14f22f-1037,urzeitliche_kolosse,standard,1,6,5,10,15,30,22,8,true,false,true
match-056242ed-1038,urzeitliche_kolosse,standard,1,6,3,7,11,21,14,7,false,false,false
match-056242ed-1038,solidaritaet_ueberleben,standard,0,7,1,0,0,1,1,0,true,true,true
match-7eafb3aa-1039,urzeitliche_kolosse,standard,1,7,3,11,14,28,15,13,true,false,false
match-ea97c5e2-1042,urzeitliche_kolosse,standard,1,6,3,12,15,30,15,15,false,false,false
match-63e536a0-1043,urzeitliche_kolosse,standard,1,6,3,9,15,27,15,12,true,false,false
match-63e536a0-1043,solidaritaet_ueberleben,standard,0,8,5,12,10,27,20,7,false,false,false
match-dd32875d-1044,solidaritaet_ueberleben,standard,0,6,1,5,5,11,5,6,false,false,false
match-dd32875d-1044,urzeitliche_kolosse,standard,1,7,2,8,9,19,10,9,true,false,false
match-567ff81b-1045,urzeitliche_kolosse,standard,1,6,2,8,10,20,10,10,false,false,false
match-567ff81b-1045,solidaritaet_ueberleben,standard,0,7,3,10,11,24,15,9,true,true,true
match-cfcd48d8-1046,urzeitliche_kolosse,standard,1,6,2,6,8,16,10,6,true,false,false
match-491ab996-1047,solidaritaet_ueberleben,standard,0,8,4,11,7,22,17,5,true,false,false
match-491ab996-1047,urzeitliche_kolosse,standard,1,9,5,19,20,44,23,21,false,false,false
match-98bc12a4-1048,urzeitliche_kolosse,standard,1,6,2,6,9,17,10,7,false,false,false
match-98bc12a4-1048,solidaritaet_ueberleben,standard,0,11,2,7,8,17,10,7,true,false,false
match-12096362-1049,solidaritaet_ueberleben,standard,0,6,2,8,9,19,10,9,true,false,false
match-8b56d41f-1050,solidaritaet_ueberleben,standard,0,6,5,11,12,28,17,11,true,true,true
match-04a424dd-1051,solidaritaet_ueberleben,standard,0,7,2,4,4,10,6,4,false,false,false
match-7df1959a-1052,solidaritaet_ueberleben,standard,0,6,3,10,8,21,15,6,false,false,false
match-7df1959a-1052,urzeitliche_kolosse,standard,1,7,4,11,14,29,16,13,true,true,true
match-e9d9a7d2-1055,urzeitliche_kolosse,standard,1,6,3,8,10,21,14,7,true,false,false
match-e9d9a7d2-1055,solidaritaet_ueberleben,standard,0,9,4,17,20,41,20,21,false,false,false
match-63271890-1056,urzeitliche_kolosse,standard,1,6,3,7,11,21,15,6,false,false,false
match-dc74694d-1057,urzeitliche_kolosse,standard,1,6,2,5,8,15,9,6,true,false,false
match-55c1da0b-1058,solidaritaet_ueberleben,standard,0,6,4,13,11,28,19,9,false,false,false
match-55c1da0b-1058,urzeitliche_kolosse,standard,1,7,3,11,11,25,15,10,true,false,false
match-cf0f2ac8-1059,urzeitliche_kolosse,standard,1,6,5,12,14,31,24,7,false,false,false
match-485c9b86-1060,solidaritaet_ueberleben,standard,0,9,4,11,8,23,14,9,false,false,false
match-485c9b86-1060,urzeitliche_kolosse,standard,1,13,3,7,10,20,11,9,true,false,true
match-c1a9ec43-1061,urzeitliche_kolosse,standard,1,6,4,8,15,27,18,9,false,false,false
match-c1a9ec43-1061,solidaritaet_ueberleben,standard,0,8,3,14,8,25,15,10,true,false,false
match-3af75d01-1062,solidaritaet_ueberleben,standard,0,6,2,8,9,19,10,9,false,false,false
match-3af75d01-1062,urzeitliche_kolosse,standard,1,7,5,7,7,19,13,6,true,false,false
match-b444adbe-1063,solidaritaet_ueberleben,standard,0,8,3,9,10,22,11,11,false,false,false
match-b444adbe-1063,urzeitliche_kolosse,standard,1,11,2,8,8,18,10,8,true,false,false
match-d08b66e8-1065,urzeitliche_kolosse,standard,1,6,3,7,11,21,14,7,false,false,false
match-d08b66e8-1065,solidaritaet_ueberleben,standard,0,11,4,17,14,35,20,15,true,false,false
match-49d8d7a6-1066,solidaritaet_ueberleben,standard,0,6,4,7,5,16,11,5,true,false,true
match-c3262863-1067,urzeitliche_kolosse,standard,1,6,3,8,14,25,15,10,false,false,false
match-3c739921-1068,urzeitliche_kolosse,standard,1,6,1,4,4,9,5,4,false,false,false
match-9af66cd4-1073,urzeitliche_kolosse,standard,1,8,2,8,8,18,10,8,false,false,false
match-1443dd92-1074,solidaritaet_ueberleben,standard,0,6,2,8,7,17,10,7,false,false,false
match-1443dd92-1074,urzeitliche_kolosse,standard,1,12,4,11,12,27,20,7,true,true,true
match-8d912e4f-1075,urzeitliche_kolosse,standard,1,15,4,9,9,22,11,11,false,false,false
match-06de9f0d-1076,urzeitliche_kolosse,standard,1,12,4,0,0,4,4,0,true,false,false
match-06de9f0d-1076,solidaritaet_ueberleben,standard,0,13,3,8,9,20,15,5,false,false,false
match-f9794087-1078,solidaritaet_ueberleben,standard,0,6,3,4,4,11,7,4,false,false,false
match-f9794087-1078,urzeitliche_kolosse,standard,1,7,5,7,8,20,13,7,true,false,false
match-72c6b145-1079,urzeitliche_kolosse,standard,1,6,3,8,11,22,14,8,true,false,false
match-72c6b145-1079,solidaritaet_ueberleben,standard,0,10,4,6,6,16,12,4,false,false,false
match-c2680a53-1080,solidaritaet_ueberleben,standard,0,6,3,11,10,24,15,9,false,false,false
match-c2680a53-1080,urzeitliche_kolosse,standard,1,7,2,7,7,16,10,6,true,false,false
match-3bb57b11-1081,urzeitliche_kolosse,standard,1,6,3,7,11,21,15,6,false,false,false
match-b502cbce-1082,solidaritaet_ueberleben,standard,0,6,3,13,13,29,15,14,true,true,true
match-b502cbce-1082,urzeitliche_kolosse,standard,1,7,4,13,13,30,20,10,false,false,false
match-a79d8d49-1084,urzeitliche_kolosse,standard,1,6,3,9,9,21,13,8,false,false,false
match-a79d8d49-1084,solidaritaet_ueberleben,standard,0,12,4,6,6,16,12,4,true,false,true
match-8cd3103f-1088,urzeitliche_kolosse,standard,1,6,3,10,10,23,15,8,true,false,true
match-062060fd-1089,urzeitliche_kolosse,standard,1,6,1,4,4,9,5,4,false,false,false
match-062060fd-1089,solidaritaet_ueberleben,standard,0,6,3,10,11,24,15,9,true,false,false
match-f8bb2277-1091,urzeitliche_kolosse,standard,1,6,2,2,8,12,8,4,false,false,false
match-f8bb2277-1091,solidaritaet_ueberleben,standard,0,6,4,12,8,24,19,5,true,false,false
match-72089335-1092,urzeitliche_kolosse,standard,1,6,2,8,9,19,10,9,false,false,false
match-72089335-1092,solidaritaet_ueberleben,standard,0,8,3,10,8,21,11,10,true,true,true
match-ddf0a56d-1095,urzeitliche_kolosse,standard,1,6,3,10,10,23,15,8,false,false,false
match-ddf0a56d-1095,solidaritaet_ueberleben,standard,0,7,1,3,3,7,5,2,true,false,false
match-ecd22012-1099,urzeitliche_kolosse,standard,1,6,2,6,10,18,10,8,true,true,true
match-ecd22012-1099,solidaritaet_ueberleben,standard,0,6,4,14,13,31,19,12,false,false,false
match-d2b885a9-1101,urzeitliche_kolosse,standard,1,6,5,14,22,41,23,18,true,false,false
match-d2b885a9-1101,solidaritaet_ueberleben,standard,0,7,5,12,11,28,17,11,false,false,false
match-3ea0b7e2-1102,solidaritaet_ueberleben,standard,0,6,2,6,6,14,10,4,false,false,false
match-c5534724-1103,urzeitliche_kolosse,standard,1,6,4,9,11,24,17,7,true,false,false
match-66d07371-1104,urzeitliche_kolosse,standard,1,10,5,6,7,18,9,9,true,false,false
match-66d07371-1104,solidaritaet_ueberleben,standard,0,14,5,14,16,35,21,14,false,false,false
match-ed8302b3-1105,solidaritaet_ueberleben,standard,0,6,2,7,6,15,10,5,false,false,false
match-ed8302b3-1105,urzeitliche_kolosse,standard,1,6,4,11,11,26,17,9,true,false,false
match-596b34ec-1106,solidaritaet_ueberleben,standard,0,6,1,5,5,11,5,6,false,false,false
match-596b34ec-1106,urzeitliche_kolosse,standard,1,6,5,15,19,39,24,15,true,false,false
match-e01dc42e-1107,solidaritaet_ueberleben,standard,0,6,2,8,9,19,10,9,false,false,false
match-819af07b-1108,urzeitliche_kolosse,standard,1,6,3,13,15,31,15,16,true,false,false
match-819af07b-1108,solidaritaet_ueberleben,standard,0,10,4,9,7,20,15,5,false,false,false
match-084d9fbe-1109,solidaritaet_ueberleben,standard,0,6,3,5,5,13,7,6,true,false,false
match-7435b1f6-1110,solidaritaet_ueberleben,standard,0,8,3,10,10,23,15,8,true,true,true
match-fae84138-1111,solidaritaet_ueberleben,standard,0,7,5,7,8,20,13,7,true,true,true
match-fae84138-1111,urzeitliche_kolosse,standard,1,8,5,21,24,50,25,25,false,false,false
match-23181cc8-1113,urzeitliche_kolosse,standard,1,6,4,15,21,40,20,20,true,false,false
match-15b2de43-1115,urzeitliche_kolosse,standard,1,6,5,16,22,43,25,18,true,false,false
match-15b2de43-1115,solidaritaet_ueberleben,standard,0,8,5,17,16,38,24,14,false,false,false
match-e0dbe23e-1116,solidaritaet_ueberleben,standard,0,6,4,14,12,30,20,10,false,false,false
match-5a2952fc-1119,urzeitliche_kolosse,standard,1,6,3,12,11,26,15,11,true,false,false
match-fba67f48-1120,urzeitliche_kolosse,standard,1,6,3,11,13,27,15,12,false,false,false
match-82590e8b-1121,solidaritaet_ueberleben,standard,0,6,3,0,0,3,3,0,false,false,false
match-ee4120c3-1122,solidaritaet_ueberleben,standard,0,9,5,6,2,13,11,2,true,true,true
match-1670fc53-1124,urzeitliche_kolosse,standard,1,6,5,15,13,33,20,13,true,false,false
match-1670fc53-1124,solidaritaet_ueberleben,standard,0,9,5,16,14,35,24,11,false,false,false
match-8fbe4d10-1127,solidaritaet_ueberleben,standard,0,7,4,7,6,17,12,5,true,false,false
match-8fbe4d10-1127,urzeitliche_kolosse,standard,1,14,4,8,10,22,12,10,false,false,false
match-313b795d-1128,urzeitliche_kolosse,standard,1,6,4,6,8,18,8,10,true,true,true
match-b7ee089f-1129,urzeitliche_kolosse,standard,1,6,3,14,18,35,15,20,true,false,true
match-23d63ad8-1130,solidaritaet_ueberleben,standard,0,11,2,8,6,16,10,6,false,false,false
match-aa88ca1a-1131,urzeitliche_kolosse,standard,1,6,3,14,16,33,15,18,false,false,false
match-aa88ca1a-1131,solidaritaet_ueberleben,standard,0,10,4,4,7,15,8,7,true,true,true
match-75b1ee16-1132,urzeitliche_kolosse,standard,1,6,4,15,18,37,16,21,true,false,true
match-fc649d58-1133,solidaritaet_ueberleben,standard,0,7,4,15,15,34,20,14,false,false,false
match-eeff5ed3-1135,urzeitliche_kolosse,standard,1,7,2,6,6,14,7,7,true,false,false
match-907c6b20-1136,urzeitliche_kolosse,standard,1,6,3,11,11,25,12,13,true,false,false
match-907c6b20-1136,solidaritaet_ueberleben,standard,0,12,3,0,0,3,3,0,false,false,false
match-172f1a63-1137,urzeitliche_kolosse,standard,1,6,4,15,15,34,18,16,true,false,false
match-ab46e82a-1140,urzeitliche_kolosse,standard,1,6,2,8,8,18,10,8,true,false,false
match-31f9976d-1141,urzeitliche_kolosse,standard,1,6,3,11,11,25,13,12,false,false,false
match-9de1a9a5-1142,solidaritaet_ueberleben,standard,0,9,5,3,4,12,9,3,true,false,false
match-9de1a9a5-1142,urzeitliche_kolosse,standard,1,11,5,14,14,33,21,12,false,false,false
match-249458e8-1143,solidaritaet_ueberleben,standard,0,6,1,3,4,8,5,3,true,false,false
match-249458e8-1143,urzeitliche_kolosse,standard,1,6,4,14,16,34,20,14,false,false,false
match-c6116534-1144,urzeitliche_kolosse,standard,1,6,3,11,13,27,15,12,true,false,false
match-4cc41477-1145,solidaritaet_ueberleben,standard,0,6,3,0,0,3,3,0,false,false,false
match-4cc41477-1145,urzeitliche_kolosse,standard,1,6,4,3,3,10,8,2,true,false,false
match-b8ac26af-1146,solidaritaet_ueberleben,standard,0,7,4,6,2,12,10,2,true,true,true
match-3f5ed5f2-1147,solidaritaet_ueberleben,standard,0,9,3,14,11,28,15,13,false,false,false
match-3f5ed5f2-1147,urzeitliche_kolosse,standard,1,14,4,7,4,15,15,0,true,true,true
match-0a87f9ee-1148,urzeitliche_kolosse,standard,1,6,4,14,15,33,20,13,false,false,false
match-0a87f9ee-1148,solidaritaet_ueberleben,standard,0,7,4,14,12,30,20,10,true,false,false
match-913a8930-1149,solidaritaet_ueberleben,standard,0,6,3,9,7,19,14,5,false,false,false
match-913a8930-1149,urzeitliche_kolosse,standard,1,6,3,11,11,25,15,10,true,false,false
match-fd22bb68-1150,urzeitliche_kolosse,standard,1,6,2,9,12,23,10,13,false,false,false
match-83d54aab-1151,urzeitliche_kolosse,standard,1,6,3,13,13,29,15,14,true,false,false
match-83d54aab-1151,solidaritaet_ueberleben,standard,0,11,5,6,5,16,12,4,false,false,false
match-255276f8-1152,urzeitliche_kolosse,standard,1,6,3,10,9,22,14,8,false,false,false
match-255276f8-1152,solidaritaet_ueberleben,standard,0,13,5,10,9,24,16,8,true,false,true
match-ac05063a-1153,urzeitliche_kolosse,standard,1,9,4,0,0,4,4,0,false,false,false
match-17ed3873-1154,solidaritaet_ueberleben,standard,0,7,4,11,15,30,16,14,true,false,true
match-9e9fc7b5-1155,solidaritaet_ueberleben,standard,0,7,3,10,10,23,15,8,true,true,true
match-c6cf8344-1157,solidaritaet_ueberleben,standard,0,6,3,12,11,26,15,11,false,false,false
match-32b7b57d-1158,urzeitliche_kolosse,standard,1,6,3,13,13,29,15,14,false,false,false
match-b96a44bf-1159,solidaritaet_ueberleben,standard,0,7,3,4,4,11,7,4,false,false,false
match-b96a44bf-1159,urzeitliche_kolosse,standard,1,8,5,10,16,31,23,8,true,false,false
match-5ae7710c-1160,urzeitliche_kolosse,standard,1,9,3,3,5,11,7,4,false,false,false
match-e19a004e-1161,urzeitliche_kolosse,standard,1,6,4,13,12,29,15,14,true,true,true
match-4d823287-1162,urzeitliche_kolosse,standard,1,6,4,9,16,29,18,11,true,false,false
match-d434c1c9-1163,solidaritaet_ueberleben,standard,0,8,2,9,12,23,10,13,false,false,false
match-d434c1c9-1163,urzeitliche_kolosse,standard,1,10,4,12,16,32,20,12,true,false,true
match-f8ade708-1164,urzeitliche_kolosse,standard,1,6,3,6,7,16,7,9,false,false,false
match-f8ade708-1164,solidaritaet_ueberleben,standard,0,12,4,9,8,21,16,5,true,true,true
match-7f60964b-1165,solidaritaet_ueberleben,standard,0,7,3,12,15,30,15,15,true,true,true
match-eb48a883-1166,urzeitliche_kolosse,standard,1,6,2,8,10,20,10,10,true,false,false
match-eb48a883-1166,solidaritaet_ueberleben,standard,0,7,4,14,13,31,20,11,false,false,false
match-71fb57c6-1167,urzeitliche_kolosse,standard,1,6,2,8,9,19,10,9,false,false,false
match-71fb57c6-1167,solidaritaet_ueberleben,standard,0,11,4,16,13,33,20,13,true,true,true
match-13786413-1168,urzeitliche_kolosse,standard,1,6,3,11,13,27,15,12,true,false,false
match-13786413-1168,solidaritaet_ueberleben,standard,0,7,4,13,10,27,18,9,false,false,false
match-0613258e-1170,urzeitliche_kolosse,standard,1,6,4,20,25,49,20,29,false,false,false
match-0613258e-1170,solidaritaet_ueberleben,standard,0,9,4,14,19,37,20,17,false,false,false
match-8cc5d4d0-1171,urzeitliche_kolosse,standard,1,8,5,20,22,47,25,22,true,true,true
match-2e42e11d-1172,solidaritaet_ueberleben,standard,0,6,1,3,2,6,5,1,true,false,false
match-2e42e11d-1172,urzeitliche_kolosse,standard,1,11,4,12,15,31,19,12,false,false,false
match-b4f5905f-1173,urzeitliche_kolosse,standard,1,8,5,7,8,20,9,11,true,false,true
match-490d7e27-1176,solidaritaet_ueberleben,standard,0,6,1,2,1,4,4,0,true,false,false
match-490d7e27-1176,urzeitliche_kolosse,standard,1,6,4,12,16,32,20,12,false,false,false
match-3ba83fa2-1178,urzeitliche_kolosse,standard,1,6,3,12,14,29,15,14,false,false,false
match-3ba83fa2-1178,solidaritaet_ueberleben,standard,0,7,3,10,9,22,15,7,true,false,false
match-c25acee4-1179,solidaritaet_ueberleben,standard,0,6,4,9,9,22,12,10,false,false,false
match-8d83f2e0-1180,solidaritaet_ueberleben,standard,0,6,1,5,5,11,5,6,false,false,false
match-8d83f2e0-1180,urzeitliche_kolosse,standard,1,13,4,6,7,17,12,5,true,true,true
match-14368223-1181,urzeitliche_kolosse,standard,1,6,4,13,12,29,18,11,false,false,false
match-14368223-1181,solidaritaet_ueberleben,standard,0,7,4,15,13,32,20,12,true,false,false
match-06d1439e-1183,solidaritaet_ueberleben,standard,0,7,4,15,17,36,20,16,false,false,false
match-a84e6fea-1184,solidaritaet_ueberleben,standard,0,6,1,5,5,11,5,6,true,false,false
match-a84e6fea-1184,urzeitliche_kolosse,standard,1,6,5,17,24,46,25,21,false,false,false
match-2f011f2d-1185,solidaritaet_ueberleben,standard,0,7,2,9,9,20,10,10,true,true,true
match-9ae93165-1186,urzeitliche_kolosse,standard,1,6,3,13,13,29,15,14,true,false,false
match-219bc0a8-1187,urzeitliche_kolosse,standard,1,6,4,15,21,40,20,20,false,false,false
match-219bc0a8-1187,solidaritaet_ueberleben,standard,0,7,4,13,14,31,18,13,true,false,false
match-49cb9c37-1189,solidaritaet_ueberleben,standard,0,7,3,12,11,26,15,11,true,false,true
match-b5b3ae6f-1190,urzeitliche_kolosse,standard,1,7,4,7,9,20,8,12,true,false,false
match-b5b3ae6f-1190,solidaritaet_ueberleben,standard,0,7,4,9,8,21,15,6,false,false,false
match-3c665db2-1191,urzeitliche_kolosse,standard,1,6,3,9,13,25,15,10,false,false,false
match-3c665db2-1191,solidaritaet_ueberleben,standard,0,7,3,9,7,19,15,4,true,false,false
match-dde369fe-1192,urzeitliche_kolosse,standard,1,6,3,13,13,29,15,14,true,false,false
match-64961941-1193,urzeitliche_kolosse,standard,1,6,4,13,17,34,19,15,true,false,false
match-d07e2b79-1194,solidaritaet_ueberleben,standard,0,6,3,10,10,23,15,8,false,false,false
match-d07e2b79-1194,urzeitliche_kolosse,standard,1,9,3,9,15,27,15,12,true,false,true
match-5730dabc-1195,solidaritaet_ueberleben,standard,0,6,2,9,9,20,10,10,false,false,false
match-5730dabc-1195,urzeitliche_kolosse,standard,1,6,4,13,15,32,20,12,true,false,false
match-a90c8dfa-1197,urzeitliche_kolosse,standard,1,6,4,6,8,18,8,10,true,false,false
match-a90c8dfa-1197,solidaritaet_ueberleben,standard,0,7,5,18,16,39,25,14,false,false,false
match-14f4a033-1198,urzeitliche_kolosse,standard,1,6,3,13,15,31,15,16,false,false,false
match-14f4a033-1198,solidaritaet_ueberleben,standard,0,15,3,10,13,26,15,11,true,true,true
match-9ba74f75-1199,solidaritaet_ueberleben,standard,0,6,2,8,9,19,10,9,false,false,false
match-9ba74f75-1199,urzeitliche_kolosse,standard,1,12,5,1,1,7,7,0,true,false,false
