matchId,deckId,botType,side,winner,startingPlayer,roundsPlayed,baseHealth,cardsDrawn,cardsPlayed,energySpent,energyUnused,creaturesSummoned,creaturesDestroyed,baseDamage,healing,laneMoves
pc-3839c9bd-0,forschung_muskelkraft__ohne_pc,control,0,0,1,5,0,12,5,14,1,4,5,4,0,0
pc-3839c9bd-0,rudeljaeger__ohne_pc,control,1,1,0,5,6,10,7,15,0,7,1,10,0,0
pc-b1873a7a-1,forschung_muskelkraft__ohne_pc,control,0,1,1,6,2,12,6,19,1,5,6,12,0,0
pc-b1873a7a-1,rudeljaeger__ohne_pc,control,1,0,0,6,-2,10,6,20,1,6,1,8,0,0
pc-459f0842-2,forschung_muskelkraft__ohne_pc,control,0,1,1,9,3,17,7,29,7,6,10,10,0,0
pc-459f0842-2,rudeljaeger__ohne_pc,control,1,0,0,9,0,13,13,32,6,11,1,7,0,0
pc-beec78ff-3,forschung_muskelkraft__ohne_pc,control,0,0,1,7,-3,16,7,25,2,6,5,5,0,0
pc-beec78ff-3,rudeljaeger__ohne_pc,control,1,1,0,7,5,11,9,25,3,8,3,13,0,0
pc-1d6f4cb3-4,forschung_muskelkraft__ohne_pc,control,0,1,1,11,4,19,16,58,6,14,11,10,0,0
pc-1d6f4cb3-4,rudeljaeger__ohne_pc,control,1,0,0,11,0,16,14,36,21,13,9,6,0,1
pc-96bcbd70-5,forschung_muskelkraft__ohne_pc,control,0,0,1,6,-1,16,7,20,1,5,7,6,0,0
pc-96bcbd70-5,rudeljaeger__ohne_pc,control,1,1,0,6,4,9,9,19,0,8,3,11,0,0
pc-2ad48b38-6,forschung_muskelkraft__ohne_pc,control,0,1,1,6,2,15,6,19,1,5,5,10,0,0
pc-2ad48b38-6,rudeljaeger__ohne_pc,control,1,0,0,6,0,9,7,20,0,7,2,8,0,0
pc-a421fbf5-7,forschung_muskelkraft__ohne_pc,control,0,0,1,5,0,12,4,13,2,4,3,0,0,0
pc-a421fbf5-7,rudeljaeger__ohne_pc,control,1,1,0,5,10,8,6,15,0,6,2,10,0,0
pc-6dcec3d1-8,forschung_muskelkraft__ohne_pc,control,0,1,1,10,2,21,11,45,5,10,11,10,0,0
pc-6dcec3d1-8,rudeljaeger__ohne_pc,control,1,0,0,10,0,15,13,35,12,11,5,8,0,1
pc-e71c348e-9,forschung_muskelkraft__ohne_pc,control,0,1,1,7,1,15,10,27,1,8,7,10,0,0
pc-e71c348e-9,rudeljaeger__ohne_pc,control,1,0,0,7,0,10,10,25,2,9,4,9,0,0
pc-7b340256-10,forschung_muskelkraft__ohne_pc,control,0,1,1,9,3,16,11,39,4,9,9,13,0,0
pc-7b340256-10,rudeljaeger__ohne_pc,control,1,0,0,9,-3,15,13,31,8,11,5,7,0,0
pc-f4817313-11,forschung_muskelkraft__ohne_pc,control,0,1,1,11,4,21,12,44,15,10,11,10,0,0
pc-f4817313-11,rudeljaeger__ohne_pc,control,1,0,0,11,0,15,14,36,21,12,5,6,0,1
pc-530446c7-12,forschung_muskelkraft__ohne_pc,control,0,0,1,6,-1,13,7,19,2,5,5,0,0,0
pc-530446c7-12,rudeljaeger__ohne_pc,control,1,1,0,6,10,9,9,17,1,8,3,11,0,0
pc-cc51b784-13,forschung_muskelkraft__ohne_pc,control,0,1,1,10,5,21,12,44,7,10,10,14,0,0
pc-cc51b784-13,rudeljaeger__ohne_pc,control,1,0,0,10,-4,16,13,37,17,11,5,5,0,0
pc-6069854c-14,forschung_muskelkraft__ohne_pc,control,0,0,1,6,0,13,6,19,1,5,5,5,0,0
pc-6069854c-14,rudeljaeger__ohne_pc,control,1,1,0,6,5,11,7,19,2,7,2,10,0,0
pc-d9b6f609-15,forschung_muskelkraft__ohne_pc,control,0,1,1,9,2,17,13,43,2,11,7,11,0,0
pc-d9b6f609-15,rudeljaeger__ohne_pc,control,1,0,0,9,-1,13,12,33,6,10,8,8,0,0
pc-cd0fd594-16,forschung_muskelkraft__ohne_pc,control,0,1,1,10,3,20,11,39,7,9,12,13,0,0
pc-cd0fd594-16,rudeljaeger__ohne_pc,control,1,0,0,10,-3,13,13,30,17,11,4,7,0,0
pc-465d2652-17,forschung_muskelkraft__ohne_pc,control,0,1,1,9,6,20,9,32,4,7,11,14,0,0
pc-465d2652-17,rudeljaeger__ohne_pc,control,1,0,0,9,-4,14,12,31,7,11,2,4,0,0
pc-da751419-18,forschung_muskelkraft__ohne_pc,control,0,0,1,5,0,12,4,12,3,3,4,7,0,0
pc-da751419-18,rudeljaeger__ohne_pc,control,1,1,0,5,3,10,5,12,1,5,1,10,0,0
pc-53c264d7-19,forschung_muskelkraft__ohne_pc,control,0,0,1,6,0,12,5,18,2,5,3,0,0,0
pc-53c264d7-19,rudeljaeger__ohne_pc,control,1,1,0,6,10,11,6,20,1,6,4,10,0,0
pc-b245588a-20,forschung_muskelkraft__ohne_pc,control,0,1,1,8,1,15,8,31,2,8,7,13,0,0
pc-b245588a-20,rudeljaeger__ohne_pc,control,1,0,0,8,-3,12,11,26,5,9,4,9,0,0
pc-2b92a948-21,forschung_muskelkraft__ohne_pc,control,0,0,1,6,0,18,6,19,1,5,2,0,0,0
pc-2b92a948-21,rudeljaeger__ohne_pc,control,1,1,0,6,10,9,7,20,1,7,3,10,0,0
pc-bfaa970f-22,forschung_muskelkraft__ohne_pc,control,0,0,1,5,0,14,4,13,2,4,0,1,0,0
pc-bfaa970f-22,rudeljaeger__ohne_pc,control,1,1,0,5,9,9,4,14,1,4,3,10,0,0
pc-38f7e7cd-23,forschung_muskelkraft__ohne_pc,control,0,0,1,4,-3,10,3,8,2,3,0,6,0,0
pc-38f7e7cd-23,rudeljaeger__ohne_pc,control,1,1,0,4,4,9,3,9,1,3,1,13,0,0
pc-02a4cfa9-24,forschung_muskelkraft__ohne_pc,control,0,1,1,6,6,15,7,20,1,5,3,11,0,0
pc-02a4cfa9-24,rudeljaeger__ohne_pc,control,1,0,0,6,-1,11,7,19,2,7,1,4,0,0
pc-7bf22066-25,forschung_muskelkraft__ohne_pc,control,0,1,1,10,4,19,11,38,7,10,11,18,0,0
pc-7bf22066-25,rudeljaeger__ohne_pc,control,1,0,0,10,-8,14,14,40,9,12,5,6,0,0
pc-100a0e2e-26,forschung_muskelkraft__ohne_pc,control,0,0,1,6,-3,14,6,19,1,5,3,0,0,0
pc-100a0e2e-26,rudeljaeger__ohne_pc,control,1,1,0,6,10,10,8,20,0,7,3,13,0,0
pc-89577eeb-27,forschung_muskelkraft__ohne_pc,control,0,1,1,8,4,15,9,30,2,7,11,13,0,0
pc-89577eeb-27,rudeljaeger__ohne_pc,control,1,0,0,8,-3,11,11,26,4,10,2,6,0,0
pc-e7da529e-28,forschung_muskelkraft__ohne_pc,control,0,0,1,6,-2,14,5,18,2,5,6,0,0,0
pc-e7da529e-28,rudeljaeger__ohne_pc,control,1,1,0,6,10,10,8,16,3,8,3,12,0,0
pc-6127a35c-29,forschung_muskelkraft__ohne_pc,control,0,1,1,8,6,18,7,24,4,6,11,10,0,0
pc-6127a35c-29,rudeljaeger__ohne_pc,control,1,0,0,8,0,12,11,30,3,10,1,4,0,1
pc-f53f9123-30,forschung_muskelkraft__ohne_pc,control,0,0,1,7,-1,14,7,25,3,6,7,0,0,0
pc-f53f9123-30,rudeljaeger__ohne_pc,control,1,1,0,7,10,12,9,22,3,8,2,11,0,0
pc-6e8ce1e1-31,forschung_muskelkraft__ohne_pc,control,0,0,1,5,-1,12,4,13,2,4,2,0,0,0
pc-6e8ce1e1-31,rudeljaeger__ohne_pc,control,1,1,0,5,10,9,5,12,1,5,3,11,0,0
pc-0e8dd20e-32,forschung_muskelkraft__ohne_pc,control,0,0,1,5,0,13,5,14,1,4,1,2,0,0
pc-0e8dd20e-32,rudeljaeger__ohne_pc,control,1,1,0,5,8,10,4,14,1,4,2,10,0,0
pc-87db22cb-33,forschung_muskelkraft__ohne_pc,control,0,0,1,5,-1,13,4,13,2,4,5,3,0,0
pc-87db22cb-33,rudeljaeger__ohne_pc,control,1,1,0,5,7,8,6,11,1,6,2,11,0,0
pc-1bf31093-34,forschung_muskelkraft__ohne_pc,control,0,1,1,5,4,11,5,14,1,4,5,10,0,0
pc-1bf31093-34,rudeljaeger__ohne_pc,control,1,0,0,5,0,9,6,12,2,6,1,6,0,0
pc-95406150-35,forschung_muskelkraft__ohne_pc,control,0,0,1,5,-1,15,4,13,2,4,0,0,0,0
pc-95406150-35,rudeljaeger__ohne_pc,control,1,1,0,5,10,9,6,14,0,5,2,11,0,0
pc-f3c35503-36,forschung_muskelkraft__ohne_pc,control,0,1,1,9,2,19,11,37,4,10,9,14,0,0
pc-f3c35503-36,rudeljaeger__ohne_pc,control,1,0,0,9,-4,13,12,29,8,10,5,8,0,0
pc-6d10a5c1-37,forschung_muskelkraft__ohne_pc,control,0,0,1,5,-4,10,5,11,4,3,2,6,0,0
pc-6d10a5c1-37,rudeljaeger__ohne_pc,control,1,1,0,5,4,10,5,14,1,5,0,14,0,0
pc-01289389-38,forschung_muskelkraft__ohne_pc,control,0,1,1,8,2,18,9,32,3,8,8,11,0,0
pc-01289389-38,rudeljaeger__ohne_pc,control,1,0,0,8,-1,13,11,30,3,10,4,8,0,1
pc-7a75e446-39,forschung_muskelkraft__ohne_pc,control,0,,1,15,0,21,16,61,52,14,18,9,0,0
pc-7a75e446-39,rudeljaeger__ohne_pc,control,1,,0,15,0,20,19,51,55,17,11,9,0,0
pc-4422cc22-40,forschung_muskelkraft__ohne_pc,control,0,0,1,7,0,15,7,25,2,6,8,7,0,0
pc-4422cc22-40,rudeljaeger__ohne_pc,control,1,1,0,7,3,12,8,23,0,8,3,10,0,0
pc-bd703cdf-41,forschung_muskelkraft__ohne_pc,control,0,0,1,6,-1,13,6,19,2,5,6,0,0,0
pc-bd703cdf-41,rudeljaeger__ohne_pc,control,1,1,0,6,10,10,9,19,0,8,2,11,0,0
pc-51880aa7-42,forschung_muskelkraft__ohne_pc,control,0,1,1,9,5,15,10,32,4,8,11,10,0,0
pc-51880aa7-42,rudeljaeger__ohne_pc,control,1,0,0,9,0,14,13,32,8,11,3,5,0,0
pc-cad57b64-43,forschung_muskelkraft__ohne_pc,control,0,0,1,6,0,15,6,19,2,5,2,0,0,0
pc-cad57b64-43,rudeljaeger__ohne_pc,control,1,1,0,6,10,9,6,17,3,6,3,10,0,0
pc-29584f18-44,forschung_muskelkraft__ohne_pc,control,0,0,1,5,-2,11,5,14,1,4,4,6,0,0
pc-29584f18-44,rudeljaeger__ohne_pc,control,1,1,0,5,4,9,4,13,2,4,0,12,0,0
pc-a2a5bfd5-45,forschung_muskelkraft__ohne_pc,control,0,1,1,6,4,10,6,19,1,5,4,10,0,0
pc-a2a5bfd5-45,rudeljaeger__ohne_pc,control,1,0,0,6,0,9,8,20,0,7,2,6,0,0
pc-36bd8d9d-46,forschung_muskelkraft__ohne_pc,control,0,1,1,6,3,12,8,20,1,6,5,12,0,0
pc-36bd8d9d-46,rudeljaeger__ohne_pc,control,1,0,0,6,-2,11,7,21,0,7,1,7,0,1
pc-b00afe5a-47,forschung_muskelkraft__ohne_pc,control,0,0,1,5,-1,14,5,14,1,4,3,3,0,0
pc-b00afe5a-47,rudeljaeger__ohne_pc,control,1,1,0,5,7,9,6,15,0,6,1,11,0,0
pc-a363dde5-48,forschung_muskelkraft__ohne_pc,control,0,1,1,7,3,16,8,26,2,7,8,14,0,0
pc-a363dde5-48,rudeljaeger__ohne_pc,control,1,0,0,7,-4,12,10,26,1,9,3,7,0,1
pc-1cb12ea3-49,forschung_muskelkraft__ohne_pc,control,0,1,1,9,1,17,9,32,8,7,10,11,0,0
pc-1cb12ea3-49,rudeljaeger__ohne_pc,control,1,0,0,9,-1,13,12,30,10,11,2,9,0,0
pc-76cc8965-50,forschung_muskelkraft__ohne_pc,control,0,1,0,9,2,20,10,33,3,8,10,13,0,0
pc-76cc8965-50,rudeljaeger__ohne_pc,control,1,0,1,9,-3,13,12,28,9,10,3,8,0,0
pc-f019fa22-51,forschung_muskelkraft__ohne_pc,control,0,0,0,8,-2,15,8,28,5,7,6,0,0,0
pc-f019fa22-51,rudeljaeger__ohne_pc,control,1,1,1,8,10,14,9,27,3,9,6,12,0,0
pc-69674ae0-52,forschung_muskelkraft__ohne_pc,control,0,1,0,10,3,21,14,48,7,12,12,11,0,0
pc-69674ae0-52,rudeljaeger__ohne_pc,control,1,0,1,10,-1,14,13,32,15,11,7,7,0,0
pc-e2b4bb9d-53,forschung_muskelkraft__ohne_pc,control,0,0,0,6,0,12,6,20,1,5,5,6,0,0
pc-e2b4bb9d-53,rudeljaeger__ohne_pc,control,1,1,1,6,4,11,7,20,1,7,2,10,0,0
pc-9197066f-54,forschung_muskelkraft__ohne_pc,control,0,0,0,7,0,17,8,25,2,6,5,4,0,0
pc-9197066f-54,rudeljaeger__ohne_pc,control,1,1,1,7,6,11,9,26,2,8,2,10,0,1
pc-0ae4772d-55,forschung_muskelkraft__ohne_pc,control,0,0,0,5,-1,12,6,14,1,5,4,0,0,0
pc-0ae4772d-55,rudeljaeger__ohne_pc,control,1,1,1,5,10,8,5,15,0,5,1,11,0,0
pc-8431c7ea-56,forschung_muskelkraft__ohne_pc,control,0,1,0,9,1,17,10,33,3,8,11,12,0,0
pc-8431c7ea-56,rudeljaeger__ohne_pc,control,1,0,1,9,-2,14,13,35,7,11,4,9,0,0
pc-fd7f38a7-57,forschung_muskelkraft__ohne_pc,control,0,0,0,5,0,12,3,11,4,3,4,0,0,0
pc-fd7f38a7-57,rudeljaeger__ohne_pc,control,1,1,1,5,10,9,5,13,1,5,1,10,0,0
pc-ac618379-58,forschung_muskelkraft__ohne_pc,control,0,1,0,11,4,21,11,42,18,9,15,16,0,0
pc-ac618379-58,rudeljaeger__ohne_pc,control,1,0,1,11,-6,16,15,39,17,13,5,6,0,2
pc-25aef437-59,forschung_muskelkraft__ohne_pc,control,0,0,0,4,-2,9,2,6,4,2,3,0,0,0
pc-25aef437-59,rudeljaeger__ohne_pc,control,1,1,1,4,10,7,4,10,0,4,1,12,0,0
pc-9efc44f4-60,forschung_muskelkraft__ohne_pc,control,0,0,0,5,-3,10,4,12,2,4,4,0,0,0
pc-9efc44f4-60,rudeljaeger__ohne_pc,control,1,1,1,5,10,8,6,13,1,6,3,13,0,0
pc-1849b5b2-61,forschung_muskelkraft__ohne_pc,control,0,0,0,3,-1,8,3,5,1,2,0,0,0,0
pc-1849b5b2-61,rudeljaeger__ohne_pc,control,1,1,1,3,10,7,3,5,1,3,1,11,0,0
pc-c72c0083-62,forschung_muskelkraft__ohne_pc,control,0,0,0,7,0,15,8,25,3,8,8,3,0,0
pc-c72c0083-62,rudeljaeger__ohne_pc,control,1,1,1,7,7,10,10,24,0,8,4,10,0,0
pc-40797141-63,forschung_muskelkraft__ohne_pc,control,0,0,0,7,-1,11,8,25,2,7,7,4,0,0
pc-40797141-63,rudeljaeger__ohne_pc,control,1,1,1,7,6,10,9,27,1,9,5,11,0,0
pc-b9c6c1fe-64,forschung_muskelkraft__ohne_pc,control,0,0,0,6,-1,13,6,19,1,5,4,4,0,0
pc-b9c6c1fe-64,rudeljaeger__ohne_pc,control,1,1,1,6,6,12,6,18,1,6,2,11,0,0
pc-331432bc-65,forschung_muskelkraft__ohne_pc,control,0,1,0,14,6,22,17,65,26,15,12,12,0,0
pc-331432bc-65,rudeljaeger__ohne_pc,control,1,0,1,14,-2,18,17,49,45,15,10,4,0,1
pc-0ba2953d-66,forschung_muskelkraft__ohne_pc,control,0,1,0,12,6,22,12,41,31,10,15,11,0,0
pc-0ba2953d-66,rudeljaeger__ohne_pc,control,1,0,1,12,-1,18,16,40,28,14,5,4,0,1
pc-84efe5fa-67,forschung_muskelkraft__ohne_pc,control,0,0,0,5,0,11,4,13,2,4,4,3,0,0
pc-84efe5fa-67,rudeljaeger__ohne_pc,control,1,1,1,5,7,10,5,14,1,5,1,10,0,0
pc-fe3d56b7-68,forschung_muskelkraft__ohne_pc,control,0,1,0,12,4,22,15,57,18,13,11,16,0,0
pc-fe3d56b7-68,rudeljaeger__ohne_pc,control,1,0,1,12,-6,16,16,41,29,14,8,6,0,0
pc-778aa775-69,forschung_muskelkraft__ohne_pc,control,0,0,0,4,-1,11,4,9,1,3,3,0,0,0
pc-778aa775-69,rudeljaeger__ohne_pc,control,1,1,1,4,10,8,4,10,0,4,1,11,0,0
pc-266d1247-70,forschung_muskelkraft__ohne_pc,control,0,1,0,9,1,18,11,37,3,9,8,12,0,0
pc-266d1247-70,rudeljaeger__ohne_pc,control,1,0,1,9,-2,14,12,32,5,10,4,9,0,0
pc-9fba6304-71,forschung_muskelkraft__ohne_pc,control,0,0,0,7,-3,13,7,26,2,6,5,4,0,0
pc-9fba6304-71,rudeljaeger__ohne_pc,control,1,1,1,7,6,12,10,26,2,9,3,13,0,0
pc-1907d3c2-72,forschung_muskelkraft__ohne_pc,control,0,1,0,9,3,18,9,31,11,7,13,13,0,0
pc-1907d3c2-72,rudeljaeger__ohne_pc,control,1,0,1,9,-3,12,12,30,9,12,2,7,0,0
pc-9255247f-73,forschung_muskelkraft__ohne_pc,control,0,0,0,5,-2,11,3,11,4,3,3,0,0,0
pc-9255247f-73,rudeljaeger__ohne_pc,control,1,1,1,5,10,8,7,12,0,7,1,12,0,0
pc-41378f51-74,forschung_muskelkraft__ohne_pc,control,0,1,0,9,3,20,10,33,3,8,11,12,0,0
pc-41378f51-74,rudeljaeger__ohne_pc,control,1,0,1,9,-2,13,12,29,8,11,3,7,0,0
pc-ba84e00e-75,forschung_muskelkraft__ohne_pc,control,0,0,0,3,0,9,3,5,1,2,0,0,0,0
pc-ba84e00e-75,rudeljaeger__ohne_pc,control,1,1,1,3,10,6,3,6,0,3,1,10,0,0
pc-33d250cc-76,forschung_muskelkraft__ohne_pc,control,0,0,0,6,-3,12,6,19,2,5,5,1,0,0
pc-33d250cc-76,rudeljaeger__ohne_pc,control,1,1,1,6,9,10,8,20,0,8,3,13,0,0
pc-ad1fa189-77,forschung_muskelkraft__ohne_pc,control,0,1,0,8,2,15,8,26,2,6,13,14,0,0
pc-ad1fa189-77,rudeljaeger__ohne_pc,control,1,0,1,8,-4,12,12,30,3,11,4,8,0,0
pc-5c020c5b-78,forschung_muskelkraft__ohne_pc,control,0,0,0,4,-2,12,5,8,1,3,0,0,0,0
pc-5c020c5b-78,rudeljaeger__ohne_pc,control,1,1,1,4,10,9,4,10,0,4,0,12,0,0
pc-d54f7d18-79,forschung_muskelkraft__ohne_pc,control,0,1,0,8,1,17,9,31,3,8,10,13,0,0
pc-d54f7d18-79,rudeljaeger__ohne_pc,control,1,0,1,8,-3,12,11,28,4,10,3,9,0,0
pc-4e9ccdd6-80,forschung_muskelkraft__ohne_pc,control,0,1,0,12,1,23,12,44,22,10,14,14,0,0
pc-4e9ccdd6-80,rudeljaeger__ohne_pc,control,1,0,1,12,-4,15,15,37,33,14,7,9,0,0
pc-c7ea3e93-81,forschung_muskelkraft__ohne_pc,control,0,0,0,6,0,12,6,19,1,5,7,8,0,0
pc-c7ea3e93-81,rudeljaeger__ohne_pc,control,1,1,1,6,2,9,9,20,0,7,3,10,0,0
pc-4d2091b6-82,forschung_muskelkraft__ohne_pc,control,0,0,0,4,0,8,4,8,2,2,1,3,0,0
pc-4d2091b6-82,rudeljaeger__ohne_pc,control,1,1,1,4,7,9,4,9,0,4,0,10,0,0
pc-c66de273-83,forschung_muskelkraft__ohne_pc,control,0,0,0,4,-1,11,3,8,2,3,1,0,0,0
pc-c66de273-83,rudeljaeger__ohne_pc,control,1,1,1,4,10,7,4,10,0,4,1,11,0,0
pc-3fbb5331-84,forschung_muskelkraft__ohne_pc,control,0,1,0,7,4,17,8,26,2,7,6,11,0,0
pc-3fbb5331-84,rudeljaeger__ohne_pc,control,1,0,1,7,-1,11,10,28,0,9,2,6,0,1
pc-b908a3ee-85,forschung_muskelkraft__ohne_pc,control,0,1,0,10,6,20,11,41,13,9,12,10,0,0
pc-b908a3ee-85,rudeljaeger__ohne_pc,control,1,0,1,10,0,14,13,36,11,11,4,4,0,0
pc-67eb0ec0-86,forschung_muskelkraft__ohne_pc,control,0,0,0,4,0,10,3,8,2,3,3,3,0,0
pc-67eb0ec0-86,rudeljaeger__ohne_pc,control,1,1,1,4,7,8,4,9,0,4,1,10,0,0
pc-e1387f7d-87,forschung_muskelkraft__ohne_pc,control,0,0,0,6,-1,14,6,19,1,5,6,0,0,0
pc-e1387f7d-87,rudeljaeger__ohne_pc,control,1,1,1,6,10,11,7,18,0,7,3,11,0,0
pc-5a85d03b-88,forschung_muskelkraft__ohne_pc,control,0,0,0,6,0,15,5,19,2,5,4,7,0,0
pc-5a85d03b-88,rudeljaeger__ohne_pc,control,1,1,1,6,3,11,5,16,2,5,1,10,0,0
pc-d3d320f8-89,forschung_muskelkraft__ohne_pc,control,0,1,0,9,5,19,9,28,9,7,11,16,0,0
pc-d3d320f8-89,rudeljaeger__ohne_pc,control,1,0,1,9,-6,12,12,25,12,11,2,5,0,0
pc-82b58bca-90,forschung_muskelkraft__ohne_pc,control,0,1,0,7,6,18,8,25,1,6,6,10,0,0
pc-82b58bca-90,rudeljaeger__ohne_pc,control,1,0,1,7,0,10,10,27,1,9,2,4,0,1
pc-fc02fc87-91,forschung_muskelkraft__ohne_pc,control,0,1,0,10,6,19,11,42,13,10,13,17,0,0
pc-fc02fc87-91,rudeljaeger__ohne_pc,control,1,0,1,10,-7,15,14,35,11,12,5,4,0,0
pc-75504d45-92,forschung_muskelkraft__ohne_pc,control,0,1,0,9,2,20,9,34,6,8,9,10,0,0
pc-75504d45-92,rudeljaeger__ohne_pc,control,1,0,1,9,0,13,12,29,9,10,3,8,0,0
pc-ee9dbe02-93,forschung_muskelkraft__ohne_pc,control,0,1,0,8,1,14,10,34,2,9,9,13,0,0
pc-ee9dbe02-93,rudeljaeger__ohne_pc,control,1,0,1,8,-3,12,11,25,7,10,5,9,0,0
pc-9d8008d4-94,forschung_muskelkraft__ohne_pc,control,0,0,0,6,-1,13,8,20,1,6,3,0,0,0
pc-9d8008d4-94,rudeljaeger__ohne_pc,control,1,1,1,6,10,9,9,18,1,7,3,11,0,0
pc-16cd7992-95,forschung_muskelkraft__ohne_pc,control,0,1,0,10,4,22,13,50,5,12,13,11,0,0
pc-16cd7992-95,rudeljaeger__ohne_pc,control,1,0,1,10,-1,14,14,35,14,12,7,6,0,3
pc-901aca4f-96,forschung_muskelkraft__ohne_pc,control,0,1,0,9,4,18,9,34,7,8,13,13,0,0
pc-901aca4f-96,rudeljaeger__ohne_pc,control,1,0,1,9,-3,12,12,33,7,12,3,6,0,0
pc-09683b0d-97,forschung_muskelkraft__ohne_pc,control,0,1,0,15,5,23,13,51,58,11,15,13,0,0
pc-09683b0d-97,rudeljaeger__ohne_pc,control,1,0,1,15,-3,20,19,50,58,17,9,5,0,1
pc-e1f69d8d-98,forschung_muskelkraft__ohne_pc,control,0,0,0,5,0,14,5,14,1,4,0,0,0,0
pc-e1f69d8d-98,rudeljaeger__ohne_pc,control,1,1,1,5,10,8,5,12,3,4,1,10,0,0
pc-5b43ee4b-99,forschung_muskelkraft__ohne_pc,control,0,1,0,8,3,15,7,30,4,7,7,12,0,0
pc-5b43ee4b-99,rudeljaeger__ohne_pc,control,1,0,1,8,-2,12,11,29,2,9,2,7,0,0
pc-e9c0af66-100,forschung_muskelkraft__mit_pc,control,0,0,1,6,-1,13,6,19,1,5,3,9,0,0
pc-e9c0af66-100,rudeljaeger__mit_pc,control,1,1,0,6,1,12,9,19,0,8,1,11,0,0
pc-70735ea9-101,forschung_muskelkraft__mit_pc,control,0,1,1,10,8,19,11,39,12,9,13,14,0,0
pc-70735ea9-101,rudeljaeger__mit_pc,control,1,0,0,10,-4,16,14,39,8,13,5,2,0,0
pc-f725edeb-102,forschung_muskelkraft__mit_pc,control,0,1,1,12,1,22,12,49,22,10,12,10,0,0
pc-f725edeb-102,rudeljaeger__mit_pc,control,1,0,0,12,0,16,16,46,21,14,6,9,0,2
pc-7dd89d2e-103,forschung_muskelkraft__mit_pc,control,0,1,1,7,2,18,8,25,2,6,6,10,0,0
pc-7dd89d2e-103,rudeljaeger__mit_pc,control,1,0,0,7,0,12,10,22,4,10,1,8,0,0
pc-048b2c71-104,forschung_muskelkraft__mit_pc,control,0,0,1,6,-1,15,6,19,2,5,5,9,0,0
pc-048b2c71-104,rudeljaeger__mit_pc,control,1,1,0,6,1,10,7,18,2,6,2,11,0,1
pc-8b3ddbb3-105,forschung_muskelkraft__mit_pc,control,0,0,1,5,0,13,5,13,1,4,1,0,0,0
pc-8b3ddbb3-105,rudeljaeger__mit_pc,control,1,1,0,5,10,9,4,13,1,4,1,10,0,0
pc-11f06af6-106,forschung_muskelkraft__mit_pc,control,0,1,1,7,1,16,6,23,4,5,8,13,0,0
pc-11f06af6-106,rudeljaeger__mit_pc,control,1,0,0,7,-3,11,10,22,2,9,2,9,0,0
pc-98a31a38-107,forschung_muskelkraft__mit_pc,control,0,1,1,13,4,23,14,57,21,12,13,12,0,0
pc-98a31a38-107,rudeljaeger__mit_pc,control,1,0,0,13,-2,19,17,46,37,15,9,6,0,0
pc-1f55a97b-108,forschung_muskelkraft__mit_pc,control,0,0,1,5,-2,12,4,12,3,3,3,7,0,0
pc-1f55a97b-108,rudeljaeger__mit_pc,control,1,1,0,5,3,8,7,13,0,6,1,12,0,0
pc-a60858bd-109,forschung_muskelkraft__mit_pc,control,0,0,1,9,0,18,9,37,5,8,9,6,0,0
pc-a60858bd-109,rudeljaeger__mit_pc,control,1,1,0,9,4,12,12,33,7,11,4,10,0,0
pc-2cbae800-110,forschung_muskelkraft__mit_pc,control,0,1,1,8,4,14,8,26,3,6,8,11,0,0
pc-2cbae800-110,rudeljaeger__mit_pc,control,1,0,0,8,-1,13,11,32,3,10,2,6,0,1
pc-b36d9742-111,forschung_muskelkraft__mit_pc,control,0,1,1,6,1,13,6,19,1,5,3,13,0,0
pc-b36d9742-111,rudeljaeger__mit_pc,control,1,0,0,6,-3,11,9,16,1,7,2,9,0,0
pc-3a202685-112,forschung_muskelkraft__mit_pc,control,0,1,1,9,1,18,10,36,4,8,9,10,0,0
pc-3a202685-112,rudeljaeger__mit_pc,control,1,0,0,9,0,14,12,35,3,11,3,9,0,0
pc-c0d2d5c7-113,forschung_muskelkraft__mit_pc,control,0,1,1,10,6,19,11,46,4,10,12,12,0,0
pc-c0d2d5c7-113,rudeljaeger__mit_pc,control,1,0,0,10,-2,15,13,39,9,13,5,4,0,0
pc-4785650a-114,forschung_muskelkraft__mit_pc,control,0,1,1,9,4,20,10,37,5,8,8,11,0,0
pc-4785650a-114,rudeljaeger__mit_pc,control,1,0,0,9,-1,13,12,35,5,10,3,6,0,0
pc-ce38144c-115,forschung_muskelkraft__mit_pc,control,0,1,1,6,2,14,6,20,1,5,5,10,0,0
pc-ce38144c-115,rudeljaeger__mit_pc,control,1,0,0,6,0,10,7,19,1,7,2,8,0,0
pc-7e96bb3e-116,forschung_muskelkraft__mit_pc,control,0,0,1,5,0,10,3,9,6,2,1,3,0,0
pc-7e96bb3e-116,rudeljaeger__mit_pc,control,1,1,0,5,7,9,5,13,2,5,0,10,0,0
pc-05494a81-117,forschung_muskelkraft__mit_pc,control,0,1,1,8,1,16,9,27,1,7,6,16,0,0
pc-05494a81-117,rudeljaeger__mit_pc,control,1,0,0,8,-6,12,12,33,2,10,2,9,0,0
pc-8bfbf9c3-118,forschung_muskelkraft__mit_pc,control,0,0,1,5,-1,12,5,14,1,4,2,4,0,0
pc-8bfbf9c3-118,rudeljaeger__mit_pc,control,1,1,0,5,6,8,5,14,1,5,2,11,0,0
pc-12ae8906-119,forschung_muskelkraft__mit_pc,control,0,0,1,5,-2,14,4,13,2,4,1,0,0,0
pc-12ae8906-119,rudeljaeger__mit_pc,control,1,1,0,5,10,9,4,13,1,4,1,12,0,0
pc-99613848-120,forschung_muskelkraft__mit_pc,control,0,1,1,9,2,16,12,37,5,10,6,12,0,0
pc-99613848-120,rudeljaeger__mit_pc,control,1,0,0,9,-2,14,12,33,7,10,6,8,0,0
pc-2013c78b-121,forschung_muskelkraft__mit_pc,control,0,0,1,6,-2,13,5,19,2,5,1,0,0,0
pc-2013c78b-121,rudeljaeger__mit_pc,control,1,1,0,6,10,12,6,19,1,6,4,12,0,0
pc-a6c676cd-122,forschung_muskelkraft__mit_pc,control,0,0,1,4,-1,9,4,6,2,2,0,2,0,0
pc-a6c676cd-122,rudeljaeger__mit_pc,control,1,1,0,4,8,8,4,9,1,4,0,11,0,0
pc-2d790610-123,forschung_muskelkraft__mit_pc,control,0,1,1,9,6,15,12,42,3,10,8,10,0,0
pc-2d790610-123,rudeljaeger__mit_pc,control,1,0,0,9,0,12,12,36,5,11,5,4,0,0
pc-b42bb552-124,forschung_muskelkraft__mit_pc,control,0,1,1,10,1,19,11,45,6,9,10,15,0,0
pc-b42bb552-124,rudeljaeger__mit_pc,control,1,0,0,10,-5,15,14,40,10,13,5,9,0,0
pc-3ade4495-125,forschung_muskelkraft__mit_pc,control,0,0,1,6,-1,14,6,20,1,5,3,1,0,0
pc-3ade4495-125,rudeljaeger__mit_pc,control,1,1,0,6,9,10,7,17,2,7,3,11,0,0
pc-c190f3d7-126,forschung_muskelkraft__mit_pc,control,0,0,1,5,-1,14,5,14,1,4,1,9,0,0
pc-c190f3d7-126,rudeljaeger__mit_pc,control,1,1,0,5,1,11,5,15,0,4,0,11,0,0
pc-4843831a-127,forschung_muskelkraft__mit_pc,control,0,1,1,7,2,13,6,25,2,6,6,11,0,0
pc-4843831a-127,rudeljaeger__mit_pc,control,1,0,0,7,-1,12,9,23,4,8,3,8,0,0
pc-cef6325c-128,forschung_muskelkraft__mit_pc,control,0,0,1,7,-2,18,6,23,4,5,4,2,0,0
pc-cef6325c-128,rudeljaeger__mit_pc,control,1,1,0,7,8,12,7,23,2,7,1,12,0,1
pc-55a8c19f-129,forschung_muskelkraft__mit_pc,control,0,0,1,5,0,12,4,12,3,3,1,3,0,0
pc-55a8c19f-129,rudeljaeger__mit_pc,control,1,1,0,5,7,9,4,13,1,4,0,10,0,0
pc-dc5b70e1-130,forschung_muskelkraft__mit_pc,control,0,0,1,8,-4,18,8,32,4,8,6,7,0,0
pc-dc5b70e1-130,rudeljaeger__mit_pc,control,1,1,0,8,3,12,12,30,3,10,4,14,0,0
pc-630e0024-131,forschung_muskelkraft__mit_pc,control,0,1,1,11,5,23,12,43,12,10,11,10,0,0
pc-630e0024-131,rudeljaeger__mit_pc,control,1,0,0,11,0,15,14,37,21,12,7,5,0,0
pc-136ca716-132,forschung_muskelkraft__mit_pc,control,0,1,1,7,3,13,6,25,2,6,4,12,0,0
pc-136ca716-132,rudeljaeger__mit_pc,control,1,0,0,7,-2,10,10,28,0,8,2,7,0,0
pc-9a1f5658-133,forschung_muskelkraft__mit_pc,control,0,1,1,11,3,21,11,40,20,9,9,15,0,0
pc-9a1f5658-133,rudeljaeger__mit_pc,control,1,0,0,11,-5,15,14,32,27,12,4,7,0,0
pc-20d1e59b-134,forschung_muskelkraft__mit_pc,control,0,1,1,8,1,16,8,26,7,6,10,12,0,0
pc-20d1e59b-134,rudeljaeger__mit_pc,control,1,0,0,8,-2,12,11,26,4,11,1,9,0,0
pc-a78494dd-135,forschung_muskelkraft__mit_pc,control,0,0,1,5,-3,13,2,9,6,2,0,0,0,0
pc-a78494dd-135,rudeljaeger__mit_pc,control,1,1,0,5,10,8,6,11,1,5,0,13,0,0
pc-2e372420-136,forschung_muskelkraft__mit_pc,control,0,0,1,3,0,8,0,0,3,0,0,0,0,0
pc-2e372420-136,rudeljaeger__mit_pc,control,1,1,0,3,10,6,2,3,0,2,0,10,0,0
pc-b4e9d362-137,forschung_muskelkraft__mit_pc,control,0,1,1,6,3,12,6,19,1,5,3,12,0,0
pc-b4e9d362-137,rudeljaeger__mit_pc,control,1,0,0,6,-2,10,6,19,1,6,1,7,0,0
pc-3b9c62a5-138,forschung_muskelkraft__mit_pc,control,0,1,1,13,6,23,13,49,34,11,16,15,0,0
pc-3b9c62a5-138,rudeljaeger__mit_pc,control,1,0,0,13,-5,17,17,50,32,16,6,4,0,1
pc-c24f11e7-139,forschung_muskelkraft__mit_pc,control,0,1,1,14,6,22,16,61,34,14,13,12,0,0
pc-c24f11e7-139,rudeljaeger__mit_pc,control,1,0,0,14,-2,20,17,48,44,15,9,4,0,1
pc-4901a12a-140,forschung_muskelkraft__mit_pc,control,0,0,1,5,0,11,3,11,4,3,2,6,0,0
pc-4901a12a-140,rudeljaeger__mit_pc,control,1,1,0,5,4,8,5,13,0,5,1,10,0,0
pc-cfb4506c-141,forschung_muskelkraft__mit_pc,control,0,0,1,5,0,11,4,12,3,3,5,7,0,0
pc-cfb4506c-141,rudeljaeger__mit_pc,control,1,1,0,5,3,10,8,14,0,7,0,10,0,0
pc-5666ffaf-142,forschung_muskelkraft__mit_pc,control,0,1,1,9,2,20,11,35,2,9,6,10,0,0
pc-5666ffaf-142,rudeljaeger__mit_pc,control,1,0,0,9,0,14,12,29,11,10,4,8,0,2
pc-dd198ef1-143,forschung_muskelkraft__mit_pc,control,0,1,1,14,5,22,15,61,39,13,13,11,0,0
pc-dd198ef1-143,rudeljaeger__mit_pc,control,1,0,0,14,-1,20,18,51,45,16,9,5,0,1
pc-63cc3e34-144,forschung_muskelkraft__mit_pc,control,0,0,1,10,-1,21,12,41,4,10,10,9,0,0
pc-63cc3e34-144,rudeljaeger__mit_pc,control,1,1,0,10,1,15,13,38,10,12,7,11,0,0
pc-ea7ecd76-145,forschung_muskelkraft__mit_pc,control,0,1,1,15,3,23,11,49,62,9,14,14,0,0
pc-ea7ecd76-145,rudeljaeger__mit_pc,control,1,0,0,15,-4,20,19,53,58,17,4,7,0,0
pc-71317cb9-146,forschung_muskelkraft__mit_pc,control,0,0,1,8,-1,20,10,31,2,8,9,7,0,0
pc-71317cb9-146,rudeljaeger__mit_pc,control,1,1,0,8,3,13,10,29,2,10,5,11,0,2
pc-f7e40bfb-147,forschung_muskelkraft__mit_pc,control,0,1,1,9,4,20,9,35,6,8,10,11,0,0
pc-f7e40bfb-147,rudeljaeger__mit_pc,control,1,0,0,9,-1,13,12,31,10,11,3,6,0,0
pc-a842b2ed-148,forschung_muskelkraft__mit_pc,control,0,0,1,7,-2,15,7,25,3,6,4,4,0,0
pc-a842b2ed-148,rudeljaeger__mit_pc,control,1,1,0,7,6,12,10,27,0,9,4,12,0,0
pc-2ef54230-149,forschung_muskelkraft__mit_pc,control,0,1,1,13,3,22,18,69,9,16,12,10,0,0
pc-2ef54230-149,rudeljaeger__mit_pc,control,1,0,0,13,0,18,16,47,33,15,12,7,0,4
pc-ab2defbe-150,forschung_muskelkraft__mit_pc,control,0,1,0,8,2,13,8,29,3,6,8,10,0,0
pc-ab2defbe-150,rudeljaeger__mit_pc,control,1,0,1,8,0,13,11,28,4,10,1,8,0,1
pc-31e09f01-151,forschung_muskelkraft__mit_pc,control,0,0,0,6,0,17,7,20,1,5,3,3,0,0
pc-31e09f01-151,rudeljaeger__mit_pc,control,1,1,1,6,7,10,5,19,1,5,1,10,0,0
pc-9dc8b139-152,forschung_muskelkraft__mit_pc,control,0,1,0,9,1,16,10,38,3,9,8,10,0,0
pc-9dc8b139-152,rudeljaeger__mit_pc,control,1,0,1,9,0,12,12,33,7,10,5,9,0,3
pc-247b407c-153,forschung_muskelkraft__mit_pc,control,0,0,0,6,-1,16,6,20,1,5,2,0,0,0
pc-247b407c-153,rudeljaeger__mit_pc,control,1,1,1,6,10,10,6,16,1,6,3,11,0,0
pc-c5f86cc8-154,forschung_muskelkraft__mit_pc,control,0,1,0,6,2,13,5,18,2,5,4,10,0,0
pc-c5f86cc8-154,rudeljaeger__mit_pc,control,1,0,1,6,0,12,7,19,1,6,2,8,0,0
pc-4cab1c0b-155,forschung_muskelkraft__mit_pc,control,0,1,0,12,2,20,13,48,22,11,12,13,0,0
pc-4cab1c0b-155,rudeljaeger__mit_pc,control,1,0,1,12,-3,17,16,46,24,14,6,8,0,2
pc-b8932e43-156,forschung_muskelkraft__mit_pc,control,0,1,0,13,1,23,14,53,31,12,13,10,0,0
pc-b8932e43-156,rudeljaeger__mit_pc,control,1,0,1,13,0,18,16,39,41,14,8,9,0,1
pc-3f45dd86-157,forschung_muskelkraft__mit_pc,control,0,0,0,7,0,16,7,26,2,7,6,3,0,0
pc-3f45dd86-157,rudeljaeger__mit_pc,control,1,1,1,7,7,10,10,20,3,8,3,10,0,0
pc-e0c2e9d2-158,forschung_muskelkraft__mit_pc,control,0,0,0,5,-1,13,4,13,2,4,0,0,0,0
pc-e0c2e9d2-158,rudeljaeger__mit_pc,control,1,1,1,5,10,9,6,15,0,4,1,11,0,0
pc-67759915-159,forschung_muskelkraft__mit_pc,control,0,1,0,9,6,20,11,36,6,9,11,10,0,0
pc-67759915-159,rudeljaeger__mit_pc,control,1,0,1,9,0,14,13,29,8,12,4,4,0,0
pc-d35dab4d-160,forschung_muskelkraft__mit_pc,control,0,1,0,9,5,19,9,30,6,7,11,11,0,0
pc-d35dab4d-160,rudeljaeger__mit_pc,control,1,0,1,9,-1,14,13,32,5,12,2,5,0,0
pc-5a105a90-161,forschung_muskelkraft__mit_pc,control,0,0,0,6,0,15,5,19,2,5,5,4,0,0
pc-5a105a90-161,rudeljaeger__mit_pc,control,1,1,1,6,6,11,9,19,1,8,2,10,0,1
pc-fb8d66dc-162,forschung_muskelkraft__mit_pc,control,0,0,0,9,0,18,12,43,2,10,8,6,0,0
pc-fb8d66dc-162,rudeljaeger__mit_pc,control,1,1,1,9,4,15,12,36,6,11,7,10,0,0
pc-8240161f-163,forschung_muskelkraft__mit_pc,control,0,0,0,7,-1,16,8,25,1,7,7,0,0,0
pc-8240161f-163,rudeljaeger__mit_pc,control,1,1,1,7,10,11,10,25,0,9,4,11,0,0
pc-ee282857-164,forschung_muskelkraft__mit_pc,control,0,1,0,9,2,18,11,39,3,10,9,12,0,0
pc-ee282857-164,rudeljaeger__mit_pc,control,1,0,1,9,-2,14,12,32,10,11,5,8,0,0
pc-74dad79a-165,forschung_muskelkraft__mit_pc,control,0,1,0,15,3,22,17,67,42,15,14,11,0,0
pc-74dad79a-165,rudeljaeger__mit_pc,control,1,0,1,15,-1,20,19,54,52,17,10,7,0,0
pc-4003fb96-166,forschung_muskelkraft__mit_pc,control,0,0,0,10,0,18,11,42,9,9,10,9,0,0
pc-4003fb96-166,rudeljaeger__mit_pc,control,1,1,1,10,1,16,14,38,12,13,8,10,0,2
pc-c6b68ad8-167,forschung_muskelkraft__mit_pc,control,0,0,0,6,-4,14,4,17,4,4,5,0,0,0
pc-c6b68ad8-167,rudeljaeger__mit_pc,control,1,1,1,6,10,9,7,19,0,7,2,14,0,0
pc-329ebd11-168,forschung_muskelkraft__mit_pc,control,0,1,0,11,1,22,14,52,3,12,13,14,0,0
pc-329ebd11-168,rudeljaeger__mit_pc,control,1,0,1,11,-4,15,14,36,21,12,7,9,0,0
pc-b9514c53-169,forschung_muskelkraft__mit_pc,control,0,1,0,13,2,23,16,65,17,14,12,10,0,0
pc-b9514c53-169,rudeljaeger__mit_pc,control,1,0,1,13,0,17,17,50,32,15,9,8,0,0
pc-5ace78a0-170,forschung_muskelkraft__mit_pc,control,0,0,0,6,-1,15,5,17,3,4,4,0,0,0
pc-5ace78a0-170,rudeljaeger__mit_pc,control,1,1,1,6,10,9,7,19,1,6,1,11,0,0
pc-e18107e2-171,forschung_muskelkraft__mit_pc,control,0,0,0,6,0,15,5,18,2,5,3,0,0,0
pc-e18107e2-171,rudeljaeger__mit_pc,control,1,1,1,6,10,11,6,17,2,6,2,10,0,0
pc-4d693a1b-172,forschung_muskelkraft__mit_pc,control,0,1,0,12,3,22,14,53,18,12,12,10,0,0
pc-4d693a1b-172,rudeljaeger__mit_pc,control,1,0,1,12,0,16,15,39,32,13,7,7,0,0
pc-d41bc95d-173,forschung_muskelkraft__mit_pc,control,0,1,0,15,4,21,19,73,34,17,15,12,0,0
pc-d41bc95d-173,rudeljaeger__mit_pc,control,1,0,1,15,-2,21,19,55,55,17,15,6,0,1
pc-7598f5aa-174,forschung_muskelkraft__mit_pc,control,0,1,0,15,1,22,16,61,44,14,16,15,0,0
pc-7598f5aa-174,rudeljaeger__mit_pc,control,1,0,1,15,-5,20,18,49,60,16,9,9,0,1
pc-fc4b84ec-175,forschung_muskelkraft__mit_pc,control,0,0,0,9,0,21,11,39,3,9,9,9,0,0
pc-fc4b84ec-175,rudeljaeger__mit_pc,control,1,1,1,9,1,13,12,29,9,11,7,10,0,0
pc-6833b725-176,forschung_muskelkraft__mit_pc,control,0,0,0,6,0,12,6,20,1,5,5,0,0,0
pc-6833b725-176,rudeljaeger__mit_pc,control,1,1,1,6,10,11,6,17,1,6,2,10,0,0
pc-eee64667-177,forschung_muskelkraft__mit_pc,control,0,0,0,4,-3,11,2,6,4,2,0,0,0,0
pc-eee64667-177,rudeljaeger__mit_pc,control,1,1,1,4,10,7,4,10,0,4,1,13,0,0
pc-906372b4-178,forschung_muskelkraft__mit_pc,control,0,0,0,3,0,10,0,0,3,0,0,0,0,0
pc-906372b4-178,rudeljaeger__mit_pc,control,1,1,1,3,10,7,3,6,0,3,0,10,0,0
pc-171601f7-179,forschung_muskelkraft__mit_pc,control,0,1,0,13,1,23,15,59,25,13,12,10,0,0
pc-171601f7-179,rudeljaeger__mit_pc,control,1,0,1,13,0,19,17,45,37,15,8,9,0,2
pc-82fe342f-180,forschung_muskelkraft__mit_pc,control,0,0,0,4,-2,9,2,3,3,1,0,3,0,0
pc-82fe342f-180,rudeljaeger__mit_pc,control,1,1,1,4,7,9,2,5,1,2,0,12,0,0
pc-09b0c372-181,forschung_muskelkraft__mit_pc,control,0,0,0,3,-1,10,2,4,1,2,0,0,0,0
pc-09b0c372-181,rudeljaeger__mit_pc,control,1,1,1,3,10,8,3,5,1,3,1,11,0,0
pc-d4d9e76d-182,forschung_muskelkraft__mit_pc,control,0,1,0,6,2,14,6,20,1,5,4,10,0,0
pc-d4d9e76d-182,rudeljaeger__mit_pc,control,1,0,1,6,0,9,7,19,1,7,1,8,0,0
pc-5b8c96b0-183,forschung_muskelkraft__mit_pc,control,0,0,0,3,-1,9,2,3,1,1,0,0,0,0
pc-5b8c96b0-183,rudeljaeger__mit_pc,control,1,1,1,3,10,7,3,6,0,2,0,11,0,0
pc-c774a8e8-184,forschung_muskelkraft__mit_pc,control,0,1,0,15,2,21,13,53,52,11,10,10,0,0
pc-c774a8e8-184,rudeljaeger__mit_pc,control,1,0,1,15,0,18,16,45,60,14,6,8,0,1
pc-4e27582b-185,forschung_muskelkraft__mit_pc,control,0,0,0,8,-1,15,10,33,2,8,7,5,0,0
pc-4e27582b-185,rudeljaeger__mit_pc,control,1,1,1,8,5,13,9,33,2,9,5,11,0,0
pc-efa46477-186,forschung_muskelkraft__mit_pc,control,0,0,0,7,0,15,7,25,2,6,7,2,0,0
pc-efa46477-186,rudeljaeger__mit_pc,control,1,1,1,7,8,11,10,23,2,9,3,10,0,0
pc-765713ba-187,forschung_muskelkraft__mit_pc,control,0,0,0,6,-1,15,6,19,2,5,6,5,0,0
pc-765713ba-187,rudeljaeger__mit_pc,control,1,1,1,6,5,10,7,19,1,7,2,11,0,0
pc-e23f25f2-188,forschung_muskelkraft__mit_pc,control,0,0,0,4,-2,10,2,6,4,2,0,0,0,0
pc-e23f25f2-188,rudeljaeger__mit_pc,control,1,1,1,4,10,10,4,7,1,4,1,12,0,0
pc-68f1d535-189,forschung_muskelkraft__mit_pc,control,0,0,0,7,0,14,8,27,1,7,3,7,0,0
pc-68f1d535-189,rudeljaeger__mit_pc,control,1,1,1,7,3,12,9,28,0,8,3,10,0,1
pc-0a6ee182-190,forschung_muskelkraft__mit_pc,control,0,1,0,15,3,22,16,63,46,14,15,9,0,0
pc-0a6ee182-190,rudeljaeger__mit_pc,control,1,0,1,15,0,19,19,51,58,17,11,6,0,0
pc-912190c4-191,forschung_muskelkraft__mit_pc,control,0,1,0,8,1,17,10,33,2,8,4,11,0,0
pc-912190c4-191,rudeljaeger__mit_pc,control,1,0,1,8,-1,11,9,34,1,8,3,9,0,1
pc-fd09a2fc-192,forschung_muskelkraft__mit_pc,control,0,0,0,7,0,16,7,25,2,6,6,4,0,0
pc-fd09a2fc-192,rudeljaeger__mit_pc,control,1,1,1,7,6,12,10,27,1,10,3,10,0,0
pc-83bc523f-193,forschung_muskelkraft__mit_pc,control,0,0,0,10,-1,19,14,50,5,12,7,6,0,0
pc-83bc523f-193,rudeljaeger__mit_pc,control,1,1,1,10,4,14,13,37,11,12,8,11,0,2
pc-25397e8c-194,forschung_muskelkraft__mit_pc,control,0,0,0,7,-1,15,8,26,2,7,4,7,0,0
pc-25397e8c-194,rudeljaeger__mit_pc,control,1,1,1,7,3,13,8,27,0,8,5,11,0,0
pc-abec0dce-195,forschung_muskelkraft__mit_pc,control,0,0,0,4,0,12,4,9,1,3,3,3,0,0
pc-abec0dce-195,rudeljaeger__mit_pc,control,1,1,1,4,7,10,4,9,0,4,1,10,0,0
pc-17d42007-196,forschung_muskelkraft__mit_pc,control,0,1,0,13,1,24,13,53,30,11,13,10,0,0
pc-17d42007-196,rudeljaeger__mit_pc,control,1,0,1,13,0,18,17,46,36,15,7,9,0,1
pc-9e86cf49-197,forschung_muskelkraft__mit_pc,control,0,0,0,7,-1,18,8,26,2,7,6,4,0,0
pc-9e86cf49-197,rudeljaeger__mit_pc,control,1,1,1,7,6,10,10,28,0,9,3,11,0,2
pc-69aff345-198,forschung_muskelkraft__mit_pc,control,0,1,0,10,2,15,11,41,8,9,8,13,0,0
pc-69aff345-198,rudeljaeger__mit_pc,control,1,0,1,10,-3,13,13,38,12,11,5,8,0,0
pc-f0628287-199,forschung_muskelkraft__mit_pc,control,0,0,0,5,-2,12,4,13,2,4,3,0,0,0
pc-f0628287-199,rudeljaeger__mit_pc,control,1,1,1,5,10,9,4,13,2,4,3,12,0,0
pc-88acd86b-200,forschung_muskelkraft__mit_pc,control,0,0,1,9,-1,21,10,32,4,8,11,9,0,0
pc-88acd86b-200,rudeljaeger__ohne_pc,control,1,1,0,9,1,14,13,34,8,12,4,11,0,0
pc-01fa2929-201,forschung_muskelkraft__mit_pc,control,0,0,1,5,0,13,5,13,2,3,2,4,0,0
pc-01fa2929-201,rudeljaeger__ohne_pc,control,1,1,0,5,6,10,4,12,1,4,0,10,0,0
pc-961216f0-202,forschung_muskelkraft__mit_pc,control,0,1,1,7,6,14,7,24,1,6,6,10,0,0
pc-961216f0-202,rudeljaeger__ohne_pc,control,1,0,0,7,0,11,10,26,0,9,1,4,0,2
pc-0f5f67ae-203,forschung_muskelkraft__mit_pc,control,0,1,1,9,3,19,8,29,7,6,12,14,0,0
pc-0f5f67ae-203,rudeljaeger__ohne_pc,control,1,0,0,9,-4,13,12,33,4,11,2,7,0,1
pc-6de25b61-204,forschung_muskelkraft__mit_pc,control,0,1,1,10,1,21,11,38,7,9,10,15,0,0
pc-6de25b61-204,rudeljaeger__ohne_pc,control,1,0,0,10,-5,14,14,35,15,12,4,9,0,0
pc-e72fac1e-205,forschung_muskelkraft__mit_pc,control,0,1,1,9,6,21,11,34,3,9,9,15,0,0
pc-e72fac1e-205,rudeljaeger__ohne_pc,control,1,0,0,9,-5,14,12,35,5,11,4,4,0,1
pc-7b4799e6-206,forschung_muskelkraft__mit_pc,control,0,1,1,9,4,16,8,27,9,6,10,11,0,0
pc-7b4799e6-206,rudeljaeger__ohne_pc,control,1,0,0,9,-1,15,13,34,3,11,2,6,0,0
pc-f494eaa3-207,forschung_muskelkraft__mit_pc,control,0,1,1,7,6,14,8,26,2,6,6,10,0,0
pc-f494eaa3-207,rudeljaeger__ohne_pc,control,1,0,0,7,0,11,10,28,0,8,1,4,0,0
pc-5317de57-208,forschung_muskelkraft__mit_pc,control,0,1,1,11,4,23,15,53,9,13,11,14,0,0
pc-5317de57-208,rudeljaeger__ohne_pc,control,1,0,0,11,-4,16,15,39,21,13,9,6,0,3
pc-cc652f14-209,forschung_muskelkraft__mit_pc,control,0,1,1,8,2,20,8,29,4,7,11,10,0,0
pc-cc652f14-209,rudeljaeger__ohne_pc,control,1,0,0,8,0,15,12,30,4,11,3,8,0,0
pc-607d1cdc-210,forschung_muskelkraft__mit_pc,control,0,0,1,5,0,10,5,14,1,4,7,3,0,0
pc-607d1cdc-210,rudeljaeger__ohne_pc,control,1,1,0,5,7,8,6,13,1,6,1,10,0,0
pc-d9ca6d99-211,forschung_muskelkraft__mit_pc,control,0,0,1,3,0,11,3,5,1,2,0,0,0,0
pc-d9ca6d99-211,rudeljaeger__ohne_pc,control,1,1,0,3,10,7,3,6,0,3,0,10,0,0
pc-384d414d-212,forschung_muskelkraft__mit_pc,control,0,1,1,9,2,20,10,33,3,8,11,11,0,0
pc-384d414d-212,rudeljaeger__ohne_pc,control,1,0,0,9,-1,14,13,34,6,11,4,8,0,0
pc-b19ab20a-213,forschung_muskelkraft__mit_pc,control,0,1,1,10,3,21,8,27,18,6,11,12,0,0
pc-b19ab20a-213,rudeljaeger__ohne_pc,control,1,0,0,10,-2,15,14,34,15,13,1,7,0,2
pc-45b29fd2-214,forschung_muskelkraft__mit_pc,control,0,1,1,8,6,16,9,33,1,7,7,14,0,0
pc-45b29fd2-214,rudeljaeger__ohne_pc,control,1,0,0,8,-4,12,11,25,6,9,2,4,0,0
pc-befff08f-215,forschung_muskelkraft__mit_pc,control,0,1,1,7,6,15,7,25,2,6,7,11,0,0
pc-befff08f-215,rudeljaeger__ohne_pc,control,1,0,0,7,-1,12,10,23,1,8,2,4,0,0
pc-f3d6cc93-216,forschung_muskelkraft__mit_pc,control,0,0,1,4,-1,9,3,4,3,1,1,3,0,0
pc-f3d6cc93-216,rudeljaeger__ohne_pc,control,1,1,0,4,7,9,4,9,1,4,0,11,0,0
pc-6d243d51-217,forschung_muskelkraft__mit_pc,control,0,1,1,10,2,18,12,43,8,10,11,12,0,0
pc-6d243d51-217,rudeljaeger__ohne_pc,control,1,0,0,10,-2,14,13,34,13,12,5,8,0,0
pc-013c0b19-218,forschung_muskelkraft__mit_pc,control,0,1,1,12,2,21,13,53,24,11,12,12,0,0
pc-013c0b19-218,rudeljaeger__ohne_pc,control,1,0,0,12,-2,16,16,41,28,14,7,8,0,1
pc-7a897bd6-219,forschung_muskelkraft__mit_pc,control,0,1,1,8,4,15,8,27,1,6,9,11,0,0
pc-7a897bd6-219,rudeljaeger__ohne_pc,control,1,0,0,8,-1,13,12,31,3,10,1,6,0,1
pc-d90c4f89-220,forschung_muskelkraft__mit_pc,control,0,1,1,10,2,19,14,50,4,12,11,13,0,0
pc-d90c4f89-220,rudeljaeger__ohne_pc,control,1,0,0,10,-3,15,13,36,14,12,8,8,0,1
pc-5259a047-221,forschung_muskelkraft__mit_pc,control,0,0,1,5,0,12,4,9,6,2,3,0,0,0
pc-5259a047-221,rudeljaeger__ohne_pc,control,1,1,0,5,10,8,5,15,0,5,0,10,0,0
pc-e6718e0e-222,forschung_muskelkraft__mit_pc,control,0,1,1,12,3,22,15,59,12,13,15,13,0,0
pc-e6718e0e-222,rudeljaeger__ohne_pc,control,1,0,0,12,-3,17,16,41,27,14,8,7,0,0
pc-5fbefecc-223,forschung_muskelkraft__mit_pc,control,0,0,1,5,0,10,4,11,3,3,1,6,0,0
pc-5fbefecc-223,rudeljaeger__ohne_pc,control,1,1,0,5,4,9,4,14,1,4,0,10,0,0
pc-be41d27f-224,forschung_muskelkraft__mit_pc,control,0,1,1,12,1,22,15,57,14,13,14,15,0,0
pc-be41d27f-224,rudeljaeger__ohne_pc,control,1,0,0,12,-5,17,16,42,27,14,9,9,0,2
pc-378f233d-225,forschung_muskelkraft__mit_pc,control,0,1,1,9,1,18,10,34,3,8,10,12,0,0
pc-378f233d-225,rudeljaeger__ohne_pc,control,1,0,0,9,-2,14,13,35,6,11,3,9,0,1
pc-cba71104-226,forschung_muskelkraft__mit_pc,control,0,1,1,14,4,23,16,61,34,14,17,12,0,0
pc-cba71104-226,rudeljaeger__ohne_pc,control,1,0,0,14,-2,20,18,46,47,16,10,6,0,0
pc-44f461c2-227,forschung_muskelkraft__mit_pc,control,0,1,1,9,3,17,9,31,5,7,9,10,0,0
pc-44f461c2-227,rudeljaeger__ohne_pc,control,1,0,0,9,0,14,13,38,4,11,2,7,0,0
pc-a3775575-228,forschung_muskelkraft__mit_pc,control,0,1,1,11,2,20,14,52,3,12,11,11,0,0
pc-a3775575-228,rudeljaeger__ohne_pc,control,1,0,0,11,-1,16,14,38,20,13,7,8,0,1
pc-1cc4a633-229,forschung_muskelkraft__mit_pc,control,0,0,1,9,-1,19,10,33,11,8,9,9,0,0
pc-1cc4a633-229,rudeljaeger__ohne_pc,control,1,1,0,9,1,12,12,31,9,11,5,11,0,0
pc-b0dc93fa-230,forschung_muskelkraft__mit_pc,control,0,0,1,5,0,10,5,13,2,3,5,3,0,0
pc-b0dc93fa-230,rudeljaeger__ohne_pc,control,1,1,0,5,7,9,7,15,0,7,0,10,0,0
pc-2a29e4b8-231,forschung_muskelkraft__mit_pc,control,0,1,1,12,1,23,14,52,19,12,16,10,0,0
pc-2a29e4b8-231,rudeljaeger__ohne_pc,control,1,0,0,12,0,18,16,44,24,15,8,9,0,1
pc-5f00c0bc-232,forschung_muskelkraft__mit_pc,control,0,1,1,8,3,17,10,33,1,8,10,12,0,0
pc-5f00c0bc-232,rudeljaeger__ohne_pc,control,1,0,0,8,-2,13,12,29,2,11,3,7,0,0
pc-d84e3179-233,forschung_muskelkraft__mit_pc,control,0,1,1,12,3,22,12,49,22,10,14,13,0,0
pc-d84e3179-233,rudeljaeger__ohne_pc,control,1,0,0,12,-3,16,16,45,23,14,5,7,0,2
pc-6c661f41-234,forschung_muskelkraft__mit_pc,control,0,0,1,5,-2,13,4,13,2,4,2,0,0,0
pc-6c661f41-234,rudeljaeger__ohne_pc,control,1,1,0,5,10,9,5,13,1,5,2,12,0,0
pc-e5b36ffe-235,forschung_muskelkraft__mit_pc,control,0,1,1,14,3,22,14,54,43,12,12,11,0,0
pc-e5b36ffe-235,rudeljaeger__ohne_pc,control,1,0,0,14,-1,20,18,45,53,16,7,7,0,0
pc-443643b2-236,forschung_muskelkraft__mit_pc,control,0,0,1,7,-2,15,7,25,3,6,7,9,0,0
pc-443643b2-236,rudeljaeger__ohne_pc,control,1,1,0,7,1,12,10,23,1,9,2,12,0,0
pc-bd83b46f-237,forschung_muskelkraft__mit_pc,control,0,1,1,9,1,17,8,33,7,7,12,12,0,0
pc-bd83b46f-237,rudeljaeger__ohne_pc,control,1,0,0,9,-2,13,12,26,12,12,2,9,0,0
pc-519b8237-238,forschung_muskelkraft__mit_pc,control,0,1,1,14,4,23,15,59,36,13,17,14,0,0
pc-519b8237-238,rudeljaeger__ohne_pc,control,1,0,0,14,-4,18,18,50,46,17,8,6,0,0
pc-cae8f2f4-239,forschung_muskelkraft__mit_pc,control,0,0,1,6,-1,11,6,20,1,5,6,7,0,0
pc-cae8f2f4-239,rudeljaeger__ohne_pc,control,1,1,0,6,3,11,8,20,0,8,3,11,0,0
pc-296bc6a8-240,forschung_muskelkraft__mit_pc,control,0,0,1,4,0,10,4,9,1,3,3,0,0,0
pc-296bc6a8-240,rudeljaeger__ohne_pc,control,1,1,0,4,10,10,5,10,0,5,1,10,0,0
pc-a2b93765-241,forschung_muskelkraft__mit_pc,control,0,1,1,12,1,21,12,44,27,10,12,14,0,0
pc-a2b93765-241,rudeljaeger__ohne_pc,control,1,0,0,12,-4,16,15,39,30,14,6,9,0,3
pc-36d1052d-242,forschung_muskelkraft__mit_pc,control,0,1,1,9,4,19,10,37,4,8,13,14,0,0
pc-36d1052d-242,rudeljaeger__ohne_pc,control,1,0,0,9,-4,14,13,31,7,12,3,6,0,0
pc-b01e75ea-243,forschung_muskelkraft__mit_pc,control,0,0,1,6,-3,13,7,20,1,5,5,5,0,0
pc-b01e75ea-243,rudeljaeger__ohne_pc,control,1,1,0,6,5,10,8,20,0,8,1,13,0,0
pc-0ea1499e-244,forschung_muskelkraft__mit_pc,control,0,1,1,9,1,18,9,30,12,8,10,14,0,0
pc-0ea1499e-244,rudeljaeger__ohne_pc,control,1,0,0,9,-4,12,12,30,8,10,3,9,0,0
pc-87eeba5b-245,forschung_muskelkraft__mit_pc,control,0,1,1,8,6,15,9,32,2,7,9,12,0,0
pc-87eeba5b-245,rudeljaeger__ohne_pc,control,1,0,0,8,-2,12,12,24,6,10,3,4,0,0
pc-1c068823-246,forschung_muskelkraft__mit_pc,control,0,1,1,13,1,22,11,46,32,9,13,14,0,0
pc-1c068823-246,rudeljaeger__ohne_pc,control,1,0,0,13,-4,17,16,41,42,14,5,9,0,0
pc-9553f8e0-247,forschung_muskelkraft__mit_pc,control,0,1,1,8,1,16,7,28,5,6,7,10,0,0
pc-9553f8e0-247,rudeljaeger__ohne_pc,control,1,0,0,8,0,12,9,29,6,9,1,9,0,0
pc-ca2ad4e4-248,forschung_muskelkraft__mit_pc,control,0,0,1,5,-1,12,5,14,1,4,3,0,0,0
pc-ca2ad4e4-248,rudeljaeger__ohne_pc,control,1,1,0,5,10,9,7,14,1,6,2,11,0,0
pc-437825a2-249,forschung_muskelkraft__mit_pc,control,0,0,1,8,-2,16,9,30,4,7,5,8,0,0
pc-437825a2-249,rudeljaeger__ohne_pc,control,1,1,0,8,2,13,9,28,2,8,5,12,0,0
pc-24ccb8dc-250,forschung_muskelkraft__mit_pc,control,0,1,0,12,6,22,14,54,17,12,15,11,0,0
pc-24ccb8dc-250,rudeljaeger__ohne_pc,control,1,0,1,12,-1,17,16,44,27,14,7,4,0,0
pc-ab7f481e-251,forschung_muskelkraft__mit_pc,control,0,1,0,13,6,23,12,48,36,10,13,14,0,0
pc-ab7f481e-251,rudeljaeger__ohne_pc,control,1,0,1,13,-4,18,17,42,41,15,5,4,0,0
pc-3231f761-252,forschung_muskelkraft__mit_pc,control,0,0,0,6,-4,14,6,19,2,5,5,3,0,0
pc-3231f761-252,rudeljaeger__ohne_pc,control,1,1,1,6,7,11,8,20,1,8,2,14,0,0
pc-b8e486a3-253,forschung_muskelkraft__mit_pc,control,0,0,0,5,-2,11,5,14,1,4,3,3,0,0
pc-b8e486a3-253,rudeljaeger__ohne_pc,control,1,1,1,5,7,9,5,13,2,5,2,12,0,0
pc-3f9735e6-254,forschung_muskelkraft__mit_pc,control,0,0,0,6,0,12,3,15,6,3,3,0,0,0
pc-3f9735e6-254,rudeljaeger__ohne_pc,control,1,1,1,6,10,10,7,19,0,7,1,10,0,0
pc-c649c528-255,forschung_muskelkraft__mit_pc,control,0,1,0,9,3,19,9,31,5,7,11,11,0,0
pc-c649c528-255,rudeljaeger__ohne_pc,control,1,0,1,9,-1,14,13,33,9,12,2,7,0,0
pc-4cfc746b-256,forschung_muskelkraft__mit_pc,control,0,0,0,6,0,15,5,19,2,5,6,0,0,0
pc-4cfc746b-256,rudeljaeger__ohne_pc,control,1,1,1,6,10,10,7,17,1,7,2,10,0,0
pc-d3af03ad-257,forschung_muskelkraft__mit_pc,control,0,1,0,9,8,21,11,40,5,9,11,13,0,0
pc-d3af03ad-257,rudeljaeger__ohne_pc,control,1,0,1,9,-3,14,13,35,7,12,4,2,0,0
pc-5a61b2f0-258,forschung_muskelkraft__mit_pc,control,0,1,0,9,1,18,10,39,3,9,14,10,0,0
pc-5a61b2f0-258,rudeljaeger__ohne_pc,control,1,0,1,9,0,15,13,30,9,12,5,9,0,1
pc-e1144232-259,forschung_muskelkraft__mit_pc,control,0,1,0,8,1,18,7,27,7,6,8,11,0,0
pc-e1144232-259,rudeljaeger__ohne_pc,control,1,0,1,8,-1,12,11,27,6,9,2,9,0,0
pc-67c6f175-260,forschung_muskelkraft__mit_pc,control,0,1,0,10,4,20,11,38,12,9,13,11,0,0
pc-67c6f175-260,rudeljaeger__ohne_pc,control,1,0,1,10,-1,16,14,39,11,13,4,6,0,0
pc-ee7980b7-261,forschung_muskelkraft__mit_pc,control,0,0,0,4,-1,10,4,9,1,3,3,2,0,0
pc-ee7980b7-261,rudeljaeger__ohne_pc,control,1,1,1,4,8,8,4,10,0,4,1,11,0,0
pc-752c2ffa-262,forschung_muskelkraft__mit_pc,control,0,0,0,6,-2,13,4,17,4,4,4,9,0,0
pc-752c2ffa-262,rudeljaeger__ohne_pc,control,1,1,1,6,1,11,6,18,1,6,1,12,0,1
pc-fbdedf3c-263,forschung_muskelkraft__mit_pc,control,0,0,0,5,-3,11,4,12,3,3,2,4,0,0
pc-fbdedf3c-263,rudeljaeger__ohne_pc,control,1,1,1,5,6,8,5,15,0,5,1,13,0,0
pc-82916e7f-264,forschung_muskelkraft__mit_pc,control,0,0,0,8,0,19,7,28,7,6,5,5,0,0
pc-82916e7f-264,rudeljaeger__ohne_pc,control,1,1,1,8,5,12,9,26,8,8,2,10,0,0
pc-09441dc2-265,forschung_muskelkraft__mit_pc,control,0,1,0,13,3,23,16,63,25,14,13,10,0,0
pc-09441dc2-265,rudeljaeger__ohne_pc,control,1,0,1,13,0,16,16,39,41,14,9,7,0,0
pc-b9a2a4b3-266,forschung_muskelkraft__mit_pc,control,0,1,0,10,6,21,10,33,12,8,11,11,0,0
pc-b9a2a4b3-266,rudeljaeger__ohne_pc,control,1,0,1,10,-1,17,14,36,14,13,3,4,0,2
pc-405553f6-267,forschung_muskelkraft__mit_pc,control,0,0,0,3,0,9,2,4,1,2,0,0,0,0
pc-405553f6-267,rudeljaeger__ohne_pc,control,1,1,1,3,10,8,3,6,0,3,1,10,0,0
pc-c707e338-268,forschung_muskelkraft__mit_pc,control,0,0,0,8,0,15,9,33,3,8,8,6,0,0
pc-c707e338-268,rudeljaeger__ohne_pc,control,1,1,1,8,4,13,11,28,1,10,4,10,0,0
pc-4dba927b-269,forschung_muskelkraft__mit_pc,control,0,0,0,6,-2,13,4,15,6,3,2,0,0,0
pc-4dba927b-269,rudeljaeger__ohne_pc,control,1,1,1,6,10,10,7,18,1,5,1,12,0,0
pc-d46d21bd-270,forschung_muskelkraft__mit_pc,control,0,0,0,6,-2,14,4,17,4,4,7,2,0,0
pc-d46d21bd-270,rudeljaeger__ohne_pc,control,1,1,1,6,8,9,7,19,1,7,3,12,0,0
pc-5b1fd100-271,forschung_muskelkraft__mit_pc,control,0,0,0,5,-1,12,5,14,1,4,3,3,0,0
pc-5b1fd100-271,rudeljaeger__ohne_pc,control,1,1,1,5,7,8,6,15,0,5,2,11,0,0
pc-e1d26042-272,forschung_muskelkraft__mit_pc,control,0,1,0,8,1,18,8,31,3,7,9,13,0,0
pc-e1d26042-272,rudeljaeger__ohne_pc,control,1,0,1,8,-3,11,11,26,6,10,2,9,0,0
pc-68850f85-273,forschung_muskelkraft__mit_pc,control,0,0,0,5,-1,13,4,13,2,4,1,0,0,0
pc-68850f85-273,rudeljaeger__ohne_pc,control,1,1,1,5,10,10,5,14,0,5,2,11,0,0
pc-ef37bec7-274,forschung_muskelkraft__mit_pc,control,0,0,0,4,0,10,2,6,4,2,3,0,0,0
pc-ef37bec7-274,rudeljaeger__ohne_pc,control,1,1,1,4,10,10,4,9,1,4,1,10,0,0
pc-75ea4e0a-275,forschung_muskelkraft__mit_pc,control,0,1,0,11,3,23,13,50,10,11,13,12,0,0
pc-75ea4e0a-275,rudeljaeger__ohne_pc,control,1,0,1,11,-2,17,15,36,20,13,6,7,0,0
pc-fc9cfd4c-276,forschung_muskelkraft__mit_pc,control,0,1,0,9,1,20,11,38,3,9,9,16,0,0
pc-fc9cfd4c-276,rudeljaeger__ohne_pc,control,1,0,1,9,-6,13,12,31,9,11,4,9,0,0
pc-834f8c8f-277,forschung_muskelkraft__mit_pc,control,0,0,0,7,-2,16,7,24,4,5,3,3,0,0
pc-834f8c8f-277,rudeljaeger__ohne_pc,control,1,1,1,7,7,13,8,25,1,7,3,12,0,2
pc-0a023bd2-278,forschung_muskelkraft__mit_pc,control,0,1,0,9,1,18,11,40,4,10,7,10,0,0
pc-0a023bd2-278,rudeljaeger__ohne_pc,control,1,0,1,9,0,13,12,29,10,11,6,9,0,0
pc-90b4cb14-279,forschung_muskelkraft__mit_pc,control,0,1,0,9,1,18,8,29,7,6,9,14,0,0
pc-90b4cb14-279,rudeljaeger__ohne_pc,control,1,0,1,9,-4,14,12,34,7,10,2,9,0,1
pc-17677a57-280,forschung_muskelkraft__mit_pc,control,0,0,0,4,-1,11,3,8,2,3,4,0,0,0
pc-17677a57-280,rudeljaeger__ohne_pc,control,1,1,1,4,10,7,5,9,1,5,2,11,0,0
pc-9e1a0999-281,forschung_muskelkraft__mit_pc,control,0,1,0,10,2,19,10,39,10,8,11,11,0,0
pc-9e1a0999-281,rudeljaeger__ohne_pc,control,1,0,1,10,-1,14,14,30,17,12,3,8,0,0
pc-fb20a12c-282,forschung_muskelkraft__mit_pc,control,0,1,0,11,2,18,13,51,9,11,12,12,0,0
pc-fb20a12c-282,rudeljaeger__ohne_pc,control,1,0,1,11,-2,16,15,37,23,13,6,8,0,0
pc-81d3506f-283,forschung_muskelkraft__mit_pc,control,0,1,0,13,3,22,15,59,23,13,14,14,0,0
pc-81d3506f-283,rudeljaeger__ohne_pc,control,1,0,1,13,-4,17,16,41,40,15,8,7,0,1
pc-0885ffb2-284,forschung_muskelkraft__mit_pc,control,0,1,0,10,2,20,9,29,16,7,13,12,0,0
pc-0885ffb2-284,rudeljaeger__ohne_pc,control,1,0,1,10,-2,15,14,32,15,12,2,8,0,0
pc-8f388ef4-285,forschung_muskelkraft__mit_pc,control,0,0,0,6,-2,15,6,20,1,5,6,9,0,0
pc-8f388ef4-285,rudeljaeger__ohne_pc,control,1,1,1,6,1,9,6,18,2,6,1,12,0,0
pc-15eb3e37-286,forschung_muskelkraft__mit_pc,control,0,1,0,12,3,22,16,63,9,14,15,13,0,0
pc-15eb3e37-286,rudeljaeger__ohne_pc,control,1,0,1,12,-3,17,16,41,28,14,10,7,0,1
pc-9c9dcd79-287,forschung_muskelkraft__mit_pc,control,0,1,0,8,2,17,8,27,5,7,10,10,0,0
pc-9c9dcd79-287,rudeljaeger__ohne_pc,control,1,0,1,8,0,14,11,32,4,11,2,8,0,0
pc-23507cbc-288,forschung_muskelkraft__mit_pc,control,0,0,0,7,-1,17,8,26,2,7,6,0,0,0
pc-23507cbc-288,rudeljaeger__ohne_pc,control,1,1,1,7,10,10,10,26,2,9,3,11,0,0
pc-aa030bfe-289,forschung_muskelkraft__mit_pc,control,0,1,0,14,1,22,15,60,35,13,14,11,0,0
pc-aa030bfe-289,rudeljaeger__ohne_pc,control,1,0,1,14,-1,18,17,45,48,15,8,9,0,3
pc-30b5bb41-290,forschung_muskelkraft__mit_pc,control,0,1,0,10,1,17,10,36,15,9,14,10,0,0
pc-30b5bb41-290,rudeljaeger__ohne_pc,control,1,0,1,10,0,15,14,34,15,13,4,9,0,0
pc-b7684a83-291,forschung_muskelkraft__mit_pc,control,0,1,0,12,5,21,11,45,21,9,13,12,0,0
pc-b7684a83-291,rudeljaeger__ohne_pc,control,1,0,1,12,-2,15,15,37,32,13,5,5,0,0
pc-3e1af9c6-292,forschung_muskelkraft__mit_pc,control,0,1,0,16,2,23,13,52,72,11,17,12,0,0
pc-3e1af9c6-292,rudeljaeger__ohne_pc,control,1,0,1,16,-3,22,20,53,70,18,7,7,0,1
pc-c4cd8908-293,forschung_muskelkraft__mit_pc,control,0,1,0,10,1,20,10,39,6,9,10,16,0,0
pc-c4cd8908-293,rudeljaeger__ohne_pc,control,1,0,1,10,-6,15,13,34,14,11,4,9,0,0
pc-4b80384b-294,forschung_muskelkraft__mit_pc,control,0,0,0,6,0,14,4,17,4,4,4,0,0,0
pc-4b80384b-294,rudeljaeger__ohne_pc,control,1,1,1,6,10,11,7,18,0,7,1,10,0,0
pc-d232c78d-295,forschung_muskelkraft__mit_pc,control,0,0,0,6,-1,13,6,19,2,5,7,6,0,0
pc-d232c78d-295,rudeljaeger__ohne_pc,control,1,1,1,6,4,10,9,19,1,8,2,11,0,0
pc-58e576d0-296,forschung_muskelkraft__mit_pc,control,0,0,0,4,-1,10,2,6,4,2,0,0,0,0
pc-58e576d0-296,rudeljaeger__ohne_pc,control,1,1,1,4,10,7,4,7,1,3,1,11,0,0
pc-df980612-297,forschung_muskelkraft__mit_pc,control,0,0,0,4,0,11,4,9,1,3,0,0,0,0
pc-df980612-297,rudeljaeger__ohne_pc,control,1,1,1,4,10,9,4,9,1,4,1,10,0,0
pc-8ff6ad04-298,forschung_muskelkraft__mit_pc,control,0,0,0,5,0,13,2,9,6,2,1,0,0,0
pc-8ff6ad04-298,rudeljaeger__ohne_pc,control,1,1,1,5,10,9,5,14,1,4,0,10,0,0
pc-16a95c47-299,forschung_muskelkraft__mit_pc,control,0,1,0,11,1,20,11,40,16,9,13,14,0,0
pc-16a95c47-299,rudeljaeger__ohne_pc,control,1,0,1,11,-4,14,14,35,24,12,4,9,0,0
pc-b3810ed2-300,forschung_muskelkraft__ohne_pc,control,0,1,1,12,1,21,14,53,17,12,16,14,0,0
pc-b3810ed2-300,rudeljaeger__mit_pc,control,1,0,0,12,-4,16,16,47,24,16,8,9,0,0
pc-2cce7f90-301,forschung_muskelkraft__ohne_pc,control,0,1,1,6,4,13,6,19,2,5,4,10,0,0
pc-2cce7f90-301,rudeljaeger__mit_pc,control,1,0,0,6,0,9,8,20,1,7,0,6,0,0
pc-a61bd04d-302,forschung_muskelkraft__ohne_pc,control,0,0,1,5,-2,12,5,12,3,4,4,2,0,0
pc-a61bd04d-302,rudeljaeger__mit_pc,control,1,1,0,5,8,10,5,15,0,5,0,12,0,0
pc-1f69210b-303,forschung_muskelkraft__ohne_pc,control,0,0,1,5,0,12,4,13,2,4,2,0,0,0
pc-1f69210b-303,rudeljaeger__mit_pc,control,1,1,0,5,10,9,6,12,0,6,1,10,0,0
pc-98b691c8-304,forschung_muskelkraft__ohne_pc,control,0,1,1,7,3,15,7,25,2,6,6,12,0,0
pc-98b691c8-304,rudeljaeger__mit_pc,control,1,0,0,7,-2,11,10,24,1,8,2,7,0,0
pc-1203e286-305,forschung_muskelkraft__ohne_pc,control,0,0,1,15,0,22,19,69,40,17,12,8,0,0
pc-1203e286-305,rudeljaeger__mit_pc,control,1,1,0,15,1,20,17,46,59,15,15,9,0,0
pc-8b515343-306,forschung_muskelkraft__ohne_pc,control,0,1,1,8,3,18,10,32,1,8,4,12,0,0
pc-8b515343-306,rudeljaeger__mit_pc,control,1,0,0,8,-2,12,10,30,1,9,4,7,0,0
pc-049ea401-307,forschung_muskelkraft__ohne_pc,control,0,0,1,5,-1,12,4,13,2,4,1,0,0,0
pc-049ea401-307,rudeljaeger__mit_pc,control,1,1,0,5,10,9,4,14,1,4,2,11,0,0
pc-e91608e6-308,forschung_muskelkraft__ohne_pc,control,0,0,1,7,-1,18,7,25,3,7,5,6,0,0
pc-e91608e6-308,rudeljaeger__mit_pc,control,1,1,0,7,4,12,9,24,1,8,4,11,0,0
pc-626379a4-309,forschung_muskelkraft__ohne_pc,control,0,0,1,7,-2,18,8,26,2,7,6,3,0,0
pc-626379a4-309,rudeljaeger__mit_pc,control,1,1,0,7,7,10,9,24,2,9,3,12,0,0
pc-dbb0ca61-310,forschung_muskelkraft__ohne_pc,control,0,0,1,6,-2,14,6,19,2,5,5,4,0,0
pc-dbb0ca61-310,rudeljaeger__mit_pc,control,1,1,0,6,6,10,7,19,1,7,3,12,0,0
pc-54fe3b1f-311,forschung_muskelkraft__ohne_pc,control,0,1,1,9,6,20,12,40,4,10,8,12,0,0
pc-54fe3b1f-311,rudeljaeger__mit_pc,control,1,0,0,9,-2,14,13,32,9,11,6,4,0,1
pc-ce4b8bdc-312,forschung_muskelkraft__ohne_pc,control,0,0,1,5,0,13,4,12,3,3,3,3,0,0
pc-ce4b8bdc-312,rudeljaeger__mit_pc,control,1,1,0,5,7,8,5,12,1,5,0,10,0,0
pc-4798fc9a-313,forschung_muskelkraft__ohne_pc,control,0,1,1,16,1,23,16,63,61,14,15,11,0,0
pc-4798fc9a-313,rudeljaeger__mit_pc,control,1,0,0,16,-2,22,20,56,65,18,10,8,0,2
pc-c0e64d57-314,forschung_muskelkraft__ohne_pc,control,0,0,1,8,-2,18,10,33,2,8,4,6,0,0
pc-c0e64d57-314,rudeljaeger__mit_pc,control,1,1,0,8,4,14,10,28,3,9,6,12,0,0
pc-3a33be15-315,forschung_muskelkraft__ohne_pc,control,0,1,1,11,2,23,13,49,12,11,11,13,0,0
pc-3a33be15-315,rudeljaeger__mit_pc,control,1,0,0,11,-3,16,15,39,19,13,7,8,0,1
pc-1eab02fb-316,forschung_muskelkraft__ohne_pc,control,0,0,1,4,-2,11,3,8,2,3,1,0,0,0
pc-1eab02fb-316,rudeljaeger__mit_pc,control,1,1,0,4,10,10,4,9,1,4,2,12,0,0
pc-97f873b8-317,forschung_muskelkraft__ohne_pc,control,0,0,1,7,-2,15,7,24,4,6,4,6,0,0
pc-97f873b8-317,rudeljaeger__mit_pc,control,1,1,0,7,4,11,10,22,5,9,3,12,0,0
pc-1145c476-318,forschung_muskelkraft__ohne_pc,control,0,1,1,10,3,19,13,45,5,11,11,13,0,0
pc-1145c476-318,rudeljaeger__mit_pc,control,1,0,0,10,-3,15,14,38,9,13,8,7,0,0
pc-8a933533-319,forschung_muskelkraft__ohne_pc,control,0,0,1,6,-1,11,6,18,3,4,6,7,0,0
pc-8a933533-319,rudeljaeger__mit_pc,control,1,1,0,6,3,10,9,18,0,8,1,11,0,0
pc-03e085f1-320,forschung_muskelkraft__ohne_pc,control,0,0,1,5,-2,11,5,14,1,4,4,4,0,0
pc-03e085f1-320,rudeljaeger__mit_pc,control,1,1,0,5,6,10,6,15,0,6,2,12,0,0
pc-7d2df6ae-321,forschung_muskelkraft__ohne_pc,control,0,0,1,9,-2,18,11,39,5,9,7,6,0,0
pc-7d2df6ae-321,rudeljaeger__mit_pc,control,1,1,0,9,4,13,13,36,2,11,6,12,0,1
pc-f67b476b-322,forschung_muskelkraft__ohne_pc,control,0,1,1,14,4,22,17,65,31,15,14,12,0,0
pc-f67b476b-322,rudeljaeger__mit_pc,control,1,0,0,14,-2,19,18,53,42,16,10,6,0,0
pc-6fc8b829-323,forschung_muskelkraft__ohne_pc,control,0,1,1,9,1,19,11,35,3,9,9,11,0,0
pc-6fc8b829-323,rudeljaeger__mit_pc,control,1,0,0,9,-1,12,12,29,11,11,4,9,0,0
pc-54401d0f-324,forschung_muskelkraft__ohne_pc,control,0,1,1,10,1,17,12,43,8,11,9,13,0,0
pc-54401d0f-324,rudeljaeger__mit_pc,control,1,0,0,10,-3,13,13,37,12,12,9,9,0,3
pc-cd8d6dcc-325,forschung_muskelkraft__ohne_pc,control,0,0,1,14,0,22,20,71,22,18,10,4,0,0
pc-cd8d6dcc-325,rudeljaeger__mit_pc,control,1,1,0,14,6,18,16,45,46,14,16,10,0,0
pc-46dade8a-326,forschung_muskelkraft__ohne_pc,control,0,1,1,7,2,17,9,25,3,7,7,12,0,0
pc-46dade8a-326,rudeljaeger__mit_pc,control,1,0,0,7,-2,11,10,22,2,9,3,8,0,0
pc-c0282f47-327,forschung_muskelkraft__ohne_pc,control,0,0,1,7,0,17,7,25,2,6,7,8,0,0
pc-c0282f47-327,rudeljaeger__mit_pc,control,1,1,0,7,2,11,9,24,0,8,4,10,0,0
pc-39758005-328,forschung_muskelkraft__ohne_pc,control,0,0,1,5,0,11,5,14,1,4,3,0,0,0
pc-39758005-328,rudeljaeger__mit_pc,control,1,1,0,5,10,9,6,15,0,6,2,10,0,0
pc-b2c2f0c2-329,forschung_muskelkraft__ohne_pc,control,0,1,1,15,3,22,17,65,42,15,14,12,0,0
pc-b2c2f0c2-329,rudeljaeger__mit_pc,control,1,0,0,15,-2,19,18,47,60,16,12,7,0,1
pc-2c104180-330,forschung_muskelkraft__ohne_pc,control,0,0,1,8,0,16,9,33,3,9,4,6,0,0
pc-2c104180-330,rudeljaeger__mit_pc,control,1,1,0,8,4,12,10,32,2,8,7,10,0,1
pc-a55db23d-331,forschung_muskelkraft__ohne_pc,control,0,0,1,3,0,9,3,4,1,1,0,0,0,0
pc-a55db23d-331,rudeljaeger__mit_pc,control,1,1,0,3,10,7,3,6,0,3,0,10,0,0
pc-dd2d0681-332,forschung_muskelkraft__ohne_pc,control,0,1,1,11,1,20,15,57,6,14,12,11,0,0
pc-dd2d0681-332,rudeljaeger__mit_pc,control,1,0,0,11,-1,16,14,40,17,13,10,9,0,1
pc-567a773f-333,forschung_muskelkraft__ohne_pc,control,0,0,1,7,-2,18,7,25,2,6,5,4,0,0
pc-567a773f-333,rudeljaeger__mit_pc,control,1,1,0,7,6,12,7,21,2,7,2,12,0,0
pc-cfc7c7fc-334,forschung_muskelkraft__ohne_pc,control,0,0,1,6,0,12,6,20,1,5,4,9,0,0
pc-cfc7c7fc-334,rudeljaeger__mit_pc,control,1,1,0,6,1,11,7,21,0,6,2,10,0,0
pc-491538ba-335,forschung_muskelkraft__ohne_pc,control,0,0,1,5,-2,12,4,13,2,4,4,0,0,0
pc-491538ba-335,rudeljaeger__mit_pc,control,1,1,0,5,10,9,7,12,0,6,2,12,0,0
pc-c2628977-336,forschung_muskelkraft__ohne_pc,control,0,0,1,3,-1,8,3,5,1,2,0,2,0,0
pc-c2628977-336,rudeljaeger__mit_pc,control,1,1,0,3,8,7,4,6,0,3,0,11,0,0
pc-3baffa35-337,forschung_muskelkraft__ohne_pc,control,0,1,1,8,2,19,8,30,3,7,9,12,0,0
pc-3baffa35-337,rudeljaeger__mit_pc,control,1,0,0,8,-2,11,11,26,4,9,3,8,0,1
pc-b4fd4af2-338,forschung_muskelkraft__ohne_pc,control,0,0,1,6,-4,13,5,17,4,4,5,6,0,0
pc-b4fd4af2-338,rudeljaeger__mit_pc,control,1,1,0,6,4,10,9,19,2,7,2,14,0,0
pc-2e4abbb0-339,forschung_muskelkraft__ohne_pc,control,0,0,1,6,-1,12,6,20,1,5,6,2,0,0
pc-2e4abbb0-339,rudeljaeger__mit_pc,control,1,1,0,6,8,11,9,20,0,8,1,11,0,0
pc-12c20096-340,forschung_muskelkraft__ohne_pc,control,0,1,1,15,1,21,20,71,36,18,13,10,0,0
pc-12c20096-340,rudeljaeger__mit_pc,control,1,0,0,15,0,19,19,52,55,17,16,9,0,2
pc-8c0f7153-341,forschung_muskelkraft__ohne_pc,control,0,1,1,11,1,23,11,41,15,9,13,13,0,0
pc-8c0f7153-341,rudeljaeger__mit_pc,control,1,0,0,11,-3,16,15,48,12,15,4,9,0,0
pc-055cc211-342,forschung_muskelkraft__ohne_pc,control,0,0,1,7,0,18,8,26,1,6,3,1,0,0
pc-055cc211-342,rudeljaeger__mit_pc,control,1,1,0,7,9,11,8,23,1,7,2,10,0,0
pc-7eaa32ce-343,forschung_muskelkraft__ohne_pc,control,0,0,1,4,-3,10,4,7,1,3,4,5,0,0
pc-7eaa32ce-343,rudeljaeger__mit_pc,control,1,1,0,4,5,8,4,10,0,4,0,13,0,0
pc-f7f7838b-344,forschung_muskelkraft__ohne_pc,control,0,1,1,9,2,18,10,34,6,8,9,10,0,0
pc-f7f7838b-344,rudeljaeger__mit_pc,control,1,0,0,9,0,14,13,29,10,12,3,8,0,0
pc-7144f449-345,forschung_muskelkraft__ohne_pc,control,0,1,1,10,2,20,11,43,8,10,11,13,0,0
pc-7144f449-345,rudeljaeger__mit_pc,control,1,0,0,10,-3,15,14,40,15,12,5,8,0,0
pc-ea924506-346,forschung_muskelkraft__ohne_pc,control,0,0,1,5,-1,13,3,11,4,3,0,6,0,0
pc-ea924506-346,rudeljaeger__mit_pc,control,1,1,0,5,4,9,4,14,1,4,1,11,0,0
pc-63dfb5c4-347,forschung_muskelkraft__ohne_pc,control,0,1,1,6,6,12,6,17,3,5,3,10,0,0
pc-63dfb5c4-347,rudeljaeger__mit_pc,control,1,0,0,6,0,11,5,18,2,5,1,4,0,0
pc-48571aaa-348,forschung_muskelkraft__ohne_pc,control,0,0,1,6,-1,15,6,18,3,4,4,0,0,0
pc-48571aaa-348,rudeljaeger__mit_pc,control,1,1,0,6,10,10,9,21,0,7,1,11,0,0
pc-c1a46b67-349,forschung_muskelkraft__ohne_pc,control,0,0,1,9,-1,20,11,38,5,9,9,5,0,0
pc-c1a46b67-349,rudeljaeger__mit_pc,control,1,1,0,9,5,13,13,38,1,12,8,11,0,1
pc-9e13dda4-350,forschung_muskelkraft__ohne_pc,control,0,0,0,4,-3,12,4,9,1,3,0,2,0,0
pc-9e13dda4-350,rudeljaeger__mit_pc,control,1,1,1,4,8,8,4,10,0,4,1,13,0,0
pc-17612e62-351,forschung_muskelkraft__ohne_pc,control,0,1,0,10,2,15,11,38,7,9,9,11,0,0
pc-17612e62-351,rudeljaeger__mit_pc,control,1,0,1,10,-1,15,13,35,15,11,4,8,0,0
pc-ab791c29-352,forschung_muskelkraft__ohne_pc,control,0,0,0,6,-5,13,7,20,1,5,1,6,0,0
pc-ab791c29-352,rudeljaeger__mit_pc,control,1,1,1,6,4,11,7,20,1,5,2,15,0,1
pc-24c66ce7-353,forschung_muskelkraft__ohne_pc,control,0,1,0,13,1,21,17,65,17,15,13,10,0,0
pc-24c66ce7-353,rudeljaeger__mit_pc,control,1,0,1,13,0,18,17,49,32,15,10,9,0,1
pc-8349409a-354,forschung_muskelkraft__ohne_pc,control,0,1,0,10,1,17,7,28,17,5,11,12,0,0
pc-8349409a-354,rudeljaeger__mit_pc,control,1,0,1,10,-2,16,14,32,16,12,0,9,0,0
pc-fc96b157-355,forschung_muskelkraft__ohne_pc,control,0,0,0,4,-1,10,4,9,1,3,0,0,0,0
pc-fc96b157-355,rudeljaeger__mit_pc,control,1,1,1,4,10,8,4,9,1,4,1,11,0,0
pc-90ae9f1f-356,forschung_muskelkraft__ohne_pc,control,0,1,0,5,3,12,4,13,2,4,3,11,0,0
pc-90ae9f1f-356,rudeljaeger__mit_pc,control,1,0,1,5,-1,9,5,15,0,4,0,7,0,0
pc-09fbefdd-357,forschung_muskelkraft__ohne_pc,control,0,0,0,7,-2,15,5,21,7,5,3,1,0,0
pc-09fbefdd-357,rudeljaeger__mit_pc,control,1,1,1,7,9,13,8,27,1,8,3,12,0,0
pc-d3a8d7b8-358,forschung_muskelkraft__ohne_pc,control,0,1,0,10,2,18,10,34,11,8,12,10,0,0
pc-d3a8d7b8-358,rudeljaeger__mit_pc,control,1,0,1,10,0,15,14,35,13,13,3,8,0,0
pc-4cf62876-359,forschung_muskelkraft__ohne_pc,control,0,0,0,8,-1,19,9,30,5,7,3,7,0,0
pc-4cf62876-359,rudeljaeger__mit_pc,control,1,1,1,8,3,13,9,26,5,7,4,11,0,0
pc-e10e163d-360,forschung_muskelkraft__ohne_pc,control,0,1,0,12,2,21,16,58,17,14,13,13,0,0
pc-e10e163d-360,rudeljaeger__mit_pc,control,1,0,1,12,-3,18,16,42,26,14,10,8,0,1
pc-5a5b66fb-361,forschung_muskelkraft__ohne_pc,control,0,0,0,4,0,11,5,9,1,4,3,0,0,0
pc-5a5b66fb-361,rudeljaeger__mit_pc,control,1,1,1,4,10,9,5,10,0,5,1,10,0,0
pc-b8de5aae-362,forschung_muskelkraft__ohne_pc,control,0,1,0,13,1,22,13,49,29,11,12,12,0,0
pc-b8de5aae-362,rudeljaeger__mit_pc,control,1,0,1,13,-2,17,17,46,34,15,6,9,0,2
pc-322bab6c-363,forschung_muskelkraft__ohne_pc,control,0,1,0,10,5,21,12,43,3,11,9,10,0,0
pc-322bab6c-363,rudeljaeger__mit_pc,control,1,0,1,10,0,14,13,31,17,11,6,5,0,0
pc-c6439933-364,forschung_muskelkraft__ohne_pc,control,0,0,0,3,0,9,3,5,1,2,0,0,0,0
pc-c6439933-364,rudeljaeger__mit_pc,control,1,1,1,3,10,7,3,6,0,3,1,10,0,0
pc-3f90e9f1-365,forschung_muskelkraft__ohne_pc,control,0,1,0,9,1,19,11,34,2,9,11,13,0,0
pc-3f90e9f1-365,rudeljaeger__mit_pc,control,1,0,1,9,-3,12,12,29,12,11,4,9,0,0
pc-093dd1cd-366,forschung_muskelkraft__ohne_pc,control,0,0,0,6,0,11,6,20,1,5,4,5,0,0
pc-093dd1cd-366,rudeljaeger__mit_pc,control,1,1,1,6,5,12,7,18,0,7,1,10,0,0
pc-828b228a-367,forschung_muskelkraft__ohne_pc,control,0,0,0,6,-4,14,5,18,2,5,5,2,0,0
pc-828b228a-367,rudeljaeger__mit_pc,control,1,1,1,6,8,10,7,20,0,7,3,14,0,0
pc-16a31052-368,forschung_muskelkraft__ohne_pc,control,0,1,0,11,1,22,15,56,4,13,11,11,0,0
pc-16a31052-368,rudeljaeger__mit_pc,control,1,0,1,11,-1,16,14,44,15,13,11,9,0,1
pc-8ff0610f-369,forschung_muskelkraft__ohne_pc,control,0,1,0,9,3,20,11,40,2,10,9,12,0,0
pc-8ff0610f-369,rudeljaeger__mit_pc,control,1,0,1,9,-2,14,12,32,6,11,6,7,0,1
pc-ee7354c2-370,forschung_muskelkraft__ohne_pc,control,0,0,0,8,0,14,10,33,2,8,5,1,0,0
pc-ee7354c2-370,rudeljaeger__mit_pc,control,1,1,1,8,9,14,10,27,1,9,5,10,0,0
pc-67c0a580-371,forschung_muskelkraft__ohne_pc,control,0,0,0,5,-2,11,5,13,2,3,2,0,0,0
pc-67c0a580-371,rudeljaeger__mit_pc,control,1,1,1,5,10,8,5,14,1,5,0,12,0,0
pc-fbd89347-372,forschung_muskelkraft__ohne_pc,control,0,1,0,13,1,23,19,69,11,17,13,12,0,0
pc-fbd89347-372,rudeljaeger__mit_pc,control,1,0,1,13,-2,18,17,51,29,15,13,9,0,2
pc-7525e405-373,forschung_muskelkraft__ohne_pc,control,0,0,0,8,0,16,10,33,2,8,6,3,0,0
pc-7525e405-373,rudeljaeger__mit_pc,control,1,1,1,8,7,14,11,30,3,10,6,10,0,0
pc-3ed2cbe1-374,forschung_muskelkraft__ohne_pc,control,0,0,0,8,-1,17,11,34,2,9,8,8,0,0
pc-3ed2cbe1-374,rudeljaeger__mit_pc,control,1,1,1,8,2,13,11,27,4,10,6,11,0,0
pc-b8203c9e-375,forschung_muskelkraft__ohne_pc,control,0,0,0,6,-4,16,6,19,2,5,1,3,0,0
pc-b8203c9e-375,rudeljaeger__mit_pc,control,1,1,1,6,7,10,6,19,2,6,1,14,0,0
pc-4c380a66-376,forschung_muskelkraft__ohne_pc,control,0,0,0,6,0,14,6,19,2,6,2,0,0,0
pc-4c380a66-376,rudeljaeger__mit_pc,control,1,1,1,6,10,10,8,19,2,6,2,10,0,0
pc-c5857b23-377,forschung_muskelkraft__ohne_pc,control,0,1,0,11,2,20,12,49,10,11,10,16,0,0
pc-c5857b23-377,rudeljaeger__mit_pc,control,1,0,1,11,-6,15,14,40,19,13,6,8,0,0
pc-24084ed7-378,forschung_muskelkraft__ohne_pc,control,0,0,0,5,-2,14,2,9,6,2,0,0,0,0
pc-24084ed7-378,rudeljaeger__mit_pc,control,1,1,1,5,10,9,4,14,1,4,0,12,0,0
pc-9d55bf94-379,forschung_muskelkraft__ohne_pc,control,0,0,0,10,0,20,13,49,6,11,6,2,0,0
pc-9d55bf94-379,rudeljaeger__mit_pc,control,1,1,1,10,8,14,12,36,12,10,8,10,0,2
pc-316d8d5c-380,forschung_muskelkraft__ohne_pc,control,0,0,0,9,0,15,11,38,4,9,9,7,0,0
pc-316d8d5c-380,rudeljaeger__mit_pc,control,1,1,1,9,3,13,12,34,5,12,7,10,0,0
pc-aabafe19-381,forschung_muskelkraft__ohne_pc,control,0,0,0,4,-1,9,3,8,2,3,3,3,0,0
pc-aabafe19-381,rudeljaeger__mit_pc,control,1,1,1,4,7,7,4,10,0,4,1,11,0,0
pc-c7bfd553-382,forschung_muskelkraft__ohne_pc,control,0,0,0,4,-1,12,4,9,1,3,4,0,0,0
pc-c7bfd553-382,rudeljaeger__mit_pc,control,1,1,1,4,10,8,6,9,1,5,1,11,0,0
pc-410d2611-383,forschung_muskelkraft__ohne_pc,control,0,0,0,5,0,11,3,11,4,3,1,4,0,0
pc-410d2611-383,rudeljaeger__mit_pc,control,1,1,1,5,6,9,5,13,1,5,1,10,0,0
pc-d52513d8-384,forschung_muskelkraft__ohne_pc,control,0,0,0,8,-1,19,10,32,2,8,8,3,0,0
pc-d52513d8-384,rudeljaeger__mit_pc,control,1,1,1,8,7,13,11,27,4,9,6,11,0,0
pc-4e726496-385,forschung_muskelkraft__ohne_pc,control,0,1,0,14,1,23,18,67,30,16,15,15,0,0
pc-4e726496-385,rudeljaeger__mit_pc,control,1,0,1,14,-5,21,18,51,45,16,11,9,0,0
pc-acf55849-386,forschung_muskelkraft__ohne_pc,control,0,1,0,9,1,18,9,32,4,7,11,11,0,0
pc-acf55849-386,rudeljaeger__mit_pc,control,1,0,1,9,-1,15,13,34,3,11,4,9,0,0
pc-2642a907-387,forschung_muskelkraft__ohne_pc,control,0,0,0,5,-1,13,5,14,1,4,2,2,0,0
pc-2642a907-387,rudeljaeger__mit_pc,control,1,1,1,5,8,9,6,15,0,5,1,11,0,0
pc-ba5a96ce-388,forschung_muskelkraft__ohne_pc,control,0,0,0,7,-2,16,7,26,2,7,5,5,0,0
pc-ba5a96ce-388,rudeljaeger__mit_pc,control,1,1,1,7,5,11,7,24,3,7,3,12,0,1
pc-33a7e78c-389,forschung_muskelkraft__ohne_pc,control,0,0,0,15,-2,22,20,71,34,18,12,6,0,0
pc-33a7e78c-389,rudeljaeger__mit_pc,control,1,1,1,15,4,20,18,53,55,16,16,12,0,1
pc-fd54cf67-390,forschung_muskelkraft__ohne_pc,control,0,0,0,7,0,13,7,26,1,6,6,7,0,0
pc-fd54cf67-390,rudeljaeger__mit_pc,control,1,1,1,7,3,10,9,24,3,9,2,10,0,0
pc-76a22025-391,forschung_muskelkraft__ohne_pc,control,0,0,0,12,0,22,14,52,14,12,13,3,0,0
pc-76a22025-391,rudeljaeger__mit_pc,control,1,1,1,12,7,15,15,45,26,15,11,10,0,1
pc-0aba0ded-392,forschung_muskelkraft__ohne_pc,control,0,0,0,3,-1,7,2,4,1,2,0,0,0,0
pc-0aba0ded-392,rudeljaeger__mit_pc,control,1,1,1,3,10,7,4,6,0,3,0,11,0,0
pc-84077eaa-393,forschung_muskelkraft__ohne_pc,control,0,1,0,10,3,16,9,32,13,7,12,14,0,0
pc-84077eaa-393,rudeljaeger__mit_pc,control,1,0,1,10,-4,15,14,36,13,13,2,7,0,0
pc-e28a525d-394,forschung_muskelkraft__ohne_pc,control,0,0,0,15,-2,23,20,71,34,18,12,8,0,0
pc-e28a525d-394,rudeljaeger__mit_pc,control,1,1,1,15,2,21,19,51,57,17,15,12,0,0
pc-5bd7a31b-395,forschung_muskelkraft__ohne_pc,control,0,0,0,4,0,10,4,9,1,3,0,3,0,0
pc-5bd7a31b-395,rudeljaeger__mit_pc,control,1,1,1,4,7,8,4,8,1,4,1,10,0,0
pc-efef90e2-396,forschung_muskelkraft__ohne_pc,control,0,1,0,11,2,22,12,48,12,11,14,10,0,0
pc-efef90e2-396,rudeljaeger__mit_pc,control,1,0,1,11,0,16,15,37,21,15,6,8,0,2
pc-693ce1a0-397,forschung_muskelkraft__ohne_pc,control,0,0,0,7,0,14,8,26,2,7,4,0,0,0
pc-693ce1a0-397,rudeljaeger__mit_pc,control,1,1,1,7,10,10,9,24,2,8,5,10,0,0
pc-32e9c97c-398,forschung_muskelkraft__ohne_pc,control,0,1,0,9,3,16,11,38,4,9,8,14,0,0
pc-32e9c97c-398,rudeljaeger__mit_pc,control,1,0,1,9,-4,14,13,34,5,12,5,7,0,0
pc-ac373a39-399,forschung_muskelkraft__ohne_pc,control,0,0,0,8,-3,20,10,34,2,8,4,0,0,0
pc-ac373a39-399,rudeljaeger__mit_pc,control,1,1,1,8,10,12,9,30,2,8,5,13,0,0
pc-1e067ba3-400,forschung_muskelkraft__ohne_pc,control,0,0,1,10,-3,20,9,32,13,8,11,7,0,0
pc-1e067ba3-400,solidaritaet_ueberleben__ohne_pc,control,1,1,0,10,3,16,13,40,7,13,3,13,0,0
pc-a4b90ae5-401,forschung_muskelkraft__ohne_pc,control,0,0,1,9,-1,20,12,40,2,10,8,6,0,0
pc-a4b90ae5-401,solidaritaet_ueberleben__ohne_pc,control,1,1,0,9,4,15,11,42,1,11,5,11,0,0
pc-10a13d1e-402,forschung_muskelkraft__ohne_pc,control,0,0,1,7,0,17,8,25,2,6,5,0,0,0
pc-10a13d1e-402,solidaritaet_ueberleben__ohne_pc,control,1,1,0,7,10,11,7,25,2,7,1,10,0,0
pc-9753cc60-403,forschung_muskelkraft__ohne_pc,control,0,1,1,6,4,11,7,20,1,5,5,12,0,0
pc-9753cc60-403,solidaritaet_ueberleben__ohne_pc,control,1,0,0,6,-2,10,6,21,0,6,0,6,0,0
pc-033bfe99-404,forschung_muskelkraft__ohne_pc,control,0,0,1,10,-4,18,10,41,14,9,6,6,0,0
pc-033bfe99-404,solidaritaet_ueberleben__ohne_pc,control,1,1,0,10,4,15,12,38,10,11,4,14,1,0
pc-89ee8ddb-405,forschung_muskelkraft__ohne_pc,control,0,1,1,12,3,22,10,35,32,8,12,16,0,0
pc-89ee8ddb-405,solidaritaet_ueberleben__ohne_pc,control,1,0,0,12,-6,18,16,47,26,15,3,7,0,0
pc-f5d6a013-406,forschung_muskelkraft__ohne_pc,control,0,1,1,13,5,21,16,58,20,14,11,11,0,0
pc-f5d6a013-406,solidaritaet_ueberleben__ohne_pc,control,1,0,0,13,-1,17,15,49,35,14,9,5,0,0
pc-7c894f56-407,forschung_muskelkraft__ohne_pc,control,0,0,1,11,-2,23,12,39,21,10,14,8,0,0
pc-7c894f56-407,solidaritaet_ueberleben__ohne_pc,control,1,1,0,11,2,15,15,52,7,15,5,12,0,0
pc-539b75b7-408,forschung_muskelkraft__ohne_pc,control,0,0,1,9,-5,16,9,34,6,8,8,4,0,0
pc-539b75b7-408,solidaritaet_ueberleben__ohne_pc,control,1,1,0,9,6,16,11,35,5,11,3,15,0,0
pc-da4e04f9-409,forschung_muskelkraft__ohne_pc,control,0,0,1,8,0,15,8,29,4,6,7,7,0,0
pc-da4e04f9-409,solidaritaet_ueberleben__ohne_pc,control,1,1,0,8,3,14,10,31,3,10,1,10,0,0
pc-46363732-410,forschung_muskelkraft__ohne_pc,control,0,1,1,11,5,21,13,48,12,11,13,11,0,0
pc-46363732-410,solidaritaet_ueberleben__ohne_pc,control,1,0,0,11,-1,16,15,52,7,14,6,5,0,0
pc-cce8c674-411,forschung_muskelkraft__ohne_pc,control,0,0,1,15,0,22,20,71,36,18,16,8,0,0
pc-cce8c674-411,solidaritaet_ueberleben__ohne_pc,control,1,1,0,15,1,20,19,61,46,18,15,9,0,0
pc-38d0f8ad-412,forschung_muskelkraft__ohne_pc,control,0,1,1,7,6,15,7,25,2,6,3,12,0,0
pc-38d0f8ad-412,solidaritaet_ueberleben__ohne_pc,control,1,0,0,7,-2,11,8,26,2,7,1,4,0,0
pc-bf8387ef-413,forschung_muskelkraft__ohne_pc,control,0,0,1,8,-1,17,9,29,3,8,5,0,0,0
pc-bf8387ef-413,solidaritaet_ueberleben__ohne_pc,control,1,1,0,8,10,13,8,24,6,8,3,11,0,0
pc-2b6bba28-414,forschung_muskelkraft__ohne_pc,control,0,1,1,9,4,16,8,28,8,7,10,14,0,0
pc-2b6bba28-414,solidaritaet_ueberleben__ohne_pc,control,1,0,0,9,-4,14,12,34,8,11,3,6,0,0
pc-b21e496a-415,forschung_muskelkraft__ohne_pc,control,0,0,1,14,0,23,16,61,34,14,15,9,0,0
pc-b21e496a-415,solidaritaet_ueberleben__ohne_pc,control,1,1,0,14,1,18,17,57,38,16,9,10,0,0
pc-89306fcb-416,forschung_muskelkraft__ohne_pc,control,0,1,1,9,3,15,9,31,5,7,11,12,0,0
pc-89306fcb-416,solidaritaet_ueberleben__ohne_pc,control,1,0,0,9,-2,13,12,33,9,12,3,7,0,0
pc-0fe31f0e-417,forschung_muskelkraft__ohne_pc,control,0,1,1,10,7,19,11,35,10,9,13,10,0,0
pc-0fe31f0e-417,solidaritaet_ueberleben__ohne_pc,control,1,0,0,10,0,15,14,45,7,14,4,3,0,0
pc-7bcb3146-418,forschung_muskelkraft__ohne_pc,control,0,1,1,10,4,19,10,33,18,8,13,14,0,0
pc-7bcb3146-418,solidaritaet_ueberleben__ohne_pc,control,1,0,0,10,-4,14,13,38,12,12,3,6,0,0
pc-027dc089-419,forschung_muskelkraft__ohne_pc,control,0,1,1,9,3,16,10,37,4,8,6,10,0,0
pc-027dc089-419,solidaritaet_ueberleben__ohne_pc,control,1,0,0,9,0,15,10,37,7,9,4,7,0,0
pc-6e65f2c1-420,forschung_muskelkraft__ohne_pc,control,0,1,1,8,6,15,8,28,4,7,8,13,0,0
pc-6e65f2c1-420,solidaritaet_ueberleben__ohne_pc,control,1,0,0,8,-3,12,11,31,2,10,2,4,1,0
pc-f5188203-421,forschung_muskelkraft__ohne_pc,control,0,0,1,8,-2,14,7,24,10,6,6,7,0,0
pc-f5188203-421,solidaritaet_ueberleben__ohne_pc,control,1,1,0,8,3,15,10,31,4,10,1,12,0,0
pc-6100b43c-422,forschung_muskelkraft__ohne_pc,control,0,1,1,12,2,23,12,42,24,10,15,13,0,0
pc-6100b43c-422,solidaritaet_ueberleben__ohne_pc,control,1,0,0,12,-3,17,16,54,16,15,5,8,0,0
pc-e7b3437e-423,forschung_muskelkraft__ohne_pc,control,0,1,1,9,6,17,8,31,5,7,10,14,0,0
pc-e7b3437e-423,solidaritaet_ueberleben__ohne_pc,control,1,0,0,9,-4,13,12,36,8,12,2,4,2,0
pc-bec569df-424,forschung_muskelkraft__ohne_pc,control,0,1,1,9,6,20,6,22,14,5,8,11,0,0
pc-bec569df-424,solidaritaet_ueberleben__ohne_pc,control,1,0,0,9,-1,15,10,35,9,10,0,4,0,0
pc-45781922-425,forschung_muskelkraft__ohne_pc,control,0,1,1,11,4,20,11,40,16,9,13,12,0,0
pc-45781922-425,solidaritaet_ueberleben__ohne_pc,control,1,0,0,11,-2,17,15,46,14,14,4,6,0,0
pc-b1602b5a-426,forschung_muskelkraft__ohne_pc,control,0,0,1,9,0,17,10,37,4,9,9,5,0,0
pc-b1602b5a-426,solidaritaet_ueberleben__ohne_pc,control,1,1,0,9,5,15,12,38,5,11,4,10,0,0
pc-3812da9d-427,forschung_muskelkraft__ohne_pc,control,0,1,1,7,4,16,8,26,2,7,4,10,0,0
pc-3812da9d-427,solidaritaet_ueberleben__ohne_pc,control,1,0,0,7,0,12,8,27,1,7,2,6,0,0
pc-a3faecd5-428,forschung_muskelkraft__ohne_pc,control,0,1,1,11,5,21,9,32,23,7,14,13,0,0
pc-a3faecd5-428,solidaritaet_ueberleben__ohne_pc,control,1,0,0,11,-3,15,15,46,10,14,2,5,0,0
pc-2aad9c18-429,forschung_muskelkraft__ohne_pc,control,0,1,1,12,3,22,15,55,16,13,12,13,0,0
pc-2aad9c18-429,solidaritaet_ueberleben__ohne_pc,control,1,0,0,12,-3,16,16,53,14,15,8,7,0,0
pc-9695ae50-430,forschung_muskelkraft__ohne_pc,control,0,1,1,10,7,19,9,36,9,8,13,14,0,0
pc-9695ae50-430,solidaritaet_ueberleben__ohne_pc,control,1,0,0,10,-4,13,13,40,8,12,5,3,0,0
pc-1d485d93-431,forschung_muskelkraft__ohne_pc,control,0,0,1,12,-2,23,16,59,7,14,14,8,0,0
pc-1d485d93-431,solidaritaet_ueberleben__ohne_pc,control,1,1,0,12,2,17,16,51,21,15,10,12,0,0
pc-47b27352-432,forschung_muskelkraft__ohne_pc,control,0,0,1,9,0,15,9,30,6,7,12,9,0,0
pc-47b27352-432,solidaritaet_ueberleben__ohne_pc,control,1,1,0,9,1,14,13,39,1,13,5,10,0,0
pc-ce650294-433,forschung_muskelkraft__ohne_pc,control,0,1,1,8,3,15,8,30,3,7,7,13,0,0
pc-ce650294-433,solidaritaet_ueberleben__ohne_pc,control,1,0,0,8,-3,14,9,30,2,9,3,7,0,0
pc-3a4d34cd-434,forschung_muskelkraft__ohne_pc,control,0,1,1,10,2,17,13,45,1,11,9,10,0,0
pc-3a4d34cd-434,solidaritaet_ueberleben__ohne_pc,control,1,0,0,10,0,15,13,41,9,12,6,8,0,0
pc-c0ffc40f-435,forschung_muskelkraft__ohne_pc,control,0,1,1,10,6,21,8,30,15,7,13,11,0,0
pc-c0ffc40f-435,solidaritaet_ueberleben__ohne_pc,control,1,0,0,10,-1,16,14,42,7,14,3,4,0,0
pc-2ce7f648-436,forschung_muskelkraft__ohne_pc,control,0,1,1,8,6,18,10,30,4,8,7,11,0,0
pc-2ce7f648-436,solidaritaet_ueberleben__ohne_pc,control,1,0,0,8,-1,13,11,33,2,11,3,4,0,0
pc-b39a858a-437,forschung_muskelkraft__ohne_pc,control,0,1,1,10,1,21,10,34,21,8,14,11,0,0
pc-b39a858a-437,solidaritaet_ueberleben__ohne_pc,control,1,0,0,10,-1,15,14,37,12,13,3,9,0,0
pc-1f82b7c3-438,forschung_muskelkraft__ohne_pc,control,0,1,1,12,6,21,13,49,22,11,14,13,0,0
pc-1f82b7c3-438,solidaritaet_ueberleben__ohne_pc,control,1,0,0,12,-3,16,15,42,28,14,7,4,0,0
pc-a6354705-439,forschung_muskelkraft__ohne_pc,control,0,0,1,8,-5,16,7,25,9,6,4,4,0,0
pc-a6354705-439,solidaritaet_ueberleben__ohne_pc,control,1,1,0,8,6,13,10,32,4,9,1,15,0,0
pc-7d476d66-440,forschung_muskelkraft__ohne_pc,control,0,1,1,11,5,20,9,33,28,7,11,10,0,0
pc-7d476d66-440,solidaritaet_ueberleben__ohne_pc,control,1,0,0,11,0,17,15,41,17,14,2,5,0,0
pc-03fa1ca9-441,forschung_muskelkraft__ohne_pc,control,0,1,1,7,6,16,6,19,2,5,7,11,0,0
pc-03fa1ca9-441,solidaritaet_ueberleben__ohne_pc,control,1,0,0,7,-1,13,8,24,3,8,0,4,0,0
pc-6fe22ee1-442,forschung_muskelkraft__ohne_pc,control,0,0,1,7,-2,18,7,24,2,6,4,6,0,0
pc-6fe22ee1-442,solidaritaet_ueberleben__ohne_pc,control,1,1,0,7,4,12,7,25,0,7,1,12,0,0
pc-f694de23-443,forschung_muskelkraft__ohne_pc,control,0,1,1,6,3,13,6,19,1,5,2,11,0,0
pc-f694de23-443,solidaritaet_ueberleben__ohne_pc,control,1,0,0,6,-1,10,6,18,3,6,1,7,0,0
pc-627cf05c-444,forschung_muskelkraft__ohne_pc,control,0,1,1,9,4,20,11,37,5,9,10,14,0,0
pc-627cf05c-444,solidaritaet_ueberleben__ohne_pc,control,1,0,0,9,-4,13,12,36,3,11,4,6,0,0
pc-e92f9f9e-445,forschung_muskelkraft__ohne_pc,control,0,0,1,10,-1,17,11,37,8,10,9,3,0,0
pc-e92f9f9e-445,solidaritaet_ueberleben__ohne_pc,control,1,1,0,10,7,15,13,38,16,13,7,11,1,0
pc-5517b1d7-446,forschung_muskelkraft__ohne_pc,control,0,0,1,7,0,16,8,26,2,7,3,5,0,0
pc-5517b1d7-446,solidaritaet_ueberleben__ohne_pc,control,1,1,0,7,5,11,6,23,2,6,4,10,0,0
pc-dbca4119-447,forschung_muskelkraft__ohne_pc,control,0,1,1,11,3,23,12,44,17,10,13,10,0,0
pc-dbca4119-447,solidaritaet_ueberleben__ohne_pc,control,1,0,0,11,0,16,15,46,17,14,5,7,0,0
pc-b2dc677a-448,forschung_muskelkraft__ohne_pc,control,0,0,1,13,-3,22,17,63,25,15,12,8,0,0
pc-b2dc677a-448,solidaritaet_ueberleben__ohne_pc,control,1,1,0,13,2,19,16,53,26,16,10,13,0,0
pc-398f16bd-449,forschung_muskelkraft__ohne_pc,control,0,1,1,7,8,16,7,24,4,6,4,11,0,0
pc-398f16bd-449,solidaritaet_ueberleben__ohne_pc,control,1,0,0,7,-1,12,7,18,7,7,1,2,0,0
pc-5c993b4b-450,forschung_muskelkraft__ohne_pc,control,0,0,0,13,0,21,15,55,33,13,15,4,0,0
pc-5c993b4b-450,solidaritaet_ueberleben__ohne_pc,control,1,1,1,13,6,19,17,55,27,16,8,10,0,0
pc-e34bca8d-451,forschung_muskelkraft__ohne_pc,control,0,0,0,8,0,19,9,27,1,7,9,5,0,0
pc-e34bca8d-451,solidaritaet_ueberleben__ohne_pc,control,1,1,1,8,5,11,11,30,2,11,4,10,0,0
pc-69fe79d0-452,forschung_muskelkraft__ohne_pc,control,0,0,0,8,0,18,8,27,6,6,8,0,0,0
pc-69fe79d0-452,solidaritaet_ueberleben__ohne_pc,control,1,1,1,8,10,14,10,35,1,10,2,10,0,0
pc-f0b10912-453,forschung_muskelkraft__ohne_pc,control,0,0,0,8,-1,15,8,26,7,6,7,6,0,0
pc-f0b10912-453,solidaritaet_ueberleben__ohne_pc,control,1,1,1,8,4,11,10,33,3,9,1,11,0,0
pc-41cebe41-454,forschung_muskelkraft__ohne_pc,control,0,1,0,13,6,23,12,47,36,10,15,14,0,0
pc-41cebe41-454,solidaritaet_ueberleben__ohne_pc,control,1,0,1,13,-4,19,17,56,27,16,5,4,0,0
pc-c8814d83-455,forschung_muskelkraft__ohne_pc,control,0,0,0,10,0,18,11,38,7,9,9,2,0,0
pc-c8814d83-455,solidaritaet_ueberleben__ohne_pc,control,1,1,1,10,8,15,11,38,7,11,4,10,0,0
pc-4f33fcc6-456,forschung_muskelkraft__ohne_pc,control,0,1,0,13,1,23,16,61,22,14,15,10,0,0
pc-4f33fcc6-456,solidaritaet_ueberleben__ohne_pc,control,1,0,1,13,0,19,16,56,25,15,9,9,0,0
pc-d5e68c08-457,forschung_muskelkraft__ohne_pc,control,0,0,0,8,0,15,9,31,5,8,5,0,0,0
pc-d5e68c08-457,solidaritaet_ueberleben__ohne_pc,control,1,1,1,8,10,13,8,26,2,8,4,10,0,0
pc-922e355f-458,forschung_muskelkraft__ohne_pc,control,0,1,0,16,1,22,17,65,57,15,15,8,0,0
pc-922e355f-458,solidaritaet_ueberleben__ohne_pc,control,1,0,1,16,-1,23,18,60,66,17,10,6,0,0
pc-18e0c4a2-459,forschung_muskelkraft__ohne_pc,control,0,0,0,9,-1,21,9,32,4,7,9,6,0,0
pc-18e0c4a2-459,solidaritaet_ueberleben__ohne_pc,control,1,1,1,9,4,13,11,36,4,10,2,11,1,0
pc-9f9373e4-460,forschung_muskelkraft__ohne_pc,control,0,0,0,11,-5,22,14,49,16,12,11,6,0,0
pc-9f9373e4-460,solidaritaet_ueberleben__ohne_pc,control,1,1,1,11,4,16,14,42,15,13,8,15,0,0
pc-26460327-461,forschung_muskelkraft__ohne_pc,control,0,0,0,9,0,16,8,30,11,7,10,9,0,0
pc-26460327-461,solidaritaet_ueberleben__ohne_pc,control,1,1,1,9,1,14,12,41,2,11,2,10,0,0
pc-7763b855-462,forschung_muskelkraft__ohne_pc,control,0,0,0,15,-4,22,16,61,52,14,17,6,0,0
pc-7763b855-462,solidaritaet_ueberleben__ohne_pc,control,1,1,1,15,4,21,19,62,44,18,9,14,0,0
pc-fe164797-463,forschung_muskelkraft__ohne_pc,control,0,1,0,11,5,18,10,35,20,8,7,13,0,0
pc-fe164797-463,solidaritaet_ueberleben__ohne_pc,control,1,0,1,11,-3,14,12,38,21,11,3,5,0,0
pc-84c8f6da-464,forschung_muskelkraft__ohne_pc,control,0,0,0,8,0,14,8,27,5,6,5,0,0,0
pc-84c8f6da-464,solidaritaet_ueberleben__ohne_pc,control,1,1,1,8,10,12,9,28,3,9,2,10,0,0
pc-0b7b861d-465,forschung_muskelkraft__ohne_pc,control,0,1,0,11,4,23,13,48,12,11,15,19,0,0
pc-0b7b861d-465,solidaritaet_ueberleben__ohne_pc,control,1,0,1,11,-9,16,15,42,19,15,6,6,0,0
pc-c7c32f73-466,forschung_muskelkraft__ohne_pc,control,0,0,0,7,-2,19,8,25,1,6,5,2,0,0
pc-c7c32f73-466,solidaritaet_ueberleben__ohne_pc,control,1,1,1,7,8,12,8,27,0,8,1,12,0,0
pc-4e75deb6-467,forschung_muskelkraft__ohne_pc,control,0,1,0,12,3,23,14,50,22,12,14,13,0,0
pc-4e75deb6-467,solidaritaet_ueberleben__ohne_pc,control,1,0,1,12,-3,19,16,53,16,16,7,7,0,0
pc-d5286df8-468,forschung_muskelkraft__ohne_pc,control,0,1,0,11,7,20,11,38,23,9,10,10,0,0
pc-d5286df8-468,solidaritaet_ueberleben__ohne_pc,control,1,0,1,11,0,16,15,48,13,14,5,3,0,0
pc-5bdb1d3b-469,forschung_muskelkraft__ohne_pc,control,0,1,0,9,6,17,9,34,7,8,7,10,0,0
pc-5bdb1d3b-469,solidaritaet_ueberleben__ohne_pc,control,1,0,1,9,0,14,11,39,6,10,3,4,0,0
pc-acf8b269-470,forschung_muskelkraft__ohne_pc,control,0,1,0,10,3,21,14,51,4,13,8,10,0,0
pc-acf8b269-470,solidaritaet_ueberleben__ohne_pc,control,1,0,1,10,0,15,13,45,7,12,8,7,0,0
pc-33ab41ac-471,forschung_muskelkraft__ohne_pc,control,0,1,0,8,7,19,8,28,5,6,7,12,0,0
pc-33ab41ac-471,solidaritaet_ueberleben__ohne_pc,control,1,0,1,8,-2,12,10,27,5,9,1,3,0,0
pc-ba5df0ee-472,forschung_muskelkraft__ohne_pc,control,0,1,0,12,4,20,12,43,29,10,13,12,0,0
pc-ba5df0ee-472,solidaritaet_ueberleben__ohne_pc,control,1,0,1,12,-2,17,16,47,22,15,6,6,0,0
pc-41108031-473,forschung_muskelkraft__ohne_pc,control,0,1,0,11,7,21,10,36,25,8,11,11,0,0
pc-41108031-473,solidaritaet_ueberleben__ohne_pc,control,1,0,1,11,-1,14,14,41,17,13,3,3,0,0
pc-fd582987-474,forschung_muskelkraft__ohne_pc,control,0,1,0,11,1,21,13,49,10,12,13,10,0,0
pc-fd582987-474,solidaritaet_ueberleben__ohne_pc,control,1,0,1,11,0,16,14,46,10,13,7,9,0,0
pc-840ad8ca-475,forschung_muskelkraft__ohne_pc,control,0,1,0,10,2,19,12,44,7,10,11,11,0,0
pc-840ad8ca-475,solidaritaet_ueberleben__ohne_pc,control,1,0,1,10,-1,15,14,43,8,13,5,8,0,0
pc-0abd680d-476,forschung_muskelkraft__ohne_pc,control,0,1,0,16,4,22,14,53,67,12,15,11,0,0
pc-0abd680d-476,solidaritaet_ueberleben__ohne_pc,control,1,0,1,16,-2,21,19,61,61,18,7,5,0,0
pc-9170174f-477,forschung_muskelkraft__ohne_pc,control,0,1,0,10,9,19,13,44,10,11,9,10,0,0
pc-9170174f-477,solidaritaet_ueberleben__ohne_pc,control,1,0,1,10,0,14,13,40,8,12,6,1,0,0
pc-e28dac7d-478,forschung_muskelkraft__ohne_pc,control,0,0,0,8,-4,16,9,31,3,8,5,0,0,0
pc-e28dac7d-478,solidaritaet_ueberleben__ohne_pc,control,1,1,1,8,10,12,8,32,1,8,3,14,0,0
pc-69405bc0-479,forschung_muskelkraft__ohne_pc,control,0,0,0,9,0,13,9,31,10,7,10,7,0,0
pc-69405bc0-479,solidaritaet_ueberleben__ohne_pc,control,1,1,1,9,3,14,13,39,5,13,2,10,0,0
pc-eff2eb02-480,forschung_muskelkraft__ohne_pc,control,0,1,0,9,10,17,10,37,4,9,8,12,0,0
pc-eff2eb02-480,solidaritaet_ueberleben__ohne_pc,control,1,0,1,9,-2,16,11,35,3,11,5,0,0,0
pc-76a59a45-481,forschung_muskelkraft__ohne_pc,control,0,1,0,7,4,11,7,21,5,6,6,11,0,0
pc-76a59a45-481,solidaritaet_ueberleben__ohne_pc,control,1,0,1,7,-1,12,9,26,2,9,1,6,0,0
pc-864532fa-482,forschung_muskelkraft__ohne_pc,control,0,1,0,8,4,15,9,33,3,8,8,13,0,0
pc-864532fa-482,solidaritaet_ueberleben__ohne_pc,control,1,0,1,8,-3,13,10,32,2,10,3,6,0,0
pc-0cf7c23d-483,forschung_muskelkraft__ohne_pc,control,0,0,0,9,-1,20,8,24,12,6,9,6,0,0
pc-0cf7c23d-483,solidaritaet_ueberleben__ohne_pc,control,1,1,1,9,4,14,10,31,10,10,1,11,0,0
pc-93aa717f-484,forschung_muskelkraft__ohne_pc,control,0,1,0,4,6,9,3,8,2,3,0,11,0,0
pc-93aa717f-484,solidaritaet_ueberleben__ohne_pc,control,1,0,1,4,-1,9,3,8,1,3,0,4,0,0
pc-1a5d00c2-485,forschung_muskelkraft__ohne_pc,control,0,0,0,9,-2,20,11,35,9,9,5,7,0,0
pc-1a5d00c2-485,solidaritaet_ueberleben__ohne_pc,control,1,1,1,9,3,13,11,43,2,10,6,12,0,0
pc-6b7ab5f0-486,forschung_muskelkraft__ohne_pc,control,0,1,0,12,5,23,17,59,17,15,10,10,0,0
pc-6b7ab5f0-486,solidaritaet_ueberleben__ohne_pc,control,1,0,1,12,0,18,15,46,27,15,10,5,2,0
pc-f22d4532-487,forschung_muskelkraft__ohne_pc,control,0,0,0,7,0,14,8,24,2,6,6,4,0,0
pc-f22d4532-487,solidaritaet_ueberleben__ohne_pc,control,1,1,1,7,6,11,9,26,2,8,1,10,0,0
pc-78dff475-488,forschung_muskelkraft__ohne_pc,control,0,0,0,8,0,19,10,32,3,8,5,5,0,0
pc-78dff475-488,solidaritaet_ueberleben__ohne_pc,control,1,1,1,8,5,13,9,29,2,9,6,10,1,0
pc-ff9283b7-489,forschung_muskelkraft__ohne_pc,control,0,1,0,8,6,15,9,30,3,7,7,10,0,0
pc-ff9283b7-489,solidaritaet_ueberleben__ohne_pc,control,1,0,1,8,0,13,11,31,4,11,2,4,0,0
pc-bbda2d0e-490,forschung_muskelkraft__ohne_pc,control,0,0,0,12,-2,22,16,57,14,14,12,8,0,0
pc-bbda2d0e-490,solidaritaet_ueberleben__ohne_pc,control,1,1,1,12,2,18,14,48,23,14,9,12,0,0
pc-428cdc51-491,forschung_muskelkraft__ohne_pc,control,0,0,0,14,-2,23,18,67,26,16,13,6,0,0
pc-428cdc51-491,solidaritaet_ueberleben__ohne_pc,control,1,1,1,14,4,19,17,53,45,16,11,12,0,0
pc-c93f6b93-492,forschung_muskelkraft__ohne_pc,control,0,0,0,8,-2,19,9,32,2,7,5,3,0,0
pc-c93f6b93-492,solidaritaet_ueberleben__ohne_pc,control,1,1,1,8,7,12,9,33,2,9,2,12,0,0
pc-4ff21ad6-493,forschung_muskelkraft__ohne_pc,control,0,1,0,13,3,23,15,57,25,13,15,13,0,0
pc-4ff21ad6-493,solidaritaet_ueberleben__ohne_pc,control,1,0,1,13,-3,19,17,56,24,17,10,7,0,0
pc-a10fb004-494,forschung_muskelkraft__ohne_pc,control,0,1,0,15,4,23,15,55,54,13,17,10,0,0
pc-a10fb004-494,solidaritaet_ueberleben__ohne_pc,control,1,0,1,15,0,21,19,63,43,18,8,6,0,0
pc-27c25f47-495,forschung_muskelkraft__ohne_pc,control,0,1,0,9,1,21,10,35,6,8,9,12,0,0
pc-27c25f47-495,solidaritaet_ueberleben__ohne_pc,control,1,0,1,9,-2,13,10,35,10,9,3,9,0,0
pc-ae74ee89-496,forschung_muskelkraft__ohne_pc,control,0,0,0,8,-3,17,9,30,4,7,6,9,0,0
pc-ae74ee89-496,solidaritaet_ueberleben__ohne_pc,control,1,1,1,8,1,14,8,30,2,8,3,13,0,0
pc-35279dcc-497,forschung_muskelkraft__ohne_pc,control,0,0,0,9,-1,16,10,33,3,8,9,8,0,0
pc-35279dcc-497,solidaritaet_ueberleben__ohne_pc,control,1,1,1,9,2,13,12,40,4,12,4,11,0,0
pc-f16f2722-498,forschung_muskelkraft__ohne_pc,control,0,0,0,7,0,16,7,25,2,6,7,8,0,0
pc-f16f2722-498,solidaritaet_ueberleben__ohne_pc,control,1,1,1,7,2,10,8,26,1,8,1,10,0,0
pc-7821d665-499,forschung_muskelkraft__ohne_pc,control,0,1,0,8,3,13,10,32,2,8,9,11,0,0
pc-7821d665-499,solidaritaet_ueberleben__ohne_pc,control,1,0,1,8,-1,14,11,30,1,11,4,7,0,0
pc-48dab20a-500,forschung_muskelkraft__mit_pc,control,0,1,1,11,5,23,13,47,8,11,13,11,0,0
pc-48dab20a-500,solidaritaet_ueberleben__mit_pc,control,1,0,0,11,-1,17,14,52,9,13,7,5,0,0
pc-cf8d414c-501,forschung_muskelkraft__mit_pc,control,0,0,1,13,-1,22,10,44,34,8,16,6,0,0
pc-cf8d414c-501,solidaritaet_ueberleben__mit_pc,control,1,1,0,13,4,19,16,55,23,15,4,11,0,0
pc-563ff08f-502,forschung_muskelkraft__mit_pc,control,0,0,1,10,0,22,13,46,5,11,7,0,0,0
pc-563ff08f-502,solidaritaet_ueberleben__mit_pc,control,1,1,0,10,10,17,12,49,2,11,6,10,0,0
pc-dcf29fd1-503,forschung_muskelkraft__mit_pc,control,0,0,1,15,-1,23,16,65,44,14,17,5,0,0
pc-dcf29fd1-503,solidaritaet_ueberleben__mit_pc,control,1,1,0,15,5,21,18,63,46,17,9,11,0,0
pc-63a52f14-504,forschung_muskelkraft__mit_pc,control,0,0,1,8,-2,17,7,26,2,7,6,3,0,0
pc-63a52f14-504,solidaritaet_ueberleben__mit_pc,control,1,1,0,8,7,12,9,31,4,8,2,12,3,0
pc-ea57de56-505,forschung_muskelkraft__mit_pc,control,0,1,1,10,5,20,6,23,22,5,12,11,0,0
pc-ea57de56-505,solidaritaet_ueberleben__mit_pc,control,1,0,0,10,-1,17,14,42,5,13,0,5,0,0
pc-710a6d99-506,forschung_muskelkraft__mit_pc,control,0,0,1,8,0,15,7,25,3,6,8,9,0,0
pc-710a6d99-506,solidaritaet_ueberleben__mit_pc,control,1,1,0,8,1,13,9,29,3,9,1,10,0,0
pc-f7bd1cdb-507,forschung_muskelkraft__mit_pc,control,0,1,1,15,3,22,16,64,46,14,16,9,0,0
pc-f7bd1cdb-507,solidaritaet_ueberleben__mit_pc,control,1,0,0,15,0,20,19,63,45,18,10,6,2,0
pc-7e6fac1e-508,forschung_muskelkraft__mit_pc,control,0,1,1,11,4,19,12,48,15,10,13,12,0,0
pc-7e6fac1e-508,solidaritaet_ueberleben__mit_pc,control,1,0,0,11,-2,17,15,47,11,15,6,6,1,0
pc-05225b61-509,forschung_muskelkraft__mit_pc,control,0,1,1,13,7,22,13,49,29,11,16,11,0,0
pc-05225b61-509,solidaritaet_ueberleben__mit_pc,control,1,0,0,13,-1,18,17,59,24,16,6,3,1,0
pc-8bd4eaa3-510,forschung_muskelkraft__mit_pc,control,0,0,1,9,-1,20,12,40,2,10,5,8,0,0
pc-8bd4eaa3-510,solidaritaet_ueberleben__mit_pc,control,1,1,0,9,2,14,9,33,3,9,5,11,0,0
pc-128799e6-511,forschung_muskelkraft__mit_pc,control,0,0,1,14,-1,23,15,59,37,13,15,4,0,0
pc-128799e6-511,solidaritaet_ueberleben__mit_pc,control,1,1,0,14,6,19,18,58,37,17,9,11,0,0
pc-993a2928-512,forschung_muskelkraft__mit_pc,control,0,1,1,8,4,17,10,33,2,8,7,11,0,0
pc-993a2928-512,solidaritaet_ueberleben__mit_pc,control,1,0,0,8,-1,13,8,30,4,8,4,6,0,0
pc-1fecd86b-513,forschung_muskelkraft__mit_pc,control,0,0,1,15,0,23,17,65,40,15,15,6,0,0
pc-1fecd86b-513,solidaritaet_ueberleben__mit_pc,control,1,1,0,15,3,19,17,55,50,17,11,9,0,0
pc-a69f67ad-514,forschung_muskelkraft__mit_pc,control,0,1,1,10,10,20,11,41,8,9,13,11,0,0
pc-a69f67ad-514,solidaritaet_ueberleben__mit_pc,control,1,0,0,10,-1,14,13,41,9,13,4,0,0,0
pc-2d5216f0-515,forschung_muskelkraft__mit_pc,control,0,0,1,13,0,23,14,55,27,12,11,4,0,0
pc-2d5216f0-515,solidaritaet_ueberleben__mit_pc,control,1,1,0,13,6,19,16,57,23,15,7,10,1,0
pc-b404a632-516,forschung_muskelkraft__mit_pc,control,0,0,1,9,-3,13,11,38,4,9,4,3,0,0
pc-b404a632-516,solidaritaet_ueberleben__mit_pc,control,1,1,0,9,7,14,9,31,5,8,4,13,0,0
pc-3ab75575-517,forschung_muskelkraft__mit_pc,control,0,0,1,8,0,15,8,31,3,6,7,2,0,0
pc-3ab75575-517,solidaritaet_ueberleben__mit_pc,control,1,1,0,8,8,12,10,33,3,9,1,10,0,0
pc-c169e4b7-518,forschung_muskelkraft__mit_pc,control,0,1,1,16,5,21,18,71,53,16,16,9,0,0
pc-c169e4b7-518,solidaritaet_ueberleben__mit_pc,control,1,0,0,16,0,21,20,68,58,19,12,4,0,0
pc-481c93fa-519,forschung_muskelkraft__mit_pc,control,0,1,1,12,2,23,12,42,24,10,13,13,0,0
pc-481c93fa-519,solidaritaet_ueberleben__mit_pc,control,1,0,0,12,-3,17,16,52,19,16,5,8,0,0
pc-cecf233c-520,forschung_muskelkraft__mit_pc,control,0,1,1,16,1,22,16,63,61,14,18,8,0,0
pc-cecf233c-520,solidaritaet_ueberleben__mit_pc,control,1,0,0,16,-1,20,19,65,57,18,10,6,0,0
pc-5581d27f-521,forschung_muskelkraft__mit_pc,control,0,,1,15,0,22,10,40,71,8,15,9,0,0
pc-5581d27f-521,solidaritaet_ueberleben__mit_pc,control,1,,0,15,0,22,19,65,46,18,5,9,0,0
pc-dc3461c1-522,forschung_muskelkraft__mit_pc,control,0,1,1,12,1,23,11,50,22,10,13,10,0,0
pc-dc3461c1-522,solidaritaet_ueberleben__mit_pc,control,1,0,0,12,0,16,15,52,20,15,5,9,1,0
pc-62e71104-523,forschung_muskelkraft__mit_pc,control,0,1,1,8,6,15,8,32,2,7,6,10,0,0
pc-62e71104-523,solidaritaet_ueberleben__mit_pc,control,1,0,0,8,0,13,9,34,2,8,2,4,0,0
pc-e999a046-524,forschung_muskelkraft__mit_pc,control,0,0,1,8,0,19,7,24,5,5,6,1,0,0
pc-e999a046-524,solidaritaet_ueberleben__mit_pc,control,1,1,0,8,9,13,9,33,3,9,1,10,0,0
pc-704c4f89-525,forschung_muskelkraft__mit_pc,control,0,1,1,15,8,23,12,48,62,10,17,13,0,0
pc-704c4f89-525,solidaritaet_ueberleben__mit_pc,control,1,0,0,15,-3,20,19,63,45,18,6,2,0,0
pc-f6fefecb-526,forschung_muskelkraft__mit_pc,control,0,0,1,12,-2,24,14,57,20,12,9,6,0,0
pc-f6fefecb-526,solidaritaet_ueberleben__mit_pc,control,1,1,0,12,4,18,12,42,24,11,7,12,0,0
pc-7db18e0e-527,forschung_muskelkraft__mit_pc,control,0,1,1,16,2,22,16,65,55,14,13,8,0,0
pc-7db18e0e-527,solidaritaet_ueberleben__mit_pc,control,1,0,0,16,-1,21,16,59,65,15,10,5,0,0
pc-04643d51-528,forschung_muskelkraft__mit_pc,control,0,1,1,9,5,20,10,33,3,9,6,12,0,0
pc-04643d51-528,solidaritaet_ueberleben__mit_pc,control,1,0,0,9,-2,14,11,42,2,11,4,5,0,0
pc-8b16cc93-529,forschung_muskelkraft__mit_pc,control,0,0,1,10,-2,19,9,35,15,7,11,6,0,0
pc-8b16cc93-529,solidaritaet_ueberleben__mit_pc,control,1,1,0,10,4,15,14,46,7,14,2,12,0,0
pc-11c97bd6-530,forschung_muskelkraft__mit_pc,control,0,1,1,11,6,23,13,47,8,11,12,12,0,0
pc-11c97bd6-530,solidaritaet_ueberleben__mit_pc,control,1,0,0,11,-2,16,12,41,16,12,8,4,0,0
pc-987c0b18-531,forschung_muskelkraft__mit_pc,control,0,0,1,8,-1,15,9,32,4,7,5,6,0,0
pc-987c0b18-531,solidaritaet_ueberleben__mit_pc,control,1,1,0,8,4,12,9,29,5,8,6,11,2,0
pc-1f2eba5b-532,forschung_muskelkraft__mit_pc,control,0,0,1,5,-2,13,5,12,3,4,1,3,0,0
pc-1f2eba5b-532,solidaritaet_ueberleben__mit_pc,control,1,1,0,5,7,9,5,15,0,4,1,12,0,0
pc-a5e1499d-533,forschung_muskelkraft__mit_pc,control,0,0,1,11,0,22,12,46,16,10,10,2,0,0
pc-a5e1499d-533,solidaritaet_ueberleben__mit_pc,control,1,1,0,11,8,14,14,47,11,13,8,10,0,0
pc-2c93f8e0-534,forschung_muskelkraft__mit_pc,control,0,0,1,8,0,18,8,30,6,7,3,0,0,0
pc-2c93f8e0-534,solidaritaet_ueberleben__mit_pc,control,1,1,0,8,10,13,7,32,4,7,4,10,0,0
pc-b3468822-535,forschung_muskelkraft__mit_pc,control,0,1,1,10,3,17,11,39,6,9,10,13,0,0
pc-b3468822-535,solidaritaet_ueberleben__mit_pc,control,1,0,0,10,-3,15,13,38,13,13,4,7,0,0
pc-39f93765-536,forschung_muskelkraft__mit_pc,control,0,1,1,13,3,23,16,65,18,14,10,11,0,0
pc-39f93765-536,solidaritaet_ueberleben__mit_pc,control,1,0,0,13,-1,18,15,51,27,14,10,7,0,0
pc-c0abc6a7-537,forschung_muskelkraft__mit_pc,control,0,0,1,8,-1,19,9,31,5,7,4,4,0,0
pc-c0abc6a7-537,solidaritaet_ueberleben__mit_pc,control,1,1,0,8,6,13,9,30,5,8,2,11,0,0
pc-475e75ea-538,forschung_muskelkraft__mit_pc,control,0,1,1,12,4,22,13,49,17,11,14,13,0,0
pc-475e75ea-538,solidaritaet_ueberleben__mit_pc,control,1,0,0,12,-3,17,15,49,23,14,6,6,0,0
pc-ce11052c-539,forschung_muskelkraft__mit_pc,control,0,1,1,13,6,22,13,50,28,11,13,10,0,0
pc-ce11052c-539,solidaritaet_ueberleben__mit_pc,control,1,0,0,13,0,20,16,50,34,15,7,4,6,0
pc-54c3b46f-540,forschung_muskelkraft__mit_pc,control,0,1,1,14,1,23,14,55,36,12,17,12,0,0
pc-54c3b46f-540,solidaritaet_ueberleben__mit_pc,control,1,0,0,14,-2,20,18,62,31,17,8,9,0,0
pc-db7643b1-541,forschung_muskelkraft__mit_pc,control,0,1,1,8,6,17,9,32,1,7,7,13,0,0
pc-db7643b1-541,solidaritaet_ueberleben__mit_pc,control,1,0,0,8,-3,13,8,33,3,7,2,4,0,0
pc-6228f2f4-542,forschung_muskelkraft__mit_pc,control,0,0,1,11,-4,19,10,39,22,9,12,6,0,0
pc-6228f2f4-542,solidaritaet_ueberleben__mit_pc,control,1,1,0,11,4,16,15,49,12,14,9,14,0,0
pc-e8db8236-543,forschung_muskelkraft__mit_pc,control,0,1,1,10,3,18,10,38,7,9,7,12,0,0
pc-e8db8236-543,solidaritaet_ueberleben__mit_pc,control,1,0,0,10,-2,14,11,40,12,11,4,7,0,0
pc-6f8e3179-544,forschung_muskelkraft__mit_pc,control,0,1,1,6,6,12,6,20,1,5,5,12,0,0
pc-6f8e3179-544,solidaritaet_ueberleben__mit_pc,control,1,0,0,6,-2,11,7,21,0,7,0,4,0,0
pc-f640c0bb-545,forschung_muskelkraft__mit_pc,control,0,0,1,16,0,22,20,75,47,18,14,3,0,0
pc-f640c0bb-545,solidaritaet_ueberleben__mit_pc,control,1,1,0,16,4,22,18,59,67,17,16,7,3,0
pc-7cf36ffe-546,forschung_muskelkraft__mit_pc,control,0,1,1,11,4,21,13,53,13,11,12,17,0,0
pc-7cf36ffe-546,solidaritaet_ueberleben__mit_pc,control,1,0,0,11,-7,16,14,45,13,13,6,6,2,0
pc-03a61f41-547,forschung_muskelkraft__mit_pc,control,0,1,1,12,4,23,12,45,27,10,15,10,0,0
pc-03a61f41-547,solidaritaet_ueberleben__mit_pc,control,1,0,0,12,0,17,16,57,12,15,6,6,0,0
pc-8a58ae83-548,forschung_muskelkraft__mit_pc,control,0,1,1,12,9,22,13,52,19,11,16,16,0,0
pc-8a58ae83-548,solidaritaet_ueberleben__mit_pc,control,1,0,0,12,-6,16,16,48,19,15,6,1,0,0
pc-110b5dc6-549,forschung_muskelkraft__mit_pc,control,0,0,1,10,0,21,9,38,17,9,5,5,0,0
pc-110b5dc6-549,solidaritaet_ueberleben__mit_pc,control,1,1,0,10,5,13,11,34,11,10,5,10,0,0
pc-90fa81a4-550,forschung_muskelkraft__mit_pc,control,0,0,0,10,-1,18,10,35,10,8,9,6,0,0
pc-90fa81a4-550,solidaritaet_ueberleben__mit_pc,control,1,1,1,10,4,15,10,38,7,9,4,11,0,0
pc-0a47f262-551,forschung_muskelkraft__mit_pc,control,0,1,0,9,1,18,12,41,1,10,9,11,0,0
pc-0a47f262-551,solidaritaet_ueberleben__mit_pc,control,1,0,1,9,-1,13,11,37,1,10,6,9,0,0
pc-8395431f-552,forschung_muskelkraft__mit_pc,control,0,1,0,12,6,23,13,50,16,11,13,13,0,0
pc-8395431f-552,solidaritaet_ueberleben__mit_pc,control,1,0,1,12,-3,17,15,51,21,14,6,4,0,0
pc-fce2b3dc-553,forschung_muskelkraft__mit_pc,control,0,1,0,9,3,16,7,23,13,6,13,12,0,0
pc-fce2b3dc-553,solidaritaet_ueberleben__mit_pc,control,1,0,1,9,-2,13,12,36,3,12,1,7,0,0
pc-abc51eae-554,forschung_muskelkraft__mit_pc,control,0,0,0,8,0,18,8,29,4,6,8,2,0,0
pc-abc51eae-554,solidaritaet_ueberleben__mit_pc,control,1,1,1,8,8,15,10,33,0,10,1,10,0,0
pc-25126f6c-555,forschung_muskelkraft__mit_pc,control,0,1,0,6,2,14,6,19,2,5,6,11,0,0
pc-25126f6c-555,solidaritaet_ueberleben__mit_pc,control,1,0,1,6,-1,12,8,20,0,7,1,8,0,0
pc-9e5fc029-556,forschung_muskelkraft__mit_pc,control,0,,0,16,0,23,19,73,51,17,16,8,0,0
pc-9e5fc029-556,solidaritaet_ueberleben__mit_pc,control,1,,1,16,-1,22,18,63,62,17,15,7,1,0
pc-17ad30e7-557,forschung_muskelkraft__mit_pc,control,0,1,0,13,7,21,15,58,20,13,15,14,0,0
pc-17ad30e7-557,solidaritaet_ueberleben__mit_pc,control,1,0,1,13,-4,19,17,54,25,16,8,3,0,0
pc-c68f9bb8-558,forschung_muskelkraft__mit_pc,control,0,0,0,10,0,21,8,30,15,6,10,7,0,0
pc-c68f9bb8-558,solidaritaet_ueberleben__mit_pc,control,1,1,1,10,3,14,13,46,9,13,1,10,0,0
pc-3fdcec76-559,forschung_muskelkraft__mit_pc,control,0,1,0,15,1,23,16,63,46,14,15,12,0,0
pc-3fdcec76-559,solidaritaet_ueberleben__mit_pc,control,1,0,1,15,-2,21,19,66,42,18,10,9,1,0
pc-b92a5d33-560,forschung_muskelkraft__mit_pc,control,0,,0,16,-1,22,20,75,45,18,15,8,0,0
pc-b92a5d33-560,solidaritaet_ueberleben__mit_pc,control,1,,1,16,-1,21,20,68,58,19,17,8,0,0
pc-3277adf1-561,forschung_muskelkraft__mit_pc,control,0,1,0,9,6,19,9,26,10,7,8,13,0,0
pc-3277adf1-561,solidaritaet_ueberleben__mit_pc,control,1,0,1,9,-3,15,12,39,3,11,2,4,0,0
pc-e15a18c2-562,forschung_muskelkraft__mit_pc,control,0,1,0,14,8,20,15,59,36,13,19,12,0,0
pc-e15a18c2-562,solidaritaet_ueberleben__mit_pc,control,1,0,1,14,-2,19,18,60,36,18,8,2,0,0
pc-5aa76980-563,forschung_muskelkraft__mit_pc,control,0,1,0,11,5,22,13,48,7,11,12,11,0,0
pc-5aa76980-563,solidaritaet_ueberleben__mit_pc,control,1,0,1,11,-1,18,15,51,7,15,6,5,1,0
pc-d3f4da3d-564,forschung_muskelkraft__mit_pc,control,0,1,0,12,6,23,15,56,15,13,12,11,0,0
pc-d3f4da3d-564,solidaritaet_ueberleben__mit_pc,control,1,0,1,12,-1,19,16,55,17,15,9,4,0,0
pc-4d422afb-565,forschung_muskelkraft__mit_pc,control,0,1,0,12,7,21,14,52,14,12,13,10,0,0
pc-4d422afb-565,solidaritaet_ueberleben__mit_pc,control,1,0,1,12,0,19,16,55,15,15,7,3,1,0
pc-fc2495cc-566,forschung_muskelkraft__mit_pc,control,0,1,0,7,4,14,7,25,2,6,5,10,0,0
pc-fc2495cc-566,solidaritaet_ueberleben__mit_pc,control,1,0,1,7,0,11,6,23,4,6,1,6,0,0
pc-7571e68a-567,forschung_muskelkraft__mit_pc,control,0,0,0,11,0,21,15,59,7,13,11,7,0,0
pc-7571e68a-567,solidaritaet_ueberleben__mit_pc,control,1,1,1,11,3,14,13,47,14,13,9,10,2,0
pc-eebf5747-568,forschung_muskelkraft__mit_pc,control,0,0,0,13,-1,23,14,59,27,12,14,6,0,0
pc-eebf5747-568,solidaritaet_ueberleben__mit_pc,control,1,1,1,13,4,17,17,61,22,17,8,11,1,0
pc-680ca805-569,forschung_muskelkraft__mit_pc,control,0,1,0,9,6,19,7,28,8,6,10,11,0,0
pc-680ca805-569,solidaritaet_ueberleben__mit_pc,control,1,0,1,9,-1,15,12,35,5,11,1,4,0,0
pc-16ef12d7-570,forschung_muskelkraft__mit_pc,control,0,1,0,14,1,23,16,67,33,14,12,12,0,0
pc-16ef12d7-570,solidaritaet_ueberleben__mit_pc,control,1,0,1,14,-2,20,15,50,41,15,11,9,0,0
pc-903c6394-571,forschung_muskelkraft__mit_pc,control,0,1,0,16,4,23,16,61,59,14,18,7,0,0
pc-903c6394-571,solidaritaet_ueberleben__mit_pc,control,1,0,1,16,0,20,19,64,59,18,10,3,0,0
pc-0989d452-572,forschung_muskelkraft__mit_pc,control,0,1,0,13,2,22,14,57,27,12,14,13,0,0
pc-0989d452-572,solidaritaet_ueberleben__mit_pc,control,1,0,1,13,-3,19,17,55,25,16,8,8,0,0
pc-82d7250f-573,forschung_muskelkraft__mit_pc,control,0,0,0,9,-1,18,11,36,9,10,6,1,0,0
pc-82d7250f-573,solidaritaet_ueberleben__mit_pc,control,1,1,1,9,9,14,12,41,2,11,5,11,1,0
pc-31b98fe1-574,forschung_muskelkraft__mit_pc,control,0,1,0,10,6,19,10,32,13,8,12,13,0,0
pc-31b98fe1-574,solidaritaet_ueberleben__mit_pc,control,1,0,1,10,-3,14,13,40,7,12,4,4,0,0
pc-ab06e09e-575,forschung_muskelkraft__mit_pc,control,0,1,0,10,6,18,7,27,18,6,13,13,0,0
pc-ab06e09e-575,solidaritaet_ueberleben__mit_pc,control,1,0,1,10,-3,15,14,43,9,14,1,4,0,0
pc-2454515c-576,forschung_muskelkraft__mit_pc,control,0,0,0,7,-1,17,8,26,1,6,4,7,0,0
pc-2454515c-576,solidaritaet_ueberleben__mit_pc,control,1,1,1,7,3,13,7,26,1,7,1,11,0,0
pc-9da1a219-577,forschung_muskelkraft__mit_pc,control,0,1,0,16,3,22,17,65,59,15,15,7,0,0
pc-9da1a219-577,solidaritaet_ueberleben__mit_pc,control,1,0,1,16,0,21,19,65,58,18,13,4,0,0
pc-4c840ceb-578,forschung_muskelkraft__mit_pc,control,0,0,0,15,-2,23,14,57,52,12,10,7,0,0
pc-4c840ceb-578,solidaritaet_ueberleben__mit_pc,control,1,1,1,15,3,21,15,56,53,14,7,12,0,0
pc-c5d17da8-579,forschung_muskelkraft__mit_pc,control,0,1,0,13,3,22,11,41,37,9,14,11,0,0
pc-c5d17da8-579,solidaritaet_ueberleben__mit_pc,control,1,0,1,13,-1,18,17,53,28,16,4,7,0,0
pc-3f1ece66-580,forschung_muskelkraft__mit_pc,control,0,0,0,10,0,20,11,39,6,9,8,3,0,0
pc-3f1ece66-580,solidaritaet_ueberleben__mit_pc,control,1,1,1,10,7,16,11,33,12,10,4,10,1,0
pc-b86c3f23-581,forschung_muskelkraft__mit_pc,control,0,0,0,9,-1,21,10,30,12,8,7,3,0,0
pc-b86c3f23-581,solidaritaet_ueberleben__mit_pc,control,1,1,1,9,7,14,11,40,4,10,3,11,0,0
pc-674e89f5-582,forschung_muskelkraft__mit_pc,control,0,0,0,11,-4,22,12,47,15,10,11,4,0,0
pc-674e89f5-582,solidaritaet_ueberleben__mit_pc,control,1,1,1,11,6,16,14,50,11,14,5,14,0,0
pc-e09bfab2-583,forschung_muskelkraft__mit_pc,control,0,1,0,13,6,22,11,41,37,9,13,11,0,0
pc-e09bfab2-583,solidaritaet_ueberleben__mit_pc,control,1,0,1,13,-1,17,16,55,25,15,4,4,0,0
pc-59e94b70-584,forschung_muskelkraft__mit_pc,control,0,1,0,13,1,22,16,61,22,14,15,15,0,0
pc-59e94b70-584,solidaritaet_ueberleben__mit_pc,control,1,0,1,13,-5,20,17,59,23,16,12,9,0,0
pc-d336bc2d-585,forschung_muskelkraft__mit_pc,control,0,0,0,8,0,15,9,31,2,7,5,9,0,0
pc-d336bc2d-585,solidaritaet_ueberleben__mit_pc,control,1,1,1,8,1,12,8,32,1,8,2,10,0,0
pc-821906ff-586,forschung_muskelkraft__mit_pc,control,0,1,0,11,4,22,11,43,18,9,12,15,0,0
pc-821906ff-586,solidaritaet_ueberleben__mit_pc,control,1,0,1,11,-5,17,14,44,13,13,4,6,0,0
pc-fb6677bc-587,forschung_muskelkraft__mit_pc,control,0,1,0,9,5,20,8,30,11,7,12,11,0,0
pc-fb6677bc-587,solidaritaet_ueberleben__mit_pc,control,1,0,1,9,-1,14,13,36,2,13,4,5,0,0
pc-74b3c87a-588,forschung_muskelkraft__mit_pc,control,0,1,0,9,6,16,12,41,2,10,8,10,0,0
pc-74b3c87a-588,solidaritaet_ueberleben__mit_pc,control,1,0,1,9,0,13,9,28,8,8,6,4,0,0
pc-ee013937-589,forschung_muskelkraft__mit_pc,control,0,0,0,10,0,18,14,49,4,12,9,3,0,0
pc-ee013937-589,solidaritaet_ueberleben__mit_pc,control,1,1,1,10,7,15,12,46,3,12,7,10,0,0
pc-9ce38409-590,forschung_muskelkraft__mit_pc,control,0,1,0,12,5,23,12,40,26,10,14,10,0,0
pc-9ce38409-590,solidaritaet_ueberleben__mit_pc,control,1,0,1,12,0,17,16,54,14,15,6,5,0,0
pc-1630f4c7-591,forschung_muskelkraft__mit_pc,control,0,1,0,8,1,13,9,33,3,8,8,13,0,0
pc-1630f4c7-591,solidaritaet_ueberleben__mit_pc,control,1,0,1,8,-3,11,11,31,2,10,3,9,0,0
pc-8f7e4584-592,forschung_muskelkraft__mit_pc,control,0,0,0,11,-2,21,10,44,16,8,11,7,0,0
pc-8f7e4584-592,solidaritaet_ueberleben__mit_pc,control,1,1,1,11,3,15,14,46,12,13,3,12,1,0
pc-08cbb642-593,forschung_muskelkraft__mit_pc,control,0,1,0,12,6,22,12,44,28,10,15,10,0,0
pc-08cbb642-593,solidaritaet_ueberleben__mit_pc,control,1,0,1,12,0,17,16,51,21,15,6,4,0,0
pc-b7ae0113-594,forschung_muskelkraft__mit_pc,control,0,0,0,11,-1,22,12,52,14,11,7,4,0,0
pc-b7ae0113-594,solidaritaet_ueberleben__mit_pc,control,1,1,1,11,6,17,13,48,13,12,6,11,0,0
pc-30fb71d1-595,forschung_muskelkraft__mit_pc,control,0,0,0,9,-4,18,10,34,2,8,8,6,0,0
pc-30fb71d1-595,solidaritaet_ueberleben__mit_pc,control,1,1,1,9,4,14,12,39,5,11,3,14,1,0
pc-aa48c28e-596,forschung_muskelkraft__mit_pc,control,0,1,0,12,1,22,16,60,7,14,15,11,0,0
pc-aa48c28e-596,solidaritaet_ueberleben__mit_pc,control,1,0,1,12,-1,18,15,49,21,15,9,9,0,0
pc-2396334c-597,forschung_muskelkraft__mit_pc,control,0,0,0,8,0,18,9,32,2,7,5,2,0,0
pc-2396334c-597,solidaritaet_ueberleben__mit_pc,control,1,1,1,8,8,12,9,28,6,9,2,10,0,0
pc-d2789e1d-598,forschung_muskelkraft__mit_pc,control,0,1,0,16,1,23,17,69,59,15,15,7,0,0
pc-d2789e1d-598,solidaritaet_ueberleben__mit_pc,control,1,0,1,16,0,21,19,67,59,18,11,6,3,0
pc-4bc5eedb-599,forschung_muskelkraft__mit_pc,control,0,1,0,15,6,23,18,69,40,16,19,14,0,0
pc-4bc5eedb-599,solidaritaet_ueberleben__mit_pc,control,1,0,1,15,-4,22,19,62,47,18,11,4,0,0
pc-6e796a51-600,forschung_muskelkraft__mit_pc,control,0,0,1,8,-3,17,10,33,3,8,4,6,0,0
pc-6e796a51-600,solidaritaet_ueberleben__ohne_pc,control,1,1,0,8,4,15,9,28,3,9,4,13,0,0
pc-f52c1993-601,forschung_muskelkraft__mit_pc,control,0,1,1,15,6,24,14,59,46,12,17,17,0,0
pc-f52c1993-601,solidaritaet_ueberleben__ohne_pc,control,1,0,0,15,-7,20,19,59,48,18,9,4,0,0
pc-61142bcc-602,forschung_muskelkraft__mit_pc,control,0,1,1,11,3,21,11,46,14,10,12,11,0,0
pc-61142bcc-602,solidaritaet_ueberleben__ohne_pc,control,1,0,0,11,-1,17,15,52,6,14,5,7,0,0
pc-e7c6db0e-603,forschung_muskelkraft__mit_pc,control,0,1,1,11,1,20,13,51,10,11,7,11,0,0
pc-e7c6db0e-603,solidaritaet_ueberleben__ohne_pc,control,1,0,0,11,-1,14,12,45,10,11,8,9,0,0
pc-53aeed47-604,forschung_muskelkraft__mit_pc,control,0,1,1,10,2,18,11,39,6,9,5,10,0,0
pc-53aeed47-604,solidaritaet_ueberleben__ohne_pc,control,1,0,0,10,0,15,11,41,6,10,4,8,0,0
pc-da619c89-605,forschung_muskelkraft__mit_pc,control,0,1,1,9,2,20,8,31,10,7,12,12,0,0
pc-da619c89-605,solidaritaet_ueberleben__ohne_pc,control,1,0,0,9,-2,13,12,36,2,11,2,8,0,0
pc-4649aec2-606,forschung_muskelkraft__mit_pc,control,0,0,1,12,-1,20,11,45,21,9,14,7,0,0
pc-4649aec2-606,solidaritaet_ueberleben__ohne_pc,control,1,1,0,12,3,18,16,49,25,16,4,11,0,0
pc-ccfc5e04-607,forschung_muskelkraft__mit_pc,control,0,1,1,10,2,18,9,33,17,7,13,10,0,0
pc-ccfc5e04-607,solidaritaet_ueberleben__ohne_pc,control,1,0,0,10,0,15,14,43,6,14,2,8,0,0
pc-38e4703d-608,forschung_muskelkraft__mit_pc,control,0,1,1,8,8,15,9,32,3,7,6,11,0,0
pc-38e4703d-608,solidaritaet_ueberleben__ohne_pc,control,1,0,0,8,-1,13,10,33,3,10,2,2,0,0
pc-bf971f7f-609,forschung_muskelkraft__mit_pc,control,0,1,1,7,3,13,6,22,5,5,6,10,0,0
pc-bf971f7f-609,solidaritaet_ueberleben__ohne_pc,control,1,0,0,7,0,11,10,26,1,9,0,7,0,0
pc-2b7f31b8-610,forschung_muskelkraft__mit_pc,control,0,1,1,13,3,22,12,51,32,10,14,13,0,0
pc-2b7f31b8-610,solidaritaet_ueberleben__ohne_pc,control,1,0,0,13,-3,18,17,53,27,16,5,7,0,0
pc-b231c0fa-611,forschung_muskelkraft__mit_pc,control,0,1,1,14,7,21,15,61,34,13,18,10,0,0
pc-b231c0fa-611,solidaritaet_ueberleben__ohne_pc,control,1,0,0,14,0,19,18,58,37,17,10,3,0,0
pc-1e19f333-612,forschung_muskelkraft__mit_pc,control,0,1,1,8,6,18,7,24,4,5,8,12,0,0
pc-1e19f333-612,solidaritaet_ueberleben__ohne_pc,control,1,0,0,8,-2,13,11,32,1,11,0,4,0,0
pc-a4cc8275-613,forschung_muskelkraft__mit_pc,control,0,1,1,9,4,16,8,26,10,6,10,10,0,0
pc-a4cc8275-613,solidaritaet_ueberleben__ohne_pc,control,1,0,0,9,0,12,12,36,3,12,1,6,0,0
pc-10b4b4ae-614,forschung_muskelkraft__mit_pc,control,0,1,1,15,5,22,15,61,48,13,17,13,0,0
pc-10b4b4ae-614,solidaritaet_ueberleben__ohne_pc,control,1,0,0,15,-3,20,19,59,50,18,9,5,2,0
pc-976743f0-615,forschung_muskelkraft__mit_pc,control,0,1,1,14,6,22,14,50,41,12,16,10,0,0
pc-976743f0-615,solidaritaet_ueberleben__ohne_pc,control,1,0,0,14,0,21,18,57,37,17,7,4,0,0
pc-034f7629-616,forschung_muskelkraft__mit_pc,control,0,1,1,7,9,15,7,24,3,5,6,10,0,0
pc-034f7629-616,solidaritaet_ueberleben__ohne_pc,control,1,0,0,7,0,11,7,26,1,7,0,1,0,0
pc-8a02056b-617,forschung_muskelkraft__mit_pc,control,0,1,1,16,5,23,15,58,62,13,18,10,0,0
pc-8a02056b-617,solidaritaet_ueberleben__ohne_pc,control,1,0,0,16,-1,20,20,64,59,19,8,4,0,0
pc-f5ea37a3-618,forschung_muskelkraft__mit_pc,control,0,1,1,14,3,22,16,65,30,14,15,13,0,0
pc-f5ea37a3-618,solidaritaet_ueberleben__ohne_pc,control,1,0,0,14,-3,21,18,57,38,17,9,7,0,0
pc-7c9cc6e6-619,forschung_muskelkraft__mit_pc,control,0,1,1,14,5,24,16,62,29,14,17,10,0,0
pc-7c9cc6e6-619,solidaritaet_ueberleben__ohne_pc,control,1,0,0,14,0,21,18,58,35,17,9,5,0,0
pc-e884f91e-620,forschung_muskelkraft__mit_pc,control,0,1,1,12,9,22,12,51,20,10,12,10,0,0
pc-e884f91e-620,solidaritaet_ueberleben__ohne_pc,control,1,0,0,12,0,17,16,49,20,15,5,1,0,0
pc-6f378861-621,forschung_muskelkraft__mit_pc,control,0,1,1,8,9,17,8,26,3,6,6,12,0,0
pc-6f378861-621,solidaritaet_ueberleben__ohne_pc,control,1,0,0,8,-2,13,10,35,1,9,1,1,0,0
pc-db1fba99-622,forschung_muskelkraft__mit_pc,control,0,0,1,15,0,23,12,48,62,10,15,6,0,0
pc-db1fba99-622,solidaritaet_ueberleben__ohne_pc,control,1,1,0,15,3,20,19,63,44,18,6,9,0,0
pc-61d249dc-623,forschung_muskelkraft__mit_pc,control,0,1,1,10,2,21,11,37,12,9,12,12,0,0
pc-61d249dc-623,solidaritaet_ueberleben__ohne_pc,control,1,0,0,10,-2,16,13,43,9,13,4,8,0,0
pc-cdba7c14-624,forschung_muskelkraft__mit_pc,control,0,1,1,11,5,21,14,53,12,12,11,11,0,0
pc-cdba7c14-624,solidaritaet_ueberleben__ohne_pc,control,1,0,0,11,-1,17,14,41,16,13,7,5,0,0
pc-546d0b57-625,forschung_muskelkraft__mit_pc,control,0,0,1,5,-1,14,4,10,5,3,1,0,0,0
pc-546d0b57-625,solidaritaet_ueberleben__ohne_pc,control,1,1,0,5,10,9,5,12,0,5,1,11,0,0
pc-c0553d8f-626,forschung_muskelkraft__mit_pc,control,0,1,1,13,4,23,16,61,21,14,10,11,0,0
pc-c0553d8f-626,solidaritaet_ueberleben__ohne_pc,control,1,0,0,13,-1,19,15,55,30,14,9,6,0,0
pc-4707ccd2-627,forschung_muskelkraft__mit_pc,control,0,1,1,8,8,17,8,25,3,6,10,11,0,0
pc-4707ccd2-627,solidaritaet_ueberleben__ohne_pc,control,1,0,0,8,-1,14,12,31,4,12,1,2,0,0
pc-b2efff0a-628,forschung_muskelkraft__mit_pc,control,0,1,1,16,5,23,15,59,61,13,18,9,0,0
pc-b2efff0a-628,solidaritaet_ueberleben__ohne_pc,control,1,0,0,16,0,22,20,64,57,19,8,4,0,0
pc-39a28e4d-629,forschung_muskelkraft__mit_pc,control,0,1,1,12,1,22,14,52,14,12,12,13,0,0
pc-39a28e4d-629,solidaritaet_ueberleben__ohne_pc,control,1,0,0,12,-3,18,15,47,31,14,7,9,0,0
pc-a58aa085-630,forschung_muskelkraft__mit_pc,control,0,0,1,7,0,16,6,22,4,5,5,9,0,0
pc-a58aa085-630,solidaritaet_ueberleben__ohne_pc,control,1,1,0,7,1,11,10,26,1,9,0,10,0,0
pc-2c3d4fc8-631,forschung_muskelkraft__mit_pc,control,0,1,1,12,7,24,15,56,15,13,13,11,0,0
pc-2c3d4fc8-631,solidaritaet_ueberleben__ohne_pc,control,1,0,0,12,-1,16,14,43,35,13,8,3,0,0
pc-44cd72a2-632,forschung_muskelkraft__mit_pc,control,0,,1,13,-3,22,12,48,35,10,12,13,0,0
pc-44cd72a2-632,solidaritaet_ueberleben__ohne_pc,control,1,,0,13,-3,19,17,57,27,16,5,13,0,0
pc-cb8001e4-633,forschung_muskelkraft__mit_pc,control,0,1,1,8,8,16,8,26,3,6,10,10,0,0
pc-cb8001e4-633,solidaritaet_ueberleben__ohne_pc,control,1,0,0,8,0,13,12,31,3,12,2,2,2,0
pc-3768341d-634,forschung_muskelkraft__mit_pc,control,0,1,1,12,4,22,12,41,25,10,15,14,0,0
pc-3768341d-634,solidaritaet_ueberleben__ohne_pc,control,1,0,0,12,-4,18,15,48,23,15,6,6,0,0
pc-be1ac35f-635,forschung_muskelkraft__mit_pc,control,0,1,1,9,2,19,10,37,6,8,10,14,0,0
pc-be1ac35f-635,solidaritaet_ueberleben__ohne_pc,control,1,0,0,9,-4,14,12,37,4,11,3,8,2,0
pc-2a02f598-636,forschung_muskelkraft__mit_pc,control,0,0,1,7,-2,18,8,25,2,6,5,6,0,0
pc-2a02f598-636,solidaritaet_ueberleben__ohne_pc,control,1,1,0,7,4,11,8,26,0,7,1,12,0,0
pc-b0b584da-637,forschung_muskelkraft__mit_pc,control,0,0,1,15,-1,22,13,55,54,11,15,9,0,0
pc-b0b584da-637,solidaritaet_ueberleben__ohne_pc,control,1,1,0,15,1,21,19,62,46,18,6,11,3,0
pc-1c9db713-638,forschung_muskelkraft__mit_pc,control,0,0,1,12,-1,23,14,57,21,12,12,5,0,0
pc-1c9db713-638,solidaritaet_ueberleben__ohne_pc,control,1,1,0,12,5,19,16,52,17,15,8,11,0,0
pc-a3504655-639,forschung_muskelkraft__mit_pc,control,0,1,1,14,4,22,14,55,36,12,14,17,0,0
pc-a3504655-639,solidaritaet_ueberleben__ohne_pc,control,1,0,0,14,-7,19,17,53,41,16,7,6,0,0
pc-0f38788e-640,forschung_muskelkraft__mit_pc,control,0,1,1,11,6,19,12,48,12,11,11,12,0,0
pc-0f38788e-640,solidaritaet_ueberleben__ohne_pc,control,1,0,0,11,-2,16,13,45,14,13,6,4,0,0
pc-95eb07d0-641,forschung_muskelkraft__mit_pc,control,0,1,1,13,2,21,11,43,35,9,17,13,0,0
pc-95eb07d0-641,solidaritaet_ueberleben__ohne_pc,control,1,0,0,13,-3,18,17,56,23,16,4,8,0,0
pc-01d33a09-642,forschung_muskelkraft__mit_pc,control,0,1,1,10,4,19,10,36,14,8,11,12,0,0
pc-01d33a09-642,solidaritaet_ueberleben__ohne_pc,control,1,0,0,10,-2,15,13,46,5,12,5,6,0,0
pc-8885c94b-643,forschung_muskelkraft__mit_pc,control,0,0,1,12,0,23,14,52,19,12,9,6,0,0
pc-8885c94b-643,solidaritaet_ueberleben__ohne_pc,control,1,1,0,12,4,18,14,48,25,13,7,10,0,0
pc-f46dfb83-644,forschung_muskelkraft__mit_pc,control,0,0,1,7,0,15,7,26,2,7,5,5,0,0
pc-f46dfb83-644,solidaritaet_ueberleben__ohne_pc,control,1,1,0,7,5,13,8,26,2,8,2,10,1,0
pc-7b208ac6-645,forschung_muskelkraft__mit_pc,control,0,1,1,9,7,18,8,26,10,6,9,10,0,0
pc-7b208ac6-645,solidaritaet_ueberleben__ohne_pc,control,1,0,0,9,0,14,12,34,4,11,1,3,0,0
pc-e708bcfe-646,forschung_muskelkraft__mit_pc,control,0,0,1,11,-6,16,10,42,17,9,12,4,0,0
pc-e708bcfe-646,solidaritaet_ueberleben__ohne_pc,control,1,1,0,11,6,15,15,49,11,14,4,16,0,0
pc-6dbb4c41-647,forschung_muskelkraft__mit_pc,control,0,1,1,11,4,21,14,56,5,12,11,13,0,0
pc-6dbb4c41-647,solidaritaet_ueberleben__ohne_pc,control,1,0,0,11,-3,15,14,46,13,13,8,6,0,0
pc-d9a37e79-648,forschung_muskelkraft__mit_pc,control,0,1,1,13,5,21,13,50,28,11,16,11,0,0
pc-d9a37e79-648,solidaritaet_ueberleben__ohne_pc,control,1,0,0,13,-1,18,17,51,30,16,8,5,2,0
pc-60560dbc-649,forschung_muskelkraft__mit_pc,control,0,1,1,15,4,22,13,55,50,11,15,9,0,0
pc-60560dbc-649,solidaritaet_ueberleben__ohne_pc,control,1,0,0,15,0,21,19,61,50,18,6,5,0,0
pc-83e6bb7f-650,forschung_muskelkraft__mit_pc,control,0,1,0,8,7,16,8,30,5,6,4,13,0,0
pc-83e6bb7f-650,solidaritaet_ueberleben__ohne_pc,control,1,0,1,8,-3,14,8,24,12,8,1,3,0,0
pc-0a994ac2-651,forschung_muskelkraft__mit_pc,control,0,1,0,13,4,23,15,59,24,13,14,11,0,0
pc-0a994ac2-651,solidaritaet_ueberleben__ohne_pc,control,1,0,1,13,-1,17,16,48,33,15,8,6,0,0
pc-914bfa04-652,forschung_muskelkraft__mit_pc,control,0,1,0,10,3,21,11,40,15,9,9,14,0,0
pc-914bfa04-652,solidaritaet_ueberleben__ohne_pc,control,1,0,1,10,-4,15,13,37,9,12,4,7,1,0
pc-17fe8947-653,forschung_muskelkraft__mit_pc,control,0,1,0,11,6,22,11,42,13,9,12,12,0,0
pc-17fe8947-653,solidaritaet_ueberleben__ohne_pc,control,1,0,1,11,-2,18,15,54,7,14,4,4,0,0
pc-9eb13889-654,forschung_muskelkraft__mit_pc,control,0,1,0,11,1,22,11,38,18,9,15,14,0,0
pc-9eb13889-654,solidaritaet_ueberleben__ohne_pc,control,1,0,1,11,-4,16,15,51,7,14,4,9,1,0
pc-2563c7cc-655,forschung_muskelkraft__mit_pc,control,0,1,0,15,1,23,14,59,46,12,18,9,0,0
pc-2563c7cc-655,solidaritaet_ueberleben__ohne_pc,control,1,0,1,15,0,20,19,60,51,19,9,8,1,0
pc-ac16770e-656,forschung_muskelkraft__mit_pc,control,0,1,0,7,5,16,7,24,3,5,6,12,0,0
pc-ac16770e-656,solidaritaet_ueberleben__ohne_pc,control,1,0,1,7,-2,13,8,25,2,8,0,5,0,0
pc-32c90651-657,forschung_muskelkraft__mit_pc,control,0,0,0,12,-5,23,13,52,20,11,13,6,0,0
pc-32c90651-657,solidaritaet_ueberleben__ohne_pc,control,1,1,1,12,4,18,15,51,20,14,6,15,0,0
pc-b97bb593-658,forschung_muskelkraft__mit_pc,control,0,0,0,12,-1,21,12,50,25,10,12,9,0,0
pc-b97bb593-658,solidaritaet_ueberleben__ohne_pc,control,1,1,1,12,1,18,16,53,16,15,5,11,1,0
pc-402e44d6-659,forschung_muskelkraft__mit_pc,control,0,1,0,7,6,17,7,25,2,6,7,12,0,0
pc-402e44d6-659,solidaritaet_ueberleben__ohne_pc,control,1,0,1,7,-2,11,8,26,1,8,1,4,0,0
pc-c6e0f418-660,forschung_muskelkraft__mit_pc,control,0,0,0,8,-1,16,10,32,2,8,7,3,0,0
pc-c6e0f418-660,solidaritaet_ueberleben__ohne_pc,control,1,1,1,8,7,12,9,32,0,9,4,11,0,0
pc-4d93835b-661,forschung_muskelkraft__mit_pc,control,0,1,0,11,6,20,13,53,13,12,13,10,0,0
pc-4d93835b-661,solidaritaet_ueberleben__ohne_pc,control,1,0,1,11,0,18,13,38,17,13,8,4,0,0
pc-d446329d-662,forschung_muskelkraft__mit_pc,control,0,0,0,15,-2,23,15,63,42,13,15,9,0,0
pc-d446329d-662,solidaritaet_ueberleben__ohne_pc,control,1,1,1,15,1,22,18,57,51,17,8,12,0,0
pc-5af8c1e0-663,forschung_muskelkraft__mit_pc,control,0,0,0,8,-4,14,6,23,5,5,9,8,0,0
pc-5af8c1e0-663,solidaritaet_ueberleben__ohne_pc,control,1,1,1,8,2,15,11,35,1,11,1,14,0,0
pc-e1ab7122-664,forschung_muskelkraft__mit_pc,control,0,1,0,15,2,23,13,50,60,11,17,13,0,0
pc-e1ab7122-664,solidaritaet_ueberleben__ohne_pc,control,1,0,1,15,-3,21,19,60,47,19,6,8,1,0
pc-685e0065-665,forschung_muskelkraft__mit_pc,control,0,0,0,11,0,20,8,30,25,6,15,9,0,0
pc-685e0065-665,solidaritaet_ueberleben__ohne_pc,control,1,1,1,11,1,16,15,43,13,15,1,10,0,0
pc-ef10afa7-666,forschung_muskelkraft__mit_pc,control,0,1,0,10,5,21,10,33,12,8,11,10,0,0
pc-ef10afa7-666,solidaritaet_ueberleben__ohne_pc,control,1,0,1,10,0,16,13,42,8,12,3,5,0,0
pc-75c35eea-667,forschung_muskelkraft__mit_pc,control,0,1,0,9,1,18,8,30,6,7,5,11,0,0
pc-75c35eea-667,solidaritaet_ueberleben__ohne_pc,control,1,0,1,9,-1,12,11,34,2,10,5,9,0,0
pc-fc75ee2c-668,forschung_muskelkraft__mit_pc,control,0,1,0,7,6,14,6,24,3,6,6,10,0,0
pc-fc75ee2c-668,solidaritaet_ueberleben__ohne_pc,control,1,0,1,7,0,11,8,21,0,8,2,4,0,0
pc-83289d6f-669,forschung_muskelkraft__mit_pc,control,0,1,0,14,7,22,16,61,35,14,18,14,0,0
pc-83289d6f-669,solidaritaet_ueberleben__ohne_pc,control,1,0,1,14,-4,20,17,55,37,17,9,3,0,0
pc-09db2cb2-670,forschung_muskelkraft__mit_pc,control,0,1,0,9,6,16,8,32,4,8,9,10,0,0
pc-09db2cb2-670,solidaritaet_ueberleben__ohne_pc,control,1,0,1,9,0,14,12,38,1,11,4,4,0,0
pc-908ddbf4-671,forschung_muskelkraft__mit_pc,control,0,0,0,7,0,14,7,25,2,6,5,3,0,0
pc-908ddbf4-671,solidaritaet_ueberleben__ohne_pc,control,1,1,1,7,7,12,8,27,0,8,1,10,0,0
pc-17406b37-672,forschung_muskelkraft__mit_pc,control,0,1,0,9,10,17,7,24,12,6,11,10,0,0
pc-17406b37-672,solidaritaet_ueberleben__ohne_pc,control,1,0,1,9,0,15,13,39,5,13,2,0,0,0
pc-9df31a79-673,forschung_muskelkraft__mit_pc,control,0,1,0,13,1,22,13,53,30,11,14,12,0,0
pc-9df31a79-673,solidaritaet_ueberleben__ohne_pc,control,1,0,1,13,-2,20,17,51,29,16,6,9,0,0
pc-24a5a9bc-674,forschung_muskelkraft__mit_pc,control,0,1,0,16,7,22,16,63,57,14,18,14,0,0
pc-24a5a9bc-674,solidaritaet_ueberleben__ohne_pc,control,1,0,1,16,-5,22,20,64,62,19,10,2,0,0
pc-ab5858fe-675,forschung_muskelkraft__mit_pc,control,0,1,0,13,8,22,15,61,21,13,13,13,0,0
pc-ab5858fe-675,solidaritaet_ueberleben__ohne_pc,control,1,0,1,13,-3,17,16,52,29,15,8,2,3,0
pc-320ae841-676,forschung_muskelkraft__mit_pc,control,0,1,0,8,7,17,8,30,4,7,7,10,0,0
pc-320ae841-676,solidaritaet_ueberleben__ohne_pc,control,1,0,1,8,0,14,10,32,3,10,2,3,0,0
pc-b8bd9783-677,forschung_muskelkraft__mit_pc,control,0,0,0,11,-2,17,11,42,18,9,13,9,0,0
pc-b8bd9783-677,solidaritaet_ueberleben__ohne_pc,control,1,1,1,11,1,14,14,48,13,13,8,12,1,0
pc-3f7026c6-678,forschung_muskelkraft__mit_pc,control,0,0,0,15,0,23,17,67,46,15,16,9,0,0
pc-3f7026c6-678,solidaritaet_ueberleben__ohne_pc,control,1,1,1,15,1,20,19,63,44,18,11,10,1,0
pc-c622d608-679,forschung_muskelkraft__mit_pc,control,0,1,0,6,3,13,6,19,2,4,4,11,0,0
pc-c622d608-679,solidaritaet_ueberleben__ohne_pc,control,1,0,1,6,-1,10,7,19,2,7,0,7,0,0
pc-4cd5654b-680,forschung_muskelkraft__mit_pc,control,0,0,0,10,-4,20,12,44,11,10,8,4,0,0
pc-4cd5654b-680,solidaritaet_ueberleben__ohne_pc,control,1,1,1,10,6,15,13,39,14,12,6,14,0,0
pc-d388148d-681,forschung_muskelkraft__mit_pc,control,0,1,0,11,5,21,10,36,25,8,12,11,0,0
pc-d388148d-681,solidaritaet_ueberleben__ohne_pc,control,1,0,1,11,-1,18,15,46,11,14,5,5,0,0
pc-ad92b32e-682,forschung_muskelkraft__mit_pc,control,0,1,0,9,4,16,9,32,4,7,10,10,0,0
pc-ad92b32e-682,solidaritaet_ueberleben__ohne_pc,control,1,0,1,9,0,14,12,33,5,11,2,6,0,0
pc-34454271-683,forschung_muskelkraft__mit_pc,control,0,0,0,5,0,10,6,13,2,4,1,0,0,0
pc-34454271-683,solidaritaet_ueberleben__ohne_pc,control,1,1,1,5,10,9,5,14,0,5,0,10,0,0
pc-baf7f1b3-684,forschung_muskelkraft__mit_pc,control,0,1,0,9,3,14,8,29,7,6,12,18,0,0
pc-baf7f1b3-684,solidaritaet_ueberleben__ohne_pc,control,1,0,1,9,-8,14,12,34,6,12,2,7,0,0
pc-41aa80f6-685,forschung_muskelkraft__mit_pc,control,0,0,0,12,0,22,13,53,19,11,15,8,0,0
pc-41aa80f6-685,solidaritaet_ueberleben__ohne_pc,control,1,1,1,12,2,16,16,45,23,16,6,10,0,0
pc-c85d3038-686,forschung_muskelkraft__mit_pc,control,0,1,0,14,4,23,15,58,33,13,16,13,0,0
pc-c85d3038-686,solidaritaet_ueberleben__ohne_pc,control,1,0,1,14,-3,20,18,54,39,17,8,6,0,0
pc-4f0fdf7b-687,forschung_muskelkraft__mit_pc,control,0,1,0,7,4,13,6,24,3,5,6,11,0,0
pc-4f0fdf7b-687,solidaritaet_ueberleben__ohne_pc,control,1,0,1,7,-1,12,9,27,0,9,0,6,0,0
pc-d5c26ebd-688,forschung_muskelkraft__mit_pc,control,0,0,0,11,-2,20,8,33,28,6,7,7,0,0
pc-d5c26ebd-688,solidaritaet_ueberleben__ohne_pc,control,1,1,1,11,3,17,13,46,11,12,1,12,0,0
pc-5c751e00-689,forschung_muskelkraft__mit_pc,control,0,0,0,15,0,23,18,69,40,16,16,7,0,0
pc-5c751e00-689,solidaritaet_ueberleben__ohne_pc,control,1,1,1,15,2,20,19,60,49,18,13,9,2,0
pc-e327ad42-690,forschung_muskelkraft__mit_pc,control,0,1,0,10,6,22,12,44,7,10,9,12,0,0
pc-e327ad42-690,solidaritaet_ueberleben__ohne_pc,control,1,0,1,10,-2,15,13,37,13,12,5,4,0,0
pc-69da5c85-691,forschung_muskelkraft__mit_pc,control,0,,0,16,0,21,13,45,75,11,17,8,0,0
pc-69da5c85-691,solidaritaet_ueberleben__ohne_pc,control,1,,1,16,-1,22,19,63,59,18,6,7,0,0
pc-f08cebc7-692,forschung_muskelkraft__mit_pc,control,0,1,0,12,2,22,12,46,20,10,17,15,0,0
pc-f08cebc7-692,solidaritaet_ueberleben__ohne_pc,control,1,0,1,12,-5,20,16,50,20,15,5,8,1,0
pc-773f9b0a-693,forschung_muskelkraft__mit_pc,control,0,0,0,8,0,20,9,32,4,8,4,0,0,0
pc-773f9b0a-693,solidaritaet_ueberleben__ohne_pc,control,1,1,1,8,10,13,7,26,8,7,3,10,0,0
pc-fdf22a4c-694,forschung_muskelkraft__mit_pc,control,0,0,0,10,0,18,12,43,6,10,10,2,0,0
pc-fdf22a4c-694,solidaritaet_ueberleben__ohne_pc,control,1,1,1,10,8,15,12,42,10,11,7,10,0,0
pc-84a4d98f-695,forschung_muskelkraft__mit_pc,control,0,1,0,15,4,22,15,61,44,13,15,14,0,0
pc-84a4d98f-695,solidaritaet_ueberleben__ohne_pc,control,1,0,1,15,-4,19,18,57,54,17,8,6,0,0
pc-0b5768d2-696,forschung_muskelkraft__mit_pc,control,0,0,0,8,-1,18,6,22,7,5,8,4,0,0
pc-0b5768d2-696,solidaritaet_ueberleben__ohne_pc,control,1,1,1,8,6,13,9,30,3,9,0,11,0,0
pc-920a1814-697,forschung_muskelkraft__mit_pc,control,0,0,0,11,-1,22,11,46,20,10,8,8,0,0
pc-920a1814-697,solidaritaet_ueberleben__ohne_pc,control,1,1,1,11,2,15,14,43,20,13,6,11,0,0
pc-18bca757-698,forschung_muskelkraft__mit_pc,control,0,1,0,14,4,23,12,51,45,10,15,11,0,0
pc-18bca757-698,solidaritaet_ueberleben__ohne_pc,control,1,0,1,14,-1,19,18,57,38,17,5,6,0,0
pc-9f6f5699-699,forschung_muskelkraft__mit_pc,control,0,1,0,13,7,23,12,49,29,10,13,10,0,0
pc-9f6f5699-699,solidaritaet_ueberleben__ohne_pc,control,1,0,1,13,0,18,17,51,36,16,5,3,0,0
pc-994da0b8-700,forschung_muskelkraft__ohne_pc,control,0,0,1,8,0,19,8,26,2,7,8,6,0,0
pc-994da0b8-700,solidaritaet_ueberleben__mit_pc,control,1,1,0,8,4,12,8,29,4,8,2,10,0,0
pc-20004ffb-701,forschung_muskelkraft__ohne_pc,control,0,0,1,17,0,23,20,71,65,18,15,6,0,0
pc-20004ffb-701,solidaritaet_ueberleben__mit_pc,control,1,1,0,17,1,22,19,67,69,18,17,7,0,0
pc-a6b2ff3d-702,forschung_muskelkraft__ohne_pc,control,0,0,1,11,-1,21,15,53,5,13,11,0,0,0
pc-a6b2ff3d-702,solidaritaet_ueberleben__mit_pc,control,1,1,0,11,10,17,14,46,15,13,8,11,1,0
pc-2d658e80-703,forschung_muskelkraft__ohne_pc,control,0,1,1,12,2,23,19,67,11,17,9,12,0,0
pc-2d658e80-703,solidaritaet_ueberleben__mit_pc,control,1,0,0,12,-2,17,13,50,19,12,13,8,0,0
pc-b4183dc2-704,forschung_muskelkraft__ohne_pc,control,0,1,1,9,7,19,11,38,5,9,7,11,0,0
pc-b4183dc2-704,solidaritaet_ueberleben__mit_pc,control,1,0,0,9,-1,15,11,35,8,10,4,3,0,0
pc-3acacd05-705,forschung_muskelkraft__ohne_pc,control,0,0,1,11,-2,23,15,55,11,13,8,6,0,0
pc-3acacd05-705,solidaritaet_ueberleben__mit_pc,control,1,1,0,11,4,17,13,46,15,12,8,12,0,0
pc-c17d7c47-706,forschung_muskelkraft__ohne_pc,control,0,0,1,11,0,23,14,53,12,12,8,2,0,0
pc-c17d7c47-706,solidaritaet_ueberleben__mit_pc,control,1,1,0,11,8,16,13,46,17,12,7,10,0,0
pc-48300b8a-707,forschung_muskelkraft__ohne_pc,control,0,1,1,9,1,19,10,34,8,8,8,13,0,0
pc-48300b8a-707,solidaritaet_ueberleben__mit_pc,control,1,0,0,9,-3,14,10,40,3,9,3,9,0,0
pc-63b8a6a4-708,forschung_muskelkraft__ohne_pc,control,0,1,1,10,5,20,11,40,5,9,6,11,0,0
pc-63b8a6a4-708,solidaritaet_ueberleben__mit_pc,control,1,0,0,10,-1,15,9,32,13,9,6,5,0,0
pc-ea6b55e6-709,forschung_muskelkraft__ohne_pc,control,0,0,1,11,-1,23,14,53,12,12,10,5,0,0
pc-ea6b55e6-709,solidaritaet_ueberleben__mit_pc,control,1,1,0,11,5,18,15,56,9,14,7,11,0,0
pc-711de529-710,forschung_muskelkraft__ohne_pc,control,0,0,1,8,0,15,9,31,4,7,6,0,0,0
pc-711de529-710,solidaritaet_ueberleben__mit_pc,control,1,1,0,8,10,14,9,31,3,9,2,10,0,0
pc-f7d0946b-711,forschung_muskelkraft__ohne_pc,control,0,0,1,11,-1,20,12,42,24,10,12,8,0,0
pc-f7d0946b-711,solidaritaet_ueberleben__mit_pc,control,1,1,0,11,2,17,15,49,12,14,5,11,1,0
pc-7e8323ae-712,forschung_muskelkraft__ohne_pc,control,0,1,1,11,6,21,12,50,14,11,11,10,0,0
pc-7e8323ae-712,solidaritaet_ueberleben__mit_pc,control,1,0,0,11,0,16,14,48,9,13,6,4,0,0
pc-0535d2f1-713,forschung_muskelkraft__ohne_pc,control,0,1,1,16,5,22,14,53,67,12,17,7,0,0
pc-0535d2f1-713,solidaritaet_ueberleben__mit_pc,control,1,0,0,16,0,22,19,65,57,18,8,2,0,0
pc-8be86233-714,forschung_muskelkraft__ohne_pc,control,0,1,1,8,6,15,9,28,1,7,10,11,0,0
pc-8be86233-714,solidaritaet_ueberleben__mit_pc,control,1,0,0,8,-1,13,11,30,2,11,2,4,0,0
pc-129b1176-715,forschung_muskelkraft__ohne_pc,control,0,1,1,11,6,21,12,45,15,10,12,18,0,0
pc-129b1176-715,solidaritaet_ueberleben__mit_pc,control,1,0,0,11,-8,16,15,46,11,14,5,4,0,0
pc-2e23ac90-716,forschung_muskelkraft__ohne_pc,control,0,0,1,9,-3,15,10,35,5,8,5,1,0,0
pc-2e23ac90-716,solidaritaet_ueberleben__mit_pc,control,1,1,0,9,9,12,11,35,4,10,3,13,1,0
pc-b4d65bd2-717,forschung_muskelkraft__ohne_pc,control,0,1,1,16,1,23,20,71,51,18,18,10,0,0
pc-b4d65bd2-717,solidaritaet_ueberleben__mit_pc,control,1,0,0,16,-1,20,20,68,57,19,14,8,1,0
pc-3b88eb15-718,forschung_muskelkraft__ohne_pc,control,0,0,1,9,-1,22,10,39,6,9,8,5,0,0
pc-3b88eb15-718,solidaritaet_ueberleben__mit_pc,control,1,1,0,9,5,13,12,36,4,11,6,11,1,0
pc-c23b9a57-719,forschung_muskelkraft__ohne_pc,control,0,0,1,9,-4,17,8,25,17,7,4,9,0,0
pc-c23b9a57-719,solidaritaet_ueberleben__mit_pc,control,1,1,0,9,1,12,10,36,6,9,3,14,1,0
pc-48ee299a-720,forschung_muskelkraft__ohne_pc,control,0,0,1,14,-4,22,20,71,20,18,15,1,0,0
pc-48ee299a-720,solidaritaet_ueberleben__mit_pc,control,1,1,0,14,9,19,16,58,35,16,17,14,0,0
pc-cfa0d8dc-721,forschung_muskelkraft__ohne_pc,control,0,0,1,11,0,21,13,45,15,11,12,9,0,0
pc-cfa0d8dc-721,solidaritaet_ueberleben__mit_pc,control,1,1,0,11,1,17,14,43,15,14,7,10,1,0
pc-5653681f-722,forschung_muskelkraft__ohne_pc,control,0,0,1,10,-3,21,12,43,8,10,7,3,0,0
pc-5653681f-722,solidaritaet_ueberleben__mit_pc,control,1,1,0,10,7,16,12,47,5,12,5,13,0,0
pc-dd061761-723,forschung_muskelkraft__ohne_pc,control,0,0,1,16,0,22,18,67,55,16,18,6,0,0
pc-dd061761-723,solidaritaet_ueberleben__mit_pc,control,1,1,0,16,1,23,20,68,58,19,13,7,1,0
pc-f88eb27b-724,forschung_muskelkraft__ohne_pc,control,0,1,1,9,5,21,9,31,5,8,7,11,0,0
pc-f88eb27b-724,solidaritaet_ueberleben__mit_pc,control,1,0,0,9,-1,15,11,33,9,11,3,5,0,0
pc-7f4141be-725,forschung_muskelkraft__ohne_pc,control,0,0,1,7,-4,17,7,21,6,5,4,6,0,0
pc-7f4141be-725,solidaritaet_ueberleben__mit_pc,control,1,1,0,7,4,13,8,26,1,7,0,14,0,0
pc-05f3f101-726,forschung_muskelkraft__ohne_pc,control,0,1,1,12,6,20,13,49,17,11,13,17,0,0
pc-05f3f101-726,solidaritaet_ueberleben__mit_pc,control,1,0,0,12,-7,17,15,53,16,14,6,4,0,0
pc-8ca68043-727,forschung_muskelkraft__ohne_pc,control,0,1,1,6,5,17,6,19,1,5,3,10,0,0
pc-8ca68043-727,solidaritaet_ueberleben__mit_pc,control,1,0,0,6,0,11,7,21,0,7,0,5,0,0
pc-13592f86-728,forschung_muskelkraft__ohne_pc,control,0,1,1,14,1,22,16,59,43,14,16,11,0,0
pc-13592f86-728,solidaritaet_ueberleben__mit_pc,control,1,0,0,14,-1,18,18,59,35,17,10,9,1,0
pc-9a0bdec8-729,forschung_muskelkraft__ohne_pc,control,0,1,1,8,6,15,7,22,6,5,7,10,0,0
pc-9a0bdec8-729,solidaritaet_ueberleben__mit_pc,control,1,0,0,8,0,12,9,29,5,9,0,4,0,0
pc-20be6e0b-730,forschung_muskelkraft__ohne_pc,control,0,0,1,7,0,16,5,18,3,5,5,6,0,0
pc-20be6e0b-730,solidaritaet_ueberleben__mit_pc,control,1,1,0,7,4,10,6,19,2,6,0,10,0,0
pc-a7711d4d-731,forschung_muskelkraft__ohne_pc,control,0,1,1,9,5,16,11,40,1,10,7,10,0,0
pc-a7711d4d-731,solidaritaet_ueberleben__mit_pc,control,1,0,0,9,0,15,9,34,4,9,6,5,0,0
pc-c2f9b867-732,forschung_muskelkraft__ohne_pc,control,0,0,1,8,-1,14,9,30,2,7,6,3,0,0
pc-c2f9b867-732,solidaritaet_ueberleben__mit_pc,control,1,1,0,8,7,12,8,28,0,8,2,11,0,0
pc-49ac47aa-733,forschung_muskelkraft__ohne_pc,control,0,0,1,10,0,18,12,36,9,10,11,8,0,0
pc-49ac47aa-733,solidaritaet_ueberleben__mit_pc,control,1,1,0,10,2,16,13,43,10,13,7,10,0,0
pc-d05ef6ec-734,forschung_muskelkraft__ohne_pc,control,0,1,1,6,6,13,6,19,1,5,3,10,0,0
pc-d05ef6ec-734,solidaritaet_ueberleben__mit_pc,control,1,0,0,6,0,11,7,21,0,6,0,4,0,0
pc-5711862f-735,forschung_muskelkraft__ohne_pc,control,0,1,1,15,1,23,18,67,40,16,16,11,0,0
pc-5711862f-735,solidaritaet_ueberleben__mit_pc,control,1,0,0,15,-1,21,18,62,43,17,12,9,0,0
pc-ddc43571-736,forschung_muskelkraft__ohne_pc,control,0,1,1,11,4,22,13,47,13,11,13,12,0,0
pc-ddc43571-736,solidaritaet_ueberleben__mit_pc,control,1,0,0,11,-2,16,14,46,15,13,7,6,2,0
pc-6476c4b4-737,forschung_muskelkraft__ohne_pc,control,0,0,1,13,-3,22,14,54,24,12,7,9,0,0
pc-6476c4b4-737,solidaritaet_ueberleben__mit_pc,control,1,1,0,13,1,19,11,40,38,10,7,13,0,0
pc-eb2973f6-738,forschung_muskelkraft__ohne_pc,control,0,1,1,8,3,16,9,27,2,7,7,11,0,0
pc-eb2973f6-738,solidaritaet_ueberleben__mit_pc,control,1,0,0,8,-1,12,10,33,1,9,2,7,0,0
pc-71dc0339-739,forschung_muskelkraft__ohne_pc,control,0,0,1,14,0,22,19,69,22,17,15,4,0,0
pc-71dc0339-739,solidaritaet_ueberleben__mit_pc,control,1,1,0,14,6,21,18,63,29,17,15,10,0,0
pc-8d64be53-740,forschung_muskelkraft__ohne_pc,control,0,0,1,12,0,23,12,43,24,10,11,8,0,0
pc-8d64be53-740,solidaritaet_ueberleben__mit_pc,control,1,1,0,12,2,19,15,48,23,14,5,10,1,0
pc-14174d96-741,forschung_muskelkraft__ohne_pc,control,0,1,1,12,4,23,13,51,19,11,14,11,0,0
pc-14174d96-741,solidaritaet_ueberleben__mit_pc,control,1,0,0,12,-1,16,15,51,21,14,6,6,0,0
pc-9ac9fcd8-742,forschung_muskelkraft__ohne_pc,control,0,0,1,13,-1,23,15,55,23,13,15,5,0,0
pc-9ac9fcd8-742,solidaritaet_ueberleben__mit_pc,control,1,1,0,13,5,18,16,51,30,15,8,11,0,0
pc-217c8c1b-743,forschung_muskelkraft__ohne_pc,control,0,1,1,8,4,13,7,22,11,6,7,11,0,0
pc-217c8c1b-743,solidaritaet_ueberleben__mit_pc,control,1,0,0,8,-1,14,11,34,1,10,1,6,0,0
pc-a82f3b5d-744,forschung_muskelkraft__ohne_pc,control,0,1,1,11,8,23,11,41,14,9,12,18,0,0
pc-a82f3b5d-744,solidaritaet_ueberleben__mit_pc,control,1,0,0,11,-8,17,14,50,12,14,4,2,0,0
pc-2ee1caa0-745,forschung_muskelkraft__ohne_pc,control,0,0,1,8,-3,18,7,24,4,6,4,5,0,0
pc-2ee1caa0-745,solidaritaet_ueberleben__mit_pc,control,1,1,0,8,5,13,8,31,3,7,6,13,0,0
pc-b59479e2-746,forschung_muskelkraft__ohne_pc,control,0,1,1,9,6,16,12,39,2,10,9,10,0,0
pc-b59479e2-746,solidaritaet_ueberleben__mit_pc,control,1,0,0,9,0,14,10,34,4,10,6,4,0,0
pc-3c470925-747,forschung_muskelkraft__ohne_pc,control,0,1,1,12,6,23,13,51,21,11,11,12,0,0
pc-3c470925-747,solidaritaet_ueberleben__mit_pc,control,1,0,0,12,-2,18,15,44,26,14,6,4,1,0
pc-57cfa43f-748,forschung_muskelkraft__ohne_pc,control,0,0,1,12,-3,21,14,56,10,12,11,0,0,0
pc-57cfa43f-748,solidaritaet_ueberleben__mit_pc,control,1,1,0,12,10,18,15,53,17,15,8,13,1,0
pc-de825381-749,forschung_muskelkraft__ohne_pc,control,0,0,1,13,0,22,13,45,33,11,13,4,0,0
pc-de825381-749,solidaritaet_ueberleben__mit_pc,control,1,1,0,13,6,19,16,54,27,15,6,10,0,0
pc-fd2dc047-750,forschung_muskelkraft__ohne_pc,control,0,0,0,9,-5,21,11,33,11,9,4,7,0,0
pc-fd2dc047-750,solidaritaet_ueberleben__mit_pc,control,1,1,1,9,3,15,10,38,6,9,4,15,0,0
pc-767b3105-751,forschung_muskelkraft__ohne_pc,control,0,0,0,10,-1,19,15,52,2,13,7,4,0,0
pc-767b3105-751,solidaritaet_ueberleben__mit_pc,control,1,1,1,10,6,15,11,39,13,11,8,11,0,0
pc-0a931ecd-752,forschung_muskelkraft__ohne_pc,control,0,0,0,8,-1,14,9,30,2,7,4,8,0,0
pc-0a931ecd-752,solidaritaet_ueberleben__mit_pc,control,1,1,1,8,2,12,9,31,2,8,4,11,0,0
pc-83e06f8a-753,forschung_muskelkraft__ohne_pc,control,0,0,0,9,-4,18,10,38,6,9,5,6,0,0
pc-83e06f8a-753,solidaritaet_ueberleben__mit_pc,control,1,1,1,9,4,14,9,32,4,9,5,14,0,0
pc-e263433d-754,forschung_muskelkraft__ohne_pc,control,0,0,0,7,0,18,8,26,2,7,3,0,0,0
pc-e263433d-754,solidaritaet_ueberleben__mit_pc,control,1,1,1,7,10,11,7,23,2,7,2,10,0,0
pc-5bb0b3fb-755,forschung_muskelkraft__ohne_pc,control,0,0,0,11,0,20,12,45,19,10,12,9,0,0
pc-5bb0b3fb-755,solidaritaet_ueberleben__mit_pc,control,1,1,1,11,1,16,14,48,8,13,5,10,0,0
pc-efc881c2-756,forschung_muskelkraft__ohne_pc,control,0,1,0,10,1,19,12,40,5,10,10,12,0,0
pc-efc881c2-756,solidaritaet_ueberleben__mit_pc,control,1,0,1,10,-2,15,13,47,3,12,6,9,0,0
pc-6915f280-757,forschung_muskelkraft__ohne_pc,control,0,0,0,11,-2,21,16,61,4,14,9,4,0,0
pc-6915f280-757,solidaritaet_ueberleben__mit_pc,control,1,1,1,11,6,17,14,51,9,13,9,12,0,0
pc-32c2da5c-758,forschung_muskelkraft__ohne_pc,control,0,0,0,16,-2,22,20,71,51,18,15,7,0,0
pc-32c2da5c-758,solidaritaet_ueberleben__mit_pc,control,1,1,1,16,2,23,20,68,54,19,17,11,3,0
pc-ac102b19-759,forschung_muskelkraft__ohne_pc,control,0,0,0,5,0,12,4,13,2,4,2,0,0,0
pc-ac102b19-759,solidaritaet_ueberleben__mit_pc,control,1,1,1,5,10,9,5,14,1,5,3,10,0,0
pc-402818e1-760,forschung_muskelkraft__ohne_pc,control,0,0,0,7,-1,16,6,19,2,5,4,7,0,0
pc-402818e1-760,solidaritaet_ueberleben__mit_pc,control,1,1,1,7,3,11,7,23,3,7,0,11,0,0
pc-b975699e-761,forschung_muskelkraft__ohne_pc,control,0,0,0,7,0,16,8,26,2,7,2,4,0,0
pc-b975699e-761,solidaritaet_ueberleben__mit_pc,control,1,1,1,7,6,11,7,26,1,6,5,10,0,0
pc-17f85d52-762,forschung_muskelkraft__ohne_pc,control,0,0,0,9,-1,19,12,41,3,10,6,6,0,0
pc-17f85d52-762,solidaritaet_ueberleben__mit_pc,control,1,1,1,9,4,14,12,41,3,11,7,11,0,0
pc-9145ae0f-763,forschung_muskelkraft__ohne_pc,control,0,1,0,12,4,22,13,45,21,11,12,11,0,0
pc-9145ae0f-763,solidaritaet_ueberleben__mit_pc,control,1,0,1,12,-1,17,15,51,17,14,6,6,0,0
pc-255d9bd7-764,forschung_muskelkraft__ohne_pc,control,0,0,0,8,-2,14,9,30,3,7,7,3,0,0
pc-255d9bd7-764,solidaritaet_ueberleben__mit_pc,control,1,1,1,8,7,13,8,31,2,8,3,12,0,0
pc-9eaaec94-765,forschung_muskelkraft__ohne_pc,control,0,0,0,12,-4,21,15,56,16,13,9,3,0,0
pc-9eaaec94-765,solidaritaet_ueberleben__mit_pc,control,1,1,1,12,7,19,14,49,21,13,9,14,0,0
pc-9203cc1f-766,forschung_muskelkraft__ohne_pc,control,0,0,0,9,-3,19,10,36,6,8,5,2,0,0
pc-9203cc1f-766,solidaritaet_ueberleben__mit_pc,control,1,1,1,9,8,14,10,37,4,10,3,13,0,0
pc-0b513cdd-767,forschung_muskelkraft__ohne_pc,control,0,1,0,9,1,21,12,38,4,10,9,10,0,0
pc-0b513cdd-767,solidaritaet_ueberleben__mit_pc,control,1,0,1,9,0,15,12,43,2,11,6,9,1,0
pc-9f690aa4-768,forschung_muskelkraft__ohne_pc,control,0,0,0,8,0,18,10,33,3,8,1,7,0,0
pc-9f690aa4-768,solidaritaet_ueberleben__mit_pc,control,1,1,1,8,3,14,6,29,4,6,5,10,0,0
pc-18b67b62-769,forschung_muskelkraft__ohne_pc,control,0,0,0,7,-1,16,8,26,1,6,3,0,0,0
pc-18b67b62-769,solidaritaet_ueberleben__mit_pc,control,1,1,1,7,10,13,7,26,2,7,3,11,0,0
pc-77394f15-770,forschung_muskelkraft__ohne_pc,control,0,1,0,9,6,17,7,23,13,5,10,12,0,0
pc-77394f15-770,solidaritaet_ueberleben__mit_pc,control,1,0,1,9,-2,15,12,33,7,12,0,4,0,0
pc-f086bfd2-771,forschung_muskelkraft__ohne_pc,control,0,0,0,8,-1,17,9,32,1,8,5,4,0,0
pc-f086bfd2-771,solidaritaet_ueberleben__mit_pc,control,1,1,1,8,6,12,7,26,2,7,6,11,0,0
pc-849e8d9a-772,forschung_muskelkraft__ohne_pc,control,0,0,0,11,-3,20,14,49,9,12,9,6,0,0
pc-849e8d9a-772,solidaritaet_ueberleben__mit_pc,control,1,1,1,11,4,18,14,45,15,13,7,13,0,0
pc-fdebfe57-773,forschung_muskelkraft__ohne_pc,control,0,1,0,12,3,20,13,51,15,12,14,12,0,0
pc-fdebfe57-773,solidaritaet_ueberleben__mit_pc,control,1,0,1,12,-2,18,16,51,19,16,7,7,0,0
pc-c798c633-774,forschung_muskelkraft__ohne_pc,control,0,0,0,7,0,16,7,23,3,5,4,0,0,0
pc-c798c633-774,solidaritaet_ueberleben__mit_pc,control,1,1,1,7,10,13,8,23,5,8,0,10,0,0
pc-40e636f1-775,forschung_muskelkraft__ohne_pc,control,0,1,0,12,1,23,13,49,22,11,17,12,0,0
pc-40e636f1-775,solidaritaet_ueberleben__mit_pc,control,1,0,1,12,-2,18,16,55,12,15,6,9,1,0
pc-d4fe04b8-776,forschung_muskelkraft__ohne_pc,control,0,0,0,9,-1,17,13,43,2,11,5,3,0,0
pc-d4fe04b8-776,solidaritaet_ueberleben__mit_pc,control,1,1,1,9,7,14,10,37,2,9,7,11,0,0
pc-4e4b7576-777,forschung_muskelkraft__ohne_pc,control,0,0,0,11,-3,20,12,43,18,10,11,7,0,0
pc-4e4b7576-777,solidaritaet_ueberleben__mit_pc,control,1,1,1,11,3,15,14,46,14,13,5,13,0,0
pc-acce4929-778,forschung_muskelkraft__ohne_pc,control,0,1,0,10,3,22,12,44,6,10,11,13,0,0
pc-acce4929-778,solidaritaet_ueberleben__mit_pc,control,1,0,1,10,-3,15,13,41,7,12,5,7,0,0
pc-261bb9e7-779,forschung_muskelkraft__ohne_pc,control,0,1,0,12,4,22,12,47,24,10,11,10,0,0
pc-261bb9e7-779,solidaritaet_ueberleben__mit_pc,control,1,0,1,12,0,17,13,38,28,13,7,6,0,0
pc-ba3387ae-780,forschung_muskelkraft__ohne_pc,control,0,1,0,13,4,23,16,59,23,14,16,10,0,0
pc-ba3387ae-780,solidaritaet_ueberleben__mit_pc,control,1,0,1,13,0,16,16,52,30,15,9,6,0,0
pc-3380f86c-781,forschung_muskelkraft__ohne_pc,control,0,0,0,9,0,17,12,43,2,10,6,0,0,0
pc-3380f86c-781,solidaritaet_ueberleben__mit_pc,control,1,1,1,9,10,14,12,41,2,11,5,10,0,0
pc-26d9d7f7-782,forschung_muskelkraft__ohne_pc,control,0,0,0,7,0,18,9,26,1,7,3,2,0,0
pc-26d9d7f7-782,solidaritaet_ueberleben__mit_pc,control,1,1,1,7,8,12,6,23,4,6,2,10,0,0
pc-a02728b4-783,forschung_muskelkraft__ohne_pc,control,0,0,0,8,-2,17,8,25,8,6,6,5,0,0
pc-a02728b4-783,solidaritaet_ueberleben__mit_pc,control,1,1,1,8,5,13,9,33,1,9,5,12,0,0
pc-343f167c-784,forschung_muskelkraft__ohne_pc,control,0,0,0,8,0,18,8,26,7,6,4,2,0,0
pc-343f167c-784,solidaritaet_ueberleben__mit_pc,control,1,1,1,8,8,13,9,31,3,8,1,10,0,0
pc-ad8c6739-785,forschung_muskelkraft__ohne_pc,control,0,0,0,8,0,14,7,27,6,6,5,4,0,0
pc-ad8c6739-785,solidaritaet_ueberleben__mit_pc,control,1,1,1,8,6,13,10,32,3,9,1,10,0,0
pc-0c0f5aed-786,forschung_muskelkraft__ohne_pc,control,0,1,0,9,5,19,11,38,3,10,8,10,0,0
pc-0c0f5aed-786,solidaritaet_ueberleben__mit_pc,control,1,0,1,9,0,14,11,36,6,11,6,5,0,0
pc-855cabaa-787,forschung_muskelkraft__ohne_pc,control,0,0,0,16,-1,21,20,71,49,18,15,5,0,0
pc-855cabaa-787,solidaritaet_ueberleben__mit_pc,control,1,1,1,16,4,22,18,62,58,17,16,10,1,0
pc-19749972-788,forschung_muskelkraft__ohne_pc,control,0,1,0,9,9,19,9,33,8,8,11,13,0,0
pc-19749972-788,solidaritaet_ueberleben__mit_pc,control,1,0,1,9,-3,14,12,38,3,12,3,1,0,0
pc-92c1ea2f-789,forschung_muskelkraft__ohne_pc,control,0,0,0,16,-1,22,20,71,51,18,15,7,0,0
pc-92c1ea2f-789,solidaritaet_ueberleben__mit_pc,control,1,1,1,16,2,22,19,67,55,18,17,10,1,0
pc-5c6ed20b-790,forschung_muskelkraft__ohne_pc,control,0,0,0,8,-2,18,9,32,2,8,5,9,0,0
pc-5c6ed20b-790,solidaritaet_ueberleben__mit_pc,control,1,1,1,8,1,12,8,24,8,8,4,12,0,0
pc-d5bc22c8-791,forschung_muskelkraft__ohne_pc,control,0,0,0,13,-1,22,19,69,18,17,13,5,0,0
pc-d5bc22c8-791,solidaritaet_ueberleben__mit_pc,control,1,1,1,13,5,17,16,56,28,15,12,11,0,0
pc-69d41090-792,forschung_muskelkraft__ohne_pc,control,0,1,0,11,4,19,11,38,17,9,13,10,0,0
pc-69d41090-792,solidaritaet_ueberleben__mit_pc,control,1,0,1,11,0,16,15,45,13,14,4,6,0,0
pc-e321614d-793,forschung_muskelkraft__ohne_pc,control,0,0,0,9,0,17,8,34,7,7,6,6,0,0
pc-e321614d-793,solidaritaet_ueberleben__mit_pc,control,1,1,1,9,4,14,10,35,10,9,2,10,0,0
pc-41a45501-794,forschung_muskelkraft__ohne_pc,control,0,1,0,9,4,21,11,36,6,9,11,12,0,0
pc-41a45501-794,solidaritaet_ueberleben__mit_pc,control,1,0,1,9,-2,14,13,41,2,13,5,6,0,0
pc-baf1a5be-795,forschung_muskelkraft__ohne_pc,control,0,1,0,10,6,19,9,35,15,8,12,13,0,0
pc-baf1a5be-795,solidaritaet_ueberleben__mit_pc,control,1,0,1,10,-3,14,13,40,11,12,3,4,0,0
pc-4f099386-796,forschung_muskelkraft__ohne_pc,control,0,1,0,15,3,22,19,69,38,17,13,10,0,0
pc-4f099386-796,solidaritaet_ueberleben__mit_pc,control,1,0,1,15,0,21,16,58,51,15,13,7,0,0
pc-c856e443-797,forschung_muskelkraft__ohne_pc,control,0,0,0,8,0,18,10,34,2,8,4,0,0,0
pc-c856e443-797,solidaritaet_ueberleben__mit_pc,control,1,1,1,8,10,14,8,30,2,8,4,10,0,0
pc-bbafc3ce-798,forschung_muskelkraft__ohne_pc,control,0,0,0,10,0,20,10,32,13,8,9,6,0,0
pc-bbafc3ce-798,solidaritaet_ueberleben__mit_pc,control,1,1,1,10,4,17,12,39,6,12,4,10,0,0
pc-34fd348c-799,forschung_muskelkraft__ohne_pc,control,0,1,0,11,4,16,12,45,14,10,11,10,0,0
pc-34fd348c-799,solidaritaet_ueberleben__mit_pc,control,1,0,1,11,0,14,14,43,14,13,7,6,0,0
pc-03d30d89-800,forschung_muskelkraft__ohne_pc,control,0,1,1,8,5,19,9,31,2,8,4,12,0,0
pc-03d30d89-800,urzeitliche_kolosse__ohne_pc,control,1,0,0,8,-2,14,9,33,3,7,3,5,0,2
pc-7d207e46-801,forschung_muskelkraft__ohne_pc,control,0,1,1,8,1,19,8,31,4,8,5,10,0,0
pc-7d207e46-801,urzeitliche_kolosse__ohne_pc,control,1,0,0,8,0,13,9,33,3,9,3,9,0,0
pc-f66dcf03-802,forschung_muskelkraft__ohne_pc,control,0,0,1,10,-2,18,11,36,14,9,7,9,0,0
pc-f66dcf03-802,urzeitliche_kolosse__ohne_pc,control,1,1,0,10,1,15,11,45,10,11,4,12,0,6
pc-6fbb3fc1-803,forschung_muskelkraft__ohne_pc,control,0,0,1,7,-1,18,8,26,2,7,4,7,0,0
pc-6fbb3fc1-803,urzeitliche_kolosse__ohne_pc,control,1,1,0,7,3,11,9,25,1,8,3,11,0,1
pc-e908907e-804,forschung_muskelkraft__ohne_pc,control,0,1,1,6,6,12,5,18,2,5,4,12,0,0
pc-e908907e-804,urzeitliche_kolosse__ohne_pc,control,1,0,0,6,-2,12,8,21,0,7,1,4,0,0
pc-6255e13c-805,forschung_muskelkraft__ohne_pc,control,0,0,1,9,-1,20,10,36,5,9,10,9,0,0
pc-6255e13c-805,urzeitliche_kolosse__ohne_pc,control,1,1,0,9,1,14,12,37,3,11,5,11,0,2
pc-dba351f9-806,forschung_muskelkraft__ohne_pc,control,0,0,1,6,-1,14,6,19,1,5,4,6,0,0
pc-dba351f9-806,urzeitliche_kolosse__ohne_pc,control,1,1,0,6,4,10,6,19,1,6,2,11,0,1
pc-54f0a2b7-807,forschung_muskelkraft__ohne_pc,control,0,0,1,6,-1,15,6,19,2,5,3,7,0,0
pc-54f0a2b7-807,urzeitliche_kolosse__ohne_pc,control,1,1,0,6,3,10,6,19,1,5,2,11,0,1
pc-3968079d-808,forschung_muskelkraft__ohne_pc,control,0,0,1,6,0,13,6,20,1,5,4,6,0,0
pc-3968079d-808,urzeitliche_kolosse__ohne_pc,control,1,1,0,6,4,11,6,19,0,6,1,10,0,0
pc-b2b5785a-809,forschung_muskelkraft__ohne_pc,control,0,1,1,6,6,14,7,20,1,5,4,12,0,0
pc-b2b5785a-809,urzeitliche_kolosse__ohne_pc,control,1,0,0,6,-2,12,6,18,3,6,1,4,0,1
pc-2c02c918-810,forschung_muskelkraft__ohne_pc,control,0,1,1,7,1,17,7,22,6,6,3,13,0,0
pc-2c02c918-810,urzeitliche_kolosse__ohne_pc,control,1,0,0,7,-3,11,8,27,1,6,1,9,0,1
pc-a55039d5-811,forschung_muskelkraft__ohne_pc,control,0,0,1,6,-2,15,5,17,4,4,4,0,0,0
pc-a55039d5-811,urzeitliche_kolosse__ohne_pc,control,1,1,0,6,10,11,8,20,1,6,1,12,0,0
pc-1e9d8a93-812,forschung_muskelkraft__ohne_pc,control,0,0,1,9,-3,18,10,33,4,8,6,8,0,0
pc-1e9d8a93-812,urzeitliche_kolosse__ohne_pc,control,1,1,0,9,2,14,11,41,2,10,3,13,0,2
pc-97eafb50-813,forschung_muskelkraft__ohne_pc,control,0,1,1,8,9,13,9,33,3,8,5,14,0,0
pc-97eafb50-813,urzeitliche_kolosse__ohne_pc,control,1,0,0,8,-4,14,8,32,3,8,3,1,0,0
pc-11384c0e-814,forschung_muskelkraft__ohne_pc,control,0,1,1,7,6,15,8,26,1,6,5,12,0,0
pc-11384c0e-814,urzeitliche_kolosse__ohne_pc,control,1,0,0,7,-2,11,7,25,3,7,1,4,0,1
pc-8a85bccb-815,forschung_muskelkraft__ohne_pc,control,0,0,1,9,-4,17,8,29,7,6,6,9,0,0
pc-8a85bccb-815,urzeitliche_kolosse__ohne_pc,control,1,1,0,9,1,14,9,32,4,7,1,14,0,1
pc-98a91960-816,forschung_muskelkraft__ohne_pc,control,0,1,1,7,3,15,7,25,2,6,3,10,0,0
pc-98a91960-816,urzeitliche_kolosse__ohne_pc,control,1,0,0,7,0,13,7,24,4,6,3,7,0,3
pc-11f66a1e-817,forschung_muskelkraft__ohne_pc,control,0,1,1,7,10,14,7,26,2,6,3,11,0,0
pc-11f66a1e-817,urzeitliche_kolosse__ohne_pc,control,1,0,0,7,-1,12,5,23,5,5,3,0,0,0
pc-8b43dadb-818,forschung_muskelkraft__ohne_pc,control,0,1,1,10,6,20,13,46,4,11,9,15,0,0
pc-8b43dadb-818,urzeitliche_kolosse__ohne_pc,control,1,0,0,10,-5,16,13,45,1,11,7,4,0,0
pc-04912b99-819,forschung_muskelkraft__ohne_pc,control,0,1,1,7,2,16,8,27,1,6,5,12,0,0
pc-04912b99-819,urzeitliche_kolosse__ohne_pc,control,1,0,0,7,-2,14,7,22,6,7,3,8,0,0
pc-7dde9c56-820,forschung_muskelkraft__ohne_pc,control,0,1,1,9,2,18,11,34,2,9,7,12,0,0
pc-7dde9c56-820,urzeitliche_kolosse__ohne_pc,control,1,0,0,9,-2,15,11,38,3,9,7,8,0,2
pc-f72bed13-821,forschung_muskelkraft__ohne_pc,control,0,1,1,6,4,12,5,16,4,5,1,12,0,0
pc-f72bed13-821,urzeitliche_kolosse__ohne_pc,control,1,0,0,6,-2,11,4,17,3,4,2,6,0,1
pc-70795dd1-822,forschung_muskelkraft__ohne_pc,control,0,0,1,8,-1,18,11,33,2,9,4,9,0,0
pc-70795dd1-822,urzeitliche_kolosse__ohne_pc,control,1,1,0,8,1,13,10,34,2,9,5,11,0,2
pc-e9c6ae8e-823,forschung_muskelkraft__ohne_pc,control,0,1,1,7,1,14,8,26,2,7,3,12,0,0
pc-e9c6ae8e-823,urzeitliche_kolosse__ohne_pc,control,1,0,0,7,-2,13,8,25,3,6,3,9,0,2
pc-ce3e1374-824,forschung_muskelkraft__ohne_pc,control,0,1,1,10,2,21,10,41,10,9,9,13,0,0
pc-ce3e1374-824,urzeitliche_kolosse__ohne_pc,control,1,0,0,10,-3,15,13,40,10,11,5,8,0,1
pc-478b6432-825,forschung_muskelkraft__ohne_pc,control,0,0,1,9,0,14,9,31,6,8,7,3,0,0
pc-478b6432-825,urzeitliche_kolosse__ohne_pc,control,1,1,0,9,7,13,10,36,4,9,3,10,0,1
pc-c0d8d4ef-826,forschung_muskelkraft__ohne_pc,control,0,1,1,8,4,15,7,29,4,6,5,13,0,0
pc-c0d8d4ef-826,urzeitliche_kolosse__ohne_pc,control,1,0,0,8,-3,13,9,34,2,7,3,6,0,0
pc-3a2625ad-827,forschung_muskelkraft__ohne_pc,control,0,0,1,8,-2,19,10,33,2,8,4,6,0,0
pc-3a2625ad-827,urzeitliche_kolosse__ohne_pc,control,1,1,0,8,4,12,10,35,1,8,4,12,0,1
pc-b373966a-828,forschung_muskelkraft__ohne_pc,control,0,0,1,8,-2,17,7,29,5,6,4,7,0,0
pc-b373966a-828,urzeitliche_kolosse__ohne_pc,control,1,1,0,8,3,14,9,34,2,9,1,12,0,0
pc-2cc0e728-829,forschung_muskelkraft__ohne_pc,control,0,1,1,14,2,22,15,55,36,13,12,15,0,0
pc-2cc0e728-829,urzeitliche_kolosse__ohne_pc,control,1,0,0,14,-5,20,17,61,35,15,8,8,0,2
pc-a60e57e5-830,forschung_muskelkraft__ohne_pc,control,0,0,1,8,-3,15,9,31,2,8,4,8,0,0
pc-a60e57e5-830,urzeitliche_kolosse__ohne_pc,control,1,1,0,8,2,12,9,35,1,9,3,13,0,0
pc-1f5ba8a3-831,forschung_muskelkraft__ohne_pc,control,0,0,1,7,0,17,6,23,4,5,3,6,0,0
pc-1f5ba8a3-831,urzeitliche_kolosse__ohne_pc,control,1,1,0,7,4,12,7,21,4,6,2,10,0,0
pc-2d7f0538-832,forschung_muskelkraft__ohne_pc,control,0,0,1,6,0,12,6,20,1,5,2,6,0,0
pc-2d7f0538-832,urzeitliche_kolosse__ohne_pc,control,1,1,0,6,4,12,7,21,0,7,1,10,0,0
pc-a6cc75f5-833,forschung_muskelkraft__ohne_pc,control,0,0,1,7,-1,15,8,26,2,6,2,7,0,0
pc-a6cc75f5-833,urzeitliche_kolosse__ohne_pc,control,1,1,0,7,3,11,6,24,4,6,2,11,0,2
pc-2019c6b3-834,forschung_muskelkraft__ohne_pc,control,0,1,1,8,3,18,9,29,4,8,8,11,0,0
pc-2019c6b3-834,urzeitliche_kolosse__ohne_pc,control,1,0,0,8,-1,13,11,33,3,9,3,7,0,0
pc-99673770-835,forschung_muskelkraft__ohne_pc,control,0,0,1,8,0,18,9,30,3,8,4,9,0,0
pc-99673770-835,urzeitliche_kolosse__ohne_pc,control,1,1,0,8,1,14,7,33,3,7,3,10,0,1
pc-12b4882e-836,forschung_muskelkraft__ohne_pc,control,0,1,1,7,2,17,7,23,3,5,2,11,0,0
pc-12b4882e-836,urzeitliche_kolosse__ohne_pc,control,1,0,0,7,-1,12,6,23,5,5,0,8,0,1
pc-8c01f8eb-837,forschung_muskelkraft__ohne_pc,control,0,0,1,10,-2,21,12,40,5,10,7,6,0,0
pc-8c01f8eb-837,urzeitliche_kolosse__ohne_pc,control,1,1,0,10,4,15,11,45,3,10,5,12,0,2
pc-054f49a9-838,forschung_muskelkraft__ohne_pc,control,0,1,1,8,6,19,9,33,1,8,4,10,0,0
pc-054f49a9-838,urzeitliche_kolosse__ohne_pc,control,1,0,0,8,0,13,8,34,2,7,4,4,0,1
pc-7e9cba66-839,forschung_muskelkraft__ohne_pc,control,0,1,1,6,4,14,7,19,2,6,4,12,0,0
pc-7e9cba66-839,urzeitliche_kolosse__ohne_pc,control,1,0,0,6,-2,12,8,20,1,7,1,6,0,0
pc-63141f4c-840,forschung_muskelkraft__ohne_pc,control,0,1,1,10,1,21,12,45,6,10,10,11,0,0
pc-63141f4c-840,urzeitliche_kolosse__ohne_pc,control,1,0,0,10,-1,15,13,46,6,11,5,9,0,0
pc-dc617009-841,forschung_muskelkraft__ohne_pc,control,0,1,1,9,6,18,9,29,7,7,9,10,0,0
pc-dc617009-841,urzeitliche_kolosse__ohne_pc,control,1,0,0,9,0,15,12,38,4,11,2,4,0,0
pc-55aec0c7-842,forschung_muskelkraft__ohne_pc,control,0,0,1,5,-1,14,5,14,1,4,3,5,0,0
pc-55aec0c7-842,urzeitliche_kolosse__ohne_pc,control,1,1,0,5,5,11,6,15,0,6,0,11,0,0
pc-cefc3184-843,forschung_muskelkraft__ohne_pc,control,0,0,1,15,-3,22,20,71,38,18,10,6,0,0
pc-cefc3184-843,urzeitliche_kolosse__ohne_pc,control,1,1,0,15,4,19,17,67,46,15,14,13,0,3
pc-48498242-844,forschung_muskelkraft__ohne_pc,control,0,1,1,6,4,13,6,20,1,5,3,10,0,0
pc-48498242-844,urzeitliche_kolosse__ohne_pc,control,1,0,0,6,0,11,6,19,1,5,3,6,0,1
pc-c196f2ff-845,forschung_muskelkraft__ohne_pc,control,0,0,1,8,-1,18,10,33,3,8,3,8,0,0
pc-c196f2ff-845,urzeitliche_kolosse__ohne_pc,control,1,1,0,8,2,15,8,33,2,8,3,11,0,1
pc-3ae443bd-846,forschung_muskelkraft__ohne_pc,control,0,1,1,10,5,18,12,44,6,10,9,11,0,0
pc-3ae443bd-846,urzeitliche_kolosse__ohne_pc,control,1,0,0,10,-1,15,13,43,4,11,6,5,0,2
pc-b431b47a-847,forschung_muskelkraft__ohne_pc,control,0,0,1,5,0,13,4,12,3,3,1,3,0,0
pc-b431b47a-847,urzeitliche_kolosse__ohne_pc,control,1,1,0,5,7,10,4,13,2,4,0,10,0,0
pc-c255110f-848,forschung_muskelkraft__ohne_pc,control,0,0,1,4,-2,9,3,5,1,2,0,3,0,0
pc-c255110f-848,urzeitliche_kolosse__ohne_pc,control,1,1,0,4,7,8,4,10,0,4,0,12,0,0
pc-3ba261cd-849,forschung_muskelkraft__ohne_pc,control,0,0,1,8,0,19,11,34,1,9,1,9,0,0
pc-3ba261cd-849,urzeitliche_kolosse__ohne_pc,control,1,1,0,8,1,14,6,30,6,6,4,10,0,2
pc-bbb33dee-850,forschung_muskelkraft__ohne_pc,control,0,0,0,9,-2,19,12,40,1,10,6,7,0,0
pc-bbb33dee-850,urzeitliche_kolosse__ohne_pc,control,1,1,1,9,3,14,12,39,5,11,5,12,0,2
pc-4265cd31-851,forschung_muskelkraft__ohne_pc,control,0,1,0,9,1,20,10,31,5,8,8,12,0,0
pc-4265cd31-851,urzeitliche_kolosse__ohne_pc,control,1,0,1,9,-2,14,12,43,2,11,3,9,0,1
pc-c9187c73-852,forschung_muskelkraft__ohne_pc,control,0,0,0,9,0,21,12,41,3,10,4,9,0,0
pc-c9187c73-852,urzeitliche_kolosse__ohne_pc,control,1,1,1,9,1,14,10,37,6,9,6,10,0,0
pc-4fcb0bb6-853,forschung_muskelkraft__ohne_pc,control,0,0,0,5,0,13,5,14,1,4,1,4,0,0
pc-4fcb0bb6-853,urzeitliche_kolosse__ohne_pc,control,1,1,1,5,6,10,4,14,1,4,1,10,0,0
pc-a0e8a0e4-854,forschung_muskelkraft__ohne_pc,control,0,0,0,6,-1,14,6,19,1,5,3,0,0,0
pc-a0e8a0e4-854,urzeitliche_kolosse__ohne_pc,control,1,1,1,6,10,10,6,17,1,5,3,11,0,0
pc-279b5027-855,forschung_muskelkraft__ohne_pc,control,0,0,0,8,0,16,8,25,3,6,8,7,0,0
pc-279b5027-855,urzeitliche_kolosse__ohne_pc,control,1,1,1,8,3,13,10,32,3,10,2,10,0,0
pc-ae4dff69-856,forschung_muskelkraft__ohne_pc,control,0,0,0,9,0,16,10,38,4,9,4,7,0,0
pc-ae4dff69-856,urzeitliche_kolosse__ohne_pc,control,1,1,1,9,3,14,9,42,3,7,4,10,0,1
pc-35008eac-857,forschung_muskelkraft__ohne_pc,control,0,1,0,6,7,13,5,19,2,5,3,10,0,0
pc-35008eac-857,urzeitliche_kolosse__ohne_pc,control,1,0,1,6,0,11,5,17,4,5,3,3,0,0
pc-f1483802-858,forschung_muskelkraft__ohne_pc,control,0,1,0,8,10,19,10,33,1,8,5,13,0,0
pc-f1483802-858,urzeitliche_kolosse__ohne_pc,control,1,0,1,8,-3,13,8,28,8,7,4,0,0,3
pc-77fac745-859,forschung_muskelkraft__ohne_pc,control,0,1,0,11,4,23,15,57,4,13,10,14,0,0
pc-77fac745-859,urzeitliche_kolosse__ohne_pc,control,1,0,1,11,-4,16,14,53,10,12,9,6,0,2
pc-fead7687-860,forschung_muskelkraft__ohne_pc,control,0,1,0,6,10,13,6,19,1,5,2,11,0,0
pc-fead7687-860,urzeitliche_kolosse__ohne_pc,control,1,0,1,6,-1,11,4,17,3,4,2,0,0,1
pc-856005ca-861,forschung_muskelkraft__ohne_pc,control,0,1,0,7,7,18,7,24,2,6,4,10,0,0
pc-856005ca-861,urzeitliche_kolosse__ohne_pc,control,1,0,1,7,0,12,7,24,4,6,3,3,0,1
pc-d67dbaf8-862,forschung_muskelkraft__ohne_pc,control,0,0,0,7,0,13,7,24,3,6,3,6,0,0
pc-d67dbaf8-862,urzeitliche_kolosse__ohne_pc,control,1,1,1,7,4,11,9,26,2,8,3,10,0,0
pc-5d304a3b-863,forschung_muskelkraft__ohne_pc,control,0,0,0,6,-4,15,6,19,2,5,1,0,0,0
pc-5d304a3b-863,urzeitliche_kolosse__ohne_pc,control,1,1,1,6,10,12,7,19,1,6,3,14,0,0
pc-e3e2f97d-864,forschung_muskelkraft__ohne_pc,control,0,1,0,8,4,18,9,33,2,8,7,12,0,0
pc-e3e2f97d-864,urzeitliche_kolosse__ohne_pc,control,1,0,1,8,-2,12,10,33,3,8,3,6,0,1
pc-6a9588c0-865,forschung_muskelkraft__ohne_pc,control,0,0,0,6,-1,13,6,20,1,5,1,4,0,0
pc-6a9588c0-865,urzeitliche_kolosse__ohne_pc,control,1,1,1,6,6,12,4,17,3,4,3,11,0,0
pc-508929c6-866,forschung_muskelkraft__ohne_pc,control,0,0,0,6,-2,14,6,18,2,5,1,7,0,0
pc-508929c6-866,urzeitliche_kolosse__ohne_pc,control,1,1,1,6,3,10,5,17,2,4,1,12,0,1
pc-d73bd908-867,forschung_muskelkraft__ohne_pc,control,0,1,0,7,1,18,7,24,2,6,6,11,0,0
pc-d73bd908-867,urzeitliche_kolosse__ohne_pc,control,1,0,1,7,-1,11,8,19,6,7,2,9,0,0
pc-5dee684b-868,forschung_muskelkraft__ohne_pc,control,0,1,0,8,3,15,9,30,5,7,4,15,0,0
pc-5dee684b-868,urzeitliche_kolosse__ohne_pc,control,1,0,1,8,-5,12,9,33,3,7,2,7,0,0
pc-e4a1178d-869,forschung_muskelkraft__ohne_pc,control,0,1,0,9,3,13,12,40,3,10,9,11,0,0
pc-e4a1178d-869,urzeitliche_kolosse__ohne_pc,control,1,0,1,9,-1,14,12,40,3,11,6,7,0,0
pc-35beacbc-870,forschung_muskelkraft__ohne_pc,control,0,1,0,8,1,17,9,32,2,8,6,12,0,0
pc-35beacbc-870,urzeitliche_kolosse__ohne_pc,control,1,0,1,8,-2,13,8,33,3,8,3,9,0,0
pc-bc715bfe-871,forschung_muskelkraft__ohne_pc,control,0,0,0,9,-2,19,11,38,5,9,5,9,0,0
pc-bc715bfe-871,urzeitliche_kolosse__ohne_pc,control,1,1,1,9,1,14,10,43,1,9,5,12,0,1
pc-4323eb41-872,forschung_muskelkraft__ohne_pc,control,0,1,0,13,1,23,19,67,16,17,12,13,0,0
pc-4323eb41-872,urzeitliche_kolosse__ohne_pc,control,1,0,1,13,-3,18,16,58,27,14,13,9,0,5
pc-c9d69a83-873,forschung_muskelkraft__ohne_pc,control,0,1,0,7,2,16,8,25,3,6,3,13,0,0
pc-c9d69a83-873,urzeitliche_kolosse__ohne_pc,control,1,0,1,7,-3,13,5,23,5,5,3,8,0,0
pc-861e23da-874,forschung_muskelkraft__ohne_pc,control,0,1,0,8,1,19,10,33,3,8,5,15,0,0
pc-861e23da-874,urzeitliche_kolosse__ohne_pc,control,1,0,1,8,-5,12,9,32,4,7,3,9,0,0
pc-0cd0d31d-875,forschung_muskelkraft__ohne_pc,control,0,0,0,11,-3,21,12,43,12,10,9,8,0,0
pc-0cd0d31d-875,urzeitliche_kolosse__ohne_pc,control,1,1,1,11,2,16,14,50,9,12,5,13,0,0
pc-9383625f-876,forschung_muskelkraft__ohne_pc,control,0,1,0,9,2,17,11,41,4,10,6,15,0,0
pc-9383625f-876,urzeitliche_kolosse__ohne_pc,control,1,0,1,9,-5,14,11,44,1,9,5,8,0,2
pc-1a3611a2-877,forschung_muskelkraft__ohne_pc,control,0,0,0,6,-1,13,6,20,1,5,2,9,0,0
pc-1a3611a2-877,urzeitliche_kolosse__ohne_pc,control,1,1,1,6,1,11,5,17,3,5,1,11,0,0
pc-6b53a6d0-878,forschung_muskelkraft__ohne_pc,control,0,1,0,7,4,18,8,25,1,6,4,10,0,0
pc-6b53a6d0-878,urzeitliche_kolosse__ohne_pc,control,1,0,1,7,0,13,7,26,2,6,3,6,0,0
pc-f2065612-879,forschung_muskelkraft__ohne_pc,control,0,0,0,9,-1,20,10,32,12,9,5,6,0,0
pc-f2065612-879,urzeitliche_kolosse__ohne_pc,control,1,1,1,9,4,14,10,35,10,9,5,11,0,1
pc-78b8e555-880,forschung_muskelkraft__ohne_pc,control,0,1,0,10,4,21,13,49,6,11,9,12,0,0
pc-78b8e555-880,urzeitliche_kolosse__ohne_pc,control,1,0,1,10,-2,14,13,39,10,12,7,6,0,3
pc-ff6b9497-881,forschung_muskelkraft__ohne_pc,control,0,0,0,8,-1,17,9,27,2,7,4,7,0,0
pc-ff6b9497-881,urzeitliche_kolosse__ohne_pc,control,1,1,1,8,3,14,9,33,3,8,2,11,0,1
pc-e55f359d-882,forschung_muskelkraft__ohne_pc,control,0,0,0,9,-3,21,10,36,6,8,4,8,0,0
pc-e55f359d-882,urzeitliche_kolosse__ohne_pc,control,1,1,1,9,2,14,10,41,3,9,3,13,0,0
pc-6c11c4e0-883,forschung_muskelkraft__ohne_pc,control,0,0,0,7,0,11,9,26,1,7,4,9,0,0
pc-6c11c4e0-883,urzeitliche_kolosse__ohne_pc,control,1,1,1,7,1,12,7,25,3,6,2,10,0,0
pc-f2c47422-884,forschung_muskelkraft__ohne_pc,control,0,1,0,8,4,13,10,33,1,8,6,10,0,0
pc-f2c47422-884,urzeitliche_kolosse__ohne_pc,control,1,0,1,8,0,12,11,33,2,10,3,6,0,0
pc-79770365-885,forschung_muskelkraft__ohne_pc,control,0,1,0,8,6,17,9,28,1,7,4,11,0,0
pc-79770365-885,urzeitliche_kolosse__ohne_pc,control,1,0,1,8,-1,13,9,31,5,7,3,4,0,0
pc-ca94b893-886,forschung_muskelkraft__ohne_pc,control,0,1,0,8,4,17,8,29,5,6,5,11,0,0
pc-ca94b893-886,urzeitliche_kolosse__ohne_pc,control,1,0,1,8,-1,13,11,33,3,9,1,6,0,2
pc-514747d6-887,forschung_muskelkraft__ohne_pc,control,0,1,0,7,4,15,6,22,4,5,6,10,0,0
pc-514747d6-887,urzeitliche_kolosse__ohne_pc,control,1,0,1,7,0,12,7,23,5,7,1,6,0,0
pc-d7f9f718-888,forschung_muskelkraft__ohne_pc,control,0,1,0,8,2,17,6,23,5,6,5,13,0,0
pc-d7f9f718-888,urzeitliche_kolosse__ohne_pc,control,1,0,1,8,-3,12,9,33,2,8,1,8,0,1
pc-5eac865b-889,forschung_muskelkraft__ohne_pc,control,0,1,0,8,1,17,7,26,2,6,4,10,0,0
pc-5eac865b-889,urzeitliche_kolosse__ohne_pc,control,1,0,1,8,0,13,9,30,6,7,1,9,0,0
pc-1af42fb2-890,forschung_muskelkraft__ohne_pc,control,0,1,0,9,1,17,7,28,8,6,7,10,0,0
pc-1af42fb2-890,urzeitliche_kolosse__ohne_pc,control,1,0,1,9,0,14,11,40,4,10,1,9,0,1
pc-a1a6def4-891,forschung_muskelkraft__ohne_pc,control,0,0,0,9,-3,20,10,32,4,8,6,8,0,0
pc-a1a6def4-891,urzeitliche_kolosse__ohne_pc,control,1,1,1,9,2,15,11,39,4,10,3,13,0,0
pc-28596e37-892,forschung_muskelkraft__ohne_pc,control,0,1,0,5,1,9,5,14,1,4,2,11,0,0
pc-28596e37-892,urzeitliche_kolosse__ohne_pc,control,1,0,1,5,-1,11,4,11,3,4,0,9,0,0
pc-af0c1d79-893,forschung_muskelkraft__ohne_pc,control,0,0,0,9,-2,14,11,38,3,9,8,4,0,0
pc-af0c1d79-893,urzeitliche_kolosse__ohne_pc,control,1,1,1,9,6,15,12,42,2,10,4,12,0,4
pc-0029b2a8-894,forschung_muskelkraft__ohne_pc,control,0,0,0,8,0,16,10,34,2,8,3,6,0,0
pc-0029b2a8-894,urzeitliche_kolosse__ohne_pc,control,1,1,1,8,4,13,8,35,1,7,4,10,0,0
pc-86dc41ea-895,forschung_muskelkraft__ohne_pc,control,0,1,0,5,4,10,5,13,1,4,2,10,0,0
pc-86dc41ea-895,urzeitliche_kolosse__ohne_pc,control,1,0,1,5,0,11,5,15,0,5,0,6,0,1
pc-0d8ef12d-896,forschung_muskelkraft__ohne_pc,control,0,1,0,7,3,16,8,26,1,7,6,10,0,0
pc-0d8ef12d-896,urzeitliche_kolosse__ohne_pc,control,1,0,1,7,0,12,9,23,3,7,5,7,0,0
pc-9441806f-897,forschung_muskelkraft__ohne_pc,control,0,1,0,7,5,15,7,25,2,6,4,10,0,0
pc-9441806f-897,urzeitliche_kolosse__ohne_pc,control,1,0,1,7,0,12,8,27,1,6,4,5,0,0
pc-7a352175-898,forschung_muskelkraft__ohne_pc,control,0,0,0,8,0,19,9,32,2,8,2,4,0,0
pc-7a352175-898,urzeitliche_kolosse__ohne_pc,control,1,1,1,8,6,13,6,30,6,6,3,10,0,1
pc-00e7d0b8-899,forschung_muskelkraft__ohne_pc,control,0,0,0,9,-1,19,12,44,1,11,6,9,0,0
pc-00e7d0b8-899,urzeitliche_kolosse__ohne_pc,control,1,1,1,9,1,14,10,41,3,9,7,11,0,3
pc-2ea743f0-900,forschung_muskelkraft__mit_pc,control,0,1,1,7,4,18,9,27,1,8,6,12,0,0
pc-2ea743f0-900,urzeitliche_kolosse__mit_pc,control,1,0,0,7,-2,12,7,27,1,7,3,6,0,0
pc-a7f4b4ad-901,forschung_muskelkraft__mit_pc,control,0,0,1,3,0,10,2,4,1,2,0,0,0,0
pc-a7f4b4ad-901,urzeitliche_kolosse__mit_pc,control,1,1,0,3,10,8,3,5,1,3,1,10,0,0
pc-3c0c8275-902,forschung_muskelkraft__mit_pc,control,0,0,1,11,-1,19,13,49,6,12,12,6,0,0
pc-3c0c8275-902,urzeitliche_kolosse__mit_pc,control,1,1,0,11,4,16,14,49,9,13,8,11,0,2
pc-b559f332-903,forschung_muskelkraft__mit_pc,control,0,1,1,7,5,14,6,23,3,5,5,12,0,0
pc-b559f332-903,urzeitliche_kolosse__mit_pc,control,1,0,0,7,-2,12,7,24,4,7,1,5,0,0
pc-4971c0fa-904,forschung_muskelkraft__mit_pc,control,0,0,1,11,0,20,14,53,10,12,10,5,0,0
pc-4971c0fa-904,urzeitliche_kolosse__mit_pc,control,1,1,0,11,5,17,13,54,9,13,7,10,0,1
pc-c2bf31b7-905,forschung_muskelkraft__mit_pc,control,0,0,1,9,-3,18,9,34,11,8,5,6,0,0
pc-c2bf31b7-905,urzeitliche_kolosse__mit_pc,control,1,1,0,9,4,14,10,42,1,10,3,13,0,1
pc-56d71f7f-906,forschung_muskelkraft__mit_pc,control,0,1,1,12,4,23,15,58,14,13,12,13,0,0
pc-56d71f7f-906,urzeitliche_kolosse__mit_pc,control,1,0,0,12,-3,18,15,60,9,15,8,6,0,2
pc-d024703c-907,forschung_muskelkraft__mit_pc,control,0,0,1,7,-2,16,8,26,1,6,3,0,0,0
pc-d024703c-907,urzeitliche_kolosse__mit_pc,control,1,1,0,7,10,12,8,25,1,7,3,12,0,1
pc-643c5e04-908,forschung_muskelkraft__mit_pc,control,0,0,1,6,-2,15,6,19,1,5,4,5,0,0
pc-643c5e04-908,urzeitliche_kolosse__mit_pc,control,1,1,0,6,5,12,6,19,2,6,3,12,0,2
pc-dd89aec1-909,forschung_muskelkraft__mit_pc,control,0,0,1,9,-1,21,9,33,10,8,4,9,0,0
pc-dd89aec1-909,urzeitliche_kolosse__mit_pc,control,1,1,0,9,1,13,9,34,6,9,3,11,0,1
pc-71a19c89-910,forschung_muskelkraft__mit_pc,control,0,1,1,15,1,22,18,71,38,16,15,11,0,0
pc-71a19c89-910,urzeitliche_kolosse__mit_pc,control,1,0,0,15,-1,20,18,75,37,17,13,9,0,4
pc-eaeeed46-911,forschung_muskelkraft__mit_pc,control,0,1,1,6,5,13,6,19,2,4,3,12,0,0
pc-eaeeed46-911,urzeitliche_kolosse__mit_pc,control,1,0,0,6,-2,11,6,17,4,6,0,5,0,0
pc-7f06db0e-912,forschung_muskelkraft__mit_pc,control,0,0,1,11,-1,23,12,48,14,10,7,8,0,0
pc-7f06db0e-912,urzeitliche_kolosse__mit_pc,control,1,1,0,11,2,16,12,52,10,12,5,11,0,1
pc-f8542bcb-913,forschung_muskelkraft__mit_pc,control,0,0,1,15,0,22,14,57,52,12,13,7,0,0
pc-f8542bcb-913,urzeitliche_kolosse__mit_pc,control,1,1,0,15,2,19,17,62,51,16,8,9,0,1
pc-8c6c1993-914,forschung_muskelkraft__mit_pc,control,0,1,1,10,7,20,14,53,2,12,9,14,0,0
pc-8c6c1993-914,urzeitliche_kolosse__mit_pc,control,1,0,0,10,-4,14,13,48,4,12,7,3,0,0
pc-05b96a51-915,forschung_muskelkraft__mit_pc,control,0,1,1,12,2,23,14,54,17,12,11,10,0,0
pc-05b96a51-915,urzeitliche_kolosse__mit_pc,control,1,0,0,12,0,16,15,53,18,14,7,8,0,3
pc-c37d4fc7-916,forschung_muskelkraft__mit_pc,control,0,0,1,5,-2,11,2,9,6,2,0,0,0,0
pc-c37d4fc7-916,urzeitliche_kolosse__mit_pc,control,1,1,0,5,10,11,4,12,1,4,0,12,0,0
pc-3ccaa085-917,forschung_muskelkraft__mit_pc,control,0,0,1,8,-1,18,8,31,5,7,3,9,0,0
pc-3ccaa085-917,urzeitliche_kolosse__mit_pc,control,1,1,0,8,1,12,8,31,5,8,5,11,0,2
pc-d0e28e4c-918,forschung_muskelkraft__mit_pc,control,0,1,1,8,2,17,9,30,5,8,4,12,0,0
pc-d0e28e4c-918,urzeitliche_kolosse__mit_pc,control,1,0,0,8,-2,13,8,33,3,8,4,8,0,1
pc-4a2fff0a-919,forschung_muskelkraft__mit_pc,control,0,0,1,5,0,10,5,14,1,4,1,4,0,0
pc-4a2fff0a-919,urzeitliche_kolosse__mit_pc,control,1,1,0,5,6,11,5,14,1,4,2,10,0,0
pc-de47ccd1-920,forschung_muskelkraft__mit_pc,control,0,0,1,8,-1,19,9,32,1,8,6,8,0,0
pc-de47ccd1-920,urzeitliche_kolosse__mit_pc,control,1,1,0,8,2,13,8,35,1,8,3,11,0,1
pc-57953d8f-921,forschung_muskelkraft__mit_pc,control,0,1,1,7,4,15,7,26,2,7,5,10,0,0
pc-57953d8f-921,urzeitliche_kolosse__mit_pc,control,1,0,0,7,0,12,6,26,2,6,3,6,0,0
pc-ebad0b56-922,forschung_muskelkraft__mit_pc,control,0,0,1,4,0,10,3,8,2,3,0,3,0,0
pc-ebad0b56-922,urzeitliche_kolosse__mit_pc,control,1,1,0,4,7,9,4,9,0,3,1,10,0,0
pc-64fa7c14-923,forschung_muskelkraft__mit_pc,control,0,0,1,10,-3,18,11,40,11,9,7,7,0,0
pc-64fa7c14-923,urzeitliche_kolosse__mit_pc,control,1,1,0,10,3,16,12,43,10,12,4,13,0,1
pc-f91249db-924,forschung_muskelkraft__mit_pc,control,0,0,1,11,-3,21,12,45,15,10,9,9,0,0
pc-f91249db-924,urzeitliche_kolosse__mit_pc,control,1,1,0,11,1,16,14,53,8,13,6,13,0,0
pc-725fba99-925,forschung_muskelkraft__mit_pc,control,0,1,1,10,1,16,9,32,13,8,11,17,0,0
pc-725fba99-925,urzeitliche_kolosse__mit_pc,control,1,0,0,10,-7,15,13,50,5,12,5,9,0,2
pc-06778861-926,forschung_muskelkraft__mit_pc,control,0,0,1,11,-2,23,13,50,12,11,6,3,0,0
pc-06778861-926,urzeitliche_kolosse__mit_pc,control,1,1,0,11,7,17,11,39,16,10,6,12,0,0
pc-7fc4f91e-927,forschung_muskelkraft__mit_pc,control,0,0,1,5,-1,13,4,13,2,4,2,0,0,0
pc-7fc4f91e-927,urzeitliche_kolosse__mit_pc,control,1,1,0,5,10,10,5,14,1,5,3,11,0,1
pc-13dcc6e6-928,forschung_muskelkraft__mit_pc,control,0,0,1,9,-2,18,9,37,4,8,4,6,0,0
pc-13dcc6e6-928,urzeitliche_kolosse__mit_pc,control,1,1,0,9,4,15,8,40,4,7,3,12,0,1
pc-8d2a37a3-929,forschung_muskelkraft__mit_pc,control,0,0,1,10,-1,17,13,47,4,11,10,9,0,0
pc-8d2a37a3-929,urzeitliche_kolosse__mit_pc,control,1,1,0,10,1,14,13,45,5,12,6,11,0,0
pc-2142056b-930,forschung_muskelkraft__mit_pc,control,0,1,1,12,3,22,13,54,18,11,14,10,0,0
pc-2142056b-930,urzeitliche_kolosse__mit_pc,control,1,0,0,12,0,17,15,56,12,15,7,7,0,0
pc-9a8f7628-931,forschung_muskelkraft__mit_pc,control,0,0,1,9,-3,17,11,38,2,9,8,8,0,0
pc-9a8f7628-931,urzeitliche_kolosse__mit_pc,control,1,1,0,9,2,14,11,39,1,10,4,13,0,0
pc-04fb4c41-932,forschung_muskelkraft__mit_pc,control,0,0,1,10,-2,21,12,47,8,10,6,5,0,0
pc-04fb4c41-932,urzeitliche_kolosse__mit_pc,control,1,1,0,10,5,16,12,51,2,11,6,12,0,0
pc-7e48bcfe-933,forschung_muskelkraft__mit_pc,control,0,0,1,4,-1,10,3,8,2,3,0,2,0,0
pc-7e48bcfe-933,urzeitliche_kolosse__mit_pc,control,1,1,0,4,8,9,4,10,0,4,1,11,0,0
pc-12608ac6-934,forschung_muskelkraft__mit_pc,control,0,1,1,7,7,15,7,26,1,6,3,13,0,0
pc-12608ac6-934,urzeitliche_kolosse__mit_pc,control,1,0,0,7,-3,13,6,24,4,6,2,3,0,1
pc-8badfb83-935,forschung_muskelkraft__mit_pc,control,0,1,1,7,3,15,8,27,1,7,6,14,0,0
pc-8badfb83-935,urzeitliche_kolosse__mit_pc,control,1,0,0,7,-4,10,8,26,2,8,3,7,0,0
pc-1fc5c94b-936,forschung_muskelkraft__mit_pc,control,0,1,1,8,4,18,8,30,4,7,9,12,0,0
pc-1fc5c94b-936,urzeitliche_kolosse__mit_pc,control,1,0,0,8,-2,12,10,34,2,9,2,6,0,0
pc-99133a08-937,forschung_muskelkraft__mit_pc,control,0,0,1,8,0,17,9,27,1,8,5,4,0,0
pc-99133a08-937,urzeitliche_kolosse__mit_pc,control,1,1,0,8,6,14,7,32,4,7,3,10,0,0
pc-2d2b07d0-938,forschung_muskelkraft__mit_pc,control,0,1,1,11,1,22,12,46,9,10,6,10,0,0
pc-2d2b07d0-938,urzeitliche_kolosse__mit_pc,control,1,0,0,11,0,17,11,51,14,11,5,9,0,5
pc-a678788d-939,forschung_muskelkraft__mit_pc,control,0,0,1,7,-2,17,8,25,2,6,2,7,0,0
pc-a678788d-939,urzeitliche_kolosse__mit_pc,control,1,1,0,7,3,11,6,25,3,5,4,12,0,1
pc-3a904655-940,forschung_muskelkraft__mit_pc,control,0,0,1,5,-1,12,5,14,1,4,2,6,0,0
pc-3a904655-940,urzeitliche_kolosse__mit_pc,control,1,1,0,5,4,11,4,13,2,4,2,11,0,0
pc-b3ddb712-941,forschung_muskelkraft__mit_pc,control,0,1,1,11,5,22,14,51,4,12,10,11,0,0
pc-b3ddb712-941,urzeitliche_kolosse__mit_pc,control,1,0,0,11,-1,17,14,49,9,13,7,5,0,4
pc-47f584da-942,forschung_muskelkraft__mit_pc,control,0,0,1,14,-1,23,20,75,18,18,12,8,0,0
pc-47f584da-942,urzeitliche_kolosse__mit_pc,control,1,1,0,14,2,18,17,66,32,16,13,11,0,4
pc-c142f597-943,forschung_muskelkraft__mit_pc,control,0,0,1,11,-1,21,13,54,11,11,11,5,0,0
pc-c142f597-943,urzeitliche_kolosse__mit_pc,control,1,1,0,11,5,16,14,57,6,13,6,11,0,1
pc-555ac35f-944,forschung_muskelkraft__mit_pc,control,0,0,1,9,-1,19,8,29,9,6,6,9,0,0
pc-555ac35f-944,urzeitliche_kolosse__mit_pc,control,1,1,0,9,1,14,9,34,10,8,1,11,0,0
pc-cea8341c-945,forschung_muskelkraft__mit_pc,control,0,1,1,8,1,14,8,32,2,7,7,12,0,0
pc-cea8341c-945,urzeitliche_kolosse__mit_pc,control,1,0,0,8,-2,14,9,32,3,9,2,9,0,1
pc-62c001e4-946,forschung_muskelkraft__mit_pc,control,0,1,1,8,2,19,8,31,2,8,7,12,0,0
pc-62c001e4-946,urzeitliche_kolosse__mit_pc,control,1,0,0,8,-2,13,11,34,1,10,3,8,0,0
pc-dc0d72a1-947,forschung_muskelkraft__mit_pc,control,0,0,1,10,-1,19,11,43,7,9,6,5,0,0
pc-dc0d72a1-947,urzeitliche_kolosse__mit_pc,control,1,1,0,10,5,16,11,46,6,11,4,11,0,2
pc-99d15818-948,forschung_muskelkraft__mit_pc,control,0,0,1,4,-1,10,3,7,3,2,1,0,0,0
pc-99d15818-948,urzeitliche_kolosse__mit_pc,control,1,1,0,4,10,8,4,10,0,4,0,11,0,0
pc-131ea8d6-949,forschung_muskelkraft__mit_pc,control,0,1,1,7,6,17,8,26,1,6,7,11,0,0
pc-131ea8d6-949,urzeitliche_kolosse__mit_pc,control,1,0,0,7,-1,12,9,27,1,9,1,4,0,0
pc-76c7338a-950,forschung_muskelkraft__mit_pc,control,0,1,0,12,1,22,15,58,14,13,9,10,0,0
pc-76c7338a-950,urzeitliche_kolosse__mit_pc,control,1,0,1,12,0,18,15,60,12,14,8,9,0,0
pc-fd79c2cc-951,forschung_muskelkraft__mit_pc,control,0,1,0,9,1,20,11,39,3,9,5,10,0,0
pc-fd79c2cc-951,urzeitliche_kolosse__mit_pc,control,1,0,1,9,0,15,8,39,5,8,6,9,0,0
pc-842c720f-952,forschung_muskelkraft__mit_pc,control,0,1,0,8,6,17,8,27,2,7,6,15,0,0
pc-842c720f-952,urzeitliche_kolosse__mit_pc,control,1,0,1,8,-5,13,9,32,3,9,2,4,0,0
pc-0adf0152-953,forschung_muskelkraft__mit_pc,control,0,0,0,8,-1,16,9,34,2,9,4,9,0,0
pc-0adf0152-953,urzeitliche_kolosse__mit_pc,control,1,1,1,8,1,13,8,32,3,8,4,11,0,0
pc-5bfcb680-954,forschung_muskelkraft__mit_pc,control,0,1,0,11,2,21,12,51,9,11,10,11,0,0
pc-5bfcb680-954,urzeitliche_kolosse__mit_pc,control,1,0,1,11,-1,16,14,53,7,14,6,8,0,0
pc-e2af45c2-955,forschung_muskelkraft__mit_pc,control,0,0,0,7,-2,12,6,22,6,4,3,5,0,0
pc-e2af45c2-955,urzeitliche_kolosse__mit_pc,control,1,1,1,7,5,12,7,25,3,7,0,12,0,1
pc-6961f505-956,forschung_muskelkraft__mit_pc,control,0,0,0,4,-1,10,4,9,1,3,0,0,0,0
pc-6961f505-956,urzeitliche_kolosse__mit_pc,control,1,1,1,4,10,9,4,9,0,4,0,11,0,0
pc-f0148447-957,forschung_muskelkraft__mit_pc,control,0,0,0,8,0,15,7,31,5,7,3,4,0,0
pc-f0148447-957,urzeitliche_kolosse__mit_pc,control,1,1,1,8,6,14,7,34,2,7,2,10,0,0
pc-ac5c2d9e-958,forschung_muskelkraft__mit_pc,control,0,1,0,10,2,18,13,46,7,11,7,10,0,0
pc-ac5c2d9e-958,urzeitliche_kolosse__mit_pc,control,1,0,1,10,0,15,11,44,11,10,6,8,0,3
pc-330edce1-959,forschung_muskelkraft__mit_pc,control,0,1,0,8,1,19,9,32,3,9,6,13,0,0
pc-330edce1-959,urzeitliche_kolosse__mit_pc,control,1,0,1,8,-3,13,10,30,3,9,5,9,0,0
pc-b9c16c23-960,forschung_muskelkraft__mit_pc,control,0,0,0,5,0,11,2,9,6,2,0,4,0,0
pc-b9c16c23-960,urzeitliche_kolosse__mit_pc,control,1,1,1,5,6,10,4,14,1,4,0,10,0,0
pc-40741b66-961,forschung_muskelkraft__mit_pc,control,0,1,0,13,2,23,15,59,19,13,12,11,0,0
pc-40741b66-961,urzeitliche_kolosse__mit_pc,control,1,0,1,13,-1,18,16,66,19,15,8,8,0,3
pc-9191b094-962,forschung_muskelkraft__mit_pc,control,0,1,0,6,10,12,6,20,1,5,2,10,0,0
pc-9191b094-962,urzeitliche_kolosse__mit_pc,control,1,0,1,6,0,10,5,17,3,5,2,0,0,0
pc-18445fd7-963,forschung_muskelkraft__mit_pc,control,0,0,0,8,-1,16,10,34,1,8,4,7,0,0
pc-18445fd7-963,urzeitliche_kolosse__mit_pc,control,1,1,1,8,3,12,10,29,3,9,4,11,0,0
pc-9ef6ef19-964,forschung_muskelkraft__mit_pc,control,0,0,0,8,-3,18,9,33,2,8,3,3,0,0
pc-9ef6ef19-964,urzeitliche_kolosse__mit_pc,control,1,1,1,8,7,14,8,34,1,8,3,13,0,2
pc-25a99e5c-965,forschung_muskelkraft__mit_pc,control,0,0,0,7,0,14,7,26,2,6,3,4,0,0
pc-25a99e5c-965,urzeitliche_kolosse__mit_pc,control,1,1,1,7,6,12,8,25,2,7,4,10,0,2
pc-0b9d3f62-966,forschung_muskelkraft__mit_pc,control,0,1,0,7,4,12,7,24,3,6,5,12,0,0
pc-0b9d3f62-966,urzeitliche_kolosse__mit_pc,control,1,0,1,7,-2,12,8,24,2,7,2,6,0,0
pc-924fcea4-967,forschung_muskelkraft__mit_pc,control,0,1,0,7,4,14,8,26,1,6,7,14,0,0
pc-924fcea4-967,urzeitliche_kolosse__mit_pc,control,1,0,1,7,-4,11,9,27,1,8,2,6,0,0
pc-19027de7-968,forschung_muskelkraft__mit_pc,control,0,0,0,9,-2,20,10,37,5,8,3,9,0,0
pc-19027de7-968,urzeitliche_kolosse__mit_pc,control,1,1,1,9,1,15,8,25,11,7,3,12,0,0
pc-9fb50d29-969,forschung_muskelkraft__mit_pc,control,0,1,0,12,1,19,16,60,15,14,11,12,0,0
pc-9fb50d29-969,urzeitliche_kolosse__mit_pc,control,1,0,1,12,-2,17,15,54,13,14,9,9,0,2
pc-f0d2a257-970,forschung_muskelkraft__mit_pc,control,0,0,0,13,0,22,17,67,19,15,11,7,0,0
pc-f0d2a257-970,urzeitliche_kolosse__mit_pc,control,1,1,1,13,3,18,16,60,23,15,10,10,0,1
pc-7785519a-971,forschung_muskelkraft__mit_pc,control,0,1,0,12,5,23,16,63,7,14,6,13,0,0
pc-7785519a-971,urzeitliche_kolosse__mit_pc,control,1,0,1,12,-3,18,11,56,10,11,10,5,0,0
pc-fe37e0dc-972,forschung_muskelkraft__mit_pc,control,0,1,0,13,5,23,16,63,19,14,13,16,0,0
pc-fe37e0dc-972,urzeitliche_kolosse__mit_pc,control,1,0,1,13,-6,19,16,69,17,15,10,5,0,2
pc-84ea901f-973,forschung_muskelkraft__mit_pc,control,0,0,0,8,-2,17,8,31,2,7,4,8,0,0
pc-84ea901f-973,urzeitliche_kolosse__mit_pc,control,1,1,1,8,2,13,9,35,1,8,2,12,0,2
pc-41323976-974,forschung_muskelkraft__mit_pc,control,0,0,0,7,0,14,5,23,4,5,1,5,0,0
pc-41323976-974,urzeitliche_kolosse__mit_pc,control,1,1,1,7,5,13,7,23,0,6,3,10,0,0
pc-c7e4c8b8-975,forschung_muskelkraft__mit_pc,control,0,0,0,6,-3,12,6,19,2,5,3,3,0,0
pc-c7e4c8b8-975,urzeitliche_kolosse__mit_pc,control,1,1,1,6,7,11,6,16,3,6,1,13,0,0
pc-4e9777fb-976,forschung_muskelkraft__mit_pc,control,0,0,0,10,-3,20,13,51,4,12,5,2,0,0
pc-4e9777fb-976,urzeitliche_kolosse__mit_pc,control,1,1,1,10,8,16,11,48,4,10,9,13,0,0
pc-d54a073d-977,forschung_muskelkraft__mit_pc,control,0,0,0,9,0,19,11,39,2,9,7,4,0,0
pc-d54a073d-977,urzeitliche_kolosse__mit_pc,control,1,1,1,9,6,15,10,41,3,10,5,10,0,2
pc-2667bc6c-978,forschung_muskelkraft__mit_pc,control,0,0,0,11,0,20,14,54,9,12,10,6,0,0
pc-2667bc6c-978,urzeitliche_kolosse__mit_pc,control,1,1,1,11,4,16,14,52,7,13,7,10,0,1
pc-ad1a4bae-979,forschung_muskelkraft__mit_pc,control,0,1,0,10,5,20,10,34,12,8,8,12,0,0
pc-ad1a4bae-979,urzeitliche_kolosse__mit_pc,control,1,0,1,10,-2,16,11,42,11,10,3,5,0,0
pc-33ccfaf1-980,forschung_muskelkraft__mit_pc,control,0,1,0,16,2,23,20,75,45,18,15,12,0,0
pc-33ccfaf1-980,urzeitliche_kolosse__mit_pc,control,1,0,1,16,-3,22,19,76,48,18,17,7,0,3
pc-ba7f8a33-981,forschung_muskelkraft__mit_pc,control,0,1,0,9,4,20,9,37,4,8,4,10,0,0
pc-ba7f8a33-981,urzeitliche_kolosse__mit_pc,control,1,0,1,9,0,15,9,41,2,8,5,6,0,4
pc-4d1b3bdb-982,forschung_muskelkraft__mit_pc,control,0,0,0,9,0,21,11,39,2,9,6,6,0,0
pc-4d1b3bdb-982,urzeitliche_kolosse__mit_pc,control,1,1,1,9,4,15,10,40,3,10,4,10,0,0
pc-d3cdcb1d-983,forschung_muskelkraft__mit_pc,control,0,0,0,9,-2,19,11,39,2,9,4,5,0,0
pc-d3cdcb1d-983,urzeitliche_kolosse__mit_pc,control,1,1,1,9,5,15,10,43,2,9,4,12,0,4
pc-5a807a60-984,forschung_muskelkraft__mit_pc,control,0,0,0,7,-1,16,8,27,1,7,5,7,0,0
pc-5a807a60-984,urzeitliche_kolosse__mit_pc,control,1,1,1,7,3,12,9,26,1,9,3,11,0,0
pc-e13309a2-985,forschung_muskelkraft__mit_pc,control,0,0,0,11,0,23,16,64,2,15,8,3,0,0
pc-e13309a2-985,urzeitliche_kolosse__mit_pc,control,1,1,1,11,7,16,14,50,9,13,11,10,0,0
pc-3250bed1-986,forschung_muskelkraft__mit_pc,control,0,1,0,7,4,17,7,25,2,6,4,13,0,0
pc-3250bed1-986,urzeitliche_kolosse__mit_pc,control,1,0,1,7,-3,12,7,25,3,7,2,6,0,0
pc-b9034e13-987,forschung_muskelkraft__mit_pc,control,0,0,0,13,-2,21,17,69,9,15,11,8,0,0
pc-b9034e13-987,urzeitliche_kolosse__mit_pc,control,1,1,1,13,2,18,15,55,30,14,11,12,0,2
pc-3fb5fd56-988,forschung_muskelkraft__mit_pc,control,0,1,0,6,4,15,7,20,1,5,4,12,0,0
pc-3fb5fd56-988,urzeitliche_kolosse__mit_pc,control,1,0,1,6,-2,12,7,21,0,6,1,6,0,1
pc-c6688c98-989,forschung_muskelkraft__mit_pc,control,0,1,0,13,4,22,17,67,15,15,13,11,0,0
pc-c6688c98-989,urzeitliche_kolosse__mit_pc,control,1,0,1,13,-1,20,16,64,21,15,12,6,0,2
pc-82b035ef-990,forschung_muskelkraft__mit_pc,control,0,0,0,9,0,18,10,33,3,8,3,5,0,0
pc-82b035ef-990,urzeitliche_kolosse__mit_pc,control,1,1,1,9,5,15,9,39,3,8,3,10,0,3
pc-0962c532-991,forschung_muskelkraft__mit_pc,control,0,0,0,9,-3,14,10,36,4,9,7,8,0,0
pc-0962c532-991,urzeitliche_kolosse__mit_pc,control,1,1,1,9,2,15,12,43,2,11,4,13,0,0
pc-90157474-992,forschung_muskelkraft__mit_pc,control,0,0,0,8,-2,16,10,35,1,8,4,7,0,0
pc-90157474-992,urzeitliche_kolosse__mit_pc,control,1,1,1,8,3,13,8,36,0,7,3,12,0,0
pc-16c803b7-993,forschung_muskelkraft__mit_pc,control,0,1,0,8,2,16,9,33,3,8,5,11,0,0
pc-16c803b7-993,urzeitliche_kolosse__mit_pc,control,1,0,1,8,-1,14,8,33,3,7,3,8,0,0
pc-67e5b8e5-994,forschung_muskelkraft__mit_pc,control,0,1,0,7,10,15,6,24,2,6,2,11,0,0
pc-67e5b8e5-994,urzeitliche_kolosse__mit_pc,control,1,0,1,7,-1,13,6,24,4,5,3,0,0,0
pc-ee984827-995,forschung_muskelkraft__mit_pc,control,0,0,0,13,0,21,14,53,30,12,10,4,0,0
pc-ee984827-995,urzeitliche_kolosse__mit_pc,control,1,1,1,13,6,18,16,61,25,15,7,10,0,0
pc-754af76a-996,forschung_muskelkraft__mit_pc,control,0,1,0,8,1,18,9,32,3,8,7,11,0,0
pc-754af76a-996,urzeitliche_kolosse__mit_pc,control,1,0,1,8,-1,13,10,33,2,10,4,9,0,0
pc-fbfd86ac-997,forschung_muskelkraft__mit_pc,control,0,1,0,10,7,20,13,49,2,11,10,13,0,0
pc-fbfd86ac-997,urzeitliche_kolosse__mit_pc,control,1,0,1,10,-3,16,11,42,13,11,7,3,0,2
pc-e1f127b2-998,forschung_muskelkraft__mit_pc,control,0,0,0,6,0,14,6,20,1,5,4,3,0,0
pc-e1f127b2-998,urzeitliche_kolosse__mit_pc,control,1,1,1,6,7,12,6,18,0,6,2,10,0,0
pc-68a3d6f5-999,forschung_muskelkraft__mit_pc,control,0,1,0,14,1,23,18,71,24,16,13,13,0,0
pc-68a3d6f5-999,urzeitliche_kolosse__mit_pc,control,1,0,1,14,-3,19,17,69,24,16,12,9,0,5
pc-cd936cf4-1000,forschung_muskelkraft__mit_pc,control,0,1,1,7,2,17,9,26,2,7,5,10,0,0
pc-cd936cf4-1000,urzeitliche_kolosse__ohne_pc,control,1,0,0,7,0,11,9,25,3,8,4,8,0,1
pc-54461c37-1001,forschung_muskelkraft__mit_pc,control,0,1,1,7,6,15,6,22,6,5,2,10,0,0
pc-54461c37-1001,urzeitliche_kolosse__ohne_pc,control,1,0,0,7,0,12,7,25,3,7,0,4,0,0
pc-c02e2e6f-1002,forschung_muskelkraft__mit_pc,control,0,1,1,8,6,14,7,28,4,6,6,13,0,0
pc-c02e2e6f-1002,urzeitliche_kolosse__ohne_pc,control,1,0,0,8,-3,12,9,32,4,8,1,4,0,0
pc-46e0ddb2-1003,forschung_muskelkraft__mit_pc,control,0,1,1,8,4,20,9,33,1,8,8,11,0,0
pc-46e0ddb2-1003,urzeitliche_kolosse__ohne_pc,control,1,0,0,8,-1,13,9,34,2,9,3,6,0,0
pc-b2c8efea-1004,forschung_muskelkraft__mit_pc,control,0,1,1,12,1,21,12,48,24,10,7,13,0,0
pc-b2c8efea-1004,urzeitliche_kolosse__ohne_pc,control,1,0,0,12,-3,18,13,52,17,12,5,9,0,2
pc-397b9f2d-1005,forschung_muskelkraft__mit_pc,control,0,1,1,12,5,22,15,59,12,13,10,12,0,0
pc-397b9f2d-1005,urzeitliche_kolosse__ohne_pc,control,1,0,0,12,-2,18,15,57,10,13,9,5,0,1
pc-a563b165-1006,forschung_muskelkraft__mit_pc,control,0,1,1,6,4,14,6,18,2,5,5,10,0,0
pc-a563b165-1006,urzeitliche_kolosse__ohne_pc,control,1,0,0,6,0,11,6,17,3,6,2,6,0,0
pc-2c1640a8-1007,forschung_muskelkraft__mit_pc,control,0,0,1,9,0,18,10,33,10,8,6,9,0,0
pc-2c1640a8-1007,urzeitliche_kolosse__ohne_pc,control,1,1,0,9,1,15,12,36,4,10,4,10,0,2
pc-97fe72e0-1008,forschung_muskelkraft__mit_pc,control,0,1,1,10,5,20,12,41,8,10,13,10,0,0
pc-97fe72e0-1008,urzeitliche_kolosse__ohne_pc,control,1,0,0,10,0,16,13,48,5,13,5,5,0,0
pc-1eb10223-1009,forschung_muskelkraft__mit_pc,control,0,0,1,8,0,17,7,25,3,6,6,7,0,0
pc-1eb10223-1009,urzeitliche_kolosse__ohne_pc,control,1,1,0,8,3,14,9,35,1,8,1,10,0,1
pc-8a99345b-1010,forschung_muskelkraft__mit_pc,control,0,0,1,8,0,15,8,31,3,6,4,7,0,0
pc-8a99345b-1010,urzeitliche_kolosse__ohne_pc,control,1,1,0,8,3,13,8,29,7,7,1,10,0,0
pc-114bc39e-1011,forschung_muskelkraft__mit_pc,control,0,0,1,10,-1,22,11,39,12,9,10,8,0,0
pc-114bc39e-1011,urzeitliche_kolosse__ohne_pc,control,1,1,0,10,2,16,13,42,6,13,5,11,0,2
pc-7d33f5d6-1012,forschung_muskelkraft__mit_pc,control,0,0,1,10,0,22,10,37,14,8,5,6,0,0
pc-7d33f5d6-1012,urzeitliche_kolosse__ohne_pc,control,1,1,0,10,4,14,11,38,12,9,3,10,0,1
pc-03e68519-1013,forschung_muskelkraft__mit_pc,control,0,1,1,7,2,18,7,25,3,7,6,10,0,0
pc-03e68519-1013,urzeitliche_kolosse__ohne_pc,control,1,0,0,7,0,12,8,25,3,7,2,8,0,0
pc-6fceb751-1014,forschung_muskelkraft__mit_pc,control,0,0,1,5,-1,12,4,13,2,4,2,6,0,0
pc-6fceb751-1014,urzeitliche_kolosse__ohne_pc,control,1,1,0,5,4,11,6,14,1,5,2,11,0,0
pc-f6814693-1015,forschung_muskelkraft__mit_pc,control,0,1,1,7,4,18,8,25,3,6,3,10,0,0
pc-f6814693-1015,urzeitliche_kolosse__ohne_pc,control,1,0,0,7,0,12,8,27,1,6,2,6,0,0
pc-38bd611d-1016,forschung_muskelkraft__mit_pc,control,0,1,1,9,6,22,8,27,9,7,8,12,0,0
pc-38bd611d-1016,urzeitliche_kolosse__ohne_pc,control,1,0,0,9,-2,15,11,41,2,10,2,4,0,0
pc-bf70105f-1017,forschung_muskelkraft__mit_pc,control,0,0,1,6,-1,13,5,15,5,4,2,4,0,0
pc-bf70105f-1017,urzeitliche_kolosse__ohne_pc,control,1,1,0,6,6,11,6,20,1,5,2,11,0,0
pc-2b582298-1018,forschung_muskelkraft__mit_pc,control,0,0,1,11,-1,21,13,52,13,11,8,9,0,0
pc-2b582298-1018,urzeitliche_kolosse__ohne_pc,control,1,1,0,11,1,16,14,51,11,12,7,11,0,0
pc-b20ad1da-1019,forschung_muskelkraft__mit_pc,control,0,0,1,5,-1,13,4,12,3,3,1,0,0,0
pc-b20ad1da-1019,urzeitliche_kolosse__ohne_pc,control,1,1,0,5,10,8,5,15,0,5,0,11,0,0
pc-1df2e413-1020,forschung_muskelkraft__mit_pc,control,0,1,1,7,7,15,8,25,1,7,4,13,0,0
pc-1df2e413-1020,urzeitliche_kolosse__ohne_pc,control,1,0,0,7,-3,12,7,23,5,6,4,3,0,0
pc-a4a59355-1021,forschung_muskelkraft__mit_pc,control,0,1,1,6,1,15,7,19,1,6,5,11,0,0
pc-a4a59355-1021,urzeitliche_kolosse__ohne_pc,control,1,0,0,6,-1,11,7,19,1,6,3,9,0,0
pc-108da58e-1022,forschung_muskelkraft__mit_pc,control,0,1,1,8,1,17,9,26,3,7,7,10,0,0
pc-108da58e-1022,urzeitliche_kolosse__ohne_pc,control,1,0,0,8,0,13,9,34,1,9,3,9,0,1
pc-974054d0-1023,forschung_muskelkraft__mit_pc,control,0,0,1,8,-2,19,8,29,6,6,5,4,0,0
pc-974054d0-1023,urzeitliche_kolosse__ohne_pc,control,1,1,0,8,6,12,10,34,2,9,2,12,0,0
pc-03286709-1024,forschung_muskelkraft__mit_pc,control,0,1,1,10,1,20,12,40,5,10,11,12,0,0
pc-03286709-1024,urzeitliche_kolosse__ohne_pc,control,1,0,0,10,-2,14,13,44,8,12,5,9,0,0
pc-89db164b-1025,forschung_muskelkraft__mit_pc,control,0,1,1,8,1,15,9,30,4,7,5,10,0,0
pc-89db164b-1025,urzeitliche_kolosse__ohne_pc,control,1,0,0,8,0,12,7,33,3,7,2,9,0,1
pc-f5c32883-1026,forschung_muskelkraft__mit_pc,control,0,1,1,6,5,11,6,19,1,5,2,13,0,0
pc-f5c32883-1026,urzeitliche_kolosse__ohne_pc,control,1,0,0,6,-3,11,5,17,3,5,1,5,0,1
pc-7c75d7c6-1027,forschung_muskelkraft__mit_pc,control,0,1,1,8,1,16,7,26,7,5,3,13,0,0
pc-7c75d7c6-1027,urzeitliche_kolosse__ohne_pc,control,1,0,0,8,-3,13,9,34,2,7,2,9,0,2
pc-e85de9fe-1028,forschung_muskelkraft__mit_pc,control,0,0,1,10,-1,22,9,32,19,7,8,7,0,0
pc-e85de9fe-1028,urzeitliche_kolosse__ohne_pc,control,1,1,0,10,3,15,13,48,5,12,2,11,0,1
pc-6f109941-1029,forschung_muskelkraft__mit_pc,control,0,1,1,8,4,17,9,28,1,7,9,10,0,0
pc-6f109941-1029,urzeitliche_kolosse__ohne_pc,control,1,0,0,8,0,14,10,33,2,9,4,6,0,0
pc-daf8ab79-1030,forschung_muskelkraft__mit_pc,control,0,0,1,10,-3,20,12,45,6,10,7,7,0,0
pc-daf8ab79-1030,urzeitliche_kolosse__ohne_pc,control,1,1,0,10,3,16,11,48,4,11,6,13,0,1
pc-61ab5abc-1031,forschung_muskelkraft__mit_pc,control,0,0,1,5,-1,13,3,11,4,3,1,6,0,0
pc-61ab5abc-1031,urzeitliche_kolosse__ohne_pc,control,1,1,0,5,4,11,4,12,3,3,0,11,0,0
pc-f73f64a3-1032,forschung_muskelkraft__mit_pc,control,0,1,1,7,1,13,8,26,2,6,4,12,0,0
pc-f73f64a3-1032,urzeitliche_kolosse__ohne_pc,control,1,0,0,7,-2,11,8,26,2,8,1,9,0,1
pc-7df213e6-1033,forschung_muskelkraft__mit_pc,control,0,0,1,4,0,12,5,8,1,3,3,0,0,0
pc-7df213e6-1033,urzeitliche_kolosse__ohne_pc,control,1,1,0,4,10,7,5,9,0,5,0,10,0,0
pc-e9da261e-1034,forschung_muskelkraft__mit_pc,control,0,0,1,10,-1,16,11,41,8,10,8,9,0,0
pc-e9da261e-1034,urzeitliche_kolosse__ohne_pc,control,1,1,0,10,1,14,13,43,6,12,5,11,0,2
pc-708cd561-1035,forschung_muskelkraft__mit_pc,control,0,1,1,6,5,14,6,20,1,5,1,13,0,0
pc-708cd561-1035,urzeitliche_kolosse__ohne_pc,control,1,0,0,6,-3,12,4,17,3,4,1,5,0,1
pc-dc74e799-1036,forschung_muskelkraft__mit_pc,control,0,0,1,7,0,18,8,26,2,7,5,8,0,0
pc-dc74e799-1036,urzeitliche_kolosse__ohne_pc,control,1,1,0,7,2,13,8,25,3,8,3,10,0,0
pc-632796dc-1037,forschung_muskelkraft__mit_pc,control,0,0,1,9,-1,18,9,32,10,8,6,8,0,0
pc-632796dc-1037,urzeitliche_kolosse__ohne_pc,control,1,1,0,9,2,14,11,42,3,9,3,11,0,1
pc-cf0fa914-1038,forschung_muskelkraft__mit_pc,control,0,0,1,9,-3,19,10,33,3,8,8,6,0,0
pc-cf0fa914-1038,urzeitliche_kolosse__ohne_pc,control,1,1,0,9,4,14,10,42,3,10,4,13,0,0
pc-55c25857-1039,forschung_muskelkraft__mit_pc,control,0,0,1,9,-4,16,11,42,3,9,6,9,0,0
pc-55c25857-1039,urzeitliche_kolosse__ohne_pc,control,1,1,0,9,1,14,10,39,6,10,4,14,0,0
pc-c1aa6a8f-1040,forschung_muskelkraft__mit_pc,control,0,1,1,6,6,13,5,19,2,5,3,12,0,0
pc-c1aa6a8f-1040,urzeitliche_kolosse__ohne_pc,control,1,0,0,6,-2,11,5,18,2,4,1,4,0,0
pc-485d19d2-1041,forschung_muskelkraft__mit_pc,control,0,1,1,8,4,19,9,32,1,8,8,14,0,0
pc-485d19d2-1041,urzeitliche_kolosse__ohne_pc,control,1,0,0,8,-4,14,10,32,4,10,4,6,0,0
pc-b4452c0a-1042,forschung_muskelkraft__mit_pc,control,0,0,1,7,0,14,7,26,2,6,4,6,0,0
pc-b4452c0a-1042,urzeitliche_kolosse__ohne_pc,control,1,1,0,7,4,12,9,27,1,8,3,10,0,0
pc-3af7db4d-1043,forschung_muskelkraft__mit_pc,control,0,1,1,8,2,16,9,33,1,8,5,12,0,0
pc-3af7db4d-1043,urzeitliche_kolosse__ohne_pc,control,1,0,0,8,-2,14,9,33,3,7,3,8,0,0
pc-a6dfed85-1044,forschung_muskelkraft__mit_pc,control,0,1,1,8,6,13,8,29,3,7,5,12,0,0
pc-a6dfed85-1044,urzeitliche_kolosse__ohne_pc,control,1,0,0,8,-2,13,9,32,4,8,3,4,0,0
pc-2d929cc8-1045,forschung_muskelkraft__mit_pc,control,0,1,1,8,1,16,8,30,3,7,6,11,0,0
pc-2d929cc8-1045,urzeitliche_kolosse__ohne_pc,control,1,0,0,8,-1,12,8,33,3,8,2,9,0,2
pc-997aaf00-1046,forschung_muskelkraft__mit_pc,control,0,0,1,8,0,15,8,26,2,6,5,6,0,0
pc-997aaf00-1046,urzeitliche_kolosse__ohne_pc,control,1,1,0,8,4,13,9,33,3,8,1,10,0,1
pc-202d5e43-1047,forschung_muskelkraft__mit_pc,control,0,1,1,7,2,13,8,25,1,6,4,11,0,0
pc-202d5e43-1047,urzeitliche_kolosse__ohne_pc,control,1,0,0,7,-1,12,8,27,1,7,2,8,0,1
pc-626978cc-1048,forschung_muskelkraft__mit_pc,control,0,1,1,7,2,14,8,26,2,6,5,10,0,0
pc-626978cc-1048,urzeitliche_kolosse__ohne_pc,control,1,0,0,7,0,12,9,26,1,8,1,8,0,0
pc-e91c080e-1049,forschung_muskelkraft__mit_pc,control,0,1,1,11,4,21,13,49,6,11,10,11,0,0
pc-e91c080e-1049,urzeitliche_kolosse__ohne_pc,control,1,0,0,11,-1,15,14,49,7,12,6,6,0,0
pc-69b34d65-1050,forschung_muskelkraft__mit_pc,control,0,1,0,13,1,24,14,57,25,12,12,14,0,0
pc-69b34d65-1050,urzeitliche_kolosse__ohne_pc,control,1,0,1,13,-4,20,16,56,24,14,8,9,0,0
pc-e300be22-1051,forschung_muskelkraft__mit_pc,control,0,1,0,8,3,18,8,31,4,7,3,11,0,0
pc-e300be22-1051,urzeitliche_kolosse__ohne_pc,control,1,0,1,8,-1,13,7,32,4,7,3,7,0,3
pc-77188bea-1052,forschung_muskelkraft__mit_pc,control,0,1,0,12,4,22,13,49,17,11,13,12,0,0
pc-77188bea-1052,urzeitliche_kolosse__ohne_pc,control,1,0,1,12,-2,18,15,58,12,14,7,6,0,1
pc-f065fca7-1053,forschung_muskelkraft__mit_pc,control,0,1,0,7,4,13,7,26,1,6,7,13,0,0
pc-f065fca7-1053,urzeitliche_kolosse__ohne_pc,control,1,0,1,7,-3,11,9,27,1,9,1,6,0,0
pc-847dca6f-1054,forschung_muskelkraft__mit_pc,control,0,1,0,11,7,21,15,56,4,13,10,11,0,0
pc-847dca6f-1054,urzeitliche_kolosse__ohne_pc,control,1,0,1,11,-1,17,14,54,4,13,9,3,0,1
pc-fdcb3b2c-1055,forschung_muskelkraft__mit_pc,control,0,0,0,8,0,19,9,31,3,7,3,7,0,0
pc-fdcb3b2c-1055,urzeitliche_kolosse__ohne_pc,control,1,1,1,8,3,14,6,29,7,6,2,10,0,1
pc-91e308f4-1056,forschung_muskelkraft__mit_pc,control,0,1,0,8,4,19,10,32,2,8,5,11,0,0
pc-91e308f4-1056,urzeitliche_kolosse__ohne_pc,control,1,0,1,8,-1,14,9,30,5,7,5,6,0,3
pc-0b3079b2-1057,forschung_muskelkraft__mit_pc,control,0,1,0,10,3,20,13,44,1,11,9,13,0,0
pc-0b3079b2-1057,urzeitliche_kolosse__ohne_pc,control,1,0,1,10,-3,15,13,50,3,12,6,7,0,0
pc-9f484779-1058,forschung_muskelkraft__mit_pc,control,0,1,0,6,3,12,7,20,1,5,4,10,0,0
pc-9f484779-1058,urzeitliche_kolosse__ohne_pc,control,1,0,1,6,0,11,7,16,2,6,1,7,0,0
pc-1895b837-1059,forschung_muskelkraft__mit_pc,control,0,0,0,9,-2,20,9,39,6,9,4,4,0,0
pc-1895b837-1059,urzeitliche_kolosse__ohne_pc,control,1,1,1,9,6,14,9,40,5,8,7,12,0,1
pc-acad85fe-1060,forschung_muskelkraft__mit_pc,control,0,0,0,9,0,18,9,31,5,7,6,5,0,0
pc-acad85fe-1060,urzeitliche_kolosse__ohne_pc,control,1,1,1,9,5,15,10,35,4,9,3,10,0,1
pc-25faf6bc-1061,forschung_muskelkraft__mit_pc,control,0,0,0,10,-2,21,10,38,7,9,4,6,0,0
pc-25faf6bc-1061,urzeitliche_kolosse__ohne_pc,control,1,1,1,10,4,16,9,38,7,9,4,12,0,0
pc-ba12c483-1062,forschung_muskelkraft__mit_pc,control,0,1,0,7,10,17,7,24,2,6,4,12,0,0
pc-ba12c483-1062,urzeitliche_kolosse__ohne_pc,control,1,0,1,7,-2,11,6,25,3,5,3,0,0,0
pc-33603541-1063,forschung_muskelkraft__mit_pc,control,0,0,0,7,-3,13,6,24,3,5,4,8,0,0
pc-33603541-1063,urzeitliche_kolosse__ohne_pc,control,1,1,1,7,2,12,8,28,0,7,0,13,0,0
pc-c7780308-1064,forschung_muskelkraft__mit_pc,control,0,1,0,9,8,21,12,40,2,10,6,12,0,0
pc-c7780308-1064,urzeitliche_kolosse__ohne_pc,control,1,0,1,9,-2,13,11,42,3,9,6,2,0,1
pc-40c573c6-1065,forschung_muskelkraft__mit_pc,control,0,1,0,9,2,15,11,39,2,9,7,14,0,0
pc-40c573c6-1065,urzeitliche_kolosse__ohne_pc,control,1,0,1,9,-4,14,11,39,6,10,5,8,0,0
pc-fe89593c-1066,forschung_muskelkraft__mit_pc,control,0,0,0,9,-2,19,7,30,6,7,6,9,0,0
pc-fe89593c-1066,urzeitliche_kolosse__ohne_pc,control,1,1,1,9,1,12,11,38,5,9,2,12,0,0
pc-77d6a9fa-1067,forschung_muskelkraft__mit_pc,control,0,0,0,9,-2,20,10,31,5,8,7,8,0,0
pc-77d6a9fa-1067,urzeitliche_kolosse__ohne_pc,control,1,1,1,9,2,14,11,36,5,9,3,12,0,0
pc-0bee97c2-1068,forschung_muskelkraft__mit_pc,control,0,0,0,6,-1,12,5,18,3,4,3,3,0,0
pc-0bee97c2-1068,urzeitliche_kolosse__ohne_pc,control,1,1,1,6,7,11,6,17,1,6,0,11,0,0
pc-853be87f-1069,forschung_muskelkraft__mit_pc,control,0,1,0,6,4,14,7,20,1,5,4,11,0,0
pc-853be87f-1069,urzeitliche_kolosse__ohne_pc,control,1,0,1,6,-1,12,6,17,2,5,0,6,0,0
pc-1953d647-1070,forschung_muskelkraft__mit_pc,control,0,0,0,4,0,9,4,8,2,2,2,0,0,0
pc-1953d647-1070,urzeitliche_kolosse__ohne_pc,control,1,1,1,4,10,9,5,10,0,4,0,10,0,0
pc-92a12704-1071,forschung_muskelkraft__mit_pc,control,0,0,0,8,-1,16,9,32,3,8,4,6,0,0
pc-92a12704-1071,urzeitliche_kolosse__ohne_pc,control,1,1,1,8,4,14,9,31,5,8,3,11,0,0
pc-26b914cc-1072,forschung_muskelkraft__mit_pc,control,0,1,0,7,4,17,9,27,1,7,6,10,0,0
pc-26b914cc-1072,urzeitliche_kolosse__ohne_pc,control,1,0,1,7,0,12,9,27,1,8,3,6,0,0
pc-a0066589-1073,forschung_muskelkraft__mit_pc,control,0,0,0,8,0,16,8,32,4,8,6,8,0,0
pc-a0066589-1073,urzeitliche_kolosse__ohne_pc,control,1,1,1,8,2,13,8,35,1,8,3,10,0,0
pc-341e5351-1074,forschung_muskelkraft__mit_pc,control,0,0,0,9,-3,18,8,26,10,6,8,8,0,0
pc-341e5351-1074,urzeitliche_kolosse__ohne_pc,control,1,1,1,9,2,14,11,36,4,10,1,13,0,1
pc-ad6ba40e-1075,forschung_muskelkraft__mit_pc,control,0,1,0,7,6,15,8,23,3,6,3,14,0,0
pc-ad6ba40e-1075,urzeitliche_kolosse__ohne_pc,control,1,0,1,7,-4,12,7,26,2,6,2,4,0,0
pc-418391d6-1076,forschung_muskelkraft__mit_pc,control,0,0,0,11,-3,18,14,56,9,12,8,6,0,0
pc-418391d6-1076,urzeitliche_kolosse__ohne_pc,control,1,1,1,11,4,16,13,52,10,13,7,13,0,3
pc-bad0e293-1077,forschung_muskelkraft__mit_pc,control,0,1,0,9,3,19,10,37,5,8,8,10,0,0
pc-bad0e293-1077,urzeitliche_kolosse__ohne_pc,control,1,0,1,9,0,14,12,36,2,11,3,7,0,1
pc-4ee8d05b-1078,forschung_muskelkraft__mit_pc,control,0,1,0,7,1,13,6,22,5,5,3,12,0,0
pc-4ee8d05b-1078,urzeitliche_kolosse__ohne_pc,control,1,0,1,7,-2,11,7,23,4,7,2,9,0,0
pc-c8362118-1079,forschung_muskelkraft__mit_pc,control,0,1,0,10,5,19,13,47,3,11,9,12,0,0
pc-c8362118-1079,urzeitliche_kolosse__ohne_pc,control,1,0,1,10,-2,14,13,49,3,13,6,5,0,1
pc-5c4e0ee0-1080,forschung_muskelkraft__mit_pc,control,0,1,0,8,2,16,9,34,2,8,5,13,0,0
pc-5c4e0ee0-1080,urzeitliche_kolosse__ohne_pc,control,1,0,1,8,-3,14,9,32,4,8,3,8,0,0
pc-d59b7f9d-1081,forschung_muskelkraft__mit_pc,control,0,0,0,6,-4,15,5,17,4,4,3,3,0,0
pc-d59b7f9d-1081,urzeitliche_kolosse__ohne_pc,control,1,1,1,6,7,12,7,17,3,6,2,14,0,2
pc-935f4514-1082,forschung_muskelkraft__mit_pc,control,0,0,0,4,0,9,3,7,3,2,2,3,0,0
pc-935f4514-1082,urzeitliche_kolosse__ohne_pc,control,1,1,1,4,7,8,4,9,0,4,0,10,0,0
pc-0cacb5d2-1083,forschung_muskelkraft__mit_pc,control,0,1,0,13,1,23,15,58,20,13,11,11,0,0
pc-0cacb5d2-1083,urzeitliche_kolosse__ohne_pc,control,1,0,1,13,-1,18,16,55,24,14,8,9,0,0
pc-a0c48399-1084,forschung_muskelkraft__mit_pc,control,0,1,0,7,3,13,7,26,2,6,4,10,0,0
pc-a0c48399-1084,urzeitliche_kolosse__ohne_pc,control,1,0,1,7,0,11,8,26,2,8,2,7,0,1
pc-1a11f457-1085,forschung_muskelkraft__mit_pc,control,0,0,0,12,-3,22,13,50,16,11,11,8,0,0
pc-1a11f457-1085,urzeitliche_kolosse__ohne_pc,control,1,1,1,12,2,18,14,52,14,13,6,13,0,0
pc-ae29c21e-1086,forschung_muskelkraft__mit_pc,control,0,1,0,9,4,18,8,30,8,6,8,11,0,0
pc-ae29c21e-1086,urzeitliche_kolosse__ohne_pc,control,1,0,1,9,-1,13,10,38,7,10,1,6,0,0
pc-277732dc-1087,forschung_muskelkraft__mit_pc,control,0,1,0,8,3,14,9,33,3,8,5,11,0,0
pc-277732dc-1087,urzeitliche_kolosse__ohne_pc,control,1,0,1,8,-1,14,9,33,2,9,3,7,0,0
pc-bb8f00a3-1088,forschung_muskelkraft__mit_pc,control,0,1,0,10,3,19,12,47,3,11,9,12,0,0
pc-bb8f00a3-1088,urzeitliche_kolosse__ohne_pc,control,1,0,1,10,-2,14,13,39,7,11,6,7,0,1
pc-34dc7161-1089,forschung_muskelkraft__mit_pc,control,0,0,0,8,-2,19,8,29,5,6,5,8,0,0
pc-34dc7161-1089,urzeitliche_kolosse__ohne_pc,control,1,1,1,8,2,14,9,35,1,8,1,12,0,1
pc-c8f45f28-1090,forschung_muskelkraft__mit_pc,control,0,0,0,9,0,16,12,44,1,11,7,6,0,0
pc-c8f45f28-1090,urzeitliche_kolosse__ohne_pc,control,1,1,1,9,4,13,12,43,0,10,7,10,0,4
pc-4241afe6-1091,forschung_muskelkraft__mit_pc,control,0,1,0,6,5,13,6,18,2,5,3,11,0,0
pc-4241afe6-1091,urzeitliche_kolosse__ohne_pc,control,1,0,1,6,-1,11,5,18,2,5,1,5,0,0
pc-d6599dad-1092,forschung_muskelkraft__mit_pc,control,0,1,0,7,6,15,7,21,5,5,5,11,0,0
pc-d6599dad-1092,urzeitliche_kolosse__ohne_pc,control,1,0,1,7,-1,12,7,25,3,7,0,4,0,0
pc-4fa6ee6b-1093,forschung_muskelkraft__mit_pc,control,0,1,0,8,2,15,8,31,3,7,7,11,0,0
pc-4fa6ee6b-1093,urzeitliche_kolosse__ohne_pc,control,1,0,1,8,-1,13,9,35,1,8,3,8,0,0
pc-e3bedc32-1094,forschung_muskelkraft__mit_pc,control,0,0,0,10,0,19,8,31,14,7,8,5,0,0
pc-e3bedc32-1094,urzeitliche_kolosse__ohne_pc,control,1,1,1,10,5,14,12,35,10,10,2,10,0,0
pc-5d0c2cf0-1095,forschung_muskelkraft__mit_pc,control,0,1,0,9,4,20,10,38,4,9,7,13,0,0
pc-5d0c2cf0-1095,urzeitliche_kolosse__ohne_pc,control,1,0,1,9,-3,16,10,37,6,9,6,6,0,3
pc-f1241ab7-1096,forschung_muskelkraft__mit_pc,control,0,1,0,9,3,18,9,32,4,8,7,15,0,0
pc-f1241ab7-1096,urzeitliche_kolosse__ohne_pc,control,1,0,1,9,-5,15,11,36,8,10,4,7,0,1
pc-6a716b75-1097,forschung_muskelkraft__mit_pc,control,0,0,0,9,0,16,9,32,4,7,7,5,0,0
pc-6a716b75-1097,urzeitliche_kolosse__ohne_pc,control,1,1,1,9,5,14,11,37,3,11,2,10,0,1
pc-283550ec-1098,forschung_muskelkraft__mit_pc,control,0,0,0,4,0,9,1,4,6,1,0,0,0,0
pc-283550ec-1098,urzeitliche_kolosse__ohne_pc,control,1,1,1,4,10,8,4,9,1,3,0,10,0,0
pc-a182a1a9-1099,forschung_muskelkraft__mit_pc,control,0,0,0,5,-2,13,4,13,2,4,3,4,0,0
pc-a182a1a9-1099,urzeitliche_kolosse__ohne_pc,control,1,1,1,5,6,11,6,15,0,5,3,12,0,0
pc-7f1a529e-1100,forschung_muskelkraft__ohne_pc,control,0,0,1,3,0,9,3,5,1,2,0,0,0,0
pc-7f1a529e-1100,urzeitliche_kolosse__mit_pc,control,1,1,0,3,10,8,3,5,1,3,0,10,0,0
pc-f867a35b-1101,forschung_muskelkraft__ohne_pc,control,0,1,1,9,1,17,11,38,3,9,5,12,0,0
pc-f867a35b-1101,urzeitliche_kolosse__mit_pc,control,1,0,0,9,-2,15,9,40,3,8,5,9,0,0
pc-8c7f9123-1102,forschung_muskelkraft__ohne_pc,control,0,1,1,9,2,15,9,35,5,8,8,11,0,0
pc-8c7f9123-1102,urzeitliche_kolosse__mit_pc,control,1,0,0,9,-1,14,12,33,6,11,3,8,0,0
pc-05cce1e1-1103,forschung_muskelkraft__ohne_pc,control,0,0,1,4,-2,9,3,4,2,1,0,3,0,0
pc-05cce1e1-1103,urzeitliche_kolosse__mit_pc,control,1,1,0,4,7,9,3,9,1,3,0,12,0,0
pc-99e4cfa8-1104,forschung_muskelkraft__ohne_pc,control,0,0,1,8,0,19,11,34,2,9,6,3,0,0
pc-99e4cfa8-1104,urzeitliche_kolosse__mit_pc,control,1,1,0,8,7,13,9,36,0,9,4,10,0,0
pc-13322066-1105,forschung_muskelkraft__ohne_pc,control,0,0,1,9,-1,18,9,32,4,8,6,4,0,0
pc-13322066-1105,urzeitliche_kolosse__mit_pc,control,1,1,0,9,6,15,7,34,2,7,3,11,0,0
pc-a74a0e2d-1106,forschung_muskelkraft__ohne_pc,control,0,0,1,7,0,15,9,27,1,7,4,6,0,0
pc-a74a0e2d-1106,urzeitliche_kolosse__mit_pc,control,1,1,0,7,4,13,7,25,3,7,2,10,0,0
pc-20977eeb-1107,forschung_muskelkraft__ohne_pc,control,0,0,1,6,-2,14,5,18,2,5,4,9,0,0
pc-20977eeb-1107,urzeitliche_kolosse__mit_pc,control,1,1,0,6,1,11,6,21,0,6,1,12,0,0
pc-4985588a-1108,forschung_muskelkraft__ohne_pc,control,0,0,1,9,-2,21,12,43,2,10,5,3,0,0
pc-4985588a-1108,urzeitliche_kolosse__mit_pc,control,1,1,0,9,7,14,10,41,2,10,5,12,0,1
pc-c2d2a947-1109,forschung_muskelkraft__ohne_pc,control,0,1,1,7,6,16,8,26,1,6,5,14,0,0
pc-c2d2a947-1109,urzeitliche_kolosse__mit_pc,control,1,0,0,7,-4,13,8,26,2,7,1,4,0,0
pc-56ea970f-1110,forschung_muskelkraft__ohne_pc,control,0,0,1,5,0,13,4,13,2,4,0,0,0,0
pc-56ea970f-1110,urzeitliche_kolosse__mit_pc,control,1,1,0,5,10,11,4,14,1,4,1,10,0,0
pc-d037e7cc-1111,forschung_muskelkraft__ohne_pc,control,0,0,1,7,0,14,8,23,5,6,4,9,0,0
pc-d037e7cc-1111,urzeitliche_kolosse__mit_pc,control,1,1,0,7,1,10,7,21,5,7,1,10,0,1
pc-644fd594-1112,forschung_muskelkraft__ohne_pc,control,0,0,1,14,-2,22,20,71,22,18,12,5,0,0
pc-644fd594-1112,urzeitliche_kolosse__mit_pc,control,1,1,0,14,5,19,17,66,32,16,14,12,0,2
pc-dd9d2651-1113,forschung_muskelkraft__ohne_pc,control,0,1,1,7,5,16,9,27,1,7,5,10,0,0
pc-dd9d2651-1113,urzeitliche_kolosse__mit_pc,control,1,0,0,7,0,11,7,25,3,6,3,5,0,0
pc-71b51419-1114,forschung_muskelkraft__ohne_pc,control,0,0,1,10,-1,22,12,45,5,11,7,0,0,0
pc-71b51419-1114,urzeitliche_kolosse__mit_pc,control,1,1,0,10,10,16,12,49,3,11,6,11,0,0
pc-eb0264d6-1115,forschung_muskelkraft__ohne_pc,control,0,1,1,13,4,22,16,59,25,14,12,13,0,0
pc-eb0264d6-1115,urzeitliche_kolosse__mit_pc,control,1,0,0,13,-3,18,16,57,24,15,11,6,0,1
pc-ea4446c6-1116,forschung_muskelkraft__ohne_pc,control,0,0,1,10,-1,18,11,44,7,9,9,8,0,0
pc-ea4446c6-1116,urzeitliche_kolosse__mit_pc,control,1,1,0,10,2,14,13,44,2,12,6,11,0,2
pc-6391b784-1117,forschung_muskelkraft__ohne_pc,control,0,1,1,9,4,20,11,39,5,10,8,12,0,0
pc-6391b784-1117,urzeitliche_kolosse__mit_pc,control,1,0,0,9,-2,13,12,40,4,12,6,6,0,1
pc-f7a9854b-1118,forschung_muskelkraft__ohne_pc,control,0,1,1,7,6,16,8,26,2,7,4,10,0,0
pc-f7a9854b-1118,urzeitliche_kolosse__mit_pc,control,1,0,0,7,0,12,6,25,3,6,2,4,0,1
pc-70f6f609-1119,forschung_muskelkraft__ohne_pc,control,0,1,1,11,2,19,13,45,15,11,12,11,0,0
pc-70f6f609-1119,urzeitliche_kolosse__mit_pc,control,1,0,0,11,-1,17,14,55,11,14,6,8,0,0
pc-050ec3d1-1120,forschung_muskelkraft__ohne_pc,control,0,0,1,6,0,12,7,20,1,5,3,8,0,0
pc-050ec3d1-1120,urzeitliche_kolosse__mit_pc,control,1,1,0,6,2,12,6,16,3,5,3,10,0,1
pc-7e5c348e-1121,forschung_muskelkraft__ohne_pc,control,0,0,1,5,-1,13,5,13,1,4,3,4,0,0
pc-7e5c348e-1121,urzeitliche_kolosse__mit_pc,control,1,1,0,5,6,11,5,13,2,5,0,11,0,0
pc-12740256-1122,forschung_muskelkraft__ohne_pc,control,0,0,1,5,-2,14,5,14,1,4,1,5,0,0
pc-12740256-1122,urzeitliche_kolosse__mit_pc,control,1,1,0,5,5,9,5,13,2,5,0,12,0,0
pc-8bc17313-1123,forschung_muskelkraft__ohne_pc,control,0,0,1,10,0,18,13,47,8,12,6,9,0,0
pc-8bc17313-1123,urzeitliche_kolosse__mit_pc,control,1,1,0,10,1,15,12,43,5,11,9,10,0,4
pc-b4af4cb2-1124,forschung_muskelkraft__ohne_pc,control,0,0,1,5,-3,12,5,14,1,4,1,3,0,0
pc-b4af4cb2-1124,urzeitliche_kolosse__mit_pc,control,1,1,0,5,7,10,5,15,0,4,1,13,0,0
pc-2dfcbd70-1125,forschung_muskelkraft__ohne_pc,control,0,0,1,5,0,11,5,14,1,4,3,5,0,0
pc-2dfcbd70-1125,urzeitliche_kolosse__mit_pc,control,1,1,0,5,5,11,5,13,0,5,1,10,0,0
pc-c2148b37-1126,forschung_muskelkraft__ohne_pc,control,0,0,1,9,0,19,9,32,4,8,7,0,0,0
pc-c2148b37-1126,urzeitliche_kolosse__mit_pc,control,1,1,0,9,10,13,8,33,3,8,3,10,0,0
pc-3b61fbf5-1127,forschung_muskelkraft__ohne_pc,control,0,0,1,8,-1,19,8,30,4,6,2,9,0,0
pc-3b61fbf5-1127,urzeitliche_kolosse__mit_pc,control,1,1,0,8,1,14,6,30,6,6,1,11,0,2
pc-cf79c9bc-1128,forschung_muskelkraft__ohne_pc,control,0,1,1,8,3,15,9,31,4,8,6,10,0,0
pc-cf79c9bc-1128,urzeitliche_kolosse__mit_pc,control,1,0,0,8,0,12,9,36,0,9,3,7,0,0
pc-48c73a7a-1129,forschung_muskelkraft__ohne_pc,control,0,0,1,4,0,11,3,8,2,3,0,2,0,0
pc-48c73a7a-1129,urzeitliche_kolosse__mit_pc,control,1,1,0,4,8,9,4,10,0,3,1,10,0,0
pc-dcdf0841-1130,forschung_muskelkraft__ohne_pc,control,0,1,1,8,6,19,8,30,4,7,4,10,0,0
pc-dcdf0841-1130,urzeitliche_kolosse__mit_pc,control,1,0,0,8,0,13,7,34,2,7,2,4,0,0
pc-562c78ff-1131,forschung_muskelkraft__ohne_pc,control,0,0,1,10,-1,16,13,43,4,11,6,8,0,0
pc-562c78ff-1131,urzeitliche_kolosse__mit_pc,control,1,1,0,10,2,14,11,47,5,11,6,11,0,4
pc-556e5aef-1132,forschung_muskelkraft__ohne_pc,control,0,0,1,10,-1,21,11,41,9,10,9,8,0,0
pc-556e5aef-1132,urzeitliche_kolosse__mit_pc,control,1,1,0,10,2,16,12,47,5,12,5,11,0,1
pc-cebbabac-1133,forschung_muskelkraft__ohne_pc,control,0,1,1,7,3,14,8,24,2,6,6,10,0,0
pc-cebbabac-1133,urzeitliche_kolosse__mit_pc,control,1,0,0,7,0,12,8,24,4,7,1,7,0,0
pc-62d39974-1134,forschung_muskelkraft__ohne_pc,control,0,1,1,6,5,15,6,16,4,4,2,11,0,0
pc-62d39974-1134,urzeitliche_kolosse__mit_pc,control,1,0,0,6,-1,11,5,16,4,5,1,5,0,0
pc-dc20ea31-1135,forschung_muskelkraft__ohne_pc,control,0,0,1,5,-1,11,5,14,1,4,2,3,0,0
pc-dc20ea31-1135,urzeitliche_kolosse__mit_pc,control,1,1,0,5,7,9,6,15,0,5,0,11,0,0
pc-7038d7f9-1136,forschung_muskelkraft__ohne_pc,control,0,0,1,6,0,13,6,18,2,5,3,4,0,0
pc-7038d7f9-1136,urzeitliche_kolosse__mit_pc,control,1,1,0,6,6,12,7,18,2,6,1,10,0,0
pc-e98628b6-1137,forschung_muskelkraft__ohne_pc,control,0,1,1,6,6,11,5,19,2,5,3,10,0,0
pc-e98628b6-1137,urzeitliche_kolosse__mit_pc,control,1,0,0,6,0,11,6,19,1,6,2,4,0,0
pc-7d9e167e-1138,forschung_muskelkraft__ohne_pc,control,0,0,1,7,0,14,8,26,2,6,6,6,0,0
pc-7d9e167e-1138,urzeitliche_kolosse__mit_pc,control,1,1,0,7,4,12,8,26,2,8,3,10,0,1
pc-f6eb673b-1139,forschung_muskelkraft__ohne_pc,control,0,1,1,5,6,11,5,14,1,4,3,13,0,0
pc-f6eb673b-1139,urzeitliche_kolosse__mit_pc,control,1,0,0,5,-3,10,5,13,2,5,1,4,0,0
pc-1fd940db-1140,forschung_muskelkraft__ohne_pc,control,0,1,1,8,2,17,9,27,1,7,6,10,0,0
pc-1fd940db-1140,urzeitliche_kolosse__mit_pc,control,1,0,0,8,0,12,9,33,2,8,3,8,0,0
pc-9926b198-1141,forschung_muskelkraft__ohne_pc,control,0,0,1,9,0,20,9,30,12,8,4,5,0,0
pc-9926b198-1141,urzeitliche_kolosse__mit_pc,control,1,1,0,9,5,14,7,34,10,7,3,10,0,0
pc-2d3e9f60-1142,forschung_muskelkraft__ohne_pc,control,0,0,1,7,-2,15,7,25,2,6,4,5,0,0
pc-2d3e9f60-1142,urzeitliche_kolosse__mit_pc,control,1,1,0,7,5,11,7,23,4,7,3,12,0,1
pc-a68bf01d-1143,forschung_muskelkraft__ohne_pc,control,0,1,1,6,1,14,6,20,1,5,4,12,0,0
pc-a68bf01d-1143,urzeitliche_kolosse__mit_pc,control,1,0,0,6,-2,10,7,20,1,7,2,9,0,1
pc-3aa3dde5-1144,forschung_muskelkraft__ohne_pc,control,0,0,1,8,-3,16,8,31,2,7,2,7,0,0
pc-3aa3dde5-1144,urzeitliche_kolosse__mit_pc,control,1,1,0,8,3,12,8,30,4,7,2,13,0,1
pc-b3f12ea2-1145,forschung_muskelkraft__ohne_pc,control,0,0,1,13,-3,22,16,61,25,14,11,6,0,0
pc-b3f12ea2-1145,urzeitliche_kolosse__mit_pc,control,1,1,0,13,4,19,14,60,26,14,9,13,0,2
pc-48091c6a-1146,forschung_muskelkraft__ohne_pc,control,0,1,1,12,4,23,17,63,7,15,10,16,0,0
pc-48091c6a-1146,urzeitliche_kolosse__mit_pc,control,1,0,0,12,-6,18,15,47,23,14,10,6,0,1
pc-c1566d27-1147,forschung_muskelkraft__ohne_pc,control,0,0,1,13,-2,23,18,67,16,16,13,7,0,0
pc-c1566d27-1147,urzeitliche_kolosse__mit_pc,control,1,1,0,13,3,19,16,67,15,15,11,12,0,3
pc-c0984f17-1148,forschung_muskelkraft__ohne_pc,control,0,0,1,8,0,16,10,33,1,8,6,2,0,0
pc-c0984f17-1148,urzeitliche_kolosse__mit_pc,control,1,1,0,8,8,12,9,35,1,9,4,10,0,1
pc-39e5bfd5-1149,forschung_muskelkraft__ohne_pc,control,0,1,1,14,2,22,18,67,32,16,12,10,0,0
pc-39e5bfd5-1149,urzeitliche_kolosse__mit_pc,control,1,0,0,14,0,20,17,70,25,16,12,8,0,2
pc-e2fa722d-1150,forschung_muskelkraft__ohne_pc,control,0,0,0,6,0,16,6,19,2,5,4,3,0,0
pc-e2fa722d-1150,urzeitliche_kolosse__mit_pc,control,1,1,1,6,7,10,7,21,0,7,2,10,0,0
pc-69ad0170-1151,forschung_muskelkraft__ohne_pc,control,0,0,0,9,-2,21,9,39,6,9,6,8,0,0
pc-69ad0170-1151,urzeitliche_kolosse__mit_pc,control,1,1,1,9,2,15,11,38,5,10,4,12,0,0
pc-d59533a8-1152,forschung_muskelkraft__ohne_pc,control,0,0,0,8,-2,16,11,32,3,10,6,7,0,0
pc-d59533a8-1152,urzeitliche_kolosse__mit_pc,control,1,1,1,8,3,13,10,36,0,10,7,12,0,0
pc-5c47c2eb-1153,forschung_muskelkraft__ohne_pc,control,0,0,0,7,0,16,7,25,3,7,4,7,0,0
pc-5c47c2eb-1153,urzeitliche_kolosse__mit_pc,control,1,1,1,7,3,12,8,24,3,8,5,10,0,1
pc-c82ff523-1154,forschung_muskelkraft__ohne_pc,control,0,1,0,8,4,19,6,26,8,5,6,10,0,0
pc-c82ff523-1154,urzeitliche_kolosse__mit_pc,control,1,0,1,8,0,14,8,32,4,8,0,6,0,0
pc-4ee28466-1155,forschung_muskelkraft__ohne_pc,control,0,0,0,7,0,16,8,27,1,7,6,6,0,0
pc-4ee28466-1155,urzeitliche_kolosse__mit_pc,control,1,1,1,7,4,12,8,26,2,8,4,10,0,0
pc-bacab69e-1156,forschung_muskelkraft__ohne_pc,control,0,0,0,7,-1,15,7,24,4,5,4,5,0,0
pc-bacab69e-1156,urzeitliche_kolosse__mit_pc,control,1,1,1,7,5,13,7,25,3,7,1,11,0,0
pc-417d45e1-1157,forschung_muskelkraft__ohne_pc,control,0,0,0,4,-2,11,3,8,2,3,0,0,0,0
pc-417d45e1-1157,urzeitliche_kolosse__mit_pc,control,1,1,1,4,10,10,4,8,0,4,1,12,0,0
pc-188f6c42-1158,forschung_muskelkraft__ohne_pc,control,0,1,0,6,4,14,6,19,1,5,5,11,0,0
pc-188f6c42-1158,urzeitliche_kolosse__mit_pc,control,1,0,1,6,-1,11,8,19,0,7,1,6,0,0
pc-9f421b84-1159,forschung_muskelkraft__ohne_pc,control,0,1,0,6,4,13,7,20,1,5,3,12,0,0
pc-9f421b84-1159,urzeitliche_kolosse__mit_pc,control,1,0,1,6,-2,11,6,18,2,6,0,6,0,0
pc-0b2a2dbd-1160,forschung_muskelkraft__ohne_pc,control,0,0,0,5,-1,12,4,13,2,4,2,0,0,0
pc-0b2a2dbd-1160,urzeitliche_kolosse__mit_pc,control,1,1,1,5,10,9,6,15,0,6,1,11,0,0
pc-91dcdcff-1161,forschung_muskelkraft__ohne_pc,control,0,0,0,10,-4,21,13,48,6,11,8,8,0,0
pc-91dcdcff-1161,urzeitliche_kolosse__mit_pc,control,1,1,1,10,2,16,12,46,6,11,8,14,0,1
pc-fdc4ef37-1162,forschung_muskelkraft__ohne_pc,control,0,0,0,6,0,12,4,17,4,4,2,6,0,0
pc-fdc4ef37-1162,urzeitliche_kolosse__mit_pc,control,1,1,1,6,4,11,5,15,3,5,3,10,0,0
pc-84779e7a-1163,forschung_muskelkraft__ohne_pc,control,0,1,0,8,1,16,8,29,6,6,5,13,0,0
pc-84779e7a-1163,urzeitliche_kolosse__mit_pc,control,1,0,1,8,-3,12,9,36,0,8,2,9,0,2
pc-f05fb0b2-1164,forschung_muskelkraft__ohne_pc,control,0,1,0,7,4,15,9,27,1,7,5,10,0,0
pc-f05fb0b2-1164,urzeitliche_kolosse__mit_pc,control,1,0,1,7,0,13,7,24,3,7,4,6,0,2
pc-77125ff5-1165,forschung_muskelkraft__ohne_pc,control,0,0,0,6,-5,15,7,20,1,5,3,7,0,0
pc-77125ff5-1165,urzeitliche_kolosse__mit_pc,control,1,1,1,6,3,12,6,16,4,6,2,15,0,0
pc-4e246656-1166,forschung_muskelkraft__ohne_pc,control,0,1,0,11,2,18,13,48,7,11,11,13,0,0
pc-4e246656-1166,urzeitliche_kolosse__mit_pc,control,1,0,1,11,-3,15,14,55,6,13,7,8,0,2
pc-d4d71598-1167,forschung_muskelkraft__ohne_pc,control,0,1,0,6,4,13,6,17,3,5,2,11,0,0
pc-d4d71598-1167,urzeitliche_kolosse__mit_pc,control,1,0,1,6,-1,10,5,19,1,5,2,6,0,0
pc-40bf27d1-1168,forschung_muskelkraft__ohne_pc,control,0,0,0,7,0,18,9,27,1,7,4,0,0,0
pc-40bf27d1-1168,urzeitliche_kolosse__mit_pc,control,1,1,1,7,10,13,10,26,0,9,3,10,0,0
pc-c771d713-1169,forschung_muskelkraft__ohne_pc,control,0,0,0,12,-1,22,15,57,9,13,8,7,0,0
pc-c771d713-1169,urzeitliche_kolosse__mit_pc,control,1,1,1,12,3,18,12,56,10,11,9,11,0,1
pc-3359e94c-1170,forschung_muskelkraft__ohne_pc,control,0,0,0,9,-1,19,11,40,4,10,5,6,0,0
pc-3359e94c-1170,urzeitliche_kolosse__mit_pc,control,1,1,1,9,4,14,10,44,1,10,5,11,0,0
pc-ba0c988e-1171,forschung_muskelkraft__ohne_pc,control,0,0,0,8,0,14,9,33,2,8,6,8,0,0
pc-ba0c988e-1171,urzeitliche_kolosse__mit_pc,control,1,1,1,8,2,13,11,34,0,10,6,10,0,1
pc-25f4aac7-1172,forschung_muskelkraft__ohne_pc,control,0,1,0,8,1,18,8,29,6,6,6,13,0,0
pc-25f4aac7-1172,urzeitliche_kolosse__mit_pc,control,1,0,1,8,-3,14,8,32,3,8,1,9,0,1
pc-aca75a09-1173,forschung_muskelkraft__ohne_pc,control,0,1,0,8,4,16,9,32,2,7,8,16,0,0
pc-aca75a09-1173,urzeitliche_kolosse__mit_pc,control,1,0,1,8,-6,14,9,33,3,9,2,6,0,0
pc-83b9606a-1174,forschung_muskelkraft__ohne_pc,control,0,0,0,7,0,16,8,27,1,6,3,2,0,0
pc-83b9606a-1174,urzeitliche_kolosse__mit_pc,control,1,1,1,7,8,11,7,26,1,7,5,10,0,2
pc-0a6c0fad-1175,forschung_muskelkraft__ohne_pc,control,0,1,0,11,4,16,13,47,13,11,11,16,0,0
pc-0a6c0fad-1175,urzeitliche_kolosse__mit_pc,control,1,0,1,11,-6,17,14,58,5,13,7,6,0,2
pc-765421e5-1176,forschung_muskelkraft__ohne_pc,control,0,0,0,7,-1,15,7,26,2,7,4,5,0,0
pc-765421e5-1176,urzeitliche_kolosse__mit_pc,control,1,1,1,7,5,13,9,28,0,8,3,11,0,0
pc-fd06d127-1177,forschung_muskelkraft__ohne_pc,control,0,1,0,6,4,12,6,16,5,4,2,11,0,0
pc-fd06d127-1177,urzeitliche_kolosse__mit_pc,control,1,0,1,6,-1,11,5,17,3,4,0,6,0,1
pc-68eee360-1178,forschung_muskelkraft__ohne_pc,control,0,1,0,8,4,17,9,33,2,8,5,10,0,0
pc-68eee360-1178,urzeitliche_kolosse__mit_pc,control,1,0,1,8,0,13,7,33,3,7,4,6,0,0
pc-efa192a2-1179,forschung_muskelkraft__ohne_pc,control,0,0,0,4,-2,12,3,8,2,3,0,0,0,0
pc-efa192a2-1179,urzeitliche_kolosse__mit_pc,control,1,1,1,4,10,9,4,10,0,4,1,12,0,0
pc-5b89a4db-1180,forschung_muskelkraft__ohne_pc,control,0,1,0,8,6,18,9,31,3,7,5,11,0,0
pc-5b89a4db-1180,urzeitliche_kolosse__mit_pc,control,1,0,1,8,-1,13,8,31,4,8,2,4,0,0
pc-e23c541d-1181,forschung_muskelkraft__ohne_pc,control,0,0,0,6,-1,12,5,18,2,5,3,3,0,0
pc-e23c541d-1181,urzeitliche_kolosse__mit_pc,control,1,1,1,6,7,10,6,20,1,6,2,11,0,0
pc-b94e7a7e-1182,forschung_muskelkraft__ohne_pc,control,0,0,0,9,0,18,10,41,4,10,6,6,0,0
pc-b94e7a7e-1182,urzeitliche_kolosse__mit_pc,control,1,1,1,9,4,15,11,41,4,10,5,10,0,1
pc-400109c1-1183,forschung_muskelkraft__ohne_pc,control,0,1,0,8,5,17,9,33,2,8,7,11,0,0
pc-400109c1-1183,urzeitliche_kolosse__mit_pc,control,1,0,1,8,-1,14,8,32,3,8,3,5,0,1
pc-abe93bf9-1184,forschung_muskelkraft__ohne_pc,control,0,1,0,7,4,14,6,24,2,6,4,11,0,0
pc-abe93bf9-1184,urzeitliche_kolosse__mit_pc,control,1,0,1,7,-1,12,8,28,0,7,3,6,0,0
pc-329bcb3c-1185,forschung_muskelkraft__ohne_pc,control,0,1,0,7,6,15,6,23,4,5,6,11,0,0
pc-329bcb3c-1185,urzeitliche_kolosse__mit_pc,control,1,0,1,7,-1,11,8,27,1,8,1,4,0,0
pc-9e83fd74-1186,forschung_muskelkraft__ohne_pc,control,0,0,0,8,0,20,9,32,3,8,2,5,0,0
pc-9e83fd74-1186,urzeitliche_kolosse__mit_pc,control,1,1,1,8,5,13,7,26,2,7,5,10,0,0
pc-25368cb7-1187,forschung_muskelkraft__ohne_pc,control,0,1,0,6,4,11,5,19,2,5,3,13,0,0
pc-25368cb7-1187,urzeitliche_kolosse__mit_pc,control,1,0,1,6,-3,12,7,20,1,6,2,6,0,0
pc-911ebeef-1188,forschung_muskelkraft__ohne_pc,control,0,0,0,7,-2,17,6,24,3,6,3,5,0,0
pc-911ebeef-1188,urzeitliche_kolosse__mit_pc,control,1,1,1,7,5,12,6,27,1,6,5,12,0,2
pc-17d14e32-1189,forschung_muskelkraft__ohne_pc,control,0,0,0,9,0,18,12,40,4,10,2,1,0,0
pc-17d14e32-1189,urzeitliche_kolosse__mit_pc,control,1,1,1,9,9,14,8,39,4,7,5,10,0,0
pc-eee37492-1190,forschung_muskelkraft__ohne_pc,control,0,1,0,7,4,15,7,25,2,6,5,11,0,0
pc-eee37492-1190,urzeitliche_kolosse__mit_pc,control,1,0,1,7,-1,11,7,22,4,7,2,6,0,1
pc-759603d5-1191,forschung_muskelkraft__ohne_pc,control,0,0,0,6,-1,15,6,19,1,5,4,0,0,0
pc-759603d5-1191,urzeitliche_kolosse__mit_pc,control,1,1,1,6,10,11,6,17,1,6,3,11,0,0
pc-e17e360d-1192,forschung_muskelkraft__ohne_pc,control,0,1,0,12,1,19,15,55,17,13,9,12,0,0
pc-e17e360d-1192,urzeitliche_kolosse__mit_pc,control,1,0,1,12,-2,17,13,55,18,12,8,9,0,2
pc-6830c550-1193,forschung_muskelkraft__ohne_pc,control,0,1,0,9,4,15,11,37,4,9,6,11,0,0
pc-6830c550-1193,urzeitliche_kolosse__mit_pc,control,1,0,1,9,-1,15,10,38,5,9,6,6,0,0
pc-d418f788-1194,forschung_muskelkraft__ohne_pc,control,0,1,0,5,6,11,5,14,1,4,3,10,0,0
pc-d418f788-1194,urzeitliche_kolosse__mit_pc,control,1,0,1,5,0,10,5,15,0,5,0,4,0,0
pc-5acb86cb-1195,forschung_muskelkraft__ohne_pc,control,0,1,0,6,6,12,5,18,3,4,3,12,0,0
pc-5acb86cb-1195,urzeitliche_kolosse__mit_pc,control,1,0,1,6,-2,13,6,18,2,6,0,4,0,0
pc-c6b3b903-1196,forschung_muskelkraft__ohne_pc,control,0,0,0,9,0,21,12,43,2,11,3,5,0,0
pc-c6b3b903-1196,urzeitliche_kolosse__mit_pc,control,1,1,1,9,5,15,9,41,4,8,6,10,0,0
pc-4d664846-1197,forschung_muskelkraft__ohne_pc,control,0,1,0,5,6,11,5,13,1,4,2,12,0,0
pc-4d664846-1197,urzeitliche_kolosse__mit_pc,control,1,0,1,5,-2,10,4,12,3,4,1,4,0,0
pc-24786ea7-1198,forschung_muskelkraft__ohne_pc,control,0,0,0,6,-2,12,6,19,2,4,4,6,0,0
pc-24786ea7-1198,urzeitliche_kolosse__mit_pc,control,1,1,1,6,4,11,7,19,1,7,1,12,0,0
pc-ab2b1de9-1199,forschung_muskelkraft__ohne_pc,control,0,0,0,7,-1,15,8,27,1,7,6,7,0,0
pc-ab2b1de9-1199,urzeitliche_kolosse__mit_pc,control,1,1,1,7,3,11,8,26,1,8,5,11,0,0
pc-e99fbf6e-1200,rudeljaeger__ohne_pc,control,0,0,1,10,0,15,13,34,14,11,9,4,0,1
pc-e99fbf6e-1200,solidaritaet_ueberleben__ohne_pc,control,1,1,0,10,6,16,12,43,8,11,8,10,0,0
pc-70524eb1-1201,rudeljaeger__ohne_pc,control,0,1,1,4,8,7,4,8,0,3,1,11,0,0
pc-70524eb1-1201,solidaritaet_ueberleben__ohne_pc,control,1,0,0,4,-1,9,4,10,0,4,1,2,0,0
pc-f704fdf3-1202,rudeljaeger__ohne_pc,control,0,0,1,12,-4,16,15,40,35,13,7,9,0,0
pc-f704fdf3-1202,solidaritaet_ueberleben__ohne_pc,control,1,1,0,12,1,19,11,40,26,11,11,14,0,0
pc-7db78d36-1203,rudeljaeger__ohne_pc,control,0,0,1,12,-6,17,14,38,28,13,10,9,0,2
pc-7db78d36-1203,solidaritaet_ueberleben__ohne_pc,control,1,1,0,12,1,18,13,42,28,13,10,16,0,0
pc-046a3c79-1204,rudeljaeger__ohne_pc,control,0,1,1,4,8,9,4,10,0,4,2,11,0,0
pc-046a3c79-1204,solidaritaet_ueberleben__ohne_pc,control,1,0,0,4,-1,8,4,10,0,4,1,2,0,0
pc-8b1ccbbb-1205,rudeljaeger__ohne_pc,control,0,1,1,10,2,13,13,29,17,12,10,10,0,2
pc-8b1ccbbb-1205,solidaritaet_ueberleben__ohne_pc,control,1,0,0,10,0,15,12,37,10,12,12,8,2,0
pc-11cf7afe-1206,rudeljaeger__ohne_pc,control,0,0,1,15,0,19,16,47,58,14,13,8,0,0
pc-11cf7afe-1206,solidaritaet_ueberleben__ohne_pc,control,1,1,0,15,1,21,17,56,53,16,11,9,0,0
pc-98820a40-1207,rudeljaeger__ohne_pc,control,0,0,1,8,-3,12,11,31,0,9,6,7,0,2
pc-98820a40-1207,solidaritaet_ueberleben__ohne_pc,control,1,1,0,8,3,14,10,32,1,10,6,13,2,0
pc-b40aa55a-1208,rudeljaeger__ohne_pc,control,0,1,1,5,5,8,7,15,0,7,2,10,0,0
pc-b40aa55a-1208,solidaritaet_ueberleben__ohne_pc,control,1,0,0,5,0,9,5,14,0,5,4,5,0,0
pc-3abd549d-1209,rudeljaeger__ohne_pc,control,0,0,1,8,-2,13,11,24,7,9,6,5,0,0
pc-3abd549d-1209,solidaritaet_ueberleben__ohne_pc,control,1,1,0,8,5,13,10,32,0,10,9,12,0,0
pc-c16fe3df-1210,rudeljaeger__ohne_pc,control,0,0,1,8,-2,12,12,27,8,12,7,8,0,0
pc-c16fe3df-1210,solidaritaet_ueberleben__ohne_pc,control,1,1,0,8,2,12,9,29,3,9,9,12,0,0
pc-48229322-1211,rudeljaeger__ohne_pc,control,0,0,1,8,-2,12,12,29,5,12,4,4,0,1
pc-48229322-1211,solidaritaet_ueberleben__ohne_pc,control,1,1,0,8,6,13,7,25,5,7,8,12,0,0
pc-ced52264-1212,rudeljaeger__ohne_pc,control,0,0,1,8,-2,12,10,25,6,8,3,7,0,0
pc-ced52264-1212,solidaritaet_ueberleben__ohne_pc,control,1,1,0,8,3,14,9,31,5,8,6,12,0,0
pc-5587d1a7-1213,rudeljaeger__ohne_pc,control,0,1,1,11,5,16,14,37,18,13,13,14,0,0
pc-5587d1a7-1213,solidaritaet_ueberleben__ohne_pc,control,1,0,0,11,-4,17,14,43,15,13,10,5,0,0
pc-dc3a60e9-1214,rudeljaeger__ohne_pc,control,0,0,1,7,0,11,9,25,1,8,3,6,0,2
pc-dc3a60e9-1214,solidaritaet_ueberleben__ohne_pc,control,1,1,0,7,4,11,7,24,1,6,6,10,0,0
pc-62ed102c-1215,rudeljaeger__ohne_pc,control,0,0,1,8,-2,14,11,26,6,11,3,8,0,0
pc-62ed102c-1215,solidaritaet_ueberleben__ohne_pc,control,1,1,0,8,2,12,7,25,3,7,8,12,0,0
pc-54c9b397-1216,rudeljaeger__ohne_pc,control,0,1,1,10,2,16,14,38,9,12,11,13,0,2
pc-54c9b397-1216,solidaritaet_ueberleben__ohne_pc,control,1,0,0,10,-3,16,12,34,21,12,9,8,0,0
pc-db7c42d9-1217,rudeljaeger__ohne_pc,control,0,0,1,12,-1,16,15,39,29,14,11,4,0,0
pc-db7c42d9-1217,solidaritaet_ueberleben__ohne_pc,control,1,1,0,12,6,17,15,48,23,14,15,11,0,0
pc-622ef21c-1218,rudeljaeger__ohne_pc,control,0,1,1,7,8,10,10,23,1,9,7,10,0,0
pc-622ef21c-1218,solidaritaet_ueberleben__ohne_pc,control,1,0,0,7,0,10,8,24,2,8,7,2,0,0
pc-e8e1815e-1219,rudeljaeger__ohne_pc,control,0,0,1,8,-1,13,8,24,7,7,4,6,0,0
pc-e8e1815e-1219,solidaritaet_ueberleben__ohne_pc,control,1,1,0,8,4,12,9,30,5,8,5,11,0,0
pc-6f9430a1-1220,rudeljaeger__ohne_pc,control,0,0,1,15,0,20,19,49,61,17,18,8,0,0
pc-6f9430a1-1220,solidaritaet_ueberleben__ohne_pc,control,1,1,0,15,1,21,19,62,46,18,15,9,1,0
pc-f646dfe3-1221,rudeljaeger__ohne_pc,control,0,1,1,10,1,15,12,35,12,10,12,10,0,0
pc-f646dfe3-1221,solidaritaet_ueberleben__ohne_pc,control,1,0,0,10,0,15,13,40,9,13,7,9,0,0
pc-7cf96f26-1222,rudeljaeger__ohne_pc,control,0,0,1,8,-3,12,12,28,7,10,6,5,0,0
pc-7cf96f26-1222,solidaritaet_ueberleben__ohne_pc,control,1,1,0,8,5,13,10,28,4,9,8,13,0,0
pc-03ac1e69-1223,rudeljaeger__ohne_pc,control,0,1,1,6,10,11,6,19,1,6,3,14,0,0
pc-03ac1e69-1223,solidaritaet_ueberleben__ohne_pc,control,1,0,0,6,-4,11,6,20,1,6,3,0,0,0
pc-1f34b983-1224,rudeljaeger__ohne_pc,control,0,1,1,8,5,11,11,28,4,9,7,11,0,0
pc-1f34b983-1224,solidaritaet_ueberleben__ohne_pc,control,1,0,0,8,-1,11,9,32,4,8,7,5,0,0
pc-a5e748c5-1225,rudeljaeger__ohne_pc,control,0,1,1,10,4,13,13,29,19,12,8,10,0,0
pc-a5e748c5-1225,solidaritaet_ueberleben__ohne_pc,control,1,0,0,10,0,14,12,41,13,11,10,6,0,0
pc-2c99f808-1226,rudeljaeger__ohne_pc,control,0,1,1,8,4,12,12,32,2,10,4,14,0,0
pc-2c99f808-1226,solidaritaet_ueberleben__ohne_pc,control,1,0,0,8,-4,11,9,31,5,8,8,6,0,0
pc-b34c874a-1227,rudeljaeger__ohne_pc,control,0,1,1,7,7,11,10,24,0,9,7,10,0,0
pc-b34c874a-1227,solidaritaet_ueberleben__ohne_pc,control,1,0,0,7,0,12,7,26,1,7,5,3,0,0
pc-39ff368d-1228,rudeljaeger__ohne_pc,control,0,0,1,15,-2,20,19,52,56,17,16,9,0,4
pc-39ff368d-1228,solidaritaet_ueberleben__ohne_pc,control,1,1,0,15,1,21,19,58,49,18,16,12,0,0
pc-c0b1c5cf-1229,rudeljaeger__ohne_pc,control,0,0,1,16,-1,20,20,53,70,18,13,6,0,1
pc-c0b1c5cf-1229,solidaritaet_ueberleben__ohne_pc,control,1,1,0,16,3,21,16,55,65,15,15,10,0,0
pc-47647512-1230,rudeljaeger__ohne_pc,control,0,1,1,9,3,14,12,35,3,10,12,12,0,1
pc-47647512-1230,solidaritaet_ueberleben__ohne_pc,control,1,0,0,9,-2,14,12,33,6,12,7,7,0,0
pc-ce170454-1231,rudeljaeger__ohne_pc,control,0,1,1,11,3,17,14,34,26,13,8,11,0,0
pc-ce170454-1231,solidaritaet_ueberleben__ohne_pc,control,1,0,0,11,-1,16,11,35,20,11,11,7,0,0
pc-bff3a7bf-1232,rudeljaeger__ohne_pc,control,0,0,1,8,0,11,11,30,0,9,5,5,0,1
pc-bff3a7bf-1232,solidaritaet_ueberleben__ohne_pc,control,1,1,0,8,5,12,9,34,2,8,8,10,0,0
pc-46a65702-1233,rudeljaeger__ohne_pc,control,0,1,1,8,3,12,11,27,3,9,5,11,0,1
pc-46a65702-1233,solidaritaet_ueberleben__ohne_pc,control,1,0,0,8,-1,11,8,27,6,7,6,7,0,0
pc-cd58e644-1234,rudeljaeger__ohne_pc,control,0,0,1,9,-1,14,13,32,8,11,5,9,0,0
pc-cd58e644-1234,solidaritaet_ueberleben__ohne_pc,control,1,1,0,9,1,13,10,34,5,10,8,11,0,0
pc-540b9587-1235,rudeljaeger__ohne_pc,control,0,0,1,7,0,12,9,26,2,8,1,8,0,0
pc-540b9587-1235,solidaritaet_ueberleben__ohne_pc,control,1,1,0,7,2,13,6,24,2,6,6,10,0,0
pc-dabe24c9-1236,rudeljaeger__ohne_pc,control,0,0,1,8,-3,12,11,30,5,10,2,8,0,0
pc-dabe24c9-1236,solidaritaet_ueberleben__ohne_pc,control,1,1,0,8,2,13,8,31,3,7,7,13,0,0
pc-6170d40c-1237,rudeljaeger__ohne_pc,control,0,1,1,4,10,10,4,9,0,4,1,10,0,0
pc-6170d40c-1237,solidaritaet_ueberleben__ohne_pc,control,1,0,0,4,0,9,3,9,1,3,2,0,0,0
pc-e823634e-1238,rudeljaeger__ohne_pc,control,0,1,1,10,1,14,14,35,12,12,9,10,0,0
pc-e823634e-1238,solidaritaet_ueberleben__ohne_pc,control,1,0,0,10,0,16,12,38,16,11,7,9,0,0
pc-6ed61291-1239,rudeljaeger__ohne_pc,control,0,0,1,9,0,14,13,34,7,12,3,5,0,0
pc-6ed61291-1239,solidaritaet_ueberleben__ohne_pc,control,1,1,0,9,5,13,9,28,8,8,11,10,0,0
pc-8a5eadab-1240,rudeljaeger__ohne_pc,control,0,0,1,10,0,14,14,36,11,12,5,6,0,1
pc-8a5eadab-1240,solidaritaet_ueberleben__ohne_pc,control,1,1,0,10,4,16,10,31,22,9,11,10,1,0
pc-11115cee-1241,rudeljaeger__ohne_pc,control,0,0,1,7,0,11,10,23,0,9,4,5,0,0
pc-11115cee-1241,solidaritaet_ueberleben__ohne_pc,control,1,1,0,7,5,11,8,24,0,8,9,10,0,0
pc-97c3ec30-1242,rudeljaeger__ohne_pc,control,0,0,1,11,-4,16,14,38,18,14,13,4,0,4
pc-97c3ec30-1242,solidaritaet_ueberleben__ohne_pc,control,1,1,0,11,6,18,15,48,13,15,13,14,0,0
pc-1e769b73-1243,rudeljaeger__ohne_pc,control,0,1,1,11,1,15,14,37,19,13,8,10,0,1
pc-1e769b73-1243,solidaritaet_ueberleben__ohne_pc,control,1,0,0,11,0,17,13,38,22,12,10,9,0,0
pc-a5292ab5-1244,rudeljaeger__ohne_pc,control,0,0,1,8,-1,12,11,29,3,9,3,4,0,0
pc-a5292ab5-1244,solidaritaet_ueberleben__ohne_pc,control,1,1,0,8,6,14,8,30,2,7,8,11,0,0
pc-2bdbd9f8-1245,rudeljaeger__ohne_pc,control,0,0,1,10,-3,14,11,29,18,9,10,7,0,0
pc-2bdbd9f8-1245,solidaritaet_ueberleben__ohne_pc,control,1,1,0,10,3,16,13,44,9,13,4,13,0,0
pc-b28e693a-1246,rudeljaeger__ohne_pc,control,0,0,1,9,-2,14,12,37,8,11,5,7,0,1
pc-b28e693a-1246,solidaritaet_ueberleben__ohne_pc,control,1,1,0,9,3,15,11,36,2,10,7,12,0,0
pc-3941187d-1247,rudeljaeger__ohne_pc,control,0,0,1,10,-1,14,14,35,14,13,6,5,0,0
pc-3941187d-1247,solidaritaet_ueberleben__ohne_pc,control,1,1,0,10,5,14,12,38,13,11,13,11,0,0
pc-2b1dbbe8-1248,rudeljaeger__ohne_pc,control,0,1,1,6,3,11,7,19,0,7,1,12,0,0
pc-2b1dbbe8-1248,solidaritaet_ueberleben__ohne_pc,control,1,0,0,6,-2,11,5,20,1,5,5,7,0,0
pc-b1d04b2a-1249,rudeljaeger__ohne_pc,control,0,0,1,9,0,13,12,35,6,12,6,8,0,0
pc-b1d04b2a-1249,solidaritaet_ueberleben__ohne_pc,control,1,1,0,9,2,14,11,33,9,10,11,10,0,0
pc-4d7fdefe-1250,rudeljaeger__ohne_pc,control,0,1,0,14,4,19,17,45,48,15,18,12,0,4
pc-4d7fdefe-1250,solidaritaet_ueberleben__ohne_pc,control,1,0,1,14,-2,21,18,58,39,18,12,6,0,0
pc-c6cd2fbb-1251,rudeljaeger__ohne_pc,control,0,0,0,9,-1,15,13,32,8,11,3,6,0,0
pc-c6cd2fbb-1251,solidaritaet_ueberleben__ohne_pc,control,1,1,1,9,4,16,9,34,2,8,9,11,0,0
pc-5ae51d83-1252,rudeljaeger__ohne_pc,control,0,0,0,8,0,13,12,33,1,10,7,6,0,2
pc-5ae51d83-1252,solidaritaet_ueberleben__ohne_pc,control,1,1,1,8,4,12,10,30,5,9,6,10,0,0
pc-d4326e40-1253,rudeljaeger__ohne_pc,control,0,0,0,9,-4,14,13,32,9,11,6,3,0,0
pc-d4326e40-1253,solidaritaet_ueberleben__ohne_pc,control,1,1,1,9,7,12,12,36,6,11,8,14,0,0
pc-32b541f4-1254,rudeljaeger__ohne_pc,control,0,0,0,8,0,11,11,22,7,10,2,7,0,0
pc-32b541f4-1254,solidaritaet_ueberleben__ohne_pc,control,1,1,1,8,3,13,7,28,4,6,10,10,0,0
pc-ac02b2b1-1255,rudeljaeger__ohne_pc,control,0,1,0,8,1,12,12,32,1,10,6,11,0,2
pc-ac02b2b1-1255,solidaritaet_ueberleben__ohne_pc,control,1,0,1,8,-1,13,9,27,3,8,9,9,0,0
pc-401a8079-1256,rudeljaeger__ohne_pc,control,0,0,0,8,-3,12,11,30,1,10,3,9,0,0
pc-401a8079-1256,solidaritaet_ueberleben__ohne_pc,control,1,1,1,8,1,13,8,27,3,8,8,13,0,0
pc-b967f136-1257,rudeljaeger__ohne_pc,control,0,0,0,12,-1,15,15,38,29,14,13,9,0,1
pc-b967f136-1257,solidaritaet_ueberleben__ohne_pc,control,1,1,1,12,1,18,15,43,27,15,12,11,0,0
pc-8314d912-1258,rudeljaeger__ohne_pc,control,0,0,0,15,-3,20,19,50,59,17,17,8,0,3
pc-8314d912-1258,solidaritaet_ueberleben__ohne_pc,control,1,1,1,15,2,21,19,58,52,18,18,13,1,0
pc-fc6229cf-1259,rudeljaeger__ohne_pc,control,0,1,0,9,1,12,12,32,8,10,10,10,0,0
pc-fc6229cf-1259,solidaritaet_ueberleben__ohne_pc,control,1,0,1,9,0,13,12,36,5,12,6,9,0,0
pc-907a1797-1260,rudeljaeger__ohne_pc,control,0,1,0,4,10,8,4,10,0,4,2,11,0,0
pc-907a1797-1260,solidaritaet_ueberleben__ohne_pc,control,1,0,1,4,-1,8,3,9,1,3,2,0,0,0
pc-09c76855-1261,rudeljaeger__ohne_pc,control,0,1,0,12,6,17,15,39,28,13,12,12,0,1
pc-09c76855-1261,solidaritaet_ueberleben__ohne_pc,control,1,0,1,12,-2,16,15,39,30,14,11,4,1,0
pc-684a5c08-1262,rudeljaeger__ohne_pc,control,0,0,0,14,-1,21,18,47,48,16,16,5,0,2
pc-684a5c08-1262,solidaritaet_ueberleben__ohne_pc,control,1,1,1,14,5,21,18,57,36,17,14,11,0,0
pc-e197acc5-1263,rudeljaeger__ohne_pc,control,0,0,0,10,-1,15,10,32,16,9,8,6,0,3
pc-e197acc5-1263,solidaritaet_ueberleben__ohne_pc,control,1,1,1,10,4,15,12,43,5,12,5,11,0,0
pc-75af9a8d-1264,rudeljaeger__ohne_pc,control,0,1,0,9,6,13,12,32,5,11,10,10,0,1
pc-75af9a8d-1264,solidaritaet_ueberleben__ohne_pc,control,1,0,1,9,0,15,12,32,6,12,9,4,0,0
pc-eefceb4a-1265,rudeljaeger__ohne_pc,control,0,0,0,14,-2,19,18,51,42,16,13,9,0,1
pc-eefceb4a-1265,solidaritaet_ueberleben__ohne_pc,control,1,1,1,14,1,21,15,55,38,14,13,12,0,0
pc-b8a9d326-1266,rudeljaeger__ohne_pc,control,0,0,0,12,-4,16,15,37,34,13,8,9,0,0
pc-b8a9d326-1266,solidaritaet_ueberleben__ohne_pc,control,1,1,1,12,1,19,13,44,27,12,12,14,0,0
pc-31f723e4-1267,rudeljaeger__ohne_pc,control,0,0,0,8,-2,13,11,27,4,9,2,7,0,0
pc-31f723e4-1267,solidaritaet_ueberleben__ohne_pc,control,1,1,1,8,3,12,7,28,4,7,7,12,0,0
pc-c60f11ab-1268,rudeljaeger__ohne_pc,control,0,1,0,5,7,9,6,13,1,6,3,10,0,0
pc-c60f11ab-1268,solidaritaet_ueberleben__ohne_pc,control,1,0,1,5,0,10,5,14,1,5,5,3,0,0
pc-3f5c6269-1269,rudeljaeger__ohne_pc,control,0,1,0,11,3,16,14,32,26,12,13,12,0,0
pc-3f5c6269-1269,solidaritaet_ueberleben__ohne_pc,control,1,0,1,11,-2,16,14,39,21,13,10,7,0,0
pc-9ddf561c-1270,rudeljaeger__ohne_pc,control,0,0,0,11,-5,15,14,38,19,12,7,6,0,1
pc-9ddf561c-1270,solidaritaet_ueberleben__ohne_pc,control,1,1,1,11,4,16,12,38,20,11,11,15,0,0
pc-172ca6da-1271,rudeljaeger__ohne_pc,control,0,0,0,8,0,13,11,29,4,10,6,9,0,0
pc-172ca6da-1271,solidaritaet_ueberleben__ohne_pc,control,1,1,1,8,1,13,8,32,2,8,7,10,0,0
pc-ab4494a1-1272,rudeljaeger__ohne_pc,control,0,1,0,10,3,16,12,34,14,11,11,10,0,1
pc-ab4494a1-1272,solidaritaet_ueberleben__ohne_pc,control,1,0,1,10,0,16,14,42,8,13,9,7,0,0
pc-2491e55f-1273,rudeljaeger__ohne_pc,control,0,0,0,14,-6,19,18,45,51,16,12,5,0,0
pc-2491e55f-1273,solidaritaet_ueberleben__ohne_pc,control,1,1,1,14,5,19,15,53,38,14,15,16,0,0
pc-ee3ecd3a-1274,rudeljaeger__ohne_pc,control,0,1,0,10,4,13,13,34,13,12,9,15,0,0
pc-ee3ecd3a-1274,solidaritaet_ueberleben__ohne_pc,control,1,0,1,10,-5,13,10,30,17,9,12,6,0,0
pc-678c3df8-1275,rudeljaeger__ohne_pc,control,0,0,0,8,-2,11,11,27,5,10,3,7,0,0
pc-678c3df8-1275,solidaritaet_ueberleben__ohne_pc,control,1,1,1,8,3,13,9,30,4,8,9,12,0,0
pc-fba40bbf-1276,rudeljaeger__ohne_pc,control,0,1,0,11,6,16,14,37,20,12,12,11,0,1
pc-fba40bbf-1276,solidaritaet_ueberleben__ohne_pc,control,1,0,1,11,-1,15,14,46,12,13,8,4,1,0
pc-74f17c7d-1277,rudeljaeger__ohne_pc,control,0,1,0,15,7,20,17,43,62,15,19,12,0,4
pc-74f17c7d-1277,solidaritaet_ueberleben__ohne_pc,control,1,0,1,15,-2,21,19,58,49,18,14,3,2,0
pc-d3745030-1278,rudeljaeger__ohne_pc,control,0,0,0,15,-3,20,19,52,58,17,13,9,0,0
pc-d3745030-1278,solidaritaet_ueberleben__ohne_pc,control,1,1,1,15,1,21,17,57,48,16,15,13,0,0
pc-4cc1a0ee-1279,rudeljaeger__ohne_pc,control,0,1,0,6,10,10,9,19,1,8,1,11,0,1
pc-4cc1a0ee-1279,solidaritaet_ueberleben__ohne_pc,control,1,0,1,6,-1,12,6,19,2,5,5,0,0,0
pc-e0d98eb5-1280,rudeljaeger__ohne_pc,control,0,1,0,14,1,19,18,46,46,16,16,11,0,0
pc-e0d98eb5-1280,solidaritaet_ueberleben__ohne_pc,control,1,0,1,14,-1,19,18,56,38,17,16,9,2,0
pc-5a26ff73-1281,rudeljaeger__ohne_pc,control,0,1,0,8,5,13,11,31,1,9,6,10,0,0
pc-5a26ff73-1281,solidaritaet_ueberleben__ohne_pc,control,1,0,1,8,0,12,9,31,3,9,4,5,0,0
pc-23d3c74f-1282,rudeljaeger__ohne_pc,control,0,1,0,5,7,9,7,15,0,6,2,10,0,0
pc-23d3c74f-1282,solidaritaet_ueberleben__ohne_pc,control,1,0,1,5,0,9,6,14,1,5,1,3,0,0
pc-9d21380c-1283,rudeljaeger__ohne_pc,control,0,0,0,6,-1,10,9,20,0,7,1,9,0,0
pc-9d21380c-1283,solidaritaet_ueberleben__ohne_pc,control,1,1,1,6,1,9,6,19,1,6,4,11,0,0
pc-313905d4-1284,rudeljaeger__ohne_pc,control,0,1,0,15,3,19,18,50,60,17,15,9,0,0
pc-313905d4-1284,solidaritaet_ueberleben__ohne_pc,control,1,0,1,15,0,21,17,54,56,16,16,6,0,0
pc-aa867691-1285,rudeljaeger__ohne_pc,control,0,0,0,6,-2,10,8,19,1,6,3,4,0,1
pc-aa867691-1285,solidaritaet_ueberleben__ohne_pc,control,1,1,1,6,6,11,6,19,1,6,5,12,0,0
pc-09094a45-1286,rudeljaeger__ohne_pc,control,0,0,0,8,-3,14,10,31,2,10,3,2,0,0
pc-09094a45-1286,solidaritaet_ueberleben__ohne_pc,control,1,1,1,8,8,12,8,27,1,8,7,13,0,0
pc-8256bb02-1287,rudeljaeger__ohne_pc,control,0,0,0,9,0,13,12,35,3,10,6,4,0,0
pc-8256bb02-1287,solidaritaet_ueberleben__ohne_pc,control,1,1,1,9,6,15,11,35,1,10,8,10,0,0
pc-166e88ca-1288,rudeljaeger__ohne_pc,control,0,1,0,8,4,13,10,29,2,9,6,13,0,1
pc-166e88ca-1288,solidaritaet_ueberleben__ohne_pc,control,1,0,1,8,-3,14,9,30,5,9,5,6,0,0
pc-8fbbf987-1289,rudeljaeger__ohne_pc,control,0,1,0,9,6,13,12,32,11,12,8,10,0,1
pc-8fbbf987-1289,solidaritaet_ueberleben__ohne_pc,control,1,0,1,9,0,14,12,36,6,11,11,4,0,0
pc-5968c163-1290,rudeljaeger__ohne_pc,control,0,0,0,12,-1,15,15,33,34,13,6,6,0,0
pc-5968c163-1290,solidaritaet_ueberleben__ohne_pc,control,1,1,1,12,4,18,12,45,23,11,12,11,0,0
pc-d2b63220-1291,rudeljaeger__ohne_pc,control,0,0,0,12,-1,15,12,32,34,11,10,9,0,0
pc-d2b63220-1291,solidaritaet_ueberleben__ohne_pc,control,1,1,1,12,1,16,14,49,17,13,6,11,1,0
pc-66ce1fe8-1292,rudeljaeger__ohne_pc,control,0,1,0,13,1,16,16,43,36,14,15,10,0,4
pc-66ce1fe8-1292,solidaritaet_ueberleben__ohne_pc,control,1,0,1,13,0,19,17,50,32,16,13,9,0,0
pc-e01b70a5-1293,rudeljaeger__ohne_pc,control,0,0,0,11,-2,16,15,38,19,13,7,9,0,0
pc-e01b70a5-1293,solidaritaet_ueberleben__ohne_pc,control,1,1,1,11,1,17,10,38,25,10,11,12,0,0
pc-3e9e4459-1294,rudeljaeger__ohne_pc,control,0,1,0,8,10,12,10,31,2,10,8,12,0,0
pc-3e9e4459-1294,solidaritaet_ueberleben__ohne_pc,control,1,0,1,8,-2,13,11,25,5,11,5,0,0,0
pc-b7ebb516-1295,rudeljaeger__ohne_pc,control,0,0,0,9,-2,13,12,32,5,11,8,4,0,0
pc-b7ebb516-1295,solidaritaet_ueberleben__ohne_pc,control,1,1,1,9,6,13,11,33,7,11,11,12,0,0
pc-4c0382de-1296,rudeljaeger__ohne_pc,control,0,0,0,16,-2,22,20,53,70,18,14,7,0,0
pc-4c0382de-1296,solidaritaet_ueberleben__ohne_pc,control,1,1,1,16,2,22,17,59,67,16,16,11,0,0
pc-c550f39b-1297,rudeljaeger__ohne_pc,control,0,1,0,11,8,15,14,39,19,12,15,13,0,0
pc-c550f39b-1297,solidaritaet_ueberleben__ohne_pc,control,1,0,1,11,-3,17,14,43,17,14,9,2,0,0
pc-8efddb77-1298,rudeljaeger__ohne_pc,control,0,0,0,8,-4,12,11,24,6,10,3,7,0,0
pc-8efddb77-1298,solidaritaet_ueberleben__ohne_pc,control,1,1,1,8,3,12,8,32,1,8,10,14,0,0
pc-084b2c35-1299,rudeljaeger__ohne_pc,control,0,0,0,8,-1,12,11,27,2,9,3,9,0,0
pc-084b2c35-1299,solidaritaet_ueberleben__ohne_pc,control,1,1,1,8,1,13,8,31,2,8,6,11,0,0
pc-1473f5d6-1300,rudeljaeger__mit_pc,control,0,1,1,7,7,11,6,19,6,4,4,10,0,0
pc-1473f5d6-1300,solidaritaet_ueberleben__mit_pc,control,1,0,0,7,0,12,8,27,0,7,0,3,0,0
pc-9b268518-1301,rudeljaeger__mit_pc,control,0,0,1,8,-3,11,11,29,4,9,6,5,0,1
pc-9b268518-1301,solidaritaet_ueberleben__mit_pc,control,1,1,0,8,5,14,9,31,1,9,6,13,0,0
pc-070eb751-1302,rudeljaeger__mit_pc,control,0,1,1,11,1,16,12,36,21,11,14,10,0,3
pc-070eb751-1302,solidaritaet_ueberleben__mit_pc,control,1,0,0,11,0,15,14,45,12,14,7,9,0,0
pc-8dc14693-1303,rudeljaeger__mit_pc,control,0,0,1,10,-3,15,13,33,15,11,9,9,0,0
pc-8dc14693-1303,solidaritaet_ueberleben__mit_pc,control,1,1,0,10,1,16,13,41,8,12,9,13,0,0
pc-2f3e72e0-1304,rudeljaeger__mit_pc,control,0,1,1,6,7,9,7,20,1,7,2,10,0,0
pc-2f3e72e0-1304,solidaritaet_ueberleben__mit_pc,control,1,0,0,6,0,9,6,20,1,6,5,3,0,0
pc-b5f10222-1305,rudeljaeger__mit_pc,control,0,0,1,7,-4,13,9,26,1,8,3,7,0,0
pc-b5f10222-1305,solidaritaet_ueberleben__mit_pc,control,1,1,0,7,3,12,8,27,1,8,4,14,0,0
pc-21d9345b-1306,rudeljaeger__mit_pc,control,0,0,1,15,-3,19,18,49,57,16,17,6,0,0
pc-21d9345b-1306,solidaritaet_ueberleben__mit_pc,control,1,1,0,15,4,22,19,66,42,18,13,13,0,0
pc-a88bc39d-1307,rudeljaeger__mit_pc,control,0,1,1,5,8,8,6,15,0,6,1,11,0,0
pc-a88bc39d-1307,solidaritaet_ueberleben__mit_pc,control,1,0,0,5,-1,11,5,12,3,5,2,2,0,0
pc-4a08efea-1308,rudeljaeger__mit_pc,control,0,0,1,11,-5,16,14,38,18,12,8,7,0,1
pc-4a08efea-1308,solidaritaet_ueberleben__mit_pc,control,1,1,0,11,3,16,11,43,14,10,11,15,0,0
pc-d0bb9f2c-1309,rudeljaeger__mit_pc,control,0,1,1,10,5,15,11,31,18,10,12,10,0,3
pc-d0bb9f2c-1309,solidaritaet_ueberleben__mit_pc,control,1,0,0,10,0,16,13,37,11,13,6,5,1,0
pc-3ca3b165-1310,rudeljaeger__mit_pc,control,0,0,1,11,-1,15,15,41,18,14,6,7,0,0
pc-3ca3b165-1310,solidaritaet_ueberleben__mit_pc,control,1,1,0,11,3,16,10,31,26,10,14,11,0,0
pc-c35640a7-1311,rudeljaeger__mit_pc,control,0,0,1,15,-2,20,19,53,56,17,12,6,0,1
pc-c35640a7-1311,solidaritaet_ueberleben__mit_pc,control,1,1,0,15,4,20,16,55,50,15,16,12,0,0
pc-64d36cf4-1312,rudeljaeger__mit_pc,control,0,1,1,5,6,8,5,13,1,5,1,11,0,0
pc-64d36cf4-1312,solidaritaet_ueberleben__mit_pc,control,1,0,0,5,-1,9,5,14,1,5,3,4,0,0
pc-eb861c36-1313,rudeljaeger__mit_pc,control,0,0,1,13,-1,18,16,45,36,14,12,9,0,3
pc-eb861c36-1313,solidaritaet_ueberleben__mit_pc,control,1,1,0,13,1,19,17,57,27,16,13,11,0,0
pc-576e2e6f-1314,rudeljaeger__mit_pc,control,0,1,1,4,8,8,5,10,0,5,5,11,0,0
pc-576e2e6f-1314,solidaritaet_ueberleben__mit_pc,control,1,0,0,4,-1,9,5,10,0,5,3,2,0,0
pc-de20ddb1-1315,rudeljaeger__mit_pc,control,0,1,1,13,8,17,17,46,42,15,12,11,0,0
pc-de20ddb1-1315,solidaritaet_ueberleben__mit_pc,control,1,0,0,13,-1,19,16,55,33,15,11,2,0,0
pc-7f9de9fe-1316,rudeljaeger__mit_pc,control,0,1,1,7,10,11,8,27,1,8,4,10,0,0
pc-7f9de9fe-1316,solidaritaet_ueberleben__mit_pc,control,1,0,0,7,0,12,9,26,1,8,5,0,0,0
pc-06509941-1317,rudeljaeger__mit_pc,control,0,1,1,6,8,10,7,21,0,6,4,12,0,0
pc-06509941-1317,solidaritaet_ueberleben__mit_pc,control,1,0,0,6,-2,10,6,19,2,5,2,2,0,0
pc-7238ab79-1318,rudeljaeger__mit_pc,control,0,0,1,10,-6,16,12,33,18,11,6,4,0,2
pc-7238ab79-1318,solidaritaet_ueberleben__mit_pc,control,1,1,0,10,6,15,12,39,11,11,7,16,0,0
pc-f8eb5abb-1319,rudeljaeger__mit_pc,control,0,1,1,14,4,18,16,49,46,14,15,13,0,0
pc-f8eb5abb-1319,solidaritaet_ueberleben__mit_pc,control,1,0,0,14,-3,20,18,62,32,17,10,6,0,0
pc-9a686708-1320,rudeljaeger__mit_pc,control,0,0,1,8,-5,12,11,28,4,11,3,9,0,1
pc-9a686708-1320,solidaritaet_ueberleben__mit_pc,control,1,1,0,8,1,11,8,31,1,7,9,15,0,0
pc-211b164b-1321,rudeljaeger__mit_pc,control,0,1,1,7,6,13,8,25,0,8,5,11,0,0
pc-211b164b-1321,solidaritaet_ueberleben__mit_pc,control,1,0,0,7,-1,12,9,27,1,8,3,4,0,0
pc-8d032883-1322,rudeljaeger__mit_pc,control,0,1,1,8,7,13,10,31,2,9,8,12,0,0
pc-8d032883-1322,solidaritaet_ueberleben__mit_pc,control,1,0,0,8,-2,14,10,35,0,10,5,3,0,0
pc-13b5d7c6-1323,rudeljaeger__mit_pc,control,0,0,1,11,-2,16,15,41,16,13,7,9,0,1
pc-13b5d7c6-1323,solidaritaet_ueberleben__mit_pc,control,1,1,0,11,1,15,13,45,14,12,11,12,0,0
pc-b532e412-1324,rudeljaeger__mit_pc,control,0,1,1,6,10,9,7,21,0,6,3,11,0,0
pc-b532e412-1324,solidaritaet_ueberleben__mit_pc,control,1,0,0,6,-1,10,5,19,2,4,2,0,0,0
pc-3be59355-1325,rudeljaeger__mit_pc,control,0,0,1,12,-1,15,13,35,31,12,9,9,0,0
pc-3be59355-1325,solidaritaet_ueberleben__mit_pc,control,1,1,0,12,1,16,14,48,23,13,8,11,1,0
pc-a7cda58d-1326,rudeljaeger__mit_pc,control,0,1,1,8,5,13,11,31,1,10,4,12,0,1
pc-a7cda58d-1326,solidaritaet_ueberleben__mit_pc,control,1,0,0,8,-2,14,8,31,5,7,6,5,0,0
pc-2e8054d0-1327,rudeljaeger__mit_pc,control,0,0,1,9,-3,13,8,25,14,8,4,8,0,0
pc-2e8054d0-1327,solidaritaet_ueberleben__mit_pc,control,1,1,0,9,2,14,9,30,6,9,7,13,0,0
pc-cffd611c-1328,rudeljaeger__mit_pc,control,0,0,1,11,0,14,14,37,21,12,6,8,0,1
pc-cffd611c-1328,solidaritaet_ueberleben__mit_pc,control,1,1,0,11,2,15,10,39,16,10,9,10,0,0
pc-56b0105f-1329,rudeljaeger__mit_pc,control,0,0,1,15,-1,20,17,49,59,15,15,8,0,2
pc-56b0105f-1329,solidaritaet_ueberleben__mit_pc,control,1,1,0,15,2,20,18,62,48,17,11,11,1,0
pc-c2982297-1330,rudeljaeger__mit_pc,control,0,0,1,11,-2,16,10,36,21,10,11,9,0,2
pc-c2982297-1330,solidaritaet_ueberleben__mit_pc,control,1,1,0,11,1,17,14,48,10,13,9,12,1,0
pc-494ad1da-1331,rudeljaeger__mit_pc,control,0,1,1,13,1,18,17,51,28,15,15,10,0,5
pc-494ad1da-1331,solidaritaet_ueberleben__mit_pc,control,1,0,0,13,0,19,17,60,24,16,13,9,0,0
pc-3e1fed85-1332,rudeljaeger__mit_pc,control,0,0,1,10,-1,13,13,35,13,11,6,4,0,0
pc-3e1fed85-1332,solidaritaet_ueberleben__mit_pc,control,1,1,0,10,6,15,11,39,11,10,9,11,0,0
pc-c4d29cc7-1333,rudeljaeger__mit_pc,control,0,0,1,10,-1,17,14,38,9,12,10,8,0,0
pc-c4d29cc7-1333,solidaritaet_ueberleben__mit_pc,control,1,1,0,10,2,16,12,44,3,11,8,11,0,0
pc-30baaf00-1334,rudeljaeger__mit_pc,control,0,1,1,5,8,9,6,13,1,6,4,10,0,0
pc-30baaf00-1334,solidaritaet_ueberleben__mit_pc,control,1,0,0,5,0,10,5,14,1,5,2,2,0,0
pc-b76d5e42-1335,rudeljaeger__mit_pc,control,0,1,1,4,7,7,5,9,1,5,0,11,0,0
pc-b76d5e42-1335,solidaritaet_ueberleben__mit_pc,control,1,0,0,4,-1,9,2,7,3,2,3,3,0,0
pc-58ea6a8f-1336,rudeljaeger__mit_pc,control,0,1,1,15,4,20,19,54,53,17,13,9,0,2
pc-58ea6a8f-1336,solidaritaet_ueberleben__mit_pc,control,1,0,0,15,0,21,16,58,53,15,14,5,0,0
pc-df9d19d1-1337,rudeljaeger__mit_pc,control,0,0,1,8,-3,13,12,27,7,11,4,7,0,0
pc-df9d19d1-1337,solidaritaet_ueberleben__mit_pc,control,1,1,0,8,3,13,8,29,3,8,8,13,1,0
pc-4b852c0a-1338,rudeljaeger__mit_pc,control,0,1,1,5,6,9,5,14,1,4,1,10,0,0
pc-4b852c0a-1338,solidaritaet_ueberleben__mit_pc,control,1,0,0,5,0,12,6,15,0,5,1,4,0,0
pc-d237db4c-1339,rudeljaeger__mit_pc,control,0,1,1,12,2,18,16,39,33,14,14,12,0,2
pc-d237db4c-1339,solidaritaet_ueberleben__mit_pc,control,1,0,0,12,-2,18,16,50,21,16,11,8,0,0
pc-73b4e799-1340,rudeljaeger__mit_pc,control,0,1,1,4,8,9,5,9,0,5,2,10,0,0
pc-73b4e799-1340,solidaritaet_ueberleben__mit_pc,control,1,0,0,4,0,10,4,9,1,4,1,2,0,0
pc-fa6796db-1341,rudeljaeger__mit_pc,control,0,1,1,9,4,13,13,37,5,12,7,10,0,1
pc-fa6796db-1341,solidaritaet_ueberleben__mit_pc,control,1,0,0,9,0,13,8,33,3,7,10,6,0,0
pc-664fa914-1342,rudeljaeger__mit_pc,control,0,1,1,14,5,20,18,53,42,17,17,11,0,1
pc-664fa914-1342,solidaritaet_ueberleben__mit_pc,control,1,0,0,14,-1,20,18,60,33,17,14,5,0,0
pc-ed025856-1343,rudeljaeger__mit_pc,control,0,1,1,12,4,16,14,37,29,12,10,10,0,5
pc-ed025856-1343,solidaritaet_ueberleben__mit_pc,control,1,0,0,12,0,16,15,46,23,14,7,6,4,0
pc-8e7f64a3-1344,rudeljaeger__mit_pc,control,0,0,1,11,-4,16,12,31,24,11,11,9,0,2
pc-8e7f64a3-1344,solidaritaet_ueberleben__mit_pc,control,1,1,0,11,1,14,13,46,9,13,8,14,0,0
pc-153213e6-1345,rudeljaeger__mit_pc,control,0,0,1,8,-2,14,11,28,8,9,6,8,0,3
pc-153213e6-1345,solidaritaet_ueberleben__mit_pc,control,1,1,0,8,2,13,9,34,1,9,5,12,0,0
pc-811a261e-1346,rudeljaeger__mit_pc,control,0,1,1,5,7,10,6,15,0,6,3,11,0,0
pc-811a261e-1346,solidaritaet_ueberleben__mit_pc,control,1,0,0,5,-1,10,6,12,0,6,3,3,0,0
pc-07ccd561-1347,rudeljaeger__mit_pc,control,0,1,1,11,3,16,14,36,19,12,12,11,0,0
pc-07ccd561-1347,solidaritaet_ueberleben__mit_pc,control,1,0,0,11,-1,15,14,47,10,14,10,7,1,0
pc-a949e1ad-1348,rudeljaeger__mit_pc,control,0,1,1,7,4,11,9,23,3,8,7,11,0,2
pc-a949e1ad-1348,solidaritaet_ueberleben__mit_pc,control,1,0,0,7,-1,11,8,25,2,8,4,6,1,0
pc-2ffc90f0-1349,rudeljaeger__mit_pc,control,0,0,1,10,-3,16,9,30,18,7,6,6,0,1
pc-2ffc90f0-1349,solidaritaet_ueberleben__mit_pc,control,1,1,0,10,4,16,9,34,11,8,2,13,0,0
pc-d5e1362d-1350,rudeljaeger__mit_pc,control,0,0,0,10,-4,14,12,39,8,12,6,9,0,2
pc-d5e1362d-1350,solidaritaet_ueberleben__mit_pc,control,1,1,1,10,1,15,11,48,3,10,7,14,0,0
pc-5c93c570-1351,rudeljaeger__mit_pc,control,0,0,0,8,0,12,12,31,3,11,6,6,0,0
pc-5c93c570-1351,solidaritaet_ueberleben__mit_pc,control,1,1,1,8,4,13,8,26,10,8,9,10,0,0
pc-e34674b2-1352,rudeljaeger__mit_pc,control,0,1,0,6,8,10,9,18,0,7,5,10,0,0
pc-e34674b2-1352,solidaritaet_ueberleben__mit_pc,control,1,0,1,6,0,10,7,20,1,7,6,2,0,0
pc-69f903f5-1353,rudeljaeger__mit_pc,control,0,1,0,5,10,10,5,13,0,4,2,10,0,0
pc-69f903f5-1353,solidaritaet_ueberleben__mit_pc,control,1,0,1,5,0,11,4,12,2,4,1,0,0,0
pc-bb16b923-1354,rudeljaeger__mit_pc,control,0,0,0,9,-4,15,12,32,7,10,5,7,0,1
pc-bb16b923-1354,solidaritaet_ueberleben__mit_pc,control,1,1,1,9,3,14,11,33,7,10,7,14,0,0
pc-41c94866-1355,rudeljaeger__mit_pc,control,0,0,0,11,-4,16,15,39,18,13,7,8,0,0
pc-41c94866-1355,solidaritaet_ueberleben__mit_pc,control,1,1,1,11,2,15,13,45,12,12,10,14,0,0
pc-c87bf7a8-1356,rudeljaeger__mit_pc,control,0,1,0,5,10,10,5,12,1,5,1,10,0,0
pc-c87bf7a8-1356,solidaritaet_ueberleben__mit_pc,control,1,0,1,5,0,10,4,14,1,4,2,0,0,0
pc-4f2e86eb-1357,rudeljaeger__mit_pc,control,0,0,0,9,-1,14,12,36,4,10,8,1,0,0
pc-4f2e86eb-1357,solidaritaet_ueberleben__mit_pc,control,1,1,1,9,9,16,12,43,2,12,6,11,0,0
pc-0b763042-1358,rudeljaeger__mit_pc,control,0,0,0,12,-6,16,15,40,28,13,13,8,0,2
pc-0b763042-1358,solidaritaet_ueberleben__mit_pc,control,1,1,1,12,2,19,15,52,18,14,12,16,0,0
pc-9228df84-1359,rudeljaeger__mit_pc,control,0,0,0,10,-1,17,12,35,10,11,9,7,0,1
pc-9228df84-1359,solidaritaet_ueberleben__mit_pc,control,1,1,1,10,3,14,13,42,7,12,10,11,0,0
pc-18db6ec7-1360,rudeljaeger__mit_pc,control,0,1,0,5,7,10,5,13,2,4,1,10,0,0
pc-18db6ec7-1360,solidaritaet_ueberleben__mit_pc,control,1,0,1,5,0,9,4,13,1,4,1,3,0,0
pc-9f8e1e09-1361,rudeljaeger__mit_pc,control,0,1,0,6,5,9,6,20,1,6,4,10,0,1
pc-9f8e1e09-1361,solidaritaet_ueberleben__mit_pc,control,1,0,1,6,0,12,7,21,0,7,3,5,0,0
pc-f0abb337-1362,rudeljaeger__mit_pc,control,0,0,0,11,-6,16,15,43,17,14,7,6,0,1
pc-f0abb337-1362,solidaritaet_ueberleben__mit_pc,control,1,1,1,11,4,16,10,41,23,10,10,16,0,0
pc-775e427a-1363,rudeljaeger__mit_pc,control,0,0,0,14,-3,17,17,43,51,15,9,7,0,1
pc-775e427a-1363,solidaritaet_ueberleben__mit_pc,control,1,1,1,14,3,19,13,51,44,12,13,13,0,0
pc-fe10f1bc-1364,rudeljaeger__mit_pc,control,0,1,0,6,5,10,6,19,2,6,3,10,0,1
pc-fe10f1bc-1364,solidaritaet_ueberleben__mit_pc,control,1,0,1,6,0,10,6,21,0,6,2,5,0,0
pc-84c380ff-1365,rudeljaeger__mit_pc,control,0,0,0,12,-2,15,15,43,25,13,13,6,0,1
pc-84c380ff-1365,solidaritaet_ueberleben__mit_pc,control,1,1,1,12,4,19,16,58,15,15,10,12,0,0
pc-410b2a56-1366,rudeljaeger__mit_pc,control,0,0,0,8,0,13,11,31,0,9,6,9,0,1
pc-410b2a56-1366,solidaritaet_ueberleben__mit_pc,control,1,1,1,8,1,14,9,31,1,9,6,10,0,0
pc-c7bdd998-1367,rudeljaeger__mit_pc,control,0,1,0,7,2,12,10,26,0,10,3,10,0,0
pc-c7bdd998-1367,solidaritaet_ueberleben__mit_pc,control,1,0,1,7,0,12,6,23,2,6,8,8,0,0
pc-4e7068db-1368,rudeljaeger__mit_pc,control,0,0,0,11,-4,17,14,41,19,13,7,8,0,0
pc-4e7068db-1368,solidaritaet_ueberleben__mit_pc,control,1,1,1,11,2,16,12,47,14,11,9,14,0,0
pc-d523181d-1369,rudeljaeger__mit_pc,control,0,0,0,9,-4,15,11,30,10,11,4,7,0,0
pc-d523181d-1369,solidaritaet_ueberleben__mit_pc,control,1,1,1,9,3,14,10,35,9,9,8,14,0,0
pc-2640ad4c-1370,rudeljaeger__mit_pc,control,0,1,0,15,7,21,18,53,58,16,16,11,0,2
pc-2640ad4c-1370,solidaritaet_ueberleben__mit_pc,control,1,0,1,15,-1,19,19,63,48,18,12,3,1,0
pc-acf35c8e-1371,rudeljaeger__mit_pc,control,0,0,0,14,-3,17,17,44,48,15,13,9,0,0
pc-acf35c8e-1371,solidaritaet_ueberleben__mit_pc,control,1,1,1,14,1,19,15,55,39,14,13,13,0,0
pc-33a5ebd1-1372,rudeljaeger__mit_pc,control,0,1,0,5,7,10,7,13,1,6,1,10,0,0
pc-33a5ebd1-1372,solidaritaet_ueberleben__mit_pc,control,1,0,1,5,0,9,5,14,1,5,1,3,0,0
pc-ba589b13-1373,rudeljaeger__mit_pc,control,0,0,0,8,-1,14,10,30,3,9,3,8,0,0
pc-ba589b13-1373,solidaritaet_ueberleben__mit_pc,control,1,1,1,8,2,13,8,31,3,8,4,11,2,0
pc-76a0246a-1374,rudeljaeger__mit_pc,control,0,0,0,7,0,13,8,26,1,8,3,8,0,1
pc-76a0246a-1374,solidaritaet_ueberleben__mit_pc,control,1,1,1,7,2,12,8,27,0,7,3,10,2,0
pc-fd52d3ac-1375,rudeljaeger__mit_pc,control,0,1,0,11,3,15,14,41,16,12,12,10,0,0
pc-fd52d3ac-1375,solidaritaet_ueberleben__mit_pc,control,1,0,1,11,0,16,14,45,14,13,10,7,0,0
pc-840562ef-1376,rudeljaeger__mit_pc,control,0,1,0,8,5,12,12,29,1,10,7,12,0,0
pc-840562ef-1376,solidaritaet_ueberleben__mit_pc,control,1,0,1,8,-2,14,10,32,3,10,8,5,0,0
pc-0ab81232-1377,rudeljaeger__mit_pc,control,0,0,0,11,-1,16,15,41,23,13,9,5,0,0
pc-0ab81232-1377,solidaritaet_ueberleben__mit_pc,control,1,1,1,11,5,16,12,45,12,11,9,11,0,0
pc-5bd5a760-1378,rudeljaeger__mit_pc,control,0,0,0,10,-3,13,12,27,19,10,9,6,0,0
pc-5bd5a760-1378,solidaritaet_ueberleben__mit_pc,control,1,1,1,10,4,15,12,46,4,12,7,13,0,0
pc-e28856a2-1379,rudeljaeger__mit_pc,control,0,0,0,8,0,13,11,32,1,10,4,8,0,0
pc-e28856a2-1379,solidaritaet_ueberleben__mit_pc,control,1,1,1,8,2,13,9,29,1,8,6,10,0,0
pc-693ae5e5-1380,rudeljaeger__mit_pc,control,0,0,0,12,-2,18,16,45,24,14,11,8,0,1
pc-693ae5e5-1380,solidaritaet_ueberleben__mit_pc,control,1,1,1,12,2,18,15,51,16,14,11,12,1,0
pc-efed9527-1381,rudeljaeger__mit_pc,control,0,0,0,11,-5,15,14,40,16,13,11,3,0,0
pc-efed9527-1381,solidaritaet_ueberleben__mit_pc,control,1,1,1,11,7,17,15,50,11,14,11,15,3,0
pc-ff8d2ddc-1382,rudeljaeger__mit_pc,control,0,0,0,11,0,16,12,39,23,10,10,8,0,2
pc-ff8d2ddc-1382,solidaritaet_ueberleben__mit_pc,control,1,1,1,11,2,16,14,48,8,13,7,10,0,0
pc-863fdd1f-1383,rudeljaeger__mit_pc,control,0,1,0,16,1,21,20,56,68,18,15,8,0,3
pc-863fdd1f-1383,solidaritaet_ueberleben__mit_pc,control,1,0,1,16,-1,21,18,65,64,17,17,6,0,0
pc-0cf26c62-1384,rudeljaeger__mit_pc,control,0,1,0,5,10,9,5,13,0,5,4,11,0,0
pc-0cf26c62-1384,solidaritaet_ueberleben__mit_pc,control,1,0,1,5,-1,8,4,13,1,4,2,0,0,0
pc-93a51ba4-1385,rudeljaeger__mit_pc,control,0,0,0,10,-1,15,13,38,9,11,6,2,0,0
pc-93a51ba4-1385,solidaritaet_ueberleben__mit_pc,control,1,1,1,10,8,16,10,40,5,10,9,11,0,0
pc-e4c2b0d2-1386,rudeljaeger__mit_pc,control,0,1,0,4,9,9,5,10,0,4,2,11,0,0
pc-e4c2b0d2-1386,solidaritaet_ueberleben__mit_pc,control,1,0,1,4,-1,10,3,9,1,3,1,1,0,0
pc-6b754015-1387,rudeljaeger__mit_pc,control,0,0,0,8,-5,14,11,27,6,9,4,7,0,0
pc-6b754015-1387,solidaritaet_ueberleben__mit_pc,control,1,1,1,8,3,13,9,32,3,9,5,15,0,0
pc-f227ef57-1388,rudeljaeger__mit_pc,control,0,1,0,8,9,12,11,31,2,9,6,11,0,0
pc-f227ef57-1388,solidaritaet_ueberleben__mit_pc,control,1,0,1,8,-1,12,9,35,1,8,4,1,0,0
pc-78da9e9a-1389,rudeljaeger__mit_pc,control,0,1,0,10,4,14,11,35,10,9,10,11,0,2
pc-78da9e9a-1389,solidaritaet_ueberleben__mit_pc,control,1,0,1,10,-1,13,13,41,9,13,6,6,0,0
pc-352227f1-1390,rudeljaeger__mit_pc,control,0,0,0,11,0,15,14,44,16,13,9,4,0,1
pc-352227f1-1390,solidaritaet_ueberleben__mit_pc,control,1,1,1,11,6,18,13,45,18,13,10,10,0,0
pc-bbd4d733-1391,rudeljaeger__mit_pc,control,0,0,0,11,-1,17,14,38,19,12,6,5,0,1
pc-bbd4d733-1391,solidaritaet_ueberleben__mit_pc,control,1,1,1,11,5,15,11,42,13,10,10,11,0,0
pc-42876676-1392,rudeljaeger__mit_pc,control,0,0,0,10,-2,14,13,39,10,12,5,6,0,1
pc-42876676-1392,solidaritaet_ueberleben__mit_pc,control,1,1,1,10,4,16,10,31,14,9,10,12,0,0
pc-c93a15b8-1393,rudeljaeger__mit_pc,control,0,1,0,7,6,10,10,26,2,8,5,10,0,0
pc-c93a15b8-1393,solidaritaet_ueberleben__mit_pc,control,1,0,1,7,0,14,8,25,1,8,6,4,0,0
pc-1a57aae7-1394,rudeljaeger__mit_pc,control,0,0,0,9,-1,14,12,36,6,11,8,9,0,0
pc-1a57aae7-1394,solidaritaet_ueberleben__mit_pc,control,1,1,1,9,1,13,11,37,7,11,8,11,2,0
pc-a10a5a29-1395,rudeljaeger__mit_pc,control,0,1,0,5,7,8,6,14,0,6,1,13,0,0
pc-a10a5a29-1395,solidaritaet_ueberleben__mit_pc,control,1,0,1,5,-3,10,5,13,2,5,4,3,0,0
pc-27bce96c-1396,rudeljaeger__mit_pc,control,0,1,0,4,9,8,5,10,0,3,2,10,0,0
pc-27bce96c-1396,solidaritaet_ueberleben__mit_pc,control,1,0,1,4,0,10,3,9,1,3,1,1,0,0
pc-ae6f98ae-1397,rudeljaeger__mit_pc,control,0,0,0,8,0,12,11,28,2,9,3,2,0,2
pc-ae6f98ae-1397,solidaritaet_ueberleben__mit_pc,control,1,1,1,8,8,14,8,30,2,7,8,10,0,0
pc-6ab72205-1398,rudeljaeger__mit_pc,control,0,1,0,4,10,7,4,10,0,4,2,11,0,0
pc-6ab72205-1398,solidaritaet_ueberleben__mit_pc,control,1,0,1,4,-1,9,3,9,1,3,1,0,0,0
pc-f169d147-1399,rudeljaeger__mit_pc,control,0,0,0,6,0,10,6,20,1,5,4,7,0,1
pc-f169d147-1399,solidaritaet_ueberleben__mit_pc,control,1,1,1,6,3,9,7,21,0,6,1,10,0,0
pc-b3601eda-1400,rudeljaeger__mit_pc,control,0,0,1,13,-3,20,17,47,33,15,11,9,0,1
pc-b3601eda-1400,solidaritaet_ueberleben__ohne_pc,control,1,1,0,13,1,18,15,52,26,14,14,13,0,0
pc-2cad6f98-1401,rudeljaeger__mit_pc,control,0,0,1,7,0,12,7,20,1,6,2,9,0,0
pc-2cad6f98-1401,solidaritaet_ueberleben__ohne_pc,control,1,1,0,7,1,11,5,19,2,5,1,10,0,0
pc-a5fac055-1402,rudeljaeger__mit_pc,control,0,0,1,7,-1,10,9,23,3,8,3,9,0,2
pc-a5fac055-1402,solidaritaet_ueberleben__ohne_pc,control,1,1,0,7,1,11,6,20,1,6,6,11,1,0
pc-1f483113-1403,rudeljaeger__mit_pc,control,0,1,1,8,1,12,10,27,7,9,6,11,0,2
pc-1f483113-1403,solidaritaet_ueberleben__ohne_pc,control,1,0,0,8,-1,13,9,32,3,8,7,9,0,0
pc-989581d0-1404,rudeljaeger__mit_pc,control,0,1,1,8,7,13,11,28,5,10,7,10,0,0
pc-989581d0-1404,solidaritaet_ueberleben__ohne_pc,control,1,0,0,8,0,13,10,31,4,10,5,3,0,0
pc-11e2f28e-1405,rudeljaeger__mit_pc,control,0,1,1,6,5,11,8,20,1,8,5,11,0,0
pc-11e2f28e-1405,solidaritaet_ueberleben__ohne_pc,control,1,0,0,6,-1,11,6,17,3,6,5,5,0,0
pc-8b30434b-1406,rudeljaeger__mit_pc,control,0,1,1,10,4,14,13,32,15,11,14,12,0,0
pc-8b30434b-1406,solidaritaet_ueberleben__ohne_pc,control,1,0,0,10,-2,16,14,46,5,14,9,6,0,0
pc-047db409-1407,rudeljaeger__mit_pc,control,0,1,1,9,8,14,10,35,1,10,8,11,0,0
pc-047db409-1407,solidaritaet_ueberleben__ohne_pc,control,1,0,0,9,-1,13,12,33,7,11,5,2,0,0
pc-7dcb04c6-1408,rudeljaeger__mit_pc,control,0,1,1,10,7,15,13,34,12,11,7,11,0,0
pc-7dcb04c6-1408,solidaritaet_ueberleben__ohne_pc,control,1,0,0,10,-1,15,11,35,12,11,8,3,0,0
pc-f7187583-1409,rudeljaeger__mit_pc,control,0,1,1,4,8,8,4,10,0,4,2,12,0,0
pc-f7187583-1409,solidaritaet_ueberleben__ohne_pc,control,1,0,0,4,-2,8,4,9,1,4,1,2,0,0
pc-7065c641-1410,rudeljaeger__mit_pc,control,0,1,1,6,7,9,6,19,2,6,7,12,0,0
pc-7065c641-1410,solidaritaet_ueberleben__ohne_pc,control,1,0,0,6,-2,10,7,18,3,7,3,3,0,0
pc-e9b336fe-1411,rudeljaeger__mit_pc,control,0,1,1,8,4,11,11,29,3,9,6,10,0,1
pc-e9b336fe-1411,solidaritaet_ueberleben__ohne_pc,control,1,0,0,8,0,13,9,28,8,8,6,6,0,0
pc-630087bc-1412,rudeljaeger__mit_pc,control,0,1,1,8,7,12,11,31,2,10,7,12,0,0
pc-630087bc-1412,solidaritaet_ueberleben__ohne_pc,control,1,0,0,8,-2,13,9,34,2,9,5,3,0,0
pc-dc4df879-1413,rudeljaeger__mit_pc,control,0,0,1,11,-3,14,14,37,24,12,13,8,0,0
pc-dc4df879-1413,solidaritaet_ueberleben__ohne_pc,control,1,1,0,11,2,17,14,45,13,13,8,13,0,0
pc-559b4937-1414,rudeljaeger__mit_pc,control,0,1,1,12,8,18,16,39,29,14,12,10,0,0
pc-559b4937-1414,solidaritaet_ueberleben__ohne_pc,control,1,0,0,12,0,18,15,48,23,14,11,2,0,0
pc-cee8b9f4-1415,rudeljaeger__mit_pc,control,0,0,1,11,-5,17,12,34,21,11,8,9,0,0
pc-cee8b9f4-1415,solidaritaet_ueberleben__ohne_pc,control,1,1,0,11,1,16,12,43,12,12,7,15,0,0
pc-48360ab2-1416,rudeljaeger__mit_pc,control,0,1,1,4,6,7,6,10,0,5,0,11,0,0
pc-48360ab2-1416,solidaritaet_ueberleben__ohne_pc,control,1,0,0,4,-1,8,3,9,1,3,3,4,0,0
pc-c1837b6f-1417,rudeljaeger__mit_pc,control,0,0,1,10,-1,15,13,37,12,11,8,5,0,2
pc-c1837b6f-1417,solidaritaet_ueberleben__ohne_pc,control,1,1,0,10,5,15,14,44,6,13,8,11,0,0
pc-3ad0cc2d-1418,rudeljaeger__mit_pc,control,0,1,1,11,2,16,14,39,20,12,12,12,0,0
pc-3ad0cc2d-1418,solidaritaet_ueberleben__ohne_pc,control,1,0,0,11,-2,14,14,39,19,13,9,8,0,0
pc-b41e3cea-1419,rudeljaeger__mit_pc,control,0,1,1,14,7,18,18,48,45,16,16,12,0,2
pc-b41e3cea-1419,solidaritaet_ueberleben__ohne_pc,control,1,0,0,14,-2,20,18,57,36,17,12,3,0,0
pc-2d6b8da8-1420,rudeljaeger__mit_pc,control,0,1,1,6,6,10,7,17,1,6,3,12,0,0
pc-2d6b8da8-1420,solidaritaet_ueberleben__ohne_pc,control,1,0,0,6,-2,10,7,19,2,6,3,4,0,0
pc-a6b8fe65-1421,rudeljaeger__mit_pc,control,0,1,1,7,7,13,9,26,2,8,4,10,0,0
pc-a6b8fe65-1421,solidaritaet_ueberleben__ohne_pc,control,1,0,0,7,0,11,8,26,2,7,4,3,0,0
pc-20064f23-1422,rudeljaeger__mit_pc,control,0,1,1,8,6,14,7,26,5,6,9,13,0,2
pc-20064f23-1422,solidaritaet_ueberleben__ohne_pc,control,1,0,0,8,-3,14,11,31,3,11,1,4,0,0
pc-9953bfe0-1423,rudeljaeger__mit_pc,control,0,1,1,15,5,19,18,51,55,16,15,9,0,2
pc-9953bfe0-1423,solidaritaet_ueberleben__ohne_pc,control,1,0,0,15,0,20,18,56,49,17,15,4,0,0
pc-12a1109e-1424,rudeljaeger__mit_pc,control,0,1,1,15,1,20,18,49,56,17,17,11,0,1
pc-12a1109e-1424,solidaritaet_ueberleben__ohne_pc,control,1,0,0,15,-1,20,19,63,49,18,13,9,1,0
pc-8bee615b-1425,rudeljaeger__mit_pc,control,0,1,1,11,4,16,12,28,27,10,13,11,0,0
pc-8bee615b-1425,solidaritaet_ueberleben__ohne_pc,control,1,0,0,11,-1,15,14,43,18,13,7,6,0,0
pc-053bd219-1426,rudeljaeger__mit_pc,control,0,1,1,13,2,18,16,44,36,15,14,11,0,1
pc-053bd219-1426,solidaritaet_ueberleben__ohne_pc,control,1,0,0,13,-1,19,17,51,29,17,12,8,2,0
pc-7e8922d6-1427,rudeljaeger__mit_pc,control,0,0,1,11,-4,15,11,35,22,10,12,7,0,0
pc-7e8922d6-1427,solidaritaet_ueberleben__ohne_pc,control,1,1,0,11,3,16,15,45,14,14,6,14,0,0
pc-f7d69393-1428,rudeljaeger__mit_pc,control,0,1,1,14,2,17,17,47,47,16,14,10,0,1
pc-f7d69393-1428,solidaritaet_ueberleben__ohne_pc,control,1,0,0,14,0,19,18,55,40,17,12,8,0,0
pc-7123e451-1429,rudeljaeger__mit_pc,control,0,1,1,10,7,15,13,34,13,12,12,10,0,2
pc-7123e451-1429,solidaritaet_ueberleben__ohne_pc,control,1,0,0,10,0,17,12,37,12,11,9,3,0,0
pc-ea71550e-1430,rudeljaeger__mit_pc,control,0,1,1,9,4,13,10,29,9,8,11,10,0,2
pc-ea71550e-1430,solidaritaet_ueberleben__ohne_pc,control,1,0,0,9,0,13,12,35,6,11,3,6,0,0
pc-63bea5cc-1431,rudeljaeger__mit_pc,control,0,1,1,9,7,13,10,32,8,9,11,12,0,0
pc-63bea5cc-1431,solidaritaet_ueberleben__ohne_pc,control,1,0,0,9,-2,15,12,31,7,12,5,3,0,0
pc-dd0c1689-1432,rudeljaeger__mit_pc,control,0,0,1,8,0,13,11,29,4,10,6,5,0,0
pc-dd0c1689-1432,solidaritaet_ueberleben__ohne_pc,control,1,1,0,8,5,13,11,29,2,10,8,10,1,0
pc-56596747-1433,rudeljaeger__mit_pc,control,0,0,1,8,-1,12,12,28,2,10,3,8,0,0
pc-56596747-1433,solidaritaet_ueberleben__ohne_pc,control,1,1,0,8,2,12,8,28,5,8,6,11,0,0
pc-cfa6d804-1434,rudeljaeger__mit_pc,control,0,1,1,12,5,15,14,40,26,12,16,11,0,2
pc-cfa6d804-1434,solidaritaet_ueberleben__ohne_pc,control,1,0,0,12,-1,18,16,49,21,16,8,5,0,0
pc-48f428c2-1435,rudeljaeger__mit_pc,control,0,0,1,8,-1,12,11,23,6,10,4,9,0,0
pc-48f428c2-1435,solidaritaet_ueberleben__ohne_pc,control,1,1,0,8,1,12,9,31,2,9,8,11,0,0
pc-c241997f-1436,rudeljaeger__mit_pc,control,0,0,1,7,-2,12,10,25,1,8,3,5,0,0
pc-c241997f-1436,solidaritaet_ueberleben__ohne_pc,control,1,1,0,7,5,10,7,24,2,7,6,12,0,0
pc-3b8eea3d-1437,rudeljaeger__mit_pc,control,0,0,1,9,-5,12,12,30,9,10,6,9,0,0
pc-3b8eea3d-1437,solidaritaet_ueberleben__ohne_pc,control,1,1,0,9,1,15,10,37,3,10,7,15,0,0
pc-b4dc5afa-1438,rudeljaeger__mit_pc,control,0,1,1,13,5,18,17,48,31,15,14,12,0,3
pc-b4dc5afa-1438,solidaritaet_ueberleben__ohne_pc,control,1,0,0,13,-2,18,16,47,33,15,13,5,1,0
pc-2e29abb8-1439,rudeljaeger__mit_pc,control,0,0,1,11,-4,17,14,38,20,12,10,8,0,0
pc-2e29abb8-1439,solidaritaet_ueberleben__ohne_pc,control,1,1,0,11,2,16,14,45,14,13,9,14,0,0
pc-a7771c75-1440,rudeljaeger__mit_pc,control,0,1,1,6,10,9,7,19,1,7,3,11,0,0
pc-a7771c75-1440,solidaritaet_ueberleben__ohne_pc,control,1,0,0,6,-1,10,5,19,2,5,5,0,0,0
pc-20c46d33-1441,rudeljaeger__mit_pc,control,0,0,1,11,0,17,11,33,24,9,12,7,0,3
pc-20c46d33-1441,solidaritaet_ueberleben__ohne_pc,control,1,1,0,11,3,17,15,45,12,14,4,10,1,0
pc-9a11ddf0-1442,rudeljaeger__mit_pc,control,0,1,1,5,10,9,6,13,2,5,2,11,0,0
pc-9a11ddf0-1442,solidaritaet_ueberleben__ohne_pc,control,1,0,0,5,-1,10,5,13,1,5,3,0,0,0
pc-135f2eae-1443,rudeljaeger__mit_pc,control,0,0,1,11,-1,15,14,34,23,13,6,9,0,0
pc-135f2eae-1443,solidaritaet_ueberleben__ohne_pc,control,1,1,0,11,1,16,12,41,20,11,10,11,0,0
pc-8cac9f6b-1444,rudeljaeger__mit_pc,control,0,1,1,14,5,17,9,34,61,8,16,14,0,1
pc-8cac9f6b-1444,solidaritaet_ueberleben__ohne_pc,control,1,0,0,14,-4,21,18,56,41,17,3,5,0,0
pc-05f9f029-1445,rudeljaeger__mit_pc,control,0,0,1,7,0,10,8,19,2,7,7,6,0,0
pc-05f9f029-1445,solidaritaet_ueberleben__ohne_pc,control,1,1,0,7,4,11,8,26,1,8,4,10,0,0
pc-7f4740e6-1446,rudeljaeger__mit_pc,control,0,,1,16,0,21,20,56,70,18,17,8,0,2
pc-7f4740e6-1446,solidaritaet_ueberleben__ohne_pc,control,1,,0,16,-1,22,20,64,60,19,15,7,4,0
pc-f894b1a3-1447,rudeljaeger__mit_pc,control,0,1,1,15,7,20,18,51,57,16,19,9,0,4
pc-f894b1a3-1447,solidaritaet_ueberleben__ohne_pc,control,1,0,0,15,0,20,19,62,49,18,13,2,0,0
pc-71e20261-1448,rudeljaeger__mit_pc,control,0,1,1,15,7,20,17,50,59,16,15,11,0,3
pc-71e20261-1448,solidaritaet_ueberleben__ohne_pc,control,1,0,0,15,-1,20,18,59,52,17,13,3,0,0
pc-eb2f731e-1449,rudeljaeger__mit_pc,control,0,1,1,12,1,18,14,40,27,13,13,11,0,0
pc-eb2f731e-1449,solidaritaet_ueberleben__ohne_pc,control,1,0,0,12,-1,18,16,50,18,15,12,9,0,0
pc-4f7fff4b-1450,rudeljaeger__mit_pc,control,0,0,0,8,-1,12,11,25,5,10,5,6,0,0
pc-4f7fff4b-1450,solidaritaet_ueberleben__ohne_pc,control,1,1,1,8,4,12,8,27,3,8,9,11,0,0
pc-d6328e8d-1451,rudeljaeger__mit_pc,control,0,0,0,9,-2,13,9,30,10,8,7,9,0,0
pc-d6328e8d-1451,solidaritaet_ueberleben__ohne_pc,control,1,1,1,9,1,14,12,41,3,11,3,12,0,0
pc-421aa0c6-1452,rudeljaeger__mit_pc,control,0,0,0,8,-3,13,12,29,6,10,2,5,0,0
pc-421aa0c6-1452,solidaritaet_ueberleben__ohne_pc,control,1,1,1,8,5,14,8,32,4,7,5,13,0,0
pc-c8cd5008-1453,rudeljaeger__mit_pc,control,0,1,0,4,10,9,5,10,0,5,3,10,0,0
pc-c8cd5008-1453,solidaritaet_ueberleben__ohne_pc,control,1,0,1,4,0,8,5,10,0,5,2,0,0,0
pc-6a4a7c55-1454,rudeljaeger__mit_pc,control,0,0,0,9,-4,14,12,32,8,11,7,6,0,1
pc-6a4a7c55-1454,solidaritaet_ueberleben__ohne_pc,control,1,1,1,9,4,13,11,34,7,11,8,14,0,0
pc-f0fd0b97-1455,rudeljaeger__mit_pc,control,0,0,0,9,-2,15,13,33,4,12,4,6,0,0
pc-f0fd0b97-1455,solidaritaet_ueberleben__ohne_pc,control,1,1,1,9,4,14,9,30,11,8,13,12,0,0
pc-5ce53dd0-1456,rudeljaeger__mit_pc,control,0,0,0,8,-2,13,10,30,5,8,6,9,0,1
pc-5ce53dd0-1456,solidaritaet_ueberleben__ohne_pc,control,1,1,1,8,1,11,9,26,2,9,4,12,0,0
pc-e397cd12-1457,rudeljaeger__mit_pc,control,0,0,0,7,0,11,10,28,0,9,2,4,0,0
pc-e397cd12-1457,solidaritaet_ueberleben__ohne_pc,control,1,1,1,7,6,12,6,18,7,6,6,10,0,0
pc-8514f95f-1458,rudeljaeger__mit_pc,control,0,1,0,8,2,13,9,30,1,9,6,12,0,1
pc-8514f95f-1458,solidaritaet_ueberleben__ohne_pc,control,1,0,1,8,-2,12,8,29,3,8,6,8,0,0
pc-0bc788a2-1459,rudeljaeger__mit_pc,control,0,1,0,4,10,8,5,9,0,5,1,10,0,0
pc-0bc788a2-1459,solidaritaet_ueberleben__ohne_pc,control,1,0,1,4,0,9,4,7,2,4,0,0,0,0
pc-77afbada-1460,rudeljaeger__mit_pc,control,0,1,0,11,4,16,14,42,17,12,14,13,0,2
pc-77afbada-1460,solidaritaet_ueberleben__ohne_pc,control,1,0,1,11,-3,16,15,44,15,14,8,6,0,0
pc-fe624a1c-1461,rudeljaeger__mit_pc,control,0,1,0,15,6,21,19,55,54,17,15,9,0,1
pc-fe624a1c-1461,solidaritaet_ueberleben__ohne_pc,control,1,0,1,15,0,19,19,59,52,18,16,3,1,0
pc-9fdf7669-1462,rudeljaeger__mit_pc,control,0,0,0,9,-5,12,10,29,8,8,8,8,0,1
pc-9fdf7669-1462,solidaritaet_ueberleben__ohne_pc,control,1,1,1,9,2,14,11,39,4,10,5,15,0,0
pc-269205ac-1463,rudeljaeger__mit_pc,control,0,1,0,12,8,17,14,39,27,12,14,12,0,0
pc-269205ac-1463,solidaritaet_ueberleben__ohne_pc,control,1,0,1,12,-2,18,16,55,13,15,7,2,0,0
pc-927a37e4-1464,rudeljaeger__mit_pc,control,0,1,0,9,4,13,11,25,11,9,10,11,0,2
pc-927a37e4-1464,solidaritaet_ueberleben__ohne_pc,control,1,0,1,9,-1,14,12,34,5,11,5,6,0,0
pc-192cc727-1465,rudeljaeger__mit_pc,control,0,0,0,12,-2,15,14,37,31,12,12,4,0,0
pc-192cc727-1465,solidaritaet_ueberleben__ohne_pc,control,1,1,1,12,6,18,15,52,18,14,7,12,0,0
pc-baa9f373-1466,rudeljaeger__mit_pc,control,0,0,0,9,-1,12,11,34,5,10,5,5,0,2
pc-baa9f373-1466,solidaritaet_ueberleben__ohne_pc,control,1,1,1,9,5,15,10,33,11,10,5,11,0,0
pc-415c82b6-1467,rudeljaeger__mit_pc,control,0,0,0,8,-3,12,11,28,5,10,4,4,0,0
pc-415c82b6-1467,solidaritaet_ueberleben__ohne_pc,control,1,1,1,8,6,13,10,36,0,9,6,13,1,0
pc-ad44b4ee-1468,rudeljaeger__mit_pc,control,0,1,0,7,9,13,9,27,1,8,2,15,0,0
pc-ad44b4ee-1468,solidaritaet_ueberleben__ohne_pc,control,1,0,1,7,-5,12,7,27,1,6,5,1,0,0
pc-33f74431-1469,rudeljaeger__mit_pc,control,0,0,0,8,0,12,10,27,2,10,5,9,0,0
pc-33f74431-1469,solidaritaet_ueberleben__ohne_pc,control,1,1,1,8,1,12,9,31,0,9,6,10,0,0
pc-d574707d-1470,rudeljaeger__mit_pc,control,0,1,0,6,10,11,7,17,2,6,3,10,0,0
pc-d574707d-1470,solidaritaet_ueberleben__ohne_pc,control,1,0,1,6,0,11,5,19,2,5,3,0,0,0
pc-5c271fc0-1471,rudeljaeger__mit_pc,control,0,1,0,14,6,18,15,41,50,13,15,10,0,1
pc-5c271fc0-1471,solidaritaet_ueberleben__ohne_pc,control,1,0,1,14,0,21,18,56,38,17,9,4,1,0
pc-c80f31f8-1472,rudeljaeger__mit_pc,control,0,1,0,4,10,8,5,9,0,4,2,13,0,0
pc-c80f31f8-1472,solidaritaet_ueberleben__ohne_pc,control,1,0,1,4,-3,10,3,7,3,3,1,0,0,0
pc-4ec1c13b-1473,rudeljaeger__mit_pc,control,0,1,0,6,10,11,7,20,1,6,3,12,0,1
pc-4ec1c13b-1473,solidaritaet_ueberleben__ohne_pc,control,1,0,1,6,-2,12,6,21,0,6,1,0,0,0
pc-f03eed87-1474,rudeljaeger__mit_pc,control,0,0,0,11,0,16,14,37,20,12,9,5,0,1
pc-f03eed87-1474,solidaritaet_ueberleben__ohne_pc,control,1,1,1,11,5,15,11,40,15,10,10,10,0,0
pc-76f19cca-1475,rudeljaeger__mit_pc,control,0,0,0,11,0,17,15,39,18,13,8,4,0,0
pc-76f19cca-1475,solidaritaet_ueberleben__ohne_pc,control,1,1,1,11,6,17,14,47,13,13,9,10,0,0
pc-e2d9af02-1476,rudeljaeger__mit_pc,control,0,1,0,6,6,10,7,17,2,5,3,10,0,0
pc-e2d9af02-1476,solidaritaet_ueberleben__ohne_pc,control,1,0,1,6,0,10,6,19,2,5,0,4,0,0
pc-698c5e45-1477,rudeljaeger__mit_pc,control,0,0,0,7,0,10,7,24,1,7,5,6,0,0
pc-698c5e45-1477,solidaritaet_ueberleben__ohne_pc,control,1,1,1,7,4,12,9,23,1,9,4,10,0,0
pc-0b096a92-1478,rudeljaeger__mit_pc,control,0,1,0,12,5,15,13,36,30,11,14,13,0,0
pc-0b096a92-1478,solidaritaet_ueberleben__ohne_pc,control,1,0,1,12,-3,18,16,47,20,15,7,5,0,0
pc-91bc19d4-1479,rudeljaeger__mit_pc,control,0,1,0,12,4,18,16,49,22,14,12,12,0,0
pc-91bc19d4-1479,solidaritaet_ueberleben__ohne_pc,control,1,0,1,12,-2,18,14,46,20,13,12,6,0,0
pc-fda42c0c-1480,rudeljaeger__mit_pc,control,0,0,0,8,0,11,11,27,3,10,6,7,0,0
pc-fda42c0c-1480,solidaritaet_ueberleben__ohne_pc,control,1,1,1,8,3,13,9,31,2,8,6,10,0,0
pc-8456db4f-1481,rudeljaeger__mit_pc,control,0,0,0,10,0,13,13,38,9,12,9,4,0,3
pc-8456db4f-1481,solidaritaet_ueberleben__ohne_pc,control,1,1,1,10,6,14,12,41,7,11,10,10,0,0
pc-25d3e79c-1482,rudeljaeger__mit_pc,control,0,1,0,11,3,16,15,41,15,13,11,10,0,2
pc-25d3e79c-1482,solidaritaet_ueberleben__ohne_pc,control,1,0,1,11,0,16,12,43,15,11,12,7,0,0
pc-ac8696de-1483,rudeljaeger__mit_pc,control,0,1,0,15,6,19,18,49,60,16,18,13,0,0
pc-ac8696de-1483,solidaritaet_ueberleben__ohne_pc,control,1,0,1,15,-3,22,19,62,49,18,13,4,0,0
pc-186ea917-1484,rudeljaeger__mit_pc,control,0,1,0,5,6,9,5,13,2,4,4,10,0,0
pc-186ea917-1484,solidaritaet_ueberleben__ohne_pc,control,1,0,1,5,0,10,5,15,0,5,2,4,0,0
pc-9f215859-1485,rudeljaeger__mit_pc,control,0,1,0,5,10,9,5,14,1,5,3,10,0,0
pc-9f215859-1485,solidaritaet_ueberleben__ohne_pc,control,1,0,1,5,0,9,4,14,1,4,1,0,0,0
pc-409e64a6-1486,rudeljaeger__mit_pc,control,0,1,0,13,1,19,17,46,34,15,15,12,0,0
pc-409e64a6-1486,solidaritaet_ueberleben__ohne_pc,control,1,0,1,13,-2,19,17,53,28,16,12,9,0,0
pc-c75113e8-1487,rudeljaeger__mit_pc,control,0,1,0,9,6,13,10,28,8,8,11,10,0,0
pc-c75113e8-1487,solidaritaet_ueberleben__ohne_pc,control,1,0,1,9,0,13,12,40,5,11,4,4,1,0
pc-33392621-1488,rudeljaeger__mit_pc,control,0,1,0,10,2,15,14,42,5,13,11,11,0,0
pc-33392621-1488,solidaritaet_ueberleben__ohne_pc,control,1,0,1,10,-1,16,13,39,12,12,10,8,0,0
pc-b9ebd563-1489,rudeljaeger__mit_pc,control,0,1,0,6,4,10,8,18,1,8,2,10,0,0
pc-b9ebd563-1489,solidaritaet_ueberleben__ohne_pc,control,1,0,1,6,0,12,6,20,1,6,4,6,0,0
pc-5b68e1b0-1490,rudeljaeger__mit_pc,control,0,1,0,13,2,18,16,43,36,14,13,11,0,0
pc-5b68e1b0-1490,solidaritaet_ueberleben__ohne_pc,control,1,0,1,13,-1,20,17,55,30,16,12,8,0,0
pc-e21b90f2-1491,rudeljaeger__mit_pc,control,0,0,0,9,0,14,11,29,8,9,9,6,0,0
pc-e21b90f2-1491,solidaritaet_ueberleben__ohne_pc,control,1,1,1,9,4,14,12,38,2,11,5,10,0,0
pc-4e03a32b-1492,rudeljaeger__mit_pc,control,0,1,0,5,9,10,5,15,0,5,2,10,0,0
pc-4e03a32b-1492,solidaritaet_ueberleben__ohne_pc,control,1,0,1,5,0,11,4,14,1,3,1,1,0,0
pc-d4b6526d-1493,rudeljaeger__mit_pc,control,0,0,0,11,-1,15,14,41,16,12,8,8,0,0
pc-d4b6526d-1493,solidaritaet_ueberleben__ohne_pc,control,1,1,1,11,2,16,13,41,14,12,9,11,0,0
pc-76337eba-1494,rudeljaeger__mit_pc,control,0,0,0,8,-1,13,11,27,6,9,8,7,0,1
pc-76337eba-1494,solidaritaet_ueberleben__ohne_pc,control,1,1,1,8,3,13,9,29,6,9,6,11,0,0
pc-fce60dfc-1495,rudeljaeger__mit_pc,control,0,1,0,8,7,13,11,28,3,9,9,15,0,0
pc-fce60dfc-1495,solidaritaet_ueberleben__ohne_pc,control,1,0,1,8,-5,12,11,33,1,10,4,3,0,0
pc-68ce2035-1496,rudeljaeger__mit_pc,control,0,1,0,11,8,16,15,40,16,13,14,11,0,1
pc-68ce2035-1496,solidaritaet_ueberleben__ohne_pc,control,1,0,1,11,-1,15,14,39,18,13,10,2,0,0
pc-ef80cf77-1497,rudeljaeger__mit_pc,control,0,0,0,9,-5,14,13,38,7,12,3,7,0,0
pc-ef80cf77-1497,solidaritaet_ueberleben__ohne_pc,control,1,1,1,9,3,14,8,28,8,8,8,15,0,0
pc-90fdfbc4-1498,rudeljaeger__mit_pc,control,0,1,0,12,3,17,13,37,29,12,15,11,0,1
pc-90fdfbc4-1498,solidaritaet_ueberleben__ohne_pc,control,1,0,1,12,-1,16,16,46,24,15,8,7,0,0
pc-17b08b07-1499,rudeljaeger__mit_pc,control,0,0,0,11,-1,15,15,36,21,13,10,9,0,1
pc-17b08b07-1499,solidaritaet_ueberleben__ohne_pc,control,1,1,1,11,1,18,14,41,14,13,14,11,0,0
pc-de345541-1500,rudeljaeger__ohne_pc,control,0,0,1,9,0,14,9,26,10,8,7,7,0,2
pc-de345541-1500,solidaritaet_ueberleben__mit_pc,control,1,1,0,9,3,14,10,36,4,10,4,10,0,0
pc-5781a5ff-1501,rudeljaeger__ohne_pc,control,0,0,1,10,-1,16,13,33,16,12,8,5,0,2
pc-5781a5ff-1501,solidaritaet_ueberleben__mit_pc,control,1,1,0,10,5,13,13,40,11,12,12,11,1,0
pc-eb9993c6-1502,rudeljaeger__ohne_pc,control,0,1,1,6,2,11,6,19,1,6,2,10,0,0
pc-eb9993c6-1502,solidaritaet_ueberleben__mit_pc,control,1,0,0,6,0,11,6,21,0,6,5,8,0,0
pc-64e6e484-1503,rudeljaeger__ohne_pc,control,0,0,1,8,0,12,12,34,1,11,4,5,0,0
pc-64e6e484-1503,solidaritaet_ueberleben__mit_pc,control,1,1,0,8,5,14,9,34,2,8,8,10,0,0
pc-f8fed24b-1504,rudeljaeger__ohne_pc,control,0,1,1,4,8,8,5,9,0,5,2,10,0,0
pc-f8fed24b-1504,solidaritaet_ueberleben__mit_pc,control,1,0,0,4,0,9,4,9,0,4,2,2,0,0
pc-724c2309-1505,rudeljaeger__ohne_pc,control,0,1,1,9,7,14,11,28,8,9,9,10,0,0
pc-724c2309-1505,solidaritaet_ueberleben__mit_pc,control,1,0,0,9,0,15,12,39,2,11,5,3,1,0
pc-066410d1-1506,rudeljaeger__ohne_pc,control,0,0,1,8,0,12,11,27,5,10,3,6,0,0
pc-066410d1-1506,solidaritaet_ueberleben__mit_pc,control,1,1,0,8,4,13,9,31,4,8,6,10,0,0
pc-7fb1618e-1507,rudeljaeger__ohne_pc,control,0,1,1,5,6,8,6,15,0,6,1,10,0,0
pc-7fb1618e-1507,solidaritaet_ueberleben__mit_pc,control,1,0,0,5,0,10,5,13,1,5,2,4,0,0
pc-a89f5b2d-1508,rudeljaeger__ohne_pc,control,0,0,1,9,0,15,13,33,7,11,6,7,0,1
pc-a89f5b2d-1508,solidaritaet_ueberleben__mit_pc,control,1,1,0,9,3,14,9,32,10,9,7,10,0,0
pc-21ecabeb-1509,rudeljaeger__ohne_pc,control,0,0,1,8,0,12,8,23,8,7,4,8,0,2
pc-21ecabeb-1509,solidaritaet_ueberleben__mit_pc,control,1,1,0,8,2,13,8,33,3,8,3,10,0,0
pc-b60499b2-1510,rudeljaeger__ohne_pc,control,0,1,1,7,2,12,10,23,0,9,4,10,0,0
pc-b60499b2-1510,solidaritaet_ueberleben__mit_pc,control,1,0,0,7,0,10,7,21,6,7,5,8,0,0
pc-2f51ea70-1511,rudeljaeger__ohne_pc,control,0,1,1,9,6,12,11,27,11,10,8,12,0,1
pc-2f51ea70-1511,solidaritaet_ueberleben__mit_pc,control,1,0,0,9,-2,15,12,38,5,11,7,4,0,0
pc-c369d837-1512,rudeljaeger__ohne_pc,control,0,0,1,7,0,12,7,24,3,6,2,6,0,1
pc-c369d837-1512,solidaritaet_ueberleben__mit_pc,control,1,1,0,7,4,13,7,25,2,7,1,10,0,0
pc-3cb728f5-1513,rudeljaeger__ohne_pc,control,0,0,1,8,0,14,9,27,5,9,2,5,0,0
pc-3cb728f5-1513,solidaritaet_ueberleben__mit_pc,control,1,1,0,8,5,12,7,30,2,7,5,10,0,0
pc-d0cf16bc-1514,rudeljaeger__ohne_pc,control,0,0,1,14,0,19,18,46,49,16,15,8,0,0
pc-d0cf16bc-1514,solidaritaet_ueberleben__mit_pc,control,1,1,0,14,2,19,18,59,35,18,14,10,0,0
pc-4a1c677a-1515,rudeljaeger__ohne_pc,control,0,0,1,7,0,11,10,24,2,8,3,9,0,0
pc-4a1c677a-1515,solidaritaet_ueberleben__mit_pc,control,1,1,0,7,1,12,7,27,0,7,6,10,0,0
pc-730a4119-1516,rudeljaeger__ohne_pc,control,0,1,1,6,8,11,6,19,1,6,2,12,0,0
pc-730a4119-1516,solidaritaet_ueberleben__mit_pc,control,1,0,0,6,-2,11,6,18,3,6,1,2,0,0
pc-ec57b1d6-1517,rudeljaeger__ohne_pc,control,0,1,1,8,6,13,9,25,7,9,5,10,0,0
pc-ec57b1d6-1517,solidaritaet_ueberleben__mit_pc,control,1,0,0,8,0,13,8,31,5,7,6,4,0,0
pc-806f9f9e-1518,rudeljaeger__ohne_pc,control,0,1,1,10,6,14,11,33,17,9,8,12,0,2
pc-806f9f9e-1518,solidaritaet_ueberleben__mit_pc,control,1,0,0,10,-2,15,12,34,15,11,5,4,0,0
pc-f9bcf05b-1519,rudeljaeger__ohne_pc,control,0,1,1,4,7,8,4,9,0,4,2,11,0,0
pc-f9bcf05b-1519,solidaritaet_ueberleben__mit_pc,control,1,0,0,4,-1,9,3,8,1,3,1,3,0,0
pc-8dd4de23-1520,rudeljaeger__ohne_pc,control,0,0,1,8,-1,12,11,31,2,10,4,9,0,0
pc-8dd4de23-1520,solidaritaet_ueberleben__mit_pc,control,1,1,0,8,1,12,8,29,3,8,7,11,0,0
pc-07222ee1-1521,rudeljaeger__ohne_pc,control,0,1,1,7,8,11,7,22,1,6,5,10,0,0
pc-07222ee1-1521,solidaritaet_ueberleben__mit_pc,control,1,0,0,7,0,12,8,24,3,8,2,2,0,0
pc-9b3a1ca8-1522,rudeljaeger__ohne_pc,control,0,0,1,8,-5,12,9,25,5,9,4,8,0,2
pc-9b3a1ca8-1522,solidaritaet_ueberleben__mit_pc,control,1,1,0,8,2,13,9,34,1,9,7,15,0,0
pc-14876d66-1523,rudeljaeger__ohne_pc,control,0,1,1,7,4,11,10,27,1,9,5,10,0,0
pc-14876d66-1523,solidaritaet_ueberleben__mit_pc,control,1,0,0,7,0,12,7,26,1,7,6,6,0,0
pc-3d754705-1524,rudeljaeger__ohne_pc,control,0,1,1,8,1,13,12,30,3,10,4,11,0,0
pc-3d754705-1524,solidaritaet_ueberleben__mit_pc,control,1,0,0,8,-1,13,9,34,2,8,6,9,0,0
pc-b6c2b7c2-1525,rudeljaeger__ohne_pc,control,0,0,1,13,0,18,17,48,34,15,11,9,0,1
pc-b6c2b7c2-1525,solidaritaet_ueberleben__mit_pc,control,1,1,0,13,1,19,15,53,31,14,15,10,0,0
pc-4ada858a-1526,rudeljaeger__ohne_pc,control,0,0,1,5,0,8,7,15,0,7,1,5,0,0
pc-4ada858a-1526,solidaritaet_ueberleben__mit_pc,control,1,1,0,5,5,10,4,13,2,4,5,10,0,0
pc-c427f647-1527,rudeljaeger__ohne_pc,control,0,0,1,10,0,15,13,34,15,13,7,5,0,0
pc-c427f647-1527,solidaritaet_ueberleben__mit_pc,control,1,1,0,10,5,15,12,43,6,11,9,10,0,0
pc-583fc40f-1528,rudeljaeger__ohne_pc,control,0,0,1,8,-4,12,11,33,1,10,5,8,0,2
pc-583fc40f-1528,solidaritaet_ueberleben__mit_pc,control,1,1,0,8,2,14,10,32,1,10,5,14,0,0
pc-d18d34cc-1529,rudeljaeger__ohne_pc,control,0,0,1,14,-1,19,18,50,44,17,14,9,0,2
pc-d18d34cc-1529,solidaritaet_ueberleben__mit_pc,control,1,1,0,14,1,19,17,51,47,16,13,11,0,0
pc-65a50294-1530,rudeljaeger__ohne_pc,control,0,0,1,8,-2,12,11,24,5,9,4,2,0,0
pc-65a50294-1530,solidaritaet_ueberleben__mit_pc,control,1,1,0,8,8,13,8,30,4,8,9,12,0,0
pc-def27351-1531,rudeljaeger__ohne_pc,control,0,1,1,10,3,13,10,28,17,8,8,12,0,0
pc-def27351-1531,solidaritaet_ueberleben__mit_pc,control,1,0,0,10,-2,15,11,36,11,10,4,7,0,0
pc-b4885d92-1532,rudeljaeger__ohne_pc,control,0,0,1,12,-5,15,15,40,31,13,7,5,0,0
pc-b4885d92-1532,solidaritaet_ueberleben__mit_pc,control,1,1,0,12,5,17,11,41,28,11,10,15,0,0
pc-2dd5ae50-1533,rudeljaeger__ohne_pc,control,0,0,1,7,-3,11,10,27,1,8,5,4,0,0
pc-2dd5ae50-1533,solidaritaet_ueberleben__mit_pc,control,1,1,0,7,6,13,8,25,1,8,6,13,0,0
pc-c1ed9c17-1534,rudeljaeger__ohne_pc,control,0,0,1,10,-2,14,14,39,8,12,6,5,0,2
pc-c1ed9c17-1534,solidaritaet_ueberleben__mit_pc,control,1,1,0,10,5,14,10,41,8,10,10,12,0,0
pc-3b3aecd5-1535,rudeljaeger__ohne_pc,control,0,0,1,8,-1,13,12,32,2,11,2,5,0,0
pc-3b3aecd5-1535,solidaritaet_ueberleben__mit_pc,control,1,1,0,8,5,13,7,31,3,7,8,11,0,0
pc-cf52da9c-1536,rudeljaeger__ohne_pc,control,0,0,1,9,-1,13,13,29,11,11,5,7,0,0
pc-cf52da9c-1536,solidaritaet_ueberleben__mit_pc,control,1,1,0,9,3,14,8,31,9,8,7,11,0,0
pc-48a02b5a-1537,rudeljaeger__ohne_pc,control,0,0,1,11,-2,17,14,37,22,12,5,4,0,1
pc-48a02b5a-1537,solidaritaet_ueberleben__mit_pc,control,1,1,0,11,6,16,10,36,23,9,12,12,0,0
pc-dcb81921-1538,rudeljaeger__ohne_pc,control,0,0,1,14,0,20,18,49,47,17,9,7,0,0
pc-dcb81921-1538,solidaritaet_ueberleben__mit_pc,control,1,1,0,14,3,20,15,57,34,14,16,10,0,0
pc-560569df-1539,rudeljaeger__ohne_pc,control,0,0,1,11,-3,16,14,35,28,13,10,6,0,0
pc-560569df-1539,solidaritaet_ueberleben__mit_pc,control,1,1,0,11,4,15,14,52,8,14,10,13,0,0
pc-7ef3437e-1540,rudeljaeger__ohne_pc,control,0,1,1,5,9,8,6,13,2,6,3,10,0,0
pc-7ef3437e-1540,solidaritaet_ueberleben__mit_pc,control,1,0,0,5,0,9,4,13,2,4,2,1,0,0
pc-f840b43b-1541,rudeljaeger__ohne_pc,control,0,1,1,4,9,8,5,10,0,5,2,11,0,0
pc-f840b43b-1541,solidaritaet_ueberleben__mit_pc,control,1,0,0,4,-1,9,4,9,1,4,2,1,0,0
pc-8c588203-1542,rudeljaeger__ohne_pc,control,0,0,1,16,-3,21,19,51,70,17,18,8,0,3
pc-8c588203-1542,solidaritaet_ueberleben__mit_pc,control,1,1,0,16,1,21,20,68,57,19,16,12,0,0
pc-05a5f2c1-1543,rudeljaeger__ohne_pc,control,0,0,1,12,-1,17,16,43,26,15,12,9,0,0
pc-05a5f2c1-1543,solidaritaet_ueberleben__mit_pc,control,1,1,0,12,1,17,15,46,20,14,16,11,1,0
pc-99bdc088-1544,rudeljaeger__ohne_pc,control,0,1,1,6,5,10,8,18,0,7,2,11,0,0
pc-99bdc088-1544,solidaritaet_ueberleben__mit_pc,control,1,0,0,6,-1,11,5,18,3,5,5,5,0,0
pc-130b3146-1545,rudeljaeger__ohne_pc,control,0,0,1,11,-2,15,15,37,21,13,9,7,0,0
pc-130b3146-1545,solidaritaet_ueberleben__mit_pc,control,1,1,0,11,3,18,12,45,10,12,13,12,0,0
pc-a7231f0d-1546,rudeljaeger__ohne_pc,control,0,0,1,9,-3,12,12,35,6,11,5,4,0,0
pc-a7231f0d-1546,solidaritaet_ueberleben__mit_pc,control,1,1,0,9,6,14,9,29,11,9,9,13,0,0
pc-20706fcb-1547,rudeljaeger__ohne_pc,control,0,1,1,7,4,11,9,24,2,9,5,10,0,0
pc-20706fcb-1547,solidaritaet_ueberleben__mit_pc,control,1,0,0,7,0,12,8,23,4,8,7,6,0,0
pc-495e496a-1548,rudeljaeger__ohne_pc,control,0,1,1,4,6,9,5,10,0,4,1,10,0,0
pc-495e496a-1548,solidaritaet_ueberleben__mit_pc,control,1,0,0,4,0,7,5,10,0,5,1,4,0,0
pc-c2abba27-1549,rudeljaeger__ohne_pc,control,0,0,1,14,-1,19,18,48,48,16,12,5,0,3
pc-c2abba27-1549,solidaritaet_ueberleben__mit_pc,control,1,1,0,14,5,19,16,58,39,15,14,11,0,0
pc-c8c70413-1550,rudeljaeger__ohne_pc,control,0,0,0,8,0,11,7,25,10,7,6,3,0,0
pc-c8c70413-1550,solidaritaet_ueberleben__mit_pc,control,1,1,1,8,7,13,10,30,6,10,6,10,0,0
pc-421474d1-1551,rudeljaeger__ohne_pc,control,0,0,0,12,-5,16,15,40,31,13,6,4,0,0
pc-421474d1-1551,solidaritaet_ueberleben__mit_pc,control,1,1,1,12,6,17,12,39,27,11,12,15,0,0
pc-bb61c58e-1552,rudeljaeger__ohne_pc,control,0,1,0,6,3,9,5,19,1,5,4,13,0,1
pc-bb61c58e-1552,solidaritaet_ueberleben__mit_pc,control,1,0,1,6,-3,11,7,21,0,7,2,7,0,0
pc-34af364c-1553,rudeljaeger__ohne_pc,control,0,1,0,5,9,9,6,15,0,5,3,10,0,0
pc-34af364c-1553,solidaritaet_ueberleben__mit_pc,control,1,0,1,5,0,11,6,15,0,6,2,1,0,0
pc-adfc8709-1554,rudeljaeger__ohne_pc,control,0,1,0,8,1,12,11,31,2,10,6,10,0,1
pc-adfc8709-1554,solidaritaet_ueberleben__mit_pc,control,1,0,1,8,0,14,7,20,8,7,9,9,0,0
pc-2749f7c7-1555,rudeljaeger__ohne_pc,control,0,1,0,5,9,9,5,13,1,5,2,11,0,0
pc-2749f7c7-1555,solidaritaet_ueberleben__mit_pc,control,1,0,1,5,-1,11,5,14,1,5,3,1,0,0
pc-a0974884-1556,rudeljaeger__ohne_pc,control,0,1,0,8,1,11,11,27,5,10,6,10,0,0
pc-a0974884-1556,solidaritaet_ueberleben__mit_pc,control,1,0,1,8,0,15,8,26,2,8,8,9,0,0
pc-19e4b942-1557,rudeljaeger__ohne_pc,control,0,0,0,16,-2,22,20,53,72,18,14,7,0,0
pc-19e4b942-1557,solidaritaet_ueberleben__mit_pc,control,1,1,1,16,2,22,17,62,62,16,17,11,0,0
pc-fe5c1e27-1558,rudeljaeger__ohne_pc,control,0,0,0,11,-4,14,14,36,24,12,5,9,0,0
pc-fe5c1e27-1558,solidaritaet_ueberleben__mit_pc,control,1,1,1,11,1,16,8,31,24,8,9,14,0,0
pc-77a96ee5-1559,rudeljaeger__ohne_pc,control,0,0,0,15,0,20,19,49,58,17,16,5,0,3
pc-77a96ee5-1559,solidaritaet_ueberleben__mit_pc,control,1,1,1,15,5,22,19,65,44,18,16,10,1,0
pc-f0f6dfa2-1560,rudeljaeger__ohne_pc,control,0,1,0,5,7,8,5,15,0,5,3,14,0,0
pc-f0f6dfa2-1560,solidaritaet_ueberleben__mit_pc,control,1,0,1,5,-4,9,5,15,0,5,3,3,0,0
pc-6a443060-1561,rudeljaeger__ohne_pc,control,0,0,0,9,-1,13,12,29,10,11,6,4,0,0
pc-6a443060-1561,solidaritaet_ueberleben__mit_pc,control,1,1,1,9,6,15,10,38,6,9,8,11,0,0
pc-e391811d-1562,rudeljaeger__ohne_pc,control,0,0,0,8,-1,12,11,29,1,10,7,8,0,0
pc-e391811d-1562,solidaritaet_ueberleben__mit_pc,control,1,1,1,8,2,14,9,30,1,9,9,11,0,0
pc-5cdef1db-1563,rudeljaeger__ohne_pc,control,0,0,0,8,-1,13,8,25,4,8,5,8,0,1
pc-5cdef1db-1563,solidaritaet_ueberleben__mit_pc,control,1,1,1,8,2,13,10,34,1,9,9,11,0,0
pc-d62c4298-1564,rudeljaeger__ohne_pc,control,0,1,0,10,8,15,12,35,13,11,9,10,0,3
pc-d62c4298-1564,solidaritaet_ueberleben__mit_pc,control,1,0,1,10,0,15,12,38,7,11,10,2,0,0
pc-4f79b356-1565,rudeljaeger__ohne_pc,control,0,0,0,14,-1,19,18,43,51,16,12,8,0,0
pc-4f79b356-1565,solidaritaet_ueberleben__mit_pc,control,1,1,1,14,2,19,15,50,45,14,16,11,0,0
pc-5d9d0feb-1566,rudeljaeger__ohne_pc,control,0,0,0,10,-3,15,14,41,9,13,5,5,0,1
pc-5d9d0feb-1566,solidaritaet_ueberleben__mit_pc,control,1,1,1,10,5,15,10,37,13,9,11,13,0,0
pc-d6ea60a8-1567,rudeljaeger__ohne_pc,control,0,0,0,11,-2,17,14,34,23,12,11,6,0,2
pc-d6ea60a8-1567,solidaritaet_ueberleben__mit_pc,control,1,1,1,11,4,16,14,51,9,14,10,12,0,0
pc-5037d166-1568,rudeljaeger__ohne_pc,control,0,0,0,11,-2,17,14,32,25,12,6,9,0,0
pc-5037d166-1568,solidaritaet_ueberleben__mit_pc,control,1,1,1,11,1,16,11,38,23,10,11,12,0,0
pc-c9852223-1569,rudeljaeger__ohne_pc,control,0,0,0,10,-3,15,13,32,17,11,6,6,0,1
pc-c9852223-1569,solidaritaet_ueberleben__mit_pc,control,1,1,1,10,4,14,10,33,17,10,8,13,2,0
pc-42d292e1-1570,rudeljaeger__ohne_pc,control,0,1,0,11,2,15,12,35,20,10,11,11,0,2
pc-42d292e1-1570,solidaritaet_ueberleben__mit_pc,control,1,0,1,11,-1,17,14,42,15,13,8,8,0,0
pc-bc1fe39e-1571,rudeljaeger__ohne_pc,control,0,1,0,5,10,10,5,15,0,5,2,11,0,0
pc-bc1fe39e-1571,solidaritaet_ueberleben__mit_pc,control,1,0,1,5,-1,10,4,12,3,4,3,0,0,0
pc-356d545c-1572,rudeljaeger__ohne_pc,control,0,0,0,8,0,12,11,28,3,10,6,5,0,0
pc-356d545c-1572,solidaritaet_ueberleben__mit_pc,control,1,1,1,8,5,14,9,27,1,8,10,10,0,0
pc-aebaa519-1573,rudeljaeger__ohne_pc,control,0,1,0,8,4,12,9,27,5,8,5,14,0,3
pc-aebaa519-1573,solidaritaet_ueberleben__mit_pc,control,1,0,1,8,-4,13,8,33,2,8,4,6,0,0
pc-933209ff-1574,rudeljaeger__ohne_pc,control,0,0,0,15,0,20,19,48,58,17,18,8,0,0
pc-933209ff-1574,solidaritaet_ueberleben__mit_pc,control,1,1,1,15,1,21,19,62,48,18,16,9,1,0
pc-0c7f7abd-1575,rudeljaeger__ohne_pc,control,0,0,0,8,-5,12,11,29,3,10,5,4,0,0
pc-0c7f7abd-1575,solidaritaet_ueberleben__mit_pc,control,1,1,1,8,6,14,9,31,3,9,7,15,0,0
pc-85cccb7a-1576,rudeljaeger__ohne_pc,control,0,1,0,5,10,10,5,14,0,4,3,11,0,0
pc-85cccb7a-1576,solidaritaet_ueberleben__mit_pc,control,1,0,1,5,-1,10,4,11,2,4,1,0,0,0
pc-ff1a3c37-1577,rudeljaeger__ohne_pc,control,0,0,0,11,-1,16,14,39,19,12,11,8,0,2
pc-ff1a3c37-1577,solidaritaet_ueberleben__mit_pc,control,1,1,1,11,2,15,14,51,11,14,11,11,2,0
pc-78678cf5-1578,rudeljaeger__ohne_pc,control,0,1,0,6,5,10,8,20,1,8,2,10,0,0
pc-78678cf5-1578,solidaritaet_ueberleben__mit_pc,control,1,0,1,6,0,10,6,20,1,6,4,5,0,0
pc-f1b4fdb2-1579,rudeljaeger__ohne_pc,control,0,1,0,3,10,7,4,6,0,3,2,10,0,0
pc-f1b4fdb2-1579,solidaritaet_ueberleben__mit_pc,control,1,0,1,3,0,6,3,6,0,3,1,0,0,0
pc-6b024e70-1580,rudeljaeger__ohne_pc,control,0,0,0,9,0,12,12,32,13,12,4,5,0,0
pc-6b024e70-1580,solidaritaet_ueberleben__mit_pc,control,1,1,1,9,5,14,9,31,5,8,10,10,0,0
pc-e44fbf2d-1581,rudeljaeger__ohne_pc,control,0,0,0,8,0,11,11,28,6,9,4,5,0,0
pc-e44fbf2d-1581,solidaritaet_ueberleben__mit_pc,control,1,1,1,8,5,12,8,24,7,8,8,10,0,0
pc-9f1b0c64-1582,rudeljaeger__ohne_pc,control,0,0,0,8,0,11,11,27,4,10,6,8,0,0
pc-9f1b0c64-1582,solidaritaet_ueberleben__mit_pc,control,1,1,1,8,2,13,9,32,0,9,9,10,0,0
pc-18687d22-1583,rudeljaeger__ohne_pc,control,0,0,0,16,-1,21,17,50,73,15,12,6,0,2
pc-18687d22-1583,solidaritaet_ueberleben__mit_pc,control,1,1,1,16,1,21,16,60,63,15,10,8,0,0
pc-91b5cddf-1584,rudeljaeger__ohne_pc,control,0,0,0,13,-2,20,17,46,33,16,13,4,0,3
pc-91b5cddf-1584,solidaritaet_ueberleben__mit_pc,control,1,1,1,13,6,17,14,54,28,13,16,12,0,0
pc-0b033e9d-1585,rudeljaeger__ohne_pc,control,0,1,0,8,4,13,12,32,3,10,4,12,0,1
pc-0b033e9d-1585,solidaritaet_ueberleben__mit_pc,control,1,0,1,8,-2,13,7,23,5,6,8,6,0,0
pc-84508f5a-1586,rudeljaeger__ohne_pc,control,0,1,0,6,10,10,6,15,2,5,3,10,0,0
pc-84508f5a-1586,solidaritaet_ueberleben__mit_pc,control,1,0,1,6,0,12,5,20,1,5,2,0,0,0
pc-fd9de017-1587,rudeljaeger__ohne_pc,control,0,0,0,14,-3,18,18,50,45,16,13,7,0,2
pc-fd9de017-1587,solidaritaet_ueberleben__mit_pc,control,1,1,1,14,3,21,17,60,36,16,14,13,0,0
pc-76eb50d5-1588,rudeljaeger__ohne_pc,control,0,1,0,7,3,13,9,20,1,8,3,10,0,0
pc-76eb50d5-1588,solidaritaet_ueberleben__mit_pc,control,1,0,1,7,0,12,7,19,2,6,8,7,0,0
pc-f038a192-1589,rudeljaeger__ohne_pc,control,0,0,0,8,-2,14,11,29,6,11,5,3,0,0
pc-f038a192-1589,solidaritaet_ueberleben__mit_pc,control,1,1,1,8,7,12,8,28,6,8,8,12,0,0
pc-d4b00678-1590,rudeljaeger__ohne_pc,control,0,0,0,8,-2,13,11,29,3,10,4,6,0,0
pc-d4b00678-1590,solidaritaet_ueberleben__mit_pc,control,1,1,1,8,4,12,9,31,2,9,9,12,3,0
pc-4dfd7736-1591,rudeljaeger__ohne_pc,control,0,0,0,8,-3,12,11,24,6,10,2,5,0,0
pc-4dfd7736-1591,solidaritaet_ueberleben__mit_pc,control,1,1,1,8,5,13,8,30,2,7,7,13,0,0
pc-c74ac7f3-1592,rudeljaeger__ohne_pc,control,0,0,0,12,-1,17,16,39,29,14,6,9,0,0
pc-c74ac7f3-1592,solidaritaet_ueberleben__mit_pc,control,1,1,1,12,1,18,11,39,30,10,13,11,0,0
pc-409838b1-1593,rudeljaeger__ohne_pc,control,0,1,0,9,7,13,11,29,10,10,12,10,0,1
pc-409838b1-1593,solidaritaet_ueberleben__mit_pc,control,1,0,1,9,0,15,13,37,5,13,5,3,0,0
pc-b9e5896e-1594,rudeljaeger__ohne_pc,control,0,0,0,11,-2,15,14,38,20,13,8,6,0,1
pc-b9e5896e-1594,solidaritaet_ueberleben__mit_pc,control,1,1,1,11,4,15,13,44,17,12,13,12,0,0
pc-3332fa2c-1595,rudeljaeger__ohne_pc,control,0,1,0,8,8,13,10,28,4,9,8,10,0,1
pc-3332fa2c-1595,solidaritaet_ueberleben__mit_pc,control,1,0,1,8,0,12,11,30,4,11,5,2,0,0
pc-ac804ae9-1596,rudeljaeger__ohne_pc,control,0,1,0,3,10,7,3,6,0,3,0,11,0,0
pc-ac804ae9-1596,solidaritaet_ueberleben__mit_pc,control,1,0,1,3,-1,8,1,3,3,1,0,0,0,0
pc-25cdbba7-1597,rudeljaeger__ohne_pc,control,0,0,0,7,0,11,8,23,1,7,3,2,0,1
pc-25cdbba7-1597,solidaritaet_ueberleben__mit_pc,control,1,1,1,7,8,12,7,25,1,7,3,10,0,0
pc-33f1183c-1598,rudeljaeger__ohne_pc,control,0,1,0,7,2,11,8,24,2,7,6,11,0,0
pc-33f1183c-1598,solidaritaet_ueberleben__mit_pc,control,1,0,1,7,-1,12,8,27,0,8,6,8,0,0
pc-ad3e68f9-1599,rudeljaeger__ohne_pc,control,0,0,0,9,-1,13,13,28,9,12,5,3,0,0
pc-ad3e68f9-1599,solidaritaet_ueberleben__mit_pc,control,1,1,1,9,7,14,10,31,8,9,14,11,0,0
pc-b8683bb6-1600,rudeljaeger__ohne_pc,control,0,1,1,10,3,16,13,36,17,12,9,12,0,0
pc-b8683bb6-1600,urzeitliche_kolosse__ohne_pc,control,1,0,0,10,-2,14,13,40,12,12,9,7,0,1
pc-3f1acaf9-1601,rudeljaeger__ohne_pc,control,0,0,1,9,-1,14,12,31,8,11,6,5,0,0
pc-3f1acaf9-1601,urzeitliche_kolosse__ohne_pc,control,1,1,0,9,5,15,12,36,1,11,12,11,0,0
pc-c5cd7a3b-1602,rudeljaeger__ohne_pc,control,0,1,1,6,4,11,7,21,0,7,5,13,0,0
pc-c5cd7a3b-1602,urzeitliche_kolosse__ohne_pc,control,1,0,0,6,-3,10,8,19,1,7,5,6,0,1
pc-4c80097e-1603,rudeljaeger__ohne_pc,control,0,1,1,5,6,9,4,13,2,4,2,10,0,0
pc-4c80097e-1603,urzeitliche_kolosse__ohne_pc,control,1,0,0,5,0,9,5,13,1,5,3,4,0,0
pc-9d9dbeac-1604,rudeljaeger__ohne_pc,control,0,1,1,6,2,12,9,20,1,8,3,12,0,0
pc-9d9dbeac-1604,urzeitliche_kolosse__ohne_pc,control,1,0,0,6,-2,11,6,19,1,5,5,8,0,0
pc-24504def-1605,rudeljaeger__ohne_pc,control,0,1,1,5,3,8,6,14,0,6,1,11,0,0
pc-24504def-1605,urzeitliche_kolosse__ohne_pc,control,1,0,0,5,-1,9,5,15,0,5,4,7,0,0
pc-ab02fd31-1606,rudeljaeger__ohne_pc,control,0,1,1,4,3,8,4,10,0,4,2,11,0,0
pc-ab02fd31-1606,urzeitliche_kolosse__ohne_pc,control,1,0,0,4,-1,10,4,9,1,4,1,7,0,0
pc-31b58c74-1607,rudeljaeger__ohne_pc,control,0,1,1,8,3,12,11,25,5,10,6,11,0,0
pc-31b58c74-1607,urzeitliche_kolosse__ohne_pc,control,1,0,0,8,-1,13,10,34,2,9,8,7,0,0
pc-82d321a2-1608,rudeljaeger__ohne_pc,control,0,0,1,6,-1,11,6,17,0,5,2,8,0,0
pc-82d321a2-1608,urzeitliche_kolosse__ohne_pc,control,1,1,0,6,2,12,7,21,0,6,3,11,0,0
pc-0985d0e5-1609,rudeljaeger__ohne_pc,control,0,1,1,6,7,11,7,20,0,7,2,12,0,0
pc-0985d0e5-1609,urzeitliche_kolosse__ohne_pc,control,1,0,0,6,-2,12,6,19,2,6,5,3,0,1
pc-90386027-1610,rudeljaeger__ohne_pc,control,0,1,1,4,5,7,4,9,1,4,0,11,0,0
pc-90386027-1610,urzeitliche_kolosse__ohne_pc,control,1,0,0,4,-1,9,2,7,3,2,2,5,0,0
pc-16eb0f6a-1611,rudeljaeger__ohne_pc,control,0,1,1,7,3,10,10,23,1,9,3,12,0,0
pc-16eb0f6a-1611,urzeitliche_kolosse__ohne_pc,control,1,0,0,7,-2,12,6,25,3,6,5,7,0,1
pc-6808a498-1612,rudeljaeger__ohne_pc,control,0,0,1,12,0,16,15,41,27,13,9,6,0,0
pc-6808a498-1612,urzeitliche_kolosse__ohne_pc,control,1,1,0,12,4,18,15,47,22,13,12,10,0,5
pc-eebb53da-1613,rudeljaeger__ohne_pc,control,0,1,1,6,7,10,8,20,0,8,4,10,0,0
pc-eebb53da-1613,urzeitliche_kolosse__ohne_pc,control,1,0,0,6,0,10,7,19,2,6,6,3,0,0
pc-756de31d-1614,rudeljaeger__ohne_pc,control,0,0,1,4,0,9,4,10,0,3,1,6,0,0
pc-756de31d-1614,urzeitliche_kolosse__ohne_pc,control,1,1,0,4,4,9,5,9,0,4,1,10,0,0
pc-fc20925f-1615,rudeljaeger__ohne_pc,control,0,1,1,4,10,7,4,10,0,4,2,12,0,0
pc-fc20925f-1615,urzeitliche_kolosse__ohne_pc,control,1,0,0,4,-2,9,3,9,1,3,2,0,0,0
pc-4d3e278e-1616,rudeljaeger__ohne_pc,control,0,0,1,9,-1,13,12,32,8,10,7,5,0,0
pc-4d3e278e-1616,urzeitliche_kolosse__ohne_pc,control,1,1,0,9,5,15,10,40,3,9,8,11,0,2
pc-d3f0d6d0-1617,rudeljaeger__ohne_pc,control,0,0,1,8,0,12,11,26,7,9,4,9,0,0
pc-d3f0d6d0-1617,urzeitliche_kolosse__ohne_pc,control,1,1,0,8,1,13,7,32,4,7,6,10,0,2
pc-5aa36613-1618,rudeljaeger__ohne_pc,control,0,1,1,6,3,10,9,18,1,9,2,10,0,0
pc-5aa36613-1618,urzeitliche_kolosse__ohne_pc,control,1,0,0,6,0,9,5,19,1,5,7,7,0,1
pc-e1561555-1619,rudeljaeger__ohne_pc,control,0,0,1,8,-2,12,8,24,6,7,4,5,0,1
pc-e1561555-1619,urzeitliche_kolosse__ohne_pc,control,1,1,0,8,5,13,11,33,2,9,4,12,0,3
pc-3273aa84-1620,rudeljaeger__ohne_pc,control,0,1,1,6,1,11,8,20,0,8,3,11,0,0
pc-3273aa84-1620,urzeitliche_kolosse__ohne_pc,control,1,0,0,6,-1,12,6,19,2,6,5,9,0,1
pc-b92659c6-1621,rudeljaeger__ohne_pc,control,0,0,1,6,0,10,8,17,2,7,3,8,0,0
pc-b92659c6-1621,urzeitliche_kolosse__ohne_pc,control,1,1,0,6,2,12,6,19,2,6,3,10,0,2
pc-3fd8e909-1622,rudeljaeger__ohne_pc,control,0,0,1,10,-2,14,13,31,18,12,7,9,0,0
pc-3fd8e909-1622,urzeitliche_kolosse__ohne_pc,control,1,1,0,10,1,15,12,37,15,12,10,12,0,4
pc-c68b984b-1623,rudeljaeger__ohne_pc,control,0,0,1,9,-2,12,12,31,11,11,6,5,0,0
pc-c68b984b-1623,urzeitliche_kolosse__ohne_pc,control,1,1,0,9,5,13,11,39,1,11,9,12,0,4
pc-17a92d7a-1624,rudeljaeger__ohne_pc,control,0,1,1,6,8,10,7,20,0,6,2,10,0,0
pc-17a92d7a-1624,urzeitliche_kolosse__ohne_pc,control,1,0,0,6,0,12,7,20,1,6,3,2,0,1
pc-9e5bdcbc-1625,rudeljaeger__ohne_pc,control,0,1,1,5,6,10,7,13,2,6,1,14,0,0
pc-9e5bdcbc-1625,urzeitliche_kolosse__ohne_pc,control,1,0,0,5,-4,11,3,12,3,3,6,4,0,0
pc-250e6bff-1626,rudeljaeger__ohne_pc,control,0,1,1,6,7,11,5,16,2,5,1,10,0,0
pc-250e6bff-1626,urzeitliche_kolosse__ohne_pc,control,1,0,0,6,0,12,4,17,3,4,2,3,0,0
pc-abc11b41-1627,rudeljaeger__ohne_pc,control,0,0,1,10,-1,15,14,35,14,12,7,5,0,1
pc-abc11b41-1627,urzeitliche_kolosse__ohne_pc,control,1,1,0,10,5,14,12,45,2,11,11,11,0,0
pc-fcdeb06f-1628,rudeljaeger__ohne_pc,control,0,1,1,8,4,12,11,31,3,9,7,15,0,1
pc-fcdeb06f-1628,urzeitliche_kolosse__ohne_pc,control,1,0,0,8,-5,13,11,33,2,10,7,6,0,0
pc-83915fb2-1629,rudeljaeger__ohne_pc,control,0,0,1,8,0,12,10,28,5,9,5,6,0,2
pc-83915fb2-1629,urzeitliche_kolosse__ohne_pc,control,1,1,0,8,4,13,9,33,3,8,4,10,0,0
pc-0a43eef5-1630,rudeljaeger__ohne_pc,control,0,0,1,9,0,13,13,31,9,11,4,9,0,0
pc-0a43eef5-1630,urzeitliche_kolosse__ohne_pc,control,1,1,0,9,1,14,9,41,3,8,8,10,0,0
pc-90f69e37-1631,rudeljaeger__ohne_pc,control,0,0,1,9,-3,13,13,37,4,11,5,8,0,0
pc-90f69e37-1631,urzeitliche_kolosse__ohne_pc,control,1,1,0,9,2,14,9,41,4,8,7,13,0,0
pc-e2143365-1632,rudeljaeger__ohne_pc,control,0,1,1,3,6,7,3,6,0,3,0,10,0,0
pc-e2143365-1632,urzeitliche_kolosse__ohne_pc,control,1,0,0,3,0,8,2,4,2,2,0,4,0,0
pc-68c6c2a8-1633,rudeljaeger__ohne_pc,control,0,0,1,9,-3,13,12,32,6,11,7,3,0,1
pc-68c6c2a8-1633,urzeitliche_kolosse__ohne_pc,control,1,1,0,9,7,14,12,35,4,10,8,13,0,1
pc-ef7971ea-1634,rudeljaeger__ohne_pc,control,0,1,1,15,2,19,13,42,65,12,10,9,0,0
pc-ef7971ea-1634,urzeitliche_kolosse__ohne_pc,control,1,0,0,15,0,20,17,66,44,15,11,7,0,0
pc-762c012d-1635,rudeljaeger__ohne_pc,control,0,0,1,9,-2,13,13,35,4,12,7,1,0,1
pc-762c012d-1635,urzeitliche_kolosse__ohne_pc,control,1,1,0,9,9,14,12,40,4,11,11,12,0,0
pc-c749b65b-1636,rudeljaeger__ohne_pc,control,0,0,1,7,-2,10,10,24,0,9,4,9,0,0
pc-c749b65b-1636,urzeitliche_kolosse__ohne_pc,control,1,1,0,7,1,12,8,24,1,8,9,12,0,0
pc-4dfc459e-1637,rudeljaeger__ohne_pc,control,0,1,1,7,4,12,10,25,2,9,4,10,0,1
pc-4dfc459e-1637,urzeitliche_kolosse__ohne_pc,control,1,0,0,7,0,13,8,24,4,7,6,6,0,0
pc-d4aef4e0-1638,rudeljaeger__ohne_pc,control,0,1,1,6,4,10,8,17,1,8,2,11,0,0
pc-d4aef4e0-1638,urzeitliche_kolosse__ohne_pc,control,1,0,0,6,-1,11,5,18,2,5,7,6,0,1
pc-5b618423-1639,rudeljaeger__ohne_pc,control,0,0,1,9,-1,13,12,33,9,12,4,8,0,0
pc-5b618423-1639,urzeitliche_kolosse__ohne_pc,control,1,1,0,9,2,14,9,42,3,8,10,11,0,1
pc-ac7f3951-1640,rudeljaeger__ohne_pc,control,0,0,1,10,-3,15,14,40,8,12,7,8,0,1
pc-ac7f3951-1640,urzeitliche_kolosse__ohne_pc,control,1,1,0,10,2,15,12,44,10,11,13,13,0,4
pc-3331c894-1641,rudeljaeger__ohne_pc,control,0,0,1,8,-2,12,11,26,5,9,7,6,0,0
pc-3331c894-1641,urzeitliche_kolosse__ohne_pc,control,1,1,0,8,4,12,11,29,3,10,9,12,0,2
pc-b9e477d6-1642,rudeljaeger__ohne_pc,control,0,1,1,5,1,8,5,14,1,5,0,10,0,0
pc-b9e477d6-1642,urzeitliche_kolosse__ohne_pc,control,1,0,0,5,0,9,4,14,1,4,3,9,0,0
pc-40970719-1643,rudeljaeger__ohne_pc,control,0,0,1,11,-1,15,13,36,20,11,9,3,0,2
pc-40970719-1643,urzeitliche_kolosse__ohne_pc,control,1,1,0,11,7,16,14,53,5,13,7,11,0,0
pc-91b4bc47-1644,rudeljaeger__ohne_pc,control,0,1,1,9,2,13,10,26,12,9,5,11,0,0
pc-91b4bc47-1644,urzeitliche_kolosse__ohne_pc,control,1,0,0,9,-1,14,8,32,12,8,7,8,0,2
pc-18674b8a-1645,rudeljaeger__ohne_pc,control,0,0,1,9,0,14,13,30,11,11,5,8,0,0
pc-18674b8a-1645,urzeitliche_kolosse__ohne_pc,control,1,1,0,9,2,14,11,41,1,10,8,10,0,0
pc-9f19facc-1646,rudeljaeger__ohne_pc,control,0,0,1,8,-3,14,11,27,4,10,3,9,0,0
pc-9f19facc-1646,urzeitliche_kolosse__ohne_pc,control,1,1,0,8,1,13,7,31,5,6,7,13,0,0
pc-25cc8a0f-1647,rudeljaeger__ohne_pc,control,0,0,1,5,0,9,3,11,3,3,1,0,0,0
pc-25cc8a0f-1647,urzeitliche_kolosse__ohne_pc,control,1,1,0,5,10,9,5,14,1,4,2,10,0,0
pc-76ea3f3d-1648,rudeljaeger__ohne_pc,control,0,1,1,9,2,15,13,29,11,11,6,10,0,0
pc-76ea3f3d-1648,urzeitliche_kolosse__ohne_pc,control,1,0,0,9,0,14,10,43,2,9,8,8,0,2
pc-fd9cce7f-1649,rudeljaeger__ohne_pc,control,0,1,1,7,2,10,8,25,1,8,4,13,0,0
pc-fd9cce7f-1649,urzeitliche_kolosse__ohne_pc,control,1,0,0,7,-3,11,8,26,2,8,6,8,0,3
pc-a2faea88-1650,rudeljaeger__ohne_pc,control,0,1,0,9,1,14,12,31,9,11,7,10,0,0
pc-a2faea88-1650,urzeitliche_kolosse__ohne_pc,control,1,0,1,9,0,15,11,39,2,10,9,9,0,2
pc-29ad99cb-1651,rudeljaeger__ohne_pc,control,0,1,0,8,3,12,11,27,4,10,5,10,0,0
pc-29ad99cb-1651,urzeitliche_kolosse__ohne_pc,control,1,0,1,8,0,12,8,33,3,7,8,7,0,0
pc-9595ac03-1652,rudeljaeger__ohne_pc,control,0,1,0,9,6,13,11,31,9,9,8,11,0,0
pc-9595ac03-1652,urzeitliche_kolosse__ohne_pc,control,1,0,1,9,-1,15,12,38,2,10,5,4,0,0
pc-1c485b46-1653,rudeljaeger__ohne_pc,control,0,1,0,7,5,12,8,23,1,7,2,10,0,0
pc-1c485b46-1653,urzeitliche_kolosse__ohne_pc,control,1,0,1,7,0,13,6,26,2,6,5,5,0,2
pc-bdc56792-1654,rudeljaeger__ohne_pc,control,0,0,0,3,0,7,2,5,1,2,1,6,0,0
pc-bdc56792-1654,urzeitliche_kolosse__ohne_pc,control,1,1,1,3,4,7,3,6,0,3,0,10,0,0
pc-447816d5-1655,rudeljaeger__ohne_pc,control,0,1,0,3,10,7,3,6,0,3,0,10,0,0
pc-447816d5-1655,urzeitliche_kolosse__ohne_pc,control,1,0,1,3,0,9,1,3,3,1,0,0,0,0
pc-b060290d-1656,rudeljaeger__ohne_pc,control,0,1,0,11,2,15,15,38,20,13,9,12,0,0
pc-b060290d-1656,urzeitliche_kolosse__ohne_pc,control,1,0,1,11,-2,16,14,48,11,12,10,8,0,2
pc-3712d850-1657,rudeljaeger__ohne_pc,control,0,0,0,10,-1,15,13,34,14,13,10,9,0,0
pc-3712d850-1657,urzeitliche_kolosse__ohne_pc,control,1,1,1,10,1,16,12,36,10,11,14,11,0,2
pc-6d65f074-1658,rudeljaeger__ohne_pc,control,0,1,0,5,10,8,6,14,0,6,2,11,0,0
pc-6d65f074-1658,urzeitliche_kolosse__ohne_pc,control,1,0,1,5,-1,10,4,13,1,4,2,0,0,0
pc-f4189fb6-1659,rudeljaeger__ohne_pc,control,0,1,0,6,3,10,8,19,1,8,5,11,0,0
pc-f4189fb6-1659,urzeitliche_kolosse__ohne_pc,control,1,0,1,6,-1,10,7,14,4,6,5,7,0,0
pc-6000b1ef-1660,rudeljaeger__ohne_pc,control,0,1,0,5,7,9,7,15,0,6,2,10,0,0
pc-6000b1ef-1660,urzeitliche_kolosse__ohne_pc,control,1,0,1,5,0,9,5,14,1,4,5,3,0,1
pc-e6b34131-1661,rudeljaeger__ohne_pc,control,0,0,0,7,0,11,10,25,3,9,4,8,0,1
pc-e6b34131-1661,urzeitliche_kolosse__ohne_pc,control,1,1,1,7,2,13,8,25,2,8,5,10,0,0
pc-88306d7e-1662,rudeljaeger__ohne_pc,control,0,1,0,5,10,9,5,12,0,5,2,12,0,0
pc-88306d7e-1662,urzeitliche_kolosse__ohne_pc,control,1,0,1,5,-2,11,4,14,1,4,2,0,0,0
pc-0ee31cc1-1663,rudeljaeger__ohne_pc,control,0,0,0,7,-1,10,7,23,4,7,4,4,0,1
pc-0ee31cc1-1663,urzeitliche_kolosse__ohne_pc,control,1,1,1,7,6,13,6,24,4,6,6,11,0,0
pc-7acb2ef9-1664,rudeljaeger__ohne_pc,control,0,1,0,6,3,11,6,19,1,6,1,12,0,1
pc-7acb2ef9-1664,urzeitliche_kolosse__ohne_pc,control,1,0,1,6,-2,11,5,16,4,4,4,7,0,0
pc-017dde3c-1665,rudeljaeger__ohne_pc,control,0,1,0,12,3,17,14,34,36,13,9,11,0,0
pc-017dde3c-1665,urzeitliche_kolosse__ohne_pc,control,1,0,1,12,-1,17,15,51,18,13,9,7,0,2
pc-37d0f660-1666,rudeljaeger__ohne_pc,control,0,0,0,3,-1,8,3,5,0,2,0,7,0,0
pc-37d0f660-1666,urzeitliche_kolosse__ohne_pc,control,1,1,1,3,3,7,3,6,0,2,2,11,0,0
pc-be8385a2-1667,rudeljaeger__ohne_pc,control,0,1,0,5,4,9,5,15,0,5,3,10,0,0
pc-be8385a2-1667,urzeitliche_kolosse__ohne_pc,control,1,0,1,5,0,10,5,14,1,5,2,6,0,0
pc-2a6bb7db-1668,rudeljaeger__ohne_pc,control,0,0,0,6,-2,10,9,20,0,8,4,9,0,0
pc-2a6bb7db-1668,urzeitliche_kolosse__ohne_pc,control,1,1,1,6,1,10,8,21,0,8,6,12,0,0
pc-b11e471d-1669,rudeljaeger__ohne_pc,control,0,0,0,3,-1,6,3,5,1,3,0,6,0,0
pc-b11e471d-1669,urzeitliche_kolosse__ohne_pc,control,1,1,1,3,4,6,3,6,0,2,3,11,0,0
pc-529b736a-1670,rudeljaeger__ohne_pc,control,0,1,0,8,2,12,12,28,4,11,6,12,0,0
pc-529b736a-1670,urzeitliche_kolosse__ohne_pc,control,1,0,1,8,-2,14,9,32,3,8,8,8,0,0
pc-d94e02ac-1671,rudeljaeger__ohne_pc,control,0,0,0,10,-1,14,13,34,13,11,7,9,0,0
pc-d94e02ac-1671,urzeitliche_kolosse__ohne_pc,control,1,1,1,10,1,14,11,45,5,11,11,11,0,4
pc-453634e5-1672,rudeljaeger__ohne_pc,control,0,0,0,11,-1,16,15,40,21,14,12,3,0,0
pc-453634e5-1672,urzeitliche_kolosse__ohne_pc,control,1,1,1,11,7,17,14,56,4,13,16,11,0,1
pc-cbe8c427-1673,rudeljaeger__ohne_pc,control,0,0,0,8,-1,12,10,31,3,8,5,9,0,1
pc-cbe8c427-1673,urzeitliche_kolosse__ohne_pc,control,1,1,1,8,1,12,10,32,4,8,5,11,0,0
pc-023bfc4c-1674,rudeljaeger__ohne_pc,control,0,1,0,8,4,13,12,27,4,10,5,12,0,0
pc-023bfc4c-1674,urzeitliche_kolosse__ohne_pc,control,1,0,1,8,-2,14,7,30,5,7,7,6,0,1
pc-88ee8b8e-1675,rudeljaeger__ohne_pc,control,0,0,0,6,-4,10,8,20,1,8,2,7,0,0
pc-88ee8b8e-1675,urzeitliche_kolosse__ohne_pc,control,1,1,1,6,3,12,6,20,1,6,4,14,0,0
pc-f4d6bdc6-1676,rudeljaeger__ohne_pc,control,0,1,0,5,6,8,7,15,0,6,2,11,0,0
pc-f4d6bdc6-1676,urzeitliche_kolosse__ohne_pc,control,1,0,1,5,-1,10,5,13,2,4,2,4,0,0
pc-7b894d09-1677,rudeljaeger__ohne_pc,control,0,0,0,6,-1,9,7,19,2,7,3,8,0,0
pc-7b894d09-1677,urzeitliche_kolosse__ohne_pc,control,1,1,1,6,2,10,7,18,1,5,4,11,0,0
pc-1d067956-1678,rudeljaeger__ohne_pc,control,0,0,0,6,0,10,7,19,1,6,3,7,0,0
pc-1d067956-1678,urzeitliche_kolosse__ohne_pc,control,1,1,1,6,3,12,7,19,2,6,3,10,0,0
pc-a3b90898-1679,rudeljaeger__ohne_pc,control,0,1,0,7,6,10,7,20,6,6,5,10,0,0
pc-a3b90898-1679,urzeitliche_kolosse__ohne_pc,control,1,0,1,7,0,12,9,26,1,8,3,4,0,0
pc-0fa13ad1-1680,rudeljaeger__ohne_pc,control,0,0,0,7,-2,10,9,26,0,9,2,9,0,0
pc-0fa13ad1-1680,urzeitliche_kolosse__ohne_pc,control,1,1,1,7,1,12,7,26,2,6,7,12,0,0
pc-9653ca13-1681,rudeljaeger__ohne_pc,control,0,1,0,4,4,8,5,9,1,5,2,11,0,0
pc-9653ca13-1681,urzeitliche_kolosse__ohne_pc,control,1,0,1,4,-1,10,4,9,0,3,3,6,0,0
pc-cca6e237-1682,rudeljaeger__ohne_pc,control,0,0,0,8,-2,12,11,25,7,10,5,8,0,0
pc-cca6e237-1682,urzeitliche_kolosse__ohne_pc,control,1,1,1,8,2,14,8,33,3,8,7,12,0,0
pc-5359917a-1683,rudeljaeger__ohne_pc,control,0,0,0,9,-1,12,12,33,7,10,7,4,0,1
pc-5359917a-1683,urzeitliche_kolosse__ohne_pc,control,1,1,1,9,6,13,11,38,6,9,6,11,0,1
pc-bf41a3b2-1684,rudeljaeger__ohne_pc,control,0,0,0,8,-2,13,11,30,5,10,6,5,0,2
pc-bf41a3b2-1684,urzeitliche_kolosse__ohne_pc,control,1,1,1,8,5,12,11,33,1,10,6,12,0,0
pc-45f452f5-1685,rudeljaeger__ohne_pc,control,0,1,0,4,4,8,5,10,0,5,0,10,0,0
pc-45f452f5-1685,urzeitliche_kolosse__ohne_pc,control,1,0,1,4,0,9,2,7,3,2,3,6,0,0
pc-e7717f41-1686,rudeljaeger__ohne_pc,control,0,1,0,12,1,17,16,41,26,15,11,12,0,1
pc-e7717f41-1686,urzeitliche_kolosse__ohne_pc,control,1,0,1,12,-2,17,15,54,14,14,12,9,0,1
pc-6e240e84-1687,rudeljaeger__ohne_pc,control,0,1,0,5,7,8,6,15,0,6,2,12,0,0
pc-6e240e84-1687,urzeitliche_kolosse__ohne_pc,control,1,0,1,5,-2,10,4,11,3,4,5,3,0,0
pc-da0c20bc-1688,rudeljaeger__ohne_pc,control,0,1,0,5,7,9,5,11,3,5,0,10,0,0
pc-da0c20bc-1688,urzeitliche_kolosse__ohne_pc,control,1,0,1,5,0,10,3,12,3,3,3,3,0,0
pc-60becfff-1689,rudeljaeger__ohne_pc,control,0,0,0,8,0,12,11,29,3,10,3,2,0,0
pc-60becfff-1689,urzeitliche_kolosse__ohne_pc,control,1,1,1,8,8,13,8,31,5,8,10,10,0,0
pc-9711e823-1690,rudeljaeger__ohne_pc,control,0,1,0,8,2,13,11,29,4,9,4,13,0,0
pc-9711e823-1690,urzeitliche_kolosse__ohne_pc,control,1,0,1,8,-3,13,8,33,3,8,5,8,0,1
pc-1dc49766-1691,rudeljaeger__ohne_pc,control,0,1,0,6,6,9,7,17,3,6,6,11,0,0
pc-1dc49766-1691,urzeitliche_kolosse__ohne_pc,control,1,0,1,6,-1,11,8,20,1,7,2,4,0,0
pc-89aca99e-1692,rudeljaeger__ohne_pc,control,0,1,0,5,1,9,4,14,1,4,1,12,0,0
pc-89aca99e-1692,urzeitliche_kolosse__ohne_pc,control,1,0,1,5,-2,11,4,14,1,4,0,9,0,0
pc-105f58e1-1693,rudeljaeger__ohne_pc,control,0,1,0,9,4,13,10,31,9,10,7,12,0,2
pc-105f58e1-1693,urzeitliche_kolosse__ohne_pc,control,1,0,1,9,-2,13,12,35,6,10,8,6,0,1
pc-b1dc652d-1694,rudeljaeger__ohne_pc,control,0,0,0,8,-2,13,9,26,2,7,6,3,0,0
pc-b1dc652d-1694,urzeitliche_kolosse__ohne_pc,control,1,1,1,8,7,13,9,32,4,8,3,12,0,0
pc-388f1470-1695,rudeljaeger__ohne_pc,control,0,1,0,3,7,6,3,6,0,3,1,11,0,0
pc-388f1470-1695,urzeitliche_kolosse__ohne_pc,control,1,0,1,3,-1,9,2,5,1,2,1,3,0,0
pc-a47726a8-1696,rudeljaeger__ohne_pc,control,0,1,0,12,2,15,15,37,32,13,11,12,0,1
pc-a47726a8-1696,urzeitliche_kolosse__ohne_pc,control,1,0,1,12,-2,17,15,56,12,13,11,8,0,1
pc-2b29d5eb-1697,rudeljaeger__ohne_pc,control,0,0,0,6,-3,9,8,19,2,6,2,8,0,0
pc-2b29d5eb-1697,urzeitliche_kolosse__ohne_pc,control,1,1,1,6,2,11,7,21,0,6,4,13,0,0
pc-617cee0f-1698,rudeljaeger__ohne_pc,control,0,1,0,5,10,8,5,15,0,5,1,11,0,0
pc-617cee0f-1698,urzeitliche_kolosse__ohne_pc,control,1,0,1,5,-1,11,3,11,3,3,4,0,0,0
pc-e82f9d51-1699,rudeljaeger__ohne_pc,control,0,1,0,7,4,10,9,23,2,8,2,10,0,0
pc-e82f9d51-1699,urzeitliche_kolosse__ohne_pc,control,1,0,1,7,0,10,7,23,5,6,6,6,0,0
pc-3d20f6a1-1700,rudeljaeger__mit_pc,control,0,1,1,4,10,10,4,9,0,4,0,12,0,0
pc-3d20f6a1-1700,urzeitliche_kolosse__mit_pc,control,1,0,0,4,-2,9,2,7,3,2,3,0,0,0
pc-c3d385e3-1701,rudeljaeger__mit_pc,control,0,1,1,9,6,13,12,36,3,11,10,12,0,0
pc-c3d385e3-1701,urzeitliche_kolosse__mit_pc,control,1,0,0,9,-2,14,12,44,1,11,6,4,0,3
pc-2fbbb81c-1702,rudeljaeger__mit_pc,control,0,0,1,9,-4,13,12,32,7,11,6,9,0,2
pc-2fbbb81c-1702,urzeitliche_kolosse__mit_pc,control,1,1,0,9,1,14,10,40,4,10,9,14,0,0
pc-b66e475e-1703,rudeljaeger__mit_pc,control,0,0,1,9,-1,13,10,25,13,8,4,9,0,0
pc-b66e475e-1703,urzeitliche_kolosse__mit_pc,control,1,1,0,9,1,14,9,40,1,9,4,11,0,0
pc-57eb73ab-1704,rudeljaeger__mit_pc,control,0,0,1,6,0,9,9,18,1,9,2,9,0,0
pc-57eb73ab-1704,urzeitliche_kolosse__mit_pc,control,1,1,0,6,1,10,6,21,0,5,5,10,0,0
pc-de9e02ed-1705,rudeljaeger__mit_pc,control,0,1,1,4,7,8,4,9,0,4,0,11,0,0
pc-de9e02ed-1705,urzeitliche_kolosse__mit_pc,control,1,0,0,4,-1,10,2,7,3,2,4,3,0,0
pc-4a863526-1706,rudeljaeger__mit_pc,control,0,0,1,12,-1,16,15,43,26,14,8,7,0,0
pc-4a863526-1706,urzeitliche_kolosse__mit_pc,control,1,1,0,12,3,17,13,54,15,12,11,11,0,1
pc-d138c468-1707,rudeljaeger__mit_pc,control,0,0,1,5,-3,10,5,13,1,5,1,8,0,0
pc-d138c468-1707,urzeitliche_kolosse__mit_pc,control,1,1,0,5,2,11,4,14,1,4,5,13,0,0
pc-078bfc8d-1708,rudeljaeger__mit_pc,control,0,0,1,9,-1,12,12,30,9,11,6,8,0,0
pc-078bfc8d-1708,urzeitliche_kolosse__mit_pc,control,1,1,0,9,2,14,10,39,3,9,6,11,0,0
pc-8e3e8bcf-1709,rudeljaeger__mit_pc,control,0,1,1,5,7,8,5,14,1,5,0,11,0,0
pc-8e3e8bcf-1709,urzeitliche_kolosse__mit_pc,control,1,0,0,5,-1,10,3,10,3,3,1,3,0,0
pc-fa26be07-1710,rudeljaeger__mit_pc,control,0,1,1,6,2,9,8,17,1,7,2,11,0,0
pc-fa26be07-1710,urzeitliche_kolosse__mit_pc,control,1,0,0,6,-1,10,5,19,2,5,6,8,0,0
pc-80d94d4a-1711,rudeljaeger__mit_pc,control,0,1,1,6,8,11,8,20,0,7,3,10,0,0
pc-80d94d4a-1711,urzeitliche_kolosse__mit_pc,control,1,0,0,6,0,12,6,18,3,6,3,2,0,1
pc-22567997-1712,rudeljaeger__mit_pc,control,0,1,1,6,10,10,5,18,2,5,4,11,0,0
pc-22567997-1712,urzeitliche_kolosse__mit_pc,control,1,0,0,6,-1,10,7,20,1,6,3,0,0,0
pc-a90908d9-1713,rudeljaeger__mit_pc,control,0,1,1,7,7,11,10,21,4,9,3,10,0,0
pc-a90908d9-1713,urzeitliche_kolosse__mit_pc,control,1,0,0,7,0,13,6,25,3,5,5,3,0,2
pc-14f13b12-1714,rudeljaeger__mit_pc,control,0,1,1,11,3,16,15,45,16,13,11,10,0,1
pc-14f13b12-1714,urzeitliche_kolosse__mit_pc,control,1,0,0,11,0,18,14,47,15,13,10,7,0,3
pc-9ba3ca54-1715,rudeljaeger__mit_pc,control,0,1,1,7,6,13,6,17,4,5,3,10,0,0
pc-9ba3ca54-1715,urzeitliche_kolosse__mit_pc,control,1,0,0,7,0,10,8,26,2,7,1,4,0,1
pc-a84aeac9-1716,rudeljaeger__mit_pc,control,0,1,1,4,4,8,4,9,1,4,0,11,0,0
pc-a84aeac9-1716,urzeitliche_kolosse__mit_pc,control,1,0,0,4,-1,9,2,6,3,2,2,6,0,0
pc-2efd9a0c-1717,rudeljaeger__mit_pc,control,0,0,1,9,0,13,11,30,10,9,7,9,0,2
pc-2efd9a0c-1717,urzeitliche_kolosse__mit_pc,control,1,1,0,9,1,15,10,40,4,10,6,10,0,2
pc-9ae5ac44-1718,rudeljaeger__mit_pc,control,0,1,1,8,1,12,9,32,4,9,7,10,0,2
pc-9ae5ac44-1718,urzeitliche_kolosse__mit_pc,control,1,0,0,8,0,13,10,34,2,9,5,9,0,0
pc-21985b87-1719,rudeljaeger__mit_pc,control,0,0,1,7,-2,11,10,23,3,9,5,7,0,0
pc-21985b87-1719,urzeitliche_kolosse__mit_pc,control,1,1,0,7,3,12,7,26,2,7,5,12,0,1
pc-c31567d3-1720,rudeljaeger__mit_pc,control,0,0,1,11,0,16,15,47,10,15,10,7,0,2
pc-c31567d3-1720,urzeitliche_kolosse__mit_pc,control,1,1,0,11,3,17,13,52,8,12,13,10,0,0
pc-49c81716-1721,rudeljaeger__mit_pc,control,0,1,1,6,1,12,8,20,1,7,3,12,0,1
pc-49c81716-1721,urzeitliche_kolosse__mit_pc,control,1,0,0,6,-2,11,5,19,2,5,4,9,0,0
pc-b5b0294e-1722,rudeljaeger__mit_pc,control,0,0,1,12,-1,18,16,40,27,14,9,5,0,1
pc-b5b0294e-1722,urzeitliche_kolosse__mit_pc,control,1,1,0,12,5,17,13,54,21,13,12,11,0,1
pc-3c62d891-1723,rudeljaeger__mit_pc,control,0,0,1,8,0,12,11,27,4,9,5,5,0,0
pc-3c62d891-1723,urzeitliche_kolosse__mit_pc,control,1,1,0,8,5,13,8,33,3,8,6,10,0,1
pc-72b5f0b5-1724,rudeljaeger__mit_pc,control,0,1,1,9,2,15,12,33,4,11,9,10,0,1
pc-72b5f0b5-1724,urzeitliche_kolosse__mit_pc,control,1,0,0,9,0,14,11,37,6,10,8,8,0,0
pc-f9689ff7-1725,rudeljaeger__mit_pc,control,0,1,1,5,7,9,6,14,1,6,1,11,0,0
pc-f9689ff7-1725,urzeitliche_kolosse__mit_pc,control,1,0,0,5,-1,10,4,13,1,4,4,3,0,0
pc-6550b230-1726,rudeljaeger__mit_pc,control,0,1,1,8,8,12,11,27,3,9,5,11,0,0
pc-6550b230-1726,urzeitliche_kolosse__mit_pc,control,1,0,0,8,-1,13,8,34,2,8,6,2,0,0
pc-ec034172-1727,rudeljaeger__mit_pc,control,0,0,1,10,0,14,13,34,12,12,8,9,0,0
pc-ec034172-1727,urzeitliche_kolosse__mit_pc,control,1,1,0,10,1,16,13,45,4,12,7,10,0,0
pc-8d806dbf-1728,rudeljaeger__mit_pc,control,0,0,1,9,-3,13,9,23,15,8,4,7,0,0
pc-8d806dbf-1728,urzeitliche_kolosse__mit_pc,control,1,1,0,9,3,16,7,38,5,7,4,13,0,0
pc-14331d02-1729,rudeljaeger__mit_pc,control,0,0,1,6,-1,9,8,13,2,7,4,5,0,0
pc-14331d02-1729,urzeitliche_kolosse__mit_pc,control,1,1,0,6,5,10,7,17,2,7,8,11,0,0
pc-801b2f3a-1730,rudeljaeger__mit_pc,control,0,1,1,6,4,11,7,19,2,7,7,11,0,0
pc-801b2f3a-1730,urzeitliche_kolosse__mit_pc,control,1,0,0,6,-1,9,7,20,0,7,4,6,0,3
pc-06cdde7d-1731,rudeljaeger__mit_pc,control,0,0,1,10,0,15,12,38,9,11,5,5,0,1
pc-06cdde7d-1731,urzeitliche_kolosse__mit_pc,control,1,1,0,10,5,14,11,40,5,10,8,10,0,1
pc-66ccee50-1732,rudeljaeger__mit_pc,control,0,1,1,9,5,14,12,33,5,10,5,10,0,1
pc-66ccee50-1732,urzeitliche_kolosse__mit_pc,control,1,0,0,9,0,15,8,36,8,8,7,5,0,0
pc-ed7f9d92-1733,rudeljaeger__mit_pc,control,0,1,1,5,2,9,5,13,2,4,1,11,0,0
pc-ed7f9d92-1733,urzeitliche_kolosse__mit_pc,control,1,0,0,5,-1,11,5,13,1,4,2,8,0,0
pc-5967afcb-1734,rudeljaeger__mit_pc,control,0,1,1,6,8,10,9,20,1,8,4,11,0,0
pc-5967afcb-1734,urzeitliche_kolosse__mit_pc,control,1,0,0,6,-1,10,7,21,0,7,6,2,0,0
pc-e01a5f0d-1735,rudeljaeger__mit_pc,control,0,1,1,6,10,10,6,19,2,5,1,10,0,0
pc-e01a5f0d-1735,urzeitliche_kolosse__mit_pc,control,1,0,0,6,0,12,4,17,3,4,3,0,0,0
pc-81976b5a-1736,rudeljaeger__mit_pc,control,0,1,1,4,3,9,4,10,0,4,2,10,0,0
pc-81976b5a-1736,urzeitliche_kolosse__mit_pc,control,1,0,0,4,0,9,4,7,1,4,2,7,0,0
pc-084a1a9d-1737,rudeljaeger__mit_pc,control,0,1,1,8,3,12,11,27,5,9,5,10,0,0
pc-084a1a9d-1737,urzeitliche_kolosse__mit_pc,control,1,0,0,8,0,13,7,31,5,7,6,7,0,0
pc-74322cd5-1738,rudeljaeger__mit_pc,control,0,0,1,6,-1,10,7,20,0,6,3,9,0,1
pc-74322cd5-1738,urzeitliche_kolosse__mit_pc,control,1,1,0,6,1,11,7,20,1,6,4,11,0,0
pc-fae4dc17-1739,rudeljaeger__mit_pc,control,0,1,1,3,10,8,3,6,0,3,0,10,0,0
pc-fae4dc17-1739,urzeitliche_kolosse__mit_pc,control,1,0,0,3,0,8,1,3,3,1,1,0,0,0
pc-3137f43c-1740,rudeljaeger__mit_pc,control,0,1,1,7,4,11,10,23,2,9,4,10,0,0
pc-3137f43c-1740,urzeitliche_kolosse__mit_pc,control,1,0,0,7,0,11,8,23,5,7,8,6,0,0
pc-b7ea837e-1741,rudeljaeger__mit_pc,control,0,1,1,10,4,15,14,36,14,13,12,10,0,0
pc-b7ea837e-1741,urzeitliche_kolosse__mit_pc,control,1,0,0,10,0,16,13,47,4,12,11,6,0,1
pc-23d2b5b7-1742,rudeljaeger__mit_pc,control,0,1,1,5,6,9,7,14,1,6,2,13,0,0
pc-23d2b5b7-1742,urzeitliche_kolosse__mit_pc,control,1,0,0,5,-3,10,5,13,2,4,4,4,0,0
pc-aa8544f9-1743,rudeljaeger__mit_pc,control,0,0,1,11,-2,15,14,40,17,12,6,3,0,3
pc-aa8544f9-1743,urzeitliche_kolosse__mit_pc,control,1,1,0,11,7,15,11,44,18,10,11,12,0,0
pc-4c027146-1744,rudeljaeger__mit_pc,control,0,1,1,9,5,14,12,34,5,10,8,11,0,0
pc-4c027146-1744,urzeitliche_kolosse__mit_pc,control,1,0,0,9,-1,15,10,41,3,10,5,5,0,0
pc-d2b50088-1745,rudeljaeger__mit_pc,control,0,0,1,8,0,12,11,30,5,10,3,5,0,1
pc-d2b50088-1745,urzeitliche_kolosse__mit_pc,control,1,1,0,8,5,13,7,34,2,7,7,10,0,0
pc-3e9d32c1-1746,rudeljaeger__mit_pc,control,0,1,1,8,4,13,9,28,2,8,7,14,0,0
pc-3e9d32c1-1746,urzeitliche_kolosse__mit_pc,control,1,0,0,8,-4,13,10,35,1,9,4,6,0,1
pc-c54fc203-1747,rudeljaeger__mit_pc,control,0,0,1,11,-1,16,15,38,20,13,9,9,0,1
pc-c54fc203-1747,urzeitliche_kolosse__mit_pc,control,1,1,0,11,1,17,13,51,7,12,12,11,0,1
pc-d1f6e278-1748,rudeljaeger__mit_pc,control,0,1,1,7,8,12,9,25,1,7,6,11,0,2
pc-d1f6e278-1748,urzeitliche_kolosse__mit_pc,control,1,0,0,7,-1,12,8,26,2,7,4,2,0,2
pc-58a991bb-1749,rudeljaeger__mit_pc,control,0,1,1,7,2,13,10,22,1,9,4,12,0,0
pc-58a991bb-1749,urzeitliche_kolosse__mit_pc,control,1,0,0,7,-2,13,7,24,4,7,8,8,0,0
pc-7bb3b649-1750,rudeljaeger__mit_pc,control,0,0,0,9,-4,15,12,33,8,11,6,9,0,2
pc-7bb3b649-1750,urzeitliche_kolosse__mit_pc,control,1,1,1,9,1,15,10,40,3,10,9,14,0,0
pc-0266458c-1751,rudeljaeger__mit_pc,control,0,0,0,10,-3,15,13,35,12,12,7,9,0,0
pc-0266458c-1751,urzeitliche_kolosse__mit_pc,control,1,1,1,10,1,15,11,47,5,10,12,13,0,2
pc-8918f4ce-1752,rudeljaeger__mit_pc,control,0,1,0,9,1,12,12,33,4,11,6,10,0,0
pc-8918f4ce-1752,urzeitliche_kolosse__mit_pc,control,1,0,1,9,0,15,9,39,5,9,8,9,0,0
pc-0fcb8411-1753,rudeljaeger__mit_pc,control,0,0,0,4,-2,9,4,10,0,4,2,9,0,0
pc-0fcb8411-1753,urzeitliche_kolosse__mit_pc,control,1,1,1,4,1,8,4,8,0,3,2,12,0,0
pc-967e3353-1754,rudeljaeger__mit_pc,control,0,1,0,7,2,10,10,26,0,10,5,12,0,1
pc-967e3353-1754,urzeitliche_kolosse__mit_pc,control,1,0,1,7,-2,13,8,27,1,7,7,8,0,0
pc-1d30c296-1755,rudeljaeger__mit_pc,control,0,0,0,6,-3,11,8,16,1,7,2,5,0,0
pc-1d30c296-1755,urzeitliche_kolosse__mit_pc,control,1,1,1,6,5,11,5,18,3,5,8,13,0,0
pc-a3e371d8-1756,rudeljaeger__mit_pc,control,0,0,0,11,-4,17,15,38,21,13,8,7,0,0
pc-a3e371d8-1756,urzeitliche_kolosse__mit_pc,control,1,1,1,11,3,16,13,46,15,12,10,14,0,0
pc-2a96011b-1757,rudeljaeger__mit_pc,control,0,0,0,9,0,14,13,34,7,11,4,6,0,0
pc-2a96011b-1757,urzeitliche_kolosse__mit_pc,control,1,1,1,9,4,15,9,36,4,9,8,10,0,2
pc-461ebc35-1758,rudeljaeger__mit_pc,control,0,0,0,10,-2,17,14,38,11,12,10,7,0,0
pc-461ebc35-1758,urzeitliche_kolosse__mit_pc,control,1,1,1,10,3,15,12,46,6,12,11,12,0,0
pc-ccd14b77-1759,rudeljaeger__mit_pc,control,0,0,0,8,-1,11,11,28,2,9,5,6,0,0
pc-ccd14b77-1759,urzeitliche_kolosse__mit_pc,control,1,1,1,8,4,14,10,31,5,10,9,11,0,0
pc-5383faba-1760,rudeljaeger__mit_pc,control,0,0,0,9,0,13,12,30,9,11,4,6,0,1
pc-5383faba-1760,urzeitliche_kolosse__mit_pc,control,1,1,1,9,4,13,10,29,10,9,8,10,0,0
pc-da3689fc-1761,rudeljaeger__mit_pc,control,0,1,0,5,8,10,6,15,0,6,4,10,0,0
pc-da3689fc-1761,urzeitliche_kolosse__mit_pc,control,1,0,1,5,0,9,6,15,0,5,4,2,0,0
pc-60e9393f-1762,rudeljaeger__mit_pc,control,0,1,0,9,1,16,10,34,2,9,10,11,0,1
pc-60e9393f-1762,urzeitliche_kolosse__mit_pc,control,1,0,1,9,-1,14,12,43,2,11,4,9,0,1
pc-e79bc881-1763,rudeljaeger__mit_pc,control,0,1,0,4,7,9,5,10,0,5,0,10,0,0
pc-e79bc881-1763,urzeitliche_kolosse__mit_pc,control,1,0,1,4,0,9,2,7,3,2,2,3,0,0
pc-6e4e77c4-1764,rudeljaeger__mit_pc,control,0,0,0,8,0,12,11,20,10,9,3,7,0,0
pc-6e4e77c4-1764,urzeitliche_kolosse__mit_pc,control,1,1,1,8,3,14,7,32,4,7,6,10,0,0
pc-f5010706-1765,rudeljaeger__mit_pc,control,0,1,0,5,3,10,5,14,0,5,2,10,0,0
pc-f5010706-1765,urzeitliche_kolosse__mit_pc,control,1,0,1,5,0,11,5,10,2,4,2,7,0,0
pc-e6ddaa71-1766,rudeljaeger__mit_pc,control,0,1,0,8,1,13,9,33,1,8,8,11,0,1
pc-e6ddaa71-1766,urzeitliche_kolosse__mit_pc,control,1,0,1,8,-1,12,10,34,1,10,4,9,0,1
pc-6d9059b4-1767,rudeljaeger__mit_pc,control,0,1,0,5,7,9,5,14,1,5,1,11,0,0
pc-6d9059b4-1767,urzeitliche_kolosse__mit_pc,control,1,0,1,5,-1,11,4,14,1,4,3,3,0,0
pc-f442e8f6-1768,rudeljaeger__mit_pc,control,0,1,0,6,3,11,7,18,1,7,3,11,0,0
pc-f442e8f6-1768,urzeitliche_kolosse__mit_pc,control,1,0,1,6,-1,12,5,18,3,5,4,7,0,0
pc-7af59839-1769,rudeljaeger__mit_pc,control,0,1,0,3,7,8,3,4,0,3,1,10,0,0
pc-7af59839-1769,urzeitliche_kolosse__mit_pc,control,1,0,1,3,0,7,2,5,1,2,1,3,0,0
pc-01a8277c-1770,rudeljaeger__mit_pc,control,0,1,0,3,4,9,3,5,0,3,0,10,0,0
pc-01a8277c-1770,urzeitliche_kolosse__mit_pc,control,1,0,1,3,0,9,3,5,0,2,0,6,0,0
pc-885ad6be-1771,rudeljaeger__mit_pc,control,0,1,0,4,10,9,5,9,1,5,1,10,0,0
pc-885ad6be-1771,urzeitliche_kolosse__mit_pc,control,1,0,1,4,0,8,3,9,1,3,2,0,0,0
pc-0f0d6601-1772,rudeljaeger__mit_pc,control,0,1,0,8,2,13,10,28,2,9,5,10,0,0
pc-0f0d6601-1772,urzeitliche_kolosse__mit_pc,control,1,0,1,8,0,12,9,33,2,8,5,8,0,2
pc-95c01543-1773,rudeljaeger__mit_pc,control,0,1,0,8,7,12,11,30,1,10,5,11,0,0
pc-95c01543-1773,urzeitliche_kolosse__mit_pc,control,1,0,1,8,-1,12,9,33,3,8,6,3,0,0
pc-b148b05d-1774,rudeljaeger__mit_pc,control,0,0,0,7,-3,10,10,23,2,9,3,6,0,1
pc-b148b05d-1774,urzeitliche_kolosse__mit_pc,control,1,1,1,7,4,12,5,23,5,5,6,13,0,1
pc-37fb5fa0-1775,rudeljaeger__mit_pc,control,0,0,0,10,-2,16,14,37,9,12,6,7,0,1
pc-37fb5fa0-1775,urzeitliche_kolosse__mit_pc,control,1,1,1,10,3,17,12,43,4,11,11,12,0,0
pc-beadeee2-1776,rudeljaeger__mit_pc,control,0,0,0,8,-2,12,11,32,3,9,2,9,0,0
pc-beadeee2-1776,urzeitliche_kolosse__mit_pc,control,1,1,1,8,1,14,7,32,4,7,5,12,0,2
pc-45609e25-1777,rudeljaeger__mit_pc,control,0,1,0,9,1,15,13,37,3,12,8,11,0,0
pc-45609e25-1777,urzeitliche_kolosse__mit_pc,control,1,0,1,9,-1,15,11,43,2,11,10,9,0,0
pc-cc132d67-1778,rudeljaeger__mit_pc,control,0,0,0,8,-1,11,9,26,8,7,4,9,0,0
pc-cc132d67-1778,urzeitliche_kolosse__mit_pc,control,1,1,1,8,1,12,8,34,2,8,3,11,0,0
pc-52c5dcaa-1779,rudeljaeger__mit_pc,control,0,0,0,7,-2,13,10,28,0,9,3,7,0,0
pc-52c5dcaa-1779,urzeitliche_kolosse__mit_pc,control,1,1,1,7,3,13,7,28,0,7,7,12,0,0
pc-d9786bec-1780,rudeljaeger__mit_pc,control,0,1,0,4,7,8,4,9,1,4,1,10,0,0
pc-d9786bec-1780,urzeitliche_kolosse__mit_pc,control,1,0,1,4,0,8,3,9,1,3,2,3,0,0
pc-602b1b2f-1781,rudeljaeger__mit_pc,control,0,1,0,8,2,11,8,28,6,8,6,13,0,0
pc-602b1b2f-1781,urzeitliche_kolosse__mit_pc,control,1,0,1,8,-3,13,10,33,2,9,4,8,0,0
pc-a55fadf8-1782,rudeljaeger__mit_pc,control,0,0,0,11,-5,15,14,36,21,12,8,6,0,0
pc-a55fadf8-1782,urzeitliche_kolosse__mit_pc,control,1,1,1,11,4,17,13,59,2,12,10,15,0,1
pc-2c125d3b-1783,rudeljaeger__mit_pc,control,0,1,0,5,4,10,5,14,1,5,4,12,0,0
pc-2c125d3b-1783,urzeitliche_kolosse__mit_pc,control,1,0,1,5,-2,9,6,15,0,5,2,6,0,0
pc-b2c4ec7d-1784,rudeljaeger__mit_pc,control,0,1,0,8,6,12,9,25,5,8,3,11,0,0
pc-b2c4ec7d-1784,urzeitliche_kolosse__mit_pc,control,1,0,1,8,-1,12,7,28,8,7,4,4,0,0
pc-39779bc0-1785,rudeljaeger__mit_pc,control,0,0,0,6,-4,9,7,19,2,7,2,8,0,0
pc-39779bc0-1785,urzeitliche_kolosse__mit_pc,control,1,1,1,6,2,12,7,20,1,7,4,14,0,0
pc-c02a2b02-1786,rudeljaeger__mit_pc,control,0,0,0,6,-2,9,6,19,1,6,0,9,0,1
pc-c02a2b02-1786,urzeitliche_kolosse__mit_pc,control,1,1,1,6,1,11,4,18,3,4,4,12,0,1
pc-46dcda45-1787,rudeljaeger__mit_pc,control,0,0,0,9,-2,13,12,29,12,10,6,9,0,0
pc-46dcda45-1787,urzeitliche_kolosse__mit_pc,control,1,1,1,9,1,14,10,43,1,10,5,12,0,3
pc-cd8f6987-1788,rudeljaeger__mit_pc,control,0,1,0,4,10,10,4,10,0,4,2,12,0,0
pc-cd8f6987-1788,urzeitliche_kolosse__mit_pc,control,1,0,1,4,-2,9,3,9,1,3,2,0,0,0
pc-544218ca-1789,rudeljaeger__mit_pc,control,0,0,0,7,-1,12,9,24,3,9,2,9,0,0
pc-544218ca-1789,urzeitliche_kolosse__mit_pc,control,1,1,1,7,1,12,6,24,2,6,8,11,0,0
pc-6fcab3e4-1790,rudeljaeger__mit_pc,control,0,1,0,7,4,12,10,23,2,9,4,10,0,0
pc-6fcab3e4-1790,urzeitliche_kolosse__mit_pc,control,1,0,1,7,0,12,6,26,2,6,6,6,0,1
pc-f67d4326-1791,rudeljaeger__mit_pc,control,0,1,0,5,4,11,7,15,0,6,2,11,0,0
pc-f67d4326-1791,urzeitliche_kolosse__mit_pc,control,1,0,1,5,-1,10,4,12,3,3,3,6,0,0
pc-7d2ff269-1792,rudeljaeger__mit_pc,control,0,1,0,5,6,9,6,15,0,6,2,11,0,0
pc-7d2ff269-1792,urzeitliche_kolosse__mit_pc,control,1,0,1,5,-1,11,5,14,1,4,3,4,0,1
pc-03e281ac-1793,rudeljaeger__mit_pc,control,0,1,0,5,4,10,5,14,0,4,1,10,0,0
pc-03e281ac-1793,urzeitliche_kolosse__mit_pc,control,1,0,1,5,0,11,5,13,1,4,1,6,0,0
pc-8a9530ee-1794,rudeljaeger__mit_pc,control,0,1,0,13,2,17,16,43,39,14,11,11,0,0
pc-8a9530ee-1794,urzeitliche_kolosse__mit_pc,control,1,0,1,13,-1,19,16,58,27,15,11,8,0,2
pc-1147c031-1795,rudeljaeger__mit_pc,control,0,0,0,7,-1,12,8,25,3,8,4,9,0,1
pc-1147c031-1795,urzeitliche_kolosse__mit_pc,control,1,1,1,7,1,12,7,26,2,7,4,11,0,0
pc-97fa6f73-1796,rudeljaeger__mit_pc,control,0,0,0,13,-2,19,16,45,35,14,10,7,0,0
pc-97fa6f73-1796,urzeitliche_kolosse__mit_pc,control,1,1,1,13,3,18,16,58,22,15,14,12,0,0
pc-1ead1eb6-1797,rudeljaeger__mit_pc,control,0,0,0,7,-1,12,10,26,1,9,4,8,0,0
pc-1ead1eb6-1797,urzeitliche_kolosse__mit_pc,control,1,1,1,7,2,11,9,28,0,9,6,11,0,0
pc-1089a221-1798,rudeljaeger__mit_pc,control,0,1,0,7,3,12,9,25,2,8,6,10,0,0
pc-1089a221-1798,urzeitliche_kolosse__mit_pc,control,1,0,1,7,0,11,8,25,3,7,4,7,0,1
pc-973c5163-1799,rudeljaeger__mit_pc,control,0,0,0,9,0,15,10,24,14,8,5,9,0,0
pc-973c5163-1799,urzeitliche_kolosse__mit_pc,control,1,1,1,9,1,14,9,35,8,8,3,10,0,0
pc-08db2a65-1800,rudeljaeger__mit_pc,control,0,0,1,9,0,14,12,33,3,10,7,6,0,0
pc-08db2a65-1800,urzeitliche_kolosse__ohne_pc,control,1,1,0,9,4,14,9,31,5,8,6,10,0,2
pc-8f8dd9a7-1801,rudeljaeger__mit_pc,control,0,1,1,9,1,15,12,36,6,11,8,10,0,0
pc-8f8dd9a7-1801,urzeitliche_kolosse__ohne_pc,control,1,0,0,9,0,14,11,44,1,9,7,9,0,0
pc-164068ea-1802,rudeljaeger__mit_pc,control,0,1,1,7,1,11,9,26,2,8,5,13,0,0
pc-164068ea-1802,urzeitliche_kolosse__ohne_pc,control,1,0,0,7,-3,12,7,23,5,6,3,9,0,0
pc-9cf3182c-1803,rudeljaeger__mit_pc,control,0,1,1,6,5,12,9,20,1,7,2,10,0,0
pc-9cf3182c-1803,urzeitliche_kolosse__ohne_pc,control,1,0,0,6,0,11,5,17,2,5,6,5,0,1
pc-ee10ad5a-1804,rudeljaeger__mit_pc,control,0,0,1,11,-2,14,14,37,20,13,8,6,0,0
pc-ee10ad5a-1804,urzeitliche_kolosse__ohne_pc,control,1,1,0,11,4,17,14,50,9,12,10,12,0,3
pc-74c35c9d-1805,rudeljaeger__mit_pc,control,0,1,1,7,6,11,9,26,0,9,4,10,0,0
pc-74c35c9d-1805,urzeitliche_kolosse__ohne_pc,control,1,0,0,7,0,11,8,28,0,7,6,4,0,0
pc-fb75ebdf-1806,rudeljaeger__mit_pc,control,0,1,1,6,3,10,5,18,2,5,2,14,0,0
pc-fb75ebdf-1806,urzeitliche_kolosse__ohne_pc,control,1,0,0,6,-4,11,5,17,3,5,3,7,0,0
pc-82289b22-1807,rudeljaeger__mit_pc,control,0,1,1,8,4,12,8,23,7,7,5,11,0,1
pc-82289b22-1807,urzeitliche_kolosse__ohne_pc,control,1,0,0,8,-1,14,7,34,2,7,2,6,0,4
pc-3e702479-1808,rudeljaeger__mit_pc,control,0,1,1,4,4,9,4,9,0,4,0,10,0,0
pc-3e702479-1808,urzeitliche_kolosse__ohne_pc,control,1,0,0,4,0,9,2,7,3,2,2,6,0,0
pc-c522d3bb-1809,rudeljaeger__mit_pc,control,0,0,1,9,-3,12,10,26,13,8,5,9,0,0
pc-c522d3bb-1809,urzeitliche_kolosse__ohne_pc,control,1,1,0,9,1,14,8,40,3,8,3,13,0,0
pc-4bd562fe-1810,rudeljaeger__mit_pc,control,0,1,1,7,5,12,9,26,1,9,4,11,0,0
pc-4bd562fe-1810,urzeitliche_kolosse__ohne_pc,control,1,0,0,7,-1,13,7,22,6,6,4,5,0,0
pc-d2881240-1811,rudeljaeger__mit_pc,control,0,1,1,5,2,10,7,15,0,7,3,11,0,0
pc-d2881240-1811,urzeitliche_kolosse__ohne_pc,control,1,0,0,5,-1,10,5,15,0,5,3,8,0,0
pc-23a5a76f-1812,rudeljaeger__mit_pc,control,0,1,1,3,8,7,3,6,0,2,0,11,0,0
pc-23a5a76f-1812,urzeitliche_kolosse__ohne_pc,control,1,0,0,3,-1,8,1,3,3,1,0,2,0,0
pc-aa5856b1-1813,rudeljaeger__mit_pc,control,0,1,1,6,1,11,8,21,0,8,4,10,0,0
pc-aa5856b1-1813,urzeitliche_kolosse__ohne_pc,control,1,0,0,6,0,10,7,20,1,6,4,9,0,0
pc-310ae5f4-1814,rudeljaeger__mit_pc,control,0,1,1,8,4,11,9,28,7,8,2,13,0,1
pc-310ae5f4-1814,urzeitliche_kolosse__ohne_pc,control,1,0,0,8,-3,14,7,31,5,6,4,6,0,3
pc-b7bd9536-1815,rudeljaeger__mit_pc,control,0,1,1,5,2,10,7,13,1,7,1,10,0,0
pc-b7bd9536-1815,urzeitliche_kolosse__ohne_pc,control,1,0,0,5,0,11,5,15,0,4,3,8,0,0
pc-9db1363c-1816,rudeljaeger__mit_pc,control,0,1,1,3,6,6,3,6,0,3,0,12,0,0
pc-9db1363c-1816,urzeitliche_kolosse__ohne_pc,control,1,0,0,3,-2,9,2,4,2,2,1,4,0,0
pc-2463c57f-1817,rudeljaeger__mit_pc,control,0,0,1,8,-2,12,11,29,3,10,6,7,0,0
pc-2463c57f-1817,urzeitliche_kolosse__ohne_pc,control,1,1,0,8,3,11,9,34,1,9,5,12,0,1
pc-ab1674c1-1818,rudeljaeger__mit_pc,control,0,0,1,4,0,8,4,9,0,4,2,8,0,0
pc-ab1674c1-1818,urzeitliche_kolosse__ohne_pc,control,1,1,0,4,2,10,4,10,0,4,3,10,0,0
pc-31c90404-1819,rudeljaeger__mit_pc,control,0,1,1,10,5,14,14,39,9,12,10,10,0,2
pc-31c90404-1819,urzeitliche_kolosse__ohne_pc,control,1,0,0,10,0,16,13,46,4,11,8,5,0,0
pc-82e6b932-1820,rudeljaeger__mit_pc,control,0,1,1,10,2,15,13,35,12,12,9,11,0,2
pc-82e6b932-1820,urzeitliche_kolosse__ohne_pc,control,1,0,0,10,-1,13,13,48,4,11,9,8,0,0
pc-09994875-1821,rudeljaeger__mit_pc,control,0,1,1,6,5,12,7,18,2,7,5,10,0,0
pc-09994875-1821,urzeitliche_kolosse__ohne_pc,control,1,0,0,6,0,11,7,21,0,6,3,5,0,1
pc-904bf7b7-1822,rudeljaeger__mit_pc,control,0,0,1,8,-2,11,9,27,3,8,5,7,0,0
pc-904bf7b7-1822,urzeitliche_kolosse__ohne_pc,control,1,1,0,8,3,13,8,32,4,7,4,12,0,0
pc-16fe86fa-1823,rudeljaeger__mit_pc,control,0,1,1,9,1,13,10,32,8,8,10,11,0,0
pc-16fe86fa-1823,urzeitliche_kolosse__ohne_pc,control,1,0,0,9,-1,13,12,41,0,11,5,9,0,0
pc-d3463050-1824,rudeljaeger__mit_pc,control,0,1,1,11,4,16,15,40,19,14,8,12,0,0
pc-d3463050-1824,urzeitliche_kolosse__ohne_pc,control,1,0,0,11,-2,16,14,47,13,12,11,6,0,3
pc-59f8df93-1825,rudeljaeger__mit_pc,control,0,1,1,5,7,8,7,15,0,7,1,10,0,0
pc-59f8df93-1825,urzeitliche_kolosse__ohne_pc,control,1,0,0,5,0,11,4,13,1,4,2,3,0,0
pc-e0ab6ed5-1826,rudeljaeger__mit_pc,control,0,1,1,7,6,12,8,25,1,7,4,15,0,0
pc-e0ab6ed5-1826,urzeitliche_kolosse__ohne_pc,control,1,0,0,7,-5,13,7,26,2,7,2,4,0,2
pc-675e1e18-1827,rudeljaeger__mit_pc,control,0,0,1,14,-1,19,18,53,42,16,12,7,0,0
pc-675e1e18-1827,urzeitliche_kolosse__ohne_pc,control,1,1,0,14,3,20,17,61,32,16,14,11,0,5
pc-b87bb346-1828,rudeljaeger__mit_pc,control,0,0,1,11,-2,16,14,37,19,13,10,8,0,0
pc-b87bb346-1828,urzeitliche_kolosse__ohne_pc,control,1,1,0,11,2,15,14,51,11,13,11,12,0,1
pc-3f2e4289-1829,rudeljaeger__mit_pc,control,0,1,1,6,1,11,9,16,2,8,5,12,0,0
pc-3f2e4289-1829,urzeitliche_kolosse__ohne_pc,control,1,0,0,6,-2,12,8,18,1,7,6,9,0,0
pc-c5e0f1cb-1830,rudeljaeger__mit_pc,control,0,1,1,4,10,8,4,9,0,4,0,10,0,0
pc-c5e0f1cb-1830,urzeitliche_kolosse__ohne_pc,control,1,0,0,4,0,9,2,7,3,2,1,0,0,0
pc-4c93810e-1831,rudeljaeger__mit_pc,control,0,1,1,11,5,15,15,40,19,13,8,10,0,0
pc-4c93810e-1831,urzeitliche_kolosse__ohne_pc,control,1,0,0,11,0,16,14,49,11,12,9,5,0,0
pc-32872214-1832,rudeljaeger__mit_pc,control,0,1,1,4,3,8,5,9,0,5,4,10,0,0
pc-32872214-1832,urzeitliche_kolosse__ohne_pc,control,1,0,0,4,0,7,4,7,0,4,4,7,0,0
pc-b939d156-1833,rudeljaeger__mit_pc,control,0,0,1,8,0,12,11,28,2,10,5,8,0,1
pc-b939d156-1833,urzeitliche_kolosse__ohne_pc,control,1,1,0,8,2,12,9,33,3,8,5,10,0,0
pc-3fec6099-1834,rudeljaeger__mit_pc,control,0,1,1,8,3,11,8,23,5,7,6,10,0,0
pc-3fec6099-1834,urzeitliche_kolosse__ohne_pc,control,1,0,0,8,0,12,9,34,2,8,3,7,0,0
pc-c69f0fdb-1835,rudeljaeger__mit_pc,control,0,1,1,9,6,14,13,37,3,11,5,11,0,0
pc-c69f0fdb-1835,urzeitliche_kolosse__ohne_pc,control,1,0,0,9,-1,13,9,40,3,7,7,4,0,3
pc-17bca50a-1836,rudeljaeger__mit_pc,control,0,0,1,8,-2,12,10,24,6,8,6,7,0,2
pc-17bca50a-1836,urzeitliche_kolosse__ohne_pc,control,1,1,0,8,3,14,9,36,0,8,4,12,0,0
pc-9e6f544c-1837,rudeljaeger__mit_pc,control,0,0,1,12,-1,18,13,42,26,12,9,7,0,1
pc-9e6f544c-1837,urzeitliche_kolosse__ohne_pc,control,1,1,0,12,3,17,15,53,17,13,8,11,0,0
pc-2521e38f-1838,rudeljaeger__mit_pc,control,0,1,1,3,10,8,3,6,0,3,0,10,0,0
pc-2521e38f-1838,urzeitliche_kolosse__ohne_pc,control,1,0,0,3,0,7,1,3,3,1,0,0,0,0
pc-abd492d1-1839,rudeljaeger__mit_pc,control,0,1,1,4,8,8,4,10,0,4,1,13,0,0
pc-abd492d1-1839,urzeitliche_kolosse__ohne_pc,control,1,0,0,4,-3,9,3,8,2,3,4,2,0,0
pc-681c3c28-1840,rudeljaeger__mit_pc,control,0,1,1,4,3,9,4,10,0,4,1,10,0,0
pc-681c3c28-1840,urzeitliche_kolosse__ohne_pc,control,1,0,0,4,0,9,4,10,0,4,2,7,0,0
pc-eececb6a-1841,rudeljaeger__mit_pc,control,0,1,1,6,1,10,7,20,1,6,5,10,0,0
pc-eececb6a-1841,urzeitliche_kolosse__ohne_pc,control,1,0,0,6,0,11,6,18,1,6,4,9,0,0
pc-75817aad-1842,rudeljaeger__mit_pc,control,0,1,1,5,10,9,7,15,0,6,2,11,0,0
pc-75817aad-1842,urzeitliche_kolosse__ohne_pc,control,1,0,0,5,-1,9,5,13,2,4,2,0,0,0
pc-fc3409ef-1843,rudeljaeger__mit_pc,control,0,1,1,6,10,10,9,17,1,7,3,11,0,0
pc-fc3409ef-1843,urzeitliche_kolosse__ohne_pc,control,1,0,0,6,-1,11,5,17,3,5,4,0,0,1
pc-4d51bf1e-1844,rudeljaeger__mit_pc,control,0,0,1,9,-2,13,12,31,10,10,4,6,0,0
pc-4d51bf1e-1844,urzeitliche_kolosse__ohne_pc,control,1,1,0,9,4,14,10,38,3,8,9,12,0,0
pc-d4044e60-1845,rudeljaeger__mit_pc,control,0,1,1,6,1,10,6,20,1,5,5,10,0,1
pc-d4044e60-1845,urzeitliche_kolosse__ohne_pc,control,1,0,0,6,0,12,5,18,1,5,1,9,0,1
pc-5ab6fda3-1846,rudeljaeger__mit_pc,control,0,1,1,7,2,13,11,24,0,10,4,11,0,0
pc-5ab6fda3-1846,urzeitliche_kolosse__ohne_pc,control,1,0,0,7,-1,11,7,26,2,7,6,8,0,0
pc-e1698ce5-1847,rudeljaeger__mit_pc,control,0,1,1,8,6,11,11,32,1,11,4,11,0,0
pc-e1698ce5-1847,urzeitliche_kolosse__ohne_pc,control,1,0,0,8,-1,14,7,32,3,7,7,4,0,0
pc-c75d2deb-1848,rudeljaeger__mit_pc,control,0,1,1,8,3,13,11,26,4,10,7,11,0,1
pc-c75d2deb-1848,urzeitliche_kolosse__ohne_pc,control,1,0,0,8,-1,11,8,30,5,8,7,7,0,0
pc-4e0fdd2e-1849,rudeljaeger__mit_pc,control,0,1,1,7,3,11,8,24,4,8,5,10,0,0
pc-4e0fdd2e-1849,urzeitliche_kolosse__ohne_pc,control,1,0,0,7,0,12,7,26,2,7,3,7,0,2
pc-ca486abc-1850,rudeljaeger__mit_pc,control,0,1,0,8,3,12,9,28,4,9,5,10,0,2
pc-ca486abc-1850,urzeitliche_kolosse__ohne_pc,control,1,0,1,8,0,11,8,32,4,8,5,7,0,0
pc-50fb19ff-1851,rudeljaeger__mit_pc,control,0,1,0,5,10,8,5,14,1,5,3,13,0,0
pc-50fb19ff-1851,urzeitliche_kolosse__ohne_pc,control,1,0,1,5,-3,9,6,13,2,5,3,0,0,0
pc-bce32c37-1852,rudeljaeger__mit_pc,control,0,1,0,7,4,11,10,19,5,8,2,11,0,0
pc-bce32c37-1852,urzeitliche_kolosse__ohne_pc,control,1,0,1,7,-1,13,6,24,4,6,4,6,0,0
pc-4395db7a-1853,rudeljaeger__mit_pc,control,0,1,0,8,1,13,12,32,1,11,7,14,0,0
pc-4395db7a-1853,urzeitliche_kolosse__ohne_pc,control,1,0,1,8,-4,14,9,29,4,8,8,9,0,2
pc-af7dedb2-1854,rudeljaeger__mit_pc,control,0,0,0,3,0,7,2,5,1,2,1,3,0,0
pc-af7dedb2-1854,urzeitliche_kolosse__ohne_pc,control,1,1,1,3,7,8,3,6,0,3,1,10,0,0
pc-36309cf5-1855,rudeljaeger__mit_pc,control,0,1,0,5,10,9,7,14,0,7,1,10,0,0
pc-36309cf5-1855,urzeitliche_kolosse__ohne_pc,control,1,0,1,5,0,10,4,11,4,4,3,0,0,0
pc-a218af2d-1856,rudeljaeger__mit_pc,control,0,1,0,7,8,11,7,23,1,6,5,10,0,0
pc-a218af2d-1856,urzeitliche_kolosse__ohne_pc,control,1,0,1,7,0,12,8,26,2,7,2,2,0,0
pc-28cb5e70-1857,rudeljaeger__mit_pc,control,0,0,0,9,-2,12,11,30,8,10,5,8,0,2
pc-28cb5e70-1857,urzeitliche_kolosse__ohne_pc,control,1,1,1,9,2,14,8,38,5,7,5,12,0,1
pc-ffdd64d0-1858,rudeljaeger__mit_pc,control,0,0,0,8,-3,12,11,29,6,9,5,9,0,0
pc-ffdd64d0-1858,urzeitliche_kolosse__ohne_pc,control,1,1,1,8,1,14,9,32,4,9,7,13,0,2
pc-86901413-1859,rudeljaeger__mit_pc,control,0,1,0,5,1,9,5,13,1,5,1,10,0,0
pc-86901413-1859,urzeitliche_kolosse__ohne_pc,control,1,0,1,5,0,9,5,13,2,5,1,9,0,0
pc-f278264b-1860,rudeljaeger__mit_pc,control,0,0,0,4,-1,7,5,9,1,4,0,8,0,0
pc-f278264b-1860,urzeitliche_kolosse__ohne_pc,control,1,1,1,4,2,8,4,10,0,3,3,11,0,0
pc-792ad58e-1861,rudeljaeger__mit_pc,control,0,0,0,7,-1,11,8,23,2,7,3,9,0,0
pc-792ad58e-1861,urzeitliche_kolosse__ohne_pc,control,1,1,1,7,1,12,7,23,5,7,3,11,0,0
pc-e512e7c6-1862,rudeljaeger__mit_pc,control,0,0,0,10,0,15,14,36,13,12,10,6,0,0
pc-e512e7c6-1862,urzeitliche_kolosse__ohne_pc,control,1,1,1,10,4,16,13,43,7,12,9,10,0,3
pc-6bc59709-1863,rudeljaeger__mit_pc,control,0,0,0,7,-4,11,8,24,4,8,1,7,0,0
pc-6bc59709-1863,urzeitliche_kolosse__ohne_pc,control,1,1,1,7,3,11,7,25,2,6,5,14,0,5
pc-d7ada941-1864,rudeljaeger__mit_pc,control,0,1,0,7,8,11,8,24,2,8,6,10,0,0
pc-d7ada941-1864,urzeitliche_kolosse__ohne_pc,control,1,0,1,7,0,12,9,27,1,7,4,2,0,0
pc-5e605884-1865,rudeljaeger__mit_pc,control,0,1,0,8,1,12,11,26,4,10,5,10,0,1
pc-5e605884-1865,urzeitliche_kolosse__ohne_pc,control,1,0,1,8,0,12,9,33,2,8,9,9,0,1
pc-5f1e7694-1866,rudeljaeger__mit_pc,control,0,1,0,7,1,11,9,25,2,9,7,11,0,0
pc-5f1e7694-1866,urzeitliche_kolosse__ohne_pc,control,1,0,1,7,-1,12,9,24,2,8,5,9,0,0
pc-e5d105d6-1867,rudeljaeger__mit_pc,control,0,0,0,13,-1,16,16,45,35,15,12,9,0,2
pc-e5d105d6-1867,urzeitliche_kolosse__ohne_pc,control,1,1,1,13,1,19,16,59,22,14,11,11,0,2
pc-51b9380f-1868,rudeljaeger__mit_pc,control,0,0,0,4,0,9,5,10,0,5,2,8,0,0
pc-51b9380f-1868,urzeitliche_kolosse__ohne_pc,control,1,1,1,4,2,10,4,10,0,4,1,10,0,0
pc-d86bc751-1869,rudeljaeger__mit_pc,control,0,1,0,12,1,16,16,46,21,14,12,11,0,1
pc-d86bc751-1869,urzeitliche_kolosse__ohne_pc,control,1,0,1,12,-1,17,15,52,17,14,11,9,0,3
pc-4453f98a-1870,rudeljaeger__mit_pc,control,0,1,0,12,2,18,16,40,27,15,10,11,0,2
pc-4453f98a-1870,urzeitliche_kolosse__ohne_pc,control,1,0,1,12,-1,16,15,56,17,14,13,8,0,3
pc-cb0688cc-1871,rudeljaeger__mit_pc,control,0,1,0,7,4,12,8,24,1,8,3,11,0,1
pc-cb0688cc-1871,urzeitliche_kolosse__ohne_pc,control,1,0,1,7,-1,13,6,22,6,6,6,6,0,0
pc-36eebb05-1872,rudeljaeger__mit_pc,control,0,1,0,10,5,15,13,38,8,12,8,11,0,0
pc-36eebb05-1872,urzeitliche_kolosse__ohne_pc,control,1,0,1,10,-1,15,13,38,8,11,9,5,0,3
pc-bda14a47-1873,rudeljaeger__mit_pc,control,0,0,0,9,0,14,13,33,8,12,5,6,0,0
pc-bda14a47-1873,urzeitliche_kolosse__ohne_pc,control,1,1,1,9,4,14,12,35,8,10,12,10,0,0
pc-94b370a8-1874,rudeljaeger__mit_pc,control,0,1,0,8,2,11,9,30,0,8,5,13,0,0
pc-94b370a8-1874,urzeitliche_kolosse__ohne_pc,control,1,0,1,8,-3,13,8,32,4,7,4,8,0,0
pc-1b661feb-1875,rudeljaeger__mit_pc,control,0,0,0,5,0,10,5,14,0,5,2,3,0,0
pc-1b661feb-1875,urzeitliche_kolosse__ohne_pc,control,1,1,1,5,7,10,6,14,1,6,4,10,0,0
pc-874e3223-1876,rudeljaeger__mit_pc,control,0,1,0,7,1,11,9,27,0,8,4,10,0,1
pc-874e3223-1876,urzeitliche_kolosse__ohne_pc,control,1,0,1,7,0,11,8,20,8,8,5,9,0,1
pc-0e00c166-1877,rudeljaeger__mit_pc,control,0,1,0,7,2,13,9,23,3,8,3,10,0,0
pc-0e00c166-1877,urzeitliche_kolosse__ohne_pc,control,1,0,1,7,0,12,9,20,3,7,5,8,0,0
pc-79e8f39e-1878,rudeljaeger__mit_pc,control,0,0,0,9,-4,14,12,32,7,11,6,8,0,0
pc-79e8f39e-1878,urzeitliche_kolosse__ohne_pc,control,1,1,1,9,2,14,12,38,2,10,8,14,0,1
pc-009b82e1-1879,rudeljaeger__mit_pc,control,0,1,0,5,4,9,6,12,0,6,2,12,0,0
pc-009b82e1-1879,urzeitliche_kolosse__ohne_pc,control,1,0,1,5,-2,9,5,13,1,4,4,6,0,0
pc-6c83b519-1880,rudeljaeger__mit_pc,control,0,1,0,3,8,7,4,6,0,4,1,11,0,0
pc-6c83b519-1880,urzeitliche_kolosse__ohne_pc,control,1,0,1,3,-1,8,3,6,0,2,2,2,0,0
pc-f336445b-1881,rudeljaeger__mit_pc,control,0,1,0,3,10,8,3,5,0,3,1,10,0,0
pc-f336445b-1881,urzeitliche_kolosse__ohne_pc,control,1,0,1,3,0,8,1,3,3,1,1,0,0,0
pc-f3f4626b-1882,rudeljaeger__mit_pc,control,0,1,0,5,4,9,5,15,0,4,0,11,0,0
pc-f3f4626b-1882,urzeitliche_kolosse__ohne_pc,control,1,0,1,5,-1,10,3,12,3,3,3,6,0,0
pc-7aa711ae-1883,rudeljaeger__mit_pc,control,0,1,0,5,10,9,5,12,0,5,2,12,0,0
pc-7aa711ae-1883,urzeitliche_kolosse__ohne_pc,control,1,0,1,5,-2,9,4,12,3,3,2,0,0,0
pc-e68f23e6-1884,rudeljaeger__mit_pc,control,0,1,0,8,9,14,10,27,4,9,4,11,0,1
pc-e68f23e6-1884,urzeitliche_kolosse__ohne_pc,control,1,0,1,8,-1,14,8,35,1,7,4,1,0,3
pc-6d41d329-1885,rudeljaeger__mit_pc,control,0,1,0,4,4,8,5,10,0,5,0,11,0,0
pc-6d41d329-1885,urzeitliche_kolosse__ohne_pc,control,1,0,1,4,-1,10,4,10,0,3,4,6,0,0
pc-d929e561-1886,rudeljaeger__mit_pc,control,0,1,0,7,4,11,8,25,2,8,3,13,0,0
pc-d929e561-1886,urzeitliche_kolosse__ohne_pc,control,1,0,1,7,-3,12,9,27,1,7,7,6,0,0
pc-5fdc94a4-1887,rudeljaeger__mit_pc,control,0,1,0,11,3,16,14,40,17,13,10,12,0,2
pc-5fdc94a4-1887,urzeitliche_kolosse__ohne_pc,control,1,0,1,11,-2,16,14,48,14,13,9,7,0,1
pc-cbc4a6dc-1888,rudeljaeger__mit_pc,control,0,0,0,5,-3,8,6,14,1,5,3,8,0,0
pc-cbc4a6dc-1888,urzeitliche_kolosse__ohne_pc,control,1,1,1,5,2,8,5,15,0,5,2,13,0,0
pc-5277561f-1889,rudeljaeger__mit_pc,control,0,1,0,4,10,7,5,10,0,4,3,11,0,0
pc-5277561f-1889,urzeitliche_kolosse__ohne_pc,control,1,0,1,4,-1,10,3,9,1,3,1,0,0,0
pc-29897c80-1890,rudeljaeger__mit_pc,control,0,1,0,8,8,12,11,26,4,9,5,12,0,0
pc-29897c80-1890,urzeitliche_kolosse__ohne_pc,control,1,0,1,8,-2,13,8,32,4,8,8,2,0,0
pc-b03c0bc2-1891,rudeljaeger__mit_pc,control,0,1,0,6,6,9,8,20,0,8,4,11,0,0
pc-b03c0bc2-1891,urzeitliche_kolosse__ohne_pc,control,1,0,1,6,-1,11,6,19,1,6,4,4,0,1
pc-1c243dfb-1892,rudeljaeger__mit_pc,control,0,1,0,8,3,13,10,26,4,10,4,10,0,2
pc-1c243dfb-1892,urzeitliche_kolosse__ohne_pc,control,1,0,1,8,0,12,8,32,4,8,5,7,0,0
pc-a2d6cd3d-1893,rudeljaeger__mit_pc,control,0,1,0,8,7,12,10,31,1,8,6,11,0,0
pc-a2d6cd3d-1893,urzeitliche_kolosse__ohne_pc,control,1,0,1,8,-1,14,8,30,5,7,3,3,0,1
pc-0ebeff76-1894,rudeljaeger__mit_pc,control,0,1,0,6,5,11,7,21,0,7,2,13,0,0
pc-0ebeff76-1894,urzeitliche_kolosse__ohne_pc,control,1,0,1,6,-3,11,7,20,1,6,4,5,0,0
pc-95718eb8-1895,rudeljaeger__mit_pc,control,0,1,0,5,5,10,4,14,1,4,1,10,0,0
pc-95718eb8-1895,urzeitliche_kolosse__ohne_pc,control,1,0,1,5,0,10,3,12,3,3,1,5,0,0
pc-0159a0f1-1896,rudeljaeger__mit_pc,control,0,1,0,7,5,12,10,26,0,9,8,11,0,0
pc-0159a0f1-1896,urzeitliche_kolosse__ohne_pc,control,1,0,1,7,-1,13,8,22,2,8,6,5,0,0
pc-880c5033-1897,rudeljaeger__mit_pc,control,0,1,0,4,5,9,4,10,0,4,1,11,0,0
pc-880c5033-1897,urzeitliche_kolosse__ohne_pc,control,1,0,1,4,-1,8,4,8,1,3,1,5,0,0
pc-88ca6e43-1898,rudeljaeger__mit_pc,control,0,1,0,9,4,12,12,33,7,11,7,11,0,0
pc-88ca6e43-1898,urzeitliche_kolosse__ohne_pc,control,1,0,1,9,-1,14,12,38,3,10,7,6,0,0
pc-0f7d1d86-1899,rudeljaeger__mit_pc,control,0,0,0,5,0,8,5,15,0,5,2,8,0,0
pc-0f7d1d86-1899,urzeitliche_kolosse__ohne_pc,control,1,1,1,5,2,10,5,15,0,5,4,10,0,0
pc-8d93e54f-1900,rudeljaeger__ohne_pc,control,0,1,1,9,5,13,12,31,7,11,6,11,0,0
pc-8d93e54f-1900,urzeitliche_kolosse__mit_pc,control,1,0,0,9,-1,14,10,34,9,9,9,5,0,0
pc-14469492-1901,rudeljaeger__ohne_pc,control,0,1,1,4,10,9,4,10,0,4,1,10,0,0
pc-14469492-1901,urzeitliche_kolosse__mit_pc,control,1,0,0,4,0,10,3,9,1,3,2,0,0,0
pc-802ea6ca-1902,rudeljaeger__ohne_pc,control,0,0,1,6,0,9,7,20,1,7,1,9,0,0
pc-802ea6ca-1902,urzeitliche_kolosse__mit_pc,control,1,1,0,6,1,11,5,18,3,5,5,10,0,0
pc-06e1560d-1903,rudeljaeger__ohne_pc,control,0,0,1,9,0,13,12,31,10,11,6,7,0,0
pc-06e1560d-1903,urzeitliche_kolosse__mit_pc,control,1,1,0,9,3,13,11,39,4,11,9,10,0,0
pc-a85e6259-1904,rudeljaeger__ohne_pc,control,0,0,1,7,0,10,10,26,1,8,2,6,0,0
pc-a85e6259-1904,urzeitliche_kolosse__mit_pc,control,1,1,0,7,4,13,7,26,1,6,6,10,0,0
pc-2f11119c-1905,rudeljaeger__ohne_pc,control,0,1,1,7,5,11,10,19,5,8,7,11,0,0
pc-2f11119c-1905,urzeitliche_kolosse__mit_pc,control,1,0,0,7,-1,11,9,27,0,9,4,5,0,0
pc-9af923d4-1906,rudeljaeger__ohne_pc,control,0,1,1,8,2,12,9,26,5,8,4,11,0,2
pc-9af923d4-1906,urzeitliche_kolosse__mit_pc,control,1,0,0,8,-1,13,7,30,6,6,4,8,0,0
pc-21abd317-1907,rudeljaeger__ohne_pc,control,0,1,1,4,10,8,4,9,0,4,0,10,0,0
pc-21abd317-1907,urzeitliche_kolosse__mit_pc,control,1,0,0,4,0,9,1,4,6,1,0,0,0,0
pc-c328ff63-1908,rudeljaeger__ohne_pc,control,0,1,1,4,10,8,5,8,0,5,1,10,0,0
pc-c328ff63-1908,urzeitliche_kolosse__mit_pc,control,1,0,0,4,0,10,2,7,3,2,1,0,0,0
pc-49db8ea6-1909,rudeljaeger__ohne_pc,control,0,1,1,6,4,10,8,17,1,7,2,11,0,0
pc-49db8ea6-1909,urzeitliche_kolosse__mit_pc,control,1,0,0,6,-1,11,6,19,1,6,6,6,0,0
pc-b5c3a0de-1910,rudeljaeger__ohne_pc,control,0,0,1,9,0,13,12,32,9,11,6,8,0,0
pc-b5c3a0de-1910,urzeitliche_kolosse__mit_pc,control,1,1,0,9,2,13,10,39,4,10,8,10,0,1
pc-3c765021-1911,rudeljaeger__ohne_pc,control,0,0,1,7,-4,11,10,23,3,9,5,9,0,0
pc-3c765021-1911,urzeitliche_kolosse__mit_pc,control,1,1,0,7,1,12,9,24,0,8,7,14,0,0
pc-ddf37c6d-1912,rudeljaeger__ohne_pc,control,0,1,1,7,1,11,9,24,3,9,2,10,0,0
pc-ddf37c6d-1912,urzeitliche_kolosse__mit_pc,control,1,0,0,7,0,11,7,27,1,6,7,9,0,2
pc-64a60bb0-1913,rudeljaeger__ohne_pc,control,0,1,1,8,3,13,11,32,1,10,5,10,0,0
pc-64a60bb0-1913,urzeitliche_kolosse__mit_pc,control,1,0,0,8,0,13,7,33,3,7,6,7,0,0
pc-d08e3de8-1914,rudeljaeger__ohne_pc,control,0,1,1,5,4,8,7,15,0,6,0,11,0,0
pc-d08e3de8-1914,urzeitliche_kolosse__mit_pc,control,1,0,0,5,-1,11,4,13,2,4,4,6,0,0
pc-5740cd2b-1915,rudeljaeger__ohne_pc,control,0,1,1,7,3,12,10,27,1,9,4,10,0,1
pc-5740cd2b-1915,urzeitliche_kolosse__mit_pc,control,1,0,0,7,0,13,7,27,1,6,7,7,0,0
pc-f8bdf977-1916,rudeljaeger__ohne_pc,control,0,1,1,5,6,9,4,14,1,4,2,11,0,0
pc-f8bdf977-1916,urzeitliche_kolosse__mit_pc,control,1,0,0,5,-1,9,5,13,1,5,3,4,0,0
pc-7f7088ba-1917,rudeljaeger__ohne_pc,control,0,0,1,12,-2,15,15,35,32,13,9,5,0,0
pc-7f7088ba-1917,urzeitliche_kolosse__mit_pc,control,1,1,0,12,5,17,15,57,14,14,12,12,0,3
pc-eb58baf2-1918,rudeljaeger__ohne_pc,control,0,1,1,5,8,9,7,13,0,6,2,10,0,0
pc-eb58baf2-1918,urzeitliche_kolosse__mit_pc,control,1,0,0,5,0,10,5,15,0,5,2,2,0,0
pc-720b4a35-1919,rudeljaeger__ohne_pc,control,0,0,1,12,-1,17,16,42,25,14,10,7,0,0
pc-720b4a35-1919,urzeitliche_kolosse__mit_pc,control,1,1,0,12,3,18,15,60,13,14,12,11,0,3
pc-13887682-1920,rudeljaeger__ohne_pc,control,0,1,1,11,2,18,15,38,19,14,9,11,0,0
pc-13887682-1920,urzeitliche_kolosse__mit_pc,control,1,0,0,11,-1,16,14,50,10,13,11,8,0,0
pc-9a3b05c4-1921,rudeljaeger__ohne_pc,control,0,1,1,4,7,9,4,10,0,4,0,13,0,0
pc-9a3b05c4-1921,urzeitliche_kolosse__mit_pc,control,1,0,0,4,-3,10,2,7,3,2,4,3,0,0
pc-062337fd-1922,rudeljaeger__ohne_pc,control,0,0,1,7,-1,11,11,23,4,10,4,6,0,0
pc-062337fd-1922,urzeitliche_kolosse__mit_pc,control,1,1,0,7,4,11,8,22,1,8,7,11,0,3
pc-8cd5c73f-1923,rudeljaeger__ohne_pc,control,0,1,1,7,5,11,9,26,1,9,3,10,0,0
pc-8cd5c73f-1923,urzeitliche_kolosse__mit_pc,control,1,0,0,7,0,11,7,24,3,7,7,5,0,1
pc-2e52f38c-1924,rudeljaeger__ohne_pc,control,0,1,1,7,10,11,10,20,5,8,4,11,0,0
pc-2e52f38c-1924,urzeitliche_kolosse__mit_pc,control,1,0,0,7,-1,11,7,24,4,7,6,0,0,2
pc-b50582ce-1925,rudeljaeger__ohne_pc,control,0,1,1,7,10,12,8,25,0,8,4,11,0,0
pc-b50582ce-1925,urzeitliche_kolosse__mit_pc,control,1,0,0,7,-1,13,6,23,5,6,3,0,0,0
pc-20edb507-1926,rudeljaeger__ohne_pc,control,0,0,1,13,-2,17,16,41,38,14,11,8,0,0
pc-20edb507-1926,urzeitliche_kolosse__mit_pc,control,1,1,0,13,2,17,16,60,23,15,13,12,0,0
pc-a7a04449-1927,rudeljaeger__ohne_pc,control,0,1,1,5,7,9,7,14,1,7,0,11,0,0
pc-a7a04449-1927,urzeitliche_kolosse__mit_pc,control,1,0,0,5,-1,10,4,12,3,4,4,3,0,0
pc-491d7096-1928,rudeljaeger__ohne_pc,control,0,1,1,9,3,13,11,28,8,10,6,10,0,0
pc-491d7096-1928,urzeitliche_kolosse__mit_pc,control,1,0,0,9,0,14,10,40,5,10,5,7,0,0
pc-cfd01fd8-1929,rudeljaeger__ohne_pc,control,0,1,1,7,3,12,8,26,2,8,4,11,0,2
pc-cfd01fd8-1929,urzeitliche_kolosse__mit_pc,control,1,0,0,7,-1,13,7,26,2,7,4,7,0,1
pc-3bb83211-1930,rudeljaeger__ohne_pc,control,0,0,1,10,0,14,13,35,14,11,4,6,0,1
pc-3bb83211-1930,urzeitliche_kolosse__mit_pc,control,1,1,0,10,4,15,9,36,19,9,8,10,0,0
pc-c26ac153-1931,rudeljaeger__ohne_pc,control,0,0,1,9,-3,12,12,32,9,10,5,9,0,0
pc-c26ac153-1931,urzeitliche_kolosse__mit_pc,control,1,1,0,9,1,12,9,37,3,9,7,13,0,1
pc-b73ffcfe-1932,rudeljaeger__ohne_pc,control,0,0,1,9,-2,15,13,36,7,12,5,5,0,2
pc-b73ffcfe-1932,urzeitliche_kolosse__mit_pc,control,1,1,0,9,5,14,9,41,4,9,8,12,0,0
pc-3df28c41-1933,rudeljaeger__ohne_pc,control,0,1,1,6,6,10,5,16,2,5,4,10,0,0
pc-3df28c41-1933,urzeitliche_kolosse__mit_pc,control,1,0,0,6,0,10,6,18,3,6,2,4,0,1
pc-a9dabe79-1934,rudeljaeger__ohne_pc,control,0,1,1,8,2,11,9,25,5,9,6,11,0,1
pc-a9dabe79-1934,urzeitliche_kolosse__mit_pc,control,1,0,0,8,-1,13,8,32,4,8,8,8,0,0
pc-308d4dbc-1935,rudeljaeger__ohne_pc,control,0,1,1,4,7,8,3,9,1,3,0,12,0,0
pc-308d4dbc-1935,urzeitliche_kolosse__mit_pc,control,1,0,0,4,-2,11,2,7,3,2,0,3,0,0
pc-d20a7a08-1936,rudeljaeger__ohne_pc,control,0,1,1,7,4,12,10,24,2,9,4,13,0,2
pc-d20a7a08-1936,urzeitliche_kolosse__mit_pc,control,1,0,0,7,-3,14,6,25,3,6,6,6,0,0
pc-58bd094b-1937,rudeljaeger__ohne_pc,control,0,0,1,10,-4,15,13,33,15,12,6,9,0,0
pc-58bd094b-1937,urzeitliche_kolosse__mit_pc,control,1,1,0,10,1,16,12,46,8,11,10,14,0,2
pc-c4a53b83-1938,rudeljaeger__ohne_pc,control,0,0,1,10,0,14,13,30,16,12,6,9,0,0
pc-c4a53b83-1938,urzeitliche_kolosse__mit_pc,control,1,1,0,10,1,16,11,49,4,11,10,10,0,1
pc-4b57cac6-1939,rudeljaeger__ohne_pc,control,0,0,1,9,-1,13,12,30,7,11,3,9,0,0
pc-4b57cac6-1939,urzeitliche_kolosse__mit_pc,control,1,1,0,9,1,15,7,38,5,7,9,11,0,0
pc-ecd4f712-1940,rudeljaeger__ohne_pc,control,0,1,1,3,6,7,4,6,0,4,0,10,0,0
pc-ecd4f712-1940,urzeitliche_kolosse__mit_pc,control,1,0,0,3,0,10,2,4,2,2,1,4,0,0
pc-73878655-1941,rudeljaeger__ohne_pc,control,0,0,1,8,-4,13,11,26,5,9,5,8,0,0
pc-73878655-1941,urzeitliche_kolosse__mit_pc,control,1,1,0,8,2,14,9,33,3,9,7,14,0,2
pc-df6fb88d-1942,rudeljaeger__ohne_pc,control,0,0,1,9,-2,13,12,30,10,10,3,6,0,1
pc-df6fb88d-1942,urzeitliche_kolosse__mit_pc,control,1,1,0,9,4,15,9,33,3,8,9,12,0,2
pc-662247d0-1943,rudeljaeger__ohne_pc,control,0,1,1,4,10,8,4,10,0,4,2,12,0,0
pc-662247d0-1943,urzeitliche_kolosse__mit_pc,control,1,0,0,4,-2,8,3,8,1,3,2,0,0,0
pc-079f741d-1944,rudeljaeger__ohne_pc,control,0,1,1,4,5,8,5,10,0,5,2,10,0,0
pc-079f741d-1944,urzeitliche_kolosse__mit_pc,control,1,0,0,4,0,10,4,10,0,4,2,5,0,0
pc-8e52035f-1945,rudeljaeger__ohne_pc,control,0,0,1,11,0,16,15,37,19,14,11,9,0,0
pc-8e52035f-1945,urzeitliche_kolosse__mit_pc,control,1,1,0,11,1,17,14,50,10,14,11,10,0,0
pc-fa3a3597-1946,rudeljaeger__ohne_pc,control,0,1,1,8,2,14,10,30,3,9,7,10,0,0
pc-fa3a3597-1946,urzeitliche_kolosse__mit_pc,control,1,0,0,8,0,13,10,32,3,9,6,8,0,0
pc-80ecc4da-1947,rudeljaeger__ohne_pc,control,0,1,1,4,10,8,5,10,0,4,1,10,0,0
pc-80ecc4da-1947,urzeitliche_kolosse__mit_pc,control,1,0,0,4,0,10,2,7,3,2,3,0,0,0
pc-2269f127-1948,rudeljaeger__ohne_pc,control,0,1,1,7,3,11,10,21,4,10,4,10,0,0
pc-2269f127-1948,urzeitliche_kolosse__mit_pc,control,1,0,0,7,0,12,7,27,1,7,10,7,0,0
pc-a91c8069-1949,rudeljaeger__ohne_pc,control,0,0,1,5,-1,9,5,13,2,4,4,9,0,0
pc-a91c8069-1949,urzeitliche_kolosse__mit_pc,control,1,1,0,5,1,10,6,14,1,5,3,11,0,0
pc-a301367d-1950,rudeljaeger__ohne_pc,control,0,1,0,5,6,8,4,14,1,4,2,12,0,0
pc-a301367d-1950,urzeitliche_kolosse__mit_pc,control,1,0,1,5,-2,10,4,12,3,4,3,4,0,0
pc-29b3c5c0-1951,rudeljaeger__ohne_pc,control,0,1,0,9,2,13,12,31,8,11,9,12,0,0
pc-29b3c5c0-1951,urzeitliche_kolosse__mit_pc,control,1,0,1,9,-2,15,11,36,5,10,12,8,0,0
pc-b0667502-1952,rudeljaeger__ohne_pc,control,0,1,0,6,3,10,9,18,1,7,2,12,0,0
pc-b0667502-1952,urzeitliche_kolosse__mit_pc,control,1,0,1,6,-2,10,6,16,3,6,3,7,0,0
pc-37190445-1953,rudeljaeger__ohne_pc,control,0,0,0,11,-3,16,14,35,23,13,8,8,0,0
pc-37190445-1953,urzeitliche_kolosse__mit_pc,control,1,1,1,11,2,18,14,58,4,13,11,13,0,1
pc-8836b973-1954,rudeljaeger__ohne_pc,control,0,0,0,11,-3,15,14,36,20,12,10,8,0,0
pc-8836b973-1954,urzeitliche_kolosse__mit_pc,control,1,1,1,11,2,15,14,54,11,14,10,13,0,1
pc-0ee948b6-1955,rudeljaeger__ohne_pc,control,0,1,0,4,1,8,4,9,1,4,1,10,0,0
pc-0ee948b6-1955,urzeitliche_kolosse__mit_pc,control,1,0,1,4,0,9,4,10,0,3,1,9,0,0
pc-959bf7f8-1956,rudeljaeger__ohne_pc,control,0,1,0,6,7,11,8,20,1,7,3,10,0,0
pc-959bf7f8-1956,urzeitliche_kolosse__mit_pc,control,1,0,1,6,0,12,5,18,3,5,4,3,0,0
pc-1c4e873b-1957,rudeljaeger__ohne_pc,control,0,0,0,9,0,15,13,34,7,11,4,5,0,1
pc-1c4e873b-1957,urzeitliche_kolosse__mit_pc,control,1,1,1,9,5,15,8,34,2,8,12,10,0,0
pc-d8963091-1958,rudeljaeger__ohne_pc,control,0,1,0,8,6,13,11,26,9,11,3,10,0,0
pc-d8963091-1958,urzeitliche_kolosse__mit_pc,control,1,0,1,8,0,14,7,31,4,7,8,4,0,3
pc-5f48dfd4-1959,rudeljaeger__ohne_pc,control,0,0,0,10,-2,15,14,38,9,13,7,9,0,1
pc-5f48dfd4-1959,urzeitliche_kolosse__mit_pc,control,1,1,1,10,1,16,12,46,9,12,10,12,0,0
pc-e5fb6f16-1960,rudeljaeger__ohne_pc,control,0,0,0,6,0,12,8,19,1,7,3,8,0,0
pc-e5fb6f16-1960,urzeitliche_kolosse__mit_pc,control,1,1,1,6,2,11,6,19,2,6,5,10,0,0
pc-6cae1e59-1961,rudeljaeger__ohne_pc,control,0,1,0,7,4,12,10,24,2,9,5,10,0,1
pc-6cae1e59-1961,urzeitliche_kolosse__mit_pc,control,1,0,1,7,0,13,7,24,4,7,7,6,0,0
pc-bdcbb387-1962,rudeljaeger__ohne_pc,control,0,0,0,9,0,14,13,29,10,11,3,6,0,0
pc-bdcbb387-1962,urzeitliche_kolosse__mit_pc,control,1,1,1,9,4,14,9,35,3,8,12,10,0,2
pc-447e42ca-1963,rudeljaeger__ohne_pc,control,0,0,0,9,-1,12,12,27,12,11,5,4,0,0
pc-447e42ca-1963,urzeitliche_kolosse__mit_pc,control,1,1,1,9,6,15,9,32,12,9,11,11,0,3
pc-cb30f20c-1964,rudeljaeger__ohne_pc,control,0,0,0,10,0,16,14,35,12,12,6,6,0,0
pc-cb30f20c-1964,urzeitliche_kolosse__mit_pc,control,1,1,1,10,4,15,11,43,5,11,8,10,0,0
pc-51e3814f-1965,rudeljaeger__ohne_pc,control,0,0,0,9,0,14,13,34,8,12,4,8,0,0
pc-51e3814f-1965,urzeitliche_kolosse__mit_pc,control,1,1,1,9,2,15,10,40,3,9,9,10,0,2
pc-0e2b2aa6-1966,rudeljaeger__ohne_pc,control,0,0,0,5,-1,9,5,14,1,5,2,6,0,0
pc-0e2b2aa6-1966,urzeitliche_kolosse__mit_pc,control,1,1,1,5,4,12,4,13,2,4,4,11,0,0
pc-94ddd9e8-1967,rudeljaeger__ohne_pc,control,0,0,0,9,-2,13,13,31,7,11,5,8,0,0
pc-94ddd9e8-1967,urzeitliche_kolosse__mit_pc,control,1,1,1,9,2,15,9,37,6,8,10,12,0,1
pc-1b90692b-1968,rudeljaeger__ohne_pc,control,0,1,0,5,5,11,4,14,1,4,1,11,0,0
pc-1b90692b-1968,urzeitliche_kolosse__mit_pc,control,1,0,1,5,-1,10,5,12,1,4,1,5,0,0
pc-a243186d-1969,rudeljaeger__ohne_pc,control,0,0,0,10,-5,15,13,34,14,12,7,9,0,1
pc-a243186d-1969,urzeitliche_kolosse__mit_pc,control,1,1,1,10,1,14,11,46,4,10,8,15,0,0
pc-f360ad9b-1970,rudeljaeger__ohne_pc,control,0,1,0,4,3,9,4,10,0,4,2,11,0,0
pc-f360ad9b-1970,urzeitliche_kolosse__mit_pc,control,1,0,1,4,-1,9,4,8,0,3,2,7,0,0
pc-7a135cde-1971,rudeljaeger__ohne_pc,control,0,1,0,7,10,11,9,24,2,9,4,10,0,0
pc-7a135cde-1971,urzeitliche_kolosse__mit_pc,control,1,0,1,7,0,13,7,24,2,7,6,0,0,0
pc-00c5ec21-1972,rudeljaeger__ohne_pc,control,0,0,0,9,-3,14,12,29,8,11,4,6,0,1
pc-00c5ec21-1972,urzeitliche_kolosse__mit_pc,control,1,1,1,9,4,13,9,41,3,9,8,13,0,2
pc-87789b63-1973,rudeljaeger__ohne_pc,control,0,1,0,5,7,8,7,15,0,6,2,10,0,0
pc-87789b63-1973,urzeitliche_kolosse__mit_pc,control,1,0,1,5,0,10,4,13,2,4,3,3,0,0
pc-43c024ba-1974,rudeljaeger__ohne_pc,control,0,0,0,9,-4,13,12,27,13,10,7,8,0,0
pc-43c024ba-1974,urzeitliche_kolosse__mit_pc,control,1,1,1,9,2,14,11,41,2,11,11,14,0,2
pc-ca72d3fc-1975,rudeljaeger__ohne_pc,control,0,0,0,6,-2,9,8,21,0,8,3,7,0,0
pc-ca72d3fc-1975,urzeitliche_kolosse__mit_pc,control,1,1,1,6,3,11,6,18,2,6,5,12,0,0
pc-5125633f-1976,rudeljaeger__ohne_pc,control,0,0,0,11,0,15,14,43,16,13,6,5,0,1
pc-5125633f-1976,urzeitliche_kolosse__mit_pc,control,1,1,1,11,5,15,12,47,8,11,13,10,0,1
pc-d7d81281-1977,rudeljaeger__ohne_pc,control,0,0,0,6,0,10,6,15,0,6,3,6,0,0
pc-d7d81281-1977,urzeitliche_kolosse__mit_pc,control,1,1,1,6,4,12,4,13,2,4,2,10,0,0
pc-28f5a7b0-1978,rudeljaeger__ohne_pc,control,0,0,0,5,0,9,6,14,1,6,0,5,0,0
pc-28f5a7b0-1978,urzeitliche_kolosse__mit_pc,control,1,1,1,5,5,11,5,13,2,5,4,10,0,0
pc-afa856f2-1979,rudeljaeger__ohne_pc,control,0,1,0,6,1,10,7,21,0,6,2,13,0,0
pc-afa856f2-1979,urzeitliche_kolosse__mit_pc,control,1,0,1,6,-3,10,6,19,2,5,5,9,0,1
pc-365ae635-1980,rudeljaeger__ohne_pc,control,0,0,0,6,-1,10,7,19,2,6,2,9,0,0
pc-365ae635-1980,urzeitliche_kolosse__mit_pc,control,1,1,1,6,1,12,6,18,2,6,4,11,0,1
pc-bd0d9577-1981,rudeljaeger__ohne_pc,control,0,1,0,5,1,10,7,13,0,6,1,11,0,0
pc-bd0d9577-1981,urzeitliche_kolosse__mit_pc,control,1,0,1,5,-1,10,4,14,1,4,4,9,0,0
pc-ccad2e2c-1982,rudeljaeger__ohne_pc,control,0,0,0,6,0,12,7,19,2,6,2,6,0,0
pc-ccad2e2c-1982,urzeitliche_kolosse__mit_pc,control,1,1,1,6,4,11,6,21,0,6,2,10,0,1
pc-535fdd6f-1983,rudeljaeger__ohne_pc,control,0,0,0,8,0,12,10,27,6,8,4,6,0,0
pc-535fdd6f-1983,urzeitliche_kolosse__mit_pc,control,1,1,1,8,4,13,7,31,2,7,4,10,0,0
pc-da126cb1-1984,rudeljaeger__ohne_pc,control,0,1,0,5,10,8,6,13,0,6,2,10,0,0
pc-da126cb1-1984,urzeitliche_kolosse__mit_pc,control,1,0,1,5,0,10,4,13,1,4,2,0,0,0
pc-60c51bf4-1985,rudeljaeger__ohne_pc,control,0,0,0,13,0,16,16,42,37,15,10,7,0,1
pc-60c51bf4-1985,urzeitliche_kolosse__mit_pc,control,1,1,1,13,3,18,15,60,22,14,14,10,0,2
pc-b1e2b122-1986,rudeljaeger__ohne_pc,control,0,0,0,8,0,12,11,26,6,9,3,7,0,0
pc-b1e2b122-1986,urzeitliche_kolosse__mit_pc,control,1,1,1,8,3,14,9,32,3,8,8,10,0,0
pc-38954065-1987,rudeljaeger__ohne_pc,control,0,1,0,5,10,9,4,14,1,4,1,10,0,0
pc-38954065-1987,urzeitliche_kolosse__mit_pc,control,1,0,1,5,0,11,3,12,3,3,2,0,0,0
pc-bf47efa7-1988,rudeljaeger__ohne_pc,control,0,0,0,6,0,10,8,20,1,8,1,5,0,0
pc-bf47efa7-1988,urzeitliche_kolosse__mit_pc,control,1,1,1,6,5,11,6,19,2,6,6,10,0,0
pc-45fa9eea-1989,rudeljaeger__ohne_pc,control,0,1,0,5,3,8,4,13,2,4,1,10,0,0
pc-45fa9eea-1989,urzeitliche_kolosse__mit_pc,control,1,0,1,5,0,9,4,13,1,4,2,7,0,0
pc-02422841-1990,rudeljaeger__ohne_pc,control,0,1,0,9,4,13,12,34,4,11,6,12,0,1
pc-02422841-1990,urzeitliche_kolosse__mit_pc,control,1,0,1,9,-2,13,10,43,2,9,9,6,0,3
pc-88f4d783-1991,rudeljaeger__ohne_pc,control,0,0,0,8,0,12,12,29,3,10,6,7,0,1
pc-88f4d783-1991,urzeitliche_kolosse__mit_pc,control,1,1,1,8,3,13,8,31,5,8,10,10,0,0
pc-0fa766c6-1992,rudeljaeger__ohne_pc,control,0,1,0,7,1,11,9,27,1,9,4,12,0,1
pc-0fa766c6-1992,urzeitliche_kolosse__mit_pc,control,1,0,1,7,-2,13,8,26,2,7,6,9,0,0
pc-965a1608-1993,rudeljaeger__ohne_pc,control,0,1,0,9,3,14,12,31,9,12,8,11,0,0
pc-965a1608-1993,urzeitliche_kolosse__mit_pc,control,1,0,1,9,-1,14,12,39,1,11,8,7,0,0
pc-e777ab36-1994,rudeljaeger__ohne_pc,control,0,1,0,8,3,12,11,28,2,11,7,12,0,0
pc-e777ab36-1994,urzeitliche_kolosse__mit_pc,control,1,0,1,8,-2,14,10,32,4,9,8,7,0,0
pc-6e2a5a79-1995,rudeljaeger__ohne_pc,control,0,0,0,8,0,13,12,30,5,10,5,7,0,0
pc-6e2a5a79-1995,urzeitliche_kolosse__mit_pc,control,1,1,1,8,3,13,11,30,2,10,9,10,0,0
pc-f4dce9bb-1996,rudeljaeger__ohne_pc,control,0,1,0,5,3,9,6,13,2,5,3,11,0,0
pc-f4dce9bb-1996,urzeitliche_kolosse__mit_pc,control,1,0,1,5,-1,10,5,15,0,5,5,7,0,0
pc-7b8f98fe-1997,rudeljaeger__ohne_pc,control,0,1,0,5,7,9,5,14,1,5,0,10,0,0
pc-7b8f98fe-1997,urzeitliche_kolosse__mit_pc,control,1,0,1,5,0,10,3,12,3,3,3,3,0,0
pc-37d72255-1998,rudeljaeger__ohne_pc,control,0,0,0,6,0,9,9,18,0,7,3,4,0,0
pc-37d72255-1998,urzeitliche_kolosse__mit_pc,control,1,1,1,6,6,10,6,17,3,6,6,10,0,0
pc-be89d197-1999,rudeljaeger__ohne_pc,control,0,1,0,3,10,6,4,6,0,4,1,10,0,0
pc-be89d197-1999,urzeitliche_kolosse__mit_pc,control,1,0,1,3,0,8,2,5,1,2,1,0,0,0
pc-9e34cd9c-2000,solidaritaet_ueberleben__ohne_pc,control,0,0,1,9,0,15,12,36,4,11,5,4,1,0
pc-9e34cd9c-2000,urzeitliche_kolosse__ohne_pc,control,1,1,0,9,6,15,9,32,11,9,10,10,0,3
pc-17823e5a-2001,solidaritaet_ueberleben__ohne_pc,control,0,1,1,8,3,13,7,24,8,7,5,15,0,0
pc-17823e5a-2001,urzeitliche_kolosse__ohne_pc,control,1,0,0,8,-5,12,9,32,3,7,4,7,0,0
pc-ab9a0c21-2002,solidaritaet_ueberleben__ohne_pc,control,0,0,1,9,0,13,11,38,7,10,4,5,0,0
pc-ab9a0c21-2002,urzeitliche_kolosse__ohne_pc,control,1,1,0,9,5,14,10,41,4,8,5,10,0,0
pc-24e77cdf-2003,solidaritaet_ueberleben__ohne_pc,control,0,1,1,8,1,11,10,33,3,9,4,10,0,0
pc-24e77cdf-2003,urzeitliche_kolosse__ohne_pc,control,1,0,0,8,0,14,8,34,2,8,5,9,0,0
pc-836a5092-2004,solidaritaet_ueberleben__ohne_pc,control,0,0,1,9,-3,12,12,34,5,12,7,3,0,0
pc-836a5092-2004,urzeitliche_kolosse__ohne_pc,control,1,1,0,9,7,13,12,41,2,11,9,13,0,0
pc-fcb7a14f-2005,solidaritaet_ueberleben__ohne_pc,control,0,1,1,7,3,13,9,28,0,9,3,10,0,0
pc-fcb7a14f-2005,urzeitliche_kolosse__ohne_pc,control,1,0,0,7,0,12,6,25,3,6,6,7,0,0
pc-90cf8f17-2006,solidaritaet_ueberleben__ohne_pc,control,0,0,1,9,-1,13,11,32,4,10,3,3,0,0
pc-90cf8f17-2006,urzeitliche_kolosse__ohne_pc,control,1,1,0,9,7,14,7,27,9,6,6,11,0,2
pc-0a1cffd5-2007,solidaritaet_ueberleben__ohne_pc,control,0,0,1,10,-2,14,13,40,15,12,4,2,0,0
pc-0a1cffd5-2007,urzeitliche_kolosse__ohne_pc,control,1,1,0,10,8,14,10,40,15,9,11,12,0,0
pc-689fd388-2008,solidaritaet_ueberleben__ohne_pc,control,0,0,1,13,0,18,13,47,33,12,10,9,0,0
pc-689fd388-2008,urzeitliche_kolosse__ohne_pc,control,1,1,0,13,1,18,16,58,26,14,11,10,0,1
pc-e1ed2445-2009,solidaritaet_ueberleben__ohne_pc,control,0,0,1,9,-1,14,11,38,2,10,3,6,0,0
pc-e1ed2445-2009,urzeitliche_kolosse__ohne_pc,control,1,1,0,9,4,15,9,38,4,8,8,11,0,0
pc-7605120d-2010,solidaritaet_ueberleben__ohne_pc,control,0,0,1,5,-1,9,5,15,0,4,2,0,0,0
pc-7605120d-2010,urzeitliche_kolosse__ohne_pc,control,1,1,0,5,10,9,6,15,0,5,2,11,0,0
pc-ef5262ca-2011,solidaritaet_ueberleben__ohne_pc,control,0,1,1,8,4,13,8,32,1,8,3,12,0,0
pc-ef5262ca-2011,urzeitliche_kolosse__ohne_pc,control,1,0,0,8,-2,13,9,33,3,8,5,6,0,0
pc-4dd5567e-2012,solidaritaet_ueberleben__ohne_pc,control,0,1,1,7,7,12,9,25,0,9,1,10,1,0
pc-4dd5567e-2012,urzeitliche_kolosse__ohne_pc,control,1,0,0,7,0,12,6,23,5,5,4,3,0,1
pc-c722a73b-2013,solidaritaet_ueberleben__ohne_pc,control,0,0,1,9,0,16,11,30,11,10,3,5,0,0
pc-c722a73b-2013,urzeitliche_kolosse__ohne_pc,control,1,1,0,9,5,14,9,37,3,8,8,10,0,4
pc-5b3a9503-2014,solidaritaet_ueberleben__ohne_pc,control,0,1,1,9,3,14,11,38,6,10,4,11,0,0
pc-5b3a9503-2014,urzeitliche_kolosse__ohne_pc,control,1,0,0,9,-1,14,9,40,5,8,5,7,0,1
pc-d487e5c0-2015,solidaritaet_ueberleben__ohne_pc,control,0,1,1,9,5,13,9,34,8,9,8,13,0,0
pc-d487e5c0-2015,urzeitliche_kolosse__ohne_pc,control,1,0,0,9,-3,14,12,34,8,11,4,5,0,0
pc-095ec1c5-2016,solidaritaet_ueberleben__ohne_pc,control,0,0,1,5,0,10,4,13,2,4,0,2,0,0
pc-095ec1c5-2016,urzeitliche_kolosse__ohne_pc,control,1,1,0,5,8,11,5,12,3,4,0,10,0,0
pc-82ac3282-2017,solidaritaet_ueberleben__ohne_pc,control,0,0,1,14,-1,20,18,59,34,17,11,8,0,0
pc-82ac3282-2017,urzeitliche_kolosse__ohne_pc,control,1,1,0,14,2,18,17,66,29,15,14,11,0,2
pc-16c4004a-2018,solidaritaet_ueberleben__ohne_pc,control,0,1,1,7,5,14,8,26,1,8,2,11,0,0
pc-16c4004a-2018,urzeitliche_kolosse__ohne_pc,control,1,0,0,7,-1,10,6,22,3,6,4,5,0,2
pc-90117107-2019,solidaritaet_ueberleben__ohne_pc,control,0,1,1,12,1,17,14,47,21,14,9,13,0,0
pc-90117107-2019,urzeitliche_kolosse__ohne_pc,control,1,0,0,12,-3,17,15,50,17,14,12,9,0,3
pc-ee9444ba-2020,solidaritaet_ueberleben__ohne_pc,control,0,1,1,11,2,16,14,45,15,13,6,12,0,0
pc-ee9444ba-2020,urzeitliche_kolosse__ohne_pc,control,1,0,0,11,-2,16,13,49,15,11,8,8,0,2
pc-67e1b578-2021,solidaritaet_ueberleben__ohne_pc,control,0,1,1,8,5,13,9,30,1,9,4,11,0,0
pc-67e1b578-2021,urzeitliche_kolosse__ohne_pc,control,1,0,0,8,-1,13,9,26,3,8,4,5,0,0
pc-fbf9833f-2022,solidaritaet_ueberleben__ohne_pc,control,0,1,1,10,2,15,11,35,10,10,4,14,0,0
pc-fbf9833f-2022,urzeitliche_kolosse__ohne_pc,control,1,0,0,10,-4,16,10,35,19,8,5,8,0,2
pc-7546f3fd-2023,solidaritaet_ueberleben__ohne_pc,control,0,0,1,7,-3,11,6,20,5,6,3,3,0,0
pc-7546f3fd-2023,urzeitliche_kolosse__ohne_pc,control,1,1,0,7,7,12,7,26,2,7,5,13,0,1
pc-d3c9c7b0-2024,solidaritaet_ueberleben__ohne_pc,control,0,1,1,11,5,17,15,45,12,14,6,11,0,0
pc-d3c9c7b0-2024,urzeitliche_kolosse__ohne_pc,control,1,0,0,11,-1,16,12,48,16,11,11,5,0,0
pc-4d17386e-2025,solidaritaet_ueberleben__ohne_pc,control,0,0,1,11,0,17,13,38,22,13,7,5,0,0
pc-4d17386e-2025,urzeitliche_kolosse__ohne_pc,control,1,1,0,11,5,15,12,50,10,10,10,10,0,0
pc-e12f0635-2026,solidaritaet_ueberleben__ohne_pc,control,0,0,1,7,0,12,8,27,1,7,2,5,0,0
pc-e12f0635-2026,urzeitliche_kolosse__ohne_pc,control,1,1,0,7,5,12,8,24,2,7,4,10,0,1
pc-5a7c76f3-2027,solidaritaet_ueberleben__ohne_pc,control,0,0,1,7,0,12,8,22,2,8,2,8,0,0
pc-5a7c76f3-2027,urzeitliche_kolosse__ohne_pc,control,1,1,0,7,2,13,7,23,1,6,4,10,0,1
pc-b8ff4aa6-2028,solidaritaet_ueberleben__ohne_pc,control,0,0,1,9,-2,15,10,32,4,10,3,2,0,0
pc-b8ff4aa6-2028,urzeitliche_kolosse__ohne_pc,control,1,1,0,9,8,14,8,34,2,7,6,12,0,2
pc-324cbb64-2029,solidaritaet_ueberleben__ohne_pc,control,0,0,1,8,0,13,9,29,2,9,3,7,0,0
pc-324cbb64-2029,urzeitliche_kolosse__ohne_pc,control,1,1,0,8,3,13,8,33,3,7,4,10,0,0
pc-c664892b-2030,solidaritaet_ueberleben__ohne_pc,control,0,0,1,9,-3,14,10,40,4,10,4,2,0,0
pc-c664892b-2030,urzeitliche_kolosse__ohne_pc,control,1,1,0,9,8,13,10,37,1,9,6,13,0,1
pc-3fb1f9e9-2031,solidaritaet_ueberleben__ohne_pc,control,0,1,1,9,4,15,8,28,11,8,3,13,0,0
pc-3fb1f9e9-2031,urzeitliche_kolosse__ohne_pc,control,1,0,0,9,-3,14,9,27,14,8,4,6,0,0
pc-7488d5ed-2032,solidaritaet_ueberleben__ohne_pc,control,0,0,1,8,-1,14,10,30,2,9,3,4,0,0
pc-7488d5ed-2032,urzeitliche_kolosse__ohne_pc,control,1,1,0,8,6,11,9,31,5,8,5,11,0,0
pc-edd626aa-2033,solidaritaet_ueberleben__ohne_pc,control,0,0,1,5,-1,11,5,14,1,5,1,4,0,0
pc-edd626aa-2033,urzeitliche_kolosse__ohne_pc,control,1,1,0,5,6,9,4,14,1,4,2,11,0,0
pc-81ee1472-2034,solidaritaet_ueberleben__ohne_pc,control,0,1,1,8,6,14,8,28,2,8,6,11,0,0
pc-81ee1472-2034,urzeitliche_kolosse__ohne_pc,control,1,0,0,8,-1,13,9,33,3,9,4,4,0,1
pc-fb3b652f-2035,solidaritaet_ueberleben__ohne_pc,control,0,0,1,13,-1,18,15,50,28,14,9,8,0,0
pc-fb3b652f-2035,urzeitliche_kolosse__ohne_pc,control,1,1,0,13,2,19,15,51,27,13,11,11,0,3
pc-59be58e3-2036,solidaritaet_ueberleben__ohne_pc,control,0,1,1,7,4,14,6,24,2,5,3,11,0,0
pc-59be58e3-2036,urzeitliche_kolosse__ohne_pc,control,1,0,0,7,-1,12,8,26,2,7,1,6,0,0
pc-d30ba9a0-2037,solidaritaet_ueberleben__ohne_pc,control,0,1,1,10,2,15,14,44,8,13,7,10,0,0
pc-d30ba9a0-2037,urzeitliche_kolosse__ohne_pc,control,1,0,0,10,0,16,9,38,9,8,11,8,0,1
pc-67239768-2038,solidaritaet_ueberleben__ohne_pc,control,0,0,1,6,-1,9,7,19,1,7,1,3,0,0
pc-67239768-2038,urzeitliche_kolosse__ohne_pc,control,1,1,0,6,7,11,6,19,2,6,3,11,0,1
pc-e070e825-2039,solidaritaet_ueberleben__ohne_pc,control,0,0,1,12,-1,17,15,42,28,15,6,3,0,0
pc-e070e825-2039,urzeitliche_kolosse__ohne_pc,control,1,1,0,12,7,18,13,51,15,11,11,11,0,2
pc-3ef3dbd9-2040,solidaritaet_ueberleben__ohne_pc,control,0,0,1,9,-1,14,11,32,10,10,4,2,0,0
pc-3ef3dbd9-2040,urzeitliche_kolosse__ohne_pc,control,1,1,0,9,8,13,11,33,3,9,7,11,0,0
pc-b8412c96-2041,solidaritaet_ueberleben__ohne_pc,control,0,0,1,9,0,14,10,36,8,9,5,7,0,0
pc-b8412c96-2041,urzeitliche_kolosse__ohne_pc,control,1,1,0,9,3,14,11,39,4,10,5,10,0,0
pc-4c591a5e-2042,solidaritaet_ueberleben__ohne_pc,control,0,0,1,9,-3,14,9,34,6,8,5,9,0,0
pc-4c591a5e-2042,urzeitliche_kolosse__ohne_pc,control,1,1,0,9,1,14,10,33,6,8,3,13,0,3
pc-c5a66b1b-2043,solidaritaet_ueberleben__ohne_pc,control,0,0,1,5,-1,9,5,14,1,5,1,5,0,0
pc-c5a66b1b-2043,urzeitliche_kolosse__ohne_pc,control,1,1,0,5,5,9,5,14,0,5,1,11,0,0
pc-24295ecf-2044,solidaritaet_ueberleben__ohne_pc,control,0,1,1,8,1,14,10,29,3,10,5,11,1,0
pc-24295ecf-2044,urzeitliche_kolosse__ohne_pc,control,1,0,0,8,-1,13,8,34,2,8,5,9,0,0
pc-9d76af8c-2045,solidaritaet_ueberleben__ohne_pc,control,0,1,1,7,1,12,8,25,1,8,4,10,0,0
pc-9d76af8c-2045,urzeitliche_kolosse__ohne_pc,control,1,0,0,7,0,11,7,26,2,7,5,9,0,1
pc-318e9d54-2046,solidaritaet_ueberleben__ohne_pc,control,0,0,1,10,-5,13,9,31,20,8,8,9,0,0
pc-318e9d54-2046,urzeitliche_kolosse__ohne_pc,control,1,1,0,10,1,14,13,46,9,12,4,15,0,1
pc-aadbee11-2047,solidaritaet_ueberleben__ohne_pc,control,0,1,1,6,4,12,4,18,3,4,3,10,0,0
pc-aadbee11-2047,urzeitliche_kolosse__ohne_pc,control,1,0,0,6,0,12,7,20,1,5,1,6,0,1
pc-dfb2ca15-2048,solidaritaet_ueberleben__ohne_pc,control,0,0,1,6,0,12,5,19,1,5,1,0,0,0
pc-dfb2ca15-2048,urzeitliche_kolosse__ohne_pc,control,1,1,0,6,10,12,6,20,1,5,4,10,0,1
pc-59003ad3-2049,solidaritaet_ueberleben__ohne_pc,control,0,0,1,5,-1,10,5,13,1,5,1,2,0,0
pc-59003ad3-2049,urzeitliche_kolosse__ohne_pc,control,1,1,0,5,8,11,4,14,1,4,1,11,0,0
pc-0214ed2c-2050,solidaritaet_ueberleben__ohne_pc,control,0,0,0,7,-1,11,6,25,2,6,4,6,0,0
pc-0214ed2c-2050,urzeitliche_kolosse__ohne_pc,control,1,1,1,7,4,11,7,25,3,6,4,11,0,1
pc-88c79c6e-2051,solidaritaet_ueberleben__ohne_pc,control,0,0,0,8,-2,13,7,25,3,7,2,3,0,0
pc-88c79c6e-2051,urzeitliche_kolosse__ohne_pc,control,1,1,1,8,7,13,6,26,2,6,3,12,0,0
pc-f4afaea6-2052,solidaritaet_ueberleben__ohne_pc,control,0,0,0,6,-3,9,7,18,2,6,1,2,0,0
pc-f4afaea6-2052,urzeitliche_kolosse__ohne_pc,control,1,1,1,6,8,11,6,19,1,5,3,13,0,1
pc-7b625de9-2053,solidaritaet_ueberleben__ohne_pc,control,0,0,0,7,-1,11,8,26,1,8,3,9,0,0
pc-7b625de9-2053,urzeitliche_kolosse__ohne_pc,control,1,1,1,7,1,12,8,26,2,7,5,11,0,2
pc-1cdf6a36-2054,solidaritaet_ueberleben__ohne_pc,control,0,1,0,8,5,12,10,31,4,9,4,13,0,0
pc-1cdf6a36-2054,urzeitliche_kolosse__ohne_pc,control,1,0,1,8,-3,14,10,31,3,9,7,5,0,3
pc-a3921978-2055,solidaritaet_ueberleben__ohne_pc,control,0,0,0,8,-1,13,9,33,2,8,3,4,0,0
pc-a3921978-2055,urzeitliche_kolosse__ohne_pc,control,1,1,1,8,6,12,10,31,3,8,7,11,0,2
pc-0f7a2bb1-2056,solidaritaet_ueberleben__ohne_pc,control,0,0,0,11,-2,16,12,38,17,11,8,5,0,0
pc-0f7a2bb1-2056,urzeitliche_kolosse__ohne_pc,control,1,1,1,11,5,15,12,44,14,11,7,12,0,1
pc-962cdaf3-2057,solidaritaet_ueberleben__ohne_pc,control,0,1,0,11,3,15,12,41,16,12,5,14,0,0
pc-962cdaf3-2057,urzeitliche_kolosse__ohne_pc,control,1,0,1,11,-4,15,11,43,17,10,9,7,0,2
pc-cc7ff317-2058,solidaritaet_ueberleben__ohne_pc,control,0,0,0,7,-3,13,7,22,2,7,4,9,0,0
pc-cc7ff317-2058,urzeitliche_kolosse__ohne_pc,control,1,1,1,7,1,11,7,26,2,6,5,13,0,1
pc-5332825a-2059,solidaritaet_ueberleben__ohne_pc,control,0,1,0,8,4,13,10,30,6,9,4,14,0,0
pc-5332825a-2059,urzeitliche_kolosse__ohne_pc,control,1,0,1,8,-4,14,9,31,5,7,4,6,0,0
pc-bf1ab492-2060,solidaritaet_ueberleben__ohne_pc,control,0,1,0,9,1,14,10,33,7,9,7,13,0,0
pc-bf1ab492-2060,urzeitliche_kolosse__ohne_pc,control,1,0,1,9,-3,16,11,39,5,11,6,9,0,0
pc-45cd43d5-2061,solidaritaet_ueberleben__ohne_pc,control,0,0,0,6,-1,12,5,19,2,4,3,1,0,0
pc-45cd43d5-2061,urzeitliche_kolosse__ohne_pc,control,1,1,1,6,9,11,6,20,0,6,1,11,0,0
pc-e74a7021-2062,solidaritaet_ueberleben__ohne_pc,control,0,0,0,9,0,14,11,36,5,11,3,6,0,0
pc-e74a7021-2062,urzeitliche_kolosse__ohne_pc,control,1,1,1,9,4,15,10,37,8,8,6,10,0,0
pc-6dfd1f64-2063,solidaritaet_ueberleben__ohne_pc,control,0,1,0,8,2,13,9,29,4,9,3,12,0,0
pc-6dfd1f64-2063,urzeitliche_kolosse__ohne_pc,control,1,0,1,8,-2,13,8,32,4,6,6,8,0,0
pc-d9e5319c-2064,solidaritaet_ueberleben__ohne_pc,control,0,1,0,10,3,14,13,42,6,12,6,10,0,0
pc-d9e5319c-2064,urzeitliche_kolosse__ohne_pc,control,1,0,1,10,0,15,10,42,3,10,8,7,0,0
pc-6097c0df-2065,solidaritaet_ueberleben__ohne_pc,control,0,0,0,6,0,11,6,20,1,6,0,2,0,0
pc-6097c0df-2065,urzeitliche_kolosse__ohne_pc,control,1,1,1,6,8,11,4,15,3,4,5,10,0,0
pc-6d3ee154-2066,solidaritaet_ueberleben__ohne_pc,control,0,1,0,9,4,14,10,35,3,9,5,11,0,0
pc-6d3ee154-2066,urzeitliche_kolosse__ohne_pc,control,1,0,1,9,-1,16,11,43,2,10,5,6,0,0
pc-f3f19096-2067,solidaritaet_ueberleben__ohne_pc,control,0,0,0,8,-2,12,8,24,4,8,3,2,0,0
pc-f3f19096-2067,urzeitliche_kolosse__ohne_pc,control,1,1,1,8,8,14,6,25,3,6,3,12,0,1
pc-5fd9a2cf-2068,solidaritaet_ueberleben__ohne_pc,control,0,1,0,7,2,12,6,26,1,6,4,13,0,0
pc-5fd9a2cf-2068,urzeitliche_kolosse__ohne_pc,control,1,0,1,7,-3,11,8,28,0,8,2,8,0,2
pc-e68c5211-2069,solidaritaet_ueberleben__ohne_pc,control,0,0,0,9,0,13,9,28,8,8,7,9,0,0
pc-e68c5211-2069,urzeitliche_kolosse__ohne_pc,control,1,1,1,9,1,15,10,43,1,10,3,10,0,0
pc-88097e5e-2070,solidaritaet_ueberleben__ohne_pc,control,0,1,0,8,6,14,9,34,1,8,6,14,0,0
pc-88097e5e-2070,urzeitliche_kolosse__ohne_pc,control,1,0,1,8,-4,12,10,33,2,9,5,4,0,0
pc-0ebc0da1-2071,solidaritaet_ueberleben__ohne_pc,control,0,1,0,8,3,11,11,30,1,10,3,10,0,0
pc-0ebc0da1-2071,urzeitliche_kolosse__ohne_pc,control,1,0,1,8,0,13,7,34,2,7,9,7,0,1
pc-7aa43fd9-2072,solidaritaet_ueberleben__ohne_pc,control,0,1,0,9,2,14,12,37,6,11,4,11,0,0
pc-7aa43fd9-2072,urzeitliche_kolosse__ohne_pc,control,1,0,1,9,-1,14,11,36,4,9,9,8,0,0
pc-0156cf1c-2073,solidaritaet_ueberleben__ohne_pc,control,0,1,0,11,2,18,12,39,16,11,8,12,0,0
pc-0156cf1c-2073,urzeitliche_kolosse__ohne_pc,control,1,0,1,11,-2,17,12,49,14,11,7,8,0,1
pc-37a9e740-2074,solidaritaet_ueberleben__ohne_pc,control,0,1,0,7,4,13,7,24,1,6,3,12,0,0
pc-37a9e740-2074,urzeitliche_kolosse__ohne_pc,control,1,0,1,7,-2,13,8,26,2,7,3,6,0,2
pc-be5c9682-2075,solidaritaet_ueberleben__ohne_pc,control,0,1,0,7,10,14,8,26,0,8,4,10,0,0
pc-be5c9682-2075,urzeitliche_kolosse__ohne_pc,control,1,0,1,7,0,11,8,27,1,8,3,0,0,0
pc-2a44a8bb-2076,solidaritaet_ueberleben__ohne_pc,control,0,1,0,7,2,12,8,24,3,7,2,12,0,0
pc-2a44a8bb-2076,urzeitliche_kolosse__ohne_pc,control,1,0,1,7,-2,13,6,23,5,6,4,8,0,1
pc-b0f757fd-2077,solidaritaet_ueberleben__ohne_pc,control,0,0,0,9,-4,14,10,32,10,10,5,8,0,0
pc-b0f757fd-2077,urzeitliche_kolosse__ohne_pc,control,1,1,1,9,2,14,11,42,3,9,7,14,0,0
pc-5274644a-2078,solidaritaet_ueberleben__ohne_pc,control,0,0,0,9,-2,14,11,32,4,10,5,8,0,0
pc-5274644a-2078,urzeitliche_kolosse__ohne_pc,control,1,1,1,9,2,14,9,38,3,9,7,12,0,0
pc-d927138c-2079,solidaritaet_ueberleben__ohne_pc,control,0,1,0,7,2,11,7,25,2,7,5,10,0,0
pc-d927138c-2079,urzeitliche_kolosse__ohne_pc,control,1,0,1,7,0,12,10,25,3,8,4,8,0,0
pc-450f25c5-2080,solidaritaet_ueberleben__ohne_pc,control,0,0,0,9,-4,14,11,39,1,10,4,7,0,0
pc-450f25c5-2080,urzeitliche_kolosse__ohne_pc,control,1,1,1,9,3,13,9,41,4,8,8,14,0,0
pc-cbc1d507-2081,solidaritaet_ueberleben__ohne_pc,control,0,0,0,11,0,17,13,35,20,12,10,7,2,0
pc-cbc1d507-2081,urzeitliche_kolosse__ohne_pc,control,1,1,1,11,3,15,14,44,13,12,14,10,0,4
pc-d868f57c-2082,solidaritaet_ueberleben__ohne_pc,control,0,1,0,7,7,12,9,25,0,9,1,10,1,0
pc-d868f57c-2082,urzeitliche_kolosse__ohne_pc,control,1,0,1,7,0,13,6,21,7,6,7,3,0,0
pc-5f1b84bf-2083,solidaritaet_ueberleben__ohne_pc,control,0,0,0,10,-2,15,12,33,12,12,9,5,0,0
pc-5f1b84bf-2083,urzeitliche_kolosse__ohne_pc,control,1,1,1,10,5,14,12,41,4,11,9,12,0,0
pc-cb03b6f7-2084,solidaritaet_ueberleben__ohne_pc,control,0,0,0,4,0,8,4,10,0,4,1,1,0,0
pc-cb03b6f7-2084,urzeitliche_kolosse__ohne_pc,control,1,1,1,4,9,9,5,9,0,4,1,10,0,0
pc-51b6463a-2085,solidaritaet_ueberleben__ohne_pc,control,0,0,0,11,-1,15,14,44,15,13,7,7,1,0
pc-51b6463a-2085,urzeitliche_kolosse__ohne_pc,control,1,1,1,11,3,17,14,47,10,12,10,11,0,0
pc-f3337286-2086,solidaritaet_ueberleben__ohne_pc,control,0,0,0,5,0,11,4,14,1,4,1,7,0,0
pc-f3337286-2086,urzeitliche_kolosse__ohne_pc,control,1,1,1,5,3,10,6,12,2,5,2,10,0,0
pc-79e601c9-2087,solidaritaet_ueberleben__ohne_pc,control,0,0,0,11,-2,15,14,45,15,13,7,7,0,0
pc-79e601c9-2087,urzeitliche_kolosse__ohne_pc,control,1,1,1,11,3,16,13,48,9,12,11,12,0,2
pc-e5ce3401-2088,solidaritaet_ueberleben__ohne_pc,control,0,0,0,10,-1,14,10,34,11,9,8,9,0,0
pc-e5ce3401-2088,urzeitliche_kolosse__ohne_pc,control,1,1,1,10,1,16,12,37,8,10,5,11,0,1
pc-6c80c344-2089,solidaritaet_ueberleben__ohne_pc,control,0,1,0,10,6,15,12,38,7,12,10,11,0,0
pc-6c80c344-2089,urzeitliche_kolosse__ohne_pc,control,1,0,1,10,-1,16,13,41,7,12,9,4,0,1
pc-a2d3fb68-2090,solidaritaet_ueberleben__ohne_pc,control,0,1,0,15,4,20,17,55,54,16,13,11,0,0
pc-a2d3fb68-2090,urzeitliche_kolosse__ohne_pc,control,1,0,1,15,-1,19,18,59,51,16,15,6,0,1
pc-29868aab-2091,solidaritaet_ueberleben__ohne_pc,control,0,1,0,7,7,12,9,25,2,9,1,12,0,0
pc-29868aab-2091,urzeitliche_kolosse__ohne_pc,control,1,0,1,7,-2,11,7,23,3,6,5,3,0,2
pc-956ebce3-2092,solidaritaet_ueberleben__ohne_pc,control,0,0,0,8,-3,12,7,29,3,6,4,8,0,0
pc-956ebce3-2092,urzeitliche_kolosse__ohne_pc,control,1,1,1,8,2,13,10,31,5,8,1,13,0,0
pc-1c214c26-2093,solidaritaet_ueberleben__ohne_pc,control,0,1,0,8,5,11,10,33,2,10,5,13,0,0
pc-1c214c26-2093,urzeitliche_kolosse__ohne_pc,control,1,0,1,8,-3,12,9,32,4,9,6,5,0,2
pc-bd9e7872-2094,solidaritaet_ueberleben__ohne_pc,control,0,0,0,9,-4,13,10,33,5,9,6,5,0,0
pc-bd9e7872-2094,urzeitliche_kolosse__ohne_pc,control,1,1,1,9,5,15,10,38,6,10,5,14,0,0
pc-445107b5-2095,solidaritaet_ueberleben__ohne_pc,control,0,1,0,7,2,12,6,24,1,6,5,12,0,0
pc-445107b5-2095,urzeitliche_kolosse__ohne_pc,control,1,0,1,7,-2,13,7,25,3,7,2,8,0,1
pc-b03939ed-2096,solidaritaet_ueberleben__ohne_pc,control,0,0,0,6,0,11,6,18,2,6,2,2,0,0
pc-b03939ed-2096,urzeitliche_kolosse__ohne_pc,control,1,1,1,6,8,11,6,15,2,5,5,10,0,0
pc-36ebc930-2097,solidaritaet_ueberleben__ohne_pc,control,0,1,0,7,5,14,7,24,1,7,5,13,0,0
pc-36ebc930-2097,urzeitliche_kolosse__ohne_pc,control,1,0,1,7,-3,12,9,28,0,7,2,5,0,0
pc-4392e9a5-2098,solidaritaet_ueberleben__ohne_pc,control,0,0,0,8,-3,12,9,28,4,9,5,8,0,0
pc-4392e9a5-2098,urzeitliche_kolosse__ohne_pc,control,1,1,1,8,2,12,8,30,5,8,4,13,0,0
pc-ca4598e7-2099,solidaritaet_ueberleben__ohne_pc,control,0,0,0,13,0,17,15,48,30,14,8,7,2,0
pc-ca4598e7-2099,urzeitliche_kolosse__ohne_pc,control,1,1,1,13,3,17,15,50,32,13,9,10,0,2
pc-22ed8887-2100,solidaritaet_ueberleben__mit_pc,control,0,0,1,12,-1,17,12,42,27,11,11,8,0,0
pc-22ed8887-2100,urzeitliche_kolosse__mit_pc,control,1,1,0,12,2,17,15,54,19,15,7,11,0,1
pc-9c3af944-2101,solidaritaet_ueberleben__mit_pc,control,0,1,1,14,6,19,17,56,37,16,13,12,0,0
pc-9c3af944-2101,urzeitliche_kolosse__mit_pc,control,1,0,0,14,-2,19,17,65,28,17,11,4,0,1
pc-15884a02-2102,solidaritaet_ueberleben__mit_pc,control,0,0,1,9,0,14,9,32,8,9,6,9,0,0
pc-15884a02-2102,urzeitliche_kolosse__mit_pc,control,1,1,0,9,1,14,10,38,5,9,5,10,0,0
pc-8ed5babf-2103,solidaritaet_ueberleben__mit_pc,control,0,0,1,10,-3,16,10,33,19,9,7,3,3,0
pc-8ed5babf-2103,urzeitliche_kolosse__mit_pc,control,1,1,0,10,7,16,13,48,3,12,6,13,0,2
pc-3db80591-2104,solidaritaet_ueberleben__mit_pc,control,0,0,1,9,0,14,11,38,4,11,7,7,0,0
pc-3db80591-2104,urzeitliche_kolosse__mit_pc,control,1,1,0,9,3,15,11,35,4,10,7,10,0,0
pc-b705764e-2105,solidaritaet_ueberleben__mit_pc,control,0,0,1,12,0,16,15,49,17,14,11,6,0,0
pc-b705764e-2105,urzeitliche_kolosse__mit_pc,control,1,1,0,12,4,18,15,53,17,14,10,10,0,1
pc-3052c70c-2106,solidaritaet_ueberleben__mit_pc,control,0,0,1,14,0,20,16,62,34,15,12,8,0,0
pc-3052c70c-2106,urzeitliche_kolosse__mit_pc,control,1,1,0,14,2,20,17,67,29,16,13,10,0,1
pc-a9a037c9-2107,solidaritaet_ueberleben__mit_pc,control,0,0,1,9,-3,13,11,35,5,10,7,5,1,0
pc-a9a037c9-2107,urzeitliche_kolosse__mit_pc,control,1,1,0,9,5,15,10,38,5,9,6,13,0,0
pc-ed588e72-2108,solidaritaet_ueberleben__mit_pc,control,0,0,1,5,0,11,5,14,1,5,1,0,0,0
pc-ed588e72-2108,urzeitliche_kolosse__mit_pc,control,1,1,0,5,10,11,5,13,2,4,3,10,0,0
pc-66a5ff30-2109,solidaritaet_ueberleben__mit_pc,control,0,0,1,5,-1,11,4,14,1,4,1,2,0,0
pc-66a5ff30-2109,urzeitliche_kolosse__mit_pc,control,1,1,0,5,8,11,4,12,3,3,0,11,0,0
pc-dff34fed-2110,solidaritaet_ueberleben__mit_pc,control,0,1,1,8,3,15,9,32,1,9,3,11,0,0
pc-dff34fed-2110,urzeitliche_kolosse__mit_pc,control,1,0,0,8,-1,12,8,32,4,7,5,7,0,3
pc-5940a0ab-2111,solidaritaet_ueberleben__mit_pc,control,0,0,1,5,0,9,5,14,0,5,1,4,0,0
pc-5940a0ab-2111,urzeitliche_kolosse__mit_pc,control,1,1,0,5,6,10,5,14,1,4,3,10,0,0
pc-08230b7d-2112,solidaritaet_ueberleben__mit_pc,control,0,0,1,10,-5,16,10,33,17,9,10,5,0,0
pc-08230b7d-2112,urzeitliche_kolosse__mit_pc,control,1,1,0,10,5,15,13,47,7,12,6,15,0,2
pc-81707c3a-2113,solidaritaet_ueberleben__mit_pc,control,0,0,1,7,-2,10,7,26,1,7,2,2,0,0
pc-81707c3a-2113,urzeitliche_kolosse__mit_pc,control,1,1,0,7,8,13,6,23,2,6,3,12,0,0
pc-fabdccf7-2114,solidaritaet_ueberleben__mit_pc,control,0,0,1,15,0,21,19,63,45,18,12,7,0,0
pc-fabdccf7-2114,urzeitliche_kolosse__mit_pc,control,1,1,0,15,2,19,17,68,42,16,16,9,0,2
pc-740b3db5-2115,solidaritaet_ueberleben__mit_pc,control,0,0,1,5,0,9,5,14,0,5,2,2,0,0
pc-740b3db5-2115,urzeitliche_kolosse__mit_pc,control,1,1,0,5,8,10,4,12,3,4,1,10,0,0
pc-b7c3945e-2116,solidaritaet_ueberleben__mit_pc,control,0,0,1,11,-1,17,12,44,16,11,9,3,0,0
pc-b7c3945e-2116,urzeitliche_kolosse__mit_pc,control,1,1,0,11,7,17,14,52,7,13,8,11,0,2
pc-3110e51c-2117,solidaritaet_ueberleben__mit_pc,control,0,1,1,6,7,11,7,21,0,7,3,10,0,0
pc-3110e51c-2117,urzeitliche_kolosse__mit_pc,control,1,0,0,6,0,11,6,18,3,5,4,3,0,1
pc-aa5e55d9-2118,solidaritaet_ueberleben__mit_pc,control,0,0,1,9,0,15,10,40,5,10,6,6,0,0
pc-aa5e55d9-2118,urzeitliche_kolosse__mit_pc,control,1,1,0,9,4,14,11,41,4,11,5,10,0,1
pc-23aba697-2119,solidaritaet_ueberleben__mit_pc,control,0,0,1,12,-1,17,14,46,20,13,11,7,1,0
pc-23aba697-2119,urzeitliche_kolosse__mit_pc,control,1,1,0,12,3,17,15,58,15,14,10,11,0,3
pc-d28e1168-2120,solidaritaet_ueberleben__mit_pc,control,0,1,1,8,2,12,8,30,4,8,3,15,0,0
pc-d28e1168-2120,urzeitliche_kolosse__mit_pc,control,1,0,0,8,-5,14,8,28,8,7,4,8,0,0
pc-4bdb6226-2121,solidaritaet_ueberleben__mit_pc,control,0,0,1,5,-1,10,4,12,3,4,1,1,0,0
pc-4bdb6226-2121,urzeitliche_kolosse__mit_pc,control,1,1,0,5,9,10,4,13,2,4,0,11,0,0
pc-c528d2e3-2122,solidaritaet_ueberleben__mit_pc,control,0,0,1,10,0,16,9,35,10,9,4,8,0,0
pc-c528d2e3-2122,urzeitliche_kolosse__mit_pc,control,1,1,0,10,2,13,9,35,14,8,4,10,0,0
pc-3e7623a1-2123,solidaritaet_ueberleben__mit_pc,control,0,1,1,12,5,18,16,56,15,15,5,13,0,0
pc-3e7623a1-2123,urzeitliche_kolosse__mit_pc,control,1,0,0,12,-3,17,11,47,26,10,13,5,0,1
pc-822e9a4a-2124,solidaritaet_ueberleben__mit_pc,control,0,1,1,12,3,17,15,54,14,14,10,10,0,0
pc-822e9a4a-2124,urzeitliche_kolosse__mit_pc,control,1,0,0,12,0,16,15,53,20,14,12,7,0,3
pc-fb7beb07-2125,solidaritaet_ueberleben__mit_pc,control,0,0,1,8,0,13,9,28,4,9,5,6,0,0
pc-fb7beb07-2125,urzeitliche_kolosse__mit_pc,control,1,1,0,8,4,14,8,32,2,8,7,10,0,0
pc-74c95bc5-2126,solidaritaet_ueberleben__mit_pc,control,0,1,1,8,4,13,9,31,2,9,6,14,0,0
pc-74c95bc5-2126,urzeitliche_kolosse__mit_pc,control,1,0,0,8,-4,14,8,34,2,8,7,6,0,0
pc-ee16ac82-2127,solidaritaet_ueberleben__mit_pc,control,0,0,1,8,0,13,10,28,4,10,3,7,0,0
pc-ee16ac82-2127,urzeitliche_kolosse__mit_pc,control,1,1,0,8,3,13,8,32,4,8,7,10,0,0
pc-9cf91754-2128,solidaritaet_ueberleben__mit_pc,control,0,1,1,14,1,20,14,57,38,13,11,15,0,0
pc-9cf91754-2128,urzeitliche_kolosse__mit_pc,control,1,0,0,14,-5,18,17,64,31,16,11,9,0,0
pc-16466812-2129,solidaritaet_ueberleben__mit_pc,control,0,1,1,11,1,18,15,43,21,15,5,13,0,0
pc-16466812-2129,urzeitliche_kolosse__mit_pc,control,1,0,0,11,-3,16,10,43,16,9,12,9,0,0
pc-8f93d8cf-2130,solidaritaet_ueberleben__mit_pc,control,0,0,1,9,-3,14,8,33,7,8,6,4,0,0
pc-8f93d8cf-2130,urzeitliche_kolosse__mit_pc,control,1,1,0,9,6,15,9,37,3,9,5,13,0,0
pc-08e1298d-2131,solidaritaet_ueberleben__mit_pc,control,0,0,1,11,-2,16,13,48,7,12,10,9,0,0
pc-08e1298d-2131,urzeitliche_kolosse__mit_pc,control,1,1,0,11,1,16,12,50,5,12,8,12,0,0
pc-4c998036-2132,solidaritaet_ueberleben__mit_pc,control,0,0,1,9,-2,14,9,35,7,8,5,9,0,0
pc-4c998036-2132,urzeitliche_kolosse__mit_pc,control,1,1,0,9,1,14,8,40,3,8,3,12,0,0
pc-c5e6f0f3-2133,solidaritaet_ueberleben__mit_pc,control,0,0,1,10,-2,16,12,44,5,11,5,9,0,0
pc-c5e6f0f3-2133,urzeitliche_kolosse__mit_pc,control,1,1,0,10,1,15,11,44,6,10,6,12,0,1
pc-3f3441b1-2134,solidaritaet_ueberleben__mit_pc,control,0,1,1,9,4,16,11,41,3,10,8,13,0,0
pc-3f3441b1-2134,urzeitliche_kolosse__mit_pc,control,1,0,0,9,-3,15,12,43,2,11,5,6,0,0
pc-b881b26e-2135,solidaritaet_ueberleben__mit_pc,control,0,1,1,10,6,15,12,42,5,11,6,12,0,0
pc-b881b26e-2135,urzeitliche_kolosse__mit_pc,control,1,0,0,10,-2,14,12,43,5,11,8,4,0,3
pc-67641d40-2136,solidaritaet_ueberleben__mit_pc,control,0,0,1,9,-2,12,7,28,8,7,8,9,0,0
pc-67641d40-2136,urzeitliche_kolosse__mit_pc,control,1,1,0,9,1,15,11,41,1,10,4,12,0,1
pc-e0b16dfd-2137,solidaritaet_ueberleben__mit_pc,control,0,1,1,13,2,17,16,56,28,15,14,13,1,0
pc-e0b16dfd-2137,urzeitliche_kolosse__mit_pc,control,1,0,0,13,-3,18,16,64,19,16,12,8,0,0
pc-59fedebb-2138,solidaritaet_ueberleben__mit_pc,control,0,0,1,8,0,14,8,33,3,8,4,0,0,0
pc-59fedebb-2138,urzeitliche_kolosse__mit_pc,control,1,1,0,8,10,13,9,29,5,8,5,10,0,2
pc-d34c2f78-2139,solidaritaet_ueberleben__mit_pc,control,0,0,1,9,-2,14,12,32,11,11,3,3,0,0
pc-d34c2f78-2139,urzeitliche_kolosse__mit_pc,control,1,1,0,9,7,15,8,26,10,7,10,12,0,1
pc-17048622-2140,solidaritaet_ueberleben__mit_pc,control,0,0,1,4,0,8,3,9,1,3,2,1,0,0
pc-17048622-2140,urzeitliche_kolosse__mit_pc,control,1,1,0,4,9,9,4,8,1,4,0,10,0,0
pc-9051f6df-2141,solidaritaet_ueberleben__mit_pc,control,0,1,1,8,6,13,10,28,3,10,5,12,1,0
pc-9051f6df-2141,urzeitliche_kolosse__mit_pc,control,1,0,0,8,-2,14,9,33,3,8,6,4,0,0
pc-099f479d-2142,solidaritaet_ueberleben__mit_pc,control,0,0,1,13,-4,18,15,55,25,14,11,2,0,0
pc-099f479d-2142,urzeitliche_kolosse__mit_pc,control,1,1,0,13,8,18,16,56,24,15,12,14,0,1
pc-82ecb85a-2143,solidaritaet_ueberleben__mit_pc,control,0,0,1,9,-1,13,9,35,7,9,6,5,0,0
pc-82ecb85a-2143,urzeitliche_kolosse__mit_pc,control,1,1,0,9,5,14,9,37,3,9,5,11,0,2
pc-31cf032c-2144,solidaritaet_ueberleben__mit_pc,control,0,0,1,12,-2,18,16,57,12,15,10,6,1,0
pc-31cf032c-2144,urzeitliche_kolosse__mit_pc,control,1,1,0,12,4,18,15,53,20,14,11,12,0,2
pc-ab1c73e9-2145,solidaritaet_ueberleben__mit_pc,control,0,0,1,6,0,11,5,19,1,5,3,3,0,0
pc-ab1c73e9-2145,urzeitliche_kolosse__mit_pc,control,1,1,0,6,7,10,7,19,0,7,1,10,0,0
pc-2469c4a7-2146,solidaritaet_ueberleben__mit_pc,control,0,1,1,9,2,14,10,40,5,9,8,13,0,0
pc-2469c4a7-2146,urzeitliche_kolosse__mit_pc,control,1,0,0,9,-3,13,11,43,1,11,6,8,0,0
pc-9db73564-2147,solidaritaet_ueberleben__mit_pc,control,0,0,1,10,0,13,13,38,10,12,7,6,1,0
pc-9db73564-2147,urzeitliche_kolosse__mit_pc,control,1,1,0,10,4,16,13,46,8,12,11,10,0,0
pc-e16f8c0d-2148,solidaritaet_ueberleben__mit_pc,control,0,0,1,6,0,11,5,20,1,5,2,7,0,0
pc-e16f8c0d-2148,urzeitliche_kolosse__mit_pc,control,1,1,0,6,3,11,6,17,1,6,1,10,0,0
pc-5abcfccb-2149,solidaritaet_ueberleben__mit_pc,control,0,0,1,6,0,12,7,21,0,6,1,2,0,0
pc-5abcfccb-2149,urzeitliche_kolosse__mit_pc,control,1,1,0,6,8,11,6,21,0,5,3,10,0,1
pc-dacdb8ec-2150,solidaritaet_ueberleben__mit_pc,control,0,0,0,15,0,22,19,63,46,18,9,2,0,0
pc-dacdb8ec-2150,urzeitliche_kolosse__mit_pc,control,1,1,1,15,8,21,15,56,54,14,17,10,0,0
pc-6180482f-2151,solidaritaet_ueberleben__mit_pc,control,0,1,0,9,6,15,11,37,3,10,8,11,0,0
pc-6180482f-2151,urzeitliche_kolosse__mit_pc,control,1,0,1,9,-1,14,11,42,3,11,6,4,0,3
pc-e832f771-2152,solidaritaet_ueberleben__mit_pc,control,0,1,0,12,4,18,16,52,18,16,8,13,0,0
pc-e832f771-2152,urzeitliche_kolosse__mit_pc,control,1,0,1,12,-3,17,14,61,12,13,15,6,0,1
pc-6ee586b4-2153,solidaritaet_ueberleben__mit_pc,control,0,0,0,6,-1,11,6,12,3,6,3,3,1,0
pc-6ee586b4-2153,urzeitliche_kolosse__mit_pc,control,1,1,1,6,7,10,6,21,0,6,6,11,0,1
pc-f59835f6-2154,solidaritaet_ueberleben__mit_pc,control,0,1,0,14,4,18,18,60,33,17,14,10,2,0
pc-f59835f6-2154,urzeitliche_kolosse__mit_pc,control,1,0,1,14,0,20,17,61,35,16,14,6,0,6
pc-7c4ac539-2155,solidaritaet_ueberleben__mit_pc,control,0,1,0,10,7,14,12,41,8,12,3,13,0,0
pc-7c4ac539-2155,urzeitliche_kolosse__mit_pc,control,1,0,1,10,-3,16,8,39,14,8,9,3,0,7
pc-02fd747c-2156,solidaritaet_ueberleben__mit_pc,control,0,0,0,12,-1,17,15,50,17,14,6,5,0,0
pc-02fd747c-2156,urzeitliche_kolosse__mit_pc,control,1,1,1,12,5,18,11,50,20,11,10,11,0,1
pc-89b003be-2157,solidaritaet_ueberleben__mit_pc,control,0,1,0,12,2,15,15,48,19,14,13,10,2,0
pc-89b003be-2157,urzeitliche_kolosse__mit_pc,control,1,0,1,12,0,18,15,56,14,15,12,8,0,0
pc-a538bed8-2158,solidaritaet_ueberleben__mit_pc,control,0,0,0,9,0,13,9,32,10,9,5,6,0,0
pc-a538bed8-2158,urzeitliche_kolosse__mit_pc,control,1,1,1,9,4,14,10,37,6,10,4,10,0,1
pc-2beb4e1b-2159,solidaritaet_ueberleben__mit_pc,control,0,0,0,6,-4,12,5,19,2,5,4,3,0,0
pc-2beb4e1b-2159,urzeitliche_kolosse__mit_pc,control,1,1,1,6,7,12,6,20,0,6,1,14,0,0
pc-b29dfd5d-2160,solidaritaet_ueberleben__mit_pc,control,0,1,0,8,5,14,8,30,2,8,5,10,0,0
pc-b29dfd5d-2160,urzeitliche_kolosse__mit_pc,control,1,0,1,8,0,13,8,33,3,7,4,5,0,0
pc-39508ca0-2161,solidaritaet_ueberleben__mit_pc,control,0,1,0,8,2,12,10,30,4,10,2,13,0,0
pc-39508ca0-2161,urzeitliche_kolosse__mit_pc,control,1,0,1,8,-3,14,8,30,4,7,6,8,0,3
pc-c0033be2-2162,solidaritaet_ueberleben__mit_pc,control,0,0,0,9,-1,13,12,42,3,12,4,5,0,0
pc-c0033be2-2162,urzeitliche_kolosse__mit_pc,control,1,1,1,9,5,15,9,36,8,8,10,11,0,1
pc-46b5cb25-2163,solidaritaet_ueberleben__mit_pc,control,0,1,0,7,2,13,6,25,1,6,6,14,0,0
pc-46b5cb25-2163,urzeitliche_kolosse__mit_pc,control,1,0,1,7,-4,11,8,23,5,7,3,8,0,0
pc-cd687a67-2164,solidaritaet_ueberleben__mit_pc,control,0,0,0,10,-2,14,13,41,8,12,3,4,0,0
pc-cd687a67-2164,urzeitliche_kolosse__mit_pc,control,1,1,1,10,6,16,9,42,6,8,11,12,0,0
pc-541b09aa-2165,solidaritaet_ueberleben__mit_pc,control,0,0,0,9,-3,16,13,37,4,12,5,5,0,0
pc-541b09aa-2165,urzeitliche_kolosse__mit_pc,control,1,1,1,9,5,15,9,32,4,8,10,13,0,1
pc-6fa3a4c4-2166,solidaritaet_ueberleben__mit_pc,control,0,1,0,8,6,14,9,33,3,8,3,12,0,0
pc-6fa3a4c4-2166,urzeitliche_kolosse__mit_pc,control,1,0,1,8,-2,14,8,32,4,8,3,4,0,3
pc-f6565406-2167,solidaritaet_ueberleben__mit_pc,control,0,0,0,6,-1,12,5,20,1,4,2,0,0,0
pc-f6565406-2167,urzeitliche_kolosse__mit_pc,control,1,1,1,6,10,12,7,21,0,7,2,11,0,0
pc-7d08e349-2168,solidaritaet_ueberleben__mit_pc,control,0,0,0,10,0,15,13,40,6,13,6,3,0,0
pc-7d08e349-2168,urzeitliche_kolosse__mit_pc,control,1,1,1,10,7,16,10,39,10,9,11,10,0,0
pc-03bb928c-2169,solidaritaet_ueberleben__mit_pc,control,0,1,0,9,3,13,11,42,2,11,5,11,0,0
pc-03bb928c-2169,urzeitliche_kolosse__mit_pc,control,1,0,1,9,-1,13,10,42,2,9,6,7,0,3
pc-8a6e21ce-2170,solidaritaet_ueberleben__mit_pc,control,0,0,0,10,-2,14,13,41,10,13,8,3,0,0
pc-8a6e21ce-2170,urzeitliche_kolosse__mit_pc,control,1,1,1,10,7,16,12,43,4,11,10,12,0,2
pc-1120d111-2171,solidaritaet_ueberleben__mit_pc,control,0,1,0,7,6,11,7,25,2,7,3,12,0,0
pc-1120d111-2171,urzeitliche_kolosse__mit_pc,control,1,0,1,7,-2,13,6,22,6,6,4,4,0,1
pc-97d36053-2172,solidaritaet_ueberleben__mit_pc,control,0,0,0,5,-1,9,5,13,2,5,1,2,0,0
pc-97d36053-2172,urzeitliche_kolosse__mit_pc,control,1,1,1,5,8,11,5,14,1,4,2,11,0,0
pc-1e860f96-2173,solidaritaet_ueberleben__mit_pc,control,0,0,0,11,-2,16,12,44,16,11,7,7,0,0
pc-1e860f96-2173,urzeitliche_kolosse__mit_pc,control,1,1,1,11,3,15,13,52,10,12,7,12,0,4
pc-3a0eaab0-2174,solidaritaet_ueberleben__mit_pc,control,0,0,0,10,0,16,12,46,9,11,8,9,0,0
pc-3a0eaab0-2174,urzeitliche_kolosse__mit_pc,control,1,1,1,10,1,14,13,48,3,12,8,10,0,1
pc-c0c159f2-2175,solidaritaet_ueberleben__mit_pc,control,0,0,0,6,-1,11,6,19,2,6,1,2,0,0
pc-c0c159f2-2175,urzeitliche_kolosse__mit_pc,control,1,1,1,6,8,12,6,20,1,6,2,11,0,0
pc-4773e935-2176,solidaritaet_ueberleben__mit_pc,control,0,1,0,10,4,15,13,44,6,12,10,16,0,0
pc-4773e935-2176,urzeitliche_kolosse__mit_pc,control,1,0,1,10,-6,14,13,46,6,12,8,6,0,0
pc-ce269877-2177,solidaritaet_ueberleben__mit_pc,control,0,,0,13,0,20,17,55,27,16,11,12,0,0
pc-ce269877-2177,urzeitliche_kolosse__mit_pc,control,1,,1,13,-2,17,15,61,27,15,11,10,0,3
pc-54d927ba-2178,solidaritaet_ueberleben__mit_pc,control,0,1,0,8,7,13,9,33,3,9,8,10,0,0
pc-54d927ba-2178,urzeitliche_kolosse__mit_pc,control,1,0,1,8,0,13,9,32,4,9,5,3,0,0
pc-db8bd6fc-2179,solidaritaet_ueberleben__mit_pc,control,0,1,0,15,3,22,18,59,46,17,10,9,0,0
pc-db8bd6fc-2179,urzeitliche_kolosse__mit_pc,control,1,0,1,15,0,18,15,58,47,14,18,6,0,1
pc-623e663f-2180,solidaritaet_ueberleben__mit_pc,control,0,0,0,6,-3,12,7,21,0,7,2,6,0,0
pc-623e663f-2180,urzeitliche_kolosse__mit_pc,control,1,1,1,6,4,11,5,20,1,5,6,13,0,0
pc-e8f11581-2181,solidaritaet_ueberleben__mit_pc,control,0,0,0,9,-4,15,10,36,4,9,6,7,0,0
pc-e8f11581-2181,urzeitliche_kolosse__mit_pc,control,1,1,1,9,3,14,11,44,1,10,4,14,0,0
pc-0479b09c-2182,solidaritaet_ueberleben__mit_pc,control,0,1,0,11,5,15,12,48,7,11,7,13,0,0
pc-0479b09c-2182,urzeitliche_kolosse__mit_pc,control,1,0,1,11,-3,17,12,50,12,11,7,5,0,0
pc-8b2c5fde-2183,solidaritaet_ueberleben__mit_pc,control,0,0,0,15,-1,21,18,59,50,17,14,1,2,0
pc-8b2c5fde-2183,urzeitliche_kolosse__mit_pc,control,1,1,1,15,9,19,18,69,42,18,17,11,0,4
pc-11deef21-2184,solidaritaet_ueberleben__mit_pc,control,0,1,0,8,2,13,8,33,2,8,4,10,0,0
pc-11deef21-2184,urzeitliche_kolosse__mit_pc,control,1,0,1,8,0,13,9,31,2,9,5,8,0,0
pc-98919e63-2185,solidaritaet_ueberleben__mit_pc,control,0,0,0,13,0,18,15,54,30,14,10,9,0,0
pc-98919e63-2185,urzeitliche_kolosse__mit_pc,control,1,1,1,13,1,19,15,60,22,15,9,10,0,4
pc-1f442da6-2186,solidaritaet_ueberleben__mit_pc,control,0,0,0,11,-1,14,13,40,21,13,8,2,0,0
pc-1f442da6-2186,urzeitliche_kolosse__mit_pc,control,1,1,1,11,8,16,12,45,17,12,9,11,0,0
pc-a5f6dce8-2187,solidaritaet_ueberleben__mit_pc,control,0,0,0,11,0,17,13,46,13,13,8,7,0,0
pc-a5f6dce8-2187,urzeitliche_kolosse__mit_pc,control,1,1,1,11,3,16,14,54,6,13,10,10,0,2
pc-2ca96c2b-2188,solidaritaet_ueberleben__mit_pc,control,0,0,0,9,-1,14,11,35,9,10,6,5,0,0
pc-2ca96c2b-2188,urzeitliche_kolosse__mit_pc,control,1,1,1,9,5,15,12,41,4,11,6,11,0,1
pc-b35c1b6d-2189,solidaritaet_ueberleben__mit_pc,control,0,1,0,11,3,14,14,47,14,13,8,13,0,0
pc-b35c1b6d-2189,urzeitliche_kolosse__mit_pc,control,1,0,1,11,-3,16,13,48,11,12,9,7,0,1
pc-cee4b687-2190,solidaritaet_ueberleben__mit_pc,control,0,1,0,8,3,12,9,29,2,9,2,11,0,0
pc-cee4b687-2190,urzeitliche_kolosse__mit_pc,control,1,0,1,8,-1,14,7,21,7,7,5,7,0,0
pc-559745ca-2191,solidaritaet_ueberleben__mit_pc,control,0,1,0,8,6,14,9,33,1,9,3,14,0,0
pc-559745ca-2191,urzeitliche_kolosse__mit_pc,control,1,0,1,8,-4,13,8,28,7,7,4,4,0,2
pc-dc49f50c-2192,solidaritaet_ueberleben__mit_pc,control,0,0,0,11,-1,18,13,41,20,12,7,6,1,0
pc-dc49f50c-2192,urzeitliche_kolosse__mit_pc,control,1,1,1,11,4,17,13,50,8,12,8,11,0,0
pc-62fc844f-2193,solidaritaet_ueberleben__mit_pc,control,0,1,0,9,4,14,12,37,3,12,3,11,0,0
pc-62fc844f-2193,urzeitliche_kolosse__mit_pc,control,1,0,1,9,-1,13,8,37,3,8,11,6,0,3
pc-e9af3391-2194,solidaritaet_ueberleben__mit_pc,control,0,0,0,5,-1,10,6,14,1,6,1,4,0,0
pc-e9af3391-2194,urzeitliche_kolosse__mit_pc,control,1,1,1,5,6,11,5,13,2,5,4,11,0,0
pc-7061c2d4-2195,solidaritaet_ueberleben__mit_pc,control,0,1,0,7,1,12,7,24,2,7,4,10,0,0
pc-7061c2d4-2195,urzeitliche_kolosse__mit_pc,control,1,0,1,7,0,12,7,26,2,6,3,9,0,1
pc-f7147216-2196,solidaritaet_ueberleben__mit_pc,control,0,0,0,12,-2,17,16,58,13,15,9,4,0,0
pc-f7147216-2196,urzeitliche_kolosse__mit_pc,control,1,1,1,12,6,17,14,54,18,13,13,12,0,1
pc-7dc70159-2197,solidaritaet_ueberleben__mit_pc,control,0,0,0,13,0,19,17,55,27,17,9,6,0,0
pc-7dc70159-2197,urzeitliche_kolosse__mit_pc,control,1,1,1,13,4,17,15,66,19,14,14,10,0,7
pc-994fbc73-2198,solidaritaet_ueberleben__mit_pc,control,0,0,0,7,-1,12,8,27,1,8,3,1,0,0
pc-994fbc73-2198,urzeitliche_kolosse__mit_pc,control,1,1,1,7,9,12,7,27,1,7,6,11,0,0
pc-20024bb6-2199,solidaritaet_ueberleben__mit_pc,control,0,1,0,8,3,13,9,32,3,9,5,10,0,0
pc-20024bb6-2199,urzeitliche_kolosse__mit_pc,control,1,0,1,8,0,14,9,33,3,8,5,7,0,2
pc-67f52d08-2200,solidaritaet_ueberleben__mit_pc,control,0,1,1,6,3,11,5,20,1,5,4,11,0,0
pc-67f52d08-2200,urzeitliche_kolosse__ohne_pc,control,1,0,0,6,-1,10,6,13,5,6,3,7,0,0
pc-eea7dc4a-2201,solidaritaet_ueberleben__mit_pc,control,0,0,1,8,-1,13,8,21,7,8,4,3,0,0
pc-eea7dc4a-2201,urzeitliche_kolosse__ohne_pc,control,1,1,0,8,7,12,8,34,2,7,4,11,0,0
pc-755a6b8d-2202,solidaritaet_ueberleben__mit_pc,control,0,0,1,6,-2,12,7,16,1,7,2,3,0,0
pc-755a6b8d-2202,urzeitliche_kolosse__ohne_pc,control,1,1,0,6,7,11,7,19,1,6,2,12,0,0
pc-fc0d1acf-2203,solidaritaet_ueberleben__mit_pc,control,0,0,1,8,0,13,8,31,1,7,5,3,0,0
pc-fc0d1acf-2203,urzeitliche_kolosse__ohne_pc,control,1,1,0,8,7,13,9,35,1,8,2,10,0,3
pc-4d2aaffe-2204,solidaritaet_ueberleben__mit_pc,control,0,0,1,7,0,11,7,21,3,6,3,4,0,0
pc-4d2aaffe-2204,urzeitliche_kolosse__ohne_pc,control,1,1,0,7,6,13,7,22,3,7,1,10,0,0
pc-d3dd5f40-2205,solidaritaet_ueberleben__mit_pc,control,0,0,1,14,-2,18,14,49,42,13,10,9,0,0
pc-d3dd5f40-2205,urzeitliche_kolosse__ohne_pc,control,1,1,0,14,1,20,16,54,37,14,9,12,0,4
pc-5a8fee83-2206,solidaritaet_ueberleben__mit_pc,control,0,1,1,8,7,12,8,30,3,8,2,10,0,0
pc-5a8fee83-2206,urzeitliche_kolosse__ohne_pc,control,1,0,0,8,0,14,8,31,5,7,5,3,0,0
pc-e1429dc5-2207,solidaritaet_ueberleben__mit_pc,control,0,1,1,8,4,13,7,30,3,7,2,14,0,0
pc-e1429dc5-2207,urzeitliche_kolosse__ohne_pc,control,1,0,0,8,-4,14,7,28,8,6,2,6,0,2
pc-9d8a271c-2208,solidaritaet_ueberleben__mit_pc,control,0,1,1,8,1,13,11,33,0,11,5,11,1,0
pc-9d8a271c-2208,urzeitliche_kolosse__ohne_pc,control,1,0,0,8,-1,14,9,33,3,9,7,9,0,0
pc-243cd65f-2209,solidaritaet_ueberleben__mit_pc,control,0,0,1,8,-1,14,9,31,5,8,4,0,0,0
pc-243cd65f-2209,urzeitliche_kolosse__ohne_pc,control,1,1,0,8,10,12,10,30,4,9,3,11,0,0
pc-aaef65a1-2210,solidaritaet_ueberleben__mit_pc,control,0,1,1,9,6,13,10,39,3,10,6,11,0,0
pc-aaef65a1-2210,urzeitliche_kolosse__ohne_pc,control,1,0,0,9,-1,13,10,41,3,10,5,4,0,0
pc-31a214e4-2211,solidaritaet_ueberleben__mit_pc,control,0,0,1,9,-1,13,7,25,11,6,7,5,0,0
pc-31a214e4-2211,urzeitliche_kolosse__ohne_pc,control,1,1,0,9,5,13,10,31,5,9,2,11,0,0
pc-82bfaa12-2212,solidaritaet_ueberleben__mit_pc,control,0,0,1,10,-1,15,12,47,4,12,9,5,0,0
pc-82bfaa12-2212,urzeitliche_kolosse__ohne_pc,control,1,1,0,10,5,16,13,43,4,11,8,11,0,0
pc-09725955-2213,solidaritaet_ueberleben__mit_pc,control,0,0,1,9,0,14,8,35,5,8,5,4,0,0
pc-09725955-2213,urzeitliche_kolosse__ohne_pc,control,1,1,0,9,6,14,9,39,1,8,5,10,0,0
pc-9024e897-2214,solidaritaet_ueberleben__mit_pc,control,0,1,1,11,1,17,13,46,16,12,6,11,0,0
pc-9024e897-2214,urzeitliche_kolosse__ohne_pc,control,1,0,0,11,-1,15,11,44,14,11,9,9,0,1
pc-16d797da-2215,solidaritaet_ueberleben__mit_pc,control,0,0,1,8,0,13,8,26,8,8,4,5,1,0
pc-16d797da-2215,urzeitliche_kolosse__ohne_pc,control,1,1,0,8,5,14,10,31,2,9,5,10,0,2
pc-d31f2130-2216,solidaritaet_ueberleben__mit_pc,control,0,1,1,8,3,12,9,35,1,8,5,10,0,0
pc-d31f2130-2216,urzeitliche_kolosse__ohne_pc,control,1,0,0,8,0,14,10,35,0,9,6,7,0,0
pc-59d1d073-2217,solidaritaet_ueberleben__mit_pc,control,0,1,1,7,4,12,6,26,1,6,4,13,0,0
pc-59d1d073-2217,urzeitliche_kolosse__ohne_pc,control,1,0,0,7,-3,13,8,24,4,7,2,6,0,1
pc-e0847fb5-2218,solidaritaet_ueberleben__mit_pc,control,0,1,1,15,2,21,14,52,53,13,11,15,0,0
pc-e0847fb5-2218,urzeitliche_kolosse__ohne_pc,control,1,0,0,15,-5,20,18,66,41,16,9,8,0,2
pc-67370ef8-2219,solidaritaet_ueberleben__mit_pc,control,0,1,1,7,5,12,8,26,1,7,3,11,0,0
pc-67370ef8-2219,urzeitliche_kolosse__ohne_pc,control,1,0,0,7,-1,12,8,26,2,7,2,5,0,1
pc-b854a426-2220,solidaritaet_ueberleben__mit_pc,control,0,1,1,12,6,18,12,43,23,11,8,12,0,0
pc-b854a426-2220,urzeitliche_kolosse__ohne_pc,control,1,0,0,12,-2,17,14,50,21,13,7,4,0,5
pc-3f075369-2221,solidaritaet_ueberleben__mit_pc,control,0,0,1,4,-1,9,3,8,2,3,0,2,0,0
pc-3f075369-2221,urzeitliche_kolosse__ohne_pc,control,1,1,0,4,8,9,4,9,1,4,0,11,0,0
pc-c5b9e2ab-2222,solidaritaet_ueberleben__mit_pc,control,0,0,1,10,-2,15,12,44,7,11,3,3,0,0
pc-c5b9e2ab-2222,urzeitliche_kolosse__ohne_pc,control,1,1,0,10,7,16,9,42,8,8,6,12,0,0
pc-4c6c91ee-2223,solidaritaet_ueberleben__mit_pc,control,0,0,1,9,-3,14,9,30,9,8,8,9,0,0
pc-4c6c91ee-2223,urzeitliche_kolosse__ohne_pc,control,1,1,0,9,1,13,12,43,2,11,6,13,0,1
pc-08b43b45-2224,solidaritaet_ueberleben__mit_pc,control,0,1,1,11,3,17,15,44,15,15,8,11,0,0
pc-08b43b45-2224,urzeitliche_kolosse__ohne_pc,control,1,0,0,11,-1,15,14,43,18,12,13,7,0,4
pc-8f66ca87-2225,solidaritaet_ueberleben__mit_pc,control,0,1,1,9,5,14,9,28,8,9,9,10,0,0
pc-8f66ca87-2225,urzeitliche_kolosse__ohne_pc,control,1,0,0,9,0,14,12,36,4,10,5,5,0,0
pc-161979ca-2226,solidaritaet_ueberleben__mit_pc,control,0,0,1,5,-3,9,5,13,2,5,0,1,0,0
pc-161979ca-2226,urzeitliche_kolosse__ohne_pc,control,1,1,0,5,9,9,4,13,2,4,3,13,0,0
pc-9ccc090c-2227,solidaritaet_ueberleben__mit_pc,control,0,1,1,8,1,12,8,31,2,8,5,14,0,0
pc-9ccc090c-2227,urzeitliche_kolosse__ohne_pc,control,1,0,0,8,-4,14,9,29,4,8,4,9,0,0
pc-ede9be3a-2228,solidaritaet_ueberleben__mit_pc,control,0,0,1,8,0,13,10,33,1,10,3,5,0,0
pc-ede9be3a-2228,urzeitliche_kolosse__ohne_pc,control,1,1,0,8,5,12,8,29,7,6,6,10,0,0
pc-749c4d7d-2229,solidaritaet_ueberleben__mit_pc,control,0,0,1,9,0,15,10,34,4,10,7,8,0,0
pc-749c4d7d-2229,urzeitliche_kolosse__ohne_pc,control,1,1,0,9,2,14,12,40,4,10,6,10,0,0
pc-fb4efcbf-2230,solidaritaet_ueberleben__mit_pc,control,0,0,1,8,-1,14,7,26,2,6,2,5,0,0
pc-fb4efcbf-2230,urzeitliche_kolosse__ohne_pc,control,1,1,0,8,5,12,7,33,3,6,1,11,0,3
pc-82018c02-2231,solidaritaet_ueberleben__mit_pc,control,0,1,1,10,6,13,13,45,5,13,9,11,0,0
pc-82018c02-2231,urzeitliche_kolosse__ohne_pc,control,1,0,0,10,-1,14,13,45,4,11,9,4,0,0
pc-3e493559-2232,solidaritaet_ueberleben__mit_pc,control,0,0,1,10,0,15,13,44,7,12,6,5,0,0
pc-3e493559-2232,urzeitliche_kolosse__ohne_pc,control,1,1,0,10,5,16,12,41,8,10,8,10,0,0
pc-c4fbc49b-2233,solidaritaet_ueberleben__mit_pc,control,0,0,1,12,0,18,15,56,14,14,8,9,0,0
pc-c4fbc49b-2233,urzeitliche_kolosse__ohne_pc,control,1,1,0,12,1,17,14,50,16,13,11,10,0,0
pc-4bae73de-2234,solidaritaet_ueberleben__mit_pc,control,0,0,1,11,0,15,14,43,14,13,8,2,0,0
pc-4bae73de-2234,urzeitliche_kolosse__ohne_pc,control,1,1,0,11,8,15,14,47,12,12,10,10,0,2
pc-d2610320-2235,solidaritaet_ueberleben__mit_pc,control,0,1,1,10,4,17,12,48,1,11,5,13,0,0
pc-d2610320-2235,urzeitliche_kolosse__ohne_pc,control,1,0,0,10,-3,15,12,44,9,10,7,6,0,2
pc-237eb84f-2236,solidaritaet_ueberleben__mit_pc,control,0,0,1,15,0,20,17,59,49,16,13,4,2,0
pc-237eb84f-2236,urzeitliche_kolosse__ohne_pc,control,1,1,0,15,5,21,16,65,43,16,15,9,0,5
pc-aa314791-2237,solidaritaet_ueberleben__mit_pc,control,0,1,1,12,3,17,12,44,22,12,11,11,0,0
pc-aa314791-2237,urzeitliche_kolosse__ohne_pc,control,1,0,0,12,-1,17,15,57,16,13,8,7,0,3
pc-30e3f6d4-2238,solidaritaet_ueberleben__mit_pc,control,0,0,1,9,-3,13,9,35,5,9,4,5,0,0
pc-30e3f6d4-2238,urzeitliche_kolosse__ohne_pc,control,1,1,0,9,5,13,9,34,2,8,5,13,0,0
pc-b7968616-2239,solidaritaet_ueberleben__mit_pc,control,0,1,1,9,2,14,9,37,3,8,5,13,0,0
pc-b7968616-2239,urzeitliche_kolosse__ohne_pc,control,1,0,0,9,-3,13,9,36,8,9,5,8,0,1
pc-73de2f6d-2240,solidaritaet_ueberleben__mit_pc,control,0,1,1,9,5,12,11,37,5,11,2,10,0,0
pc-73de2f6d-2240,urzeitliche_kolosse__ohne_pc,control,1,0,0,9,0,15,8,32,11,7,9,5,0,1
pc-fa90deaf-2241,solidaritaet_ueberleben__mit_pc,control,0,1,1,13,2,20,17,56,24,16,12,13,0,0
pc-fa90deaf-2241,urzeitliche_kolosse__ohne_pc,control,1,0,0,13,-3,20,16,57,24,14,12,8,0,2
pc-81436df2-2242,solidaritaet_ueberleben__mit_pc,control,0,0,1,14,-3,20,18,60,34,17,10,7,1,0
pc-81436df2-2242,urzeitliche_kolosse__ohne_pc,control,1,1,0,14,3,19,17,63,31,15,14,13,0,3
pc-07f61d35-2243,solidaritaet_ueberleben__mit_pc,control,0,0,1,9,-1,14,10,32,8,9,7,3,0,0
pc-07f61d35-2243,urzeitliche_kolosse__ohne_pc,control,1,1,0,9,7,13,11,37,7,10,5,11,0,0
pc-5913b263-2244,solidaritaet_ueberleben__mit_pc,control,0,0,1,10,-1,15,12,41,9,12,6,6,0,0
pc-5913b263-2244,urzeitliche_kolosse__ohne_pc,control,1,1,0,10,4,14,13,46,6,11,9,11,0,1
pc-dfc641a5-2245,solidaritaet_ueberleben__mit_pc,control,0,0,1,7,-1,11,7,20,1,7,3,8,0,0
pc-dfc641a5-2245,urzeitliche_kolosse__ohne_pc,control,1,1,0,7,2,11,8,23,3,7,2,11,0,0
pc-6678f0e8-2246,solidaritaet_ueberleben__mit_pc,control,0,0,1,7,-1,11,8,21,2,7,3,5,0,0
pc-6678f0e8-2246,urzeitliche_kolosse__ohne_pc,control,1,1,0,7,5,11,8,26,2,6,5,11,0,0
pc-ed2b802a-2247,solidaritaet_ueberleben__mit_pc,control,0,0,1,9,-2,13,8,23,13,8,4,2,0,0
pc-ed2b802a-2247,urzeitliche_kolosse__ohne_pc,control,1,1,0,9,8,12,9,29,7,7,4,12,0,2
pc-a9732981-2248,solidaritaet_ueberleben__mit_pc,control,0,1,1,13,1,19,15,56,22,14,13,11,0,0
pc-a9732981-2248,urzeitliche_kolosse__ohne_pc,control,1,0,0,13,-1,17,16,56,24,15,11,9,0,1
pc-3025d8c4-2249,solidaritaet_ueberleben__mit_pc,control,0,0,1,9,0,13,10,31,10,9,3,2,0,0
pc-3025d8c4-2249,urzeitliche_kolosse__ohne_pc,control,1,1,0,9,8,14,10,38,2,8,4,10,0,0
pc-b0151ca2-2250,solidaritaet_ueberleben__mit_pc,control,0,1,0,13,1,17,14,52,30,13,10,12,0,0
pc-b0151ca2-2250,urzeitliche_kolosse__ohne_pc,control,1,0,1,13,-2,19,16,57,27,14,11,9,0,4
pc-29626d60-2251,solidaritaet_ueberleben__mit_pc,control,0,0,0,6,-1,10,5,20,1,5,2,6,0,0
pc-29626d60-2251,urzeitliche_kolosse__ohne_pc,control,1,1,1,6,4,11,5,19,1,5,2,11,0,0
pc-a2afde1d-2252,solidaritaet_ueberleben__mit_pc,control,0,1,0,7,2,10,6,21,3,6,5,10,0,0
pc-a2afde1d-2252,urzeitliche_kolosse__ohne_pc,control,1,0,1,7,0,12,9,25,1,9,3,8,0,1
pc-1bfd2edb-2253,solidaritaet_ueberleben__mit_pc,control,0,1,0,9,7,14,8,31,5,7,5,15,0,0
pc-1bfd2edb-2253,urzeitliche_kolosse__ohne_pc,control,1,0,1,9,-5,14,10,40,5,9,2,3,0,0
pc-954a9f98-2254,solidaritaet_ueberleben__mit_pc,control,0,0,0,9,-1,15,10,33,9,10,6,4,0,0
pc-954a9f98-2254,urzeitliche_kolosse__ohne_pc,control,1,1,1,9,6,14,12,38,5,10,8,11,0,2
pc-0e97f056-2255,solidaritaet_ueberleben__mit_pc,control,0,1,0,7,1,12,7,27,1,6,2,13,0,0
pc-0e97f056-2255,urzeitliche_kolosse__ohne_pc,control,1,0,1,7,-3,13,6,25,3,6,4,9,0,0
pc-87e54113-2256,solidaritaet_ueberleben__mit_pc,control,0,0,0,7,0,12,7,27,1,6,4,0,0,0
pc-87e54113-2256,urzeitliche_kolosse__ohne_pc,control,1,1,1,7,10,12,8,26,2,8,2,10,0,1
pc-0132b1d1-2257,solidaritaet_ueberleben__mit_pc,control,0,1,0,10,7,15,13,42,5,12,7,15,2,0
pc-0132b1d1-2257,urzeitliche_kolosse__ohne_pc,control,1,0,1,10,-5,15,11,42,12,9,9,3,0,0
pc-e5aa16b6-2258,solidaritaet_ueberleben__mit_pc,control,0,1,0,6,6,10,5,20,1,5,3,10,0,0
pc-e5aa16b6-2258,urzeitliche_kolosse__ohne_pc,control,1,0,1,6,0,11,7,17,2,5,2,4,0,0
pc-5ef76774-2259,solidaritaet_ueberleben__mit_pc,control,0,1,0,10,5,13,13,46,3,13,5,12,0,0
pc-5ef76774-2259,urzeitliche_kolosse__ohne_pc,control,1,0,1,10,-2,15,11,42,10,9,9,5,0,3
pc-d844d831-2260,solidaritaet_ueberleben__mit_pc,control,0,0,0,16,-1,22,12,46,74,11,7,5,0,0
pc-d844d831-2260,urzeitliche_kolosse__ohne_pc,control,1,1,1,16,4,21,14,51,69,12,6,10,0,0
pc-519228ef-2261,solidaritaet_ueberleben__mit_pc,control,0,1,0,12,2,18,15,51,17,14,9,13,1,0
pc-519228ef-2261,urzeitliche_kolosse__ohne_pc,control,1,0,1,12,-3,18,15,56,15,13,10,8,0,1
pc-cadf99ac-2262,solidaritaet_ueberleben__mit_pc,control,0,1,0,14,3,18,15,46,45,14,13,10,5,0
pc-cadf99ac-2262,urzeitliche_kolosse__ohne_pc,control,1,0,1,14,0,19,17,58,40,15,10,7,0,1
pc-442cea6a-2263,solidaritaet_ueberleben__mit_pc,control,0,1,0,8,8,15,9,34,1,8,3,10,0,0
pc-442cea6a-2263,urzeitliche_kolosse__ohne_pc,control,1,0,1,8,0,14,7,33,3,7,4,2,0,2
pc-bd7a5b27-2264,solidaritaet_ueberleben__mit_pc,control,0,0,0,10,-2,14,10,34,16,10,8,7,0,0
pc-bd7a5b27-2264,urzeitliche_kolosse__ohne_pc,control,1,1,1,10,3,14,12,46,3,11,6,12,0,0
pc-36c7abe5-2265,solidaritaet_ueberleben__mit_pc,control,0,0,0,14,-2,19,18,62,33,17,10,7,0,0
pc-36c7abe5-2265,urzeitliche_kolosse__ohne_pc,control,1,1,1,14,3,19,17,61,38,15,18,12,0,3
pc-1b3f10cb-2266,solidaritaet_ueberleben__mit_pc,control,0,0,0,8,-3,13,8,29,2,8,5,3,0,0
pc-1b3f10cb-2266,urzeitliche_kolosse__ohne_pc,control,1,1,1,8,7,12,9,32,4,7,3,13,0,3
pc-948c6188-2267,solidaritaet_ueberleben__mit_pc,control,0,,0,15,0,21,15,56,49,14,14,9,0,0
pc-948c6188-2267,urzeitliche_kolosse__ohne_pc,control,1,,1,15,0,20,18,64,45,16,13,9,0,3
pc-0dd9d246-2268,solidaritaet_ueberleben__mit_pc,control,0,1,0,6,4,12,5,20,1,5,2,10,0,0
pc-0dd9d246-2268,urzeitliche_kolosse__ohne_pc,control,1,0,1,6,0,10,6,17,1,5,2,6,0,0
pc-87272303-2269,solidaritaet_ueberleben__mit_pc,control,0,0,0,9,-1,13,9,31,13,8,5,3,0,0
pc-87272303-2269,urzeitliche_kolosse__ohne_pc,control,1,1,1,9,7,14,11,41,4,10,3,11,0,3
pc-007493c1-2270,solidaritaet_ueberleben__mit_pc,control,0,1,0,15,1,21,18,61,48,17,11,10,0,0
pc-007493c1-2270,urzeitliche_kolosse__ohne_pc,control,1,0,1,15,0,19,18,68,42,16,15,9,0,3
pc-79c1e47e-2271,solidaritaet_ueberleben__mit_pc,control,0,0,0,10,-1,16,10,30,15,10,8,9,0,0
pc-79c1e47e-2271,urzeitliche_kolosse__ohne_pc,control,1,1,1,10,1,15,13,46,3,11,7,11,0,2
pc-f30f553b-2272,solidaritaet_ueberleben__mit_pc,control,0,1,0,8,3,14,8,33,2,8,4,10,0,0
pc-f30f553b-2272,urzeitliche_kolosse__ohne_pc,control,1,0,1,8,0,13,9,32,4,7,3,7,0,0
pc-6c5ca5f9-2273,solidaritaet_ueberleben__mit_pc,control,0,0,0,8,-3,13,10,29,2,9,6,6,0,0
pc-6c5ca5f9-2273,urzeitliche_kolosse__ohne_pc,control,1,1,1,8,4,13,9,34,2,9,8,13,0,3
pc-50d40adf-2274,solidaritaet_ueberleben__mit_pc,control,0,1,0,12,4,19,12,45,24,12,9,12,4,0
pc-50d40adf-2274,urzeitliche_kolosse__ohne_pc,control,1,0,1,12,-2,17,15,52,19,13,9,6,0,1
pc-ca217b9c-2275,solidaritaet_ueberleben__mit_pc,control,0,0,0,7,-1,10,7,24,3,7,1,9,0,0
pc-ca217b9c-2275,urzeitliche_kolosse__ohne_pc,control,1,1,1,7,1,11,5,22,6,5,6,11,0,1
pc-436ecc5a-2276,solidaritaet_ueberleben__mit_pc,control,0,1,0,13,5,18,14,54,26,14,11,12,0,0
pc-436ecc5a-2276,urzeitliche_kolosse__ohne_pc,control,1,0,1,13,-2,18,16,56,26,14,10,5,0,4
pc-bcbc3d17-2277,solidaritaet_ueberleben__mit_pc,control,0,0,0,11,-1,16,14,46,11,14,8,8,0,0
pc-bcbc3d17-2277,urzeitliche_kolosse__ohne_pc,control,1,1,1,11,2,15,14,51,6,12,11,11,0,2
pc-36098dd5-2278,solidaritaet_ueberleben__mit_pc,control,0,0,0,6,-1,11,5,20,1,5,2,0,0,0
pc-36098dd5-2278,urzeitliche_kolosse__ohne_pc,control,1,1,1,6,10,11,6,17,1,6,3,11,0,0
pc-af56fe92-2279,solidaritaet_ueberleben__mit_pc,control,0,0,0,8,0,14,8,27,1,8,3,3,0,0
pc-af56fe92-2279,urzeitliche_kolosse__ohne_pc,control,1,1,1,8,7,13,8,33,3,8,3,10,0,2
pc-28a44f50-2280,solidaritaet_ueberleben__mit_pc,control,0,0,0,6,0,10,7,21,0,7,3,2,0,0
pc-28a44f50-2280,urzeitliche_kolosse__ohne_pc,control,1,1,1,6,8,10,7,19,1,6,5,10,0,0
pc-a1f1a00d-2281,solidaritaet_ueberleben__mit_pc,control,0,0,0,8,0,11,9,32,2,9,3,9,0,0
pc-a1f1a00d-2281,urzeitliche_kolosse__ohne_pc,control,1,1,1,8,1,14,7,32,3,7,5,10,0,1
pc-866904f3-2282,solidaritaet_ueberleben__mit_pc,control,0,0,0,6,0,11,7,20,1,7,3,8,0,0
pc-866904f3-2282,urzeitliche_kolosse__ohne_pc,control,1,1,1,6,2,11,5,18,2,5,5,10,0,0
pc-ffb675b0-2283,solidaritaet_ueberleben__mit_pc,control,0,0,0,7,0,12,7,24,3,6,4,3,0,0
pc-ffb675b0-2283,urzeitliche_kolosse__ohne_pc,control,1,1,1,7,7,13,8,26,1,7,1,10,0,3
pc-7903c66e-2284,solidaritaet_ueberleben__mit_pc,control,0,0,0,15,0,20,19,62,47,18,12,7,0,0
pc-7903c66e-2284,urzeitliche_kolosse__ohne_pc,control,1,1,1,15,3,19,18,66,45,16,18,10,0,0
pc-f251372b-2285,solidaritaet_ueberleben__mit_pc,control,0,0,0,11,-2,15,13,46,12,12,5,6,0,0
pc-f251372b-2285,urzeitliche_kolosse__ohne_pc,control,1,1,1,11,4,16,12,47,15,10,8,12,0,0
pc-6b9e87e9-2286,solidaritaet_ueberleben__mit_pc,control,0,0,0,9,0,14,12,36,2,11,6,8,0,0
pc-6b9e87e9-2286,urzeitliche_kolosse__ohne_pc,control,1,1,1,9,2,14,11,42,2,11,9,10,0,3
pc-e4ebf8a6-2287,solidaritaet_ueberleben__mit_pc,control,0,0,0,8,-3,14,7,26,4,7,4,0,0,0
pc-e4ebf8a6-2287,urzeitliche_kolosse__ohne_pc,control,1,1,1,8,10,13,7,34,2,7,3,13,0,1
pc-5e394964-2288,solidaritaet_ueberleben__mit_pc,control,0,0,0,6,0,10,5,19,2,5,3,4,0,0
pc-5e394964-2288,urzeitliche_kolosse__ohne_pc,control,1,1,1,6,6,11,5,17,3,5,2,10,0,0
pc-d786ba21-2289,solidaritaet_ueberleben__mit_pc,control,0,1,0,10,4,16,11,34,11,11,9,10,0,0
pc-d786ba21-2289,urzeitliche_kolosse__ohne_pc,control,1,0,1,10,0,16,12,48,5,12,9,6,0,0
pc-bbfe1f07-2290,solidaritaet_ueberleben__mit_pc,control,0,0,0,9,-3,15,9,33,9,9,5,9,0,0
pc-bbfe1f07-2290,urzeitliche_kolosse__ohne_pc,control,1,1,1,9,1,13,10,37,7,8,4,13,0,0
pc-354b6fc5-2291,solidaritaet_ueberleben__mit_pc,control,0,0,0,13,-3,18,16,52,29,15,9,7,0,0
pc-354b6fc5-2291,urzeitliche_kolosse__ohne_pc,control,1,1,1,13,3,18,16,57,30,14,12,13,0,0
pc-ae98c082-2292,solidaritaet_ueberleben__mit_pc,control,0,0,0,12,-4,16,15,45,24,14,9,8,0,0
pc-ae98c082-2292,urzeitliche_kolosse__ohne_pc,control,1,1,1,12,2,18,15,56,15,13,11,14,0,0
pc-27e63140-2293,solidaritaet_ueberleben__mit_pc,control,0,1,0,8,4,14,8,27,6,8,6,12,0,0
pc-27e63140-2293,urzeitliche_kolosse__ohne_pc,control,1,0,1,8,-2,11,11,29,5,9,3,6,0,0
pc-a13381fd-2294,solidaritaet_ueberleben__mit_pc,control,0,1,0,12,1,18,12,46,20,11,6,14,0,0
pc-a13381fd-2294,urzeitliche_kolosse__ohne_pc,control,1,0,1,12,-4,17,12,54,23,11,7,9,0,2
pc-1a80f2bb-2295,solidaritaet_ueberleben__mit_pc,control,0,0,0,9,0,14,9,34,6,8,5,5,0,0
pc-1a80f2bb-2295,urzeitliche_kolosse__ohne_pc,control,1,1,1,9,5,14,10,42,3,9,4,10,0,0
pc-93ce4378-2296,solidaritaet_ueberleben__mit_pc,control,0,1,0,9,1,14,10,35,4,10,9,10,0,0
pc-93ce4378-2296,urzeitliche_kolosse__ohne_pc,control,1,0,1,9,0,14,11,40,4,11,8,9,0,0
pc-0d1bb436-2297,solidaritaet_ueberleben__mit_pc,control,0,0,0,13,-2,18,17,59,22,16,9,7,0,0
pc-0d1bb436-2297,urzeitliche_kolosse__ohne_pc,control,1,1,1,13,3,17,16,52,28,14,11,12,0,3
pc-f193191b-2298,solidaritaet_ueberleben__mit_pc,control,0,0,0,6,-2,12,6,20,0,6,4,7,0,0
pc-f193191b-2298,urzeitliche_kolosse__ohne_pc,control,1,1,1,6,3,10,7,19,1,6,3,12,0,0
pc-6ae069d9-2299,solidaritaet_ueberleben__mit_pc,control,0,1,0,9,6,13,10,36,4,10,4,13,0,0
pc-6ae069d9-2299,urzeitliche_kolosse__ohne_pc,control,1,0,1,9,-3,14,10,39,4,8,8,4,0,0
pc-73609735-2300,solidaritaet_ueberleben__ohne_pc,control,0,0,1,5,0,10,4,13,1,3,2,0,0,0
pc-73609735-2300,urzeitliche_kolosse__mit_pc,control,1,1,0,5,10,8,6,13,0,5,2,10,0,0
pc-ecade7f2-2301,solidaritaet_ueberleben__ohne_pc,control,0,1,1,7,5,11,7,25,2,6,2,10,0,0
pc-ecade7f2-2301,urzeitliche_kolosse__mit_pc,control,1,0,0,7,0,13,5,25,3,5,2,5,0,0
pc-65fb58b0-2302,solidaritaet_ueberleben__ohne_pc,control,0,1,1,8,3,12,10,31,2,10,5,11,0,0
pc-65fb58b0-2302,urzeitliche_kolosse__mit_pc,control,1,0,0,8,-1,13,9,32,4,8,8,7,0,0
pc-df48a96d-2303,solidaritaet_ueberleben__ohne_pc,control,0,0,1,9,-1,13,12,35,6,11,6,9,1,0
pc-df48a96d-2303,urzeitliche_kolosse__mit_pc,control,1,1,0,9,1,14,10,35,10,9,6,11,0,0
pc-8e2b143f-2304,solidaritaet_ueberleben__ohne_pc,control,0,1,1,9,6,12,10,37,4,10,4,11,0,0
pc-8e2b143f-2304,urzeitliche_kolosse__mit_pc,control,1,0,0,9,-1,13,10,37,6,9,6,4,0,1
pc-077864fd-2305,solidaritaet_ueberleben__ohne_pc,control,0,1,1,7,2,11,7,25,1,7,3,10,0,0
pc-077864fd-2305,urzeitliche_kolosse__mit_pc,control,1,0,0,7,0,11,7,25,3,6,2,8,0,0
pc-80c5d5ba-2306,solidaritaet_ueberleben__ohne_pc,control,0,0,1,12,-1,18,15,47,22,14,10,4,1,0
pc-80c5d5ba-2306,urzeitliche_kolosse__mit_pc,control,1,1,0,12,6,17,15,61,12,15,12,11,0,1
pc-fa132677-2307,solidaritaet_ueberleben__ohne_pc,control,0,1,1,8,2,13,9,27,5,9,4,10,0,0
pc-fa132677-2307,urzeitliche_kolosse__mit_pc,control,1,0,0,8,0,11,9,28,7,9,4,8,0,2
pc-a8f59149-2308,solidaritaet_ueberleben__ohne_pc,control,0,0,1,11,-1,18,13,42,23,12,6,8,0,0
pc-a8f59149-2308,urzeitliche_kolosse__mit_pc,control,1,1,0,11,2,17,12,53,11,11,8,11,0,2
pc-2242e207-2309,solidaritaet_ueberleben__ohne_pc,control,0,1,1,6,3,11,6,21,0,6,3,12,0,0
pc-2242e207-2309,urzeitliche_kolosse__mit_pc,control,1,0,0,6,-2,12,5,16,4,5,2,7,0,0
pc-9b9052c4-2310,solidaritaet_ueberleben__ohne_pc,control,0,1,1,8,4,13,9,30,2,9,3,13,0,0
pc-9b9052c4-2310,urzeitliche_kolosse__mit_pc,control,1,0,0,8,-3,14,8,32,4,7,5,6,0,0
pc-14dda382-2311,solidaritaet_ueberleben__ohne_pc,control,0,0,1,9,-4,14,10,32,4,9,4,5,0,0
pc-14dda382-2311,urzeitliche_kolosse__mit_pc,control,1,1,0,9,5,14,7,30,6,7,4,14,0,1
pc-c3c00e53-2312,solidaritaet_ueberleben__ohne_pc,control,0,0,1,13,-3,20,16,52,29,15,7,3,1,0
pc-c3c00e53-2312,urzeitliche_kolosse__mit_pc,control,1,1,0,13,7,17,11,42,36,10,12,13,0,3
pc-3d0d7f11-2313,solidaritaet_ueberleben__ohne_pc,control,0,0,1,11,-2,15,14,42,17,13,7,9,3,0
pc-3d0d7f11-2313,urzeitliche_kolosse__mit_pc,control,1,1,0,11,1,15,12,45,10,11,10,12,0,4
pc-b65acfce-2314,solidaritaet_ueberleben__ohne_pc,control,0,0,1,5,0,11,5,14,0,5,1,0,0,0
pc-b65acfce-2314,urzeitliche_kolosse__mit_pc,control,1,1,0,5,10,11,5,13,2,5,3,10,0,0
pc-2fa8208c-2315,solidaritaet_ueberleben__ohne_pc,control,0,0,1,9,-1,14,10,28,8,9,7,2,0,0
pc-2fa8208c-2315,urzeitliche_kolosse__mit_pc,control,1,1,0,9,8,14,9,33,3,9,4,11,0,0
pc-0836830d-2316,solidaritaet_ueberleben__ohne_pc,control,0,0,1,12,-1,15,15,49,25,15,9,0,0,0
pc-0836830d-2316,urzeitliche_kolosse__mit_pc,control,1,1,0,12,10,17,14,58,16,14,12,11,0,1
pc-8183f3ca-2317,solidaritaet_ueberleben__ohne_pc,control,0,0,1,7,-1,12,6,26,1,6,5,2,0,0
pc-8183f3ca-2317,urzeitliche_kolosse__mit_pc,control,1,1,0,7,8,12,7,22,4,7,5,11,0,0
pc-fad14487-2318,solidaritaet_ueberleben__ohne_pc,control,0,0,1,11,-5,16,14,42,18,13,10,7,1,0
pc-fad14487-2318,urzeitliche_kolosse__mit_pc,control,1,1,0,11,3,16,14,46,14,13,11,15,0,2
pc-741eb545-2319,solidaritaet_ueberleben__ohne_pc,control,0,0,1,8,-2,13,8,24,10,7,8,1,0,0
pc-741eb545-2319,urzeitliche_kolosse__mit_pc,control,1,1,0,8,9,13,11,32,2,11,5,12,0,1
pc-23010017-2320,solidaritaet_ueberleben__ohne_pc,control,0,0,1,8,0,14,9,34,2,9,3,3,0,0
pc-23010017-2320,urzeitliche_kolosse__mit_pc,control,1,1,0,8,7,13,7,31,5,7,4,10,0,1
pc-9c4e70d4-2321,solidaritaet_ueberleben__ohne_pc,control,0,0,1,3,0,7,3,5,1,3,0,2,0,0
pc-9c4e70d4-2321,urzeitliche_kolosse__mit_pc,control,1,1,0,3,8,8,3,6,0,2,0,10,0,0
pc-159bc192-2322,solidaritaet_ueberleben__ohne_pc,control,0,0,1,12,-1,16,15,47,21,15,11,7,0,0
pc-159bc192-2322,urzeitliche_kolosse__mit_pc,control,1,1,0,12,3,18,15,64,8,14,12,11,0,1
pc-8ee9324f-2323,solidaritaet_ueberleben__ohne_pc,control,0,0,1,11,-3,17,15,43,16,14,4,3,0,0
pc-8ee9324f-2323,urzeitliche_kolosse__mit_pc,control,1,1,0,11,7,17,10,43,19,9,13,13,0,3
pc-3dcb9d21-2324,solidaritaet_ueberleben__ohne_pc,control,0,0,1,5,-1,8,5,14,0,5,1,0,0,0
pc-3dcb9d21-2324,urzeitliche_kolosse__mit_pc,control,1,1,0,5,10,11,5,15,0,5,4,11,0,0
pc-b718edde-2325,solidaritaet_ueberleben__ohne_pc,control,0,0,1,9,-1,14,8,24,14,8,8,8,0,0
pc-b718edde-2325,urzeitliche_kolosse__mit_pc,control,1,1,0,9,2,13,11,38,5,11,4,11,0,1
pc-30665e9c-2326,solidaritaet_ueberleben__ohne_pc,control,0,0,1,9,-2,16,10,37,4,10,6,5,1,0
pc-30665e9c-2326,urzeitliche_kolosse__mit_pc,control,1,1,0,9,5,13,10,35,8,10,6,12,0,0
pc-a9b3af59-2327,solidaritaet_ueberleben__ohne_pc,control,0,0,1,13,-3,18,13,47,43,12,6,4,0,0
pc-a9b3af59-2327,urzeitliche_kolosse__mit_pc,control,1,1,0,13,6,18,12,54,32,11,9,13,0,3
pc-58961a2b-2328,solidaritaet_ueberleben__ohne_pc,control,0,0,1,13,0,18,17,55,27,16,12,8,0,0
pc-58961a2b-2328,urzeitliche_kolosse__mit_pc,control,1,1,0,13,2,19,16,64,21,15,15,10,0,0
pc-d1e36ae8-2329,solidaritaet_ueberleben__ohne_pc,control,0,0,1,6,0,10,7,20,1,7,2,5,0,0
pc-d1e36ae8-2329,urzeitliche_kolosse__mit_pc,control,1,1,0,6,5,11,6,18,3,5,4,10,0,0
pc-4b30dba6-2330,solidaritaet_ueberleben__ohne_pc,control,0,0,1,9,-3,13,11,33,11,10,6,4,0,0
pc-4b30dba6-2330,urzeitliche_kolosse__mit_pc,control,1,1,0,9,6,15,11,41,4,11,7,13,0,1
pc-c47e2c63-2331,solidaritaet_ueberleben__ohne_pc,control,0,1,1,9,5,15,10,40,4,9,6,11,0,0
pc-c47e2c63-2331,urzeitliche_kolosse__mit_pc,control,1,0,0,9,-1,15,12,42,1,11,4,5,0,0
pc-9d0c8ee4-2332,solidaritaet_ueberleben__ohne_pc,control,0,0,1,9,0,15,11,37,2,10,4,3,0,0
pc-9d0c8ee4-2332,urzeitliche_kolosse__mit_pc,control,1,1,0,9,7,14,10,35,3,9,7,10,0,0
pc-1659ffa2-2333,solidaritaet_ueberleben__ohne_pc,control,0,0,1,12,-1,17,15,49,23,14,7,6,0,0
pc-1659ffa2-2333,urzeitliche_kolosse__mit_pc,control,1,1,0,12,4,18,13,54,15,12,11,11,0,0
pc-8fa7505f-2334,solidaritaet_ueberleben__ohne_pc,control,0,1,1,9,5,15,10,34,5,9,6,10,0,0
pc-8fa7505f-2334,urzeitliche_kolosse__mit_pc,control,1,0,0,9,0,15,8,39,3,8,6,5,0,0
pc-08f4a11d-2335,solidaritaet_ueberleben__ohne_pc,control,0,0,1,7,-1,14,6,26,1,6,4,3,0,0
pc-08f4a11d-2335,urzeitliche_kolosse__mit_pc,control,1,1,0,7,7,12,9,28,0,8,3,11,0,0
pc-b7d70bee-2336,solidaritaet_ueberleben__ohne_pc,control,0,0,1,11,-1,16,14,47,8,14,5,8,0,0
pc-b7d70bee-2336,urzeitliche_kolosse__mit_pc,control,1,1,0,11,2,17,10,47,8,9,9,11,0,0
pc-31247cac-2337,solidaritaet_ueberleben__ohne_pc,control,0,0,1,7,0,12,8,27,0,8,3,3,0,0
pc-31247cac-2337,urzeitliche_kolosse__mit_pc,control,1,1,0,7,7,13,8,26,2,7,6,10,0,0
pc-aa71cd69-2338,solidaritaet_ueberleben__ohne_pc,control,0,0,1,9,0,16,11,39,6,10,4,9,0,0
pc-aa71cd69-2338,urzeitliche_kolosse__mit_pc,control,1,1,0,9,1,15,10,44,1,9,6,10,0,0
pc-23bf3e27-2339,solidaritaet_ueberleben__ohne_pc,control,0,0,1,7,0,11,8,23,5,7,1,2,0,0
pc-23bf3e27-2339,urzeitliche_kolosse__mit_pc,control,1,1,0,7,8,13,5,24,4,5,6,10,0,0
pc-d2a188f8-2340,solidaritaet_ueberleben__ohne_pc,control,0,0,1,10,-2,16,14,36,16,14,9,1,0,0
pc-d2a188f8-2340,urzeitliche_kolosse__mit_pc,control,1,1,0,10,9,16,13,43,5,13,11,12,0,0
pc-4beef9b6-2341,solidaritaet_ueberleben__ohne_pc,control,0,1,1,11,1,15,14,45,12,14,7,13,0,0
pc-4beef9b6-2341,urzeitliche_kolosse__mit_pc,control,1,0,0,11,-3,16,13,50,16,12,10,9,0,3
pc-c53c4a73-2342,solidaritaet_ueberleben__ohne_pc,control,0,1,1,9,1,13,12,40,4,11,7,14,0,0
pc-c53c4a73-2342,urzeitliche_kolosse__mit_pc,control,1,0,0,9,-4,15,10,41,4,10,8,9,0,0
pc-3e89bb31-2343,solidaritaet_ueberleben__ohne_pc,control,0,1,1,9,1,12,10,37,6,9,3,10,0,0
pc-3e89bb31-2343,urzeitliche_kolosse__mit_pc,control,1,0,0,9,0,15,9,34,4,8,6,9,0,3
pc-ed6c0602-2344,solidaritaet_ueberleben__ohne_pc,control,0,1,1,8,5,12,8,30,1,7,2,12,0,0
pc-ed6c0602-2344,urzeitliche_kolosse__mit_pc,control,1,0,0,8,-2,12,7,32,3,7,4,5,0,2
pc-66b976c0-2345,solidaritaet_ueberleben__ohne_pc,control,0,0,1,9,-2,14,9,24,12,9,7,3,0,0
pc-66b976c0-2345,urzeitliche_kolosse__mit_pc,control,1,1,0,9,7,13,10,39,1,10,4,12,0,3
pc-e006c77d-2346,solidaritaet_ueberleben__ohne_pc,control,0,0,1,6,0,10,7,20,1,7,2,1,0,0
pc-e006c77d-2346,urzeitliche_kolosse__mit_pc,control,1,1,0,6,9,11,7,21,0,6,3,10,0,0
pc-5954383b-2347,solidaritaet_ueberleben__ohne_pc,control,0,0,1,12,-1,16,15,48,21,14,7,5,0,0
pc-5954383b-2347,urzeitliche_kolosse__mit_pc,control,1,1,0,12,5,17,13,50,16,12,11,11,0,4
pc-31e29abc-2348,solidaritaet_ueberleben__ohne_pc,control,0,0,1,6,-1,11,5,20,1,5,3,7,0,0
pc-31e29abc-2348,urzeitliche_kolosse__mit_pc,control,1,1,0,6,3,9,6,16,1,5,1,11,0,0
pc-ab2feb79-2349,solidaritaet_ueberleben__ohne_pc,control,0,0,1,7,-2,13,6,24,1,6,4,5,0,0
pc-ab2feb79-2349,urzeitliche_kolosse__mit_pc,control,1,1,0,7,5,11,7,26,2,7,2,12,0,2
pc-88cdc863-2350,solidaritaet_ueberleben__ohne_pc,control,0,1,0,8,1,13,9,32,2,9,6,11,0,0
pc-88cdc863-2350,urzeitliche_kolosse__mit_pc,control,1,0,1,8,-1,13,10,27,5,9,4,9,0,0
pc-021b3921-2351,solidaritaet_ueberleben__ohne_pc,control,0,1,0,10,2,14,14,50,4,13,3,13,0,0
pc-021b3921-2351,urzeitliche_kolosse__mit_pc,control,1,0,1,10,-3,16,9,35,12,8,11,8,0,3
pc-963306e8-2352,solidaritaet_ueberleben__ohne_pc,control,0,0,0,15,-2,21,19,63,44,18,11,6,0,0
pc-963306e8-2352,urzeitliche_kolosse__mit_pc,control,1,1,1,15,4,20,17,60,45,16,17,12,0,5
pc-0f8077a6-2353,solidaritaet_ueberleben__ohne_pc,control,0,0,0,15,0,20,19,62,47,18,13,3,2,0
pc-0f8077a6-2353,urzeitliche_kolosse__mit_pc,control,1,1,1,15,7,21,18,73,36,18,15,10,0,1
pc-6e034b59-2354,solidaritaet_ueberleben__ohne_pc,control,0,0,0,10,-1,15,14,44,4,14,5,2,0,0
pc-6e034b59-2354,urzeitliche_kolosse__mit_pc,control,1,1,1,10,8,16,11,46,2,10,11,11,0,4
pc-e750bc16-2355,solidaritaet_ueberleben__ohne_pc,control,0,0,0,4,-1,8,3,8,2,3,1,1,0,0
pc-e750bc16-2355,urzeitliche_kolosse__mit_pc,control,1,1,1,4,9,10,4,10,0,4,0,11,0,0
pc-7b6889de-2356,solidaritaet_ueberleben__ohne_pc,control,0,1,0,9,3,13,11,38,3,11,4,12,0,0
pc-7b6889de-2356,urzeitliche_kolosse__mit_pc,control,1,0,1,9,-2,15,10,39,4,9,7,7,0,1
pc-f4b5fa9b-2357,solidaritaet_ueberleben__ohne_pc,control,0,1,0,11,5,17,14,49,9,14,8,13,0,0
pc-f4b5fa9b-2357,urzeitliche_kolosse__mit_pc,control,1,0,1,11,-3,15,14,51,9,13,10,5,0,0
pc-be62c277-2358,solidaritaet_ueberleben__ohne_pc,control,0,0,0,5,0,10,5,13,2,5,3,0,0,0
pc-be62c277-2358,urzeitliche_kolosse__mit_pc,control,1,1,1,5,10,11,6,15,0,6,2,10,0,0
pc-37b03335-2359,solidaritaet_ueberleben__ohne_pc,control,0,0,0,15,0,21,17,57,55,16,10,3,0,0
pc-37b03335-2359,urzeitliche_kolosse__mit_pc,control,1,1,1,15,6,21,15,63,47,14,13,9,0,3
pc-cbc800fc-2360,solidaritaet_ueberleben__ohne_pc,control,0,1,0,9,7,12,11,40,3,11,4,11,0,0
pc-cbc800fc-2360,urzeitliche_kolosse__mit_pc,control,1,0,1,9,-1,14,9,40,5,8,6,3,0,0
pc-451571ba-2361,solidaritaet_ueberleben__ohne_pc,control,0,0,0,8,-1,13,8,33,3,8,4,4,0,0
pc-451571ba-2361,urzeitliche_kolosse__mit_pc,control,1,1,1,8,6,14,8,33,3,8,4,11,0,1
pc-a398456d-2362,solidaritaet_ueberleben__ohne_pc,control,0,0,0,15,0,19,16,54,58,16,7,6,0,0
pc-a398456d-2362,urzeitliche_kolosse__mit_pc,control,1,1,1,15,3,21,12,58,53,12,12,9,0,1
pc-1ce5b62b-2363,solidaritaet_ueberleben__ohne_pc,control,0,0,0,14,-3,19,17,54,41,16,7,8,0,0
pc-1ce5b62b-2363,urzeitliche_kolosse__mit_pc,control,1,1,1,14,2,20,13,52,39,12,12,13,0,0
pc-b0fd83f2-2364,solidaritaet_ueberleben__ohne_pc,control,0,0,0,9,-4,15,11,34,10,10,4,4,0,0
pc-b0fd83f2-2364,urzeitliche_kolosse__mit_pc,control,1,1,1,9,6,13,10,38,3,9,7,14,0,3
pc-2a4af4b0-2365,solidaritaet_ueberleben__ohne_pc,control,0,0,0,11,0,17,13,38,19,12,7,6,0,0
pc-2a4af4b0-2365,urzeitliche_kolosse__mit_pc,control,1,1,1,11,4,17,11,49,6,10,11,10,0,6
pc-1da3d43b-2366,solidaritaet_ueberleben__ohne_pc,control,0,0,0,10,-1,16,14,43,7,13,5,5,0,0
pc-1da3d43b-2366,urzeitliche_kolosse__mit_pc,control,1,1,1,10,5,16,11,40,5,10,13,11,0,0
pc-96f124f8-2367,solidaritaet_ueberleben__ohne_pc,control,0,0,0,11,-2,16,14,40,18,13,6,4,0,0
pc-96f124f8-2367,urzeitliche_kolosse__mit_pc,control,1,1,1,11,6,17,11,41,21,10,10,12,0,1
pc-2b0912c0-2368,solidaritaet_ueberleben__ohne_pc,control,0,0,0,13,-4,18,16,50,32,15,12,4,0,0
pc-2b0912c0-2368,urzeitliche_kolosse__mit_pc,control,1,1,1,13,6,17,16,60,21,15,14,14,0,1
pc-a456637d-2369,solidaritaet_ueberleben__ohne_pc,control,0,0,0,10,-2,16,11,30,15,11,6,9,0,0
pc-a456637d-2369,urzeitliche_kolosse__mit_pc,control,1,1,1,10,1,16,9,40,10,8,8,12,0,0
pc-02d95731-2370,solidaritaet_ueberleben__ohne_pc,control,0,1,0,9,5,13,9,32,4,9,2,13,0,0
pc-02d95731-2370,urzeitliche_kolosse__mit_pc,control,1,0,1,9,-3,14,7,32,9,6,4,5,0,3
pc-7c26a7ee-2371,solidaritaet_ueberleben__ohne_pc,control,0,0,0,12,0,17,15,41,27,14,10,1,0,0
pc-7c26a7ee-2371,urzeitliche_kolosse__mit_pc,control,1,1,1,12,9,17,15,50,19,14,11,10,0,3
pc-103e95b6-2372,solidaritaet_ueberleben__ohne_pc,control,0,1,0,14,4,20,16,54,42,15,10,10,0,0
pc-103e95b6-2372,urzeitliche_kolosse__mit_pc,control,1,0,1,14,0,20,16,59,32,15,11,6,0,2
pc-898be673-2373,solidaritaet_ueberleben__ohne_pc,control,0,0,0,12,0,18,15,49,18,15,10,7,0,0
pc-898be673-2373,urzeitliche_kolosse__mit_pc,control,1,1,1,12,3,17,14,49,17,13,12,10,0,3
pc-5338ce4f-2374,solidaritaet_ueberleben__ohne_pc,control,0,0,0,11,-1,15,12,40,24,11,6,4,0,0
pc-5338ce4f-2374,urzeitliche_kolosse__mit_pc,control,1,1,1,11,6,17,12,54,7,11,9,11,0,2
pc-cc863f0c-2375,solidaritaet_ueberleben__ohne_pc,control,0,0,0,8,-1,13,9,32,1,9,4,5,0,0
pc-cc863f0c-2375,urzeitliche_kolosse__mit_pc,control,1,1,1,8,5,11,8,32,4,7,4,11,0,2
pc-609e0cd4-2376,solidaritaet_ueberleben__ohne_pc,control,0,0,0,12,-1,16,15,47,24,14,9,1,0,0
pc-609e0cd4-2376,urzeitliche_kolosse__mit_pc,control,1,1,1,12,9,16,15,55,12,14,14,11,0,0
pc-d9eb7d91-2377,solidaritaet_ueberleben__ohne_pc,control,0,0,0,9,-1,15,11,37,5,10,6,3,0,0
pc-d9eb7d91-2377,urzeitliche_kolosse__mit_pc,control,1,1,1,9,7,13,10,38,3,9,5,11,0,0
pc-386e5145-2378,solidaritaet_ueberleben__ohne_pc,control,0,0,0,8,-1,13,11,33,3,10,1,7,0,0
pc-386e5145-2378,urzeitliche_kolosse__mit_pc,control,1,1,1,8,3,14,6,31,5,6,7,11,0,4
pc-b1bba202-2379,solidaritaet_ueberleben__ohne_pc,control,0,0,0,9,0,17,10,29,13,9,6,3,0,0
pc-b1bba202-2379,urzeitliche_kolosse__mit_pc,control,1,1,1,9,7,15,11,41,3,11,6,10,0,1
pc-45d38fca-2380,solidaritaet_ueberleben__ohne_pc,control,0,1,0,8,2,13,9,30,4,8,4,13,0,0
pc-45d38fca-2380,urzeitliche_kolosse__mit_pc,control,1,0,1,8,-3,12,10,33,3,9,3,8,0,0
pc-bf20e087-2381,solidaritaet_ueberleben__ohne_pc,control,0,0,0,11,-5,18,15,48,18,14,7,0,2,0
pc-bf20e087-2381,urzeitliche_kolosse__mit_pc,control,1,1,1,11,10,16,12,52,10,12,12,15,0,2
pc-b279c012-2382,solidaritaet_ueberleben__ohne_pc,control,0,0,0,8,-1,12,6,21,7,6,7,5,0,0
pc-b279c012-2382,urzeitliche_kolosse__mit_pc,control,1,1,1,8,5,13,9,27,1,8,2,11,0,1
pc-2bc730d0-2383,solidaritaet_ueberleben__ohne_pc,control,0,0,0,9,-1,13,10,31,5,10,5,6,1,0
pc-2bc730d0-2383,urzeitliche_kolosse__mit_pc,control,1,1,1,9,4,15,10,38,5,9,5,11,0,1
pc-bfdf1e97-2384,solidaritaet_ueberleben__ohne_pc,control,0,0,0,5,0,10,5,13,2,5,1,1,0,0
pc-bfdf1e97-2384,urzeitliche_kolosse__mit_pc,control,1,1,1,5,9,9,5,15,0,5,1,10,0,0
pc-392c6f55-2385,solidaritaet_ueberleben__ohne_pc,control,0,1,0,8,7,11,9,33,2,8,4,12,0,0
pc-392c6f55-2385,urzeitliche_kolosse__mit_pc,control,1,0,1,8,-2,12,9,31,4,9,3,3,0,0
pc-97af4308-2386,solidaritaet_ueberleben__ohne_pc,control,0,0,0,8,0,14,9,31,1,8,3,5,0,0
pc-97af4308-2386,urzeitliche_kolosse__mit_pc,control,1,1,1,8,5,14,9,30,4,8,6,10,0,0
pc-10fcb3c6-2387,solidaritaet_ueberleben__ohne_pc,control,0,1,0,8,4,12,10,33,3,9,2,12,0,0
pc-10fcb3c6-2387,urzeitliche_kolosse__mit_pc,control,1,0,1,8,-2,12,8,31,5,7,6,6,0,0
pc-a514818d-2388,solidaritaet_ueberleben__ohne_pc,control,0,0,0,10,-1,15,12,38,12,11,7,3,0,0
pc-a514818d-2388,urzeitliche_kolosse__mit_pc,control,1,1,1,10,7,14,11,42,6,11,9,11,0,2
pc-1e61f24b-2389,solidaritaet_ueberleben__ohne_pc,control,0,0,0,9,-3,13,10,33,9,9,4,9,0,0
pc-1e61f24b-2389,urzeitliche_kolosse__mit_pc,control,1,1,1,9,1,14,10,37,8,9,4,13,0,0
pc-e80eda26-2390,solidaritaet_ueberleben__ohne_pc,control,0,1,0,12,5,18,13,46,20,13,10,10,0,0
pc-e80eda26-2390,urzeitliche_kolosse__mit_pc,control,1,0,1,12,0,18,14,53,24,13,11,5,0,1
pc-615c2ae4-2391,solidaritaet_ueberleben__ohne_pc,control,0,0,0,8,-2,13,6,22,6,6,5,8,0,0
pc-615c2ae4-2391,urzeitliche_kolosse__mit_pc,control,1,1,1,8,2,13,7,27,1,7,2,12,0,2
pc-f57418ab-2392,solidaritaet_ueberleben__ohne_pc,control,0,0,0,15,0,21,19,62,45,18,14,7,0,0
pc-f57418ab-2392,urzeitliche_kolosse__mit_pc,control,1,1,1,15,2,20,18,67,42,17,17,9,0,4
pc-6ec16969-2393,solidaritaet_ueberleben__ohne_pc,control,0,0,0,9,-1,13,12,40,2,12,5,5,0,0
pc-6ec16969-2393,urzeitliche_kolosse__mit_pc,control,1,1,1,9,5,15,9,35,9,9,11,11,0,0
pc-cd445d1c-2394,solidaritaet_ueberleben__ohne_pc,control,0,0,0,8,-1,13,8,30,3,8,4,9,0,0
pc-cd445d1c-2394,urzeitliche_kolosse__mit_pc,control,1,1,1,8,1,14,8,35,1,8,4,11,0,1
pc-4691adda-2395,solidaritaet_ueberleben__ohne_pc,control,0,0,0,8,-1,15,8,27,9,8,7,8,0,0
pc-4691adda-2395,urzeitliche_kolosse__mit_pc,control,1,1,1,8,2,12,10,33,2,10,4,11,0,1
pc-daa99ba1-2396,solidaritaet_ueberleben__ohne_pc,control,0,0,0,10,-5,15,11,42,9,11,5,4,0,0
pc-daa99ba1-2396,urzeitliche_kolosse__mit_pc,control,1,1,1,10,6,15,10,45,7,9,7,15,0,0
pc-53f6ec5f-2397,solidaritaet_ueberleben__ohne_pc,control,0,0,0,6,0,10,7,19,2,6,3,2,0,0
pc-53f6ec5f-2397,urzeitliche_kolosse__mit_pc,control,1,1,1,6,8,10,7,20,0,7,2,10,0,0
pc-474fcbea-2398,solidaritaet_ueberleben__ohne_pc,control,0,0,0,7,-1,11,7,17,4,6,4,3,0,0
pc-474fcbea-2398,urzeitliche_kolosse__mit_pc,control,1,1,1,7,7,12,8,27,1,7,1,11,0,0
pc-c09d3ca7-2399,solidaritaet_ueberleben__ohne_pc,control,0,0,0,9,0,12,10,32,9,9,5,2,0,0
pc-c09d3ca7-2399,urzeitliche_kolosse__mit_pc,control,1,1,1,9,8,15,11,36,2,10,6,10,0,1
