matchId,deckId,botType,side,round,targetsAffected,attackRemoved,healthRemoved,boardValueBefore,boardValueAfter,boardValueRemoved,won,winWithinOneRound,winWithinTwoRounds
pc-70735ea9-101,forschung_muskelkraft__mit_pc,control,0,6,2,8,6,16,6,10,true,false,false
pc-f725edeb-102,forschung_muskelkraft__mit_pc,control,0,6,5,9,8,22,9,13,true,false,false
pc-f725edeb-102,rudeljaeger__mit_pc,control,1,9,5,24,30,59,15,44,false,false,false
pc-98a31a38-107,forschung_muskelkraft__mit_pc,control,0,6,5,7,4,16,8,8,true,false,false
pc-98a31a38-107,rudeljaeger__mit_pc,control,1,8,4,15,18,37,12,25,false,false,false
pc-a60858bd-109,rudeljaeger__mit_pc,control,1,6,2,7,11,20,6,14,true,false,false
pc-a60858bd-109,forschung_muskelkraft__mit_pc,control,0,6,5,7,8,20,9,11,false,false,false
pc-2cbae800-110,forschung_muskelkraft__mit_pc,control,0,6,3,11,10,24,9,15,true,false,true
pc-3a202685-112,rudeljaeger__mit_pc,control,1,6,2,8,9,19,6,13,false,false,false
pc-3a202685-112,forschung_muskelkraft__mit_pc,control,0,6,3,10,10,23,9,14,true,false,false
pc-c0d2d5c7-113,rudeljaeger__mit_pc,control,1,6,3,11,11,25,9,16,false,false,false
pc-c0d2d5c7-113,forschung_muskelkraft__mit_pc,control,0,6,4,12,12,28,10,18,true,false,false
pc-4785650a-114,rudeljaeger__mit_pc,control,1,6,2,9,9,20,6,14,false,false,false
pc-4785650a-114,forschung_muskelkraft__mit_pc,control,0,6,2,7,8,17,6,11,true,false,false
pc-ce38144c-115,forschung_muskelkraft__mit_pc,control,0,6,2,7,6,15,6,9,true,true,true
pc-05494a81-117,rudeljaeger__mit_pc,control,1,6,2,6,9,17,6,11,false,false,false
pc-99613848-120,rudeljaeger__mit_pc,control,1,6,3,12,11,26,9,17,false,false,false
pc-2013c78b-121,forschung_muskelkraft__mit_pc,control,0,6,4,17,12,33,12,21,false,false,false
pc-2d790610-123,forschung_muskelkraft__mit_pc,control,0,6,4,8,6,18,8,10,true,false,false
pc-2d790610-123,rudeljaeger__mit_pc,control,1,7,4,15,19,38,12,26,false,false,false
pc-b42bb552-124,rudeljaeger__mit_pc,control,1,6,3,11,17,31,9,22,false,false,false
pc-b42bb552-124,forschung_muskelkraft__mit_pc,control,0,6,5,5,6,16,9,7,true,false,false
pc-4843831a-127,forschung_muskelkraft__mit_pc,control,0,6,3,11,10,24,9,15,true,true,true
pc-dc5b70e1-130,rudeljaeger__mit_pc,control,1,7,4,18,21,43,12,31,true,true,true
pc-630e0024-131,rudeljaeger__mit_pc,control,1,6,4,16,17,37,12,25,false,false,false
pc-630e0024-131,forschung_muskelkraft__mit_pc,control,0,8,2,7,6,15,6,9,true,false,false
pc-20d1e59b-134,forschung_muskelkraft__mit_pc,control,0,6,4,8,6,18,8,10,true,false,true
pc-3b9c62a5-138,rudeljaeger__mit_pc,control,1,8,3,15,19,37,9,28,false,false,false
pc-3b9c62a5-138,forschung_muskelkraft__mit_pc,control,0,8,3,8,6,17,8,9,true,false,false
pc-c24f11e7-139,forschung_muskelkraft__mit_pc,control,0,6,4,10,8,22,8,14,true,false,false
pc-c24f11e7-139,rudeljaeger__mit_pc,control,1,11,5,15,14,34,11,23,false,false,false
pc-5666ffaf-142,forschung_muskelkraft__mit_pc,control,0,6,4,8,8,20,10,10,true,false,false
pc-dd198ef1-143,forschung_muskelkraft__mit_pc,control,0,6,5,6,4,15,9,6,true,false,false
pc-dd198ef1-143,rudeljaeger__mit_pc,control,1,11,5,0,0,5,5,0,false,false,false
pc-63cc3e34-144,rudeljaeger__mit_pc,control,1,8,2,6,7,15,6,9,true,false,true
pc-63cc3e34-144,forschung_muskelkraft__mit_pc,control,0,8,2,6,4,12,5,7,false,false,false
pc-ea7ecd76-145,rudeljaeger__mit_pc,control,1,12,5,0,0,5,5,0,false,false,false
pc-ea7ecd76-145,forschung_muskelkraft__mit_pc,control,0,13,2,5,6,13,6,7,true,false,true
pc-f7e40bfb-147,rudeljaeger__mit_pc,control,1,6,3,11,14,28,9,19,false,false,false
pc-f7e40bfb-147,forschung_muskelkraft__mit_pc,control,0,6,5,9,8,22,10,12,true,false,false
pc-a842b2ed-148,rudeljaeger__mit_pc,control,1,6,1,3,4,8,3,5,true,true,true
pc-2ef54230-149,rudeljaeger__mit_pc,control,1,7,3,14,16,33,9,24,false,false,false
pc-2ef54230-149,forschung_muskelkraft__mit_pc,control,0,11,3,9,8,20,9,11,true,false,true
pc-ab2defbe-150,forschung_muskelkraft__mit_pc,control,0,7,4,6,4,14,8,6,true,true,true
pc-247b407c-153,forschung_muskelkraft__mit_pc,control,0,6,4,11,8,23,11,12,false,false,false
pc-4cab1c0b-155,rudeljaeger__mit_pc,control,1,6,3,11,19,33,9,24,false,false,false
pc-4cab1c0b-155,forschung_muskelkraft__mit_pc,control,0,7,4,6,6,16,8,8,true,false,false
pc-b8932e43-156,forschung_muskelkraft__mit_pc,control,0,11,3,12,8,23,9,14,true,false,true
pc-5a105a90-161,forschung_muskelkraft__mit_pc,control,0,6,3,8,8,19,9,10,false,false,false
pc-fb8d66dc-162,forschung_muskelkraft__mit_pc,control,0,6,4,6,6,16,8,8,false,false,false
pc-fb8d66dc-162,rudeljaeger__mit_pc,control,1,6,4,14,15,33,12,21,true,false,false
pc-8240161f-163,rudeljaeger__mit_pc,control,1,6,3,12,14,29,9,20,true,true,true
pc-ee282857-164,rudeljaeger__mit_pc,control,1,6,3,12,13,28,9,19,false,false,false
pc-ee282857-164,forschung_muskelkraft__mit_pc,control,0,8,4,9,8,21,9,12,true,true,true
pc-74dad79a-165,rudeljaeger__mit_pc,control,1,9,5,25,34,64,15,49,false,false,false
pc-74dad79a-165,forschung_muskelkraft__mit_pc,control,0,10,1,3,4,8,3,5,true,false,false
pc-4003fb96-166,rudeljaeger__mit_pc,control,1,6,4,18,22,44,12,32,true,false,false
pc-4003fb96-166,forschung_muskelkraft__mit_pc,control,0,7,5,9,8,22,11,11,false,false,false
pc-c6b68ad8-167,forschung_muskelkraft__mit_pc,control,0,6,3,12,8,23,9,14,false,false,false
pc-329ebd11-168,forschung_muskelkraft__mit_pc,control,0,6,2,8,6,16,6,10,true,false,false
pc-329ebd11-168,rudeljaeger__mit_pc,control,1,6,3,11,14,28,9,19,false,false,false
pc-b9514c53-169,forschung_muskelkraft__mit_pc,control,0,6,4,7,6,17,8,9,true,false,false
pc-b9514c53-169,rudeljaeger__mit_pc,control,1,9,5,23,34,62,15,47,false,false,false
pc-4d693a1b-172,rudeljaeger__mit_pc,control,1,6,4,16,17,37,12,25,false,false,false
pc-4d693a1b-172,forschung_muskelkraft__mit_pc,control,0,7,3,6,6,15,7,8,true,false,false
pc-d41bc95d-173,forschung_muskelkraft__mit_pc,control,0,6,1,4,4,9,3,6,true,false,false
pc-d41bc95d-173,rudeljaeger__mit_pc,control,1,6,4,13,17,34,12,22,false,false,false
pc-7598f5aa-174,rudeljaeger__mit_pc,control,1,6,2,6,8,16,6,10,false,false,false
pc-7598f5aa-174,forschung_muskelkraft__mit_pc,control,0,13,3,12,8,23,9,14,true,false,true
pc-fc4b84ec-175,rudeljaeger__mit_pc,control,1,6,2,10,11,23,6,17,true,false,false
pc-fc4b84ec-175,forschung_muskelkraft__mit_pc,control,0,7,2,7,8,17,6,11,false,false,false
pc-171601f7-179,forschung_muskelkraft__mit_pc,control,0,6,3,4,4,11,5,6,true,false,false
pc-171601f7-179,rudeljaeger__mit_pc,control,1,10,5,21,27,53,15,38,false,false,false
pc-d4d9e76d-182,forschung_muskelkraft__mit_pc,control,0,6,2,7,6,15,6,9,true,true,true
pc-c774a8e8-184,forschung_muskelkraft__mit_pc,control,0,10,4,4,4,12,6,6,true,false,false
pc-4e27582b-185,rudeljaeger__mit_pc,control,1,6,4,15,16,35,12,23,true,false,true
pc-4e27582b-185,forschung_muskelkraft__mit_pc,control,0,7,2,7,8,17,6,11,false,false,false
pc-efa46477-186,forschung_muskelkraft__mit_pc,control,0,7,4,11,8,23,11,12,false,false,false
pc-68f1d535-189,rudeljaeger__mit_pc,control,1,6,4,18,22,44,12,32,true,true,true
pc-0a6ee182-190,rudeljaeger__mit_pc,control,1,8,4,20,25,49,12,37,false,false,false
pc-0a6ee182-190,forschung_muskelkraft__mit_pc,control,0,9,5,7,6,18,10,8,true,false,false
pc-912190c4-191,forschung_muskelkraft__mit_pc,control,0,6,3,4,4,11,5,6,true,false,true
pc-912190c4-191,rudeljaeger__mit_pc,control,1,6,4,15,18,37,12,25,false,false,false
pc-fd09a2fc-192,forschung_muskelkraft__mit_pc,control,0,7,4,10,8,22,10,12,false,false,false
pc-83bc523f-193,rudeljaeger__mit_pc,control,1,6,4,17,22,43,12,31,true,false,false
pc-83bc523f-193,forschung_muskelkraft__mit_pc,control,0,8,2,7,8,17,6,11,false,false,false
pc-25397e8c-194,rudeljaeger__mit_pc,control,1,6,4,18,20,42,12,30,true,true,true
pc-17d42007-196,forschung_muskelkraft__mit_pc,control,0,7,4,6,6,16,8,8,true,false,false
pc-17d42007-196,rudeljaeger__mit_pc,control,1,12,5,25,24,54,13,41,false,false,false
pc-69aff345-198,rudeljaeger__mit_pc,control,1,7,3,15,17,35,9,26,false,false,false
pc-69aff345-198,forschung_muskelkraft__mit_pc,control,0,7,4,7,8,19,8,11,true,false,false
pc-961216f0-202,forschung_muskelkraft__mit_pc,control,0,6,4,8,8,20,8,12,true,true,true
pc-0f5f67ae-203,forschung_muskelkraft__mit_pc,control,0,6,4,8,8,20,8,12,true,false,false
pc-6de25b61-204,forschung_muskelkraft__mit_pc,control,0,6,3,9,8,20,9,11,true,false,false
pc-7b4799e6-206,forschung_muskelkraft__mit_pc,control,0,6,4,12,6,22,9,13,true,false,false
pc-f494eaa3-207,forschung_muskelkraft__mit_pc,control,0,6,4,8,6,18,8,10,true,true,true
pc-5317de57-208,forschung_muskelkraft__mit_pc,control,0,6,2,6,6,14,6,8,true,false,false
pc-384d414d-212,forschung_muskelkraft__mit_pc,control,0,8,3,7,6,16,7,9,true,true,true
pc-b19ab20a-213,forschung_muskelkraft__mit_pc,control,0,6,5,7,6,18,9,9,true,false,false
pc-45b29fd2-214,forschung_muskelkraft__mit_pc,control,0,8,3,9,8,20,9,11,true,true,true
pc-6d243d51-217,forschung_muskelkraft__mit_pc,control,0,10,3,9,8,20,9,11,true,true,true
pc-013c0b19-218,forschung_muskelkraft__mit_pc,control,0,6,4,3,2,9,6,3,true,false,false
pc-7a897bd6-219,forschung_muskelkraft__mit_pc,control,0,7,2,4,4,10,4,6,true,true,true
pc-e6718e0e-222,forschung_muskelkraft__mit_pc,control,0,10,3,7,2,12,7,5,true,false,true
pc-be41d27f-224,forschung_muskelkraft__mit_pc,control,0,9,4,12,8,24,11,13,true,false,false
pc-378f233d-225,forschung_muskelkraft__mit_pc,control,0,6,4,5,4,13,6,7,true,false,false
pc-cba71104-226,forschung_muskelkraft__mit_pc,control,0,10,4,8,6,18,9,9,true,false,false
pc-44f461c2-227,forschung_muskelkraft__mit_pc,control,0,8,5,11,10,26,13,13,true,true,true
pc-a3775575-228,forschung_muskelkraft__mit_pc,control,0,8,5,10,6,21,12,9,true,false,false
pc-2a29e4b8-231,forschung_muskelkraft__mit_pc,control,0,9,5,10,6,21,13,8,true,false,false
pc-5f00c0bc-232,forschung_muskelkraft__mit_pc,control,0,6,2,8,6,16,6,10,true,false,true
pc-d84e3179-233,forschung_muskelkraft__mit_pc,control,0,10,3,11,10,24,9,15,true,false,true
pc-e5b36ffe-235,forschung_muskelkraft__mit_pc,control,0,12,3,7,6,16,9,7,true,false,true
pc-bd83b46f-237,forschung_muskelkraft__mit_pc,control,0,6,5,3,2,10,7,3,true,false,false
pc-519b8237-238,forschung_muskelkraft__mit_pc,control,0,6,4,13,8,25,11,14,true,false,false
pc-a2b93765-241,forschung_muskelkraft__mit_pc,control,0,9,3,7,6,16,7,9,true,false,false
pc-36d1052d-242,forschung_muskelkraft__mit_pc,control,0,8,4,4,4,12,6,6,true,true,true
pc-1c068823-246,forschung_muskelkraft__mit_pc,control,0,11,5,5,2,12,9,3,true,false,true
pc-24ccb8dc-250,forschung_muskelkraft__mit_pc,control,0,9,3,3,0,6,4,2,true,false,false
pc-ab7f481e-251,forschung_muskelkraft__mit_pc,control,0,12,2,6,4,12,5,7,true,true,true
pc-3f9735e6-254,forschung_muskelkraft__mit_pc,control,0,6,3,13,10,26,9,17,false,false,false
pc-4cfc746b-256,forschung_muskelkraft__mit_pc,control,0,6,3,6,2,11,7,4,false,false,false
pc-d3af03ad-257,forschung_muskelkraft__mit_pc,control,0,7,5,11,10,26,14,12,true,false,true
pc-5a61b2f0-258,forschung_muskelkraft__mit_pc,control,0,9,2,3,2,7,5,2,true,true,true
pc-752c2ffa-262,forschung_muskelkraft__mit_pc,control,0,6,2,8,8,18,6,12,false,false,false
pc-09441dc2-265,forschung_muskelkraft__mit_pc,control,0,7,3,3,2,8,5,3,true,false,false
pc-b9a2a4b3-266,forschung_muskelkraft__mit_pc,control,0,8,3,4,4,11,5,6,true,false,true
pc-c707e338-268,forschung_muskelkraft__mit_pc,control,0,6,2,7,6,15,6,9,false,false,false
pc-d46d21bd-270,forschung_muskelkraft__mit_pc,control,0,6,1,4,4,9,3,6,false,false,false
pc-e1d26042-272,forschung_muskelkraft__mit_pc,control,0,7,4,9,6,19,9,10,true,true,true
pc-75ea4e0a-275,forschung_muskelkraft__mit_pc,control,0,7,5,17,8,30,13,17,true,false,false
pc-0a023bd2-278,forschung_muskelkraft__mit_pc,control,0,7,4,12,8,24,10,14,true,false,true
pc-90b4cb14-279,forschung_muskelkraft__mit_pc,control,0,6,4,4,4,12,6,6,true,false,false
pc-9e1a0999-281,forschung_muskelkraft__mit_pc,control,0,6,4,5,4,13,8,5,true,false,false
pc-fb20a12c-282,forschung_muskelkraft__mit_pc,control,0,9,3,5,2,10,6,4,true,false,true
pc-81d3506f-283,forschung_muskelkraft__mit_pc,control,0,8,3,7,6,16,8,8,true,false,false
pc-15eb3e37-286,forschung_muskelkraft__mit_pc,control,0,11,3,8,6,17,8,9,true,true,true
pc-aa030bfe-289,forschung_muskelkraft__mit_pc,control,0,6,4,6,6,16,8,8,true,false,false
pc-b7684a83-291,forschung_muskelkraft__mit_pc,control,0,7,3,7,6,16,7,9,true,false,false
pc-3e1af9c6-292,forschung_muskelkraft__mit_pc,control,0,6,4,4,4,12,6,6,true,false,false
pc-c4cd8908-293,forschung_muskelkraft__mit_pc,control,0,9,4,4,4,12,6,6,true,true,true
pc-4b80384b-294,forschung_muskelkraft__mit_pc,control,0,6,3,10,8,21,8,13,false,false,false
pc-16a95c47-299,forschung_muskelkraft__mit_pc,control,0,7,4,7,6,17,8,9,true,false,false
pc-b3810ed2-300,rudeljaeger__mit_pc,control,1,6,1,5,5,11,3,8,false,false,false
pc-1203e286-305,rudeljaeger__mit_pc,control,1,13,5,20,19,44,11,33,true,false,true
pc-8b515343-306,rudeljaeger__mit_pc,control,1,6,2,9,7,18,6,12,false,false,false
pc-626379a4-309,rudeljaeger__mit_pc,control,1,6,2,7,10,19,6,13,true,true,true
pc-4798fc9a-313,rudeljaeger__mit_pc,control,1,13,5,12,12,29,9,20,false,false,false
pc-c0e64d57-314,rudeljaeger__mit_pc,control,1,7,4,11,12,27,8,19,true,true,true
pc-1145c476-318,rudeljaeger__mit_pc,control,1,8,4,17,14,35,12,23,false,false,false
pc-7d2df6ae-321,rudeljaeger__mit_pc,control,1,6,4,14,17,35,12,23,true,false,false
pc-f67b476b-322,rudeljaeger__mit_pc,control,1,6,3,11,16,30,9,21,false,false,false
pc-54401d0f-324,rudeljaeger__mit_pc,control,1,6,2,8,7,17,6,11,false,false,false
pc-cd8d6dcc-325,rudeljaeger__mit_pc,control,1,9,5,21,26,52,15,37,true,false,false
pc-2c104180-330,rudeljaeger__mit_pc,control,1,8,2,5,6,13,4,9,true,true,true
pc-dd2d0681-332,rudeljaeger__mit_pc,control,1,6,1,5,5,11,3,8,false,false,false
pc-567a773f-333,rudeljaeger__mit_pc,control,1,6,3,13,13,29,9,20,true,true,true
pc-12c20096-340,rudeljaeger__mit_pc,control,1,13,5,16,21,42,13,29,false,false,false
pc-8c0f7153-341,rudeljaeger__mit_pc,control,1,6,2,9,9,20,6,14,false,false,false
pc-055cc211-342,rudeljaeger__mit_pc,control,1,6,3,11,11,25,9,16,true,true,true
pc-7144f449-345,rudeljaeger__mit_pc,control,1,6,2,9,10,21,6,15,false,false,false
pc-c1a46b67-349,rudeljaeger__mit_pc,control,1,8,3,13,12,28,8,20,true,true,true
pc-24c66ce7-353,rudeljaeger__mit_pc,control,1,6,3,14,15,32,9,23,false,false,false
pc-09fbefdd-357,rudeljaeger__mit_pc,control,1,6,2,8,10,20,6,14,true,true,true
pc-e10e163d-360,rudeljaeger__mit_pc,control,1,9,4,0,0,4,4,0,false,false,false
pc-322bab6c-363,rudeljaeger__mit_pc,control,1,6,3,14,17,34,9,25,false,false,false
pc-16a31052-368,rudeljaeger__mit_pc,control,1,6,4,18,19,41,12,29,false,false,false
pc-ee7354c2-370,rudeljaeger__mit_pc,control,1,6,3,12,14,29,9,20,true,false,true
pc-fbd89347-372,rudeljaeger__mit_pc,control,1,6,4,19,19,42,12,30,false,false,false
pc-7525e405-373,rudeljaeger__mit_pc,control,1,6,4,14,17,35,12,23,true,false,true
pc-4c380a66-376,rudeljaeger__mit_pc,control,1,6,3,11,10,24,9,15,true,true,true
pc-9d55bf94-379,rudeljaeger__mit_pc,control,1,6,4,17,21,42,12,30,true,false,false
pc-d52513d8-384,rudeljaeger__mit_pc,control,1,7,3,12,17,32,9,23,true,true,true
pc-4e726496-385,rudeljaeger__mit_pc,control,1,7,4,16,13,33,11,22,false,false,false
pc-33a7e78c-389,rudeljaeger__mit_pc,control,1,6,3,13,17,33,9,24,true,false,false
pc-76a22025-391,rudeljaeger__mit_pc,control,1,6,3,14,17,34,9,25,true,false,false
pc-e28a525d-394,rudeljaeger__mit_pc,control,1,6,2,9,12,23,6,17,true,false,false
pc-693ce1a0-397,rudeljaeger__mit_pc,control,1,6,3,14,17,34,9,25,true,true,true
pc-32e9c97c-398,rudeljaeger__mit_pc,control,1,7,3,12,14,29,9,20,false,false,false
pc-ac373a39-399,rudeljaeger__mit_pc,control,1,6,2,10,12,24,6,18,true,false,true
pc-48dab20a-500,forschung_muskelkraft__mit_pc,control,0,6,4,17,19,40,12,28,true,false,false
pc-48dab20a-500,solidaritaet_ueberleben__mit_pc,control,1,7,3,12,16,31,9,22,false,false,false
pc-cf8d414c-501,solidaritaet_ueberleben__mit_pc,control,1,6,2,8,10,20,6,14,true,false,false
pc-cf8d414c-501,forschung_muskelkraft__mit_pc,control,0,8,5,11,13,29,11,18,false,false,false
pc-563ff08f-502,solidaritaet_ueberleben__mit_pc,control,1,6,2,8,10,20,6,14,true,false,false
pc-563ff08f-502,forschung_muskelkraft__mit_pc,control,0,6,4,15,19,38,12,26,false,false,false
pc-dcf29fd1-503,solidaritaet_ueberleben__mit_pc,control,1,6,3,12,15,30,9,21,true,false,false
pc-dcf29fd1-503,forschung_muskelkraft__mit_pc,control,0,7,3,11,12,26,9,17,false,false,false
pc-63a52f14-504,solidaritaet_ueberleben__mit_pc,control,1,6,2,8,10,20,6,14,true,false,true
pc-63a52f14-504,forschung_muskelkraft__mit_pc,control,0,6,5,13,15,33,14,19,false,false,false
pc-ea57de56-505,forschung_muskelkraft__mit_pc,control,0,6,4,6,7,17,6,11,true,false,false
pc-710a6d99-506,forschung_muskelkraft__mit_pc,control,0,6,4,10,9,23,9,14,false,false,false
pc-f7bd1cdb-507,solidaritaet_ueberleben__mit_pc,control,1,8,4,18,18,40,12,28,false,false,false
pc-f7bd1cdb-507,forschung_muskelkraft__mit_pc,control,0,8,4,12,15,31,12,19,true,false,false
pc-7e6fac1e-508,forschung_muskelkraft__mit_pc,control,0,7,4,11,13,28,11,17,true,false,false
pc-7e6fac1e-508,solidaritaet_ueberleben__mit_pc,control,1,9,5,23,31,59,15,44,false,false,false
pc-05225b61-509,solidaritaet_ueberleben__mit_pc,control,1,9,5,23,24,52,15,37,false,false,false
pc-05225b61-509,forschung_muskelkraft__mit_pc,control,0,10,4,11,10,25,11,14,true,false,false
pc-8bd4eaa3-510,solidaritaet_ueberleben__mit_pc,control,1,7,3,14,15,32,9,23,true,false,true
pc-128799e6-511,solidaritaet_ueberleben__mit_pc,control,1,6,2,9,10,21,6,15,true,false,false
pc-128799e6-511,forschung_muskelkraft__mit_pc,control,0,6,5,3,4,12,7,5,false,false,false
pc-993a2928-512,solidaritaet_ueberleben__mit_pc,control,1,6,3,10,13,26,9,17,false,false,false
pc-1fecd86b-513,forschung_muskelkraft__mit_pc,control,0,9,3,14,17,34,9,25,false,false,false
pc-1fecd86b-513,solidaritaet_ueberleben__mit_pc,control,1,10,4,13,15,32,12,20,true,false,false
pc-a69f67ad-514,forschung_muskelkraft__mit_pc,control,0,7,2,7,10,19,6,13,true,false,false
pc-2d5216f0-515,solidaritaet_ueberleben__mit_pc,control,1,6,4,12,16,32,12,20,true,false,false
pc-2d5216f0-515,forschung_muskelkraft__mit_pc,control,0,6,4,10,10,24,11,13,false,false,false
pc-b404a632-516,solidaritaet_ueberleben__mit_pc,control,1,6,3,12,15,30,9,21,true,false,false
pc-3ab75575-517,solidaritaet_ueberleben__mit_pc,control,1,6,3,10,16,29,9,20,true,false,true
pc-3ab75575-517,forschung_muskelkraft__mit_pc,control,0,6,5,8,8,21,10,11,false,false,false
pc-c169e4b7-518,forschung_muskelkraft__mit_pc,control,0,10,4,17,19,40,12,28,true,false,false
pc-c169e4b7-518,solidaritaet_ueberleben__mit_pc,control,1,13,5,22,29,56,15,41,false,false,false
pc-481c93fa-519,forschung_muskelkraft__mit_pc,control,0,6,4,14,16,34,12,22,true,false,false
pc-cecf233c-520,forschung_muskelkraft__mit_pc,control,0,6,5,19,23,47,15,32,true,false,false
pc-cecf233c-520,solidaritaet_ueberleben__mit_pc,control,1,14,5,8,10,23,9,14,false,false,false
pc-5581d27f-521,forschung_muskelkraft__mit_pc,control,0,11,1,4,4,9,3,6,false,false,false
pc-5581d27f-521,solidaritaet_ueberleben__mit_pc,control,1,15,5,5,6,16,7,9,false,false,false
pc-dc3461c1-522,forschung_muskelkraft__mit_pc,control,0,6,4,10,11,25,8,17,true,false,false
pc-dc3461c1-522,solidaritaet_ueberleben__mit_pc,control,1,9,5,19,26,50,15,35,false,false,false
pc-62e71104-523,forschung_muskelkraft__mit_pc,control,0,8,3,4,4,11,5,6,true,true,true
pc-e999a046-524,solidaritaet_ueberleben__mit_pc,control,1,6,3,11,14,28,9,19,true,false,true
pc-e999a046-524,forschung_muskelkraft__mit_pc,control,0,7,3,3,4,10,5,5,false,false,false
pc-704c4f89-525,forschung_muskelkraft__mit_pc,control,0,11,2,9,10,21,6,15,true,false,false
pc-704c4f89-525,solidaritaet_ueberleben__mit_pc,control,1,14,4,0,0,4,4,0,false,false,false
pc-f6fefecb-526,forschung_muskelkraft__mit_pc,control,0,6,5,17,16,38,13,25,false,false,false
pc-7db18e0e-527,forschung_muskelkraft__mit_pc,control,0,8,5,10,12,27,9,18,true,false,false
pc-7db18e0e-527,solidaritaet_ueberleben__mit_pc,control,1,13,4,9,10,23,8,15,false,false,false
pc-8b16cc93-529,forschung_muskelkraft__mit_pc,control,0,7,3,10,11,24,7,17,false,false,false
pc-11c97bd6-530,forschung_muskelkraft__mit_pc,control,0,6,4,16,23,43,12,31,true,false,false
pc-11c97bd6-530,solidaritaet_ueberleben__mit_pc,control,1,7,5,18,21,44,15,29,false,false,false
pc-987c0b18-531,solidaritaet_ueberleben__mit_pc,control,1,8,3,18,17,38,9,29,true,true,true
pc-a5e1499d-533,solidaritaet_ueberleben__mit_pc,control,1,6,4,15,14,33,12,21,true,false,false
pc-a5e1499d-533,forschung_muskelkraft__mit_pc,control,0,6,4,5,9,18,10,8,false,false,false
pc-2c93f8e0-534,solidaritaet_ueberleben__mit_pc,control,1,7,3,15,20,38,9,29,true,true,true
pc-b3468822-535,forschung_muskelkraft__mit_pc,control,0,8,4,4,3,11,6,5,true,false,true
pc-39f93765-536,forschung_muskelkraft__mit_pc,control,0,6,3,14,15,32,9,23,true,false,false
pc-39f93765-536,solidaritaet_ueberleben__mit_pc,control,1,9,5,24,29,58,15,43,false,false,false
pc-c0abc6a7-537,solidaritaet_ueberleben__mit_pc,control,1,6,2,9,10,21,6,15,true,false,true
pc-475e75ea-538,forschung_muskelkraft__mit_pc,control,0,8,5,20,21,46,15,31,true,false,false
pc-ce11052c-539,forschung_muskelkraft__mit_pc,control,0,6,5,6,7,18,7,11,true,false,false
pc-54c3b46f-540,solidaritaet_ueberleben__mit_pc,control,1,6,1,5,6,12,3,9,false,false,false
pc-54c3b46f-540,forschung_muskelkraft__mit_pc,control,0,13,2,5,4,11,5,6,true,true,true
pc-6228f2f4-542,forschung_muskelkraft__mit_pc,control,0,6,5,7,8,20,7,13,false,false,false
pc-6228f2f4-542,solidaritaet_ueberleben__mit_pc,control,1,11,5,24,24,53,15,38,true,true,true
pc-e8db8236-543,solidaritaet_ueberleben__mit_pc,control,1,6,1,5,6,12,3,9,false,false,false
pc-f640c0bb-545,forschung_muskelkraft__mit_pc,control,0,6,4,18,22,44,12,32,false,false,false
pc-f640c0bb-545,solidaritaet_ueberleben__mit_pc,control,1,7,3,12,14,29,9,20,true,false,false
pc-7cf36ffe-546,solidaritaet_ueberleben__mit_pc,control,1,6,3,10,15,28,9,19,false,false,false
pc-7cf36ffe-546,forschung_muskelkraft__mit_pc,control,0,11,1,3,4,8,3,5,true,true,true
pc-03a61f41-547,solidaritaet_ueberleben__mit_pc,control,1,6,3,9,15,27,9,18,false,false,false
pc-03a61f41-547,forschung_muskelkraft__mit_pc,control,0,8,5,18,22,45,13,32,true,false,false
pc-8a58ae83-548,forschung_muskelkraft__mit_pc,control,0,7,3,9,9,21,8,13,true,false,false
pc-110b5dc6-549,forschung_muskelkraft__mit_pc,control,0,6,2,5,6,13,4,9,false,false,false
pc-90fa81a4-550,solidaritaet_ueberleben__mit_pc,control,1,6,3,11,13,27,9,18,true,false,false
pc-0a47f262-551,forschung_muskelkraft__mit_pc,control,0,6,3,9,14,26,9,17,true,false,false
pc-8395431f-552,solidaritaet_ueberleben__mit_pc,control,1,6,3,12,17,32,9,23,false,false,false
pc-8395431f-552,forschung_muskelkraft__mit_pc,control,0,7,4,17,20,41,12,29,true,false,false
pc-fce2b3dc-553,forschung_muskelkraft__mit_pc,control,0,7,5,10,11,26,9,17,true,false,true
pc-9e5fc029-556,forschung_muskelkraft__mit_pc,control,0,7,4,15,16,35,10,25,false,false,false
pc-9e5fc029-556,solidaritaet_ueberleben__mit_pc,control,1,13,4,23,24,51,12,39,false,false,false
pc-17ad30e7-557,forschung_muskelkraft__mit_pc,control,0,6,3,9,13,25,9,16,true,false,false
pc-17ad30e7-557,solidaritaet_ueberleben__mit_pc,control,1,6,4,15,16,35,12,23,false,false,false
pc-c68f9bb8-558,forschung_muskelkraft__mit_pc,control,0,7,5,9,9,23,9,14,false,false,false
pc-c68f9bb8-558,solidaritaet_ueberleben__mit_pc,control,1,10,5,24,32,61,15,46,true,true,true
pc-3fdcec76-559,solidaritaet_ueberleben__mit_pc,control,1,6,4,17,20,41,12,29,false,false,false
pc-3fdcec76-559,forschung_muskelkraft__mit_pc,control,0,9,5,25,30,60,15,45,true,false,false
pc-b92a5d33-560,forschung_muskelkraft__mit_pc,control,0,8,2,7,8,17,6,11,false,false,false
pc-b92a5d33-560,solidaritaet_ueberleben__mit_pc,control,1,11,3,15,14,32,7,25,false,false,false
pc-3277adf1-561,forschung_muskelkraft__mit_pc,control,0,7,3,8,10,21,7,14,true,false,true
pc-e15a18c2-562,forschung_muskelkraft__mit_pc,control,0,6,3,5,9,17,9,8,true,false,false
pc-e15a18c2-562,solidaritaet_ueberleben__mit_pc,control,1,7,3,12,14,29,9,20,false,false,false
pc-5aa76980-563,solidaritaet_ueberleben__mit_pc,control,1,6,3,14,16,33,9,24,false,false,false
pc-5aa76980-563,forschung_muskelkraft__mit_pc,control,0,7,4,12,16,32,12,20,true,false,false
pc-d3f4da3d-564,solidaritaet_ueberleben__mit_pc,control,1,6,4,17,22,43,12,31,false,false,false
pc-d3f4da3d-564,forschung_muskelkraft__mit_pc,control,0,7,3,8,10,21,7,14,true,false,false
pc-4d422afb-565,solidaritaet_ueberleben__mit_pc,control,1,6,5,22,23,50,15,35,false,false,false
pc-4d422afb-565,forschung_muskelkraft__mit_pc,control,0,7,4,11,14,29,11,18,true,false,false
pc-7571e68a-567,forschung_muskelkraft__mit_pc,control,0,11,5,12,14,31,15,16,false,false,false
pc-7571e68a-567,solidaritaet_ueberleben__mit_pc,control,1,11,4,16,20,40,12,28,true,true,true
pc-eebf5747-568,forschung_muskelkraft__mit_pc,control,0,6,5,4,5,14,9,5,false,false,false
pc-eebf5747-568,solidaritaet_ueberleben__mit_pc,control,1,7,3,12,14,29,9,20,true,false,false
pc-680ca805-569,forschung_muskelkraft__mit_pc,control,0,7,4,7,8,19,8,11,true,false,true
pc-16ef12d7-570,forschung_muskelkraft__mit_pc,control,0,7,5,12,13,30,11,19,true,false,false
pc-16ef12d7-570,solidaritaet_ueberleben__mit_pc,control,1,12,4,11,11,26,8,18,false,false,false
pc-903c6394-571,solidaritaet_ueberleben__mit_pc,control,1,6,4,17,20,41,12,29,false,false,false
pc-903c6394-571,forschung_muskelkraft__mit_pc,control,0,9,5,17,19,41,15,26,true,false,false
pc-0989d452-572,forschung_muskelkraft__mit_pc,control,0,6,3,4,4,11,5,6,true,false,false
pc-82d7250f-573,forschung_muskelkraft__mit_pc,control,0,6,3,4,6,13,7,6,false,false,false
pc-82d7250f-573,solidaritaet_ueberleben__mit_pc,control,1,6,5,18,14,37,15,22,true,false,false
pc-31b98fe1-574,forschung_muskelkraft__mit_pc,control,0,8,3,12,13,28,9,19,true,false,true
pc-ab06e09e-575,forschung_muskelkraft__mit_pc,control,0,7,5,13,13,31,11,20,true,false,false
pc-2454515c-576,forschung_muskelkraft__mit_pc,control,0,6,2,4,4,10,4,6,false,false,false
pc-9da1a219-577,solidaritaet_ueberleben__mit_pc,control,1,6,3,12,17,32,9,23,false,false,false
pc-9da1a219-577,forschung_muskelkraft__mit_pc,control,0,7,3,12,16,31,9,22,true,false,false
pc-4c840ceb-578,forschung_muskelkraft__mit_pc,control,0,9,5,7,6,18,11,7,false,false,false
pc-4c840ceb-578,solidaritaet_ueberleben__mit_pc,control,1,13,4,9,11,24,8,16,true,false,true
pc-c5d17da8-579,solidaritaet_ueberleben__mit_pc,control,1,6,3,14,17,34,9,25,false,false,false
pc-b86c3f23-581,solidaritaet_ueberleben__mit_pc,control,1,6,5,19,20,44,15,29,true,false,false
pc-674e89f5-582,solidaritaet_ueberleben__mit_pc,control,1,7,4,18,23,45,12,33,true,false,false
pc-674e89f5-582,forschung_muskelkraft__mit_pc,control,0,8,3,7,8,18,7,11,false,false,false
pc-e09bfab2-583,forschung_muskelkraft__mit_pc,control,0,6,3,7,7,17,8,9,true,false,false
pc-59e94b70-584,forschung_muskelkraft__mit_pc,control,0,6,3,11,10,24,9,15,true,false,false
pc-59e94b70-584,solidaritaet_ueberleben__mit_pc,control,1,10,5,20,24,49,15,34,false,false,false
pc-821906ff-586,solidaritaet_ueberleben__mit_pc,control,1,6,4,15,21,40,12,28,false,false,false
pc-821906ff-586,forschung_muskelkraft__mit_pc,control,0,7,5,7,8,20,10,10,true,false,false
pc-fb6677bc-587,forschung_muskelkraft__mit_pc,control,0,6,2,7,8,17,6,11,true,false,false
pc-74b3c87a-588,solidaritaet_ueberleben__mit_pc,control,1,6,4,17,20,41,12,29,false,false,false
pc-74b3c87a-588,forschung_muskelkraft__mit_pc,control,0,9,5,10,17,32,15,17,true,true,true
pc-ee013937-589,solidaritaet_ueberleben__mit_pc,control,1,6,4,17,20,41,12,29,true,false,false
pc-ee013937-589,forschung_muskelkraft__mit_pc,control,0,7,5,12,19,36,15,21,false,false,false
pc-9ce38409-590,forschung_muskelkraft__mit_pc,control,0,6,4,8,11,23,12,11,true,false,false
pc-9ce38409-590,solidaritaet_ueberleben__mit_pc,control,1,6,4,16,17,37,12,25,false,false,false
pc-8f7e4584-592,solidaritaet_ueberleben__mit_pc,control,1,6,3,14,17,34,9,25,true,false,false
pc-8f7e4584-592,forschung_muskelkraft__mit_pc,control,0,7,5,7,8,20,9,11,false,false,false
pc-08cbb642-593,forschung_muskelkraft__mit_pc,control,0,6,3,5,7,15,8,7,true,false,false
pc-08cbb642-593,solidaritaet_ueberleben__mit_pc,control,1,12,5,24,33,62,15,47,false,false,false
pc-b7ae0113-594,forschung_muskelkraft__mit_pc,control,0,7,2,9,12,23,6,17,false,false,false
pc-30fb71d1-595,forschung_muskelkraft__mit_pc,control,0,6,4,9,8,21,11,10,false,false,false
pc-30fb71d1-595,solidaritaet_ueberleben__mit_pc,control,1,6,3,12,14,29,9,20,true,false,false
pc-aa48c28e-596,forschung_muskelkraft__mit_pc,control,0,6,3,9,13,25,9,16,true,false,false
pc-aa48c28e-596,solidaritaet_ueberleben__mit_pc,control,1,6,4,14,15,33,12,21,false,false,false
pc-2396334c-597,solidaritaet_ueberleben__mit_pc,control,1,6,4,17,21,42,12,30,true,false,true
pc-d2789e1d-598,forschung_muskelkraft__mit_pc,control,0,8,5,11,16,32,11,21,true,false,false
pc-d2789e1d-598,solidaritaet_ueberleben__mit_pc,control,1,12,5,27,31,63,15,48,false,false,false
pc-4bc5eedb-599,solidaritaet_ueberleben__mit_pc,control,1,6,3,13,16,32,9,23,false,false,false
pc-4bc5eedb-599,forschung_muskelkraft__mit_pc,control,0,7,3,11,12,26,9,17,true,false,false
pc-f52c1993-601,forschung_muskelkraft__mit_pc,control,0,6,4,14,16,34,10,24,true,false,false
pc-61142bcc-602,forschung_muskelkraft__mit_pc,control,0,7,2,5,8,15,6,9,true,false,false
pc-e7c6db0e-603,forschung_muskelkraft__mit_pc,control,0,10,5,20,25,50,15,35,true,true,true
pc-53aeed47-604,forschung_muskelkraft__mit_pc,control,0,6,4,19,22,45,12,33,true,false,false
pc-4649aec2-606,forschung_muskelkraft__mit_pc,control,0,8,4,8,12,24,10,14,false,false,false
pc-38e4703d-608,forschung_muskelkraft__mit_pc,control,0,7,3,9,13,25,9,16,true,true,true
pc-bf971f7f-609,forschung_muskelkraft__mit_pc,control,0,6,4,5,4,13,7,6,true,true,true
pc-2b7f31b8-610,forschung_muskelkraft__mit_pc,control,0,10,3,10,10,23,9,14,true,false,false
pc-b231c0fa-611,forschung_muskelkraft__mit_pc,control,0,7,2,7,10,19,6,13,true,false,false
pc-1e19f333-612,forschung_muskelkraft__mit_pc,control,0,6,4,12,16,32,12,20,true,false,true
pc-10b4b4ae-614,forschung_muskelkraft__mit_pc,control,0,8,5,17,20,42,11,31,true,false,false
pc-034f7629-616,forschung_muskelkraft__mit_pc,control,0,6,4,14,18,36,12,24,true,true,true
pc-8a02056b-617,forschung_muskelkraft__mit_pc,control,0,6,5,15,17,37,15,22,true,false,false
pc-f5ea37a3-618,forschung_muskelkraft__mit_pc,control,0,10,2,8,8,18,6,12,true,false,false
pc-7c9cc6e6-619,forschung_muskelkraft__mit_pc,control,0,12,4,11,13,28,12,16,true,false,true
pc-e884f91e-620,forschung_muskelkraft__mit_pc,control,0,6,4,17,24,45,12,33,true,false,false
pc-6f378861-621,forschung_muskelkraft__mit_pc,control,0,6,3,11,15,29,9,20,true,false,true
pc-db1fba99-622,forschung_muskelkraft__mit_pc,control,0,10,3,11,14,28,9,19,false,false,false
pc-61d249dc-623,forschung_muskelkraft__mit_pc,control,0,9,3,8,11,22,9,13,true,true,true
pc-cdba7c14-624,forschung_muskelkraft__mit_pc,control,0,9,4,13,18,35,12,23,true,false,true
pc-c0553d8f-626,forschung_muskelkraft__mit_pc,control,0,6,4,14,18,36,12,24,true,false,false
pc-b2efff0a-628,forschung_muskelkraft__mit_pc,control,0,12,5,11,15,31,13,18,true,false,false
pc-39a28e4d-629,forschung_muskelkraft__mit_pc,control,0,6,3,9,9,21,9,12,true,false,false
pc-2c3d4fc8-631,forschung_muskelkraft__mit_pc,control,0,7,4,11,9,24,11,13,true,false,false
pc-44cd72a2-632,forschung_muskelkraft__mit_pc,control,0,9,3,7,9,19,9,10,false,false,false
pc-cb8001e4-633,forschung_muskelkraft__mit_pc,control,0,6,3,7,9,19,9,10,true,false,true
pc-3768341d-634,forschung_muskelkraft__mit_pc,control,0,7,3,11,15,29,9,20,true,false,false
pc-be1ac35f-635,forschung_muskelkraft__mit_pc,control,0,6,5,19,23,47,15,32,true,false,false
pc-b0b584da-637,forschung_muskelkraft__mit_pc,control,0,6,4,4,5,13,6,7,false,false,false
pc-1c9db713-638,forschung_muskelkraft__mit_pc,control,0,6,4,13,16,33,12,21,false,false,false
pc-a3504655-639,forschung_muskelkraft__mit_pc,control,0,11,5,16,19,40,13,27,true,false,false
pc-0f38788e-640,forschung_muskelkraft__mit_pc,control,0,6,5,17,21,43,15,28,true,false,false
pc-95eb07d0-641,forschung_muskelkraft__mit_pc,control,0,6,5,19,26,50,15,35,true,false,false
pc-01d33a09-642,forschung_muskelkraft__mit_pc,control,0,6,5,14,16,35,14,21,true,false,false
pc-8885c94b-643,forschung_muskelkraft__mit_pc,control,0,9,5,11,22,38,15,23,false,false,false
pc-7b208ac6-645,forschung_muskelkraft__mit_pc,control,0,7,4,12,15,31,12,19,true,false,true
pc-e708bcfe-646,forschung_muskelkraft__mit_pc,control,0,9,2,6,9,17,6,11,false,false,false
pc-6dbb4c41-647,forschung_muskelkraft__mit_pc,control,0,10,5,24,26,55,15,40,true,true,true
pc-d9a37e79-648,forschung_muskelkraft__mit_pc,control,0,6,4,13,16,33,12,21,true,false,false
pc-60560dbc-649,forschung_muskelkraft__mit_pc,control,0,8,5,17,22,44,11,33,true,false,false
pc-83e6bb7f-650,forschung_muskelkraft__mit_pc,control,0,7,5,6,8,19,7,12,true,true,true
pc-0a994ac2-651,forschung_muskelkraft__mit_pc,control,0,6,2,6,8,16,6,10,true,false,false
pc-914bfa04-652,forschung_muskelkraft__mit_pc,control,0,10,3,10,11,24,9,15,true,true,true
pc-17fe8947-653,forschung_muskelkraft__mit_pc,control,0,6,2,7,10,19,6,13,true,false,false
pc-9eb13889-654,forschung_muskelkraft__mit_pc,control,0,6,3,9,8,20,8,12,true,false,false
pc-2563c7cc-655,forschung_muskelkraft__mit_pc,control,0,6,4,13,13,30,11,19,true,false,false
pc-ac16770e-656,forschung_muskelkraft__mit_pc,control,0,7,3,8,10,21,7,14,true,true,true
pc-32c90651-657,forschung_muskelkraft__mit_pc,control,0,6,4,12,10,26,11,15,false,false,false
pc-b97bb593-658,forschung_muskelkraft__mit_pc,control,0,6,3,8,9,20,7,13,false,false,false
pc-402e44d6-659,forschung_muskelkraft__mit_pc,control,0,7,4,14,14,32,10,22,true,true,true
pc-4d93835b-661,forschung_muskelkraft__mit_pc,control,0,7,5,12,13,30,15,15,true,false,false
pc-d446329d-662,forschung_muskelkraft__mit_pc,control,0,7,5,10,10,25,12,13,false,false,false
pc-e1ab7122-664,forschung_muskelkraft__mit_pc,control,0,6,4,10,12,26,11,15,true,false,false
pc-685e0065-665,forschung_muskelkraft__mit_pc,control,0,6,4,5,6,15,8,7,false,false,false
pc-ef10afa7-666,forschung_muskelkraft__mit_pc,control,0,7,5,7,8,20,7,13,true,false,false
pc-fc75ee2c-668,forschung_muskelkraft__mit_pc,control,0,7,5,8,8,21,11,10,true,true,true
pc-83289d6f-669,forschung_muskelkraft__mit_pc,control,0,6,4,12,16,32,12,20,true,false,false
pc-09db2cb2-670,forschung_muskelkraft__mit_pc,control,0,6,3,11,13,27,9,18,true,false,false
pc-17406b37-672,forschung_muskelkraft__mit_pc,control,0,7,3,12,14,29,9,20,true,false,true
pc-9df31a79-673,forschung_muskelkraft__mit_pc,control,0,6,4,7,10,21,11,10,true,false,false
pc-24a5a9bc-674,forschung_muskelkraft__mit_pc,control,0,6,4,8,10,22,11,11,true,false,false
pc-ab5858fe-675,forschung_muskelkraft__mit_pc,control,0,7,2,9,12,23,6,17,true,false,false
pc-b8bd9783-677,forschung_muskelkraft__mit_pc,control,0,6,3,9,11,23,9,14,false,false,false
pc-3f7026c6-678,forschung_muskelkraft__mit_pc,control,0,10,3,7,6,16,8,8,false,false,false
pc-d388148d-681,forschung_muskelkraft__mit_pc,control,0,11,4,8,9,21,11,10,true,true,true
pc-baf7f1b3-684,forschung_muskelkraft__mit_pc,control,0,7,5,8,11,24,13,11,true,false,true
pc-41aa80f6-685,forschung_muskelkraft__mit_pc,control,0,9,3,8,11,22,9,13,false,false,false
pc-c85d3038-686,forschung_muskelkraft__mit_pc,control,0,6,3,11,11,25,9,16,true,false,false
pc-4f0fdf7b-687,forschung_muskelkraft__mit_pc,control,0,7,3,3,4,10,5,5,true,true,true
pc-d5c26ebd-688,forschung_muskelkraft__mit_pc,control,0,7,5,9,10,24,9,15,false,false,false
pc-5c751e00-689,forschung_muskelkraft__mit_pc,control,0,6,4,8,11,23,12,11,false,false,false
pc-e327ad42-690,forschung_muskelkraft__mit_pc,control,0,7,4,11,17,32,10,22,true,false,false
pc-69da5c85-691,forschung_muskelkraft__mit_pc,control,0,13,4,7,6,17,8,9,false,false,false
pc-f08cebc7-692,forschung_muskelkraft__mit_pc,control,0,6,3,10,14,27,9,18,true,false,false
pc-84a4d98f-695,forschung_muskelkraft__mit_pc,control,0,11,5,10,11,26,12,14,true,false,false
pc-920a1814-697,forschung_muskelkraft__mit_pc,control,0,9,3,13,13,29,9,20,false,false,false
pc-18bca757-698,forschung_muskelkraft__mit_pc,control,0,12,3,12,11,26,8,18,true,false,true
pc-9f6f5699-699,forschung_muskelkraft__mit_pc,control,0,11,5,15,13,33,12,21,true,false,true
pc-20004ffb-701,solidaritaet_ueberleben__mit_pc,control,1,6,3,13,13,29,9,20,true,false,false
pc-a6b2ff3d-702,solidaritaet_ueberleben__mit_pc,control,1,11,4,26,23,53,12,41,true,true,true
pc-2d658e80-703,solidaritaet_ueberleben__mit_pc,control,1,6,2,5,6,13,6,7,false,false,false
pc-3acacd05-705,solidaritaet_ueberleben__mit_pc,control,1,6,4,15,17,36,12,24,true,false,false
pc-c17d7c47-706,solidaritaet_ueberleben__mit_pc,control,1,6,4,14,16,34,12,22,true,false,false
pc-48300b8a-707,solidaritaet_ueberleben__mit_pc,control,1,6,2,8,11,21,6,15,false,false,false
pc-ea6b55e6-709,solidaritaet_ueberleben__mit_pc,control,1,11,4,27,23,54,12,42,true,true,true
pc-711de529-710,solidaritaet_ueberleben__mit_pc,control,1,6,1,3,4,8,3,5,true,false,true
pc-f7d0946b-711,solidaritaet_ueberleben__mit_pc,control,1,11,4,5,6,15,6,9,true,true,true
pc-7e8323ae-712,solidaritaet_ueberleben__mit_pc,control,1,6,3,12,15,30,9,21,false,false,false
pc-0535d2f1-713,solidaritaet_ueberleben__mit_pc,control,1,6,2,8,11,21,6,15,false,false,false
pc-129b1176-715,solidaritaet_ueberleben__mit_pc,control,1,6,3,11,11,25,9,16,false,false,false
pc-2e23ac90-716,solidaritaet_ueberleben__mit_pc,control,1,7,5,23,30,58,15,43,true,false,true
pc-b4d65bd2-717,solidaritaet_ueberleben__mit_pc,control,1,6,3,10,13,26,9,17,false,false,false
pc-3b88eb15-718,solidaritaet_ueberleben__mit_pc,control,1,7,4,20,23,47,12,35,true,false,true
pc-c23b9a57-719,solidaritaet_ueberleben__mit_pc,control,1,9,5,12,17,34,9,25,true,true,true
pc-48ee299a-720,solidaritaet_ueberleben__mit_pc,control,1,6,2,8,10,20,6,14,true,false,false
pc-cfa0d8dc-721,solidaritaet_ueberleben__mit_pc,control,1,6,2,6,10,18,6,12,true,false,false
pc-5653681f-722,solidaritaet_ueberleben__mit_pc,control,1,6,3,12,14,29,9,20,true,false,false
pc-dd061761-723,solidaritaet_ueberleben__mit_pc,control,1,6,2,9,10,21,6,15,true,false,false
pc-05f3f101-726,solidaritaet_ueberleben__mit_pc,control,1,6,2,8,10,20,6,14,false,false,false
pc-13592f86-728,solidaritaet_ueberleben__mit_pc,control,1,6,3,13,18,34,9,25,false,false,false
pc-a7711d4d-731,solidaritaet_ueberleben__mit_pc,control,1,6,3,10,15,28,9,19,false,false,false
pc-49ac47aa-733,solidaritaet_ueberleben__mit_pc,control,1,6,3,10,12,25,9,16,true,false,false
pc-5711862f-735,solidaritaet_ueberleben__mit_pc,control,1,6,4,15,18,37,12,25,false,false,false
pc-71dc0339-739,solidaritaet_ueberleben__mit_pc,control,1,6,2,8,10,20,6,14,true,false,false
pc-14174d96-741,solidaritaet_ueberleben__mit_pc,control,1,8,2,12,14,28,6,22,false,false,false
pc-9ac9fcd8-742,solidaritaet_ueberleben__mit_pc,control,1,10,4,18,28,50,12,38,true,false,false
pc-a82f3b5d-744,solidaritaet_ueberleben__mit_pc,control,1,6,2,9,10,21,6,15,false,false,false
pc-2ee1caa0-745,solidaritaet_ueberleben__mit_pc,control,1,8,5,23,29,57,15,42,true,true,true
pc-57cfa43f-748,solidaritaet_ueberleben__mit_pc,control,1,9,3,15,13,31,9,22,true,false,false
pc-de825381-749,solidaritaet_ueberleben__mit_pc,control,1,6,2,9,10,21,6,15,true,false,false
pc-767b3105-751,solidaritaet_ueberleben__mit_pc,control,1,6,4,17,23,44,12,32,true,false,false
pc-5bb0b3fb-755,solidaritaet_ueberleben__mit_pc,control,1,6,4,17,17,38,12,26,true,false,false
pc-efc881c2-756,solidaritaet_ueberleben__mit_pc,control,1,6,4,15,18,37,12,25,false,false,false
pc-6915f280-757,solidaritaet_ueberleben__mit_pc,control,1,6,4,18,19,41,12,29,true,false,false
pc-32c2da5c-758,solidaritaet_ueberleben__mit_pc,control,1,11,4,21,18,43,12,31,true,false,false
pc-b975699e-761,solidaritaet_ueberleben__mit_pc,control,1,6,4,15,19,38,12,26,true,true,true
pc-17f85d52-762,solidaritaet_ueberleben__mit_pc,control,1,6,5,21,24,50,15,35,true,false,false
pc-9145ae0f-763,solidaritaet_ueberleben__mit_pc,control,1,8,5,0,0,5,5,0,false,false,false
pc-255d9bd7-764,solidaritaet_ueberleben__mit_pc,control,1,6,4,15,20,39,12,27,true,false,true
pc-9eaaec94-765,solidaritaet_ueberleben__mit_pc,control,1,6,2,8,10,20,6,14,true,false,false
pc-9203cc1f-766,solidaritaet_ueberleben__mit_pc,control,1,6,4,14,18,36,12,24,true,false,false
pc-9f690aa4-768,solidaritaet_ueberleben__mit_pc,control,1,6,3,13,13,29,9,20,true,false,true
pc-fdebfe57-773,solidaritaet_ueberleben__mit_pc,control,1,6,3,11,12,26,9,17,false,false,false
pc-40e636f1-775,solidaritaet_ueberleben__mit_pc,control,1,7,2,10,12,24,6,18,false,false,false
pc-d4fe04b8-776,solidaritaet_ueberleben__mit_pc,control,1,6,3,14,16,33,9,24,true,false,false
pc-ba3387ae-780,solidaritaet_ueberleben__mit_pc,control,1,8,4,18,20,42,12,30,false,false,false
pc-3380f86c-781,solidaritaet_ueberleben__mit_pc,control,1,6,5,20,24,49,15,34,true,false,false
pc-a02728b4-783,solidaritaet_ueberleben__mit_pc,control,1,6,5,18,22,45,15,30,true,false,true
pc-343f167c-784,solidaritaet_ueberleben__mit_pc,control,1,6,4,17,21,42,12,30,true,false,true
pc-0c0f5aed-786,solidaritaet_ueberleben__mit_pc,control,1,6,4,15,18,37,12,25,false,false,false
pc-855cabaa-787,solidaritaet_ueberleben__mit_pc,control,1,7,3,11,17,31,9,22,true,false,false
pc-92c1ea2f-789,solidaritaet_ueberleben__mit_pc,control,1,14,5,20,18,43,15,28,true,false,true
pc-d5bc22c8-791,solidaritaet_ueberleben__mit_pc,control,1,6,2,9,12,23,6,17,true,false,false
pc-e321614d-793,solidaritaet_ueberleben__mit_pc,control,1,7,3,13,18,34,9,25,true,false,true
pc-4f099386-796,solidaritaet_ueberleben__mit_pc,control,1,6,3,12,15,30,9,21,false,false,false
pc-c856e443-797,solidaritaet_ueberleben__mit_pc,control,1,6,3,14,16,33,9,24,true,false,true
pc-34fd348c-799,solidaritaet_ueberleben__mit_pc,control,1,8,5,25,33,63,15,48,false,false,false
pc-2ea743f0-900,forschung_muskelkraft__mit_pc,control,0,6,4,15,13,32,12,20,true,true,true
pc-3c0c8275-902,urzeitliche_kolosse__mit_pc,control,1,6,1,5,5,11,3,8,true,false,false
pc-3c0c8275-902,forschung_muskelkraft__mit_pc,control,0,8,5,10,10,25,11,14,false,false,false
pc-b559f332-903,forschung_muskelkraft__mit_pc,control,0,6,3,8,5,16,8,8,true,true,true
pc-4971c0fa-904,urzeitliche_kolosse__mit_pc,control,1,6,3,11,17,31,9,22,true,false,false
pc-4971c0fa-904,forschung_muskelkraft__mit_pc,control,0,7,3,3,4,10,5,5,false,false,false
pc-c2bf31b7-905,forschung_muskelkraft__mit_pc,control,0,6,4,4,4,12,6,6,false,false,false
pc-56d71f7f-906,urzeitliche_kolosse__mit_pc,control,1,6,1,3,5,9,3,6,false,false,false
pc-56d71f7f-906,forschung_muskelkraft__mit_pc,control,0,10,2,8,8,18,6,12,true,false,true
pc-dd89aec1-909,forschung_muskelkraft__mit_pc,control,0,6,4,7,8,19,8,11,false,false,false
pc-71a19c89-910,forschung_muskelkraft__mit_pc,control,0,6,2,6,8,16,6,10,true,false,false
pc-71a19c89-910,urzeitliche_kolosse__mit_pc,control,1,11,2,3,5,10,4,6,false,false,false
pc-7f06db0e-912,forschung_muskelkraft__mit_pc,control,0,6,5,12,12,29,11,18,false,false,false
pc-7f06db0e-912,urzeitliche_kolosse__mit_pc,control,1,8,5,19,21,45,15,30,true,false,false
pc-f8542bcb-913,forschung_muskelkraft__mit_pc,control,0,10,5,10,10,25,11,14,false,false,false
pc-f8542bcb-913,urzeitliche_kolosse__mit_pc,control,1,12,5,16,17,38,11,27,true,false,false
pc-8c6c1993-914,urzeitliche_kolosse__mit_pc,control,1,6,2,8,11,21,6,15,false,false,false
pc-8c6c1993-914,forschung_muskelkraft__mit_pc,control,0,7,2,6,8,16,6,10,true,false,false
pc-05b96a51-915,urzeitliche_kolosse__mit_pc,control,1,6,3,11,12,26,9,17,false,false,false
pc-05b96a51-915,forschung_muskelkraft__mit_pc,control,0,8,4,13,12,29,10,19,true,false,false
pc-3ccaa085-917,urzeitliche_kolosse__mit_pc,control,1,7,3,15,18,36,9,27,true,true,true
pc-d0e28e4c-918,urzeitliche_kolosse__mit_pc,control,1,6,2,8,7,17,6,11,false,false,false
pc-de47ccd1-920,forschung_muskelkraft__mit_pc,control,0,6,2,9,9,20,6,14,false,false,false
pc-57953d8f-921,forschung_muskelkraft__mit_pc,control,0,6,3,12,11,26,9,17,true,true,true
pc-f91249db-924,urzeitliche_kolosse__mit_pc,control,1,9,5,29,35,69,15,54,true,false,true
pc-06778861-926,urzeitliche_kolosse__mit_pc,control,1,6,2,7,11,20,6,14,true,false,false
pc-06778861-926,forschung_muskelkraft__mit_pc,control,0,6,2,6,6,14,6,8,false,false,false
pc-13dcc6e6-928,urzeitliche_kolosse__mit_pc,control,1,6,2,8,11,21,6,15,true,false,false
pc-13dcc6e6-928,forschung_muskelkraft__mit_pc,control,0,6,3,3,4,10,5,5,false,false,false
pc-2142056b-930,urzeitliche_kolosse__mit_pc,control,1,6,2,7,8,17,6,11,false,false,false
pc-2142056b-930,forschung_muskelkraft__mit_pc,control,0,6,4,7,8,19,8,11,true,false,false
pc-9a8f7628-931,forschung_muskelkraft__mit_pc,control,0,8,4,14,15,33,12,21,false,false,false
pc-04fb4c41-932,urzeitliche_kolosse__mit_pc,control,1,6,3,12,15,30,9,21,true,false,false
pc-04fb4c41-932,forschung_muskelkraft__mit_pc,control,0,6,4,11,13,28,10,18,false,false,false
pc-12608ac6-934,forschung_muskelkraft__mit_pc,control,0,6,3,11,8,22,8,14,true,true,true
pc-1fc5c94b-936,forschung_muskelkraft__mit_pc,control,0,8,3,10,8,21,7,14,true,true,true
pc-99133a08-937,urzeitliche_kolosse__mit_pc,control,1,6,3,10,10,23,9,14,true,false,true
pc-99133a08-937,forschung_muskelkraft__mit_pc,control,0,6,2,6,8,16,6,10,false,false,false
pc-2d2b07d0-938,urzeitliche_kolosse__mit_pc,control,1,6,2,8,8,18,6,12,false,false,false
pc-2d2b07d0-938,forschung_muskelkraft__mit_pc,control,0,6,3,11,12,26,9,17,true,false,false
pc-a678788d-939,urzeitliche_kolosse__mit_pc,control,1,6,2,8,8,18,6,12,true,true,true
pc-b3ddb712-941,urzeitliche_kolosse__mit_pc,control,1,6,3,11,10,24,9,15,false,false,false
pc-b3ddb712-941,forschung_muskelkraft__mit_pc,control,0,6,3,10,12,25,9,16,true,false,false
pc-47f584da-942,urzeitliche_kolosse__mit_pc,control,1,6,2,9,6,17,6,11,true,false,false
pc-47f584da-942,forschung_muskelkraft__mit_pc,control,0,7,2,7,8,17,6,11,false,false,false
pc-c142f597-943,urzeitliche_kolosse__mit_pc,control,1,6,3,12,15,30,9,21,true,false,false
pc-c142f597-943,forschung_muskelkraft__mit_pc,control,0,6,4,3,4,11,6,5,false,false,false
pc-555ac35f-944,urzeitliche_kolosse__mit_pc,control,1,6,2,8,10,20,6,14,true,false,false
pc-555ac35f-944,forschung_muskelkraft__mit_pc,control,0,6,5,6,6,17,9,8,false,false,false
pc-cea8341c-945,forschung_muskelkraft__mit_pc,control,0,6,3,13,13,29,9,20,true,false,true
pc-62c001e4-946,forschung_muskelkraft__mit_pc,control,0,6,3,6,5,14,7,7,true,false,true
pc-dc0d72a1-947,urzeitliche_kolosse__mit_pc,control,1,6,3,11,11,25,9,16,true,false,false
pc-dc0d72a1-947,forschung_muskelkraft__mit_pc,control,0,7,3,11,12,26,9,17,false,false,false
pc-76c7338a-950,forschung_muskelkraft__mit_pc,control,0,7,2,9,12,23,6,17,true,false,false
pc-76c7338a-950,urzeitliche_kolosse__mit_pc,control,1,8,4,16,21,41,12,29,false,false,false
pc-fd79c2cc-951,forschung_muskelkraft__mit_pc,control,0,6,1,4,4,9,3,6,true,false,false
pc-fd79c2cc-951,urzeitliche_kolosse__mit_pc,control,1,6,3,11,14,28,9,19,false,false,false
pc-842c720f-952,forschung_muskelkraft__mit_pc,control,0,6,4,8,8,20,8,12,true,false,true
pc-0adf0152-953,forschung_muskelkraft__mit_pc,control,0,6,1,5,5,11,3,8,false,false,false
pc-5bfcb680-954,urzeitliche_kolosse__mit_pc,control,1,6,4,17,20,41,12,29,false,false,false
pc-5bfcb680-954,forschung_muskelkraft__mit_pc,control,0,7,5,9,10,24,11,13,true,false,false
pc-e2af45c2-955,forschung_muskelkraft__mit_pc,control,0,6,3,10,9,22,9,13,false,false,false
pc-f0148447-957,forschung_muskelkraft__mit_pc,control,0,6,2,4,4,10,4,6,false,false,false
pc-f0148447-957,urzeitliche_kolosse__mit_pc,control,1,6,4,14,17,35,12,23,true,false,true
pc-ac5c2d9e-958,forschung_muskelkraft__mit_pc,control,0,7,4,12,11,27,11,16,true,false,false
pc-330edce1-959,urzeitliche_kolosse__mit_pc,control,1,6,3,13,14,30,9,21,false,false,false
pc-40741b66-961,urzeitliche_kolosse__mit_pc,control,1,6,5,9,11,25,9,16,false,false,false
pc-40741b66-961,forschung_muskelkraft__mit_pc,control,0,11,5,16,14,35,13,22,true,false,true
pc-9ef6ef19-964,forschung_muskelkraft__mit_pc,control,0,6,3,4,4,11,5,6,false,false,false
pc-9ef6ef19-964,urzeitliche_kolosse__mit_pc,control,1,6,3,11,14,28,9,19,true,false,true
pc-25a99e5c-965,forschung_muskelkraft__mit_pc,control,0,7,3,9,7,19,9,10,false,false,false
pc-0b9d3f62-966,forschung_muskelkraft__mit_pc,control,0,7,2,8,8,18,6,12,true,true,true
pc-924fcea4-967,forschung_muskelkraft__mit_pc,control,0,7,2,5,5,12,4,8,true,true,true
pc-19027de7-968,forschung_muskelkraft__mit_pc,control,0,8,4,5,5,14,6,8,false,false,false
pc-9fb50d29-969,forschung_muskelkraft__mit_pc,control,0,7,2,9,12,23,6,17,true,false,false
pc-f0d2a257-970,urzeitliche_kolosse__mit_pc,control,1,6,4,18,22,44,12,32,true,false,false
pc-f0d2a257-970,forschung_muskelkraft__mit_pc,control,0,11,5,14,11,30,14,16,false,false,false
pc-7785519a-971,urzeitliche_kolosse__mit_pc,control,1,6,3,13,20,36,9,27,false,false,false
pc-7785519a-971,forschung_muskelkraft__mit_pc,control,0,7,2,7,11,20,6,14,true,false,false
pc-fe37e0dc-972,urzeitliche_kolosse__mit_pc,control,1,6,3,14,17,34,9,25,false,false,false
pc-fe37e0dc-972,forschung_muskelkraft__mit_pc,control,0,9,5,18,16,39,15,24,true,false,false
pc-84ea901f-973,forschung_muskelkraft__mit_pc,control,0,6,2,7,6,15,6,9,false,false,false
pc-41323976-974,urzeitliche_kolosse__mit_pc,control,1,6,3,14,17,34,9,25,true,true,true
pc-41323976-974,forschung_muskelkraft__mit_pc,control,0,7,5,13,13,31,11,20,false,false,false
pc-4e9777fb-976,urzeitliche_kolosse__mit_pc,control,1,6,3,14,16,33,9,24,true,false,false
pc-4e9777fb-976,forschung_muskelkraft__mit_pc,control,0,7,2,7,11,20,6,14,false,false,false
pc-d54a073d-977,forschung_muskelkraft__mit_pc,control,0,6,1,4,4,9,3,6,false,false,false
pc-d54a073d-977,urzeitliche_kolosse__mit_pc,control,1,6,3,11,13,27,9,18,true,false,false
pc-2667bc6c-978,urzeitliche_kolosse__mit_pc,control,1,6,4,15,18,37,12,25,true,false,false
pc-2667bc6c-978,forschung_muskelkraft__mit_pc,control,0,7,3,6,6,15,7,8,false,false,false
pc-ad1a4bae-979,urzeitliche_kolosse__mit_pc,control,1,6,2,10,11,23,6,17,false,false,false
pc-ad1a4bae-979,forschung_muskelkraft__mit_pc,control,0,7,5,7,11,23,9,14,true,false,false
pc-33ccfaf1-980,forschung_muskelkraft__mit_pc,control,0,7,2,6,7,15,5,10,true,false,false
pc-33ccfaf1-980,urzeitliche_kolosse__mit_pc,control,1,8,3,13,15,31,9,22,false,false,false
pc-ba7f8a33-981,forschung_muskelkraft__mit_pc,control,0,6,2,8,8,18,6,12,true,false,false
pc-ba7f8a33-981,urzeitliche_kolosse__mit_pc,control,1,6,3,11,15,29,9,20,false,false,false
pc-4d1b3bdb-982,urzeitliche_kolosse__mit_pc,control,1,7,3,11,14,28,9,19,true,false,true
pc-4d1b3bdb-982,forschung_muskelkraft__mit_pc,control,0,8,3,6,6,15,7,8,false,false,false
pc-d3cdcb1d-983,forschung_muskelkraft__mit_pc,control,0,6,1,4,4,9,3,6,false,false,false
pc-5a807a60-984,forschung_muskelkraft__mit_pc,control,0,6,2,6,8,16,6,10,false,false,false
pc-e13309a2-985,forschung_muskelkraft__mit_pc,control,0,6,2,6,4,12,6,6,false,false,false
pc-e13309a2-985,urzeitliche_kolosse__mit_pc,control,1,6,2,8,10,20,6,14,true,false,false
pc-3250bed1-986,forschung_muskelkraft__mit_pc,control,0,6,1,4,4,9,3,6,true,true,true
pc-b9034e13-987,urzeitliche_kolosse__mit_pc,control,1,6,4,17,22,43,12,31,true,false,false
pc-b9034e13-987,forschung_muskelkraft__mit_pc,control,0,10,3,10,9,22,9,13,false,false,false
pc-c6688c98-989,urzeitliche_kolosse__mit_pc,control,1,6,3,14,16,33,9,24,false,false,false
pc-c6688c98-989,forschung_muskelkraft__mit_pc,control,0,8,3,12,16,31,9,22,true,false,false
pc-82b035ef-990,urzeitliche_kolosse__mit_pc,control,1,6,5,5,6,16,7,9,true,false,false
pc-82b035ef-990,forschung_muskelkraft__mit_pc,control,0,7,5,11,11,27,11,16,false,false,false
pc-90157474-992,forschung_muskelkraft__mit_pc,control,0,6,2,8,9,19,6,13,false,false,false
pc-90157474-992,urzeitliche_kolosse__mit_pc,control,1,6,4,14,18,36,12,24,true,false,true
pc-ee984827-995,forschung_muskelkraft__mit_pc,control,0,6,1,5,5,11,3,8,false,false,false
pc-ee984827-995,urzeitliche_kolosse__mit_pc,control,1,6,3,11,14,28,9,19,true,false,false
pc-754af76a-996,forschung_muskelkraft__mit_pc,control,0,7,2,7,11,20,6,14,true,true,true
pc-fbfd86ac-997,forschung_muskelkraft__mit_pc,control,0,6,2,7,5,14,5,9,true,false,false
pc-fbfd86ac-997,urzeitliche_kolosse__mit_pc,control,1,6,2,8,10,20,6,14,false,false,false
pc-e1f127b2-998,forschung_muskelkraft__mit_pc,control,0,6,2,5,5,12,4,8,false,false,false
pc-68a3d6f5-999,urzeitliche_kolosse__mit_pc,control,1,6,3,14,16,33,9,24,false,false,false
pc-68a3d6f5-999,forschung_muskelkraft__mit_pc,control,0,9,4,11,12,27,8,19,true,false,false
pc-c02e2e6f-1002,forschung_muskelkraft__mit_pc,control,0,6,4,9,9,22,8,14,true,false,true
pc-46e0ddb2-1003,forschung_muskelkraft__mit_pc,control,0,6,3,8,6,17,8,9,true,false,true
pc-b2c8efea-1004,forschung_muskelkraft__mit_pc,control,0,6,3,8,3,14,8,6,true,false,false
pc-397b9f2d-1005,forschung_muskelkraft__mit_pc,control,0,10,4,15,11,30,12,18,true,false,true
pc-2c1640a8-1007,forschung_muskelkraft__mit_pc,control,0,9,3,7,9,19,7,12,false,false,false
pc-97fe72e0-1008,forschung_muskelkraft__mit_pc,control,0,6,3,10,11,24,9,15,true,false,false
pc-1eb10223-1009,forschung_muskelkraft__mit_pc,control,0,6,2,6,4,12,4,8,false,false,false
pc-8a99345b-1010,forschung_muskelkraft__mit_pc,control,0,6,3,10,10,23,9,14,false,false,false
pc-114bc39e-1011,forschung_muskelkraft__mit_pc,control,0,6,3,9,10,22,9,13,false,false,false
pc-7d33f5d6-1012,forschung_muskelkraft__mit_pc,control,0,6,5,10,10,25,11,14,false,false,false
pc-38bd611d-1016,forschung_muskelkraft__mit_pc,control,0,6,5,10,12,27,11,16,true,false,false
pc-89db164b-1025,forschung_muskelkraft__mit_pc,control,0,7,2,7,7,16,6,10,true,true,true
pc-e85de9fe-1028,forschung_muskelkraft__mit_pc,control,0,8,4,12,9,25,9,16,false,false,false
pc-6f109941-1029,forschung_muskelkraft__mit_pc,control,0,6,3,12,11,26,9,17,true,false,true
pc-daf8ab79-1030,forschung_muskelkraft__mit_pc,control,0,6,3,11,12,26,9,17,false,false,false
pc-708cd561-1035,forschung_muskelkraft__mit_pc,control,0,6,3,13,13,29,9,20,true,true,true
pc-632796dc-1037,forschung_muskelkraft__mit_pc,control,0,6,2,8,7,17,6,11,false,false,false
pc-cf0fa914-1038,forschung_muskelkraft__mit_pc,control,0,6,2,7,7,16,6,10,false,false,false
pc-55c25857-1039,forschung_muskelkraft__mit_pc,control,0,6,4,11,8,23,10,13,false,false,false
pc-c1aa6a8f-1040,forschung_muskelkraft__mit_pc,control,0,6,2,10,9,21,6,15,true,true,true
pc-485d19d2-1041,forschung_muskelkraft__mit_pc,control,0,6,4,14,12,30,12,18,true,false,true
pc-3af7db4d-1043,forschung_muskelkraft__mit_pc,control,0,6,3,11,10,24,9,15,true,false,true
pc-a6dfed85-1044,forschung_muskelkraft__mit_pc,control,0,6,3,8,9,20,7,13,true,false,true
pc-2d929cc8-1045,forschung_muskelkraft__mit_pc,control,0,6,3,11,9,23,8,15,true,false,true
pc-626978cc-1048,forschung_muskelkraft__mit_pc,control,0,6,3,10,9,22,8,14,true,true,true
pc-e91c080e-1049,forschung_muskelkraft__mit_pc,control,0,8,5,4,3,12,7,5,true,false,false
pc-69b34d65-1050,forschung_muskelkraft__mit_pc,control,0,9,2,9,5,16,6,10,true,false,false
pc-77188bea-1052,forschung_muskelkraft__mit_pc,control,0,6,1,4,4,9,3,6,true,false,false
pc-f065fca7-1053,forschung_muskelkraft__mit_pc,control,0,7,3,8,7,18,7,11,true,true,true
pc-847dca6f-1054,forschung_muskelkraft__mit_pc,control,0,9,3,17,15,35,9,26,true,false,true
pc-fdcb3b2c-1055,forschung_muskelkraft__mit_pc,control,0,6,1,4,4,9,3,6,false,false,false
pc-0b3079b2-1057,forschung_muskelkraft__mit_pc,control,0,6,3,5,5,13,5,8,true,false,false
pc-acad85fe-1060,forschung_muskelkraft__mit_pc,control,0,7,5,10,7,22,10,12,false,false,false
pc-c7780308-1064,forschung_muskelkraft__mit_pc,control,0,9,3,16,12,31,9,22,true,true,true
pc-40c573c6-1065,forschung_muskelkraft__mit_pc,control,0,7,2,7,5,14,5,9,true,false,true
pc-fe89593c-1066,forschung_muskelkraft__mit_pc,control,0,7,4,8,7,19,8,11,false,false,false
pc-a0066589-1073,forschung_muskelkraft__mit_pc,control,0,6,2,7,7,16,6,10,false,false,false
pc-341e5351-1074,forschung_muskelkraft__mit_pc,control,0,6,4,5,5,14,6,8,false,false,false
pc-418391d6-1076,forschung_muskelkraft__mit_pc,control,0,8,3,12,15,30,9,21,false,false,false
pc-bad0e293-1077,forschung_muskelkraft__mit_pc,control,0,6,3,11,10,24,9,15,true,false,false
pc-4ee8d05b-1078,forschung_muskelkraft__mit_pc,control,0,7,3,4,4,11,5,6,true,true,true
pc-c8362118-1079,forschung_muskelkraft__mit_pc,control,0,6,2,9,9,20,6,14,true,false,false
pc-5c4e0ee0-1080,forschung_muskelkraft__mit_pc,control,0,6,3,8,5,16,9,7,true,false,true
pc-0cacb5d2-1083,forschung_muskelkraft__mit_pc,control,0,10,1,4,5,10,3,7,true,false,false
pc-a0c48399-1084,forschung_muskelkraft__mit_pc,control,0,6,2,4,4,10,4,6,true,true,true
pc-1a11f457-1085,forschung_muskelkraft__mit_pc,control,0,6,2,5,5,12,4,8,false,false,false
pc-ae29c21e-1086,forschung_muskelkraft__mit_pc,control,0,7,5,8,7,20,9,11,true,false,true
pc-277732dc-1087,forschung_muskelkraft__mit_pc,control,0,7,5,10,13,28,11,17,true,true,true
pc-bb8f00a3-1088,forschung_muskelkraft__mit_pc,control,0,7,3,8,7,18,7,11,true,false,false
pc-34dc7161-1089,forschung_muskelkraft__mit_pc,control,0,6,3,7,8,18,7,11,false,false,false
pc-c8f45f28-1090,forschung_muskelkraft__mit_pc,control,0,6,2,8,8,18,6,12,false,false,false
pc-4fa6ee6b-1093,forschung_muskelkraft__mit_pc,control,0,7,2,7,11,20,6,14,true,true,true
pc-e3bedc32-1094,forschung_muskelkraft__mit_pc,control,0,8,4,6,4,14,8,6,false,false,false
pc-5d0c2cf0-1095,forschung_muskelkraft__mit_pc,control,0,7,2,7,8,17,6,11,true,false,true
pc-f1241ab7-1096,forschung_muskelkraft__mit_pc,control,0,7,4,11,9,24,10,14,true,false,true
pc-6a716b75-1097,forschung_muskelkraft__mit_pc,control,0,7,3,9,9,21,7,14,false,false,false
pc-99e4cfa8-1104,urzeitliche_kolosse__mit_pc,control,1,6,2,7,8,17,6,11,true,false,true
pc-13322066-1105,urzeitliche_kolosse__mit_pc,control,1,6,2,6,8,16,6,10,true,false,false
pc-20977eeb-1107,urzeitliche_kolosse__mit_pc,control,1,6,3,13,11,27,9,18,true,true,true
pc-4985588a-1108,urzeitliche_kolosse__mit_pc,control,1,6,3,11,11,25,9,16,true,false,false
pc-644fd594-1112,urzeitliche_kolosse__mit_pc,control,1,8,2,10,12,24,6,18,true,false,false
pc-71b51419-1114,urzeitliche_kolosse__mit_pc,control,1,7,2,10,12,24,6,18,true,false,false
pc-eb0264d6-1115,urzeitliche_kolosse__mit_pc,control,1,11,4,13,15,32,10,22,false,false,false
pc-70f6f609-1119,urzeitliche_kolosse__mit_pc,control,1,6,1,5,6,12,3,9,false,false,false
pc-8bc17313-1123,urzeitliche_kolosse__mit_pc,control,1,6,2,6,6,14,6,8,true,false,false
pc-cf79c9bc-1128,urzeitliche_kolosse__mit_pc,control,1,6,3,12,12,27,9,18,false,false,false
pc-dcdf0841-1130,urzeitliche_kolosse__mit_pc,control,1,6,2,9,10,21,6,15,false,false,false
pc-556e5aef-1132,urzeitliche_kolosse__mit_pc,control,1,6,2,9,9,20,6,14,true,false,false
pc-9926b198-1141,urzeitliche_kolosse__mit_pc,control,1,7,4,10,12,26,8,18,true,false,true
pc-2d3e9f60-1142,urzeitliche_kolosse__mit_pc,control,1,7,4,5,6,15,6,9,true,true,true
pc-b3f12ea2-1145,urzeitliche_kolosse__mit_pc,control,1,10,5,29,33,67,13,54,true,false,false
pc-48091c6a-1146,urzeitliche_kolosse__mit_pc,control,1,6,3,12,12,27,9,18,false,false,false
pc-c1566d27-1147,urzeitliche_kolosse__mit_pc,control,1,6,3,11,10,24,9,15,true,false,false
pc-c0984f17-1148,urzeitliche_kolosse__mit_pc,control,1,6,1,3,5,9,3,6,true,false,true
pc-39e5bfd5-1149,urzeitliche_kolosse__mit_pc,control,1,8,3,12,14,29,9,20,false,false,false
pc-d59533a8-1152,urzeitliche_kolosse__mit_pc,control,1,6,5,19,16,40,15,25,true,false,true
pc-5c47c2eb-1153,urzeitliche_kolosse__mit_pc,control,1,6,5,23,22,50,15,35,true,true,true
pc-4ee28466-1155,urzeitliche_kolosse__mit_pc,control,1,6,3,14,16,33,9,24,true,true,true
pc-91dcdcff-1161,urzeitliche_kolosse__mit_pc,control,1,8,5,24,26,55,15,40,true,false,true
pc-4e246656-1166,urzeitliche_kolosse__mit_pc,control,1,6,2,8,10,20,6,14,false,false,false
pc-c771d713-1169,urzeitliche_kolosse__mit_pc,control,1,6,2,10,12,24,6,18,true,false,false
pc-3359e94c-1170,urzeitliche_kolosse__mit_pc,control,1,6,5,23,25,53,15,38,true,false,false
pc-83b9606a-1174,urzeitliche_kolosse__mit_pc,control,1,7,1,6,6,13,3,10,true,true,true
pc-e23c541d-1181,urzeitliche_kolosse__mit_pc,control,1,6,4,15,15,34,12,22,true,true,true
pc-b94e7a7e-1182,urzeitliche_kolosse__mit_pc,control,1,6,4,16,16,36,12,24,true,false,false
pc-9e83fd74-1186,urzeitliche_kolosse__mit_pc,control,1,6,3,14,16,33,9,24,true,false,true
pc-911ebeef-1188,urzeitliche_kolosse__mit_pc,control,1,6,4,16,16,36,12,24,true,true,true
pc-17d14e32-1189,urzeitliche_kolosse__mit_pc,control,1,6,3,12,17,32,9,23,true,false,false
pc-e17e360d-1192,urzeitliche_kolosse__mit_pc,control,1,8,5,6,6,17,7,10,false,false,false
pc-6830c550-1193,urzeitliche_kolosse__mit_pc,control,1,6,2,8,9,19,6,13,false,false,false
pc-c6b3b903-1196,urzeitliche_kolosse__mit_pc,control,1,6,3,13,16,32,9,23,true,false,false
pc-ab2b1de9-1199,urzeitliche_kolosse__mit_pc,control,1,6,5,22,23,50,15,35,true,true,true
pc-070eb751-1302,rudeljaeger__mit_pc,control,0,10,4,9,9,22,9,13,true,true,true
pc-8dc14693-1303,rudeljaeger__mit_pc,control,0,6,4,15,20,39,12,27,false,false,false
pc-2f3e72e0-1304,rudeljaeger__mit_pc,control,0,6,5,19,25,49,15,34,true,true,true
pc-21d9345b-1306,rudeljaeger__mit_pc,control,0,6,3,12,15,30,9,21,false,false,false
pc-21d9345b-1306,solidaritaet_ueberleben__mit_pc,control,1,7,3,13,12,28,9,19,true,false,false
pc-4a08efea-1308,rudeljaeger__mit_pc,control,0,6,2,9,12,23,6,17,false,false,false
pc-4a08efea-1308,solidaritaet_ueberleben__mit_pc,control,1,7,5,5,6,16,9,7,true,false,false
pc-3ca3b165-1310,solidaritaet_ueberleben__mit_pc,control,1,6,4,9,6,19,11,8,true,false,false
pc-c35640a7-1311,solidaritaet_ueberleben__mit_pc,control,1,6,3,7,6,16,9,7,true,false,false
pc-c35640a7-1311,rudeljaeger__mit_pc,control,0,6,4,12,12,28,11,17,false,false,false
pc-eb861c36-1313,rudeljaeger__mit_pc,control,0,6,4,13,14,31,12,19,false,false,false
pc-eb861c36-1313,solidaritaet_ueberleben__mit_pc,control,1,12,2,8,6,16,6,10,true,true,true
pc-de20ddb1-1315,solidaritaet_ueberleben__mit_pc,control,1,6,3,2,2,7,5,2,false,false,false
pc-de20ddb1-1315,rudeljaeger__mit_pc,control,0,13,2,5,9,16,6,10,true,true,true
pc-7f9de9fe-1316,rudeljaeger__mit_pc,control,0,6,3,8,4,15,8,7,true,true,true
pc-7f9de9fe-1316,solidaritaet_ueberleben__mit_pc,control,1,7,4,4,4,12,6,6,false,false,false
pc-f8eb5abb-1319,solidaritaet_ueberleben__mit_pc,control,1,6,3,7,6,16,8,8,false,false,false
pc-f8eb5abb-1319,rudeljaeger__mit_pc,control,0,6,3,8,8,19,8,11,true,false,false
pc-211b164b-1321,rudeljaeger__mit_pc,control,0,6,4,8,10,22,8,14,true,true,true
pc-8d032883-1322,rudeljaeger__mit_pc,control,0,6,4,17,25,46,12,34,true,false,true
pc-13b5d7c6-1323,solidaritaet_ueberleben__mit_pc,control,1,6,3,9,4,16,8,8,true,false,false
pc-b532e412-1324,rudeljaeger__mit_pc,control,0,6,2,9,10,21,6,15,true,true,true
pc-a7cda58d-1326,rudeljaeger__mit_pc,control,0,6,5,17,20,42,15,27,true,false,true
pc-a7cda58d-1326,solidaritaet_ueberleben__mit_pc,control,1,8,3,10,10,23,9,14,false,false,false
pc-2e8054d0-1327,solidaritaet_ueberleben__mit_pc,control,1,7,5,8,4,17,10,7,true,false,true
pc-cffd611c-1328,rudeljaeger__mit_pc,control,0,6,3,14,16,33,9,24,false,false,false
pc-cffd611c-1328,solidaritaet_ueberleben__mit_pc,control,1,8,3,7,8,18,7,11,true,false,false
pc-56b0105f-1329,solidaritaet_ueberleben__mit_pc,control,1,7,4,7,6,17,8,9,true,false,false
pc-56b0105f-1329,rudeljaeger__mit_pc,control,0,11,5,12,17,34,13,21,false,false,false
pc-c2982297-1330,solidaritaet_ueberleben__mit_pc,control,1,7,5,22,16,43,15,28,true,false,false
pc-c2982297-1330,rudeljaeger__mit_pc,control,0,8,3,12,14,29,9,20,false,false,false
pc-494ad1da-1331,rudeljaeger__mit_pc,control,0,11,3,14,16,33,9,24,true,false,true
pc-494ad1da-1331,solidaritaet_ueberleben__mit_pc,control,1,13,4,7,4,15,8,7,false,false,false
pc-c4d29cc7-1333,rudeljaeger__mit_pc,control,0,6,4,17,19,40,12,28,false,false,false
pc-c4d29cc7-1333,solidaritaet_ueberleben__mit_pc,control,1,7,5,10,6,21,10,11,true,false,false
pc-58ea6a8f-1336,solidaritaet_ueberleben__mit_pc,control,1,12,3,2,2,7,5,2,false,false,false
pc-58ea6a8f-1336,rudeljaeger__mit_pc,control,0,14,5,12,19,36,13,23,true,true,true
pc-fa6796db-1341,solidaritaet_ueberleben__mit_pc,control,1,7,4,9,8,21,10,11,false,false,false
pc-fa6796db-1341,rudeljaeger__mit_pc,control,0,8,5,19,21,45,15,30,true,true,true
pc-664fa914-1342,solidaritaet_ueberleben__mit_pc,control,1,6,2,4,4,10,4,6,false,false,false
pc-664fa914-1342,rudeljaeger__mit_pc,control,0,8,4,14,14,32,12,20,true,false,false
pc-ed025856-1343,rudeljaeger__mit_pc,control,0,11,4,7,8,19,8,11,true,true,true
pc-8e7f64a3-1344,solidaritaet_ueberleben__mit_pc,control,1,6,3,10,8,21,8,13,true,false,false
pc-07ccd561-1347,rudeljaeger__mit_pc,control,0,6,4,13,12,29,12,17,true,false,false
pc-07ccd561-1347,solidaritaet_ueberleben__mit_pc,control,1,7,3,8,8,19,9,10,false,false,false
pc-2ffc90f0-1349,rudeljaeger__mit_pc,control,0,6,5,7,8,20,7,13,false,false,false
pc-d5e1362d-1350,rudeljaeger__mit_pc,control,0,6,1,4,4,9,3,6,false,false,false
pc-d5e1362d-1350,solidaritaet_ueberleben__mit_pc,control,1,6,3,9,10,22,9,13,true,false,false
pc-bb16b923-1354,rudeljaeger__mit_pc,control,0,6,2,4,5,11,6,5,false,false,false
pc-41c94866-1355,solidaritaet_ueberleben__mit_pc,control,1,7,2,8,4,14,5,9,true,false,false
pc-41c94866-1355,rudeljaeger__mit_pc,control,0,8,5,17,23,45,15,30,false,false,false
pc-4f2e86eb-1357,rudeljaeger__mit_pc,control,0,6,3,11,10,24,9,15,false,false,false
pc-0b763042-1358,solidaritaet_ueberleben__mit_pc,control,1,8,4,17,14,35,12,23,true,false,false
pc-9228df84-1359,solidaritaet_ueberleben__mit_pc,control,1,8,4,12,10,26,12,14,true,false,true
pc-f0abb337-1362,solidaritaet_ueberleben__mit_pc,control,1,6,4,8,8,20,8,12,true,false,false
pc-f0abb337-1362,rudeljaeger__mit_pc,control,0,9,5,9,9,23,9,14,false,false,false
pc-775e427a-1363,solidaritaet_ueberleben__mit_pc,control,1,8,5,9,8,22,11,11,true,false,false
pc-fe10f1bc-1364,rudeljaeger__mit_pc,control,0,6,3,9,8,20,8,12,true,true,true
pc-84c380ff-1365,solidaritaet_ueberleben__mit_pc,control,1,6,4,10,8,22,11,11,true,false,false
pc-84c380ff-1365,rudeljaeger__mit_pc,control,0,7,3,12,14,29,9,20,false,false,false
pc-410b2a56-1366,rudeljaeger__mit_pc,control,0,6,3,4,5,12,8,4,false,false,false
pc-410b2a56-1366,solidaritaet_ueberleben__mit_pc,control,1,7,3,3,4,10,5,5,true,true,true
pc-4e7068db-1368,rudeljaeger__mit_pc,control,0,8,3,0,0,3,3,0,false,false,false
pc-4e7068db-1368,solidaritaet_ueberleben__mit_pc,control,1,11,3,6,6,15,7,8,true,true,true
pc-2640ad4c-1370,rudeljaeger__mit_pc,control,0,8,4,13,10,27,11,16,true,false,false
pc-2640ad4c-1370,solidaritaet_ueberleben__mit_pc,control,1,10,5,14,14,33,15,18,false,false,false
pc-acf35c8e-1371,rudeljaeger__mit_pc,control,0,6,1,3,5,9,3,6,false,false,false
pc-acf35c8e-1371,solidaritaet_ueberleben__mit_pc,control,1,7,4,10,10,24,11,13,true,false,false
pc-ba589b13-1373,rudeljaeger__mit_pc,control,0,6,2,5,8,15,6,9,false,false,false
pc-ba589b13-1373,solidaritaet_ueberleben__mit_pc,control,1,8,4,10,10,24,10,14,true,true,true
pc-fd52d3ac-1375,solidaritaet_ueberleben__mit_pc,control,1,6,3,9,4,16,8,8,false,false,false
pc-fd52d3ac-1375,rudeljaeger__mit_pc,control,0,7,4,14,15,33,12,21,true,false,false
pc-840562ef-1376,solidaritaet_ueberleben__mit_pc,control,1,7,3,12,6,21,8,13,false,false,false
pc-0ab81232-1377,rudeljaeger__mit_pc,control,0,6,3,10,11,24,9,15,false,false,false
pc-0ab81232-1377,solidaritaet_ueberleben__mit_pc,control,1,8,3,7,6,16,8,8,true,false,false
pc-5bd5a760-1378,solidaritaet_ueberleben__mit_pc,control,1,6,3,8,4,15,8,7,true,false,false
pc-e28856a2-1379,rudeljaeger__mit_pc,control,0,6,3,7,6,16,9,7,false,false,false
pc-693ae5e5-1380,solidaritaet_ueberleben__mit_pc,control,1,7,3,12,8,23,8,15,true,false,false
pc-efed9527-1381,rudeljaeger__mit_pc,control,0,6,2,5,6,13,6,7,false,false,false
pc-ff8d2ddc-1382,rudeljaeger__mit_pc,control,0,6,4,10,8,22,12,10,false,false,false
pc-863fdd1f-1383,rudeljaeger__mit_pc,control,0,8,3,0,0,3,3,0,true,false,false
pc-863fdd1f-1383,solidaritaet_ueberleben__mit_pc,control,1,13,3,7,8,18,7,11,false,false,false
pc-93a51ba4-1385,rudeljaeger__mit_pc,control,0,7,3,13,16,32,9,23,false,false,false
pc-93a51ba4-1385,solidaritaet_ueberleben__mit_pc,control,1,8,4,7,6,17,8,9,true,false,true
pc-f227ef57-1388,rudeljaeger__mit_pc,control,0,7,4,22,25,51,12,39,true,true,true
pc-78da9e9a-1389,solidaritaet_ueberleben__mit_pc,control,1,7,4,3,2,9,6,3,false,false,false
pc-78da9e9a-1389,rudeljaeger__mit_pc,control,0,7,5,13,14,32,13,19,true,false,false
pc-352227f1-1390,rudeljaeger__mit_pc,control,0,6,3,11,12,26,9,17,false,false,false
pc-bbd4d733-1391,rudeljaeger__mit_pc,control,0,6,1,3,5,9,3,6,false,false,false
pc-bbd4d733-1391,solidaritaet_ueberleben__mit_pc,control,1,7,3,8,6,17,8,9,true,false,false
pc-42876676-1392,solidaritaet_ueberleben__mit_pc,control,1,6,5,7,6,18,9,9,true,false,false
pc-1a57aae7-1394,rudeljaeger__mit_pc,control,0,6,3,5,4,12,8,4,false,false,false
pc-1a57aae7-1394,solidaritaet_ueberleben__mit_pc,control,1,6,3,12,12,27,9,18,true,false,false
pc-ae6f98ae-1397,solidaritaet_ueberleben__mit_pc,control,1,6,4,12,10,26,11,15,true,false,true
pc-b3601eda-1400,rudeljaeger__mit_pc,control,0,6,3,14,15,32,9,23,false,false,false
pc-989581d0-1404,rudeljaeger__mit_pc,control,0,6,4,7,8,19,8,11,true,false,true
pc-047db409-1407,rudeljaeger__mit_pc,control,0,6,4,15,16,35,12,23,true,false,false
pc-7dcb04c6-1408,rudeljaeger__mit_pc,control,0,6,3,13,15,31,9,22,true,false,false
pc-7065c641-1410,rudeljaeger__mit_pc,control,0,6,5,13,23,41,15,26,true,true,true
pc-e9b336fe-1411,rudeljaeger__mit_pc,control,0,7,5,13,17,35,15,20,true,true,true
pc-630087bc-1412,rudeljaeger__mit_pc,control,0,6,4,16,19,39,12,27,true,false,true
pc-cee8b9f4-1415,rudeljaeger__mit_pc,control,0,8,4,7,8,19,6,13,false,false,false
pc-3ad0cc2d-1418,rudeljaeger__mit_pc,control,0,6,4,10,9,23,11,12,true,false,false
pc-b41e3cea-1419,rudeljaeger__mit_pc,control,0,11,4,13,16,33,12,21,true,false,false
pc-a6b8fe65-1421,rudeljaeger__mit_pc,control,0,6,5,17,21,43,15,28,true,true,true
pc-9953bfe0-1423,rudeljaeger__mit_pc,control,0,6,4,9,8,21,10,11,true,false,false
pc-12a1109e-1424,rudeljaeger__mit_pc,control,0,14,4,11,16,31,12,19,true,true,true
pc-053bd219-1426,rudeljaeger__mit_pc,control,0,6,4,12,15,31,12,19,true,false,false
pc-7e8922d6-1427,rudeljaeger__mit_pc,control,0,7,4,9,16,29,12,17,false,false,false
pc-7123e451-1429,rudeljaeger__mit_pc,control,0,6,4,13,14,31,12,19,true,false,false
pc-63bea5cc-1431,rudeljaeger__mit_pc,control,0,6,4,11,9,24,10,14,true,false,false
pc-cfa6d804-1434,rudeljaeger__mit_pc,control,0,6,4,6,7,17,6,11,true,false,false
pc-3b8eea3d-1437,rudeljaeger__mit_pc,control,0,6,4,7,8,19,6,13,false,false,false
pc-b4dc5afa-1438,rudeljaeger__mit_pc,control,0,7,4,9,8,21,9,12,true,false,false
pc-2e29abb8-1439,rudeljaeger__mit_pc,control,0,6,2,3,2,7,5,2,false,false,false
pc-20c46d33-1441,rudeljaeger__mit_pc,control,0,6,5,7,8,20,7,13,false,false,false
pc-8cac9f6b-1444,rudeljaeger__mit_pc,control,0,11,3,3,4,10,5,5,true,false,false
pc-7f4740e6-1446,rudeljaeger__mit_pc,control,0,16,4,10,10,24,10,14,false,false,false
pc-f894b1a3-1447,rudeljaeger__mit_pc,control,0,6,3,11,12,26,8,18,true,false,false
pc-71e20261-1448,rudeljaeger__mit_pc,control,0,13,3,10,14,27,9,18,true,false,true
pc-eb2f731e-1449,rudeljaeger__mit_pc,control,0,6,5,16,16,37,15,22,true,false,false
pc-d6328e8d-1451,rudeljaeger__mit_pc,control,0,6,4,10,11,25,12,13,false,false,false
pc-8514f95f-1458,rudeljaeger__mit_pc,control,0,6,3,11,10,24,9,15,true,false,true
pc-77afbada-1460,rudeljaeger__mit_pc,control,0,6,3,8,11,22,9,13,true,false,false
pc-fe624a1c-1461,rudeljaeger__mit_pc,control,0,7,5,11,16,32,15,17,true,false,false
pc-9fdf7669-1462,rudeljaeger__mit_pc,control,0,6,3,9,6,18,8,10,false,false,false
pc-269205ac-1463,rudeljaeger__mit_pc,control,0,6,2,4,6,12,6,6,true,false,false
pc-192cc727-1465,rudeljaeger__mit_pc,control,0,10,3,3,2,8,6,2,false,false,false
pc-baa9f373-1466,rudeljaeger__mit_pc,control,0,8,4,8,14,26,10,16,false,false,false
pc-ad44b4ee-1468,rudeljaeger__mit_pc,control,0,6,1,4,4,9,3,6,true,true,true
pc-33f74431-1469,rudeljaeger__mit_pc,control,0,6,1,4,4,9,3,6,false,false,false
pc-5c271fc0-1471,rudeljaeger__mit_pc,control,0,6,3,11,10,24,9,15,true,false,false
pc-f03eed87-1474,rudeljaeger__mit_pc,control,0,10,4,11,11,26,8,18,false,false,false
pc-698c5e45-1477,rudeljaeger__mit_pc,control,0,6,3,6,6,15,9,6,false,false,false
pc-0b096a92-1478,rudeljaeger__mit_pc,control,0,6,4,11,15,30,12,18,true,false,false
pc-91bc19d4-1479,rudeljaeger__mit_pc,control,0,7,3,15,17,35,9,26,true,false,false
pc-fda42c0c-1480,rudeljaeger__mit_pc,control,0,6,3,10,8,21,9,12,false,false,false
pc-8456db4f-1481,rudeljaeger__mit_pc,control,0,8,4,17,23,44,12,32,false,false,false
pc-25d3e79c-1482,rudeljaeger__mit_pc,control,0,6,1,4,4,9,3,6,true,false,false
pc-ac8696de-1483,rudeljaeger__mit_pc,control,0,6,2,6,10,18,6,12,true,false,false
pc-409e64a6-1486,rudeljaeger__mit_pc,control,0,8,5,13,17,35,15,20,true,false,false
pc-c75113e8-1487,rudeljaeger__mit_pc,control,0,6,4,11,11,26,12,14,true,false,false
pc-33392621-1488,rudeljaeger__mit_pc,control,0,8,4,16,16,36,11,25,true,false,true
pc-5b68e1b0-1490,rudeljaeger__mit_pc,control,0,9,5,3,6,14,7,7,true,false,false
pc-e21b90f2-1491,rudeljaeger__mit_pc,control,0,6,1,3,5,9,3,6,false,false,false
pc-d4b6526d-1493,rudeljaeger__mit_pc,control,0,7,1,1,2,4,3,1,false,false,false
pc-68ce2035-1496,rudeljaeger__mit_pc,control,0,7,4,14,18,36,12,24,true,false,false
pc-ef80cf77-1497,rudeljaeger__mit_pc,control,0,6,1,3,5,9,3,6,false,false,false
pc-90fdfbc4-1498,rudeljaeger__mit_pc,control,0,11,3,8,9,20,7,13,true,true,true
pc-5781a5ff-1501,solidaritaet_ueberleben__mit_pc,control,1,6,3,3,0,6,4,2,true,false,false
pc-a89f5b2d-1508,solidaritaet_ueberleben__mit_pc,control,1,9,4,10,6,20,11,9,true,true,true
pc-c369d837-1512,solidaritaet_ueberleben__mit_pc,control,1,7,5,14,12,31,11,20,true,true,true
pc-d0cf16bc-1514,solidaritaet_ueberleben__mit_pc,control,1,6,4,0,0,4,4,0,true,false,false
pc-4a1c677a-1515,solidaritaet_ueberleben__mit_pc,control,1,6,2,7,6,15,6,9,true,true,true
pc-ec57b1d6-1517,solidaritaet_ueberleben__mit_pc,control,1,6,2,4,4,10,4,6,false,false,false
pc-07222ee1-1521,solidaritaet_ueberleben__mit_pc,control,1,6,2,8,6,16,6,10,false,false,false
pc-9b3a1ca8-1522,solidaritaet_ueberleben__mit_pc,control,1,7,4,9,8,21,11,10,true,true,true
pc-3d754705-1524,solidaritaet_ueberleben__mit_pc,control,1,8,4,5,2,11,7,4,false,false,false
pc-b6c2b7c2-1525,solidaritaet_ueberleben__mit_pc,control,1,7,4,11,8,23,11,12,true,false,false
pc-65a50294-1530,solidaritaet_ueberleben__mit_pc,control,1,8,1,3,2,6,3,3,true,true,true
pc-b4885d92-1532,solidaritaet_ueberleben__mit_pc,control,1,9,2,4,4,10,6,4,true,false,false
pc-c1ed9c17-1534,solidaritaet_ueberleben__mit_pc,control,1,9,2,6,6,14,6,8,true,true,true
pc-3b3aecd5-1535,solidaritaet_ueberleben__mit_pc,control,1,8,3,7,6,16,7,9,true,true,true
pc-cf52da9c-1536,solidaritaet_ueberleben__mit_pc,control,1,6,3,9,6,18,9,9,true,false,false
pc-dcb81921-1538,solidaritaet_ueberleben__mit_pc,control,1,11,5,8,6,19,12,7,true,false,false
pc-560569df-1539,solidaritaet_ueberleben__mit_pc,control,1,7,4,11,6,21,10,11,true,false,false
pc-8c588203-1542,solidaritaet_ueberleben__mit_pc,control,1,6,2,3,2,7,5,2,true,false,false
pc-130b3146-1545,solidaritaet_ueberleben__mit_pc,control,1,7,2,6,6,14,6,8,true,false,false
pc-20706fcb-1547,solidaritaet_ueberleben__mit_pc,control,1,6,4,12,10,26,11,15,false,false,false
pc-c2abba27-1549,solidaritaet_ueberleben__mit_pc,control,1,6,2,8,8,18,6,12,true,false,false
pc-c8c70413-1550,solidaritaet_ueberleben__mit_pc,control,1,6,5,15,14,34,14,20,true,false,true
pc-adfc8709-1554,solidaritaet_ueberleben__mit_pc,control,1,6,5,8,8,21,9,12,false,false,false
pc-19e4b942-1557,solidaritaet_ueberleben__mit_pc,control,1,10,5,10,6,21,12,9,true,false,false
pc-fe5c1e27-1558,solidaritaet_ueberleben__mit_pc,control,1,9,4,8,6,18,8,10,true,false,true
pc-77a96ee5-1559,solidaritaet_ueberleben__mit_pc,control,1,14,5,19,14,38,14,24,true,true,true
pc-e391811d-1562,solidaritaet_ueberleben__mit_pc,control,1,6,4,18,14,36,12,24,true,false,true
pc-4f79b356-1565,solidaritaet_ueberleben__mit_pc,control,1,10,3,8,4,15,8,7,true,false,false
pc-5d9d0feb-1566,solidaritaet_ueberleben__mit_pc,control,1,6,4,9,8,21,8,13,true,false,false
pc-d6ea60a8-1567,solidaritaet_ueberleben__mit_pc,control,1,6,3,7,6,16,7,9,true,false,false
pc-5037d166-1568,solidaritaet_ueberleben__mit_pc,control,1,6,5,3,0,8,6,2,true,false,false
pc-c9852223-1569,solidaritaet_ueberleben__mit_pc,control,1,6,5,7,6,18,10,8,true,false,false
pc-356d545c-1572,solidaritaet_ueberleben__mit_pc,control,1,6,4,8,6,18,8,10,true,false,true
pc-933209ff-1574,solidaritaet_ueberleben__mit_pc,control,1,6,5,4,4,13,7,6,true,false,false
pc-0c7f7abd-1575,solidaritaet_ueberleben__mit_pc,control,1,8,4,7,6,17,8,9,true,true,true
pc-ff1a3c37-1577,solidaritaet_ueberleben__mit_pc,control,1,7,4,14,12,30,12,18,true,false,false
pc-78678cf5-1578,solidaritaet_ueberleben__mit_pc,control,1,6,4,16,12,32,12,20,false,false,false
pc-6b024e70-1580,solidaritaet_ueberleben__mit_pc,control,1,7,3,0,0,3,3,0,true,false,true
pc-9f1b0c64-1582,solidaritaet_ueberleben__mit_pc,control,1,6,3,13,10,26,9,17,true,false,true
pc-18687d22-1583,solidaritaet_ueberleben__mit_pc,control,1,8,4,4,4,12,6,6,true,false,false
pc-91b5cddf-1584,solidaritaet_ueberleben__mit_pc,control,1,12,4,17,12,33,12,21,true,true,true
pc-0b033e9d-1585,solidaritaet_ueberleben__mit_pc,control,1,6,4,9,8,21,8,13,false,false,false
pc-fd9de017-1587,solidaritaet_ueberleben__mit_pc,control,1,12,5,10,8,23,12,11,true,false,true
pc-f038a192-1589,solidaritaet_ueberleben__mit_pc,control,1,8,4,8,6,18,8,10,true,true,true
pc-d4b00678-1590,solidaritaet_ueberleben__mit_pc,control,1,6,5,9,6,20,10,10,true,false,true
pc-c74ac7f3-1592,solidaritaet_ueberleben__mit_pc,control,1,6,3,11,6,20,8,12,true,false,false
pc-b9e5896e-1594,solidaritaet_ueberleben__mit_pc,control,1,6,2,7,6,15,6,9,true,false,false
pc-33f1183c-1598,solidaritaet_ueberleben__mit_pc,control,1,6,5,14,12,31,14,17,false,false,false
pc-c3d385e3-1701,rudeljaeger__mit_pc,control,0,8,3,15,12,30,9,21,true,true,true
pc-2fbbb81c-1702,urzeitliche_kolosse__mit_pc,control,1,7,3,13,10,26,9,17,true,false,true
pc-57eb73ab-1704,urzeitliche_kolosse__mit_pc,control,1,6,2,6,4,12,6,6,true,true,true
pc-4a863526-1706,urzeitliche_kolosse__mit_pc,control,1,6,3,4,4,11,5,6,true,false,false
pc-4a863526-1706,rudeljaeger__mit_pc,control,0,8,4,16,18,38,12,26,false,false,false
pc-078bfc8d-1708,rudeljaeger__mit_pc,control,0,6,1,4,4,9,3,6,false,false,false
pc-078bfc8d-1708,urzeitliche_kolosse__mit_pc,control,1,9,5,4,4,13,9,4,true,true,true
pc-fa26be07-1710,urzeitliche_kolosse__mit_pc,control,1,6,1,2,2,5,3,2,false,false,false
pc-14f13b12-1714,urzeitliche_kolosse__mit_pc,control,1,6,4,7,6,17,8,9,false,false,false
pc-14f13b12-1714,rudeljaeger__mit_pc,control,0,6,3,10,10,23,9,14,true,false,false
pc-9ae5ac44-1718,rudeljaeger__mit_pc,control,0,6,4,4,4,12,6,6,true,false,true
pc-c31567d3-1720,urzeitliche_kolosse__mit_pc,control,1,6,1,4,4,9,3,6,true,false,false
pc-c31567d3-1720,rudeljaeger__mit_pc,control,0,6,2,6,8,16,6,10,false,false,false
pc-49c81716-1721,urzeitliche_kolosse__mit_pc,control,1,6,3,4,4,11,5,6,false,false,false
pc-72b5f0b5-1724,rudeljaeger__mit_pc,control,0,8,3,12,11,26,9,17,true,true,true
pc-6550b230-1726,urzeitliche_kolosse__mit_pc,control,1,6,2,2,2,6,4,2,false,false,false
pc-6550b230-1726,rudeljaeger__mit_pc,control,0,6,3,12,13,28,9,19,true,false,true
pc-ec034172-1727,rudeljaeger__mit_pc,control,0,8,3,4,3,10,5,5,false,false,false
pc-8d806dbf-1728,urzeitliche_kolosse__mit_pc,control,1,6,4,3,2,9,6,3,true,false,false
pc-801b2f3a-1730,rudeljaeger__mit_pc,control,0,6,3,11,10,24,9,15,true,true,true
pc-06cdde7d-1731,urzeitliche_kolosse__mit_pc,control,1,6,2,9,8,19,6,13,true,false,false
pc-06cdde7d-1731,rudeljaeger__mit_pc,control,0,6,1,3,4,8,3,5,false,false,false
pc-66ccee50-1732,rudeljaeger__mit_pc,control,0,6,3,10,9,22,9,13,true,false,false
pc-66ccee50-1732,urzeitliche_kolosse__mit_pc,control,1,7,3,6,6,15,8,7,false,false,false
pc-5967afcb-1734,urzeitliche_kolosse__mit_pc,control,1,6,0,0,0,0,0,0,false,false,false
pc-e01a5f0d-1735,rudeljaeger__mit_pc,control,0,6,3,13,13,29,9,20,true,true,true
pc-b7ea837e-1741,urzeitliche_kolosse__mit_pc,control,1,6,5,6,4,15,9,6,false,false,false
pc-b7ea837e-1741,rudeljaeger__mit_pc,control,0,7,3,11,12,26,9,17,true,false,false
pc-aa8544f9-1743,urzeitliche_kolosse__mit_pc,control,1,7,4,13,10,27,11,16,true,false,false
pc-aa8544f9-1743,rudeljaeger__mit_pc,control,0,9,3,9,8,20,7,13,false,false,false
pc-4c027146-1744,urzeitliche_kolosse__mit_pc,control,1,6,2,6,4,12,6,6,false,false,false
pc-4c027146-1744,rudeljaeger__mit_pc,control,0,6,3,9,8,20,8,12,true,false,false
pc-d2b50088-1745,urzeitliche_kolosse__mit_pc,control,1,6,3,4,4,11,5,6,true,false,true
pc-3e9d32c1-1746,rudeljaeger__mit_pc,control,0,6,2,6,2,10,6,4,true,false,true
pc-c54fc203-1747,urzeitliche_kolosse__mit_pc,control,1,7,5,3,2,10,7,3,true,false,false
pc-d1f6e278-1748,rudeljaeger__mit_pc,control,0,6,2,7,6,15,6,9,true,true,true
pc-0266458c-1751,rudeljaeger__mit_pc,control,0,6,2,8,8,18,6,12,false,false,false
pc-8918f4ce-1752,urzeitliche_kolosse__mit_pc,control,1,7,3,10,8,21,9,12,false,false,false
pc-8918f4ce-1752,rudeljaeger__mit_pc,control,0,8,2,3,4,9,4,5,true,true,true
pc-1d30c296-1755,urzeitliche_kolosse__mit_pc,control,1,6,1,6,4,11,3,8,true,true,true
pc-a3e371d8-1756,urzeitliche_kolosse__mit_pc,control,1,6,2,4,2,8,5,3,true,false,false
pc-a3e371d8-1756,rudeljaeger__mit_pc,control,0,7,5,6,5,16,9,7,false,false,false
pc-2a96011b-1757,rudeljaeger__mit_pc,control,0,6,4,7,6,17,8,9,false,false,false
pc-2a96011b-1757,urzeitliche_kolosse__mit_pc,control,1,6,5,5,6,16,9,7,true,false,false
pc-461ebc35-1758,urzeitliche_kolosse__mit_pc,control,1,7,2,8,6,16,6,10,true,false,false
pc-5383faba-1760,rudeljaeger__mit_pc,control,0,8,3,3,4,10,5,5,false,false,false
pc-60e9393f-1762,rudeljaeger__mit_pc,control,0,7,4,7,5,16,8,8,true,false,true
pc-e6ddaa71-1766,rudeljaeger__mit_pc,control,0,6,4,7,8,19,8,11,true,false,true
pc-f442e8f6-1768,urzeitliche_kolosse__mit_pc,control,1,6,2,6,2,10,5,5,false,false,false
pc-95c01543-1773,rudeljaeger__mit_pc,control,0,6,0,0,0,0,0,0,true,false,true
pc-95c01543-1773,urzeitliche_kolosse__mit_pc,control,1,6,3,10,10,23,9,14,false,false,false
pc-37fb5fa0-1775,rudeljaeger__mit_pc,control,0,8,2,0,0,2,2,0,false,false,false
pc-beadeee2-1776,urzeitliche_kolosse__mit_pc,control,1,8,4,9,8,21,10,11,true,true,true
pc-45609e25-1777,rudeljaeger__mit_pc,control,0,7,4,14,8,26,11,15,true,false,true
pc-cc132d67-1778,rudeljaeger__mit_pc,control,0,6,2,0,0,2,2,0,false,false,false
pc-cc132d67-1778,urzeitliche_kolosse__mit_pc,control,1,6,5,3,4,12,7,5,true,false,true
pc-52c5dcaa-1779,urzeitliche_kolosse__mit_pc,control,1,6,3,13,10,26,9,17,true,true,true
pc-602b1b2f-1781,rudeljaeger__mit_pc,control,0,8,2,4,4,10,4,6,true,true,true
pc-a55fadf8-1782,urzeitliche_kolosse__mit_pc,control,1,6,3,6,6,15,7,8,true,false,false
pc-a55fadf8-1782,rudeljaeger__mit_pc,control,0,8,3,11,11,25,9,16,false,false,false
pc-c02a2b02-1786,urzeitliche_kolosse__mit_pc,control,1,6,2,7,4,13,5,8,true,true,true
pc-544218ca-1789,urzeitliche_kolosse__mit_pc,control,1,6,3,9,8,20,7,13,true,true,true
pc-8a9530ee-1794,rudeljaeger__mit_pc,control,0,6,2,6,5,13,6,7,true,false,false
pc-97fa6f73-1796,rudeljaeger__mit_pc,control,0,6,1,5,5,11,3,8,false,false,false
pc-97fa6f73-1796,urzeitliche_kolosse__mit_pc,control,1,6,2,7,8,17,6,11,true,false,false
pc-1ead1eb6-1797,urzeitliche_kolosse__mit_pc,control,1,6,3,13,10,26,9,17,true,true,true
pc-1089a221-1798,rudeljaeger__mit_pc,control,0,6,2,8,9,19,6,13,true,true,true
pc-08db2a65-1800,rudeljaeger__mit_pc,control,0,7,3,10,9,22,9,13,false,false,false
pc-8f8dd9a7-1801,rudeljaeger__mit_pc,control,0,6,3,11,10,24,9,15,true,false,false
pc-164068ea-1802,rudeljaeger__mit_pc,control,0,6,5,15,12,32,15,17,true,true,true
pc-ee10ad5a-1804,rudeljaeger__mit_pc,control,0,6,3,11,10,24,9,15,false,false,false
pc-c522d3bb-1809,rudeljaeger__mit_pc,control,0,6,3,11,11,25,9,16,false,false,false
pc-4bd562fe-1810,rudeljaeger__mit_pc,control,0,6,4,11,8,23,11,12,true,true,true
pc-aa5856b1-1813,rudeljaeger__mit_pc,control,0,6,4,9,9,22,8,14,true,true,true
pc-31c90404-1819,rudeljaeger__mit_pc,control,0,6,3,12,11,26,9,17,true,false,false
pc-82e6b932-1820,rudeljaeger__mit_pc,control,0,6,2,9,9,20,6,14,true,false,false
pc-16fe86fa-1823,rudeljaeger__mit_pc,control,0,6,4,8,7,19,8,11,true,false,false
pc-e0ab6ed5-1826,rudeljaeger__mit_pc,control,0,6,4,11,11,26,10,16,true,true,true
pc-675e1e18-1827,rudeljaeger__mit_pc,control,0,8,3,10,8,21,9,12,false,false,false
pc-b87bb346-1828,rudeljaeger__mit_pc,control,0,6,2,7,8,17,6,11,false,false,false
pc-4c93810e-1831,rudeljaeger__mit_pc,control,0,7,3,11,12,26,9,17,true,false,false
pc-c69f0fdb-1835,rudeljaeger__mit_pc,control,0,6,4,15,14,33,12,21,true,false,false
pc-9e6f544c-1837,rudeljaeger__mit_pc,control,0,8,2,3,2,7,4,3,false,false,false
pc-eececb6a-1841,rudeljaeger__mit_pc,control,0,6,2,7,8,17,6,11,true,true,true
pc-d4044e60-1845,rudeljaeger__mit_pc,control,0,6,4,15,14,33,12,21,true,true,true
pc-4e0fdd2e-1849,rudeljaeger__mit_pc,control,0,6,4,14,10,28,12,16,true,true,true
pc-ca486abc-1850,rudeljaeger__mit_pc,control,0,6,2,7,8,17,6,11,true,false,true
pc-a218af2d-1856,rudeljaeger__mit_pc,control,0,6,2,7,5,14,5,9,true,true,true
pc-e512e7c6-1862,rudeljaeger__mit_pc,control,0,7,3,12,9,24,9,15,false,false,false
pc-6bc59709-1863,rudeljaeger__mit_pc,control,0,6,3,10,8,21,9,12,false,false,false
pc-d7ada941-1864,rudeljaeger__mit_pc,control,0,6,1,2,2,5,3,2,true,true,true
pc-5f1e7694-1866,rudeljaeger__mit_pc,control,0,6,2,7,6,15,6,9,true,true,true
pc-e5d105d6-1867,rudeljaeger__mit_pc,control,0,6,3,9,6,18,8,10,false,false,false
pc-d86bc751-1869,rudeljaeger__mit_pc,control,0,11,3,0,0,3,3,0,true,true,true
pc-36eebb05-1872,rudeljaeger__mit_pc,control,0,6,1,4,4,9,3,6,true,false,false
pc-94b370a8-1874,rudeljaeger__mit_pc,control,0,6,2,6,5,13,6,7,true,false,true
pc-874e3223-1876,rudeljaeger__mit_pc,control,0,7,3,4,4,11,5,6,true,true,true
pc-0e00c166-1877,rudeljaeger__mit_pc,control,0,6,4,6,4,14,8,6,true,true,true
pc-79e8f39e-1878,rudeljaeger__mit_pc,control,0,8,3,4,7,14,5,9,false,false,false
pc-e68f23e6-1884,rudeljaeger__mit_pc,control,0,6,2,7,8,17,6,11,true,false,true
pc-5fdc94a4-1887,rudeljaeger__mit_pc,control,0,6,3,9,7,19,9,10,true,false,false
pc-29897c80-1890,rudeljaeger__mit_pc,control,0,7,4,15,10,29,12,17,true,true,true
pc-a2d6cd3d-1893,rudeljaeger__mit_pc,control,0,6,1,5,5,11,3,8,true,false,true
pc-0159a0f1-1896,rudeljaeger__mit_pc,control,0,6,2,5,4,11,5,6,true,true,true
pc-88ca6e43-1898,rudeljaeger__mit_pc,control,0,6,3,9,8,20,8,12,true,false,false
pc-a85e6259-1904,urzeitliche_kolosse__mit_pc,control,1,6,2,4,4,10,6,4,true,true,true
pc-9af923d4-1906,urzeitliche_kolosse__mit_pc,control,1,6,2,4,4,10,4,6,false,false,false
pc-ddf37c6d-1912,urzeitliche_kolosse__mit_pc,control,1,6,3,8,4,15,8,7,false,false,false
pc-64a60bb0-1913,urzeitliche_kolosse__mit_pc,control,1,6,2,2,0,4,3,1,false,false,false
pc-7f7088ba-1917,urzeitliche_kolosse__mit_pc,control,1,6,2,6,4,12,5,7,true,false,false
pc-720b4a35-1919,urzeitliche_kolosse__mit_pc,control,1,6,4,4,4,12,6,6,true,false,false
pc-13887682-1920,urzeitliche_kolosse__mit_pc,control,1,6,2,8,8,18,6,12,false,false,false
pc-8cd5c73f-1923,urzeitliche_kolosse__mit_pc,control,1,7,3,5,4,12,5,7,false,false,false
pc-b50582ce-1925,urzeitliche_kolosse__mit_pc,control,1,6,3,11,10,24,9,15,false,false,false
pc-20edb507-1926,urzeitliche_kolosse__mit_pc,control,1,6,2,9,8,19,6,13,true,false,false
pc-491d7096-1928,urzeitliche_kolosse__mit_pc,control,1,6,3,4,4,11,5,6,false,false,false
pc-3bb83211-1930,urzeitliche_kolosse__mit_pc,control,1,6,4,0,0,4,4,0,true,false,false
pc-c26ac153-1931,urzeitliche_kolosse__mit_pc,control,1,7,2,7,4,13,5,8,true,false,true
pc-b73ffcfe-1932,urzeitliche_kolosse__mit_pc,control,1,6,3,4,4,11,5,6,true,false,false
pc-3df28c41-1933,urzeitliche_kolosse__mit_pc,control,1,6,3,12,8,23,9,14,false,false,false
pc-d20a7a08-1936,urzeitliche_kolosse__mit_pc,control,1,6,1,4,4,9,3,6,false,false,false
pc-c4a53b83-1938,urzeitliche_kolosse__mit_pc,control,1,6,3,2,2,7,5,2,true,false,false
pc-4b57cac6-1939,urzeitliche_kolosse__mit_pc,control,1,6,2,1,0,3,3,0,true,false,false
pc-8e52035f-1945,urzeitliche_kolosse__mit_pc,control,1,9,4,16,10,30,12,18,true,false,true
pc-fa3a3597-1946,urzeitliche_kolosse__mit_pc,control,1,6,1,4,4,9,3,6,false,false,false
pc-2269f127-1948,urzeitliche_kolosse__mit_pc,control,1,6,2,6,2,10,5,5,false,false,false
pc-29b3c5c0-1951,urzeitliche_kolosse__mit_pc,control,1,6,2,8,6,16,6,10,false,false,false
pc-37190445-1953,urzeitliche_kolosse__mit_pc,control,1,6,4,3,2,9,7,2,true,false,false
pc-1c4e873b-1957,urzeitliche_kolosse__mit_pc,control,1,6,5,8,8,21,9,12,true,false,false
pc-d8963091-1958,urzeitliche_kolosse__mit_pc,control,1,7,3,5,4,12,7,5,false,false,false
pc-bdcbb387-1962,urzeitliche_kolosse__mit_pc,control,1,6,5,2,0,7,6,1,true,false,false
pc-447e42ca-1963,urzeitliche_kolosse__mit_pc,control,1,6,5,0,0,5,5,0,true,false,false
pc-94ddd9e8-1967,urzeitliche_kolosse__mit_pc,control,1,6,4,11,10,25,12,13,true,false,false
pc-a243186d-1969,urzeitliche_kolosse__mit_pc,control,1,7,2,7,6,15,6,9,true,false,false
pc-7a135cde-1971,urzeitliche_kolosse__mit_pc,control,1,6,4,4,4,12,6,6,false,false,false
pc-00c5ec21-1972,urzeitliche_kolosse__mit_pc,control,1,8,4,9,8,21,10,11,true,true,true
pc-ccad2e2c-1982,urzeitliche_kolosse__mit_pc,control,1,6,4,11,10,25,10,15,true,true,true
pc-535fdd6f-1983,urzeitliche_kolosse__mit_pc,control,1,6,4,9,6,19,9,10,true,false,true
pc-60c51bf4-1985,urzeitliche_kolosse__mit_pc,control,1,11,5,7,6,18,10,8,true,false,true
pc-b1e2b122-1986,urzeitliche_kolosse__mit_pc,control,1,6,4,10,6,20,9,11,true,false,true
pc-bf47efa7-1988,urzeitliche_kolosse__mit_pc,control,1,6,1,4,4,9,3,6,true,true,true
pc-02422841-1990,urzeitliche_kolosse__mit_pc,control,1,6,5,10,6,21,9,12,false,false,false
pc-6e2a5a79-1995,urzeitliche_kolosse__mit_pc,control,1,6,3,8,6,17,9,8,true,false,true
pc-22ed8887-2100,solidaritaet_ueberleben__mit_pc,control,0,6,4,7,8,19,8,11,false,false,false
pc-9c3af944-2101,solidaritaet_ueberleben__mit_pc,control,0,12,5,14,16,35,13,22,true,false,true
pc-8ed5babf-2103,urzeitliche_kolosse__mit_pc,control,1,10,3,0,0,3,3,0,true,true,true
pc-3db80591-2104,solidaritaet_ueberleben__mit_pc,control,0,6,5,15,12,32,14,18,false,false,false
pc-3db80591-2104,urzeitliche_kolosse__mit_pc,control,1,7,2,8,10,20,6,14,true,false,true
pc-3052c70c-2106,solidaritaet_ueberleben__mit_pc,control,0,6,3,12,11,26,9,17,false,false,false
pc-3052c70c-2106,urzeitliche_kolosse__mit_pc,control,1,7,4,17,19,40,12,28,true,false,false
pc-08230b7d-2112,solidaritaet_ueberleben__mit_pc,control,0,6,5,3,1,9,7,2,false,false,false
pc-81707c3a-2113,urzeitliche_kolosse__mit_pc,control,1,6,3,5,9,17,9,8,true,true,true
pc-fabdccf7-2114,urzeitliche_kolosse__mit_pc,control,1,6,3,9,8,20,8,12,true,false,false
pc-fabdccf7-2114,solidaritaet_ueberleben__mit_pc,control,0,6,2,7,8,17,6,11,false,false,false
pc-aa5e55d9-2118,solidaritaet_ueberleben__mit_pc,control,0,6,4,4,4,12,6,6,false,false,false
pc-23aba697-2119,solidaritaet_ueberleben__mit_pc,control,0,6,3,11,12,26,9,17,false,false,false
pc-c528d2e3-2122,urzeitliche_kolosse__mit_pc,control,1,6,3,10,15,28,9,19,true,false,false
pc-c528d2e3-2122,solidaritaet_ueberleben__mit_pc,control,0,7,4,3,4,11,6,5,false,false,false
pc-3e7623a1-2123,urzeitliche_kolosse__mit_pc,control,1,6,3,8,6,17,8,9,false,false,false
pc-3e7623a1-2123,solidaritaet_ueberleben__mit_pc,control,0,6,4,15,15,34,12,22,true,false,false
pc-822e9a4a-2124,urzeitliche_kolosse__mit_pc,control,1,6,2,8,10,20,6,14,false,false,false
pc-822e9a4a-2124,solidaritaet_ueberleben__mit_pc,control,0,8,4,14,14,32,12,20,true,false,false
pc-fb7beb07-2125,urzeitliche_kolosse__mit_pc,control,1,8,4,12,14,30,12,18,true,true,true
pc-ee16ac82-2127,urzeitliche_kolosse__mit_pc,control,1,6,3,9,14,26,9,17,true,false,true
pc-9cf91754-2128,urzeitliche_kolosse__mit_pc,control,1,7,4,8,10,22,8,14,false,false,false
pc-9cf91754-2128,solidaritaet_ueberleben__mit_pc,control,0,9,3,9,8,20,7,13,true,false,false
pc-16466812-2129,urzeitliche_kolosse__mit_pc,control,1,7,5,4,7,16,9,7,false,false,false
pc-8f93d8cf-2130,urzeitliche_kolosse__mit_pc,control,1,6,3,8,9,20,9,11,true,false,false
pc-8f93d8cf-2130,solidaritaet_ueberleben__mit_pc,control,0,6,4,8,9,21,8,13,false,false,false
pc-08e1298d-2131,solidaritaet_ueberleben__mit_pc,control,0,6,4,13,12,29,12,17,false,false,false
pc-4c998036-2132,urzeitliche_kolosse__mit_pc,control,1,6,2,6,8,16,6,10,true,false,false
pc-4c998036-2132,solidaritaet_ueberleben__mit_pc,control,0,6,4,13,11,28,11,17,false,false,false
pc-c5e6f0f3-2133,solidaritaet_ueberleben__mit_pc,control,0,9,3,4,7,14,5,9,false,false,false
pc-3f3441b1-2134,urzeitliche_kolosse__mit_pc,control,1,6,2,5,9,16,6,10,false,false,false
pc-3f3441b1-2134,solidaritaet_ueberleben__mit_pc,control,0,6,3,8,10,21,9,12,true,false,false
pc-b881b26e-2135,urzeitliche_kolosse__mit_pc,control,1,6,2,6,8,16,6,10,false,false,false
pc-b881b26e-2135,solidaritaet_ueberleben__mit_pc,control,0,6,4,14,15,33,12,21,true,false,false
pc-67641d40-2136,solidaritaet_ueberleben__mit_pc,control,0,6,5,8,8,21,9,12,false,false,false
pc-67641d40-2136,urzeitliche_kolosse__mit_pc,control,1,9,5,18,20,43,14,29,true,true,true
pc-e0b16dfd-2137,urzeitliche_kolosse__mit_pc,control,1,6,4,9,9,22,11,11,false,false,false
pc-e0b16dfd-2137,solidaritaet_ueberleben__mit_pc,control,0,12,4,13,9,26,10,16,true,true,true
pc-59fedebb-2138,solidaritaet_ueberleben__mit_pc,control,0,7,3,10,8,21,9,12,false,false,false
pc-59fedebb-2138,urzeitliche_kolosse__mit_pc,control,1,7,2,7,8,17,6,11,true,true,true
pc-d34c2f78-2139,urzeitliche_kolosse__mit_pc,control,1,6,4,0,0,4,4,0,true,false,false
pc-9051f6df-2141,solidaritaet_ueberleben__mit_pc,control,0,7,3,9,6,18,9,9,true,true,true
pc-099f479d-2142,urzeitliche_kolosse__mit_pc,control,1,7,3,17,21,41,9,32,true,false,false
pc-099f479d-2142,solidaritaet_ueberleben__mit_pc,control,0,8,5,7,5,17,10,7,false,false,false
pc-82ecb85a-2143,solidaritaet_ueberleben__mit_pc,control,0,6,5,4,4,13,7,6,false,false,false
pc-31cf032c-2144,urzeitliche_kolosse__mit_pc,control,1,9,5,22,24,51,15,36,true,false,false
pc-31cf032c-2144,solidaritaet_ueberleben__mit_pc,control,0,11,1,3,4,8,3,5,false,false,false
pc-2469c4a7-2146,urzeitliche_kolosse__mit_pc,control,1,6,3,7,11,21,9,12,false,false,false
pc-2469c4a7-2146,solidaritaet_ueberleben__mit_pc,control,0,6,5,7,8,20,9,11,true,false,false
pc-9db73564-2147,solidaritaet_ueberleben__mit_pc,control,0,6,4,14,14,32,12,20,false,false,false
pc-9db73564-2147,urzeitliche_kolosse__mit_pc,control,1,9,3,9,10,22,9,13,true,true,true
pc-5abcfccb-2149,urzeitliche_kolosse__mit_pc,control,1,6,3,7,8,18,9,9,true,true,true
pc-dacdb8ec-2150,solidaritaet_ueberleben__mit_pc,control,0,6,2,7,6,15,6,9,false,false,false
pc-dacdb8ec-2150,urzeitliche_kolosse__mit_pc,control,1,9,4,6,7,17,10,7,true,false,false
pc-6180482f-2151,solidaritaet_ueberleben__mit_pc,control,0,7,3,10,9,22,9,13,true,false,true
pc-e832f771-2152,urzeitliche_kolosse__mit_pc,control,1,6,4,7,8,19,8,11,false,false,false
pc-e832f771-2152,solidaritaet_ueberleben__mit_pc,control,0,9,5,21,22,48,15,33,true,false,false
pc-6ee586b4-2153,urzeitliche_kolosse__mit_pc,control,1,6,5,7,9,21,13,8,true,true,true
pc-f59835f6-2154,urzeitliche_kolosse__mit_pc,control,1,13,4,10,8,22,11,11,false,false,false
pc-7c4ac539-2155,solidaritaet_ueberleben__mit_pc,control,0,8,5,18,19,42,15,27,true,false,true
pc-7c4ac539-2155,urzeitliche_kolosse__mit_pc,control,1,9,3,9,13,25,9,16,false,false,false
pc-02fd747c-2156,solidaritaet_ueberleben__mit_pc,control,0,8,4,14,14,32,11,21,false,false,false
pc-02fd747c-2156,urzeitliche_kolosse__mit_pc,control,1,10,4,8,9,21,10,11,true,false,true
pc-89b003be-2157,urzeitliche_kolosse__mit_pc,control,1,6,4,11,11,26,10,16,false,false,false
pc-89b003be-2157,solidaritaet_ueberleben__mit_pc,control,0,7,5,17,21,43,15,28,true,false,false
pc-a538bed8-2158,solidaritaet_ueberleben__mit_pc,control,0,7,3,9,8,20,7,13,false,false,false
pc-b29dfd5d-2160,solidaritaet_ueberleben__mit_pc,control,0,7,5,4,4,13,7,6,true,true,true
pc-39508ca0-2161,solidaritaet_ueberleben__mit_pc,control,0,8,4,17,17,38,12,26,true,true,true
pc-c0033be2-2162,solidaritaet_ueberleben__mit_pc,control,0,6,2,8,8,18,6,12,false,false,false
pc-c0033be2-2162,urzeitliche_kolosse__mit_pc,control,1,6,3,7,8,18,9,9,true,false,false
pc-cd687a67-2164,urzeitliche_kolosse__mit_pc,control,1,6,3,9,9,21,7,14,true,false,false
pc-6fa3a4c4-2166,solidaritaet_ueberleben__mit_pc,control,0,8,3,12,11,26,9,17,true,true,true
pc-7d08e349-2168,solidaritaet_ueberleben__mit_pc,control,0,8,1,5,5,11,3,8,false,false,false
pc-7d08e349-2168,urzeitliche_kolosse__mit_pc,control,1,8,2,8,10,20,6,14,true,false,true
pc-03bb928c-2169,urzeitliche_kolosse__mit_pc,control,1,6,4,17,17,38,11,27,false,false,false
pc-03bb928c-2169,solidaritaet_ueberleben__mit_pc,control,0,8,2,7,11,20,6,14,true,true,true
pc-8a6e21ce-2170,urzeitliche_kolosse__mit_pc,control,1,6,3,13,15,31,9,22,true,false,false
pc-1120d111-2171,solidaritaet_ueberleben__mit_pc,control,0,7,3,12,11,26,9,17,true,true,true
pc-1e860f96-2173,urzeitliche_kolosse__mit_pc,control,1,8,5,16,18,39,14,25,true,false,false
pc-1e860f96-2173,solidaritaet_ueberleben__mit_pc,control,0,9,3,13,11,27,9,18,false,false,false
pc-3a0eaab0-2174,solidaritaet_ueberleben__mit_pc,control,0,6,3,11,9,23,9,14,false,false,false
pc-3a0eaab0-2174,urzeitliche_kolosse__mit_pc,control,1,6,2,7,8,17,6,11,true,false,false
pc-c0c159f2-2175,urzeitliche_kolosse__mit_pc,control,1,6,4,14,17,35,12,23,true,true,true
pc-4773e935-2176,solidaritaet_ueberleben__mit_pc,control,0,6,2,4,3,9,6,3,true,false,false
pc-4773e935-2176,urzeitliche_kolosse__mit_pc,control,1,6,3,8,8,19,8,11,false,false,false
pc-ce269877-2177,urzeitliche_kolosse__mit_pc,control,1,7,4,16,16,36,11,25,false,false,false
pc-54d927ba-2178,solidaritaet_ueberleben__mit_pc,control,0,6,2,5,4,11,5,6,true,false,true
pc-db8bd6fc-2179,urzeitliche_kolosse__mit_pc,control,1,7,2,9,12,23,6,17,false,false,false
pc-db8bd6fc-2179,solidaritaet_ueberleben__mit_pc,control,0,9,3,14,11,28,9,19,true,false,false
pc-623e663f-2180,urzeitliche_kolosse__mit_pc,control,1,6,5,16,19,40,15,25,true,true,true
pc-e8f11581-2181,urzeitliche_kolosse__mit_pc,control,1,6,5,16,20,41,15,26,true,false,false
pc-0479b09c-2182,solidaritaet_ueberleben__mit_pc,control,0,6,2,7,8,17,6,11,true,false,false
pc-8b2c5fde-2183,urzeitliche_kolosse__mit_pc,control,1,6,3,11,14,28,9,19,true,false,false
pc-8b2c5fde-2183,solidaritaet_ueberleben__mit_pc,control,0,13,5,16,17,38,15,23,false,false,false
pc-11deef21-2184,urzeitliche_kolosse__mit_pc,control,1,6,3,15,18,36,9,27,false,false,false
pc-98919e63-2185,solidaritaet_ueberleben__mit_pc,control,0,11,4,7,8,19,8,11,false,false,false
pc-1f442da6-2186,urzeitliche_kolosse__mit_pc,control,1,6,3,11,11,25,8,17,true,false,false
pc-a5f6dce8-2187,solidaritaet_ueberleben__mit_pc,control,0,6,2,7,8,17,6,11,false,false,false
pc-b35c1b6d-2189,solidaritaet_ueberleben__mit_pc,control,0,11,5,6,4,15,8,7,true,true,true
pc-559745ca-2191,solidaritaet_ueberleben__mit_pc,control,0,7,5,7,6,18,9,9,true,true,true
pc-dc49f50c-2192,urzeitliche_kolosse__mit_pc,control,1,6,4,13,12,29,11,18,true,false,false
pc-dc49f50c-2192,solidaritaet_ueberleben__mit_pc,control,0,10,3,9,8,20,9,11,false,false,false
pc-62fc844f-2193,urzeitliche_kolosse__mit_pc,control,1,6,5,7,8,20,7,13,false,false,false
pc-f7147216-2196,solidaritaet_ueberleben__mit_pc,control,0,8,0,0,0,0,0,0,false,false,false
pc-f7147216-2196,urzeitliche_kolosse__mit_pc,control,1,8,5,16,17,38,14,24,true,false,false
pc-7dc70159-2197,urzeitliche_kolosse__mit_pc,control,1,7,2,5,8,15,6,9,true,false,false
pc-994fbc73-2198,urzeitliche_kolosse__mit_pc,control,1,6,4,11,12,27,11,16,true,true,true
pc-20024bb6-2199,solidaritaet_ueberleben__mit_pc,control,0,6,2,8,8,18,6,12,true,false,true
pc-eea7dc4a-2201,solidaritaet_ueberleben__mit_pc,control,0,6,3,4,4,11,5,6,false,false,false
pc-d3dd5f40-2205,solidaritaet_ueberleben__mit_pc,control,0,6,4,10,9,23,10,13,false,false,false
pc-5a8fee83-2206,solidaritaet_ueberleben__mit_pc,control,0,6,3,8,5,16,9,7,true,false,true
pc-e1429dc5-2207,solidaritaet_ueberleben__mit_pc,control,0,7,5,7,5,17,8,9,true,true,true
pc-aaef65a1-2210,solidaritaet_ueberleben__mit_pc,control,0,6,3,13,13,29,9,20,true,false,false
pc-31a214e4-2211,solidaritaet_ueberleben__mit_pc,control,0,6,4,8,8,20,8,12,false,false,false
pc-82bfaa12-2212,solidaritaet_ueberleben__mit_pc,control,0,9,3,2,2,7,5,2,false,false,false
pc-09725955-2213,solidaritaet_ueberleben__mit_pc,control,0,6,3,12,13,28,9,19,false,false,false
pc-16d797da-2215,solidaritaet_ueberleben__mit_pc,control,0,7,3,9,10,22,9,13,false,false,false
pc-59d1d073-2217,solidaritaet_ueberleben__mit_pc,control,0,7,3,3,2,8,5,3,true,true,true
pc-e0847fb5-2218,solidaritaet_ueberleben__mit_pc,control,0,6,3,13,13,29,9,20,true,false,false
pc-b854a426-2220,solidaritaet_ueberleben__mit_pc,control,0,7,2,6,3,11,6,5,true,false,false
pc-c5b9e2ab-2222,solidaritaet_ueberleben__mit_pc,control,0,6,2,7,8,17,6,11,false,false,false
pc-4c6c91ee-2223,solidaritaet_ueberleben__mit_pc,control,0,6,4,10,9,23,8,15,false,false,false
pc-8f66ca87-2225,solidaritaet_ueberleben__mit_pc,control,0,7,2,5,6,13,6,7,true,false,true
pc-ede9be3a-2228,solidaritaet_ueberleben__mit_pc,control,0,7,1,2,2,5,3,2,false,false,false
pc-82018c02-2231,solidaritaet_ueberleben__mit_pc,control,0,8,4,5,5,14,6,8,true,false,true
pc-3e493559-2232,solidaritaet_ueberleben__mit_pc,control,0,6,3,11,9,23,9,14,false,false,false
pc-c4fbc49b-2233,solidaritaet_ueberleben__mit_pc,control,0,6,3,11,11,25,9,16,false,false,false
pc-4bae73de-2234,solidaritaet_ueberleben__mit_pc,control,0,9,2,6,6,14,6,8,false,false,false
pc-d2610320-2235,solidaritaet_ueberleben__mit_pc,control,0,6,4,14,13,31,12,19,true,false,false
pc-237eb84f-2236,solidaritaet_ueberleben__mit_pc,control,0,12,5,13,12,30,11,19,false,false,false
pc-30e3f6d4-2238,solidaritaet_ueberleben__mit_pc,control,0,6,4,14,12,30,12,18,false,false,false
pc-73de2f6d-2240,solidaritaet_ueberleben__mit_pc,control,0,9,4,13,12,29,12,17,true,true,true
pc-fa90deaf-2241,solidaritaet_ueberleben__mit_pc,control,0,11,4,8,7,19,8,11,true,false,true
pc-81436df2-2242,solidaritaet_ueberleben__mit_pc,control,0,6,5,5,5,15,7,8,false,false,false
pc-07f61d35-2243,solidaritaet_ueberleben__mit_pc,control,0,6,5,2,1,8,7,1,false,false,false
pc-a9732981-2248,solidaritaet_ueberleben__mit_pc,control,0,9,3,14,11,28,9,19,true,false,false
pc-3025d8c4-2249,solidaritaet_ueberleben__mit_pc,control,0,6,3,3,4,10,5,5,false,false,false
pc-b0151ca2-2250,solidaritaet_ueberleben__mit_pc,control,0,9,4,15,11,30,10,20,true,false,false
pc-1bfd2edb-2253,solidaritaet_ueberleben__mit_pc,control,0,7,5,7,9,21,9,12,true,false,true
pc-954a9f98-2254,solidaritaet_ueberleben__mit_pc,control,0,7,3,9,10,22,9,13,false,false,false
pc-0132b1d1-2257,solidaritaet_ueberleben__mit_pc,control,0,7,5,15,14,34,14,20,true,false,false
pc-e5aa16b6-2258,solidaritaet_ueberleben__mit_pc,control,0,6,2,8,9,19,6,13,true,true,true
pc-5ef76774-2259,solidaritaet_ueberleben__mit_pc,control,0,7,3,12,14,29,9,20,true,false,false
pc-519228ef-2261,solidaritaet_ueberleben__mit_pc,control,0,8,2,8,11,21,6,15,true,false,false
pc-cadf99ac-2262,solidaritaet_ueberleben__mit_pc,control,0,11,4,9,6,19,8,11,true,false,false
pc-bd7a5b27-2264,solidaritaet_ueberleben__mit_pc,control,0,8,0,0,0,0,0,0,false,false,false
pc-36c7abe5-2265,solidaritaet_ueberleben__mit_pc,control,0,11,3,12,11,26,9,17,false,false,false
pc-948c6188-2267,solidaritaet_ueberleben__mit_pc,control,0,7,4,12,6,22,10,12,false,false,false
pc-0dd9d246-2268,solidaritaet_ueberleben__mit_pc,control,0,6,3,10,8,21,9,12,true,true,true
pc-87272303-2269,solidaritaet_ueberleben__mit_pc,control,0,6,4,7,8,19,8,11,false,false,false
pc-007493c1-2270,solidaritaet_ueberleben__mit_pc,control,0,6,2,8,7,17,6,11,true,false,false
pc-f30f553b-2272,solidaritaet_ueberleben__mit_pc,control,0,6,2,7,8,17,6,11,true,false,true
pc-50d40adf-2274,solidaritaet_ueberleben__mit_pc,control,0,9,4,4,7,15,6,9,true,false,false
pc-436ecc5a-2276,solidaritaet_ueberleben__mit_pc,control,0,6,3,8,6,17,8,9,true,false,false
pc-bcbc3d17-2277,solidaritaet_ueberleben__mit_pc,control,0,6,2,7,6,15,6,9,false,false,false
pc-36098dd5-2278,solidaritaet_ueberleben__mit_pc,control,0,6,3,10,10,23,9,14,false,false,false
pc-af56fe92-2279,solidaritaet_ueberleben__mit_pc,control,0,6,2,7,6,15,6,9,false,false,false
pc-7903c66e-2284,solidaritaet_ueberleben__mit_pc,control,0,6,2,7,8,17,6,11,false,false,false
pc-f251372b-2285,solidaritaet_ueberleben__mit_pc,control,0,6,4,14,11,29,11,18,false,false,false
pc-e4ebf8a6-2287,solidaritaet_ueberleben__mit_pc,control,0,6,4,13,13,30,12,18,false,false,false
pc-bbfe1f07-2290,solidaritaet_ueberleben__mit_pc,control,0,6,2,5,3,10,6,4,false,false,false
pc-a13381fd-2294,solidaritaet_ueberleben__mit_pc,control,0,10,5,16,10,31,11,20,true,false,true
pc-0d1bb436-2297,solidaritaet_ueberleben__mit_pc,control,0,6,4,12,10,26,11,15,false,false,false
pc-6ae069d9-2299,solidaritaet_ueberleben__mit_pc,control,0,6,1,4,4,9,3,6,true,false,false
pc-ecade7f2-2301,urzeitliche_kolosse__mit_pc,control,1,6,2,6,8,16,6,10,false,false,false
pc-df48a96d-2303,urzeitliche_kolosse__mit_pc,control,1,9,4,15,15,34,12,22,true,true,true
pc-80c5d5ba-2306,urzeitliche_kolosse__mit_pc,control,1,7,5,15,20,40,15,25,true,false,false
pc-a8f59149-2308,urzeitliche_kolosse__mit_pc,control,1,8,2,10,12,24,6,18,true,false,false
pc-9b9052c4-2310,urzeitliche_kolosse__mit_pc,control,1,6,1,1,2,4,3,1,false,false,false
pc-14dda382-2311,urzeitliche_kolosse__mit_pc,control,1,6,4,10,18,32,12,20,true,false,false
pc-c3c00e53-2312,urzeitliche_kolosse__mit_pc,control,1,7,5,6,7,18,7,11,true,false,false
pc-2fa8208c-2315,urzeitliche_kolosse__mit_pc,control,1,7,3,11,12,26,9,17,true,false,true
pc-0836830d-2316,urzeitliche_kolosse__mit_pc,control,1,7,3,16,18,37,9,28,true,false,false
pc-8183f3ca-2317,urzeitliche_kolosse__mit_pc,control,1,6,3,9,11,23,9,14,true,true,true
pc-fad14487-2318,urzeitliche_kolosse__mit_pc,control,1,6,3,6,8,17,8,9,true,false,false
pc-159bc192-2322,urzeitliche_kolosse__mit_pc,control,1,6,2,6,8,16,6,10,true,false,false
pc-a9b3af59-2327,urzeitliche_kolosse__mit_pc,control,1,6,4,11,14,29,12,17,true,false,false
pc-58961a2b-2328,urzeitliche_kolosse__mit_pc,control,1,6,2,8,10,20,6,14,true,false,false
pc-d1e36ae8-2329,urzeitliche_kolosse__mit_pc,control,1,6,2,5,9,16,6,10,true,true,true
pc-c47e2c63-2331,urzeitliche_kolosse__mit_pc,control,1,6,2,8,9,19,6,13,false,false,false
pc-9d0c8ee4-2332,urzeitliche_kolosse__mit_pc,control,1,6,3,6,11,20,9,11,true,false,false
pc-1659ffa2-2333,urzeitliche_kolosse__mit_pc,control,1,10,5,14,17,36,15,21,true,false,true
pc-8fa7505f-2334,urzeitliche_kolosse__mit_pc,control,1,6,1,4,4,9,3,6,false,false,false
pc-b7d70bee-2336,urzeitliche_kolosse__mit_pc,control,1,6,2,8,10,20,6,14,true,false,false
pc-aa71cd69-2338,urzeitliche_kolosse__mit_pc,control,1,6,2,6,6,14,6,8,true,false,false
pc-4beef9b6-2341,urzeitliche_kolosse__mit_pc,control,1,10,3,9,13,25,9,16,false,false,false
pc-c53c4a73-2342,urzeitliche_kolosse__mit_pc,control,1,6,3,9,9,21,8,13,false,false,false
pc-ed6c0602-2344,urzeitliche_kolosse__mit_pc,control,1,6,1,4,4,9,3,6,false,false,false
pc-66b976c0-2345,urzeitliche_kolosse__mit_pc,control,1,7,4,11,10,25,12,13,true,false,true
pc-5954383b-2347,urzeitliche_kolosse__mit_pc,control,1,10,3,6,7,16,9,7,true,false,true
pc-963306e8-2352,urzeitliche_kolosse__mit_pc,control,1,13,3,4,4,11,6,5,true,false,true
pc-0f8077a6-2353,urzeitliche_kolosse__mit_pc,control,1,6,5,16,19,40,15,25,true,false,false
pc-f4b5fa9b-2357,urzeitliche_kolosse__mit_pc,control,1,6,4,19,22,45,12,33,false,false,false
pc-37b03335-2359,urzeitliche_kolosse__mit_pc,control,1,7,3,10,16,29,9,20,true,false,false
pc-451571ba-2361,urzeitliche_kolosse__mit_pc,control,1,8,4,19,23,46,12,34,true,true,true
pc-a398456d-2362,urzeitliche_kolosse__mit_pc,control,1,15,3,3,5,11,5,6,true,true,true
pc-2a4af4b0-2365,urzeitliche_kolosse__mit_pc,control,1,6,4,15,20,39,12,27,true,false,false
pc-1da3d43b-2366,urzeitliche_kolosse__mit_pc,control,1,8,4,17,22,43,12,31,true,false,true
pc-96f124f8-2367,urzeitliche_kolosse__mit_pc,control,1,9,2,7,10,19,6,13,true,false,true
pc-2b0912c0-2368,urzeitliche_kolosse__mit_pc,control,1,6,3,13,14,30,9,21,true,false,false
pc-02d95731-2370,urzeitliche_kolosse__mit_pc,control,1,6,4,10,11,25,8,17,false,false,false
pc-7c26a7ee-2371,urzeitliche_kolosse__mit_pc,control,1,6,2,8,8,18,6,12,true,false,false
pc-103e95b6-2372,urzeitliche_kolosse__mit_pc,control,1,7,3,2,2,7,5,2,false,false,false
pc-5338ce4f-2374,urzeitliche_kolosse__mit_pc,control,1,6,5,19,27,51,15,36,true,false,false
pc-d9eb7d91-2377,urzeitliche_kolosse__mit_pc,control,1,6,2,7,10,19,6,13,true,false,false
pc-386e5145-2378,urzeitliche_kolosse__mit_pc,control,1,7,3,6,7,16,5,11,true,true,true
pc-b1bba202-2379,urzeitliche_kolosse__mit_pc,control,1,6,3,9,8,20,9,11,true,false,false
pc-bf20e087-2381,urzeitliche_kolosse__mit_pc,control,1,9,4,10,15,29,12,17,true,false,true
pc-97af4308-2386,urzeitliche_kolosse__mit_pc,control,1,7,3,11,14,28,9,19,true,true,true
pc-a514818d-2388,urzeitliche_kolosse__mit_pc,control,1,7,4,6,7,17,11,6,true,false,false
pc-e80eda26-2390,urzeitliche_kolosse__mit_pc,control,1,7,3,12,13,28,9,19,false,false,false
pc-f57418ab-2392,urzeitliche_kolosse__mit_pc,control,1,6,3,13,15,31,9,22,true,false,false
pc-6ec16969-2393,urzeitliche_kolosse__mit_pc,control,1,6,4,13,19,36,12,24,true,false,false
pc-daa99ba1-2396,urzeitliche_kolosse__mit_pc,control,1,7,2,8,10,20,6,14,true,false,false
pc-c09d3ca7-2399,urzeitliche_kolosse__mit_pc,control,1,6,4,12,10,26,11,15,true,false,false
