matchId,deckId,botType,side,round,targetsAffected,attackRemoved,healthRemoved,boardValueBefore,boardValueAfter,boardValueRemoved,won,winWithinOneRound,winWithinTwoRounds
match-e0863675-0,forschung_muskelkraft,standard,0,6,4,8,6,18,12,6,false,false,false
match-e0863675-0,rudeljaeger,standard,1,7,4,17,19,40,20,20,true,true,true
match-edeb74fa-2,forschung_muskelkraft,standard,0,6,3,9,6,18,15,3,false,false,false
match-c5bbb96b-4,rudeljaeger,standard,1,6,2,8,10,20,10,10,false,false,false
match-c5bbb96b-4,forschung_muskelkraft,standard,0,7,4,3,3,10,8,2,true,false,false
match-59d38733-7,rudeljaeger,standard,1,6,1,5,6,12,5,7,false,false,false
match-59d38733-7,forschung_muskelkraft,standard,0,6,5,15,13,33,25,8,true,false,false
match-aaf13c61-8,rudeljaeger,standard,1,6,3,11,16,30,15,15,true,true,true
match-b8567ae6-10,forschung_muskelkraft,standard,0,7,4,3,2,9,8,1,true,false,false
match-b8567ae6-10,rudeljaeger,standard,1,12,3,15,21,39,15,24,false,false,false
match-3f090a29-11,rudeljaeger,standard,1,6,3,10,11,24,14,10,false,false,false
match-3f090a29-11,forschung_muskelkraft,standard,0,6,4,7,7,18,12,6,true,false,false
match-16d94e9a-13,forschung_muskelkraft,standard,0,6,2,7,4,13,8,5,false,false,false
match-9d8bfddc-14,rudeljaeger,standard,1,6,2,6,7,15,10,5,false,false,false
match-243e8d1f-15,rudeljaeger,standard,1,9,5,22,25,52,25,27,false,false,false
match-243e8d1f-15,forschung_muskelkraft,standard,0,10,3,10,9,22,15,7,true,false,false
match-4bb02a9e-16,forschung_muskelkraft,standard,0,6,3,10,4,17,13,4,false,false,false
match-d262d9e0-17,rudeljaeger,standard,1,9,5,19,23,47,20,27,false,false,false
match-d262d9e0-17,forschung_muskelkraft,standard,0,10,4,11,7,22,18,4,true,false,true
match-c4fd9b5b-23,rudeljaeger,standard,1,7,4,11,11,26,12,14,false,false,false
match-c4fd9b5b-23,forschung_muskelkraft,standard,0,12,5,12,10,27,21,6,true,false,false
match-23806f0f-26,rudeljaeger,standard,1,6,3,10,12,25,15,10,false,false,false
match-fb50b37f-28,rudeljaeger,standard,1,6,1,5,5,11,5,6,true,true,true
match-820342c2-29,rudeljaeger,standard,1,6,2,9,10,21,10,11,false,false,false
match-820342c2-29,forschung_muskelkraft,standard,0,6,5,7,7,19,13,6,true,false,false
match-8f688147-31,rudeljaeger,standard,1,6,2,8,8,18,10,8,false,false,false
match-0a322e25-32,forschung_muskelkraft,standard,0,6,5,9,8,22,13,9,true,false,false
match-0a322e25-32,rudeljaeger,standard,1,8,3,14,18,35,15,20,false,false,false
match-90e4dd67-33,rudeljaeger,standard,1,6,2,7,9,18,10,8,false,false,false
match-90e4dd67-33,forschung_muskelkraft,standard,0,9,3,9,7,19,14,5,true,false,false
match-761a405d-37,forschung_muskelkraft,standard,0,7,3,10,8,21,15,6,false,false,false
match-d49d3410-40,rudeljaeger,standard,1,6,1,3,5,9,5,4,false,false,false
match-5b4fc353-41,rudeljaeger,standard,1,6,2,6,10,18,10,8,false,false,false
match-5b4fc353-41,forschung_muskelkraft,standard,0,8,4,12,8,24,18,6,true,false,true
match-e2027295-42,forschung_muskelkraft,standard,0,6,4,9,8,21,12,9,true,true,true
match-68b501d8-43,forschung_muskelkraft,standard,0,6,3,12,8,23,13,10,false,false,false
match-68b501d8-43,rudeljaeger,standard,1,15,5,10,13,28,17,11,false,false,false
match-b9d2b706-44,forschung_muskelkraft,standard,0,6,3,4,4,11,7,4,true,true,true
match-c737f58b-46,rudeljaeger,standard,1,6,3,12,10,25,15,10,true,false,false
match-c737f58b-46,forschung_muskelkraft,standard,0,9,4,15,13,32,20,12,false,false,false
match-4dea84ce-47,rudeljaeger,standard,1,6,2,6,7,15,10,5,false,false,false
match-755c224d-48,rudeljaeger,standard,1,7,5,8,9,22,13,9,true,true,true
match-5a91a543-52,rudeljaeger,standard,1,6,3,10,12,25,15,10,false,false,false
match-5a91a543-52,forschung_muskelkraft,standard,0,6,3,7,7,17,11,6,true,false,false
match-d3df1600-59,rudeljaeger,standard,1,6,3,10,11,24,14,10,false,false,false
match-abaf5a71-61,rudeljaeger,standard,1,6,2,8,14,24,10,14,false,false,false
match-b91498f6-63,rudeljaeger,standard,1,6,3,12,13,28,15,13,true,true,true
match-13e0d65a-65,rudeljaeger,standard,1,6,3,11,11,25,14,11,true,false,false
match-7263aa0d-68,rudeljaeger,standard,1,6,3,11,12,26,15,11,true,true,true
match-7263aa0d-68,forschung_muskelkraft,standard,0,6,4,12,11,27,20,7,false,false,false
match-f916594f-69,rudeljaeger,standard,1,9,3,10,9,22,11,11,true,false,true
match-f916594f-69,forschung_muskelkraft,standard,0,10,5,17,9,31,21,10,false,false,false
match-067b97d5-71,forschung_muskelkraft,standard,0,6,5,10,8,23,17,6,true,false,false
match-57992d03-72,rudeljaeger,standard,1,8,5,21,18,44,24,20,true,false,true
match-de4bdc45-73,rudeljaeger,standard,1,6,3,10,11,24,14,10,true,true,true
match-de4bdc45-73,forschung_muskelkraft,standard,0,7,3,7,7,17,15,2,false,false,false
match-64fe6b88-74,forschung_muskelkraft,standard,0,6,5,11,10,26,17,9,true,false,false
match-ebb11aca-75,rudeljaeger,standard,1,6,2,7,11,20,10,10,false,false,false
match-ebb11aca-75,forschung_muskelkraft,standard,0,8,5,11,10,26,18,8,true,false,false
match-3cceaff9-76,rudeljaeger,standard,1,6,2,8,10,20,10,10,false,false,false
match-3cceaff9-76,forschung_muskelkraft,standard,0,10,2,9,8,19,10,9,true,false,false
match-c3815f3b-77,rudeljaeger,standard,1,7,4,5,6,15,8,7,true,true,true
match-4a33ee7e-78,forschung_muskelkraft,standard,0,10,4,14,9,27,19,8,true,true,true
match-7f0aca82-81,rudeljaeger,standard,1,6,3,10,9,22,12,10,true,true,true
match-7f0aca82-81,forschung_muskelkraft,standard,0,6,3,9,9,21,15,6,false,false,false
match-8c700907-83,rudeljaeger,standard,1,9,5,26,32,63,25,38,false,false,false
match-8c700907-83,forschung_muskelkraft,standard,0,12,4,12,7,23,16,7,true,true,true
match-dd8dbe35-84,forschung_muskelkraft,standard,0,6,2,6,2,10,8,2,true,false,false
match-eaf2fcba-86,forschung_muskelkraft,standard,0,10,3,10,8,21,13,8,true,false,false
match-eaf2fcba-86,rudeljaeger,standard,1,14,5,19,20,44,17,27,false,false,false
match-71a58bfd-87,rudeljaeger,standard,1,7,3,14,16,33,15,18,true,false,false
match-71a58bfd-87,forschung_muskelkraft,standard,0,8,4,11,7,22,18,4,false,false,false
match-c2c3212b-88,forschung_muskelkraft,standard,0,6,3,10,8,21,15,6,true,false,false
match-c2c3212b-88,rudeljaeger,standard,1,11,5,9,13,27,13,14,false,false,false
match-4975d06e-89,rudeljaeger,standard,1,6,3,9,12,24,15,9,false,false,false
match-4975d06e-89,forschung_muskelkraft,standard,0,11,3,10,6,19,13,6,true,false,true
match-56db0ef3-91,forschung_muskelkraft,standard,0,6,5,9,6,20,15,5,true,false,false
match-56db0ef3-91,rudeljaeger,standard,1,9,5,23,22,50,24,26,false,false,false
match-2eab5364-93,rudeljaeger,standard,1,6,2,7,8,17,10,7,true,true,true
match-2eab5364-93,forschung_muskelkraft,standard,0,6,3,10,9,22,15,7,false,false,false
match-3c1091e9-95,forschung_muskelkraft,standard,0,6,5,7,6,18,13,5,true,false,false
match-b6da3ec6-96,forschung_muskelkraft,standard,0,6,2,7,4,13,8,5,false,false,false
match-3d8cce09-97,forschung_muskelkraft,standard,0,6,4,5,4,13,12,1,true,false,false
match-3d8cce09-97,rudeljaeger,standard,1,11,5,20,23,48,21,27,false,false,false
match-c43f7d4b-98,rudeljaeger,standard,1,6,2,6,5,13,7,6,true,true,true
match-a1f376cd-100,rudeljaeger,standard,1,6,3,14,15,32,15,17,false,false,false
match-a1f376cd-100,forschung_muskelkraft,standard,0,7,5,7,7,19,13,6,true,false,false
match-28a60610-101,forschung_muskelkraft,standard,0,6,3,8,8,19,11,8,false,false,false
match-1b40c78b-103,rudeljaeger,standard,1,6,3,14,14,31,15,16,false,false,false
match-1b40c78b-103,forschung_muskelkraft,standard,0,9,5,10,8,23,17,6,true,false,false
match-8728f9c3-104,rudeljaeger,standard,1,6,3,11,17,31,15,16,true,true,true
match-8728f9c3-104,forschung_muskelkraft,standard,0,7,3,4,2,9,7,2,false,false,false
match-79c3bb3e-106,forschung_muskelkraft,standard,0,6,2,8,6,16,10,6,false,false,false
match-79c3bb3e-106,rudeljaeger,standard,1,6,2,8,9,19,10,9,true,true,true
match-6c5e7cb9-108,forschung_muskelkraft,standard,0,7,4,11,6,21,14,7,true,false,false
match-5ef93e34-110,forschung_muskelkraft,standard,0,6,3,10,8,21,13,8,true,false,false
match-5ef93e34-110,rudeljaeger,standard,1,9,2,4,4,10,7,3,false,false,false
match-d8468ef1-113,rudeljaeger,standard,1,6,3,13,17,33,15,18,false,false,false
match-d8468ef1-113,forschung_muskelkraft,standard,0,9,5,10,8,23,15,8,true,false,true
match-442ea12a-114,forschung_muskelkraft,standard,0,6,4,7,6,17,12,5,false,false,false
match-442ea12a-114,rudeljaeger,standard,1,6,4,14,17,35,20,15,true,false,false
match-cae1506c-115,rudeljaeger,standard,1,6,3,14,15,32,15,17,true,false,false
match-0d1d6af6-116,rudeljaeger,standard,1,6,4,15,15,34,20,14,false,false,false
match-93d01a38-117,rudeljaeger,standard,1,10,5,24,22,51,25,26,false,false,false
match-93d01a38-117,forschung_muskelkraft,standard,0,12,2,8,6,16,10,6,true,true,true
match-ffb82c70-118,forschung_muskelkraft,standard,0,7,5,14,12,31,17,14,true,false,false
match-ffb82c70-118,rudeljaeger,standard,1,8,4,5,6,15,8,7,false,false,false
match-e4edaf66-122,rudeljaeger,standard,1,11,2,0,0,2,2,0,false,false,false
match-6ba05ea9-123,rudeljaeger,standard,1,8,4,17,21,42,20,22,true,true,true
match-d78870e1-124,forschung_muskelkraft,standard,0,7,4,17,10,31,18,13,true,false,false
match-d78870e1-124,rudeljaeger,standard,1,10,3,5,6,14,7,7,false,false,false
match-ca23325c-126,rudeljaeger,standard,1,7,2,9,12,23,10,13,false,false,false
match-ca23325c-126,forschung_muskelkraft,standard,0,9,4,9,8,21,16,5,true,false,false
match-50d5c19f-127,forschung_muskelkraft,standard,0,6,4,7,6,17,12,5,true,false,false
match-50d5c19f-127,rudeljaeger,standard,1,9,3,0,0,3,3,0,false,false,false
match-4370831a-129,rudeljaeger,standard,1,6,2,9,12,23,10,13,false,false,false
match-4370831a-129,forschung_muskelkraft,standard,0,9,5,7,6,18,13,5,true,false,false
match-af58b552-130,forschung_muskelkraft,standard,0,9,3,8,6,17,11,6,true,false,false
match-af58b552-130,rudeljaeger,standard,1,10,5,8,8,21,13,8,false,false,false
match-cb9f6e7c-132,rudeljaeger,standard,1,7,2,10,10,22,10,12,false,false,false
match-52521dbf-133,rudeljaeger,standard,1,6,4,15,18,37,20,17,true,false,true
match-44ecdf3a-135,forschung_muskelkraft,standard,0,9,5,11,8,24,19,5,true,true,true
match-a36fb2ed-138,forschung_muskelkraft,standard,0,7,3,10,6,19,13,6,true,false,false
match-960a7468-140,rudeljaeger,standard,1,6,4,14,18,36,20,16,false,false,false
match-1cbd03ab-141,rudeljaeger,standard,1,9,4,19,16,39,20,19,true,false,false
match-1cbd03ab-141,forschung_muskelkraft,standard,0,12,1,3,2,6,5,1,false,false,false
match-88a535e3-142,rudeljaeger,standard,1,6,3,11,12,26,15,11,false,false,false
match-88a535e3-142,forschung_muskelkraft,standard,0,12,2,6,4,12,8,4,true,false,true
match-0f57c526-143,rudeljaeger,standard,1,9,4,21,16,41,19,22,false,false,false
match-0f57c526-143,forschung_muskelkraft,standard,0,9,3,7,7,17,15,2,true,false,false
match-01f286a1-145,forschung_muskelkraft,standard,0,7,3,9,8,20,11,9,true,false,true
match-f48d481b-147,rudeljaeger,standard,1,8,4,16,17,37,20,17,false,false,false
match-f48d481b-147,forschung_muskelkraft,standard,0,11,5,13,12,30,20,10,true,false,false
match-36c962a5-148,rudeljaeger,standard,1,6,3,14,15,32,15,17,false,false,false
match-36c962a5-148,forschung_muskelkraft,standard,0,9,4,12,8,24,18,6,true,true,true
match-bd7c11e7-149,rudeljaeger,standard,1,9,3,15,20,38,11,27,false,false,false
match-bd7c11e7-149,forschung_muskelkraft,standard,0,10,5,10,9,24,17,7,true,true,true
match-1bfee59b-152,rudeljaeger,standard,1,6,2,9,11,22,10,12,true,false,false
match-1bfee59b-152,forschung_muskelkraft,standard,0,7,5,6,5,16,13,3,false,false,false
match-a2b194dd-153,rudeljaeger,standard,1,6,2,10,12,24,10,14,true,true,true
match-0e99a716-154,forschung_muskelkraft,standard,0,7,5,14,10,29,19,10,true,false,true
match-0e99a716-154,rudeljaeger,standard,1,9,4,18,23,45,20,25,false,false,false
match-954c5658-155,forschung_muskelkraft,standard,0,8,3,4,4,11,7,4,false,false,false
match-954c5658-155,rudeljaeger,standard,1,8,3,16,15,34,15,19,true,true,true
match-01346891-156,forschung_muskelkraft,standard,0,7,4,13,8,25,18,7,true,false,false
match-87e717d3-157,rudeljaeger,standard,1,9,5,12,15,32,17,15,false,false,false
match-87e717d3-157,forschung_muskelkraft,standard,0,10,4,9,7,20,16,4,true,false,false
match-f3cf2a0b-158,forschung_muskelkraft,standard,0,6,2,6,6,14,10,4,false,false,false
match-d904ad01-162,forschung_muskelkraft,standard,0,6,4,3,2,9,8,1,true,false,false
match-d904ad01-162,rudeljaeger,standard,1,6,3,11,12,26,15,11,false,false,false
match-5fb75c44-163,forschung_muskelkraft,standard,0,7,3,15,12,30,15,15,true,false,false
match-f54b662b-164,rudeljaeger,standard,1,6,3,13,15,31,15,16,false,false,false
match-7bfe156e-165,forschung_muskelkraft,standard,0,6,4,4,4,12,8,4,true,false,true
match-7bfe156e-165,rudeljaeger,standard,1,6,4,14,13,31,20,11,false,false,false
match-e7e627a6-166,rudeljaeger,standard,1,8,5,6,7,18,9,9,true,true,true
match-e7e627a6-166,forschung_muskelkraft,standard,0,9,5,14,13,32,25,7,false,false,false
match-6e98d6e9-167,rudeljaeger,standard,1,7,3,15,14,32,15,17,false,false,false
match-6e98d6e9-167,forschung_muskelkraft,standard,0,7,5,12,11,28,17,11,false,false,false
match-61339864-169,rudeljaeger,standard,1,6,3,14,16,33,15,18,false,false,false
match-53ce59df-171,rudeljaeger,standard,1,7,3,15,16,34,15,19,true,false,false
match-53ce59df-171,forschung_muskelkraft,standard,0,7,4,7,7,18,12,6,false,false,false
match-bfb66c17-172,rudeljaeger,standard,1,8,4,20,21,45,20,25,false,false,false
match-bfb66c17-172,forschung_muskelkraft,standard,0,11,3,7,4,14,12,2,true,true,true
match-b2512d92-174,rudeljaeger,standard,1,6,2,10,12,24,10,14,false,false,false
match-3903dcd5-175,forschung_muskelkraft,standard,0,6,3,4,4,11,7,4,false,false,false
match-3903dcd5-175,rudeljaeger,standard,1,6,3,11,13,27,15,12,true,false,true
match-a4ebef0d-176,rudeljaeger,standard,1,6,4,15,16,35,17,18,true,false,false
match-a4ebef0d-176,forschung_muskelkraft,standard,0,7,4,5,5,14,12,2,false,false,false
match-2b9e9e50-177,rudeljaeger,standard,1,6,2,8,9,19,10,9,true,false,false
match-2b9e9e50-177,forschung_muskelkraft,standard,0,7,5,9,5,19,15,4,false,false,false
match-9786b088-178,rudeljaeger,standard,1,8,4,18,22,44,20,24,false,false,false
match-9786b088-178,forschung_muskelkraft,standard,0,12,2,6,6,14,10,4,true,true,true
match-1e395fcb-179,rudeljaeger,standard,1,7,2,8,13,23,10,13,true,false,false
match-1e395fcb-179,forschung_muskelkraft,standard,0,14,4,6,4,14,12,2,false,false,false
match-60757a54-180,forschung_muskelkraft,standard,0,9,5,12,8,25,18,7,true,false,false
match-60757a54-180,rudeljaeger,standard,1,12,5,19,21,45,21,24,false,false,false
match-e7280996-181,rudeljaeger,standard,1,6,3,11,15,29,15,14,true,true,true
match-53103bcf-182,rudeljaeger,standard,1,8,5,24,28,57,25,32,true,false,true
match-d9c2cb11-183,forschung_muskelkraft,standard,0,7,5,10,4,19,13,6,true,false,false
match-d9c2cb11-183,rudeljaeger,standard,1,8,4,17,19,40,20,20,false,false,false
match-3845bec5-186,forschung_muskelkraft,standard,0,7,4,10,8,22,12,10,true,false,true
match-bef84e07-187,forschung_muskelkraft,standard,0,7,5,11,6,22,15,7,true,true,true
match-b1930f82-189,rudeljaeger,standard,1,7,2,9,12,23,10,13,false,false,false
match-b1930f82-189,forschung_muskelkraft,standard,0,8,3,7,5,15,13,2,true,false,false
match-1d7b21bb-190,rudeljaeger,standard,1,8,5,28,30,63,25,38,false,false,false
match-1d7b21bb-190,forschung_muskelkraft,standard,0,9,3,9,7,19,13,6,true,false,false
match-a42dd0fd-191,rudeljaeger,standard,1,6,3,12,14,29,15,14,true,true,true
match-1015e336-192,forschung_muskelkraft,standard,0,7,4,10,8,22,16,6,true,false,false
match-896353f3-195,rudeljaeger,standard,1,6,2,8,10,20,10,10,false,false,false
match-1ef77ddb-196,rudeljaeger,standard,1,7,1,3,5,9,5,4,true,true,true
match-a5aa0d1d-197,rudeljaeger,standard,1,6,3,14,16,33,15,18,false,false,false
match-a5aa0d1d-197,forschung_muskelkraft,standard,0,10,2,6,4,12,10,2,true,false,false
match-9844ce98-199,rudeljaeger,standard,1,6,2,8,10,20,10,10,false,false,false
match-999487e2-200,forschung_muskelkraft,standard,0,9,2,9,10,21,10,11,true,false,false
match-999487e2-200,solidaritaet_ueberleben,standard,1,9,3,3,3,9,7,2,false,false,false
match-12e1f8a0-201,forschung_muskelkraft,standard,0,6,2,8,8,18,10,8,true,true,true
match-8c2f495d-202,solidaritaet_ueberleben,standard,1,7,4,20,23,47,20,27,true,false,true
match-057cba1b-203,forschung_muskelkraft,standard,0,6,4,7,7,18,9,9,true,false,false
match-b45f04ec-204,forschung_muskelkraft,standard,0,6,4,19,23,46,20,26,true,false,false
match-b45f04ec-204,solidaritaet_ueberleben,standard,1,12,5,0,0,5,5,0,false,false,false
match-a6f9c667-206,forschung_muskelkraft,standard,0,6,2,7,6,15,8,7,true,false,false
match-20473725-207,forschung_muskelkraft,standard,0,6,5,18,19,42,25,17,false,false,false
match-20473725-207,solidaritaet_ueberleben,standard,1,12,5,0,0,5,5,0,true,false,false
match-cf2981f6-208,forschung_muskelkraft,standard,0,6,2,5,7,14,9,5,false,false,false
match-cf2981f6-208,solidaritaet_ueberleben,standard,1,8,3,10,14,27,15,12,true,true,true
match-4876f2b4-209,forschung_muskelkraft,standard,0,6,3,12,12,27,13,14,false,false,false
match-c1c44371-210,forschung_muskelkraft,standard,0,7,3,7,10,20,14,6,false,false,false
match-e9f41f00-212,forschung_muskelkraft,standard,0,6,5,10,12,27,13,14,false,false,false
match-e9f41f00-212,solidaritaet_ueberleben,standard,1,7,5,20,24,49,25,24,true,false,false
match-63416fbe-213,solidaritaet_ueberleben,standard,1,6,5,13,10,28,18,10,true,false,true
match-dc8ec07b-214,forschung_muskelkraft,standard,0,8,4,18,19,41,19,22,true,false,true
match-2e6a93ba-216,forschung_muskelkraft,standard,0,6,4,13,19,36,19,17,true,false,false
match-2e6a93ba-216,solidaritaet_ueberleben,standard,1,8,3,9,12,24,11,13,false,false,false
match-a7b7e477-217,solidaritaet_ueberleben,standard,1,7,3,15,15,33,15,18,true,false,false
match-21055535-218,solidaritaet_ueberleben,standard,1,6,2,8,10,20,10,10,true,false,false
match-493510c4-220,forschung_muskelkraft,standard,0,10,3,9,15,27,15,12,true,false,true
match-c2826181-221,forschung_muskelkraft,standard,0,6,3,8,10,21,11,10,true,false,false
match-3bcfd23f-222,forschung_muskelkraft,standard,0,6,4,17,19,40,19,21,false,false,false
match-3bcfd23f-222,solidaritaet_ueberleben,standard,1,8,3,14,17,34,15,19,true,true,true
match-b51d22fc-223,solidaritaet_ueberleben,standard,1,6,2,9,10,21,10,11,false,false,false
match-63ff8dce-224,forschung_muskelkraft,standard,0,6,2,8,8,18,10,8,true,false,false
match-dd4cfe8b-225,forschung_muskelkraft,standard,0,6,5,11,11,27,15,12,false,false,false
match-569a4f49-226,forschung_muskelkraft,standard,0,6,5,9,7,21,12,9,false,false,false
match-569a4f49-226,solidaritaet_ueberleben,standard,1,7,5,17,20,42,24,18,true,false,true
match-cfe7a006-227,solidaritaet_ueberleben,standard,1,7,3,14,16,33,15,18,true,false,false
match-cfe7a006-227,forschung_muskelkraft,standard,0,10,4,6,7,17,8,9,false,false,false
match-7eca0ad8-228,forschung_muskelkraft,standard,0,8,5,18,22,45,24,21,true,false,false
match-7eca0ad8-228,solidaritaet_ueberleben,standard,1,12,4,0,0,4,4,0,false,false,false
match-f8177b95-229,forschung_muskelkraft,standard,0,11,5,0,0,5,5,0,true,true,true
match-7164cc53-230,solidaritaet_ueberleben,standard,1,6,3,10,10,23,15,8,true,false,false
match-eab23d10-231,forschung_muskelkraft,standard,0,6,3,12,14,29,14,15,false,false,false
match-6fe89033-232,solidaritaet_ueberleben,standard,1,11,5,30,29,64,25,39,false,false,false
match-6fe89033-232,forschung_muskelkraft,standard,0,14,3,8,11,22,14,8,true,true,true
match-e935e0f0-233,solidaritaet_ueberleben,standard,1,6,1,5,6,12,5,7,false,false,false
match-628351ae-234,forschung_muskelkraft,standard,0,6,5,10,11,26,13,13,true,false,true
match-dbd0a26b-235,solidaritaet_ueberleben,standard,1,6,3,12,14,29,15,14,false,false,false
match-04007dfb-237,forschung_muskelkraft,standard,0,6,4,15,15,34,17,17,true,false,false
match-04007dfb-237,solidaritaet_ueberleben,standard,1,7,3,12,13,28,15,13,false,false,false
match-7d4dceb8-238,forschung_muskelkraft,standard,0,8,5,23,24,52,25,27,false,false,false
match-7d4dceb8-238,solidaritaet_ueberleben,standard,1,10,3,14,16,33,15,18,true,false,false
match-f69b3f75-239,solidaritaet_ueberleben,standard,1,6,4,13,16,33,20,13,false,false,false
match-f69b3f75-239,forschung_muskelkraft,standard,0,8,2,10,12,24,10,14,true,true,true
match-a57d8a47-240,forschung_muskelkraft,standard,0,6,5,10,12,27,16,11,false,false,false
match-a57d8a47-240,solidaritaet_ueberleben,standard,1,7,4,15,21,40,20,20,true,false,false
match-98184bc2-242,forschung_muskelkraft,standard,0,8,5,8,7,20,12,8,true,false,false
match-1165bc80-243,forschung_muskelkraft,standard,0,6,5,13,16,34,17,17,false,false,false
match-c0480751-244,forschung_muskelkraft,standard,0,6,3,10,14,27,14,13,false,false,false
match-3995780f-245,forschung_muskelkraft,standard,0,6,3,12,13,28,15,13,true,false,false
match-3995780f-245,solidaritaet_ueberleben,standard,1,13,4,21,17,42,19,23,false,false,false
match-b2e2c8cc-246,forschung_muskelkraft,standard,0,6,4,4,6,14,8,6,false,false,false
match-2c30398a-247,forschung_muskelkraft,standard,0,6,3,4,4,11,7,4,false,false,false
match-04be9c0b-248,solidaritaet_ueberleben,standard,1,8,4,16,24,44,20,24,false,false,false
match-04be9c0b-248,forschung_muskelkraft,standard,0,8,3,11,11,25,15,10,true,false,false
match-7e0becc8-249,solidaritaet_ueberleben,standard,1,6,2,7,8,17,10,7,false,false,false
match-7e0becc8-249,forschung_muskelkraft,standard,0,14,5,13,13,31,19,12,true,false,true
match-f7595d85-250,solidaritaet_ueberleben,standard,1,6,3,10,11,24,14,10,false,false,false
match-f7595d85-250,forschung_muskelkraft,standard,0,6,5,13,17,35,24,11,true,false,false
match-70a6ae43-251,forschung_muskelkraft,standard,0,6,4,14,13,31,20,11,true,false,false
match-70a6ae43-251,solidaritaet_ueberleben,standard,1,10,4,20,20,44,20,24,false,false,false
match-1f891915-252,solidaritaet_ueberleben,standard,1,6,2,7,14,23,10,13,false,false,false
match-1f891915-252,forschung_muskelkraft,standard,0,14,4,14,14,32,19,13,true,true,true
match-98d669d2-253,forschung_muskelkraft,standard,0,6,4,6,7,17,8,9,false,false,false
match-98d669d2-253,solidaritaet_ueberleben,standard,1,12,4,3,8,15,8,7,true,false,false
match-1223da90-254,forschung_muskelkraft,standard,0,10,4,16,17,37,20,17,true,false,false
match-8b712b4d-255,forschung_muskelkraft,standard,0,6,4,14,16,34,19,15,true,false,false
match-3a53961f-256,forschung_muskelkraft,standard,0,6,3,12,13,28,15,13,true,false,false
match-3a53961f-256,solidaritaet_ueberleben,standard,1,15,5,13,14,32,17,15,false,false,false
match-2cee579a-258,forschung_muskelkraft,standard,0,6,4,7,8,19,8,11,false,false,false
match-2cee579a-258,solidaritaet_ueberleben,standard,1,15,4,17,15,36,20,16,false,false,false
match-a63ba857-259,forschung_muskelkraft,standard,0,7,3,11,13,27,15,12,true,false,false
match-a63ba857-259,solidaritaet_ueberleben,standard,1,7,3,12,13,28,15,13,false,false,false
match-551e1329-260,solidaritaet_ueberleben,standard,1,8,4,17,18,39,19,20,true,false,false
match-551e1329-260,forschung_muskelkraft,standard,0,8,5,20,22,47,25,22,false,false,false
match-ce6b63e6-261,solidaritaet_ueberleben,standard,1,7,4,17,23,44,20,24,true,false,false
match-47b8d4a4-262,solidaritaet_ueberleben,standard,1,9,5,5,5,15,9,6,true,true,true
match-c1062561-263,solidaritaet_ueberleben,standard,1,6,3,10,12,25,15,10,true,false,false
match-c1062561-263,forschung_muskelkraft,standard,0,10,3,14,18,35,15,20,false,false,false
match-463c9884-264,forschung_muskelkraft,standard,0,6,4,10,13,27,12,15,false,false,false
match-bf89e941-265,forschung_muskelkraft,standard,0,8,3,9,8,20,15,5,true,true,true
match-38d759ff-266,solidaritaet_ueberleben,standard,1,6,3,9,10,22,12,10,true,false,false
match-38d759ff-266,forschung_muskelkraft,standard,0,6,5,14,19,38,24,14,false,false,false
match-b224aabc-267,solidaritaet_ueberleben,standard,1,7,5,23,29,57,25,32,true,false,false
match-6107158e-268,forschung_muskelkraft,standard,0,6,5,13,15,33,23,10,false,false,false
match-6107158e-268,solidaritaet_ueberleben,standard,1,10,3,19,17,39,15,24,true,false,true
match-53a1d709-270,solidaritaet_ueberleben,standard,1,7,4,16,20,40,20,20,true,true,true
match-ccef27c6-271,solidaritaet_ueberleben,standard,1,6,3,9,12,24,15,9,false,false,false
match-7bd19298-272,solidaritaet_ueberleben,standard,1,8,4,19,23,46,20,26,false,false,false
match-7bd19298-272,forschung_muskelkraft,standard,0,8,3,8,9,20,11,9,true,false,false
match-f51ee355-273,solidaritaet_ueberleben,standard,1,9,5,19,25,49,24,25,true,false,false
match-f51ee355-273,forschung_muskelkraft,standard,0,10,5,10,12,27,20,7,false,false,false
match-6e6c5413-274,forschung_muskelkraft,standard,0,6,3,14,16,33,15,18,true,false,false
match-6e6c5413-274,solidaritaet_ueberleben,standard,1,7,3,12,13,28,15,13,false,false,false
match-e7b9a4d0-275,forschung_muskelkraft,standard,0,6,3,15,17,35,15,20,false,false,false
match-969c0fa2-276,forschung_muskelkraft,standard,0,6,3,12,13,28,15,13,false,false,false
match-969c0fa2-276,solidaritaet_ueberleben,standard,1,7,4,6,7,17,8,9,true,false,true
match-8936d11d-278,forschung_muskelkraft,standard,0,6,5,16,22,43,24,19,true,false,false
match-8936d11d-278,solidaritaet_ueberleben,standard,1,7,2,8,9,19,10,9,false,false,false
match-028421db-279,forschung_muskelkraft,standard,0,6,5,19,26,50,25,25,false,false,false
match-028421db-279,solidaritaet_ueberleben,standard,1,10,5,25,22,52,25,27,true,true,true
match-db12845b-280,forschung_muskelkraft,standard,0,6,3,11,11,25,12,13,false,false,false
match-cdad45d6-282,forschung_muskelkraft,standard,0,8,5,14,16,35,21,14,true,false,false
match-cdad45d6-282,solidaritaet_ueberleben,standard,1,12,4,19,20,43,20,23,false,false,false
match-46fab694-283,forschung_muskelkraft,standard,0,6,4,14,14,32,20,12,true,false,false
match-46fab694-283,solidaritaet_ueberleben,standard,1,10,5,23,25,53,24,29,false,false,false
match-6f2a7223-285,forschung_muskelkraft,standard,0,7,4,10,6,20,16,4,true,false,false
match-e877c2e0-286,forschung_muskelkraft,standard,0,6,4,12,16,32,16,16,true,false,false
match-e877c2e0-286,solidaritaet_ueberleben,standard,1,8,1,5,6,12,5,7,false,false,false
match-10a79e70-288,solidaritaet_ueberleben,standard,1,6,1,3,5,9,5,4,false,false,false
match-10a79e70-288,forschung_muskelkraft,standard,0,8,4,15,18,37,20,17,true,false,false
match-89f4ef2d-289,forschung_muskelkraft,standard,0,6,4,16,16,36,19,17,true,false,false
match-03425feb-290,solidaritaet_ueberleben,standard,1,9,3,14,14,31,15,16,false,false,false
match-03425feb-290,forschung_muskelkraft,standard,0,14,4,11,13,28,16,12,false,false,false
match-7c8fb0a8-291,solidaritaet_ueberleben,standard,1,7,5,10,12,27,13,14,true,true,true
match-2b721b7a-292,solidaritaet_ueberleben,standard,1,6,2,9,10,21,10,11,false,false,false
match-2b721b7a-292,forschung_muskelkraft,standard,0,8,4,10,13,27,12,15,true,false,false
match-a4bf6c37-293,solidaritaet_ueberleben,standard,1,6,3,9,8,20,15,5,true,false,true
match-a4bf6c37-293,forschung_muskelkraft,standard,0,6,4,14,16,34,20,14,false,false,false
match-1e0cdcf5-294,forschung_muskelkraft,standard,0,6,4,12,14,30,15,15,true,false,true
match-975a2db2-295,forschung_muskelkraft,standard,0,8,5,7,8,20,9,11,false,false,false
match-1c9080d5-296,solidaritaet_ueberleben,standard,1,6,3,11,12,26,14,12,false,false,false
match-1c9080d5-296,forschung_muskelkraft,standard,0,8,3,13,19,35,14,21,true,false,false
match-95ddf192-297,forschung_muskelkraft,standard,0,6,5,17,23,45,24,21,false,false,false
match-95ddf192-297,solidaritaet_ueberleben,standard,1,13,5,17,16,38,17,21,false,false,false
match-0f2b4250-298,forschung_muskelkraft,standard,0,6,2,9,10,21,10,11,false,false,false
match-35b46853-300,solidaritaet_ueberleben,standard,1,6,3,12,14,29,15,14,false,false,false
match-35b46853-300,forschung_muskelkraft,standard,0,7,3,12,13,28,15,13,false,false,false
match-bc671795-301,solidaritaet_ueberleben,standard,1,6,4,17,16,37,19,18,false,false,false
match-bc671795-301,forschung_muskelkraft,standard,0,11,5,18,23,46,25,21,true,false,false
match-284f29ce-302,forschung_muskelkraft,standard,0,8,3,8,6,17,13,4,true,false,false
match-284f29ce-302,solidaritaet_ueberleben,standard,1,10,4,13,14,31,16,15,false,false,false
match-af01d910-303,solidaritaet_ueberleben,standard,1,6,5,6,7,18,9,9,true,false,false
match-af01d910-303,forschung_muskelkraft,standard,0,10,4,6,7,17,8,9,false,false,false
match-1ae9eb49-304,forschung_muskelkraft,standard,0,7,5,13,10,28,20,8,true,false,false
match-1ae9eb49-304,solidaritaet_ueberleben,standard,1,11,3,14,9,26,13,13,false,false,false
match-a19c9a8b-305,forschung_muskelkraft,standard,0,6,4,13,20,37,20,17,true,false,false
match-0d84acc4-306,solidaritaet_ueberleben,standard,1,6,4,16,18,38,20,18,true,false,true
match-94375c06-307,solidaritaet_ueberleben,standard,1,6,4,18,23,45,20,25,true,false,false
match-94375c06-307,forschung_muskelkraft,standard,0,8,3,7,7,17,8,9,false,false,false
match-6b496267-308,forschung_muskelkraft,standard,0,7,4,16,20,40,20,20,true,false,false
match-f1fc11a9-309,solidaritaet_ueberleben,standard,1,6,3,14,17,34,15,19,true,false,false
match-5de423e2-310,solidaritaet_ueberleben,standard,1,8,5,21,24,50,25,25,true,false,false
match-5de423e2-310,forschung_muskelkraft,standard,0,9,3,10,9,22,15,7,false,false,false
match-e496d324-311,solidaritaet_ueberleben,standard,1,6,3,14,16,33,15,18,false,false,false
match-e496d324-311,forschung_muskelkraft,standard,0,7,5,6,7,18,9,9,true,false,false
match-507ee55d-312,solidaritaet_ueberleben,standard,1,6,4,15,18,37,20,17,true,false,false
match-d731949f-313,forschung_muskelkraft,standard,0,7,4,13,12,29,20,9,false,false,false
match-d731949f-313,solidaritaet_ueberleben,standard,1,10,5,25,25,55,25,30,true,false,true
match-4319a6d8-314,forschung_muskelkraft,standard,0,6,3,9,14,26,15,11,true,false,false
match-4319a6d8-314,solidaritaet_ueberleben,standard,1,15,2,9,8,19,10,9,false,false,false
match-c9cc561a-315,forschung_muskelkraft,standard,0,10,4,10,13,27,19,8,false,false,false
match-c9cc561a-315,solidaritaet_ueberleben,standard,1,12,4,23,25,52,20,32,true,true,true
match-ca8a742a-316,forschung_muskelkraft,standard,0,7,4,15,21,40,19,21,true,false,false
match-ca8a742a-316,solidaritaet_ueberleben,standard,1,8,3,10,16,29,15,14,false,false,false
match-513d036d-317,solidaritaet_ueberleben,standard,1,8,5,23,24,52,25,27,false,false,false
match-bd2535a5-318,solidaritaet_ueberleben,standard,1,6,4,16,18,38,19,19,false,false,false
match-bd2535a5-318,forschung_muskelkraft,standard,0,7,5,16,19,40,21,19,true,false,false
match-43d7c4e8-319,solidaritaet_ueberleben,standard,1,7,3,13,17,33,15,18,false,false,false
match-43d7c4e8-319,forschung_muskelkraft,standard,0,7,4,15,16,35,20,15,true,false,false
match-afbff720-320,forschung_muskelkraft,standard,0,7,3,11,11,25,14,11,true,false,true
match-36728663-321,forschung_muskelkraft,standard,0,7,3,12,11,26,13,13,true,false,false
match-290d47de-323,solidaritaet_ueberleben,standard,1,6,4,5,6,15,8,7,true,false,true
match-001f6e3f-324,forschung_muskelkraft,standard,0,6,4,8,16,28,18,10,false,false,false
match-001f6e3f-324,solidaritaet_ueberleben,standard,1,6,4,13,11,28,17,11,true,false,true
match-86d21d81-325,forschung_muskelkraft,standard,0,6,2,7,6,15,10,5,false,false,false
match-86d21d81-325,solidaritaet_ueberleben,standard,1,6,3,12,13,28,15,13,true,false,false
match-f2ba2fb9-326,forschung_muskelkraft,standard,0,6,3,9,13,25,14,11,false,false,false
match-f2ba2fb9-326,solidaritaet_ueberleben,standard,1,8,4,17,21,42,20,22,true,true,true
match-796cdefc-327,solidaritaet_ueberleben,standard,1,6,4,14,17,35,20,15,true,false,false
match-796cdefc-327,forschung_muskelkraft,standard,0,8,2,5,6,13,6,7,false,false,false
match-6c078077-329,forschung_muskelkraft,standard,0,6,3,11,13,27,15,12,false,false,false
match-6c078077-329,solidaritaet_ueberleben,standard,1,6,4,16,17,37,20,17,true,false,false
match-d7efb2af-330,forschung_muskelkraft,standard,0,8,2,6,9,17,9,8,true,false,true
match-d7efb2af-330,solidaritaet_ueberleben,standard,1,8,5,22,18,45,24,21,false,false,false
match-5ea241f2-331,solidaritaet_ueberleben,standard,1,6,3,14,17,34,15,19,false,false,false
match-5ea241f2-331,forschung_muskelkraft,standard,0,7,5,15,18,38,24,14,true,false,false
match-0c0870a4-332,solidaritaet_ueberleben,standard,1,6,5,18,16,39,22,17,false,false,false
match-0c0870a4-332,forschung_muskelkraft,standard,0,13,3,10,12,25,15,10,true,true,true
match-92bb1fe6-333,forschung_muskelkraft,standard,0,7,3,6,8,17,7,10,true,false,false
match-fea3321e-334,forschung_muskelkraft,standard,0,9,3,8,9,20,11,9,true,false,false
match-f13df399-336,solidaritaet_ueberleben,standard,1,6,3,12,16,31,15,16,false,false,false
match-f13df399-336,forschung_muskelkraft,standard,0,11,4,18,20,42,20,22,true,false,true
match-77f082dc-337,forschung_muskelkraft,standard,0,7,4,18,20,42,20,22,false,false,false
match-77f082dc-337,solidaritaet_ueberleben,standard,1,10,5,29,29,63,25,38,true,false,false
match-6a8b4457-339,solidaritaet_ueberleben,standard,1,6,4,18,20,42,20,22,false,false,false
match-6a8b4457-339,forschung_muskelkraft,standard,0,8,1,5,6,12,5,7,true,false,false
match-419d6ab8-340,solidaritaet_ueberleben,standard,1,6,3,14,16,33,15,18,true,false,false
match-419d6ab8-340,forschung_muskelkraft,standard,0,8,4,14,19,37,19,18,false,false,false
match-c85019fa-341,forschung_muskelkraft,standard,0,6,4,12,19,35,20,15,false,false,false
match-c85019fa-341,solidaritaet_ueberleben,standard,1,7,3,6,7,16,11,5,true,false,false
match-34382c33-342,forschung_muskelkraft,standard,0,6,3,7,9,19,11,8,false,false,false
match-34382c33-342,solidaritaet_ueberleben,standard,1,6,4,15,15,34,20,14,true,false,false
match-baeadb75-343,solidaritaet_ueberleben,standard,1,6,4,15,19,38,20,18,true,false,false
match-26d2edae-344,solidaritaet_ueberleben,standard,1,8,5,18,21,44,25,19,false,false,false
match-26d2edae-344,forschung_muskelkraft,standard,0,12,5,14,18,37,22,15,true,true,true
match-ad859cf0-345,forschung_muskelkraft,standard,0,6,4,11,11,26,18,8,false,false,false
match-ad859cf0-345,solidaritaet_ueberleben,standard,1,8,3,13,16,32,15,17,true,true,true
match-196daf29-346,forschung_muskelkraft,standard,0,6,3,8,12,23,14,9,true,false,false
match-196daf29-346,solidaritaet_ueberleben,standard,1,6,5,13,10,28,18,10,false,false,false
match-a0205e6b-347,forschung_muskelkraft,standard,0,7,2,9,12,23,10,13,true,false,false
match-a0205e6b-347,solidaritaet_ueberleben,standard,1,12,5,29,24,58,25,33,false,false,false
match-a0de7c7b-348,solidaritaet_ueberleben,standard,1,6,3,14,16,33,15,18,false,false,false
match-a0de7c7b-348,forschung_muskelkraft,standard,0,7,4,13,17,34,19,15,true,false,false
match-93793df6-350,forschung_muskelkraft,standard,0,6,4,11,14,29,19,10,false,false,false
match-1a2bcd39-351,forschung_muskelkraft,standard,0,6,5,12,17,34,24,10,false,false,false
match-1a2bcd39-351,solidaritaet_ueberleben,standard,1,8,4,17,23,44,20,24,true,false,false
match-8613ff71-352,forschung_muskelkraft,standard,0,7,2,7,10,19,10,9,false,false,false
match-8613ff71-352,solidaritaet_ueberleben,standard,1,11,4,22,22,48,20,28,true,false,true
match-78aea0ec-354,forschung_muskelkraft,standard,0,11,5,15,19,39,24,15,true,false,false
match-78aea0ec-354,solidaritaet_ueberleben,standard,1,13,2,10,10,22,10,12,false,false,false
match-d673768f-356,solidaritaet_ueberleben,standard,1,6,5,17,20,42,25,17,true,false,false
match-d673768f-356,forschung_muskelkraft,standard,0,8,3,8,10,21,14,7,false,false,false
match-5d2605d2-357,forschung_muskelkraft,standard,0,8,4,6,8,18,12,6,true,false,true
match-c90e380a-358,solidaritaet_ueberleben,standard,1,6,4,15,16,35,19,16,true,false,false
match-4fc0c74d-359,forschung_muskelkraft,standard,0,7,3,17,20,40,15,25,false,false,false
match-4fc0c74d-359,solidaritaet_ueberleben,standard,1,9,3,16,16,35,14,21,false,false,false
match-ae43bb00-362,forschung_muskelkraft,standard,0,6,2,8,8,18,10,8,true,false,false
match-ae43bb00-362,solidaritaet_ueberleben,standard,1,8,3,13,16,32,15,17,false,false,false
match-890c77b1-364,forschung_muskelkraft,standard,0,7,4,14,19,37,16,21,true,true,true
match-0fbf06f4-365,solidaritaet_ueberleben,standard,1,7,3,10,13,26,15,11,true,false,false
match-7ba7392c-366,solidaritaet_ueberleben,standard,1,6,4,17,20,41,20,21,false,false,false
match-0259c86f-367,forschung_muskelkraft,standard,0,8,4,0,0,4,4,0,false,false,false
match-0259c86f-367,solidaritaet_ueberleben,standard,1,8,3,12,16,31,15,16,true,false,false
match-6e41faa7-368,solidaritaet_ueberleben,standard,1,8,5,28,34,67,25,42,false,false,false
match-6e41faa7-368,forschung_muskelkraft,standard,0,9,5,7,8,20,14,6,true,false,false
match-f4f489e9-369,forschung_muskelkraft,standard,0,6,2,7,6,15,10,5,true,false,false
match-f4f489e9-369,solidaritaet_ueberleben,standard,1,6,3,9,13,25,15,10,false,false,false
match-60dcbc22-370,forschung_muskelkraft,standard,0,6,4,12,12,28,18,10,false,false,false
match-60dcbc22-370,solidaritaet_ueberleben,standard,1,9,4,17,16,37,19,18,true,false,false
match-e78f4b64-371,forschung_muskelkraft,standard,0,7,5,7,8,20,13,7,true,true,true
match-bea171c5-372,forschung_muskelkraft,standard,0,7,3,15,19,37,15,22,true,false,false
match-bea171c5-372,solidaritaet_ueberleben,standard,1,9,3,13,16,32,15,17,false,false,false
match-45540108-373,solidaritaet_ueberleben,standard,1,6,4,16,22,42,20,22,true,false,false
match-b13c3340-374,solidaritaet_ueberleben,standard,1,8,5,25,30,60,25,35,true,false,true
match-a3d6f4bb-376,forschung_muskelkraft,standard,0,6,3,11,12,26,15,11,false,false,false
match-a3d6f4bb-376,solidaritaet_ueberleben,standard,1,6,3,10,13,26,15,11,true,false,false
match-2a8983fe-377,forschung_muskelkraft,standard,0,7,4,14,16,34,19,15,false,false,false
match-2a8983fe-377,solidaritaet_ueberleben,standard,1,8,4,17,22,43,20,23,true,false,false
match-9671b636-378,solidaritaet_ueberleben,standard,1,6,2,10,11,23,10,13,true,false,false
match-9671b636-378,forschung_muskelkraft,standard,0,10,3,8,7,18,9,9,false,false,false
match-1d244579-379,forschung_muskelkraft,standard,0,9,3,15,16,34,15,19,true,false,false
match-1d244579-379,solidaritaet_ueberleben,standard,1,10,5,22,20,47,24,23,false,false,false
match-1de26389-380,forschung_muskelkraft,standard,0,6,4,15,18,37,20,17,false,false,false
match-1de26389-380,solidaritaet_ueberleben,standard,1,7,3,9,9,21,12,9,true,false,false
match-a49512cb-381,solidaritaet_ueberleben,standard,1,6,3,11,14,28,15,13,true,false,false
match-107d2504-382,forschung_muskelkraft,standard,0,6,1,4,4,9,5,4,true,true,true
match-972fd446-383,solidaritaet_ueberleben,standard,1,7,3,15,16,34,15,19,true,false,false
match-972fd446-383,forschung_muskelkraft,standard,0,7,5,12,14,31,17,14,false,false,false
match-0317e67f-384,solidaritaet_ueberleben,standard,1,6,4,14,17,35,19,16,false,false,false
match-0317e67f-384,forschung_muskelkraft,standard,0,7,3,12,15,30,15,15,true,false,false
match-53777d9d-388,solidaritaet_ueberleben,standard,1,6,5,19,20,44,24,20,false,false,false
match-53777d9d-388,forschung_muskelkraft,standard,0,7,2,8,9,19,10,9,true,false,false
match-da2a0cdf-389,solidaritaet_ueberleben,standard,1,7,3,15,17,35,15,20,false,false,false
match-da2a0cdf-389,forschung_muskelkraft,standard,0,7,4,8,7,19,13,6,true,false,false
match-46123f18-390,forschung_muskelkraft,standard,0,6,3,11,14,28,15,13,true,false,false
match-46123f18-390,solidaritaet_ueberleben,standard,1,11,5,25,28,58,25,33,false,false,false
match-ccc4ce5a-391,solidaritaet_ueberleben,standard,1,6,5,14,15,34,18,16,false,false,false
match-ccc4ce5a-391,forschung_muskelkraft,standard,0,8,3,9,9,21,12,9,true,false,false
match-38ace093-392,solidaritaet_ueberleben,standard,1,6,4,14,18,36,20,16,true,false,false
match-38ace093-392,forschung_muskelkraft,standard,0,13,3,12,13,28,15,13,false,false,false
match-b1fa5150-395,solidaritaet_ueberleben,standard,1,6,5,20,24,49,25,24,true,false,false
match-b1fa5150-395,forschung_muskelkraft,standard,0,7,3,8,9,20,11,9,false,false,false
match-5f606002-396,forschung_muskelkraft,standard,0,6,1,4,4,9,5,4,true,false,false
match-e6130f44-397,forschung_muskelkraft,standard,0,12,4,11,8,23,18,5,false,false,false
match-e6130f44-397,solidaritaet_ueberleben,standard,1,12,4,3,3,10,8,2,true,false,false
match-d8add0bf-399,forschung_muskelkraft,standard,0,7,4,14,16,34,12,22,true,false,false
match-d8add0bf-399,solidaritaet_ueberleben,standard,1,10,5,15,17,37,17,20,false,false,false
match-45618bb5-401,forschung_muskelkraft,standard,0,6,3,11,9,23,14,9,false,false,false
match-45618bb5-401,urzeitliche_kolosse,standard,1,7,3,12,14,29,15,14,true,false,true
match-b149bded-402,urzeitliche_kolosse,standard,1,6,3,11,12,26,15,11,true,true,true
match-37fc4d30-403,forschung_muskelkraft,standard,0,9,1,6,4,11,5,6,true,false,false
match-37fc4d30-403,urzeitliche_kolosse,standard,1,14,4,12,18,34,16,18,false,false,false
match-d979797c-404,urzeitliche_kolosse,standard,1,7,5,12,11,28,17,11,true,false,false
match-d979797c-404,forschung_muskelkraft,standard,0,8,4,17,17,38,20,18,false,false,false
match-cc143af7-406,urzeitliche_kolosse,standard,1,6,3,9,11,23,12,11,true,false,false
match-cc143af7-406,forschung_muskelkraft,standard,0,6,4,12,11,27,20,7,false,false,false
match-52c6ca3a-407,forschung_muskelkraft,standard,0,10,3,13,12,28,15,13,false,false,false
match-8919e25e-408,forschung_muskelkraft,standard,0,6,4,14,12,30,19,11,false,false,false
match-2a970eab-413,urzeitliche_kolosse,standard,1,6,4,9,12,25,17,8,true,false,true
match-1d31d026-415,urzeitliche_kolosse,standard,1,6,2,5,5,12,9,3,false,false,false
match-1d31d026-415,forschung_muskelkraft,standard,0,6,3,10,11,24,15,9,true,false,false
match-da37978c-417,urzeitliche_kolosse,standard,1,6,5,0,0,5,5,0,true,false,false
match-461fa9c5-418,urzeitliche_kolosse,standard,1,6,3,0,0,3,3,0,false,false,false
match-461fa9c5-418,forschung_muskelkraft,standard,0,6,2,8,8,18,10,8,true,false,true
match-f5021496-421,forschung_muskelkraft,standard,0,6,2,7,6,15,10,5,false,false,false
match-f5021496-421,urzeitliche_kolosse,standard,1,7,3,13,15,31,15,16,false,false,false
match-e79cd611-423,urzeitliche_kolosse,standard,1,6,2,7,7,16,10,6,true,false,true
match-e79cd611-423,forschung_muskelkraft,standard,0,7,3,8,8,19,11,8,false,false,false
match-1defee36-424,forschung_muskelkraft,standard,0,8,5,14,11,30,17,13,false,false,false
match-a4a29d78-425,forschung_muskelkraft,standard,0,9,3,8,7,18,11,7,false,false,false
match-a4a29d78-425,urzeitliche_kolosse,standard,1,11,3,6,4,13,9,4,true,true,true
match-108aafb1-426,urzeitliche_kolosse,standard,1,6,2,9,9,20,10,10,false,false,false
match-9502e4c3-432,urzeitliche_kolosse,standard,1,6,2,7,13,22,10,12,false,false,false
match-1bb59406-433,forschung_muskelkraft,standard,0,6,2,9,9,20,10,10,false,false,false
match-1bb59406-433,urzeitliche_kolosse,standard,1,9,4,6,8,18,12,6,true,true,true
match-0e505581-435,urzeitliche_kolosse,standard,1,6,2,9,10,21,10,11,false,false,false
match-36801110-437,forschung_muskelkraft,standard,0,6,4,7,8,19,12,7,false,false,false
match-a2682348-438,urzeitliche_kolosse,standard,1,6,3,11,11,25,15,10,true,false,false
match-291ad28b-439,urzeitliche_kolosse,standard,1,6,2,8,10,20,10,10,false,false,false
match-291ad28b-439,forschung_muskelkraft,standard,0,8,3,13,11,27,15,12,true,false,false
match-e62099f1-441,urzeitliche_kolosse,standard,1,6,3,9,9,21,15,6,true,true,true
match-5208ac2a-442,forschung_muskelkraft,standard,0,8,5,13,12,30,17,13,true,false,false
match-5208ac2a-442,urzeitliche_kolosse,standard,1,12,4,12,15,31,16,15,false,false,false
match-d8bb5b6c-443,urzeitliche_kolosse,standard,1,6,2,8,8,18,10,8,true,false,false
match-d8bb5b6c-443,forschung_muskelkraft,standard,0,6,4,8,8,20,12,8,false,false,false
match-f385d876-447,forschung_muskelkraft,standard,0,6,3,3,2,8,7,1,false,false,false
match-29d8f09b-448,forschung_muskelkraft,standard,0,8,3,9,12,24,11,13,true,false,true
match-b08b9fdd-449,urzeitliche_kolosse,standard,1,6,3,7,6,16,9,7,false,false,false
match-b08b9fdd-449,forschung_muskelkraft,standard,0,6,3,11,11,25,15,10,true,false,false
match-44a36da5-452,urzeitliche_kolosse,standard,1,6,3,12,15,30,15,15,false,false,false
match-44a36da5-452,forschung_muskelkraft,standard,0,6,2,8,8,18,10,8,true,false,false
match-373e2f20-454,urzeitliche_kolosse,standard,1,6,2,8,8,18,10,8,false,false,false
match-373e2f20-454,forschung_muskelkraft,standard,0,8,4,12,9,25,16,9,true,true,true
match-bdf0de62-455,urzeitliche_kolosse,standard,1,6,2,7,7,16,10,6,false,false,false
match-bdf0de62-455,forschung_muskelkraft,standard,0,13,2,6,5,13,9,4,false,false,false
match-f443f686-456,urzeitliche_kolosse,standard,1,6,2,5,6,13,9,4,true,true,true
match-f443f686-456,forschung_muskelkraft,standard,0,6,4,12,9,25,18,7,false,false,false
match-6d914744-459,urzeitliche_kolosse,standard,1,6,2,8,10,20,10,10,false,false,false
match-6d914744-459,forschung_muskelkraft,standard,0,8,4,10,12,26,15,11,true,false,false
match-0f0e7391-460,urzeitliche_kolosse,standard,1,6,2,8,10,20,10,10,true,false,false
match-0f0e7391-460,forschung_muskelkraft,standard,0,6,2,6,7,15,10,5,false,false,false
match-95c102d3-461,urzeitliche_kolosse,standard,1,8,4,16,14,34,19,15,false,false,false
match-95c102d3-461,forschung_muskelkraft,standard,0,9,3,7,10,20,11,9,true,false,false
match-885bc44e-463,urzeitliche_kolosse,standard,1,6,1,3,4,8,5,3,false,false,false
match-885bc44e-463,forschung_muskelkraft,standard,0,10,2,10,8,20,10,10,true,false,true
match-1206ebd1-464,urzeitliche_kolosse,standard,1,6,3,10,9,22,12,10,false,false,false
match-1206ebd1-464,forschung_muskelkraft,standard,0,6,4,6,7,17,12,5,true,false,false
match-8b545c8e-467,urzeitliche_kolosse,standard,1,6,3,11,10,24,14,10,true,false,true
match-2cd168db-468,forschung_muskelkraft,standard,0,6,2,9,9,20,10,10,true,true,true
match-b384181d-469,forschung_muskelkraft,standard,0,6,3,9,7,19,14,5,false,false,false
match-1f6c2a56-470,urzeitliche_kolosse,standard,1,6,3,11,12,26,15,11,true,false,true
match-dc71f1bc-472,urzeitliche_kolosse,standard,1,6,3,9,10,22,12,10,true,false,false
match-dc71f1bc-472,forschung_muskelkraft,standard,0,13,4,15,11,30,20,10,false,false,false
match-632480ff-473,forschung_muskelkraft,standard,0,6,4,16,15,35,20,15,false,false,false
match-cf0cb337-474,urzeitliche_kolosse,standard,1,6,3,7,5,15,9,6,false,false,false
match-cf0cb337-474,forschung_muskelkraft,standard,0,6,3,11,11,25,15,10,true,false,false
match-f73c6ec6-476,urzeitliche_kolosse,standard,1,6,3,9,7,19,12,7,true,true,true
match-e9d73041-478,urzeitliche_kolosse,standard,1,6,2,8,10,20,10,10,false,false,false
match-e9d73041-478,forschung_muskelkraft,standard,0,6,2,8,8,18,10,8,true,false,false
match-7089df84-479,urzeitliche_kolosse,standard,1,6,1,3,5,9,5,4,false,false,false
match-7089df84-479,forschung_muskelkraft,standard,0,10,4,15,17,36,20,16,true,true,true
match-a6dcf7a8-480,urzeitliche_kolosse,standard,1,6,2,6,6,14,7,7,true,false,true
match-9977b923-482,urzeitliche_kolosse,standard,1,6,3,8,11,22,14,8,true,false,false
match-202a4866-483,urzeitliche_kolosse,standard,1,7,5,9,10,24,13,11,true,false,true
match-c1a774b2-484,forschung_muskelkraft,standard,0,6,2,8,9,19,10,9,true,true,true
match-485a03f5-485,forschung_muskelkraft,standard,0,8,2,9,6,17,10,7,true,true,true
match-b442362d-486,forschung_muskelkraft,standard,0,6,3,14,13,30,15,15,false,false,false
match-b442362d-486,urzeitliche_kolosse,standard,1,10,3,16,17,36,15,21,true,true,true
match-3af4c570-487,urzeitliche_kolosse,standard,1,6,3,10,10,23,14,9,false,false,false
match-3af4c570-487,forschung_muskelkraft,standard,0,8,4,18,19,41,20,21,true,false,false
match-f7fa8cd6-489,forschung_muskelkraft,standard,0,6,3,13,13,29,15,14,true,false,false
match-ea954e51-491,forschung_muskelkraft,standard,0,8,3,13,9,25,15,10,true,false,false
match-ea954e51-491,urzeitliche_kolosse,standard,1,9,4,7,10,21,12,9,false,false,false
match-8c127a9e-492,urzeitliche_kolosse,standard,1,6,2,7,8,17,10,7,true,false,false
match-8c127a9e-492,forschung_muskelkraft,standard,0,7,2,6,5,13,10,3,false,false,false
match-12c509e1-493,urzeitliche_kolosse,standard,1,6,2,8,9,19,10,9,false,false,false
match-7ead3c19-494,forschung_muskelkraft,standard,0,6,4,15,13,32,20,12,false,false,false
match-7ead3c19-494,urzeitliche_kolosse,standard,1,8,3,9,7,19,13,6,true,false,true
match-61a844df-499,forschung_muskelkraft,standard,0,8,3,13,14,30,15,15,false,false,false
match-5acedce3-500,urzeitliche_kolosse,standard,1,7,4,0,0,4,4,0,false,false,false
match-5acedce3-500,forschung_muskelkraft,standard,0,9,5,16,13,34,20,14,true,false,false
match-d41c2da0-501,urzeitliche_kolosse,standard,1,6,3,14,13,30,15,15,false,false,false
match-68341b68-502,urzeitliche_kolosse,standard,1,6,3,14,16,33,15,18,true,false,false
match-68341b68-502,forschung_muskelkraft,standard,0,7,4,4,7,15,8,7,false,false,false
match-40045fd9-504,forschung_muskelkraft,standard,0,7,4,8,11,23,12,11,false,false,false
match-c6b6ef1b-507,forschung_muskelkraft,standard,0,6,2,8,9,19,10,9,true,true,true
match-2539c2cf-508,urzeitliche_kolosse,standard,1,6,5,6,7,18,9,9,true,false,false
match-2539c2cf-508,forschung_muskelkraft,standard,0,7,4,11,14,29,16,13,false,false,false
match-9e87338c-509,urzeitliche_kolosse,standard,1,6,3,11,12,26,14,12,false,false,false
match-9e87338c-509,forschung_muskelkraft,standard,0,10,1,2,1,4,4,0,true,false,false
match-329f0154-510,urzeitliche_kolosse,standard,1,6,2,10,11,23,10,13,false,false,false
match-329f0154-510,forschung_muskelkraft,standard,0,7,3,9,8,20,15,5,true,false,false
match-abec7211-511,urzeitliche_kolosse,standard,1,6,5,5,6,16,9,7,true,false,true
match-0a6f45c5-512,forschung_muskelkraft,standard,0,6,1,4,4,9,5,4,true,true,true
match-83bcb682-513,forschung_muskelkraft,standard,0,6,2,9,9,20,10,10,false,false,false
match-83bcb682-513,urzeitliche_kolosse,standard,1,6,3,12,13,28,15,13,true,true,true
match-17d4844a-514,urzeitliche_kolosse,standard,1,6,3,14,17,34,15,19,true,true,true
match-9121f507-515,urzeitliche_kolosse,standard,1,6,4,17,19,40,20,20,true,false,false
match-efa4c8ba-516,forschung_muskelkraft,standard,0,7,5,4,7,16,9,7,false,false,false
match-efa4c8ba-516,urzeitliche_kolosse,standard,1,8,5,13,15,33,17,16,true,false,true
match-68f23978-517,urzeitliche_kolosse,standard,1,6,5,21,23,49,25,24,false,false,false
match-fd0a073f-518,urzeitliche_kolosse,standard,1,6,4,18,22,44,20,24,true,false,false
match-fd0a073f-518,forschung_muskelkraft,standard,0,7,4,11,10,25,16,9,false,false,false
match-765777fd-519,forschung_muskelkraft,standard,0,6,2,8,7,17,10,7,false,false,false
match-d4da4bb0-520,forschung_muskelkraft,standard,0,7,3,10,7,20,15,5,true,false,false
match-d4da4bb0-520,urzeitliche_kolosse,standard,1,10,4,19,19,42,20,22,false,false,false
match-5b8cfaf3-523,urzeitliche_kolosse,standard,1,6,3,11,14,28,15,13,false,false,false
match-ba0fcea6-524,forschung_muskelkraft,standard,0,6,3,10,10,23,15,8,false,false,false
match-ba0fcea6-524,urzeitliche_kolosse,standard,1,8,3,14,18,35,15,20,true,false,false
match-335d3f64-525,urzeitliche_kolosse,standard,1,6,4,17,20,41,20,21,true,false,false
match-335d3f64-525,forschung_muskelkraft,standard,0,7,4,7,7,18,12,6,false,false,false
match-c7750d2b-526,urzeitliche_kolosse,standard,1,6,4,14,15,33,19,14,false,false,false
match-c7750d2b-526,forschung_muskelkraft,standard,0,7,3,12,12,27,15,12,true,false,false
match-40c27de9-527,forschung_muskelkraft,standard,0,7,3,4,7,14,7,7,false,false,false
match-40c27de9-527,urzeitliche_kolosse,standard,1,10,5,5,5,15,9,6,true,false,true
match-1892a25a-529,forschung_muskelkraft,standard,0,7,3,9,8,20,11,9,true,true,true
match-acaa9021-530,forschung_muskelkraft,standard,0,6,3,6,6,15,11,4,false,false,false
match-3122c534-532,forschung_muskelkraft,standard,0,7,5,15,11,31,22,9,true,true,true
match-aa7035f1-533,urzeitliche_kolosse,standard,1,6,3,14,20,37,15,22,true,false,false
match-aa7035f1-533,forschung_muskelkraft,standard,0,13,5,15,11,31,22,9,false,false,false
match-3e8803b9-534,urzeitliche_kolosse,standard,1,6,3,14,16,33,15,18,true,false,false
match-3e8803b9-534,forschung_muskelkraft,standard,0,7,4,10,14,28,16,12,false,false,false
match-b7d57476-535,forschung_muskelkraft,standard,0,7,5,11,13,29,17,12,false,false,false
match-b7d57476-535,urzeitliche_kolosse,standard,1,13,5,16,16,37,17,20,true,false,false
match-1658482a-536,urzeitliche_kolosse,standard,1,6,3,14,15,32,15,17,true,false,false
match-1658482a-536,forschung_muskelkraft,standard,0,7,3,11,8,22,15,7,false,false,false
match-9d0af76c-539,urzeitliche_kolosse,standard,1,6,4,15,17,36,20,16,false,false,false
match-9d0af76c-539,forschung_muskelkraft,standard,0,8,3,7,10,20,11,9,true,false,false
match-fb8dcb1f-540,forschung_muskelkraft,standard,0,7,2,7,9,18,10,8,false,false,false
match-74db3bdd-541,urzeitliche_kolosse,standard,1,6,3,12,15,30,15,15,false,false,false
match-82407a62-543,urzeitliche_kolosse,standard,1,6,2,9,11,22,10,12,false,false,false
match-82407a62-543,forschung_muskelkraft,standard,0,10,4,8,9,21,12,9,true,false,true
match-e0c34e15-544,urzeitliche_kolosse,standard,1,6,4,13,12,29,17,12,true,false,false
match-e0c34e15-544,forschung_muskelkraft,standard,0,7,4,15,14,33,20,13,false,false,false
match-5a10bed3-545,urzeitliche_kolosse,standard,1,6,5,20,22,47,24,23,false,false,false
match-5a10bed3-545,forschung_muskelkraft,standard,0,8,2,8,8,18,10,8,true,true,true
match-ee288c9a-546,forschung_muskelkraft,standard,0,7,4,16,17,37,20,17,false,false,false
match-6775fd58-547,forschung_muskelkraft,standard,0,6,3,9,6,18,13,5,false,false,false
match-c5f8d10b-548,forschung_muskelkraft,standard,0,6,4,8,8,20,12,8,false,false,false
match-c5f8d10b-548,urzeitliche_kolosse,standard,1,6,3,10,11,24,15,9,true,false,false
match-3f4621c9-549,forschung_muskelkraft,standard,0,6,1,5,5,11,5,6,true,false,false
match-3f4621c9-549,urzeitliche_kolosse,standard,1,6,2,7,6,15,10,5,false,false,false
match-d35e0f90-550,forschung_muskelkraft,standard,0,6,3,11,9,23,15,8,false,false,false
match-4cab604e-551,forschung_muskelkraft,standard,0,6,4,8,8,20,12,8,false,false,false
match-4cab604e-551,urzeitliche_kolosse,standard,1,6,3,12,13,28,15,13,true,false,true
match-247ba4bf-553,urzeitliche_kolosse,standard,1,6,3,14,16,33,15,18,true,false,false
match-b8939286-554,urzeitliche_kolosse,standard,1,6,3,12,13,28,15,13,true,true,true
match-9063d6f7-556,urzeitliche_kolosse,standard,1,6,3,14,14,31,15,16,true,false,true
match-09b127b5-557,urzeitliche_kolosse,standard,1,6,2,10,12,24,10,14,true,false,false
match-09b127b5-557,forschung_muskelkraft,standard,0,8,2,4,7,13,6,7,false,false,false
match-759959ed-560,forschung_muskelkraft,standard,0,7,3,10,13,26,15,11,true,true,true
match-eee6aaaa-561,urzeitliche_kolosse,standard,1,7,2,10,12,24,10,14,true,false,true
match-eee6aaaa-561,forschung_muskelkraft,standard,0,7,3,6,7,16,11,5,false,false,false
match-82fe9872-562,forschung_muskelkraft,standard,0,7,5,11,9,25,15,10,true,true,true
match-fc4be92f-563,urzeitliche_kolosse,standard,1,6,3,11,12,26,15,11,true,false,false
match-fc4be92f-563,forschung_muskelkraft,standard,0,9,2,9,12,23,10,13,false,false,false
match-0776cd85-564,urzeitliche_kolosse,standard,1,6,4,17,19,40,20,20,true,false,false
match-14dc0c0a-566,urzeitliche_kolosse,standard,1,6,5,16,22,43,23,20,true,false,false
match-ecac507a-568,urzeitliche_kolosse,standard,1,6,5,12,17,34,19,15,false,false,false
match-ecac507a-568,forschung_muskelkraft,standard,0,7,4,12,16,32,20,12,true,false,false
match-65f9a138-569,forschung_muskelkraft,standard,0,6,4,6,6,16,12,4,false,false,false
match-fa118eff-570,forschung_muskelkraft,standard,0,7,3,10,11,24,15,9,true,false,true
match-fa118eff-570,urzeitliche_kolosse,standard,1,8,3,15,14,32,15,17,false,false,false
match-735effbd-571,forschung_muskelkraft,standard,0,8,3,11,15,29,15,14,false,false,false
match-d1e1d370-572,urzeitliche_kolosse,standard,1,6,3,13,18,34,15,19,true,false,false
match-d1e1d370-572,forschung_muskelkraft,standard,0,7,4,15,18,37,20,17,false,false,false
match-4b2f242e-573,forschung_muskelkraft,standard,0,6,3,10,10,23,15,8,false,false,false
match-df4711f5-574,forschung_muskelkraft,standard,0,7,3,11,15,29,15,14,true,false,false
match-df4711f5-574,urzeitliche_kolosse,standard,1,8,4,5,6,15,8,7,false,false,false
match-589462b3-575,urzeitliche_kolosse,standard,1,6,2,10,12,24,10,14,false,false,false
match-589462b3-575,forschung_muskelkraft,standard,0,7,4,4,3,11,8,3,true,false,false
match-3064a724-577,urzeitliche_kolosse,standard,1,6,3,14,16,33,15,18,true,false,true
match-3064a724-577,forschung_muskelkraft,standard,0,7,5,15,19,39,21,18,false,false,false
match-c47c94eb-578,forschung_muskelkraft,standard,0,9,4,9,11,24,12,12,true,false,false
match-c47c94eb-578,urzeitliche_kolosse,standard,1,11,4,0,0,4,4,0,false,false,false
match-9c4cd95c-580,urzeitliche_kolosse,standard,1,6,5,21,21,47,24,23,true,false,false
match-9c4cd95c-580,forschung_muskelkraft,standard,0,8,3,9,8,20,14,6,false,false,false
match-a9b217e1-582,urzeitliche_kolosse,standard,1,6,3,14,17,34,15,19,false,false,false
match-a9b217e1-582,forschung_muskelkraft,standard,0,9,4,9,6,19,12,7,true,false,false
match-22ff689f-583,urzeitliche_kolosse,standard,1,6,3,13,15,31,15,16,true,false,true
match-81825c52-584,forschung_muskelkraft,standard,0,8,3,6,5,14,10,4,false,false,false
match-facfad0f-585,urzeitliche_kolosse,standard,1,6,2,9,12,23,10,13,false,false,false
match-facfad0f-585,forschung_muskelkraft,standard,0,7,5,8,8,21,13,8,true,false,false
match-0834eb95-587,forschung_muskelkraft,standard,0,6,1,5,5,11,5,6,false,false,false
match-0834eb95-587,urzeitliche_kolosse,standard,1,6,3,10,11,24,15,9,true,false,true
match-66b7df48-588,urzeitliche_kolosse,standard,1,6,5,14,13,32,21,11,true,true,true
match-4bed423e-592,urzeitliche_kolosse,standard,1,6,4,13,15,32,17,15,true,false,false
match-4bed423e-592,forschung_muskelkraft,standard,0,7,4,11,10,25,16,9,false,false,false
match-c53ab2fb-593,urzeitliche_kolosse,standard,1,6,4,15,22,41,20,21,true,false,false
match-c53ab2fb-593,forschung_muskelkraft,standard,0,7,4,7,7,18,12,6,false,false,false
match-d29ff180-595,forschung_muskelkraft,standard,0,8,3,4,4,11,7,4,true,true,true
match-ddcad5d5-596,urzeitliche_kolosse,standard,1,6,4,15,18,37,19,18,true,false,false
match-57182693-597,urzeitliche_kolosse,standard,1,6,3,14,16,33,15,18,true,false,true
match-647d6518-599,urzeitliche_kolosse,standard,1,9,4,4,4,12,9,3,false,false,false
match-647d6518-599,forschung_muskelkraft,standard,0,9,4,13,9,26,16,10,true,false,true
match-6ee904f1-600,rudeljaeger,standard,0,6,4,12,13,29,17,12,false,false,false
match-6ee904f1-600,solidaritaet_ueberleben,standard,1,8,3,7,6,16,15,1,true,false,false
match-6183c66c-602,rudeljaeger,standard,0,6,5,17,17,39,23,16,false,false,false
match-6183c66c-602,solidaritaet_ueberleben,standard,1,10,4,12,9,25,20,5,true,true,true
match-dad13729-603,solidaritaet_ueberleben,standard,1,9,3,8,6,17,13,4,false,false,false
match-dad13729-603,rudeljaeger,standard,0,12,4,13,15,32,16,16,true,true,true
match-541e87e7-604,rudeljaeger,standard,0,6,4,13,14,31,20,11,false,false,false
match-46b94962-606,rudeljaeger,standard,0,6,3,9,13,25,14,11,true,false,false
match-46b94962-606,solidaritaet_ueberleben,standard,1,8,3,9,6,18,13,5,false,false,false
match-c006ba1f-607,rudeljaeger,standard,0,6,5,13,21,39,23,16,false,false,false
match-c006ba1f-607,solidaritaet_ueberleben,standard,1,9,5,16,13,34,21,13,true,true,true
match-1dcb6fc3-609,rudeljaeger,standard,0,6,3,11,14,28,15,13,false,false,false
match-1dcb6fc3-609,solidaritaet_ueberleben,standard,1,7,4,6,5,15,12,3,true,false,false
match-9718c080-610,rudeljaeger,standard,0,6,3,10,14,27,14,13,false,false,false
match-1066313e-611,solidaritaet_ueberleben,standard,1,7,5,15,12,32,25,7,true,false,false
match-1066313e-611,rudeljaeger,standard,0,8,4,15,16,35,20,15,false,false,false
match-89b381fb-612,rudeljaeger,standard,0,6,4,17,22,43,20,23,false,false,false
match-89b381fb-612,solidaritaet_ueberleben,standard,1,9,3,8,4,15,13,2,true,true,true
match-0300f2b9-613,solidaritaet_ueberleben,standard,1,6,2,9,8,19,10,9,true,false,false
match-7c4e4376-614,rudeljaeger,standard,0,6,4,14,15,33,20,13,true,false,false
match-f59bb433-615,rudeljaeger,standard,0,10,4,7,8,19,12,7,true,true,true
match-536069d7-617,solidaritaet_ueberleben,standard,1,6,2,8,8,18,10,8,true,false,false
match-536069d7-617,rudeljaeger,standard,0,15,2,5,6,13,6,7,false,false,false
match-ccadda94-618,rudeljaeger,standard,0,6,3,11,11,25,12,13,true,false,false
match-45fb2b52-619,solidaritaet_ueberleben,standard,1,6,4,0,0,4,4,0,false,false,false
match-3895eccd-621,rudeljaeger,standard,0,6,3,10,12,25,15,10,false,false,false
match-3895eccd-621,solidaritaet_ueberleben,standard,1,7,5,5,5,15,13,2,true,false,false
match-2b30ae48-623,rudeljaeger,standard,0,6,4,13,12,29,18,11,false,false,false
match-0fa8132e-624,rudeljaeger,standard,0,6,4,18,23,45,20,25,true,false,false
match-0fa8132e-624,solidaritaet_ueberleben,standard,1,7,3,13,11,27,15,12,false,false,false
match-88f563eb-625,rudeljaeger,standard,0,6,3,12,15,30,15,15,true,false,false
match-88f563eb-625,solidaritaet_ueberleben,standard,1,14,3,10,8,21,15,6,false,false,false
match-0242d4a9-626,solidaritaet_ueberleben,standard,1,6,1,4,4,9,5,4,true,false,false
match-7b902566-627,rudeljaeger,standard,0,11,4,9,12,25,12,13,false,false,false
match-f4dd9623-628,solidaritaet_ueberleben,standard,1,7,5,18,12,35,23,12,true,false,false
match-f4dd9623-628,rudeljaeger,standard,0,12,5,16,19,40,22,18,false,false,false
match-6e2ae6e1-629,solidaritaet_ueberleben,standard,1,6,3,8,6,17,12,5,true,false,false
match-98951ca0-632,rudeljaeger,standard,0,8,5,24,26,55,25,30,false,false,false
match-98951ca0-632,solidaritaet_ueberleben,standard,1,9,5,20,15,40,25,15,true,false,false
match-11e26d5e-633,rudeljaeger,standard,0,6,3,11,11,25,15,10,false,false,false
match-f717f053-637,solidaritaet_ueberleben,standard,1,8,5,22,15,42,24,18,false,false,false
match-f717f053-637,rudeljaeger,standard,0,10,3,12,13,28,15,13,true,true,true
match-70654111-638,solidaritaet_ueberleben,standard,1,6,3,10,8,21,13,8,true,false,false
match-70654111-638,rudeljaeger,standard,0,7,3,7,9,19,15,4,false,false,false
match-e9b2b1ce-639,solidaritaet_ueberleben,standard,1,6,2,8,6,16,10,6,true,false,false
match-e9b2b1ce-639,rudeljaeger,standard,0,12,5,17,18,40,21,19,false,false,false
match-ce2a16b4-640,rudeljaeger,standard,0,6,3,12,14,29,15,14,true,false,false
match-ce2a16b4-640,solidaritaet_ueberleben,standard,1,9,2,8,6,16,10,6,false,false,false
match-47776772-641,solidaritaet_ueberleben,standard,1,6,4,12,6,22,16,6,false,false,false
match-47776772-641,rudeljaeger,standard,0,8,3,12,14,29,15,14,true,false,false
match-c0c4d82f-642,solidaritaet_ueberleben,standard,1,13,4,16,14,34,20,14,true,true,true
match-3a1228ed-643,rudeljaeger,standard,0,6,4,14,21,39,20,19,false,false,false
match-2cacea68-645,rudeljaeger,standard,0,6,4,11,18,33,18,15,false,false,false
match-2cacea68-645,solidaritaet_ueberleben,standard,1,8,4,13,9,26,18,8,true,false,true
match-a5fa5b25-646,rudeljaeger,standard,0,7,1,4,4,9,5,4,true,false,false
match-a5fa5b25-646,solidaritaet_ueberleben,standard,1,10,3,9,4,16,11,5,false,false,false
match-1f47abe3-647,rudeljaeger,standard,0,6,3,12,17,32,15,17,false,false,false
match-1f47abe3-647,solidaritaet_ueberleben,standard,1,13,5,10,6,21,17,4,true,false,false
match-03bf10c9-648,rudeljaeger,standard,0,9,5,15,19,39,24,15,false,false,false
match-7d0c6186-649,rudeljaeger,standard,0,6,4,14,15,33,20,13,true,true,true
match-f659d243-650,rudeljaeger,standard,0,6,3,12,13,28,15,13,false,false,false
match-6fa72301-651,solidaritaet_ueberleben,standard,1,6,3,10,8,21,13,8,true,false,false
match-e8f493be-652,solidaritaet_ueberleben,standard,1,8,3,8,8,19,15,4,true,false,true
match-db8f5539-654,rudeljaeger,standard,0,8,5,19,25,49,24,25,true,false,true
match-39540add-656,solidaritaet_ueberleben,standard,1,7,4,10,6,20,14,6,true,false,false
match-b2a17b9a-657,solidaritaet_ueberleben,standard,1,8,4,14,11,29,19,10,true,false,true
match-2beecc58-658,rudeljaeger,standard,0,13,5,8,11,24,17,7,false,false,false
match-2beecc58-658,solidaritaet_ueberleben,standard,1,14,3,9,9,21,15,6,true,true,true
match-a53c3d15-659,rudeljaeger,standard,0,6,4,12,13,29,17,12,true,false,false
match-a53c3d15-659,solidaritaet_ueberleben,standard,1,10,0,0,0,0,0,0,false,false,false
match-8a71a00b-663,solidaritaet_ueberleben,standard,1,7,5,18,12,35,23,12,true,true,true
match-94de6650-665,rudeljaeger,standard,0,6,4,15,15,34,20,14,false,false,false
match-877927cb-667,solidaritaet_ueberleben,standard,1,7,5,15,14,34,21,13,true,true,true
match-00c69889-668,solidaritaet_ueberleben,standard,1,7,5,14,11,30,20,10,true,true,true
match-7a13e946-669,solidaritaet_ueberleben,standard,1,6,3,9,7,19,14,5,false,false,false
match-7a13e946-669,rudeljaeger,standard,0,6,3,8,11,22,14,8,true,false,false
match-f3615a03-670,rudeljaeger,standard,0,6,3,15,18,36,15,21,true,false,false
match-f3615a03-670,solidaritaet_ueberleben,standard,1,9,4,14,10,28,18,10,false,false,false
match-6caeaac1-671,rudeljaeger,standard,0,6,5,16,15,36,23,13,false,false,false
match-51260fa7-672,solidaritaet_ueberleben,standard,1,6,3,11,6,20,13,7,true,false,false
match-51260fa7-672,rudeljaeger,standard,0,6,4,12,17,33,19,14,false,false,false
match-43c0d122-674,rudeljaeger,standard,0,6,3,9,12,24,14,10,true,false,false
match-43c0d122-674,solidaritaet_ueberleben,standard,1,7,5,13,11,29,22,7,false,false,false
match-bd0e21df-675,rudeljaeger,standard,0,6,5,14,23,42,23,19,false,false,false
match-bd0e21df-675,solidaritaet_ueberleben,standard,1,8,4,7,7,18,12,6,true,false,false
match-afa8e35a-677,rudeljaeger,standard,0,6,4,19,22,45,20,25,true,false,false
match-afa8e35a-677,solidaritaet_ueberleben,standard,1,10,5,14,10,29,23,6,false,false,false
match-28f65418-678,solidaritaet_ueberleben,standard,1,6,1,2,2,5,5,0,true,false,false
match-28f65418-678,rudeljaeger,standard,0,6,3,9,11,23,15,8,false,false,false
match-a243a4d5-679,rudeljaeger,standard,0,6,3,13,13,29,15,14,false,false,false
match-a243a4d5-679,solidaritaet_ueberleben,standard,1,8,3,7,6,16,11,5,true,false,false
match-86bb09bb-680,rudeljaeger,standard,0,6,4,18,21,43,20,23,true,false,false
match-86bb09bb-680,solidaritaet_ueberleben,standard,1,10,4,3,2,9,8,1,false,false,false
match-00087a79-681,rudeljaeger,standard,0,9,4,18,18,40,18,22,true,false,false
match-00087a79-681,solidaritaet_ueberleben,standard,1,11,5,15,11,31,19,12,false,false,false
match-f2a33bf3-683,rudeljaeger,standard,0,6,5,19,25,49,25,24,true,false,false
match-6bf08cb1-684,solidaritaet_ueberleben,standard,1,7,5,10,8,23,17,6,true,false,false
match-6bf08cb1-684,rudeljaeger,standard,0,12,5,11,12,28,17,11,false,false,false
match-5e8b4e2c-686,rudeljaeger,standard,0,6,3,10,13,26,11,15,false,false,false
match-d7d8bee9-687,rudeljaeger,standard,0,6,5,14,16,35,21,14,true,false,false
match-aeeac54a-690,rudeljaeger,standard,0,6,2,5,6,13,6,7,true,true,true
match-1ad2f783-693,solidaritaet_ueberleben,standard,1,6,3,4,4,11,7,4,true,false,false
match-1ad2f783-693,rudeljaeger,standard,0,12,5,12,15,32,20,12,false,false,false
match-94204840-694,rudeljaeger,standard,0,7,2,9,11,22,10,12,false,false,false
match-94204840-694,solidaritaet_ueberleben,standard,1,8,4,11,9,24,17,7,true,false,false
match-0d6db8fe-695,solidaritaet_ueberleben,standard,1,6,4,12,10,26,20,6,false,false,false
match-0d6db8fe-695,rudeljaeger,standard,0,11,4,1,1,6,6,0,true,false,false
match-453d0d42-696,rudeljaeger,standard,0,6,3,11,12,26,15,11,false,false,false
match-453d0d42-696,solidaritaet_ueberleben,standard,1,7,5,6,5,16,13,3,true,false,false
match-30564549-700,rudeljaeger,standard,0,6,3,8,10,21,14,7,false,false,false
match-30564549-700,solidaritaet_ueberleben,standard,1,11,4,9,2,15,14,1,true,true,true
match-a9a3b606-701,solidaritaet_ueberleben,standard,1,6,3,10,8,21,15,6,false,false,false
match-3dbb83ce-702,solidaritaet_ueberleben,standard,1,6,4,17,12,33,20,13,false,false,false
match-b708f48b-703,solidaritaet_ueberleben,standard,1,10,3,9,8,20,15,5,true,true,true
match-c46e3310-705,solidaritaet_ueberleben,standard,1,10,4,15,8,27,18,9,true,false,false
match-c46e3310-705,rudeljaeger,standard,0,11,3,6,5,14,11,3,false,false,false
match-588600d8-706,rudeljaeger,standard,0,6,3,9,15,27,15,12,false,false,false
match-588600d8-706,solidaritaet_ueberleben,standard,1,7,3,6,5,14,11,3,true,true,true
match-d1d37195-707,rudeljaeger,standard,0,6,3,11,10,24,15,9,true,true,true
match-fac14b34-708,rudeljaeger,standard,0,7,3,15,18,36,15,21,true,false,false
match-740ebbf2-709,rudeljaeger,standard,0,6,3,10,11,24,14,10,true,false,false
match-740ebbf2-709,solidaritaet_ueberleben,standard,1,10,4,10,6,20,18,2,false,false,false
match-082689ba-710,rudeljaeger,standard,0,8,5,15,19,39,24,15,false,false,false
match-082689ba-710,solidaritaet_ueberleben,standard,1,11,2,6,4,12,10,2,true,true,true
match-8173fa77-711,rudeljaeger,standard,0,6,1,1,4,6,4,2,false,false,false
match-8173fa77-711,solidaritaet_ueberleben,standard,1,9,3,3,2,8,7,1,true,false,false
match-8ed938fc-713,rudeljaeger,standard,0,6,1,3,5,9,5,4,false,false,false
match-9c3e7781-715,rudeljaeger,standard,0,6,3,11,13,27,15,12,true,true,true
match-a8e597f6-718,solidaritaet_ueberleben,standard,1,7,5,5,4,14,9,5,true,false,true
match-b64ad67b-720,rudeljaeger,standard,0,6,3,5,6,14,11,3,false,false,false
match-b64ad67b-720,solidaritaet_ueberleben,standard,1,6,5,13,9,27,23,4,true,false,false
match-2f982739-721,rudeljaeger,standard,0,6,2,8,10,20,10,10,false,false,false
match-2f982739-721,solidaritaet_ueberleben,standard,1,11,5,16,12,33,23,10,true,false,true
match-c3b01500-722,solidaritaet_ueberleben,standard,1,16,5,12,10,27,22,5,true,true,true
match-3cfd65be-723,rudeljaeger,standard,0,8,5,19,19,43,25,18,false,false,false
match-65eb5f5d-724,rudeljaeger,standard,0,6,3,11,13,27,15,12,false,false,false
match-65eb5f5d-724,solidaritaet_ueberleben,standard,1,6,5,14,10,29,22,7,true,false,false
match-73509de2-726,rudeljaeger,standard,0,8,5,19,27,51,25,26,false,false,false
match-73509de2-726,solidaritaet_ueberleben,standard,1,10,4,3,2,9,8,1,true,true,true
match-ec9dee9f-727,solidaritaet_ueberleben,standard,1,7,3,14,12,29,15,14,true,false,true
match-fa032d24-729,solidaritaet_ueberleben,standard,1,6,4,9,6,19,14,5,true,true,true
match-8e1b1aec-730,rudeljaeger,standard,0,6,3,9,11,23,14,9,false,false,false
match-5a025cf8-732,solidaritaet_ueberleben,standard,1,6,3,11,6,20,13,7,true,false,false
match-5a025cf8-732,rudeljaeger,standard,0,7,3,12,13,28,15,13,false,false,false
match-d34fadb5-733,rudeljaeger,standard,0,6,1,4,4,9,5,4,true,true,true
match-e0b4ec3a-735,rudeljaeger,standard,0,6,3,9,10,22,15,7,false,false,false
match-ee1a2abf-737,rudeljaeger,standard,0,6,4,11,17,32,20,12,false,false,false
match-82321887-738,solidaritaet_ueberleben,standard,1,6,4,12,12,28,16,12,true,false,true
match-fb7f6944-739,solidaritaet_ueberleben,standard,1,8,1,4,4,9,5,4,true,true,true
match-246d42e4-740,rudeljaeger,standard,0,6,2,5,4,11,7,4,true,false,true
match-9dbab3a1-741,solidaritaet_ueberleben,standard,1,12,3,10,7,20,14,6,true,false,false
match-9dbab3a1-741,rudeljaeger,standard,0,14,5,10,12,27,17,10,false,false,false
match-ab1ff226-743,rudeljaeger,standard,0,8,3,17,21,41,15,26,false,false,false
match-b88530ab-745,rudeljaeger,standard,0,7,2,9,12,23,10,13,true,false,false
match-b88530ab-745,solidaritaet_ueberleben,standard,1,12,3,7,6,16,15,1,false,false,false
match-4c9d1e73-746,rudeljaeger,standard,0,8,3,15,18,36,15,21,false,false,false
match-c5ea6f30-747,rudeljaeger,standard,0,9,5,16,22,43,22,21,false,false,false
match-c5ea6f30-747,solidaritaet_ueberleben,standard,1,10,4,11,8,23,19,4,true,false,false
match-c52c5120-748,rudeljaeger,standard,0,6,4,15,17,36,20,16,true,true,true
match-66a97d6d-755,rudeljaeger,standard,0,6,3,7,11,21,14,7,true,true,true
match-8f97570c-756,rudeljaeger,standard,0,10,4,0,0,4,4,0,false,false,false
match-9cfc9591-758,solidaritaet_ueberleben,standard,1,8,4,13,12,29,20,9,true,false,false
match-1649e64f-759,rudeljaeger,standard,0,7,4,17,20,41,20,21,true,false,false
match-aa61d416-760,solidaritaet_ueberleben,standard,1,6,4,8,6,18,12,6,false,false,false
match-aa61d416-760,rudeljaeger,standard,0,7,5,11,14,30,22,8,true,false,true
match-23af24d4-761,rudeljaeger,standard,0,8,2,7,10,19,10,9,false,false,false
match-23af24d4-761,solidaritaet_ueberleben,standard,1,10,3,7,6,16,11,5,true,false,false
match-31146359-763,rudeljaeger,standard,0,6,2,6,8,16,10,6,false,false,false
match-31146359-763,solidaritaet_ueberleben,standard,1,7,3,3,3,9,7,2,true,true,true
match-fcfba564-765,solidaritaet_ueberleben,standard,1,6,2,3,2,7,6,1,true,false,false
match-9113932c-766,solidaritaet_ueberleben,standard,1,6,4,8,8,20,12,8,true,false,true
match-9e78d1b1-768,solidaritaet_ueberleben,standard,1,6,3,8,6,17,15,2,false,false,false
match-9e78d1b1-768,rudeljaeger,standard,0,8,3,9,15,27,15,12,true,false,true
match-17c6226f-769,rudeljaeger,standard,0,6,2,7,6,15,10,5,false,false,false
match-c766ab50-773,rudeljaeger,standard,0,6,3,10,11,24,14,10,false,false,false
match-d4cbe9d5-775,rudeljaeger,standard,0,10,3,3,5,11,7,4,false,false,false
match-d4cbe9d5-775,solidaritaet_ueberleben,standard,1,12,5,15,11,31,21,10,true,false,false
match-e231285a-777,solidaritaet_ueberleben,standard,1,12,3,11,4,18,13,5,true,true,true
match-76491622-778,rudeljaeger,standard,0,6,3,11,10,24,15,9,false,false,false
match-ef9666df-779,rudeljaeger,standard,0,6,5,10,19,34,23,11,true,false,false
match-ef9666df-779,solidaritaet_ueberleben,standard,1,12,4,12,11,27,19,8,false,false,false
match-eed848cf-780,solidaritaet_ueberleben,standard,1,7,3,9,8,20,15,5,false,false,false
match-eed848cf-780,rudeljaeger,standard,0,7,2,8,9,19,10,9,true,true,true
match-6825b98d-781,solidaritaet_ueberleben,standard,1,6,4,13,10,27,18,9,true,false,false
match-6825b98d-781,rudeljaeger,standard,0,8,3,10,15,28,15,13,false,false,false
match-fc3d8754-782,solidaritaet_ueberleben,standard,1,6,4,16,14,34,20,14,false,false,false
match-758af812-783,solidaritaet_ueberleben,standard,1,6,5,11,5,21,20,1,true,false,true
match-82f03697-785,rudeljaeger,standard,0,6,2,6,8,16,10,6,false,false,false
match-82f03697-785,solidaritaet_ueberleben,standard,1,8,5,17,10,32,23,9,true,true,true
match-9055751c-787,rudeljaeger,standard,0,9,5,20,27,52,25,27,false,false,false
match-9055751c-787,solidaritaet_ueberleben,standard,1,14,3,14,12,29,15,14,true,true,true
match-b9434ebb-788,solidaritaet_ueberleben,standard,1,6,4,12,10,26,17,9,true,false,true
match-c6a88d40-790,rudeljaeger,standard,0,6,3,11,13,27,15,12,false,false,false
match-3ff5fdfe-791,solidaritaet_ueberleben,standard,1,6,3,11,10,24,15,9,true,false,false
match-3ff5fdfe-791,rudeljaeger,standard,0,7,5,16,15,36,23,13,false,false,false
match-4d5b3c83-793,rudeljaeger,standard,0,6,1,4,4,9,5,4,true,false,false
match-4d5b3c83-793,solidaritaet_ueberleben,standard,1,6,4,10,9,23,17,6,false,false,false
match-e1730a4a-794,rudeljaeger,standard,0,6,2,8,9,19,10,9,false,false,false
match-5ac07b08-795,rudeljaeger,standard,0,6,2,7,8,17,10,7,false,false,false
match-5ac07b08-795,solidaritaet_ueberleben,standard,1,8,4,9,8,21,12,9,true,true,true
match-ad5a4c56-796,rudeljaeger,standard,0,6,3,10,10,23,15,8,true,false,false
match-26a7bd14-797,rudeljaeger,standard,0,6,2,7,8,17,10,7,false,false,false
match-26a7bd14-797,solidaritaet_ueberleben,standard,1,7,4,5,4,13,11,2,true,false,true
match-94037981-800,urzeitliche_kolosse,standard,1,7,4,4,4,12,8,4,true,false,false
match-ffeb8bb9-805,rudeljaeger,standard,0,6,2,7,6,15,9,6,true,false,true
match-6bd3bdf2-806,rudeljaeger,standard,0,6,2,6,6,14,10,4,false,false,false
match-5e6e7f6d-808,rudeljaeger,standard,0,6,3,12,13,28,15,13,false,false,false
match-5e6e7f6d-808,urzeitliche_kolosse,standard,1,7,3,7,7,17,11,6,true,false,false
match-510920e8-810,urzeitliche_kolosse,standard,1,6,2,4,4,10,6,4,false,false,false
match-ca5691a5-813,rudeljaeger,standard,0,6,3,12,11,26,15,11,false,false,false
match-ca5691a5-813,urzeitliche_kolosse,standard,1,7,3,4,4,11,7,4,true,false,true
match-ff2d6da9-816,rudeljaeger,standard,0,6,3,5,5,13,7,6,true,false,false
match-85e01cec-817,rudeljaeger,standard,0,9,1,0,0,1,1,0,true,true,true
match-787ade67-819,urzeitliche_kolosse,standard,1,6,1,4,4,9,5,4,false,false,false
match-d6fdb21a-822,rudeljaeger,standard,0,6,3,12,13,28,15,13,true,false,false
match-d6fdb21a-822,urzeitliche_kolosse,standard,1,9,5,15,10,30,19,11,false,false,false
match-bc333510-826,urzeitliche_kolosse,standard,1,6,4,9,6,19,14,5,true,false,false
match-bc333510-826,rudeljaeger,standard,0,6,3,7,7,17,11,6,false,false,false
match-42e5c453-827,urzeitliche_kolosse,standard,1,6,2,7,6,15,10,5,true,false,false
match-42e5c453-827,rudeljaeger,standard,0,6,4,8,8,20,12,8,false,false,false
match-aecdf68b-828,urzeitliche_kolosse,standard,1,6,2,8,6,16,10,6,false,false,false
match-a168b806-830,urzeitliche_kolosse,standard,1,6,2,7,6,15,10,5,true,false,false
match-36fcc1ee-835,urzeitliche_kolosse,standard,1,7,2,5,2,9,8,1,false,false,false
match-29978369-837,urzeitliche_kolosse,standard,1,6,3,4,4,11,7,4,true,false,false
match-29978369-837,rudeljaeger,standard,0,6,4,13,11,28,20,8,false,false,false
match-957fb5a1-838,rudeljaeger,standard,0,6,3,12,11,26,15,11,false,false,false
match-1c3244e4-839,rudeljaeger,standard,0,6,3,9,6,18,12,6,false,false,false
match-1c3244e4-839,urzeitliche_kolosse,standard,1,9,3,9,4,16,9,7,true,true,true
match-6d4ffa12-844,urzeitliche_kolosse,standard,1,6,3,0,0,3,3,0,true,false,false
match-6d4ffa12-844,rudeljaeger,standard,0,10,4,3,1,8,7,1,false,false,false
match-f4028954-845,urzeitliche_kolosse,standard,1,6,4,4,4,12,8,4,false,false,false
match-5feabb8d-846,rudeljaeger,standard,0,6,1,3,2,6,5,1,true,false,true
match-28d96559-848,rudeljaeger,standard,0,8,2,11,12,25,10,15,true,true,true
match-a226d616-851,rudeljaeger,standard,0,6,4,8,9,21,12,9,true,false,false
match-79f71a87-857,rudeljaeger,standard,0,7,1,2,1,4,4,0,true,false,false
match-e5df2cbf-858,rudeljaeger,standard,0,6,1,3,2,6,5,1,true,true,true
match-5f2c9d7d-861,rudeljaeger,standard,0,6,4,4,4,12,8,4,false,false,false
match-5f2c9d7d-861,urzeitliche_kolosse,standard,1,9,4,11,9,24,16,8,true,true,true
match-cb14afb5-862,rudeljaeger,standard,0,9,2,10,9,21,10,11,true,true,true
match-51c75ef8-863,rudeljaeger,standard,0,6,3,11,10,24,15,9,true,false,false
match-53439b18-869,rudeljaeger,standard,0,6,3,12,11,26,15,11,false,false,false
match-bf2bad50-870,rudeljaeger,standard,0,6,4,14,12,30,19,11,true,true,true
match-38791e0e-873,urzeitliche_kolosse,standard,1,7,5,8,4,17,11,6,false,false,false
match-38791e0e-873,rudeljaeger,standard,0,10,4,15,16,35,19,16,true,false,false
match-2b13df89-875,urzeitliche_kolosse,standard,1,7,3,13,10,26,15,11,false,false,false
match-96fbf1c1-876,urzeitliche_kolosse,standard,1,6,2,4,4,10,6,4,false,false,false
match-96fbf1c1-876,rudeljaeger,standard,0,6,3,11,10,24,15,9,true,false,false
match-1dae8104-877,urzeitliche_kolosse,standard,1,6,2,6,6,14,10,4,false,false,false
match-8996b33c-878,urzeitliche_kolosse,standard,1,8,2,3,2,7,6,1,true,false,true
match-52857d08-880,urzeitliche_kolosse,standard,1,7,3,10,7,20,14,6,false,false,false
match-d9380c4a-881,rudeljaeger,standard,0,6,4,15,15,34,20,14,false,false,false
match-d9380c4a-881,urzeitliche_kolosse,standard,1,9,4,7,6,17,12,5,true,false,true
match-37bafffe-884,urzeitliche_kolosse,standard,1,6,2,7,6,15,10,5,false,false,false
match-be6d8f40-885,rudeljaeger,standard,0,6,4,14,13,31,19,12,true,false,false
match-be6d8f40-885,urzeitliche_kolosse,standard,1,9,4,11,5,20,17,3,false,false,false
match-a3a31236-889,urzeitliche_kolosse,standard,1,7,3,8,6,17,11,6,false,false,false
match-a3a31236-889,rudeljaeger,standard,0,9,5,4,7,16,9,7,false,false,false
match-963dd3b1-891,urzeitliche_kolosse,standard,1,7,4,7,4,15,10,5,true,true,true
match-0225e5ea-892,urzeitliche_kolosse,standard,1,7,4,9,6,19,12,7,true,true,true
match-88d8952c-893,urzeitliche_kolosse,standard,1,6,1,4,4,9,5,4,true,false,false
match-f4c0a764-894,urzeitliche_kolosse,standard,1,6,1,4,4,9,5,4,true,false,false
match-f4c0a764-894,rudeljaeger,standard,0,7,2,5,4,11,9,2,false,false,false
match-7b7356a7-895,urzeitliche_kolosse,standard,1,6,2,6,6,14,10,4,true,false,true
match-97ba0fd1-897,rudeljaeger,standard,0,8,4,15,11,30,20,10,false,false,false
match-03a2220a-898,urzeitliche_kolosse,standard,1,7,4,6,2,12,10,2,true,false,false
match-8a54d14c-899,urzeitliche_kolosse,standard,1,6,2,4,4,10,6,4,true,false,false
match-62d5f85e-902,rudeljaeger,standard,0,6,5,8,6,19,15,4,false,false,false
match-703b36e3-904,rudeljaeger,standard,0,7,3,10,10,23,15,8,true,true,true
match-045304ab-907,urzeitliche_kolosse,standard,1,6,4,10,8,22,17,5,true,true,true
match-11b84330-909,rudeljaeger,standard,0,6,2,7,6,15,10,5,false,false,false
match-986af272-910,rudeljaeger,standard,0,6,3,10,9,22,14,8,false,false,false
match-1f1d81b5-911,rudeljaeger,standard,0,6,3,6,8,17,11,6,false,false,false
match-39e81ebf-915,rudeljaeger,standard,0,6,2,8,9,19,10,9,true,true,true
match-70f954f3-917,urzeitliche_kolosse,standard,1,6,2,7,6,15,10,5,false,false,false
match-f7abe435-918,urzeitliche_kolosse,standard,1,6,2,8,6,16,10,6,false,false,false
match-7e5e9378-919,urzeitliche_kolosse,standard,1,7,4,4,4,12,8,4,false,false,false
match-7e5e9378-919,rudeljaeger,standard,0,8,4,15,15,34,20,14,true,false,false
match-8bc3d1fd-921,urzeitliche_kolosse,standard,1,6,3,11,8,22,15,7,true,true,true
match-8bc3d1fd-921,rudeljaeger,standard,0,7,4,15,14,33,20,13,false,false,false
match-12766140-922,urzeitliche_kolosse,standard,1,6,2,6,6,14,10,4,true,false,false
match-12766140-922,rudeljaeger,standard,0,7,5,12,12,29,17,12,false,false,false
match-a68e4f07-925,urzeitliche_kolosse,standard,1,6,3,12,10,25,15,10,true,false,false
match-b3f38d8c-927,urzeitliche_kolosse,standard,1,6,2,4,4,10,6,4,false,false,false
match-3aa63ccf-928,rudeljaeger,standard,0,6,2,6,8,16,10,6,true,false,false
match-c158cc11-929,rudeljaeger,standard,0,6,2,8,7,17,10,7,true,false,false
match-cebe0a96-931,rudeljaeger,standard,0,6,2,8,9,19,10,9,false,false,false
match-cebe0a96-931,urzeitliche_kolosse,standard,1,6,4,10,9,23,20,3,true,false,true
match-7f1cb188-932,urzeitliche_kolosse,standard,1,6,5,11,6,22,15,7,false,false,false
match-7f1cb188-932,rudeljaeger,standard,0,9,4,18,16,38,19,19,true,false,false
match-05cf40cb-933,rudeljaeger,standard,0,6,1,4,4,9,5,4,false,false,false
match-05cf40cb-933,urzeitliche_kolosse,standard,1,9,4,12,11,27,20,7,true,true,true
match-8c81f00d-934,urzeitliche_kolosse,standard,1,6,2,7,6,15,10,5,true,false,true
match-13349f50-935,urzeitliche_kolosse,standard,1,6,2,2,2,6,6,0,true,true,true
match-a74c6d17-938,urzeitliche_kolosse,standard,1,6,3,10,8,21,13,8,false,false,false
match-a74c6d17-938,rudeljaeger,standard,0,9,4,19,14,37,20,17,true,false,false
match-2dff1c5a-939,rudeljaeger,standard,0,6,1,5,5,11,5,6,true,false,false
match-2dff1c5a-939,urzeitliche_kolosse,standard,1,6,3,3,3,9,7,2,false,false,false
match-3b645adf-941,rudeljaeger,standard,0,6,3,9,7,19,14,5,false,false,false
match-3b645adf-941,urzeitliche_kolosse,standard,1,6,5,11,9,25,23,2,true,false,false
match-c216ea21-942,rudeljaeger,standard,0,6,2,6,6,14,10,4,false,false,false
match-48c99964-943,rudeljaeger,standard,0,7,5,18,15,38,25,13,true,false,false
match-6394166e-947,rudeljaeger,standard,0,8,2,8,11,21,10,11,false,false,false
match-6394166e-947,urzeitliche_kolosse,standard,1,12,4,9,4,17,14,3,true,true,true
match-9aa54ca2-949,urzeitliche_kolosse,standard,1,8,5,12,6,23,17,6,true,false,false
match-a80a8b27-951,rudeljaeger,standard,0,8,2,8,7,17,10,7,true,false,false
match-b56fc9ac-953,urzeitliche_kolosse,standard,1,6,4,14,12,30,20,10,false,false,false
match-3c2278ef-954,urzeitliche_kolosse,standard,1,6,5,4,4,13,9,4,true,false,true
match-c2d50831-955,urzeitliche_kolosse,standard,1,7,1,0,0,1,1,0,true,false,false
match-56ecf5f9-958,rudeljaeger,standard,0,6,3,9,7,19,14,5,false,false,false
match-dd9f853b-959,rudeljaeger,standard,0,6,3,10,9,22,14,8,true,false,true
match-eb04c3c0-961,rudeljaeger,standard,0,6,4,9,3,16,15,1,false,false,false
match-71b77303-962,rudeljaeger,standard,0,6,3,10,11,24,15,9,true,false,false
match-71b77303-962,urzeitliche_kolosse,standard,1,11,2,4,4,10,10,0,false,false,false
match-88cb59bd-965,urzeitliche_kolosse,standard,1,6,3,13,8,24,13,11,false,false,false
match-96309842-967,urzeitliche_kolosse,standard,1,6,4,8,6,18,12,6,true,true,true
match-2a48660a-970,urzeitliche_kolosse,standard,1,6,3,12,10,25,15,10,false,false,false
match-b0fb154c-971,urzeitliche_kolosse,standard,1,8,5,16,14,35,25,10,true,true,true
match-37ada48f-972,urzeitliche_kolosse,standard,1,6,4,11,10,25,17,8,true,false,false
match-cbc59256-975,rudeljaeger,standard,0,8,2,7,9,18,10,8,false,false,false
match-cbc59256-975,urzeitliche_kolosse,standard,1,11,3,4,4,11,7,4,true,false,false
match-5fdd601e-978,urzeitliche_kolosse,standard,1,6,5,7,6,18,13,5,true,false,false
match-1da14595-981,urzeitliche_kolosse,standard,1,6,3,9,6,18,13,5,true,false,false
match-1da14595-981,rudeljaeger,standard,0,7,3,10,10,23,15,8,false,false,false
match-2b06841a-983,urzeitliche_kolosse,standard,1,6,2,6,6,14,10,4,true,false,false
match-386bc29f-985,urzeitliche_kolosse,standard,1,6,3,9,8,20,15,5,true,false,true
match-45d10124-987,rudeljaeger,standard,0,6,1,5,5,11,5,6,true,true,true
match-45d10124-987,urzeitliche_kolosse,standard,1,6,4,10,8,22,15,7,false,false,false
match-53365fa9-989,urzeitliche_kolosse,standard,1,7,3,10,8,21,15,6,true,false,true
match-d9e8eeeb-990,rudeljaeger,standard,0,6,2,7,8,17,10,7,true,true,true
match-d9e8eeeb-990,urzeitliche_kolosse,standard,1,7,1,3,3,7,5,2,false,false,false
match-e74e2d70-992,rudeljaeger,standard,0,6,3,10,8,21,15,6,false,false,false
match-e74e2d70-992,urzeitliche_kolosse,standard,1,6,2,7,7,16,10,6,true,false,false
match-f4b36bf5-994,rudeljaeger,standard,0,6,2,5,3,10,9,1,true,false,false
match-2bc4a22a-996,rudeljaeger,standard,0,6,1,4,4,9,5,4,false,false,false
match-2bc4a22a-996,urzeitliche_kolosse,standard,1,6,5,3,3,11,9,2,true,false,false
match-bfdc8ff1-999,rudeljaeger,standard,0,6,1,5,5,11,5,6,true,false,false
match-bfdc8ff1-999,urzeitliche_kolosse,standard,1,6,3,11,11,25,15,10,false,false,false
match-07f57bfa-1000,solidaritaet_ueberleben,standard,0,6,4,13,9,26,19,7,false,false,false
match-07f57bfa-1000,urzeitliche_kolosse,standard,1,8,3,12,15,30,15,15,true,true,true
match-fa903d74-1002,solidaritaet_ueberleben,standard,0,6,1,4,4,9,5,4,true,false,false
match-ed2afeef-1004,urzeitliche_kolosse,standard,1,6,2,8,9,19,10,9,false,false,false
match-ed2afeef-1004,solidaritaet_ueberleben,standard,0,6,3,12,12,27,15,12,true,false,false
match-dfc5a06a-1006,solidaritaet_ueberleben,standard,0,8,5,15,17,37,17,20,false,false,false
match-dfc5a06a-1006,urzeitliche_kolosse,standard,1,10,3,6,7,16,7,9,false,false,false
match-d26061e5-1008,urzeitliche_kolosse,standard,1,6,1,1,4,6,4,2,false,false,false
match-59131128-1009,solidaritaet_ueberleben,standard,0,6,4,15,15,34,20,14,false,false,false
match-59131128-1009,urzeitliche_kolosse,standard,1,10,3,0,0,3,3,0,true,true,true
match-c4fb2360-1010,urzeitliche_kolosse,standard,1,6,2,6,10,18,10,8,false,false,false
match-c4fb2360-1010,solidaritaet_ueberleben,standard,0,6,2,8,8,18,10,8,true,false,false
match-4badd2a3-1011,solidaritaet_ueberleben,standard,0,6,3,10,8,21,13,8,true,false,false
match-4badd2a3-1011,urzeitliche_kolosse,standard,1,7,5,18,18,41,22,19,false,false,false
match-b795e4db-1012,urzeitliche_kolosse,standard,1,6,3,8,12,23,14,9,true,false,false
match-3e48941e-1013,solidaritaet_ueberleben,standard,0,6,3,11,11,25,15,10,false,false,false
match-3e48941e-1013,urzeitliche_kolosse,standard,1,9,4,20,24,48,20,28,true,false,false
match-aa30a656-1014,solidaritaet_ueberleben,standard,0,8,4,9,10,23,12,11,true,true,true
match-30e35599-1015,urzeitliche_kolosse,standard,1,6,1,1,4,6,4,2,false,false,false
match-9ccb67d1-1016,solidaritaet_ueberleben,standard,0,6,3,10,8,21,14,7,true,true,true
match-8f66294c-1018,urzeitliche_kolosse,standard,1,6,3,9,11,23,14,9,false,false,false
match-8200eac7-1020,urzeitliche_kolosse,standard,1,6,4,9,12,25,16,9,true,false,false
match-8200eac7-1020,solidaritaet_ueberleben,standard,0,9,3,13,14,30,15,15,false,false,false
match-08b39a0a-1021,urzeitliche_kolosse,standard,1,6,2,6,8,16,10,6,false,false,false
match-08b39a0a-1021,solidaritaet_ueberleben,standard,0,7,3,6,4,13,10,3,true,true,true
match-749bac42-1022,solidaritaet_ueberleben,standard,0,8,3,9,12,24,11,13,true,false,true
match-fb4e5b84-1023,urzeitliche_kolosse,standard,1,6,4,4,4,12,8,4,true,false,false
match-fb4e5b84-1023,solidaritaet_ueberleben,standard,0,6,2,8,8,18,10,8,false,false,false
match-67366dbd-1024,urzeitliche_kolosse,standard,1,6,4,12,10,26,18,8,true,false,false
match-ede91cff-1025,urzeitliche_kolosse,standard,1,6,2,8,8,18,10,8,false,false,false
match-ede91cff-1025,solidaritaet_ueberleben,standard,0,6,3,12,12,27,15,12,true,false,true
match-59d12f38-1026,urzeitliche_kolosse,standard,1,7,4,10,11,25,13,12,true,false,false
match-d31e9ff5-1029,solidaritaet_ueberleben,standard,0,6,3,12,13,28,15,13,true,false,false
match-3f06b22e-1030,solidaritaet_ueberleben,standard,0,7,3,9,6,18,13,5,false,false,false
match-3f06b22e-1030,urzeitliche_kolosse,standard,1,7,4,3,3,10,8,2,true,false,true
match-c5b94170-1031,solidaritaet_ueberleben,standard,0,7,2,9,9,20,10,10,false,false,false
match-31a173a9-1032,solidaritaet_ueberleben,standard,0,9,5,13,9,27,17,10,false,false,false
match-31a173a9-1032,urzeitliche_kolosse,standard,1,11,4,11,11,26,13,13,true,false,true
match-b85402eb-1033,solidaritaet_ueberleben,standard,0,9,2,6,4,12,6,6,false,false,false
match-b85402eb-1033,urzeitliche_kolosse,standard,1,9,5,17,17,39,25,14,true,false,false
match-243c3524-1034,urzeitliche_kolosse,standard,1,6,2,3,8,13,9,4,false,false,false
match-243c3524-1034,solidaritaet_ueberleben,standard,0,6,2,6,7,15,10,5,true,false,false
match-aaeec466-1035,urzeitliche_kolosse,standard,1,6,2,8,10,20,10,10,false,false,false
match-16d6f69f-1036,urzeitliche_kolosse,standard,1,6,2,6,10,18,10,8,true,true,true
match-9d8985e1-1037,urzeitliche_kolosse,standard,1,6,3,6,11,20,14,6,false,false,false
match-0971b81a-1038,solidaritaet_ueberleben,standard,0,6,4,3,4,11,8,3,false,false,false
match-0971b81a-1038,urzeitliche_kolosse,standard,1,11,5,18,20,43,25,18,true,false,false
match-fc0c7994-1040,urzeitliche_kolosse,standard,1,6,3,9,8,20,12,8,true,false,true
match-82bf08d7-1041,urzeitliche_kolosse,standard,1,6,2,8,10,20,10,10,true,false,false
match-82bf08d7-1041,solidaritaet_ueberleben,standard,0,6,4,6,7,17,12,5,false,false,false
match-eea73b0f-1042,urzeitliche_kolosse,standard,1,6,2,6,10,18,10,8,false,false,false
match-7559ca52-1043,urzeitliche_kolosse,standard,1,6,2,6,8,16,10,6,true,false,false
match-7559ca52-1043,solidaritaet_ueberleben,standard,0,13,4,4,4,12,8,4,false,false,false
match-e141fc8a-1044,urzeitliche_kolosse,standard,1,6,4,5,7,16,12,4,false,false,false
match-67f48bcd-1045,urzeitliche_kolosse,standard,1,6,3,12,15,30,15,15,false,false,false
match-67f48bcd-1045,solidaritaet_ueberleben,standard,0,7,3,6,5,14,11,3,true,true,true
match-d3dcbe05-1046,solidaritaet_ueberleben,standard,0,6,3,12,11,26,15,11,true,false,true
match-5a8f4d48-1047,urzeitliche_kolosse,standard,1,7,3,10,11,24,14,10,true,false,true
match-b91220fb-1050,solidaritaet_ueberleben,standard,0,9,2,6,5,13,9,4,false,false,false
match-abace276-1052,solidaritaet_ueberleben,standard,0,8,4,15,17,36,16,20,true,true,true
match-325f91b9-1053,solidaritaet_ueberleben,standard,0,6,3,11,12,26,15,11,false,false,false
match-325f91b9-1053,urzeitliche_kolosse,standard,1,7,4,14,16,34,20,14,true,false,false
match-90e2656c-1056,urzeitliche_kolosse,standard,1,6,2,8,10,20,10,10,true,true,true
match-837d26e7-1058,solidaritaet_ueberleben,standard,0,6,3,10,10,23,15,8,true,false,false
match-837d26e7-1058,urzeitliche_kolosse,standard,1,14,4,6,6,16,12,4,false,false,false
match-0a2fd62a-1059,urzeitliche_kolosse,standard,1,6,3,7,12,22,14,8,false,false,false
match-0a2fd62a-1059,solidaritaet_ueberleben,standard,0,6,3,10,9,22,15,7,true,false,true
match-7617e862-1060,solidaritaet_ueberleben,standard,0,6,4,16,14,34,19,15,true,false,false
match-7617e862-1060,urzeitliche_kolosse,standard,1,9,5,13,13,31,17,14,false,false,false
match-fcca97a4-1061,solidaritaet_ueberleben,standard,0,6,4,15,12,31,20,11,false,false,false
match-fcca97a4-1061,urzeitliche_kolosse,standard,1,7,4,11,15,30,19,11,true,false,true
match-68b2a9dd-1062,urzeitliche_kolosse,standard,1,6,3,7,13,23,14,9,false,false,false
match-68b2a9dd-1062,solidaritaet_ueberleben,standard,0,6,3,10,11,24,15,9,true,false,false
match-b49d6c9b-1064,urzeitliche_kolosse,standard,1,6,3,10,11,24,15,9,false,false,false
match-3b501bde-1065,urzeitliche_kolosse,standard,1,6,2,8,9,19,10,9,false,false,false
match-3b501bde-1065,solidaritaet_ueberleben,standard,0,6,3,10,11,24,15,9,true,false,false
match-a7382e16-1066,solidaritaet_ueberleben,standard,0,6,3,10,8,21,15,6,false,false,false
match-2deadd59-1067,urzeitliche_kolosse,standard,1,6,1,4,4,9,5,4,false,false,false
match-99d2ef91-1068,solidaritaet_ueberleben,standard,0,8,4,19,13,36,18,18,true,false,false
match-20859ed4-1069,solidaritaet_ueberleben,standard,0,7,2,6,8,16,10,6,true,false,false
match-8c6db10c-1070,urzeitliche_kolosse,standard,1,6,1,4,4,9,5,4,true,false,false
match-05bb01ca-1073,urzeitliche_kolosse,standard,1,6,3,8,12,23,14,9,false,false,false
match-05bb01ca-1073,solidaritaet_ueberleben,standard,0,11,4,13,10,27,20,7,true,false,false
match-f855c344-1075,urzeitliche_kolosse,standard,1,6,5,14,19,38,24,14,false,false,false
match-f855c344-1075,solidaritaet_ueberleben,standard,0,8,5,17,14,36,21,15,true,false,true
match-eaf084bf-1077,solidaritaet_ueberleben,standard,0,6,5,3,4,12,9,3,false,false,false
match-56d8b6f8-1078,urzeitliche_kolosse,standard,1,6,2,7,8,17,10,7,true,false,false
match-d02607b5-1081,urzeitliche_kolosse,standard,1,6,2,6,8,16,10,6,false,false,false
match-3c0e39ee-1082,urzeitliche_kolosse,standard,1,6,4,11,13,28,19,9,false,false,false
match-3c0e39ee-1082,solidaritaet_ueberleben,standard,0,8,4,15,17,36,20,16,true,true,true
match-c2c0c930-1083,urzeitliche_kolosse,standard,1,6,3,8,6,17,13,4,true,false,false
match-c2c0c930-1083,solidaritaet_ueberleben,standard,0,6,2,8,8,18,10,8,false,false,false
match-2ea8fb69-1084,solidaritaet_ueberleben,standard,0,6,3,13,13,29,15,14,false,false,false
match-2ea8fb69-1084,urzeitliche_kolosse,standard,1,10,3,10,14,27,14,13,true,true,true
match-2143bce4-1086,urzeitliche_kolosse,standard,1,6,4,14,21,39,20,19,true,false,false
match-a7f64c26-1087,urzeitliche_kolosse,standard,1,6,1,4,4,9,5,4,true,false,false
match-a7f64c26-1087,solidaritaet_ueberleben,standard,0,8,5,14,15,34,17,17,false,false,false
match-13de7e5f-1088,solidaritaet_ueberleben,standard,0,6,4,8,8,20,12,8,true,false,true
match-9a910da1-1089,urzeitliche_kolosse,standard,1,6,4,4,6,14,12,2,false,false,false
match-8d2bcf1c-1091,solidaritaet_ueberleben,standard,0,6,4,16,15,35,20,15,false,false,false
match-f913e154-1092,solidaritaet_ueberleben,standard,0,6,4,14,13,31,19,12,true,false,true
match-7fc69097-1093,urzeitliche_kolosse,standard,1,6,4,10,15,29,19,10,false,false,false
match-7fc69097-1093,solidaritaet_ueberleben,standard,0,6,3,10,9,22,15,7,true,false,false
match-64fc138d-1097,solidaritaet_ueberleben,standard,0,6,3,10,6,19,13,6,false,false,false
match-64fc138d-1097,urzeitliche_kolosse,standard,1,7,5,6,7,18,9,9,true,false,true
match-d0e425c5-1098,solidaritaet_ueberleben,standard,0,8,5,14,13,32,17,15,false,false,false
match-d0e425c5-1098,urzeitliche_kolosse,standard,1,11,5,9,8,22,17,5,true,false,false
match-793ada0e-1101,urzeitliche_kolosse,standard,1,6,3,10,13,26,14,12,true,true,true
match-ffed6950-1102,urzeitliche_kolosse,standard,1,6,5,14,24,43,23,20,true,true,true
match-86a01893-1103,urzeitliche_kolosse,standard,1,6,5,16,21,42,24,18,true,false,false
match-d7bdadc1-1104,solidaritaet_ueberleben,standard,0,7,5,4,3,12,9,3,false,false,false
match-5e705d04-1105,solidaritaet_ueberleben,standard,0,7,3,4,7,14,7,7,true,true,true
match-6bd59b89-1107,solidaritaet_ueberleben,standard,0,11,4,14,14,32,20,12,true,true,true
match-43a5dffa-1109,urzeitliche_kolosse,standard,1,6,2,9,12,23,10,13,true,false,false
match-43a5dffa-1109,solidaritaet_ueberleben,standard,0,11,4,17,14,35,20,15,false,false,false
match-a228b3ad-1112,urzeitliche_kolosse,standard,1,8,4,5,5,14,8,6,true,false,false
match-28db42f0-1113,urzeitliche_kolosse,standard,1,7,1,5,6,12,5,7,true,false,true
match-af8df232-1114,solidaritaet_ueberleben,standard,0,6,2,6,6,14,10,4,false,false,false
match-af8df232-1114,urzeitliche_kolosse,standard,1,6,3,3,3,9,7,2,true,false,false
match-36408175-1115,urzeitliche_kolosse,standard,1,6,3,9,9,21,12,9,true,false,false
match-36408175-1115,solidaritaet_ueberleben,standard,0,7,3,10,8,21,15,6,false,false,false
match-875e36a3-1116,solidaritaet_ueberleben,standard,0,6,3,9,8,20,15,5,true,false,false
match-94c37528-1118,solidaritaet_ueberleben,standard,0,8,3,0,0,3,3,0,true,true,true
match-1b76046b-1119,solidaritaet_ueberleben,standard,0,6,3,9,6,18,13,5,false,false,false
match-1b76046b-1119,urzeitliche_kolosse,standard,1,6,4,13,15,32,20,12,true,false,false
match-79f8f81e-1122,solidaritaet_ueberleben,standard,0,6,2,8,9,19,10,9,false,false,false
match-79f8f81e-1122,urzeitliche_kolosse,standard,1,10,5,10,12,27,18,9,true,false,true
match-00ab8761-1123,solidaritaet_ueberleben,standard,0,15,4,7,3,14,11,3,true,true,true
match-00ab8761-1123,urzeitliche_kolosse,standard,1,15,3,3,3,9,7,2,false,false,false
match-51c93c8f-1124,urzeitliche_kolosse,standard,1,6,4,12,15,31,16,15,false,false,false
match-51c93c8f-1124,solidaritaet_ueberleben,standard,0,8,3,11,10,24,15,9,true,false,true
match-d87bcbd1-1125,urzeitliche_kolosse,standard,1,6,4,18,20,42,20,22,false,false,false
match-5f2e7b14-1126,solidaritaet_ueberleben,standard,0,6,2,8,9,19,10,9,true,false,false
match-e5e10a56-1127,urzeitliche_kolosse,standard,1,6,4,15,22,41,19,22,false,false,false
match-e5e10a56-1127,solidaritaet_ueberleben,standard,0,11,5,7,4,16,9,7,false,false,false
match-36febf85-1128,urzeitliche_kolosse,standard,1,6,4,15,15,34,18,16,true,false,false
match-36febf85-1128,solidaritaet_ueberleben,standard,0,7,4,13,13,30,20,10,false,false,false
match-bdb14ec7-1129,urzeitliche_kolosse,standard,1,7,1,4,4,9,5,4,true,false,false
match-4463fe0a-1130,urzeitliche_kolosse,standard,1,6,2,9,12,23,10,13,false,false,false
match-4463fe0a-1130,solidaritaet_ueberleben,standard,0,7,5,4,4,13,9,4,true,false,false
match-cb168d4c-1131,urzeitliche_kolosse,standard,1,6,3,12,19,34,15,19,true,false,false
match-a2e6d1bd-1133,solidaritaet_ueberleben,standard,0,6,3,11,10,24,14,10,true,false,false
match-b04c1042-1135,urzeitliche_kolosse,standard,1,6,4,12,13,29,17,12,false,false,false
match-b04c1042-1135,solidaritaet_ueberleben,standard,0,11,5,10,12,27,16,11,false,false,false
match-0169a571-1136,solidaritaet_ueberleben,standard,0,9,3,10,7,20,15,5,false,false,false
match-95819338-1139,urzeitliche_kolosse,standard,1,7,4,11,10,25,17,8,true,true,true
match-e69f2866-1140,urzeitliche_kolosse,standard,1,6,2,9,10,21,10,11,true,true,true
match-6d51d7a9-1141,urzeitliche_kolosse,standard,1,6,3,10,13,26,14,12,true,false,false
match-6d51d7a9-1141,solidaritaet_ueberleben,standard,0,8,2,4,3,9,6,3,false,false,false
match-f40466eb-1142,urzeitliche_kolosse,standard,1,6,2,5,6,13,10,3,true,false,false
match-7ab7162e-1143,urzeitliche_kolosse,standard,1,6,5,16,21,42,24,18,true,false,false
match-7ab7162e-1143,solidaritaet_ueberleben,standard,0,7,4,10,9,23,16,7,false,false,false
match-cbd4ab5c-1144,urzeitliche_kolosse,standard,1,8,5,10,10,25,17,8,true,false,true
match-52875a9f-1145,urzeitliche_kolosse,standard,1,6,4,12,9,25,15,10,true,false,false
match-52875a9f-1145,solidaritaet_ueberleben,standard,0,7,2,7,10,19,10,9,false,false,false
match-d939e9e1-1146,urzeitliche_kolosse,standard,1,6,5,18,27,50,25,25,true,false,false
match-d939e9e1-1146,solidaritaet_ueberleben,standard,0,7,4,11,14,29,16,13,false,false,false
match-5fec9924-1147,urzeitliche_kolosse,standard,1,6,5,16,15,36,23,13,true,true,true
match-b10a2e52-1148,urzeitliche_kolosse,standard,1,6,3,12,18,33,15,18,false,false,false
match-37bcdd95-1149,urzeitliche_kolosse,standard,1,6,4,15,17,36,20,16,true,false,false
match-37bcdd95-1149,solidaritaet_ueberleben,standard,0,7,3,9,9,21,15,6,false,false,false
match-be6f6cd7-1150,urzeitliche_kolosse,standard,1,7,3,0,0,3,3,0,true,false,false
match-be6f6cd7-1150,solidaritaet_ueberleben,standard,0,8,5,16,13,34,25,9,false,false,false
match-45221c1a-1151,solidaritaet_ueberleben,standard,0,6,2,7,8,17,10,7,false,false,false
match-45221c1a-1151,urzeitliche_kolosse,standard,1,8,4,13,10,27,18,9,true,false,false
match-1cf2408b-1153,urzeitliche_kolosse,standard,1,6,4,15,19,38,19,19,true,false,false
match-a3a4efcd-1154,solidaritaet_ueberleben,standard,0,6,2,8,8,18,10,8,true,false,false
match-2a579f10-1155,solidaritaet_ueberleben,standard,0,9,4,18,18,40,19,21,false,false,false
match-88da72c3-1158,solidaritaet_ueberleben,standard,0,8,2,5,2,9,8,1,true,false,false
match-60aab734-1160,solidaritaet_ueberleben,standard,0,6,2,4,1,7,7,0,false,false,false
match-60aab734-1160,urzeitliche_kolosse,standard,1,6,3,8,7,18,12,6,true,false,false
match-6e0ff5b9-1162,solidaritaet_ueberleben,standard,0,6,3,9,8,20,13,7,false,false,false
match-534578af-1166,solidaritaet_ueberleben,standard,0,9,5,14,16,35,20,15,false,false,false
match-2b15bd20-1168,urzeitliche_kolosse,standard,1,6,5,17,23,45,24,21,false,false,false
match-b1c84c62-1169,urzeitliche_kolosse,standard,1,6,3,10,10,23,15,8,true,false,false
match-b1c84c62-1169,solidaritaet_ueberleben,standard,0,9,5,16,17,38,23,15,false,false,false
match-387afba5-1170,urzeitliche_kolosse,standard,1,6,3,8,13,24,14,10,true,false,false
match-387afba5-1170,solidaritaet_ueberleben,standard,0,7,3,9,10,22,13,9,false,false,false
match-104b2016-1172,solidaritaet_ueberleben,standard,0,7,5,6,5,16,12,4,false,false,false
match-1db07e9b-1174,solidaritaet_ueberleben,standard,0,6,2,8,8,18,10,8,true,false,false
match-1db07e9b-1174,urzeitliche_kolosse,standard,1,6,3,10,11,24,15,9,false,false,false
match-a4630ddd-1175,urzeitliche_kolosse,standard,1,7,3,10,11,24,12,12,true,false,false
match-a4630ddd-1175,solidaritaet_ueberleben,standard,0,7,3,3,3,9,7,2,false,false,false
match-f580a30b-1176,solidaritaet_ueberleben,standard,0,6,3,11,10,24,15,9,true,false,false
match-f580a30b-1176,urzeitliche_kolosse,standard,1,7,2,6,8,16,10,6,false,false,false
match-7c33524e-1177,urzeitliche_kolosse,standard,1,6,3,13,15,31,15,16,true,false,false
match-7c33524e-1177,solidaritaet_ueberleben,standard,0,8,4,15,14,33,20,13,false,false,false
match-02e5e191-1178,solidaritaet_ueberleben,standard,0,7,3,13,16,32,15,17,true,true,true
match-899890d3-1179,solidaritaet_ueberleben,standard,0,7,3,11,13,27,15,12,false,false,false
match-899890d3-1179,urzeitliche_kolosse,standard,1,10,3,8,10,21,11,10,true,false,true
match-dab62601-1180,solidaritaet_ueberleben,standard,0,6,2,9,9,20,10,10,false,false,false
match-dab62601-1180,urzeitliche_kolosse,standard,1,10,5,19,17,41,23,18,true,false,false
match-6168d544-1181,solidaritaet_ueberleben,standard,0,8,3,10,11,24,13,11,false,false,false
match-e81b6486-1182,urzeitliche_kolosse,standard,1,6,4,14,15,33,20,13,false,false,false
match-e81b6486-1182,solidaritaet_ueberleben,standard,0,7,5,15,12,32,21,11,true,false,false
match-bfeba8f7-1184,urzeitliche_kolosse,standard,1,8,4,17,24,45,20,25,true,false,false
match-cd50e77c-1186,urzeitliche_kolosse,standard,1,6,3,13,15,31,15,16,false,false,false
match-cd50e77c-1186,solidaritaet_ueberleben,standard,0,7,5,16,15,36,25,11,true,false,true
match-a5212bed-1188,urzeitliche_kolosse,standard,1,8,4,22,25,51,20,31,true,false,false
match-a5212bed-1188,solidaritaet_ueberleben,standard,0,10,4,13,11,28,20,8,false,false,false
match-2bd3db30-1189,urzeitliche_kolosse,standard,1,6,4,6,8,18,8,10,true,false,false
match-2bd3db30-1189,solidaritaet_ueberleben,standard,0,10,4,0,0,4,4,0,false,false,false
match-b2866a72-1190,solidaritaet_ueberleben,standard,0,6,2,8,8,18,10,8,false,false,false
match-b2866a72-1190,urzeitliche_kolosse,standard,1,8,2,9,10,21,10,11,true,false,false
match-8a56aee3-1192,solidaritaet_ueberleben,standard,0,6,2,8,8,18,10,8,true,false,false
match-11095e26-1193,solidaritaet_ueberleben,standard,0,8,3,11,9,23,13,10,true,false,false
match-11095e26-1193,urzeitliche_kolosse,standard,1,8,4,15,16,35,20,15,false,false,false
match-6f8c31d9-1196,solidaritaet_ueberleben,standard,0,6,2,8,8,18,10,8,false,false,false
match-f63ec11b-1197,urzeitliche_kolosse,standard,1,7,2,7,10,19,10,9,false,false,false
match-f63ec11b-1197,solidaritaet_ueberleben,standard,0,11,2,9,9,20,10,10,true,false,false
match-7cf1705e-1198,urzeitliche_kolosse,standard,1,6,4,11,14,29,19,10,true,true,true
match-03a41fa1-1199,urzeitliche_kolosse,standard,1,6,3,13,15,31,15,16,false,false,false
match-03a41fa1-1199,solidaritaet_ueberleben,standard,0,13,4,12,11,27,16,11,true,true,true
