matchId,deckId,botType,side,round,targetsAffected,attackRemoved,healthRemoved,boardValueBefore,boardValueAfter,boardValueRemoved,won,winWithinOneRound,winWithinTwoRounds
match-f098b777-1,rudeljaeger,standard,1,7,4,19,21,44,4,40,true,false,true
match-fdfdf5fc-3,rudeljaeger,standard,1,6,3,10,12,25,3,22,true,true,true
match-fdfdf5fc-3,forschung_muskelkraft,standard,0,7,2,8,10,20,2,18,false,false,false
match-0b633482-5,rudeljaeger,standard,1,6,3,11,11,25,3,22,false,false,false
match-0b633482-5,forschung_muskelkraft,standard,0,6,3,10,12,25,3,22,true,false,false
match-18c87307-7,rudeljaeger,standard,1,6,2,5,11,18,2,16,false,false,false
match-18c87307-7,forschung_muskelkraft,standard,0,6,3,10,10,23,3,20,true,false,false
match-ace040ce-8,rudeljaeger,standard,1,6,2,5,11,18,2,16,false,false,false
match-ace040ce-8,forschung_muskelkraft,standard,0,10,5,3,0,8,5,3,true,false,false
match-262db18c-9,rudeljaeger,standard,1,7,3,15,19,37,3,34,false,false,false
match-262db18c-9,forschung_muskelkraft,standard,0,11,1,2,2,5,1,4,true,true,true
match-ba459f53-10,forschung_muskelkraft,standard,0,6,2,8,6,16,2,14,true,false,false
match-ba459f53-10,rudeljaeger,standard,1,8,5,20,21,46,5,41,false,false,false
match-c7aaddd8-12,forschung_muskelkraft,standard,0,6,3,8,6,17,3,14,true,false,false
match-c7aaddd8-12,rudeljaeger,standard,1,14,4,13,12,29,4,25,false,false,false
match-40f82e96-13,rudeljaeger,standard,1,6,2,7,9,18,2,16,false,false,false
match-40f82e96-13,forschung_muskelkraft,standard,0,6,5,7,8,20,5,15,false,false,false
match-d5101c5d-14,rudeljaeger,standard,1,6,2,9,9,20,2,18,false,false,false
match-d5101c5d-14,forschung_muskelkraft,standard,0,6,3,9,8,20,3,17,true,false,false
match-0c215292-16,rudeljaeger,standard,1,6,3,8,9,20,3,17,false,false,false
match-0c215292-16,forschung_muskelkraft,standard,0,8,5,12,12,29,5,24,true,false,false
match-856ea34f-17,rudeljaeger,standard,1,6,3,11,15,29,3,26,false,false,false
match-856ea34f-17,forschung_muskelkraft,standard,0,6,2,8,10,20,2,18,true,false,false
match-a0392059-21,rudeljaeger,standard,1,6,2,7,10,19,2,17,false,false,false
match-a0392059-21,forschung_muskelkraft,standard,0,6,5,11,12,28,5,23,true,false,false
match-41b64ca6-24,rudeljaeger,standard,1,6,3,12,16,31,3,28,true,false,false
match-41b64ca6-24,forschung_muskelkraft,standard,0,8,5,11,12,28,5,23,false,false,false
match-c868fbe8-27,forschung_muskelkraft,standard,0,6,5,12,8,25,5,20,true,false,false
match-5c80c9b0-28,forschung_muskelkraft,standard,0,9,1,4,4,9,1,8,true,false,false
match-69e60835-30,rudeljaeger,standard,1,6,3,9,9,21,3,18,false,false,false
match-69e60835-30,forschung_muskelkraft,standard,0,6,4,11,12,27,4,23,true,false,false
match-e33378f2-31,forschung_muskelkraft,standard,0,6,3,7,6,16,3,13,true,true,true
match-1a44af27-33,forschung_muskelkraft,standard,0,6,4,6,6,16,4,12,true,true,true
match-ae5c9cee-34,forschung_muskelkraft,standard,0,10,2,7,6,15,2,13,true,true,true
match-bbc1db73-36,rudeljaeger,standard,1,6,1,5,6,12,1,11,true,false,true
match-350f2c31-37,forschung_muskelkraft,standard,0,8,5,13,10,28,5,23,true,false,true
match-c92719f8-38,rudeljaeger,standard,1,6,3,12,15,30,3,27,false,false,false
match-c92719f8-38,forschung_muskelkraft,standard,0,6,4,8,10,22,4,18,true,false,false
match-42746ab6-39,forschung_muskelkraft,standard,0,6,4,8,6,18,4,14,true,false,false
match-d68c587d-40,forschung_muskelkraft,standard,0,6,4,17,12,33,4,29,true,false,false
match-d68c587d-40,rudeljaeger,standard,1,11,5,15,17,37,5,32,false,false,false
match-4fd9a93b-41,forschung_muskelkraft,standard,0,8,2,6,4,12,2,10,true,false,false
match-4fd9a93b-41,rudeljaeger,standard,1,14,5,15,16,36,5,31,false,false,false
match-e3f19702-42,rudeljaeger,standard,1,6,3,12,15,30,3,27,false,false,false
match-e3f19702-42,forschung_muskelkraft,standard,0,6,4,8,10,22,4,18,true,false,false
match-f156d587-44,rudeljaeger,standard,1,6,2,9,10,21,2,19,true,false,false
match-f156d587-44,forschung_muskelkraft,standard,0,6,5,10,12,27,5,22,false,false,false
match-6aa42645-45,forschung_muskelkraft,standard,0,6,3,8,6,17,3,14,true,false,false
match-6aa42645-45,rudeljaeger,standard,1,8,4,19,22,45,4,41,false,false,false
match-febc140c-46,rudeljaeger,standard,1,6,2,7,8,17,2,15,false,false,false
match-febc140c-46,forschung_muskelkraft,standard,0,7,5,4,6,15,5,10,true,false,false
match-35cd4a41-48,forschung_muskelkraft,standard,0,6,2,7,6,15,2,13,true,false,true
match-8cb897e8-50,rudeljaeger,standard,1,6,4,17,21,42,4,38,false,false,false
match-8cb897e8-50,forschung_muskelkraft,standard,0,9,5,11,12,28,5,23,true,false,false
match-0605e8a6-51,rudeljaeger,standard,1,6,3,14,17,34,3,31,true,false,true
match-0605e8a6-51,forschung_muskelkraft,standard,0,7,2,9,10,21,2,19,false,false,false
match-f8a0aa20-53,forschung_muskelkraft,standard,0,6,3,7,6,16,3,13,true,false,false
match-f8a0aa20-53,rudeljaeger,standard,1,6,4,16,18,38,4,34,false,false,false
match-20d065b0-55,rudeljaeger,standard,1,6,4,15,20,39,4,35,true,false,false
match-20d065b0-55,forschung_muskelkraft,standard,0,7,4,8,10,22,4,18,false,false,false
match-9a1dd66d-56,rudeljaeger,standard,1,6,4,18,23,45,4,41,true,false,false
match-136b272b-57,rudeljaeger,standard,1,6,4,18,19,41,4,37,false,false,false
match-136b272b-57,forschung_muskelkraft,standard,0,8,5,9,10,24,5,19,true,false,false
match-3b9ae2ba-59,forschung_muskelkraft,standard,0,6,2,8,8,18,2,16,true,false,true
match-b4e85377-60,forschung_muskelkraft,standard,0,10,2,5,2,9,2,7,true,false,true
match-dd180f06-62,rudeljaeger,standard,1,6,4,18,23,45,4,41,true,true,true
match-56657fc4-63,rudeljaeger,standard,1,6,3,14,17,34,3,31,false,false,false
match-56657fc4-63,forschung_muskelkraft,standard,0,7,5,8,10,23,5,18,true,false,false
match-4900213f-65,forschung_muskelkraft,standard,0,7,5,13,10,28,5,23,false,false,false
match-4900213f-65,rudeljaeger,standard,1,13,5,16,18,39,5,34,true,false,false
match-218e83c0-66,forschung_muskelkraft,standard,0,6,1,4,4,9,1,8,true,false,false
match-218e83c0-66,rudeljaeger,standard,1,6,3,12,16,31,3,28,false,false,false
match-9adbf47d-67,forschung_muskelkraft,standard,0,12,1,4,4,9,1,8,true,true,true
match-1429453b-68,forschung_muskelkraft,standard,0,7,5,12,8,25,5,20,true,false,true
match-3c5900ca-70,forschung_muskelkraft,standard,0,6,2,7,6,15,2,13,false,false,false
match-b5a67187-71,forschung_muskelkraft,standard,0,6,2,8,8,18,2,16,false,false,false
match-2ef3c245-72,forschung_muskelkraft,standard,0,6,4,4,4,12,4,8,true,false,false
match-2ef3c245-72,rudeljaeger,standard,1,11,5,0,0,5,5,0,false,false,false
match-a8413302-73,forschung_muskelkraft,standard,0,6,3,4,4,11,3,8,true,false,false
match-a8413302-73,rudeljaeger,standard,1,6,4,15,19,38,4,34,false,false,false
match-d070ee91-75,forschung_muskelkraft,standard,0,7,4,6,4,14,4,10,true,true,true
match-c30bb00c-77,rudeljaeger,standard,1,6,4,18,23,45,4,41,false,false,false
match-c30bb00c-77,forschung_muskelkraft,standard,0,7,5,7,8,20,5,15,true,false,false
match-71ee1ade-78,forschung_muskelkraft,standard,0,6,2,4,4,10,2,8,true,true,true
match-eb3b6b9b-79,forschung_muskelkraft,standard,0,6,2,4,4,10,2,8,false,false,false
match-ddd62d16-81,forschung_muskelkraft,standard,0,6,2,8,8,18,2,16,true,false,false
match-ddd62d16-81,rudeljaeger,standard,1,6,4,13,17,34,4,30,false,false,false
match-b6648f97-82,rudeljaeger,standard,1,6,3,11,13,27,3,24,true,true,true
match-224ca1d0-85,forschung_muskelkraft,standard,0,10,2,8,6,16,2,14,true,true,true
match-d12f0ca1-86,forschung_muskelkraft,standard,0,6,4,6,6,16,4,12,true,false,false
match-c3c9ce1c-88,forschung_muskelkraft,standard,0,6,2,4,4,10,2,8,false,false,false
match-ebf989ab-90,forschung_muskelkraft,standard,0,6,3,7,6,16,3,13,true,false,false
match-ebf989ab-90,rudeljaeger,standard,1,6,4,15,17,36,4,32,false,false,false
match-06c406b6-94,rudeljaeger,standard,1,7,3,12,18,33,3,30,true,true,true
match-80117773-95,forschung_muskelkraft,standard,0,8,1,2,2,5,1,4,true,true,true
match-713d2869-104,rudeljaeger,standard,1,6,3,11,12,26,3,23,false,false,false
match-713d2869-104,forschung_muskelkraft,aggressive,0,8,5,14,14,33,5,28,true,false,false
match-f7efd7ab-105,rudeljaeger,standard,1,6,2,9,9,20,2,18,true,false,false
match-05551631-107,forschung_muskelkraft,aggressive,0,6,3,9,6,18,3,15,false,false,false
match-05551631-107,rudeljaeger,standard,1,11,5,22,26,53,5,48,true,true,true
match-8c07a573-108,forschung_muskelkraft,aggressive,0,6,5,8,6,19,5,14,true,false,false
match-12ba54b6-109,forschung_muskelkraft,aggressive,0,6,5,8,8,21,5,16,true,false,false
match-55b48d4f-119,forschung_muskelkraft,aggressive,0,6,4,3,2,9,4,5,true,false,false
match-55b48d4f-119,rudeljaeger,standard,1,10,4,0,0,4,4,0,false,false,false
match-dc673c91-120,rudeljaeger,standard,1,6,1,5,6,12,1,11,false,false,false
match-dc673c91-120,forschung_muskelkraft,aggressive,0,6,4,14,12,30,4,26,true,false,false
match-6319cbd4-121,rudeljaeger,standard,1,6,2,9,9,20,2,18,false,false,false
match-6319cbd4-121,forschung_muskelkraft,aggressive,0,6,5,11,12,28,5,23,true,false,false
match-707f0a59-123,forschung_muskelkraft,aggressive,0,6,5,5,2,12,5,7,true,false,false
match-f731b99b-124,rudeljaeger,standard,1,6,2,6,13,21,2,19,false,false,false
match-f731b99b-124,forschung_muskelkraft,aggressive,0,6,4,9,10,23,4,19,true,false,false
match-a614046d-131,forschung_muskelkraft,aggressive,0,6,3,5,2,10,3,7,false,false,false
match-2cc6b3b0-132,rudeljaeger,standard,1,6,2,7,13,22,2,20,false,false,false
match-2cc6b3b0-132,forschung_muskelkraft,aggressive,0,6,3,13,14,30,3,27,true,false,false
match-b37942f2-133,rudeljaeger,standard,1,6,2,8,10,20,2,18,false,false,false
match-b37942f2-133,forschung_muskelkraft,aggressive,0,7,4,8,10,22,4,18,true,false,false
match-3a2bf235-134,forschung_muskelkraft,aggressive,0,6,5,11,6,22,5,17,true,false,true
match-c0de8177-135,rudeljaeger,standard,1,6,3,9,9,21,3,18,true,true,true
match-c0de8177-135,forschung_muskelkraft,aggressive,0,7,2,8,10,20,2,18,false,false,false
match-479130ba-136,rudeljaeger,standard,1,11,5,28,30,63,5,58,false,false,false
match-479130ba-136,forschung_muskelkraft,aggressive,0,12,4,13,12,29,4,25,true,true,true
match-ce43dffc-137,forschung_muskelkraft,aggressive,0,6,5,9,8,22,5,17,true,false,false
match-54f66f3f-138,forschung_muskelkraft,aggressive,0,8,4,5,4,13,4,9,false,false,false
match-54f66f3f-138,rudeljaeger,standard,1,9,5,19,17,41,5,36,true,false,false
match-7d262ace-144,rudeljaeger,standard,1,6,2,9,10,21,2,19,true,false,false
match-7d262ace-144,forschung_muskelkraft,aggressive,0,7,2,7,8,17,2,15,false,false,false
match-03d8da11-145,rudeljaeger,standard,1,8,3,16,18,37,3,34,false,false,false
match-03d8da11-145,forschung_muskelkraft,aggressive,0,12,4,14,12,30,4,26,true,true,true
match-8a8b6953-146,rudeljaeger,standard,1,6,2,8,10,20,2,18,true,false,false
match-113e1896-147,rudeljaeger,standard,1,6,1,5,5,11,1,10,false,false,false
match-113e1896-147,forschung_muskelkraft,aggressive,0,8,4,13,12,29,4,25,true,false,false
match-97f0a7d8-148,forschung_muskelkraft,aggressive,0,12,3,11,4,18,3,15,true,true,true
match-0e52dbc5-153,rudeljaeger,standard,1,6,3,14,15,32,3,29,false,false,false
match-0e52dbc5-153,forschung_muskelkraft,aggressive,0,7,5,12,12,29,5,24,true,false,false
match-5f7070f3-158,forschung_muskelkraft,aggressive,0,8,1,4,4,9,1,8,true,true,true
match-e6230035-159,forschung_muskelkraft,aggressive,0,6,4,3,2,9,4,5,true,false,false
match-e6230035-159,rudeljaeger,standard,1,6,2,8,10,20,2,18,false,false,false
match-d8bdc1b0-161,rudeljaeger,standard,1,6,2,10,11,23,2,21,false,false,false
match-d8bdc1b0-161,forschung_muskelkraft,aggressive,0,8,5,8,10,23,5,18,true,false,false
match-44a5f3e9-162,forschung_muskelkraft,aggressive,0,6,3,4,4,11,3,8,true,false,false
match-44a5f3e9-162,rudeljaeger,standard,1,6,3,13,16,32,3,29,false,false,false
match-3740b564-164,forschung_muskelkraft,aggressive,0,6,3,4,4,11,3,8,true,false,false
match-b08e0621-167,rudeljaeger,standard,1,6,3,13,17,33,3,30,false,false,false
match-b08e0621-167,forschung_muskelkraft,aggressive,0,7,5,8,8,21,5,16,true,false,false
match-1c76385a-168,rudeljaeger,standard,1,7,2,8,10,20,2,18,false,false,false
match-a328c79c-169,forschung_muskelkraft,aggressive,0,6,4,4,4,12,4,8,false,false,false
match-a328c79c-169,rudeljaeger,standard,1,6,3,12,14,29,3,26,false,false,false
match-01abbb50-172,rudeljaeger,standard,1,7,3,13,15,31,3,28,false,false,false
match-01abbb50-172,forschung_muskelkraft,aggressive,0,8,4,13,14,31,4,27,false,false,false
match-7af90c0d-175,forschung_muskelkraft,aggressive,0,6,3,2,2,7,3,4,true,false,false
match-7af90c0d-175,rudeljaeger,standard,1,6,4,14,19,37,4,33,false,false,false
match-e6e13e45-176,forschung_muskelkraft,aggressive,0,6,3,4,4,11,3,8,true,false,false
match-602e8f03-179,rudeljaeger,standard,1,6,4,18,23,45,4,41,true,false,false
match-602e8f03-179,forschung_muskelkraft,aggressive,0,7,5,11,12,28,5,23,false,false,false
match-cc16a13b-180,rudeljaeger,standard,1,6,4,17,20,41,4,37,true,false,false
match-cc16a13b-180,forschung_muskelkraft,aggressive,0,7,5,7,8,20,5,15,false,false,false
match-52c9507e-181,forschung_muskelkraft,aggressive,0,7,4,6,6,16,4,12,true,false,true
match-37fed374-185,rudeljaeger,standard,1,6,3,14,17,34,3,31,false,false,false
match-37fed374-185,forschung_muskelkraft,aggressive,0,11,5,15,12,32,5,27,true,false,true
match-a3e6e5ac-186,forschung_muskelkraft,aggressive,0,6,4,9,8,21,4,17,true,false,false
match-a3e6e5ac-186,rudeljaeger,standard,1,11,5,10,19,34,5,29,false,false,false
match-2a9994ef-187,forschung_muskelkraft,aggressive,0,7,3,8,6,17,3,14,true,false,false
match-2a9994ef-187,rudeljaeger,standard,1,9,4,0,0,4,4,0,false,false,false
match-9681a727-188,forschung_muskelkraft,aggressive,0,6,3,5,2,10,3,7,true,false,false
match-1d34566a-189,forschung_muskelkraft,aggressive,0,6,1,4,4,9,1,8,false,false,false
match-891c68a2-190,rudeljaeger,standard,1,6,3,14,17,34,3,31,true,false,true
match-0269d960-193,forschung_muskelkraft,aggressive,0,8,3,6,6,15,3,12,true,false,false
match-6e51eb98-194,rudeljaeger,standard,1,6,3,14,16,33,3,30,true,true,true
match-f5049ada-195,rudeljaeger,standard,1,6,3,14,16,33,3,30,true,true,true
match-60ecad13-196,forschung_muskelkraft,aggressive,0,6,3,3,2,8,3,5,true,false,false
match-e79f5c55-197,forschung_muskelkraft,aggressive,0,6,1,3,2,6,1,5,false,false,false
match-53876e8e-198,rudeljaeger,standard,1,6,4,14,20,38,4,34,false,false,false
match-53876e8e-198,forschung_muskelkraft,aggressive,0,7,3,7,8,18,3,15,true,false,false
match-a025a8c9-201,forschung_muskelkraft,standard,0,6,4,8,8,20,4,16,true,true,true
match-343d9691-202,rudeljaeger,control,1,6,1,4,3,8,1,7,true,true,true
match-baf025d3-205,rudeljaeger,control,1,6,2,8,10,20,2,18,false,false,false
match-baf025d3-205,forschung_muskelkraft,standard,0,6,3,10,10,23,3,20,true,false,false
match-c8556458-207,rudeljaeger,control,1,6,3,10,12,25,3,22,false,false,false
match-c8556458-207,forschung_muskelkraft,standard,0,6,3,9,10,22,3,19,true,false,false
match-f1435df7-208,forschung_muskelkraft,standard,0,6,4,16,10,30,4,26,false,false,false
match-fea89c7c-210,forschung_muskelkraft,standard,0,6,5,14,12,31,5,26,false,false,false
match-fea89c7c-210,rudeljaeger,control,1,7,4,18,22,44,4,40,false,false,false
match-77f5ed3a-211,forschung_muskelkraft,standard,0,6,3,13,10,26,3,23,true,false,false
match-77f5ed3a-211,rudeljaeger,control,1,11,5,15,17,37,5,32,false,false,false
match-855b2bbf-213,forschung_muskelkraft,standard,0,8,3,8,6,17,3,14,true,false,false
match-855b2bbf-213,rudeljaeger,control,1,11,5,0,0,5,5,0,false,false,false
match-19731987-214,forschung_muskelkraft,standard,0,10,1,4,4,9,1,8,true,true,true
match-34fbb4a1-217,forschung_muskelkraft,standard,0,6,5,9,6,20,5,15,true,false,false
match-c9138268-218,rudeljaeger,control,1,6,3,11,10,24,3,21,false,false,false
match-c9138268-218,forschung_muskelkraft,standard,0,6,4,4,6,14,4,10,true,false,false
match-4fc631ab-221,rudeljaeger,control,1,6,1,5,5,11,1,10,true,false,false
match-4fc631ab-221,forschung_muskelkraft,standard,0,6,4,4,6,14,4,10,false,false,false
match-e3de1f72-222,rudeljaeger,control,1,9,4,19,24,47,4,43,true,false,false
match-e3de1f72-222,forschung_muskelkraft,standard,0,12,4,9,6,19,4,15,false,false,false
match-5d2b7030-223,rudeljaeger,control,1,6,1,5,6,12,1,11,false,false,false
match-5d2b7030-223,forschung_muskelkraft,standard,0,10,2,7,6,15,2,13,true,true,true
match-ae49055e-230,forschung_muskelkraft,standard,0,6,4,13,10,27,4,23,true,false,true
match-50844fbb-232,rudeljaeger,control,1,6,3,11,15,29,3,26,true,true,true
match-50844fbb-232,forschung_muskelkraft,standard,0,7,2,6,8,16,2,14,false,false,false
match-c9d1a078-233,rudeljaeger,control,1,6,4,17,18,39,4,35,false,false,false
match-c9d1a078-233,forschung_muskelkraft,standard,0,10,4,11,12,27,4,23,true,true,true
match-5de98e40-234,rudeljaeger,control,1,6,3,11,12,26,3,23,false,false,false
match-5de98e40-234,forschung_muskelkraft,standard,0,6,3,8,10,21,3,18,true,false,false
match-d736fefd-235,forschung_muskelkraft,standard,0,6,3,7,6,16,3,13,true,false,false
match-6b4eccc5-236,forschung_muskelkraft,standard,0,7,3,7,6,16,3,13,true,false,false
match-6b4eccc5-236,rudeljaeger,control,1,12,3,0,0,3,3,0,false,false,false
match-e49c3d82-237,rudeljaeger,control,1,6,3,11,12,26,3,23,false,false,false
match-e49c3d82-237,forschung_muskelkraft,standard,0,6,2,8,10,20,2,18,true,true,true
match-78b40b4a-238,rudeljaeger,control,1,6,2,8,8,18,2,16,true,true,true
match-1aef55a7-240,forschung_muskelkraft,standard,0,6,3,8,6,17,3,14,true,true,true
match-35b9d2b1-244,forschung_muskelkraft,standard,0,6,2,8,8,18,2,16,true,false,false
match-bc6c61f3-247,forschung_muskelkraft,standard,0,6,5,3,0,8,5,3,true,false,false
match-bc6c61f3-247,rudeljaeger,control,1,12,4,24,27,55,4,51,false,false,false
match-e55a5b92-248,rudeljaeger,control,1,6,2,0,0,2,2,0,true,true,true
match-5ea7ac50-249,rudeljaeger,control,1,6,2,8,10,20,2,18,false,false,false
match-5ea7ac50-249,forschung_muskelkraft,standard,0,6,4,13,12,29,4,25,true,false,false
match-5805d92f-252,rudeljaeger,control,1,6,4,15,20,39,4,35,true,false,false
match-5805d92f-252,forschung_muskelkraft,standard,0,10,3,8,10,21,3,18,false,false,false
match-4aa09aaa-254,forschung_muskelkraft,standard,0,7,4,12,10,26,4,22,true,false,false
match-4aa09aaa-254,rudeljaeger,control,1,9,4,0,0,4,4,0,false,false,false
match-c3edeb67-255,forschung_muskelkraft,standard,0,10,0,0,0,0,0,0,true,true,true
match-3d3b5c25-256,rudeljaeger,control,1,8,5,25,31,61,5,56,true,false,true
match-9b0011c8-258,forschung_muskelkraft,standard,0,6,1,4,4,9,1,8,false,false,false
match-144d6286-259,forschung_muskelkraft,standard,0,7,3,6,2,11,3,8,true,false,false
match-144d6286-259,rudeljaeger,control,1,9,4,0,0,4,4,0,false,false,false
match-f982e57b-263,forschung_muskelkraft,standard,0,8,2,2,2,6,2,4,true,false,false
match-f982e57b-263,rudeljaeger,control,1,9,4,0,0,4,4,0,false,false,false
match-72d05639-264,rudeljaeger,control,1,6,4,17,19,40,4,36,false,false,false
match-72d05639-264,forschung_muskelkraft,standard,0,7,4,8,10,22,4,18,true,false,false
match-ec1da6f6-265,rudeljaeger,control,1,6,3,13,18,34,3,31,true,true,true
match-fa41038b-266,forschung_muskelkraft,standard,0,6,2,3,2,7,2,5,true,false,false
match-738e7449-267,forschung_muskelkraft,standard,0,6,4,8,6,18,4,14,true,false,false
match-ecdbc506-268,forschung_muskelkraft,standard,0,6,4,8,6,18,4,14,true,false,false
match-ecdbc506-268,rudeljaeger,control,1,11,5,10,11,26,5,21,false,false,false
match-662935c4-269,rudeljaeger,control,1,7,3,14,16,33,3,30,false,false,false
match-662935c4-269,forschung_muskelkraft,standard,0,7,4,7,8,19,4,15,true,false,false
match-58c3f73f-271,forschung_muskelkraft,standard,0,6,5,2,2,9,5,4,true,false,false
match-4b5eb8ba-273,rudeljaeger,control,1,6,2,8,8,18,2,16,false,false,false
match-4b5eb8ba-273,forschung_muskelkraft,standard,0,7,5,6,6,17,5,12,true,false,false
match-2270df1b-276,rudeljaeger,control,1,6,4,18,20,42,4,38,false,false,false
match-2270df1b-276,forschung_muskelkraft,standard,0,7,4,11,12,27,4,23,true,false,false
match-9bbe2fd8-277,rudeljaeger,control,1,6,4,15,18,37,4,33,false,false,false
match-9bbe2fd8-277,forschung_muskelkraft,standard,0,11,3,6,6,15,3,12,true,false,false
match-8e58f153-279,forschung_muskelkraft,standard,0,7,4,16,10,30,4,26,true,false,false
match-80f3b2ce-281,forschung_muskelkraft,standard,0,6,2,3,2,7,2,5,true,false,false
match-80f3b2ce-281,rudeljaeger,control,1,6,4,4,6,14,4,10,false,false,false
match-8f170f63-282,forschung_muskelkraft,standard,0,6,4,3,2,9,4,5,true,false,false
match-8f170f63-282,rudeljaeger,control,1,6,4,16,20,40,4,36,false,false,false
match-08646021-283,forschung_muskelkraft,standard,0,11,3,10,4,17,3,14,true,false,true
match-81b1d0de-284,forschung_muskelkraft,standard,0,6,2,4,4,10,2,8,false,false,false
match-81b1d0de-284,rudeljaeger,control,1,6,4,14,18,36,4,32,true,false,false
match-744c9259-286,forschung_muskelkraft,standard,0,6,3,7,4,14,3,11,true,false,false
match-ed99e316-287,rudeljaeger,control,1,6,2,9,10,21,2,19,true,true,true
match-66e753d4-288,forschung_muskelkraft,standard,0,6,5,9,6,20,5,15,true,false,false
match-66e753d4-288,rudeljaeger,control,1,7,3,12,16,31,3,28,false,false,false
match-e034a491-289,forschung_muskelkraft,standard,0,6,4,8,6,18,4,14,true,false,false
match-e034a491-289,rudeljaeger,control,1,7,4,16,18,38,4,34,false,false,false
match-3df97a35-291,forschung_muskelkraft,standard,0,6,4,3,2,9,4,5,true,false,false
match-3df97a35-291,rudeljaeger,control,1,6,3,13,16,32,3,29,false,false,false
match-30943bb0-293,forschung_muskelkraft,standard,0,6,2,8,6,16,2,14,true,false,false
match-30943bb0-293,rudeljaeger,control,1,11,3,9,13,25,3,22,false,false,false
match-a9e18c6d-294,forschung_muskelkraft,standard,0,6,3,7,6,16,3,13,true,false,false
match-9c7c4de8-296,rudeljaeger,control,1,6,5,19,20,44,5,39,false,false,false
match-9c7c4de8-296,forschung_muskelkraft,standard,0,9,5,15,14,34,5,29,true,false,false
match-15c9bea6-297,rudeljaeger,control,1,6,3,12,15,30,3,27,true,false,true
match-23ed1b3b-298,forschung_muskelkraft,standard,0,6,3,9,6,18,3,15,true,false,false
match-20ca39bb-305,forschung_muskelkraft,random,0,8,3,8,4,15,3,12,true,true,true
match-b4e20782-306,rudeljaeger,standard,1,7,5,20,19,44,5,39,true,false,true
match-d06aa29c-309,rudeljaeger,standard,1,6,1,2,7,10,1,9,true,true,true
match-565f33cf-329,forschung_muskelkraft,random,0,7,3,2,2,7,3,4,true,false,false
match-565f33cf-329,rudeljaeger,standard,1,13,5,11,10,26,5,21,false,false,false
match-7dd0d14e-336,forschung_muskelkraft,random,0,8,4,14,12,30,4,26,true,false,false
match-7dd0d14e-336,rudeljaeger,standard,1,11,5,16,14,35,5,30,false,false,false
match-3ad698b5-342,rudeljaeger,standard,1,6,1,2,4,7,1,6,true,true,true
match-94ba5e9c-352,rudeljaeger,standard,1,6,3,13,14,30,3,27,true,true,true
match-af84dba6-356,forschung_muskelkraft,random,0,6,2,9,8,19,2,17,true,false,false
match-af84dba6-356,rudeljaeger,standard,1,9,3,12,11,26,3,23,false,false,false
match-28d22c64-357,rudeljaeger,standard,1,6,4,15,15,34,4,30,true,true,true
match-6c8a830d-358,rudeljaeger,standard,1,6,3,11,12,26,3,23,true,false,true
match-5f254488-360,rudeljaeger,standard,1,6,2,9,9,20,2,18,true,true,true
match-00a270d5-363,forschung_muskelkraft,random,0,6,4,0,0,4,4,0,false,false,false
match-439ca96e-377,rudeljaeger,standard,1,6,3,13,13,29,3,26,true,true,true
match-e45bb7aa-385,forschung_muskelkraft,random,0,7,5,4,0,9,5,4,false,false,false
match-e45bb7aa-385,rudeljaeger,standard,1,11,5,26,24,55,5,50,true,false,true
match-42de8b5e-390,rudeljaeger,standard,1,6,2,6,7,15,2,13,true,true,true
match-5043c9e3-396,rudeljaeger,standard,1,6,4,14,16,34,4,30,false,false,false
match-5043c9e3-396,forschung_muskelkraft,random,0,7,4,11,12,27,4,23,true,false,false
match-6797f763-400,forschung_muskelkraft,standard,0,6,4,15,15,34,4,30,true,false,false
match-6797f763-400,solidaritaet_ueberleben,standard,1,10,5,22,30,57,5,52,false,false,false
match-ee4a86a5-401,solidaritaet_ueberleben,standard,1,6,3,11,14,28,3,25,false,false,false
match-ee4a86a5-401,forschung_muskelkraft,standard,0,6,5,4,6,15,5,10,true,false,false
match-5a32b8de-402,forschung_muskelkraft,standard,0,6,5,11,14,30,5,25,false,false,false
match-5a32b8de-402,solidaritaet_ueberleben,standard,1,16,3,12,14,29,3,26,false,false,false
match-e0e54820-403,forschung_muskelkraft,standard,0,6,4,10,11,25,4,21,true,false,false
match-e0e54820-403,solidaritaet_ueberleben,standard,1,7,5,21,27,53,5,48,false,false,false
match-8262746d-404,solidaritaet_ueberleben,standard,1,6,3,10,13,26,3,23,false,false,false
match-8262746d-404,forschung_muskelkraft,standard,0,11,5,8,10,23,5,18,false,false,false
match-091503b0-405,forschung_muskelkraft,standard,0,6,2,8,10,20,2,18,false,false,false
match-091503b0-405,solidaritaet_ueberleben,standard,1,9,4,12,13,29,4,25,true,true,true
match-74fd35e8-406,forschung_muskelkraft,standard,0,10,5,16,20,41,5,36,true,false,true
match-fbafc52a-407,forschung_muskelkraft,standard,0,6,3,12,13,28,3,25,true,false,false
match-fbafc52a-407,solidaritaet_ueberleben,standard,1,14,3,8,10,21,3,18,false,false,false
match-9d2cf177-408,forschung_muskelkraft,standard,0,12,5,18,22,45,5,40,false,false,false
match-9d2cf177-408,solidaritaet_ueberleben,standard,1,14,5,29,27,61,5,56,true,true,true
match-23df80ba-409,forschung_muskelkraft,standard,0,6,3,8,10,21,3,18,false,false,false
match-23df80ba-409,solidaritaet_ueberleben,standard,1,8,5,19,27,51,5,46,true,false,false
match-8fc7b2f2-410,solidaritaet_ueberleben,standard,1,6,2,9,10,21,2,19,true,false,false
match-167a4235-411,solidaritaet_ueberleben,standard,1,6,3,12,14,29,3,26,true,false,false
match-167a4235-411,forschung_muskelkraft,standard,0,6,3,9,12,24,3,21,false,false,false
match-b7f76e81-412,solidaritaet_ueberleben,standard,1,6,2,9,8,19,2,17,false,false,false
match-b7f76e81-412,forschung_muskelkraft,standard,0,8,5,7,8,20,5,15,true,false,false
match-3eaa1dc4-413,solidaritaet_ueberleben,standard,1,6,3,11,13,27,3,24,true,false,false
match-3eaa1dc4-413,forschung_muskelkraft,standard,0,9,2,3,2,7,2,5,false,false,false
match-aa922ffc-414,solidaritaet_ueberleben,standard,1,9,5,23,30,58,5,53,false,false,false
match-aa922ffc-414,forschung_muskelkraft,standard,0,10,5,15,15,35,5,30,true,false,false
match-3144df3f-415,solidaritaet_ueberleben,standard,1,6,2,9,9,20,2,18,false,false,false
match-3144df3f-415,forschung_muskelkraft,standard,0,11,4,17,24,45,4,41,true,false,true
match-d2c1eb8b-416,forschung_muskelkraft,standard,0,6,3,13,13,29,3,26,true,false,false
match-d2c1eb8b-416,solidaritaet_ueberleben,standard,1,10,5,21,28,54,5,49,false,false,false
match-59749ace-417,solidaritaet_ueberleben,standard,1,6,3,12,14,29,3,26,true,false,false
match-59749ace-417,forschung_muskelkraft,standard,0,9,3,0,0,3,3,0,false,false,false
match-c55cad06-418,forschung_muskelkraft,standard,0,6,5,17,16,38,5,33,false,false,false
match-c55cad06-418,solidaritaet_ueberleben,standard,1,7,5,17,26,48,5,43,true,false,false
match-4c0f5c49-419,forschung_muskelkraft,standard,0,6,5,15,15,35,5,30,true,false,false
match-ed8c6895-420,forschung_muskelkraft,standard,0,6,2,6,8,16,2,14,true,false,false
match-ed8c6895-420,solidaritaet_ueberleben,standard,1,10,4,17,22,43,4,39,false,false,false
match-e0272a10-422,solidaritaet_ueberleben,standard,1,6,2,9,8,19,2,17,true,false,false
match-e0272a10-422,forschung_muskelkraft,standard,0,6,5,10,18,33,5,28,false,false,false
match-66d9d953-423,forschung_muskelkraft,standard,0,6,4,17,19,40,4,36,true,false,false
match-0856e5a0-424,solidaritaet_ueberleben,standard,1,6,2,8,11,21,2,19,false,false,false
match-0856e5a0-424,forschung_muskelkraft,standard,0,7,5,4,6,15,5,10,true,false,false
match-8f0994e2-425,forschung_muskelkraft,standard,0,6,4,10,11,25,4,21,true,false,false
match-8f0994e2-425,solidaritaet_ueberleben,standard,1,13,5,28,29,62,5,57,false,false,false
match-faf1a71a-426,solidaritaet_ueberleben,standard,1,9,5,23,29,57,5,52,true,false,true
match-81a4565d-427,solidaritaet_ueberleben,standard,1,6,3,10,15,28,3,25,true,false,false
match-81a4565d-427,forschung_muskelkraft,standard,0,6,4,7,11,22,4,18,false,false,false
match-232162aa-428,forschung_muskelkraft,standard,0,6,5,6,7,18,5,13,false,false,false
match-232162aa-428,solidaritaet_ueberleben,standard,1,10,4,6,6,16,4,12,true,true,true
match-a9d411ec-429,solidaritaet_ueberleben,standard,1,6,2,9,9,20,2,18,true,false,true
match-15bc2425-430,forschung_muskelkraft,standard,0,6,3,13,15,31,3,28,true,false,false
match-9c6ed367-431,solidaritaet_ueberleben,standard,1,8,4,7,7,18,4,14,true,true,true
match-3debffb4-432,forschung_muskelkraft,standard,0,6,5,8,9,22,5,17,true,true,true
match-c49e8ef6-433,solidaritaet_ueberleben,standard,1,6,2,6,10,18,2,16,false,false,false
match-c49e8ef6-433,forschung_muskelkraft,standard,0,7,3,12,16,31,3,28,true,false,false
match-3086a12f-434,solidaritaet_ueberleben,standard,1,6,2,7,10,19,2,17,false,false,false
match-3086a12f-434,forschung_muskelkraft,standard,0,6,5,4,6,15,5,10,true,false,false
match-b7395071-435,forschung_muskelkraft,standard,0,8,2,6,10,18,2,16,true,false,false
match-b7395071-435,solidaritaet_ueberleben,standard,1,9,5,0,0,5,5,0,false,false,false
match-58b67cbe-436,solidaritaet_ueberleben,standard,1,6,4,14,14,32,4,28,true,false,false
match-58b67cbe-436,forschung_muskelkraft,standard,0,6,3,7,11,21,3,18,false,false,false
match-df690c00-437,solidaritaet_ueberleben,standard,1,6,3,12,14,29,3,26,true,false,false
match-df690c00-437,forschung_muskelkraft,standard,0,6,4,12,14,30,4,26,false,false,false
match-7380f9c8-440,forschung_muskelkraft,standard,0,6,5,16,23,44,5,39,true,false,false
match-fa33890a-441,solidaritaet_ueberleben,standard,1,6,2,7,8,17,2,15,true,false,true
match-fa33890a-441,forschung_muskelkraft,standard,0,6,4,4,6,14,4,10,false,false,false
match-661bbb43-442,forschung_muskelkraft,standard,0,10,4,6,6,16,4,12,false,false,false
match-ecce4a85-443,solidaritaet_ueberleben,standard,1,6,3,12,15,30,3,27,false,false,false
match-ecce4a85-443,forschung_muskelkraft,standard,0,9,3,11,14,28,3,25,false,false,false
match-8e4b76d2-444,solidaritaet_ueberleben,standard,1,8,4,15,18,37,4,33,true,true,true
match-14fe0615-445,forschung_muskelkraft,standard,0,6,4,15,15,34,4,30,false,false,false
match-14fe0615-445,solidaritaet_ueberleben,standard,1,12,5,26,35,66,5,61,true,false,false
match-80e6384d-446,forschung_muskelkraft,standard,0,6,5,10,12,27,5,22,true,false,false
match-0798c790-447,forschung_muskelkraft,standard,0,6,4,14,22,40,4,36,true,false,false
match-a915f3dc-448,forschung_muskelkraft,standard,0,11,4,5,4,13,4,9,false,false,false
match-a915f3dc-448,solidaritaet_ueberleben,standard,1,11,5,17,20,42,5,37,false,false,false
match-2fc8831f-449,solidaritaet_ueberleben,standard,1,6,2,9,10,21,2,19,false,false,false
match-2fc8831f-449,forschung_muskelkraft,standard,0,7,3,11,12,26,3,23,true,false,false
match-7d052891-450,forschung_muskelkraft,standard,0,7,3,11,11,25,3,22,true,false,false
match-7d052891-450,solidaritaet_ueberleben,standard,1,9,5,22,30,57,5,52,false,false,false
match-03b7d7d4-451,forschung_muskelkraft,standard,0,13,2,8,8,18,2,16,false,false,false
match-03b7d7d4-451,solidaritaet_ueberleben,standard,1,16,5,15,18,38,5,33,true,true,true
match-8a6a6716-452,solidaritaet_ueberleben,standard,1,6,3,11,15,29,3,26,false,false,false
match-8a6a6716-452,forschung_muskelkraft,standard,0,7,5,16,19,40,5,35,false,false,false
match-111d1659-453,solidaritaet_ueberleben,standard,1,6,4,17,22,43,4,39,true,false,false
match-111d1659-453,forschung_muskelkraft,standard,0,8,3,13,16,32,3,29,false,false,false
match-623aab87-454,forschung_muskelkraft,standard,0,6,3,7,10,20,3,17,true,false,false
match-e8ed5ac9-455,forschung_muskelkraft,standard,0,6,4,11,15,30,4,26,true,false,false
match-6f9fea0c-456,forschung_muskelkraft,standard,0,7,5,12,14,31,5,26,true,true,true
match-b29a22a5-458,forschung_muskelkraft,standard,0,7,5,16,20,41,5,36,true,false,false
match-b29a22a5-458,solidaritaet_ueberleben,standard,1,15,5,21,20,46,5,41,false,false,false
match-394cd1e8-459,forschung_muskelkraft,standard,0,6,2,7,8,17,2,15,false,false,false
match-394cd1e8-459,solidaritaet_ueberleben,standard,1,15,4,15,12,31,4,27,false,false,false
match-46b2106d-461,solidaritaet_ueberleben,standard,1,8,5,25,34,64,5,59,false,false,false
match-46b2106d-461,forschung_muskelkraft,standard,0,9,3,9,15,27,3,24,true,false,false
match-97cfa59b-462,forschung_muskelkraft,standard,0,10,2,6,6,14,2,12,true,false,false
match-97cfa59b-462,solidaritaet_ueberleben,standard,1,10,5,24,26,55,5,50,false,false,false
match-a534e420-464,solidaritaet_ueberleben,standard,1,6,4,12,15,31,4,27,false,false,false
match-a534e420-464,forschung_muskelkraft,standard,0,9,3,0,0,3,3,0,true,false,false
match-2be79363-465,solidaritaet_ueberleben,standard,1,8,5,23,29,57,5,52,false,false,false
match-2be79363-465,forschung_muskelkraft,standard,0,9,5,17,22,44,5,39,true,false,false
match-e82f3cb9-466,solidaritaet_ueberleben,standard,1,6,4,17,22,43,4,39,true,false,false
match-e82f3cb9-466,forschung_muskelkraft,standard,0,7,5,11,15,31,5,26,false,false,false
match-6ee1cbfc-467,forschung_muskelkraft,standard,0,8,3,10,11,24,3,21,false,false,false
match-6ee1cbfc-467,solidaritaet_ueberleben,standard,1,9,5,22,30,57,5,52,true,false,false
match-f5947b3e-468,forschung_muskelkraft,standard,0,10,5,19,19,43,5,38,true,true,true
match-7c470a81-469,forschung_muskelkraft,standard,0,6,2,3,5,10,2,8,false,false,false
match-54174ef2-471,forschung_muskelkraft,standard,0,6,2,7,8,17,2,15,false,false,false
match-54174ef2-471,solidaritaet_ueberleben,standard,1,6,4,17,19,40,4,36,true,false,false
match-dac9fe34-472,solidaritaet_ueberleben,standard,1,6,5,21,25,51,5,46,true,false,true
match-617c8d77-473,solidaritaet_ueberleben,standard,1,6,4,18,23,45,4,41,true,false,true
match-1dc436ce-474,solidaritaet_ueberleben,standard,1,7,4,18,21,43,4,39,false,false,false
match-1dc436ce-474,forschung_muskelkraft,standard,0,8,2,9,12,23,2,21,false,false,false
match-a476c610-475,forschung_muskelkraft,standard,0,6,3,4,5,12,3,9,false,false,false
match-a476c610-475,solidaritaet_ueberleben,standard,1,6,4,15,21,40,4,36,true,false,true
match-2b297553-476,forschung_muskelkraft,standard,0,8,3,5,7,15,3,12,true,false,false
match-2b297553-476,solidaritaet_ueberleben,standard,1,9,5,22,31,58,5,53,false,false,false
match-b1dc0495-477,solidaritaet_ueberleben,standard,1,6,4,15,21,40,4,36,false,false,false
match-b1dc0495-477,forschung_muskelkraft,standard,0,7,5,18,24,47,5,42,true,false,false
match-02f9b9c4-478,solidaritaet_ueberleben,standard,1,6,4,16,21,41,4,37,false,false,false
match-02f9b9c4-478,forschung_muskelkraft,standard,0,9,5,19,22,46,5,41,false,false,false
match-89ac4906-479,forschung_muskelkraft,standard,0,7,5,15,19,39,5,34,true,true,true
match-105ef849-480,forschung_muskelkraft,standard,0,6,1,2,2,5,1,4,false,false,false
match-105ef849-480,solidaritaet_ueberleben,standard,1,6,3,12,13,28,3,25,true,false,false
match-9711878b-481,forschung_muskelkraft,standard,0,6,3,10,8,21,3,18,false,false,false
match-9711878b-481,solidaritaet_ueberleben,standard,1,8,5,21,28,54,5,49,true,false,false
match-535930e2-482,forschung_muskelkraft,standard,0,6,2,5,6,13,2,11,false,false,false
match-535930e2-482,solidaritaet_ueberleben,standard,1,6,4,15,16,35,4,31,true,false,true
match-da0bc024-483,solidaritaet_ueberleben,standard,1,9,5,26,22,53,5,48,false,false,false
match-da0bc024-483,forschung_muskelkraft,standard,0,10,3,9,13,25,3,22,true,false,false
match-e7711ea9-485,solidaritaet_ueberleben,standard,1,6,3,13,18,34,3,31,false,false,false
match-e7711ea9-485,forschung_muskelkraft,standard,0,8,5,3,5,13,5,8,false,false,false
match-388eb3d8-486,forschung_muskelkraft,standard,0,8,3,8,8,19,3,16,true,false,false
match-bf41431a-487,forschung_muskelkraft,standard,0,6,4,7,7,18,4,14,true,false,false
match-cca6819f-489,solidaritaet_ueberleben,standard,1,6,4,17,23,44,4,40,false,false,false
match-cca6819f-489,forschung_muskelkraft,standard,0,7,3,12,16,31,3,28,true,false,false
match-88ee2af6-490,solidaritaet_ueberleben,standard,1,6,3,13,15,31,3,28,false,false,false
match-88ee2af6-490,forschung_muskelkraft,standard,0,8,5,17,20,42,5,37,true,false,false
match-0fa0da39-491,solidaritaet_ueberleben,standard,1,6,4,16,17,37,4,33,true,false,false
match-0fa0da39-491,forschung_muskelkraft,standard,0,10,3,5,8,16,3,13,false,false,false
match-9653697b-492,solidaritaet_ueberleben,standard,1,7,5,21,25,51,5,46,false,false,false
match-9653697b-492,forschung_muskelkraft,standard,0,9,5,11,15,31,5,26,true,false,false
match-1d0618be-493,forschung_muskelkraft,standard,0,6,3,6,7,16,3,13,false,false,false
match-6e23adec-494,forschung_muskelkraft,standard,0,7,3,10,11,24,3,21,true,true,true
match-7b88ec71-496,solidaritaet_ueberleben,standard,1,7,5,20,24,49,5,44,true,true,true
match-023b9bb4-497,solidaritaet_ueberleben,standard,1,6,5,21,24,50,5,45,false,false,false
match-023b9bb4-497,forschung_muskelkraft,standard,0,9,5,16,17,38,5,33,true,false,false
match-be83250a-498,forschung_muskelkraft,standard,0,8,3,3,3,9,3,6,true,false,false
match-be83250a-498,solidaritaet_ueberleben,standard,1,12,5,0,0,5,5,0,false,false,false
match-4535d44d-499,forschung_muskelkraft,standard,0,6,3,10,11,24,3,21,false,false,false
match-887092be-501,forschung_muskelkraft,aggressive,0,6,4,14,20,38,4,34,true,true,true
match-f458a4f6-502,solidaritaet_ueberleben,standard,1,6,2,7,11,20,2,18,true,false,false
match-f458a4f6-502,forschung_muskelkraft,aggressive,0,6,3,12,16,31,3,28,false,false,false
match-7b0b5439-503,forschung_muskelkraft,aggressive,0,6,3,11,14,28,3,25,true,false,false
match-1c886086-504,forschung_muskelkraft,aggressive,0,6,3,10,11,24,3,21,false,false,false
match-1c886086-504,solidaritaet_ueberleben,standard,1,9,5,25,32,62,5,57,true,false,false
match-a33b0fc8-505,solidaritaet_ueberleben,standard,1,6,1,5,6,12,1,11,true,true,true
match-0f232201-506,solidaritaet_ueberleben,standard,1,7,4,20,27,51,4,47,true,false,true
match-95d5d143-507,solidaritaet_ueberleben,standard,1,6,3,13,14,30,3,27,true,false,true
match-95d5d143-507,forschung_muskelkraft,aggressive,0,7,4,4,6,14,4,10,false,false,false
match-be058cd2-509,solidaritaet_ueberleben,standard,1,6,3,12,15,30,3,27,false,false,false
match-be058cd2-509,forschung_muskelkraft,aggressive,0,6,4,12,18,34,4,30,false,false,false
match-521d7a9a-512,solidaritaet_ueberleben,standard,1,6,2,9,6,17,2,15,true,false,false
match-521d7a9a-512,forschung_muskelkraft,aggressive,0,6,4,13,19,36,4,32,false,false,false
match-d8d009dc-513,solidaritaet_ueberleben,standard,1,6,2,6,7,15,2,13,true,false,false
match-44b83c15-514,solidaritaet_ueberleben,standard,1,9,5,23,29,57,5,52,false,false,false
match-44b83c15-514,forschung_muskelkraft,aggressive,0,11,5,17,19,41,5,36,true,true,true
match-cb6acb57-515,forschung_muskelkraft,aggressive,0,6,5,14,10,29,5,24,false,false,false
match-9693ef53-516,solidaritaet_ueberleben,standard,1,6,2,9,10,21,2,19,true,false,true
match-9693ef53-516,forschung_muskelkraft,aggressive,0,6,4,11,14,29,4,25,false,false,false
match-1d469e96-517,forschung_muskelkraft,aggressive,0,6,3,12,15,30,3,27,false,false,false
match-1d469e96-517,solidaritaet_ueberleben,standard,1,7,4,15,19,38,4,34,true,false,false
match-892eb0ce-518,forschung_muskelkraft,aggressive,0,6,5,6,8,19,5,14,false,false,false
match-0fe14011-519,solidaritaet_ueberleben,standard,1,6,2,9,10,21,2,19,false,false,false
match-0fe14011-519,forschung_muskelkraft,aggressive,0,7,4,14,20,38,4,34,true,false,false
match-b15e6c5d-520,forschung_muskelkraft,aggressive,0,6,4,10,12,26,4,22,true,false,false
match-38111ba0-521,solidaritaet_ueberleben,standard,1,6,2,7,10,19,2,17,false,false,false
match-a3f92dd8-522,forschung_muskelkraft,aggressive,0,6,5,6,6,17,5,12,false,false,false
match-a3f92dd8-522,solidaritaet_ueberleben,standard,1,9,5,21,27,53,5,48,true,false,false
match-2aabdd1b-523,forschung_muskelkraft,aggressive,0,6,4,14,16,34,4,30,true,false,false
match-2aabdd1b-523,solidaritaet_ueberleben,standard,1,9,5,21,25,51,5,46,false,false,false
match-52db98aa-525,forschung_muskelkraft,aggressive,0,6,4,11,9,24,4,20,false,false,false
match-52db98aa-525,solidaritaet_ueberleben,standard,1,9,5,9,15,29,5,24,true,false,false
match-bec3aae2-526,forschung_muskelkraft,aggressive,0,6,3,12,13,28,3,25,true,false,false
match-bec3aae2-526,solidaritaet_ueberleben,standard,1,11,5,15,15,35,5,30,false,false,false
match-45765a25-527,forschung_muskelkraft,aggressive,0,6,2,8,10,20,2,18,false,false,false
match-6da615b4-529,forschung_muskelkraft,aggressive,0,9,3,7,9,19,3,16,true,true,true
match-d98e27ec-530,forschung_muskelkraft,aggressive,0,6,4,6,7,17,4,13,true,true,true
match-2b69fb2b-532,solidaritaet_ueberleben,standard,1,6,4,16,16,36,4,32,true,false,true
match-2b69fb2b-532,forschung_muskelkraft,aggressive,0,6,4,13,18,35,4,31,false,false,false
match-b21c8a6d-533,forschung_muskelkraft,aggressive,0,6,3,10,12,25,3,22,true,true,true
match-1e04bca6-534,forschung_muskelkraft,aggressive,0,6,5,11,18,34,5,29,false,false,false
match-1e04bca6-534,solidaritaet_ueberleben,standard,1,7,4,18,23,45,4,41,true,false,false
match-a4b74be8-535,solidaritaet_ueberleben,standard,1,6,1,5,6,12,1,11,false,false,false
match-a4b74be8-535,forschung_muskelkraft,aggressive,0,6,4,12,12,28,4,24,true,false,false
match-46347835-536,solidaritaet_ueberleben,standard,1,6,3,10,13,26,3,23,true,false,false
match-46347835-536,forschung_muskelkraft,aggressive,0,6,3,11,14,28,3,25,false,false,false
match-cce70777-537,forschung_muskelkraft,aggressive,0,8,3,10,11,24,3,21,true,false,false
match-38cf39b0-538,solidaritaet_ueberleben,standard,1,7,3,15,15,33,3,30,true,false,false
match-38cf39b0-538,forschung_muskelkraft,aggressive,0,11,4,9,9,22,4,18,false,false,false
match-bf81c8f2-539,forschung_muskelkraft,aggressive,0,6,4,9,8,21,4,17,false,false,false
match-60fef53f-540,forschung_muskelkraft,aggressive,0,7,4,13,13,30,4,26,false,false,false
match-60fef53f-540,solidaritaet_ueberleben,standard,1,9,5,23,27,55,5,50,false,false,false
match-e7b18481-541,solidaritaet_ueberleben,standard,1,6,2,8,8,18,2,16,false,false,false
match-e7b18481-541,forschung_muskelkraft,aggressive,0,11,2,8,8,18,2,16,true,false,false
match-5399b6ba-542,solidaritaet_ueberleben,standard,1,6,3,12,15,30,3,27,true,false,false
match-5399b6ba-542,forschung_muskelkraft,aggressive,0,8,5,0,0,5,5,0,false,false,false
match-da4c45fc-543,solidaritaet_ueberleben,standard,1,6,2,6,10,18,2,16,true,false,false
match-da4c45fc-543,forschung_muskelkraft,aggressive,0,6,4,12,15,31,4,27,false,false,false
match-027c018c-545,solidaritaet_ueberleben,standard,1,9,4,5,6,15,4,11,false,false,false
match-027c018c-545,forschung_muskelkraft,aggressive,0,10,5,6,7,18,5,13,true,false,false
match-c03fe702-548,forschung_muskelkraft,aggressive,0,6,3,9,12,24,3,21,true,false,false
match-46f29645-549,forschung_muskelkraft,aggressive,0,7,3,6,7,16,3,13,true,false,true
match-4050a324-550,solidaritaet_ueberleben,standard,1,8,5,23,30,58,5,53,true,false,false
match-4050a324-550,forschung_muskelkraft,aggressive,0,9,4,19,24,47,4,43,false,false,false
match-c7035266-551,forschung_muskelkraft,aggressive,0,6,3,9,14,26,3,23,false,false,false
match-c7035266-551,solidaritaet_ueberleben,standard,1,12,5,6,6,17,5,12,true,false,false
match-4db5e1a9-552,forschung_muskelkraft,aggressive,0,6,3,7,4,14,3,11,true,false,false
match-d46890eb-553,forschung_muskelkraft,aggressive,0,8,3,8,10,21,3,18,false,false,false
match-d46890eb-553,solidaritaet_ueberleben,standard,1,9,5,21,24,50,5,45,false,false,false
match-5b1b202e-554,forschung_muskelkraft,aggressive,0,7,4,12,10,26,4,22,false,false,false
match-5b1b202e-554,solidaritaet_ueberleben,standard,1,16,5,14,12,31,5,26,true,true,true
match-e1cdcf70-555,forschung_muskelkraft,aggressive,0,6,3,6,9,18,3,15,true,false,false
match-e1cdcf70-555,solidaritaet_ueberleben,standard,1,9,5,24,31,60,5,55,false,false,false
match-68807eb3-556,forschung_muskelkraft,aggressive,0,6,3,7,7,17,3,14,false,false,false
match-68807eb3-556,solidaritaet_ueberleben,standard,1,6,4,15,18,37,4,33,true,false,false
match-ef330df5-557,forschung_muskelkraft,aggressive,0,6,2,5,6,13,2,11,false,false,false
match-75e5bd38-558,solidaritaet_ueberleben,standard,1,6,5,22,25,52,5,47,true,false,true
match-fc984c7a-559,forschung_muskelkraft,aggressive,0,8,2,9,10,21,2,19,false,false,false
match-fc984c7a-559,solidaritaet_ueberleben,standard,1,8,5,22,26,53,5,48,true,false,true
match-834afbbd-560,forschung_muskelkraft,aggressive,0,12,2,8,8,18,2,16,true,false,false
match-834afbbd-560,solidaritaet_ueberleben,standard,1,12,5,4,6,15,5,10,false,false,false
match-09fd8b00-561,forschung_muskelkraft,aggressive,0,8,1,5,6,12,1,11,false,false,false
match-09fd8b00-561,solidaritaet_ueberleben,standard,1,9,5,4,6,15,5,10,true,false,false
match-90b03a42-562,forschung_muskelkraft,aggressive,0,6,3,12,14,29,3,26,false,false,false
match-90b03a42-562,solidaritaet_ueberleben,standard,1,8,5,19,28,52,5,47,true,false,false
match-1762c985-563,forschung_muskelkraft,aggressive,0,6,2,6,6,14,2,12,false,false,false
match-9e1578c7-564,forschung_muskelkraft,aggressive,0,6,5,3,5,13,5,8,false,false,false
match-9e1578c7-564,solidaritaet_ueberleben,standard,1,8,5,24,29,58,5,53,true,false,true
match-24c8080a-565,forschung_muskelkraft,aggressive,0,6,2,7,6,15,2,13,true,false,false
match-24c8080a-565,solidaritaet_ueberleben,standard,1,9,4,20,25,49,4,45,false,false,false
match-d526aefb-566,forschung_muskelkraft,aggressive,0,8,3,7,8,18,3,15,false,false,false
match-d526aefb-566,solidaritaet_ueberleben,standard,1,8,4,17,23,44,4,40,false,false,false
match-5bd95e3e-567,forschung_muskelkraft,aggressive,0,6,4,11,12,27,4,23,true,false,false
match-e28bed80-568,forschung_muskelkraft,aggressive,0,6,2,6,8,16,2,14,true,false,false
match-693e9cc3-569,forschung_muskelkraft,aggressive,0,6,2,7,10,19,2,17,false,false,false
match-693e9cc3-569,solidaritaet_ueberleben,standard,1,14,5,26,23,54,5,49,true,true,true
match-eff12c05-570,solidaritaet_ueberleben,standard,1,6,3,14,15,32,3,29,true,true,true
match-76a3db48-571,solidaritaet_ueberleben,standard,1,6,4,14,14,32,4,28,false,false,false
match-76a3db48-571,forschung_muskelkraft,aggressive,0,8,5,0,0,5,5,0,true,false,false
match-fd566a8a-572,solidaritaet_ueberleben,standard,1,6,3,13,15,31,3,28,true,false,false
match-840919cd-573,forschung_muskelkraft,aggressive,0,12,3,14,15,32,3,29,false,false,false
match-0abba910-574,solidaritaet_ueberleben,standard,1,6,3,12,14,29,3,26,true,false,true
match-916e5852-575,forschung_muskelkraft,aggressive,0,6,4,13,10,27,4,23,false,false,false
match-916e5852-575,solidaritaet_ueberleben,standard,1,11,5,25,23,53,5,48,true,false,true
match-1820e795-576,forschung_muskelkraft,aggressive,0,6,2,8,8,18,2,16,false,false,false
match-9ed396d7-577,solidaritaet_ueberleben,standard,1,11,2,12,11,25,2,23,true,false,false
match-9ed396d7-577,forschung_muskelkraft,aggressive,0,11,3,10,14,27,3,24,false,false,false
match-ac38d55c-579,forschung_muskelkraft,aggressive,0,6,1,3,4,8,1,7,true,true,true
match-32eb649f-580,forschung_muskelkraft,aggressive,0,6,4,12,12,28,4,24,false,false,false
match-69fcbad3-582,forschung_muskelkraft,aggressive,0,7,3,10,11,24,3,21,true,false,false
match-69fcbad3-582,solidaritaet_ueberleben,standard,1,10,5,23,31,59,5,54,false,false,false
match-f0af4a15-583,solidaritaet_ueberleben,standard,1,10,5,17,13,35,5,30,false,false,false
match-f0af4a15-583,forschung_muskelkraft,aggressive,0,12,5,16,19,40,5,35,false,false,false
match-7761f958-584,forschung_muskelkraft,aggressive,0,6,4,2,0,6,4,2,false,false,false
match-7761f958-584,solidaritaet_ueberleben,standard,1,6,3,13,15,31,3,28,true,false,false
match-84c737dd-586,solidaritaet_ueberleben,standard,1,6,4,17,17,38,4,34,true,false,true
match-0b79c720-587,solidaritaet_ueberleben,standard,1,7,5,23,25,53,5,48,true,false,false
match-18df05a5-589,solidaritaet_ueberleben,standard,1,6,4,13,15,32,4,28,false,false,false
match-18df05a5-589,forschung_muskelkraft,aggressive,0,8,5,16,20,41,5,36,true,false,false
match-9f91b4e7-590,solidaritaet_ueberleben,standard,1,7,3,14,20,37,3,34,true,false,true
match-2644442a-591,forschung_muskelkraft,aggressive,0,6,3,4,4,11,3,8,false,false,false
match-2644442a-591,solidaritaet_ueberleben,standard,1,6,5,20,22,47,5,42,true,false,false
match-acf6f36c-592,solidaritaet_ueberleben,standard,1,6,3,14,17,34,3,31,false,false,false
match-acf6f36c-592,forschung_muskelkraft,aggressive,0,7,5,20,28,53,5,48,true,false,false
match-33a982af-593,solidaritaet_ueberleben,standard,1,6,3,13,14,30,3,27,false,false,false
match-33a982af-593,forschung_muskelkraft,aggressive,0,10,4,11,13,28,4,24,true,false,false
match-ba5c31f1-594,solidaritaet_ueberleben,standard,1,8,5,23,29,57,5,52,true,false,false
match-ba5c31f1-594,forschung_muskelkraft,aggressive,0,12,4,4,6,14,4,10,false,false,false
match-410ec134-595,forschung_muskelkraft,aggressive,0,6,4,12,17,33,4,29,false,false,false
match-410ec134-595,solidaritaet_ueberleben,standard,1,6,3,12,16,31,3,28,true,false,false
match-c7c17076-596,forschung_muskelkraft,aggressive,0,6,2,6,8,16,2,14,true,false,true
match-4e741fb9-597,forschung_muskelkraft,aggressive,0,6,3,6,6,15,3,12,false,false,false
match-4e741fb9-597,solidaritaet_ueberleben,standard,1,6,4,15,20,39,4,35,true,false,false
match-fed2a6aa-598,forschung_muskelkraft,aggressive,0,6,4,8,9,21,4,17,false,false,false
match-fed2a6aa-598,solidaritaet_ueberleben,standard,1,12,4,19,20,43,4,39,true,true,true
match-858555ed-599,forschung_muskelkraft,aggressive,0,6,1,4,4,9,1,8,false,false,false
match-858555ed-599,solidaritaet_ueberleben,standard,1,8,5,25,30,60,5,55,true,false,false
match-1724e8b5-600,forschung_muskelkraft,standard,0,9,2,3,4,9,2,7,true,false,false
match-1724e8b5-600,solidaritaet_ueberleben,control,1,12,4,5,10,19,4,15,false,false,false
match-9dd797f7-601,solidaritaet_ueberleben,control,1,6,2,8,10,20,2,18,false,false,false
match-9dd797f7-601,forschung_muskelkraft,standard,0,6,4,11,13,28,4,24,false,false,false
match-09bfaa30-602,solidaritaet_ueberleben,control,1,6,2,9,9,20,2,18,false,false,false
match-09bfaa30-602,forschung_muskelkraft,standard,0,6,4,4,6,14,4,10,true,false,false
match-90725972-603,solidaritaet_ueberleben,control,1,7,4,20,23,47,4,43,true,false,false
match-90725972-603,forschung_muskelkraft,standard,0,13,4,10,11,25,4,21,false,false,false
match-31ef65bf-604,forschung_muskelkraft,standard,0,6,5,22,31,58,5,53,true,false,false
match-b8a21501-605,solidaritaet_ueberleben,control,1,6,2,9,10,21,2,19,false,false,false
match-b8a21501-605,forschung_muskelkraft,standard,0,6,4,12,16,32,4,28,true,false,false
match-248a273a-606,solidaritaet_ueberleben,control,1,6,1,3,5,9,1,8,false,false,false
match-248a273a-606,forschung_muskelkraft,standard,0,11,2,6,9,17,2,15,true,false,true
match-ab3cd67c-607,forschung_muskelkraft,standard,0,6,4,8,9,21,4,17,false,false,false
match-e18feea0-608,forschung_muskelkraft,standard,0,6,4,7,6,17,4,13,true,false,false
match-68429de3-609,forschung_muskelkraft,standard,0,6,4,17,18,39,4,35,false,false,false
match-d42ab01b-610,solidaritaet_ueberleben,control,1,6,2,8,8,18,2,16,false,false,false
match-d42ab01b-610,forschung_muskelkraft,standard,0,6,5,14,18,37,5,32,true,false,false
match-5add5f5e-611,forschung_muskelkraft,standard,0,6,3,12,13,28,3,25,true,false,true
match-fc5a6baa-612,solidaritaet_ueberleben,control,1,7,3,15,19,37,3,34,true,false,false
match-fc5a6baa-612,forschung_muskelkraft,standard,0,9,4,4,6,14,4,10,false,false,false
match-830d1aed-613,forschung_muskelkraft,standard,0,6,5,12,18,35,5,30,false,false,false
match-830d1aed-613,solidaritaet_ueberleben,control,1,7,4,16,23,43,4,39,false,false,false
match-eef52d25-614,forschung_muskelkraft,standard,0,6,2,8,8,18,2,16,true,true,true
match-75a7dc68-615,forschung_muskelkraft,standard,0,6,4,8,7,19,4,15,true,true,true
match-09018c20-617,forschung_muskelkraft,standard,0,8,4,16,19,39,4,35,true,false,false
match-09018c20-617,solidaritaet_ueberleben,control,1,12,4,23,27,54,4,50,false,false,false
match-fb9c4d9a-619,solidaritaet_ueberleben,control,1,6,3,9,12,24,3,21,true,false,false
match-fb9c4d9a-619,forschung_muskelkraft,standard,0,12,4,12,13,29,4,25,false,false,false
match-9d1979e7-620,forschung_muskelkraft,standard,0,6,4,15,16,35,4,31,true,false,false
match-23cc092a-621,forschung_muskelkraft,standard,0,8,3,14,16,33,3,30,true,false,false
match-8fb43b62-622,forschung_muskelkraft,standard,0,6,2,7,6,15,2,13,false,false,false
match-1666caa5-623,solidaritaet_ueberleben,control,1,6,2,9,10,21,2,19,false,false,false
match-1666caa5-623,forschung_muskelkraft,standard,0,6,5,4,6,15,5,10,false,false,false
match-4cb9e2c9-624,solidaritaet_ueberleben,control,1,10,5,27,31,63,5,58,false,false,false
match-4cb9e2c9-624,forschung_muskelkraft,standard,0,11,5,10,15,30,5,25,true,false,false
match-d36c920b-625,forschung_muskelkraft,standard,0,9,4,17,19,40,4,36,false,false,false
match-3f54a444-626,solidaritaet_ueberleben,control,1,6,4,14,17,35,4,31,false,false,false
match-3f54a444-626,forschung_muskelkraft,standard,0,11,2,6,8,16,2,14,true,true,true
match-c6075386-627,forschung_muskelkraft,standard,0,10,5,19,21,45,5,40,true,false,false
match-c6075386-627,solidaritaet_ueberleben,control,1,15,5,21,21,47,5,42,false,false,false
match-67847fd3-628,solidaritaet_ueberleben,control,1,6,4,15,15,34,4,30,true,false,true
match-5a1f214e-630,solidaritaet_ueberleben,control,1,6,3,11,15,29,3,26,false,false,false
match-5a1f214e-630,forschung_muskelkraft,standard,0,9,3,8,10,21,3,18,true,true,true
match-e0d1d090-631,solidaritaet_ueberleben,control,1,6,2,9,9,20,2,18,false,false,false
match-e0d1d090-631,forschung_muskelkraft,standard,0,12,2,6,6,14,2,12,true,true,true
match-ed78f105-632,solidaritaet_ueberleben,control,1,6,2,9,10,21,2,19,true,false,false
match-ed78f105-632,forschung_muskelkraft,standard,0,7,5,5,9,19,5,14,false,false,false
match-742b8048-633,solidaritaet_ueberleben,control,1,6,2,7,8,17,2,15,false,false,false
match-742b8048-633,forschung_muskelkraft,standard,0,6,4,13,17,34,4,30,true,false,false
match-e013b280-634,forschung_muskelkraft,standard,0,6,3,14,15,32,3,29,true,false,false
match-e013b280-634,solidaritaet_ueberleben,control,1,10,4,0,0,4,4,0,false,false,false
match-66c641c3-635,solidaritaet_ueberleben,control,1,6,2,9,9,20,2,18,false,false,false
match-66c641c3-635,forschung_muskelkraft,standard,0,6,5,14,17,36,5,31,true,false,false
match-8ef61d52-637,forschung_muskelkraft,standard,0,6,4,16,20,40,4,36,true,false,false
match-8ef61d52-637,solidaritaet_ueberleben,control,1,11,4,5,6,15,4,11,false,false,false
match-fade2f8a-638,forschung_muskelkraft,standard,0,7,3,9,15,27,3,24,true,false,false
match-fade2f8a-638,solidaritaet_ueberleben,control,1,9,5,23,29,57,5,52,false,false,false
match-8190decd-639,forschung_muskelkraft,standard,0,6,3,11,12,26,3,23,true,false,false
match-8190decd-639,solidaritaet_ueberleben,control,1,12,4,12,13,29,4,25,false,false,false
match-3e968634-641,forschung_muskelkraft,standard,0,6,4,11,11,26,4,22,true,false,false
match-3e968634-641,solidaritaet_ueberleben,control,1,7,5,19,26,50,5,45,false,false,false
match-aa7eb86c-642,forschung_muskelkraft,standard,0,6,5,11,11,27,5,22,true,true,true
match-313147af-643,forschung_muskelkraft,standard,0,6,4,8,9,21,4,17,true,false,false
match-d2ae73fb-644,forschung_muskelkraft,standard,0,6,2,8,8,18,2,16,false,false,false
match-5961033e-645,solidaritaet_ueberleben,control,1,6,1,3,4,8,1,7,true,false,false
match-5961033e-645,forschung_muskelkraft,standard,0,6,4,14,14,32,4,28,false,false,false
match-c5493576-646,solidaritaet_ueberleben,control,1,6,4,13,15,32,4,28,false,false,false
match-c5493576-646,forschung_muskelkraft,standard,0,7,4,7,11,22,4,18,true,false,false
match-4bfbc4b9-647,forschung_muskelkraft,standard,0,6,2,3,2,7,2,5,true,true,true
match-58a2e52e-648,solidaritaet_ueberleben,control,1,6,3,12,15,30,3,27,false,false,false
match-58a2e52e-648,forschung_muskelkraft,standard,0,8,5,19,25,49,5,44,false,false,false
match-df559470-649,forschung_muskelkraft,standard,0,6,4,9,12,25,4,21,false,false,false
match-df559470-649,solidaritaet_ueberleben,control,1,7,5,21,23,49,5,44,true,false,false
match-55b7a85d-650,forschung_muskelkraft,standard,0,6,2,5,4,11,2,9,true,false,false
match-dc6a579f-651,forschung_muskelkraft,standard,0,7,4,18,18,40,4,36,true,false,false
match-dc6a579f-651,solidaritaet_ueberleben,control,1,10,5,22,28,55,5,50,false,false,false
match-631ce6e2-652,forschung_muskelkraft,standard,0,10,2,6,6,14,2,12,false,false,false
match-631ce6e2-652,solidaritaet_ueberleben,control,1,15,4,17,18,39,4,35,true,true,true
match-e9cf9624-653,forschung_muskelkraft,standard,0,6,1,3,5,9,1,8,false,false,false
match-e9cf9624-653,solidaritaet_ueberleben,control,1,6,4,15,17,36,4,32,true,false,false
match-70822567-654,solidaritaet_ueberleben,control,1,6,5,5,6,16,5,11,true,false,false
match-f734d4a9-655,forschung_muskelkraft,standard,0,12,4,13,15,32,4,28,false,false,false
match-f734d4a9-655,solidaritaet_ueberleben,control,1,12,5,20,25,50,5,45,false,false,false
match-7de763ec-656,forschung_muskelkraft,standard,0,6,3,10,11,24,3,21,false,false,false
match-049a132f-657,solidaritaet_ueberleben,control,1,6,3,14,17,34,3,31,false,false,false
match-049a132f-657,forschung_muskelkraft,standard,0,8,4,10,15,29,4,25,true,false,false
match-2022ae49-658,forschung_muskelkraft,standard,0,6,3,12,16,31,3,28,true,false,false
match-2022ae49-658,solidaritaet_ueberleben,control,1,7,2,9,12,23,2,21,false,false,false
match-a6d55d8b-659,forschung_muskelkraft,standard,0,7,4,13,16,33,4,29,true,false,false
match-a6d55d8b-659,solidaritaet_ueberleben,control,1,12,5,20,22,47,5,42,false,false,false
match-2d87ecce-660,forschung_muskelkraft,standard,0,6,5,9,14,28,5,23,true,false,false
match-2d87ecce-660,solidaritaet_ueberleben,control,1,7,3,12,16,31,3,28,false,false,false
match-b43a9c10-661,forschung_muskelkraft,standard,0,6,3,10,11,24,3,21,true,false,false
match-b43a9c10-661,solidaritaet_ueberleben,control,1,13,4,6,9,19,4,15,false,false,false
match-3aed2b53-662,forschung_muskelkraft,standard,0,6,2,5,4,11,2,9,true,false,true
match-c19fda95-663,forschung_muskelkraft,standard,0,6,2,3,5,10,2,8,false,false,false
match-c19fda95-663,solidaritaet_ueberleben,control,1,6,4,15,21,40,4,36,true,false,true
match-485269d8-664,forschung_muskelkraft,standard,0,11,3,7,14,24,3,21,true,true,true
match-cf05191a-665,forschung_muskelkraft,standard,0,7,5,23,27,55,5,50,true,true,true
match-c0e1bc85-666,solidaritaet_ueberleben,control,1,6,4,16,22,42,4,38,false,false,false
match-c0e1bc85-666,forschung_muskelkraft,standard,0,7,5,16,24,45,5,40,true,false,false
match-ce46fb0a-668,solidaritaet_ueberleben,control,1,6,5,16,14,35,5,30,false,false,false
match-ce46fb0a-668,forschung_muskelkraft,standard,0,9,5,11,17,33,5,28,true,false,false
match-54f98a4d-669,forschung_muskelkraft,standard,0,6,2,7,6,15,2,13,true,false,false
match-dbac398f-670,solidaritaet_ueberleben,control,1,6,4,16,24,44,4,40,true,false,false
match-dbac398f-670,forschung_muskelkraft,standard,0,8,4,18,21,43,4,39,false,false,false
match-625ec8d2-671,solidaritaet_ueberleben,control,1,6,5,18,23,46,5,41,true,false,false
match-e9117814-672,forschung_muskelkraft,standard,0,6,3,4,4,11,3,8,false,false,false
match-e9117814-672,solidaritaet_ueberleben,control,1,6,4,13,18,35,4,31,true,false,false
match-6fc40757-673,forschung_muskelkraft,standard,0,7,5,17,17,39,5,34,false,false,false
match-6fc40757-673,solidaritaet_ueberleben,control,1,9,5,9,12,26,5,21,false,false,false
match-8b4ca271-674,forschung_muskelkraft,standard,0,7,4,13,14,31,4,27,false,false,false
match-8b4ca271-674,solidaritaet_ueberleben,control,1,16,5,9,10,24,5,19,false,false,false
match-11ff51b4-675,forschung_muskelkraft,standard,0,6,4,10,11,25,4,21,false,false,false
match-11ff51b4-675,solidaritaet_ueberleben,control,1,6,3,11,15,29,3,26,true,false,false
match-98b1e0f6-676,forschung_muskelkraft,standard,0,7,2,9,11,22,2,20,true,false,false
match-98b1e0f6-676,solidaritaet_ueberleben,control,1,8,5,0,0,5,5,0,false,false,false
match-1f649039-677,solidaritaet_ueberleben,control,1,6,4,17,17,38,4,34,false,false,false
match-1f649039-677,forschung_muskelkraft,standard,0,8,4,13,18,35,4,31,false,false,false
match-a6173f7b-678,forschung_muskelkraft,standard,0,6,4,10,12,26,4,22,true,true,true
match-2cc9cebe-679,solidaritaet_ueberleben,control,1,6,3,13,13,29,3,26,false,false,false
match-2cc9cebe-679,forschung_muskelkraft,standard,0,10,5,7,10,22,5,17,false,false,false
match-b37c7e00-680,forschung_muskelkraft,standard,0,6,2,5,7,14,2,12,true,false,false
match-3a2f0d43-681,forschung_muskelkraft,standard,0,6,3,12,16,31,3,28,false,false,false
match-b2be5ff0-683,solidaritaet_ueberleben,control,1,13,5,6,7,18,5,13,false,false,false
match-b2be5ff0-683,forschung_muskelkraft,standard,0,15,5,4,6,15,5,10,true,true,true
match-3970ef33-684,forschung_muskelkraft,standard,0,6,3,4,4,11,3,8,true,false,false
match-c0239e75-685,forschung_muskelkraft,standard,0,6,3,4,4,11,3,8,true,false,false
match-46d62db8-686,forschung_muskelkraft,standard,0,6,3,5,5,13,3,10,true,true,true
match-cd88dcfa-687,forschung_muskelkraft,standard,0,6,3,12,14,29,3,26,false,false,false
match-cd88dcfa-687,solidaritaet_ueberleben,control,1,11,4,0,0,4,4,0,true,true,true
match-543b6c3d-688,solidaritaet_ueberleben,control,1,6,4,17,19,40,4,36,false,false,false
match-543b6c3d-688,forschung_muskelkraft,standard,0,8,5,10,13,28,5,23,true,false,false
match-daee1b7f-689,forschung_muskelkraft,standard,0,7,4,19,21,44,4,40,true,false,false
match-daee1b7f-689,solidaritaet_ueberleben,control,1,8,4,19,25,48,4,44,false,false,false
match-f676b699-690,solidaritaet_ueberleben,control,1,6,5,19,21,45,5,40,true,false,true
match-7d2945dc-691,forschung_muskelkraft,standard,0,6,3,9,12,24,3,21,true,false,false
match-03dbf51f-692,solidaritaet_ueberleben,control,1,10,5,29,31,65,5,60,false,false,false
match-03dbf51f-692,forschung_muskelkraft,standard,0,13,5,17,21,43,5,38,true,false,false
match-8a8e8461-693,forschung_muskelkraft,standard,0,6,3,10,11,24,3,21,false,false,false
match-114133a4-694,solidaritaet_ueberleben,control,1,6,5,23,26,54,5,49,true,false,false
match-114133a4-694,forschung_muskelkraft,standard,0,7,4,11,13,28,4,24,false,false,false
match-1ea67229-696,solidaritaet_ueberleben,control,1,7,5,20,18,43,5,38,true,true,true
match-9735a4d6-698,solidaritaet_ueberleben,control,1,8,5,24,26,55,5,50,false,false,false
match-9735a4d6-698,forschung_muskelkraft,standard,0,9,5,11,12,28,5,23,true,false,false
match-1de85419-699,forschung_muskelkraft,standard,0,6,4,9,11,24,4,20,false,false,false
match-1de85419-699,solidaritaet_ueberleben,control,1,6,4,16,20,40,4,36,false,false,false
match-37fd8410-700,solidaritaet_ueberleben,standard,1,6,3,11,10,24,3,21,true,false,true
match-2a98458b-702,forschung_muskelkraft,random,0,8,4,19,22,45,4,41,false,false,false
match-2a98458b-702,solidaritaet_ueberleben,standard,1,10,4,16,21,41,4,37,true,true,true
match-a3e5b648-703,solidaritaet_ueberleben,standard,1,6,2,7,8,17,2,15,true,false,false
match-4562c295-706,solidaritaet_ueberleben,standard,1,10,4,21,23,48,4,44,true,false,false
match-4562c295-706,forschung_muskelkraft,random,0,12,5,18,19,42,5,37,false,false,false
match-7bb5fab9-709,solidaritaet_ueberleben,standard,1,6,1,3,5,9,1,8,true,false,false
match-7bb5fab9-709,forschung_muskelkraft,random,0,6,5,13,16,34,5,29,false,false,false
match-f5034b76-710,solidaritaet_ueberleben,standard,1,6,3,12,14,29,3,26,true,true,true
match-6e50bc34-711,solidaritaet_ueberleben,standard,1,6,3,9,10,22,3,19,true,false,true
match-1d330706-712,forschung_muskelkraft,random,0,7,3,12,15,30,3,27,false,false,false
match-968077c3-713,forschung_muskelkraft,random,0,6,5,13,20,38,5,33,false,false,false
match-968077c3-713,solidaritaet_ueberleben,standard,1,9,4,5,6,15,4,11,true,false,true
match-891b393e-715,forschung_muskelkraft,random,0,12,4,11,13,28,4,24,false,false,false
match-891b393e-715,solidaritaet_ueberleben,standard,1,15,5,7,6,18,5,13,true,true,true
match-ccd38fe7-716,solidaritaet_ueberleben,standard,1,6,2,5,8,15,2,13,true,true,true
match-4620e0a5-717,forschung_muskelkraft,random,0,8,4,12,17,33,4,29,false,false,false
match-4620e0a5-717,solidaritaet_ueberleben,standard,1,9,5,14,15,34,5,29,true,false,true
match-bf6e5162-718,forschung_muskelkraft,random,0,7,4,11,12,27,4,23,false,false,false
match-bf6e5162-718,solidaritaet_ueberleben,standard,1,13,4,16,15,35,4,31,false,false,false
match-38bba220-719,solidaritaet_ueberleben,standard,1,6,2,5,8,15,2,13,true,true,true
match-60eb7daf-721,solidaritaet_ueberleben,standard,1,6,3,10,11,24,3,21,true,true,true
match-53863f2a-723,solidaritaet_ueberleben,standard,1,6,3,9,9,21,3,18,true,true,true
match-108be691-725,solidaritaet_ueberleben,standard,1,6,3,10,11,24,3,21,true,false,false
match-108be691-725,forschung_muskelkraft,random,0,8,4,19,24,47,4,43,false,false,false
match-0326a80c-727,forschung_muskelkraft,random,0,7,3,11,14,28,3,25,false,false,false
match-0326a80c-727,solidaritaet_ueberleben,standard,1,8,4,15,15,34,4,30,true,false,false
match-b20912dd-728,solidaritaet_ueberleben,standard,1,7,3,10,15,28,3,25,true,true,true
match-2b56639b-729,forschung_muskelkraft,random,0,7,3,9,12,24,3,21,false,false,false
match-2b56639b-729,solidaritaet_ueberleben,standard,1,8,5,17,23,45,5,40,true,false,false
match-1df12516-731,solidaritaet_ueberleben,standard,1,6,2,8,14,24,2,22,false,false,false
match-1df12516-731,forschung_muskelkraft,random,0,8,5,12,14,31,5,26,true,false,false
match-cd91adf7-735,solidaritaet_ueberleben,standard,1,6,3,10,10,23,3,20,true,false,false
match-7c7418c9-736,solidaritaet_ueberleben,standard,1,6,4,11,10,25,4,21,true,false,true
match-e85c2b01-739,forschung_muskelkraft,random,0,6,3,13,15,31,3,28,false,false,false
match-e85c2b01-739,solidaritaet_ueberleben,standard,1,7,2,9,12,23,2,21,true,false,false
match-97fcb3e3-743,solidaritaet_ueberleben,standard,1,6,4,17,15,36,4,32,true,false,true
match-c6b825fb-751,forschung_muskelkraft,random,0,8,3,7,6,16,3,13,false,false,false
match-c6b825fb-751,solidaritaet_ueberleben,standard,1,9,5,18,22,45,5,40,true,false,false
match-5ad013c3-752,solidaritaet_ueberleben,standard,1,6,3,12,15,30,3,27,true,false,false
match-d41d6480-753,solidaritaet_ueberleben,standard,1,10,5,24,27,56,5,51,true,true,true
match-32a05834-754,solidaritaet_ueberleben,standard,1,6,4,16,23,43,4,39,true,false,false
match-abeda8f1-755,solidaritaet_ueberleben,standard,1,8,5,23,21,49,5,44,true,true,true
match-400596b9-756,forschung_muskelkraft,random,0,6,3,9,11,23,3,20,false,false,false
match-400596b9-756,solidaritaet_ueberleben,standard,1,7,3,11,12,26,3,23,true,false,true
match-b952e776-757,solidaritaet_ueberleben,standard,1,6,3,10,13,26,3,23,true,false,false
match-b952e776-757,forschung_muskelkraft,random,0,8,5,18,21,44,5,39,false,false,false
match-17d5db2a-758,solidaritaet_ueberleben,standard,1,6,3,12,15,30,3,27,true,false,false
match-17d5db2a-758,forschung_muskelkraft,random,0,7,5,10,13,28,5,23,false,false,false
match-91232be7-759,solidaritaet_ueberleben,standard,1,6,3,9,11,23,3,20,true,false,false
match-9e886a6c-761,solidaritaet_ueberleben,standard,1,6,3,13,13,29,3,26,true,true,true
match-fd0b5e1f-762,solidaritaet_ueberleben,standard,1,6,4,15,16,35,4,31,true,false,false
match-efa61f9a-768,solidaritaet_ueberleben,standard,1,6,4,13,17,34,4,30,false,false,false
match-68f37058-769,solidaritaet_ueberleben,standard,1,6,3,11,14,28,3,25,true,false,false
match-68f37058-769,forschung_muskelkraft,random,0,8,5,0,0,5,5,0,false,false,false
match-40c3b4c9-771,solidaritaet_ueberleben,standard,1,6,4,15,15,34,4,30,true,true,true
match-ba110586-776,forschung_muskelkraft,random,0,6,4,5,4,13,4,9,false,false,false
match-91e149f7-778,solidaritaet_ueberleben,standard,1,6,4,16,18,38,4,34,false,false,false
match-0b2ebab5-779,solidaritaet_ueberleben,standard,1,6,2,8,10,20,2,18,true,true,true
match-1893f93a-781,solidaritaet_ueberleben,standard,1,6,1,5,5,11,1,10,true,true,true
match-7716cced-782,solidaritaet_ueberleben,standard,1,6,4,14,15,33,4,29,true,false,false
match-847c0b72-784,forschung_muskelkraft,random,0,6,3,8,4,15,3,12,false,false,false
match-5c4c4fe3-786,forschung_muskelkraft,random,0,6,4,0,0,4,4,0,false,false,false
match-5c4c4fe3-786,solidaritaet_ueberleben,standard,1,15,3,13,13,29,3,26,true,true,true
match-69b18e68-788,forschung_muskelkraft,random,0,11,5,15,17,37,5,32,false,false,false
match-69b18e68-788,solidaritaet_ueberleben,standard,1,12,5,18,15,38,5,33,true,false,false
match-e2feff25-789,forschung_muskelkraft,random,0,8,3,6,7,16,3,13,false,false,false
match-e2feff25-789,solidaritaet_ueberleben,standard,1,8,4,14,23,41,4,37,true,false,false
match-4181d2d9-790,solidaritaet_ueberleben,standard,1,10,4,8,10,22,4,18,true,false,false
match-4181d2d9-790,forschung_muskelkraft,random,0,12,5,11,15,31,5,26,false,false,false
match-4ee7115e-792,forschung_muskelkraft,random,0,7,5,4,4,13,5,8,false,false,false
match-4ee7115e-792,solidaritaet_ueberleben,standard,1,9,4,18,21,43,4,39,true,false,false
match-c834621b-793,forschung_muskelkraft,random,0,6,5,0,0,5,5,0,false,false,false
match-c834621b-793,solidaritaet_ueberleben,standard,1,14,4,11,11,26,4,22,true,true,true
match-0becd8c5-798,solidaritaet_ueberleben,standard,1,6,3,14,15,32,3,29,true,true,true
match-4f1e2af3-800,forschung_muskelkraft,standard,0,6,3,12,11,26,3,23,true,false,true
match-5c836978-802,forschung_muskelkraft,standard,0,7,3,3,2,8,3,5,true,false,true
match-e33618ba-803,forschung_muskelkraft,standard,0,6,3,7,8,18,3,15,false,false,false
match-e33618ba-803,urzeitliche_kolosse,standard,1,9,5,13,23,41,5,36,true,true,true
match-bb065d2b-805,forschung_muskelkraft,standard,0,9,4,12,8,24,4,20,false,false,false
match-bb065d2b-805,urzeitliche_kolosse,standard,1,15,5,12,12,29,5,24,false,false,false
match-41b8ec6e-806,urzeitliche_kolosse,standard,1,6,3,11,15,29,3,26,true,false,true
match-41b8ec6e-806,forschung_muskelkraft,standard,0,6,3,7,10,20,3,17,false,false,false
match-c86b9bb0-807,urzeitliche_kolosse,standard,1,6,3,11,16,30,3,27,true,false,false
match-c86b9bb0-807,forschung_muskelkraft,standard,0,10,4,3,2,9,4,5,false,false,false
match-198930df-808,forschung_muskelkraft,standard,0,6,2,8,7,17,2,15,false,false,false
match-ada11ea6-811,forschung_muskelkraft,standard,0,6,2,7,8,17,2,15,true,false,true
match-febeb3d4-812,forschung_muskelkraft,standard,0,6,2,8,9,19,2,17,false,false,false
match-febeb3d4-812,urzeitliche_kolosse,standard,1,9,5,25,33,63,5,58,true,false,false
match-85714317-813,forschung_muskelkraft,standard,0,6,4,15,15,34,4,30,false,false,false
match-85714317-813,urzeitliche_kolosse,standard,1,7,3,14,18,35,3,32,true,false,false
match-0c23f25a-814,urzeitliche_kolosse,standard,1,6,1,5,6,12,1,11,false,false,false
match-0c23f25a-814,forschung_muskelkraft,standard,0,6,4,13,14,31,4,27,false,false,false
match-92d6819c-815,urzeitliche_kolosse,standard,1,6,2,6,10,18,2,16,false,false,false
match-92d6819c-815,forschung_muskelkraft,standard,0,7,3,9,8,20,3,17,true,false,false
match-ba483f1b-816,forschung_muskelkraft,standard,0,6,4,12,9,25,4,21,true,false,false
match-40face5e-817,forschung_muskelkraft,standard,0,6,2,6,5,13,2,11,true,false,false
match-c7ad7da0-818,forschung_muskelkraft,standard,0,9,3,8,5,16,3,13,true,false,false
match-c7ad7da0-818,urzeitliche_kolosse,standard,1,9,3,17,20,40,3,37,false,false,false
match-26305154-821,urzeitliche_kolosse,standard,1,9,4,18,25,47,4,43,true,true,true
match-ace2e096-822,urzeitliche_kolosse,standard,1,6,2,8,10,20,2,18,false,false,false
match-ace2e096-822,forschung_muskelkraft,standard,0,6,2,7,10,19,2,17,true,false,true
match-33958fd9-823,forschung_muskelkraft,standard,0,8,3,14,14,31,3,28,false,false,false
match-33958fd9-823,urzeitliche_kolosse,standard,1,15,5,15,17,37,5,32,true,true,true
match-84b32507-824,urzeitliche_kolosse,standard,1,6,2,9,9,20,2,18,true,false,false
match-84b32507-824,forschung_muskelkraft,standard,0,6,3,11,12,26,3,23,false,false,false
match-0b65d44a-825,forschung_muskelkraft,standard,0,6,2,8,7,17,2,15,true,false,false
match-0b65d44a-825,urzeitliche_kolosse,standard,1,11,4,18,19,41,4,37,false,false,false
match-9218638c-826,urzeitliche_kolosse,standard,1,6,2,8,7,17,2,15,false,false,false
match-9218638c-826,forschung_muskelkraft,standard,0,7,2,6,8,16,2,14,true,false,true
match-18cb12cf-827,urzeitliche_kolosse,standard,1,6,2,9,10,21,2,19,false,false,false
match-18cb12cf-827,forschung_muskelkraft,standard,0,6,5,11,12,28,5,23,true,false,false
match-69e8a7fd-828,urzeitliche_kolosse,standard,1,10,2,5,6,13,2,11,true,true,true
match-f09b573f-829,urzeitliche_kolosse,standard,1,6,3,12,12,27,3,24,true,true,true
match-774de682-830,forschung_muskelkraft,standard,0,6,3,9,6,18,3,15,true,false,false
match-fe0095c4-831,urzeitliche_kolosse,standard,1,6,4,12,15,31,4,27,true,false,false
match-fe0095c4-831,forschung_muskelkraft,standard,0,6,4,11,12,27,4,23,false,false,false
match-78ca22a2-832,forschung_muskelkraft,standard,0,6,5,7,5,17,5,12,true,false,false
match-ff7cd1e4-833,forschung_muskelkraft,standard,0,6,2,6,3,11,2,9,false,false,false
match-0ce2106a-835,forschung_muskelkraft,standard,0,7,2,9,9,20,2,18,true,false,true
match-5dffa598-836,forschung_muskelkraft,standard,0,6,4,12,12,28,4,24,true,true,true
match-e4b254da-837,urzeitliche_kolosse,standard,1,8,3,13,17,33,3,30,true,true,true
match-c9e7d7d0-841,forschung_muskelkraft,standard,0,6,1,3,4,8,1,7,true,false,true
match-286aab84-844,urzeitliche_kolosse,standard,1,6,2,8,8,18,2,16,true,false,true
match-286aab84-844,forschung_muskelkraft,standard,0,7,2,9,11,22,2,20,false,false,false
match-35cfea09-846,urzeitliche_kolosse,standard,1,6,2,8,10,20,2,18,false,false,false
match-35cfea09-846,forschung_muskelkraft,standard,0,7,2,8,10,20,2,18,true,false,false
match-bc82994b-847,forschung_muskelkraft,standard,0,6,2,8,8,18,2,16,false,false,false
match-bc82994b-847,urzeitliche_kolosse,standard,1,8,3,15,18,36,3,33,true,false,true
match-e3f436ca-848,forschung_muskelkraft,standard,0,10,5,10,7,22,5,17,false,false,false
match-e3f436ca-848,urzeitliche_kolosse,standard,1,11,5,11,15,31,5,26,true,false,false
match-eb3e0b63-850,forschung_muskelkraft,standard,0,6,1,4,4,9,1,8,false,false,false
match-eb3e0b63-850,urzeitliche_kolosse,standard,1,8,5,8,13,26,5,21,true,false,true
match-648b7c21-851,forschung_muskelkraft,standard,0,7,3,11,15,29,3,26,false,false,false
match-648b7c21-851,urzeitliche_kolosse,standard,1,8,4,16,23,43,4,39,true,false,false
match-ddd8ccde-852,forschung_muskelkraft,standard,0,7,4,7,8,19,4,15,true,true,true
match-57263d9c-853,urzeitliche_kolosse,standard,1,7,3,13,20,36,3,33,false,false,false
match-57263d9c-853,forschung_muskelkraft,standard,0,7,3,13,15,31,3,28,true,false,false
match-d0738e59-854,urzeitliche_kolosse,standard,1,6,4,17,20,41,4,37,true,false,false
match-d0738e59-854,forschung_muskelkraft,standard,0,7,5,8,13,26,5,21,false,false,false
match-c30e4fd4-856,forschung_muskelkraft,standard,0,6,3,4,4,11,3,8,false,false,false
match-c30e4fd4-856,urzeitliche_kolosse,standard,1,6,4,15,19,38,4,34,true,false,false
match-3c5ba092-857,forschung_muskelkraft,standard,0,9,4,17,18,39,4,35,true,true,true
match-b5a9114f-858,forschung_muskelkraft,standard,0,8,1,4,7,12,1,11,true,true,true
match-a843d2ca-860,forschung_muskelkraft,standard,0,10,1,4,7,12,1,11,true,false,false
match-a843d2ca-860,urzeitliche_kolosse,standard,1,12,4,20,25,49,4,45,false,false,false
match-21912388-861,forschung_muskelkraft,standard,0,6,3,4,4,11,3,8,false,false,false
match-142be503-863,forschung_muskelkraft,standard,0,6,2,6,4,12,2,10,true,false,true
match-8d7955c0-864,urzeitliche_kolosse,standard,1,6,2,10,12,24,2,22,true,true,true
match-06c6a67e-865,forschung_muskelkraft,standard,0,6,1,3,4,8,1,7,true,true,true
match-56681f8c-866,forschung_muskelkraft,standard,0,6,3,11,10,24,3,21,false,false,false
match-56681f8c-866,urzeitliche_kolosse,standard,1,6,3,12,14,29,3,26,true,false,true
match-cfb57049-867,forschung_muskelkraft,standard,0,6,1,5,5,11,1,10,true,false,false
match-cfb57049-867,urzeitliche_kolosse,standard,1,7,2,9,12,23,2,21,false,false,false
match-c25031c4-869,forschung_muskelkraft,standard,0,7,5,7,8,20,5,15,false,false,false
match-c25031c4-869,urzeitliche_kolosse,standard,1,10,5,27,34,66,5,61,true,false,false
match-3b9d8282-870,urzeitliche_kolosse,standard,1,6,4,17,21,42,4,38,true,false,true
match-b4eaf33f-871,urzeitliche_kolosse,standard,1,6,3,14,19,36,3,33,false,false,false
match-b4eaf33f-871,forschung_muskelkraft,standard,0,7,3,8,13,24,3,21,true,false,false
match-2e3843fd-872,forschung_muskelkraft,standard,0,7,5,11,15,31,5,26,true,false,false
match-2e3843fd-872,urzeitliche_kolosse,standard,1,9,5,10,12,27,5,22,false,false,false
match-a785b4ba-873,urzeitliche_kolosse,standard,1,9,4,16,18,38,4,34,true,true,true
match-9a207635-875,forschung_muskelkraft,standard,0,6,2,7,8,17,2,15,false,false,false
match-9a207635-875,urzeitliche_kolosse,standard,1,6,4,16,24,44,4,40,true,false,false
match-136dc6f3-876,urzeitliche_kolosse,standard,1,6,3,11,15,29,3,26,true,true,true
match-8cbb37b0-877,urzeitliche_kolosse,standard,1,6,3,14,16,33,3,30,true,false,false
match-0608886e-878,forschung_muskelkraft,standard,0,6,3,4,4,11,3,8,true,false,false
match-7f55f92b-879,forschung_muskelkraft,standard,0,9,4,10,8,22,4,18,false,false,false
match-f8a349e8-880,forschung_muskelkraft,standard,0,6,2,8,7,17,2,15,true,false,false
match-71f0baa6-881,forschung_muskelkraft,standard,0,6,1,5,5,11,1,10,true,false,true
match-14ea0313-882,forschung_muskelkraft,standard,0,6,2,8,8,18,2,16,false,false,false
match-14ea0313-882,urzeitliche_kolosse,standard,1,8,4,5,6,15,4,11,true,true,true
match-0784c48e-884,forschung_muskelkraft,standard,0,7,3,4,7,14,3,11,false,false,false
match-0784c48e-884,urzeitliche_kolosse,standard,1,8,5,5,6,16,5,11,false,false,false
match-80d2354b-885,forschung_muskelkraft,standard,0,6,1,3,2,6,1,5,true,false,false
match-80d2354b-885,urzeitliche_kolosse,standard,1,6,2,9,12,23,2,21,false,false,false
match-fa1f8608-886,forschung_muskelkraft,standard,0,6,5,6,8,19,5,14,false,false,false
match-fa1f8608-886,urzeitliche_kolosse,standard,1,7,3,13,16,32,3,29,false,false,false
match-736cf6c6-887,forschung_muskelkraft,standard,0,6,3,10,9,22,3,19,false,false,false
match-ecba4783-888,forschung_muskelkraft,standard,0,6,1,5,5,11,1,10,true,true,true
match-58a279bc-891,forschung_muskelkraft,standard,0,6,2,9,9,20,2,18,true,false,false
match-58a279bc-891,urzeitliche_kolosse,standard,1,6,2,9,12,23,2,21,false,false,false
match-d1efca79-892,forschung_muskelkraft,standard,0,6,4,6,5,15,4,11,false,false,false
match-4b3d3b37-893,forschung_muskelkraft,standard,0,7,4,8,11,23,4,19,true,true,true
match-c48a8bf4-894,forschung_muskelkraft,standard,0,6,2,5,5,12,2,10,false,false,false
match-b7254d6f-896,urzeitliche_kolosse,standard,1,6,3,5,6,14,3,11,true,true,true
match-3072be2d-897,forschung_muskelkraft,standard,0,6,3,11,10,24,3,21,true,false,false
match-8014173b-898,forschung_muskelkraft,standard,0,9,4,17,14,35,4,31,true,false,false
match-f96167f8-899,urzeitliche_kolosse,standard,1,6,4,17,22,43,4,39,false,false,false
match-f96167f8-899,forschung_muskelkraft,standard,0,8,4,8,13,25,4,21,true,false,false
match-e944370b-901,forschung_muskelkraft,aggressive,0,6,2,6,6,14,2,12,false,false,false
match-7d5c04d3-902,urzeitliche_kolosse,standard,1,7,3,14,14,31,3,28,true,true,true
match-f6a97590-903,urzeitliche_kolosse,standard,1,6,3,12,12,27,3,24,false,false,false
match-552c4944-904,forschung_muskelkraft,aggressive,0,6,3,6,5,14,3,11,false,false,false
match-552c4944-904,urzeitliche_kolosse,standard,1,10,4,20,19,43,4,39,true,true,true
match-ce79ba01-905,urzeitliche_kolosse,standard,1,6,3,12,13,28,3,25,true,false,true
match-ce79ba01-905,forschung_muskelkraft,aggressive,0,6,4,7,10,21,4,17,false,false,false
match-629187c9-906,forschung_muskelkraft,aggressive,0,6,3,12,11,26,3,23,true,true,true
match-3a61cc3a-908,forschung_muskelkraft,aggressive,0,6,3,9,7,19,3,16,false,false,false
match-3a61cc3a-908,urzeitliche_kolosse,standard,1,10,4,16,23,43,4,39,true,false,false
match-b3af3cf7-909,urzeitliche_kolosse,standard,1,6,1,3,4,8,1,7,true,false,true
match-47c70abf-910,urzeitliche_kolosse,standard,1,6,2,8,10,20,2,18,true,false,true
match-47c70abf-910,forschung_muskelkraft,aggressive,0,6,3,12,14,29,3,26,false,false,false
match-1f974f30-912,urzeitliche_kolosse,standard,1,6,3,12,13,28,3,25,true,false,false
match-1f974f30-912,forschung_muskelkraft,aggressive,0,6,3,7,10,20,3,17,false,false,false
match-98e4bfed-913,forschung_muskelkraft,aggressive,0,6,2,7,8,17,2,15,true,true,true
match-04ccd226-916,urzeitliche_kolosse,standard,1,6,2,7,7,16,2,14,true,false,false
match-04ccd226-916,forschung_muskelkraft,aggressive,0,6,3,12,14,29,3,26,false,false,false
match-123210ab-918,urzeitliche_kolosse,standard,1,6,3,0,0,3,3,0,false,false,false
match-123210ab-918,forschung_muskelkraft,aggressive,0,8,4,11,12,27,4,23,true,true,true
match-8b7f6168-919,urzeitliche_kolosse,standard,1,9,5,24,30,59,5,54,true,false,false
match-8b7f6168-919,forschung_muskelkraft,aggressive,0,10,4,14,14,32,4,28,false,false,false
match-ea02551b-920,forschung_muskelkraft,aggressive,0,8,2,11,12,25,2,23,false,false,false
match-ea02551b-920,urzeitliche_kolosse,standard,1,12,4,10,15,29,4,25,true,false,false
match-f76793a0-922,urzeitliche_kolosse,standard,1,6,2,9,10,21,2,19,false,false,false
match-f76793a0-922,forschung_muskelkraft,aggressive,0,6,3,8,10,21,3,18,true,false,false
match-488528cf-925,urzeitliche_kolosse,standard,1,6,3,11,15,29,3,26,false,false,false
match-488528cf-925,forschung_muskelkraft,aggressive,0,6,3,7,10,20,3,17,true,false,false
match-dc9d1696-926,urzeitliche_kolosse,standard,1,6,2,7,8,17,2,15,true,false,true
match-dc9d1696-926,forschung_muskelkraft,aggressive,0,6,3,12,14,29,3,26,false,false,false
match-55ea6754-927,urzeitliche_kolosse,standard,1,6,3,12,11,26,3,23,true,false,true
match-b46d5b07-928,forschung_muskelkraft,aggressive,0,6,4,6,4,14,4,10,false,false,false
match-2dbaabc5-929,forschung_muskelkraft,aggressive,0,6,3,11,10,24,3,21,true,false,false
match-464ace9f-932,urzeitliche_kolosse,standard,1,6,3,12,15,30,3,27,false,false,false
match-464ace9f-932,forschung_muskelkraft,aggressive,0,6,2,6,8,16,2,14,true,false,false
match-53b00d24-934,urzeitliche_kolosse,standard,1,6,3,12,11,26,3,23,true,false,true
match-53b00d24-934,forschung_muskelkraft,aggressive,0,6,3,9,11,23,3,20,false,false,false
match-ccfd7de1-935,urzeitliche_kolosse,standard,1,6,2,8,10,20,2,18,false,false,false
match-ccfd7de1-935,forschung_muskelkraft,aggressive,0,7,3,7,8,18,3,15,true,false,false
match-2b805195-936,forschung_muskelkraft,aggressive,0,6,4,7,8,19,4,15,false,false,false
match-a4cda252-937,forschung_muskelkraft,aggressive,0,6,4,9,9,22,4,18,true,false,false
match-b232e0d7-939,urzeitliche_kolosse,standard,1,8,3,15,16,34,3,31,false,false,false
match-10b5d48b-940,urzeitliche_kolosse,standard,1,6,2,6,8,16,2,14,true,true,true
match-8a032548-941,forschung_muskelkraft,aggressive,0,6,3,11,10,24,3,21,true,false,false
match-8a032548-941,urzeitliche_kolosse,standard,1,8,3,13,18,34,3,31,false,false,false
match-1e1b1310-942,urzeitliche_kolosse,standard,1,6,2,8,10,20,2,18,false,false,false
match-1e1b1310-942,forschung_muskelkraft,aggressive,0,6,2,7,10,19,2,17,true,false,false
match-976863cd-943,urzeitliche_kolosse,standard,1,6,3,11,16,30,3,27,false,false,false
match-976863cd-943,forschung_muskelkraft,aggressive,0,8,3,11,15,29,3,26,true,true,true
match-f5eb5780-944,forschung_muskelkraft,aggressive,0,6,3,9,9,21,3,18,true,false,true
match-6f38a83e-945,urzeitliche_kolosse,standard,1,6,2,8,9,19,2,17,false,false,false
match-6f38a83e-945,forschung_muskelkraft,aggressive,0,9,1,4,7,12,1,11,true,true,true
match-7c9de6c3-947,forschung_muskelkraft,aggressive,0,6,3,7,6,16,3,13,false,false,false
match-db20da76-948,forschung_muskelkraft,aggressive,0,6,4,12,12,28,4,24,true,true,true
match-1a71b82f-952,forschung_muskelkraft,aggressive,0,7,5,10,9,24,5,19,true,false,false
match-1a71b82f-952,urzeitliche_kolosse,standard,1,9,5,11,13,29,5,24,false,false,false
match-42a173be-954,urzeitliche_kolosse,standard,1,6,4,18,20,42,4,38,true,false,false
match-42a173be-954,forschung_muskelkraft,aggressive,0,8,4,10,11,25,4,21,false,false,false
match-c9540300-955,forschung_muskelkraft,aggressive,0,8,2,9,12,23,2,21,true,false,false
match-c9540300-955,urzeitliche_kolosse,standard,1,11,4,0,0,4,4,0,false,false,false
match-bbeec47b-957,forschung_muskelkraft,aggressive,0,6,2,7,6,15,2,13,true,true,true
match-78f48be2-959,forschung_muskelkraft,aggressive,0,6,2,9,9,20,2,18,true,false,false
match-e4dcbe1a-960,urzeitliche_kolosse,standard,1,6,3,12,14,29,3,26,true,true,true
match-6b8f4d5d-961,urzeitliche_kolosse,standard,1,6,3,14,14,31,3,28,true,false,false
match-6b8f4d5d-961,forschung_muskelkraft,aggressive,0,7,3,9,10,22,3,19,false,false,false
match-0d0c79aa-962,urzeitliche_kolosse,standard,1,7,0,0,0,0,0,0,false,false,false
match-0d0c79aa-962,forschung_muskelkraft,aggressive,0,7,2,9,11,22,2,20,true,false,false
match-93bf08ec-963,urzeitliche_kolosse,standard,1,6,5,7,7,19,5,14,false,false,false
match-93bf08ec-963,forschung_muskelkraft,aggressive,0,13,4,8,7,19,4,15,true,true,true
match-8659ca67-965,urzeitliche_kolosse,standard,1,6,4,14,17,35,4,31,false,false,false
match-8659ca67-965,forschung_muskelkraft,aggressive,0,7,4,12,13,29,4,25,true,false,false
match-bcace28b-966,forschung_muskelkraft,aggressive,0,10,2,10,8,20,2,18,true,false,true
match-af47a406-968,forschung_muskelkraft,aggressive,0,6,1,5,5,11,1,10,true,true,true
match-35fa5349-969,urzeitliche_kolosse,standard,1,6,4,17,17,38,4,34,true,false,false
match-d7777f95-970,forschung_muskelkraft,aggressive,0,6,3,5,5,13,3,10,false,false,false
match-5e2a0ed8-971,forschung_muskelkraft,aggressive,0,6,2,5,4,11,2,9,true,false,false
match-5e2a0ed8-971,urzeitliche_kolosse,standard,1,6,2,9,12,23,2,21,false,false,false
match-50c4d053-973,forschung_muskelkraft,aggressive,0,6,1,2,0,3,1,2,true,false,false
match-8717e877-974,forschung_muskelkraft,aggressive,0,6,4,5,5,14,4,10,false,false,false
match-8717e877-974,urzeitliche_kolosse,standard,1,9,5,22,25,52,5,47,true,false,true
match-79b2a9f2-976,forschung_muskelkraft,aggressive,0,6,1,3,4,8,1,7,false,false,false
match-947d26fc-980,forschung_muskelkraft,aggressive,0,6,1,4,4,9,1,8,false,false,false
match-947d26fc-980,urzeitliche_kolosse,standard,1,6,3,11,13,27,3,24,true,false,true
match-84dd8e47-983,urzeitliche_kolosse,standard,1,6,4,15,17,36,4,32,true,false,false
match-f0c5a07f-984,forschung_muskelkraft,aggressive,0,6,2,4,3,9,2,7,true,true,true
match-18f57c0f-986,urzeitliche_kolosse,standard,1,6,3,14,14,31,3,28,false,false,false
match-18f57c0f-986,forschung_muskelkraft,aggressive,0,8,5,11,9,25,5,20,true,true,true
match-9fa80b51-987,forschung_muskelkraft,aggressive,0,6,1,5,5,11,1,10,true,false,false
match-9fa80b51-987,urzeitliche_kolosse,standard,1,6,3,12,17,32,3,29,false,false,false
match-0b903d8a-988,forschung_muskelkraft,aggressive,0,6,3,5,5,13,3,10,false,false,false
match-9242cccc-989,forschung_muskelkraft,aggressive,0,6,2,7,6,15,2,13,false,false,false
match-9242cccc-989,urzeitliche_kolosse,standard,1,6,3,11,13,27,3,24,true,false,false
match-c895e4f0-990,urzeitliche_kolosse,standard,1,6,3,13,15,31,3,28,false,false,false
match-c895e4f0-990,forschung_muskelkraft,aggressive,0,9,5,8,4,17,5,12,false,false,false
match-bb30a66b-992,forschung_muskelkraft,aggressive,0,7,2,6,5,13,2,11,false,false,false
match-41e355ae-993,urzeitliche_kolosse,standard,1,6,2,8,9,19,2,17,true,false,false
match-e36061fa-994,forschung_muskelkraft,aggressive,0,6,3,4,4,11,3,8,false,false,false
match-6a13113d-995,urzeitliche_kolosse,standard,1,6,4,16,19,39,4,35,true,false,false
match-6a13113d-995,forschung_muskelkraft,aggressive,0,7,5,11,12,28,5,23,false,false,false
match-d5fb2375-996,urzeitliche_kolosse,standard,1,6,3,14,16,33,3,30,true,true,true
match-9300eadc-998,forschung_muskelkraft,aggressive,0,6,3,8,4,15,3,12,false,false,false
match-9300eadc-998,urzeitliche_kolosse,standard,1,6,2,7,10,19,2,17,true,false,true
match-19b39a1f-999,forschung_muskelkraft,aggressive,0,6,3,4,4,11,3,8,false,false,false
match-9f9139a1-1000,urzeitliche_kolosse,control,1,6,1,5,6,12,1,11,false,false,false
match-9f9139a1-1000,forschung_muskelkraft,standard,0,6,2,9,11,22,2,20,true,false,false
match-2643c8e4-1001,forschung_muskelkraft,standard,0,6,3,10,10,23,3,20,true,true,true
match-33a90769-1003,urzeitliche_kolosse,control,1,6,2,9,10,21,2,19,true,true,true
match-84c6bc97-1004,forschung_muskelkraft,standard,0,6,2,6,5,13,2,11,true,true,true
match-0b794bda-1005,urzeitliche_kolosse,control,1,6,3,11,14,28,3,25,false,false,false
match-0b794bda-1005,forschung_muskelkraft,standard,0,7,2,8,10,20,2,18,true,true,true
match-18de8a5f-1007,urzeitliche_kolosse,control,1,6,3,9,12,24,3,21,false,false,false
match-18de8a5f-1007,forschung_muskelkraft,standard,0,8,3,15,18,36,3,33,true,false,false
match-e28b723a-1010,forschung_muskelkraft,standard,0,6,4,5,5,14,4,10,true,true,true
match-ba5bb6ab-1012,urzeitliche_kolosse,control,1,6,2,7,8,17,2,15,true,false,false
match-ba5bb6ab-1012,forschung_muskelkraft,standard,0,6,2,8,10,20,2,18,false,false,false
match-410e45ee-1013,urzeitliche_kolosse,control,1,6,2,6,9,17,2,15,false,false,false
match-c7c0f530-1014,forschung_muskelkraft,standard,0,6,2,7,8,17,2,15,true,false,false
match-4e738473-1015,forschung_muskelkraft,standard,0,6,5,8,7,20,5,15,false,false,false
match-0abb2dca-1016,urzeitliche_kolosse,control,1,7,3,14,16,33,3,30,true,true,true
match-916ddd0c-1017,urzeitliche_kolosse,control,1,6,2,9,10,21,2,19,true,false,false
match-916ddd0c-1017,forschung_muskelkraft,standard,0,6,4,7,10,21,4,17,false,false,false
match-9ed31b91-1019,urzeitliche_kolosse,control,1,6,1,5,6,12,1,11,false,false,false
match-9ed31b91-1019,forschung_muskelkraft,standard,0,6,2,7,8,17,2,15,true,false,false
match-eff0b0bf-1020,forschung_muskelkraft,standard,0,6,2,8,7,17,2,15,true,true,true
match-84089e87-1023,urzeitliche_kolosse,control,1,6,2,9,9,20,2,18,false,false,false
match-405027de-1024,forschung_muskelkraft,standard,0,6,3,12,11,26,3,23,true,true,true
match-c702d720-1025,forschung_muskelkraft,standard,0,10,5,7,6,18,5,13,true,true,true
match-4db56663-1026,urzeitliche_kolosse,control,1,6,2,8,11,21,2,19,true,true,true
match-32eae959-1030,forschung_muskelkraft,standard,0,6,2,8,9,19,2,17,true,true,true
match-b99d989b-1031,forschung_muskelkraft,standard,0,9,4,13,11,28,4,24,true,false,false
match-c93d3150-1032,urzeitliche_kolosse,control,1,6,2,9,10,21,2,19,false,false,false
match-c93d3150-1032,forschung_muskelkraft,standard,0,9,3,14,15,32,3,29,true,false,false
match-4fefc093-1033,forschung_muskelkraft,standard,0,8,4,14,8,26,4,22,false,false,false
match-5d551f18-1035,forschung_muskelkraft,standard,0,6,3,5,5,13,3,10,false,false,false
match-ae72b446-1036,urzeitliche_kolosse,control,1,6,1,5,5,11,1,10,false,false,false
match-ae72b446-1036,forschung_muskelkraft,standard,0,6,2,9,11,22,2,20,true,false,false
match-35254389-1037,forschung_muskelkraft,standard,0,6,3,10,12,25,3,22,false,false,false
match-35254389-1037,urzeitliche_kolosse,control,1,7,4,17,22,43,4,39,true,false,false
match-428a820e-1039,urzeitliche_kolosse,control,1,6,3,12,14,29,3,26,true,false,true
match-428a820e-1039,forschung_muskelkraft,standard,0,6,4,8,10,22,4,18,false,false,false
match-8584daa7-1041,forschung_muskelkraft,standard,0,6,5,7,8,20,5,15,false,false,false
match-8584daa7-1041,urzeitliche_kolosse,control,1,7,5,22,26,53,5,48,true,false,true
match-0c3769ea-1042,urzeitliche_kolosse,control,1,7,5,23,29,57,5,52,true,false,false
match-0c3769ea-1042,forschung_muskelkraft,standard,0,8,5,12,14,31,5,26,false,false,false
match-92ea192c-1043,urzeitliche_kolosse,control,1,6,4,13,17,34,4,30,false,false,false
match-92ea192c-1043,forschung_muskelkraft,standard,0,6,3,9,11,23,3,20,true,false,false
match-e407ae5a-1044,urzeitliche_kolosse,control,1,6,2,9,10,21,2,19,false,false,false
match-e407ae5a-1044,forschung_muskelkraft,standard,0,6,2,9,11,22,2,20,true,false,false
match-781f9c22-1047,urzeitliche_kolosse,control,1,6,1,5,6,12,1,11,true,true,true
match-bb19d4bb-1049,forschung_muskelkraft,standard,0,7,3,5,5,13,3,10,true,true,true
match-57714a07-1050,forschung_muskelkraft,standard,0,7,4,13,12,29,4,25,true,true,true
match-d0bebac4-1051,urzeitliche_kolosse,control,1,6,2,7,10,19,2,17,true,false,false
match-d0bebac4-1051,forschung_muskelkraft,standard,0,7,2,8,13,23,2,21,false,false,false
match-64d6888c-1052,forschung_muskelkraft,standard,0,7,4,6,6,16,4,12,true,true,true
match-de23f949-1053,forschung_muskelkraft,standard,0,6,2,4,3,9,2,7,false,false,false
match-de23f949-1053,urzeitliche_kolosse,control,1,6,3,13,15,31,3,28,true,false,true
match-723bc711-1054,urzeitliche_kolosse,control,1,6,5,21,24,50,5,45,false,false,false
match-723bc711-1054,forschung_muskelkraft,standard,0,10,4,11,17,32,4,28,true,false,false
match-eb8937ce-1055,urzeitliche_kolosse,control,1,6,4,6,6,16,4,12,true,true,true
match-7fa10596-1056,urzeitliche_kolosse,control,1,6,3,12,15,30,3,27,true,true,true
match-9a6b82a0-1060,urzeitliche_kolosse,control,1,8,4,6,7,17,4,13,true,true,true
match-13b8f35e-1061,urzeitliche_kolosse,control,1,6,4,16,23,43,4,39,false,false,false
match-13b8f35e-1061,forschung_muskelkraft,standard,0,7,4,15,18,37,4,33,true,false,true
match-a7d0c125-1062,forschung_muskelkraft,standard,0,6,1,5,5,11,1,10,true,false,true
match-211e31e3-1063,forschung_muskelkraft,standard,0,6,3,3,4,10,3,7,true,false,false
match-211e31e3-1063,urzeitliche_kolosse,control,1,6,3,13,14,30,3,27,false,false,false
match-b5361faa-1064,forschung_muskelkraft,standard,0,8,3,12,5,20,3,17,true,false,false
match-b5361faa-1064,urzeitliche_kolosse,control,1,10,4,10,13,27,4,23,false,false,false
match-2e837068-1065,forschung_muskelkraft,standard,0,6,2,5,6,13,2,11,true,false,false
match-2e837068-1065,urzeitliche_kolosse,control,1,6,2,9,11,22,2,20,false,false,false
match-c29b5e2f-1066,urzeitliche_kolosse,control,1,6,3,12,13,28,3,25,false,false,false
match-3be8aeed-1067,forschung_muskelkraft,standard,0,6,3,8,9,20,3,17,true,false,false
match-d0009cb4-1068,forschung_muskelkraft,standard,0,7,3,8,11,22,3,19,false,false,false
match-494ded72-1069,forschung_muskelkraft,standard,0,6,4,8,8,20,4,16,false,false,false
match-494ded72-1069,urzeitliche_kolosse,control,1,8,5,14,24,43,5,38,true,false,false
match-dd65db39-1070,forschung_muskelkraft,standard,0,6,4,7,8,19,4,15,false,false,false
match-dd65db39-1070,urzeitliche_kolosse,control,1,6,4,14,18,36,4,32,true,false,false
match-56b32bf7-1071,forschung_muskelkraft,standard,0,6,3,8,7,18,3,15,false,false,false
match-56b32bf7-1071,urzeitliche_kolosse,control,1,6,4,15,22,41,4,37,true,false,false
match-eacb19be-1072,forschung_muskelkraft,standard,0,6,1,4,4,9,1,8,true,false,false
match-eacb19be-1072,urzeitliche_kolosse,control,1,7,4,15,17,36,4,32,false,false,false
match-64186a7c-1073,urzeitliche_kolosse,control,1,7,3,12,14,29,3,26,true,false,false
match-64186a7c-1073,forschung_muskelkraft,standard,0,10,3,13,12,28,3,25,false,false,false
match-f8305843-1074,forschung_muskelkraft,standard,0,6,5,8,8,21,5,16,true,true,true
match-717da901-1075,forschung_muskelkraft,standard,0,6,3,8,6,17,3,14,true,false,false
match-717da901-1075,urzeitliche_kolosse,control,1,8,4,19,25,48,4,44,false,false,false
match-059596c9-1076,forschung_muskelkraft,standard,0,7,3,8,11,22,3,19,true,false,true
match-7ee2e786-1077,urzeitliche_kolosse,control,1,6,3,14,16,33,3,30,true,true,true
match-12fad54e-1078,urzeitliche_kolosse,control,1,6,5,20,24,49,5,44,false,false,false
match-12fad54e-1078,forschung_muskelkraft,standard,0,7,4,15,21,40,4,36,true,false,false
match-8c48260b-1079,forschung_muskelkraft,standard,0,6,2,5,4,11,2,9,false,false,false
match-206013d3-1080,urzeitliche_kolosse,control,1,7,3,14,19,36,3,33,true,false,true
match-206013d3-1080,forschung_muskelkraft,standard,0,8,4,7,10,21,4,17,false,false,false
match-811d41b6-1082,forschung_muskelkraft,standard,0,6,2,5,6,13,2,11,true,true,true
match-07cff0f9-1085,forschung_muskelkraft,standard,0,6,3,11,10,24,3,21,true,false,false
match-15352f7e-1087,forschung_muskelkraft,standard,0,6,3,4,4,11,3,8,false,false,false
match-15352f7e-1087,urzeitliche_kolosse,control,1,6,4,15,20,39,4,35,true,false,false
match-a94d1d45-1088,urzeitliche_kolosse,control,1,6,2,10,11,23,2,21,false,false,false
match-a94d1d45-1088,forschung_muskelkraft,standard,0,11,3,8,7,18,3,15,true,true,true
match-229a6e03-1089,forschung_muskelkraft,standard,0,7,3,13,16,32,3,29,true,true,true
match-2fffac88-1091,urzeitliche_kolosse,control,1,6,2,10,11,23,2,21,true,false,false
match-3d64eb0d-1093,forschung_muskelkraft,standard,0,6,2,6,4,12,2,10,true,false,false
match-3d64eb0d-1093,urzeitliche_kolosse,control,1,6,3,12,17,32,3,29,false,false,false
match-d17cd8d4-1094,forschung_muskelkraft,standard,0,6,3,7,8,18,3,15,true,true,true
match-4aca2992-1095,forschung_muskelkraft,standard,0,6,1,3,2,6,1,5,true,false,false
match-ec4755de-1098,forschung_muskelkraft,standard,0,6,1,5,5,11,1,10,false,false,false
match-6594a69c-1099,urzeitliche_kolosse,control,1,9,5,25,27,57,5,52,true,false,false
match-6594a69c-1099,forschung_muskelkraft,standard,0,11,5,12,11,28,5,23,false,false,false
match-c069d4fc-1101,urzeitliche_kolosse,standard,1,6,2,9,9,20,2,18,true,false,false
match-471c643f-1102,urzeitliche_kolosse,standard,1,6,1,3,8,12,1,11,true,true,true
match-a59f57f2-1105,urzeitliche_kolosse,standard,1,6,2,8,7,17,2,15,true,true,true
match-db345206-1113,forschung_muskelkraft,random,0,7,4,4,7,15,4,11,true,true,true
match-e899908b-1115,urzeitliche_kolosse,standard,1,6,3,12,13,28,3,25,false,false,false
match-dbf27016-1118,urzeitliche_kolosse,standard,1,6,2,7,11,20,2,18,true,true,true
match-62a51f59-1119,urzeitliche_kolosse,standard,1,6,2,9,10,21,2,19,true,true,true
match-b3c2b487-1120,urzeitliche_kolosse,standard,1,6,1,4,3,8,1,7,false,false,false
match-c127f30c-1122,urzeitliche_kolosse,standard,1,8,4,6,6,16,4,12,false,false,false
match-c127f30c-1122,forschung_muskelkraft,random,0,11,4,10,10,24,4,20,false,false,false
match-11876a2b-1126,urzeitliche_kolosse,standard,1,6,3,0,0,3,3,0,true,true,true
match-983a196d-1127,urzeitliche_kolosse,standard,1,6,3,10,12,25,3,22,true,true,true
match-f540b100-1136,urzeitliche_kolosse,standard,1,6,2,9,10,21,2,19,true,true,true
match-d9b815e6-1143,urzeitliche_kolosse,standard,1,6,2,6,7,15,2,13,true,true,true
match-2ad5ab15-1144,urzeitliche_kolosse,standard,1,6,3,8,6,17,3,14,true,true,true
match-beed98dc-1147,urzeitliche_kolosse,standard,1,7,3,11,15,29,3,26,true,false,true
match-4f2476e8-1151,urzeitliche_kolosse,standard,1,6,2,5,5,12,2,10,true,true,true
match-3459f9de-1155,urzeitliche_kolosse,standard,1,11,5,25,26,56,5,51,true,false,true
match-f0a18334-1162,urzeitliche_kolosse,standard,1,7,4,12,17,33,4,29,true,false,false
match-f0a18334-1162,forschung_muskelkraft,random,0,8,5,17,17,39,5,34,false,false,false
match-69eef3f2-1163,urzeitliche_kolosse,standard,1,6,3,11,14,28,3,25,true,true,true
match-d695243a-1169,urzeitliche_kolosse,standard,1,6,3,14,16,33,3,30,true,false,false
match-d695243a-1169,forschung_muskelkraft,random,0,8,3,11,15,29,3,26,false,false,false
match-4fe294f8-1170,urzeitliche_kolosse,standard,1,7,2,7,12,21,2,19,true,false,false
match-4fe294f8-1170,forschung_muskelkraft,random,0,7,4,11,12,27,4,23,false,false,false
match-0c2a3e4f-1177,urzeitliche_kolosse,standard,1,6,3,10,11,24,3,21,true,false,true
match-ac2b0e7b-1182,urzeitliche_kolosse,standard,1,6,4,14,15,33,4,29,true,false,false
match-9ec5cff6-1184,forschung_muskelkraft,random,0,9,3,16,12,31,3,28,true,false,false
match-e1c0088f-1190,urzeitliche_kolosse,standard,1,6,3,10,11,24,3,21,true,false,true
match-b9904d00-1196,urzeitliche_kolosse,standard,1,6,3,11,11,25,3,22,true,false,true
match-57763cbe-1200,rudeljaeger,standard,0,6,3,13,15,31,3,28,false,false,false
match-57763cbe-1200,solidaritaet_ueberleben,standard,1,11,5,13,10,28,5,23,true,false,false
match-eb8e0a85-1203,solidaritaet_ueberleben,standard,1,6,3,4,4,11,3,8,false,false,false
match-3cabbfb4-1204,solidaritaet_ueberleben,standard,1,6,2,6,6,14,2,12,true,false,true
match-c35e4ef6-1205,solidaritaet_ueberleben,standard,1,6,3,9,8,20,3,17,true,false,false
match-c35e4ef6-1205,rudeljaeger,standard,0,12,4,4,3,11,4,7,false,false,false
match-4a10fe39-1206,solidaritaet_ueberleben,standard,1,6,4,13,10,27,4,23,true,false,false
match-4a10fe39-1206,rudeljaeger,standard,0,6,3,10,12,25,3,22,false,false,false
match-d0c38d7b-1207,rudeljaeger,standard,0,8,5,22,26,53,5,48,true,false,false
match-d0c38d7b-1207,solidaritaet_ueberleben,standard,1,12,3,4,6,13,3,10,false,false,false
match-a893d1ec-1209,solidaritaet_ueberleben,standard,1,6,2,7,6,15,2,13,false,false,false
match-b5f91071-1211,rudeljaeger,standard,0,6,4,13,17,34,4,30,true,false,false
match-9b2e9367-1215,rudeljaeger,standard,0,8,3,8,7,18,3,15,false,false,false
match-c2a030e6-1216,rudeljaeger,standard,0,6,4,12,15,31,4,27,false,false,false
match-c2a030e6-1216,solidaritaet_ueberleben,standard,1,7,5,6,8,19,5,14,false,false,false
match-4952c029-1217,solidaritaet_ueberleben,standard,1,13,3,8,4,15,3,12,true,true,true
match-56b81eae-1219,solidaritaet_ueberleben,standard,1,6,4,12,6,22,4,18,true,false,false
match-56b81eae-1219,rudeljaeger,standard,0,6,3,10,14,27,3,24,false,false,false
match-a7d5b3dc-1220,solidaritaet_ueberleben,standard,1,6,2,8,6,16,2,14,true,false,false
match-b53af261-1222,rudeljaeger,standard,0,6,2,5,6,13,2,11,false,false,false
match-b53af261-1222,solidaritaet_ueberleben,standard,1,9,4,7,6,17,4,13,true,false,false
match-3bed81a4-1223,solidaritaet_ueberleben,standard,1,6,2,8,8,18,2,16,true,false,false
match-13bdc615-1225,solidaritaet_ueberleben,standard,1,7,4,9,8,21,4,17,false,false,false
match-13bdc615-1225,rudeljaeger,standard,0,8,4,19,24,47,4,43,true,false,false
match-9a707557-1226,solidaritaet_ueberleben,standard,1,6,3,3,0,6,3,3,false,false,false
match-9a707557-1226,rudeljaeger,standard,0,6,4,12,14,30,4,26,true,false,false
match-2123049a-1227,solidaritaet_ueberleben,standard,1,7,3,12,6,21,3,18,true,false,false
match-2123049a-1227,rudeljaeger,standard,0,10,5,0,0,5,5,0,false,false,false
match-f8f3490a-1229,solidaritaet_ueberleben,standard,1,6,1,2,2,5,1,4,false,false,false
match-7fa5f84d-1230,solidaritaet_ueberleben,standard,1,6,2,8,6,16,2,14,true,false,false
match-7fa5f84d-1230,rudeljaeger,standard,0,6,4,11,10,25,4,21,false,false,false
match-06588790-1231,solidaritaet_ueberleben,standard,1,6,4,16,8,28,4,24,false,false,false
match-06588790-1231,rudeljaeger,standard,0,9,4,13,17,34,4,30,true,false,false
match-07d4c3b0-1233,solidaritaet_ueberleben,standard,1,6,2,6,4,12,2,10,true,false,true
match-153a0235-1235,rudeljaeger,standard,0,6,4,19,23,46,4,42,true,false,false
match-ed0a46a5-1237,rudeljaeger,standard,0,6,4,13,14,31,4,27,true,false,true
match-fa6f852a-1239,rudeljaeger,standard,0,6,4,16,18,38,4,34,true,false,false
match-4b8d3a59-1240,solidaritaet_ueberleben,standard,1,7,3,8,6,17,3,14,true,true,true
match-58f278de-1242,solidaritaet_ueberleben,standard,1,11,5,19,16,40,5,35,false,false,false
match-58f278de-1242,rudeljaeger,standard,0,12,4,15,17,36,4,32,true,false,false
match-dfa50820-1243,solidaritaet_ueberleben,standard,1,6,2,4,4,10,2,8,false,false,false
match-dfa50820-1243,rudeljaeger,standard,0,6,4,12,16,32,4,28,true,false,false
match-30c2bd4f-1244,solidaritaet_ueberleben,standard,1,6,4,4,4,12,4,8,true,false,false
match-b7754c91-1245,solidaritaet_ueberleben,standard,1,6,2,7,6,15,2,13,false,false,false
match-3e27fbd4-1246,solidaritaet_ueberleben,standard,1,7,5,12,8,25,5,20,true,false,false
match-ec4c2895-1248,solidaritaet_ueberleben,standard,1,6,3,4,4,11,3,8,true,false,false
match-ec4c2895-1248,rudeljaeger,standard,0,14,5,13,14,32,5,27,false,false,false
match-6ce36dec-1250,solidaritaet_ueberleben,standard,1,8,3,10,8,21,3,18,false,false,false
match-6ce36dec-1250,rudeljaeger,standard,0,10,2,5,6,13,2,11,true,false,false
match-f3961d2e-1251,solidaritaet_ueberleben,standard,1,6,5,16,12,33,5,28,true,false,false
match-5f7e2f67-1252,rudeljaeger,standard,0,6,1,2,2,5,1,4,false,false,false
match-5f7e2f67-1252,solidaritaet_ueberleben,standard,1,6,4,14,14,32,4,28,true,false,false
match-5218f0e2-1254,rudeljaeger,standard,0,7,5,12,13,30,5,25,true,false,false
match-44b3b25d-1256,solidaritaet_ueberleben,standard,1,7,2,5,4,11,2,9,true,true,true
match-cb66419f-1257,rudeljaeger,standard,0,6,1,4,4,9,1,8,true,false,true
match-29e93553-1260,rudeljaeger,standard,0,6,2,5,7,14,2,12,true,false,false
match-b09bc495-1261,rudeljaeger,standard,0,6,3,7,10,20,3,17,false,false,false
match-b09bc495-1261,solidaritaet_ueberleben,standard,1,12,5,11,12,28,5,23,true,false,false
match-1c83f6ce-1262,rudeljaeger,standard,0,8,4,8,13,25,4,21,true,true,true
match-0f1eb849-1264,rudeljaeger,standard,0,7,5,9,14,28,5,23,true,false,false
match-d80d6214-1266,solidaritaet_ueberleben,standard,1,6,3,3,2,8,3,5,true,false,false
match-d80d6214-1266,rudeljaeger,standard,0,13,5,11,12,28,5,23,false,false,false
match-caa8238f-1268,rudeljaeger,standard,0,6,2,5,10,17,2,15,false,false,false
match-caa8238f-1268,solidaritaet_ueberleben,standard,1,6,5,4,6,15,5,10,true,false,false
match-515ad2d2-1269,solidaritaet_ueberleben,standard,1,11,4,15,12,31,4,27,true,false,false
match-bd42e50a-1270,solidaritaet_ueberleben,standard,1,6,5,12,6,23,5,18,true,false,true
match-43f5944d-1271,solidaritaet_ueberleben,standard,1,8,5,15,12,32,5,27,true,false,false
match-43f5944d-1271,rudeljaeger,standard,0,10,2,8,10,20,2,18,false,false,false
match-369055c8-1273,solidaritaet_ueberleben,standard,1,6,5,7,6,18,5,13,false,false,false
match-369055c8-1273,rudeljaeger,standard,0,15,4,17,19,40,4,36,false,false,false
match-292b1743-1275,solidaritaet_ueberleben,standard,1,6,5,2,2,9,5,4,true,false,true
match-9513297b-1276,solidaritaet_ueberleben,standard,1,6,4,18,12,34,4,30,false,false,false
match-9513297b-1276,rudeljaeger,standard,0,8,4,15,20,39,4,35,true,false,false
match-87adeaf6-1278,solidaritaet_ueberleben,standard,1,6,5,16,8,29,5,24,false,false,false
match-87adeaf6-1278,rudeljaeger,standard,0,13,4,9,12,25,4,21,true,false,true
match-0e609a39-1279,rudeljaeger,standard,0,6,3,7,9,19,3,16,false,false,false
match-0e609a39-1279,solidaritaet_ueberleben,standard,1,8,5,17,18,40,5,35,true,true,true
match-968f659b-1282,solidaritaet_ueberleben,standard,1,12,4,14,10,28,4,24,true,true,true
match-7bc4e891-1286,rudeljaeger,standard,0,6,2,6,6,14,2,12,false,false,false
match-027797d4-1287,solidaritaet_ueberleben,standard,1,6,4,3,0,7,4,3,true,false,false
match-027797d4-1287,rudeljaeger,standard,0,10,3,13,16,32,3,29,false,false,false
match-f512594e-1289,rudeljaeger,standard,0,6,3,8,12,23,3,20,false,false,false
match-f512594e-1289,solidaritaet_ueberleben,standard,1,10,5,0,0,5,5,0,true,false,true
match-60fa6b87-1290,solidaritaet_ueberleben,standard,1,6,3,11,8,22,3,19,true,false,false
match-60fa6b87-1290,rudeljaeger,standard,0,13,5,11,13,29,5,24,false,false,false
match-e7ad1ac9-1291,rudeljaeger,standard,0,6,2,6,10,18,2,16,false,false,false
match-e7ad1ac9-1291,solidaritaet_ueberleben,standard,1,8,3,6,6,15,3,12,true,false,false
match-53952d02-1292,solidaritaet_ueberleben,standard,1,6,4,8,4,16,4,12,false,false,false
match-da47dc44-1293,solidaritaet_ueberleben,standard,1,6,2,7,6,15,2,13,false,false,false
match-cce29dbf-1295,solidaritaet_ueberleben,standard,1,7,2,6,4,12,2,10,true,true,true
match-38caaff8-1296,solidaritaet_ueberleben,standard,1,6,3,4,4,11,3,8,true,false,false
match-bf7d5f3a-1297,rudeljaeger,standard,0,6,3,10,11,24,3,21,false,false,false
match-bf7d5f3a-1297,solidaritaet_ueberleben,standard,1,8,5,20,18,43,5,38,true,true,true
match-01b979c4-1298,rudeljaeger,standard,0,6,2,6,6,14,2,12,true,false,false
match-01b979c4-1298,solidaritaet_ueberleben,standard,1,8,5,12,8,25,5,20,false,false,false
match-886c0906-1299,rudeljaeger,standard,0,10,4,8,6,18,4,14,true,false,false
match-886c0906-1299,solidaritaet_ueberleben,standard,1,12,5,17,14,36,5,31,false,false,false
match-784ed819-1300,solidaritaet_ueberleben,standard,1,7,5,12,8,25,5,20,true,true,true
match-85b4169e-1302,rudeljaeger,aggressive,0,6,4,14,20,38,4,34,false,false,false
match-ff01675b-1303,solidaritaet_ueberleben,standard,1,6,3,8,6,17,3,14,false,false,false
match-5d845b0f-1304,solidaritaet_ueberleben,standard,1,6,1,2,0,3,1,2,true,false,false
match-5d845b0f-1304,rudeljaeger,aggressive,0,6,4,14,17,35,4,31,false,false,false
match-d6d1abcc-1305,rudeljaeger,aggressive,0,6,3,11,11,25,3,22,true,false,false
match-42b9de05-1308,solidaritaet_ueberleben,standard,1,6,2,8,6,16,2,14,false,false,false
match-c96c6d47-1311,solidaritaet_ueberleben,standard,1,7,5,14,10,29,5,24,false,false,false
match-c96c6d47-1311,rudeljaeger,aggressive,0,8,5,7,8,20,5,15,true,false,false
match-27ef40fb-1312,solidaritaet_ueberleben,standard,1,8,4,11,8,23,4,19,false,false,false
match-35549f80-1314,solidaritaet_ueberleben,standard,1,9,3,9,8,20,3,17,true,false,false
match-aea1f03d-1315,solidaritaet_ueberleben,standard,1,6,3,11,6,20,3,17,true,false,false
match-0d24c3f1-1316,solidaritaet_ueberleben,standard,1,7,2,10,8,20,2,18,false,false,false
match-0d24c3f1-1316,rudeljaeger,aggressive,0,8,5,0,0,5,5,0,true,false,false
match-93d77333-1319,rudeljaeger,aggressive,0,9,3,9,11,23,3,20,false,false,false
match-6ba7b7a4-1321,rudeljaeger,aggressive,0,6,4,6,8,18,4,14,false,false,false
match-ffbf856b-1322,solidaritaet_ueberleben,standard,1,6,2,8,6,16,2,14,false,false,false
match-790cf629-1323,rudeljaeger,aggressive,0,6,5,6,7,18,5,13,false,false,false
match-790cf629-1323,solidaritaet_ueberleben,standard,1,8,5,20,16,41,5,36,true,false,true
match-50dd3a9a-1325,solidaritaet_ueberleben,standard,1,8,2,0,0,2,2,0,false,false,false
match-50dd3a9a-1325,rudeljaeger,aggressive,0,8,4,14,20,38,4,34,false,false,false
match-e4f50861-1326,rudeljaeger,aggressive,0,6,3,10,10,23,3,20,true,false,false
match-bcc54cd2-1328,solidaritaet_ueberleben,standard,1,10,2,7,6,15,2,13,true,false,false
match-3612bd90-1329,solidaritaet_ueberleben,standard,1,11,4,17,10,31,4,27,true,false,true
match-ca2a8b57-1330,rudeljaeger,aggressive,0,6,4,14,17,35,4,31,true,true,true
match-4ea2c06a-1332,solidaritaet_ueberleben,standard,1,6,3,7,4,14,3,11,false,false,false
match-4ea2c06a-1332,rudeljaeger,aggressive,0,6,4,9,12,25,4,21,false,false,false
match-c7f03127-1333,rudeljaeger,aggressive,0,6,4,17,19,40,4,36,true,false,false
match-c7f03127-1333,solidaritaet_ueberleben,standard,1,11,3,5,4,12,3,9,false,false,false
match-5c081eef-1334,rudeljaeger,aggressive,0,6,5,15,16,36,5,31,false,false,false
match-5c081eef-1334,solidaritaet_ueberleben,standard,1,8,5,7,8,20,5,15,true,false,false
match-d5556fac-1335,rudeljaeger,aggressive,0,6,3,14,15,32,3,29,false,false,false
match-33d84360-1336,solidaritaet_ueberleben,standard,1,6,4,7,4,15,4,11,true,false,false
match-413d81e5-1338,rudeljaeger,aggressive,0,6,2,9,12,23,2,21,false,false,false
match-413d81e5-1338,solidaritaet_ueberleben,standard,1,7,5,4,4,13,5,8,true,false,false
match-ba8af2a2-1339,solidaritaet_ueberleben,standard,1,6,2,6,6,14,2,12,false,false,false
match-ba8af2a2-1339,rudeljaeger,aggressive,0,6,4,15,18,37,4,33,true,false,false
match-190dc656-1340,solidaritaet_ueberleben,standard,1,6,3,10,8,21,3,18,false,false,false
match-190dc656-1340,rudeljaeger,aggressive,0,11,4,3,4,11,4,7,true,false,false
match-925b3713-1341,solidaritaet_ueberleben,standard,1,8,4,4,4,12,4,8,true,false,false
match-9fc07598-1343,solidaritaet_ueberleben,standard,1,7,3,8,6,17,3,14,true,false,false
match-fe43494b-1344,solidaritaet_ueberleben,standard,1,6,3,9,8,20,3,17,true,false,false
match-fe43494b-1344,rudeljaeger,aggressive,0,6,5,11,17,33,5,28,false,false,false
match-0ba887d1-1346,rudeljaeger,aggressive,0,6,5,16,18,39,5,34,false,false,false
match-0ba887d1-1346,solidaritaet_ueberleben,standard,1,8,5,12,14,31,5,26,true,false,false
match-84f5f88e-1347,solidaritaet_ueberleben,standard,1,6,3,9,6,18,3,15,true,false,true
match-e378cc41-1348,solidaritaet_ueberleben,standard,1,6,2,4,2,8,2,6,true,false,false
match-e378cc41-1348,rudeljaeger,aggressive,0,6,3,12,16,31,3,28,false,false,false
match-302ee87f-1350,rudeljaeger,aggressive,0,9,3,3,5,11,3,8,false,false,false
match-b6e197c1-1351,rudeljaeger,aggressive,0,6,4,9,11,24,4,20,false,false,false
match-b6e197c1-1351,solidaritaet_ueberleben,standard,1,12,5,5,4,14,5,9,false,false,false
match-4af96589-1354,rudeljaeger,aggressive,0,6,2,6,8,16,2,14,false,false,false
match-4af96589-1354,solidaritaet_ueberleben,standard,1,6,5,11,12,28,5,23,true,false,false
match-3d942704-1356,solidaritaet_ueberleben,standard,1,6,3,4,4,11,3,8,true,true,true
match-fa99ee6a-1358,solidaritaet_ueberleben,standard,1,6,3,9,6,18,3,15,true,false,true
match-ed34afe5-1360,solidaritaet_ueberleben,standard,1,6,4,3,2,9,4,5,false,false,false
match-73e75f28-1361,solidaritaet_ueberleben,standard,1,6,3,3,2,8,3,5,true,false,false
match-9c171ab7-1363,rudeljaeger,aggressive,0,6,3,9,8,20,3,17,false,false,false
match-9c171ab7-1363,solidaritaet_ueberleben,standard,1,6,5,7,8,20,5,15,true,false,false
match-07ff2cf0-1364,solidaritaet_ueberleben,standard,1,13,1,0,0,1,1,0,true,true,true
match-8eb1dc32-1365,rudeljaeger,aggressive,0,8,5,22,26,53,5,48,false,false,false
match-4bb78399-1367,solidaritaet_ueberleben,standard,1,9,2,6,6,14,2,12,false,false,false
match-4bb78399-1367,rudeljaeger,aggressive,0,11,5,15,18,38,5,33,true,true,true
match-dfcf7160-1370,solidaritaet_ueberleben,standard,1,6,4,15,8,27,4,23,true,false,false
match-dfcf7160-1370,rudeljaeger,aggressive,0,12,4,9,9,22,4,18,false,false,false
match-591cc21e-1373,solidaritaet_ueberleben,standard,1,9,4,10,6,20,4,16,true,false,false
match-820abbbd-1376,solidaritaet_ueberleben,standard,1,6,4,14,10,28,4,24,false,false,false
match-820abbbd-1376,rudeljaeger,aggressive,0,11,5,11,12,28,5,23,true,false,false
match-aa3a774c-1378,solidaritaet_ueberleben,standard,1,7,3,12,8,23,3,20,false,false,false
match-aa3a774c-1378,rudeljaeger,aggressive,0,7,5,10,13,28,5,23,true,false,false
match-30ed068f-1379,rudeljaeger,aggressive,0,6,2,3,7,12,2,10,true,true,true
match-9cd538c7-1380,solidaritaet_ueberleben,standard,1,6,3,13,10,26,3,23,false,false,false
match-2387c80a-1381,solidaritaet_ueberleben,standard,1,10,5,13,8,26,5,21,false,false,false
match-2387c80a-1381,rudeljaeger,aggressive,0,11,5,18,19,42,5,37,true,false,false
match-0682f0d0-1382,rudeljaeger,aggressive,0,7,4,3,2,9,4,5,true,false,false
match-8d358012-1383,rudeljaeger,aggressive,0,9,4,1,3,8,4,4,false,false,false
match-8d358012-1383,solidaritaet_ueberleben,standard,1,11,3,12,14,29,3,26,true,false,false
match-f91db24a-1384,rudeljaeger,aggressive,0,6,3,8,12,23,3,20,false,false,false
match-f91db24a-1384,solidaritaet_ueberleben,standard,1,12,5,6,6,17,5,12,true,false,false
match-7fd0418d-1385,rudeljaeger,aggressive,0,7,4,18,21,43,4,39,true,false,false
match-214d6dda-1386,solidaritaet_ueberleben,standard,1,8,4,6,6,16,4,12,true,false,false
match-214d6dda-1386,rudeljaeger,aggressive,0,13,5,19,21,45,5,40,false,false,false
match-a8001d1c-1387,rudeljaeger,aggressive,0,6,1,4,4,9,1,8,true,true,true
match-9a9ade97-1389,rudeljaeger,aggressive,0,12,2,2,4,8,2,6,true,true,true
match-57a085fe-1391,rudeljaeger,aggressive,0,6,3,9,11,23,3,20,false,false,false
match-57a085fe-1391,solidaritaet_ueberleben,standard,1,6,3,12,12,27,3,24,true,false,false
match-c388b836-1392,solidaritaet_ueberleben,standard,1,6,5,12,10,27,5,22,false,false,false
match-c388b836-1392,rudeljaeger,aggressive,0,7,2,9,12,23,2,21,true,false,false
match-4a3b4779-1393,rudeljaeger,aggressive,0,6,2,8,10,20,2,18,false,false,false
match-ebb873c5-1394,rudeljaeger,aggressive,0,8,3,7,11,21,3,18,true,false,true
match-de533540-1396,rudeljaeger,aggressive,0,6,4,12,11,27,4,23,false,false,false
match-6505c483-1397,solidaritaet_ueberleben,standard,1,6,3,13,10,26,3,23,true,false,false
match-6505c483-1397,rudeljaeger,aggressive,0,10,4,7,8,19,4,15,false,false,false
match-2e9bdaaf-1401,rudeljaeger,standard,0,6,2,7,8,17,2,15,true,false,false
match-2e9bdaaf-1401,solidaritaet_ueberleben,control,1,14,2,3,2,7,2,5,false,false,false
match-b54e69f1-1402,rudeljaeger,standard,0,6,3,9,10,22,3,19,true,true,true
match-3c011934-1403,rudeljaeger,standard,0,8,4,3,2,9,4,5,false,false,false
match-8d1eae62-1404,solidaritaet_ueberleben,control,1,6,3,10,10,23,3,20,true,false,false
match-8d1eae62-1404,rudeljaeger,standard,0,10,4,8,11,23,4,19,false,false,false
match-13d15da5-1405,solidaritaet_ueberleben,control,1,6,1,4,4,9,1,8,false,false,false
match-21369c2a-1407,solidaritaet_ueberleben,control,1,7,3,9,8,20,3,17,true,false,true
match-dd7e2580-1408,solidaritaet_ueberleben,control,1,6,3,7,4,14,3,11,true,false,false
match-dd7e2580-1408,rudeljaeger,standard,0,15,3,6,6,15,3,12,false,false,false
match-6430d4c3-1409,solidaritaet_ueberleben,control,1,6,1,4,4,9,1,8,false,false,false
match-6430d4c3-1409,rudeljaeger,standard,0,10,5,12,13,30,5,25,true,false,true
match-eae36405-1410,rudeljaeger,standard,0,12,5,17,19,41,5,36,false,false,false
match-eae36405-1410,solidaritaet_ueberleben,control,1,13,5,19,14,38,5,33,false,false,false
match-c2b3a876-1412,solidaritaet_ueberleben,control,1,7,3,6,4,13,3,10,true,false,false
match-496657b9-1413,rudeljaeger,standard,0,8,5,18,22,45,5,40,false,false,false
match-496657b9-1413,solidaritaet_ueberleben,control,1,10,4,12,12,28,4,24,true,false,false
match-d018e6fb-1414,rudeljaeger,standard,0,6,3,15,17,35,3,32,true,true,true
match-56cb963e-1415,solidaritaet_ueberleben,control,1,10,3,3,0,6,3,3,true,false,false
match-13133f95-1416,rudeljaeger,standard,0,12,5,9,10,24,5,19,false,false,false
match-13133f95-1416,solidaritaet_ueberleben,control,1,13,4,14,12,30,4,26,true,false,false
match-99c5ced7-1417,solidaritaet_ueberleben,control,1,6,1,2,2,5,1,4,false,false,false
match-99c5ced7-1417,rudeljaeger,standard,0,7,2,5,6,13,2,11,true,false,false
match-20787e1a-1418,rudeljaeger,standard,0,10,1,3,4,8,1,7,true,true,true
match-f848a28a-1420,solidaritaet_ueberleben,control,1,7,4,11,10,25,4,21,true,false,false
match-7efb51cd-1421,solidaritaet_ueberleben,control,1,6,2,8,8,18,2,16,true,false,true
match-8c609052-1423,solidaritaet_ueberleben,control,1,6,1,4,4,9,1,8,true,false,false
match-8c609052-1423,rudeljaeger,standard,0,6,4,4,6,14,4,10,false,false,false
match-dcc00770-1427,solidaritaet_ueberleben,control,1,6,3,0,0,3,3,0,true,false,false
match-2dddbc9f-1428,rudeljaeger,standard,0,6,4,15,18,37,4,33,true,false,true
match-b4904be1-1429,solidaritaet_ueberleben,control,1,12,4,9,2,15,4,11,false,false,false
match-b4904be1-1429,rudeljaeger,standard,0,15,5,16,18,39,5,34,true,true,true
match-3b42fb24-1430,solidaritaet_ueberleben,control,1,6,2,8,8,18,2,16,false,false,false
match-3b42fb24-1430,rudeljaeger,standard,0,6,4,11,17,32,4,28,true,false,false
match-c1f58a66-1431,rudeljaeger,standard,0,8,4,21,25,50,4,46,true,false,true
match-5847d25e-1433,solidaritaet_ueberleben,control,1,7,2,5,4,11,2,9,true,true,true
match-defa61a0-1434,rudeljaeger,standard,0,6,4,14,15,33,4,29,false,false,false
match-defa61a0-1434,solidaritaet_ueberleben,control,1,7,5,8,10,23,5,18,true,false,false
match-65ad10e3-1435,rudeljaeger,standard,0,6,5,15,14,34,5,29,false,false,false
match-3d7d5554-1437,solidaritaet_ueberleben,control,1,6,3,9,6,18,3,15,true,false,false
match-3d7d5554-1437,rudeljaeger,standard,0,6,3,8,10,21,3,18,false,false,false
match-072a3d30-1440,rudeljaeger,standard,0,6,5,15,13,33,5,28,false,false,false
match-072a3d30-1440,solidaritaet_ueberleben,control,1,9,5,17,16,38,5,33,true,false,false
match-148f7bb5-1442,solidaritaet_ueberleben,control,1,7,2,4,4,10,2,8,true,true,true
match-73124f68-1445,solidaritaet_ueberleben,control,1,6,4,17,12,33,4,29,true,false,false
match-73124f68-1445,rudeljaeger,standard,0,9,4,13,13,30,4,26,false,false,false
match-f9c4feaa-1446,rudeljaeger,standard,0,9,2,7,8,17,2,15,false,false,false
match-f9c4feaa-1446,solidaritaet_ueberleben,control,1,10,5,0,0,5,5,0,true,false,false
match-80778ded-1447,solidaritaet_ueberleben,control,1,6,2,9,8,19,2,17,true,false,false
match-3cbf3744-1448,rudeljaeger,standard,0,8,5,14,16,35,5,30,true,false,false
match-c371c686-1449,rudeljaeger,standard,0,6,3,15,19,37,3,34,false,false,false
match-c371c686-1449,solidaritaet_ueberleben,control,1,11,4,10,8,22,4,18,true,false,false
match-d916ac8f-1451,solidaritaet_ueberleben,control,1,13,3,10,8,21,3,18,true,false,false
match-d916ac8f-1451,rudeljaeger,standard,0,14,5,14,19,38,5,33,false,false,false
match-6d2e9a57-1452,solidaritaet_ueberleben,control,1,6,5,10,6,21,5,16,true,false,true
match-e67beb14-1453,solidaritaet_ueberleben,control,1,6,3,5,4,12,3,9,true,false,false
match-e67beb14-1453,rudeljaeger,standard,0,8,3,0,0,3,3,0,false,false,false
match-f3e12999-1455,solidaritaet_ueberleben,control,1,8,2,6,6,14,2,12,true,true,true
match-0146681f-1457,rudeljaeger,standard,0,6,2,0,0,2,2,0,false,false,false
match-0146681f-1457,solidaritaet_ueberleben,control,1,12,5,12,8,25,5,20,true,true,true
match-1c10e529-1461,solidaritaet_ueberleben,control,1,6,5,0,0,5,5,0,false,false,false
match-b028d2f0-1462,solidaritaet_ueberleben,control,1,6,5,7,4,16,5,11,true,false,false
match-bd8e1175-1464,solidaritaet_ueberleben,control,1,6,2,6,4,12,2,10,false,false,false
match-bd8e1175-1464,rudeljaeger,standard,0,7,5,21,24,50,5,45,true,false,false
match-36db6233-1465,rudeljaeger,standard,0,8,3,6,9,18,3,15,false,false,false
match-caf34ffa-1466,rudeljaeger,standard,0,6,3,10,11,24,3,21,false,false,false
match-caf34ffa-1466,solidaritaet_ueberleben,control,1,6,3,8,10,21,3,18,true,false,false
match-4440a0b8-1467,rudeljaeger,standard,0,6,3,9,10,22,3,19,false,false,false
match-4440a0b8-1467,solidaritaet_ueberleben,control,1,6,5,4,6,15,5,10,true,false,false
match-d8588e7f-1468,solidaritaet_ueberleben,control,1,10,3,9,6,18,3,15,true,false,false
match-d8588e7f-1468,rudeljaeger,standard,0,11,5,4,6,15,5,10,false,false,false
match-e5bdcd04-1470,solidaritaet_ueberleben,control,1,6,4,4,4,12,4,8,true,false,true
match-5f0b3dc2-1471,solidaritaet_ueberleben,control,1,6,4,15,8,27,4,23,true,false,false
match-5f0b3dc2-1471,rudeljaeger,standard,0,13,5,13,14,32,5,27,false,false,false
match-00884a0f-1474,rudeljaeger,standard,0,6,1,4,4,9,1,8,true,false,true
match-0ded8894-1476,rudeljaeger,standard,0,6,3,4,7,14,3,11,false,false,false
match-1b52c719-1478,rudeljaeger,standard,0,6,3,9,9,21,3,18,true,false,false
match-94a037d6-1479,solidaritaet_ueberleben,control,1,6,4,12,6,22,4,18,true,false,false
match-94a037d6-1479,rudeljaeger,standard,0,8,4,11,12,27,4,23,false,false,false
match-28b8059e-1480,rudeljaeger,standard,0,11,4,12,13,29,4,25,false,false,false
match-28b8059e-1480,solidaritaet_ueberleben,control,1,12,5,20,16,41,5,36,true,false,false
match-a205765b-1481,solidaritaet_ueberleben,control,1,9,1,2,2,5,1,4,true,false,false
match-89755381-1482,rudeljaeger,standard,0,6,4,9,9,22,4,18,false,false,false
match-89755381-1482,solidaritaet_ueberleben,control,1,10,5,4,2,11,5,6,false,false,false
match-02c2a43f-1483,solidaritaet_ueberleben,control,1,6,4,8,6,18,4,14,true,false,false
match-96da9206-1484,rudeljaeger,standard,0,6,3,7,9,19,3,16,false,false,false
match-96da9206-1484,solidaritaet_ueberleben,control,1,6,4,7,6,17,4,13,true,false,false
match-a43fd08b-1486,solidaritaet_ueberleben,control,1,6,4,5,2,11,4,7,true,false,false
match-1d8d2149-1487,rudeljaeger,standard,0,6,1,2,0,3,1,2,false,false,false
match-1d8d2149-1487,solidaritaet_ueberleben,control,1,6,3,10,12,25,3,22,true,false,false
match-2af27fce-1489,solidaritaet_ueberleben,control,1,8,3,9,6,18,3,15,true,true,true
match-bf0a4d95-1490,rudeljaeger,standard,0,6,1,4,4,9,1,8,true,true,true
match-3857be53-1491,solidaritaet_ueberleben,control,1,6,2,6,6,14,2,12,true,false,false
match-45bcfcd8-1493,rudeljaeger,standard,0,7,4,17,18,39,4,35,true,false,false
match-d9d4ca9f-1494,rudeljaeger,standard,0,6,3,4,6,13,3,10,true,true,true
match-e73a0924-1496,rudeljaeger,standard,0,7,4,9,6,19,4,15,true,false,false
match-e73a0924-1496,solidaritaet_ueberleben,control,1,10,5,6,6,17,5,12,false,false,false
match-608779e2-1497,rudeljaeger,standard,0,6,3,7,8,18,3,15,false,false,false
match-608779e2-1497,solidaritaet_ueberleben,control,1,6,5,9,10,24,5,19,true,false,false
match-6decb867-1499,solidaritaet_ueberleben,control,1,6,4,3,2,9,4,5,true,false,false
match-6decb867-1499,rudeljaeger,standard,0,14,3,6,6,15,3,12,false,false,false
match-4f74760a-1502,solidaritaet_ueberleben,standard,1,8,3,10,8,21,3,18,true,false,false
match-4f74760a-1502,rudeljaeger,random,0,10,5,14,17,36,5,31,false,false,false
match-34a9f900-1506,solidaritaet_ueberleben,standard,1,6,3,7,2,12,3,9,true,false,false
match-bb5c8842-1507,rudeljaeger,random,0,10,5,8,9,22,5,17,true,false,false
match-77a43199-1508,solidaritaet_ueberleben,standard,1,6,3,9,4,16,3,13,false,false,false
match-fe56c0db-1509,rudeljaeger,random,0,6,3,4,4,11,3,8,false,false,false
match-fe56c0db-1509,solidaritaet_ueberleben,standard,1,10,5,15,16,36,5,31,true,false,false
match-0bbc1f61-1511,solidaritaet_ueberleben,standard,1,6,4,12,8,24,4,20,true,false,true
match-e38c43d1-1513,solidaritaet_ueberleben,standard,1,6,4,13,10,27,4,23,true,true,true
match-f0f18256-1515,solidaritaet_ueberleben,standard,1,7,4,13,6,23,4,19,true,true,true
match-e44a61e1-1518,solidaritaet_ueberleben,standard,1,6,3,8,6,17,3,14,true,false,false
match-e44a61e1-1518,rudeljaeger,random,0,7,3,7,8,18,3,15,false,false,false
match-c97fe4d7-1522,solidaritaet_ueberleben,standard,1,7,5,15,8,28,5,23,false,false,false
match-19df7bf6-1526,solidaritaet_ueberleben,standard,1,8,4,16,10,30,4,26,true,false,true
match-a0920b38-1527,rudeljaeger,random,0,7,2,9,12,23,2,21,false,false,false
match-78624fa9-1529,solidaritaet_ueberleben,standard,1,6,3,8,6,17,3,14,true,true,true
match-ff14feeb-1530,rudeljaeger,random,0,9,4,0,0,4,4,0,true,false,false
match-85c78e2e-1531,solidaritaet_ueberleben,standard,1,6,2,4,4,10,2,8,true,true,true
match-9f15cf18-1533,solidaritaet_ueberleben,standard,1,6,3,10,8,21,3,18,true,false,true
match-25c87e5b-1534,rudeljaeger,random,0,7,4,12,15,31,4,27,false,false,false
match-0afde151-1538,solidaritaet_ueberleben,standard,1,6,4,10,6,20,4,16,true,false,true
match-e21007b1-1543,solidaritaet_ueberleben,standard,1,6,3,7,4,14,3,11,true,false,true
match-332dbce0-1544,rudeljaeger,random,0,7,3,14,16,33,3,30,true,false,false
match-4092fb65-1546,rudeljaeger,random,0,8,5,16,15,36,5,31,true,false,false
match-c7458aa7-1547,solidaritaet_ueberleben,standard,1,7,3,9,8,20,3,17,true,true,true
match-ad392bad-1548,solidaritaet_ueberleben,standard,1,6,1,3,0,4,1,3,true,false,true
match-de2f17f5-1550,solidaritaet_ueberleben,standard,1,6,3,4,2,9,3,6,true,false,true
match-d0c9d970-1552,rudeljaeger,random,0,6,4,12,17,33,4,29,false,false,false
match-d0c9d970-1552,solidaritaet_ueberleben,standard,1,6,3,4,6,13,3,10,true,false,false
match-4a172a2e-1553,rudeljaeger,random,0,6,3,10,11,24,3,21,false,false,false
match-4a172a2e-1553,solidaritaet_ueberleben,standard,1,7,3,10,12,25,3,22,true,true,true
match-c3649aeb-1554,solidaritaet_ueberleben,standard,1,7,1,0,0,1,1,0,true,true,true
match-3cb1eba9-1555,solidaritaet_ueberleben,standard,1,6,5,3,2,10,5,5,true,false,false
match-3cb1eba9-1555,rudeljaeger,random,0,7,5,14,14,33,5,28,false,false,false
match-b5ff5c66-1556,solidaritaet_ueberleben,standard,1,8,4,6,4,14,4,10,true,true,true
match-065ed385-1560,solidaritaet_ueberleben,standard,1,7,1,2,0,3,1,2,true,true,true
match-7fac2442-1561,rudeljaeger,random,0,7,4,17,23,44,4,40,true,false,false
match-7fac2442-1561,solidaritaet_ueberleben,standard,1,11,4,12,10,26,4,22,false,false,false
match-7246e5bd-1563,solidaritaet_ueberleben,standard,1,6,3,11,6,20,3,17,true,false,false
match-64e1a738-1565,solidaritaet_ueberleben,standard,1,6,4,4,4,12,4,8,false,false,false
match-64e1a738-1565,rudeljaeger,random,0,8,4,16,19,39,4,35,true,false,false
match-730503cd-1566,solidaritaet_ueberleben,standard,1,6,2,7,6,15,2,13,true,true,true
match-659fc548-1568,rudeljaeger,random,0,8,5,18,19,42,5,37,false,false,false
match-deed3605-1569,rudeljaeger,random,0,8,3,8,13,24,3,21,false,false,false
match-583a86c3-1570,solidaritaet_ueberleben,standard,1,6,3,11,8,22,3,19,true,false,true
match-4ad5483e-1572,solidaritaet_ueberleben,standard,1,9,4,17,12,33,4,29,true,false,false
match-4ad5483e-1572,rudeljaeger,random,0,11,5,5,10,20,5,15,false,false,false
match-9b34df5c-1576,solidaritaet_ueberleben,standard,1,8,5,14,12,31,5,26,true,true,true
match-1482301a-1577,rudeljaeger,random,0,6,3,0,0,3,3,0,false,false,false
match-1482301a-1577,solidaritaet_ueberleben,standard,1,6,2,8,10,20,2,18,true,false,true
match-071cf195-1579,solidaritaet_ueberleben,standard,1,6,5,15,12,32,5,27,true,false,true
match-2dd07104-1583,solidaritaet_ueberleben,standard,1,7,4,0,0,4,4,0,true,true,true
match-206b327f-1585,rudeljaeger,random,0,6,3,6,6,15,3,12,false,false,false
match-206b327f-1585,solidaritaet_ueberleben,standard,1,6,2,8,10,20,2,18,true,false,false
match-99b8833c-1586,solidaritaet_ueberleben,standard,1,6,4,15,12,31,4,27,true,false,true
match-8c5344b7-1588,rudeljaeger,random,0,6,1,4,4,9,1,8,false,false,false
match-8c5344b7-1588,solidaritaet_ueberleben,standard,1,6,5,13,12,30,5,25,true,false,false
match-63656b18-1591,rudeljaeger,random,0,6,2,7,6,15,2,13,false,false,false
match-63656b18-1591,solidaritaet_ueberleben,standard,1,6,4,7,8,19,4,15,true,false,false
match-dcb2dbd5-1592,solidaritaet_ueberleben,standard,1,6,3,10,8,21,3,18,true,true,true
match-56002c93-1593,solidaritaet_ueberleben,standard,1,8,2,6,6,14,2,12,true,false,false
match-cf4d9d50-1594,solidaritaet_ueberleben,standard,1,6,4,11,8,23,4,19,true,false,true
match-3b35af89-1597,solidaritaet_ueberleben,standard,1,6,5,9,8,22,5,17,true,false,false
match-49590c1e-1598,solidaritaet_ueberleben,standard,1,6,5,12,8,25,5,20,true,false,false
match-49590c1e-1598,rudeljaeger,random,0,7,5,16,20,41,5,36,false,false,false
match-9666049d-1602,urzeitliche_kolosse,standard,1,6,2,4,4,10,2,8,false,false,false
match-9666049d-1602,rudeljaeger,standard,0,10,3,3,1,7,3,4,true,false,true
match-0fb3755b-1603,rudeljaeger,standard,0,6,5,9,8,22,5,17,false,false,false
match-0fb3755b-1603,urzeitliche_kolosse,standard,1,10,4,4,6,14,4,10,true,false,false
match-6e36490e-1604,urzeitliche_kolosse,standard,1,6,2,4,4,10,2,8,false,false,false
match-6e36490e-1604,rudeljaeger,standard,0,6,3,11,12,26,3,23,true,false,false
match-e783b9cb-1605,urzeitliche_kolosse,standard,1,6,1,2,0,3,1,2,false,false,false
match-e783b9cb-1605,rudeljaeger,standard,0,9,3,5,5,13,3,10,true,true,true
match-7b9b8793-1606,rudeljaeger,standard,0,6,3,11,13,27,3,24,false,false,false
match-f4e8f850-1607,urzeitliche_kolosse,standard,1,6,2,6,4,12,2,10,false,false,false
match-f4e8f850-1607,rudeljaeger,standard,0,7,2,9,11,22,2,20,true,false,true
match-ccb93cc1-1609,rudeljaeger,standard,0,6,4,11,7,22,4,18,false,false,false
match-ccb93cc1-1609,urzeitliche_kolosse,standard,1,7,4,7,8,19,4,15,true,false,false
match-60d10a89-1610,rudeljaeger,standard,0,6,4,10,9,23,4,19,true,true,true
match-38a14efa-1612,urzeitliche_kolosse,standard,1,6,5,4,2,11,5,6,false,false,false
match-38a14efa-1612,rudeljaeger,standard,0,7,2,8,10,20,2,18,true,false,false
match-46068d7f-1614,rudeljaeger,standard,0,6,4,12,6,22,4,18,true,false,true
match-bf53fe3c-1615,urzeitliche_kolosse,standard,1,6,3,9,8,20,3,17,true,false,false
match-bf53fe3c-1615,rudeljaeger,standard,0,6,3,10,11,24,3,21,false,false,false
match-7add6983-1619,rudeljaeger,standard,0,7,2,7,8,17,2,15,false,false,false
match-e6c59bbb-1622,urzeitliche_kolosse,standard,1,6,2,8,6,16,2,14,false,false,false
match-cbfb1eb1-1626,urzeitliche_kolosse,standard,1,6,3,0,0,3,3,0,true,false,false
match-b13081a7-1630,urzeitliche_kolosse,standard,1,6,3,4,4,11,3,8,true,false,false
match-b2acddc7-1632,urzeitliche_kolosse,standard,1,6,4,0,0,4,4,0,false,false,false
match-b2acddc7-1632,rudeljaeger,standard,0,6,3,12,14,29,3,26,true,true,true
match-c0121c4c-1634,urzeitliche_kolosse,standard,1,6,2,3,2,7,2,5,false,false,false
match-c0121c4c-1634,rudeljaeger,standard,0,6,3,11,12,26,3,23,true,false,false
match-395f6d0a-1635,urzeitliche_kolosse,standard,1,6,1,3,2,6,1,5,false,false,false
match-395f6d0a-1635,rudeljaeger,standard,0,6,1,4,6,11,1,10,true,false,false
match-97e240bd-1636,urzeitliche_kolosse,standard,1,6,2,9,8,19,2,17,true,true,true
match-1e94f000-1639,urzeitliche_kolosse,standard,1,6,4,7,4,15,4,11,true,false,false
match-1e94f000-1639,rudeljaeger,standard,0,8,5,21,21,47,5,42,false,false,false
match-8a7d0238-1642,urzeitliche_kolosse,standard,1,6,2,5,4,11,2,9,true,false,false
match-8a7d0238-1642,rudeljaeger,standard,0,6,3,12,14,29,3,26,false,false,false
match-03ca72f6-1643,rudeljaeger,standard,0,6,4,14,11,29,4,25,false,false,false
match-03ca72f6-1643,urzeitliche_kolosse,standard,1,7,4,6,8,18,4,14,true,false,false
match-972422ad-1649,urzeitliche_kolosse,standard,1,6,2,6,4,12,2,10,true,false,false
match-972422ad-1649,rudeljaeger,standard,0,6,3,10,10,23,3,20,false,false,false
match-c3bb772d-1651,rudeljaeger,standard,0,8,5,18,16,39,5,34,false,false,false
match-c3bb772d-1651,urzeitliche_kolosse,standard,1,10,3,8,8,19,3,16,true,false,false
match-b65638a8-1653,rudeljaeger,standard,0,6,2,4,3,9,2,7,false,false,false
match-2fa38966-1654,rudeljaeger,standard,0,6,1,3,4,8,1,7,false,false,false
match-14d90c5c-1658,urzeitliche_kolosse,standard,1,7,4,3,2,9,4,5,true,false,false
match-0773cdd7-1660,rudeljaeger,standard,0,8,2,4,7,13,2,11,true,true,true
match-eca950cc-1664,urzeitliche_kolosse,standard,1,6,4,13,8,25,4,21,true,false,false
match-65f6a18a-1665,rudeljaeger,standard,0,8,5,3,2,10,5,5,false,false,false
match-65f6a18a-1665,urzeitliche_kolosse,standard,1,9,5,11,12,28,5,23,true,false,false
match-a832dc13-1668,rudeljaeger,standard,0,6,4,4,1,9,4,5,false,false,false
match-a832dc13-1668,urzeitliche_kolosse,standard,1,6,3,13,14,30,3,27,true,false,false
match-21802cd1-1669,rudeljaeger,standard,0,6,3,3,4,10,3,7,false,false,false
match-21802cd1-1669,urzeitliche_kolosse,standard,1,6,5,4,6,15,5,10,true,false,true
match-9acd9d8e-1670,rudeljaeger,standard,0,6,2,6,4,12,2,10,true,true,true
match-06b5afc7-1673,rudeljaeger,standard,0,6,1,4,4,9,1,8,false,false,false
match-06b5afc7-1673,urzeitliche_kolosse,standard,1,6,4,6,8,18,4,14,true,false,false
match-80030084-1674,urzeitliche_kolosse,standard,1,6,3,12,12,27,3,24,false,false,false
match-80030084-1674,rudeljaeger,standard,0,9,4,18,22,44,4,40,false,false,false
match-f9507141-1675,rudeljaeger,standard,0,6,2,7,6,15,2,13,false,false,false
match-f9507141-1675,urzeitliche_kolosse,standard,1,6,3,4,6,13,3,10,true,false,true
match-57d344f5-1680,urzeitliche_kolosse,standard,1,6,4,11,10,25,4,21,false,false,false
match-57d344f5-1680,rudeljaeger,standard,0,15,4,13,13,30,4,26,true,true,true
match-741a1e1f-1682,rudeljaeger,standard,0,6,3,12,11,26,3,23,false,false,false
match-741a1e1f-1682,urzeitliche_kolosse,standard,1,6,3,4,6,13,3,10,true,false,false
match-66b4df9a-1684,urzeitliche_kolosse,standard,1,6,3,11,10,24,3,21,true,false,false
match-e0023057-1685,rudeljaeger,standard,0,6,1,3,4,8,1,7,false,false,false
match-e0023057-1685,urzeitliche_kolosse,standard,1,7,4,8,10,22,4,18,true,false,true
match-4bea4290-1688,rudeljaeger,standard,0,6,3,4,4,11,3,8,false,false,false
match-4bea4290-1688,urzeitliche_kolosse,standard,1,6,5,11,12,28,5,23,true,false,false
match-b7d274c8-1691,rudeljaeger,standard,0,6,3,9,9,21,3,18,false,false,false
match-b7d274c8-1691,urzeitliche_kolosse,standard,1,6,5,9,10,24,5,19,true,false,false
match-311fc586-1692,urzeitliche_kolosse,standard,1,9,3,8,8,19,3,16,false,false,false
match-311fc586-1692,rudeljaeger,standard,0,9,3,9,12,24,3,21,true,true,true
match-aa6d3643-1693,rudeljaeger,standard,0,6,5,8,8,21,5,16,false,false,false
match-aa6d3643-1693,urzeitliche_kolosse,standard,1,7,5,8,10,23,5,18,true,false,false
match-9d07f7be-1695,urzeitliche_kolosse,standard,1,6,4,4,4,12,4,8,true,false,false
match-8fa2b939-1697,rudeljaeger,standard,0,6,4,11,8,23,4,19,false,false,false
match-8fa2b939-1697,urzeitliche_kolosse,standard,1,6,5,8,10,23,5,18,true,false,false
match-58916305-1699,rudeljaeger,standard,0,6,3,3,4,10,3,7,false,false,false
match-be57ff5c-1705,rudeljaeger,aggressive,0,9,2,0,0,2,2,0,true,true,true
match-37a5501a-1706,urzeitliche_kolosse,standard,1,6,1,2,2,5,1,4,false,false,false
match-37a5501a-1706,rudeljaeger,aggressive,0,6,5,14,11,30,5,25,true,false,false
match-6d3a4a2e-1714,rudeljaeger,aggressive,0,6,5,16,12,33,5,28,true,false,true
match-caff1fd1-1716,urzeitliche_kolosse,standard,1,6,0,0,0,0,0,0,false,false,false
match-2981f385-1721,urzeitliche_kolosse,standard,1,6,3,10,8,21,3,18,true,false,true
match-2981f385-1721,rudeljaeger,aggressive,0,7,3,7,8,18,3,15,false,false,false
match-79e16aa3-1725,urzeitliche_kolosse,standard,1,6,2,8,6,16,2,14,false,false,false
match-79e16aa3-1725,rudeljaeger,aggressive,0,7,5,16,15,36,5,31,true,true,true
match-f32edb60-1726,urzeitliche_kolosse,standard,1,6,2,6,2,10,2,8,true,false,false
match-f32edb60-1726,rudeljaeger,aggressive,0,6,1,4,6,11,1,10,false,false,false
match-af7664b7-1733,urzeitliche_kolosse,standard,1,6,2,7,6,15,2,13,false,false,false
match-af7664b7-1733,rudeljaeger,aggressive,0,6,3,7,10,20,3,17,true,false,true
match-28c3d575-1734,urzeitliche_kolosse,standard,1,6,1,4,4,9,1,8,false,false,false
match-28c3d575-1734,rudeljaeger,aggressive,0,9,3,11,10,24,3,21,true,false,false
match-1b5e96f0-1736,urzeitliche_kolosse,standard,1,6,4,4,4,12,4,8,false,false,false
match-1b5e96f0-1736,rudeljaeger,aggressive,0,6,3,11,14,28,3,25,true,false,false
match-0df9586b-1738,rudeljaeger,aggressive,0,6,4,8,7,19,4,15,false,false,false
match-50f39104-1744,rudeljaeger,aggressive,0,6,2,7,8,17,2,15,true,true,true
match-438e527f-1746,urzeitliche_kolosse,standard,1,6,2,8,8,18,2,16,true,false,true
match-bcdba33c-1747,urzeitliche_kolosse,standard,1,6,2,6,4,12,2,10,false,false,false
match-bcdba33c-1747,rudeljaeger,aggressive,0,6,2,7,8,17,2,15,true,false,false
match-a1530822-1748,urzeitliche_kolosse,standard,1,6,1,4,4,9,1,8,false,false,false
match-17b53c0f-1751,rudeljaeger,aggressive,0,6,3,5,5,13,3,10,true,false,true
match-fceabf04-1755,rudeljaeger,aggressive,0,6,3,4,4,11,3,8,false,false,false
match-fceabf04-1755,urzeitliche_kolosse,standard,1,6,5,8,10,23,5,18,true,false,false
match-e16203ea-1760,urzeitliche_kolosse,standard,1,7,2,6,4,12,2,10,true,false,false
match-5aaf74a8-1761,rudeljaeger,aggressive,0,6,3,4,4,11,3,8,false,false,false
match-b932485b-1762,rudeljaeger,aggressive,0,8,3,11,11,25,3,22,false,false,false
match-327fb919-1763,rudeljaeger,aggressive,0,6,2,3,4,9,2,7,false,false,false
match-3fe4f79e-1765,urzeitliche_kolosse,standard,1,6,2,7,4,13,2,11,false,false,false
match-0991df7a-1766,urzeitliche_kolosse,standard,1,6,3,10,8,21,3,18,false,false,false
match-6814b32d-1771,urzeitliche_kolosse,standard,1,6,2,8,6,16,2,14,false,false,false
match-b8742a4b-1775,rudeljaeger,aggressive,0,6,3,9,7,19,3,16,false,false,false
match-b8742a4b-1775,urzeitliche_kolosse,standard,1,6,2,4,6,12,2,10,true,false,false
match-4c8c1813-1776,urzeitliche_kolosse,standard,1,6,3,10,6,19,3,16,false,false,false
match-9da9ad41-1779,rudeljaeger,aggressive,0,6,1,2,2,5,1,4,true,true,true
match-fb6e62e4-1785,rudeljaeger,aggressive,0,6,2,5,2,9,2,7,true,false,false
match-fb6e62e4-1785,urzeitliche_kolosse,standard,1,8,5,3,2,10,5,5,false,false,false
match-59f15698-1786,rudeljaeger,aggressive,0,6,3,4,4,11,3,8,false,false,false
match-59f15698-1786,urzeitliche_kolosse,standard,1,6,4,11,12,27,4,23,true,false,true
match-239e3e74-1791,urzeitliche_kolosse,standard,1,6,2,8,6,16,2,14,true,false,true
match-31037cf9-1793,rudeljaeger,aggressive,0,6,2,5,4,11,2,9,false,false,false
match-08d3a16a-1795,urzeitliche_kolosse,standard,1,6,3,13,8,24,3,21,true,false,false
match-08d3a16a-1795,rudeljaeger,aggressive,0,8,3,11,17,31,3,28,false,false,false
match-1638ffef-1797,rudeljaeger,aggressive,0,6,1,4,4,9,1,8,false,false,false
match-1638ffef-1797,urzeitliche_kolosse,standard,1,6,3,10,8,21,3,18,true,false,false
match-dfe5c7ca-1798,urzeitliche_kolosse,standard,1,6,3,12,10,25,3,22,true,false,false
match-dfe5c7ca-1798,rudeljaeger,aggressive,0,10,2,0,0,2,2,0,false,false,false
match-1dc35a60-1804,urzeitliche_kolosse,control,1,6,2,4,4,10,2,8,true,false,false
match-9710ab1d-1805,urzeitliche_kolosse,control,1,7,3,12,8,23,3,20,true,true,true
match-6e22d17e-1808,urzeitliche_kolosse,control,1,10,3,7,6,16,3,13,true,false,true
match-e770223b-1809,urzeitliche_kolosse,control,1,8,5,11,8,24,5,19,true,true,true
match-7b881003-1810,urzeitliche_kolosse,control,1,6,2,8,6,16,2,14,false,false,false
match-7b881003-1810,rudeljaeger,standard,0,6,2,9,11,22,2,20,true,false,false
match-f4d560c0-1811,urzeitliche_kolosse,control,1,6,2,4,4,10,2,8,false,false,false
match-f4d560c0-1811,rudeljaeger,standard,0,8,5,22,19,46,5,41,true,false,true
match-cd63c341-1816,rudeljaeger,standard,0,6,3,9,7,19,3,16,true,true,true
match-54167284-1819,urzeitliche_kolosse,control,1,6,3,0,0,3,3,0,false,false,false
match-b2994637-1820,rudeljaeger,standard,0,6,2,8,8,18,2,16,true,true,true
match-bffe84bc-1822,urzeitliche_kolosse,control,1,6,3,2,2,7,3,4,false,false,false
match-394bf57a-1823,urzeitliche_kolosse,control,1,6,2,8,8,18,2,16,true,true,true
match-89ab6c98-1827,urzeitliche_kolosse,control,1,8,2,9,8,19,2,17,false,false,false
match-e82e404b-1828,urzeitliche_kolosse,control,1,6,1,4,4,9,1,8,false,false,false
match-e82e404b-1828,rudeljaeger,standard,0,6,1,4,6,11,1,10,true,false,false
match-f5939ed0-1830,urzeitliche_kolosse,control,1,6,1,4,4,9,1,8,true,false,false
match-6ee0ef8e-1831,urzeitliche_kolosse,control,1,7,4,16,10,30,4,26,true,false,false
match-6ee0ef8e-1831,rudeljaeger,standard,0,10,5,10,9,24,5,19,false,false,false
match-6f9f0d9e-1834,urzeitliche_kolosse,control,1,6,4,0,0,4,4,0,true,false,true
match-476f520f-1836,urzeitliche_kolosse,control,1,6,1,4,4,9,1,8,false,false,false
match-476f520f-1836,rudeljaeger,standard,0,6,2,7,10,19,2,17,true,false,false
match-54d49094-1838,urzeitliche_kolosse,control,1,6,2,5,4,11,2,9,false,false,false
match-54d49094-1838,rudeljaeger,standard,0,6,4,14,16,34,4,30,true,false,false
match-ce21e151-1839,urzeitliche_kolosse,control,1,6,3,0,0,3,3,0,true,false,true
match-111c39eb-1841,urzeitliche_kolosse,control,1,6,2,4,4,10,2,8,false,false,false
match-111c39eb-1841,rudeljaeger,standard,0,7,2,4,6,12,2,10,true,true,true
match-a53407b2-1842,urzeitliche_kolosse,control,1,6,2,9,8,19,2,17,true,false,false
match-a53407b2-1842,rudeljaeger,standard,0,6,4,13,13,30,4,26,false,false,false
match-1e817870-1843,urzeitliche_kolosse,control,1,6,1,4,4,9,1,8,true,false,true
match-7d044c23-1844,rudeljaeger,standard,0,6,3,11,11,25,3,22,true,true,true
match-f651bce0-1845,rudeljaeger,standard,0,9,4,12,8,24,4,20,false,false,false
match-8a698aa8-1846,urzeitliche_kolosse,control,1,8,4,5,4,13,4,9,true,false,true
match-8a698aa8-1846,rudeljaeger,standard,0,9,3,13,15,31,3,28,false,false,false
match-2320863c-1850,rudeljaeger,standard,0,6,3,11,10,24,3,21,false,false,false
match-2320863c-1850,urzeitliche_kolosse,control,1,8,4,10,12,26,4,22,true,false,true
match-9c6df6f9-1851,rudeljaeger,standard,0,6,3,5,5,13,3,10,true,false,false
match-8f08b874-1853,rudeljaeger,standard,0,6,3,11,10,24,3,21,true,false,true
match-b7387403-1855,urzeitliche_kolosse,control,1,6,5,10,8,23,5,18,true,false,false
match-b7387403-1855,rudeljaeger,standard,0,7,3,12,13,28,3,25,false,false,false
match-3085c4c1-1856,rudeljaeger,standard,0,9,4,18,19,41,4,37,true,false,false
match-a9d3357e-1857,urzeitliche_kolosse,control,1,6,3,10,8,21,3,18,true,false,false
match-a9d3357e-1857,rudeljaeger,standard,0,8,3,12,13,28,3,25,false,false,false
match-58b58050-1858,rudeljaeger,standard,0,6,3,6,6,15,3,12,true,true,true
match-58b58050-1858,urzeitliche_kolosse,control,1,6,3,8,10,21,3,18,false,false,false
match-d202f10d-1859,rudeljaeger,standard,0,6,3,8,2,13,3,10,false,false,false
match-d202f10d-1859,urzeitliche_kolosse,control,1,6,4,6,8,18,4,14,true,false,false
match-4b5041cb-1860,urzeitliche_kolosse,control,1,6,2,6,4,12,2,10,true,false,true
match-c49db288-1861,urzeitliche_kolosse,control,1,6,3,3,0,6,3,3,true,false,false
match-661aded5-1864,urzeitliche_kolosse,control,1,7,2,7,4,13,2,11,false,false,false
match-df682f92-1865,rudeljaeger,standard,0,6,1,4,4,9,1,8,false,false,false
match-df682f92-1865,urzeitliche_kolosse,control,1,6,2,8,10,20,2,18,true,false,false
match-aa91538e-1868,rudeljaeger,standard,0,6,3,11,10,24,3,21,false,false,false
match-aa91538e-1868,urzeitliche_kolosse,control,1,6,5,8,10,23,5,18,true,false,false
match-23dea44c-1869,rudeljaeger,standard,0,6,1,4,4,9,1,8,true,true,true
match-d2c10f1d-1870,rudeljaeger,standard,0,6,3,0,0,3,3,0,false,false,false
match-d2c10f1d-1870,urzeitliche_kolosse,control,1,6,3,10,10,23,3,20,true,false,true
match-c55bd098-1872,rudeljaeger,standard,0,6,3,10,8,21,3,18,false,false,false
match-3ea92156-1873,rudeljaeger,standard,0,8,5,0,0,5,5,0,true,true,true
match-ed8b8c27-1874,rudeljaeger,standard,0,6,2,6,5,13,2,11,false,false,false
match-ed8b8c27-1874,urzeitliche_kolosse,control,1,6,5,4,6,15,5,10,true,false,false
match-e0264da2-1876,urzeitliche_kolosse,control,1,6,2,6,2,10,2,8,false,false,false
match-e0264da2-1876,rudeljaeger,standard,0,9,5,19,19,43,5,38,true,false,false
match-08560932-1878,rudeljaeger,standard,0,6,2,5,4,11,2,9,false,false,false
match-08560932-1878,urzeitliche_kolosse,control,1,7,4,7,8,19,4,15,true,false,false
match-743e3b6a-1881,rudeljaeger,standard,0,8,2,8,11,21,2,19,true,false,false
match-4ccc9deb-1882,urzeitliche_kolosse,control,1,6,4,4,4,12,4,8,true,true,true
match-3f675f66-1884,rudeljaeger,standard,0,6,3,9,8,20,3,17,false,false,false
match-826197ff-1890,urzeitliche_kolosse,control,1,6,4,3,2,9,4,5,true,false,true
match-fbaee8bc-1891,urzeitliche_kolosse,control,1,6,5,19,14,38,5,33,true,false,false
match-fbaee8bc-1891,rudeljaeger,standard,0,7,4,15,18,37,4,33,false,false,false
match-9d2c1509-1894,rudeljaeger,standard,0,6,2,6,4,12,2,10,true,false,false
match-9d2c1509-1894,urzeitliche_kolosse,control,1,6,2,8,10,20,2,18,false,false,false
match-167965c7-1895,rudeljaeger,standard,0,6,3,9,8,20,3,17,true,false,true
match-e1a289c2-1898,rudeljaeger,standard,0,6,2,9,9,20,2,18,true,false,true
match-5aeffa80-1899,urzeitliche_kolosse,control,1,8,5,9,8,22,5,17,false,false,false
match-5aeffa80-1899,rudeljaeger,standard,0,11,5,16,12,33,5,28,true,false,true
match-88af6db8-1901,urzeitliche_kolosse,standard,1,6,1,2,2,5,1,4,true,true,true
match-607fb229-1907,rudeljaeger,random,0,8,4,12,12,28,4,24,true,true,true
match-531a73a4-1909,urzeitliche_kolosse,standard,1,7,5,4,4,13,5,8,true,false,true
match-cc67c461-1910,urzeitliche_kolosse,standard,1,6,1,4,4,9,1,8,false,false,false
match-7a8c1123-1916,urzeitliche_kolosse,standard,1,6,1,2,2,5,1,4,true,true,true
match-f3d961e0-1917,urzeitliche_kolosse,standard,1,6,2,6,6,14,2,12,true,false,true
match-f3d961e0-1917,rudeljaeger,random,0,7,4,14,16,34,4,30,false,false,false
match-e674235b-1919,urzeitliche_kolosse,standard,1,6,2,6,6,14,2,12,true,false,true
match-5fc19419-1920,urzeitliche_kolosse,standard,1,6,3,0,0,3,3,0,true,false,false
match-5fc19419-1920,rudeljaeger,random,0,8,4,10,6,20,4,16,false,false,false
match-d90ee4d6-1921,urzeitliche_kolosse,standard,1,6,2,2,2,6,2,4,true,true,true
match-44f7170f-1924,urzeitliche_kolosse,standard,1,6,3,2,2,7,3,4,true,false,false
match-44f7170f-1924,rudeljaeger,random,0,7,4,15,13,32,4,28,false,false,false
match-b0df2947-1927,urzeitliche_kolosse,standard,1,8,3,8,4,15,3,12,false,false,false
match-b0df2947-1927,rudeljaeger,random,0,10,5,20,19,44,5,39,false,false,false
match-d850c6c6-1934,urzeitliche_kolosse,standard,1,6,2,4,4,10,2,8,true,false,false
match-d850c6c6-1934,rudeljaeger,random,0,6,3,11,12,26,3,23,false,false,false
match-519e3784-1935,rudeljaeger,random,0,6,4,12,8,24,4,20,false,false,false
match-519e3784-1935,urzeitliche_kolosse,standard,1,8,2,6,8,16,2,14,true,false,true
match-4438f8ff-1937,urzeitliche_kolosse,standard,1,6,1,2,2,5,1,4,true,true,true
match-b0210b37-1940,urzeitliche_kolosse,standard,1,6,1,4,4,9,1,8,true,false,true
match-87f14fa8-1946,urzeitliche_kolosse,standard,1,6,1,4,4,9,1,8,true,false,false
match-32348cae-1951,rudeljaeger,random,0,8,5,16,13,34,5,29,false,false,false
match-3f99cb33-1957,urzeitliche_kolosse,standard,1,6,3,8,6,17,3,14,true,true,true
match-d3b1b8fa-1960,rudeljaeger,random,0,8,3,11,9,23,3,20,true,false,true
match-829403cc-1963,urzeitliche_kolosse,standard,1,6,3,4,4,11,3,8,true,true,true
match-752ec547-1965,urzeitliche_kolosse,standard,1,6,3,7,2,12,3,9,true,true,true
match-4dbd27c8-1972,rudeljaeger,random,0,6,2,4,4,10,2,8,false,false,false
match-4dbd27c8-1972,urzeitliche_kolosse,standard,1,8,4,11,12,27,4,23,true,true,true
match-176a0fa4-1979,urzeitliche_kolosse,standard,1,6,3,6,4,13,3,10,true,false,true
match-835221dc-1980,rudeljaeger,random,0,6,2,7,6,15,2,13,true,true,true
match-088894ff-1983,urzeitliche_kolosse,standard,1,6,2,8,6,16,2,14,true,true,true
match-7470a737-1984,rudeljaeger,random,0,8,3,4,7,14,3,11,false,false,false
match-fb235679-1985,rudeljaeger,random,0,8,2,3,2,7,2,5,false,false,false
match-15edd384-1989,urzeitliche_kolosse,standard,1,6,4,11,6,21,4,17,true,true,true
match-aa05a14b-1992,urzeitliche_kolosse,standard,1,6,3,13,10,26,3,23,true,false,false
match-30b8508e-1993,urzeitliche_kolosse,standard,1,6,3,2,2,7,3,4,false,false,false
match-9d5e80d6-1999,rudeljaeger,random,0,6,2,7,6,15,2,13,true,false,false
match-066f7169-2002,solidaritaet_ueberleben,standard,0,6,4,16,15,35,4,31,false,false,false
match-066f7169-2002,urzeitliche_kolosse,standard,1,8,4,18,22,44,4,40,false,false,false
match-de3fb5d9-2004,solidaritaet_ueberleben,standard,0,9,3,9,10,22,3,19,true,false,false
match-64f2451c-2005,urzeitliche_kolosse,standard,1,6,4,11,10,25,4,21,true,false,true
match-64f2451c-2005,solidaritaet_ueberleben,standard,0,6,3,4,6,13,3,10,false,false,false
match-eba4f45e-2006,urzeitliche_kolosse,standard,1,6,4,13,17,34,4,30,false,false,false
match-725783a1-2007,solidaritaet_ueberleben,standard,0,6,3,7,6,16,3,13,true,true,true
match-c37538cf-2008,solidaritaet_ueberleben,standard,0,6,3,13,13,29,3,26,true,false,false
match-4a27c812-2009,urzeitliche_kolosse,standard,1,6,4,10,14,28,4,24,true,false,false
match-d0da7754-2010,solidaritaet_ueberleben,standard,0,6,5,8,9,22,5,17,false,false,false
match-d0da7754-2010,urzeitliche_kolosse,standard,1,10,5,19,26,50,5,45,true,false,false
match-578d0697-2011,urzeitliche_kolosse,standard,1,7,4,9,14,27,4,23,true,false,false
match-a8aabbc5-2012,urzeitliche_kolosse,standard,1,6,3,9,11,23,3,20,true,false,false
match-b60ffa4a-2014,urzeitliche_kolosse,standard,1,6,3,0,0,3,3,0,false,false,false
match-b60ffa4a-2014,solidaritaet_ueberleben,standard,0,6,4,14,12,30,4,26,true,false,true
match-3cc2898d-2015,urzeitliche_kolosse,standard,1,6,3,6,7,16,3,13,false,false,false
match-3cc2898d-2015,solidaritaet_ueberleben,standard,0,6,4,13,13,30,4,26,true,false,false
match-6434270c-2016,urzeitliche_kolosse,standard,1,6,1,3,5,9,1,8,false,false,false
match-71996591-2018,urzeitliche_kolosse,standard,1,6,2,5,6,13,2,11,false,false,false
match-71996591-2018,solidaritaet_ueberleben,standard,0,7,3,0,0,3,3,0,true,true,true
match-f84c14d3-2019,solidaritaet_ueberleben,standard,0,7,1,3,4,8,1,7,false,false,false
match-f84c14d3-2019,urzeitliche_kolosse,standard,1,8,2,9,12,23,2,21,true,false,false
match-d01c5944-2021,solidaritaet_ueberleben,standard,0,6,5,15,14,34,5,29,true,false,false
match-56cee887-2022,solidaritaet_ueberleben,standard,0,13,5,20,18,43,5,38,true,true,true
match-dd8197c9-2023,urzeitliche_kolosse,standard,1,8,4,0,0,4,4,0,true,true,true
match-2e9f2cf8-2024,urzeitliche_kolosse,standard,1,6,2,5,6,13,2,11,false,false,false
match-2e9f2cf8-2024,solidaritaet_ueberleben,standard,0,7,2,6,7,15,2,13,true,true,true
match-b551dc3a-2025,urzeitliche_kolosse,standard,1,6,3,1,0,4,3,1,false,false,false
match-3c046b7d-2026,urzeitliche_kolosse,standard,1,6,3,0,0,3,3,0,false,false,false
match-3c046b7d-2026,solidaritaet_ueberleben,standard,0,6,4,15,16,35,4,31,true,false,true
match-c2b71abf-2027,solidaritaet_ueberleben,standard,0,9,2,11,12,25,2,23,false,false,false
match-13d4afee-2028,urzeitliche_kolosse,standard,1,9,5,24,28,57,5,52,true,false,false
match-13d4afee-2028,solidaritaet_ueberleben,standard,0,12,5,14,19,38,5,33,false,false,false
match-cf5e3b34-2032,solidaritaet_ueberleben,standard,0,6,3,11,9,23,3,20,true,false,false
match-5610ca77-2033,urzeitliche_kolosse,standard,1,6,3,10,11,24,3,21,true,false,false
match-5610ca77-2033,solidaritaet_ueberleben,standard,0,6,4,7,8,19,4,15,false,false,false
match-dcc379b9-2034,solidaritaet_ueberleben,standard,0,6,5,6,3,14,5,9,false,false,false
match-dcc379b9-2034,urzeitliche_kolosse,standard,1,7,5,12,17,34,5,29,true,false,true
match-637608fc-2035,solidaritaet_ueberleben,standard,0,6,5,3,2,10,5,5,false,false,false
match-b493be2a-2036,solidaritaet_ueberleben,standard,0,9,2,10,9,21,2,19,false,false,false
match-b493be2a-2036,urzeitliche_kolosse,standard,1,12,3,3,2,8,3,5,true,false,true
match-3b464d6d-2037,solidaritaet_ueberleben,standard,0,6,3,12,11,26,3,23,false,false,false
match-3b464d6d-2037,urzeitliche_kolosse,standard,1,8,5,22,25,52,5,47,true,false,false
match-c1f8fcaf-2038,solidaritaet_ueberleben,standard,0,6,2,7,6,15,2,13,false,false,false
match-c1f8fcaf-2038,urzeitliche_kolosse,standard,1,9,4,12,13,29,4,25,true,false,false
match-48ab8bf2-2039,urzeitliche_kolosse,standard,1,6,1,3,5,9,1,8,true,false,false
match-48ab8bf2-2039,solidaritaet_ueberleben,standard,0,6,3,12,14,29,3,26,false,false,false
match-99c92120-2040,solidaritaet_ueberleben,standard,0,6,3,10,9,22,3,19,true,false,false
match-99c92120-2040,urzeitliche_kolosse,standard,1,10,2,0,0,2,2,0,false,false,false
match-207bd063-2041,solidaritaet_ueberleben,standard,0,6,4,12,9,25,4,21,true,false,false
match-207bd063-2041,urzeitliche_kolosse,standard,1,7,4,11,16,31,4,27,false,false,false
match-2de10ee8-2043,urzeitliche_kolosse,standard,1,6,2,5,7,14,2,12,true,false,false
match-2de10ee8-2043,solidaritaet_ueberleben,standard,0,6,4,15,16,35,4,31,false,false,false
match-7efea416-2044,solidaritaet_ueberleben,standard,0,10,4,4,4,12,4,8,true,true,true
match-05b15359-2045,solidaritaet_ueberleben,standard,0,6,2,9,9,20,2,18,true,false,true
match-8c63e29b-2046,solidaritaet_ueberleben,standard,0,6,4,15,14,33,4,29,true,false,true
match-131691de-2047,urzeitliche_kolosse,standard,1,8,3,15,17,35,3,32,true,false,true
match-c13ade9f-2049,urzeitliche_kolosse,standard,1,6,2,3,2,7,2,5,true,false,false
match-c13ade9f-2049,solidaritaet_ueberleben,standard,0,6,4,4,6,14,4,10,false,false,false
match-0e776412-2050,urzeitliche_kolosse,standard,1,6,4,13,12,29,4,25,true,false,false
match-0e776412-2050,solidaritaet_ueberleben,standard,0,8,3,12,11,26,3,23,false,false,false
match-952a1354-2051,solidaritaet_ueberleben,standard,0,7,3,8,7,18,3,15,true,true,true
match-0112258d-2052,solidaritaet_ueberleben,standard,0,6,2,6,8,16,2,14,true,false,false
match-f3ace707-2054,solidaritaet_ueberleben,standard,0,6,3,11,9,23,3,20,false,false,false
match-7a5f964a-2055,urzeitliche_kolosse,standard,1,6,3,12,13,28,3,25,true,false,true
match-e647a882-2056,solidaritaet_ueberleben,standard,0,6,3,11,10,24,3,21,false,false,false
match-e647a882-2056,urzeitliche_kolosse,standard,1,6,3,12,15,30,3,27,true,false,false
match-6cfa57c5-2057,urzeitliche_kolosse,standard,1,6,5,11,11,27,5,22,true,false,false
match-6cfa57c5-2057,solidaritaet_ueberleben,standard,0,8,4,11,12,27,4,23,false,false,false
match-d8e269fd-2058,urzeitliche_kolosse,standard,1,7,2,7,8,17,2,15,true,false,false
match-d8e269fd-2058,solidaritaet_ueberleben,standard,0,7,4,7,8,19,4,15,false,false,false
match-5f951940-2059,solidaritaet_ueberleben,standard,0,6,3,10,9,22,3,19,true,false,false
match-5f951940-2059,urzeitliche_kolosse,standard,1,9,3,9,11,23,3,20,false,false,false
match-cb7d2b78-2060,solidaritaet_ueberleben,standard,0,7,4,14,15,33,4,29,false,false,false
match-522fdabb-2061,urzeitliche_kolosse,standard,1,6,3,12,15,30,3,27,false,false,false
match-522fdabb-2061,solidaritaet_ueberleben,standard,0,9,5,20,22,47,5,42,true,false,false
match-be17ecf3-2062,urzeitliche_kolosse,standard,1,6,5,6,7,18,5,13,true,false,true
match-44ca9c36-2063,solidaritaet_ueberleben,standard,0,6,3,7,8,18,3,15,false,false,false
match-37655db1-2065,urzeitliche_kolosse,standard,1,6,4,8,10,22,4,18,false,false,false
match-37655db1-2065,solidaritaet_ueberleben,standard,0,12,4,16,11,31,4,27,true,true,true
match-79a1783a-2066,solidaritaet_ueberleben,standard,0,6,2,7,7,16,2,14,true,false,false
match-0054077d-2067,solidaritaet_ueberleben,standard,0,6,2,7,8,17,2,15,false,false,false
match-6c3c39b5-2068,solidaritaet_ueberleben,standard,0,6,1,3,4,8,1,7,false,false,false
match-f2eec8f7-2069,solidaritaet_ueberleben,standard,0,6,3,10,7,20,3,17,true,false,false
match-e5898a72-2071,urzeitliche_kolosse,standard,1,6,5,15,23,43,5,38,true,false,true
match-d8244bed-2073,solidaritaet_ueberleben,standard,0,6,3,9,6,18,3,15,false,false,false
match-d8244bed-2073,urzeitliche_kolosse,standard,1,9,5,16,21,42,5,37,true,true,true
match-440c7e26-2074,urzeitliche_kolosse,standard,1,8,5,4,4,13,5,8,true,false,false
match-bd59cee3-2077,urzeitliche_kolosse,standard,1,6,3,11,12,26,3,23,false,false,false
match-2941e11c-2078,solidaritaet_ueberleben,standard,0,6,1,3,2,6,1,5,false,false,false
match-2941e11c-2078,urzeitliche_kolosse,standard,1,11,4,2,4,10,4,6,false,false,false
match-aff4905e-2079,urzeitliche_kolosse,standard,1,6,4,12,16,32,4,28,true,false,false
match-1bdca297-2080,urzeitliche_kolosse,standard,1,6,4,7,8,19,4,15,true,false,false
match-a28f51d9-2081,urzeitliche_kolosse,standard,1,6,4,6,7,17,4,13,false,false,false
match-a28f51d9-2081,solidaritaet_ueberleben,standard,0,10,3,10,8,21,3,18,true,false,false
match-e4cb6c62-2082,urzeitliche_kolosse,standard,1,8,5,4,4,13,5,8,true,false,true
match-6b7e1ba5-2083,solidaritaet_ueberleben,standard,0,6,1,5,5,11,1,10,false,false,false
match-6b7e1ba5-2083,urzeitliche_kolosse,standard,1,9,5,16,20,41,5,36,true,true,true
match-5e18dd20-2085,solidaritaet_ueberleben,standard,0,6,2,8,8,18,2,16,false,false,false
match-ca00ef58-2086,urzeitliche_kolosse,standard,1,6,5,19,26,50,5,45,false,false,false
match-ca00ef58-2086,solidaritaet_ueberleben,standard,0,8,5,18,20,43,5,38,true,true,true
match-35e90191-2091,urzeitliche_kolosse,standard,1,6,3,12,14,29,3,26,true,false,false
match-35e90191-2091,solidaritaet_ueberleben,standard,0,12,4,5,5,14,4,10,false,false,false
match-a1d133c9-2092,urzeitliche_kolosse,standard,1,6,4,15,15,34,4,30,true,false,false
match-a1d133c9-2092,solidaritaet_ueberleben,standard,0,7,4,8,10,22,4,18,false,false,false
match-2883c30c-2093,urzeitliche_kolosse,standard,1,8,3,13,13,29,3,26,true,false,false
match-946bf544-2094,urzeitliche_kolosse,standard,1,8,5,7,8,20,5,15,true,true,true
match-8706b6bf-2096,solidaritaet_ueberleben,standard,0,6,3,11,10,24,3,21,false,false,false
match-4ff5608b-2098,urzeitliche_kolosse,standard,1,6,4,17,19,40,4,36,true,false,true
match-0e71381d-2100,urzeitliche_kolosse,standard,1,6,2,6,8,16,2,14,true,true,true
match-9523c75f-2101,solidaritaet_ueberleben,aggressive,0,6,3,10,8,21,3,18,false,false,false
match-1bd676a2-2102,urzeitliche_kolosse,standard,1,6,2,7,10,19,2,17,false,false,false
match-a28905e4-2103,solidaritaet_ueberleben,aggressive,0,7,4,11,8,23,4,19,false,false,false
match-7a594a55-2105,solidaritaet_ueberleben,aggressive,0,6,3,12,11,26,3,23,false,false,false
match-7a594a55-2105,urzeitliche_kolosse,standard,1,10,4,8,11,23,4,19,true,false,false
match-44063231-2108,urzeitliche_kolosse,standard,1,9,4,8,8,20,4,16,true,false,false
match-44063231-2108,solidaritaet_ueberleben,aggressive,0,10,5,0,0,5,5,0,false,false,false
match-cab8c173-2109,solidaritaet_ueberleben,aggressive,0,11,4,12,8,24,4,20,false,false,false
match-cab8c173-2109,urzeitliche_kolosse,standard,1,14,5,14,17,36,5,31,true,true,true
match-516b70b6-2110,urzeitliche_kolosse,standard,1,6,1,4,4,9,1,8,true,false,false
match-d81e1ff8-2111,urzeitliche_kolosse,standard,1,6,0,0,0,0,0,0,true,false,false
match-293bb527-2112,urzeitliche_kolosse,standard,1,6,4,10,15,29,4,25,true,false,false
match-293bb527-2112,solidaritaet_ueberleben,aggressive,0,9,4,15,16,35,4,31,false,false,false
match-afee4469-2113,solidaritaet_ueberleben,aggressive,0,6,3,9,7,19,3,16,true,false,false
match-36a0f3ac-2114,urzeitliche_kolosse,standard,1,9,4,8,9,21,4,17,true,false,false
match-799b2c45-2116,solidaritaet_ueberleben,aggressive,0,6,4,13,11,28,4,24,true,false,false
match-799b2c45-2116,urzeitliche_kolosse,standard,1,8,3,13,16,32,3,29,false,false,false
match-87006aca-2118,urzeitliche_kolosse,standard,1,6,1,3,4,8,1,7,true,true,true
match-0db31a0d-2119,urzeitliche_kolosse,standard,1,10,5,2,1,8,5,3,true,true,true
match-5ed0af3b-2120,solidaritaet_ueberleben,aggressive,0,11,2,7,6,15,2,13,false,false,false
match-5ed0af3b-2120,urzeitliche_kolosse,standard,1,12,5,7,9,21,5,16,true,false,false
match-e5835e7d-2121,solidaritaet_ueberleben,aggressive,0,6,3,10,10,23,3,20,false,false,false
match-6c35edc0-2122,urzeitliche_kolosse,standard,1,6,3,7,10,20,3,17,true,false,false
match-6c35edc0-2122,solidaritaet_ueberleben,aggressive,0,6,2,9,11,22,2,20,false,false,false
match-f2e89d02-2123,solidaritaet_ueberleben,aggressive,0,7,4,15,15,34,4,30,true,false,false
match-f2e89d02-2123,urzeitliche_kolosse,standard,1,9,5,20,21,46,5,41,false,false,false
match-35e2d59c-2125,urzeitliche_kolosse,standard,1,6,3,9,11,23,3,20,true,false,true
match-43481421-2127,urzeitliche_kolosse,standard,1,6,1,4,4,9,1,8,true,false,false
match-43481421-2127,solidaritaet_ueberleben,aggressive,0,6,4,4,6,14,4,10,false,false,false
match-9465a94f-2128,urzeitliche_kolosse,standard,1,6,3,9,14,26,3,23,false,false,false
match-9465a94f-2128,solidaritaet_ueberleben,aggressive,0,7,2,8,10,20,2,18,true,true,true
match-1b185892-2129,solidaritaet_ueberleben,aggressive,0,7,4,3,4,11,4,7,false,false,false
match-1b185892-2129,urzeitliche_kolosse,standard,1,8,4,15,17,36,4,32,true,false,true
match-287d9717-2131,urzeitliche_kolosse,standard,1,8,3,11,11,25,3,22,true,false,false
match-381d2fcc-2132,urzeitliche_kolosse,standard,1,6,2,5,6,13,2,11,true,false,false
match-becfdf0e-2133,solidaritaet_ueberleben,aggressive,0,6,5,2,0,7,5,2,false,false,false
match-becfdf0e-2133,urzeitliche_kolosse,standard,1,7,4,15,17,36,4,32,true,false,true
match-45826e51-2134,solidaritaet_ueberleben,aggressive,0,9,4,10,12,26,4,22,false,false,false
match-45826e51-2134,urzeitliche_kolosse,standard,1,13,5,12,16,33,5,28,true,false,true
match-cc351d93-2135,urzeitliche_kolosse,standard,1,6,2,4,4,10,2,8,false,false,false
match-cc351d93-2135,solidaritaet_ueberleben,aggressive,0,6,4,12,11,27,4,23,true,false,false
match-1d52b2c2-2136,urzeitliche_kolosse,standard,1,6,3,8,10,21,3,18,true,false,false
match-1d52b2c2-2136,solidaritaet_ueberleben,aggressive,0,6,5,17,18,40,5,35,false,false,false
match-a4054204-2137,urzeitliche_kolosse,standard,1,6,1,4,4,9,1,8,false,false,false
match-a4054204-2137,solidaritaet_ueberleben,aggressive,0,6,4,13,10,27,4,23,true,false,false
match-2ab7f147-2138,urzeitliche_kolosse,standard,1,6,1,4,4,9,1,8,false,false,false
match-b16a8089-2139,urzeitliche_kolosse,standard,1,6,2,6,8,16,2,14,false,false,false
match-6db229e0-2140,urzeitliche_kolosse,standard,1,10,3,9,12,24,3,21,false,false,false
match-6db229e0-2140,solidaritaet_ueberleben,aggressive,0,12,5,15,15,35,5,30,true,false,false
match-7b176865-2142,urzeitliche_kolosse,standard,1,6,1,4,4,9,1,8,false,false,false
match-7b176865-2142,solidaritaet_ueberleben,aggressive,0,7,2,6,8,16,2,14,true,true,true
match-01ca17a8-2143,urzeitliche_kolosse,standard,1,11,5,20,18,43,5,38,true,true,true
match-d99a5c18-2145,urzeitliche_kolosse,standard,1,6,4,9,9,22,4,18,false,false,false
match-d99a5c18-2145,solidaritaet_ueberleben,aggressive,0,6,2,7,10,19,2,17,true,false,false
match-604ceb5b-2146,solidaritaet_ueberleben,aggressive,0,6,4,14,12,30,4,26,true,false,false
match-a34723f4-2148,urzeitliche_kolosse,standard,1,6,3,9,12,24,3,21,false,false,false
match-a34723f4-2148,solidaritaet_ueberleben,aggressive,0,8,4,17,20,41,4,37,true,true,true
match-29f9d337-2149,solidaritaet_ueberleben,aggressive,0,6,5,3,4,12,5,7,false,false,false
match-23de694b-2150,urzeitliche_kolosse,standard,1,6,4,13,15,32,4,28,false,false,false
match-23de694b-2150,solidaritaet_ueberleben,aggressive,0,7,5,16,15,36,5,31,true,false,false
match-aa91188d-2151,urzeitliche_kolosse,standard,1,6,2,5,8,15,2,13,true,true,true
match-16792ac6-2152,solidaritaet_ueberleben,aggressive,0,6,2,6,5,13,2,11,true,false,false
match-16792ac6-2152,urzeitliche_kolosse,standard,1,6,4,11,15,30,4,26,false,false,false
match-0913ec41-2154,urzeitliche_kolosse,standard,1,10,4,9,11,24,4,20,false,false,false
match-0913ec41-2154,solidaritaet_ueberleben,aggressive,0,12,4,8,10,22,4,18,false,false,false
match-fbaeadbb-2156,solidaritaet_ueberleben,aggressive,0,6,2,8,8,18,2,16,true,false,false
match-fbaeadbb-2156,urzeitliche_kolosse,standard,1,6,3,12,16,31,3,28,false,false,false
match-82615cfe-2157,solidaritaet_ueberleben,aggressive,0,6,3,10,8,21,3,18,true,false,false
match-5973635f-2158,solidaritaet_ueberleben,aggressive,0,7,2,8,6,16,2,14,true,true,true
match-e02612a1-2159,solidaritaet_ueberleben,aggressive,0,6,1,5,5,11,1,10,true,false,false
match-e02612a1-2159,urzeitliche_kolosse,standard,1,6,3,12,16,31,3,28,false,false,false
match-4c0e24da-2160,solidaritaet_ueberleben,aggressive,0,9,4,14,7,25,4,21,false,false,false
match-4c0e24da-2160,urzeitliche_kolosse,standard,1,14,4,10,14,28,4,24,true,true,true
match-3ea8e655-2162,solidaritaet_ueberleben,aggressive,0,6,2,8,8,18,2,16,false,false,false
match-c55b9597-2163,solidaritaet_ueberleben,aggressive,0,6,2,5,2,9,2,7,true,false,false
match-c55b9597-2163,urzeitliche_kolosse,standard,1,6,4,10,12,26,4,22,false,false,false
match-b7f65712-2165,solidaritaet_ueberleben,aggressive,0,6,1,3,2,6,1,5,false,false,false
match-b7f65712-2165,urzeitliche_kolosse,standard,1,6,4,16,20,40,4,36,true,false,false
match-8f087d73-2166,urzeitliche_kolosse,standard,1,6,4,15,18,37,4,33,true,false,false
match-81a33eee-2168,urzeitliche_kolosse,standard,1,6,4,15,16,35,4,31,true,false,false
match-0855ce31-2169,urzeitliche_kolosse,standard,1,6,3,15,19,37,3,34,true,false,false
match-0855ce31-2169,solidaritaet_ueberleben,aggressive,0,13,4,14,17,35,4,31,false,false,false
match-66d8a1e4-2172,solidaritaet_ueberleben,aggressive,0,6,2,6,4,12,2,10,true,false,true
match-ed8b5126-2173,solidaritaet_ueberleben,aggressive,0,6,3,10,10,23,3,20,false,false,false
match-ed8b5126-2173,urzeitliche_kolosse,standard,1,6,3,11,14,28,3,25,true,false,false
match-b7383902-2176,solidaritaet_ueberleben,aggressive,0,6,3,12,11,26,3,23,true,false,false
match-b7383902-2176,urzeitliche_kolosse,standard,1,9,5,19,24,48,5,43,false,false,false
match-a9d2fa7d-2178,urzeitliche_kolosse,standard,1,6,4,11,15,30,4,26,true,false,false
match-a9d2fa7d-2178,solidaritaet_ueberleben,aggressive,0,10,4,0,0,4,4,0,false,false,false
match-308589c0-2179,urzeitliche_kolosse,standard,1,6,3,12,11,26,3,23,true,false,true
match-23204b3b-2181,urzeitliche_kolosse,standard,1,6,4,16,19,39,4,35,true,false,false
match-23204b3b-2181,solidaritaet_ueberleben,aggressive,0,7,5,12,10,27,5,22,false,false,false
match-4d8a60fa-2182,solidaritaet_ueberleben,aggressive,0,6,1,5,5,11,1,10,false,false,false
match-4d8a60fa-2182,urzeitliche_kolosse,standard,1,6,3,10,12,25,3,22,true,false,false
match-d43d103c-2183,urzeitliche_kolosse,standard,1,6,4,14,19,37,4,33,false,false,false
match-c6d7d1b7-2185,solidaritaet_ueberleben,aggressive,0,6,2,5,4,11,2,9,false,false,false
match-c6d7d1b7-2185,urzeitliche_kolosse,standard,1,6,3,10,10,23,3,20,true,false,false
match-32bfe3f0-2186,solidaritaet_ueberleben,aggressive,0,6,3,3,4,10,3,7,false,false,false
match-b9729332-2187,urzeitliche_kolosse,standard,1,6,4,13,17,34,4,30,true,false,false
match-b9729332-2187,solidaritaet_ueberleben,aggressive,0,8,4,8,9,21,4,17,false,false,false
match-255aa56b-2188,solidaritaet_ueberleben,aggressive,0,6,2,8,7,17,2,15,false,false,false
match-75ba3c89-2192,solidaritaet_ueberleben,aggressive,0,6,2,7,6,15,2,13,false,false,false
match-75ba3c89-2192,urzeitliche_kolosse,standard,1,6,4,14,21,39,4,35,true,false,false
match-fc6ccbcb-2193,solidaritaet_ueberleben,aggressive,0,6,3,9,6,18,3,15,true,false,true
match-fc6ccbcb-2193,urzeitliche_kolosse,standard,1,6,4,7,10,21,4,17,false,false,false
match-5aefbf7f-2196,solidaritaet_ueberleben,aggressive,0,6,2,7,6,15,2,13,false,false,false
match-5aefbf7f-2196,urzeitliche_kolosse,standard,1,6,5,15,19,39,5,34,true,false,false
match-e1a24ec1-2197,solidaritaet_ueberleben,aggressive,0,6,2,7,6,15,2,13,true,false,true
match-b8b47522-2198,urzeitliche_kolosse,standard,1,6,5,10,11,26,5,21,true,false,true
match-3f670465-2199,solidaritaet_ueberleben,aggressive,0,6,3,10,8,21,3,18,true,false,false
match-3f670465-2199,urzeitliche_kolosse,standard,1,9,5,14,18,37,5,32,false,false,false
match-5378dc9e-2200,solidaritaet_ueberleben,standard,0,10,3,16,12,31,3,28,true,false,false
match-5378dc9e-2200,urzeitliche_kolosse,control,1,14,5,11,16,32,5,27,false,false,false
match-ccc62d5b-2201,solidaritaet_ueberleben,standard,0,7,1,3,2,6,1,5,true,true,true
match-da2b6be0-2203,solidaritaet_ueberleben,standard,0,6,4,13,12,29,4,25,false,false,false
match-38ae5f94-2204,solidaritaet_ueberleben,standard,0,6,3,12,11,26,3,23,false,false,false
match-38ae5f94-2204,urzeitliche_kolosse,control,1,7,5,18,29,52,5,47,true,false,false
match-b1fbb051-2205,urzeitliche_kolosse,control,1,6,5,12,13,30,5,25,true,false,true
match-b1fbb051-2205,solidaritaet_ueberleben,standard,0,7,3,9,11,23,3,20,false,false,false
match-46139e19-2206,urzeitliche_kolosse,control,1,6,3,0,0,3,3,0,false,false,false
match-46139e19-2206,solidaritaet_ueberleben,standard,0,6,4,12,11,27,4,23,true,false,false
match-1de3c28a-2208,urzeitliche_kolosse,control,1,6,1,4,4,9,1,8,false,false,false
match-1de3c28a-2208,solidaritaet_ueberleben,standard,0,6,4,13,14,31,4,27,true,false,false
match-97313347-2209,solidaritaet_ueberleben,standard,0,6,3,12,12,27,3,24,false,false,false
match-a49671cc-2211,urzeitliche_kolosse,control,1,6,2,6,8,16,2,14,false,false,false
match-a49671cc-2211,solidaritaet_ueberleben,standard,0,6,4,7,10,21,4,17,true,false,false
match-7c66b63d-2213,urzeitliche_kolosse,control,1,6,2,6,10,18,2,16,false,false,false
match-7c66b63d-2213,solidaritaet_ueberleben,standard,0,8,4,19,16,39,4,35,true,true,true
match-107e8405-2214,urzeitliche_kolosse,control,1,6,2,6,10,18,2,16,true,false,false
match-107e8405-2214,solidaritaet_ueberleben,standard,0,10,4,3,1,8,4,4,false,false,false
match-bea2d0c6-2216,urzeitliche_kolosse,control,1,6,1,4,4,9,1,8,true,false,true
match-37f02184-2217,solidaritaet_ueberleben,standard,0,6,3,11,10,24,3,21,true,false,false
match-37f02184-2217,urzeitliche_kolosse,control,1,9,5,0,0,5,5,0,false,false,false
match-cc080f4b-2218,urzeitliche_kolosse,control,1,6,1,4,4,9,1,8,false,false,false
match-cc080f4b-2218,solidaritaet_ueberleben,standard,0,6,3,12,13,28,3,25,true,false,false
match-45556009-2219,urzeitliche_kolosse,control,1,6,3,0,0,3,3,0,false,false,false
match-45556009-2219,solidaritaet_ueberleben,standard,0,7,5,15,16,36,5,31,true,true,true
match-a3d853bc-2220,urzeitliche_kolosse,control,1,9,5,18,22,45,5,40,true,true,true
match-1d25a47a-2221,urzeitliche_kolosse,control,1,6,3,10,11,24,3,21,false,false,false
match-b13d9241-2222,solidaritaet_ueberleben,standard,0,7,3,0,0,3,3,0,true,true,true
match-2a8ae2ff-2223,urzeitliche_kolosse,control,1,6,4,5,9,18,4,14,false,false,false
match-2a8ae2ff-2223,solidaritaet_ueberleben,standard,0,6,3,13,15,31,3,28,true,false,false
match-96731537-2226,urzeitliche_kolosse,control,1,6,2,6,10,18,2,16,true,false,false
match-6e4359a8-2228,solidaritaet_ueberleben,standard,0,6,4,4,4,12,4,8,true,false,true
match-7ba8982d-2230,solidaritaet_ueberleben,standard,0,6,4,3,4,11,4,7,false,false,false
match-f4f5e8ea-2231,urzeitliche_kolosse,control,1,6,5,11,18,34,5,29,true,false,false
match-f4f5e8ea-2231,solidaritaet_ueberleben,standard,0,7,3,11,12,26,3,23,false,false,false
match-7d24d44d-2232,urzeitliche_kolosse,control,1,6,2,5,6,13,2,11,true,true,true
match-f672250a-2233,solidaritaet_ueberleben,standard,0,6,3,12,13,28,3,25,true,false,false
match-8a8a12d2-2234,solidaritaet_ueberleben,standard,0,7,2,8,9,19,2,17,false,false,false
match-03d76390-2235,solidaritaet_ueberleben,standard,0,6,3,7,8,18,3,15,false,false,false
match-625a5743-2236,urzeitliche_kolosse,control,1,6,3,6,10,19,3,16,true,true,true
match-dba7a800-2237,urzeitliche_kolosse,control,1,6,3,3,8,14,3,11,false,false,false
match-dba7a800-2237,solidaritaet_ueberleben,standard,0,6,3,10,11,24,3,21,true,false,false
match-e90ce685-2239,solidaritaet_ueberleben,standard,0,6,4,9,7,20,4,16,true,true,true
match-478fda39-2240,solidaritaet_ueberleben,standard,0,6,5,4,4,13,5,8,true,false,false
match-c0dd2af6-2241,solidaritaet_ueberleben,standard,0,7,3,13,13,29,3,26,false,false,false
match-54f518be-2242,solidaritaet_ueberleben,standard,0,7,3,12,13,28,3,25,false,false,false
match-54f518be-2242,urzeitliche_kolosse,control,1,8,5,16,25,46,5,41,true,false,false
match-ce42697b-2243,urzeitliche_kolosse,control,1,6,1,4,4,9,1,8,false,false,false
match-ce42697b-2243,solidaritaet_ueberleben,standard,0,6,5,4,6,15,5,10,true,false,false
match-2cc55d2f-2244,urzeitliche_kolosse,control,1,7,5,20,21,46,5,41,true,false,true
match-a612adec-2245,urzeitliche_kolosse,control,1,6,2,7,8,17,2,15,true,false,true
match-b377ec71-2247,urzeitliche_kolosse,control,1,6,2,6,8,16,2,14,true,false,false
match-619c3933-2249,solidaritaet_ueberleben,standard,0,6,2,8,7,17,2,15,false,false,false
match-619c3933-2249,urzeitliche_kolosse,control,1,12,4,9,11,24,4,20,true,false,false
match-920b9c46-2250,solidaritaet_ueberleben,standard,0,6,2,7,6,15,2,13,true,false,true
match-84a65dc1-2252,solidaritaet_ueberleben,standard,0,6,2,9,9,20,2,18,true,false,false
match-fdf3ae7e-2253,solidaritaet_ueberleben,standard,0,7,5,9,7,21,5,16,true,true,true
match-acd61950-2254,solidaritaet_ueberleben,standard,0,6,2,7,6,15,2,13,true,false,false
match-acd61950-2254,urzeitliche_kolosse,control,1,6,4,16,22,42,4,38,false,false,false
match-26236a0e-2255,solidaritaet_ueberleben,standard,0,6,3,12,11,26,3,23,true,false,false
match-26236a0e-2255,urzeitliche_kolosse,control,1,12,4,15,15,34,4,30,false,false,false
match-9f70dacb-2256,urzeitliche_kolosse,control,1,11,2,7,8,17,2,15,false,false,false
match-9f70dacb-2256,solidaritaet_ueberleben,standard,0,11,2,4,6,12,2,10,true,true,true
match-18be2b89-2257,urzeitliche_kolosse,control,1,6,4,9,7,20,4,16,true,false,false
match-18be2b89-2257,solidaritaet_ueberleben,standard,0,12,4,9,8,21,4,17,false,false,false
match-5c768232-2258,solidaritaet_ueberleben,standard,0,6,4,12,8,24,4,20,false,false,false
match-5c768232-2258,urzeitliche_kolosse,control,1,15,3,0,0,3,3,0,true,false,true
match-d5c3f2ef-2259,solidaritaet_ueberleben,standard,0,8,1,3,2,6,1,5,true,true,true
match-4f1143ad-2260,solidaritaet_ueberleben,standard,0,8,5,18,18,41,5,36,true,false,false
match-4f1143ad-2260,urzeitliche_kolosse,control,1,11,3,0,0,3,3,0,false,false,false
match-c85eb46a-2261,solidaritaet_ueberleben,standard,0,6,2,5,5,12,2,10,false,false,false
match-c85eb46a-2261,urzeitliche_kolosse,control,1,6,5,4,6,15,5,10,true,false,false
match-77411f3c-2262,urzeitliche_kolosse,control,1,6,3,6,7,16,3,13,true,false,false
match-f08e6ff9-2263,solidaritaet_ueberleben,standard,0,7,2,4,3,9,2,7,false,false,false
match-f08e6ff9-2263,urzeitliche_kolosse,control,1,9,5,0,0,5,5,0,true,true,true
match-69dbc0b7-2264,urzeitliche_kolosse,control,1,6,5,6,7,18,5,13,true,false,true
match-e3293174-2265,urzeitliche_kolosse,control,1,6,4,14,16,34,4,30,true,false,false
match-fd35906e-2266,solidaritaet_ueberleben,standard,0,6,1,4,4,9,1,8,true,true,true
match-7682e12c-2267,solidaritaet_ueberleben,standard,0,6,2,9,9,20,2,18,true,false,false
match-efd051e9-2268,solidaritaet_ueberleben,standard,0,6,4,4,4,12,4,8,false,false,false
match-691da2a7-2269,solidaritaet_ueberleben,standard,0,6,4,14,12,30,4,26,true,false,false
match-0a9acef4-2272,solidaritaet_ueberleben,standard,0,6,1,3,2,6,1,5,false,false,false
match-0a9acef4-2272,urzeitliche_kolosse,control,1,6,3,9,10,22,3,19,true,false,false
match-83e83fb1-2273,solidaritaet_ueberleben,standard,0,6,2,7,8,17,2,15,false,false,false
match-c7a0965a-2274,solidaritaet_ueberleben,standard,0,6,2,8,9,19,2,17,true,false,false
match-ba3b57d5-2276,solidaritaet_ueberleben,standard,0,6,3,9,7,19,3,16,true,false,false
match-ba3b57d5-2276,urzeitliche_kolosse,control,1,10,5,5,5,15,5,10,false,false,false
match-3388a893-2277,solidaritaet_ueberleben,standard,0,6,2,7,8,17,2,15,true,false,false
match-3388a893-2277,urzeitliche_kolosse,control,1,10,4,3,3,10,4,6,false,false,false
match-e26b1364-2278,urzeitliche_kolosse,control,1,6,3,13,13,29,3,26,false,false,false
match-e26b1364-2278,solidaritaet_ueberleben,standard,0,8,3,12,17,32,3,29,true,false,false
match-5bb86422-2279,urzeitliche_kolosse,control,1,8,5,23,30,58,5,53,true,false,false
match-5bb86422-2279,solidaritaet_ueberleben,standard,0,10,5,9,8,22,5,17,false,false,false
match-d505d4df-2280,solidaritaet_ueberleben,standard,0,8,4,16,15,35,4,31,false,false,false
match-d505d4df-2280,urzeitliche_kolosse,control,1,8,3,13,16,32,3,29,true,false,false
match-4e53259d-2281,solidaritaet_ueberleben,standard,0,7,4,7,11,22,4,18,false,false,false
match-4e53259d-2281,urzeitliche_kolosse,control,1,9,5,18,23,46,5,41,false,false,false
match-3504e4b3-2283,urzeitliche_kolosse,control,1,6,4,15,15,34,4,30,true,false,false
match-3504e4b3-2283,solidaritaet_ueberleben,standard,0,8,4,14,15,33,4,29,false,false,false
match-ae525570-2284,solidaritaet_ueberleben,standard,0,6,3,10,10,23,3,20,true,false,false
match-279fa62e-2285,solidaritaet_ueberleben,standard,0,6,3,11,10,24,3,21,true,false,false
match-279fa62e-2285,urzeitliche_kolosse,control,1,6,5,7,11,23,5,18,false,false,false
match-d68210ff-2286,solidaritaet_ueberleben,standard,0,6,2,8,8,18,2,16,false,false,false
match-4fcf61bd-2287,solidaritaet_ueberleben,standard,0,13,3,11,7,21,3,18,true,true,true
match-426a2338-2289,urzeitliche_kolosse,control,1,6,4,18,19,41,4,37,true,false,false
match-862299e1-2290,urzeitliche_kolosse,control,1,6,4,17,19,40,4,36,true,false,false
match-78bd5b5c-2292,urzeitliche_kolosse,control,1,6,4,11,12,27,4,23,false,false,false
match-1a3a67a9-2295,urzeitliche_kolosse,control,1,12,3,0,0,3,3,0,false,false,false
match-0cd52924-2297,urzeitliche_kolosse,control,1,6,5,2,2,9,5,4,false,false,false
match-0cd52924-2297,solidaritaet_ueberleben,standard,0,8,4,16,21,41,4,37,true,false,false
match-26e1881e-2298,solidaritaet_ueberleben,standard,0,6,2,8,8,18,2,16,true,true,true
match-a02ef8db-2299,solidaritaet_ueberleben,standard,0,6,3,11,9,23,3,20,true,false,false
match-a02ef8db-2299,urzeitliche_kolosse,control,1,6,2,4,6,12,2,10,false,false,false
match-d8319788-2300,urzeitliche_kolosse,standard,1,6,2,5,8,15,2,13,true,true,true
match-4419a9c1-2303,urzeitliche_kolosse,standard,1,6,3,5,7,15,3,12,true,false,false
match-4419a9c1-2303,solidaritaet_ueberleben,random,0,6,3,12,13,28,3,25,false,false,false
match-f2fc1492-2304,solidaritaet_ueberleben,random,0,6,5,9,9,23,5,18,false,false,false
match-f2fc1492-2304,urzeitliche_kolosse,standard,1,9,4,16,19,39,4,35,true,false,false
match-6c496550-2305,urzeitliche_kolosse,standard,1,6,2,3,5,10,2,8,true,true,true
match-a29c9d74-2308,urzeitliche_kolosse,standard,1,6,4,8,11,23,4,19,true,false,false
match-a29c9d74-2308,solidaritaet_ueberleben,random,0,6,5,11,12,28,5,23,false,false,false
match-1be9ee32-2309,urzeitliche_kolosse,standard,1,6,3,7,9,19,3,16,true,false,false
match-95375eef-2310,urzeitliche_kolosse,standard,1,8,3,5,9,17,3,14,true,true,true
match-95375eef-2310,solidaritaet_ueberleben,random,0,8,4,13,17,34,4,30,false,false,false
match-0e84afad-2311,urzeitliche_kolosse,standard,1,6,1,1,3,5,1,4,true,true,true
match-36b46b3c-2313,solidaritaet_ueberleben,random,0,6,5,18,16,39,5,34,false,false,false
match-5fa244db-2318,solidaritaet_ueberleben,random,0,6,5,18,17,40,5,35,true,false,false
match-87d2006a-2320,solidaritaet_ueberleben,random,0,7,3,7,8,18,3,15,false,false,false
match-87d2006a-2320,urzeitliche_kolosse,standard,1,7,5,14,17,36,5,31,true,false,false
match-a35abb84-2327,urzeitliche_kolosse,standard,1,6,1,1,3,5,1,4,true,false,false
match-a35abb84-2327,solidaritaet_ueberleben,random,0,7,4,4,4,12,4,8,false,false,false
match-44d7c7d1-2330,urzeitliche_kolosse,standard,1,6,2,3,4,9,2,7,true,false,true
match-be25388e-2331,urzeitliche_kolosse,standard,1,6,4,10,12,26,4,22,true,false,true
match-27d2f097-2333,solidaritaet_ueberleben,random,0,7,4,11,6,21,4,17,false,false,false
match-bbeade5e-2338,solidaritaet_ueberleben,random,0,9,3,10,8,21,3,18,false,false,false
match-f23df682-2341,urzeitliche_kolosse,standard,1,6,2,6,6,14,2,12,false,false,false
match-f23df682-2341,solidaritaet_ueberleben,random,0,8,5,8,11,24,5,19,true,false,false
match-e4d8b7fd-2343,solidaritaet_ueberleben,random,0,6,5,13,14,32,5,27,false,false,false
match-93bb02cf-2344,urzeitliche_kolosse,standard,1,6,5,8,4,17,5,12,true,false,false
match-93bb02cf-2344,solidaritaet_ueberleben,random,0,10,5,22,22,49,5,44,false,false,false
match-0d08738d-2345,urzeitliche_kolosse,standard,1,6,3,10,10,23,3,20,true,false,true
match-8655c44a-2346,urzeitliche_kolosse,standard,1,10,4,15,20,39,4,35,true,true,true
match-bca8fc6e-2349,urzeitliche_kolosse,standard,1,6,3,5,10,18,3,15,true,true,true
match-242995b6-2352,urzeitliche_kolosse,standard,1,6,3,12,13,28,3,25,true,false,false
match-242995b6-2352,solidaritaet_ueberleben,random,0,7,5,11,11,27,5,22,false,false,false
match-aadc24f8-2355,solidaritaet_ueberleben,random,0,7,3,12,11,26,3,23,false,false,false
match-aadc24f8-2355,urzeitliche_kolosse,standard,1,11,4,13,18,35,4,31,true,true,true
match-3ef412c0-2356,urzeitliche_kolosse,standard,1,6,5,7,7,19,5,14,true,true,true
match-e12f5d1c-2358,urzeitliche_kolosse,standard,1,6,3,8,11,22,3,19,true,true,true
match-67e1ec5f-2361,solidaritaet_ueberleben,random,0,6,4,15,13,32,4,28,false,false,false
match-fbf9da26-2362,urzeitliche_kolosse,standard,1,6,2,8,8,18,2,16,true,false,true
match-095f18ac-2364,urzeitliche_kolosse,standard,1,6,4,10,11,25,4,21,true,true,true
match-b8ff818d-2368,urzeitliche_kolosse,standard,1,6,3,8,9,20,3,17,true,true,true
match-0a1d36bc-2379,urzeitliche_kolosse,standard,1,8,4,10,11,25,4,21,true,true,true
match-ed185f81-2382,urzeitliche_kolosse,standard,1,6,5,0,0,5,5,0,true,false,false
match-6665b03f-2383,solidaritaet_ueberleben,random,0,6,3,9,6,18,3,15,false,false,false
match-6665b03f-2383,urzeitliche_kolosse,standard,1,6,3,10,14,27,3,24,true,false,false
match-15481b11-2388,urzeitliche_kolosse,standard,1,6,4,14,19,37,4,33,true,true,true
match-4b9b3335-2395,solidaritaet_ueberleben,random,0,6,5,15,11,31,5,26,false,false,false
match-81ee4b59-2398,urzeitliche_kolosse,standard,1,7,2,6,4,12,2,10,true,false,true
match-81ee4b59-2398,solidaritaet_ueberleben,random,0,8,4,4,6,14,4,10,false,false,false
